# decimated by robomaster_gui_node/tools/decimate_obj.py
v -0.11529 -0.02291 -0.00696
v -0.11553 -0.02293 -0.00407
v -0.11561 -0.02296 -0.00117
v -0.11566 -0.02293 0.00173
v -0.11548 -0.02293 0.00463
v -0.11529 -0.02285 0.00753
v -0.11548 -0.02269 -0.00699
v -0.11576 -0.02250 -0.00489
v -0.11580 -0.02269 -0.00409
v -0.11595 -0.02269 -0.00117
v -0.11600 -0.02250 0.00001
v -0.11593 -0.02269 0.00174
v -0.11575 -0.02269 0.00465
v -0.11576 -0.02250 0.00491
v -0.11540 -0.02269 0.00755
v -0.11576 -0.02050 -0.00489
v -0.11600 -0.02050 0.00001
v -0.11576 -0.02050 0.00491
v -0.11417 -0.02291 -0.01266
v -0.11472 -0.02294 -0.00981
v -0.11502 -0.02300 -0.00692
v -0.11504 -0.02298 0.00749
v -0.11462 -0.02293 0.01037
v -0.11410 -0.02285 0.01323
v -0.11435 -0.02269 -0.01271
v -0.11503 -0.02258 -0.00980
v -0.11498 -0.02258 0.01004
v -0.11421 -0.02269 0.01326
v -0.11506 -0.02050 -0.00975
v -0.11506 -0.02050 0.00977
v -0.11296 -0.02569 0.01433
v -0.11318 -0.02575 0.01530
v -0.11311 -0.02574 0.01641
v -0.11328 -0.02294 -0.01543
v -0.11390 -0.02300 -0.01259
v -0.11385 -0.02298 0.01316
v -0.11302 -0.02300 0.01430
v -0.11335 -0.02300 0.01547
v -0.11313 -0.02295 0.01614
v -0.11372 -0.02260 -0.01501
v -0.11389 -0.02250 0.01453
v -0.11337 -0.02269 0.01605
v -0.11389 -0.02050 -0.01451
v -0.11389 -0.02050 0.01453
v -0.11292 -0.01950 -0.00277
v -0.11289 -0.01950 0.00320
v -0.11295 -0.01879 -0.00226
v -0.11292 -0.01879 0.00269
v -0.11295 -0.01750 -0.00226
v -0.11300 -0.01750 -0.00027
v -0.11292 -0.01750 0.00269
v -0.11300 0.01050 -0.00027
v -0.11172 -0.02560 0.01304
v -0.11218 -0.02580 0.01361
v -0.11269 -0.02598 0.01459
v -0.11272 -0.02600 0.01651
v -0.11232 -0.02294 -0.01816
v -0.11224 -0.02300 0.01335
v -0.11216 -0.02295 0.01877
v -0.11240 -0.02258 -0.01878
v -0.11231 -0.02258 0.01901
v -0.11227 -0.02050 -0.01914
v -0.11191 -0.02050 -0.00284
v -0.11189 -0.02050 0.00314
v -0.11226 -0.02050 0.01916
v -0.11191 -0.01950 -0.01017
v -0.11252 -0.01950 -0.00677
v -0.11173 -0.02000 -0.00235
v -0.11172 -0.02000 0.00263
v -0.11258 -0.01950 0.00634
v -0.11198 -0.01950 0.00983
v -0.11246 0.01050 -0.00720
v -0.11253 0.01050 0.00667
v -0.11208 0.01050 0.00936
v -0.11177 0.01150 -0.00461
v -0.11200 0.01150 -0.00000
v -0.11177 0.01150 0.00461
v -0.11114 -0.02574 0.01290
v -0.11103 -0.02600 0.01328
v -0.11128 -0.02580 0.02095
v -0.11120 -0.02294 -0.02084
v -0.11116 -0.02300 0.01280
v -0.11106 -0.02295 0.02136
v -0.11045 -0.02291 0.02213
v -0.11145 -0.02269 -0.02095
v -0.11123 -0.02260 0.02148
v -0.11066 -0.02261 0.02229
v -0.11083 -0.02050 -0.01042
v -0.11155 -0.02050 -0.00651
v -0.11146 -0.02050 0.00709
v -0.11113 -0.02050 0.00901
v -0.11070 -0.02050 0.01099
v -0.11125 -0.02050 0.02149
v -0.11065 -0.02050 0.02235
v -0.11146 -0.01950 -0.01205
v -0.11091 -0.01950 -0.00141
v -0.11135 -0.01950 -0.00077
v -0.11136 -0.01950 0.00059
v -0.11072 -0.01950 0.00159
v -0.11106 -0.01950 0.01351
v -0.11058 -0.01950 0.01505
v -0.11091 -0.01750 -0.00141
v -0.11135 -0.01750 -0.00077
v -0.11140 -0.01750 0.00047
v -0.11072 -0.01750 0.00159
v -0.11092 0.01050 -0.01398
v -0.11107 0.01050 0.01347
v -0.11110 0.01150 -0.00917
v -0.11110 0.01150 0.00917
v -0.10937 -0.02569 0.02502
v -0.10941 -0.02293 -0.02418
v -0.10993 -0.02294 -0.02345
v -0.10980 -0.02298 0.02243
v -0.10943 -0.02285 0.02293
v -0.10982 -0.02300 0.02433
v -0.10956 -0.02257 -0.02442
v -0.11020 -0.02260 -0.02359
v -0.11001 -0.02269 0.02279
v -0.10964 -0.02256 0.02298
v -0.10947 -0.02050 -0.02452
v -0.11021 -0.02050 -0.02360
v -0.10979 -0.02050 -0.01425
v -0.11034 -0.02050 -0.01238
v -0.10946 -0.02050 -0.00966
v -0.10990 -0.02050 -0.00737
v -0.10984 -0.02050 -0.00617
v -0.10932 -0.02050 -0.00498
v -0.10996 -0.02050 -0.00297
v -0.10941 -0.02050 0.00300
v -0.10959 -0.02050 0.00545
v -0.10989 -0.02050 0.00646
v -0.10987 -0.02050 0.00752
v -0.10946 -0.02050 0.00966
v -0.10961 -0.02050 0.01481
v -0.10955 -0.02050 0.02304
v -0.10935 -0.01950 -0.01837
v -0.11036 -0.01950 -0.01569
v -0.10920 -0.02000 -0.00843
v -0.10940 -0.02000 -0.00730
v -0.10936 -0.02000 -0.00632
v -0.10990 -0.02000 -0.00247
v -0.10995 -0.01950 -0.00190
v -0.10993 -0.01950 0.00195
v -0.10943 -0.02000 0.00250
v -0.10927 -0.02000 0.00601
v -0.10938 -0.02000 0.00744
v -0.10978 -0.01950 0.01730
v -0.10982 -0.01970 0.02433
v -0.10920 -0.01900 -0.00843
v -0.10940 -0.01900 -0.00730
v -0.10936 -0.01900 -0.00632
v -0.10927 -0.01900 0.00601
v -0.10938 -0.01900 0.00744
v -0.10971 -0.01859 0.02454
v -0.10990 -0.01750 -0.00247
v -0.10980 -0.01750 -0.00192
v -0.10993 -0.01750 0.00195
v -0.10943 -0.01750 0.00250
v -0.10945 -0.01771 0.02501
v -0.10927 -0.01736 0.02532
v -0.10935 0.01050 -0.01837
v -0.10998 0.01150 -0.01364
v -0.10923 0.01150 -0.00144
v -0.10923 0.01150 0.00144
v -0.10998 0.01150 0.01364
v -0.10907 -0.02598 0.02485
v -0.10897 -0.02550 0.02584
v -0.10864 -0.02294 -0.02466
v -0.10863 -0.02300 0.02270
v -0.10837 -0.02295 0.02323
v -0.10866 -0.02258 -0.02497
v -0.10856 -0.02260 0.02319
v -0.10843 -0.02050 -0.02508
v -0.10842 -0.02050 -0.01799
v -0.10843 -0.02050 -0.01147
v -0.10908 -0.02050 -0.01065
v -0.10848 -0.02050 -0.00411
v -0.10858 -0.02050 -0.00282
v -0.10857 -0.02050 0.00285
v -0.10860 -0.02050 0.00424
v -0.10906 -0.02050 0.01069
v -0.10836 -0.02050 0.01154
v -0.10847 -0.02050 0.01554
v -0.10820 -0.02050 0.01852
v -0.10823 -0.02050 0.02321
v -0.10827 -0.01950 -0.02078
v -0.10834 -0.02000 -0.01084
v -0.10897 -0.02000 -0.00955
v -0.10873 -0.02000 -0.00503
v -0.10819 -0.02000 -0.00452
v -0.10841 -0.01987 -0.00209
v -0.10855 -0.01963 0.00187
v -0.10851 -0.02000 0.00479
v -0.10919 -0.02000 0.00579
v -0.10909 -0.02000 0.00898
v -0.10886 -0.02000 0.00996
v -0.10803 -0.02000 0.01116
v -0.10864 -0.01950 0.01998
v -0.10826 -0.01950 0.02079
v -0.10850 -0.01970 0.02362
v -0.10834 -0.01900 -0.01084
v -0.10897 -0.01900 -0.00955
v -0.10873 -0.01900 -0.00503
v -0.10851 -0.01900 0.00479
v -0.10907 -0.01900 0.00906
v -0.10886 -0.01900 0.00996
v -0.10803 -0.01900 0.01116
v -0.10842 -0.01874 0.02377
v -0.10848 -0.01750 -0.00207
v -0.10867 -0.01750 0.00197
v -0.10814 -0.01772 0.02428
v -0.10896 -0.01699 0.02585
v -0.10866 -0.01678 0.02636
v -0.10831 -0.01670 0.02693
v -0.10831 0.01010 -0.00618
v -0.10873 0.01010 -0.00142
v -0.10840 0.01010 -0.00061
v -0.10845 0.01010 0.00069
v -0.10872 0.01010 0.00135
v -0.10831 0.01010 0.00616
v -0.10864 0.01050 0.01998
v -0.10842 0.01150 -0.01799
v -0.10854 0.01123 -0.00622
v -0.10873 0.01100 -0.00142
v -0.10865 0.01123 -0.00057
v -0.10861 0.01123 0.00052
v -0.10872 0.01100 0.00133
v -0.10856 0.01125 0.00619
v -0.10842 0.01150 0.01799
v -0.10694 -0.02567 0.02892
v -0.10730 -0.02294 -0.02484
v -0.10738 -0.02295 0.02259
v -0.10719 -0.02261 -0.02513
v -0.10714 -0.02279 0.02278
v -0.10735 -0.02258 0.02295
v -0.10699 -0.02050 -0.02515
v -0.10701 -0.02050 -0.02107
v -0.10755 -0.02050 -0.01207
v -0.10731 -0.02050 -0.00356
v -0.10712 -0.02050 -0.00177
v -0.10717 -0.02050 0.00189
v -0.10756 -0.02050 0.00297
v -0.10743 -0.02050 0.01213
v -0.10779 -0.02050 0.01390
v -0.10742 -0.02050 0.02024
v -0.10710 -0.02050 0.02286
v -0.10718 -0.02000 -0.01169
v -0.10757 -0.02000 -0.00417
v -0.10749 -0.02000 -0.00148
v -0.10733 -0.01976 -0.00052
v -0.10732 -0.01985 0.00087
v -0.10791 -0.02000 0.00192
v -0.10724 -0.02000 0.00405
v -0.10685 -0.02000 0.01181
v -0.10718 -0.01900 -0.01169
v -0.10757 -0.01900 -0.00417
v -0.10724 -0.01900 0.00405
v -0.10685 -0.01900 0.01181
v -0.10740 -0.01750 -0.00135
v -0.10741 -0.01750 -0.00047
v -0.10737 -0.01750 0.00087
v -0.10791 -0.01750 0.00192
v -0.10776 -0.01712 0.02493
v -0.10718 -0.01674 0.02591
v -0.10730 0.01010 -0.01106
v -0.10726 0.01010 0.01109
v -0.10733 0.01050 0.02263
v -0.10726 0.01150 -0.01205
v -0.10750 0.01119 -0.01106
v -0.10745 0.01125 0.01125
v -0.10563 -0.02600 0.01504
v -0.10587 -0.02600 0.01626
v -0.10665 -0.02598 0.02872
v -0.10619 -0.02550 0.03007
v -0.10564 -0.02300 -0.01737
v -0.10602 -0.02300 -0.01642
v -0.10595 -0.02300 -0.01540
v -0.10563 -0.02300 0.01494
v -0.10593 -0.02300 0.01630
v -0.10591 -0.02300 0.02787
v -0.10564 -0.02050 -0.01737
v -0.10602 -0.02050 -0.01642
v -0.10595 -0.02050 -0.01540
v -0.10648 -0.02050 -0.01238
v -0.10611 -0.02050 -0.00346
v -0.10654 -0.02050 -0.00048
v -0.10661 -0.02050 0.00071
v -0.10617 -0.02050 0.00345
v -0.10636 -0.02050 0.01240
v -0.10564 -0.02050 0.01477
v -0.10598 -0.02050 0.01628
v -0.10607 -0.02050 0.02203
v -0.10610 -0.02050 0.02280
v -0.10634 -0.01950 -0.02439
v -0.10573 -0.02000 -0.01190
v -0.10649 -0.02000 -0.00396
v -0.10633 -0.02000 0.00396
v -0.10626 -0.01950 0.02452
v -0.10573 -0.01900 -0.01190
v -0.10675 -0.01900 -0.00396
v -0.10594 -0.01900 0.00398
v -0.10591 -0.01670 0.02787
v -0.10619 -0.01670 0.03007
v -0.10623 0.01050 -0.02458
v -0.10570 0.01010 -0.01231
v -0.10660 0.01010 -0.01196
v -0.10625 0.01010 0.01215
v -0.10645 0.01150 -0.02216
v -0.10593 0.01134 -0.01258
v -0.10660 0.01100 -0.01196
v -0.10615 0.01136 0.01253
v -0.10645 0.01150 0.02216
v -0.10460 -0.03968 -0.00505
v -0.10473 -0.04006 -0.00249
v -0.10480 -0.04009 0.00008
v -0.10472 -0.04006 0.00264
v -0.10458 -0.03968 0.00520
v -0.10457 -0.03890 -0.00586
v -0.10497 -0.03890 -0.00153
v -0.10490 -0.03890 0.00281
v -0.10502 -0.02600 0.01436
v -0.10534 -0.02600 0.01751
v -0.10449 -0.02600 0.01805
v -0.10474 -0.02300 -0.01811
v -0.10543 -0.02300 -0.01452
v -0.10457 -0.02300 -0.01396
v -0.10463 -0.02302 -0.00789
v -0.10479 -0.02321 -0.00560
v -0.10511 -0.02313 -0.00316
v -0.10497 -0.02350 -0.00153
v -0.10524 -0.02312 -0.00078
v -0.10521 -0.02313 0.00159
v -0.10490 -0.02350 0.00281
v -0.10506 -0.02312 0.00396
v -0.10476 -0.02311 0.00632
v -0.10448 -0.02300 0.00890
v -0.10479 -0.02300 0.01410
v -0.10541 -0.02300 0.01760
v -0.10453 -0.02300 0.01811
v -0.10508 -0.02050 -0.02454
v -0.10475 -0.02050 -0.01811
v -0.10543 -0.02050 -0.01452
v -0.10457 -0.02050 -0.01396
v -0.10517 -0.02050 -0.01230
v -0.10487 -0.02050 -0.00381
v -0.10518 -0.02050 0.00367
v -0.10525 -0.02050 0.01232
v -0.10471 -0.02050 0.01402
v -0.10543 -0.02050 0.01763
v -0.10457 -0.02050 0.01819
v -0.10446 -0.02050 0.02553
v -0.10516 -0.01950 -0.02630
v -0.10473 -0.02000 -0.01160
v -0.10529 -0.02000 -0.00416
v -0.10468 -0.02000 0.00450
v -0.10541 -0.02000 0.01185
v -0.10530 -0.01950 0.02608
v -0.10450 -0.01900 -0.01149
v -0.10529 -0.01900 -0.00416
v -0.10468 -0.01900 0.00450
v -0.10541 -0.01900 0.01185
v -0.10487 0.01010 -0.01223
v -0.10502 0.01010 0.01226
v -0.10530 0.01050 0.02608
v -0.10479 0.01125 -0.01247
v -0.10495 0.01118 0.01244
v -0.10323 -0.04223 0.00007
v -0.10361 -0.04112 -0.00748
v -0.10376 -0.04142 -0.00495
v -0.10400 -0.04142 -0.00244
v -0.10408 -0.04142 0.00007
v -0.10399 -0.04142 0.00259
v -0.10375 -0.04142 0.00510
v -0.10358 -0.04112 0.00763
v -0.10339 -0.04106 0.00870
v -0.10333 -0.03968 -0.01092
v -0.10352 -0.04006 -0.01007
v -0.10408 -0.04006 -0.00757
v -0.10438 -0.04043 -0.00503
v -0.10436 -0.04043 0.00518
v -0.10404 -0.04009 0.00772
v -0.10371 -0.04011 0.00887
v -0.10370 -0.03890 -0.01012
v -0.10436 -0.03890 0.00712
v -0.10372 -0.03901 0.00906
v -0.10322 -0.03906 0.03089
v -0.10331 -0.03907 0.03187
v -0.10325 -0.03872 0.03273
v -0.10333 -0.02650 0.03211
v -0.10361 -0.02558 0.01078
v -0.10408 -0.02580 0.01104
v -0.10413 -0.02600 0.01400
v -0.10348 -0.02600 0.01815
v -0.10348 -0.02609 0.03069
v -0.10368 -0.02607 0.03195
v -0.10370 -0.02585 0.03301
v -0.10355 -0.02300 -0.01831
v -0.10405 -0.02300 -0.01384
v -0.10336 -0.02300 -0.01202
v -0.10354 -0.02310 -0.01124
v -0.10389 -0.02321 -0.01017
v -0.10432 -0.02323 -0.00783
v -0.10436 -0.02350 0.00712
v -0.10383 -0.02325 0.00912
v -0.10355 -0.02302 0.00971
v -0.10416 -0.02300 0.01086
v -0.10384 -0.02300 0.01392
v -0.10373 -0.02300 0.01822
v -0.10399 -0.02050 -0.02625
v -0.10334 -0.02050 -0.02449
v -0.10379 -0.02050 -0.02322
v -0.10376 -0.02050 -0.02208
v -0.10344 -0.02050 -0.02113
v -0.10355 -0.02050 -0.01831
v -0.10378 -0.02050 -0.01607
v -0.10405 -0.02050 -0.01384
v -0.10368 -0.02050 -0.01149
v -0.10388 -0.02050 -0.00453
v -0.10406 -0.02050 0.00420
v -0.10352 -0.02050 0.00498
v -0.10373 -0.02050 0.01148
v -0.10355 -0.02050 0.01384
v -0.10386 -0.02050 0.01745
v -0.10405 -0.02050 0.01831
v -0.10362 -0.02050 0.02155
v -0.10382 -0.02050 0.02260
v -0.10370 -0.02050 0.02364
v -0.10327 -0.02050 0.02461
v -0.10320 -0.02000 -0.02358
v -0.10326 -0.02000 -0.02210
v -0.10352 -0.02000 -0.01054
v -0.10331 -0.02000 -0.00730
v -0.10349 -0.02000 -0.00631
v -0.10384 -0.02000 -0.00547
v -0.10373 -0.02000 0.00561
v -0.10346 -0.02000 0.00645
v -0.10330 -0.02000 0.00736
v -0.10327 -0.02000 0.01006
v -0.10412 -0.02000 0.01122
v -0.10331 -0.02000 0.02298
v -0.10394 -0.01950 0.02807
v -0.10320 -0.01900 -0.02358
v -0.10326 -0.01900 -0.02210
v -0.10352 -0.01900 -0.01054
v -0.10331 -0.01900 -0.00730
v -0.10349 -0.01900 -0.00631
v -0.10412 -0.01900 -0.00502
v -0.10373 -0.01900 0.00561
v -0.10346 -0.01900 0.00645
v -0.10330 -0.01900 0.00736
v -0.10327 -0.01900 0.01006
v -0.10412 -0.01900 0.01122
v -0.10331 -0.01900 0.02298
v -0.10408 0.01150 -0.02611
v -0.10321 0.01150 -0.02226
v -0.10333 0.01150 -0.02091
v -0.10321 0.01150 0.02035
v -0.10338 0.01150 0.02114
v -0.10329 0.01150 0.02205
v -0.10408 0.01150 0.02611
v -0.10253 -0.04223 -0.00727
v -0.10292 -0.04223 -0.00484
v -0.10223 -0.04260 -0.00475
v -0.10281 -0.04241 -0.00237
v -0.10253 -0.04260 0.00007
v -0.10280 -0.04241 0.00251
v -0.10255 -0.04241 0.00494
v -0.10250 -0.04223 0.00741
v -0.10226 -0.04216 0.00893
v -0.10241 -0.04112 -0.01135
v -0.10269 -0.04142 -0.01022
v -0.10312 -0.04173 -0.00738
v -0.10309 -0.04173 0.00753
v -0.10269 -0.04141 0.00925
v -0.10229 -0.04137 0.03067
v -0.10258 -0.04112 0.03178
v -0.10211 -0.04140 0.03295
v -0.10224 -0.04006 -0.01228
v -0.10291 -0.04018 -0.01136
v -0.10206 -0.03964 -0.00447
v -0.10230 -0.03964 -0.00162
v -0.10231 -0.03964 0.00124
v -0.10210 -0.03964 0.00410
v -0.10291 -0.04033 0.00946
v -0.10296 -0.04012 0.03068
v -0.10303 -0.04024 0.03176
v -0.10283 -0.04035 0.03291
v -0.10242 -0.04004 0.03407
v -0.10208 -0.03890 -0.01268
v -0.10309 -0.03890 -0.01152
v -0.10243 -0.03868 -0.00452
v -0.10266 -0.03868 -0.00164
v -0.10268 -0.03868 0.00125
v -0.10247 -0.03868 0.00413
v -0.10204 -0.03868 0.00699
v -0.10314 -0.03888 0.03055
v -0.10307 -0.03879 0.03337
v -0.10270 -0.03869 0.03416
v -0.10213 -0.03922 0.03485
v -0.10213 -0.03810 -0.00680
v -0.10248 -0.03810 -0.00453
v -0.10266 -0.03810 -0.00261
v -0.10271 -0.03810 0.00161
v -0.10252 -0.03810 0.00414
v -0.10230 -0.03810 0.00581
v -0.10211 -0.03840 0.03498
v -0.10216 -0.03320 0.00963
v -0.10245 -0.03200 -0.00201
v -0.10250 -0.03200 0.00043
v -0.10227 -0.03200 0.00414
v -0.10320 -0.02650 0.03077
v -0.10320 -0.02650 0.03301
v -0.10281 -0.02648 0.03395
v -0.10211 -0.02650 0.03498
v -0.10295 -0.02550 0.01078
v -0.10263 -0.02584 0.01111
v -0.10311 -0.02600 0.01409
v -0.10227 -0.02600 0.01464
v -0.10259 -0.02600 0.01779
v -0.10291 -0.02610 0.03406
v -0.10304 -0.02300 -0.01819
v -0.10218 -0.02300 -0.01763
v -0.10288 -0.02300 -0.01403
v -0.10245 -0.02321 -0.01260
v -0.10305 -0.02333 -0.01168
v -0.10218 -0.02325 0.00984
v -0.10308 -0.02300 0.01403
v -0.10223 -0.02300 0.01458
v -0.10259 -0.02300 0.01779
v -0.10287 -0.02300 0.01811
v -0.10290 -0.02300 0.03184
v -0.10287 -0.02050 -0.02784
v -0.10205 -0.02050 -0.02641
v -0.10286 -0.02050 -0.02030
v -0.10304 -0.02050 -0.01819
v -0.10218 -0.02050 -0.01763
v -0.10287 -0.02050 -0.01403
v -0.10281 -0.02050 -0.01014
v -0.10256 -0.02050 -0.00858
v -0.10262 -0.02050 -0.00817
v -0.10246 -0.02050 -0.00658
v -0.10318 -0.02050 -0.00561
v -0.10266 -0.02050 -0.00261
v -0.10245 -0.02050 -0.00201
v -0.10269 -0.02050 0.00158
v -0.10227 -0.02050 0.00414
v -0.10252 -0.02050 0.00585
v -0.10297 -0.02050 0.00636
v -0.10262 -0.02050 0.00817
v -0.10256 -0.02050 0.00923
v -0.10281 -0.02050 0.01025
v -0.10304 -0.02050 0.01396
v -0.10218 -0.02050 0.01452
v -0.10318 -0.02050 0.01581
v -0.10290 -0.02050 0.01813
v -0.10245 -0.02050 0.01994
v -0.10320 -0.02050 0.02072
v -0.10216 -0.02050 0.02877
v -0.10224 -0.01950 -0.03028
v -0.10295 -0.01950 -0.02940
v -0.10226 -0.02000 -0.02524
v -0.10285 -0.02000 -0.02434
v -0.10263 -0.02000 -0.02080
v -0.10217 -0.02000 -0.02035
v -0.10305 -0.02000 -0.00915
v -0.10311 -0.02000 -0.00828
v -0.10311 -0.02000 0.00828
v -0.10305 -0.02000 0.00918
v -0.10221 -0.02000 0.02039
v -0.10309 -0.02000 0.02157
v -0.10285 -0.02000 0.02434
v -0.10222 -0.02000 0.02530
v -0.10226 -0.01900 -0.02524
v -0.10285 -0.01900 -0.02434
v -0.10263 -0.01900 -0.02080
v -0.10305 -0.01900 -0.00915
v -0.10311 -0.01900 -0.00828
v -0.10311 -0.01900 0.00828
v -0.10305 -0.01900 0.00918
v -0.10221 -0.01900 0.02039
v -0.10309 -0.01900 0.02156
v -0.10285 -0.01900 0.02434
v -0.10222 -0.01900 0.02530
v -0.10290 -0.01670 0.03184
v -0.10301 -0.01670 0.03399
v -0.10224 0.01050 -0.03028
v -0.10270 0.01010 -0.02219
v -0.10290 0.01010 -0.02125
v -0.10233 0.01010 -0.01998
v -0.10238 0.01010 0.01996
v -0.10284 0.01010 0.02100
v -0.10262 0.01010 0.02233
v -0.10280 0.01115 -0.02231
v -0.10290 0.01100 -0.02125
v -0.10248 0.01117 -0.01988
v -0.10208 0.01150 -0.01910
v -0.10208 0.01150 0.01910
v -0.10257 0.01125 0.01979
v -0.10283 0.01100 0.02098
v -0.10283 0.01117 0.02227
v -0.10147 -0.04234 -0.01025
v -0.10131 -0.04260 -0.00949
v -0.10148 -0.04271 -0.00706
v -0.10149 -0.04282 -0.00465
v -0.10136 -0.04286 -0.00227
v -0.10143 -0.04286 0.00007
v -0.10092 -0.04290 0.00239
v -0.10170 -0.04282 0.00244
v -0.10147 -0.04282 0.00479
v -0.10108 -0.04282 0.00713
v -0.10182 -0.04260 0.00728
v -0.10117 -0.04267 0.00913
v -0.10118 -0.04226 0.00973
v -0.10139 -0.04222 0.03090
v -0.10081 -0.04254 0.03214
v -0.10100 -0.04213 0.03326
v -0.10137 -0.04095 -0.01251
v -0.10151 -0.04167 -0.01160
v -0.10175 -0.04146 0.00976
v -0.10189 -0.04182 0.03077
v -0.10182 -0.04198 0.03174
v -0.10159 -0.04192 0.03289
v -0.10163 -0.04117 0.03407
v -0.10083 -0.03968 -0.01367
v -0.10164 -0.03967 -0.01292
v -0.10094 -0.03964 -0.01009
v -0.10161 -0.03964 -0.00730
v -0.10095 -0.04042 -0.00717
v -0.10140 -0.04042 -0.00439
v -0.10163 -0.04042 -0.00159
v -0.10164 -0.04042 0.00122
v -0.10143 -0.04042 0.00402
v -0.10135 -0.04003 0.00686
v -0.10140 -0.03962 0.00831
v -0.10100 -0.04011 0.00841
v -0.10096 -0.04025 0.03158
v -0.10127 -0.03995 0.03243
v -0.10169 -0.03890 -0.01298
v -0.10130 -0.03868 -0.01019
v -0.10197 -0.03868 -0.00737
v -0.10173 -0.03885 0.00822
v -0.10170 -0.03926 0.03169
v -0.10136 -0.03920 0.03325
v -0.10125 -0.03877 0.03364
v -0.10114 -0.03810 -0.01090
v -0.10185 -0.03821 0.00819
v -0.10189 -0.03832 0.03159
v -0.10169 -0.03830 0.03300
v -0.10129 -0.03830 0.03367
v -0.10129 -0.03300 -0.00387
v -0.10150 -0.03300 0.00042
v -0.10120 -0.03300 0.00470
v -0.10185 -0.03320 0.00819
v -0.10168 -0.03320 0.00923
v -0.10196 -0.03320 0.00961
v -0.10162 -0.03200 -0.00810
v -0.10109 -0.03200 0.01017
v -0.10150 -0.02574 0.01161
v -0.10089 -0.02580 0.01254
v -0.10178 -0.02600 0.01551
v -0.10170 -0.02600 0.01612
v -0.10198 -0.02600 0.01711
v -0.10162 -0.02300 -0.01620
v -0.10138 -0.02300 -0.01480
v -0.10137 -0.02308 -0.01369
v -0.10172 -0.02332 -0.01303
v -0.10168 -0.02326 0.00939
v -0.10177 -0.02306 0.00989
v -0.10179 -0.02300 0.01119
v -0.10093 -0.02300 0.01253
v -0.10171 -0.02300 0.01545
v -0.10164 -0.02300 0.01629
v -0.10197 -0.02300 0.01726
v -0.10089 -0.02297 0.01906
v -0.10187 -0.02300 0.03134
v -0.10172 -0.02300 0.03289
v -0.10129 -0.02300 0.03367
v -0.10156 -0.02280 0.00941
v -0.10145 -0.02265 0.00992
v -0.10113 -0.02050 -0.02730
v -0.10151 -0.02050 -0.01947
v -0.10162 -0.02050 -0.01628
v -0.10197 -0.02050 -0.01477
v -0.10114 -0.02050 -0.01090
v -0.10162 -0.02050 -0.00810
v -0.10122 -0.02050 0.01008
v -0.10166 -0.02050 0.01540
v -0.10158 -0.02050 0.01642
v -0.10197 -0.02050 0.01737
v -0.10147 -0.02050 0.01941
v -0.10161 -0.02050 0.02687
v -0.10113 -0.01950 -0.03160
v -0.10164 -0.02000 -0.02612
v -0.10147 -0.02000 -0.01995
v -0.10141 -0.02000 0.01994
v -0.10156 -0.02000 0.02623
v -0.10177 -0.01950 0.03085
v -0.10100 -0.01950 0.03175
v -0.10164 -0.01900 -0.02612
v -0.10147 -0.01900 -0.01995
v -0.10105 -0.01900 0.01981
v -0.10156 -0.01900 0.02623
v -0.10184 0.01010 -0.01954
v -0.10184 0.01010 0.01954
v -0.10111 0.01050 0.03163
v -0.10133 0.01150 -0.02982
v -0.10184 0.01100 -0.01954
v -0.10184 0.01100 0.01954
v -0.10133 0.01150 0.02982
v -0.10005 -0.04223 -0.01201
v -0.10024 -0.04273 -0.01044
v -0.10008 -0.04287 -0.00926
v -0.10034 -0.04290 -0.00684
v -0.10071 -0.04290 -0.00456
v -0.10069 -0.04290 0.00469
v -0.10032 -0.04290 0.00698
v -0.09993 -0.04290 0.00922
v -0.09996 -0.04259 0.00988
v -0.10054 -0.04267 0.03112
v -0.09990 -0.04280 0.03189
v -0.10041 -0.04257 0.03270
v -0.10001 -0.04112 -0.01389
v -0.10016 -0.04173 -0.01279
v -0.10007 -0.04092 -0.00700
v -0.10051 -0.04092 -0.00429
v -0.09965 -0.04110 -0.00268
v -0.10073 -0.04092 -0.00155
v -0.09975 -0.04110 -0.00035
v -0.10074 -0.04092 0.00119
v -0.09969 -0.04110 0.00199
v -0.10055 -0.04092 0.00392
v -0.10014 -0.04092 0.00663
v -0.09982 -0.04087 0.00872
v -0.10031 -0.04187 0.01014
v -0.09972 -0.04006 -0.01934
v -0.09994 -0.04009 -0.01851
v -0.09995 -0.04016 -0.01725
v -0.09990 -0.04002 -0.01566
v -0.10016 -0.04006 -0.01456
v -0.10005 -0.03994 -0.01372
v -0.09999 -0.03979 -0.01271
v -0.10030 -0.04042 -0.00991
v -0.10055 -0.04049 0.00853
v -0.10029 -0.04063 0.03188
v -0.10046 -0.04033 0.03290
v -0.10008 -0.03890 -0.01879
v -0.10018 -0.03890 -0.01726
v -0.10009 -0.03890 -0.01627
v -0.10015 -0.03886 -0.01476
v -0.10014 -0.03886 -0.01408
v -0.10039 -0.03889 -0.01283
v -0.09965 -0.03895 0.03738
v -0.09978 -0.03810 -0.01467
v -0.10049 -0.03810 -0.01287
v -0.10005 -0.03840 0.03704
v -0.09974 -0.03320 -0.01477
v -0.10050 -0.03320 -0.01284
v -0.10059 -0.03300 -0.00810
v -0.10040 -0.03300 0.00891
v -0.09965 -0.03320 0.01707
v -0.10034 -0.03200 -0.01255
v -0.10004 -0.03200 0.01335
v -0.09981 -0.03100 -0.01395
v -0.10034 -0.03100 -0.01255
v -0.09965 -0.02650 0.01707
v -0.10061 -0.02571 0.01276
v -0.09971 -0.02605 0.01619
v -0.09967 -0.02630 0.01694
v -0.09991 -0.02300 -0.02044
v -0.10000 -0.02311 -0.01975
v -0.10030 -0.02322 -0.01863
v -0.10041 -0.02319 -0.01757
v -0.10027 -0.02323 -0.01624
v -0.10040 -0.02329 -0.01475
v -0.10074 -0.02350 -0.01391
v -0.10066 -0.02293 0.01288
v -0.09972 -0.02299 0.01603
v -0.09974 -0.02300 0.01741
v -0.10005 -0.02293 0.01846
v -0.10078 -0.02285 0.01926
v -0.10053 -0.02269 0.01287
v -0.10008 -0.02250 0.01394
v -0.10000 -0.02262 0.01880
v -0.10073 -0.02264 0.01936
v -0.10038 -0.02050 -0.03094
v -0.09997 -0.02050 -0.02779
v -0.10002 -0.02050 -0.01923
v -0.09970 -0.02050 -0.01487
v -0.09978 -0.02050 -0.01402
v -0.10008 -0.02050 0.01394
v -0.09990 -0.02050 0.01874
v -0.10062 -0.02050 0.01932
v -0.10024 -0.02050 0.02772
v -0.10018 -0.02050 0.03117
v -0.09989 -0.02000 -0.03118
v -0.10026 -0.02000 -0.02716
v -0.10005 -0.02000 -0.01973
v -0.09969 -0.02000 0.01979
v -0.10033 -0.02000 0.02716
v -0.09970 -0.02000 0.03139
v -0.10079 -0.01879 -0.03198
v -0.10055 -0.01900 -0.02706
v -0.10005 -0.01900 -0.01973
v -0.09969 -0.01900 0.01979
v -0.10033 -0.01900 0.02716
v -0.10050 -0.01879 0.03230
v -0.10079 -0.01750 -0.03198
v -0.10050 -0.01750 0.03230
v -0.09998 0.01010 -0.02628
v -0.09991 0.01010 0.00044
v -0.10000 0.01010 0.02625
v -0.10040 0.01150 -0.02655
v -0.09998 0.01100 -0.02628
v -0.10000 0.01100 0.02625
v -0.10038 0.01150 0.02658
v -0.09991 0.01350 0.00044
v -0.09870 -0.04223 -0.01396
v -0.09901 -0.04245 -0.01258
v -0.09931 -0.04272 -0.01120
v -0.09897 -0.04290 -0.01005
v -0.09928 -0.04290 0.03150
v -0.09868 -0.04148 -0.01972
v -0.09915 -0.04141 -0.01873
v -0.09919 -0.04150 -0.01729
v -0.09917 -0.04140 -0.01591
v -0.09891 -0.04173 -0.01555
v -0.09926 -0.04173 -0.01419
v -0.09864 -0.04090 -0.01233
v -0.09944 -0.04092 -0.00966
v -0.09840 -0.04110 -0.00958
v -0.09897 -0.04110 -0.00731
v -0.09939 -0.04110 -0.00501
v -0.09951 -0.04110 0.00404
v -0.09911 -0.04110 0.00663
v -0.09872 -0.04109 0.00895
v -0.09945 -0.04080 0.03197
v -0.09895 -0.04131 0.03662
v -0.09934 -0.04011 -0.02011
v -0.09869 -0.03971 -0.01597
v -0.09898 -0.03996 -0.01483
v -0.09905 -0.04022 -0.01403
v -0.09932 -0.04050 -0.01254
v -0.09942 -0.04020 0.03712
v -0.09891 -0.03890 -0.02122
v -0.09952 -0.03890 -0.02021
v -0.09868 -0.03889 -0.01681
v -0.09904 -0.03882 -0.01611
v -0.09954 -0.03890 -0.01497
v -0.09879 -0.03810 -0.01684
v -0.09905 -0.03810 -0.01629
v -0.09940 -0.03830 0.03559
v -0.09946 -0.03840 0.03759
v -0.09879 -0.03320 -0.01684
v -0.09905 -0.03320 -0.01629
v -0.09942 -0.03300 -0.01214
v -0.09911 -0.03300 0.01300
v -0.09910 -0.03320 0.01674
v -0.09921 -0.03320 0.01690
v -0.09880 -0.03200 -0.01624
v -0.09871 -0.03200 -0.01389
v -0.09860 -0.03200 -0.01266
v -0.09895 -0.03200 0.01593
v -0.09880 -0.03100 -0.01624
v -0.09871 -0.03100 -0.01389
v -0.09859 -0.03100 -0.01264
v -0.09920 -0.02647 0.01672
v -0.09928 -0.02647 0.01690
v -0.09943 -0.02558 0.01552
v -0.09925 -0.02600 0.01633
v -0.09880 -0.02620 0.01684
v -0.09858 -0.02280 -0.02288
v -0.09856 -0.02300 -0.02254
v -0.09891 -0.02350 -0.02122
v -0.09954 -0.02339 -0.02022
v -0.09954 -0.02294 0.01539
v -0.09938 -0.02291 0.01662
v -0.09952 -0.02291 0.01764
v -0.09856 -0.02259 -0.02296
v -0.09943 -0.02260 0.01553
v -0.09920 -0.02259 0.01638
v -0.09929 -0.02263 0.01754
v -0.09955 -0.02259 0.01822
v -0.09852 -0.02050 -0.02928
v -0.09868 -0.02050 -0.02784
v -0.09898 -0.02050 -0.01949
v -0.09941 -0.02050 0.01552
v -0.09903 -0.02050 0.01624
v -0.09930 -0.02050 0.01771
v -0.09917 -0.02050 0.01946
v -0.09914 -0.02050 0.02787
v -0.09889 -0.02050 0.02969
v -0.09845 -0.01950 -0.03121
v -0.09915 -0.02000 -0.02738
v -0.09885 -0.02000 -0.02011
v -0.09905 -0.02000 0.02737
v -0.09850 -0.02000 0.03001
v -0.09845 -0.01950 0.03173
v -0.09915 -0.01900 -0.02738
v -0.09885 -0.01900 -0.02011
v -0.09905 -0.01900 0.02737
v -0.09845 -0.01750 -0.03121
v -0.09850 -0.01750 0.03001
v -0.09845 -0.01750 0.03173
v -0.09951 -0.01670 0.03549
v -0.09946 -0.01670 0.03759
v -0.09928 0.01010 -0.00659
v -0.09911 0.01010 0.00746
v -0.09894 0.01050 0.03394
v -0.09928 0.01350 -0.00659
v -0.09911 0.01350 0.00746
v -0.09798 -0.04223 -0.01931
v -0.09782 -0.04248 -0.01842
v -0.09820 -0.04233 -0.01712
v -0.09797 -0.04239 -0.01631
v -0.09787 -0.04249 -0.01518
v -0.09768 -0.04272 -0.01354
v -0.09781 -0.04282 -0.01251
v -0.09780 -0.04287 -0.01162
v -0.09783 -0.04248 0.03541
v -0.09747 -0.04128 -0.02200
v -0.09751 -0.04094 -0.01478
v -0.09800 -0.04094 -0.01362
v -0.09764 -0.04108 -0.01241
v -0.09788 -0.04108 -0.01186
v -0.09735 -0.04128 0.01153
v -0.09786 -0.04016 -0.02229
v -0.09745 -0.03973 -0.01833
v -0.09758 -0.04001 -0.01758
v -0.09791 -0.04026 -0.01641
v -0.09827 -0.04049 -0.01516
v -0.09768 -0.04011 0.01125
v -0.09770 -0.04006 0.03619
v -0.09777 -0.04020 0.03859
v -0.09787 -0.03902 -0.02246
v -0.09785 -0.03888 -0.01839
v -0.09822 -0.03868 -0.01782
v -0.09799 -0.03890 0.01124
v -0.09812 -0.03896 0.03665
v -0.09799 -0.03895 0.03885
v -0.09799 -0.03810 -0.01835
v -0.09819 -0.03830 0.03673
v -0.09787 -0.03840 0.03899
v -0.09793 -0.03320 -0.01846
v -0.09789 -0.03300 -0.01583
v -0.09800 -0.03300 -0.01152
v -0.09799 -0.03320 0.01127
v -0.09789 -0.03311 0.01734
v -0.09771 -0.03200 -0.01482
v -0.09791 -0.03200 -0.01201
v -0.09725 -0.03200 -0.01190
v -0.09786 -0.03100 -0.01476
v -0.09791 -0.03100 -0.01201
v -0.09782 -0.03100 -0.01160
v -0.09832 -0.02282 -0.02283
v -0.09780 -0.02319 -0.02264
v -0.09835 -0.02300 0.01770
v -0.09809 -0.02268 -0.02285
v -0.09778 -0.02279 -0.02278
v -0.09829 -0.02050 -0.02908
v -0.09740 -0.02050 -0.02862
v -0.09750 -0.02050 -0.02744
v -0.09738 -0.02050 -0.02082
v -0.09817 -0.02050 -0.01996
v -0.09782 -0.02050 -0.01865
v -0.09747 -0.02050 0.02070
v -0.09724 -0.02050 0.02728
v -0.09818 -0.02050 0.02773
v -0.09816 -0.02050 0.02899
v -0.09768 -0.01950 -0.03305
v -0.09831 -0.01950 -0.03223
v -0.09805 -0.01950 -0.03025
v -0.09769 -0.01987 -0.02947
v -0.09791 -0.02000 -0.02708
v -0.09729 -0.02000 -0.02187
v -0.09780 -0.02000 -0.02110
v -0.09816 -0.02000 0.02069
v -0.09725 -0.02000 0.02193
v -0.09745 -0.02000 0.02680
v -0.09766 -0.01981 0.02951
v -0.09831 -0.01950 0.03070
v -0.09744 -0.01950 0.03316
v -0.09730 -0.01879 -0.03550
v -0.09773 -0.01900 -0.02700
v -0.09729 -0.01900 -0.02187
v -0.09780 -0.01900 -0.02110
v -0.09809 -0.01900 0.02077
v -0.09725 -0.01900 0.02193
v -0.09746 -0.01900 0.02681
v -0.09730 -0.01750 -0.03550
v -0.09768 -0.01750 -0.03305
v -0.09831 -0.01750 -0.03223
v -0.09805 -0.01750 -0.03025
v -0.09764 -0.01750 -0.02944
v -0.09768 -0.01750 0.02957
v -0.09831 -0.01750 0.03070
v -0.09768 -0.01750 0.03297
v -0.09748 0.01050 -0.03534
v -0.09838 0.01010 -0.01024
v -0.09838 0.01010 0.01024
v -0.09823 0.01150 -0.03323
v -0.09729 0.01150 -0.03026
v -0.09726 0.01150 -0.01336
v -0.09832 0.01120 -0.01043
v -0.09829 0.01127 0.01050
v -0.09729 0.01150 0.03026
v -0.09823 0.01150 0.03323
v -0.09726 0.01350 -0.01336
v -0.09656 -0.04211 -0.02183
v -0.09647 -0.04227 -0.02160
v -0.09651 -0.04285 -0.01845
v -0.09660 -0.04286 -0.01768
v -0.09684 -0.04282 -0.01636
v -0.09644 -0.04286 -0.01548
v -0.09668 -0.04287 -0.01399
v -0.09651 -0.04212 0.01174
v -0.09661 -0.04290 0.03410
v -0.09654 -0.04136 -0.02227
v -0.09640 -0.04091 -0.01718
v -0.09686 -0.04095 -0.01600
v -0.09614 -0.04110 -0.01554
v -0.09684 -0.04110 -0.01400
v -0.09659 -0.04148 0.01138
v -0.09651 -0.04080 0.03487
v -0.09694 -0.04017 -0.02255
v -0.09644 -0.03983 -0.01984
v -0.09646 -0.04045 -0.01871
v -0.09694 -0.04048 -0.01781
v -0.09716 -0.04061 0.03559
v -0.09605 -0.04020 0.03998
v -0.09715 -0.03916 -0.02262
v -0.09663 -0.03888 -0.02041
v -0.09704 -0.03879 -0.01980
v -0.09631 -0.03924 0.01131
v -0.09626 -0.03895 0.04025
v -0.09674 -0.03810 -0.02044
v -0.09707 -0.03810 -0.01991
v -0.09613 -0.03827 -0.01140
v -0.09641 -0.03786 0.00960
v -0.09676 -0.03799 0.01113
v -0.09714 -0.03830 0.03765
v -0.09628 -0.03840 0.04027
v -0.09620 -0.03700 -0.01204
v -0.09635 -0.03700 -0.01146
v -0.09664 -0.03650 0.00954
v -0.09701 -0.03650 0.01099
v -0.09674 -0.03320 -0.02044
v -0.09707 -0.03320 -0.01991
v -0.09652 -0.03300 -0.01522
v -0.09620 -0.03320 -0.01204
v -0.09649 -0.03308 -0.01151
v -0.09664 -0.03320 0.00954
v -0.09687 -0.03320 0.01115
v -0.09684 -0.03200 -0.01981
v -0.09695 -0.03200 -0.01483
v -0.09622 -0.03200 -0.01439
v -0.09639 -0.03200 -0.01228
v -0.09677 -0.03100 -0.01501
v -0.09622 -0.03100 -0.01439
v -0.09636 -0.03100 -0.01230
v -0.09658 -0.03100 -0.01154
v -0.09718 -0.02350 -0.02262
v -0.09617 -0.02050 -0.03518
v -0.09641 -0.02050 -0.02847
v -0.09651 -0.02050 -0.02662
v -0.09635 -0.02050 -0.02235
v -0.09684 -0.02050 -0.01981
v -0.09632 -0.02050 0.02062
v -0.09626 -0.02050 0.02247
v -0.09607 -0.02050 0.02598
v -0.09659 -0.02050 0.02703
v -0.09661 -0.02050 0.02852
v -0.09606 -0.01950 -0.03659
v -0.09693 -0.01950 -0.03584
v -0.09639 -0.02000 -0.03470
v -0.09673 -0.01950 -0.03345
v -0.09651 -0.01985 -0.02914
v -0.09676 -0.02000 -0.02614
v -0.09624 -0.02000 -0.02488
v -0.09639 -0.02000 -0.02333
v -0.09676 -0.02000 -0.02264
v -0.09668 -0.02000 0.02275
v -0.09621 -0.02000 0.02411
v -0.09643 -0.02000 0.02553
v -0.09657 -0.01969 0.02931
v -0.09621 -0.01950 0.03345
v -0.09618 -0.02000 0.03489
v -0.09636 -0.01950 0.03634
v -0.09676 -0.01900 -0.02614
v -0.09624 -0.01900 -0.02488
v -0.09636 -0.01900 -0.02342
v -0.09676 -0.01900 -0.02264
v -0.09668 -0.01900 0.02275
v -0.09621 -0.01900 0.02411
v -0.09643 -0.01900 0.02553
v -0.09698 -0.01879 0.03579
v -0.09673 -0.01750 -0.03345
v -0.09629 -0.01750 -0.02925
v -0.09652 -0.01750 0.02933
v -0.09621 -0.01750 0.03345
v -0.09698 -0.01750 0.03579
v -0.09639 0.01010 -0.03019
v -0.09693 0.01010 -0.02991
v -0.09693 0.01010 0.02991
v -0.09630 0.01010 0.03021
v -0.09616 0.01050 0.03651
v -0.09646 0.01130 -0.03047
v -0.09693 0.01100 -0.02991
v -0.09607 0.01150 -0.01591
v -0.09691 0.01150 0.01417
v -0.09607 0.01150 0.01591
v -0.09693 0.01100 0.02991
v -0.09651 0.01122 0.03038
v -0.09691 0.01350 0.01417
v -0.09524 -0.04227 -0.02193
v -0.09552 -0.04267 -0.02138
v -0.09538 -0.04248 0.01180
v -0.09529 -0.04277 0.01221
v -0.09599 -0.04290 0.03467
v -0.09503 -0.04217 0.03867
v -0.09526 -0.04176 -0.02212
v -0.09496 -0.04091 -0.01957
v -0.09562 -0.04093 -0.01840
v -0.09531 -0.04107 -0.01752
v -0.09584 -0.04110 -0.01608
v -0.09593 -0.04191 0.01153
v -0.09563 -0.04131 0.03944
v -0.09527 -0.04002 -0.02129
v -0.09562 -0.04051 -0.01993
v -0.09484 -0.03997 -0.01107
v -0.09526 -0.04038 0.01164
v -0.09579 -0.03888 -0.02165
v -0.09593 -0.03868 -0.02154
v -0.09483 -0.03939 -0.01375
v -0.09498 -0.03939 -0.01317
v -0.09541 -0.03939 -0.01150
v -0.09576 -0.03907 0.00977
v -0.09481 -0.03877 0.03947
v -0.09591 -0.03810 -0.02167
v -0.09481 -0.03756 -0.01726
v -0.09498 -0.03827 -0.01586
v -0.09513 -0.03827 -0.01527
v -0.09556 -0.03827 -0.01362
v -0.09598 -0.03827 -0.01198
v -0.09533 -0.03830 0.03912
v -0.09558 -0.03840 0.04081
v -0.09485 -0.03700 -0.01727
v -0.09520 -0.03700 -0.01591
v -0.09535 -0.03700 -0.01533
v -0.09578 -0.03700 -0.01369
v -0.09572 -0.03320 -0.02194
v -0.09580 -0.03300 -0.01958
v -0.09485 -0.03320 -0.01727
v -0.09520 -0.03320 -0.01591
v -0.09572 -0.03305 -0.01488
v -0.09557 -0.03310 -0.01381
v -0.09555 -0.03300 -0.01258
v -0.09516 -0.03300 0.02056
v -0.09589 -0.03200 -0.01381
v -0.09586 -0.03200 -0.01314
v -0.09597 -0.03200 0.02115
v -0.09584 -0.03100 -0.01472
v -0.09564 -0.03100 -0.01384
v -0.09571 -0.03100 -0.01266
v -0.09593 -0.03100 0.02121
v -0.09492 -0.02050 -0.02890
v -0.09577 -0.02050 -0.02855
v -0.09590 -0.02050 -0.02554
v -0.09570 -0.02050 -0.02426
v -0.09596 -0.02050 -0.02304
v -0.09553 -0.02050 -0.02220
v -0.09589 -0.02050 0.02126
v -0.09589 -0.02050 0.02323
v -0.09572 -0.02050 0.02443
v -0.09596 -0.02050 0.02572
v -0.09503 -0.02050 0.02883
v -0.09594 -0.02050 0.03538
v -0.09524 -0.01964 -0.03318
v -0.09483 -0.01950 -0.03031
v -0.09529 -0.01977 -0.02952
v -0.09528 -0.01975 0.02956
v -0.09525 -0.01950 0.03305
v -0.09521 -0.01750 -0.03327
v -0.09483 -0.01750 -0.03031
v -0.09531 -0.01750 -0.02954
v -0.09528 -0.01750 0.02956
v -0.09525 -0.01750 0.03305
v -0.09576 -0.01670 0.03878
v -0.09556 -0.01670 0.04082
v -0.09545 0.01050 -0.03710
v -0.09512 0.01010 -0.03156
v -0.09544 0.01010 -0.03073
v -0.09584 0.01010 -0.01636
v -0.09584 0.01010 0.01636
v -0.09551 0.01010 0.03058
v -0.09510 0.01010 0.03158
v -0.09482 0.01150 -0.03633
v -0.09527 0.01121 -0.03168
v -0.09557 0.01117 -0.03081
v -0.09584 0.01100 -0.01636
v -0.09584 0.01100 0.01636
v -0.09569 0.01128 0.03080
v -0.09534 0.01126 0.03166
v -0.09482 0.01150 0.03633
v -0.09412 -0.04228 -0.02172
v -0.09425 -0.04278 -0.02122
v -0.09437 -0.04239 0.01193
v -0.09427 -0.04280 0.01223
v -0.09431 -0.04271 0.03774
v -0.09436 -0.04187 -0.02189
v -0.09405 -0.04092 -0.02084
v -0.09389 -0.04107 -0.01971
v -0.09410 -0.04110 -0.01914
v -0.09480 -0.04110 -0.01788
v -0.09428 -0.04080 0.01195
v -0.09460 -0.04054 -0.02134
v -0.09377 -0.03997 -0.01521
v -0.09419 -0.03997 -0.01359
v -0.09434 -0.03997 -0.01301
v -0.09469 -0.03997 -0.01165
v -0.09369 -0.04050 -0.01077
v -0.09475 -0.03999 0.01003
v -0.09388 -0.04051 0.01180
v -0.09391 -0.04061 0.03827
v -0.09440 -0.04006 0.03892
v -0.09429 -0.04020 0.04129
v -0.09411 -0.03906 -0.01739
v -0.09432 -0.03939 -0.01569
v -0.09448 -0.03939 -0.01511
v -0.09472 -0.03924 0.03935
v -0.09449 -0.03895 0.04157
v -0.09362 -0.03827 -0.02108
v -0.09397 -0.03827 -0.01973
v -0.09412 -0.03827 -0.01915
v -0.09462 -0.03795 -0.01761
v -0.09370 -0.03700 -0.02172
v -0.09385 -0.03700 -0.02114
v -0.09428 -0.03700 -0.01947
v -0.09470 -0.03700 -0.01785
v -0.09370 -0.03320 -0.02172
v -0.09385 -0.03320 -0.02114
v -0.09427 -0.03320 -0.01953
v -0.09470 -0.03320 -0.01785
v -0.09394 -0.03300 0.01969
v -0.09377 -0.03200 0.02019
v -0.09419 -0.03200 0.02101
v -0.09396 -0.03200 0.02222
v -0.09386 -0.03100 0.01990
v -0.09420 -0.03100 0.02108
v -0.09396 -0.03100 0.02222
v -0.09377 -0.02050 -0.03716
v -0.09469 -0.02050 -0.03389
v -0.09417 -0.02050 -0.03338
v -0.09369 -0.02050 -0.03032
v -0.09421 -0.02050 -0.02949
v -0.09471 -0.02050 0.02270
v -0.09397 -0.02050 0.02850
v -0.09418 -0.02050 0.02952
v -0.09364 -0.02050 0.03047
v -0.09394 -0.02050 0.03299
v -0.09426 -0.02050 0.03678
v -0.09448 -0.02000 -0.03293
v -0.09423 -0.01977 -0.03169
v -0.09430 -0.01984 -0.03062
v -0.09451 -0.01979 0.03028
v -0.09435 -0.01968 0.03161
v -0.09441 -0.02000 0.03283
v -0.09438 -0.01950 0.03796
v -0.09423 -0.01750 -0.03258
v -0.09426 -0.01750 -0.03172
v -0.09438 -0.01750 -0.03066
v -0.09454 -0.01750 0.03031
v -0.09437 -0.01750 0.03163
v -0.09441 -0.01750 0.03283
v -0.09391 0.01010 -0.01958
v -0.09391 0.01350 -0.01958
v -0.09352 -0.04290 0.03672
v -0.09290 -0.04110 -0.02090
v -0.09333 -0.04080 0.03750
v -0.09269 -0.03997 -0.01939
v -0.09284 -0.03997 -0.01881
v -0.09318 -0.04000 -0.01722
v -0.09270 -0.04031 -0.01671
v -0.09261 -0.04050 -0.01494
v -0.09304 -0.04050 -0.01329
v -0.09319 -0.04050 -0.01271
v -0.09354 -0.04050 -0.01135
v -0.09244 -0.04057 -0.01045
v -0.09350 -0.04051 0.01035
v -0.09254 -0.04057 0.01215
v -0.09247 -0.04020 0.04252
v -0.09290 -0.03939 -0.02121
v -0.09332 -0.03939 -0.01956
v -0.09347 -0.03939 -0.01898
v -0.09266 -0.03895 0.04281
v -0.09347 -0.03827 -0.02166
v -0.09255 -0.03830 0.04112
v -0.09319 -0.03840 0.04249
v -0.09328 -0.03300 -0.02308
v -0.09317 -0.03300 0.01935
v -0.09272 -0.03300 0.02374
v -0.09313 -0.03249 0.02404
v -0.09317 -0.03200 -0.02475
v -0.09282 -0.03200 0.01984
v -0.09288 -0.03200 0.02275
v -0.09354 -0.03200 0.02433
v -0.09296 -0.03100 0.01968
v -0.09292 -0.03100 0.02275
v -0.09354 -0.03100 0.02433
v -0.09257 -0.02050 -0.03556
v -0.09288 -0.02050 -0.03407
v -0.09267 -0.02050 -0.03302
v -0.09352 -0.02050 -0.03173
v -0.09317 -0.02050 -0.02475
v -0.09338 -0.02050 0.02709
v -0.09347 -0.02050 0.03155
v -0.09279 -0.02050 0.03341
v -0.09288 -0.02050 0.03434
v -0.09267 -0.02050 0.03539
v -0.09284 -0.02050 0.03787
v -0.09307 -0.01950 -0.03894
v -0.09340 0.01010 0.02031
v -0.09340 0.01350 0.02031
v -0.09222 -0.04290 0.03770
v -0.09157 -0.04217 0.04113
v -0.09123 -0.04110 -0.01695
v -0.09138 -0.04110 -0.01637
v -0.09182 -0.04110 -0.01470
v -0.09207 -0.04110 -0.01370
v -0.09176 -0.04106 -0.01272
v -0.09193 -0.04106 -0.01125
v -0.09189 -0.04106 -0.01021
v -0.09157 -0.04110 -0.00310
v -0.09210 -0.04131 0.04194
v -0.09227 -0.03997 -0.02101
v -0.09161 -0.04050 -0.01881
v -0.09165 -0.04054 -0.01706
v -0.09157 -0.04058 -0.01642
v -0.09129 -0.04057 -0.01490
v -0.09144 -0.04057 -0.01432
v -0.09186 -0.04057 -0.01270
v -0.09229 -0.04057 -0.01103
v -0.09124 -0.04018 -0.01014
v -0.09216 -0.04057 0.01069
v -0.09126 -0.04016 0.01248
v -0.09124 -0.03877 0.04192
v -0.09153 -0.03830 0.04179
v -0.09137 -0.03840 0.04364
v -0.09194 -0.03300 0.01954
v -0.09160 -0.03300 0.02293
v -0.09190 -0.03200 0.02008
v -0.09134 -0.03200 0.02098
v -0.09168 -0.03200 0.02227
v -0.09130 -0.03200 0.02429
v -0.09201 -0.03200 0.02601
v -0.09191 -0.03100 0.01974
v -0.09136 -0.03100 0.02090
v -0.09160 -0.03100 0.02216
v -0.09160 -0.03100 0.02293
v -0.09165 -0.02050 -0.03686
v -0.09196 -0.02050 -0.03189
v -0.09130 -0.02050 0.02429
v -0.09201 -0.02050 0.02601
v -0.09128 -0.02050 0.02961
v -0.09167 -0.02050 0.03155
v -0.09239 -0.02050 0.03241
v -0.09183 -0.02050 0.03664
v -0.09125 -0.02050 0.03899
v -0.09203 -0.01950 -0.03966
v -0.09123 -0.02000 -0.03656
v -0.09224 -0.02000 -0.03505
v -0.09237 -0.02000 -0.03405
v -0.09187 -0.02000 -0.03253
v -0.09168 -0.02000 -0.03228
v -0.09166 -0.02000 0.03224
v -0.09208 -0.02000 0.03289
v -0.09238 -0.02000 0.03415
v -0.09206 -0.02000 0.03555
v -0.09127 -0.01950 0.04017
v -0.09123 -0.01900 -0.03656
v -0.09216 -0.01900 -0.03533
v -0.09237 -0.01900 -0.03405
v -0.09195 -0.01900 -0.03265
v -0.09168 -0.01900 -0.03228
v -0.09200 -0.01900 0.03273
v -0.09238 -0.01900 0.03415
v -0.09206 -0.01900 0.03555
v -0.09171 -0.01670 0.04167
v -0.09137 -0.01670 0.04364
v -0.09203 0.01050 -0.03966
v -0.09125 0.01010 -0.03500
v -0.09128 0.01010 0.03498
v -0.09143 0.01127 -0.03521
v -0.09144 0.01129 0.03522
v -0.09053 -0.04290 -0.01330
v -0.09077 -0.04290 -0.01178
v -0.09075 -0.04290 -0.01025
v -0.09023 -0.04290 0.03906
v -0.09093 -0.04271 0.04014
v -0.09038 -0.04110 -0.02025
v -0.09083 -0.04110 -0.01853
v -0.09026 -0.04087 -0.01463
v -0.09067 -0.04091 -0.01369
v -0.09064 -0.04082 -0.01236
v -0.09090 -0.04090 -0.01005
v -0.09079 -0.04105 -0.00262
v -0.09039 -0.04109 -0.00202
v -0.09111 -0.04050 -0.02074
v -0.09035 -0.04057 -0.01851
v -0.09067 -0.04056 -0.01681
v -0.09041 -0.04046 -0.01631
v -0.09009 -0.04018 -0.01459
v -0.09024 -0.04018 -0.01401
v -0.09053 -0.04047 -0.01243
v -0.09048 -0.04072 -0.01126
v -0.09064 -0.04051 -0.01041
v -0.09088 -0.04016 0.01103
v -0.09044 -0.04061 0.04066
v -0.09088 -0.04006 0.04135
v -0.09017 -0.03937 -0.01021
v -0.09024 -0.03940 0.01274
v -0.09116 -0.03924 0.04181
v -0.09012 -0.03830 0.04266
v -0.09071 -0.03840 0.04404
v -0.09036 -0.03300 -0.02625
v -0.09086 -0.03300 0.02095
v -0.09105 -0.03300 0.02229
v -0.09105 -0.03200 -0.02697
v -0.09049 -0.03200 0.02751
v -0.09085 -0.03100 0.02099
v -0.09107 -0.03100 0.02233
v -0.09053 -0.02050 -0.03946
v -0.09048 -0.02050 -0.03088
v -0.09054 -0.02050 -0.02774
v -0.09070 -0.02050 0.02820
v -0.09082 -0.02050 0.03101
v -0.09030 -0.02000 -0.03722
v -0.09032 -0.02000 -0.03136
v -0.09114 -0.02000 0.03176
v -0.09112 -0.02000 0.03664
v -0.09024 -0.02000 0.03726
v -0.09056 -0.01950 0.04063
v -0.09030 -0.01900 -0.03722
v -0.09053 -0.01900 -0.03143
v -0.09114 -0.01900 0.03176
v -0.09112 -0.01900 0.03664
v -0.09024 -0.01900 0.03726
v -0.09056 0.01050 0.04063
v -0.09111 0.01150 -0.03908
v -0.09111 0.01150 0.03908
v -0.08887 -0.04284 -0.01970
v -0.08906 -0.04267 -0.01292
v -0.08933 -0.04266 -0.01168
v -0.08924 -0.04267 -0.01041
v -0.08944 -0.04287 -0.00172
v -0.08890 -0.04087 -0.01986
v -0.08925 -0.04087 -0.01851
v -0.08940 -0.04087 -0.01793
v -0.08983 -0.04087 -0.01628
v -0.08961 -0.04103 -0.00150
v -0.08893 -0.04104 -0.00094
v -0.08993 -0.04080 0.03984
v -0.08978 -0.04057 -0.02071
v -0.08993 -0.04057 -0.02013
v -0.08909 -0.04018 -0.01846
v -0.08924 -0.04018 -0.01788
v -0.08946 -0.04005 -0.01620
v -0.08898 -0.04018 -0.01402
v -0.08936 -0.04019 -0.01257
v -0.08949 -0.04019 -0.01175
v -0.08953 -0.04025 -0.01013
v -0.08882 -0.03977 -0.00951
v -0.08943 -0.04067 -0.00232
v -0.08887 -0.04020 0.04464
v -0.08917 -0.03937 -0.01405
v -0.08960 -0.03937 -0.01240
v -0.08975 -0.03937 -0.01182
v -0.08987 -0.03940 0.01129
v -0.08897 -0.03881 0.04499
v -0.08895 -0.03826 -0.01223
v -0.08910 -0.03826 -0.01165
v -0.08954 -0.03826 -0.00997
v -0.08909 -0.03826 0.01149
v -0.08946 -0.03826 0.01294
v -0.08886 -0.03840 0.04507
v -0.08888 -0.03700 -0.01159
v -0.08930 -0.03700 -0.00997
v -0.08909 -0.03671 0.01304
v -0.08886 -0.03520 0.04507
v -0.08888 -0.03320 -0.01159
v -0.08933 -0.03320 -0.00985
v -0.08908 -0.03320 0.01304
v -0.08981 -0.03300 0.02677
v -0.08972 -0.02050 -0.03997
v -0.08961 -0.02050 -0.03827
v -0.08942 -0.02050 -0.03070
v -0.08940 -0.02050 0.02507
v -0.08984 -0.02050 0.03073
v -0.08961 -0.02050 0.03827
v -0.08954 -0.02050 0.04008
v -0.08956 -0.01950 -0.04124
v -0.08934 -0.02000 -0.03785
v -0.08911 -0.02000 -0.03121
v -0.08988 -0.02000 0.03124
v -0.08934 -0.02000 0.03785
v -0.08934 -0.01900 -0.03785
v -0.08911 -0.01900 -0.03121
v -0.08988 -0.01900 0.03124
v -0.08934 -0.01900 0.03785
v -0.08937 0.01010 -0.02500
v -0.08937 0.01350 -0.02500
v -0.08868 -0.04202 -0.02042
v -0.08824 -0.04245 -0.02006
v -0.08800 -0.04206 -0.01158
v -0.08814 -0.04263 -0.00203
v -0.08817 -0.04290 0.04032
v -0.08809 -0.04217 0.04317
v -0.08868 -0.04190 -0.02043
v -0.08792 -0.04182 -0.02023
v -0.08773 -0.04198 -0.01258
v -0.08788 -0.04198 -0.01056
v -0.08803 -0.04102 -0.00046
v -0.08843 -0.04103 0.01166
v -0.08821 -0.04139 0.04412
v -0.08820 -0.04100 0.04448
v -0.08859 -0.04018 -0.02040
v -0.08874 -0.04018 -0.01982
v -0.08791 -0.04018 -0.01816
v -0.08806 -0.04018 -0.01758
v -0.08849 -0.04018 -0.01593
v -0.08865 -0.03962 -0.01258
v -0.08853 -0.04025 -0.00180
v -0.08799 -0.04071 -0.00076
v -0.08812 -0.04062 0.01174
v -0.08821 -0.04029 0.04491
v -0.08775 -0.03937 -0.01956
v -0.08810 -0.03937 -0.01821
v -0.08825 -0.03937 -0.01763
v -0.08835 -0.03895 -0.01599
v -0.08826 -0.03864 -0.01557
v -0.08791 -0.03911 -0.01367
v -0.08822 -0.03908 -0.01233
v -0.08813 -0.03879 -0.01161
v -0.08830 -0.03909 -0.01028
v -0.08808 -0.03893 -0.00932
v -0.08762 -0.03943 -0.00167
v -0.08766 -0.03877 0.04396
v -0.08820 -0.03884 0.04530
v -0.08760 -0.03826 -0.01746
v -0.08783 -0.03781 -0.01607
v -0.08799 -0.03786 -0.01550
v -0.08853 -0.03826 -0.01388
v -0.08765 -0.03791 -0.01150
v -0.08767 -0.03808 -0.01023
v -0.08773 -0.03700 -0.01605
v -0.08788 -0.03700 -0.01547
v -0.08831 -0.03700 -0.01382
v -0.08873 -0.03700 -0.01218
v -0.08871 -0.03671 0.01159
v -0.08815 -0.03520 0.04537
v -0.08831 -0.03436 0.04530
v -0.08773 -0.03320 -0.01605
v -0.08788 -0.03320 -0.01547
v -0.08833 -0.03320 -0.01372
v -0.08873 -0.03320 -0.01218
v -0.08830 -0.03320 0.01169
v -0.08817 -0.03326 0.04540
v -0.08875 -0.03200 -0.02902
v -0.08769 -0.03199 0.04566
v -0.08842 -0.02050 -0.03875
v -0.08844 -0.02050 -0.03083
v -0.08875 -0.02050 -0.02902
v -0.08815 -0.02050 0.03097
v -0.08831 -0.02050 0.03874
v -0.08798 -0.02000 -0.03831
v -0.08775 -0.02000 -0.03168
v -0.08812 -0.02000 0.03151
v -0.08858 -0.02000 0.03820
v -0.08801 -0.01950 0.04212
v -0.08798 -0.01900 -0.03831
v -0.08775 -0.01900 -0.03168
v -0.08803 -0.01900 0.03156
v -0.08858 -0.01900 0.03820
v -0.08873 0.01010 0.02561
v -0.08763 0.01050 0.04233
v -0.08873 0.01350 0.02561
v -0.08701 -0.04235 -0.01952
v -0.08747 -0.04267 -0.01908
v -0.08716 -0.04209 -0.00249
v -0.08712 -0.04228 -0.00200
v -0.08713 -0.04269 0.04239
v -0.08706 -0.04227 0.04342
v -0.08695 -0.04161 -0.01995
v -0.08687 -0.04116 -0.01236
v -0.08725 -0.04143 -0.01153
v -0.08698 -0.04114 -0.01066
v -0.08685 -0.04187 -0.00252
v -0.08656 -0.04174 -0.00222
v -0.08710 -0.04099 -0.00018
v -0.08716 -0.04109 0.00005
v -0.08662 -0.04090 0.01213
v -0.08653 -0.04080 0.04178
v -0.08709 -0.04183 0.04410
v -0.08715 -0.04121 0.04465
v -0.08756 -0.04018 -0.01952
v -0.08663 -0.04068 -0.01148
v -0.08713 -0.04040 -0.00046
v -0.08673 -0.04058 0.04283
v -0.08691 -0.03997 0.04363
v -0.08684 -0.04028 0.04524
v -0.08715 -0.03927 -0.01978
v -0.08690 -0.03911 -0.01759
v -0.08732 -0.03911 -0.01594
v -0.08748 -0.03911 -0.01536
v -0.08736 -0.03918 -0.00140
v -0.08675 -0.03902 -0.00064
v -0.08693 -0.03882 0.04417
v -0.08702 -0.03892 0.04555
v -0.08702 -0.03826 -0.01971
v -0.08745 -0.03826 -0.01804
v -0.08660 -0.03776 -0.01575
v -0.08675 -0.03776 -0.01517
v -0.08716 -0.03776 -0.01359
v -0.08752 -0.03786 -0.01234
v -0.08757 -0.03779 -0.01188
v -0.08735 -0.03735 -0.00975
v -0.08746 -0.03786 -0.00916
v -0.08660 -0.03786 -0.00130
v -0.08650 -0.03795 -0.00083
v -0.08736 -0.03835 0.04414
v -0.08681 -0.03700 -0.01961
v -0.08731 -0.03700 -0.01769
v -0.08646 -0.03632 -0.01510
v -0.08681 -0.03632 -0.01374
v -0.08716 -0.03666 -0.01256
v -0.08733 -0.03667 -0.01154
v -0.08726 -0.03659 -0.01029
v -0.08716 -0.03672 -0.00908
v -0.08645 -0.03600 -0.01510
v -0.08680 -0.03600 -0.01374
v -0.08710 -0.03600 -0.01255
v -0.08728 -0.03600 -0.01129
v -0.08722 -0.03600 -0.01024
v -0.08710 -0.03600 -0.00907
v -0.08685 -0.03520 0.04559
v -0.08696 -0.03370 0.04422
v -0.08681 -0.03396 0.04571
v -0.08708 -0.03300 -0.02906
v -0.08683 -0.03320 -0.01953
v -0.08733 -0.03320 -0.01760
v -0.08645 -0.03320 -0.01510
v -0.08680 -0.03320 -0.01374
v -0.08711 -0.03320 -0.01253
v -0.08728 -0.03320 -0.01137
v -0.08720 -0.03320 -0.01001
v -0.08710 -0.03320 -0.00907
v -0.08667 -0.03320 0.01212
v -0.08650 -0.03300 0.02950
v -0.08721 -0.03285 0.04421
v -0.08641 -0.03291 0.04440
v -0.08702 -0.03305 0.04580
v -0.08708 -0.03200 0.03031
v -0.08714 -0.03216 0.04427
v -0.08655 -0.03162 0.04455
v -0.08701 -0.03174 0.04598
v -0.08711 -0.02050 -0.04148
v -0.08714 -0.02050 -0.03878
v -0.08747 -0.02050 -0.03126
v -0.08735 -0.02050 0.03135
v -0.08664 -0.02050 0.03865
v -0.08675 -0.02000 -0.03815
v -0.08693 -0.02000 -0.03225
v -0.08687 -0.02000 0.03229
v -0.08671 -0.02000 0.03813
v -0.08658 -0.01950 0.04287
v -0.08656 -0.01900 -0.03809
v -0.08693 -0.01900 -0.03225
v -0.08687 -0.01900 0.03229
v -0.08710 -0.01900 0.03826
v -0.08738 -0.01670 0.04415
v -0.08691 -0.01670 0.04604
v -0.08717 0.01010 -0.03770
v -0.08706 0.01010 0.03771
v -0.08716 0.01150 -0.04145
v -0.08711 0.01124 -0.03796
v -0.08705 0.01123 0.03795
v -0.08716 0.01150 0.04145
v -0.08609 -0.04204 -0.00168
v -0.08596 -0.04287 0.04141
v -0.08586 -0.04260 0.04276
v -0.08606 -0.04206 0.04385
v -0.08595 -0.04140 -0.01953
v -0.08584 -0.04171 -0.01885
v -0.08614 -0.04123 -0.00245
v -0.08585 -0.04149 -0.00180
v -0.08552 -0.04097 0.00033
v -0.08527 -0.04086 0.00680
v -0.08540 -0.04090 0.00738
v -0.08575 -0.04096 0.00905
v -0.08638 -0.04110 0.01219
v -0.08595 -0.04080 0.04195
v -0.08599 -0.04080 0.04205
v -0.08553 -0.04162 0.04423
v -0.08610 -0.04094 0.04490
v -0.08555 -0.04019 -0.01962
v -0.08616 -0.03981 -0.01145
v -0.08550 -0.04061 -0.00196
v -0.08587 -0.04023 -0.00007
v -0.08533 -0.04066 0.00030
v -0.08576 -0.04073 0.04237
v -0.08581 -0.04002 0.04366
v -0.08561 -0.04036 0.04511
v -0.08586 -0.03919 -0.01209
v -0.08588 -0.03888 -0.01143
v -0.08597 -0.03922 -0.01077
v -0.08567 -0.03858 -0.00002
v -0.08530 -0.03844 0.00030
v -0.08581 -0.03893 0.04418
v -0.08584 -0.03891 0.04547
v -0.08575 -0.03776 -0.01905
v -0.08617 -0.03776 -0.01743
v -0.08569 -0.03803 -0.01205
v -0.08579 -0.03790 -0.01142
v -0.08578 -0.03802 -0.01079
v -0.08605 -0.03819 -0.00026
v -0.08529 -0.03722 0.00029
v -0.08547 -0.03786 0.01242
v -0.08585 -0.03786 0.01388
v -0.08545 -0.03632 -0.01897
v -0.08588 -0.03632 -0.01733
v -0.08631 -0.03632 -0.01568
v -0.08579 -0.03694 -0.00034
v -0.08527 -0.03600 0.00026
v -0.08570 -0.03650 0.01237
v -0.08607 -0.03650 0.01382
v -0.08544 -0.03600 -0.01897
v -0.08588 -0.03600 -0.01730
v -0.08630 -0.03600 -0.01568
v -0.08591 -0.03600 -0.00055
v -0.08567 -0.03520 0.04545
v -0.08545 -0.03370 0.04412
v -0.08579 -0.03408 0.04569
v -0.08544 -0.03320 -0.01897
v -0.08585 -0.03320 -0.01742
v -0.08630 -0.03320 -0.01568
v -0.08568 -0.03320 -0.01205
v -0.08579 -0.03320 -0.01142
v -0.08578 -0.03320 -0.01079
v -0.08588 -0.03320 -0.00057
v -0.08525 -0.03320 0.00031
v -0.08529 -0.03320 0.00679
v -0.08544 -0.03320 0.00737
v -0.08587 -0.03320 0.00904
v -0.08570 -0.03320 0.01237
v -0.08607 -0.03320 0.01382
v -0.08550 -0.03308 0.04429
v -0.08566 -0.03255 0.04453
v -0.08589 -0.03305 0.04600
v -0.08561 -0.03195 0.04479
v -0.08588 -0.03168 0.04640
v -0.08575 -0.03099 0.04494
v -0.08575 -0.03065 0.04658
v -0.08524 -0.02050 -0.04242
v -0.08543 -0.02050 -0.04009
v -0.08611 -0.02050 -0.03845
v -0.08593 -0.02050 -0.03833
v -0.08582 -0.02050 -0.03238
v -0.08582 -0.02050 0.03238
v -0.08579 -0.02050 0.03824
v -0.08607 -0.02050 0.04201
v -0.08579 -0.01950 -0.04326
v -0.08539 -0.02000 -0.03721
v -0.08577 -0.02000 -0.03309
v -0.08610 -0.02000 0.03280
v -0.08580 -0.02000 0.03763
v -0.08539 -0.01900 -0.03721
v -0.08574 -0.01900 -0.03311
v -0.08610 -0.01900 0.03280
v -0.08580 -0.01900 0.03763
v -0.08602 0.01050 -0.04315
v -0.08596 0.01010 -0.03787
v -0.08558 0.01010 0.03777
v -0.08580 0.01125 -0.03809
v -0.08560 0.01125 0.03804
v -0.08568 0.01371 -0.00363
v -0.08600 0.01400 -0.00000
v -0.08598 0.01371 0.00096
v -0.08560 0.01400 0.00410
v -0.08527 0.01371 0.00550
v -0.08550 0.01450 -0.00000
v -0.08465 -0.04251 0.04164
v -0.08465 -0.04241 0.04220
v -0.08494 -0.04206 0.04337
v -0.08507 -0.04092 -0.01846
v -0.08429 -0.04094 0.00328
v -0.08475 -0.04096 0.00518
v -0.08505 -0.04109 0.00685
v -0.08515 -0.04110 0.00745
v -0.08442 -0.04155 0.04366
v -0.08504 -0.04108 0.04450
v -0.08517 -0.04034 -0.01944
v -0.08470 -0.04016 -0.01893
v -0.08486 -0.03998 -0.00158
v -0.08418 -0.03999 0.01431
v -0.08477 -0.04023 0.04256
v -0.08469 -0.03996 0.04486
v -0.08478 -0.03915 -0.01936
v -0.08426 -0.03904 -0.01854
v -0.08471 -0.03887 -0.00166
v -0.08415 -0.03885 -0.00118
v -0.08482 -0.03907 0.01259
v -0.08519 -0.03907 0.01405
v -0.08419 -0.03906 0.04279
v -0.08481 -0.03903 0.04364
v -0.08454 -0.03888 0.04498
v -0.08468 -0.03800 -0.01936
v -0.08415 -0.03794 -0.01862
v -0.08458 -0.03790 -0.00159
v -0.08407 -0.03790 -0.00116
v -0.08411 -0.03827 0.00916
v -0.08426 -0.03827 0.00974
v -0.08434 -0.03700 0.00910
v -0.08449 -0.03700 0.00968
v -0.08405 -0.03507 0.04472
v -0.08413 -0.03370 0.04276
v -0.08473 -0.03370 0.04364
v -0.08452 -0.03438 0.04526
v -0.08454 -0.03363 0.04579
v -0.08475 -0.03320 -0.01941
v -0.08417 -0.03320 -0.01867
v -0.08463 -0.03320 -0.00169
v -0.08407 -0.03320 -0.00116
v -0.08437 -0.03320 0.00323
v -0.08487 -0.03320 0.00519
v -0.08434 -0.03320 0.00910
v -0.08449 -0.03320 0.00968
v -0.08417 -0.03342 0.04312
v -0.08442 -0.03315 0.04385
v -0.08455 -0.03254 0.04462
v -0.08474 -0.03295 0.04620
v -0.08462 -0.03178 0.04514
v -0.08425 -0.03227 0.04672
v -0.08455 -0.03133 0.04697
v -0.08473 -0.03082 0.04539
v -0.08467 -0.03030 0.04705
v -0.08508 -0.02050 -0.03762
v -0.08443 -0.02050 -0.03651
v -0.08422 -0.02050 -0.03525
v -0.08448 -0.02050 -0.03399
v -0.08503 -0.02050 -0.03308
v -0.08493 -0.02050 0.03320
v -0.08438 -0.02050 0.03428
v -0.08422 -0.02050 0.03548
v -0.08448 -0.02050 0.03667
v -0.08503 -0.02050 0.03757
v -0.08481 -0.02000 -0.03605
v -0.08487 -0.02000 -0.03443
v -0.08511 -0.02000 0.03385
v -0.08473 -0.02000 0.03505
v -0.08495 -0.02000 0.03647
v -0.08443 -0.01950 0.04389
v -0.08481 -0.01900 -0.03605
v -0.08479 -0.01900 -0.03469
v -0.08511 -0.01900 0.03385
v -0.08473 -0.01900 0.03505
v -0.08495 -0.01900 0.03647
v -0.08508 0.01010 -0.03748
v -0.08454 0.01010 -0.03684
v -0.08465 0.01010 0.03700
v -0.08442 0.01050 0.04390
v -0.08489 0.01127 -0.03768
v -0.08432 0.01125 -0.03696
v -0.08447 0.01117 0.03704
v -0.08474 0.01150 0.03785
v -0.08440 0.01375 -0.00804
v -0.08440 0.01400 0.00804
v -0.08511 0.01450 -0.00400
v -0.08511 0.01450 0.00400
v -0.08333 -0.04096 -0.00034
v -0.08367 -0.04096 0.00101
v -0.08383 -0.04096 0.00159
v -0.08400 -0.04110 0.00299
v -0.08350 -0.04168 0.04194
v -0.08344 -0.04135 0.04256
v -0.08397 -0.04094 0.04387
v -0.08282 -0.03997 0.00949
v -0.08297 -0.03997 0.01008
v -0.08381 -0.03999 0.01286
v -0.08294 -0.04051 0.01463
v -0.08293 -0.04003 0.04309
v -0.08362 -0.04025 0.04398
v -0.08303 -0.03939 0.00768
v -0.08346 -0.03939 0.00933
v -0.08361 -0.03939 0.00991
v -0.08333 -0.03908 0.04397
v -0.08394 -0.03903 0.04459
v -0.08318 -0.03827 0.00555
v -0.08368 -0.03827 0.00749
v -0.08284 -0.03700 0.00329
v -0.08299 -0.03700 0.00387
v -0.08340 -0.03700 0.00549
v -0.08384 -0.03700 0.00717
v -0.08399 -0.03700 0.00775
v -0.08321 -0.03504 0.04391
v -0.08333 -0.03471 0.04434
v -0.08336 -0.03423 0.04506
v -0.08350 -0.03300 -0.03146
v -0.08344 -0.03320 -0.00037
v -0.08379 -0.03320 0.00098
v -0.08394 -0.03320 0.00156
v -0.08284 -0.03320 0.00329
v -0.08299 -0.03320 0.00387
v -0.08340 -0.03320 0.00549
v -0.08384 -0.03320 0.00717
v -0.08399 -0.03320 0.00775
v -0.08289 -0.03300 0.03182
v -0.08385 -0.03333 0.04279
v -0.08400 -0.03314 0.04362
v -0.08358 -0.03308 0.04636
v -0.08370 -0.03200 -0.03251
v -0.08338 -0.03200 0.03269
v -0.08368 -0.03192 0.04709
v -0.08283 -0.03070 0.04618
v -0.08379 -0.03070 0.04736
v -0.08352 -0.02050 -0.04320
v -0.08370 -0.02050 -0.03251
v -0.08299 -0.02050 0.04342
v -0.08283 -0.01670 0.04618
v -0.08337 0.01050 -0.04435
v -0.08384 0.01010 -0.02939
v -0.08309 0.01010 0.02986
v -0.08299 0.01150 -0.04342
v -0.08299 0.01150 0.04342
v -0.08384 0.01350 -0.02939
v -0.08381 0.01373 -0.00934
v -0.08359 0.01371 0.00978
v -0.08309 0.01350 0.02986
v -0.08394 0.01450 -0.00785
v -0.08394 0.01450 0.00784
v -0.08182 -0.03997 0.00562
v -0.08197 -0.03997 0.00620
v -0.08240 -0.03997 0.00785
v -0.08175 -0.04050 0.01008
v -0.08256 -0.04051 0.01318
v -0.08262 -0.04016 0.04217
v -0.08161 -0.03939 0.00217
v -0.08196 -0.03939 0.00352
v -0.08211 -0.03939 0.00410
v -0.08246 -0.03939 0.00546
v -0.08261 -0.03939 0.00604
v -0.08257 -0.03890 0.04266
v -0.08161 -0.03827 -0.00052
v -0.08176 -0.03827 0.00006
v -0.08218 -0.03827 0.00168
v -0.08261 -0.03827 0.00335
v -0.08276 -0.03827 0.00393
v -0.08183 -0.03700 -0.00058
v -0.08198 -0.03700 0.00000
v -0.08240 -0.03700 0.00162
v -0.08238 -0.03500 0.04238
v -0.08278 -0.03495 0.04339
v -0.08227 -0.03475 0.04285
v -0.08254 -0.03469 0.04375
v -0.08278 -0.03436 0.04482
v -0.08183 -0.03320 -0.00058
v -0.08198 -0.03320 0.00000
v -0.08240 -0.03320 0.00162
v -0.08223 -0.03020 0.04799
v -0.08245 -0.02050 0.04364
v -0.08230 -0.01950 -0.04478
v -0.08223 -0.01670 0.04799
v -0.08246 0.01400 -0.01167
v -0.08246 0.01400 0.01167
v -0.08205 0.01450 -0.01139
v -0.08205 0.01450 0.01139
v -0.08047 -0.03997 0.00039
v -0.08089 -0.03997 0.00204
v -0.08140 -0.03997 0.00398
v -0.08067 -0.04050 0.00592
v -0.08082 -0.04050 0.00650
v -0.08117 -0.04050 0.00786
v -0.08132 -0.04050 0.00844
v -0.08050 -0.04057 0.01041
v -0.08122 -0.04057 0.01352
v -0.08160 -0.04057 0.01498
v -0.08096 -0.03939 -0.00035
v -0.08111 -0.03939 0.00023
v -0.08146 -0.03939 0.00158
v -0.08107 -0.03320 0.04417
v -0.08082 -0.02050 -0.03818
v -0.08150 -0.02050 -0.03654
v -0.08068 -0.02050 0.04431
v -0.08089 -0.01950 0.04529
v -0.08136 0.01010 -0.03084
v -0.08136 0.01010 0.03084
v -0.08116 0.01123 -0.03095
v -0.08112 0.01127 0.03097
v -0.08133 0.01368 -0.01321
v -0.08101 0.01368 0.01359
v -0.07947 -0.04264 0.01504
v -0.07975 -0.04277 0.01599
v -0.07953 -0.04190 0.01551
v -0.08032 -0.03997 -0.00019
v -0.07932 -0.04050 0.00069
v -0.07967 -0.04050 0.00205
v -0.07982 -0.04050 0.00263
v -0.08025 -0.04050 0.00427
v -0.07950 -0.04057 0.00653
v -0.07992 -0.04057 0.00818
v -0.08007 -0.04057 0.00876
v -0.07922 -0.04018 0.01043
v -0.07937 -0.04018 0.01101
v -0.07994 -0.04016 0.01386
v -0.08032 -0.04016 0.01531
v -0.07930 -0.03940 0.01557
v -0.08036 -0.03506 0.03448
v -0.08004 -0.03473 0.03462
v -0.07966 -0.03300 -0.03343
v -0.08040 -0.03320 0.03446
v -0.07931 -0.03320 0.04477
v -0.07972 -0.03276 0.04604
v -0.08006 -0.03200 -0.03434
v -0.07942 -0.03200 0.03462
v -0.07994 -0.03209 0.04675
v -0.08001 -0.03166 0.04697
v -0.08006 -0.03100 0.04712
v -0.07981 -0.02050 -0.04461
v -0.07932 -0.02050 0.03456
v -0.07957 -0.01950 -0.04574
v -0.08005 -0.01950 -0.04558
v -0.07957 0.01050 -0.04574
v -0.07985 0.01400 -0.01485
v -0.07985 0.01400 0.01485
v -0.07950 0.01450 -0.01450
v -0.07950 0.01450 0.01450
v -0.07853 -0.04257 0.01519
v -0.07865 -0.04246 0.01611
v -0.07800 -0.04110 0.01136
v -0.07873 -0.04110 0.01417
v -0.07884 -0.04132 0.01580
v -0.07862 -0.04054 0.00056
v -0.07842 -0.04057 0.00237
v -0.07857 -0.04057 0.00295
v -0.07892 -0.04057 0.00431
v -0.07907 -0.04057 0.00489
v -0.07829 -0.04018 0.00682
v -0.07879 -0.04018 0.00875
v -0.07838 -0.04056 0.01607
v -0.07824 -0.03937 0.01068
v -0.07839 -0.03937 0.01126
v -0.07893 -0.03940 0.01412
v -0.07815 -0.03826 0.01432
v -0.07852 -0.03826 0.01577
v -0.07814 -0.03669 0.01587
v -0.07813 -0.03436 0.04640
v -0.07834 -0.03394 0.04715
v -0.07813 -0.03320 0.01587
v -0.07903 -0.03300 0.03369
v -0.07840 -0.03320 0.04505
v -0.07853 -0.03338 0.04781
v -0.07868 -0.03270 0.04835
v -0.07814 -0.03200 -0.03512
v -0.07879 -0.03192 0.04875
v -0.07809 -0.03070 0.04774
v -0.07887 -0.03067 0.04903
v -0.07814 -0.02050 -0.03512
v -0.07874 -0.02050 0.03316
v -0.07870 -0.02050 0.04496
v -0.07851 -0.01950 -0.04606
v -0.07809 -0.01670 0.04774
v -0.07864 0.01150 -0.04498
v -0.07864 0.01150 0.04498
v -0.07806 0.01369 -0.01644
v -0.07765 -0.04235 0.01536
v -0.07768 -0.04220 0.01658
v -0.07685 -0.04110 0.00691
v -0.07700 -0.04110 0.00749
v -0.07743 -0.04110 0.00916
v -0.07785 -0.04110 0.01078
v -0.07702 -0.04087 0.01125
v -0.07736 -0.04143 0.01478
v -0.07737 -0.04150 0.01616
v -0.07687 -0.04150 0.01697
v -0.07792 -0.04057 0.00043
v -0.07687 -0.04018 0.00132
v -0.07729 -0.04018 0.00294
v -0.07772 -0.04018 0.00462
v -0.07787 -0.04018 0.00520
v -0.07714 -0.04024 0.01458
v -0.07712 -0.04015 0.01621
v -0.07688 -0.03937 0.00545
v -0.07723 -0.03937 0.00681
v -0.07738 -0.03937 0.00739
v -0.07781 -0.03937 0.00905
v -0.07681 -0.03938 0.01466
v -0.07726 -0.03880 0.01635
v -0.07717 -0.03826 0.00923
v -0.07767 -0.03826 0.01117
v -0.07695 -0.03700 0.00929
v -0.07745 -0.03700 0.01122
v -0.07777 -0.03671 0.01442
v -0.07726 -0.03370 0.01635
v -0.07778 -0.03466 0.04517
v -0.07695 -0.03320 0.00929
v -0.07745 -0.03320 0.01123
v -0.07776 -0.03320 0.01442
v -0.07701 -0.03331 0.01642
v -0.07739 -0.03020 0.04947
v -0.07707 -0.02050 -0.04249
v -0.07741 -0.02050 -0.04113
v -0.07726 -0.02050 -0.04002
v -0.07744 -0.02050 0.03003
v -0.07706 -0.02050 0.03952
v -0.07738 -0.02050 0.04058
v -0.07738 -0.02050 0.04152
v -0.07707 -0.02050 0.04255
v -0.07681 -0.02000 -0.04185
v -0.07685 -0.02000 -0.04041
v -0.07690 -0.02000 0.04073
v -0.07760 -0.01950 0.04632
v -0.07681 -0.01900 -0.04185
v -0.07685 -0.01900 -0.04041
v -0.07690 -0.01900 0.04073
v -0.07739 -0.01670 0.04947
v -0.07717 0.01010 -0.04122
v -0.07727 0.01010 -0.04015
v -0.07726 0.01010 0.04017
v -0.07696 0.01010 0.04160
v -0.07788 0.01050 0.04624
v -0.07696 0.01150 -0.04234
v -0.07728 0.01125 -0.04154
v -0.07753 0.01126 -0.04016
v -0.07754 0.01150 -0.03258
v -0.07751 0.01125 0.04021
v -0.07723 0.01125 0.04164
v -0.07684 0.01150 0.04244
v -0.07754 0.01350 -0.03258
v -0.07767 0.01365 0.01674
v -0.07586 -0.04234 0.00107
v -0.07600 -0.04280 0.00162
v -0.07583 -0.04190 0.00097
v -0.07585 -0.04110 0.00304
v -0.07600 -0.04110 0.00362
v -0.07620 -0.04104 0.00542
v -0.07595 -0.04087 0.00714
v -0.07610 -0.04087 0.00772
v -0.07645 -0.04087 0.00908
v -0.07661 -0.04087 0.00966
v -0.07632 -0.04125 0.01547
v -0.07653 -0.04101 0.01623
v -0.07657 -0.04110 0.01685
v -0.07672 -0.04018 0.00074
v -0.07576 -0.04024 0.00926
v -0.07591 -0.04024 0.00984
v -0.07634 -0.04024 0.01151
v -0.07624 -0.04010 0.01631
v -0.07611 -0.04002 0.01701
v -0.07573 -0.03937 0.00100
v -0.07588 -0.03937 0.00158
v -0.07631 -0.03937 0.00325
v -0.07673 -0.03937 0.00487
v -0.07600 -0.03923 0.01157
v -0.07679 -0.03910 0.01467
v -0.07626 -0.03907 0.01630
v -0.07594 -0.03890 0.01704
v -0.07573 -0.03826 0.00368
v -0.07617 -0.03826 0.00536
v -0.07659 -0.03826 0.00698
v -0.07674 -0.03826 0.00756
v -0.07595 -0.03700 0.00541
v -0.07637 -0.03700 0.00703
v -0.07652 -0.03700 0.00761
v -0.07633 -0.03470 0.03601
v -0.07561 -0.03300 -0.03492
v -0.07595 -0.03320 0.00542
v -0.07637 -0.03320 0.00703
v -0.07652 -0.03320 0.00761
v -0.07598 -0.03320 0.01153
v -0.07679 -0.03320 0.01467
v -0.07629 -0.03320 0.01638
v -0.07594 -0.03320 0.01710
v -0.07633 -0.03320 0.03601
v -0.07569 -0.03320 0.04577
v -0.07590 -0.03200 -0.03588
v -0.07599 -0.02050 -0.04570
v -0.07601 -0.02050 -0.04384
v -0.07674 -0.02050 -0.04311
v -0.07679 -0.02050 -0.03905
v -0.07596 -0.02050 -0.03822
v -0.07562 -0.02050 0.03799
v -0.07649 -0.02050 0.03868
v -0.07598 -0.02050 0.04382
v -0.07568 -0.02000 -0.04347
v -0.07631 -0.02000 -0.04283
v -0.07656 -0.02000 -0.03963
v -0.07622 -0.02000 -0.03912
v -0.07649 -0.02000 0.03950
v -0.07669 -0.02000 0.03989
v -0.07669 -0.02000 0.04218
v -0.07584 -0.02000 0.04334
v -0.07642 -0.01950 0.04662
v -0.07616 -0.01900 -0.04303
v -0.07622 -0.01900 -0.03912
v -0.07649 -0.01900 0.03950
v -0.07669 -0.01900 0.04218
v -0.07584 -0.01900 0.04334
v -0.07609 0.01010 -0.04226
v -0.07596 0.01010 0.04234
v -0.07619 0.01124 -0.04248
v -0.07572 0.01150 -0.03323
v -0.07631 0.01150 0.03302
v -0.07599 0.01117 0.04250
v -0.07667 0.01400 -0.01746
v -0.07667 0.01400 0.01746
v -0.07671 0.01350 0.03289
v -0.07639 0.01450 -0.01705
v -0.07598 0.01450 -0.01267
v -0.07611 0.01450 -0.01164
v -0.07572 0.01450 -0.01068
v -0.07639 0.01450 0.01705
v -0.07598 0.01720 -0.01267
v -0.07611 0.01720 -0.01164
v -0.07572 0.01720 -0.01068
v -0.07494 -0.04247 0.00169
v -0.07517 -0.04182 0.00114
v -0.07491 -0.04127 0.00157
v -0.07495 -0.04087 0.00327
v -0.07510 -0.04087 0.00385
v -0.07545 -0.04087 0.00520
v -0.07441 -0.04024 0.00403
v -0.07484 -0.04024 0.00571
v -0.07534 -0.04024 0.00764
v -0.07554 -0.03967 0.01551
v -0.07442 -0.03923 0.00547
v -0.07457 -0.03923 0.00605
v -0.07500 -0.03923 0.00770
v -0.07542 -0.03923 0.00934
v -0.07557 -0.03923 0.00992
v -0.07546 -0.03890 0.01553
v -0.07550 -0.03890 0.01565
v -0.07508 -0.03826 0.00117
v -0.07523 -0.03826 0.00175
v -0.07558 -0.03826 0.00310
v -0.07495 -0.03700 0.00154
v -0.07536 -0.03700 0.00316
v -0.07551 -0.03700 0.00374
v -0.07495 -0.03320 0.00155
v -0.07536 -0.03320 0.00316
v -0.07551 -0.03320 0.00374
v -0.07441 -0.03320 0.00547
v -0.07456 -0.03320 0.00605
v -0.07497 -0.03320 0.00763
v -0.07541 -0.03320 0.00934
v -0.07556 -0.03320 0.00993
v -0.07546 -0.03320 0.01553
v -0.07550 -0.03320 0.01565
v -0.07498 -0.03300 0.03511
v -0.07481 -0.03320 0.04597
v -0.07508 -0.03278 0.04724
v -0.07526 -0.03200 0.03607
v -0.07524 -0.03209 0.04800
v -0.07529 -0.03166 0.04823
v -0.07532 -0.03098 0.04838
v -0.07466 -0.02050 -0.04446
v -0.07506 -0.02050 -0.04435
v -0.07525 -0.02050 -0.03781
v -0.07538 -0.02050 -0.03603
v -0.07466 -0.02050 0.03762
v -0.07466 -0.02050 0.04446
v -0.07485 -0.02050 0.04596
v -0.07483 -0.01950 -0.04698
v -0.07476 -0.02000 -0.04391
v -0.07506 -0.02000 -0.03827
v -0.07554 -0.02000 0.03852
v -0.07455 -0.02000 0.04397
v -0.07477 -0.01900 -0.04391
v -0.07506 -0.01900 -0.03827
v -0.07554 -0.01900 0.03852
v -0.07455 -0.01900 0.04397
v -0.07524 0.01010 -0.03338
v -0.07524 0.01010 0.03338
v -0.07524 0.01100 -0.03338
v -0.07524 0.01100 0.03338
v -0.07504 0.01450 -0.01363
v -0.07490 0.01450 -0.01005
v -0.07507 0.01720 -0.01361
v -0.07490 0.01720 -0.01005
v -0.07387 -0.04217 0.00212
v -0.07369 -0.04151 0.00174
v -0.07362 -0.04199 0.00258
v -0.07358 -0.04041 0.00178
v -0.07426 -0.04024 0.00345
v -0.07357 -0.03923 0.00218
v -0.07392 -0.03923 0.00353
v -0.07407 -0.03923 0.00411
v -0.07333 -0.03436 0.04750
v -0.07347 -0.03394 0.04826
v -0.07356 -0.03320 0.00218
v -0.07391 -0.03320 0.00354
v -0.07406 -0.03320 0.00412
v -0.07359 -0.03338 0.04894
v -0.07368 -0.03270 0.04949
v -0.07376 -0.03192 0.04990
v -0.07323 -0.03070 0.04881
v -0.07381 -0.03067 0.05019
v -0.07402 -0.02050 -0.04613
v -0.07423 -0.02050 -0.03756
v -0.07358 -0.02050 0.03756
v -0.07350 -0.02000 -0.04419
v -0.07398 -0.02000 -0.03808
v -0.07379 -0.02000 0.03808
v -0.07343 -0.02000 0.04420
v -0.07350 -0.01900 -0.04419
v -0.07377 -0.01900 -0.03808
v -0.07371 -0.01900 0.03808
v -0.07343 -0.01900 0.04420
v -0.07323 -0.01670 0.04881
v -0.07436 0.01050 0.04708
v -0.07417 0.01150 -0.04610
v -0.07417 0.01150 0.04610
v -0.07417 0.01373 -0.01889
v -0.07373 0.01371 0.01910
v -0.07380 0.01450 -0.01387
v -0.07387 0.01450 -0.00992
v -0.07380 0.01720 -0.01387
v -0.07387 0.01720 -0.00992
v -0.07287 -0.04102 0.00219
v -0.07276 -0.04095 0.00280
v -0.07283 -0.04010 0.00188
v -0.07233 -0.03989 0.00266
v -0.07258 -0.03903 0.00196
v -0.07219 -0.03890 0.00278
v -0.07210 -0.03470 0.03707
v -0.07311 -0.03466 0.04623
v -0.07258 -0.03320 0.00200
v -0.07220 -0.03320 0.00291
v -0.07210 -0.03320 0.03707
v -0.07295 -0.03320 0.04632
v -0.07223 -0.03200 -0.03680
v -0.07243 -0.03020 0.05045
v -0.07209 -0.02050 -0.04646
v -0.07252 -0.02050 -0.04487
v -0.07317 -0.02050 -0.03762
v -0.07223 -0.02050 -0.03680
v -0.07317 -0.02050 0.03762
v -0.07237 -0.02050 0.04490
v -0.07281 -0.01950 -0.04736
v -0.07244 -0.02000 -0.04438
v -0.07236 -0.02000 -0.03830
v -0.07230 -0.02000 0.03831
v -0.07230 -0.02000 0.04440
v -0.07268 -0.01950 0.04738
v -0.07244 -0.01900 -0.04438
v -0.07236 -0.01900 -0.03830
v -0.07230 -0.01900 0.03831
v -0.07230 -0.01900 0.04440
v -0.07243 -0.01670 0.05045
v -0.07281 0.01050 -0.04736
v -0.07265 0.01379 -0.01956
v -0.07304 0.01400 0.01940
v -0.07285 0.01450 -0.01894
v -0.07297 0.01450 -0.01353
v -0.07224 0.01450 -0.01239
v -0.07228 0.01450 -0.01113
v -0.07291 0.01450 -0.01031
v -0.07235 0.01450 0.01276
v -0.07272 0.01450 0.01412
v -0.07233 0.01450 0.01508
v -0.07285 0.01450 0.01894
v -0.07297 0.01720 -0.01353
v -0.07226 0.01720 -0.01244
v -0.07228 0.01720 -0.01113
v -0.07291 0.01720 -0.01031
v -0.07236 0.01720 0.01277
v -0.07272 0.01720 0.01412
v -0.07233 0.01720 0.01508
v -0.07175 -0.03249 -0.03639
v -0.07170 -0.03300 -0.03588
v -0.07152 -0.03300 -0.03430
v -0.07102 -0.03300 -0.03333
v -0.07180 -0.03200 -0.03688
v -0.07105 -0.03200 -0.03495
v -0.07101 -0.03200 -0.03429
v -0.07096 -0.03200 0.03702
v -0.07180 -0.03100 -0.03688
v -0.07105 -0.03100 -0.03495
v -0.07136 -0.03100 -0.03431
v -0.07102 -0.03100 -0.03333
v -0.07147 -0.02050 -0.04489
v -0.07136 -0.02050 -0.03797
v -0.07122 -0.02050 0.03799
v -0.07124 -0.02050 0.04485
v -0.07093 -0.02050 0.04662
v -0.07106 -0.01950 -0.04762
v -0.07101 -0.02000 -0.04427
v -0.07145 -0.02000 -0.03846
v -0.07131 -0.02000 0.03849
v -0.07132 -0.02000 0.04436
v -0.07106 -0.01950 0.04762
v -0.07101 -0.01900 -0.04427
v -0.07145 -0.01900 -0.03846
v -0.07131 -0.01900 0.03849
v -0.07132 -0.01900 0.04436
v -0.07116 0.01010 -0.04331
v -0.07118 0.01010 0.04331
v -0.07106 0.01050 0.04762
v -0.07119 0.01125 -0.04356
v -0.07122 0.01123 0.04354
v -0.07090 0.01375 0.02015
v -0.07129 0.01450 0.01194
v -0.07151 0.01450 0.01571
v -0.07129 0.01720 0.01194
v -0.07151 0.01720 0.01571
v -0.07000 -0.03300 -0.03277
v -0.07080 -0.03300 0.03604
v -0.07017 -0.03320 0.04671
v -0.07031 -0.03301 0.04766
v -0.07040 -0.03247 0.04847
v -0.06994 -0.03200 -0.03612
v -0.07079 -0.03200 -0.03557
v -0.07069 -0.03200 -0.03370
v -0.07014 -0.03200 -0.03331
v -0.07045 -0.03187 0.04889
v -0.06994 -0.03100 -0.03611
v -0.07079 -0.03100 -0.03557
v -0.07069 -0.03100 -0.03370
v -0.07006 -0.03100 -0.03296
v -0.07048 -0.03098 0.04917
v -0.07053 -0.02050 -0.04462
v -0.06970 -0.02050 -0.04411
v -0.06976 -0.02050 -0.03868
v -0.07052 -0.02050 -0.03823
v -0.06998 -0.02050 -0.03717
v -0.07023 -0.02050 0.03837
v -0.07018 -0.02050 0.04445
v -0.07027 -0.02000 -0.04386
v -0.07061 -0.02000 -0.03873
v -0.07002 -0.02000 0.03912
v -0.07003 -0.02000 0.04373
v -0.06979 -0.01900 -0.04351
v -0.07061 -0.01900 -0.03873
v -0.07002 -0.01900 0.03912
v -0.07003 -0.01900 0.04373
v -0.06971 0.01050 -0.04777
v -0.07072 0.01010 -0.03444
v -0.06985 0.01010 0.03457
v -0.06961 0.01150 -0.04677
v -0.06961 0.01150 0.04677
v -0.07072 0.01350 -0.03444
v -0.06985 0.01350 0.03457
v -0.07041 0.01450 0.01189
v -0.07048 0.01450 0.01584
v -0.07041 0.01720 0.01189
v -0.07048 0.01720 0.01584
v -0.06848 -0.03415 0.04849
v -0.06878 -0.03300 -0.03287
v -0.06858 -0.03304 0.04983
v -0.06899 -0.03200 -0.03609
v -0.06866 -0.03200 -0.03589
v -0.06922 -0.03200 -0.03328
v -0.06863 -0.03192 0.05053
v -0.06899 -0.03100 -0.03609
v -0.06866 -0.03100 -0.03589
v -0.06905 -0.03100 -0.03315
v -0.06865 -0.03054 0.05083
v -0.06903 -0.02050 -0.04336
v -0.06862 -0.02050 -0.04252
v -0.06844 -0.02050 -0.04148
v -0.06864 -0.02050 -0.04030
v -0.06915 -0.02050 -0.03932
v -0.06943 -0.02050 0.03899
v -0.06868 -0.02050 0.04024
v -0.06846 -0.02050 0.04177
v -0.06871 -0.02050 0.04276
v -0.06931 -0.02050 0.04373
v -0.06905 -0.02000 -0.04224
v -0.06898 -0.02000 -0.04094
v -0.06932 -0.02000 -0.04001
v -0.06935 -0.02000 0.03995
v -0.06896 -0.02000 0.04175
v -0.06917 -0.02000 0.04257
v -0.06891 -0.01950 0.04784
v -0.06905 -0.01900 -0.04224
v -0.06898 -0.01900 -0.04094
v -0.06950 -0.01900 -0.03968
v -0.06916 -0.01900 0.04029
v -0.06896 -0.01900 0.04175
v -0.06917 -0.01900 0.04257
v -0.06910 0.01400 -0.02060
v -0.06910 0.01400 0.02060
v -0.06900 0.01450 -0.02011
v -0.06931 0.01450 0.01253
v -0.06874 0.01450 0.01375
v -0.06921 0.01450 0.01503
v -0.06900 0.01450 0.02011
v -0.06931 0.01720 0.01253
v -0.06874 0.01720 0.01375
v -0.06916 0.01720 0.01497
v -0.06779 -0.03470 0.03765
v -0.06833 -0.03470 0.04638
v -0.06840 -0.03461 0.04726
v -0.06773 -0.03300 -0.03640
v -0.06758 -0.03300 -0.03490
v -0.06769 -0.03300 -0.03402
v -0.06804 -0.03300 -0.03341
v -0.06779 -0.03320 0.03765
v -0.06737 -0.03320 0.04694
v -0.06783 -0.03200 -0.03739
v -0.06821 -0.03200 -0.03525
v -0.06826 -0.03200 -0.03405
v -0.06783 -0.03100 -0.03739
v -0.06796 -0.03100 -0.03513
v -0.06805 -0.03100 -0.03408
v -0.06804 -0.03100 -0.03341
v -0.06828 -0.03070 0.04939
v -0.06740 -0.03020 0.05094
v -0.06814 -0.02050 -0.04689
v -0.06800 -0.02050 -0.04441
v -0.06793 -0.02050 -0.04386
v -0.06761 -0.02050 -0.04268
v -0.06765 -0.02050 0.04310
v -0.06797 -0.02050 0.04405
v -0.06797 -0.02050 0.04496
v -0.06784 -0.02050 0.04691
v -0.06820 -0.01950 -0.04789
v -0.06763 -0.02000 -0.04672
v -0.06750 -0.02000 -0.04443
v -0.06736 -0.02000 -0.04367
v -0.06737 -0.02000 0.04371
v -0.06747 -0.02000 0.04490
v -0.06735 -0.02000 0.04673
v -0.06777 -0.01950 0.04792
v -0.06769 -0.01879 -0.04792
v -0.06726 -0.01879 0.04795
v -0.06769 -0.01750 -0.04792
v -0.06750 -0.01750 -0.04443
v -0.06736 -0.01750 -0.04367
v -0.06737 -0.01750 0.04371
v -0.06747 -0.01750 0.04490
v -0.06726 -0.01750 0.04795
v -0.06828 -0.01670 0.04939
v -0.06740 -0.01670 0.05094
v -0.06821 0.01371 -0.02075
v -0.06653 -0.03300 0.03647
v -0.06612 -0.03200 -0.03748
v -0.06657 -0.03200 0.03747
v -0.06673 -0.02050 -0.04205
v -0.06612 -0.02050 -0.03748
v -0.06634 -0.02050 0.04182
v -0.06704 -0.02050 0.04230
v -0.06659 -0.01950 -0.04572
v -0.06695 -0.01950 -0.04493
v -0.06673 -0.01950 -0.04360
v -0.06692 -0.02000 -0.04291
v -0.06633 -0.01984 0.04260
v -0.06685 -0.01950 0.04390
v -0.06685 -0.01950 0.04526
v -0.06641 -0.01950 0.04591
v -0.06659 -0.01750 -0.04572
v -0.06695 -0.01750 -0.04493
v -0.06677 -0.01750 -0.04367
v -0.06692 -0.01750 -0.04291
v -0.06639 -0.01750 0.04274
v -0.06684 -0.01750 0.04386
v -0.06685 -0.01750 0.04526
v -0.06641 -0.01750 0.04591
v -0.06607 -0.01670 0.04949
v -0.06606 -0.01670 0.05099
v -0.06623 0.01010 -0.04369
v -0.06624 0.01010 0.04370
v -0.06625 0.01119 -0.04390
v -0.06626 0.01120 0.04390
v -0.06638 0.01367 0.02095
v -0.06527 -0.03306 0.03775
v -0.06525 -0.03303 0.04737
v -0.06547 -0.03262 0.04855
v -0.06507 -0.03192 0.04891
v -0.06539 -0.03138 0.04936
v -0.06533 -0.03074 0.04943
v -0.06539 -0.02670 0.04944
v -0.06543 -0.02050 -0.04154
v -0.06543 -0.02050 0.04153
v -0.06562 -0.01950 -0.04636
v -0.06561 -0.01977 -0.04235
v -0.06537 -0.01987 0.04217
v -0.06533 -0.01950 0.04642
v -0.06588 -0.01750 -0.04799
v -0.06547 -0.01750 -0.04640
v -0.06563 -0.01750 -0.04240
v -0.06543 -0.01750 0.04228
v -0.06533 -0.01750 0.04642
v -0.06490 -0.01694 0.04950
v -0.06498 -0.01690 0.05100
v -0.06551 -0.01675 0.04950
v -0.06540 -0.01677 0.05100
v -0.06588 0.01050 -0.04799
v -0.06549 0.01010 -0.04333
v -0.06481 0.01010 -0.04318
v -0.06519 0.01010 0.04318
v -0.06566 0.01010 0.04342
v -0.06500 0.01150 -0.04700
v -0.06545 0.01130 -0.04367
v -0.06481 0.01100 -0.04318
v -0.06519 0.01100 0.04318
v -0.06545 0.01133 0.04371
v -0.06500 0.01150 0.04700
v -0.06500 0.01400 -0.02100
v -0.06500 0.01400 0.02100
v -0.06500 0.01450 -0.02050
v -0.06500 0.01450 0.02050
v -0.06368 -0.03470 0.03773
v -0.06474 -0.03256 0.03775
v -0.06467 -0.03253 0.04738
v -0.06447 -0.03209 0.03761
v -0.06459 -0.03207 0.04740
v -0.06463 -0.03182 0.04834
v -0.06462 -0.03087 0.04866
v -0.06366 -0.02955 0.03773
v -0.06467 -0.02670 0.03775
v -0.06461 -0.02670 0.04867
v -0.06462 -0.02050 -0.04152
v -0.06429 -0.02050 0.03749
v -0.06409 -0.02050 0.03922
v -0.06468 -0.02050 0.04063
v -0.06410 -0.02050 0.04168
v -0.06423 -0.01950 -0.04635
v -0.06411 -0.01985 -0.04238
v -0.06422 -0.01978 0.04237
v -0.06403 -0.01950 0.04625
v -0.06423 -0.01750 -0.04635
v -0.06410 -0.01750 -0.04240
v -0.06436 -0.01750 0.04233
v -0.06403 -0.01750 0.04625
v -0.06412 -0.01750 0.04799
v -0.06400 -0.01755 0.04949
v -0.06410 -0.01760 0.05099
v -0.06427 0.01010 -0.04346
v -0.06367 0.01010 -0.03489
v -0.06433 0.01010 0.04344
v -0.06412 0.01050 0.04799
v -0.06427 0.01122 -0.04373
v -0.06422 0.01120 0.04373
v -0.06367 0.01350 -0.03489
v -0.06362 0.01367 -0.02095
v -0.06333 -0.03448 0.03794
v -0.06328 -0.03450 0.04648
v -0.06326 -0.03443 0.04705
v -0.06329 -0.03413 0.04823
v -0.06345 -0.03365 0.04933
v -0.06347 -0.03300 -0.03647
v -0.06242 -0.03300 0.03490
v -0.06308 -0.03339 0.04901
v -0.06327 -0.03282 0.04985
v -0.06343 -0.03200 -0.03747
v -0.06358 -0.03200 0.03577
v -0.06355 -0.03200 0.03747
v -0.06306 -0.03148 0.05030
v -0.06337 -0.03163 0.05064
v -0.06242 -0.03100 0.03490
v -0.06306 -0.03103 0.05039
v -0.06330 -0.03034 0.05081
v -0.06307 -0.02937 0.03800
v -0.06295 -0.02933 0.05070
v -0.06283 -0.02873 0.03769
v -0.06271 -0.02873 0.05095
v -0.06284 -0.02670 -0.04837
v -0.06291 -0.02670 -0.04786
v -0.06323 -0.02670 -0.04060
v -0.06295 -0.02670 -0.03919
v -0.06344 -0.02670 0.03772
v -0.06295 -0.02670 0.03919
v -0.06323 -0.02670 0.04060
v -0.06291 -0.02670 0.04786
v -0.06284 -0.02670 0.04837
v -0.06307 -0.02670 0.04946
v -0.06306 -0.02670 0.05096
v -0.06284 -0.02070 -0.04837
v -0.06291 -0.02070 -0.04786
v -0.06272 -0.02050 -0.04255
v -0.06357 -0.02050 -0.04186
v -0.06323 -0.02070 -0.04060
v -0.06295 -0.02070 -0.03919
v -0.06358 -0.02050 0.03577
v -0.06355 -0.02050 0.03747
v -0.06295 -0.02070 0.03919
v -0.06323 -0.02070 0.04060
v -0.06282 -0.02050 0.04244
v -0.06291 -0.02070 0.04786
v -0.06284 -0.02070 0.04837
v -0.06312 -0.01975 -0.04632
v -0.06295 -0.01967 -0.04514
v -0.06287 -0.01983 -0.04362
v -0.06340 -0.01978 0.04289
v -0.06282 -0.01979 0.04380
v -0.06272 -0.01979 0.04460
v -0.06337 -0.01950 0.04566
v -0.06307 -0.01970 0.04946
v -0.06306 -0.01970 0.05096
v -0.06274 -0.01879 -0.04795
v -0.06328 -0.01864 0.04947
v -0.06328 -0.01862 0.05097
v -0.06274 -0.01750 -0.04795
v -0.06359 -0.01750 -0.04591
v -0.06280 -0.01750 -0.04506
v -0.06294 -0.01750 -0.04367
v -0.06339 -0.01750 0.04284
v -0.06286 -0.01750 0.04382
v -0.06277 -0.01750 0.04463
v -0.06337 -0.01750 0.04566
v -0.06358 0.01010 -0.04373
v -0.06279 0.01010 0.03484
v -0.06358 0.01010 0.04373
v -0.06357 0.01125 -0.04398
v -0.06357 0.01125 0.04398
v -0.06279 0.01350 0.03484
v -0.06181 -0.03300 0.03326
v -0.06233 -0.03300 0.03407
v -0.06227 -0.03300 0.03640
v -0.06176 -0.03200 0.03408
v -0.06162 -0.03200 0.03551
v -0.06217 -0.03200 0.03739
v -0.06181 -0.03100 0.03326
v -0.06195 -0.03100 0.03408
v -0.06164 -0.03100 0.03548
v -0.06217 -0.03100 0.03739
v -0.06234 -0.02870 0.05093
v -0.06219 -0.02670 -0.04968
v -0.06188 -0.02670 -0.04408
v -0.06205 -0.02670 -0.03808
v -0.06179 -0.02670 0.03809
v -0.06219 -0.02670 0.04968
v -0.06234 -0.02670 0.05093
v -0.06219 -0.02070 -0.04968
v -0.06198 -0.02063 -0.04761
v -0.06203 -0.02050 -0.04496
v -0.06215 -0.02050 -0.04365
v -0.06122 -0.02050 -0.04292
v -0.06179 -0.02057 -0.04133
v -0.06230 -0.02050 -0.04035
v -0.06205 -0.02070 -0.03808
v -0.06205 -0.02070 0.03808
v -0.06138 -0.02050 0.04030
v -0.06187 -0.02060 0.04149
v -0.06145 -0.02050 0.04228
v -0.06212 -0.02050 0.04378
v -0.06200 -0.02050 0.04441
v -0.06186 -0.02050 0.04689
v -0.06219 -0.02070 0.04968
v -0.06223 -0.01950 -0.04792
v -0.06237 -0.02000 0.04672
v -0.06180 -0.01950 0.04789
v -0.06231 -0.01879 0.04792
v -0.06231 -0.01750 0.04792
v -0.06179 0.01371 0.02075
v -0.06053 -0.03300 0.03276
v -0.06087 -0.03200 0.03330
v -0.06074 -0.03200 0.03613
v -0.06067 -0.03100 0.03300
v -0.06065 -0.03100 0.03615
v -0.06011 -0.02908 0.03768
v -0.06009 -0.02920 0.04186
v -0.06070 -0.02920 0.04254
v -0.06094 -0.02920 0.04380
v -0.06041 -0.02920 0.04500
v -0.06102 -0.02670 -0.05052
v -0.06046 -0.02670 -0.04389
v -0.06023 -0.02670 -0.04272
v -0.06068 -0.02670 -0.03751
v -0.06066 -0.02670 0.03750
v -0.06009 -0.02670 0.04186
v -0.06055 -0.02670 0.04269
v -0.06071 -0.02670 0.04382
v -0.06024 -0.02670 0.04488
v -0.06102 -0.02670 0.05052
v -0.06102 -0.02070 -0.05052
v -0.06051 -0.02064 -0.04386
v -0.06025 -0.02070 -0.04275
v -0.06118 -0.02050 -0.03985
v -0.06056 -0.02050 -0.03898
v -0.06066 -0.02070 -0.03750
v -0.06003 -0.02050 0.03717
v -0.06067 -0.02070 0.03750
v -0.06036 -0.02050 0.03883
v -0.06037 -0.02070 0.04288
v -0.06061 -0.02059 0.04374
v -0.06004 -0.02070 0.04474
v -0.06102 -0.02070 0.05052
v -0.06083 -0.01950 -0.04782
v -0.06007 -0.02000 -0.04365
v -0.06077 -0.02000 -0.04269
v -0.06103 -0.02000 -0.04181
v -0.06073 -0.02000 -0.04007
v -0.06024 -0.02000 0.03936
v -0.06095 -0.02000 0.04061
v -0.06087 -0.02000 0.04241
v -0.06037 -0.02000 0.04334
v -0.06007 -0.01900 -0.04365
v -0.06087 -0.01900 -0.04247
v -0.06104 -0.01900 -0.04173
v -0.06083 -0.01900 -0.04028
v -0.06024 -0.01900 0.03936
v -0.06095 -0.01900 0.04061
v -0.06099 -0.01900 0.04205
v -0.06037 -0.01900 0.04334
v -0.06029 0.01050 0.04777
v -0.06039 0.01150 -0.04677
v -0.06039 0.01150 0.04677
v -0.06090 0.01400 -0.02060
v -0.06090 0.01400 0.02060
v -0.06100 0.01450 -0.02011
v -0.06100 0.01450 0.02011
v -0.05920 -0.03300 -0.03604
v -0.05945 -0.03300 0.03299
v -0.05998 -0.03200 -0.03716
v -0.05986 -0.03200 0.03331
v -0.05922 -0.03200 0.03387
v -0.05907 -0.03200 0.03523
v -0.05971 -0.03200 0.03601
v -0.05949 -0.03100 0.03323
v -0.05915 -0.03100 0.03399
v -0.05908 -0.03100 0.03526
v -0.05971 -0.03100 0.03601
v -0.05920 -0.02920 0.04150
v -0.05957 -0.02920 0.04555
v -0.05912 -0.02870 0.03729
v -0.05960 -0.02670 -0.05071
v -0.05953 -0.02670 -0.04503
v -0.05941 -0.02670 -0.04201
v -0.05912 -0.02670 0.03729
v -0.05917 -0.02670 0.04170
v -0.05987 -0.02670 0.04226
v -0.05948 -0.02670 0.04533
v -0.05970 -0.02670 0.05072
v -0.05960 -0.02070 -0.05071
v -0.05945 -0.02050 -0.04667
v -0.05941 -0.02061 -0.04487
v -0.05941 -0.02070 -0.04201
v -0.05978 -0.02050 -0.03837
v -0.05998 -0.02050 -0.03716
v -0.05904 -0.02050 0.03806
v -0.05913 -0.02070 0.04194
v -0.05987 -0.02070 0.04226
v -0.05947 -0.02061 0.04489
v -0.05960 -0.02070 0.05071
v -0.05894 -0.01950 -0.04762
v -0.05913 -0.02000 -0.04422
v -0.05998 -0.02000 -0.03912
v -0.05938 -0.02000 0.03876
v -0.05921 -0.02000 0.04419
v -0.05894 -0.01950 0.04762
v -0.05913 -0.01900 -0.04422
v -0.05998 -0.01900 -0.03912
v -0.05899 -0.01900 0.03857
v -0.05921 -0.01900 0.04419
v -0.05894 0.01050 -0.04762
v -0.05882 0.01010 -0.04331
v -0.05884 0.01010 0.04331
v -0.05882 0.01100 -0.04331
v -0.05884 0.01100 0.04331
v -0.05910 0.01373 -0.02015
v -0.05852 -0.03300 0.03419
v -0.05830 -0.03300 0.03588
v -0.05825 -0.03249 0.03639
v -0.05792 -0.03200 0.03682
v -0.05851 -0.03100 0.03424
v -0.05820 -0.03100 0.03688
v -0.05761 -0.02889 0.03706
v -0.05818 -0.02920 0.04159
v -0.05766 -0.02920 0.04528
v -0.05855 -0.02920 0.04565
v -0.05853 -0.02918 0.05018
v -0.05849 -0.02897 0.05049
v -0.05762 -0.02870 0.03702
v -0.05800 -0.02670 -0.04492
v -0.05788 -0.02670 -0.04226
v -0.05862 -0.02670 -0.04194
v -0.05781 -0.02670 0.03706
v -0.05818 -0.02670 0.04159
v -0.05806 -0.02670 0.04219
v -0.05797 -0.02670 0.04517
v -0.05855 -0.02670 0.04565
v -0.05790 -0.02060 -0.04492
v -0.05788 -0.02070 -0.04226
v -0.05862 -0.02070 -0.04194
v -0.05878 -0.02050 -0.03799
v -0.05792 -0.02062 0.03698
v -0.05864 -0.02050 0.03797
v -0.05803 -0.02070 0.04221
v -0.05838 -0.02064 0.04502
v -0.05791 -0.02050 0.04646
v -0.05770 -0.02000 -0.04440
v -0.05869 -0.02000 -0.03849
v -0.05770 -0.02000 -0.03831
v -0.05764 -0.02000 0.03830
v -0.05855 -0.02000 0.03846
v -0.05840 -0.02000 0.04440
v -0.05770 -0.01900 -0.04440
v -0.05869 -0.01900 -0.03849
v -0.05770 -0.01900 -0.03831
v -0.05764 -0.01900 0.03830
v -0.05855 -0.01900 0.03846
v -0.05840 -0.01900 0.04440
v -0.05875 0.01150 -0.04381
v -0.05877 0.01150 0.04381
v -0.05692 -0.02898 0.03710
v -0.05706 -0.02918 0.03741
v -0.05715 -0.02920 0.04247
v -0.05678 -0.02920 0.04362
v -0.05705 -0.02920 0.04461
v -0.05706 -0.02870 0.03696
v -0.05731 -0.02870 0.05042
v -0.05726 -0.02670 -0.04383
v -0.05738 -0.02670 -0.04288
v -0.05714 -0.02670 0.04277
v -0.05711 -0.02670 0.04379
v -0.05705 -0.02670 0.04461
v -0.05731 -0.02670 0.05042
v -0.05726 -0.02070 -0.04379
v -0.05738 -0.02070 -0.04288
v -0.05683 -0.02050 -0.03762
v -0.05740 -0.02050 0.03672
v -0.05683 -0.02050 0.03762
v -0.05730 -0.02070 0.04310
v -0.05731 -0.02070 0.04395
v -0.05748 -0.02050 0.04487
v -0.05732 -0.01950 -0.04738
v -0.05657 -0.02000 -0.04420
v -0.05672 -0.02000 -0.03811
v -0.05672 -0.02000 0.03811
v -0.05699 -0.02000 0.04428
v -0.05719 -0.01950 0.04736
v -0.05657 -0.01900 -0.04420
v -0.05672 -0.01900 -0.03811
v -0.05672 -0.01900 0.03811
v -0.05699 -0.01900 0.04428
v -0.05668 0.01010 -0.03391
v -0.05719 0.01050 0.04736
v -0.05668 0.01350 -0.03391
v -0.05696 0.01400 -0.01940
v -0.05735 0.01379 0.01956
v -0.05715 0.01450 -0.01894
v -0.05715 0.01450 0.01894
v -0.05597 -0.02889 0.03719
v -0.05567 -0.02910 0.03763
v -0.05616 -0.02870 0.03710
v -0.05528 -0.02870 0.03753
v -0.05640 -0.02670 0.03703
v -0.05528 -0.02670 0.03753
v -0.05599 -0.02670 0.05020
v -0.05534 -0.02050 -0.04446
v -0.05562 -0.02050 -0.03757
v -0.05578 -0.02050 0.03756
v -0.05534 -0.02050 0.04446
v -0.05599 -0.02050 0.04613
v -0.05545 -0.02000 -0.04397
v -0.05528 -0.02000 -0.03815
v -0.05529 -0.02000 0.03815
v -0.05545 -0.02000 0.04397
v -0.05545 -0.01900 -0.04397
v -0.05528 -0.01900 -0.03815
v -0.05529 -0.01900 0.03815
v -0.05545 -0.01900 0.04397
v -0.05564 0.01050 -0.04708
v -0.05582 0.01010 0.03368
v -0.05583 0.01150 -0.04610
v -0.05620 0.01150 -0.03968
v -0.05617 0.01150 -0.03824
v -0.05548 0.01150 -0.03699
v -0.05548 0.01150 0.03699
v -0.05617 0.01150 0.03824
v -0.05620 0.01150 0.03968
v -0.05583 0.01150 0.04610
v -0.05627 0.01371 -0.01910
v -0.05583 0.01371 0.01889
v -0.05582 0.01350 0.03368
v -0.05620 0.01550 -0.03968
v -0.05617 0.01550 -0.03824
v -0.05548 0.01550 -0.03699
v -0.05548 0.01550 0.03699
v -0.05617 0.01550 0.03824
v -0.05620 0.01550 0.03968
v -0.05502 -0.03300 -0.03511
v -0.05422 -0.03300 0.03487
v -0.05486 -0.02904 0.03819
v -0.05439 -0.02906 0.03916
v -0.05452 -0.02907 0.04967
v -0.05501 -0.02870 0.03775
v -0.05434 -0.02870 0.03869
v -0.05447 -0.02870 0.04990
v -0.05513 -0.02670 -0.04408
v -0.05504 -0.02670 -0.03641
v -0.05513 -0.02670 0.03830
v -0.05427 -0.02670 0.03885
v -0.05492 -0.02670 0.04999
v -0.05413 -0.02070 -0.04905
v -0.05438 -0.02070 -0.04792
v -0.05515 -0.02050 -0.04596
v -0.05436 -0.02050 -0.04409
v -0.05413 -0.02070 -0.04141
v -0.05446 -0.02050 -0.03794
v -0.05490 -0.02070 -0.03637
v -0.05483 -0.02050 0.03778
v -0.05413 -0.02070 0.04141
v -0.05455 -0.02050 0.04419
v -0.05401 -0.02050 0.04570
v -0.05438 -0.02070 0.04789
v -0.05413 -0.02070 0.04905
v -0.05413 -0.02070 0.04983
v -0.05416 -0.02000 -0.04334
v -0.05417 -0.02000 -0.03874
v -0.05494 -0.02000 0.03827
v -0.05403 -0.02000 0.03886
v -0.05463 -0.02000 0.04367
v -0.05517 -0.01950 0.04698
v -0.05416 -0.01900 -0.04334
v -0.05417 -0.01900 -0.03874
v -0.05403 -0.01900 0.03886
v -0.05463 -0.01900 0.04367
v -0.05418 0.01010 -0.04239
v -0.05476 0.01010 -0.03338
v -0.05476 0.01010 0.03338
v -0.05418 0.01010 0.04239
v -0.05438 0.01150 -0.04789
v -0.05412 0.01125 -0.04263
v -0.05422 0.01150 -0.03618
v -0.05454 0.01123 -0.03331
v -0.05450 0.01127 0.03329
v -0.05423 0.01150 0.03618
v -0.05412 0.01127 0.04265
v -0.05438 0.01150 0.04789
v -0.05421 0.01550 -0.03618
v -0.05422 0.01550 0.03618
v -0.05398 -0.03200 -0.03585
v -0.05392 -0.03200 0.03583
v -0.05345 -0.02914 0.04896
v -0.05355 -0.02895 0.04943
v -0.05289 -0.02870 0.04901
v -0.05365 -0.02870 0.04958
v -0.05296 -0.02670 -0.04956
v -0.05303 -0.02670 -0.03880
v -0.05303 -0.02670 0.03880
v -0.05336 -0.02670 0.04942
v -0.05396 -0.02070 -0.04979
v -0.05356 -0.02050 -0.04346
v -0.05300 -0.02050 -0.04270
v -0.05285 -0.02050 -0.03970
v -0.05350 -0.02050 -0.03868
v -0.05398 -0.02050 -0.03585
v -0.05392 -0.02050 0.03830
v -0.05330 -0.02050 0.03893
v -0.05306 -0.02050 0.04275
v -0.05384 -0.02050 0.04373
v -0.05308 -0.02050 0.04546
v -0.05396 -0.02070 0.04979
v -0.05358 -0.01950 -0.04662
v -0.05351 -0.02000 -0.04254
v -0.05319 -0.02000 -0.04036
v -0.05324 -0.02000 0.04009
v -0.05310 -0.02000 0.04138
v -0.05341 -0.02000 0.04237
v -0.05331 -0.01900 -0.04217
v -0.05321 -0.01900 -0.04030
v -0.05324 -0.01900 0.04009
v -0.05310 -0.01900 0.04138
v -0.05356 -0.01900 0.04266
v -0.05378 0.01010 -0.04224
v -0.05304 0.01010 -0.04160
v -0.05285 0.01010 0.04125
v -0.05343 0.01010 0.04202
v -0.05347 0.01125 -0.04234
v -0.05304 0.01100 -0.04160
v -0.05284 0.01100 0.04123
v -0.05336 0.01123 0.04225
v -0.05333 0.01400 -0.01746
v -0.05333 0.01400 0.01746
v -0.05350 0.01550 -0.04968
v -0.05303 0.01550 -0.03880
v -0.05361 0.01450 -0.01705
v -0.05361 0.01450 0.01705
v -0.05303 0.01550 0.03880
v -0.05396 0.01550 0.04979
v -0.05186 -0.03200 0.03512
v -0.05244 -0.02909 0.04635
v -0.05240 -0.02906 0.04752
v -0.05267 -0.02904 0.04844
v -0.05215 -0.02870 0.04644
v -0.05220 -0.02870 0.04770
v -0.05253 -0.02870 0.04852
v -0.05182 -0.02670 -0.04170
v -0.05271 -0.02670 -0.04037
v -0.05271 -0.02670 -0.03723
v -0.05182 -0.02670 -0.03590
v -0.05208 -0.02670 0.03577
v -0.05271 -0.02670 0.03723
v -0.05271 -0.02670 0.04037
v -0.05182 -0.02670 0.04170
v -0.05220 -0.02670 0.04616
v -0.05212 -0.02670 0.04738
v -0.05253 -0.02670 0.04852
v -0.05264 -0.02050 -0.04166
v -0.05261 -0.02050 -0.04067
v -0.05212 -0.02059 0.03534
v -0.05277 -0.02050 0.03993
v -0.05263 -0.02050 0.04133
v -0.05174 -0.02050 0.04434
v -0.05206 -0.02050 0.04518
v -0.05240 -0.01950 -0.04632
v -0.05212 0.01050 -0.04624
v -0.05274 0.01010 -0.04017
v -0.05273 0.01010 0.04008
v -0.05250 0.01150 -0.04168
v -0.05250 0.01124 -0.04023
v -0.05248 0.01126 0.03998
v -0.05245 0.01150 0.04149
v -0.05233 0.01367 -0.01674
v -0.05194 0.01371 0.01644
v -0.05182 0.01550 -0.04170
v -0.05271 0.01550 -0.04037
v -0.05271 0.01550 -0.03723
v -0.05182 0.01550 -0.03590
v -0.05198 0.01450 -0.00272
v -0.05211 0.01450 -0.00170
v -0.05172 0.01450 -0.00074
v -0.05182 0.01550 0.03590
v -0.05271 0.01550 0.03723
v -0.05271 0.01550 0.04037
v -0.05182 0.01550 0.04170
v -0.05198 0.01720 -0.00272
v -0.05211 0.01720 -0.00170
v -0.05172 0.01720 -0.00074
v -0.05097 -0.03300 -0.03369
v -0.05058 -0.03200 -0.03462
v -0.05049 -0.02670 -0.04259
v -0.05049 -0.02670 -0.03501
v -0.05049 -0.02670 0.03501
v -0.05049 -0.02670 0.04259
v -0.05061 -0.02470 -0.04001
v -0.05103 -0.02470 -0.03880
v -0.05070 -0.02470 -0.03778
v -0.05061 -0.02470 0.03759
v -0.05099 -0.02470 0.03902
v -0.05062 -0.02470 0.03998
v -0.05130 -0.02050 -0.04496
v -0.05078 -0.02070 -0.03978
v -0.05103 -0.02070 -0.03880
v -0.05070 -0.02070 -0.03780
v -0.05078 -0.02070 0.03782
v -0.05098 -0.02070 0.03916
v -0.05041 -0.02070 0.04029
v -0.05072 -0.02050 0.04478
v -0.05101 -0.01950 0.04591
v -0.05043 0.01050 0.04574
v -0.05136 0.01150 -0.04498
v -0.05078 0.01150 -0.03978
v -0.05103 0.01150 -0.03880
v -0.05069 0.01150 -0.03779
v -0.05055 0.01150 -0.03488
v -0.05055 0.01150 0.03488
v -0.05078 0.01150 0.03782
v -0.05099 0.01150 0.03906
v -0.05041 0.01150 0.04029
v -0.05136 0.01150 0.04498
v -0.05058 0.01350 -0.04006
v -0.05103 0.01350 -0.03880
v -0.05076 0.01350 -0.03787
v -0.05058 0.01350 0.03755
v -0.05098 0.01350 0.03913
v -0.05066 0.01350 0.03992
v -0.05049 0.01550 -0.04259
v -0.05052 0.01550 -0.03495
v -0.05050 0.01450 -0.01450
v -0.05068 0.01450 -0.00388
v -0.05146 0.01450 -0.00345
v -0.05089 0.01450 -0.00011
v -0.05050 0.01450 0.01450
v -0.05053 0.01550 0.03493
v -0.05049 0.01550 0.04259
v -0.05068 0.01720 -0.00388
v -0.05146 0.01720 -0.00345
v -0.05089 0.01720 -0.00011
v -0.05020 -0.03300 0.03336
v -0.04980 -0.03200 0.03428
v -0.04945 -0.02670 -0.03440
v -0.04946 -0.02670 0.04857
v -0.04988 -0.02470 -0.04066
v -0.04959 -0.02470 -0.03681
v -0.04988 -0.02470 0.03695
v -0.04959 -0.02470 0.04080
v -0.04932 -0.02050 -0.04431
v -0.05011 -0.02070 -0.04053
v -0.04984 -0.02059 -0.03644
v -0.05034 -0.02050 -0.03540
v -0.04945 -0.02070 -0.03440
v -0.05011 -0.02070 0.03707
v -0.04978 -0.02056 0.04010
v -0.05019 -0.02050 0.04461
v -0.04995 -0.01950 0.04558
v -0.05011 0.01150 -0.04053
v -0.04959 0.01150 -0.03681
v -0.05002 0.01150 -0.03154
v -0.04923 0.01150 0.03115
v -0.05011 0.01150 0.03707
v -0.04959 0.01150 0.04080
v -0.04990 0.01350 -0.04065
v -0.04959 0.01350 -0.03681
v -0.05002 0.01350 -0.03154
v -0.05015 0.01400 -0.01485
v -0.05015 0.01400 0.01485
v -0.04923 0.01350 0.03115
v -0.04990 0.01350 0.03696
v -0.04959 0.01350 0.04080
v -0.04979 0.01450 -0.00393
v -0.04987 0.01450 0.00002
v -0.04946 0.01550 0.04857
v -0.04979 0.01720 -0.00393
v -0.04987 0.01720 0.00002
v -0.04828 -0.03200 -0.03357
v -0.04893 -0.02670 -0.04290
v -0.04893 -0.02670 -0.03470
v -0.04893 -0.02670 0.03470
v -0.04893 -0.02670 0.04290
v -0.04903 -0.02470 -0.04090
v -0.04827 -0.02470 -0.04080
v -0.04858 -0.02470 -0.03676
v -0.04879 -0.02470 0.03674
v -0.04813 -0.02470 0.04074
v -0.04883 -0.02470 0.04090
v -0.04805 -0.02070 -0.04603
v -0.04915 -0.02070 -0.04089
v -0.04827 -0.02070 -0.04080
v -0.04870 -0.02070 -0.03671
v -0.04828 -0.02050 -0.03357
v -0.04867 -0.02070 0.03677
v -0.04918 -0.02050 0.03818
v -0.04870 -0.02070 0.04089
v -0.04826 -0.02070 0.04610
v -0.04911 -0.01950 -0.04529
v -0.04864 0.01010 -0.03084
v -0.04864 0.01010 0.03084
v -0.04805 0.01150 -0.04603
v -0.04915 0.01150 -0.04089
v -0.04827 0.01150 -0.04080
v -0.04870 0.01150 -0.03671
v -0.04888 0.01127 -0.03097
v -0.04884 0.01123 0.03095
v -0.04871 0.01150 0.03676
v -0.04870 0.01150 0.04089
v -0.04826 0.01150 0.04610
v -0.04903 0.01350 -0.04090
v -0.04827 0.01350 -0.04080
v -0.04855 0.01350 -0.03677
v -0.04899 0.01368 -0.01359
v -0.04867 0.01368 0.01321
v -0.04872 0.01350 0.03675
v -0.04813 0.01350 0.04074
v -0.04883 0.01350 0.04090
v -0.04893 0.01550 -0.04290
v -0.04893 0.01550 -0.03470
v -0.04870 0.01450 -0.00329
v -0.04813 0.01450 -0.00207
v -0.04860 0.01450 -0.00078
v -0.04893 0.01550 0.03470
v -0.04893 0.01550 0.04290
v -0.04867 0.01720 -0.00326
v -0.04813 0.01720 -0.00207
v -0.04857 0.01720 -0.00082
v -0.04711 -0.03300 -0.03182
v -0.04736 -0.02670 -0.04259
v -0.04736 -0.02670 -0.03501
v -0.04704 -0.02670 -0.03321
v -0.04712 -0.02670 0.03324
v -0.04736 -0.02670 0.03501
v -0.04736 -0.02670 0.04259
v -0.04724 -0.02470 -0.03998
v -0.04686 -0.02470 -0.03902
v -0.04724 -0.02470 -0.03759
v -0.04774 -0.02470 -0.03707
v -0.04715 -0.02470 0.03778
v -0.04683 -0.02470 0.03880
v -0.04737 -0.02470 0.04015
v -0.04756 -0.02050 -0.04364
v -0.04743 -0.02050 -0.04243
v -0.04744 -0.02070 -0.04029
v -0.04688 -0.02070 -0.03913
v -0.04707 -0.02070 -0.03782
v -0.04774 -0.02070 -0.03707
v -0.04704 -0.02070 -0.03321
v -0.04712 -0.02070 0.03324
v -0.04716 -0.02070 0.03778
v -0.04683 -0.02070 0.03880
v -0.04744 -0.02070 0.04019
v -0.04770 -0.01950 0.04478
v -0.04701 0.01150 -0.04342
v -0.04744 0.01150 -0.04029
v -0.04688 0.01150 -0.03913
v -0.04707 0.01150 -0.03782
v -0.04774 0.01150 -0.03707
v -0.04704 0.01150 -0.03321
v -0.04712 0.01150 0.03324
v -0.04721 0.01150 0.03771
v -0.04683 0.01150 0.03880
v -0.04738 0.01150 0.04013
v -0.04701 0.01150 0.04342
v -0.04720 0.01350 -0.03992
v -0.04688 0.01350 -0.03913
v -0.04727 0.01350 -0.03755
v -0.04774 0.01350 -0.03707
v -0.04754 0.01400 -0.01167
v -0.04754 0.01400 0.01167
v -0.04710 0.01350 0.03787
v -0.04683 0.01350 0.03880
v -0.04742 0.01350 0.04021
v -0.04736 0.01550 -0.04259
v -0.04736 0.01550 -0.03501
v -0.04704 0.01550 -0.03321
v -0.04795 0.01450 -0.01139
v -0.04795 0.01450 0.01139
v -0.04712 0.01550 0.03324
v -0.04736 0.01550 0.03501
v -0.04736 0.01550 0.04259
v -0.04639 -0.03300 0.03140
v -0.04630 -0.03200 0.03250
v -0.04653 -0.02670 -0.04754
v -0.04603 -0.02670 -0.04170
v -0.04603 -0.02670 -0.03590
v -0.04573 -0.02670 0.03289
v -0.04603 -0.02670 0.03590
v -0.04603 -0.02670 0.04170
v -0.04608 -0.02058 0.03265
v -0.04565 -0.02050 0.03438
v -0.04578 -0.02050 0.03548
v -0.04648 -0.02050 0.04319
v -0.04663 0.01050 0.04435
v -0.04590 0.01150 -0.03708
v -0.04573 0.01150 0.03289
v -0.04590 0.01150 0.03708
v -0.04641 0.01371 -0.00978
v -0.04619 0.01373 0.00934
v -0.04653 0.01550 -0.04754
v -0.04603 0.01550 -0.04170
v -0.04603 0.01550 -0.03590
v -0.04606 0.01450 -0.00784
v -0.04606 0.01450 0.00785
v -0.04573 0.01550 0.03289
v -0.04603 0.01550 0.03590
v -0.04603 0.01550 0.04170
v -0.04514 -0.02670 -0.04037
v -0.04483 -0.02670 -0.03880
v -0.04514 -0.02670 -0.03723
v -0.04558 -0.02670 -0.03289
v -0.04514 -0.02670 0.03723
v -0.04483 -0.02670 0.03880
v -0.04514 -0.02670 0.04037
v -0.04558 -0.02070 -0.03289
v -0.04491 -0.02050 0.03308
v -0.04550 -0.02050 0.03668
v -0.04506 -0.02050 0.03745
v -0.04476 -0.02050 0.04242
v -0.04557 -0.01950 -0.04389
v -0.04486 -0.02000 0.03380
v -0.04527 -0.02000 0.03520
v -0.04498 -0.02000 0.03662
v -0.04458 -0.02000 0.03725
v -0.04486 -0.01900 0.03380
v -0.04527 -0.01900 0.03520
v -0.04498 -0.01900 0.03662
v -0.04458 -0.01900 0.03725
v -0.04558 0.01050 -0.04390
v -0.04442 0.01010 -0.03777
v -0.04538 0.01010 -0.03696
v -0.04546 0.01010 0.03684
v -0.04492 0.01010 0.03748
v -0.04493 0.01130 -0.03782
v -0.04534 0.01100 -0.03702
v -0.04558 0.01150 -0.03289
v -0.04546 0.01100 0.03684
v -0.04511 0.01127 0.03768
v -0.04560 0.01400 -0.00804
v -0.04473 0.01371 -0.00550
v -0.04440 0.01400 -0.00410
v -0.04560 0.01373 0.00804
v -0.04514 0.01550 -0.04037
v -0.04483 0.01550 -0.03880
v -0.04514 0.01550 -0.03723
v -0.04558 0.01550 -0.03289
v -0.04489 0.01450 -0.00400
v -0.04450 0.01450 0.00000
v -0.04489 0.01450 0.00400
v -0.04514 0.01550 0.03723
v -0.04483 0.01550 0.03880
v -0.04514 0.01550 0.04037
v -0.04350 -0.03300 -0.02950
v -0.04420 -0.02670 -0.03328
v -0.04433 -0.02670 0.03321
v -0.04327 -0.02670 0.03412
v -0.04393 -0.02050 -0.04201
v -0.04420 -0.02070 -0.03328
v -0.04418 -0.02050 0.03238
v -0.04433 -0.02070 0.03321
v -0.04327 -0.02070 0.03412
v -0.04428 -0.02050 0.03820
v -0.04345 -0.02050 0.03862
v -0.04342 -0.01950 -0.04287
v -0.04390 -0.02000 0.03280
v -0.04343 -0.02000 0.03810
v -0.04421 -0.01950 0.04326
v -0.04390 -0.01900 0.03280
v -0.04343 -0.01900 0.03810
v -0.04347 0.01010 -0.03789
v -0.04398 0.01010 -0.02788
v -0.04328 0.01010 0.02734
v -0.04404 0.01010 0.03787
v -0.04398 0.01050 0.04315
v -0.04376 0.01129 -0.03815
v -0.04420 0.01150 -0.03328
v -0.04433 0.01150 0.03321
v -0.04327 0.01150 0.03412
v -0.04393 0.01133 0.03819
v -0.04398 0.01350 -0.02788
v -0.04402 0.01371 -0.00096
v -0.04400 0.01400 0.00000
v -0.04432 0.01371 0.00363
v -0.04328 0.01350 0.02734
v -0.04420 0.01550 -0.03328
v -0.04433 0.01550 0.03321
v -0.04327 0.01550 0.03412
v -0.04284 -0.03300 0.02900
v -0.04302 -0.03200 -0.03038
v -0.04226 -0.02670 -0.03540
v -0.04316 -0.02670 -0.03427
v -0.04316 -0.02670 0.03427
v -0.04264 -0.02670 0.03507
v -0.04319 -0.02670 0.04610
v -0.04201 -0.02070 -0.04333
v -0.04233 -0.02070 -0.03534
v -0.04316 -0.02070 -0.03427
v -0.04302 -0.02050 -0.03038
v -0.04222 -0.02050 0.02979
v -0.04253 -0.02050 0.03126
v -0.04316 -0.02070 0.03427
v -0.04263 -0.02070 0.03510
v -0.04240 -0.02050 0.03882
v -0.04289 -0.02050 0.04148
v -0.04221 -0.02070 0.04344
v -0.04262 -0.02000 0.03194
v -0.04201 -0.02000 0.03831
v -0.04252 -0.01900 0.03187
v -0.04201 -0.01900 0.03831
v -0.04237 0.01050 -0.04233
v -0.04267 0.01010 -0.03762
v -0.04283 0.01010 0.03770
v -0.04201 0.01150 -0.04333
v -0.04284 0.01150 -0.04145
v -0.04254 0.01127 -0.03786
v -0.04230 0.01150 -0.03537
v -0.04316 0.01150 -0.03427
v -0.04316 0.01150 0.03427
v -0.04264 0.01150 0.03508
v -0.04274 0.01116 0.03783
v -0.04284 0.01150 0.04145
v -0.04221 0.01150 0.04344
v -0.04232 0.01550 -0.03535
v -0.04316 0.01550 -0.03427
v -0.04316 0.01550 0.03427
v -0.04264 0.01550 0.03508
v -0.04319 0.01550 0.04610
v -0.04124 -0.03200 0.02901
v -0.04111 -0.02670 -0.03588
v -0.04174 -0.02670 0.03576
v -0.04111 -0.02070 -0.03588
v -0.04124 -0.02050 0.02901
v -0.04134 -0.02050 0.03077
v -0.04174 -0.02070 0.03576
v -0.04136 -0.02050 0.03870
v -0.04199 -0.01950 -0.04212
v -0.04089 -0.02000 0.03121
v -0.04085 -0.01950 0.04148
v -0.04089 -0.01900 0.03121
v -0.04111 0.01150 -0.03588
v -0.04174 0.01150 0.03576
v -0.04111 0.01550 -0.03588
v -0.04174 0.01550 0.03576
v -0.04019 -0.03300 -0.02677
v -0.04043 -0.02670 -0.04469
v -0.04000 -0.02670 -0.03558
v -0.04034 -0.02670 0.03569
v -0.04046 -0.02050 -0.04008
v -0.04003 -0.02070 -0.03561
v -0.04006 -0.02050 0.03074
v -0.04029 -0.02070 0.03568
v -0.04039 -0.02050 0.03827
v -0.04014 -0.02000 0.03124
v -0.04018 -0.02000 0.03753
v -0.04011 -0.01950 0.04104
v -0.04027 -0.01900 0.03759
v -0.04003 0.01150 -0.03560
v -0.04038 0.01150 0.03571
v -0.04043 0.01550 -0.04469
v -0.04002 0.01550 -0.03560
v -0.04038 0.01550 0.03571
v -0.03840 -0.03300 -0.02293
v -0.03901 -0.03300 -0.02207
v -0.03914 -0.03300 -0.02070
v -0.03864 -0.03300 -0.01988
v -0.03959 -0.03300 0.02620
v -0.03862 -0.03200 -0.02188
v -0.03872 -0.03200 -0.02111
v -0.03842 -0.03200 -0.02039
v -0.03889 -0.03200 0.02692
v -0.03840 -0.03100 -0.02293
v -0.03889 -0.03100 -0.02198
v -0.03893 -0.03100 -0.02090
v -0.03853 -0.03100 -0.02014
v -0.03875 -0.02050 -0.03899
v -0.03884 -0.02050 0.03118
v -0.03847 -0.02050 0.03696
v -0.03947 -0.02050 0.03946
v -0.03912 -0.01950 -0.04042
v -0.03947 -0.02000 0.03143
v -0.03877 -0.02000 0.03656
v -0.03947 -0.01900 0.03143
v -0.03877 -0.01900 0.03656
v -0.03944 0.01050 -0.04063
v -0.03872 0.01010 -0.03498
v -0.03880 0.01010 -0.02307
v -0.03875 0.01010 0.03500
v -0.03889 0.01150 -0.03908
v -0.03856 0.01129 -0.03522
v -0.03874 0.01150 0.01671
v -0.03845 0.01150 0.01811
v -0.03882 0.01135 0.03516
v -0.03889 0.01150 0.03908
v -0.03880 0.01350 -0.02307
v -0.03874 0.01550 0.01671
v -0.03845 0.01550 0.01811
v -0.03927 0.01550 0.03507
v -0.03728 -0.03300 -0.02374
v -0.03779 -0.03300 -0.01939
v -0.03836 -0.03200 -0.02639
v -0.03786 -0.03200 -0.02263
v -0.03781 -0.03200 -0.01992
v -0.03796 -0.03100 -0.02257
v -0.03780 -0.03100 -0.01965
v -0.03802 -0.02670 0.03412
v -0.03756 -0.02670 0.03830
v -0.03730 -0.02670 0.04282
v -0.03749 -0.02070 -0.03370
v -0.03836 -0.02050 -0.02639
v -0.03798 -0.02050 0.03190
v -0.03733 -0.02050 0.03301
v -0.03778 -0.02070 0.03393
v -0.03739 -0.02050 0.03554
v -0.03829 -0.02000 0.03231
v -0.03789 -0.02000 0.03295
v -0.03762 -0.02000 0.03435
v -0.03786 -0.02000 0.03538
v -0.03797 -0.01950 0.03966
v -0.03829 -0.01900 0.03231
v -0.03789 -0.01900 0.03295
v -0.03762 -0.01900 0.03435
v -0.03788 -0.01900 0.03542
v -0.03822 0.01010 0.02240
v -0.03797 0.01050 0.03966
v -0.03834 0.01150 0.01533
v -0.03746 0.01150 0.01928
v -0.03822 0.01350 0.02240
v -0.03834 0.01550 0.01533
v -0.03746 0.01550 0.01928
v -0.03730 0.01550 0.04282
v -0.03687 -0.03249 -0.02404
v -0.03657 -0.03300 -0.01946
v -0.03669 -0.03300 0.02304
v -0.03646 -0.03200 -0.02433
v -0.03664 -0.03200 -0.02264
v -0.03682 -0.03200 -0.01991
v -0.03682 -0.03200 0.02474
v -0.03646 -0.03100 -0.02433
v -0.03667 -0.03100 -0.02266
v -0.03652 -0.03100 -0.01974
v -0.03640 -0.02070 -0.03985
v -0.03716 -0.02050 -0.03787
v -0.03621 -0.02050 -0.03279
v -0.03653 -0.02050 -0.03155
v -0.03639 -0.02050 -0.03056
v -0.03682 -0.02050 0.02474
v -0.03638 -0.02050 0.03051
v -0.03648 -0.02050 0.03171
v -0.03712 -0.02050 0.03427
v -0.03623 -0.02050 0.03716
v -0.03658 -0.02070 0.03998
v -0.03603 -0.02000 -0.03134
v -0.03603 -0.02000 0.03141
v -0.03693 -0.01950 0.03894
v -0.03603 -0.01750 -0.03135
v -0.03603 -0.01750 0.03141
v -0.03640 0.01150 -0.03985
v -0.03613 0.01150 0.01059
v -0.03658 0.01150 0.03998
v -0.03613 0.01550 0.01059
v -0.03484 -0.03300 -0.02056
v -0.03592 -0.03200 -0.02203
v -0.03580 -0.03200 -0.02103
v -0.03592 -0.03100 -0.02203
v -0.03580 -0.03100 -0.02103
v -0.03508 -0.02670 -0.03157
v -0.03577 -0.02050 -0.03346
v -0.03508 -0.02070 -0.03157
v -0.03564 -0.02050 -0.02934
v -0.03528 -0.02050 -0.02273
v -0.03559 -0.02050 0.02932
v -0.03595 -0.02050 0.03324
v -0.03531 -0.02050 0.03389
v -0.03562 -0.01950 -0.03796
v -0.03545 -0.01988 -0.03280
v -0.03545 -0.01950 -0.03172
v -0.03541 -0.01978 -0.03017
v -0.03509 -0.02000 -0.02951
v -0.03521 -0.02000 0.02966
v -0.03558 -0.01973 0.03060
v -0.03552 -0.01950 0.03173
v -0.03537 -0.01988 0.03289
v -0.03535 -0.01750 -0.03289
v -0.03545 -0.01750 -0.03168
v -0.03540 -0.01750 -0.03018
v -0.03488 -0.01750 0.02936
v -0.03556 -0.01750 0.03045
v -0.03552 -0.01750 0.03173
v -0.03527 -0.01750 0.03298
v -0.03497 0.01010 -0.03176
v -0.03498 0.01010 0.03178
v -0.03518 0.01150 -0.03633
v -0.03500 0.01115 -0.03171
v -0.03531 0.01150 -0.00934
v -0.03528 0.01150 -0.00791
v -0.03497 0.01100 0.03178
v -0.03518 0.01150 0.03633
v -0.03508 0.01550 -0.03157
v -0.03531 0.01550 -0.00934
v -0.03528 0.01550 -0.00791
v -0.03441 -0.03300 0.01254
v -0.03461 -0.03300 0.01387
v -0.03416 -0.03300 0.01472
v -0.03418 -0.03300 0.01956
v -0.03403 -0.03200 -0.02115
v -0.03405 -0.03200 0.01282
v -0.03402 -0.03200 0.01392
v -0.03440 -0.03100 -0.02168
v -0.03403 -0.03100 -0.02115
v -0.03427 -0.03100 0.01259
v -0.03420 -0.03100 0.01392
v -0.03416 -0.03100 0.01472
v -0.03475 -0.02670 -0.04106
v -0.03406 -0.02050 -0.03538
v -0.03406 -0.02050 -0.02855
v -0.03363 -0.02050 -0.02644
v -0.03412 -0.02050 -0.02548
v -0.03430 -0.02050 -0.02442
v -0.03417 -0.02050 -0.02344
v -0.03416 -0.02050 -0.02197
v -0.03373 -0.02050 0.02247
v -0.03424 -0.02050 0.02372
v -0.03427 -0.02050 0.02486
v -0.03399 -0.02050 0.02582
v -0.03444 -0.02050 0.02861
v -0.03383 -0.02050 0.03518
v -0.03384 -0.01950 -0.03651
v -0.03382 -0.02000 -0.03489
v -0.03409 -0.01950 -0.03339
v -0.03440 -0.01973 -0.02942
v -0.03376 -0.02000 -0.02446
v -0.03373 -0.02000 0.02375
v -0.03368 -0.02000 0.02521
v -0.03402 -0.01970 0.02939
v -0.03430 -0.01950 0.03331
v -0.03361 -0.02000 0.03470
v -0.03394 -0.01950 0.03659
v -0.03379 -0.01900 -0.02411
v -0.03373 -0.01900 0.02375
v -0.03368 -0.01900 0.02521
v -0.03409 -0.01750 -0.03339
v -0.03455 -0.01750 -0.02944
v -0.03410 -0.01750 0.02947
v -0.03430 -0.01750 0.03331
v -0.03384 0.01050 -0.03651
v -0.03477 0.01010 -0.03121
v -0.03413 0.01010 -0.03038
v -0.03469 0.01010 -0.01733
v -0.03416 0.01010 -0.01636
v -0.03424 0.01010 0.01652
v -0.03442 0.01010 0.03062
v -0.03477 0.01010 0.03121
v -0.03455 0.01050 0.03710
v -0.03456 0.01134 -0.03163
v -0.03411 0.01124 -0.03062
v -0.03405 0.01123 -0.01616
v -0.03467 0.01150 -0.01062
v -0.03464 0.01150 -0.00487
v -0.03425 0.01150 0.00034
v -0.03475 0.01150 0.00555
v -0.03403 0.01127 0.01612
v -0.03423 0.01121 0.03070
v -0.03459 0.01137 0.03160
v -0.03469 0.01350 -0.01733
v -0.03426 0.01350 0.01656
v -0.03475 0.01550 -0.04106
v -0.03467 0.01550 -0.01062
v -0.03472 0.01550 -0.00534
v -0.03474 0.01550 0.00545
v -0.03476 0.01550 0.03127
v -0.03466 0.01750 -0.00499
v -0.03425 0.01750 0.00034
v -0.03472 0.01750 0.00534
v -0.03265 -0.03300 -0.01691
v -0.03285 -0.03300 0.01146
v -0.03348 -0.03300 0.01522
v -0.03286 -0.03200 0.01191
v -0.03358 -0.03200 0.01220
v -0.03286 -0.03200 0.01485
v -0.03316 -0.03200 0.01981
v -0.03291 -0.03100 0.01163
v -0.03358 -0.03100 0.01220
v -0.03308 -0.03100 0.01498
v -0.03343 -0.02670 0.02992
v -0.03284 -0.02050 -0.02839
v -0.03286 -0.02050 -0.02721
v -0.03262 -0.02050 -0.02082
v -0.03316 -0.02050 0.01981
v -0.03262 -0.02050 0.02082
v -0.03294 -0.02050 0.02710
v -0.03302 -0.02050 0.02855
v -0.03343 -0.02070 0.02992
v -0.03340 -0.01950 -0.03613
v -0.03320 -0.01950 -0.03344
v -0.03305 -0.01986 -0.02921
v -0.03263 -0.02000 -0.02676
v -0.03357 -0.02000 -0.02553
v -0.03308 -0.02000 -0.02241
v -0.03298 -0.02000 0.02226
v -0.03311 -0.02000 0.02630
v -0.03281 -0.01989 0.02924
v -0.03299 -0.01950 0.03334
v -0.03307 -0.01950 0.03584
v -0.03302 -0.01879 -0.03579
v -0.03269 -0.01900 -0.02671
v -0.03357 -0.01900 -0.02553
v -0.03313 -0.01900 -0.02248
v -0.03304 -0.01900 0.02235
v -0.03311 -0.01900 0.02630
v -0.03270 -0.01879 0.03550
v -0.03302 -0.01750 -0.03579
v -0.03320 -0.01750 -0.03344
v -0.03309 -0.01750 -0.02923
v -0.03290 -0.01750 0.02927
v -0.03296 -0.01750 0.03333
v -0.03270 -0.01750 0.03550
v -0.03340 0.01010 -0.03014
v -0.03307 0.01010 -0.02991
v -0.03307 0.01010 0.02991
v -0.03340 0.01010 0.03014
v -0.03252 0.01050 0.03534
v -0.03322 0.01128 -0.03033
v -0.03307 0.01100 -0.02991
v -0.03341 0.01150 -0.01150
v -0.03307 0.01100 0.02991
v -0.03323 0.01127 0.03033
v -0.03341 0.01550 -0.01150
v -0.03185 -0.03300 0.01157
v -0.03211 -0.03300 0.01583
v -0.03127 -0.03200 -0.01639
v -0.03165 -0.03200 0.01241
v -0.03140 -0.03200 0.01420
v -0.03186 -0.03200 0.01466
v -0.03120 -0.03200 0.01624
v -0.03185 -0.03100 0.01157
v -0.03167 -0.03100 0.01239
v -0.03140 -0.03100 0.01420
v -0.03186 -0.03100 0.01466
v -0.03120 -0.03100 0.01624
v -0.03179 -0.02670 -0.02067
v -0.03211 -0.02670 -0.01927
v -0.03176 -0.02670 -0.01788
v -0.03176 -0.02670 0.01788
v -0.03184 -0.02670 0.01805
v -0.03211 -0.02670 0.01942
v -0.03172 -0.02670 0.02080
v -0.03190 -0.02670 0.03880
v -0.03130 -0.02070 -0.03564
v -0.03176 -0.02050 -0.02905
v -0.03198 -0.02050 -0.02767
v -0.03127 -0.02070 -0.02746
v -0.03202 -0.02061 -0.02055
v -0.03182 -0.02059 -0.01956
v -0.03176 -0.02070 -0.01788
v -0.03127 -0.02050 -0.01639
v -0.03176 -0.02070 0.01788
v -0.03184 -0.02070 0.01805
v -0.03187 -0.02057 0.01972
v -0.03172 -0.02070 0.02080
v -0.03177 -0.02050 0.02774
v -0.03167 -0.02050 0.02913
v -0.03147 -0.02070 0.03580
v -0.03208 -0.01950 -0.03277
v -0.03154 -0.01950 -0.03158
v -0.03160 -0.01973 -0.03038
v -0.03232 -0.01950 -0.02988
v -0.03177 -0.02000 -0.02721
v -0.03220 -0.02000 -0.02110
v -0.03220 -0.02000 0.02110
v -0.03195 -0.02000 0.02715
v -0.03182 -0.02000 0.02965
v -0.03181 -0.01950 0.03056
v -0.03156 -0.01950 0.03180
v -0.03190 -0.01950 0.03262
v -0.03205 -0.01900 -0.02711
v -0.03220 -0.01900 -0.02110
v -0.03220 -0.01900 0.02110
v -0.03195 -0.01900 0.02715
v -0.03205 -0.01750 -0.03273
v -0.03154 -0.01750 -0.03158
v -0.03158 -0.01750 -0.03030
v -0.03232 -0.01750 -0.02988
v -0.03182 -0.01750 0.02965
v -0.03183 -0.01750 0.03052
v -0.03156 -0.01750 0.03180
v -0.03190 -0.01750 0.03262
v -0.03162 0.01010 -0.01024
v -0.03158 0.01010 0.01010
v -0.03130 0.01150 -0.03564
v -0.03177 0.01150 -0.03323
v -0.03179 0.01150 -0.02067
v -0.03211 0.01150 -0.01927
v -0.03176 0.01150 -0.01788
v -0.03146 0.01150 -0.01221
v -0.03182 0.01150 -0.01087
v -0.03169 0.01123 -0.01046
v -0.03168 0.01120 0.01043
v -0.03177 0.01150 0.03323
v -0.03147 0.01150 0.03580
v -0.03182 0.01350 -0.01087
v -0.03156 0.01350 0.01003
v -0.03179 0.01550 -0.02067
v -0.03211 0.01550 -0.01927
v -0.03176 0.01550 -0.01788
v -0.03146 0.01550 -0.01221
v -0.03190 0.01550 0.03880
v -0.03089 -0.03300 -0.01300
v -0.03058 -0.03300 0.01214
v -0.03118 -0.03200 0.01359
v -0.03080 -0.03100 0.01394
v -0.03088 -0.02670 -0.02698
v -0.03052 -0.02670 -0.02197
v -0.03030 -0.02670 -0.01607
v -0.03012 -0.02670 -0.01445
v -0.03012 -0.02670 0.01445
v -0.03030 -0.02670 0.01607
v -0.03045 -0.02670 0.02201
v -0.03111 -0.02050 -0.02969
v -0.03093 -0.02050 -0.02788
v -0.03088 -0.02070 -0.02698
v -0.03059 -0.02070 -0.02192
v -0.03063 -0.02050 -0.01935
v -0.03012 -0.02070 -0.01445
v -0.03035 -0.02050 0.01435
v -0.03012 -0.02070 0.01445
v -0.03038 -0.02050 0.01863
v -0.03056 -0.02050 0.01933
v -0.03035 -0.02070 0.02207
v -0.03066 -0.02050 0.02788
v -0.03030 -0.02000 -0.03139
v -0.03065 -0.02000 -0.02738
v -0.03080 -0.02000 -0.01997
v -0.03115 -0.02000 0.02011
v -0.03086 -0.02000 0.02738
v -0.03011 -0.02000 0.03118
v -0.03065 -0.01900 -0.02738
v -0.03120 -0.01900 -0.02014
v -0.03115 -0.01900 0.02011
v -0.03086 -0.01900 0.02738
v -0.03106 0.01050 -0.03394
v -0.03000 0.01010 -0.02625
v -0.03031 0.01010 -0.00397
v -0.03022 0.01010 0.00309
v -0.03002 0.01010 0.02628
v -0.03088 0.01150 -0.02698
v -0.03000 0.01100 -0.02625
v -0.03052 0.01150 -0.02197
v -0.03100 0.01150 -0.01640
v -0.03025 0.01150 -0.01472
v -0.03021 0.01150 -0.01359
v -0.03066 0.01150 -0.01275
v -0.03091 0.01150 0.02388
v -0.03029 0.01150 0.02480
v -0.03014 0.01129 0.02597
v -0.03061 0.01150 0.02664
v -0.03031 0.01350 -0.00397
v -0.03022 0.01350 0.00309
v -0.03088 0.01550 -0.02698
v -0.03056 0.01550 -0.02194
v -0.03057 0.01550 -0.01620
v -0.03025 0.01550 -0.01472
v -0.03021 0.01550 -0.01359
v -0.03066 0.01550 -0.01275
v -0.03030 0.01550 0.01607
v -0.03095 0.01550 0.02386
v -0.03029 0.01550 0.02480
v -0.03022 0.01550 0.02576
v -0.03061 0.01550 0.02664
v -0.02960 -0.03300 -0.00891
v -0.02880 -0.03300 -0.00470
v -0.02941 -0.03300 0.00810
v -0.02996 -0.03200 -0.01335
v -0.02905 -0.03200 -0.01067
v -0.02966 -0.03200 0.01255
v -0.02976 -0.03100 0.01282
v -0.02960 -0.02670 -0.03672
v -0.02932 -0.02670 -0.02471
v -0.02924 -0.02670 -0.02326
v -0.02980 -0.02670 -0.02245
v -0.02909 -0.02670 -0.01897
v -0.02998 -0.02670 -0.01764
v -0.02998 -0.02670 -0.01450
v -0.02909 -0.02670 -0.01317
v -0.02885 -0.02670 -0.01086
v -0.02885 -0.02670 0.01086
v -0.02909 -0.02670 0.01317
v -0.02998 -0.02670 0.01450
v -0.02998 -0.02670 0.01764
v -0.02909 -0.02670 0.01897
v -0.02923 -0.02670 0.02348
v -0.02940 -0.02670 0.02498
v -0.02982 -0.02050 -0.03117
v -0.02993 -0.02050 -0.02777
v -0.02904 -0.02050 -0.02741
v -0.02928 -0.02070 -0.02459
v -0.02924 -0.02070 -0.02326
v -0.02980 -0.02070 -0.02245
v -0.02952 -0.02050 -0.01923
v -0.02885 -0.02070 -0.01086
v -0.02905 -0.02050 -0.01067
v -0.02885 -0.02070 0.01086
v -0.02989 -0.02050 0.01318
v -0.02886 -0.02050 0.01497
v -0.02928 -0.02050 0.01924
v -0.02928 -0.02070 0.02333
v -0.02940 -0.02070 0.02497
v -0.02961 -0.02050 0.02767
v -0.02962 -0.02050 0.03094
v -0.02898 -0.01950 -0.03173
v -0.02958 -0.02000 -0.02712
v -0.02959 -0.02000 -0.01973
v -0.02977 -0.02000 0.01972
v -0.02945 -0.02000 0.02706
v -0.02887 -0.01950 0.03160
v -0.02950 -0.01879 -0.03230
v -0.02958 -0.01900 -0.02712
v -0.02980 -0.01900 -0.01973
v -0.02977 -0.01900 0.01972
v -0.02945 -0.01900 0.02706
v -0.02921 -0.01879 0.03198
v -0.02950 -0.01750 -0.03230
v -0.02921 -0.01750 0.03198
v -0.02889 0.01050 -0.03163
v -0.02962 0.01150 -0.02658
v -0.02932 0.01150 -0.02471
v -0.02924 0.01150 -0.02326
v -0.02980 0.01150 -0.02245
v -0.02960 0.01150 0.02655
v -0.02960 0.01550 -0.03672
v -0.02929 0.01550 -0.02462
v -0.02924 0.01550 -0.02326
v -0.02980 0.01550 -0.02245
v -0.02909 0.01550 -0.01897
v -0.02998 0.01550 -0.01764
v -0.02998 0.01550 -0.01450
v -0.02909 0.01550 -0.01317
v -0.02909 0.01550 0.01317
v -0.02998 0.01550 0.01450
v -0.02998 0.01550 0.01764
v -0.02909 0.01550 0.01897
v -0.02850 -0.03300 -0.00042
v -0.02871 -0.03300 0.00387
v -0.02779 -0.03200 -0.00465
v -0.02771 -0.03200 0.00397
v -0.02827 -0.03200 0.00758
v -0.02776 -0.02670 -0.01986
v -0.02776 -0.02670 -0.01228
v -0.02879 -0.02670 -0.01069
v -0.02801 -0.02670 -0.00952
v -0.02812 -0.02670 0.00963
v -0.02776 -0.02670 0.01228
v -0.02776 -0.02670 0.01986
v -0.02788 -0.02470 -0.01728
v -0.02830 -0.02470 -0.01607
v -0.02797 -0.02470 -0.01505
v -0.02788 -0.02470 0.01486
v -0.02826 -0.02470 0.01629
v -0.02789 -0.02470 0.01725
v -0.02784 -0.02050 -0.02877
v -0.02813 -0.02050 -0.02664
v -0.02818 -0.02050 -0.01960
v -0.02805 -0.02070 -0.01705
v -0.02830 -0.02070 -0.01607
v -0.02796 -0.02070 -0.01506
v -0.02879 -0.02070 -0.01069
v -0.02801 -0.02070 -0.00952
v -0.02779 -0.02050 -0.00465
v -0.02827 -0.02050 0.00758
v -0.02812 -0.02070 0.00963
v -0.02805 -0.02070 0.01509
v -0.02825 -0.02070 0.01637
v -0.02768 -0.02070 0.01756
v -0.02790 -0.02050 0.01967
v -0.02840 -0.02050 0.02687
v -0.02841 -0.01950 -0.03106
v -0.02811 -0.02000 -0.02576
v -0.02775 -0.02000 -0.02042
v -0.02838 -0.02000 -0.02002
v -0.02844 -0.02000 0.01999
v -0.02810 -0.02000 0.02576
v -0.02776 -0.01950 0.03028
v -0.02809 -0.01900 -0.02573
v -0.02775 -0.01900 -0.02042
v -0.02838 -0.01900 -0.02002
v -0.02834 -0.01900 0.02003
v -0.02802 -0.01900 0.02564
v -0.02816 0.01010 -0.01954
v -0.02802 0.01010 0.01964
v -0.02776 0.01050 0.03028
v -0.02867 0.01150 -0.02982
v -0.02816 0.01100 -0.01954
v -0.02792 0.01150 -0.01910
v -0.02805 0.01150 -0.01705
v -0.02830 0.01150 -0.01607
v -0.02792 0.01150 -0.01499
v -0.02805 0.01150 0.01509
v -0.02827 0.01150 0.01626
v -0.02768 0.01150 0.01756
v -0.02792 0.01150 0.01910
v -0.02798 0.01100 0.01966
v -0.02867 0.01150 0.02982
v -0.02785 0.01350 -0.01733
v -0.02830 0.01350 -0.01607
v -0.02803 0.01350 -0.01514
v -0.02785 0.01350 0.01482
v -0.02825 0.01350 0.01640
v -0.02793 0.01350 0.01719
v -0.02776 0.01550 -0.01986
v -0.02776 0.01550 -0.01228
v -0.02837 0.01550 -0.00641
v -0.02816 0.01550 0.00637
v -0.02776 0.01550 0.01228
v -0.02776 0.01550 0.01986
v -0.02832 0.01750 -0.00641
v -0.02825 0.01750 0.00639
v -0.02753 -0.03200 0.00149
v -0.02692 -0.02670 -0.00892
v -0.02703 -0.02670 0.00892
v -0.02707 -0.02670 0.03410
v -0.02674 -0.02470 -0.01808
v -0.02738 -0.02470 -0.01780
v -0.02686 -0.02470 -0.01408
v -0.02691 -0.02470 0.01414
v -0.02686 -0.02470 0.01807
v -0.02665 -0.02070 -0.03057
v -0.02673 -0.02050 -0.02461
v -0.02674 -0.02050 -0.02089
v -0.02642 -0.02070 -0.01816
v -0.02738 -0.02070 -0.01780
v -0.02682 -0.02050 -0.01581
v -0.02718 -0.02060 -0.01413
v -0.02664 -0.02050 -0.01116
v -0.02719 -0.02050 -0.01025
v -0.02707 -0.02061 -0.00902
v -0.02738 -0.02050 -0.00817
v -0.02703 -0.02050 -0.00636
v -0.02667 -0.02050 -0.00530
v -0.02753 -0.02050 0.00149
v -0.02663 -0.02050 0.00522
v -0.02701 -0.02050 0.00622
v -0.02738 -0.02050 0.00817
v -0.02716 -0.02060 0.00916
v -0.02698 -0.02050 0.01068
v -0.02682 -0.02070 0.01413
v -0.02686 -0.02070 0.01807
v -0.02704 -0.02050 0.02042
v -0.02660 -0.02050 0.02436
v -0.02679 -0.02070 0.03076
v -0.02715 -0.02000 -0.02434
v -0.02676 -0.02000 -0.02334
v -0.02671 -0.02000 -0.02226
v -0.02690 -0.02000 -0.02157
v -0.02678 -0.02000 -0.00992
v -0.02680 -0.02000 -0.00782
v -0.02648 -0.02000 -0.00621
v -0.02651 -0.02000 0.00631
v -0.02679 -0.02000 0.00779
v -0.02685 -0.02000 0.00972
v -0.02733 -0.02000 0.02085
v -0.02671 -0.02000 0.02240
v -0.02685 -0.02000 0.02372
v -0.02715 -0.02000 0.02434
v -0.02703 -0.01950 0.02936
v -0.02715 -0.01900 -0.02434
v -0.02669 -0.01900 -0.02299
v -0.02690 -0.01900 -0.02157
v -0.02685 -0.01900 -0.00971
v -0.02681 -0.01900 -0.00791
v -0.02648 -0.01900 -0.00621
v -0.02651 -0.01900 0.00631
v -0.02680 -0.01900 0.00783
v -0.02685 -0.01900 0.00972
v -0.02733 -0.01900 0.02085
v -0.02674 -0.01900 0.02208
v -0.02679 -0.01900 0.02354
v -0.02715 -0.01900 0.02434
v -0.02731 0.01010 -0.02219
v -0.02713 0.01010 -0.02096
v -0.02752 0.01010 -0.02008
v -0.02718 0.01010 0.02098
v -0.02738 0.01010 0.02233
v -0.02667 0.01150 -0.03061
v -0.02709 0.01123 -0.02225
v -0.02694 0.01125 -0.02078
v -0.02738 0.01125 -0.01985
v -0.02642 0.01150 -0.01816
v -0.02738 0.01150 -0.01780
v -0.02686 0.01150 -0.01408
v -0.02684 0.01150 0.01414
v -0.02686 0.01150 0.01807
v -0.02727 0.01150 0.01966
v -0.02701 0.01116 0.02097
v -0.02707 0.01126 0.02226
v -0.02680 0.01150 0.03076
v -0.02677 0.01350 -0.01807
v -0.02738 0.01350 -0.01780
v -0.02686 0.01350 -0.01408
v -0.02697 0.01350 0.01416
v -0.02686 0.01350 0.01807
v -0.02729 0.01550 -0.00602
v -0.02687 0.01550 -0.00527
v -0.02650 0.01550 0.00000
v -0.02696 0.01550 0.00546
v -0.02707 0.01550 0.03410
v -0.02729 0.01750 -0.00602
v -0.02687 0.01750 -0.00525
v -0.02650 0.01750 0.00000
v -0.02695 0.01750 0.00543
v -0.02620 -0.02670 -0.02017
v -0.02620 -0.02670 -0.01197
v -0.02532 -0.02670 -0.00880
v -0.02542 -0.02670 0.00878
v -0.02620 -0.02670 0.01197
v -0.02620 -0.02670 0.02017
v -0.02590 -0.02470 -0.01812
v -0.02585 -0.02470 -0.01403
v -0.02590 -0.02470 0.01402
v -0.02585 -0.02470 0.01811
v -0.02578 -0.02050 -0.02589
v -0.02627 -0.02050 -0.02340
v -0.02621 -0.02050 -0.02219
v -0.02554 -0.02070 -0.01807
v -0.02597 -0.02070 -0.01398
v -0.02595 -0.02050 -0.01179
v -0.02532 -0.02070 -0.00880
v -0.02599 -0.02050 -0.00440
v -0.02602 -0.02050 0.00444
v -0.02541 -0.02070 0.00878
v -0.02614 -0.02050 0.01165
v -0.02554 -0.02070 0.01408
v -0.02622 -0.02050 0.01606
v -0.02597 -0.02070 0.01816
v -0.02639 -0.02050 0.02152
v -0.02618 -0.02050 0.02280
v -0.02601 -0.02050 0.02625
v -0.02606 -0.01950 -0.02807
v -0.02614 -0.02000 -0.01097
v -0.02564 -0.02000 -0.00476
v -0.02588 -0.02000 0.00502
v -0.02605 -0.02000 0.01105
v -0.02614 -0.01900 -0.01097
v -0.02564 -0.01900 -0.00476
v -0.02588 -0.01900 0.00502
v -0.02626 -0.01900 0.01083
v -0.02592 0.01150 -0.02611
v -0.02554 0.01150 -0.01807
v -0.02597 0.01150 -0.01398
v -0.02528 0.01150 -0.01271
v -0.02528 0.01150 0.01271
v -0.02554 0.01150 0.01408
v -0.02597 0.01150 0.01816
v -0.02592 0.01150 0.02611
v -0.02584 0.01350 -0.01811
v -0.02582 0.01350 -0.01404
v -0.02584 0.01350 0.01403
v -0.02582 0.01350 0.01811
v -0.02620 0.01550 -0.02017
v -0.02620 0.01550 -0.01197
v -0.02620 0.01550 0.01197
v -0.02620 0.01550 0.02017
v -0.02507 -0.02670 -0.03173
v -0.02463 -0.02670 -0.01986
v -0.02463 -0.02670 -0.01228
v -0.02453 -0.02670 -0.00897
v -0.02441 -0.02670 0.00899
v -0.02463 -0.02670 0.01228
v -0.02463 -0.02670 0.01986
v -0.02451 -0.02470 -0.01725
v -0.02413 -0.02470 -0.01629
v -0.02451 -0.02470 -0.01486
v -0.02501 -0.02470 -0.01434
v -0.02442 -0.02470 0.01505
v -0.02410 -0.02470 0.01607
v -0.02464 -0.02470 0.01742
v -0.02471 -0.02070 -0.01756
v -0.02415 -0.02070 -0.01642
v -0.02434 -0.02070 -0.01509
v -0.02501 -0.02070 -0.01434
v -0.02498 -0.02050 -0.01226
v -0.02453 -0.02070 -0.00897
v -0.02506 -0.02050 -0.00377
v -0.02412 -0.02050 0.00348
v -0.02515 -0.02050 0.00382
v -0.02438 -0.02070 0.00899
v -0.02500 -0.02050 0.01226
v -0.02441 -0.02070 0.01510
v -0.02410 -0.02070 0.01607
v -0.02470 -0.02070 0.01746
v -0.02470 -0.01950 -0.02608
v -0.02462 -0.02000 -0.01183
v -0.02439 -0.02000 -0.00405
v -0.02493 -0.02000 0.00427
v -0.02470 -0.02000 0.01179
v -0.02481 -0.01950 0.02625
v -0.02491 -0.01900 -0.01176
v -0.02439 -0.01900 -0.00405
v -0.02472 -0.01900 0.00417
v -0.02465 -0.01900 0.01180
v -0.02470 0.01050 -0.02608
v -0.02498 0.01010 -0.01226
v -0.02476 0.01010 0.01227
v -0.02471 0.01150 -0.01756
v -0.02414 0.01150 -0.01635
v -0.02434 0.01150 -0.01509
v -0.02501 0.01150 -0.01434
v -0.02467 0.01120 -0.01249
v -0.02462 0.01117 0.01245
v -0.02443 0.01150 0.01506
v -0.02410 0.01150 0.01607
v -0.02468 0.01150 0.01743
v -0.02446 0.01350 -0.01719
v -0.02415 0.01350 -0.01640
v -0.02454 0.01350 -0.01482
v -0.02501 0.01350 -0.01434
v -0.02437 0.01350 0.01514
v -0.02410 0.01350 0.01607
v -0.02469 0.01350 0.01748
v -0.02507 0.01550 -0.03173
v -0.02463 0.01550 -0.01986
v -0.02463 0.01550 -0.01228
v -0.02463 0.01550 0.01228
v -0.02463 0.01550 0.01986
v -0.02330 -0.02670 -0.01897
v -0.02330 -0.02670 -0.01317
v -0.02357 -0.02670 -0.00895
v -0.02327 -0.02670 0.00884
v -0.02330 -0.02670 0.01317
v -0.02330 -0.02670 0.01897
v -0.02311 -0.02670 0.02909
v -0.02352 -0.02050 -0.02211
v -0.02333 -0.02050 -0.01232
v -0.02357 -0.02070 -0.00895
v -0.02336 -0.02050 -0.00349
v -0.02316 -0.02050 -0.00138
v -0.02347 -0.02050 -0.00043
v -0.02347 -0.02050 0.00043
v -0.02318 -0.02050 0.00134
v -0.02303 -0.02050 0.00349
v -0.02327 -0.02070 0.00884
v -0.02372 -0.02050 0.01241
v -0.02302 -0.02050 0.02113
v -0.02291 -0.02070 0.02518
v -0.02376 -0.01950 -0.02456
v -0.02362 -0.02000 -0.01190
v -0.02295 -0.02000 -0.00401
v -0.02286 -0.02000 -0.00079
v -0.02295 -0.02000 0.00045
v -0.02319 -0.02000 0.00397
v -0.02283 -0.02000 0.01169
v -0.02286 -0.01950 0.02298
v -0.02377 -0.01950 0.02458
v -0.02362 -0.01900 -0.01190
v -0.02295 -0.01900 -0.00401
v -0.02327 -0.01900 0.00396
v -0.02283 -0.01900 0.01169
v -0.02294 -0.01750 -0.00053
v -0.02291 -0.01750 0.00066
v -0.02375 0.01010 -0.01215
v -0.02298 0.01010 -0.01157
v -0.02340 0.01010 0.01196
v -0.02377 0.01050 0.02458
v -0.02355 0.01150 -0.02216
v -0.02353 0.01125 -0.01233
v -0.02298 0.01100 -0.01157
v -0.02340 0.01100 0.01196
v -0.02353 0.01150 0.01260
v -0.02355 0.01150 0.02216
v -0.02291 0.01150 0.02518
v -0.02330 0.01550 -0.01897
v -0.02330 0.01550 -0.01317
v -0.02330 0.01550 0.01317
v -0.02330 0.01550 0.01897
v -0.02311 0.01550 0.02909
v -0.02241 -0.02670 -0.01764
v -0.02210 -0.02670 -0.01607
v -0.02241 -0.02670 -0.01450
v -0.02273 -0.02670 -0.00848
v -0.02216 -0.02670 -0.00751
v -0.02179 -0.02670 0.00505
v -0.02232 -0.02670 0.00780
v -0.02241 -0.02670 0.01450
v -0.02210 -0.02670 0.01607
v -0.02241 -0.02670 0.01764
v -0.02279 -0.02070 -0.02499
v -0.02258 -0.02050 -0.02024
v -0.02181 -0.02050 -0.01852
v -0.02197 -0.02050 -0.01179
v -0.02273 -0.02070 -0.00848
v -0.02216 -0.02070 -0.00751
v -0.02180 -0.02050 -0.00393
v -0.02172 -0.02050 -0.00274
v -0.02256 -0.02050 -0.00218
v -0.02270 -0.02050 0.00204
v -0.02190 -0.02050 0.00265
v -0.02208 -0.02050 0.00378
v -0.02179 -0.02070 0.00505
v -0.02232 -0.02070 0.00780
v -0.02248 -0.02050 0.01209
v -0.02174 -0.01950 -0.02079
v -0.02234 -0.02000 -0.01144
v -0.02166 -0.02000 -0.00463
v -0.02202 -0.01974 -0.00163
v -0.02231 -0.01950 -0.00085
v -0.02248 -0.01966 0.00070
v -0.02231 -0.02000 0.00173
v -0.02231 -0.02000 0.00423
v -0.02216 -0.02000 0.01124
v -0.02213 -0.01950 0.02158
v -0.02234 -0.01900 -0.01144
v -0.02166 -0.01900 -0.00463
v -0.02253 -0.01900 0.00413
v -0.02166 -0.01900 0.01084
v -0.02212 -0.01750 -0.00164
v -0.02231 -0.01750 -0.00085
v -0.02238 -0.01750 0.00050
v -0.02231 -0.01750 0.00173
v -0.02267 0.01050 -0.02263
v -0.02261 0.01010 -0.01082
v -0.02169 0.01010 -0.00616
v -0.02172 0.01010 -0.00045
v -0.02178 0.01010 0.00026
v -0.02169 0.01010 0.00618
v -0.02268 0.01010 0.01102
v -0.02279 0.01150 -0.02499
v -0.02241 0.01133 -0.01115
v -0.02169 0.01100 -0.00616
v -0.02175 0.01100 -0.00033
v -0.02178 0.01100 0.00026
v -0.02169 0.01100 0.00618
v -0.02248 0.01121 0.01108
v -0.02278 0.01150 0.01209
v -0.02241 0.01550 -0.01764
v -0.02210 0.01550 -0.01607
v -0.02241 0.01550 -0.01450
v -0.02241 0.01550 0.01450
v -0.02210 0.01550 0.01607
v -0.02241 0.01550 0.01764
v -0.02124 -0.02670 -0.02619
v -0.02152 -0.02670 -0.00117
v -0.02116 -0.02050 -0.01101
v -0.02058 -0.02050 -0.00980
v -0.02094 -0.02050 -0.00464
v -0.02081 -0.02050 -0.00298
v -0.02152 -0.02070 -0.00117
v -0.02150 -0.02070 0.00000
v -0.02095 -0.02050 0.00297
v -0.02120 -0.02050 0.00438
v -0.02056 -0.02050 0.00516
v -0.02064 -0.02050 0.00998
v -0.02142 -0.02050 0.01133
v -0.02069 -0.02050 0.01568
v -0.02136 -0.01950 -0.01998
v -0.02133 -0.02000 -0.01037
v -0.02091 -0.02000 -0.00898
v -0.02062 -0.02000 -0.00744
v -0.02060 -0.02000 -0.00660
v -0.02081 -0.02000 -0.00579
v -0.02057 -0.02000 -0.00250
v -0.02110 -0.01982 -0.00223
v -0.02112 -0.01969 0.00207
v -0.02106 -0.02000 0.00540
v -0.02060 -0.02000 0.00730
v -0.02091 -0.02000 0.00899
v -0.02119 -0.02000 0.01006
v -0.02065 -0.01950 0.01837
v -0.02117 -0.01950 0.01958
v -0.02133 -0.01900 -0.01037
v -0.02092 -0.01900 -0.00902
v -0.02062 -0.01900 -0.00744
v -0.02060 -0.01900 -0.00660
v -0.02081 -0.01900 -0.00579
v -0.02114 -0.01900 0.00527
v -0.02060 -0.01900 0.00730
v -0.02093 -0.01900 0.00909
v -0.02057 -0.01750 -0.00250
v -0.02098 -0.01750 -0.00214
v -0.02118 -0.01750 0.00202
v -0.02136 0.01050 -0.01998
v -0.02127 0.01010 -0.00142
v -0.02145 0.01010 -0.00086
v -0.02147 0.01010 0.00082
v -0.02127 0.01010 0.00142
v -0.02065 0.01050 0.01837
v -0.02158 0.01150 -0.01799
v -0.02119 0.01150 -0.00623
v -0.02112 0.01116 -0.00135
v -0.02122 0.01133 -0.00063
v -0.02119 0.01131 0.00070
v -0.02111 0.01117 0.00136
v -0.02119 0.01150 0.00625
v -0.02158 0.01150 0.01799
v -0.02124 0.01550 -0.02619
v -0.01964 -0.02670 0.02332
v -0.01982 -0.02070 -0.01909
v -0.02039 -0.02050 -0.01481
v -0.01930 -0.02050 -0.01099
v -0.02013 -0.02050 -0.00752
v -0.02010 -0.02050 -0.00655
v -0.02034 -0.02050 -0.00560
v -0.02004 -0.02050 0.00297
v -0.02014 -0.02050 0.00651
v -0.02010 -0.02050 0.00737
v -0.01991 -0.02070 0.01930
v -0.02022 -0.01950 -0.01730
v -0.01942 -0.01950 -0.01505
v -0.01973 -0.01950 -0.00185
v -0.01974 -0.01950 0.00185
v -0.02010 -0.02000 0.00247
v -0.01962 -0.01950 0.01565
v -0.01973 -0.01750 -0.00185
v -0.01974 -0.01750 0.00185
v -0.02010 -0.01750 0.00247
v -0.01933 -0.00637 -0.01790
v -0.01949 -0.00511 -0.01830
v -0.01946 -0.00539 0.01822
v -0.01937 -0.00399 -0.02277
v -0.01958 -0.00428 -0.01851
v -0.01937 -0.00393 0.02278
v -0.01940 -0.00322 -0.02285
v -0.01964 -0.00357 0.01866
v -0.01941 -0.00322 0.02285
v -0.01951 -0.00143 -0.02305
v -0.01973 -0.00211 -0.01888
v -0.01976 -0.00139 0.01895
v -0.01951 -0.00143 0.02305
v -0.01953 -0.00046 -0.02309
v -0.01977 -0.00053 -0.01899
v -0.01977 -0.00105 0.01897
v -0.01953 -0.00046 0.02309
v -0.01952 0.00115 -0.02307
v -0.01977 0.00079 0.01898
v -0.01952 0.00115 0.02307
v -0.01947 0.00232 -0.02299
v -0.01973 0.00204 -0.01889
v -0.01947 0.00232 0.02299
v -0.01968 0.00302 -0.01876
v -0.01968 0.00294 0.01877
v -0.01939 0.00372 -0.02282
v -0.01956 0.00445 -0.01847
v -0.01954 0.00467 0.01842
v -0.01939 0.00374 0.02281
v -0.01925 0.00505 -0.02254
v -0.01925 0.00504 0.02254
v -0.01926 0.00686 -0.01772
v -0.01927 0.00679 0.01775
v -0.01982 0.01150 -0.01909
v -0.02002 0.01150 -0.01364
v -0.02002 0.01150 0.01364
v -0.01991 0.01150 0.01930
v -0.01964 0.01550 0.02332
v -0.01817 -0.02670 -0.02020
v -0.01810 -0.02670 -0.00897
v -0.01810 -0.02670 0.00897
v -0.01888 -0.02050 -0.00903
v -0.01854 -0.02050 -0.00709
v -0.01811 -0.02050 -0.00314
v -0.01809 -0.02050 0.00284
v -0.01821 -0.02050 0.00443
v -0.01907 -0.02050 0.00998
v -0.01894 -0.01950 -0.01351
v -0.01802 -0.01950 -0.00983
v -0.01828 -0.02000 -0.00263
v -0.01891 -0.01950 -0.00122
v -0.01852 -0.01950 -0.00026
v -0.01865 -0.01950 0.00077
v -0.01864 -0.01977 0.00192
v -0.01809 -0.01950 0.01019
v -0.01852 -0.01950 0.01200
v -0.01891 -0.01750 -0.00122
v -0.01852 -0.01750 -0.00026
v -0.01865 -0.01750 0.00077
v -0.01909 -0.01750 0.00141
v -0.01813 -0.01232 -0.01446
v -0.01801 -0.01279 -0.01405
v -0.01813 -0.01232 0.01447
v -0.01820 -0.01120 -0.02029
v -0.01831 -0.01163 -0.01503
v -0.01838 -0.01135 0.01524
v -0.01822 -0.01112 0.02034
v -0.01873 -0.00978 -0.01629
v -0.01871 -0.00879 -0.02142
v -0.01891 -0.00892 -0.01677
v -0.01885 -0.00921 0.01661
v -0.01873 -0.00866 0.02145
v -0.01828 -0.00824 -0.02094
v -0.01911 -0.00779 -0.01733
v -0.01913 -0.00770 0.01737
v -0.01829 -0.00824 0.02095
v -0.01909 -0.00658 -0.02221
v -0.01910 -0.00647 0.02224
v -0.01891 -0.00583 -0.02203
v -0.01807 -0.00556 -0.02142
v -0.01808 -0.00557 0.02142
v -0.01892 -0.00583 0.02204
v -0.01862 -0.00307 -0.02209
v -0.01868 -0.00308 0.02212
v -0.01853 -0.00043 -0.02222
v -0.01874 -0.00044 0.02230
v -0.01846 0.00218 -0.02210
v -0.01871 0.00220 0.02221
v -0.01817 0.00473 -0.02162
v -0.01818 0.00473 0.02162
v -0.01879 0.00487 -0.02197
v -0.01880 0.00487 0.02197
v -0.01914 0.00621 -0.02231
v -0.01913 0.00628 0.02229
v -0.01889 0.00769 -0.02180
v -0.01843 0.00742 -0.02124
v -0.01844 0.00742 0.02125
v -0.01889 0.00769 0.02181
v -0.01877 0.00869 -0.02153
v -0.01895 0.00872 -0.01688
v -0.01893 0.00880 0.01684
v -0.01874 0.00883 0.02147
v -0.01839 0.01016 -0.02072
v -0.01855 0.01062 -0.01576
v -0.01893 0.01050 -0.01347
v -0.01908 0.01050 0.01398
v -0.01855 0.01062 0.01576
v -0.01842 0.01020 0.02078
v -0.01830 0.01105 -0.02050
v -0.01828 0.01129 -0.01494
v -0.01802 0.01150 -0.01410
v -0.01890 0.01150 -0.00917
v -0.01823 0.01150 -0.00461
v -0.01823 0.01150 0.00461
v -0.01890 0.01150 0.00917
v -0.01802 0.01150 0.01410
v -0.01834 0.01120 0.01511
v -0.01826 0.01124 0.02041
v -0.01817 0.01550 -0.02020
v -0.01697 -0.02670 0.01714
v -0.01766 -0.02070 -0.01284
v -0.01772 -0.02070 0.01306
v -0.01742 -0.01950 -0.00634
v -0.01711 -0.01950 -0.00320
v -0.01708 -0.01950 0.00277
v -0.01718 -0.01950 0.00420
v -0.01754 -0.01950 0.00720
v -0.01772 -0.01950 0.00828
v -0.01708 -0.01879 -0.00269
v -0.01705 -0.01879 0.00226
v -0.01708 -0.01750 -0.00269
v -0.01700 -0.01750 0.00027
v -0.01705 -0.01750 0.00226
v -0.01703 -0.01589 -0.01731
v -0.01713 -0.01571 -0.01068
v -0.01709 -0.01570 0.01747
v -0.01697 -0.01529 -0.01729
v -0.01731 -0.01514 -0.01148
v -0.01725 -0.01533 0.01122
v -0.01697 -0.01529 0.01730
v -0.01762 -0.01347 -0.01892
v -0.01761 -0.01417 -0.01265
v -0.01767 -0.01398 0.01286
v -0.01765 -0.01338 0.01898
v -0.01717 -0.01281 -0.01850
v -0.01793 -0.01306 0.01380
v -0.01718 -0.01282 0.01850
v -0.01720 -0.01037 -0.01963
v -0.01745 -0.01046 0.01970
v -0.01730 -0.00792 -0.02058
v -0.01733 -0.00793 0.02059
v -0.01756 -0.00540 -0.02134
v -0.01739 -0.00535 0.02134
v -0.01781 -0.00297 -0.02181
v -0.01764 -0.00296 0.02180
v -0.01774 -0.00059 -0.02199
v -0.01774 -0.00063 0.02199
v -0.01769 0.00212 -0.02190
v -0.01769 0.00212 0.02190
v -0.01759 0.00352 0.02172
v -0.01758 0.00365 -0.02170
v -0.01766 0.00466 -0.02152
v -0.01748 0.00463 0.02151
v -0.01733 0.00711 -0.02084
v -0.01712 0.00707 0.02083
v -0.01747 0.00749 -0.02076
v -0.01744 0.00748 0.02076
v -0.01718 0.00953 -0.01992
v -0.01735 0.00958 0.01995
v -0.01795 0.00984 -0.02024
v -0.01792 0.01050 -0.00936
v -0.01747 0.01050 -0.00667
v -0.01700 0.01050 0.00027
v -0.01754 0.01050 0.00720
v -0.01795 0.00984 0.02024
v -0.01800 0.01150 0.00000
v -0.01781 0.01249 -0.01941
v -0.01738 0.01210 -0.01897
v -0.01738 0.01211 0.01898
v -0.01782 0.01249 0.01941
v -0.01775 0.01335 -0.01919
v -0.01769 0.01356 0.01905
v -0.01716 0.01510 -0.01774
v -0.01708 0.01517 0.01756
v -0.01592 -0.02670 -0.01385
v -0.01636 -0.02070 -0.00636
v -0.01595 -0.02070 0.00000
v -0.01639 -0.02070 0.00659
v -0.01581 -0.01949 -0.01347
v -0.01587 -0.01933 0.01369
v -0.01569 -0.01877 -0.01343
v -0.01620 -0.01834 -0.00495
v -0.01612 -0.01856 -0.00409
v -0.01603 -0.01879 -0.00281
v -0.01595 -0.01899 -0.00063
v -0.01595 -0.01900 0.00000
v -0.01597 -0.01894 0.00154
v -0.01607 -0.01870 0.00338
v -0.01612 -0.01856 0.00408
v -0.01626 -0.01818 0.00552
v -0.01570 -0.01877 0.01343
v -0.01636 -0.01745 -0.01546
v -0.01660 -0.01724 -0.00798
v -0.01641 -0.01778 -0.00669
v -0.01640 -0.01782 0.00660
v -0.01657 -0.01733 0.00778
v -0.01632 -0.01715 0.01546
v -0.01646 -0.01764 0.01566
v -0.01589 -0.01665 -0.01514
v -0.01678 -0.01673 -0.00900
v -0.01678 -0.01675 0.00897
v -0.01589 -0.01666 0.01514
v -0.01653 -0.01483 -0.01692
v -0.01593 -0.01448 -0.01673
v -0.01594 -0.01449 0.01673
v -0.01654 -0.01484 0.01693
v -0.01624 -0.01239 -0.01825
v -0.01563 -0.01312 -0.01766
v -0.01625 -0.01240 0.01826
v -0.01647 -0.01014 -0.01952
v -0.01647 -0.01014 0.01952
v -0.01666 -0.00932 -0.01993
v -0.01664 -0.00944 0.01987
v -0.01665 0.00940 -0.01989
v -0.01665 0.00940 0.01989
v -0.01636 0.01172 -0.01867
v -0.01635 0.01173 0.01867
v -0.01625 0.01393 -0.01733
v -0.01643 0.01401 0.01736
v -0.01626 0.01550 -0.01634
v -0.01612 0.01550 0.01615
v -0.01674 0.01550 0.01684
v -0.01521 -0.02670 -0.01103
v -0.01486 -0.02670 -0.01016
v -0.01487 -0.02670 0.01018
v -0.01521 -0.02670 0.01103
v -0.01529 -0.02578 -0.01140
v -0.01482 -0.02588 -0.01049
v -0.01472 -0.02582 0.01038
v -0.01530 -0.02568 0.01143
v -0.01522 -0.02470 -0.01130
v -0.01466 -0.02470 -0.01046
v -0.01466 -0.02470 0.01046
v -0.01513 -0.02470 0.01110
v -0.01512 -0.02076 -0.01109
v -0.01460 -0.02049 -0.01045
v -0.01460 -0.02049 0.01045
v -0.01512 -0.02077 0.01111
v -0.01490 -0.01992 -0.01110
v -0.01464 -0.02001 -0.01066
v -0.01464 -0.02001 0.01066
v -0.01487 -0.01991 0.01107
v -0.01526 -0.01825 -0.01317
v -0.01526 -0.01826 0.01317
v -0.01465 -0.01787 -0.01305
v -0.01466 -0.01787 0.01305
v -0.01483 -0.01623 -0.01491
v -0.01485 -0.01625 0.01491
v -0.01546 -0.01433 -0.01672
v -0.01525 -0.01427 0.01674
v -0.01559 -0.01322 0.01758
v -0.01546 0.01364 -0.01726
v -0.01546 0.01364 0.01726
v -0.01499 0.01543 -0.01570
v -0.01509 0.01541 0.01575
v -0.01439 -0.02658 -0.00961
v -0.01376 -0.02665 -0.00898
v -0.01375 -0.02670 -0.00513
v -0.01409 -0.02670 -0.00401
v -0.01395 -0.02670 -0.00000
v -0.01398 -0.02670 0.00450
v -0.01335 -0.02670 0.00556
v -0.01371 -0.02665 0.00895
v -0.01439 -0.02658 0.00961
v -0.01353 -0.02560 -0.00983
v -0.01379 -0.02627 -0.00943
v -0.01379 -0.02627 0.00943
v -0.01356 -0.02553 0.00987
v -0.01377 -0.02475 -0.01008
v -0.01397 -0.02470 0.01013
v -0.01375 -0.02170 -0.00513
v -0.01409 -0.02170 -0.00403
v -0.01395 -0.02170 -0.00000
v -0.01404 -0.02170 0.00419
v -0.01335 -0.02170 0.00556
v -0.01396 -0.02078 -0.01012
v -0.01382 -0.02078 0.01009
v -0.01406 -0.01923 -0.01094
v -0.01365 -0.01980 -0.01036
v -0.01368 -0.01978 0.01036
v -0.01407 -0.01924 0.01094
v -0.01353 -0.01908 -0.01098
v -0.01338 -0.01905 0.01100
v -0.01419 -0.01772 -0.01307
v -0.01396 -0.01767 0.01310
v -0.01294 -0.02645 -0.00897
v -0.01277 -0.02669 -0.00819
v -0.01210 -0.02670 -0.00600
v -0.01304 -0.02670 -0.00577
v -0.01246 -0.02670 0.00597
v -0.01210 -0.02670 0.00600
v -0.01276 -0.02669 0.00821
v -0.01286 -0.02655 0.00877
v -0.01307 -0.02622 -0.00928
v -0.01306 -0.02624 0.00926
v -0.01210 -0.02170 -0.00600
v -0.01304 -0.02170 -0.00577
v -0.01246 -0.02170 0.00597
v -0.01210 -0.02170 0.00600
v -0.00800 -0.02670 -0.00600
v -0.00776 -0.02670 -0.00598
v -0.00800 -0.02670 0.00600
v -0.00800 -0.02170 -0.00600
v -0.00776 -0.02170 -0.00598
v -0.00800 -0.02170 0.00600
v -0.00655 -0.02670 -0.00529
v -0.00600 -0.02670 -0.00400
v -0.00601 -0.02670 0.00412
v -0.00671 -0.02670 0.00545
v -0.00652 -0.02170 -0.00525
v -0.00600 -0.02170 -0.00400
v -0.00601 -0.02170 0.00411
v -0.00675 -0.02170 0.00548
v -0.00600 -0.01856 -0.00409
v -0.00600 -0.01883 -0.00044
v -0.00600 -0.01875 0.00000
v -0.00600 -0.01832 0.00173
v -0.00600 -0.01856 0.00408
v -0.00600 -0.01724 -0.00798
v -0.00600 -0.01765 -0.00265
v -0.00600 -0.01714 0.00308
v -0.00600 -0.01724 0.00798
v -0.00600 -0.01629 -0.00352
v -0.00600 -0.01514 -0.01148
v -0.00600 -0.01456 -0.00372
v -0.00600 -0.01544 0.00372
v -0.00600 -0.01514 0.01148
v -0.00600 -0.01371 0.00352
v -0.00600 -0.01232 -0.01446
v -0.00600 -0.01286 -0.00308
v -0.00600 -0.01235 0.00265
v -0.00600 -0.01232 0.01447
v -0.00600 -0.01168 -0.00173
v -0.00600 -0.01134 0.00060
v -0.00600 -0.00892 -0.01677
v -0.00600 -0.00892 0.01677
v -0.00600 -0.00511 -0.01830
v -0.00600 -0.00511 0.01830
v -0.00600 -0.00106 -0.01897
v -0.00600 -0.00105 0.01897
v -0.00600 0.00302 -0.01876
v -0.00600 0.00302 0.01876
v -0.00600 0.00391 -0.01408
v -0.00600 0.00375 -0.01299
v -0.00600 0.00418 -0.01126
v -0.00600 0.00391 0.01190
v -0.00600 0.00375 0.01299
v -0.00600 0.00418 0.01472
v -0.00600 0.00485 -0.01564
v -0.00600 0.00536 -0.00991
v -0.00600 0.00485 0.01034
v -0.00600 0.00536 0.01607
v -0.00600 0.00698 -0.01767
v -0.00600 0.00621 -0.01651
v -0.00600 0.00706 -0.00927
v -0.00600 0.00621 0.00947
v -0.00600 0.00706 0.01671
v -0.00600 0.00698 0.01767
v -0.00600 0.00794 -0.01671
v -0.00600 0.00794 0.00927
v -0.00600 0.00879 -0.00947
v -0.00600 0.00879 0.01651
v -0.00600 0.01009 -0.01593
v -0.00600 0.01015 -0.01034
v -0.00600 0.00964 0.00991
v -0.00600 0.01044 0.01571
v -0.00600 0.01106 -0.01489
v -0.00600 0.01150 -0.01410
v -0.00600 0.01125 -0.01299
v -0.00600 0.01109 -0.01190
v -0.00600 0.01082 0.01126
v -0.00600 0.01125 0.01299
v -0.00600 0.01129 0.01409
v -0.00600 0.01127 0.01503
v -0.00600 0.01550 -0.01561
v -0.00600 0.01550 0.01561
v -0.00600 0.01808 -0.01253
v -0.00600 0.01810 0.01251
v -0.00600 0.02022 -0.00866
v -0.00600 0.02023 0.00864
v -0.00600 0.02155 -0.00444
v -0.00600 0.02155 0.00441
v -0.00600 0.02200 -0.00004
v -0.00600 0.02200 0.00001
v -0.00420 -0.01859 -0.00109
v -0.00420 -0.01875 0.00000
v -0.00420 -0.01832 0.00173
v -0.00420 -0.01765 -0.00265
v -0.00420 -0.01715 -0.00065
v -0.00420 -0.01712 0.00052
v -0.00420 -0.01714 0.00308
v -0.00420 -0.01629 -0.00352
v -0.00420 -0.01615 -0.00186
v -0.00420 -0.01627 0.00185
v -0.00420 -0.01456 -0.00372
v -0.00420 -0.01476 -0.00224
v -0.00420 -0.01524 0.00224
v -0.00420 -0.01544 0.00372
v -0.00420 -0.01373 -0.00185
v -0.00420 -0.01385 0.00186
v -0.00420 -0.01371 0.00352
v -0.00420 -0.01286 -0.00308
v -0.00420 -0.01301 -0.00105
v -0.00420 -0.01280 0.00032
v -0.00420 -0.01235 0.00265
v -0.00420 -0.01168 -0.00173
v -0.00420 -0.01133 0.00055
v -0.00400 -0.00898 -0.01332
v -0.00400 -0.00922 -0.01234
v -0.00400 -0.00892 -0.01138
v -0.00400 -0.00898 0.01136
v -0.00400 -0.00919 0.01258
v -0.00400 -0.00861 0.01383
v -0.00400 -0.00735 -0.01443
v -0.00400 -0.00831 -0.01407
v -0.00400 -0.00779 -0.01035
v -0.00400 -0.00783 0.01043
v -0.00400 -0.00779 0.01433
v -0.00400 -0.00646 -0.01433
v -0.00400 -0.00690 -0.01025
v -0.00400 -0.00646 0.01035
v -0.00400 -0.00690 0.01443
v -0.00400 -0.00564 -0.01383
v -0.00400 -0.00506 -0.01258
v -0.00400 -0.00527 -0.01136
v -0.00400 -0.00594 -0.01061
v -0.00400 -0.00533 0.01138
v -0.00400 -0.00502 0.01234
v -0.00400 -0.00564 0.01374
v -0.00420 0.00391 -0.01408
v -0.00420 0.00375 -0.01299
v -0.00420 0.00418 -0.01126
v -0.00420 0.00391 0.01190
v -0.00420 0.00375 0.01299
v -0.00420 0.00418 0.01472
v -0.00420 0.00485 -0.01564
v -0.00420 0.00591 -0.01458
v -0.00420 0.00535 -0.01364
v -0.00420 0.00525 -0.01299
v -0.00420 0.00551 -0.01194
v -0.00420 0.00536 -0.00991
v -0.00420 0.00485 0.01034
v -0.00420 0.00591 0.01140
v -0.00420 0.00530 0.01267
v -0.00420 0.00551 0.01404
v -0.00420 0.00536 0.01607
v -0.00420 0.00621 -0.01651
v -0.00420 0.00679 -0.01512
v -0.00420 0.00623 -0.01114
v -0.00420 0.00706 -0.00927
v -0.00420 0.00621 0.00947
v -0.00420 0.00679 0.01086
v -0.00420 0.00623 0.01484
v -0.00420 0.00706 0.01671
v -0.00420 0.00794 -0.01671
v -0.00420 0.00774 -0.01523
v -0.00420 0.00821 -0.01086
v -0.00420 0.00726 -0.01075
v -0.00420 0.00794 0.00927
v -0.00420 0.00774 0.01075
v -0.00420 0.00774 0.01518
v -0.00420 0.00877 -0.01484
v -0.00420 0.00949 -0.01404
v -0.00420 0.00909 -0.01140
v -0.00420 0.00879 -0.00947
v -0.00420 0.00913 0.01154
v -0.00420 0.00909 0.01458
v -0.00420 0.00879 0.01651
v -0.00420 0.00964 -0.01607
v -0.00420 0.00970 -0.01267
v -0.00420 0.01015 -0.01034
v -0.00420 0.00964 0.00991
v -0.00420 0.00975 0.01299
v -0.00420 0.00965 0.01364
v -0.00420 0.01015 0.01564
v -0.00420 0.01082 -0.01472
v -0.00420 0.01125 -0.01299
v -0.00420 0.01109 -0.01190
v -0.00420 0.01082 0.01126
v -0.00420 0.01125 0.01299
v -0.00420 0.01109 0.01408
v -0.00400 0.01306 -0.00173
v -0.00400 0.01239 -0.00098
v -0.00400 0.01219 0.00024
v -0.00400 0.01277 0.00149
v -0.00400 0.01403 -0.00209
v -0.00400 0.01359 0.00199
v -0.00400 0.01491 -0.00199
v -0.00400 0.01496 0.00191
v -0.00400 0.01573 -0.00149
v -0.00400 0.01626 -0.00060
v -0.00400 0.01628 0.00030
v -0.00350 -0.03622 -0.00440
v -0.00350 -0.03650 0.00000
v -0.00350 -0.03625 0.00424
v -0.00350 -0.03537 -0.00561
v -0.00350 -0.03551 0.00550
v -0.00350 -0.03392 -0.00598
v -0.00350 -0.03392 0.00598
v -0.00350 -0.03424 0.00601
v -0.00350 -0.02818 -0.00502
v -0.00350 -0.02818 0.00502
v -0.00350 -0.02670 -0.00650
v -0.00350 -0.02709 -0.00554
v -0.00350 -0.02704 0.00559
v -0.00350 -0.02670 0.00650
v -0.00000 -0.03622 -0.00440
v -0.00000 -0.03650 -0.00000
v -0.00000 -0.03625 0.00424
v -0.00000 -0.03524 -0.00569
v -0.00000 -0.03559 0.00543
v -0.00000 -0.03392 -0.00598
v -0.00000 -0.03392 0.00598
v -0.00000 -0.03424 0.00601
v -0.00000 -0.02818 -0.00502
v -0.00000 -0.02820 0.00502
v -0.00000 -0.02669 -0.00814
v -0.00000 -0.02670 -0.00650
v -0.00000 -0.02703 -0.00561
v -0.00000 -0.02688 -0.00219
v -0.00000 -0.02688 0.00219
v -0.00000 -0.02701 0.00563
v -0.00000 -0.02670 0.00650
v -0.00000 -0.02669 0.00810
v -0.00000 -0.02564 -0.00977
v -0.00000 -0.02635 -0.00913
v -0.00000 -0.02635 0.00913
v -0.00000 -0.02564 0.00977
v -0.00000 -0.02470 -0.01000
v -0.00000 -0.02470 0.01000
v -0.00000 -0.02078 -0.01000
v -0.00000 -0.02078 0.01000
v -0.00000 -0.01975 -0.01030
v -0.00000 -0.01984 0.01024
v -0.00000 -0.01905 -0.01100
v -0.00000 -0.01905 0.01100
v -0.00000 -0.01720 -0.00035
v -0.00000 -0.01699 0.00105
v -0.00000 -0.01639 -0.01468
v -0.00000 -0.01615 -0.00186
v -0.00000 -0.01627 0.00185
v -0.00000 -0.01647 0.01459
v -0.00000 -0.01476 -0.00224
v -0.00000 -0.01524 0.00224
v -0.00000 -0.01373 -0.00185
v -0.00000 -0.01385 0.00186
v -0.00000 -0.01322 0.01759
v -0.00000 -0.01312 -0.01766
v -0.00000 -0.01288 -0.00052
v -0.00000 -0.01285 0.00065
v -0.00000 -0.01099 -0.01048
v -0.00000 -0.01099 -0.00625
v -0.00000 -0.01099 -0.00219
v -0.00000 -0.01099 0.00219
v -0.00000 -0.01099 0.00625
v -0.00000 -0.01099 0.01485
v -0.00000 -0.00932 -0.01993
v -0.00000 -0.00898 -0.01332
v -0.00000 -0.00922 -0.01234
v -0.00000 -0.00887 -0.01130
v -0.00000 -0.00898 0.01136
v -0.00000 -0.00918 0.01264
v -0.00000 -0.00861 0.01383
v -0.00000 -0.00943 0.01987
v -0.00000 -0.00735 -0.01443
v -0.00000 -0.00831 -0.01407
v -0.00000 -0.00779 -0.01035
v -0.00000 -0.00783 0.01043
v -0.00000 -0.00779 0.01433
v -0.00000 -0.00646 -0.01433
v -0.00000 -0.00690 -0.01025
v -0.00000 -0.00646 0.01035
v -0.00000 -0.00690 0.01443
v -0.00000 -0.00515 -0.02139
v -0.00000 -0.00564 -0.01383
v -0.00000 -0.00507 -0.01262
v -0.00000 -0.00527 -0.01136
v -0.00000 -0.00594 -0.01061
v -0.00000 -0.00538 0.01130
v -0.00000 -0.00502 0.01234
v -0.00000 -0.00560 0.01370
v -0.00000 -0.00527 0.02136
v -0.00000 -0.00077 -0.02199
v -0.00000 -0.00089 0.02198
v 0.00000 0.00011 -0.01048
v 0.00000 0.00011 -0.00625
v 0.00000 0.00011 -0.00219
v 0.00000 0.00011 0.00219
v 0.00000 0.00011 0.00625
v 0.00000 0.00011 0.01485
v 0.00000 0.00352 0.02172
v 0.00000 0.00365 -0.02170
v 0.00000 0.00591 -0.01458
v 0.00000 0.00535 -0.01364
v 0.00000 0.00525 -0.01299
v 0.00000 0.00551 -0.01194
v 0.00000 0.00591 0.01140
v 0.00000 0.00530 0.01264
v 0.00000 0.00551 0.01404
v 0.00000 0.00679 -0.01512
v 0.00000 0.00623 -0.01114
v 0.00000 0.00679 0.01086
v 0.00000 0.00623 0.01484
v 0.00000 0.00791 -0.02053
v 0.00000 0.00774 -0.01523
v 0.00000 0.00821 -0.01086
v 0.00000 0.00726 -0.01075
v 0.00000 0.00774 0.01075
v 0.00000 0.00782 0.01517
v 0.00000 0.00779 0.02057
v 0.00000 0.00877 -0.01484
v 0.00000 0.00949 -0.01404
v 0.00000 0.00909 -0.01140
v 0.00000 0.00913 0.01154
v 0.00000 0.00909 0.01458
v 0.00000 0.00971 -0.01270
v 0.00000 0.00975 0.01299
v 0.00000 0.00965 0.01364
v 0.00000 0.01186 -0.01853
v 0.00000 0.01095 -0.01048
v 0.00000 0.01095 -0.00625
v 0.00000 0.01095 -0.00219
v 0.00000 0.01095 0.00219
v 0.00000 0.01095 0.00625
v 0.00000 0.01095 0.01485
v 0.00000 0.01175 0.01860
v 0.00000 0.01306 -0.00173
v 0.00000 0.01239 -0.00098
v 0.00000 0.01219 0.00027
v 0.00000 0.01277 0.00149
v 0.00000 0.01403 -0.00209
v 0.00000 0.01359 0.00199
v 0.00000 0.01532 -0.01579
v 0.00000 0.01491 -0.00199
v 0.00000 0.01496 0.00191
v 0.00000 0.01523 0.01587
v 0.00000 0.01573 -0.00149
v 0.00000 0.01626 -0.00060
v 0.00000 0.01623 0.00049
v 0.00000 0.01808 -0.01253
v 0.00000 0.01810 0.01251
v 0.00000 0.02022 -0.00866
v 0.00000 0.02023 0.00864
v 0.00000 0.02155 -0.00444
v 0.00000 0.02155 0.00441
v 0.00000 0.02200 -0.00004
v 0.00000 0.02200 0.00001
vn -0.7584 0.0045 -0.6518
vn -0.7510 0.0000 -0.6603
vn 0.0000 -1.0000 0.0000
vn 0.0000 -1.0000 0.0000
vn 0.0000 -1.0000 0.0000
vn 0.0000 -1.0000 0.0000
vn 0.0000 -1.0000 0.0000
vn 0.0000 -1.0000 0.0000
vn 0.0000 -1.0000 0.0000
vn 0.0000 -1.0000 0.0000
vn 0.0000 -1.0000 0.0000
vn 0.0000 -1.0000 0.0000
vn 0.0000 -1.0000 -0.0000
vn -0.0000 -1.0000 0.0000
vn 0.0000 -1.0000 -0.0000
vn 0.0000 -1.0000 0.0000
vn -0.0000 -1.0000 0.0000
vn 0.0000 -1.0000 0.0000
vn -0.0000 -1.0000 0.0000
vn 0.0000 -1.0000 0.0000
vn 0.0000 -1.0000 0.0000
vn -0.0000 -1.0000 0.0000
vn 0.0000 -1.0000 0.0000
vn 0.0000 -1.0000 0.0000
vn 0.0000 -1.0000 0.0000
vn 0.0000 -1.0000 0.0000
vn 0.0000 -1.0000 -0.0000
vn -0.0000 -1.0000 0.0000
vn 0.0000 -1.0000 -0.0000
vn -0.0000 -1.0000 0.0000
vn 0.0000 -1.0000 0.0000
vn -0.0000 -1.0000 0.0000
vn 0.0000 -1.0000 0.0000
vn 0.0000 -1.0000 0.0000
vn 0.0000 -1.0000 0.0000
vn 0.0000 -1.0000 0.0000
vn -0.0000 -1.0000 -0.0000
vn 0.0000 -1.0000 0.0000
vn 0.0000 -1.0000 0.0000
vn 0.0000 -1.0000 -0.0000
vn 0.0000 -1.0000 0.0000
vn 0.0000 -1.0000 -0.0000
vn 0.0000 -1.0000 0.0000
vn 0.0000 -1.0000 -0.0000
vn 0.0000 -1.0000 0.0000
vn 0.0000 -1.0000 -0.0000
vn 0.0000 -1.0000 0.0000
vn 0.0000 -1.0000 0.0000
vn 0.0000 -1.0000 -0.0000
vn 0.0000 -1.0000 0.0000
vn 0.0000 -1.0000 -0.0000
vn 0.0000 -1.0000 0.0000
vn 0.0000 -1.0000 -0.0000
vn 0.0000 -1.0000 0.0000
vn 0.0000 -1.0000 -0.0000
vn 0.0000 -1.0000 0.0000
vn -0.0000 -1.0000 0.0000
vn 0.0000 -1.0000 0.0000
vn -0.0000 -1.0000 0.0000
vn -0.0000 -1.0000 0.0000
vn 0.0000 -1.0000 -0.0000
vn 0.0000 -1.0000 0.0000
vn 0.0000 -1.0000 -0.0000
vn 0.0000 -1.0000 -0.0000
vn 0.0000 -1.0000 0.0000
vn 0.0000 -1.0000 0.0000
vn -0.0000 -1.0000 0.0000
vn 0.0000 -1.0000 0.0000
vn 0.0000 -1.0000 0.0000
vn 0.0000 -1.0000 0.0000
vn -0.0000 -1.0000 0.0000
vn -0.0000 -1.0000 0.0000
vn 0.0000 -1.0000 0.0000
vn 0.0000 -1.0000 0.0000
vn 0.0000 -1.0000 0.0000
vn 0.0000 -1.0000 -0.0000
vn 0.0000 -1.0000 0.0000
vn 0.0000 -1.0000 0.0000
vn 0.0000 -1.0000 0.0000
vn 0.0000 -1.0000 0.0000
vn 0.0000 -1.0000 -0.0000
vn 0.0000 -1.0000 0.0000
vn 0.0000 -1.0000 -0.0000
vn 0.0000 -1.0000 0.0000
vn 0.0000 -1.0000 0.0000
vn -0.0000 -1.0000 -0.0000
vn -0.0000 -1.0000 0.0000
vn 0.0000 -1.0000 0.0000
vn 0.0000 -1.0000 0.0000
vn 0.0000 -1.0000 0.0000
vn 0.0000 -1.0000 0.0000
vn 0.0000 -1.0000 -0.0000
vn 0.0000 -1.0000 0.0000
vn 0.0000 -1.0000 -0.0000
vn 0.0000 -1.0000 0.0000
vn 0.0000 -1.0000 0.0000
vn -0.0000 -1.0000 0.0000
vn 0.0000 -1.0000 0.0000
vn -0.0000 -1.0000 0.0000
vn 0.0000 -1.0000 0.0000
vn 0.0000 -1.0000 0.0000
vn 0.0000 -1.0000 -0.0000
vn 0.0000 -1.0000 0.0000
vn 0.0000 -1.0000 0.0000
vn 0.0000 -1.0000 -0.0000
vn 0.0000 -1.0000 0.0000
vn -0.0000 -1.0000 0.0000
vn 0.0000 -1.0000 0.0000
vn 0.0000 -1.0000 0.0000
vn 0.0000 -1.0000 0.0000
vn 0.0000 -1.0000 0.0000
vn -0.0000 -1.0000 0.0000
vn 0.0000 -1.0000 0.0000
vn 0.0000 -1.0000 0.0000
vn -0.0000 -1.0000 -0.0000
vn 0.0000 -1.0000 0.0000
vn 0.0000 -1.0000 0.0000
vn 0.0000 -1.0000 0.0000
vn 0.0000 -1.0000 -0.0000
vn 0.0000 -1.0000 0.0000
vn 0.0000 -1.0000 -0.0000
vn -0.0000 -1.0000 0.0000
vn 0.0000 -1.0000 0.0000
vn 0.0000 -1.0000 -0.0000
vn -0.0000 -1.0000 0.0000
vn 0.0000 -1.0000 0.0000
vn 0.0000 -1.0000 0.0000
vn 0.0000 -1.0000 0.0000
vn 0.0000 -1.0000 -0.0000
vn -0.0000 -1.0000 0.0000
vn 0.0000 -1.0000 0.0000
vn 0.0000 -1.0000 0.0000
vn 0.0000 -1.0000 0.0000
vn 0.0000 -1.0000 -0.0000
vn 0.0000 -1.0000 0.0000
vn 0.0000 -1.0000 -0.0000
vn 0.0000 -1.0000 -0.0000
vn 0.0000 -1.0000 0.0000
vn -0.0000 -1.0000 -0.0000
vn 0.0000 -1.0000 0.0000
vn 0.0000 -1.0000 -0.0000
vn 0.0000 -1.0000 0.0000
vn -0.0000 -1.0000 0.0000
vn 0.0000 -1.0000 0.0000
vn 0.0000 -1.0000 0.0000
vn 0.0000 -1.0000 0.0000
vn 0.0000 -1.0000 0.0000
vn 0.0000 -1.0000 -0.0000
vn 0.0000 -1.0000 0.0000
vn 0.0000 -1.0000 -0.0000
vn 0.0000 -1.0000 0.0000
vn 0.0000 -1.0000 -0.0000
vn 0.0000 -1.0000 0.0000
vn 0.0000 -1.0000 0.0000
vn 0.0000 -1.0000 0.0000
vn 0.0000 -1.0000 -0.0000
vn 0.0000 -1.0000 -0.0000
vn 0.0000 -1.0000 0.0000
vn 0.0000 -1.0000 -0.0000
vn -0.0000 -1.0000 0.0000
vn 0.0000 -1.0000 0.0000
vn -0.0000 -1.0000 0.0000
vn -0.0000 -1.0000 0.0000
vn 0.0000 -1.0000 0.0000
vn 0.0000 -1.0000 -0.0000
vn -0.0000 -1.0000 0.0000
vn 0.0000 -1.0000 0.0000
vn 0.0000 -1.0000 -0.0000
vn 0.0000 -1.0000 0.0000
vn 0.0000 -1.0000 0.0000
vn 0.0000 -1.0000 0.0000
vn 0.0000 -1.0000 0.0000
vn 0.0000 -1.0000 0.0000
vn 0.0000 -1.0000 0.0000
vn 0.0000 -1.0000 -0.0000
vn 0.0000 -1.0000 -0.0000
vn 0.0000 -1.0000 0.0000
vn 0.0000 -1.0000 0.0000
vn 0.0000 -1.0000 -0.0000
vn 0.0000 -1.0000 0.0000
vn 0.0000 -1.0000 -0.0000
vn 0.0000 -1.0000 0.0000
vn 0.0000 -1.0000 0.0000
vn 0.0000 -1.0000 0.0000
vn 0.0000 -1.0000 0.0000
vn -0.0000 -1.0000 -0.0000
vn -0.0000 -1.0000 0.0000
vn 0.0000 -1.0000 0.0000
vn 0.0000 -1.0000 0.0000
vn 0.0000 -1.0000 0.0000
vn 0.0000 -1.0000 0.0000
vn 0.0000 -1.0000 0.0000
vn 0.0000 -1.0000 0.0000
vn 0.0000 -1.0000 0.0000
vn 0.0000 -1.0000 -0.0000
vn 0.0000 -1.0000 0.0000
vn 0.0000 -1.0000 0.0000
vn -0.0000 -1.0000 0.0000
vn 0.0000 -1.0000 0.0000
vn 0.0000 -1.0000 0.0000
vn -0.0000 -1.0000 0.0000
vn 0.0000 -1.0000 0.0000
vn -0.0000 -1.0000 0.0000
vn 0.0000 -1.0000 0.0000
vn -0.0000 -1.0000 0.0000
vn 0.0000 -1.0000 0.0000
vn 0.0000 -1.0000 0.0000
vn 0.0000 -1.0000 0.0000
vn -0.0000 -1.0000 0.0000
vn 0.0000 -1.0000 0.0000
vn -0.0000 -1.0000 0.0000
vn 0.0000 -1.0000 0.0000
vn -0.0000 -1.0000 0.0000
vn 0.0000 -1.0000 0.0000
vn 0.0000 -1.0000 0.0000
vn 0.0000 -1.0000 0.0000
vn 0.0000 -1.0000 0.0000
vn 0.0000 -1.0000 0.0000
vn 0.0000 -1.0000 0.0000
vn -0.0000 -1.0000 -0.0000
vn 0.0000 -1.0000 0.0000
vn -0.0000 -1.0000 -0.0000
vn -0.0000 -1.0000 0.0000
vn -0.5854 0.0000 -0.8108
vn -0.5854 -0.0000 -0.8108
vn -0.5854 -0.0000 -0.8108
vn -0.5854 0.0000 -0.8108
vn 0.5335 -0.0683 0.8431
vn 0.5319 -0.0631 0.8445
vn 0.5819 -0.1082 0.8060
vn 0.3991 -0.1127 0.9099
vn 0.2315 -0.1832 0.9554
vn -0.1541 -0.1451 0.9773
vn -0.0512 -0.0940 0.9943
vn -0.7915 -0.0436 0.6096
vn -0.7665 -0.0108 0.6422
vn -0.9906 0.0065 -0.1369
vn -0.9870 -0.0091 -0.1603
vn 0.5854 -0.0000 0.8108
vn 0.5854 0.0000 0.8108
vn 0.5854 -0.0000 0.8108
vn 0.5854 0.0000 0.8108
vn -0.4932 -0.0000 -0.8699
vn -0.5160 -0.0809 -0.8528
vn -0.5353 -0.1030 -0.8384
vn -0.0596 -0.1356 -0.9890
vn -0.0651 -0.1322 -0.9891
vn 0.5020 -0.1124 -0.8575
vn 0.5470 -0.1348 -0.8262
vn 0.8464 -0.1118 -0.5207
vn 0.8782 -0.1390 -0.4576
vn 0.9916 -0.0940 0.0889
vn 0.9970 -0.0656 0.0399
vn 0.8116 -0.0792 0.5789
vn 0.8917 0.0000 0.4526
vn 0.4745 -0.0652 -0.8778
vn 0.3597 0.0000 -0.9331
vn 0.8903 0.0000 -0.4554
vn 0.9428 -0.0766 -0.3243
vn 0.9948 0.0000 -0.1016
vn 0.9854 -0.0225 -0.1688
vn 0.9875 -0.0491 -0.1500
vn 0.9905 -0.0785 -0.1132
vn -0.9985 -0.0000 -0.0540
vn -0.9942 -0.1073 -0.0063
vn -0.9798 -0.1732 0.1000
vn -0.9729 -0.1968 -0.1213
vn -0.9796 -0.1800 -0.0893
vn -0.9839 -0.1779 0.0164
vn -0.8661 0.0000 -0.4999
vn -0.5971 -0.0000 -0.8021
vn -0.2528 -0.1678 -0.9528
vn -0.0763 -0.1481 -0.9860
vn -0.1821 -0.0967 -0.9785
vn 0.4094 0.0000 -0.9123
vn 0.3528 -0.0306 -0.9352
vn 0.3951 -0.0698 -0.9160
vn -0.5190 -0.0000 0.8548
vn -0.4855 -0.0868 0.8699
vn -0.4051 -0.1455 0.9026
vn -0.3984 -0.1450 0.9057
vn -0.2931 -0.0883 0.9520
vn -0.9883 -0.0692 0.1362
vn -0.9753 -0.0316 0.2186
vn -0.9992 -0.0352 0.0192
vn -0.9950 -0.0823 -0.0560
vn -0.7449 -0.0869 -0.6615
vn -0.7882 -0.0443 -0.6138
vn 0.0085 -0.0153 -0.9998
vn 0.0452 -0.0412 -0.9981
vn -0.6400 -0.2212 0.7358
vn -0.9932 -0.0049 0.1162
vn -0.9936 -0.0107 0.1122
vn -0.9917 0.0029 0.1285
vn 0.9948 -0.0000 -0.1016
vn 0.9948 -0.0000 -0.1016
vn 0.9948 0.0000 -0.1016
vn 0.9940 0.0000 0.1094
vn 0.8561 -0.1645 0.4899
vn 0.8343 -0.1605 0.5275
vn 0.9869 0.0000 0.1616
vn 0.3606 0.0000 0.9327
vn 0.2139 -0.1038 0.9713
vn -0.2010 -0.1324 0.9706
vn -0.1829 -0.1213 0.9756
vn -0.7897 -0.0895 0.6069
vn -0.7183 -0.0121 0.6957
vn 0.0000 -1.0000 -0.0000
vn 0.0000 -1.0000 0.0000
vn -0.0000 -1.0000 0.0000
vn 0.0000 -1.0000 -0.0000
vn -0.0000 -1.0000 0.0000
vn 0.0000 -1.0000 0.0000
vn 0.0000 -1.0000 0.0000
vn 0.0028 -1.0000 -0.0014
vn -0.0287 -0.9988 -0.0384
vn 0.0019 -1.0000 -0.0002
vn 0.0016 -1.0000 -0.0029
vn 0.0008 -1.0000 -0.0040
vn 0.0000 -1.0000 0.0000
vn 0.0000 -1.0000 0.0000
vn 0.0000 -1.0000 -0.0000
vn 0.0000 -1.0000 0.0000
vn 0.0000 -1.0000 0.0000
vn 0.0000 -1.0000 0.0000
vn 0.0000 -1.0000 0.0000
vn 0.0000 -1.0000 0.0000
vn 0.0000 -1.0000 0.0000
vn 0.0000 -1.0000 0.0000
vn 0.0000 -1.0000 0.0000
vn 0.0000 -1.0000 0.0000
vn 0.0000 -1.0000 0.0000
vn -0.0529 -0.9985 -0.0155
vn 0.0026 -1.0000 0.0078
vn -0.0123 -0.9963 -0.0852
vn 0.0000 -1.0000 0.0000
vn 0.0000 -1.0000 0.0000
vn -0.0505 -0.9983 -0.0282
vn -0.0063 -1.0000 -0.0074
vn -0.0040 -1.0000 -0.0060
vn 0.0000 -1.0000 0.0000
vn 0.0000 -1.0000 0.0000
vn 0.0000 -1.0000 0.0000
vn 0.0000 -1.0000 0.0000
vn 0.0000 -1.0000 0.0000
vn 0.0000 -1.0000 -0.0000
vn 0.0000 -1.0000 -0.0000
vn 0.0000 -1.0000 0.0000
vn -0.0000 -1.0000 -0.0000
vn -0.0000 -1.0000 0.0000
vn 0.0000 -1.0000 0.0000
vn -0.0000 -1.0000 0.0000
vn 0.0000 -1.0000 0.0000
vn 0.0016 -1.0000 -0.0004
vn 0.0129 -0.9970 0.0769
vn 0.0000 -1.0000 0.0000
vn 0.0000 -1.0000 -0.0000
vn 0.0000 -1.0000 -0.0000
vn 0.0000 -1.0000 0.0000
vn 0.0151 -0.9997 0.0210
vn -0.0025 -1.0000 -0.0048
vn -0.0015 -1.0000 -0.0040
vn -0.0008 -1.0000 -0.0033
vn 0.0000 -1.0000 0.0000
vn 0.0000 -1.0000 0.0000
vn 0.0000 -1.0000 0.0000
vn -0.0000 -1.0000 0.0000
vn 0.0000 -1.0000 0.0000
vn 0.0000 -1.0000 0.0000
vn 0.0000 -1.0000 0.0000
vn 0.0000 -1.0000 -0.0000
vn -0.0000 -1.0000 0.0000
vn 0.0000 -1.0000 0.0000
vn 0.0000 -1.0000 0.0000
vn -0.0000 -1.0000 -0.0000
vn -0.0000 -1.0000 0.0000
vn 0.0000 -1.0000 0.0000
vn -0.0000 -1.0000 -0.0000
vn 0.0000 -1.0000 0.0000
vn -0.0000 -1.0000 0.0000
vn 0.0000 -1.0000 0.0000
vn 0.0000 -1.0000 0.0000
vn 0.0509 -0.9979 -0.0393
vn 0.0000 -1.0000 0.0000
vn 0.0000 -1.0000 -0.0000
vn 0.0000 -1.0000 0.0000
vn 0.0000 -1.0000 0.0000
vn -0.0000 -1.0000 0.0000
vn 0.0000 -1.0000 0.0000
vn 0.0000 -1.0000 0.0000
vn -0.0000 -1.0000 -0.0000
vn 0.0000 -1.0000 0.0000
vn 0.0000 -1.0000 0.0000
vn 0.0000 -1.0000 0.0000
vn 0.0000 -1.0000 0.0000
vn -0.0000 -1.0000 0.0000
vn -0.1271 -0.2752 0.9530
vn -0.5144 -0.0833 0.8535
vn -0.4094 0.0000 0.9123
vn 0.5567 -0.0000 -0.8307
vn 0.5097 -0.1160 -0.8525
vn 0.4022 -0.1867 -0.8963
vn 0.5786 -0.2093 -0.7883
vn 0.2337 0.0000 -0.9723
vn 0.8854 0.0000 -0.4648
vn 0.9791 -0.1953 -0.0565
vn 0.9697 -0.1986 0.1423
vn 0.9964 -0.0714 -0.0458
vn 0.5661 -0.0602 0.8221
vn 0.5770 -0.0486 0.8153
vn -0.1048 -0.0841 0.9909
vn 0.0539 0.0000 0.9985
vn 0.4394 0.2154 -0.8721
vn 0.4134 0.2329 -0.8803
vn 0.9065 0.2082 -0.3672
vn 0.9020 0.2155 -0.3742
vn -0.9033 0.1025 0.4166
vn -0.7480 0.3219 0.5805
vn 0.6636 0.1698 0.7286
vn 0.4600 0.0000 0.8879
vn -0.6015 0.0000 0.7989
vn -0.1953 0.2745 0.9415
vn -0.8074 0.0088 0.5899
vn -0.8110 0.0000 0.5850
vn -0.8196 0.0000 0.5729
vn -0.8196 0.0000 0.5729
vn -0.9457 0.0000 0.3250
vn -0.9457 0.0000 0.3250
vn -0.9886 -0.0000 -0.1508
vn -0.9886 0.0000 -0.1508
vn -0.7808 -0.0000 -0.6248
vn -0.7786 -0.0057 -0.6275
vn -0.3358 0.0056 -0.9419
vn -0.3326 0.0000 -0.9431
vn 0.1633 0.0000 -0.9866
vn 0.1633 0.0000 -0.9866
vn 0.5998 0.0000 -0.8002
vn 0.5998 0.0000 -0.8002
vn 0.8198 0.0000 -0.5726
vn 0.8198 0.0000 -0.5726
vn 0.8341 0.0000 -0.5516
vn 0.8341 0.0000 -0.5516
vn 0.9463 0.0000 -0.3233
vn 0.9463 0.0000 -0.3233
vn 0.9883 0.0000 0.1525
vn 0.9881 -0.0014 0.1535
vn 0.8013 0.0010 0.5983
vn 0.8009 0.0000 0.5988
vn 0.4832 0.0000 0.8755
vn 0.4454 -0.0386 0.8945
vn 0.0902 0.1026 0.9906
vn 0.0149 0.0000 0.9999
vn -0.5069 0.0000 0.8620
vn -0.5212 -0.0302 0.8529
vn -0.8051 -0.0000 -0.5932
vn -0.8051 0.0000 -0.5932
vn -0.4372 -0.0000 -0.8993
vn -0.4372 0.0000 -0.8993
vn 0.0297 0.0000 -0.9996
vn 0.0297 0.0000 -0.9996
vn 0.4768 0.0000 -0.8790
vn 0.4768 0.0000 -0.8790
vn 0.8242 0.0000 -0.5663
vn 0.8242 0.0000 -0.5663
vn 0.9721 0.0000 -0.2346
vn 0.9713 0.0035 -0.2379
vn 0.9828 -0.0015 -0.1844
vn 0.9827 0.0000 -0.1853
vn 0.9971 0.0000 0.0762
vn 0.9971 0.0000 0.0762
vn 0.9377 0.0000 0.3473
vn 0.8466 -0.0459 0.5303
vn 0.8268 0.0000 0.5625
vn 0.4997 0.0000 0.8662
vn 0.4997 0.0000 0.8662
vn 0.0986 0.0000 0.9951
vn 0.0565 -0.0386 0.9977
vn -0.3079 0.1026 0.9459
vn -0.3807 0.0000 0.9247
vn -0.7609 0.0000 0.6489
vn -0.7609 0.0000 0.6489
vn -0.9516 0.0000 0.3075
vn -0.9516 0.0000 0.3075
vn -0.9842 0.0000 0.1771
vn -0.9842 0.0000 0.1771
vn -0.9797 0.0000 0.2006
vn -0.9797 0.0000 0.2006
vn -0.9981 0.0000 0.0622
vn -0.9981 0.0000 0.0622
vn -0.9711 -0.0000 -0.2387
vn -0.9711 0.0000 -0.2387
vn -0.9799 -0.0000 -0.1997
vn -0.9799 0.0000 -0.1997
vn -0.9847 -0.0000 -0.1745
vn -0.9847 0.0000 -0.1745
vn -0.9199 -0.0000 -0.3922
vn -0.8971 -0.0476 -0.4393
vn -0.6624 0.1504 -0.7339
vn -0.1699 -0.0476 -0.9843
vn -0.1381 0.0000 -0.9904
vn -0.5886 0.0000 -0.8084
vn 0.1925 0.0484 -0.9801
vn 0.2486 0.0000 -0.9686
vn 0.4885 0.0000 -0.8726
vn 0.5909 -0.0873 -0.8020
vn 0.6836 0.0000 -0.7299
vn 0.8997 0.0000 -0.4365
vn 0.8997 0.0000 -0.4365
vn 0.9990 0.0000 -0.0453
vn 0.9990 0.0000 -0.0453
vn 0.9846 0.0000 0.1748
vn 0.9846 0.0000 0.1748
vn 0.9798 0.0000 0.1998
vn 0.9798 0.0000 0.1998
vn 0.8977 0.0000 0.4406
vn 0.8977 0.0000 0.4406
vn 0.5902 0.0000 0.8073
vn 0.5902 0.0000 0.8073
vn 0.1428 0.0000 0.9897
vn 0.1428 0.0000 0.9897
vn -0.2836 0.0000 0.9590
vn -0.3175 -0.0373 0.9475
vn -0.6599 0.0651 0.7486
vn -0.6965 0.0000 0.7176
vn -0.9473 0.0000 0.3204
vn -0.9473 0.0000 0.3204
vn -0.9977 -0.0000 -0.0673
vn -0.9977 0.0000 -0.0673
vn -0.6867 -0.0000 -0.7269
vn -0.6867 0.0000 -0.7269
vn -0.2987 -0.0000 -0.9544
vn -0.2987 0.0000 -0.9544
vn 0.1499 0.0000 -0.9887
vn 0.1498 0.0001 -0.9887
vn 0.5932 0.0001 -0.8051
vn 0.4978 -0.1518 -0.8539
vn 0.6963 0.0000 -0.7177
vn 0.9005 0.0000 -0.4348
vn 0.9005 0.0000 -0.4348
vn 0.9992 0.0000 0.0410
vn 0.9992 0.0000 0.0410
vn 0.9088 0.0000 0.4173
vn 0.9088 0.0000 0.4173
vn 0.8346 0.0000 0.5509
vn 0.8346 0.0000 0.5509
vn 0.8211 0.0000 0.5707
vn 0.8211 0.0000 0.5707
vn 0.6018 0.0000 0.7987
vn 0.2238 -0.0362 0.9740
vn 0.6473 0.1087 0.7545
vn 0.1926 0.0000 0.9813
vn -0.2317 0.0000 0.9728
vn -0.2590 -0.0362 0.9652
vn -0.8836 0.0000 -0.4682
vn -0.8902 -0.0112 -0.4554
vn -0.9965 0.0271 -0.0792
vn -0.9953 0.0000 -0.0965
vn -0.9231 0.0000 0.3846
vn -0.9231 0.0000 0.3846
vn -0.6660 0.0000 0.7459
vn -0.6384 0.0461 0.7683
vn -0.8211 -0.0000 -0.5707
vn -0.8211 0.0000 -0.5707
vn -0.8346 -0.0000 -0.5509
vn -0.8346 0.0000 -0.5509
vn -0.5850 -0.0031 -0.8110
vn -0.5868 0.0000 -0.8098
vn -0.5729 -0.0000 -0.8196
vn -0.5729 0.0000 -0.8196
vn -0.3250 -0.0000 -0.9457
vn -0.3250 0.0000 -0.9457
vn 0.1508 0.0000 -0.9886
vn 0.1202 -0.0441 -0.9918
vn 0.8002 -0.0000 0.5998
vn 0.5598 0.0567 -0.8267
vn 0.5931 0.0000 -0.8051
vn 0.8061 0.0000 -0.5917
vn 0.8157 -0.0053 -0.5784
vn 0.9486 0.0351 -0.3145
vn 0.9565 0.0000 -0.2918
vn 0.9919 0.0000 0.1274
vn 0.9859 -0.0369 0.1632
vn 0.8282 0.0821 0.5544
vn 0.5726 0.0000 0.8198
vn 0.5726 0.0000 0.8198
vn 0.5516 0.0000 0.8341
vn 0.5516 0.0000 0.8341
vn 0.3233 0.0000 0.9463
vn 0.3233 0.0000 0.9463
vn -0.1535 0.0000 0.9882
vn -0.1328 -0.0299 0.9907
vn -0.5632 0.0622 0.8240
vn -0.5988 0.0000 0.8009
vn -0.8951 0.0000 0.4458
vn -0.8951 0.0000 0.4458
vn -0.9993 -0.0000 -0.0367
vn -0.9964 0.0832 0.0148
vn -0.8543 -0.0643 -0.5158
vn -0.8313 0.0088 -0.5558
vn 0.1751 0.0003 -0.9845
vn 0.1461 -0.0318 -0.9888
vn 0.5930 0.0003 -0.8052
vn 0.5932 0.0000 -0.8051
vn 0.8300 0.0000 -0.5578
vn 0.8961 -0.0844 -0.4357
vn 0.9391 0.0000 -0.3435
vn 0.9996 0.0000 0.0297
vn 0.9996 0.0000 0.0297
vn 0.8946 0.0000 0.4468
vn 0.8784 -0.0371 0.4765
vn 0.7093 0.0334 0.7041
vn 0.5316 -0.1129 0.8395
vn 0.4345 0.0023 0.9006
vn 0.2139 -0.0010 0.9768
vn 0.2147 0.0000 0.9767
vn 0.1771 0.0000 0.9842
vn 0.1771 0.0000 0.9842
vn -0.0762 0.0000 0.9971
vn -0.0762 0.0000 0.9971
vn -0.4914 0.0000 0.8709
vn -0.5304 -0.0386 0.8468
vn -0.7875 0.1742 0.5912
vn -0.8662 0.0000 0.4997
vn -0.9984 0.0000 0.0565
vn -0.9386 -0.0585 -0.3399
vn -0.9247 0.0000 -0.3807
vn -0.9984 0.0000 0.0565
vn -0.6975 0.1037 -0.7090
vn -0.6489 0.0000 -0.7609
vn -0.3075 -0.0000 -0.9516
vn -0.3075 0.0000 -0.9516
vn -0.1771 -0.0000 -0.9842
vn -0.1771 0.0000 -0.9842
vn -0.1338 -0.0000 -0.9910
vn -0.1529 0.0317 -0.9877
vn 0.1997 0.0000 -0.9799
vn 0.1997 0.0000 -0.9799
vn 0.1745 0.0000 -0.9847
vn 0.1745 0.0000 -0.9847
vn 0.4399 0.0000 -0.8981
vn 0.4399 0.0000 -0.8981
vn 0.7859 0.0000 -0.6183
vn 0.8058 -0.0408 -0.5908
vn 0.9566 0.0349 0.2894
vn 0.9737 -0.0082 0.2277
vn 0.9892 0.0237 -0.1446
vn 0.9831 0.0656 -0.1710
vn 0.8266 -0.0385 0.5614
vn 0.8086 0.0000 0.5884
vn 0.5241 0.0000 0.8517
vn 0.5241 0.0000 0.8517
vn 0.1242 0.0000 0.9923
vn 0.1242 0.0000 0.9923
vn -0.1748 0.0000 0.9846
vn -0.1748 0.0000 0.9846
vn -0.1998 0.0000 0.9798
vn -0.1998 0.0000 0.9798
vn -0.4405 0.0000 0.8978
vn -0.7755 -0.0742 0.6269
vn -0.8089 0.0000 0.5880
vn -0.4405 0.0000 0.8978
vn -0.9792 0.1453 0.1413
vn -0.9985 -0.0180 0.0521
vn -0.8577 0.0171 -0.5139
vn -0.8530 0.0000 -0.5219
vn -0.4636 -0.0000 -0.8860
vn -0.4636 0.0000 -0.8860
vn -0.0284 -0.0000 -0.9996
vn -0.0284 0.0000 -0.9996
vn 0.8288 0.0000 -0.5595
vn 0.8284 0.0013 -0.5602
vn 0.9163 0.1571 -0.3685
vn 0.9498 0.0241 -0.3120
vn 0.9881 -0.0227 0.1521
vn 0.9850 -0.0004 0.1724
vn 0.7928 0.0003 0.6095
vn 0.8017 0.0237 0.5972
vn 0.5275 -0.0082 0.8495
vn 0.4629 0.0415 0.8854
vn 0.1875 -0.0437 0.9813
vn 0.1498 0.0000 0.9887
vn -0.2316 0.0000 0.9728
vn -0.2316 0.0000 0.9728
vn -0.6784 0.0000 0.7347
vn -0.6818 -0.0092 0.7315
vn -0.8294 0.0007 0.5586
vn -0.8297 0.0000 0.5582
vn -0.9459 0.0000 0.3244
vn -0.9305 -0.0577 0.3617
vn -0.9632 0.0000 -0.2688
vn -0.9848 -0.0864 -0.1505
vn -0.9971 0.0577 0.0490
vn 0.6924 0.0000 -0.7215
vn -0.8051 -0.0000 -0.5931
vn -0.8051 0.0000 -0.5931
vn -0.5384 -0.0000 -0.8427
vn -0.5384 0.0000 -0.8427
vn -0.2300 -0.0000 -0.9732
vn -0.2001 -0.0378 -0.9790
vn 0.1882 0.0455 -0.9811
vn 0.2802 -0.0521 -0.9585
vn 0.6249 0.1160 -0.7720
vn 0.9998 0.0195 0.0083
vn 0.9971 0.0737 -0.0189
vn 0.8713 -0.0387 0.4893
vn 0.8560 0.0000 0.5170
vn 0.4906 0.0000 0.8714
vn 0.5378 0.1016 0.8369
vn 0.1042 -0.0354 0.9939
vn 0.0690 0.0000 0.9976
vn -0.3361 0.0000 0.9418
vn -0.3361 0.0000 0.9418
vn -0.7290 0.0000 0.6845
vn -0.7290 0.0000 0.6845
vn -0.9563 0.0000 0.2924
vn -0.9553 0.0048 0.2955
vn -0.9828 -0.0008 0.1844
vn -0.9828 0.0000 0.1849
vn -0.9997 0.0000 0.0263
vn -0.9997 0.0000 0.0263
vn -0.9682 -0.0000 -0.2503
vn -0.9682 0.0000 -0.2503
vn -0.8051 -0.0000 -0.5932
vn -0.8051 0.0000 -0.5932
vn -0.4367 -0.0000 -0.8996
vn -0.4367 0.0000 -0.8996
vn 0.0315 0.0000 -0.9995
vn 0.0315 0.0000 -0.9995
vn 0.4935 0.0000 -0.8697
vn 0.4935 0.0000 -0.8697
vn 0.8651 0.0000 -0.5017
vn 0.8655 -0.0015 -0.5009
vn 0.9812 0.0003 -0.1931
vn 0.9811 0.0007 -0.1934
vn 0.9831 0.0008 0.1829
vn 0.9830 0.0000 0.1834
vn 0.8981 0.0000 0.4399
vn 0.8981 0.0000 0.4399
vn 0.6183 0.0000 0.7859
vn 0.5908 -0.0408 0.8058
vn -0.2894 0.0349 0.9566
vn -0.2277 -0.0082 0.9737
vn 0.1446 0.0237 0.9892
vn 0.1710 0.0656 0.9831
vn -0.6338 -0.0601 0.7712
vn -0.6825 0.0396 0.7298
vn -0.9701 -0.0458 0.2384
vn -0.9657 0.0000 0.2598
vn -0.9831 -0.0000 -0.1832
vn -0.9829 -0.0016 -0.1841
vn -0.9688 0.0050 -0.2480
vn -0.9149 -0.1369 -0.3797
vn -0.7631 0.1317 -0.6328
vn -0.5878 -0.0268 -0.8086
vn -0.5609 0.0000 -0.8279
vn -0.0521 -0.0000 -0.9986
vn -0.0598 0.0143 -0.9981
vn 0.5156 -0.0134 -0.8567
vn 0.4821 -0.0809 -0.8724
vn 0.8542 0.0755 -0.5145
vn 0.8860 0.0000 -0.4636
vn 0.9995 0.0000 0.0306
vn 0.9996 0.0079 0.0266
vn -0.8297 -0.0000 -0.5583
vn -0.8304 0.0023 -0.5572
vn -0.6954 -0.0267 -0.7181
vn -0.7051 0.0000 -0.7091
vn -0.2219 -0.0000 -0.9751
vn -0.2219 0.0000 -0.9751
vn 0.2047 0.0000 -0.9788
vn 0.2046 0.0001 -0.9788
vn 0.5931 0.0001 -0.8051
vn 0.5931 0.0000 -0.8051
vn 0.8841 0.0000 -0.4673
vn 0.8841 0.0000 -0.4673
vn 0.9994 0.0000 -0.0351
vn 0.9994 0.0000 -0.0351
vn 0.8925 0.0000 0.4511
vn 0.8970 0.0174 0.4418
vn 0.8301 0.0019 0.5576
vn 0.8294 0.0000 0.5586
vn 0.6867 0.0000 0.7269
vn 0.6867 0.0000 0.7269
vn 0.2703 0.0000 0.9628
vn 0.2703 0.0000 0.9628
vn -0.1952 0.0000 0.9808
vn -0.2126 -0.0242 0.9768
vn -0.6134 0.0264 0.7893
vn -0.6295 0.0000 0.7770
vn -0.9300 0.0000 0.3676
vn -0.8981 0.1099 0.4258
vn -0.9987 -0.0412 -0.0314
vn -0.9008 0.0000 -0.4342
vn -0.9109 -0.0167 -0.4122
vn -0.9936 0.0424 -0.1043
vn 0.5592 0.0000 0.8290
vn 0.5602 0.0019 0.8284
vn -0.7895 0.0000 -0.6138
vn 0.3731 0.0000 0.9278
vn 0.3865 0.0257 0.9219
vn -0.1521 0.0000 0.9884
vn -0.0360 -0.1641 0.9858
vn -0.2729 -0.0004 0.9620
vn -0.5973 0.0001 0.8020
vn -0.5974 0.0000 0.8019
vn -0.8496 0.0000 0.5275
vn -0.8496 0.0000 0.5275
vn -0.9822 0.0000 0.1877
vn -0.9822 0.0000 0.1877
vn -0.9744 -0.0000 -0.2247
vn -0.9728 -0.0075 -0.2316
vn -0.7938 0.0103 -0.6081
vn -0.5656 -0.0000 -0.8247
vn -0.5648 -0.0016 -0.8252
vn -0.3918 0.0182 -0.9199
vn -0.3830 0.0000 -0.9238
vn 0.1513 0.0000 -0.9885
vn 0.1510 0.0004 -0.9885
vn 0.5929 0.0004 -0.8053
vn 0.5931 0.0000 -0.8051
vn 0.8427 0.0000 -0.5384
vn 0.8427 0.0000 -0.5384
vn 0.9797 0.0000 -0.2003
vn 0.9797 0.0000 -0.2003
vn 0.9598 0.0000 0.2806
vn 0.9598 0.0000 0.2806
vn 0.7215 0.0000 0.6924
vn 0.7215 0.0000 0.6924
vn -0.1932 -0.0000 -0.9812
vn -0.1932 0.0000 -0.9812
vn -0.0888 -0.0000 -0.9960
vn -0.0888 0.0000 -0.9960
vn 0.2507 0.0000 -0.9681
vn 0.2503 0.0003 -0.9682
vn 0.2393 -0.0000 0.9709
vn 0.5930 0.0003 -0.8052
vn 0.8767 -0.0658 -0.4764
vn 0.8996 0.0000 -0.4367
vn 0.5932 0.0000 -0.8051
vn 0.9933 0.1070 -0.0433
vn 0.9995 0.0000 0.0315
vn 0.8697 0.0000 0.4935
vn 0.8697 0.0000 0.4935
vn 0.5748 0.0000 0.8183
vn 0.5346 -0.0495 0.8436
vn 0.3356 0.0456 0.9409
vn 0.1771 0.0000 0.9842
vn 0.1771 0.0000 0.9842
vn 0.2006 0.0000 0.9797
vn 0.2006 0.0000 0.9797
vn -0.0284 0.0000 0.9996
vn -0.0284 0.0000 0.9996
vn -0.3263 0.0000 0.9453
vn -0.4886 -0.0657 0.8700
vn -0.5422 0.0000 0.8403
vn -0.8413 0.0000 0.5406
vn -0.8413 0.0000 0.5406
vn -0.9946 0.0000 0.1042
vn -0.9946 0.0000 0.1042
vn -0.9558 -0.0000 -0.2939
vn -0.9408 -0.0460 -0.3357
vn -0.7244 0.0882 -0.6837
vn -0.6845 0.0000 -0.7290
vn -0.3527 -0.0000 -0.9357
vn -0.3527 0.0000 -0.9357
vn -0.1554 0.0064 0.9878
vn -0.1598 0.0000 0.9872
vn -0.1745 0.0000 0.9847
vn -0.1745 0.0000 0.9847
vn -0.4398 0.0000 0.8981
vn -0.7792 -0.0657 0.6233
vn -0.8084 0.0000 0.5886
vn -0.4398 0.0000 0.8981
vn -0.9713 0.1102 0.2110
vn -0.9904 0.0000 0.1381
vn -0.9686 -0.0000 -0.2486
vn -0.9686 0.0000 -0.2486
vn -0.8051 -0.0000 -0.5932
vn -0.8051 0.0000 -0.5932
vn -0.4365 -0.0000 -0.8997
vn -0.4365 0.0000 -0.8997
vn -0.0453 -0.0000 -0.9990
vn -0.0453 0.0000 -0.9990
vn 0.1748 0.0000 -0.9846
vn 0.1748 0.0000 -0.9846
vn 0.1998 0.0000 -0.9798
vn 0.1998 0.0000 -0.9798
vn 0.4406 0.0000 -0.8977
vn 0.4406 0.0000 -0.8977
vn 0.8073 0.0000 -0.5902
vn 0.8073 0.0000 -0.5902
vn 0.9897 0.0000 -0.1428
vn 0.9897 0.0000 -0.1428
vn 0.9692 0.0000 0.2463
vn 0.9462 -0.0639 0.3171
vn 0.8925 0.0000 0.4510
vn 0.7176 0.0000 0.6965
vn 0.7176 0.0000 0.6965
vn 0.2463 0.0000 0.9692
vn 0.2345 -0.0218 0.9719
vn -0.8051 -0.0000 -0.5932
vn -0.4790 -0.0742 -0.8747
vn -0.4348 0.0000 -0.9005
vn -0.8051 0.0000 -0.5932
vn -0.0385 0.1165 -0.9924
vn 0.0410 0.0000 -0.9992
vn 0.4173 0.0000 -0.9088
vn 0.4173 0.0000 -0.9088
vn 0.5509 0.0000 -0.8346
vn 0.5509 0.0000 -0.8346
vn 0.5707 0.0000 -0.8211
vn 0.5707 0.0000 -0.8211
vn 0.7590 0.0000 -0.6511
vn 0.7590 0.0000 -0.6511
vn 0.9746 0.0000 -0.2239
vn 0.9746 0.0000 -0.2239
vn 0.9721 0.0000 0.2344
vn 0.9653 -0.0331 0.2590
vn 0.8395 0.0216 0.5430
vn 0.7441 -0.0706 0.6643
vn 0.6755 0.0000 0.7374
vn 0.3846 0.0000 0.9231
vn 0.3846 0.0000 0.9231
vn -0.1511 0.0000 0.9885
vn -0.1678 -0.0302 0.9854
vn -0.5297 0.0086 0.8481
vn -0.5350 0.0000 0.8448
vn -0.5509 0.0000 0.8346
vn -0.5509 0.0000 0.8346
vn -0.7269 0.0000 0.6867
vn -0.7269 0.0000 0.6867
vn -0.9544 0.0000 0.2987
vn -0.9544 0.0000 0.2987
vn -0.9887 -0.0000 -0.1498
vn -0.9887 0.0000 -0.1498
vn -0.6820 -0.7047 -0.1956
vn -0.5287 -0.7053 0.4722
vn -0.8521 -0.1930 0.4865
vn -0.8305 -0.5119 0.2197
vn -0.6516 -0.7064 0.2764
vn -0.6721 -0.7063 0.2222
vn -0.6598 -0.7221 0.2079
vn -0.7203 -0.6793 0.1405
vn -0.7122 -0.6888 0.1353
vn -0.6929 -0.7198 0.0424
vn -0.7063 -0.7061 0.0497
vn -0.7075 -0.7066 -0.0148
vn -0.6849 -0.7279 -0.0324
vn -0.7405 -0.6645 -0.1009
vn -0.6938 -0.7109 -0.1154
vn -0.6847 -0.7015 -0.1979
vn 0.0000 -1.0000 0.0000
vn 0.0000 -1.0000 0.0000
vn 0.0000 -1.0000 0.0000
vn 0.0000 -1.0000 0.0000
vn 0.0000 -1.0000 0.0000
vn 0.0000 -1.0000 -0.0000
vn -0.0000 -1.0000 -0.0000
vn 0.0000 -1.0000 -0.0000
vn 0.0000 -1.0000 0.0000
vn 0.0000 -1.0000 0.0000
vn 0.6075 -0.7059 -0.3642
vn 0.6837 -0.7043 0.1910
vn 0.6318 -0.6829 -0.3667
vn 0.6293 -0.7279 -0.2722
vn 0.6453 -0.7066 -0.2904
vn 0.6699 -0.7070 -0.2267
vn 0.6551 -0.7268 -0.2064
vn 0.7261 -0.6705 -0.1521
vn 0.6987 -0.7030 -0.1327
vn 0.7025 -0.7111 -0.0298
vn 0.7647 -0.6421 -0.0538
vn 0.6677 -0.7428 0.0487
vn 0.7068 -0.7066 0.0334
vn 0.6990 -0.7068 0.1091
vn 0.6854 -0.7191 0.1140
vn 0.6973 -0.6879 0.2015
vn 0.0000 -1.0000 0.0000
vn 0.0000 -1.0000 -0.0000
vn 0.0000 -1.0000 0.0000
vn 0.0000 -1.0000 0.0000
vn 0.0000 -1.0000 0.0000
vn 0.0000 -1.0000 0.0000
vn -0.0000 -1.0000 0.0000
vn -0.0000 -1.0000 0.0000
vn -0.0373 -0.7068 -0.7064
vn -0.0113 -0.7271 -0.6865
vn 0.5216 -0.7058 -0.4794
vn 0.0043 -0.7069 -0.7073
vn 0.0622 -0.7068 -0.7047
vn 0.0696 -0.7216 -0.6888
vn 0.1568 -0.6821 -0.7142
vn 0.1575 -0.6864 -0.7100
vn 0.2348 -0.7224 -0.6504
vn 0.2332 -0.7067 -0.6680
vn 0.2937 -0.7071 -0.6432
vn 0.3002 -0.7281 -0.6163
vn 0.3861 -0.6661 -0.6381
vn 0.3810 -0.7092 -0.5932
vn 0.4631 -0.7023 -0.5407
vn 0.4796 -0.6559 -0.5829
vn 0.4963 -0.7309 -0.4686
vn 0.5113 -0.7048 -0.4917
vn 0.0000 -1.0000 -0.0000
vn 0.0000 -1.0000 0.0000
vn 0.0000 -1.0000 0.0000
vn 0.0000 -1.0000 0.0000
vn 0.0000 -1.0000 0.0000
vn 0.0000 -1.0000 0.0000
vn 0.0000 -1.0000 -0.0000
vn 0.0000 -1.0000 0.0000
vn -0.0000 -1.0000 0.0000
vn 0.0000 -1.0000 0.0000
vn -0.1685 -0.7049 -0.6890
vn -0.6190 -0.7059 -0.3442
vn -0.6138 -0.7138 -0.3372
vn -0.5764 -0.6962 -0.4279
vn -0.6044 -0.6664 -0.4365
vn -0.4922 -0.7330 -0.4694
vn -0.5207 -0.7067 -0.4790
vn -0.4700 -0.7071 -0.5283
vn -0.4479 -0.7257 -0.5223
vn -0.4194 -0.6743 -0.6078
vn -0.3985 -0.6986 -0.5943
vn -0.3156 -0.7140 -0.6250
vn -0.3220 -0.7067 -0.6300
vn -0.2659 -0.7072 -0.6551
vn -0.2375 -0.7287 -0.6424
vn -0.2268 -0.7070 -0.6698
vn -0.1676 -0.7067 -0.6874
vn -0.1675 -0.7218 -0.6715
vn -0.1321 -0.7070 -0.6947
vn 0.0000 -1.0000 -0.0000
vn 0.0000 -1.0000 0.0000
vn 0.0000 -1.0000 0.0000
vn -0.0000 -1.0000 0.0000
vn 0.0000 -1.0000 0.0000
vn 0.0000 -1.0000 0.0000
vn 0.0000 -1.0000 0.0000
vn 0.0000 -1.0000 0.0000
vn 0.0000 -1.0000 0.0000
vn 0.0000 -1.0000 0.0000
vn 0.0000 -1.0000 0.0000
vn -0.5247 -0.7061 0.4755
vn -0.4355 -0.7831 0.4440
vn 0.0404 -0.7069 0.7062
vn 0.1792 -0.6040 0.7766
vn 0.0101 -0.7919 0.6106
vn -0.0791 -0.7062 0.7035
vn -0.0712 -0.7065 0.7041
vn -0.0712 -0.7065 0.7041
vn -0.1533 -0.7065 0.6909
vn -0.1533 -0.7065 0.6909
vn -0.2332 -0.7065 0.6682
vn -0.2332 -0.7065 0.6682
vn -0.3100 -0.7065 0.6362
vn -0.3100 -0.7065 0.6362
vn -0.3824 -0.7065 0.5955
vn -0.3824 -0.7065 0.5955
vn -0.4496 -0.7065 0.5465
vn -0.4496 -0.7065 0.5465
vn -0.5104 -0.7065 0.4903
vn -0.5113 -0.7048 0.4917
vn 0.0000 -1.0000 0.0000
vn -0.0000 -1.0000 0.0000
vn 0.0000 -1.0000 0.0000
vn -0.0000 -1.0000 0.0000
vn 0.0000 -1.0000 0.0000
vn 0.0000 -1.0000 0.0000
vn 0.0000 -1.0000 0.0000
vn 0.0000 -1.0000 0.0000
vn 0.0000 -1.0000 0.0000
vn 0.0000 -1.0000 0.0000
vn 0.0000 -1.0000 0.0000
vn 0.1702 -0.7048 0.6887
vn 0.6191 -0.7059 0.3440
vn 0.6144 -0.7132 0.3375
vn 0.5759 -0.6967 0.4277
vn 0.6065 -0.6642 0.4370
vn 0.4923 -0.7335 0.4687
vn 0.5220 -0.7061 0.4784
vn 0.4710 -0.7064 0.5283
vn 0.4503 -0.7241 0.5224
vn 0.4190 -0.6753 0.6070
vn 0.4026 -0.6945 0.5963
vn 0.3162 -0.7158 0.6227
vn 0.3247 -0.7061 0.6293
vn 0.2486 -0.7061 0.6631
vn 0.2515 -0.7469 0.6155
vn 0.2287 -0.7067 0.6695
vn 0.1695 -0.7063 0.6874
vn 0.1693 -0.7161 0.6772
vn 0.0000 -1.0000 0.0000
vn -0.0000 -1.0000 -0.0000
vn 0.0000 -1.0000 0.0000
vn 0.0000 -1.0000 -0.0000
vn 0.0000 -1.0000 0.0000
vn -0.0000 -1.0000 -0.0000
vn 0.0000 -1.0000 0.0000
vn 0.0000 -1.0000 -0.0000
vn 0.0000 -1.0000 0.0000
vn 0.0000 1.0000 -0.0000
vn 0.0000 1.0000 0.0000
vn 0.0000 1.0000 0.0000
vn -0.0000 1.0000 0.0000
vn 0.0000 1.0000 0.0000
vn 0.0390 0.9969 0.0687
vn 0.0000 1.0000 0.0000
vn 0.0000 1.0000 0.0000
vn 0.0000 1.0000 0.0000
vn -0.4823 0.1975 -0.8535
vn -0.4686 0.0000 -0.8834
vn -0.9691 0.1988 0.1460
vn -0.3733 0.0000 -0.9277
vn -0.6273 0.2210 -0.7468
vn -0.8861 0.1886 -0.4234
vn -0.8940 0.2089 -0.3965
vn -0.9847 0.1440 0.0978
vn -0.8182 0.1935 0.5413
vn -0.8083 0.0000 0.5888
vn -0.7660 0.0000 0.6429
vn -0.7660 0.0000 0.6429
vn -0.9469 0.0000 0.3217
vn -0.5658 0.2134 0.7964
vn -0.3138 0.2006 0.9281
vn -0.3058 0.1942 0.9321
vn -0.9058 0.2649 0.3307
vn -0.1573 -0.0554 0.9860
vn -0.7023 -0.0557 0.7097
vn -0.6324 0.2364 0.7377
vn -0.5373 0.2381 0.8091
vn -0.5421 0.2241 0.8099
vn -0.2271 0.2149 0.9499
vn -0.3162 0.1292 0.9398
vn 0.2695 0.2708 0.9241
vn 0.1291 0.0960 0.9870
vn 0.7730 0.3467 0.5312
vn 0.6441 0.0215 0.7646
vn 0.8595 0.2265 0.4583
vn 0.8628 -0.0051 0.5055
vn -0.9403 0.1976 -0.2772
vn -0.9421 0.1849 -0.2799
vn -0.4024 0.2093 0.8912
vn -0.3444 0.1719 0.9230
vn -0.6351 0.2353 0.7357
vn -0.8647 0.0000 0.5023
vn -0.9785 0.0000 0.2060
vn -0.9204 0.2132 0.3278
vn -0.1902 0.2121 0.9586
vn -0.1427 0.0000 0.9898
vn -0.1387 0.0000 0.9903
vn -0.0851 0.2121 0.9735
vn 0.3487 0.2143 0.9124
vn 0.3235 0.1987 0.9251
vn 0.0850 0.8919 0.4442
vn -0.4303 0.2605 0.8643
vn -0.2941 0.1707 0.9404
vn 0.0690 0.1860 0.9801
vn 0.0749 0.2120 0.9744
vn 0.2064 0.2119 0.9552
vn 0.2052 0.2054 0.9569
vn 0.6694 0.2559 0.6974
vn 0.6429 0.2031 0.7385
vn 0.9742 0.1389 0.1780
vn 0.9718 0.2177 0.0910
vn 0.9580 0.0000 -0.2867
vn 0.9297 0.2056 -0.3056
vn -0.8672 0.1976 0.4570
vn -0.8633 0.2124 0.4579
vn 0.1420 0.2161 0.9660
vn 0.0975 0.1722 0.9802
vn -0.3950 0.2258 0.8905
vn -0.4096 0.2146 0.8867
vn -0.7464 0.2232 0.6270
vn -0.7618 0.2088 0.6133
vn 0.5440 0.1625 0.8232
vn 0.5251 0.2250 0.8208
vn 0.6564 0.2267 0.7196
vn 0.6548 0.1707 0.7363
vn 0.9320 0.1662 0.3222
vn 0.9223 0.1338 0.3626
vn 0.3679 0.1134 0.9229
vn 0.4829 0.2278 0.8455
vn 0.6970 0.2034 0.6876
vn 0.4593 0.0000 0.8883
vn 0.7658 -0.0000 0.6431
vn 0.7658 0.0000 0.6431
vn 0.8145 -0.0000 0.5802
vn 0.8237 0.1499 0.5469
vn 0.9876 0.1137 0.1083
vn 0.9766 0.0000 0.2152
vn 0.9560 0.0000 -0.2935
vn 0.8969 0.1706 -0.4080
vn 0.4922 0.1554 -0.8565
vn 0.6736 0.0000 -0.7391
vn 0.4686 0.0000 -0.8834
vn 0.4686 0.0000 -0.8834
vn -0.2943 0.1789 0.9388
vn -0.2867 0.2124 0.9342
vn -0.0760 0.2075 0.9753
vn -0.0850 0.2000 0.9761
vn 0.5745 0.2782 0.7698
vn 0.3575 0.0000 0.9339
vn 0.7059 -0.0000 0.7083
vn 0.7791 0.1428 0.6104
vn 0.9639 0.1768 0.1991
vn 0.9591 0.1972 0.2028
vn 0.9792 0.1968 0.0484
vn 0.9962 0.0000 0.0871
vn 0.9066 0.2119 -0.3648
vn 0.9958 0.0000 -0.0910
vn 0.9890 0.1419 0.0420
vn 0.9755 0.2170 -0.0361
vn 0.9710 0.1600 0.1778
vn 0.9273 0.0060 0.3742
vn 0.9995 -0.0021 -0.0324
vn 0.9738 0.2121 -0.0825
vn 0.9545 0.2119 -0.2098
vn 0.9598 0.1906 -0.2059
vn 0.6752 0.2145 -0.7057
vn 0.7207 0.1428 -0.6783
vn -0.0358 0.2912 -0.9560
vn 0.0865 0.1512 -0.9847
vn -0.2836 0.2265 -0.9318
vn -0.2772 0.1690 -0.9458
vn 0.4686 0.0000 0.8834
vn 0.4686 0.0000 0.8834
vn 0.3286 -0.0000 0.9445
vn 0.5997 0.2094 0.7723
vn 0.9494 0.1893 0.2506
vn 0.9167 0.0036 0.3996
vn 0.9715 0.1795 -0.1547
vn 1.0000 -0.0029 -0.0020
vn 0.8241 0.1304 -0.5512
vn 0.8149 0.0000 -0.5796
vn 0.7660 0.0000 -0.6429
vn 0.7660 0.0000 -0.6429
vn 0.7464 0.0000 -0.6654
vn 0.4135 0.2124 -0.8854
vn 0.6612 0.1898 -0.7258
vn 0.6462 0.2359 -0.7258
vn 0.5159 0.2380 -0.8229
vn 0.5360 0.1722 -0.8265
vn 0.0535 0.2079 -0.9767
vn 0.0343 0.2311 -0.9723
vn -0.6471 0.1612 -0.7452
vn -0.6299 0.1294 -0.7658
vn -0.8591 0.2265 -0.4589
vn -0.8652 0.1587 -0.4757
vn 0.9491 0.0000 0.3151
vn 0.9402 0.1951 0.2793
vn 0.5881 0.1400 -0.7966
vn 0.5718 0.1612 -0.8044
vn 0.9521 0.2310 -0.2005
vn 0.9582 0.2154 -0.1884
vn 0.1971 0.1560 -0.9679
vn 0.2048 0.1972 -0.9587
vn 0.0741 0.1972 -0.9776
vn 0.0765 0.1872 -0.9793
vn -0.4141 0.2779 -0.8668
vn -0.2556 0.1761 -0.9506
vn -0.7904 0.2694 -0.5501
vn -0.4468 0.0000 -0.8946
vn 0.4869 0.0000 -0.8735
vn 0.2744 0.2178 -0.9366
vn 0.3388 0.1975 -0.9199
vn 0.3507 0.2044 -0.9139
vn -0.1246 0.2115 -0.9694
vn -0.0867 0.0000 -0.9962
vn -0.1387 0.0000 -0.9903
vn -0.1893 0.2241 -0.9560
vn -0.4512 0.2187 -0.8652
vn -0.4352 0.2056 -0.8765
vn -0.8634 0.1533 -0.4807
vn -0.7929 -0.0060 -0.6094
vn -0.9948 0.0074 -0.1016
vn -0.9536 0.1860 -0.2366
vn -0.9321 0.2265 0.2827
vn -0.9331 0.2227 0.2823
vn 0.8535 0.1975 -0.4823
vn 0.8834 0.0000 -0.4686
vn -0.1442 0.1332 -0.9805
vn -0.2465 0.2614 -0.9332
vn 0.3979 0.1925 -0.8970
vn 0.3770 0.2120 -0.9016
vn 0.7464 0.2232 -0.6270
vn 0.9210 0.0000 -0.3896
vn -0.5451 0.1494 -0.8249
vn -0.5634 0.0747 -0.8228
vn -0.6562 0.0605 -0.7522
vn -0.6499 0.0059 -0.7600
vn -0.9103 0.2354 -0.3405
vn -0.4136 0.0032 -0.9104
vn -0.8465 0.1807 -0.5008
vn -0.8846 0.2483 -0.3948
vn -0.3492 0.1278 -0.9283
vn -0.4124 0.2017 -0.8884
vn -0.9376 -0.0000 -0.3477
vn -0.5663 0.2094 -0.7971
vn -0.8018 0.0000 -0.5976
vn -0.7447 -0.2327 -0.6255
vn -0.7506 -0.2316 -0.6188
vn -0.8166 0.1852 -0.5467
vn -0.9597 0.2450 -0.1374
vn -0.9847 0.1632 -0.0615
vn -0.8019 0.1380 0.5813
vn -0.8487 0.0193 0.5286
vn -0.4178 0.3595 0.8344
vn -0.5051 -0.0031 0.8631
vn -0.0000 1.0000 0.0000
vn 0.0000 1.0000 0.0000
vn 0.0000 1.0000 0.0000
vn 0.0000 1.0000 0.0000
vn 0.0000 1.0000 0.0000
vn -0.0000 1.0000 0.0000
vn 0.0000 1.0000 0.0000
vn 0.0000 1.0000 0.0000
vn 0.0000 1.0000 0.0000
vn 0.0000 1.0000 0.0000
vn 0.0000 1.0000 0.0000
vn 0.0000 1.0000 0.0000
vn 0.0000 1.0000 0.0000
vn 0.0000 1.0000 0.0000
vn -0.0000 1.0000 0.0000
vn 0.0000 1.0000 0.0000
vn -0.0000 1.0000 0.0000
vn 0.0000 1.0000 0.0000
vn 0.0000 1.0000 0.0000
vn 0.0000 1.0000 0.0000
vn 0.0000 1.0000 0.0000
vn 0.0000 1.0000 0.0000
vn 0.0000 1.0000 0.0000
vn 0.0000 1.0000 0.0000
vn 0.0000 1.0000 0.0000
vn 0.0000 1.0000 0.0000
vn 0.0000 1.0000 0.0000
vn 0.0000 1.0000 0.0000
vn -0.0000 1.0000 -0.0000
vn 0.0000 1.0000 -0.0000
vn -0.0000 1.0000 0.0000
vn 0.0000 1.0000 -0.0000
vn 0.0000 1.0000 0.0000
vn 0.0000 1.0000 0.0000
vn 0.0000 1.0000 0.0000
vn 0.0000 1.0000 0.0000
vn 0.0000 1.0000 0.0000
vn -0.0000 1.0000 -0.0000
vn 0.0000 1.0000 -0.0000
vn 0.0000 1.0000 0.0000
vn 0.0000 1.0000 0.0000
vn 0.0000 1.0000 0.0000
vn 0.0000 1.0000 0.0000
vn 0.0000 1.0000 0.0000
vn 0.0000 1.0000 0.0000
vn 0.0000 1.0000 0.0000
vn 0.0000 1.0000 0.0000
vn 0.0000 1.0000 0.0000
vn 0.0000 1.0000 0.0000
vn -0.0000 1.0000 0.0000
vn -0.0000 1.0000 0.0000
vn 0.0000 1.0000 -0.0000
vn 0.0000 1.0000 -0.0000
vn 0.0000 1.0000 0.0000
vn 0.0000 1.0000 0.0000
vn 0.0000 1.0000 0.0000
vn 0.0000 1.0000 0.0000
vn 0.0000 1.0000 0.0000
vn 0.0000 1.0000 0.0000
vn 0.0000 1.0000 0.0000
vn 0.0000 1.0000 0.0000
vn 0.0000 1.0000 0.0000
vn -0.0000 1.0000 0.0000
vn 0.0000 1.0000 0.0000
vn 0.0000 1.0000 0.0000
vn 0.0000 1.0000 0.0000
vn 0.0000 1.0000 0.0000
vn -0.0000 1.0000 0.0000
vn 0.0000 1.0000 0.0000
vn 0.0000 1.0000 0.0000
vn 0.0000 1.0000 0.0000
vn 0.0000 1.0000 0.0000
vn 0.0000 1.0000 0.0000
vn 0.0000 1.0000 0.0000
vn 0.0000 1.0000 0.0000
vn 0.0000 1.0000 0.0000
vn -0.0000 1.0000 0.0000
vn 0.0000 1.0000 0.0000
vn 0.0000 1.0000 0.0000
vn 0.0000 1.0000 0.0000
vn 0.0000 1.0000 0.0000
vn 0.0000 1.0000 0.0000
vn 0.0000 1.0000 -0.0000
vn 0.0000 1.0000 0.0000
vn 0.0000 1.0000 0.0000
vn 0.0000 1.0000 0.0000
vn 0.0000 1.0000 0.0000
vn 0.0000 1.0000 0.0000
vn 0.0000 1.0000 0.0000
vn 0.0000 1.0000 0.0000
vn 0.0000 1.0000 0.0000
vn 0.0000 1.0000 0.0000
vn 0.0000 1.0000 -0.0000
vn 0.0000 1.0000 0.0000
vn 0.0000 1.0000 0.0000
vn -0.0000 1.0000 0.0000
vn 0.0000 1.0000 0.0000
vn -0.0000 1.0000 0.0000
vn 0.0000 1.0000 0.0000
vn 0.0000 1.0000 -0.0000
vn 0.0000 1.0000 0.0000
vn 0.0000 1.0000 0.0000
vn 0.0000 1.0000 0.0000
vn 0.0000 1.0000 0.0000
vn 0.0000 1.0000 -0.0000
vn 0.0000 1.0000 -0.0000
vn -0.0000 1.0000 0.0000
vn 0.0000 1.0000 0.0000
vn -0.0000 1.0000 0.0000
vn 0.0000 1.0000 0.0000
vn 0.0000 1.0000 0.0000
vn 0.0000 1.0000 0.0000
vn 0.0000 1.0000 0.0000
vn -0.0000 1.0000 0.0000
vn 0.0000 1.0000 -0.0000
vn 0.0000 1.0000 0.0000
vn 0.0000 1.0000 0.0000
vn -0.0000 1.0000 0.0000
vn 0.0000 1.0000 0.0000
vn 0.0000 1.0000 0.0000
vn -0.0000 1.0000 0.0000
vn 0.0000 1.0000 0.0000
vn 0.0000 1.0000 0.0000
vn -0.0000 1.0000 -0.0000
vn 0.0000 1.0000 -0.0000
vn 0.0000 1.0000 0.0000
vn 0.0000 1.0000 0.0000
vn 0.0000 1.0000 0.0000
vn 0.0000 1.0000 0.0000
vn 0.0000 1.0000 0.0000
vn 0.0000 1.0000 -0.0000
vn 0.0000 1.0000 -0.0000
vn 0.0000 1.0000 0.0000
vn 0.0000 1.0000 0.0000
vn 0.2634 0.3021 -0.9162
vn 0.3004 0.1251 -0.9456
vn -0.7841 0.1746 -0.5956
vn -0.6935 0.0000 -0.7205
vn -0.2197 -0.0000 -0.9756
vn -0.3428 0.2067 -0.9164
vn -0.9624 0.1859 -0.1979
vn -0.9871 0.0000 -0.1598
vn -0.9929 0.0000 -0.1190
vn -0.9857 0.1448 -0.0862
vn -0.9371 0.1601 0.3101
vn -0.9564 0.2367 0.1711
vn -0.5229 0.0933 -0.8473
vn -0.8038 0.2530 -0.5385
vn -0.9964 -0.0234 -0.0814
vn -0.9989 0.0000 -0.0460
vn -0.8771 0.0000 0.4802
vn -0.6581 0.2245 0.7187
vn -0.9438 0.1543 -0.2923
vn -0.9609 0.2131 -0.1768
vn -0.9848 0.1336 0.1111
vn -0.9962 0.0000 0.0867
vn -0.9897 0.0000 0.1431
vn -0.9596 0.2077 0.1900
vn -0.6674 0.2937 0.6843
vn -0.8957 0.0000 0.4447
vn -0.8087 0.0000 0.5882
vn -0.5937 0.2258 0.7724
vn -0.1454 0.1736 0.9740
vn -0.0853 0.2230 0.9711
vn 0.2854 0.1976 0.9378
vn 0.2760 0.1153 0.9542
vn 0.0472 -0.7071 0.7055
vn 0.0472 -0.7072 0.7055
vn -0.0765 -0.6988 0.7112
vn -0.4731 -0.6789 0.5615
vn -0.4607 -0.6137 0.6413
vn -0.1034 -0.7386 0.6662
vn -0.6869 -0.6696 0.2826
vn -0.6593 -0.6898 0.2990
vn -0.6814 -0.7308 -0.0395
vn -0.6799 -0.7321 -0.0411
vn -0.1223 -0.7041 -0.6995
vn -0.5284 -0.7488 -0.4000
vn -0.6793 -0.6599 -0.3210
vn -0.5567 -0.8059 -0.2015
vn 0.0513 -0.8938 -0.4456
vn -0.3441 -0.7010 -0.6247
vn -0.1609 -0.7388 -0.6545
vn -0.0396 -0.7081 -0.7050
vn -0.0401 -0.7071 -0.7060
vn 0.5323 -0.7071 0.4655
vn 0.5320 -0.7073 0.4655
vn 0.4812 -0.7216 0.4977
vn 0.4751 -0.7025 0.5299
vn 0.2117 -0.6829 0.6991
vn 0.2033 -0.6897 0.6950
vn -0.1402 -0.6889 0.7112
vn -0.1626 -0.7137 0.6813
vn -0.4548 -0.6929 0.5595
vn -0.4849 -0.7328 0.4773
vn -0.6342 -0.6814 0.3652
vn -0.6414 -0.7604 0.1016
vn -0.6698 -0.7287 0.1427
vn -0.6749 -0.7044 -0.2199
vn -0.6785 -0.7017 -0.2173
vn -0.5373 -0.7054 -0.4622
vn -0.5645 -0.6766 -0.4729
vn 0.7055 -0.7071 -0.0472
vn 0.7055 -0.7072 -0.0472
vn -0.3981 -0.6655 0.6314
vn -0.3728 -0.6834 0.6277
vn -0.6272 -0.7060 0.3289
vn -0.6453 -0.6509 0.3999
vn -0.6788 -0.7233 0.1269
vn -0.7080 -0.7009 0.0863
vn -0.0691 -0.6914 0.7192
vn -0.0810 -0.7045 0.7051
vn 0.2129 -0.7041 0.6775
vn 0.2574 -0.7403 0.6211
vn 0.4071 -0.7004 0.5863
vn 0.5329 -0.7498 0.3923
vn 0.5117 -0.7643 0.3925
vn 0.7000 -0.6754 0.2321
vn 0.6600 -0.7493 0.0539
vn 0.7090 -0.7052 -0.0004
vn -0.7060 -0.7066 0.0466
vn -0.6958 -0.7171 0.0395
vn 0.4564 -0.7408 -0.4928
vn 0.4655 -0.7072 -0.5322
vn -0.3334 -0.7257 0.6019
vn -0.2917 -0.6645 0.6880
vn -0.0314 -0.7392 0.6728
vn 0.0275 -0.7039 0.7097
vn 0.3219 -0.7409 0.5894
vn 0.3782 -0.6966 0.6096
vn 0.5631 -0.7086 0.4252
vn 0.6127 -0.6779 0.4063
vn 0.6801 -0.7198 0.1392
vn 0.7602 -0.6462 0.0668
vn 0.6488 -0.7254 -0.2300
vn 0.6455 -0.7301 -0.2243
vn 0.4853 -0.7269 -0.4858
vn -0.4705 -0.7081 0.5266
vn -0.4742 -0.6979 0.5368
vn -0.1492 -0.7057 -0.6926
vn -0.0407 -0.7931 -0.6077
vn 0.6954 -0.6828 0.2240
vn 0.5716 -0.7465 0.3407
vn 0.5643 -0.7071 0.4262
vn 0.3942 -0.7045 0.5901
vn 0.3226 -0.7373 0.5936
vn 0.1088 -0.7128 0.6929
vn 0.1816 -0.6898 0.7009
vn 0.6514 -0.7572 0.0471
vn 0.6948 -0.7192 -0.0003
vn 0.6828 -0.6984 -0.2145
vn 0.6549 -0.7188 -0.2334
vn 0.5757 -0.7397 -0.3485
vn 0.5811 -0.7068 -0.4034
vn 0.3596 -0.6820 -0.6368
vn 0.3965 -0.7588 -0.5168
vn 0.2237 -0.7037 -0.6744
vn 0.0404 -0.7389 -0.6727
vn -0.0004 -0.7053 -0.7089
vn 0.0396 -0.7081 0.7050
vn 0.0431 -0.7005 0.7124
vn -0.5047 -0.7310 -0.4593
vn -0.5322 -0.7072 -0.4655
vn 0.6271 -0.7618 0.1626
vn 0.5885 -0.7116 0.3839
vn 0.6488 -0.7357 0.1944
vn 0.7229 -0.6835 -0.1008
vn 0.6283 -0.7543 -0.1904
vn 0.6388 -0.6602 -0.3950
vn 0.5061 -0.7166 -0.4799
vn 0.3355 -0.6137 -0.7147
vn 0.3487 -0.6322 -0.6919
vn 0.0301 -0.7442 -0.6673
vn 0.0779 -0.7765 -0.6253
vn -0.3208 -0.7839 -0.5316
vn -0.3324 -0.7993 -0.5007
vn -0.4804 -0.7340 -0.4800
vn 0.5394 -0.7047 0.4609
vn 0.5037 -0.7377 0.4495
vn -0.6837 -0.7138 0.1515
vn -0.5918 -0.8056 0.0279
vn -0.6691 -0.7418 -0.0461
vn -0.6822 -0.7287 -0.0608
vn -0.6486 -0.6829 -0.3361
vn -0.3677 -0.8113 -0.4545
vn -0.4586 -0.7546 -0.4693
vn -0.2161 -0.7102 -0.6701
vn 0.0106 -0.7993 -0.6009
vn -0.0508 -0.7499 -0.6596
vn 0.2655 -0.6879 -0.6755
vn 0.3666 -0.7760 -0.5132
vn 0.3635 -0.7494 -0.5534
vn 0.5513 -0.8206 -0.1510
vn 0.6757 -0.6305 -0.3820
vn 0.6714 -0.7364 -0.0831
vn 0.6987 -0.7037 -0.1291
vn 0.7049 -0.7082 -0.0396
vn 0.7060 -0.7071 -0.0402
vn -0.4620 -0.7208 0.5166
vn -0.4655 -0.7072 0.5322
vn -0.4968 -0.7185 0.4868
vn -0.4732 -0.7328 0.4890
vn -0.6877 -0.6740 0.2700
vn -0.6836 -0.6804 0.2641
vn -0.7150 -0.6935 -0.0887
vn -0.7089 -0.6990 -0.0940
vn 0.1833 -0.7595 -0.6241
vn 0.1039 -0.7093 -0.6972
vn -0.0871 -0.7244 -0.6839
vn -0.1494 -0.7544 -0.6392
vn -0.2683 -0.7027 -0.6590
vn -0.5630 -0.6849 -0.4626
vn -0.3696 -0.8166 -0.4434
vn -0.5915 -0.7175 -0.3678
vn 0.3320 -0.7008 -0.6314
vn 0.4400 -0.7331 -0.5186
vn 0.4607 -0.7047 -0.5397
vn 0.4484 -0.7393 -0.5024
vn -0.5836 -0.7072 0.3990
vn -0.5668 -0.7223 0.3962
vn -0.5454 -0.7374 0.3985
vn -0.7092 -0.6966 -0.1082
vn -0.6384 -0.7035 0.3123
vn -0.5694 -0.8182 0.0793
vn -0.7715 -0.5783 0.2651
vn -0.6693 -0.7324 -0.1254
vn -0.2440 -0.7185 -0.6513
vn -0.4086 -0.8521 -0.3270
vn -0.6392 -0.7067 -0.3034
vn -0.2521 -0.8083 -0.5321
vn -0.2337 -0.7181 -0.6555
vn 0.0926 -0.7357 -0.6710
vn 0.1145 -0.7133 -0.6915
vn -0.1097 -0.6922 -0.7134
vn 0.4015 -0.6513 -0.6439
vn 0.4100 -0.7298 -0.5471
vn 0.6408 -0.6238 -0.4475
vn 0.6039 -0.6612 -0.4451
vn 0.5899 -0.7071 -0.3900
vn -0.3408 -0.7403 0.5795
vn -0.4643 -0.6204 0.6320
vn 0.3390 -0.7126 0.6143
vn 0.3355 -0.7055 0.6242
vn 0.0717 -0.7311 0.6785
vn 0.0611 -0.7388 0.6711
vn -0.0744 -0.6033 0.7940
vn 0.6056 -0.6549 0.4521
vn 0.5053 -0.8234 0.2582
vn 0.5210 -0.6942 0.4967
vn 0.6814 -0.7243 0.1053
vn 0.6472 -0.7524 0.1225
vn 0.7298 -0.6784 -0.0845
vn 0.6177 -0.7576 -0.2110
vn 0.6498 -0.7029 -0.2891
vn -0.5833 -0.6892 -0.4298
vn -0.5753 -0.6960 -0.4296
vn -0.3699 -0.6435 -0.6702
vn -0.3096 -0.7061 -0.6369
vn -0.0495 -0.6973 -0.7150
vn 0.0194 -0.7577 -0.6523
vn 0.1811 -0.6746 -0.7156
vn 0.3478 -0.7600 -0.5490
vn 0.3415 -0.6979 -0.6295
vn 0.5490 -0.7026 -0.4527
vn 0.5374 -0.7582 -0.3692
vn 0.6878 -0.6743 -0.2688
vn 0.6736 -0.7210 -0.1625
vn 0.6994 -0.7020 -0.1345
vn 0.6950 -0.7070 -0.1304
vn -0.4131 -0.7759 0.4767
vn -0.3174 -0.9055 -0.2818
vn -0.6765 -0.7033 0.2186
vn -0.5669 -0.7269 0.3876
vn -0.4552 -0.8013 0.3882
vn -0.2902 -0.7321 0.6163
vn -0.1918 -0.7849 0.5892
vn -0.1479 -0.7302 0.6670
vn -0.2246 -0.7308 0.6446
vn 0.0404 -0.9122 0.4078
vn 0.3648 -0.8822 0.2978
vn 0.3472 -0.7191 0.6019
vn 0.6567 -0.6077 0.4466
vn 0.5362 -0.7219 0.4374
vn 0.6697 -0.6996 0.2491
vn 0.7039 -0.6784 0.2102
vn 0.6508 -0.7576 0.0498
vn 0.7112 -0.7029 -0.0093
vn -0.6960 -0.7071 0.1252
vn -0.6868 -0.7148 0.1321
vn -0.6928 -0.7071 0.1418
vn -0.7098 -0.7030 0.0442
vn -0.7098 -0.7030 0.0442
vn -0.6906 -0.7030 -0.1698
vn -0.6906 -0.7030 -0.1698
vn -0.4297 -0.9019 0.0430
vn -0.6788 -0.7244 -0.1203
vn -0.6929 -0.7071 -0.1412
vn -0.5969 -0.6688 -0.4431
vn -0.4720 -0.8583 -0.2012
vn -0.6048 -0.6922 -0.3937
vn -0.3336 -0.8266 -0.4532
vn -0.4505 -0.7402 -0.4991
vn -0.1997 -0.6764 -0.7089
vn -0.1135 -0.7449 -0.6575
vn 0.0613 -0.6837 -0.7272
vn 0.1294 -0.7412 -0.6587
vn 0.3207 -0.6638 -0.6757
vn 0.3467 -0.7043 -0.6194
vn 0.5122 -0.7014 -0.4957
vn 0.5151 -0.6574 -0.5500
vn 0.6113 -0.7454 -0.2659
vn 0.6382 -0.7049 -0.3097
vn 0.7167 -0.6964 -0.0366
vn 0.7125 -0.7009 -0.0323
vn 0.6963 -0.7070 0.1236
vn 0.7050 -0.6964 0.1344
vn 0.6929 -0.7071 0.1413
vn -0.7093 -0.7033 -0.0478
vn -0.6483 -0.7547 -0.1009
vn -0.7725 -0.6230 0.1231
vn -0.6371 -0.7400 0.2155
vn -0.6238 -0.3319 0.7076
vn -0.4360 -0.8550 0.2810
vn -0.3699 -0.6274 0.6852
vn -0.1923 -0.7349 0.6504
vn -0.0473 -0.6552 0.7539
vn 0.0928 -0.7601 0.6431
vn 0.2025 -0.6852 0.6996
vn 0.4065 -0.7251 0.5559
vn 0.3710 -0.7524 0.5443
vn 0.5758 -0.6784 0.4562
vn 0.5860 -0.7576 0.2876
vn 0.6639 -0.7029 0.2551
vn 0.6419 -0.7666 -0.0147
vn 0.7057 -0.7079 0.0290
vn 0.7112 -0.6562 0.2521
vn 0.6386 -0.7115 0.2932
vn 0.6805 -0.6959 -0.2294
vn 0.5834 -0.7618 -0.2816
vn 0.5936 -0.6867 -0.4195
vn 0.4852 -0.7172 -0.5002
vn 0.4088 -0.6284 -0.6619
vn 0.3818 -0.6520 -0.6550
vn 0.1084 -0.6907 -0.7150
vn 0.1119 -0.6972 -0.7081
vn -0.1701 -0.7007 -0.6929
vn -0.2007 -0.7407 -0.6412
vn -0.3689 -0.6827 -0.6307
vn -0.4529 -0.7517 -0.4794
vn -0.5252 -0.7019 -0.4811
vn 0.5875 -0.7070 0.3938
vn 0.6038 -0.6777 0.4197
vn 0.5960 -0.7000 0.3934
vn 0.4949 -0.7010 0.5134
vn 0.3734 -0.7842 0.4956
vn 0.2860 -0.6830 0.6721
vn 0.0230 -0.7793 0.6262
vn 0.1560 -0.5866 0.7947
vn -0.1544 -0.7457 0.6481
vn -0.2342 -0.6855 0.6894
vn -0.4356 -0.7306 0.5258
vn -0.4355 -0.7318 0.5242
vn -0.6393 -0.6786 0.3617
vn -0.6073 -0.7531 0.2531
vn -0.7416 -0.6613 0.1127
vn -0.6383 -0.7673 -0.0619
vn -0.7064 -0.6910 -0.1535
vn -0.6275 -0.7040 -0.3325
vn -0.6115 -0.7150 -0.3389
vn -0.5855 -0.7070 -0.3967
vn -0.5773 -0.7222 -0.3811
vn -0.5806 -0.7071 -0.4036
vn -0.3977 -0.7072 -0.5846
vn -0.3950 -0.7244 -0.5651
vn -0.3975 -0.7337 -0.5511
vn 0.7818 -0.6153 0.1004
vn 0.5456 -0.7445 0.3848
vn 0.5800 -0.7162 0.3882
vn 0.4452 -0.8498 -0.2822
vn 0.6999 -0.7013 -0.1351
vn 0.6937 -0.7061 0.1422
vn 0.8221 -0.4999 -0.2725
vn 0.5976 -0.6712 -0.4386
vn 0.4069 -0.6879 -0.6010
vn 0.4064 -0.6958 -0.5921
vn 0.0856 -0.7038 -0.7052
vn 0.1109 -0.7430 -0.6600
vn -0.0936 -0.6822 -0.7252
vn -0.2122 -0.7575 -0.6174
vn -0.2925 -0.7017 -0.6497
vn 0.4109 -0.6964 0.5884
vn 0.4106 -0.6906 0.5954
vn 0.3900 -0.7071 0.5898
vn 0.0141 -0.6680 0.7441
vn 0.2154 -0.7457 0.6305
vn 0.2692 -0.7010 0.6603
vn -0.7156 -0.6823 -0.1498
vn -0.6287 -0.7773 -0.0231
vn -0.7323 -0.6703 0.1206
vn -0.6035 -0.7385 0.3006
vn -0.6259 -0.6878 0.3676
vn -0.3941 -0.7158 0.5765
vn -0.3828 -0.8023 0.4581
vn -0.2536 -0.6750 0.6928
vn -0.0874 -0.7530 0.6522
vn -0.5699 -0.7457 -0.3450
vn -0.5244 -0.7759 -0.3506
vn -0.4717 -0.7014 -0.5344
vn 0.3896 -0.7537 -0.5293
vn 0.5226 -0.6736 -0.5226
vn 0.5784 -0.7171 -0.3887
vn 0.6623 -0.6769 -0.3212
vn 0.6484 -0.7234 -0.2372
vn 0.7262 -0.6803 -0.0991
vn 0.6487 -0.7608 0.0193
vn 0.7476 -0.6366 0.1892
vn 0.6179 -0.7232 0.3086
vn 0.6201 -0.7107 0.3322
vn 0.5028 -0.7058 0.4990
vn 0.5027 -0.7074 0.4968
vn 0.3361 -0.6977 0.6326
vn 0.3000 -0.7235 0.6217
vn 0.1906 -0.7082 0.6798
vn -0.0428 -0.7111 -0.7018
vn 0.1589 -0.7496 -0.6425
vn 0.1255 -0.6988 -0.7042
vn 0.3567 -0.7029 -0.6154
vn 0.1491 -0.7173 0.6806
vn 0.1353 -0.6977 0.7035
vn 0.1252 -0.7071 0.6960
vn -0.1653 -0.7989 0.5783
vn -0.3704 -0.7150 0.5930
vn -0.6369 -0.7356 -0.2307
vn -0.7381 -0.6638 -0.1204
vn -0.6602 -0.7501 0.0374
vn -0.7157 -0.6873 0.1239
vn -0.5566 -0.7179 0.4180
vn -0.4401 -0.8716 0.2160
vn -0.4825 -0.7621 0.4318
vn -0.4172 -0.5287 0.7392
vn -0.0497 -0.7578 0.6506
vn 0.0103 -0.7030 0.7111
vn -0.2186 -0.7033 -0.6765
vn -0.6456 -0.6863 -0.3350
vn -0.4561 -0.7711 -0.4442
vn -0.4350 -0.7843 -0.4422
vn -0.3730 -0.6953 -0.6143
vn -0.2012 -0.7164 -0.6680
vn -0.1252 -0.7071 -0.6960
vn -0.1320 -0.7148 -0.6868
vn -0.0889 -0.7469 -0.6590
vn 0.1322 -0.7072 -0.6945
vn 0.1203 -0.7244 -0.6788
vn 0.1412 -0.7071 -0.6929
vn 0.0929 -0.6637 0.7422
vn 0.0247 -0.7327 0.6802
vn 0.3448 -0.7531 0.5603
vn 0.5585 -0.5832 0.5899
vn 0.6452 -0.6028 0.4695
vn 0.5191 -0.6978 0.4935
vn 0.6738 -0.7093 0.2071
vn 0.6706 -0.7135 0.2029
vn 0.5592 -0.8233 -0.0973
vn 0.6636 -0.7097 -0.2364
vn 0.5597 -0.7021 -0.4403
vn 0.5451 -0.7430 -0.3883
vn 0.4462 -0.6829 -0.5785
vn 0.2869 -0.7581 -0.5857
vn 0.2526 -0.7017 -0.6662
vn -0.1377 -0.6158 0.7757
vn -0.1071 -0.6528 0.7499
vn -0.1413 -0.7071 0.6929
vn -0.6484 -0.7271 0.2258
vn -0.5709 -0.7092 0.4137
vn -0.5266 -0.7358 0.4258
vn -0.4510 -0.6809 0.5771
vn -0.2874 -0.7578 0.5857
vn -0.2544 -0.7030 0.6641
vn -0.6406 -0.7675 0.0229
vn -0.5582 -0.8258 0.0805
vn -0.6900 -0.7023 -0.1751
vn -0.5500 -0.7675 -0.3295
vn -0.5185 -0.7888 -0.3301
vn -0.4536 -0.6684 -0.5895
vn -0.1820 -0.8003 -0.5713
vn -0.3772 -0.5815 -0.7208
vn 0.0257 -0.7631 -0.6458
vn -0.0204 -0.6965 -0.7172
vn 0.2673 -0.8936 -0.3607
vn 0.5861 -0.7070 -0.3957
vn -0.4215 -0.7836 0.4564
vn -0.4264 -0.7492 0.5068
vn -0.1804 -0.6271 0.7577
vn -0.2335 -0.7864 0.5719
vn -0.0775 -0.6834 0.7259
vn 0.1020 -0.7325 0.6731
vn 0.1340 -0.7072 0.6942
vn 0.3264 -0.7157 0.6174
vn 0.3250 -0.7128 0.6216
vn 0.5074 -0.6960 0.5081
vn 0.5066 -0.7692 0.3894
vn 0.6494 -0.6833 0.3339
vn 0.6731 -0.7301 0.1179
vn 0.6783 -0.7259 0.1139
vn 0.6721 -0.7354 -0.0867
vn 0.5454 -0.8188 -0.1792
vn 0.4200 -0.9075 -0.0037
vn -0.5930 -0.6939 0.4085
vn -0.5866 -0.7070 0.3950
vn -0.6672 -0.6995 0.2558
vn -0.6698 -0.6954 0.2604
vn -0.7093 -0.7042 0.0313
vn -0.7134 -0.6999 0.0350
vn -0.6648 -0.6975 -0.2674
vn -0.7950 -0.5647 -0.2218
vn -0.5485 -0.7321 -0.4040
vn -0.5585 -0.5437 -0.6264
vn -0.3977 -0.6741 -0.6224
vn -0.1710 -0.6687 -0.7236
vn -0.1886 -0.7070 -0.6816
vn 0.1361 -0.6915 -0.7094
vn 0.2364 -0.6086 -0.7575
vn 0.5595 -0.4573 -0.6912
vn 0.4745 -0.8767 -0.0784
vn 0.1673 -0.7382 -0.6535
vn 0.0724 -0.7603 -0.6456
vn 0.8043 -0.5805 -0.1272
vn 0.5894 -0.7246 0.3571
vn 0.5910 -0.7234 0.3568
vn 0.4878 -0.6909 0.5336
vn 0.3070 -0.7800 0.5452
vn 0.2936 -0.7400 0.6052
vn 0.0255 -0.6684 0.7434
vn 0.0537 -0.6282 0.7762
vn -0.2383 -0.7051 0.6678
vn -0.4487 -0.7612 0.4682
vn -0.5102 -0.7143 0.4791
vn -0.2661 -0.6789 0.6843
vn -0.6788 -0.6585 0.3249
vn -0.6385 -0.7444 0.1952
vn 0.9033 -0.4289 0.0075
vn 0.5175 -0.8054 0.2890
vn -0.7046 -0.6957 0.1394
vn -0.6950 -0.7070 0.1304
vn -0.7103 -0.7036 0.0187
vn -0.7103 -0.7036 0.0187
vn -0.6879 -0.7036 -0.1779
vn -0.6879 -0.7036 -0.1779
vn -0.5277 -0.7552 -0.3888
vn -0.6052 -0.7025 -0.3746
vn -0.4730 -0.6726 -0.5691
vn -0.1637 -0.7906 -0.5901
vn -0.3797 -0.4941 -0.7821
vn 0.0217 -0.7252 -0.6882
vn 0.1269 -0.6124 -0.7803
vn 0.3564 -0.7738 -0.5236
vn 0.3542 -0.6965 -0.6241
vn 0.5663 -0.7024 -0.4311
vn 0.5430 -0.7784 -0.3149
vn 0.6883 -0.6867 -0.2339
vn 0.6859 -0.7151 -0.1350
vn 0.6906 -0.7109 -0.1328
vn 0.6945 -0.7072 0.1322
vn 0.6894 -0.7129 0.1283
vn -0.7125 -0.7009 0.0323
vn -0.6029 -0.7840 0.1482
vn -0.6433 -0.7384 0.2022
vn -0.5298 -0.7324 0.4276
vn -0.4143 -0.7950 0.4431
vn -0.3941 -0.7108 0.5826
vn -0.2077 -0.7094 0.6735
vn -0.2031 -0.7127 0.6714
vn -0.0005 -0.6960 0.7181
vn 0.1057 -0.7869 0.6079
vn 0.2156 -0.7084 0.6720
vn 0.4403 -0.7021 0.5597
vn 0.3883 -0.7430 0.5451
vn 0.5785 -0.6829 0.4462
vn 0.5857 -0.7581 0.2869
vn 0.6662 -0.7017 0.2526
vn -0.6954 -0.7069 -0.1296
vn -0.7159 -0.6825 -0.1474
vn -0.6782 -0.7140 -0.1736
vn -0.0402 -0.6361 -0.7705
vn -0.6188 -0.5948 -0.5131
vn -0.5104 -0.8069 -0.2974
vn -0.4111 -0.7084 -0.5737
vn -0.3882 -0.7218 -0.5730
vn -0.1273 -0.8587 -0.4964
vn 0.0834 -0.7046 -0.7047
vn 0.3154 -0.7416 -0.5921
vn 0.3179 -0.7537 -0.5752
vn 0.5543 -0.6816 -0.4777
vn 0.4711 -0.8821 0.0030
vn 0.8561 0.0329 -0.5157
vn 0.9347 -0.2676 -0.2339
vn 0.6549 -0.7555 0.0201
vn -0.6333 -0.7111 -0.3053
vn -0.6287 -0.6342 -0.4500
vn -0.6056 -0.6835 -0.4075
vn 0.5875 -0.7528 0.2969
vn 0.6166 -0.6020 -0.5073
vn 0.5487 -0.8213 -0.1561
vn 0.7242 -0.5736 -0.3828
vn 0.6593 -0.7516 -0.0232
vn 0.7043 -0.7097 0.0176
vn 0.6687 -0.6914 0.2737
vn 0.4016 -0.7358 -0.5453
vn 0.3641 -0.6493 -0.6677
vn 0.1397 -0.7312 -0.6677
vn 0.0906 -0.6831 -0.7247
vn -0.1526 -0.7260 -0.6705
vn -0.1264 -0.7516 -0.6474
vn -0.4206 -0.6445 -0.6385
vn -0.4467 -0.7666 -0.4613
vn 0.5865 -0.7070 0.3952
vn 0.5853 -0.7091 0.3931
vn -0.7220 -0.6817 0.1184
vn -0.5791 -0.7825 0.2289
vn -0.6280 -0.6846 0.3701
vn -0.4254 -0.7206 0.5474
vn -0.4222 -0.7665 0.4839
vn -0.2164 -0.6798 0.7008
vn -0.1292 -0.7497 0.6491
vn 0.0540 -0.6639 0.7458
vn 0.1753 -0.7611 0.6245
vn 0.2313 -0.7277 0.6458
vn 0.4077 -0.8047 0.4315
vn 0.5647 -0.7061 0.4273
vn -0.6515 -0.7556 -0.0684
vn -0.7444 -0.6365 -0.2019
vn 0.3954 -0.7113 0.5812
vn 0.3955 -0.7070 0.5863
vn -0.2539 -0.6637 0.7036
vn -0.4134 -0.7629 0.4971
vn -0.4176 -0.7151 0.5606
vn -0.6254 -0.6885 0.3672
vn -0.6331 -0.6668 0.3931
vn -0.6658 -0.7380 0.1096
vn -0.6877 -0.7140 0.1314
vn -0.7080 -0.6905 -0.1482
vn -0.6891 -0.7070 -0.1589
vn 0.2509 -0.7609 0.5984
vn -0.1934 -0.7054 0.6819
vn -0.0259 -0.7051 0.7087
vn 0.0175 -0.6671 0.7448
vn 0.2497 -0.7564 0.6046
vn -0.5736 -0.6933 -0.4363
vn -0.5754 -0.6890 -0.4408
vn -0.4001 -0.7069 -0.5833
vn -0.4005 -0.7017 -0.5892
vn 0.5172 -0.6972 0.4963
vn 0.7247 -0.6839 0.0847
vn 0.4894 -0.8263 0.2787
vn 0.8613 -0.4413 0.2518
vn 0.4592 -0.7444 0.4848
vn 0.6533 -0.7419 -0.1511
vn 0.6809 -0.7190 -0.1392
vn 0.6288 -0.6911 -0.3562
vn 0.5877 -0.7166 -0.3755
vn 0.4987 -0.6912 -0.5230
vn 0.3848 -0.7605 -0.5230
vn 0.3291 -0.6908 -0.6438
vn 0.1047 -0.7233 -0.6826
vn 0.1225 -0.7524 -0.6472
vn -0.0846 -0.6776 -0.7305
vn -0.2476 -0.7750 -0.5814
vn -0.2632 -0.7621 -0.5916
vn -0.2507 -0.7033 -0.6652
vn -0.5472 -0.7138 -0.4372
vn -0.4578 -0.7770 -0.4321
vn -0.3918 -0.6941 -0.6039
vn -0.2277 -0.7202 -0.6553
vn -0.1366 -0.7070 -0.6938
vn -0.1345 -0.7020 -0.6994
vn 0.4070 -0.7061 0.5794
vn 0.3842 -0.6503 0.6554
vn 0.1429 -0.7691 0.6229
vn 0.2394 -0.7015 0.6712
vn 0.5980 -0.7261 0.3394
vn 0.6415 -0.6238 0.4465
vn 0.4491 -0.8841 -0.1293
vn 0.6691 -0.7106 0.2177
vn 0.4665 -0.6172 -0.6336
vn 0.7266 -0.5623 -0.3948
vn 0.6452 -0.6420 -0.4143
vn 0.6545 -0.7555 -0.0285
vn -0.0597 -0.7404 -0.6695
vn -0.0058 -0.6914 -0.7225
vn 0.1848 -0.6768 -0.7126
vn 0.0551 -0.7602 -0.6474
vn 0.4690 -0.7439 -0.4762
vn 0.1252 -0.7071 0.6960
vn 0.1320 -0.7148 0.6868
vn 0.1418 -0.7071 0.6928
vn -0.1601 -0.7114 0.6843
vn -0.3579 -0.6940 0.6247
vn -0.3725 -0.7259 0.5782
vn -0.6299 -0.6993 0.3378
vn -0.5547 -0.7518 0.3564
vn -0.5228 -0.6836 0.5093
vn -0.7164 -0.6938 0.0737
vn -0.7181 -0.6919 0.0753
vn -0.7180 -0.6601 -0.2208
vn -0.7149 -0.6651 -0.2160
vn -0.2557 -0.6260 0.7367
vn -0.0186 -0.7578 0.6522
vn 0.0443 -0.7030 0.7098
vn -0.1322 -0.7072 0.6945
vn -0.1203 -0.7244 0.6788
vn -0.1051 -0.7364 0.6683
vn -0.2517 -0.7018 0.6664
vn -0.2867 -0.7583 0.5854
vn -0.4479 -0.6813 0.5790
vn -0.5287 -0.7360 0.4229
vn -0.6523 -0.6509 0.3885
vn -0.6205 -0.7791 0.0895
vn -0.7024 -0.6952 0.1526
vn -0.6881 -0.7038 -0.1766
vn -0.6927 -0.7000 -0.1735
vn -0.0287 -0.7013 -0.7123
vn -0.5280 -0.7549 -0.3890
vn -0.6052 -0.7021 -0.3752
vn -0.4715 -0.6721 -0.5710
vn -0.2256 -0.7755 -0.5896
vn -0.3151 -0.6922 -0.6493
vn -0.0321 -0.7050 -0.7084
vn 0.1236 -0.7070 -0.6963
vn 0.1344 -0.6964 -0.7050
vn 0.1413 -0.7071 -0.6929
vn -0.1042 -0.7359 0.6690
vn 0.0427 -0.7105 0.7024
vn 0.1496 -0.7944 0.5886
vn 0.2448 -0.7255 0.6432
vn 0.5432 -0.6534 0.5273
vn 0.3790 -0.7916 0.4793
vn 0.7133 -0.6012 0.3604
vn 0.5698 -0.7243 0.3882
vn 0.6973 -0.6854 0.2098
vn 0.6803 -0.7122 0.1730
vn 0.7180 -0.6960 -0.0061
vn 0.6427 -0.7605 -0.0928
vn 0.6978 -0.6861 -0.2057
vn 0.5559 -0.7251 -0.4065
vn 0.5821 -0.6409 -0.5004
vn 0.3142 -0.7010 -0.6402
vn 0.3133 -0.6969 -0.6451
vn -0.0362 -0.7262 -0.6865
vn -0.3056 -0.7092 -0.6354
vn -0.3253 -0.7358 -0.5940
vn -0.4877 -0.6809 -0.5464
vn -0.5253 -0.7578 -0.3870
vn -0.6083 -0.7030 -0.3684
vn -0.0261 -0.7404 -0.6716
vn 0.2611 -0.6408 -0.7220
vn 0.2965 -0.7036 -0.6458
vn 0.4530 -0.6425 -0.6181
vn 0.4142 -0.6879 -0.5960
vn 0.3896 -0.7071 -0.5901
vn -0.3111 -0.6904 0.6532
vn -0.0933 -0.7307 0.6763
vn -0.1060 -0.7131 0.6930
vn 0.1963 -0.6926 0.6941
vn 0.2521 -0.7553 0.6049
vn 0.3925 -0.6830 0.6160
vn 0.4684 -0.7205 0.5114
vn 0.5664 -0.6736 0.4749
vn 0.5788 -0.7245 0.3743
vn 0.6762 -0.6849 0.2714
vn 0.6391 -0.7535 0.1541
vn 0.7199 -0.6909 0.0669
vn 0.6712 -0.7251 -0.1542
vn 0.6465 -0.7524 -0.1263
vn 0.6372 -0.6413 -0.4273
vn 0.5171 -0.7320 -0.4436
vn -0.3967 -0.7070 0.5855
vn -0.3811 -0.7222 0.5773
vn -0.3581 -0.7368 0.5734
vn -0.7094 -0.6965 -0.1075
vn -0.4834 -0.7017 0.5234
vn -0.4804 -0.7506 0.4538
vn -0.6608 -0.6684 0.3415
vn -0.6313 -0.7499 0.1976
vn -0.7376 -0.6684 0.0961
vn -0.6309 -0.7631 -0.1401
vn -0.9612 -0.0000 -0.2757
vn -0.7940 0.0052 0.6079
vn -0.7410 0.0000 0.6715
vn -0.7410 0.0000 0.6715
vn -0.7746 0.0112 0.6323
vn -0.7747 -0.0005 0.6323
vn -0.8296 0.0001 0.5583
vn -0.8505 -0.0025 0.5260
vn -0.8456 0.0026 0.5338
vn -0.9344 0.0366 -0.3543
vn -0.9551 0.0006 -0.2962
vn -0.9612 0.0000 -0.2757
vn -0.9908 -0.0000 -0.1350
vn -0.9908 0.0000 -0.1350
vn -0.9998 -0.0000 -0.0209
vn -0.9995 0.0105 0.0286
vn -0.9981 0.0000 0.0611
vn -0.9815 0.0000 0.1914
vn -0.9848 -0.0097 0.1735
vn -0.9494 -0.0082 0.3139
vn -0.9422 -0.0014 0.3351
vn -0.9204 -0.0172 0.3905
vn -0.8683 -0.0197 0.4957
vn -0.8029 0.0000 -0.5961
vn 0.9629 0.0228 0.2690
vn 0.7363 0.0000 -0.6767
vn -0.1868 -0.0000 -0.9824
vn -0.9156 -0.0002 -0.4022
vn -0.8916 0.0127 -0.4526
vn -0.8765 -0.0000 -0.4815
vn -0.8765 0.0000 -0.4815
vn -0.0528 0.0000 -0.9986
vn 0.7657 0.0119 -0.6430
vn 0.7892 0.0048 -0.6141
vn 0.5605 -0.0355 -0.8274
vn 0.8204 -0.0345 -0.5708
vn 0.8876 -0.0250 -0.4599
vn 0.8649 -0.0000 -0.5019
vn 0.9607 0.0025 0.2777
vn 0.9302 -0.0009 0.3671
vn 0.7286 -0.0581 0.6824
vn 0.9620 0.0000 0.2731
vn 0.9880 0.0000 0.1543
vn 0.9926 0.0106 0.1213
vn 0.9973 0.0000 0.0728
vn 0.9991 0.0000 -0.0424
vn 0.9991 0.0000 -0.0424
vn 0.9788 0.0000 -0.2050
vn 0.9788 0.0000 -0.2050
vn 0.9472 0.0000 -0.3205
vn 0.9321 0.0109 -0.3620
vn 0.9178 0.0000 -0.3970
vn 0.8649 0.0000 -0.5019
vn 0.7363 0.0000 -0.6767
vn 0.6505 0.0000 -0.7595
vn 0.6505 0.0000 -0.7595
vn 0.5177 0.0000 -0.8555
vn 0.5177 0.0000 -0.8555
vn 0.4154 0.0000 -0.9096
vn 0.3711 0.0106 -0.9285
vn 0.3395 0.0000 -0.9406
vn 0.2145 0.0000 -0.9767
vn 0.2145 0.0000 -0.9767
vn 0.0879 0.0000 -0.9961
vn 0.0521 0.0108 -0.9986
vn 0.0060 0.0000 -1.0000
vn -0.0528 -0.0000 -0.9986
vn -0.0814 0.0047 -0.9967
vn -0.1286 -0.0051 -0.9917
vn -0.1628 0.0010 -0.9867
vn -0.1868 -0.0000 -0.9824
vn -0.2350 -0.0000 -0.9720
vn -0.2420 -0.0020 -0.9703
vn -0.3139 0.0015 -0.9495
vn -0.3207 0.0000 -0.9472
vn -0.3761 -0.0000 -0.9266
vn -0.4259 0.0098 -0.9047
vn -0.4508 0.0000 -0.8926
vn -0.5679 -0.0000 -0.8231
vn -0.5679 0.0000 -0.8231
vn -0.6647 -0.0000 -0.7471
vn -0.6947 0.0110 -0.7192
vn -0.7236 -0.0000 -0.6902
vn -0.8029 -0.0000 -0.5961
vn 0.8028 -0.0000 0.5962
vn 0.9843 -0.0488 0.1694
vn 0.8894 0.0107 0.4570
vn 0.8764 -0.0000 0.4815
vn 0.8764 0.0000 0.4815
vn 0.0571 -0.0000 0.9984
vn 0.1496 0.0078 0.9887
vn 0.0287 0.0000 0.9996
vn 0.0570 0.0000 0.9984
vn 0.0856 0.0038 0.9963
vn 0.1287 -0.0051 0.9917
vn 0.0899 -0.0120 0.9959
vn 0.1418 -0.0133 0.9898
vn 0.4460 -0.0120 0.8950
vn 0.2426 -0.0022 0.9701
vn 0.2534 0.0012 0.9674
vn 0.3232 -0.0107 0.9463
vn 0.3782 -0.0091 0.9257
vn 0.4075 -0.0020 0.9132
vn 0.4527 -0.0198 0.8914
vn 0.5951 -0.0213 0.8033
vn 0.5680 -0.0071 0.8230
vn 0.6205 0.0000 0.7842
vn 0.6654 0.0000 0.7465
vn 0.6947 0.0109 0.7192
vn 0.7243 0.0000 0.6895
vn 0.8028 0.0000 0.5962
vn -0.9238 0.0100 -0.3827
vn -0.9008 0.0000 -0.4341
vn -0.3827 0.0000 0.9239
vn -0.3827 -0.0000 0.9239
vn -0.3827 0.0000 0.9239
vn -0.3827 0.0000 0.9239
vn 0.9239 -0.0000 0.3827
vn 0.9239 0.0000 0.3827
vn 0.0561 0.0000 0.9984
vn 0.0561 -0.0000 0.9984
vn 0.0561 0.0000 0.9984
vn -0.0668 0.0000 -0.9978
vn 0.0465 0.2613 -0.9641
vn -0.3505 -0.0000 -0.9366
vn 0.3631 0.0000 -0.9317
vn 0.3847 -0.0116 -0.9230
vn 0.2824 -0.0156 -0.9592
vn 0.2501 0.0000 -0.9682
vn 0.9854 0.0000 -0.1704
vn 0.8587 0.1602 -0.4867
vn 0.4347 0.0678 -0.8980
vn 0.9996 -0.0138 -0.0255
vn 0.9971 0.0245 0.0719
vn 0.8021 -0.0349 0.5961
vn 0.7017 0.0347 0.7116
vn 0.5471 0.0286 0.8366
vn 0.4026 -0.0539 0.9138
vn 0.4371 -0.0551 0.8977
vn 0.6508 0.0000 0.7592
vn 0.7457 -0.0000 0.6663
vn 0.7792 -0.0252 0.6263
vn 0.7884 -0.0107 0.6151
vn -0.6918 -0.0000 -0.7220
vn -0.7101 -0.0612 -0.7015
vn -0.6036 0.0348 -0.7965
vn -0.6318 0.0342 -0.7744
vn -0.5799 -0.0165 -0.8145
vn 0.1529 -0.0028 -0.9882
vn 0.1471 0.0007 -0.9891
vn 0.1289 -0.0006 -0.9917
vn 0.6508 -0.1200 -0.7497
vn 0.9034 -0.0039 -0.4289
vn 0.8831 -0.0039 -0.4691
vn 0.8817 -0.0023 -0.4718
vn 0.9307 0.0022 0.3657
vn 0.9152 -0.0239 0.4024
vn 0.3916 -0.0171 -0.9200
vn 0.3631 0.0000 -0.9318
vn 0.8705 0.0000 -0.4921
vn 0.8705 0.0000 -0.4921
vn 0.9834 0.0000 -0.1817
vn 0.9834 0.0000 -0.1817
vn 0.9984 0.0000 -0.0561
vn 0.9984 -0.0000 -0.0561
vn 0.9984 0.0000 -0.0561
vn -0.9998 0.0000 -0.0215
vn -0.9730 0.2019 -0.1114
vn -0.9880 0.0617 0.1417
vn -0.9961 0.0656 0.0594
vn -0.9944 -0.0327 -0.1002
vn -0.7073 -0.0360 -0.7060
vn -0.7373 -0.0044 -0.6756
vn -0.0169 -0.0092 -0.9998
vn 0.0030 -0.0224 -0.9997
vn 0.6663 0.0000 -0.7457
vn 0.6268 -0.0249 -0.7788
vn 0.6133 -0.0052 -0.7898
vn -0.7297 0.0001 0.6837
vn -0.7074 -0.0701 0.7034
vn -0.8028 0.0372 0.5950
vn -0.2924 0.0429 0.9553
vn -0.5741 -0.0572 0.8168
vn -0.9797 0.0734 0.1865
vn -0.9994 -0.0119 -0.0320
vn -0.9976 -0.0123 -0.0678
vn -0.9926 -0.0350 -0.1161
vn -0.7439 -0.0347 -0.6674
vn -0.7691 -0.0104 -0.6390
vn -0.2968 -0.0090 -0.9549
vn -0.2848 -0.0158 -0.9585
vn 0.1439 -0.0573 -0.9879
vn 0.2666 0.0047 -0.9638
vn -0.3313 0.7071 -0.6247
vn -0.4486 0.7005 -0.5550
vn -0.5917 0.7052 0.3906
vn -0.5308 0.7076 0.4664
vn -0.6640 0.4986 0.5572
vn -0.4160 0.7885 0.4530
vn 0.5351 0.6611 0.5260
vn 0.6103 0.7225 0.3249
vn -0.5326 0.6580 0.5323
vn -0.6617 0.7377 0.1337
vn -0.1377 0.7066 0.6941
vn -0.0616 0.7066 0.7049
vn 0.3576 0.8425 0.4029
vn 0.6778 0.7071 -0.2014
vn 0.3364 0.6863 0.6448
vn 0.5881 0.7077 0.3915
vn 0.5428 0.7054 0.4558
vn 0.5420 0.7066 0.4549
vn 0.6484 0.7593 0.0556
vn 0.8011 0.5773 0.1580
vn 0.6286 0.7252 -0.2811
vn 0.4676 0.6981 -0.5422
vn 0.3313 0.7071 -0.6247
vn 0.3313 0.7071 -0.6247
vn 0.3589 0.5985 0.7162
vn 0.5264 0.7649 0.3712
vn 0.7049 0.7066 0.0616
vn 0.6892 0.6807 -0.2484
vn 0.7032 0.6535 0.2799
vn 0.6952 0.7163 -0.0595
vn 0.3313 0.7071 0.6247
vn 0.3313 0.7071 0.6247
vn 0.4369 0.7018 0.5627
vn 0.5514 0.7834 0.2869
vn 0.6884 0.7103 0.1471
vn 0.6617 0.7468 -0.0668
vn 0.6154 0.7815 -0.1027
vn 0.5913 0.7052 -0.3911
vn 0.5410 0.7077 -0.4544
vn 0.5420 0.7066 -0.4549
vn 0.3430 0.6877 -0.6398
vn -0.3363 0.8277 -0.4493
vn 0.3945 0.9137 0.0975
vn 0.3574 0.8277 -0.4327
vn 0.0950 0.8631 -0.4959
vn -0.0614 0.7066 -0.7050
vn -0.1375 0.7066 -0.6941
vn -0.7661 0.6366 -0.0883
vn -0.5774 0.6807 -0.4509
vn 0.6247 0.7071 -0.3313
vn 0.5494 0.6995 -0.4570
vn -0.6155 0.2959 -0.7305
vn -0.1938 0.9665 -0.1683
vn -0.2497 0.9615 -0.1149
vn -0.6301 0.5241 -0.5730
vn -0.5474 0.7755 0.3146
vn -0.4795 0.6791 0.5558
vn -0.3249 0.7225 0.6103
vn 0.1709 0.7930 -0.5847
vn -0.5327 0.7583 -0.3757
vn -0.4178 0.6755 -0.6075
vn -0.1479 0.7673 -0.6240
vn -0.6934 0.7064 -0.1421
vn -0.7051 0.7066 -0.0601
vn -0.5308 0.8472 -0.0245
vn -0.4787 0.8778 0.0198
vn -0.7052 0.7065 0.0597
vn -0.6924 0.7063 0.1472
vn -0.6786 0.3910 0.6218
vn 0.1724 0.7914 0.5865
vn -0.8716 -0.0189 -0.4899
vn -0.8907 0.0000 -0.4546
vn 0.0902 0.0000 -0.9959
vn -0.0530 0.0433 -0.9977
vn -0.5845 0.0038 -0.8114
vn -0.5761 0.0000 -0.8173
vn -0.0561 0.0000 -0.9984
vn -0.0561 -0.0000 -0.9984
vn -0.0561 0.0000 -0.9984
vn 0.0668 0.0000 0.9978
vn 0.0668 -0.0000 0.9978
vn 0.0668 0.0000 0.9978
vn -0.5567 -0.0237 0.8304
vn -0.2679 -0.0158 0.9633
vn -0.2445 0.0000 0.9697
vn -0.5591 -0.0222 0.8288
vn -0.9869 0.0286 0.1588
vn -0.9993 -0.0349 -0.0143
vn -0.9993 -0.0354 0.0075
vn -0.9993 -0.0217 0.0314
vn -0.7457 0.0000 -0.6663
vn -0.7543 -0.0063 -0.6565
vn -0.7581 0.0000 -0.6521
vn 0.7528 -0.0000 0.6583
vn 0.7528 -0.0000 0.6583
vn 0.7528 0.0000 0.6583
vn 0.5082 0.0000 0.8612
vn 0.4732 -0.0168 0.8808
vn 0.1824 -0.0210 0.9830
vn 0.1970 -0.0133 0.9803
vn -0.1850 -0.0048 0.9827
vn -0.1767 0.0000 0.9843
vn -0.6822 0.0000 0.7312
vn -0.7115 -0.0189 0.7024
vn -0.9927 -0.0145 0.1196
vn -0.9919 -0.0104 0.1262
vn -0.9988 -0.0090 -0.0483
vn -0.9996 0.0000 -0.0296
vn -0.9984 0.0000 0.0561
vn -0.9896 -0.0399 0.1383
vn -0.9869 -0.0213 0.1602
vn 0.9978 0.0000 -0.0668
vn 0.9978 -0.0000 -0.0668
vn 0.9978 0.0000 -0.0668
vn 0.9967 0.0000 0.0814
vn 0.9967 0.0000 0.0814
vn 0.7308 0.0000 0.6826
vn 0.6987 -0.0295 0.7148
vn 0.4343 -0.0471 0.8995
vn 0.4041 -0.0334 0.9141
vn -0.0477 -0.0478 0.9977
vn -0.1683 0.0047 0.9857
vn -0.4652 -0.0147 0.8851
vn -0.5355 0.0195 0.8443
vn -0.8428 0.0152 0.5380
vn -0.8779 -0.0185 0.4785
vn -0.9925 -0.0172 0.1209
vn -0.9936 -0.0207 0.1108
vn -0.6663 0.0000 0.7457
vn -0.6663 -0.0000 0.7457
vn -0.6663 0.0000 0.7457
vn 0.7014 0.0000 -0.7128
vn 0.6895 -0.0435 -0.7230
vn 0.7184 -0.0054 -0.6956
vn -0.3321 0.0000 0.9432
vn 0.9129 -0.0240 -0.4075
vn 0.8986 0.0000 -0.4387
vn 0.8725 0.0000 0.4886
vn 0.8962 0.0214 0.4432
vn 0.9335 0.0153 0.3583
vn 0.8486 -0.0494 0.5268
vn 0.2012 0.0891 0.9755
vn -0.1405 -0.0444 0.9891
vn 0.1153 -0.0361 0.9927
vn 0.1693 -0.0063 0.9855
vn -0.3862 -0.0266 0.9220
vn 0.0000 -1.0000 0.0000
vn 0.0000 -1.0000 0.0000
vn 0.0000 -1.0000 -0.0000
vn 0.0000 -1.0000 0.0000
vn 0.0000 -1.0000 0.0000
vn -0.0204 -0.9978 -0.0633
vn 0.0324 -0.9983 0.0494
vn -0.0002 -1.0000 0.0003
vn -0.0002 -1.0000 -0.0000
vn 0.0334 -0.9981 -0.0522
vn -0.0001 -1.0000 0.0001
vn 0.0006 -1.0000 -0.0001
vn -0.0013 -1.0000 -0.0004
vn 0.0001 -1.0000 -0.0001
vn 0.0002 -1.0000 0.0001
vn 0.0001 -1.0000 -0.0002
vn 0.0003 -1.0000 -0.0005
vn -0.0000 -1.0000 -0.0002
vn -0.0002 -1.0000 -0.0001
vn -0.0004 -1.0000 0.0003
vn 0.0001 -1.0000 -0.0000
vn 0.0001 -1.0000 0.0003
vn 0.0003 -1.0000 0.0000
vn 0.0000 -1.0000 0.0000
vn 0.0004 -1.0000 0.0001
vn 0.0003 -1.0000 -0.0000
vn 0.0003 -1.0000 0.0000
vn 0.0000 -1.0000 0.0000
vn -0.0007 -1.0000 -0.0002
vn 0.0007 -1.0000 -0.0007
vn 0.0003 -1.0000 -0.0007
vn 0.0001 -1.0000 -0.0014
vn -0.0001 -1.0000 -0.0014
vn -0.0002 -1.0000 -0.0006
vn 0.0002 -1.0000 0.0000
vn 0.0000 -1.0000 0.0000
vn 0.0000 -1.0000 0.0000
vn 0.0000 -1.0000 -0.0000
vn -0.0000 1.0000 -0.0000
vn -0.0000 -1.0000 0.0000
vn -0.0000 -1.0000 0.0001
vn 0.0000 -1.0000 0.0000
vn 0.0005 -1.0000 0.0003
vn -0.0000 -1.0000 -0.0002
vn 0.0000 -1.0000 0.0001
vn 0.0000 -1.0000 -0.0000
vn 0.0148 -0.9999 0.0017
vn 0.0025 -1.0000 -0.0000
vn -0.0004 -1.0000 -0.0004
vn 0.0013 1.0000 -0.0033
vn -0.0001 -1.0000 -0.0000
vn -0.0012 -1.0000 0.0030
vn 0.0000 -1.0000 -0.0003
vn -0.0001 -1.0000 -0.0003
vn -0.0000 -1.0000 -0.0003
vn 0.0005 -1.0000 0.0007
vn 0.0003 -1.0000 0.0002
vn 0.0004 -1.0000 -0.0000
vn 0.0003 -1.0000 -0.0001
vn 0.0003 -1.0000 -0.0001
vn 0.0003 -1.0000 -0.0001
vn 0.0003 -1.0000 -0.0001
vn 0.0001 -1.0000 -0.0001
vn 0.0002 -1.0000 -0.0000
vn 0.0004 -1.0000 -0.0001
vn 0.0000 -1.0000 -0.0001
vn 0.0001 -1.0000 0.0000
vn 0.0000 -1.0000 0.0001
vn -0.0013 -1.0000 0.0005
vn -0.0012 -1.0000 0.0005
vn 0.0014 -1.0000 0.0013
vn 0.0013 -1.0000 0.0013
vn 0.0000 -1.0000 0.0001
vn 0.0004 -1.0000 0.0021
vn 0.0023 -1.0000 0.0020
vn 0.0003 -1.0000 0.0010
vn 0.0020 -1.0000 0.0001
vn -0.0000 -1.0000 0.0001
vn -0.0000 -1.0000 0.0000
vn 0.0000 -1.0000 0.0000
vn 0.0000 -1.0000 0.0000
vn -0.0004 -1.0000 -0.0000
vn -0.0000 -1.0000 -0.0000
vn 0.0000 -1.0000 0.0000
vn 0.0000 -1.0000 0.0000
vn -0.0006 -1.0000 -0.0002
vn 0.0002 -1.0000 0.0001
vn -0.0083 -1.0000 -0.0036
vn -0.0016 -1.0000 -0.0006
vn 0.0000 -1.0000 -0.0000
vn 0.0000 -1.0000 0.0000
vn 0.0000 -1.0000 0.0000
vn 0.0000 -1.0000 -0.0000
vn -0.0009 -1.0000 0.0023
vn 0.0010 -1.0000 -0.0024
vn 0.0007 -1.0000 -0.0017
vn -0.0003 -1.0000 -0.0005
vn -0.0008 -1.0000 -0.0003
vn -0.0001 -1.0000 0.0003
vn 0.0003 -1.0000 -0.0001
vn 0.0005 -1.0000 -0.0002
vn 0.0000 -1.0000 -0.0000
vn -0.0001 -1.0000 -0.0003
vn 0.0000 -1.0000 0.0000
vn -0.0005 -1.0000 -0.0000
vn -0.0000 -1.0000 0.0005
vn -0.0000 -1.0000 -0.0000
vn -0.0000 -1.0000 -0.0000
vn 0.0001 -1.0000 -0.0000
vn 0.0000 -1.0000 -0.0001
vn -0.0002 -1.0000 -0.0001
vn -0.0000 -1.0000 0.0000
vn -0.0005 -1.0000 0.0003
vn -0.0006 -1.0000 -0.0005
vn -0.0006 -1.0000 -0.0004
vn -0.0004 -1.0000 0.0001
vn -0.0005 -1.0000 0.0006
vn -0.0000 -1.0000 -0.0000
vn 0.0000 -1.0000 -0.0002
vn -0.0000 -1.0000 -0.0001
vn 0.0002 -1.0000 -0.0004
vn -0.0000 -1.0000 -0.0004
vn 0.0001 -1.0000 -0.0002
vn 0.0002 -1.0000 -0.0004
vn 0.0003 -1.0000 -0.0006
vn 0.0003 -1.0000 -0.0002
vn 0.0004 -1.0000 -0.0004
vn 0.0042 -1.0000 -0.0063
vn 0.0000 -1.0000 0.0001
vn 0.0021 -1.0000 -0.0050
vn -0.0018 -1.0000 0.0042
vn 0.0000 -1.0000 0.0000
vn -0.0004 -1.0000 0.0000
vn -0.0001 -1.0000 -0.0008
vn -0.0002 -1.0000 0.0005
vn -0.0001 -1.0000 -0.0001
vn -0.0006 -1.0000 0.0002
vn -0.0000 -1.0000 -0.0000
vn 0.0002 -1.0000 0.0003
vn -0.0000 -1.0000 -0.0002
vn 0.0001 -1.0000 -0.0005
vn 0.0000 -1.0000 -0.0004
vn 0.0005 -1.0000 -0.0003
vn -0.0000 -1.0000 -0.0001
vn 0.0001 -1.0000 0.0001
vn -0.0000 -1.0000 0.0001
vn -0.0003 -1.0000 -0.0004
vn 0.0000 -1.0000 -0.0001
vn 0.0000 -1.0000 -0.0001
vn -0.0654 -0.9973 0.0347
vn -0.0373 -0.9973 0.0628
vn -0.0408 -0.9989 0.0217
vn -0.0005 -1.0000 -0.0004
vn -0.0319 -0.9994 0.0163
vn 0.0067 -0.9980 0.0623
vn -0.0641 -0.9979 0.0035
vn -0.0603 -0.9981 0.0114
vn -0.0612 -0.9977 -0.0274
vn -0.0422 -0.9930 0.1103
vn 0.1615 -0.9859 0.0434
vn -0.0001 -1.0000 -0.0004
vn -0.0001 -1.0000 -0.0004
vn -0.0001 -1.0000 -0.0004
vn -0.0001 -1.0000 -0.0004
vn 0.0002 -1.0000 -0.0007
vn -0.0001 -1.0000 -0.0003
vn -0.0002 -1.0000 -0.0003
vn -0.0001 -1.0000 -0.0004
vn 0.0060 -0.9999 0.0119
vn 0.0057 -0.9999 0.0126
vn 0.0050 -0.9999 0.0133
vn -0.0026 -0.9999 0.0126
vn -0.0003 -1.0000 -0.0009
vn -0.0003 -1.0000 -0.0009
vn -0.0005 -1.0000 -0.0001
vn -0.0002 -1.0000 0.0002
vn -0.0007 -1.0000 0.0001
vn -0.0005 -1.0000 0.0003
vn -0.0004 -1.0000 0.0005
vn -0.0000 -1.0000 0.0000
vn 0.0000 -1.0000 0.0000
vn 0.0230 -0.9997 0.0048
vn 0.0492 -0.9962 0.0723
vn 0.0459 -0.9978 0.0482
vn -0.0002 -1.0000 0.0000
vn 0.0002 -1.0000 0.0005
vn 0.0135 -0.9996 -0.0260
vn -0.0000 -1.0000 -0.0001
vn -0.0006 -1.0000 0.0001
vn -0.0001 -1.0000 0.0000
vn 0.0006 -1.0000 0.0001
vn -0.0002 -1.0000 -0.0003
vn -0.0000 -1.0000 -0.0006
vn -0.0003 -1.0000 -0.0004
vn -0.0003 -1.0000 -0.0004
vn -0.0003 -1.0000 -0.0002
vn 0.0000 -1.0000 0.0002
vn -0.0000 -1.0000 -0.0003
vn -0.0005 -1.0000 -0.0001
vn 0.0008 -1.0000 -0.0000
vn -0.0000 -1.0000 -0.0002
vn -0.0009 -1.0000 0.0024
vn -0.0005 -1.0000 0.0012
vn -0.0000 -1.0000 -0.0003
vn -0.0001 -1.0000 -0.0001
vn 0.0597 -0.9981 0.0152
vn -0.0003 -1.0000 -0.0006
vn -0.0004 -1.0000 0.0003
vn -0.0003 -1.0000 0.0001
vn -0.0000 -1.0000 -0.0000
vn -0.0000 -1.0000 -0.0003
vn -0.0000 -1.0000 -0.0000
vn -0.0002 -1.0000 -0.0003
vn 0.0000 -1.0000 0.0000
vn 0.0000 -1.0000 0.0000
vn 0.0009 -1.0000 -0.0002
vn 0.0001 -1.0000 -0.0003
vn 0.0003 -1.0000 0.0001
vn -0.0005 -1.0000 0.0002
vn 0.0000 -1.0000 0.0005
vn -0.0003 -1.0000 0.0001
vn 0.0006 -1.0000 0.0001
vn 0.0000 -1.0000 -0.0000
vn 0.0001 -1.0000 -0.0000
vn 0.0000 -1.0000 0.0000
vn 0.0000 -1.0000 0.0000
vn 0.0000 -1.0000 0.0000
vn 0.0003 -1.0000 0.0002
vn 0.0003 -1.0000 0.0002
vn -0.0002 -1.0000 -0.0003
vn 0.0000 -1.0000 0.0000
vn 0.0000 -1.0000 0.0000
vn -0.0000 -1.0000 0.0000
vn 0.0000 -1.0000 -0.0000
vn 0.0002 -1.0000 0.0001
vn 0.0006 -1.0000 -0.0001
vn 0.0003 -1.0000 -0.0001
vn 0.0003 -1.0000 -0.0001
vn -0.0008 -1.0000 0.0004
vn -0.0004 -1.0000 0.0004
vn 0.0000 -1.0000 0.0000
vn -0.0001 -1.0000 -0.0005
vn -0.0004 -1.0000 0.0004
vn 0.0001 -1.0000 0.0005
vn -0.0005 -1.0000 -0.0001
vn 0.0005 -1.0000 0.0004
vn -0.0001 -1.0000 -0.0001
vn -0.0000 -1.0000 -0.0002
vn -0.0006 -1.0000 0.0001
vn -0.0001 -1.0000 -0.0000
vn 0.0004 -1.0000 0.0003
vn 0.0000 -1.0000 0.0000
vn 0.0000 -1.0000 0.0000
vn 0.0001 -1.0000 -0.0006
vn -0.0000 -1.0000 -0.0000
vn -0.0000 -1.0000 -0.0000
vn 0.0000 -1.0000 0.0000
vn -0.0004 -1.0000 -0.0003
vn -0.0000 -1.0000 0.0000
vn 0.0002 -1.0000 -0.0007
vn -0.0003 -1.0000 0.0000
vn 0.0005 -1.0000 0.0013
vn 0.0001 -1.0000 0.0003
vn 0.0167 -0.9993 0.0339
vn 0.0268 -0.9992 0.0286
vn 0.0001 -1.0000 -0.0006
vn 0.0002 -1.0000 -0.0006
vn -0.0000 -1.0000 -0.0002
vn 0.0001 -1.0000 -0.0002
vn -0.0002 -1.0000 0.0010
vn 0.0194 -0.9959 -0.0882
vn -0.1227 -0.9890 0.0822
vn 0.0000 -1.0000 0.0000
vn 0.0000 -1.0000 0.0000
vn 0.0000 -1.0000 0.0000
vn 0.0014 -1.0000 -0.0042
vn -0.0606 -0.9812 0.1831
vn 0.0015 -0.9987 0.0518
vn -0.0005 -1.0000 0.0000
vn -0.0004 -1.0000 0.0001
vn -0.0004 -1.0000 0.0001
vn -0.0002 -1.0000 0.0003
vn -0.0002 -1.0000 0.0000
vn -0.0008 -1.0000 -0.0001
vn -0.0011 -1.0000 -0.0003
vn -0.0001 -1.0000 0.0001
vn -0.0001 -1.0000 0.0001
vn -0.0001 -1.0000 0.0000
vn -0.0001 -1.0000 0.0000
vn -0.0001 -1.0000 0.0003
vn 0.0005 -1.0000 0.0003
vn 0.0048 -1.0000 0.0020
vn -0.0133 0.9999 -0.0058
vn -0.0012 -1.0000 -0.0003
vn 0.0001 -1.0000 0.0004
vn -0.0001 -1.0000 0.0001
vn 0.0010 -1.0000 0.0003
vn 0.0016 -1.0000 0.0001
vn -0.0001 -1.0000 0.0000
vn 0.0701 -0.9974 0.0160
vn -0.0012 -1.0000 0.0006
vn 0.0000 -1.0000 0.0000
vn -0.2083 -0.9760 0.0632
vn -0.2774 -0.9578 0.0752
vn 0.0063 -0.9995 0.0323
vn -0.0311 -0.9994 0.0121
vn 0.0076 -0.9983 -0.0577
vn -0.0002 -1.0000 0.0012
vn -0.0004 -1.0000 0.0002
vn -0.0003 -1.0000 0.0000
vn -0.0003 -1.0000 -0.0003
vn 0.0002 -1.0000 -0.0003
vn -0.0005 -1.0000 0.0002
vn -0.0004 -1.0000 0.0003
vn -0.0006 -1.0000 0.0010
vn -0.0002 -1.0000 0.0000
vn -0.0003 -1.0000 0.0002
vn 0.0003 -1.0000 -0.0006
vn -0.0011 -1.0000 0.0020
vn 0.0011 -1.0000 -0.0016
vn -0.0003 -1.0000 0.0006
vn 0.0002 -1.0000 0.0001
vn -0.0006 -1.0000 0.0013
vn 0.0061 -1.0000 0.0011
vn 0.0093 -0.9999 -0.0109
vn 0.0001 -1.0000 -0.0001
vn -0.0002 -1.0000 0.0002
vn -0.0000 -1.0000 0.0002
vn -0.0003 -1.0000 0.0006
vn -0.0003 -1.0000 0.0005
vn -0.0002 -1.0000 0.0003
vn -0.0001 -1.0000 0.0005
vn -0.0002 -1.0000 0.0006
vn -0.0002 -1.0000 0.0006
vn -0.0304 -0.9977 -0.0602
vn -0.4479 -0.8686 -0.2119
vn 0.3438 0.9249 0.1626
vn 0.0001 -1.0000 0.0003
vn 0.0002 -1.0000 0.0005
vn 0.0002 -1.0000 -0.0006
vn 0.0001 -1.0000 -0.0001
vn 0.0049 -0.9981 -0.0608
vn -0.0133 -0.9998 -0.0173
vn -0.0172 -0.9998 -0.0109
vn -0.0092 -0.9998 -0.0183
vn 0.0001 -1.0000 0.0001
vn -0.0013 -1.0000 0.0009
vn -0.0004 -1.0000 0.0004
vn -0.0001 -1.0000 0.0005
vn 0.0578 -0.9925 -0.1073
vn -0.0288 -0.9989 -0.0356
vn -0.0450 -0.9987 -0.0233
vn -0.0291 -0.9992 -0.0258
vn -0.0003 -1.0000 -0.0000
vn 0.0027 -1.0000 -0.0072
vn 0.0002 -1.0000 -0.0003
vn 0.0000 -1.0000 -0.0000
vn 0.0000 -1.0000 -0.0000
vn 0.0004 -1.0000 0.0006
vn 0.0001 -1.0000 0.0002
vn -0.0001 -1.0000 -0.0002
vn -0.0002 -1.0000 -0.0005
vn -0.0028 -1.0000 0.0057
vn -0.0003 -1.0000 0.0005
vn 0.0000 -1.0000 0.0001
vn 0.0000 -1.0000 0.0001
vn 0.0000 -1.0000 0.0000
vn 0.0000 -1.0000 0.0000
vn 0.0001 -1.0000 0.0001
vn 0.0003 -1.0000 -0.0000
vn 0.0000 -1.0000 -0.0001
vn 0.0001 -1.0000 -0.0006
vn -0.0001 -1.0000 -0.0001
vn -0.0002 -1.0000 0.0004
vn 0.0004 -1.0000 0.0005
vn 0.0000 -1.0000 0.0002
vn 0.0002 -1.0000 -0.0002
vn 0.0000 -1.0000 -0.0000
vn 0.0000 -1.0000 0.0000
vn 0.0000 -1.0000 0.0000
vn 0.0001 -1.0000 0.0002
vn 0.0001 -1.0000 0.0002
vn 0.0001 -1.0000 0.0002
vn 0.0002 -1.0000 0.0001
vn 0.0001 -1.0000 0.0001
vn 0.0002 -1.0000 -0.0002
vn -0.0001 -1.0000 -0.0004
vn -0.0002 -1.0000 -0.0000
vn 0.0003 -1.0000 -0.0000
vn -0.0000 -1.0000 0.0002
vn 0.0000 -1.0000 0.0002
vn -0.0005 -1.0000 0.0002
vn 0.0003 -1.0000 0.0004
vn -0.0000 -1.0000 0.0002
vn -0.0004 -1.0000 -0.0003
vn -0.0004 -1.0000 0.0004
vn -0.0005 -1.0000 0.0015
vn 0.0000 -1.0000 0.0005
vn 0.0002 -1.0000 0.0003
vn 0.0002 -1.0000 0.0004
vn 0.0002 -1.0000 0.0003
vn 0.0003 -1.0000 0.0004
vn 0.0035 -1.0000 0.0029
vn -0.0004 -1.0000 0.0002
vn -0.0000 -1.0000 0.0000
vn -0.0001 -1.0000 0.0000
vn 0.0000 -1.0000 0.0001
vn 0.0000 -1.0000 0.0000
vn 0.0000 -1.0000 0.0000
vn 0.0000 -1.0000 0.0000
vn -0.0005 -1.0000 0.0002
vn -0.0007 -1.0000 0.0002
vn -0.0004 -1.0000 0.0005
vn -0.0009 -1.0000 0.0005
vn 0.0013 -1.0000 0.0013
vn -0.0001 -1.0000 0.0001
vn 0.0008 -1.0000 0.0003
vn 0.0002 -1.0000 0.0001
vn 0.0002 -1.0000 -0.0001
vn 0.0000 -1.0000 -0.0000
vn 0.0000 -1.0000 0.0000
vn 0.0000 -1.0000 0.0000
vn 0.0000 -1.0000 -0.0000
vn 0.0000 -1.0000 -0.0000
vn -0.0000 -1.0000 0.0000
vn 0.0000 -1.0000 0.0001
vn 0.0002 -1.0000 0.0001
vn 0.0001 -1.0000 0.0001
vn -0.0000 -1.0000 -0.0000
vn -0.0000 -1.0000 0.0000
vn -0.0004 -1.0000 -0.0005
vn -0.0003 -1.0000 -0.0001
vn -0.0000 -1.0000 0.0002
vn 0.0002 -1.0000 0.0005
vn 0.0002 -1.0000 0.0004
vn 0.0002 -1.0000 0.0002
vn 0.0002 -1.0000 0.0002
vn 0.0002 -1.0000 0.0001
vn 0.0002 -1.0000 0.0002
vn 0.0002 -1.0000 -0.0002
vn -0.0002 -1.0000 0.0001
vn -0.0001 -1.0000 0.0000
vn 0.0002 -1.0000 -0.0001
vn -0.0001 -1.0000 -0.0001
vn -0.0004 -1.0000 -0.0007
vn -0.0003 -1.0000 -0.0001
vn -0.0003 -1.0000 -0.0002
vn -0.0002 -1.0000 0.0006
vn -0.0000 -1.0000 0.0000
vn 0.0002 -1.0000 0.0001
vn 0.0001 -1.0000 -0.0000
vn -0.0001 -1.0000 0.0000
vn 0.0000 -1.0000 -0.0000
vn -0.0000 -1.0000 0.0000
vn 0.0000 -1.0000 0.0000
vn 0.0000 -1.0000 0.0005
vn 0.0096 -0.9997 -0.0228
vn -0.0003 -1.0000 0.0004
vn -0.0000 -1.0000 0.0000
vn 0.0000 -1.0000 -0.0000
vn 0.0019 -1.0000 0.0008
vn 0.0000 -1.0000 0.0000
vn 0.0000 -1.0000 0.0000
vn 0.0000 -1.0000 0.0000
vn 0.0000 -1.0000 0.0000
vn 0.0000 -1.0000 0.0000
vn 0.0000 -1.0000 -0.0000
vn 0.0000 -1.0000 0.0000
vn 0.0003 -1.0000 0.0000
vn -0.0000 -1.0000 0.0000
vn -0.0000 -1.0000 0.0000
vn 0.0003 -1.0000 -0.0000
vn 0.0003 -1.0000 0.0001
vn 0.0000 -1.0000 0.0000
vn 0.0000 -1.0000 -0.0000
vn 0.0000 -1.0000 0.0000
vn 0.0000 -1.0000 0.0000
vn 0.0000 1.0000 0.0000
vn 0.0000 -1.0000 0.0000
vn -0.0001 -1.0000 0.0002
vn -0.0001 -1.0000 0.0002
vn 0.0002 -1.0000 0.0003
vn 0.0000 -1.0000 -0.0000
vn -0.0000 -1.0000 0.0000
vn 0.0000 -1.0000 0.0000
vn 0.0005 -1.0000 0.0002
vn 0.0003 -1.0000 0.0002
vn 0.0000 -1.0000 0.0000
vn 0.0000 -1.0000 0.0000
vn -0.0000 -1.0000 0.0000
vn 0.0000 -1.0000 -0.0000
vn 0.0022 -1.0000 0.0009
vn 0.0023 -1.0000 0.0010
vn 0.0022 -1.0000 0.0002
vn 0.0026 -1.0000 -0.0007
vn 0.0019 -1.0000 -0.0022
vn 0.0025 -1.0000 -0.0065
vn 0.0071 -1.0000 -0.0016
vn -0.0250 -0.9971 0.0717
vn -0.0398 -0.9971 0.0645
vn 0.0000 -1.0000 0.0000
vn -0.0003 -1.0000 -0.0004
vn -0.0001 -1.0000 -0.0000
vn -0.0000 -1.0000 0.0004
vn 0.0004 -1.0000 0.0002
vn 0.0001 -1.0000 0.0002
vn 0.0000 -1.0000 0.0000
vn 0.0000 -1.0000 0.0000
vn 0.0000 -1.0000 0.0000
vn 0.0000 -1.0000 -0.0000
vn 0.0000 -1.0000 0.0000
vn -0.0000 -1.0000 0.0000
vn -0.0003 -1.0000 -0.0001
vn 0.0000 -1.0000 0.0000
vn 0.0000 -1.0000 0.0000
vn 0.0000 -1.0000 -0.0000
vn 0.0000 -1.0000 0.0000
vn -0.0288 -0.9980 0.0570
vn -0.0265 -0.9980 0.0582
vn -0.1378 -0.9880 -0.0692
vn 0.0515 -0.9969 0.0599
vn 0.0000 -1.0000 0.0000
vn 0.0000 -1.0000 0.0000
vn 0.0000 -1.0000 0.0000
vn 0.0000 -1.0000 0.0000
vn 0.0000 -1.0000 0.0000
vn 0.0000 -1.0000 -0.0000
vn -0.0000 -1.0000 0.0000
vn 0.0000 -1.0000 0.0000
vn 0.0000 -1.0000 0.0000
vn 0.0000 -1.0000 0.0000
vn 0.0002 -1.0000 -0.0003
vn -0.0007 -1.0000 -0.0005
vn -0.0001 -1.0000 -0.0002
vn -0.0507 -0.9950 0.0858
vn -0.0226 -0.9995 0.0212
vn -0.0189 -0.9998 0.0033
vn 0.0000 -1.0000 -0.0001
vn -0.0486 -0.9952 0.0848
vn 0.0267 -0.9899 0.1390
vn 0.1731 -0.9788 -0.1096
vn -0.0004 -1.0000 0.0002
vn 0.0000 -1.0000 0.0000
vn -0.0107 -0.9999 0.0088
vn -0.0232 -0.9997 -0.0066
vn -0.0194 -0.9997 0.0117
vn 0.1243 -0.9907 0.0554
vn 0.0000 -1.0000 0.0000
vn 0.0000 -1.0000 0.0000
vn 0.0000 -1.0000 0.0000
vn -0.0000 -1.0000 0.0000
vn 0.0000 -1.0000 -0.0000
vn 0.0000 -1.0000 0.0000
vn 0.0000 -1.0000 -0.0000
vn 0.0000 -1.0000 0.0000
vn 0.0000 -1.0000 0.0000
vn 0.0000 -1.0000 -0.0000
vn -0.0002 -1.0000 0.0004
vn -0.0004 -1.0000 0.0000
vn -0.0000 -1.0000 0.0000
vn -0.0000 -1.0000 0.0000
vn -0.0000 -1.0000 0.0000
vn 0.0527 -0.9982 0.0296
vn 0.0361 -0.9988 0.0338
vn 0.0119 -0.9997 0.0202
vn 0.0467 -0.9988 -0.0157
vn -0.0138 -0.9998 0.0139
vn -0.0852 0.9743 0.2086
vn -0.0022 -1.0000 0.0038
vn 0.0000 -1.0000 0.0000
vn 0.0000 -1.0000 0.0000
vn 0.0000 -1.0000 0.0000
vn 0.0000 -1.0000 -0.0000
vn 0.0000 -1.0000 0.0000
vn -0.0000 -1.0000 0.0000
vn 0.0000 -1.0000 0.0000
vn 0.0000 -1.0000 0.0000
vn 0.0000 -1.0000 0.0000
vn -0.0000 -1.0000 0.0000
vn -0.0002 -1.0000 0.0000
vn -0.0000 -1.0000 0.0000
vn 0.0000 -1.0000 0.0000
vn 0.0000 -1.0000 0.0000
vn 0.0000 -1.0000 0.0000
vn -0.0000 -1.0000 0.0000
vn 0.0000 -1.0000 0.0000
vn 0.0000 -1.0000 0.0000
vn -0.0000 -1.0000 0.0000
vn 0.0000 -1.0000 0.0000
vn -0.0000 -1.0000 0.0000
vn 0.0488 -0.9988 0.0003
vn -0.0585 -0.9978 -0.0301
vn -0.0544 -0.9981 0.0292
vn 0.0000 -1.0000 -0.0000
vn 0.0000 -1.0000 -0.0000
vn 0.0000 -1.0000 0.0000
vn -0.0000 -1.0000 0.0000
vn 0.0000 -1.0000 0.0000
vn 0.0003 -1.0000 0.0001
vn 0.0004 -1.0000 -0.0001
vn 0.0270 -0.9973 -0.0686
vn -0.0303 -0.9995 -0.0126
vn -0.0000 -1.0000 0.0000
vn 0.0000 -1.0000 0.0000
vn -0.0000 -1.0000 0.0000
vn 0.0000 -1.0000 0.0000
vn -0.0000 -1.0000 0.0000
vn 0.0000 -1.0000 0.0000
vn -0.0000 -1.0000 0.0000
vn 0.0001 -1.0000 -0.0001
vn 0.6661 0.7067 0.2387
vn 0.6654 0.7075 0.2381
vn 0.6916 0.7050 0.1568
vn 0.7426 0.6434 0.1860
vn 0.6800 0.7262 0.1009
vn 0.7471 0.6621 0.0584
vn 0.7024 0.7110 0.0345
vn 0.7129 0.6997 -0.0478
vn 0.7570 0.6524 -0.0372
vn 0.6649 0.7383 -0.1127
vn 0.6999 0.7067 -0.1038
vn 0.6871 0.7068 -0.1684
vn 0.6790 0.7141 -0.1701
vn 0.6741 0.6946 -0.2513
vn 0.7067 0.6607 -0.2529
vn 0.6075 0.7350 -0.3011
vn 0.6396 0.7067 -0.3025
vn 0.6094 0.7068 -0.3592
vn 0.5980 0.7169 -0.3584
vn 0.5779 0.6896 -0.4364
vn 0.5974 0.6684 -0.4431
vn 0.4976 0.7317 -0.4658
vn 0.5242 0.7067 -0.4752
vn 0.4801 0.7068 -0.5195
vn 0.4666 0.7193 -0.5148
vn 0.4315 0.6851 -0.5869
vn 0.4393 0.6754 -0.5923
vn 0.3442 0.7283 -0.5926
vn 0.3637 0.7067 -0.6069
vn 0.3100 0.7069 -0.6358
vn 0.2961 0.7213 -0.6261
vn 0.2471 0.6808 -0.6895
vn 0.2464 0.6819 -0.6887
vn 0.1597 0.7248 -0.6701
vn 0.1719 0.7067 -0.6863
vn 0.1137 0.7069 -0.6981
vn 0.1014 0.7230 -0.6834
vn 0.0398 0.6769 -0.7350
vn 0.0356 0.6878 -0.7250
vn -0.0403 0.7213 -0.6914
vn -0.0347 0.7067 -0.7067
vn -0.0922 0.7069 -0.7013
vn -0.1012 0.7243 -0.6820
vn -0.1727 0.6733 -0.7189
vn -0.1751 0.6932 -0.6991
vn -0.2391 0.7178 -0.6539
vn -0.2384 0.7067 -0.6662
vn -0.2903 0.7069 -0.6449
vn -0.2944 0.7253 -0.6224
vn -0.3726 0.6700 -0.6421
vn -0.3681 0.6982 -0.6141
vn -0.4196 0.7141 -0.5603
vn -0.4215 0.7067 -0.5683
vn -0.4638 0.7070 -0.5339
vn -0.4619 0.7259 -0.5096
vn -0.5425 0.6671 -0.5106
vn -0.5272 0.7026 -0.4778
vn -0.5756 0.7118 -0.4024
vn -0.6228 0.6315 -0.4619
vn -0.5896 0.7263 -0.3534
vn -0.6678 0.6646 -0.3352
vn -0.6396 0.7067 -0.3025
vn 0.4754 -0.5231 -0.7073
vn 0.4751 -0.5251 -0.7061
vn 0.0000 -1.0000 -0.0000
vn -0.0000 -1.0000 0.0000
vn 0.0000 -1.0000 0.0000
vn 0.0000 -1.0000 -0.0000
vn 0.0000 -1.0000 0.0000
vn 0.0000 -1.0000 0.0000
vn 0.0000 -1.0000 0.0000
vn 0.0000 -1.0000 0.0000
vn 0.0000 -1.0000 0.0000
vn 0.0000 -1.0000 0.0000
vn 0.0000 -1.0000 0.0000
vn 0.0000 -1.0000 -0.0000
vn 0.0000 -1.0000 -0.0000
vn 0.0000 -1.0000 0.0000
vn 0.0000 -1.0000 0.0000
vn 0.0000 -1.0000 0.0000
vn 0.5406 -0.5019 0.6752
vn 0.5405 -0.5008 0.6760
vn 0.7026 -0.7010 -0.1223
vn 0.7035 -0.7072 -0.0705
vn 0.6931 -0.7168 -0.0758
vn 0.7061 -0.6978 -0.1205
vn 0.6878 -0.7102 -0.1500
vn 0.6981 -0.6943 -0.1751
vn 0.6662 -0.7211 -0.1903
vn 0.6476 -0.7212 -0.2459
vn 0.6664 -0.7064 -0.2386
vn 0.6747 -0.7075 -0.2103
vn 0.5342 -0.7078 -0.4623
vn 0.5381 -0.7151 -0.4462
vn 0.5672 -0.6937 -0.4440
vn 0.5656 -0.7188 -0.4043
vn 0.5860 -0.7045 -0.4004
vn 0.5975 -0.7113 -0.3701
vn 0.5924 -0.7243 -0.3527
vn 0.6657 -0.6663 -0.3360
vn 0.6214 -0.7089 -0.3338
vn 0.6451 -0.7060 -0.2921
vn 0.6324 -0.7156 -0.2967
vn 0.6585 -0.6995 -0.2776
vn 0.1337 -0.5663 -0.8133
vn -0.1668 -0.5235 -0.8355
vn 0.0000 -1.0000 0.0000
vn 0.0000 -1.0000 0.0000
vn -0.0000 -1.0000 0.0000
vn 0.0000 -1.0000 0.0000
vn 0.0000 -1.0000 0.0000
vn -0.0000 -1.0000 -0.0000
vn -0.0000 -1.0000 -0.0000
vn 0.0000 -1.0000 0.0000
vn 0.0000 -1.0000 0.0000
vn 0.8599 -0.5016 0.0944
vn 0.8600 -0.5012 0.0963
vn 0.4621 -0.7074 -0.5348
vn 0.4422 -0.7132 -0.5439
vn 0.4350 -0.7191 -0.5418
vn 0.4153 -0.6929 -0.5894
vn 0.4147 -0.6934 -0.5892
vn 0.3804 -0.7103 -0.5923
vn 0.3653 -0.6980 -0.6159
vn 0.3365 -0.7211 -0.6056
vn 0.3283 -0.7075 -0.6258
vn 0.3025 -0.7064 -0.6399
vn 0.2841 -0.7212 -0.6318
vn 0.2653 -0.6935 -0.6699
vn 0.2496 -0.7060 -0.6627
vn 0.2093 -0.7086 -0.6738
vn 0.2272 -0.6868 -0.6904
vn 0.1743 -0.7198 -0.6720
vn 0.1740 -0.7201 -0.6717
vn 0.1433 -0.6944 -0.7052
vn 0.1130 -0.7243 -0.6802
vn 0.1008 -0.7102 -0.6967
vn 0.0752 -0.7051 -0.7051
vn 0.3256 -0.4820 -0.8134
vn 0.0706 -0.2510 -0.9654
vn -0.4106 -0.3253 -0.8518
vn -0.8041 -0.4091 -0.4313
vn -0.0000 -1.0000 0.0000
vn 0.0000 -1.0000 0.0000
vn 0.0000 -1.0000 0.0000
vn 0.0000 -1.0000 0.0000
vn 0.0000 -1.0000 0.0000
vn 0.0000 -1.0000 0.0000
vn 0.0000 -1.0000 0.0000
vn -0.0000 -1.0000 0.0000
vn 0.0000 -1.0000 0.0000
vn -0.0000 -1.0000 -0.0000
vn -0.0000 -1.0000 0.0000
vn 0.0000 -1.0000 -0.0000
vn 0.6747 -0.5016 -0.5415
vn 0.6766 -0.5010 -0.5397
vn -0.3840 -0.6991 -0.6031
vn -0.1223 -0.7009 -0.7027
vn -0.0682 -0.7074 -0.7036
vn -0.0754 -0.7192 -0.6907
vn -0.1025 -0.7046 -0.7022
vn -0.1289 -0.7124 -0.6898
vn -0.1499 -0.7103 -0.6878
vn -0.1751 -0.6943 -0.6981
vn -0.1903 -0.7211 -0.6662
vn -0.2058 -0.7106 -0.6728
vn -0.2181 -0.7073 -0.6725
vn -0.2386 -0.7064 -0.6664
vn -0.2458 -0.7212 -0.6476
vn -0.2861 -0.6935 -0.6613
vn -0.2921 -0.7060 -0.6451
vn -0.3338 -0.7089 -0.6214
vn -0.3360 -0.6663 -0.6657
vn -0.3495 -0.7130 -0.6079
vn -0.3813 -0.7010 -0.6027
vn -0.4002 -0.7169 -0.5709
vn -0.4007 -0.7210 -0.5654
vn -0.4440 -0.6937 -0.5671
vn -0.4462 -0.7151 -0.5382
vn -0.4640 -0.7070 -0.5337
vn -0.8355 -0.5237 0.1665
vn -0.8356 -0.5234 0.1667
vn 0.0000 -1.0000 0.0000
vn 0.0000 -1.0000 0.0000
vn 0.0000 -1.0000 0.0000
vn 0.0000 -1.0000 0.0000
vn 0.0000 -1.0000 0.0000
vn 0.0000 -1.0000 0.0000
vn 0.0000 1.0000 0.0000
vn 0.0000 -1.0000 -0.0000
vn 0.0000 1.0000 0.0000
vn 0.0000 1.0000 0.0000
vn 0.0000 -1.0000 0.0000
vn 0.0944 -0.5016 -0.8599
vn 0.0964 -0.5012 -0.8599
vn -0.6121 -0.7200 -0.3269
vn -0.6023 -0.6983 -0.3869
vn -0.5953 -0.7133 -0.3699
vn -0.5831 -0.7011 -0.4104
vn -0.5852 -0.6952 -0.4173
vn -0.5418 -0.7192 -0.4350
vn -0.5399 -0.7245 -0.4285
vn -0.5404 -0.7074 -0.4557
vn -0.6314 -0.6916 -0.3508
vn -0.6361 -0.7147 -0.2908
vn -0.6457 -0.7070 -0.2885
vn 0.0000 1.0000 0.0000
vn 0.0000 1.0000 0.0000
vn -0.0330 0.1020 -0.9942
vn -0.0282 0.9983 -0.0512
vn 0.0313 0.9994 0.0148
vn 0.1094 0.9938 -0.0214
vn 0.0000 1.0000 0.0000
vn 0.0625 0.9957 0.0689
vn 0.0445 0.9967 0.0672
vn 0.0462 0.9970 0.0623
vn 0.0473 0.9969 0.0624
vn 0.0441 0.9963 0.0736
vn 0.0349 0.9967 0.0738
vn -0.0030 0.9990 0.0453
vn 0.0206 0.9981 0.0577
vn -0.0257 0.9996 0.0096
vn 0.1432 0.9839 0.1065
vn 0.0584 0.9970 -0.0500
vn 0.0000 1.0000 0.0000
vn -0.2600 0.9621 0.0817
vn 0.0285 0.9978 -0.0602
vn -0.0098 0.9969 -0.0775
vn 0.2194 0.9731 -0.0696
vn 0.0224 0.9997 0.0078
vn -0.0147 0.9990 0.0411
vn 0.0139 0.9994 0.0305
vn -0.0261 0.9981 0.0551
vn 0.0048 0.9980 0.0637
vn -0.0526 0.9983 0.0249
vn -0.0480 0.9985 0.0275
vn -0.0627 0.9978 0.0224
vn -0.0717 0.9974 -0.0019
vn 0.0702 0.9685 0.2391
vn 0.0806 0.9619 0.2611
vn 0.0369 0.9993 -0.0073
vn 0.1418 0.9313 -0.3356
vn -0.0258 0.9992 0.0305
vn -0.0443 0.9990 -0.0070
vn -0.0294 0.9980 0.0566
vn 0.0795 0.9968 -0.0039
vn 0.0870 0.9960 -0.0191
vn 0.0747 0.9971 -0.0111
vn 0.0797 0.9966 -0.0200
vn -0.0219 0.9953 0.0940
vn -0.0302 0.9992 0.0253
vn 0.0739 0.9949 0.0679
vn -0.3687 0.9086 -0.1963
vn 0.0767 0.9970 0.0123
vn -0.1690 0.8895 0.4246
vn 0.0000 1.0000 0.0000
vn 0.0000 1.0000 0.0000
vn -0.0952 0.9951 0.0272
vn 0.0841 0.9945 0.0624
vn 0.0968 0.9936 0.0580
vn -0.0112 0.9994 -0.0317
vn -0.0645 0.9821 0.1773
vn 0.0539 0.9796 -0.1936
vn -0.0354 0.9993 -0.0087
vn -0.0467 0.9983 -0.0347
vn -0.0050 0.9999 -0.0150
vn 0.0294 0.9995 -0.0139
vn 0.0338 0.9994 -0.0121
vn 0.0100 0.9956 -0.0936
vn 0.0000 1.0000 0.0000
vn -0.0320 0.9989 -0.0336
vn -0.3345 0.9371 0.0997
vn 0.1381 0.9890 -0.0535
vn 0.2685 0.9560 -0.1182
vn -0.0310 0.9995 -0.0066
vn 0.1094 0.9713 -0.2110
vn 0.1155 0.9680 0.2228
vn 0.0000 1.0000 0.0000
vn 0.0600 0.9970 -0.0482
vn 0.0905 0.9958 0.0134
vn 0.0930 0.9956 0.0113
vn 0.1002 0.9947 0.0251
vn -0.1558 0.9516 0.2648
vn 0.2785 0.9535 -0.1154
vn 0.4826 0.8588 -0.1721
vn 0.0080 1.0000 0.0039
vn -0.0640 0.9977 0.0236
vn -0.0077 0.9732 -0.2296
vn 0.4641 0.8466 -0.2604
vn -0.2308 0.9703 0.0726
vn 0.0014 0.9949 -0.1005
vn 0.0796 0.9968 -0.0015
vn 0.0327 0.9977 0.0596
vn -0.0013 1.0000 -0.0075
vn 0.0081 0.9998 0.0202
vn 0.0002 1.0000 0.0037
vn -0.0894 0.9955 -0.0317
vn -0.0847 0.9956 -0.0401
vn -0.0701 0.9941 -0.0824
vn -0.0291 0.9994 0.0163
vn -0.0377 0.9992 0.0132
vn 0.1384 0.9902 -0.0163
vn 0.0634 0.9957 0.0672
vn -0.0371 0.9992 0.0154
vn -0.0130 0.9989 -0.0461
vn 0.1440 0.8466 0.5123
vn -0.0370 0.9989 -0.0275
vn -0.0325 0.9947 -0.0976
vn -0.0137 0.9960 0.0888
vn -0.0041 0.9964 0.0844
vn -0.0528 0.9982 0.0293
vn 0.0000 1.0000 0.0000
vn 0.0408 0.9978 0.0519
vn -0.0206 0.9964 0.0821
vn -0.0313 0.9971 0.0694
vn -0.2034 0.9766 -0.0704
vn -0.0398 0.9987 0.0315
vn -0.0452 0.9977 0.0498
vn -0.0430 0.9975 0.0564
vn -0.0434 0.9973 0.0586
vn -0.0404 0.9969 0.0675
vn -0.0579 0.9972 0.0479
vn 0.0000 1.0000 0.0000
vn 0.0000 1.0000 0.0000
vn 0.0000 1.0000 0.0000
vn -0.2710 0.9518 -0.1439
vn 0.4893 0.8608 0.1404
vn 0.0000 1.0000 0.0000
vn -0.0314 0.9994 -0.0130
vn 0.0493 0.9967 -0.0640
vn 0.0452 0.9977 -0.0498
vn 0.0452 0.9977 -0.0497
vn 0.0484 0.9967 -0.0653
vn 0.0455 0.9961 -0.0758
vn -0.1398 0.9876 0.0716
vn 0.0000 1.0000 0.0000
vn 0.0214 0.9990 -0.0391
vn -0.0518 0.9986 0.0077
vn -0.0553 0.9984 0.0139
vn -0.2836 0.9416 0.1815
vn 0.2869 0.9402 -0.1836
vn -0.1467 0.9884 0.0390
vn -0.0546 0.9973 0.0495
vn -0.0476 0.9988 -0.0140
vn 0.0000 1.0000 -0.0000
vn -0.0085 0.9977 0.0675
vn -0.0775 0.9959 0.0464
vn -0.0761 0.9971 -0.0064
vn -0.0117 0.9771 0.2125
vn -0.1088 0.9940 -0.0053
vn -0.0381 0.9969 -0.0686
vn 0.0000 1.0000 0.0000
vn -0.0576 0.9973 0.0453
vn -0.0941 0.9953 -0.0236
vn 0.1351 0.9616 -0.2391
vn 0.0000 1.0000 0.0000
vn -0.0010 0.9951 0.0987
vn -0.0565 0.9983 0.0138
vn 0.0635 0.9978 -0.0182
vn -0.0596 0.9972 -0.0442
vn -0.0690 0.9968 -0.0413
vn -0.0951 0.9950 -0.0308
vn -0.0555 0.9926 -0.1083
vn 0.0000 1.0000 0.0000
vn 0.0572 0.9979 0.0312
vn -0.0107 0.9973 -0.0721
vn -0.0191 0.9969 -0.0763
vn 0.1028 0.9926 -0.0653
vn -0.0277 0.9992 -0.0305
vn -0.0305 0.9991 -0.0309
vn -0.0282 0.9989 -0.0380
vn -0.0760 0.9964 -0.0388
vn -0.0572 0.9938 -0.0955
vn 0.1184 0.9889 -0.0898
vn -0.0209 0.9988 -0.0441
vn -0.0144 0.9991 -0.0403
vn -0.0297 0.9979 -0.0570
vn 0.0270 0.9996 -0.0085
vn -0.0497 0.9866 -0.1554
vn -0.1679 0.9854 -0.0281
vn 0.0049 0.9950 -0.0996
vn 0.0129 0.9958 -0.0903
vn 0.0134 0.9958 -0.0906
vn 0.0082 0.9953 -0.0965
vn 0.0265 0.9941 -0.1056
vn 0.3375 0.9104 0.2392
vn -0.2501 0.9519 -0.1772
vn 0.3186 0.9425 0.1010
vn 0.0000 1.0000 0.0000
vn -0.0000 1.0000 0.0000
vn 0.0000 1.0000 0.0000
vn 0.0104 0.9965 -0.0831
vn 0.0933 0.9941 -0.0559
vn 0.0265 0.5717 0.8200
vn 0.0000 1.0000 0.0000
vn 0.0742 0.9948 0.0691
vn -0.0751 0.9963 -0.0410
vn 0.0189 0.9942 0.1062
vn 0.0039 0.9968 0.0795
vn 0.0166 0.9962 0.0857
vn 0.0116 0.9969 0.0781
vn 0.0209 0.9963 0.0833
vn -0.0112 0.9947 -0.1026
vn 0.0801 0.9968 -0.0073
vn 0.0468 0.9863 -0.1583
vn -0.7054 -0.7053 -0.0704
vn -0.7062 -0.7045 -0.0709
vn -0.6946 -0.7080 -0.1273
vn -0.6895 -0.7137 -0.1234
vn -0.6904 -0.7025 -0.1727
vn -0.6825 -0.7126 -0.1624
vn -0.6839 -0.7011 -0.2021
vn -0.6880 -0.6953 -0.2079
vn -0.6527 -0.7191 -0.2386
vn -0.6612 -0.7069 -0.2511
vn -0.4732 -0.5238 0.7084
vn -0.4731 -0.5234 0.7087
vn -0.0000 -1.0000 0.0000
vn -0.0000 -1.0000 0.0000
vn 0.0000 -1.0000 0.0000
vn -0.0000 -1.0000 0.0000
vn 0.0000 -1.0000 0.0000
vn 0.0000 -1.0000 0.0000
vn 0.0000 -1.0000 0.0000
vn 0.0000 -1.0000 0.0000
vn 0.0000 -1.0000 0.0000
vn 0.0000 -1.0000 0.0000
vn -0.0000 -1.0000 0.0000
vn 0.0000 -1.0000 0.0000
vn -0.0000 -1.0000 0.0000
vn -0.5413 -0.5016 -0.6748
vn -0.5399 -0.5012 -0.6762
vn -0.5358 -0.7077 0.4605
vn -0.5379 -0.7155 0.4458
vn -0.5671 -0.6952 0.4416
vn -0.5654 -0.7210 0.4007
vn -0.5839 -0.7070 0.3990
vn -0.6013 -0.7070 0.3722
vn -0.5989 -0.7157 0.3593
vn -0.9939 -0.1051 -0.0326
vn -0.6476 -0.7212 0.2459
vn -0.4160 -0.8542 0.3120
vn -0.6215 -0.7089 0.3336
vn -0.6451 -0.7060 0.2921
vn -0.6324 -0.7156 0.2967
vn -0.6585 -0.6995 0.2776
vn -0.6664 -0.7064 0.2386
vn -0.6747 -0.7075 0.2103
vn -0.6662 -0.7211 0.1903
vn -0.6981 -0.6943 0.1751
vn -0.6877 -0.7104 0.1498
vn -0.7035 -0.7072 0.0705
vn -0.6931 -0.7169 0.0758
vn -0.7029 -0.7008 0.1222
vn -0.7061 -0.6978 0.1205
vn -0.0166 -0.6115 0.7911
vn 0.0707 -0.4545 0.8880
vn 0.0000 -1.0000 0.0000
vn 0.0000 -1.0000 0.0000
vn 0.0000 -1.0000 0.0000
vn 0.0000 -1.0000 0.0000
vn 0.0000 -1.0000 0.0000
vn 0.0000 -1.0000 -0.0000
vn 0.0000 -1.0000 0.0000
vn 0.0000 -1.0000 0.0000
vn -0.0000 -1.0000 -0.0000
vn -0.0000 1.0000 -0.0000
vn -0.7883 -0.6057 0.1078
vn -0.9125 -0.4083 0.0235
vn -0.4519 -0.7093 0.5410
vn -0.4507 -0.7024 0.5508
vn -0.4280 -0.7098 0.5595
vn -0.4170 -0.6953 0.5854
vn -0.4106 -0.7008 0.5834
vn -0.3800 -0.7105 0.5923
vn -0.3805 -0.7102 0.5923
vn -0.3605 -0.7019 0.6143
vn -0.3365 -0.7211 0.6056
vn -0.3283 -0.7075 0.6258
vn -0.3025 -0.7064 0.6399
vn -0.2901 -0.7165 0.6344
vn -0.2694 -0.6995 0.6619
vn -0.2653 -0.6935 0.6699
vn -0.2496 -0.7060 0.6627
vn -0.2093 -0.7086 0.6738
vn -0.2272 -0.6868 0.6904
vn -0.1743 -0.7198 0.6720
vn -0.1740 -0.7201 0.6717
vn -0.1237 -0.6771 0.7254
vn -0.1346 -0.7370 0.6624
vn -0.0492 -0.7069 0.7056
vn -0.0650 -0.7151 0.6960
vn -0.0735 -0.7070 0.7034
vn -0.1013 -0.7071 0.6999
vn 0.7084 -0.5238 0.4732
vn 0.7087 -0.5233 0.4731
vn 0.0000 -1.0000 0.0000
vn 0.0000 -1.0000 -0.0000
vn 0.0000 -1.0000 0.0000
vn 0.0000 -1.0000 0.0000
vn 0.0000 -1.0000 0.0000
vn 0.0000 -1.0000 0.0000
vn 0.0000 -1.0000 0.0000
vn 0.0000 -1.0000 0.0000
vn 0.0000 -1.0000 -0.0000
vn 0.0000 -1.0000 0.0000
vn 0.0000 -1.0000 0.0000
vn -0.6752 -0.5019 0.5406
vn -0.6760 -0.5008 0.5405
vn 0.0682 -0.7072 0.7037
vn 0.0755 -0.7191 0.6908
vn 0.1025 -0.7046 0.7022
vn 0.1289 -0.7124 0.6898
vn 0.1222 -0.7008 0.7029
vn 0.1498 -0.7104 0.6877
vn 0.1800 -0.6911 0.7000
vn 0.1776 -0.6851 0.7065
vn 0.1889 -0.7003 0.6884
vn 0.2046 -0.7078 0.6761
vn 0.2126 -0.7055 0.6761
vn 0.2188 -0.7072 0.6723
vn 0.2386 -0.7064 0.6664
vn 0.2459 -0.7212 0.6476
vn 0.2861 -0.6935 0.6613
vn 0.2921 -0.7060 0.6451
vn 0.3305 -0.7087 0.6233
vn 0.3306 -0.6794 0.6550
vn 0.3525 -0.7238 0.5932
vn 0.3520 -0.7201 0.5980
vn 0.3858 -0.7011 0.5996
vn 0.4002 -0.7169 0.5709
vn 0.4007 -0.7210 0.5654
vn 0.4440 -0.6937 0.5672
vn 0.4462 -0.7151 0.5381
vn 0.4640 -0.7070 0.5337
vn 0.8355 -0.5237 -0.1664
vn 0.8356 -0.5234 -0.1667
vn 0.0000 -1.0000 0.0000
vn 0.0000 -1.0000 0.0000
vn 0.0000 -1.0000 0.0000
vn 0.0000 -1.0000 0.0000
vn 0.0000 -1.0000 0.0000
vn -0.0000 -1.0000 0.0000
vn 0.0000 -1.0000 0.0000
vn 0.0000 -1.0000 0.0000
vn 0.0000 -1.0000 0.0000
vn 0.0000 -1.0000 0.0000
vn 0.0000 -1.0000 0.0000
vn -0.0952 -0.5019 0.8597
vn -0.0958 -0.5008 0.8602
vn 0.5404 -0.7074 0.4557
vn 0.6263 -0.7071 0.3283
vn 0.5888 -0.7311 0.3446
vn 0.5785 -0.7460 0.3300
vn 0.5945 -0.7133 0.3711
vn 0.5744 -0.6891 0.4419
vn 0.5220 -0.7678 0.3714
vn 0.5399 -0.7247 0.4281
vn 0.6215 -0.7371 0.2652
vn 0.6241 -0.7337 0.2686
vn 0.6389 -0.7070 0.3033
vn 0.6940 -0.7070 0.1361
vn 0.6880 -0.7070 0.1635
vn 0.6538 -0.7335 0.1859
vn 0.6718 -0.7126 0.2022
vn 0.6646 -0.7034 0.2520
vn 0.6771 -0.7275 0.1106
vn 0.6701 -0.7349 0.1042
vn 0.7054 -0.7038 0.0844
vn 0.7035 -0.7087 0.0542
vn 0.7056 -0.7068 0.0514
vn 0.9869 0.0000 0.1612
vn -0.7103 0.0060 -0.7039
vn -0.7492 0.0000 -0.6624
vn -0.7644 0.0059 -0.6448
vn -0.7610 0.0000 -0.6488
vn -0.6563 0.0121 -0.7544
vn -0.6603 0.0000 -0.7510
vn -0.6158 0.0469 -0.7865
vn -0.5639 0.1873 -0.8043
vn -0.7282 -0.0006 -0.6853
vn -0.6558 0.0002 -0.7549
vn -0.6205 -0.0038 -0.7842
vn -0.5994 0.0000 -0.8005
vn -0.5371 0.0000 -0.8435
vn -0.2925 0.0000 -0.9563
vn -0.3085 -0.0000 -0.9512
vn -0.3434 0.0006 -0.9392
vn -0.3371 0.0014 -0.9415
vn -0.4105 -0.0016 -0.9119
vn -0.3970 0.0004 -0.9178
vn -0.5019 -0.0006 -0.8650
vn -0.4732 0.0072 -0.8809
vn -0.2433 0.0019 -0.9700
vn -0.2336 0.0035 -0.9723
vn -0.1837 0.0000 -0.9830
vn -0.0614 0.0000 -0.9981
vn -0.0964 0.0089 -0.9953
vn 0.0729 0.0146 -0.9972
vn 0.0675 0.0000 -0.9977
vn 0.0699 0.0023 -0.9976
vn 0.0541 0.0045 -0.9985
vn 0.0144 0.0000 -0.9999
vn -0.0582 -0.0000 -0.9983
vn -0.0373 0.0029 -0.9993
vn -0.1304 -0.0039 -0.9915
vn -0.0930 0.0030 -0.9957
vn -0.1444 -0.0000 -0.9895
vn 0.2511 0.0001 -0.9680
vn 0.2318 0.0011 -0.9728
vn 0.1991 -0.0012 -0.9800
vn 0.1608 0.0010 -0.9870
vn 0.1432 0.0000 -0.9897
vn 0.1061 0.0000 -0.9944
vn 0.5023 -0.0006 -0.8647
vn 0.5102 0.0006 -0.8601
vn 0.4646 -0.0002 -0.8855
vn 0.4383 0.0010 -0.8988
vn 0.4274 0.0000 -0.9041
vn 0.3373 -0.0000 -0.9414
vn 0.3682 0.0076 -0.9297
vn 0.2967 -0.0003 -0.9550
vn 0.7454 -0.0000 -0.6666
vn 0.7454 0.0000 -0.6666
vn 0.7301 0.0008 -0.6834
vn 0.7039 -0.0023 -0.7103
vn 0.6787 0.0011 -0.7344
vn 0.6624 -0.0000 -0.7492
vn 0.6538 0.0029 -0.7566
vn 0.6578 0.0000 -0.7532
vn 0.6309 0.0000 -0.7759
vn 0.5924 0.0037 -0.8056
vn 0.5759 0.0006 -0.8175
vn 0.7980 0.0038 -0.6026
vn 0.7874 0.0012 -0.6165
vn 0.7561 -0.0000 -0.6544
vn 0.9215 0.0000 -0.3885
vn 0.9053 0.0000 -0.4247
vn 0.8960 0.0006 -0.4441
vn 0.8809 -0.0016 -0.4732
vn 0.8615 0.0013 -0.5078
vn 0.8501 0.0000 -0.5266
vn 0.8256 0.0000 -0.5642
vn 0.9415 0.0054 -0.3371
vn 0.9370 0.0031 -0.3494
vn 0.9547 0.0000 -0.2976
vn 0.9700 -0.0001 -0.2433
vn 0.9712 0.0006 -0.2381
vn 0.9857 -0.0005 -0.1682
vn 0.9859 -0.0004 -0.1671
vn 0.9981 0.0000 -0.0614
vn 0.9973 0.0143 0.0726
vn 0.9977 0.0000 0.0674
vn 0.9950 0.0097 -0.0997
vn 0.9955 0.0004 -0.0946
vn 0.9996 0.0103 -0.0253
vn 0.9978 0.0000 -0.0669
vn 0.9997 -0.0000 0.0264
vn 0.9970 0.0037 0.0779
vn 0.9974 0.0047 0.0722
vn 0.9929 0.0000 0.1188
vn 0.9813 0.0012 0.1925
vn 0.9752 0.0041 0.2211
vn 0.9729 0.0028 0.2312
vn 0.9414 0.0000 0.3373
vn 0.9350 0.0029 0.3545
vn 0.9576 -0.0013 0.2882
vn -0.9130 0.0000 -0.4080
vn -0.8937 0.0040 -0.4486
vn -0.8821 0.0003 -0.4711
vn -0.7833 0.0000 -0.6216
vn -0.8142 0.0019 -0.5806
vn -0.8196 0.0035 -0.5730
vn -0.8493 -0.0002 -0.5278
vn -0.6661 0.7067 -0.2387
vn -0.6654 0.7075 -0.2381
vn -0.6916 0.7050 -0.1568
vn -0.7426 0.6434 -0.1860
vn -0.6800 0.7262 -0.1009
vn -0.7471 0.6621 -0.0584
vn -0.7024 0.7110 -0.0345
vn -0.7129 0.6997 0.0478
vn -0.7570 0.6524 0.0372
vn -0.6649 0.7383 0.1127
vn -0.6999 0.7067 0.1038
vn -0.6871 0.7068 0.1684
vn -0.6790 0.7141 0.1701
vn -0.6741 0.6946 0.2513
vn -0.7067 0.6607 0.2529
vn -0.6075 0.7350 0.3011
vn -0.6396 0.7067 0.3025
vn -0.6094 0.7068 0.3592
vn -0.5980 0.7169 0.3584
vn -0.5779 0.6896 0.4364
vn -0.5974 0.6684 0.4431
vn -0.4976 0.7317 0.4658
vn -0.5242 0.7067 0.4752
vn -0.4801 0.7068 0.5195
vn -0.4666 0.7193 0.5148
vn -0.4315 0.6851 0.5869
vn -0.4393 0.6754 0.5923
vn -0.3442 0.7283 0.5926
vn -0.3637 0.7067 0.6069
vn -0.3100 0.7069 0.6358
vn -0.2961 0.7213 0.6261
vn -0.2471 0.6808 0.6895
vn -0.2464 0.6819 0.6887
vn -0.1597 0.7248 0.6701
vn -0.1719 0.7067 0.6863
vn -0.1137 0.7069 0.6981
vn -0.1014 0.7230 0.6834
vn -0.0398 0.6769 0.7350
vn -0.0356 0.6878 0.7250
vn 0.0403 0.7213 0.6914
vn 0.0347 0.7067 0.7067
vn 0.0922 0.7069 0.7013
vn 0.1012 0.7243 0.6820
vn 0.1727 0.6733 0.7189
vn 0.1751 0.6932 0.6991
vn 0.2391 0.7178 0.6539
vn 0.2384 0.7067 0.6662
vn 0.2903 0.7069 0.6449
vn 0.2944 0.7253 0.6224
vn 0.3726 0.6700 0.6421
vn 0.3681 0.6982 0.6141
vn 0.4196 0.7141 0.5603
vn 0.4215 0.7067 0.5683
vn 0.4638 0.7070 0.5339
vn 0.4619 0.7259 0.5096
vn 0.5425 0.6671 0.5106
vn 0.5272 0.7026 0.4778
vn 0.5756 0.7118 0.4024
vn 0.6228 0.6315 0.4619
vn 0.5896 0.7263 0.3534
vn 0.6678 0.6646 0.3352
vn 0.6396 0.7067 0.3025
vn 0.9185 0.0000 0.3953
vn 0.9034 0.0016 0.4289
vn 0.8937 0.0042 0.4486
vn 0.8857 0.0022 0.4643
vn 0.8196 0.0034 0.5730
vn 0.8483 0.0000 0.5296
vn 0.8686 0.0000 0.4956
vn 0.7103 0.0060 0.7039
vn 0.7492 0.0000 0.6624
vn 0.7644 0.0059 0.6448
vn 0.7610 0.0000 0.6488
vn 0.7836 0.0000 0.6213
vn 0.8148 0.0020 0.5797
vn 0.6563 0.0121 0.7544
vn 0.6603 0.0000 0.7510
vn 0.6158 0.0469 0.7865
vn 0.5639 0.1873 0.8043
vn 0.7282 -0.0006 0.6853
vn 0.6558 0.0002 0.7549
vn 0.6205 -0.0038 0.7842
vn 0.5994 -0.0000 0.8005
vn 0.5411 -0.0000 0.8410
vn 0.5109 0.0030 0.8596
vn 0.4685 0.0085 0.8834
vn 0.5019 -0.0006 0.8650
vn 0.3970 0.0004 0.9178
vn 0.4105 -0.0016 0.9119
vn 0.3371 0.0014 0.9415
vn 0.3434 0.0006 0.9392
vn 0.2999 -0.0002 0.9540
vn 0.1444 0.0000 0.9895
vn 0.1837 0.0000 0.9830
vn 0.2336 0.0035 0.9723
vn 0.2490 0.0009 0.9685
vn 0.0614 0.0000 0.9981
vn 0.0964 0.0089 0.9953
vn -0.0695 0.0121 0.9975
vn -0.0643 0.0000 0.9979
vn 0.0930 0.0030 0.9957
vn 0.1304 -0.0039 0.9915
vn 0.0373 0.0029 0.9993
vn 0.0582 -0.0000 0.9983
vn -0.0144 0.0000 0.9999
vn -0.0541 0.0045 0.9985
vn -0.0675 0.0026 0.9977
vn -0.2511 0.0001 0.9680
vn -0.2318 0.0011 0.9728
vn -0.1991 -0.0012 0.9800
vn -0.1608 0.0010 0.9870
vn -0.1432 0.0000 0.9897
vn -0.1039 0.0000 0.9946
vn -0.5023 0.0000 0.8647
vn -0.5062 0.0005 0.8624
vn -0.4646 -0.0002 0.8855
vn -0.4383 0.0010 0.8988
vn -0.4274 0.0000 0.9041
vn -0.3373 -0.0000 0.9414
vn -0.3682 0.0076 0.9297
vn -0.2967 -0.0003 0.9550
vn -0.7452 -0.0000 0.6668
vn -0.7584 -0.0001 0.6518
vn -0.7453 0.0000 0.6667
vn -0.7301 0.0008 0.6834
vn -0.7039 -0.0023 0.7103
vn -0.6787 0.0011 0.7344
vn -0.6591 -0.0000 0.7521
vn -0.6589 0.0001 0.7522
vn -0.6333 -0.0002 0.7739
vn -0.5924 0.0037 0.8056
vn -0.5802 0.0014 0.8144
vn -0.5400 0.0000 0.8417
vn -0.7980 0.0038 0.6026
vn -0.7890 0.0016 0.6144
vn -0.9215 0.0000 0.3885
vn -0.9053 0.0000 0.4247
vn -0.8960 0.0006 0.4441
vn -0.8811 -0.0016 0.4729
vn -0.8615 0.0013 0.5078
vn -0.8503 0.0000 0.5263
vn -0.8256 0.0000 0.5642
vn -0.9415 0.0054 0.3371
vn -0.9370 0.0031 0.3494
vn -0.9547 0.0000 0.2976
vn -0.9700 -0.0001 0.2433
vn -0.9712 0.0006 0.2381
vn -0.9857 -0.0005 0.1682
vn -0.9859 -0.0004 0.1671
vn -0.9981 0.0000 0.0614
vn -0.9944 0.0339 -0.0998
vn -0.9955 0.0000 -0.0946
vn -0.9950 0.0097 0.0997
vn -0.9955 0.0004 0.0946
vn -0.9996 0.0103 0.0253
vn -0.9978 0.0000 0.0669
vn -0.9997 0.0000 -0.0264
vn -0.9970 0.0037 -0.0779
vn -0.9955 0.0007 -0.0949
vn -0.9844 -0.0005 -0.1762
vn -0.9752 0.0041 -0.2211
vn -0.9728 0.0027 -0.2315
vn -0.9573 -0.0013 -0.2892
vn -0.9414 0.0018 -0.3373
vn -0.9349 0.0000 -0.3550
vn 0.9627 -0.2559 0.0878
vn 0.9790 -0.2002 0.0380
vn 0.6770 -0.1175 0.7265
vn 0.6124 -0.2028 0.7641
vn 0.1807 -0.1581 0.9708
vn -0.0371 -0.3332 0.9421
vn -0.7557 -0.1667 0.6334
vn -0.5787 0.0000 0.8155
vn -0.6725 0.0000 0.7401
vn -0.8397 -0.2822 0.4640
vn -0.8518 -0.3122 -0.4206
vn -0.9984 0.0000 0.0560
vn -0.9239 0.0000 -0.3827
vn -0.9239 0.0000 -0.3827
vn -0.5412 0.0000 -0.8409
vn -0.5396 -0.0019 -0.8419
vn 0.0293 0.0021 -0.9996
vn 0.0315 0.0000 -0.9995
vn 0.5003 0.0000 -0.8658
vn 0.5003 0.0000 -0.8658
vn 0.7363 0.0000 -0.6767
vn 0.8126 -0.1375 -0.5663
vn 0.0000 -1.0000 0.0000
vn 0.0000 -1.0000 0.0000
vn 0.0000 -1.0000 0.0000
vn 0.0000 -1.0000 0.0000
vn 0.0000 -1.0000 0.0000
vn 0.0000 -1.0000 0.0000
vn 0.0000 -1.0000 -0.0000
vn 0.0000 -1.0000 -0.0000
vn 0.0000 -1.0000 0.0000
vn 0.7229 -0.2486 -0.6447
vn 0.5117 0.0000 -0.8592
vn 0.6948 0.0000 -0.7192
vn 0.8522 -0.2275 -0.4711
vn 0.9691 -0.2405 0.0545
vn 0.9914 -0.1182 -0.0557
vn 0.4335 -0.4409 0.7859
vn 0.8514 -0.0106 0.5244
vn 0.4360 0.0102 0.8999
vn 0.4049 -0.0434 0.9133
vn -0.8300 -0.5253 0.1875
vn -0.1676 0.0000 0.9859
vn -0.6787 0.0000 0.7344
vn -0.6854 -0.0085 0.7281
vn -0.9952 0.0122 0.0970
vn -0.9962 0.0000 0.0871
vn -0.7142 0.0000 -0.6999
vn -0.6745 -0.0645 -0.7355
vn -0.2201 0.0213 -0.9752
vn -0.0173 -0.1714 -0.9851
vn 0.0000 -1.0000 0.0000
vn 0.0000 -1.0000 0.0000
vn 0.0000 -1.0000 0.0000
vn 0.0000 -1.0000 0.0000
vn 0.0000 -1.0000 -0.0000
vn 0.0000 -1.0000 0.0000
vn -0.0000 -1.0000 0.0000
vn -0.0000 -1.0000 0.0000
vn -0.9761 -0.0102 0.2169
vn -0.9780 -0.1859 0.0946
vn -0.6374 -0.1237 -0.7606
vn -0.6579 -0.0878 -0.7480
vn 0.1749 -0.3139 -0.9332
vn 0.0118 -0.0927 -0.9956
vn 0.8578 -0.3509 -0.3755
vn 0.6568 0.0469 -0.7526
vn 0.9967 -0.0595 -0.0560
vn 0.9936 0.0179 -0.1115
vn 0.7693 -0.0110 0.6388
vn 0.7762 0.0000 0.6305
vn 0.1410 -0.0000 0.9900
vn 0.1128 -0.0270 0.9933
vn -0.5585 0.0400 0.8285
vn -0.5776 0.0148 0.8162
vn 0.0000 -1.0000 -0.0000
vn 0.0000 -1.0000 0.0000
vn 0.0000 -1.0000 0.0000
vn 0.0000 -1.0000 0.0000
vn 0.0000 -1.0000 0.0000
vn 0.0000 -1.0000 0.0000
vn -0.6656 -0.2457 0.7047
vn -0.6212 -0.1214 0.7742
vn -0.9818 -0.1843 0.0452
vn -0.9786 -0.2035 0.0301
vn -0.4652 -0.2943 -0.8348
vn -0.7934 0.0000 -0.6088
vn -0.6531 0.0000 -0.7573
vn -0.3688 -0.2671 -0.8903
vn 0.5157 -0.2080 -0.8311
vn 0.3813 -0.0035 -0.9244
vn 0.8706 0.0155 -0.4917
vn 0.9073 -0.2140 -0.3619
vn 0.3670 -0.4237 0.8281
vn 0.9397 0.0000 0.3421
vn 0.7070 -0.0000 0.7072
vn 0.7070 0.0000 0.7072
vn 0.2557 -0.0000 0.9668
vn 0.1849 -0.0904 0.9786
vn -0.0000 -1.0000 0.0000
vn 0.0000 -1.0000 0.0000
vn 0.0000 -1.0000 0.0000
vn 0.0000 -1.0000 0.0000
vn 0.0000 -1.0000 0.0000
vn 0.0000 -1.0000 0.0000
vn -0.0000 -1.0000 0.0000
vn 0.1160 -0.0000 0.9933
vn 0.1559 0.0294 0.9873
vn -0.7848 -0.0080 0.6197
vn -0.7017 0.1011 0.7053
vn -0.9978 0.0449 -0.0483
vn -0.9939 0.0000 -0.1104
vn -0.9710 0.0000 -0.2391
vn -0.9395 -0.0433 -0.3397
vn -0.4031 -0.0226 -0.9149
vn -0.5411 0.0583 -0.8389
vn 0.2303 0.0237 -0.9728
vn 0.2678 0.0000 -0.9635
vn 0.6091 0.0000 -0.7931
vn 0.6091 0.0000 -0.7931
vn 0.9240 0.0000 -0.3824
vn 0.9240 0.0000 -0.3824
vn 0.9914 -0.0000 0.1307
vn 0.9914 0.0000 0.1307
vn 0.8312 -0.0000 0.5560
vn 0.9790 0.2006 0.0362
vn 0.5322 0.2829 0.7979
vn -0.0682 0.0000 0.9977
vn 0.0648 -0.9979 0.0085
vn 0.2285 -0.9470 -0.2259
vn -0.2497 -0.9410 0.2283
vn 0.1361 -0.9905 -0.0212
vn 0.1284 -0.9380 0.3220
vn 0.0923 -0.9884 -0.1202
vn 0.0813 -0.9961 -0.0336
vn -0.8279 -0.5414 -0.1465
vn -0.0527 -0.9983 0.0249
vn 0.9924 -0.0717 0.1000
vn 0.9983 0.0298 -0.0491
vn 0.7368 0.0363 0.6751
vn 0.7080 0.0047 0.7062
vn -0.0030 0.0093 1.0000
vn 0.0176 0.0226 0.9996
vn -0.7458 0.0081 0.6661
vn -0.7419 0.0127 0.6704
vn -0.9895 -0.0125 0.1442
vn -0.9867 0.0000 0.1624
vn -0.9064 0.0000 -0.4225
vn -0.9064 0.0000 -0.4225
vn -0.5186 0.0000 -0.8550
vn -0.5505 0.0249 -0.8345
vn 0.0393 -0.0233 -0.9990
vn 0.0056 0.0000 -1.0000
vn 0.5560 0.0000 -0.8312
vn 0.0642 0.1916 -0.9794
vn 0.7095 0.2656 -0.6528
vn -0.0142 -0.9973 0.0725
vn 0.0000 -1.0000 0.0000
vn 0.0000 -1.0000 0.0000
vn 0.0000 -1.0000 0.0000
vn -0.2110 -0.9586 -0.1915
vn -0.0964 -0.9869 -0.1295
vn -0.0546 -0.9945 -0.0898
vn -0.0885 -0.9907 -0.1038
vn -0.1160 -0.0029 -0.9932
vn -0.1251 0.0039 -0.9921
vn 0.8307 0.0300 -0.5559
vn 0.8222 0.0417 -0.5677
vn 0.9989 0.0359 -0.0314
vn 0.9997 0.0218 -0.0084
vn 0.6418 0.0139 0.7667
vn 0.6276 0.0002 0.7785
vn -0.0105 -0.0471 0.9988
vn 0.0621 0.0000 0.9981
vn -0.4225 0.0000 0.9064
vn -0.4225 0.0000 0.9064
vn -0.8550 0.0000 0.5186
vn -0.8392 0.0194 0.5435
vn -0.9991 -0.0187 -0.0393
vn -0.9999 0.0000 -0.0117
vn -0.8312 0.0000 -0.5560
vn -0.8312 0.0000 -0.5560
vn -0.4116 0.0000 -0.9114
vn -0.4472 0.0242 -0.8941
vn -0.0288 -0.9994 -0.0193
vn -0.0147 -0.9995 -0.0295
vn -0.1577 -0.9872 0.0242
vn -0.0465 -0.9989 -0.0005
vn -0.0660 -0.9969 0.0428
vn -0.0824 -0.9808 0.1767
vn -0.0657 -0.9958 -0.0644
vn -0.2033 -0.9573 0.2053
vn -1.0000 0.0000 -0.0081
vn -1.0000 0.0066 0.0013
vn -0.9270 -0.0015 -0.3751
vn -0.9294 0.0026 -0.3691
vn 0.8780 -0.0142 -0.4785
vn 0.8431 0.0185 -0.5375
vn 0.9937 0.0171 -0.1108
vn 0.9924 0.0208 -0.1209
vn 0.8614 0.0090 0.5078
vn 0.8529 0.0000 0.5221
vn 0.6662 -0.0000 0.7458
vn 0.6662 0.0000 0.7458
vn 0.1314 -0.0000 0.9913
vn 0.1314 0.0000 0.9913
vn -0.4236 0.0000 0.9058
vn -0.4236 0.0000 0.9058
vn -0.8319 0.0000 0.5549
vn -0.8319 0.0000 0.5549
vn 0.4208 -0.7752 0.4711
vn -0.0289 -0.9977 0.0619
vn -0.0545 -0.9978 0.0364
vn -0.0363 -0.9974 0.0628
vn -0.1051 -0.9945 0.0001
vn 0.0111 -0.9964 0.0835
vn -0.1200 -0.9910 0.0585
vn -0.1892 -0.9817 0.0231
vn 0.0600 -0.9591 0.2768
vn 0.0484 -0.9855 0.1624
vn -0.9622 0.0102 -0.2723
vn -0.8692 -0.2133 -0.4461
vn -0.2254 -0.2894 -0.9303
vn -0.3339 -0.1972 -0.9217
vn 0.0508 -0.1546 -0.9867
vn 0.2379 -0.3181 -0.9177
vn 0.8977 -0.1403 -0.4178
vn 0.8475 -0.0212 -0.5303
vn 0.9822 0.0346 0.1848
vn 0.9657 -0.0524 0.2544
vn 0.4026 0.0651 0.9131
vn 0.3725 0.0208 0.9278
vn -0.4540 -0.0141 0.8909
vn -0.4436 0.0000 0.8962
vn -0.9781 0.0000 0.2080
vn -0.9817 -0.0223 0.1892
vn -0.0000 -1.0000 0.0000
vn 0.0000 -1.0000 0.0000
vn 0.0000 -1.0000 -0.0000
vn 0.0000 -1.0000 0.0000
vn 0.0000 -1.0000 -0.0000
vn 0.0000 -1.0000 0.0000
vn -0.5286 -0.2216 -0.8194
vn -0.7021 -0.0327 -0.7113
vn -0.0646 0.0515 -0.9966
vn -0.0089 -0.0145 -0.9999
vn 0.6388 0.0110 -0.7693
vn 0.6478 0.0000 -0.7618
vn 0.9924 0.0000 -0.1228
vn 0.9924 0.0000 -0.1228
vn 0.8718 -0.0000 0.4899
vn 0.7017 -0.3160 0.6386
vn 0.0645 -0.1883 0.9800
vn -0.0097 -0.2577 0.9662
vn -0.5394 -0.2131 0.8147
vn -0.5880 -0.2588 0.7663
vn -0.8674 -0.2082 0.4519
vn -0.8915 -0.2625 0.3693
vn -0.9798 -0.1960 -0.0392
vn -0.9554 -0.2671 -0.1258
vn 0.0000 -1.0000 0.0000
vn 0.0000 -1.0000 0.0000
vn -0.0000 -1.0000 0.0000
vn 0.0000 -1.0000 0.0000
vn 0.0000 -1.0000 0.0000
vn 0.0000 -1.0000 0.0000
vn 0.0000 -1.0000 0.0000
vn -0.9965 -0.0010 -0.0830
vn -0.9991 0.0418 -0.0100
vn -0.3672 -0.0186 -0.9300
vn -0.3948 0.0000 -0.9187
vn -0.0561 0.0000 -0.9984
vn -0.0561 0.0000 -0.9984
vn 0.5228 0.0000 -0.8525
vn 0.5151 0.0060 -0.8571
vn 0.9133 -0.0062 -0.4073
vn 0.9094 0.0000 -0.4159
vn 0.9994 -0.0000 0.0355
vn 0.9985 -0.0115 0.0535
vn 0.5003 -0.0363 0.8651
vn 0.5786 0.0000 0.8156
vn 0.6422 -0.0000 0.7665
vn 0.6687 0.0179 0.7433
vn -0.1471 0.0029 0.9891
vn -0.1533 -0.0011 0.9882
vn -0.6551 -0.0369 0.7546
vn -0.5999 0.0031 0.8000
vn -0.9993 0.0039 0.0369
vn -0.9997 -0.0031 0.0262
vn 0.1828 -0.9667 -0.1789
vn 0.0288 -0.9984 -0.0479
vn -0.0335 -0.8017 -0.5968
vn 0.1644 -0.9864 -0.0065
vn -0.6855 -0.6860 0.2440
vn 0.6078 0.1916 0.7706
vn -0.0665 -0.9788 -0.1937
vn -0.0653 -0.9796 -0.1902
vn 0.0589 -0.9979 -0.0269
vn 0.8515 -0.0352 -0.5232
vn 0.8270 0.0028 -0.5622
vn 0.9931 0.0129 0.1162
vn 0.9970 0.0345 0.0692
vn 0.6071 0.0319 0.7940
vn 0.5069 0.0000 0.8620
vn 0.8516 -0.0000 0.5242
vn 0.8631 0.0101 0.5050
vn 0.2848 0.0090 0.9585
vn 0.2965 0.0145 0.9549
vn -0.8897 0.0152 0.4563
vn -0.9082 0.0000 0.4186
vn -0.9239 0.0000 0.3827
vn -0.9239 0.0000 0.3827
vn -0.9914 0.0000 -0.1305
vn -0.9914 0.0000 -0.1305
vn -0.7934 0.0000 -0.6088
vn -0.7934 0.0000 -0.6088
vn -0.3827 0.0000 -0.9239
vn -0.3827 0.0000 -0.9239
vn 0.1189 0.0000 -0.9929
vn 0.1731 -0.0420 -0.9840
vn 0.1389 -0.9579 -0.2513
vn -0.0605 -0.9971 -0.0457
vn -0.0572 -0.9959 -0.0700
vn -0.2622 -0.8403 0.4745
vn -0.9201 -0.0905 0.3811
vn -0.3514 -0.9351 -0.0463
vn 0.0538 -0.9881 -0.1443
vn 0.0254 -0.9914 -0.1281
vn 0.0000 -1.0000 0.0000
vn -0.0773 -0.9919 -0.1008
vn -0.8724 0.0000 -0.4888
vn -0.8762 0.0051 -0.4819
vn -0.1970 0.0209 -0.9802
vn -0.1816 0.0130 -0.9833
vn 0.1767 0.0050 -0.9843
vn 0.1848 0.0000 -0.9828
vn 0.7116 0.0000 -0.7026
vn 0.6826 0.0189 -0.7305
vn 0.9919 0.0146 -0.1262
vn 0.9928 0.0104 -0.1192
vn 0.8503 0.0034 0.5262
vn 0.8480 0.0000 0.5300
vn 0.3827 -0.0000 0.9239
vn 0.3827 0.0000 0.9239
vn -0.3089 0.0000 0.9511
vn -0.2307 0.0624 0.9710
vn -0.8490 -0.0541 0.5256
vn -0.8161 0.0000 0.5780
vn -0.9914 0.0000 -0.1305
vn -0.9914 0.0000 -0.1305
vn -0.0760 -0.9968 0.0237
vn -0.0551 -0.9978 0.0363
vn 0.1229 -0.9895 0.0760
vn 0.0675 -0.9843 0.1628
vn -0.0184 -0.9968 0.0773
vn -0.0132 -0.9961 0.0875
vn 0.0000 -1.0000 0.0000
vn -0.2742 -0.9567 0.0979
vn 0.7600 0.0374 -0.6488
vn 0.7978 -0.0029 -0.6029
vn 0.9791 0.0060 -0.2032
vn 0.9810 0.0000 -0.1939
vn 0.9239 -0.0000 0.3827
vn 0.9239 0.0000 0.3827
vn 0.5566 -0.0000 0.8308
vn 0.5487 -0.0060 0.8360
vn -0.0110 0.0058 0.9999
vn -0.0199 0.0000 0.9998
vn -0.3289 0.0000 0.9444
vn -0.3621 -0.0181 0.9320
vn -0.9797 0.0344 0.1974
vn -0.9916 0.0000 0.1290
vn -0.9995 0.0000 0.0305
vn -0.9987 0.0126 0.0502
vn -0.5530 -0.0506 -0.8316
vn -0.6142 0.0116 -0.7890
vn -0.1692 0.0341 -0.9850
vn -0.1196 0.0083 -0.9928
vn 0.0335 -0.9981 0.0511
vn -0.1763 -0.9526 -0.2480
vn -0.0000 -1.0000 0.0000
vn 0.0602 -0.9982 0.0028
vn 0.0608 -0.9694 0.2377
vn 0.4260 -0.8436 -0.3269
vn -0.2648 -0.9426 0.2032
vn -0.0017 -0.9965 0.0841
vn -0.9703 0.0111 -0.2415
vn -0.8503 0.0000 0.5262
vn -0.2168 0.0000 0.9762
vn 0.5475 0.0199 0.8366
vn 0.8759 0.0046 -0.4825
vn 0.2660 0.0072 -0.9640
vn -0.5045 0.0097 -0.8633
vn -0.8687 0.0366 -0.4941
vn -0.4164 0.1247 -0.9006
vn -0.4517 0.0000 -0.8922
vn -0.3332 0.0000 -0.9428
vn -0.2622 0.0709 -0.9624
vn -0.2539 0.0478 -0.9660
vn 0.3586 0.0927 -0.9289
vn 0.3354 0.0000 -0.9421
vn 0.4460 0.0000 -0.8950
vn 0.5176 0.0470 -0.8543
vn 0.9139 0.0000 -0.4060
vn 0.9188 0.0573 -0.3904
vn 0.9767 0.0178 -0.2137
vn 0.9528 0.0000 -0.3036
vn 0.9237 0.0204 0.3826
vn 0.9242 0.0169 0.3815
vn 0.5396 0.0178 0.8417
vn 0.4591 0.0000 0.8884
vn 0.3774 -0.0000 0.9261
vn 0.3587 0.0500 0.9321
vn -0.2636 0.1094 0.9584
vn -0.2383 0.0180 0.9710
vn -0.3928 -0.0160 0.9195
vn -0.4280 0.0694 0.9011
vn -0.8626 0.0478 0.5036
vn -0.8733 0.2517 0.4172
vn -0.8681 0.0000 0.4963
vn -0.9353 0.0000 0.3537
vn -0.9473 0.0788 0.3105
vn -0.8772 0.0855 -0.4725
vn -0.9077 -0.0000 -0.4196
vn -0.9579 -0.0000 -0.2873
vn -0.9346 0.1471 -0.3238
vn -0.5015 0.0000 -0.8652
vn -0.6221 -0.0000 -0.7830
vn -0.6221 0.0000 -0.7830
vn -0.7669 -0.0000 -0.6417
vn -0.7669 0.0000 -0.6417
vn -0.8569 -0.0000 -0.5154
vn -0.8569 0.0000 -0.5154
vn 0.2695 0.0000 -0.9630
vn 0.1389 0.0000 -0.9903
vn 0.1389 0.0000 -0.9903
vn -0.0633 -0.0000 -0.9980
vn -0.0633 0.0000 -0.9980
vn -0.2292 -0.0000 -0.9734
vn -0.2292 0.0000 -0.9734
vn 0.8778 0.0000 -0.4791
vn 0.8135 0.0000 -0.5816
vn 0.8135 0.0000 -0.5816
vn 0.6797 0.0000 -0.7335
vn 0.6797 0.0000 -0.7335
vn 0.5370 0.0000 -0.8436
vn 0.5278 0.0176 -0.8492
vn 0.9553 0.0001 0.2956
vn 0.9818 -0.0023 0.1899
vn 0.9820 0.0000 0.1889
vn 0.9999 0.0000 -0.0127
vn 0.9999 0.0000 -0.0127
vn 0.9789 0.0000 -0.2044
vn 0.9767 0.0180 -0.2137
vn 0.5448 0.0000 0.8386
vn 0.6981 0.0000 0.7160
vn 0.6981 0.0000 0.7160
vn 0.8283 0.0000 0.5603
vn 0.8279 -0.0013 0.5608
vn 0.8847 0.0001 0.4661
vn -0.2168 0.0000 0.9762
vn -0.0380 0.0000 0.9993
vn -0.0380 0.0000 0.9993
vn 0.1639 0.0000 0.9865
vn 0.1639 0.0000 0.9865
vn 0.2782 0.0000 0.9605
vn 0.2874 0.0031 0.9578
vn -0.8503 0.0000 0.5262
vn -0.7504 0.0000 0.6609
vn -0.7504 0.0000 0.6609
vn -0.6020 0.0000 0.7985
vn -0.6020 0.0000 0.7985
vn -0.4936 0.0000 0.8697
vn -0.4847 0.0059 0.8747
vn -0.9697 0.0000 -0.2445
vn -0.9961 -0.0000 -0.0886
vn -0.9961 0.0000 -0.0886
vn -0.9935 0.0000 0.1138
vn -0.9935 0.0000 0.1138
vn -0.9673 0.0000 0.2537
vn -0.9645 0.0088 0.2638
vn -0.0061 0.9999 -0.0121
vn -0.0087 0.9999 -0.0110
vn -0.0110 0.9999 -0.0079
vn -0.0102 0.9999 -0.0085
vn -0.0064 0.9999 -0.0159
vn -0.0146 0.9999 -0.0078
vn -0.0103 0.9997 -0.0221
vn -0.0168 0.9998 -0.0125
vn -0.0447 0.9990 -0.0056
vn -0.0055 0.9998 -0.0203
vn 0.0140 0.9997 -0.0178
vn -0.0010 0.9999 -0.0150
vn 0.0085 0.9999 -0.0120
vn 0.0017 0.9999 -0.0120
vn -0.0102 0.9998 -0.0183
vn 0.0055 0.9999 -0.0155
vn 0.0109 0.9999 -0.0113
vn 0.0078 0.9999 -0.0128
vn 0.0135 0.9999 -0.0049
vn 0.0082 0.9999 -0.0088
vn 0.0067 0.9999 -0.0119
vn 0.0107 0.9999 -0.0077
vn 0.0093 0.9999 -0.0132
vn 0.0138 0.9999 -0.0061
vn 0.0139 0.9999 -0.0055
vn 0.0148 0.9999 -0.0032
vn 0.0147 0.9999 -0.0023
vn 0.0152 0.9999 -0.0002
vn 0.0148 0.9999 0.0009
vn 0.0149 0.9999 0.0029
vn 0.0161 0.9999 0.0004
vn 0.0153 0.9999 0.0063
vn 0.0149 0.9999 0.0068
vn 0.0135 0.9999 0.0092
vn 0.0045 0.9999 0.0146
vn 0.0091 0.9999 0.0094
vn 0.0151 0.9999 0.0071
vn 0.0081 0.9999 0.0127
vn 0.0080 0.9999 0.0127
vn 0.0054 0.9999 0.0141
vn 0.0607 0.9981 0.0140
vn 0.0034 0.9998 0.0203
vn -0.0151 0.9998 0.0137
vn -0.0006 0.9999 0.0147
vn -0.0086 0.9999 0.0100
vn -0.0028 0.9999 0.0115
vn 0.0138 0.9996 0.0259
vn -0.0189 0.9998 0.0110
vn -0.0065 0.9999 0.0137
vn -0.0167 0.9998 0.0048
vn -0.0208 0.9998 0.0034
vn -0.0144 0.9999 -0.0043
vn -0.0151 0.9999 -0.0010
vn -0.0149 0.9999 -0.0013
vn -0.0150 0.9999 0.0024
vn -0.0148 0.9999 0.0017
vn -0.0143 0.9999 0.0056
vn -0.0141 0.9999 0.0046
vn -0.0109 0.9998 0.0143
vn -0.0112 0.9999 0.0064
vn -0.0063 0.9999 0.0155
vn -0.0082 0.9999 0.0072
vn -0.0067 0.9999 0.0089
vn 0.0000 1.0000 0.0000
vn 0.0000 1.0000 0.0000
vn 0.0000 1.0000 0.0000
vn 0.0000 1.0000 0.0000
vn 0.0000 1.0000 0.0000
vn -0.0000 1.0000 -0.0000
vn 0.0000 1.0000 0.0000
vn -0.0000 1.0000 -0.0000
vn -0.0000 1.0000 -0.0000
vn 0.0000 1.0000 0.0000
vn 0.0000 1.0000 0.0000
vn -0.0000 1.0000 -0.0000
vn 0.0000 1.0000 0.0000
vn 0.0000 1.0000 -0.0000
vn -0.0000 1.0000 0.0000
vn -0.0000 1.0000 0.0000
vn 0.0000 1.0000 0.0000
vn -0.0000 1.0000 0.0000
vn 0.0000 1.0000 0.0000
vn 0.0000 1.0000 0.0000
vn 0.0000 1.0000 0.0000
vn 0.0000 1.0000 0.0000
vn 0.0000 1.0000 0.0000
vn 0.0000 1.0000 -0.0000
vn 0.0000 1.0000 0.0000
vn 0.0000 1.0000 -0.0000
vn 0.9408 -0.0053 0.3391
vn 0.9444 0.0000 0.3289
vn 0.9057 0.0000 -0.4240
vn 0.9094 -0.0044 -0.4159
vn 0.5070 0.0046 -0.8619
vn 0.5151 0.0000 -0.8571
vn -0.0561 -0.0000 -0.9984
vn -0.0561 0.0000 -0.9984
vn -0.4838 -0.0000 -0.8752
vn -0.4838 0.0000 -0.8752
vn -0.8156 -0.0000 -0.5786
vn -0.8156 0.0000 -0.5786
vn -0.9914 -0.0000 -0.1305
vn -0.9914 0.0000 -0.1305
vn -0.9239 0.0000 0.3827
vn -0.9239 0.0000 0.3827
vn -0.6088 0.0000 0.7934
vn -0.6088 0.0000 0.7934
vn -0.1305 0.0000 0.9914
vn -0.1305 0.0000 0.9914
vn 0.5358 0.0000 0.8444
vn 0.5445 0.0058 0.8387
vn 0.9995 0.0000 0.0330
vn 0.9998 0.0061 0.0199
vn 0.8426 -0.0059 -0.5385
vn 0.8360 0.0000 -0.5487
vn 0.3827 0.0000 -0.9239
vn 0.3827 0.0000 -0.9239
vn -0.1939 -0.0000 -0.9810
vn -0.2032 0.0044 -0.9791
vn -0.7148 -0.0043 -0.6993
vn -0.7210 0.0000 -0.6929
vn -0.9914 -0.0000 -0.1305
vn -0.9914 0.0000 -0.1305
vn -0.9239 0.0000 0.3827
vn -0.9239 0.0000 0.3827
vn -0.6088 0.0000 0.7934
vn -0.6088 0.0000 0.7934
vn -0.1305 0.0000 0.9914
vn -0.1305 0.0000 0.9914
vn 0.3827 0.0000 0.9239
vn 0.3827 0.0000 0.9239
vn 0.7934 0.0000 0.6088
vn 0.7934 0.0000 0.6088
vn 0.9407 -0.0097 0.3390
vn 0.9475 0.0000 0.3198
vn 0.9057 0.0000 -0.4240
vn 0.9057 0.0000 -0.4240
vn 0.5070 0.0000 -0.8619
vn 0.5070 0.0000 -0.8619
vn -0.0561 -0.0000 -0.9984
vn -0.0561 0.0000 -0.9984
vn -0.6149 -0.0000 -0.7886
vn -0.6165 0.0010 -0.7874
vn -0.9649 -0.0011 -0.2627
vn -0.9655 0.0000 -0.2605
vn -0.9239 0.0000 0.3827
vn -0.9239 0.0000 0.3827
vn -0.6088 0.0000 0.7934
vn -0.6088 0.0000 0.7934
vn -0.1305 0.0000 0.9914
vn -0.1305 0.0000 0.9914
vn 0.5358 0.0000 0.8444
vn 0.5514 0.0104 0.8342
vn 0.0000 1.0000 -0.0000
vn 0.0000 1.0000 0.0000
vn -0.0000 1.0000 0.0000
vn 0.0000 1.0000 0.0000
vn 0.0000 1.0000 -0.0000
vn 0.0000 1.0000 0.0000
vn 0.0000 1.0000 0.0000
vn 0.0000 1.0000 0.0000
vn 0.0000 1.0000 0.0000
vn 0.0000 1.0000 0.0000
vn 0.0000 1.0000 0.0000
vn 0.0000 1.0000 0.0000
vn 0.0000 1.0000 0.0000
vn 0.0000 1.0000 0.0000
vn 0.0000 1.0000 0.0000
vn 0.0000 1.0000 0.0000
vn 0.0000 1.0000 0.0000
vn 0.0000 1.0000 0.0000
vn 0.0000 1.0000 0.0000
vn 0.0000 1.0000 0.0000
vn 0.0000 1.0000 -0.0000
vn 0.0000 1.0000 0.0000
vn 0.0000 1.0000 0.0000
vn 0.0000 1.0000 0.0000
vn 0.0000 1.0000 -0.0000
vn 0.0000 1.0000 0.0000
vn -0.0000 1.0000 0.0000
vn 0.0000 1.0000 0.0000
vn 0.0000 1.0000 -0.0000
vn 0.0000 1.0000 0.0000
vn 0.0000 1.0000 -0.0000
vn 0.0000 1.0000 0.0000
vn 0.0000 1.0000 0.0000
vn -0.0000 1.0000 0.0000
vn 0.0000 1.0000 0.0000
vn 0.0000 1.0000 0.0000
vn -0.0000 1.0000 0.0000
vn -0.0000 1.0000 0.0000
vn 0.0000 1.0000 0.0000
vn 0.0000 1.0000 0.0000
vn 0.0000 1.0000 0.0000
vn 0.0000 1.0000 0.0000
vn 0.0000 1.0000 0.0000
vn 0.0000 1.0000 0.0000
vn 0.0000 1.0000 0.0000
vn 0.0000 1.0000 0.0000
vn 0.0000 1.0000 0.0000
vn 0.0000 1.0000 0.0000
vn 0.0000 1.0000 0.0000
vn -0.0000 1.0000 0.0000
vn 0.0000 1.0000 0.0000
vn 0.0000 1.0000 0.0000
vn -0.0000 1.0000 0.0000
vn 0.0000 1.0000 0.0000
vn -0.0000 1.0000 -0.0000
vn 0.0000 1.0000 -0.0000
vn -0.0000 1.0000 0.0000
vn 0.0000 1.0000 0.0000
vn -0.0000 1.0000 0.0000
vn 0.0000 1.0000 0.0000
vn -0.0000 1.0000 0.0000
vn 0.0000 1.0000 0.0000
vn 0.0000 1.0000 -0.0000
vn 0.0000 1.0000 0.0000
vn 0.0000 1.0000 -0.0000
vn 0.0000 1.0000 0.0000
vn 0.0000 1.0000 -0.0000
vn 0.0000 1.0000 0.0000
vn 0.8083 0.5408 0.2328
vn 0.8341 0.4902 0.2530
vn 0.8272 0.5497 0.1162
vn 0.7053 0.7055 0.0695
vn 0.6889 0.6891 -0.2248
vn 0.8076 0.5843 -0.0795
vn 0.7116 0.7023 -0.0212
vn 0.6517 0.6975 -0.2979
vn 0.7674 0.5974 -0.2328
vn 0.6948 0.7020 -0.1564
vn 0.5939 0.7004 -0.3959
vn 0.7036 0.6030 -0.3761
vn 0.6550 0.7012 -0.2815
vn 0.5479 0.7055 -0.4496
vn 0.6275 0.5382 -0.5626
vn 0.6054 0.6983 -0.3820
vn 0.4496 0.7054 -0.5479
vn 0.5061 0.5365 -0.6753
vn 0.5564 0.6918 -0.4602
vn 0.3341 0.7054 -0.6251
vn 0.3622 0.5559 -0.7482
vn 0.5143 0.6798 -0.5228
vn 0.2058 0.7054 -0.6783
vn 0.2093 0.5644 -0.7986
vn 0.2681 0.7007 -0.6611
vn 0.0695 0.7054 -0.7054
vn 0.0455 0.5354 -0.8434
vn 0.1906 0.6941 -0.6942
vn -0.0695 0.7054 -0.7054
vn -0.1139 0.5581 -0.8219
vn 0.0992 0.6868 -0.7201
vn -0.2373 0.7033 -0.6701
vn -0.2318 0.6021 -0.7641
vn -0.3524 0.5579 -0.7514
vn -0.3764 0.6021 -0.7041
vn -0.2947 0.7023 -0.6480
vn -0.5158 0.6986 -0.4958
vn -0.5105 0.5937 -0.6220
vn -0.4037 0.7010 -0.5879
vn -0.5480 0.7053 -0.4497
vn -0.6782 0.5317 -0.5073
vn -0.4991 0.6993 -0.5118
vn -0.6251 0.7054 -0.3341
vn -0.7373 0.5716 -0.3600
vn -0.7539 0.5543 -0.3525
vn -0.8019 0.5521 -0.2281
vn -0.8341 0.4902 -0.2530
vn -0.8272 0.5497 -0.1162
vn -0.7053 0.7055 -0.0695
vn -0.6889 0.6891 0.2248
vn -0.8076 0.5843 0.0795
vn -0.7116 0.7023 0.0212
vn -0.6517 0.6975 0.2979
vn -0.7674 0.5974 0.2328
vn -0.6948 0.7020 0.1564
vn -0.5939 0.7004 0.3959
vn -0.7036 0.6030 0.3761
vn -0.6550 0.7012 0.2815
vn -0.5479 0.7055 0.4496
vn -0.6275 0.5382 0.5626
vn -0.6054 0.6983 0.3820
vn -0.4496 0.7054 0.5479
vn -0.5078 0.5294 0.6796
vn -0.5615 0.6908 0.4556
vn -0.3341 0.7054 0.6251
vn -0.3622 0.5559 0.7482
vn -0.5143 0.6798 0.5228
vn -0.2058 0.7054 0.6783
vn -0.2092 0.5806 0.7868
vn -0.2600 0.7015 0.6636
vn -0.0695 0.7054 0.7054
vn -0.0455 0.5354 0.8434
vn -0.1906 0.6941 0.6942
vn 0.0695 0.7054 0.7054
vn 0.1139 0.5581 0.8219
vn -0.0992 0.6868 0.7201
vn 0.2373 0.7033 0.6701
vn 0.2318 0.6021 0.7641
vn 0.3587 0.5552 0.7504
vn 0.3796 0.5928 0.7102
vn 0.2907 0.7019 0.6502
vn 0.5109 0.6993 0.4999
vn 0.5069 0.6014 0.6176
vn 0.4073 0.7014 0.5849
vn 0.5480 0.7053 0.4497
vn 0.6782 0.5317 0.5073
vn 0.4991 0.6993 0.5118
vn 0.6251 0.7054 0.3341
vn 0.7373 0.5716 0.3600
vn 0.7644 0.5430 0.3476
vn 0.7808 -0.3790 0.4967
vn 0.6492 -0.3811 0.6582
vn 0.4937 -0.3751 0.7846
vn 0.2549 -0.2762 0.9267
vn 0.0445 -0.3133 0.9486
vn -0.1674 -0.3933 0.9041
vn -0.3438 -0.1430 0.9281
vn -0.4883 -0.2863 0.8244
vn -0.7671 -0.3822 0.5153
vn -0.6482 -0.3380 0.6823
vn -0.8580 -0.3873 0.3374
vn -0.9259 -0.3488 0.1451
vn -0.9596 -0.2747 -0.0614
vn -0.7808 -0.3789 -0.4967
vn -0.6525 -0.3730 -0.6596
vn -0.4920 -0.3719 -0.7872
vn -0.2549 -0.2762 -0.9267
vn -0.0445 -0.3133 -0.9486
vn 0.1664 -0.3780 -0.9107
vn 0.3450 -0.1403 -0.9281
vn 0.4877 -0.2940 -0.8220
vn 0.7671 -0.3822 -0.5153
vn 0.6465 -0.3424 -0.6818
vn 0.8580 -0.3873 -0.3374
vn 0.9259 -0.3488 -0.1451
vn 0.9596 -0.2747 0.0614
vn -0.4933 0.0329 0.8692
vn -0.3999 0.1475 0.9046
vn -0.5097 0.0306 0.8598
vn -0.3119 0.2062 0.9275
vn -0.8444 0.4641 0.2676
vn -0.9313 0.2661 0.2485
vn -0.7559 0.3974 0.5204
vn -0.7772 0.2835 0.5618
vn -0.6979 0.2826 0.6581
vn -0.7327 0.2002 0.6504
vn 0.2009 0.0035 -0.9796
vn 0.7454 -0.2208 -0.6290
vn 0.3614 0.1040 -0.9266
vn 0.0959 -0.1359 -0.9861
vn 0.1945 0.2101 -0.9581
vn 0.1718 0.1735 -0.9697
vn 0.2036 0.3810 -0.9019
vn 0.1796 -0.8747 -0.4502
vn 0.3947 0.0000 -0.9188
vn 0.4211 -0.0116 -0.9069
vn 0.3986 -0.0283 -0.9167
vn 0.3723 -0.0772 -0.9249
vn 0.1756 -0.0855 -0.9807
vn 0.1903 -0.1327 -0.9727
vn 0.2289 -0.0016 -0.9734
vn 0.2334 -0.0032 -0.9724
vn 0.0415 0.1123 -0.9928
vn -0.2309 0.9711 -0.0597
vn -0.7347 0.6772 0.0406
vn -0.4828 0.8668 -0.1249
vn -0.9153 0.3259 -0.2367
vn -0.9153 0.3259 -0.2367
vn -0.9681 0.0016 -0.2504
vn -0.9681 0.0016 -0.2504
vn 0.9714 0.0149 0.2369
vn 0.9681 0.0114 0.2504
vn 0.0148 0.9998 0.0147
vn 0.0010 0.9991 0.0429
vn -0.9681 0.0000 -0.2504
vn -0.9681 0.0000 -0.2504
vn 0.8282 0.5179 0.2142
vn 0.6410 0.7494 0.1658
vn 0.6410 0.7494 0.1658
vn 0.3953 0.9128 0.1022
vn 0.3953 0.9128 0.1022
vn 0.0556 0.9984 0.0144
vn -0.6002 0.7846 -0.1552
vn -0.8306 0.5137 -0.2148
vn -0.8306 0.5137 -0.2148
vn -0.9527 0.1778 -0.2464
vn -0.9527 0.1778 -0.2464
vn -0.2336 -0.4483 0.8628
vn -0.1789 -0.0912 0.9796
vn -0.2039 -0.1428 0.9685
vn -0.4160 0.0003 0.9094
vn -0.2156 0.8304 0.5137
vn -0.2398 0.0241 0.9705
vn -0.1106 -0.3369 0.9350
vn -0.4226 -0.0016 0.9063
vn -0.3857 0.0257 0.9223
vn -0.2569 0.2452 0.9348
vn -0.2266 -0.2607 0.9384
vn -0.1565 -0.0820 0.9843
vn -0.4220 0.0000 0.9066
vn -0.4172 0.0021 0.9088
vn -0.3588 -0.0209 0.9332
vn -0.3218 -0.0453 0.9457
vn 0.6746 0.7171 0.1753
vn -0.2556 0.3914 0.8840
vn -0.2504 -0.0000 0.9681
vn -0.4942 -0.0600 0.8673
vn -0.2987 0.2533 0.9201
vn -0.0117 0.0108 0.9999
vn -0.0611 -0.8715 0.4866
vn -0.3020 -0.1245 0.9451
vn -0.3176 -0.0803 0.9448
vn -0.0544 0.0000 0.9985
vn -0.0958 -0.0283 0.9950
vn -0.1228 -0.0772 0.9894
vn -0.1271 -0.0104 0.9918
vn -0.0464 0.1775 0.9830
vn -0.2009 0.0016 0.9796
vn -0.2141 -0.0037 0.9768
vn -0.4579 0.1483 0.8766
vn 0.9522 0.1805 0.2463
vn 0.9522 0.1805 0.2463
vn 0.8282 0.5179 0.2142
vn 0.8282 0.5179 0.2142
vn 0.6410 0.7494 0.1658
vn 0.0556 0.9984 0.0144
vn -0.2917 0.9535 -0.0754
vn -0.2917 0.9535 -0.0754
vn -0.6002 0.7846 -0.1552
vn -0.6002 0.7846 -0.1552
vn -0.8306 0.5137 -0.2148
vn 0.9681 -0.0000 0.2504
vn 0.9681 0.0000 0.2504
vn -0.0205 0.9971 0.0735
vn 0.0170 0.9998 0.0044
vn -0.2309 0.9711 -0.0597
vn -0.2309 0.9711 -0.0597
vn -0.6405 0.7499 -0.1656
vn -0.6405 0.7499 -0.1656
vn -0.9153 0.3259 -0.2367
vn -0.9153 0.3259 -0.2367
vn -0.9681 0.0016 -0.2504
vn -0.9681 0.0016 -0.2504
vn 0.9519 0.0021 0.3064
vn 0.9680 0.0149 0.2504
vn 0.0409 -0.0065 -0.9991
vn 0.7958 -0.4310 -0.4254
vn 0.2504 -0.0000 -0.9681
vn 0.2504 0.0000 -0.9681
vn -0.0432 -0.7248 -0.6876
vn 0.3242 -0.2764 -0.9047
vn 0.2666 -0.4664 -0.8434
vn 0.0603 0.8234 -0.5642
vn 0.0344 0.0016 -0.9994
vn 0.0374 0.0003 -0.9993
vn 0.0818 0.0308 -0.9962
vn 0.2227 0.2904 -0.9306
vn -0.3449 0.6255 -0.6998
vn 0.4364 -0.2535 -0.8633
vn 0.3023 0.1254 -0.9449
vn 0.0064 0.0000 -1.0000
vn 0.0878 -0.0301 -0.9957
vn 0.1435 -0.0655 -0.9875
vn 0.5918 0.7912 0.1539
vn 0.2504 0.0000 -0.9681
vn 0.2504 0.0000 -0.9681
vn 0.1138 0.0893 -0.9895
vn 0.1781 0.1479 -0.9728
vn 0.0131 -0.3858 -0.9225
vn 0.3930 0.1859 -0.9006
vn 0.2671 -0.3801 -0.8855
vn 0.2504 -0.0000 -0.9681
vn 0.0344 0.0016 -0.9994
vn 0.0374 0.0003 -0.9993
vn 0.0818 0.0308 -0.9962
vn 0.1138 0.0888 -0.9895
vn 0.3195 0.0826 -0.9440
vn 0.1743 0.3911 -0.9037
vn 0.2504 0.0000 -0.9681
vn 0.5707 -0.1343 -0.8101
vn 0.3474 0.0372 -0.9370
vn 0.3227 0.0785 -0.9432
vn -0.2309 0.9711 -0.0597
vn -0.2309 0.9711 -0.0597
vn -0.6405 0.7499 -0.1656
vn -0.6405 0.7499 -0.1656
vn -0.9153 0.3259 -0.2367
vn -0.9153 0.3259 -0.2367
vn -0.9681 0.0016 -0.2504
vn -0.9681 0.0016 -0.2504
vn 0.9642 0.0114 0.2649
vn 0.9680 0.0148 0.2504
vn -0.0386 0.9944 0.0979
vn 0.0267 0.9991 -0.0319
vn 0.9522 0.1805 0.2463
vn 0.3953 0.9128 0.1022
vn 0.0556 0.9984 0.0144
vn 0.0556 0.9984 0.0144
vn -0.2917 0.9535 -0.0754
vn 0.9681 -0.0000 0.2504
vn 0.9681 0.0000 0.2504
vn -0.2504 0.0000 0.9681
vn -0.2834 0.1517 0.9469
vn -0.3860 0.1259 0.9138
vn -0.1343 0.4550 0.8803
vn -0.2504 -0.0000 0.9681
vn -0.2504 -0.0000 0.9681
vn -0.2720 0.4127 0.8693
vn -0.0546 -0.2738 0.9602
vn -0.2504 0.0000 0.9681
vn -0.2504 0.0000 0.9681
vn -0.3452 -0.1827 0.9206
vn -0.3634 0.0410 0.9307
vn -0.3368 0.1041 0.9358
vn -0.0344 0.0016 0.9994
vn -0.0302 0.0033 0.9995
vn -0.0991 0.0281 0.9947
vn -0.3767 0.2019 0.9041
vn 0.5955 0.7881 0.1554
vn -0.2043 -0.3288 0.9220
vn -0.5042 -0.0609 0.8614
vn -0.2892 -0.0075 0.9572
vn -0.0845 0.2933 0.9523
vn -0.4160 0.0003 0.9094
vn -0.2504 0.0000 0.9681
vn -0.2875 0.3881 0.8756
vn -0.1775 0.0834 0.9806
vn -0.4226 -0.0016 0.9063
vn -0.3857 0.0257 0.9223
vn -0.3643 0.0655 0.9290
vn -0.3634 0.0410 0.9307
vn -0.3368 0.1041 0.9358
vn -0.2504 0.0000 0.9681
vn -0.2504 0.0000 0.9681
vn 0.1756 -0.1546 0.9723
vn -0.1718 0.0726 0.9825
vn -0.1817 0.0887 0.9793
vn -0.9681 0.0000 -0.2504
vn -0.9681 0.0000 -0.2504
vn 0.8282 0.5179 0.2142
vn 0.6410 0.7494 0.1658
vn 0.3953 0.9128 0.1022
vn 0.0556 0.9984 0.0144
vn 0.0556 0.9984 0.0144
vn -0.2917 0.9535 -0.0754
vn -0.8306 0.5137 -0.2148
vn -0.9527 0.1778 -0.2464
vn -0.9527 0.1778 -0.2464
vn 0.0345 0.9965 -0.0755
vn 0.0000 1.0000 0.0000
vn -0.2309 0.9711 -0.0597
vn -0.2309 0.9711 -0.0597
vn -0.6405 0.7499 -0.1656
vn -0.6405 0.7499 -0.1656
vn -0.9153 0.3259 -0.2367
vn -0.9153 0.3259 -0.2367
vn -0.9681 0.0016 -0.2504
vn -0.9681 0.0016 -0.2504
vn 0.9777 0.0148 0.2097
vn 0.9681 0.0055 0.2504
vn 0.4160 0.0026 -0.9094
vn 0.2504 -0.0000 -0.9681
vn 0.1138 0.0893 -0.9895
vn 0.1781 0.1479 -0.9728
vn 0.1945 0.2101 -0.9581
vn 0.3049 0.3923 -0.8678
vn 0.2504 0.0000 -0.9681
vn 0.2504 -0.0000 -0.9681
vn 0.2504 0.0000 -0.9681
vn 0.2504 -0.0000 -0.9681
vn 0.2504 -0.0000 -0.9681
vn 0.1291 -0.2074 -0.9697
vn 0.4182 -0.2734 -0.8663
vn 0.1833 0.4119 -0.8926
vn 0.4368 -0.0016 -0.8996
vn 0.3723 0.0235 -0.9278
vn 0.1321 0.1696 -0.9766
vn 0.0429 -0.0006 -0.9991
vn 0.4406 -0.1023 -0.8919
vn 0.3715 -0.0527 -0.9269
vn 0.3231 -0.0976 -0.9413
vn 0.4141 0.2844 -0.8647
vn 0.0888 -0.2407 -0.9665
vn 0.2043 0.3862 -0.8995
vn 0.2504 -0.0000 -0.9681
vn 0.2009 0.0016 -0.9796
vn 0.2223 -0.0071 -0.9749
vn 0.2364 0.0026 -0.9716
vn 0.3481 0.2187 -0.9116
vn 0.1780 -0.0829 -0.9805
vn 0.2722 -0.4123 -0.8694
vn 0.0399 0.0000 -0.9992
vn 0.1117 -0.0258 -0.9934
vn 0.1599 -0.0557 -0.9856
vn -0.1834 0.9561 -0.2287
vn -0.6335 0.7496 -0.1917
vn -0.4878 0.8255 -0.2839
vn -0.8651 0.3220 -0.3847
vn -0.9640 0.0922 -0.2493
vn -0.9681 0.0016 -0.2504
vn -0.9681 0.0016 -0.2504
vn 0.9683 0.0150 0.2495
vn 0.9680 0.0148 0.2504
vn 0.0159 0.9998 0.0076
vn 0.0557 0.9952 -0.0805
vn 0.2112 0.9759 0.0546
vn -0.2093 0.9687 0.1333
vn -0.9833 0.1691 -0.0673
vn -0.6405 0.7499 -0.1656
vn -0.9008 0.3664 -0.2330
vn -0.9182 0.3263 -0.2247
vn -0.9657 0.0714 -0.2497
vn 0.9523 0.1805 0.2463
vn 0.9522 0.1805 0.2463
vn 0.8282 0.5179 0.2142
vn 0.8282 0.5178 0.2142
vn 0.6410 0.7494 0.1658
vn 0.6410 0.7494 0.1658
vn 0.3953 0.9128 0.1022
vn -0.2917 0.9535 -0.0754
vn -0.6002 0.7846 -0.1552
vn -0.6002 0.7846 -0.1552
vn -0.8306 0.5137 -0.2148
vn 0.9681 -0.0000 0.2504
vn 0.9681 0.0000 0.2504
vn 0.0000 1.0000 0.0000
vn 0.0046 0.9989 0.0460
vn -0.9689 0.0000 -0.2475
vn -0.9681 0.0016 -0.2504
vn -0.2049 0.2554 0.9449
vn -0.1745 -0.0967 0.9799
vn -0.3097 -0.3623 0.8791
vn -0.4160 0.0003 0.9094
vn 0.0153 -0.9352 0.3539
vn -0.2504 0.0000 0.9681
vn -0.2504 0.0000 0.9681
vn -0.4226 -0.0016 0.9063
vn -0.1386 0.1921 0.9715
vn -0.2504 0.0000 0.9681
vn -0.2198 -0.3118 0.9244
vn -0.1146 -0.0662 0.9912
vn -0.2504 0.0000 0.9681
vn -0.2504 -0.0000 0.9681
vn -0.2504 -0.0000 0.9681
vn -0.2504 0.0000 0.9681
vn 0.6058 -0.7488 -0.2687
vn 0.5370 -0.7774 -0.3277
vn 0.3189 -0.8809 -0.3498
vn 0.6470 -0.6842 -0.3366
vn 0.5359 -0.6731 -0.5096
vn 0.5186 -0.7289 -0.4470
vn 0.3514 -0.3517 -0.8676
vn 0.9682 0.0000 0.2502
vn 0.9686 -0.0043 0.2484
vn -0.1024 -0.9889 -0.1072
vn -0.7404 -0.1866 -0.6457
vn -0.7999 -0.0937 -0.5928
vn -0.7190 -0.3912 -0.5745
vn -0.5164 -0.5171 -0.6826
vn -0.3260 -0.8508 -0.4122
vn -0.3062 -0.9491 -0.0741
vn -0.1590 -0.9468 -0.2799
vn -0.8210 -0.4579 -0.3409
vn -0.8433 -0.4019 -0.3568
vn -0.5944 -0.1873 -0.7821
vn -0.6963 -0.0954 -0.7114
vn -0.5629 -0.3582 -0.7449
vn -0.6720 -0.5217 -0.5255
vn -0.5707 -0.7421 -0.3514
vn -0.5631 -0.7517 -0.3433
vn -0.8315 -0.4482 -0.3282
vn -0.8026 -0.1853 -0.5669
vn -0.9704 0.2120 -0.1152
vn -0.9054 -0.1611 -0.3928
vn -0.3654 0.7638 0.5321
vn -0.4096 0.7587 0.5067
vn -0.3095 0.9112 0.2719
vn -0.2871 0.9001 0.3277
vn -0.5254 0.8158 0.2417
vn -0.4404 0.4923 0.7508
vn -0.6532 0.5038 0.5652
vn -0.6630 0.7468 -0.0526
vn -0.1338 0.9162 0.3777
vn -0.2850 0.4030 0.8697
vn -0.3350 0.2960 0.8945
vn -0.3177 0.3623 0.8762
vn -0.4475 0.6538 0.6101
vn -0.2792 0.4040 0.8711
vn -0.3558 0.6760 0.6453
vn -0.1433 0.9159 0.3751
vn -0.9785 -0.1814 0.0981
vn -0.9244 -0.1112 -0.3649
vn -0.8860 -0.1684 -0.4319
vn -0.7886 -0.4984 -0.3601
vn -0.8066 -0.4821 -0.3421
vn -0.6362 -0.7308 -0.2474
vn -0.8498 -0.4696 -0.2391
vn -0.9517 -0.1732 -0.2534
vn -0.6306 -0.7696 -0.1002
vn -0.3074 -0.9515 0.0162
vn -0.9808 -0.1829 -0.0670
vn -0.9923 -0.1225 -0.0164
vn -0.8695 -0.4925 -0.0373
vn -0.8606 -0.5060 -0.0585
vn -0.6154 -0.7852 -0.0683
vn -0.6069 -0.7870 -0.1113
vn -0.2736 -0.9609 -0.0437
vn 0.7160 -0.6523 0.2487
vn 0.7167 -0.6514 0.2489
vn 0.1550 -0.9877 0.0199
vn 0.9102 -0.3319 0.2477
vn 0.8720 -0.4347 0.2248
vn 0.9568 -0.1623 0.2414
vn 0.9641 -0.0968 0.2473
vn 0.0704 -0.9971 0.0300
vn 0.2885 -0.9549 0.0701
vn 0.3001 -0.9511 0.0732
vn -0.4083 -0.9092 -0.0815
vn -0.7059 0.0764 -0.7042
vn -0.9886 -0.0506 0.1416
vn -0.3224 -0.9461 -0.0322
vn -0.0964 -0.9873 -0.1263
vn -0.3547 -0.9344 0.0326
vn -0.6511 -0.7475 0.1314
vn -0.6228 -0.7795 0.0673
vn -0.9889 -0.1413 0.0451
vn -0.9822 -0.1841 -0.0365
vn -0.9715 -0.0274 -0.2353
vn -0.8158 -0.0842 -0.5722
vn -0.7634 0.6459 0.0081
vn -0.6644 0.1925 -0.7222
vn -0.5772 -0.0968 -0.8109
vn -0.1327 -0.9845 -0.1150
vn 0.2752 -0.9595 -0.0603
vn -0.1864 -0.9783 -0.0907
vn -0.3479 -0.9094 -0.2278
vn -0.5799 -0.7727 -0.2582
vn -0.4678 -0.8309 -0.3013
vn -0.6638 -0.6137 -0.4276
vn -0.3313 -0.9098 -0.2502
vn -0.4138 -0.7904 -0.4517
vn -0.9309 -0.2809 -0.2334
vn -0.8639 -0.4017 -0.3040
vn -0.6577 -0.7331 -0.1732
vn -0.6794 -0.7137 -0.1705
vn -0.6195 -0.7694 -0.1555
vn -0.5344 -0.8249 -0.1843
vn -0.5531 -0.6957 -0.4583
vn -0.5315 -0.6180 -0.5793
vn -0.4236 -0.7871 -0.4483
vn -0.4125 -0.8530 -0.3197
vn -0.2563 -0.9120 -0.3202
vn -0.1601 -0.9616 -0.2227
vn -0.2943 -0.9544 -0.0497
vn -0.2877 -0.9484 -0.1336
vn -0.1967 -0.9737 -0.1150
vn -0.2642 -0.9634 -0.0449
vn -0.1157 -0.9933 0.0060
vn -0.3493 -0.9298 0.1162
vn -0.2663 -0.9623 -0.0562
vn -0.6391 -0.7691 -0.0074
vn -0.4244 -0.7949 -0.4335
vn 0.8139 0.5784 -0.0548
vn -0.8680 -0.4942 0.0492
vn -0.8768 -0.4754 0.0716
vn -0.3046 -0.9382 0.1646
vn -0.2543 -0.5900 -0.7663
vn -0.6365 -0.3551 -0.6846
vn -0.5836 -0.7631 0.2776
vn -0.9471 -0.0999 0.3051
vn -0.9593 -0.0599 0.2761
vn -0.8290 -0.5382 0.1520
vn -0.4590 -0.8815 0.1106
vn -0.4350 -0.8924 0.1199
vn -0.2836 -0.9568 0.0639
vn -0.1879 -0.9797 0.0697
vn -0.0963 -0.9952 0.0185
vn -0.0967 -0.9952 0.0159
vn -0.0968 -0.9952 0.0159
vn -0.3478 -0.9358 0.0573
vn -0.2928 -0.9560 0.0165
vn -0.4657 -0.8816 0.0769
vn -0.6302 -0.7730 0.0726
vn -0.6315 -0.7719 0.0736
vn -0.9691 -0.1675 0.1810
vn -0.9920 -0.0216 0.1244
vn -0.0975 -0.9952 0.0096
vn -0.0976 -0.9952 0.0097
vn -0.3506 -0.9359 0.0347
vn -0.3508 -0.9358 0.0348
vn -0.6313 -0.7730 0.0627
vn -0.6314 -0.7729 0.0628
vn -0.8778 -0.4711 0.0873
vn -0.9231 -0.3399 0.1799
vn -0.8754 -0.4157 0.2469
vn -0.8936 -0.4168 0.1666
vn -0.9444 -0.2895 0.1558
vn -0.9525 -0.2896 0.0946
vn -0.9838 -0.1616 0.0776
vn -0.9881 -0.1529 0.0158
vn -0.0979 -0.9952 0.0033
vn -0.2311 -0.9729 -0.0124
vn -0.3507 -0.9359 0.0332
vn -0.4713 -0.8818 0.0162
vn -0.6818 -0.7286 0.0649
vn -0.6341 -0.7730 0.0218
vn -0.8794 -0.4751 0.0302
vn -0.8814 -0.4712 0.0330
vn -0.2946 -0.9556 -0.0089
vn -0.2309 -0.9718 -0.0480
vn -0.4714 -0.8818 -0.0144
vn -0.6323 -0.7731 -0.0503
vn -0.6832 -0.7299 -0.0209
vn -0.8817 -0.4711 -0.0269
vn -0.8794 -0.4751 -0.0296
vn -0.0976 -0.9952 -0.0093
vn -0.2929 -0.9561 0.0020
vn -0.2953 -0.9554 0.0029
vn -0.4697 -0.8817 -0.0448
vn -0.6846 -0.7285 -0.0237
vn -0.6316 -0.7730 -0.0604
vn -0.8453 -0.5281 -0.0808
vn -0.8803 -0.4713 -0.0539
vn -0.9528 -0.2896 -0.0909
vn -0.1610 -0.9866 -0.0258
vn -0.0927 -0.9946 -0.0473
vn -0.2869 -0.9568 -0.0462
vn -0.4041 -0.9106 -0.0865
vn -0.4658 -0.8817 -0.0751
vn -0.6266 -0.7727 -0.1010
vn -0.6777 -0.7300 -0.0886
vn -0.7631 -0.6344 -0.1231
vn -0.9050 -0.4122 -0.1052
vn -0.8319 -0.5270 -0.1741
vn -0.9450 -0.2895 -0.1522
vn -0.9734 -0.1418 -0.1800
vn -0.9986 -0.0087 -0.0522
vn -0.9878 -0.1257 -0.0918
vn -0.9837 -0.1773 -0.0284
vn -0.9947 -0.0981 0.0314
vn -0.8486 -0.5271 0.0445
vn -0.8408 -0.5282 0.1184
vn -0.7626 -0.6344 0.1260
vn -0.7544 -0.6345 0.1683
vn -0.5934 -0.7552 0.2784
vn -0.1603 -0.9866 -0.0296
vn -0.2069 -0.9765 -0.0602
vn -0.7053 -0.7042 -0.0818
vn -0.4003 -0.9103 -0.1052
vn -0.5967 -0.7822 -0.1793
vn -0.6113 -0.7717 -0.1757
vn -0.7514 -0.6342 -0.1824
vn -0.8440 -0.4845 -0.2300
vn -0.8881 -0.4129 -0.2021
vn -0.9620 -0.1629 -0.2190
vn -0.9734 -0.1143 -0.1986
vn 0.1613 -0.9865 0.0265
vn 0.1490 -0.9882 0.0357
vn 0.4443 -0.8952 -0.0343
vn 0.4129 -0.9106 0.0158
vn 0.6810 -0.7317 -0.0291
vn 0.6311 -0.7728 0.0670
vn 0.7741 -0.6326 -0.0251
vn 0.8813 -0.4575 0.1185
vn 0.8692 -0.4697 0.1547
vn 0.9571 -0.2885 -0.0288
vn 0.9872 -0.1530 0.0458
vn 0.9949 -0.0957 -0.0321
vn 0.1538 -0.9881 -0.0029
vn 0.1643 -0.9863 -0.0148
vn 0.4067 -0.9090 0.0916
vn 0.4454 -0.8937 0.0541
vn 0.6266 -0.7713 0.1119
vn 0.6808 -0.7296 0.0649
vn 0.7626 -0.6326 0.1350
vn 0.8820 -0.4711 0.0128
vn 0.8910 -0.4536 -0.0202
vn 0.9432 -0.2885 0.1645
vn 0.9925 -0.0962 0.0752
vn 0.9706 -0.1527 0.1861
vn -0.7809 0.2408 0.5764
vn 0.2504 -0.0000 -0.9681
vn 0.2504 0.0000 -0.9681
vn 0.2504 -0.0000 -0.9681
vn 0.2504 -0.0000 -0.9681
vn 0.2504 -0.0000 -0.9681
vn 0.2504 0.0000 -0.9681
vn 0.2504 0.0000 -0.9681
vn 0.2493 -0.1214 -0.9608
vn 0.3029 -0.0765 -0.9499
vn 0.4484 0.2965 -0.8433
vn 0.2504 -0.0000 -0.9681
vn 0.2504 0.0000 -0.9681
vn 0.2504 0.0000 -0.9681
vn 0.2504 0.0000 -0.9681
vn 0.2504 -0.0000 -0.9681
vn 0.2504 -0.0000 -0.9681
vn 0.2504 -0.0000 -0.9681
vn 0.2504 -0.0000 -0.9681
vn -0.2574 0.3862 0.8858
vn 0.0904 0.0772 0.9929
vn -0.2504 -0.0000 0.9681
vn -0.3909 -0.2407 0.8884
vn -0.2009 0.0070 0.9796
vn -0.1834 -0.4123 0.8924
vn -0.3197 -0.0829 0.9439
vn -0.2349 -0.0016 0.9720
vn -0.1359 0.1712 0.9758
vn -0.1271 -0.0104 0.9918
vn -0.1976 -0.1854 0.9626
vn -0.4238 0.0000 0.9058
vn -0.4360 -0.0054 0.8999
vn -0.3839 -0.0258 0.9230
vn -0.3379 -0.0557 0.9395
vn 0.5921 0.7912 0.1528
vn 0.6482 -0.1419 -0.7482
vn 0.6515 -0.0344 -0.7578
vn 0.6484 -0.0370 -0.7604
vn 0.7176 -0.3852 -0.5802
vn 0.2416 -0.3157 -0.9176
vn 0.2467 -0.2272 -0.9421
vn 0.2608 0.1569 -0.9525
vn 0.2166 -0.5527 -0.8048
vn 0.1726 -0.7737 -0.6096
vn 0.0909 -0.9342 -0.3450
vn 0.9055 -0.0740 -0.4179
vn 0.7511 -0.5464 -0.3707
vn 0.1186 -0.1030 -0.9876
vn 0.1320 0.0226 -0.9910
vn 0.5224 -0.2168 -0.8247
vn 0.2693 -0.5586 -0.7845
vn 0.8860 -0.0706 -0.4583
vn 0.9135 -0.3853 -0.1309
vn 0.5206 -0.8537 -0.0072
vn 0.1578 -0.9465 0.2816
vn 0.8573 -0.4153 -0.3042
vn 0.8493 -0.1594 -0.5032
vn 0.8474 -0.2072 -0.4889
vn 0.4427 -0.5382 -0.7172
vn 0.5925 -0.2836 -0.7540
vn 0.2742 -0.7681 -0.5786
vn 0.9236 0.0104 -0.3833
vn 0.9033 0.0029 -0.4290
vn 0.0000 1.0000 0.0000
vn 0.0000 1.0000 0.0000
vn 0.0000 1.0000 0.0000
vn 0.0000 1.0000 0.0000
vn 0.0000 1.0000 0.0000
vn -0.0000 1.0000 -0.0000
vn 0.0000 1.0000 0.0000
vn -0.0000 1.0000 0.0000
vn -0.0000 1.0000 -0.0000
vn 0.0000 1.0000 0.0000
vn 0.0000 1.0000 -0.0000
vn 0.0000 1.0000 0.0000
vn 0.0000 1.0000 0.0000
vn 0.0000 1.0000 0.0000
vn 0.0000 1.0000 -0.0000
vn 0.0000 1.0000 -0.0000
vn 0.0000 1.0000 -0.0000
vn 0.0000 1.0000 -0.0000
vn 0.0000 1.0000 0.0000
vn 0.0000 1.0000 0.0000
vn 0.0000 1.0000 0.0000
vn 0.9522 0.1805 0.2463
vn 0.9522 0.1805 0.2463
vn 0.8282 0.5179 0.2142
vn 0.8282 0.5179 0.2142
vn 0.6410 0.7494 0.1658
vn 0.6410 0.7494 0.1658
vn 0.3953 0.9128 0.1022
vn 0.1227 0.9050 0.4073
vn -0.0209 0.9242 -0.3813
vn -0.2917 0.9535 -0.0754
vn -0.6002 0.7846 -0.1552
vn -0.6002 0.7846 -0.1552
vn -0.8306 0.5137 -0.2148
vn -0.8306 0.5137 -0.2148
vn -0.9527 0.1778 -0.2464
vn 0.9681 -0.0000 0.2504
vn 0.9681 0.0000 0.2504
vn 0.6899 -0.0079 -0.7239
vn 0.6488 0.0000 -0.7609
vn 0.1771 -0.9839 -0.0241
vn 0.1524 -0.9882 -0.0161
vn -0.7395 -0.6698 0.0674
vn 0.6705 -0.7380 -0.0765
vn 0.6765 -0.7325 -0.0761
vn 0.5844 -0.8090 -0.0632
vn 0.4425 -0.8953 -0.0518
vn 0.4594 -0.8864 -0.0569
vn 0.9136 -0.3847 -0.1314
vn 0.8755 -0.4682 -0.1199
vn 0.7327 -0.6652 -0.1436
vn 0.9818 -0.1384 -0.1299
vn 0.9795 -0.1548 -0.1289
vn 0.9840 -0.1255 -0.1267
vn 0.9999 -0.0006 -0.0142
vn 0.9998 0.0000 -0.0186
vn 0.9876 0.0000 0.1569
vn 0.9868 -0.0006 0.1618
vn -0.8408 0.4975 -0.2132
vn -0.7620 0.6198 -0.1878
vn -0.5483 0.0407 0.8353
vn -0.6582 0.0104 0.7528
vn -0.7715 0.0461 0.6346
vn -0.6730 0.0929 0.7337
vn -0.7796 0.0123 0.6261
vn -0.7861 0.0269 0.6175
vn -0.8131 -0.0058 0.5821
vn -0.7863 0.0107 0.6177
vn 0.9681 -0.0000 0.2504
vn 0.9681 0.0000 0.2504
vn 0.9542 0.1692 0.2468
vn 0.9542 0.1692 0.2468
vn 0.8449 0.4883 0.2185
vn 0.8449 0.4883 0.2185
vn 0.6396 0.7507 0.1654
vn 0.6396 0.7507 0.1654
vn 0.3611 0.9278 0.0934
vn 0.3611 0.9278 0.0934
vn 0.0404 0.9991 0.0104
vn 0.0404 0.9991 0.0104
vn -0.2850 0.9557 -0.0737
vn -0.2850 0.9557 -0.0737
vn -0.5679 0.8099 -0.1469
vn -0.5679 0.8099 -0.1469
vn -0.7900 0.5780 -0.2043
vn -0.7900 0.5780 -0.2043
vn -0.9396 0.2412 -0.2430
vn -0.9384 0.2434 -0.2453
vn -0.9683 0.0032 -0.2498
vn -0.9681 0.0029 -0.2504
vn 0.9511 -0.0000 0.3090
vn 0.9511 0.0000 0.3090
vn 0.6512 -0.0000 0.7589
vn 0.6789 -0.0063 0.7342
vn -0.9766 -0.1886 -0.1037
vn -0.1024 -0.4585 0.8828
vn 0.0889 -0.5281 0.8445
vn -0.1106 0.0073 0.9938
vn -0.2087 0.2299 0.9506
vn -0.0373 -0.9532 0.3000
vn 0.5867 -0.7919 0.1694
vn -0.0620 -0.0226 0.9978
vn -0.1073 -0.0538 0.9928
vn 0.6478 0.0246 0.7614
vn 0.0307 -0.6935 0.7198
vn 0.5079 -0.6742 0.5362
vn 0.4430 -0.8077 0.3891
vn 0.9466 -0.0967 0.3076
vn 0.7813 -0.1418 0.6078
vn 0.7858 -0.3981 0.4733
vn 0.8796 -0.3181 0.3538
vn 0.5210 -0.5679 -0.6373
vn 0.2934 -0.5746 -0.7640
vn -0.1074 -0.9025 0.4172
vn -0.2220 -0.4257 0.8772
vn -0.2119 -0.5363 0.8170
vn -0.2210 -0.4254 0.8776
vn -0.1966 -0.8918 0.4076
vn -0.6146 -0.1446 0.7755
vn -0.6203 -0.2717 0.7358
vn -0.3117 -0.2602 0.9139
vn -0.4620 -0.3617 0.8098
vn -0.2775 -0.8029 0.5276
vn -0.4379 -0.7532 0.4908
vn -0.5240 -0.5711 0.6319
vn -0.6760 -0.3392 0.6542
vn -0.9657 -0.0072 0.2595
vn -0.9501 0.0000 0.3120
vn -0.9922 0.0000 0.1244
vn -0.9922 0.0000 0.1244
vn -0.9999 0.0000 0.0160
vn -0.9999 0.0000 0.0160
vn -0.9991 0.0000 -0.0433
vn -0.9956 -0.0128 -0.0925
vn -0.9809 -0.0109 -0.1942
vn -0.9797 -0.0126 -0.1999
vn -0.6051 -0.0039 -0.7962
vn -0.5097 -0.0076 -0.8603
vn -0.7536 -0.0143 -0.6572
vn -0.8346 -0.0037 -0.5509
vn -0.9174 -0.0019 -0.3980
vn -0.8757 -0.0122 -0.4827
vn -0.5813 -0.0135 -0.8136
vn -0.6684 -0.0039 -0.7438
vn -0.9992 -0.0391 0.0093
vn -0.9276 -0.0151 -0.3734
vn -0.9990 -0.0164 -0.0417
vn -0.9956 -0.0113 -0.0934
vn -0.9944 -0.0116 0.1050
vn -0.9949 -0.0121 0.0998
vn -0.9945 -0.0161 -0.1032
vn -0.9976 -0.0131 -0.0682
vn -0.9030 -0.0082 -0.4295
vn -0.9302 -0.0014 -0.3672
vn 0.0079 1.0000 0.0021
vn 0.0054 0.9999 -0.0147
vn -0.1469 0.9884 -0.0380
vn -0.1469 0.9884 -0.0380
vn -0.4273 0.8973 -0.1105
vn -0.4273 0.8973 -0.1105
vn -0.6680 0.7239 -0.1727
vn -0.9013 0.4271 0.0718
vn -0.8812 0.4681 0.0666
vn -0.6787 0.7132 -0.1755
vn -0.9474 0.2061 -0.2450
vn -0.9474 0.2061 -0.2450
vn -0.9677 0.0315 -0.2503
vn -0.9677 0.0315 -0.2503
vn -0.9681 0.0000 -0.2504
vn -0.9681 0.0000 -0.2504
vn 0.7169 0.1285 0.6852
vn 0.1627 0.9809 0.1071
vn 0.3907 0.8800 0.2701
vn 0.4460 0.7996 0.4021
vn 0.6087 0.6843 0.4016
vn 0.7211 0.4567 0.5211
vn 0.7206 0.4535 0.5245
vn 0.8410 0.0869 0.5340
vn 0.8223 0.1348 0.5529
vn 0.8572 0.4648 0.2216
vn 0.1531 0.9822 0.1086
vn 0.6122 0.7869 -0.0774
vn 0.9522 0.1805 0.2463
vn 0.8282 0.5179 0.2142
vn 0.8282 0.5179 0.2142
vn 0.6410 0.7494 0.1658
vn 0.6410 0.7494 0.1658
vn 0.3953 0.9128 0.1022
vn -0.2917 0.9535 -0.0754
vn -0.6002 0.7846 -0.1552
vn -0.6002 0.7846 -0.1552
vn -0.8306 0.5137 -0.2148
vn -0.8306 0.5137 -0.2148
vn -0.9527 0.1778 -0.2464
vn 0.0000 1.0000 0.0000
vn 0.0000 1.0000 0.0000
vn 0.0003 1.0000 0.0021
vn -0.1469 0.9884 -0.0380
vn -0.1469 0.9884 -0.0380
vn -0.4273 0.8973 -0.1105
vn -0.4273 0.8973 -0.1105
vn -0.6680 0.7239 -0.1727
vn -0.6679 0.7239 -0.1727
vn -0.8473 0.4838 -0.2191
vn -0.8473 0.4838 -0.2191
vn -0.9474 0.2061 -0.2450
vn -0.9474 0.2061 -0.2450
vn -0.9677 0.0315 -0.2503
vn -0.9677 0.0315 -0.2503
vn -0.9681 0.0000 -0.2504
vn -0.9681 0.0000 -0.2504
vn 0.1298 0.9854 0.1099
vn 0.7751 0.3983 0.4905
vn 0.7725 0.4298 0.4675
vn 0.8598 0.1175 0.4969
vn 0.8548 0.1320 0.5018
vn 0.6391 0.6680 0.3812
vn 0.1670 0.9815 0.0937
vn 0.1383 0.9857 0.0968
vn 0.4107 0.8764 0.2515
vn 0.4067 0.8809 0.2420
vn 0.6107 0.6882 0.3917
vn -0.9681 -0.0000 -0.2504
vn -0.9681 -0.0000 -0.2504
vn 0.9652 0.0784 0.2496
vn 0.9339 0.1589 0.3203
vn 0.2918 0.9134 0.2840
vn 0.2226 0.9741 0.0388
vn -0.1090 0.9906 0.0829
vn 0.0725 0.9734 -0.2174
vn -0.9420 0.3324 -0.0472
vn -0.8936 0.3934 -0.2163
vn -0.9572 0.1342 -0.2566
vn -0.9602 0.1278 -0.2483
vn 0.9681 -0.0000 0.2504
vn 0.9681 -0.0000 0.2504
vn 0.0000 1.0000 0.0000
vn 0.0001 1.0000 0.0000
vn 0.0014 0.9998 0.0195
vn -0.1469 0.9884 -0.0380
vn -0.1469 0.9884 -0.0380
vn -0.4273 0.8973 -0.1105
vn -0.4273 0.8973 -0.1105
vn -0.6680 0.7239 -0.1727
vn -0.6680 0.7239 -0.1727
vn -0.8473 0.4838 -0.2191
vn -0.8473 0.4838 -0.2191
vn -0.9474 0.2061 -0.2450
vn -0.9474 0.2061 -0.2450
vn -0.9677 0.0315 -0.2503
vn -0.9677 0.0315 -0.2503
vn -0.9681 0.0000 -0.2504
vn -0.9681 0.0000 -0.2504
vn 0.8500 0.1307 0.5103
vn 0.1469 0.9847 0.0940
vn 0.4779 0.8510 0.2180
vn 0.5077 0.8006 0.3181
vn 0.7770 0.5324 0.3359
vn 0.7723 0.4515 0.4469
vn 0.9058 0.0295 0.4226
vn 0.8764 0.1335 0.4626
vn 0.8311 0.4567 0.3173
vn 0.8219 0.4137 0.3916
vn 0.1705 0.9820 0.0815
vn 0.6028 0.7973 0.0313
vn -0.1362 0.9901 -0.0352
vn -0.4095 0.9064 -0.1038
vn -0.6680 0.7239 -0.1727
vn -0.6228 0.7802 -0.0583
vn -0.7278 0.6605 -0.1844
vn -0.8483 0.4873 -0.2072
vn -0.9387 0.2377 -0.2497
vn -0.8506 0.4846 -0.2040
vn 0.9522 0.1805 0.2463
vn 0.9522 0.1805 0.2463
vn 0.8282 0.5179 0.2142
vn 0.8282 0.5178 0.2142
vn 0.6410 0.7494 0.1658
vn 0.0556 0.9984 0.0144
vn -0.2917 0.9535 -0.0754
vn -0.2917 0.9535 -0.0754
vn -0.6002 0.7846 -0.1552
vn 0.9681 -0.0000 0.2504
vn 0.8963 0.0322 0.4422
vn 0.0328 0.9914 -0.1269
vn -0.0372 0.9991 -0.0182
vn -0.9892 -0.0028 -0.1465
vn -0.9898 -0.0008 -0.1421
vn 0.8224 0.4737 0.3150
vn 0.8333 0.3911 0.3907
vn 0.9080 0.1174 0.4022
vn 0.9050 0.1259 0.4063
vn 0.6619 0.6809 0.3134
vn 0.6563 0.6838 0.3190
vn 0.1519 0.9859 0.0697
vn 0.1558 0.9853 0.0697
vn 0.4186 0.8836 0.2098
vn 0.4501 0.8470 0.2829
vn 0.0002 1.0000 0.0001
vn 0.0001 1.0000 0.0003
vn 0.0030 0.9989 -0.0460
vn -0.9819 0.1261 -0.1410
vn -0.9820 0.0836 -0.1693
vn -0.9534 0.2540 -0.1628
vn -0.9534 0.2594 -0.1538
vn -0.9761 0.1635 -0.1432
vn -0.8689 0.4833 -0.1066
vn -0.8635 0.4971 -0.0847
vn -0.5296 0.6604 -0.5323
vn -0.3513 0.2905 0.8901
vn -0.1367 0.9906 -0.0008
vn -0.3606 0.8924 -0.2713
vn -0.2572 0.9212 -0.2921
vn -0.9983 0.0042 0.0582
vn -0.9985 0.0024 0.0538
vn -0.9681 -0.0000 -0.2504
vn -0.9681 -0.0000 -0.2504
vn 0.8282 0.5179 0.2142
vn 0.6410 0.7494 0.1658
vn 0.6410 0.7494 0.1658
vn 0.3953 0.9128 0.1022
vn 0.3953 0.9128 0.1022
vn 0.0556 0.9984 0.0144
vn -0.7445 0.6393 -0.1925
vn -0.8306 0.5137 -0.2148
vn -0.8306 0.5137 -0.2148
vn -0.9527 0.1778 -0.2464
vn -0.9527 0.1778 -0.2464
vn 0.9006 -0.4346 -0.0091
vn 0.1811 0.9817 0.0593
vn 0.4475 0.8734 0.1923
vn 0.4825 0.8399 0.2485
vn 0.9138 0.3908 -0.1105
vn 0.9694 0.1496 0.1948
vn 0.9351 -0.3078 0.1755
vn 0.9228 0.1327 0.3617
vn 0.2175 0.9634 -0.1565
vn 0.6732 0.6937 0.2561
vn 0.3591 0.3216 0.8762
vn 0.1563 0.9854 0.0671
vn -0.0088 1.0000 0.0010
vn -0.0013 0.9999 -0.0125
vn -0.2347 0.9716 0.0307
vn -0.2167 0.9367 -0.2749
vn -0.5630 0.7694 -0.3017
vn -0.1998 0.9796 -0.0216
vn -0.2233 0.9734 -0.0505
vn -0.9474 0.2996 0.1125
vn -0.3803 0.8996 0.2148
vn -0.6850 0.7284 0.0092
vn -0.7186 0.6926 0.0632
vn -0.9638 0.2643 0.0350
vn -0.9685 0.2485 0.0167
vn -0.8498 0.5241 0.0563
vn -0.8792 0.4764 -0.0057
vn -0.9968 0.0633 0.0496
vn -0.9970 0.0554 0.0537
vn -0.9394 0.2652 0.2174
vn -0.8115 0.5668 0.1418
vn -0.9845 -0.0875 0.1521
vn -0.9866 0.0875 0.1377
vn -0.9638 0.2446 0.1057
vn -0.8655 0.4918 0.0950
vn -0.8694 0.4851 0.0939
vn -0.7355 0.6718 0.0875
vn -0.6723 0.7351 0.0879
vn -0.0753 0.9971 0.0091
vn -0.1647 0.9861 0.0222
vn -0.8200 0.5719 0.0242
vn -0.2764 0.9591 0.0605
vn -0.2402 0.9691 0.0553
vn -0.4513 0.8908 0.0537
vn -0.6040 0.7937 0.0721
vn -0.7527 0.6548 0.0691
vn 0.9523 0.1805 0.2463
vn 0.9522 0.1805 0.2463
vn 0.8282 0.5179 0.2142
vn 0.6410 0.7494 0.1658
vn 0.3953 0.9128 0.1022
vn 0.3953 0.9128 0.1022
vn 0.0556 0.9984 0.0144
vn 0.0556 0.9984 0.0144
vn -0.2917 0.9535 -0.0754
vn 0.1865 0.7997 -0.5707
vn -0.2688 0.2705 -0.9244
vn 0.9681 -0.0000 0.2504
vn 0.8826 0.0368 0.4687
vn 0.0374 0.9790 -0.2006
vn -0.9611 0.1205 -0.2486
vn -0.8662 0.0031 -0.4997
vn -0.0738 0.9972 -0.0136
vn 0.0000 1.0000 -0.0000
vn 0.0830 0.9965 0.0036
vn -0.0055 1.0000 0.0007
vn -0.0145 0.9998 -0.0096
vn -0.0054 1.0000 0.0083
vn -0.0057 1.0000 0.0060
vn 0.0000 1.0000 0.0000
vn 0.0000 1.0000 0.0000
vn 0.0031 1.0000 0.0078
vn -0.0011 1.0000 0.0001
vn 0.0241 0.9980 0.0585
vn -0.0489 0.9981 -0.0375
vn -0.0064 1.0000 -0.0052
vn -0.0010 1.0000 0.0002
vn -0.0000 1.0000 -0.0000
vn 0.0000 1.0000 0.0000
vn -0.0355 0.9978 -0.0566
vn 0.0000 1.0000 0.0000
vn -0.0000 1.0000 0.0000
vn 0.0000 1.0000 -0.0000
vn 0.0000 1.0000 0.0000
vn 0.9667 -0.0555 0.2500
vn 0.9902 0.0000 0.1397
vn 0.9515 0.1846 0.2461
vn 0.9579 0.1692 0.2321
vn 0.9021 0.3614 0.2358
vn 0.8061 0.4843 0.3402
vn 0.6523 0.6926 0.3078
vn 0.5758 0.7352 0.3577
vn 0.0636 0.9660 0.2506
vn 0.3611 0.9278 0.0934
vn 0.0404 0.9991 0.0104
vn 0.0404 0.9991 0.0104
vn -0.2850 0.9557 -0.0737
vn -0.2850 0.9557 -0.0737
vn -0.5679 0.8099 -0.1469
vn -0.5679 0.8099 -0.1469
vn -0.7900 0.5780 -0.2043
vn -0.7900 0.5780 -0.2043
vn -0.9390 0.2434 -0.2428
vn -0.9390 0.2434 -0.2428
vn -0.8454 -0.0015 -0.5341
vn -0.8554 0.0000 -0.5180
vn -0.7894 0.0000 -0.6139
vn -0.7677 -0.0040 -0.6408
vn -0.0736 -0.9937 -0.0848
vn -0.5714 -0.7348 -0.3654
vn -0.3438 -0.9150 -0.2113
vn -0.3353 -0.9206 -0.2000
vn -0.2732 -0.9502 -0.1499
vn -0.1317 -0.9792 -0.1546
vn -0.6596 -0.4824 -0.5764
vn -0.7638 -0.3990 -0.5074
vn -0.7534 -0.4851 -0.4438
vn -0.8257 -0.0902 -0.5568
vn -0.7996 -0.1682 -0.5766
vn -0.3776 -0.8973 -0.2287
vn 0.0025 -0.9999 0.0125
vn 0.0103 -0.9999 0.0079
vn 0.0014 -1.0000 -0.0028
vn -0.0024 -1.0000 -0.0097
vn -0.0049 -1.0000 -0.0031
vn -0.0051 -1.0000 -0.0008
vn -0.0038 -1.0000 -0.0045
vn -0.0036 -1.0000 0.0001
vn -0.0044 -1.0000 0.0038
vn 0.0103 -0.9999 -0.0086
vn -0.0012 -0.9999 -0.0129
vn -0.0037 -0.9996 -0.0277
vn 0.0033 -1.0000 0.0011
vn 0.0021 -1.0000 -0.0004
vn 0.0022 -1.0000 -0.0002
vn -0.0039 -0.9998 -0.0173
vn -0.0013 -1.0000 -0.0000
vn -0.0021 -0.9998 0.0178
vn -0.0131 -0.9997 0.0181
vn 0.0076 -0.9999 -0.0111
vn 0.0022 -1.0000 0.0004
vn 0.8916 -0.3793 0.2472
vn 0.9712 -0.0754 0.2262
vn 0.9597 -0.1529 0.2357
vn 0.8602 -0.4675 0.2037
vn 0.6687 -0.7242 0.1682
vn 0.6584 -0.7338 0.1673
vn 0.4360 -0.8951 0.0931
vn 0.4873 -0.8641 0.1260
vn 0.1484 -0.9882 0.0384
vn 0.1159 -0.9930 0.0210
vn 0.9681 0.0061 0.2504
vn 0.9626 0.0147 0.2704
vn 0.2737 0.0275 -0.9614
vn 0.3298 -0.2235 -0.9172
vn 0.2676 0.2679 -0.9255
vn 0.0864 -0.2506 -0.9642
vn 0.2504 0.0000 -0.9681
vn 0.2504 0.0000 -0.9681
vn 0.2504 0.0001 -0.9682
vn 0.2504 0.0000 -0.9681
vn -0.1754 -0.5947 -0.7846
vn 0.2504 0.0000 -0.9681
vn 0.2504 -0.0000 -0.9681
vn 0.2504 0.0000 -0.9681
vn 0.7538 0.1343 -0.6433
vn 0.2863 -0.0224 -0.9579
vn 0.2310 -0.2294 -0.9455
vn 0.1890 0.0016 -0.9820
vn 0.1804 0.0071 -0.9836
vn 0.3578 0.2300 -0.9050
vn 0.3014 -0.0022 -0.9535
vn 0.3070 -0.0579 -0.9499
vn 0.2953 0.0283 -0.9550
vn 0.1999 0.2109 -0.9569
vn 0.3399 -0.0001 -0.9405
vn 0.9921 0.0082 -0.1249
vn 0.9916 -0.0006 -0.1294
vn 0.9737 -0.0006 0.2278
vn 0.9747 0.0056 0.2235
vn -0.9904 0.0097 0.1382
vn -0.9900 0.0000 0.1413
vn -0.9659 0.0098 -0.2586
vn -0.9659 0.0103 -0.2587
vn -0.9687 -0.0247 -0.2471
vn -0.9715 0.0120 -0.2369
vn -0.9715 0.0126 -0.2368
vn -0.3973 -0.0197 0.9175
vn -0.3228 -0.0057 0.9464
vn -0.2504 0.0000 0.9681
vn -0.2504 0.0000 0.9681
vn -0.2504 -0.0000 0.9681
vn -0.2504 0.0000 0.9681
vn -0.2504 -0.0000 0.9681
vn -0.2642 -0.0142 0.9644
vn -0.2224 -0.0001 0.9749
vn -0.2761 0.0185 0.9610
vn -0.3489 -0.0481 0.9359
vn -0.2823 0.0461 0.9582
vn -0.2504 -0.0000 0.9681
vn -0.2504 0.0000 0.9681
vn -0.2504 -0.0000 0.9681
vn -0.2504 -0.0000 0.9681
vn -0.2753 -0.0341 0.9608
vn -0.2682 -0.0221 0.9631
vn -0.2902 0.0422 0.9560
vn -0.2289 -0.0055 0.9734
vn -0.2317 -0.0136 0.9727
vn -0.2434 0.1156 0.9630
vn -0.2349 0.0589 0.9702
vn -0.2504 0.0000 0.9681
vn -0.2974 0.1056 0.9489
vn -0.2504 -0.0000 0.9681
vn -0.2504 0.0000 0.9681
vn -0.2504 -0.0000 0.9681
vn -0.2504 -0.0000 0.9681
vn -0.2504 -0.0000 0.9681
vn -0.1739 -0.2266 0.9583
vn -0.4454 0.3102 0.8399
vn -0.1445 -0.4139 0.8988
vn -0.2882 0.0111 0.9575
vn -0.2985 0.0283 0.9540
vn -0.2545 -0.0152 0.9670
vn -0.1013 -0.0673 0.9926
vn -0.1863 -0.8809 0.4352
vn 0.5586 0.8219 0.1118
vn -0.5509 -0.8272 -0.1105
vn -0.5510 -0.8272 -0.1101
vn -0.7668 -0.6371 -0.0783
vn -0.3820 -0.9207 0.0798
vn -0.8986 -0.3361 0.2822
vn -0.7964 -0.5956 0.1050
vn -0.7765 -0.6225 0.0974
vn -0.8511 -0.5222 0.0536
vn -0.7931 -0.6090 0.0127
vn -0.8083 -0.5887 0.0092
vn -0.8544 -0.5179 -0.0434
vn -0.3342 -0.9223 -0.1942
vn -0.7091 -0.4659 -0.5293
vn -0.6059 -0.7471 -0.2736
vn -0.4102 -0.7644 -0.4974
vn -0.5931 -0.6001 -0.5367
vn -0.6039 -0.6818 -0.4129
vn -0.2768 -0.9587 -0.0654
vn -0.2770 -0.9589 -0.0622
vn -0.6575 -0.7156 -0.2360
vn -0.7772 0.3400 -0.5295
vn -0.7586 -0.3147 -0.5705
vn -0.2544 -0.9521 -0.1698
vn -0.2963 -0.9358 -0.1909
vn 0.4614 -0.2371 0.8549
vn 0.4254 -0.4625 0.7779
vn 0.2394 -0.8605 0.4496
vn 0.2139 -0.8920 0.3981
vn 0.2354 -0.9719 -0.0056
vn 0.2944 -0.8884 0.3523
vn 0.6404 -0.4461 0.6252
vn 0.4492 -0.6957 0.5606
vn 0.6372 -0.6189 0.4593
vn 0.6266 -0.7252 0.2855
vn 0.8932 -0.4472 0.0481
vn 0.7839 -0.6115 0.1080
vn 0.3418 -0.9386 0.0471
vn 0.9490 -0.1897 -0.2518
vn 0.8438 -0.5280 -0.0956
vn 0.2322 -0.9727 -0.0036
vn 0.2520 -0.9577 0.1390
vn 0.7545 -0.4450 0.4824
vn 0.8086 -0.0095 0.5882
vn 0.9827 -0.0233 0.1838
vn -0.1210 -0.0252 0.9923
vn 0.1013 -0.0204 0.9946
vn -0.9591 0.2411 0.1481
vn 0.7213 -0.5913 0.3608
vn -0.3446 0.8511 -0.3961
vn 0.3529 -0.9312 -0.0912
vn 0.7661 -0.5883 -0.2588
vn 0.8371 -0.4775 -0.2670
vn 0.4067 -0.9031 -0.1377
vn 0.0925 -0.9947 -0.0453
vn 0.9063 -0.1099 -0.4081
vn 0.8205 -0.4713 -0.3235
vn 0.9242 -0.0304 -0.3807
vn 0.8426 -0.4668 -0.2686
vn -0.3906 0.0000 0.9206
vn -0.3776 0.0000 0.9260
vn -0.4132 -0.0207 0.9104
vn -0.4293 0.0060 0.9031
vn -0.4442 0.0434 0.8949
vn -0.4670 0.0033 0.8842
vn -0.1981 -0.0439 0.9792
vn 0.7382 -0.1408 0.6597
vn 0.0780 0.0781 0.9939
vn -0.2504 0.0000 0.9681
vn -0.2504 -0.0000 0.9681
vn -0.2504 -0.0000 0.9681
vn -0.2504 0.0000 0.9681
vn -0.2504 0.0000 0.9681
vn -0.2914 0.7073 0.6440
vn -0.1441 0.1823 0.9726
vn 0.0589 0.0705 0.9958
vn -0.0481 0.2644 0.9632
vn -0.0051 -0.1125 0.9936
vn -0.0084 -0.1004 0.9949
vn -0.3833 0.4752 0.7920
vn -0.2808 0.0618 0.9578
vn -0.2504 0.0000 0.9681
vn -0.2504 -0.0000 0.9681
vn -0.2898 0.1632 0.9431
vn 0.3472 0.0000 -0.9378
vn 0.3727 -0.0147 -0.9278
vn 0.3605 0.0167 -0.9326
vn 0.1927 0.2364 -0.9524
vn -0.1094 0.1228 -0.9864
vn 0.0942 -0.0950 -0.9910
vn 0.1186 0.0261 -0.9926
vn 0.2972 -0.0454 -0.9537
vn 0.2504 0.0000 -0.9681
vn 0.4006 -0.1838 -0.8976
vn 0.3577 0.0414 -0.9329
vn 0.2185 -0.1546 -0.9635
vn 0.0111 0.0322 -0.9994
vn 0.0181 0.0586 -0.9981
vn 0.2504 -0.0000 -0.9681
vn 0.2504 0.0000 -0.9681
vn 0.4499 0.0512 -0.8916
vn 0.4794 -0.1483 -0.8650
vn 0.4740 -0.1529 -0.8671
vn 0.3535 0.2113 -0.9113
vn 0.2409 0.0210 -0.9703
vn 0.2109 0.0859 -0.9737
vn 0.3772 -0.1950 -0.9054
vn -0.0241 0.1083 -0.9938
vn 0.3174 -0.4441 -0.8379
vn -0.1346 0.0147 0.9908
vn -0.2244 0.0053 0.9745
vn 0.3026 0.1052 0.9473
vn 0.0830 -0.0811 0.9932
vn -0.2504 -0.0000 0.9681
vn -0.2504 -0.0000 0.9681
vn -0.2504 0.0000 0.9681
vn -0.3973 0.0391 0.9168
vn -0.1186 0.0450 0.9919
vn -0.2509 -0.0263 0.9677
vn -0.5516 0.4636 0.6934
vn -0.1787 0.2060 0.9621
vn -0.0863 -0.1872 0.9785
vn -0.2504 0.0000 0.9681
vn -0.4338 0.0742 0.8979
vn -0.3710 -0.0772 0.9254
vn -0.4402 0.0819 0.8941
vn -0.1083 -0.2643 0.9583
vn -0.1543 -0.0000 0.9880
vn -0.2079 0.1443 0.9675
vn -0.2489 0.2116 0.9451
vn -0.1915 -0.1459 0.9706
vn 0.2504 0.0000 -0.9681
vn 0.0621 0.1041 -0.9926
vn 0.2542 -0.1869 -0.9489
vn 0.2504 0.0000 -0.9681
vn 0.2504 -0.0000 -0.9681
vn 0.2504 -0.0000 -0.9681
vn 0.2504 0.0000 -0.9681
vn 0.1868 -0.0259 -0.9821
vn 0.2504 0.0000 -0.9681
vn 0.4519 -0.2377 -0.8598
vn 0.1954 0.2710 -0.9425
vn 0.2504 0.0000 -0.9681
vn 0.5339 0.7353 -0.4176
vn 0.0962 0.0560 -0.9938
vn 0.2602 -0.0207 -0.9653
vn 0.2231 -0.2509 -0.9420
vn 0.0650 0.1227 -0.9903
vn 0.1492 0.0000 -0.9888
vn 0.2173 -0.2206 -0.9508
vn 0.2083 0.0859 -0.9743
vn 0.2797 -0.0589 -0.9583
vn 0.2218 0.0394 -0.9743
vn 0.4112 0.1524 -0.8987
vn 0.1125 0.5753 -0.8102
vn 0.2972 0.1231 -0.9469
vn -0.5169 0.3586 -0.7773
vn 0.8102 -0.4613 -0.3617
vn -0.2504 -0.0000 0.9681
vn -0.2504 -0.0000 0.9681
vn -0.2504 0.0000 0.9681
vn -0.2504 0.0000 0.9681
vn -0.2504 0.0000 0.9681
vn -0.2504 -0.0000 0.9681
vn -0.2812 -0.0119 0.9596
vn -0.2701 -0.0934 0.9583
vn -0.0589 -0.0017 0.9983
vn -0.0973 0.0577 0.9936
vn -0.2504 0.0000 0.9681
vn -0.5275 -0.6277 0.5725
vn -0.5668 0.0987 0.8179
vn -0.2532 0.0717 0.9647
vn -0.3621 0.0000 0.9321
vn -0.3329 0.0269 0.9426
vn -0.3228 -0.0059 0.9465
vn -0.3064 -0.1025 0.9464
vn 0.0187 -0.6737 0.7388
vn -0.2652 0.9169 0.2982
vn 0.0497 -0.3693 0.9280
vn -0.3898 0.5770 0.7177
vn -0.1528 0.0283 0.9879
vn 0.2603 -0.2157 0.9411
vn -0.3920 0.5697 0.7223
vn 0.2504 0.0000 -0.9681
vn 0.2504 0.0000 -0.9681
vn 0.2504 0.0000 -0.9681
vn 0.2504 0.0000 -0.9681
vn -0.0105 0.0254 -0.9996
vn 0.0534 0.0000 -0.9986
vn 0.4838 -0.2355 -0.8429
vn 0.3000 0.1749 -0.9378
vn 0.3235 0.0609 -0.9443
vn 0.0033 -0.3592 -0.9333
vn 0.1041 -0.4438 -0.8901
vn 0.2504 0.0000 -0.9681
vn 0.4555 -0.0551 -0.8886
vn 0.4546 0.0854 -0.8866
vn 0.2740 0.0397 -0.9609
vn 0.2859 -0.0221 -0.9580
vn 0.2307 -0.0647 -0.9709
vn 0.2057 0.0083 -0.9786
vn 0.1124 -0.1350 -0.9844
vn 0.0491 0.0064 -0.9988
vn -0.0367 0.2540 -0.9665
vn 0.1578 -0.0569 -0.9858
vn 0.2746 -0.1411 -0.9511
vn 0.2684 -0.1312 -0.9543
vn -0.3813 -0.1412 0.9136
vn -0.2504 0.0000 0.9681
vn -0.1782 0.0348 0.9834
vn -0.3017 0.0096 0.9534
vn -0.3118 0.0016 0.9501
vn -0.2112 -0.0240 0.9771
vn 0.1679 0.0678 0.9835
vn -0.4024 0.5616 0.7230
vn -0.5866 0.5932 0.5515
vn -0.6977 -0.0057 0.7163
vn -0.7170 -0.0225 0.6967
vn -0.7446 0.0502 0.6656
vn -0.5143 -0.5856 0.6265
vn 0.0644 -0.5609 0.8254
vn -0.3068 0.2284 0.9239
vn -0.2095 0.0077 0.9778
vn -0.2164 0.0627 0.9743
vn -0.0254 -0.5718 0.8200
vn -0.4581 -0.2784 0.8441
vn -0.1883 0.1297 0.9735
vn -0.1838 0.0986 0.9780
vn -0.0362 -0.2102 0.9770
vn -0.4849 0.2612 0.8347
vn -0.3240 -0.0467 0.9449
vn -0.3685 -0.0137 0.9295
vn 0.4502 0.1386 -0.8821
vn 0.2274 -0.3848 -0.8946
vn 0.1992 -0.1137 -0.9733
vn 0.2868 0.1099 -0.9517
vn 0.2097 -0.2603 -0.9425
vn 0.2242 -0.0213 -0.9743
vn 0.2498 -0.0440 -0.9673
vn 0.1216 0.3780 -0.9178
vn -0.1579 0.1621 -0.9741
vn 0.0031 0.2102 -0.9777
vn 0.0194 0.1373 -0.9903
vn 0.6808 0.6492 -0.3392
vn 0.4671 0.0444 -0.8831
vn 0.0173 0.5583 -0.8294
vn 0.5189 -0.1777 -0.8362
vn 0.5006 -0.0485 -0.8643
vn -0.4683 -0.8134 -0.3449
vn 0.4855 0.0000 -0.8742
vn 0.5300 -0.0227 -0.8477
vn 0.3320 0.3044 -0.8928
vn 0.3666 0.1914 -0.9105
vn 0.1842 -0.0759 -0.9800
vn 0.0122 0.1282 -0.9917
vn 0.7171 -0.2387 -0.6549
vn 0.3306 0.0052 -0.9437
vn 0.3079 0.0325 -0.9509
vn -0.1898 -0.0920 0.9775
vn -0.0115 -0.0576 0.9983
vn -0.2006 -0.5372 0.8193
vn -0.5229 -0.0989 0.8467
vn -0.2246 0.0428 0.9735
vn -0.2441 0.0214 0.9695
vn -0.1399 0.0260 0.9898
vn -0.1840 0.0000 0.9829
vn 0.0424 -0.3487 0.9363
vn -0.0439 0.0475 0.9979
vn -0.1431 0.0367 0.9890
vn -0.0973 -0.0922 0.9910
vn -0.0653 -0.0337 0.9973
vn -0.1205 -0.0569 0.9911
vn -0.3086 -0.1415 0.9406
vn -0.3293 -0.0946 0.9395
vn -0.4787 0.1007 0.8722
vn -0.2391 0.0020 0.9710
vn -0.3926 0.9197 0.0050
vn -0.1054 0.0370 0.9937
vn -0.0957 -0.0400 0.9946
vn -0.2287 0.2080 0.9510
vn 0.2676 -0.2477 0.9311
vn 0.1012 0.3664 -0.9249
vn 0.2504 -0.0000 -0.9681
vn 0.1843 0.3644 -0.9128
vn 0.2402 0.5441 -0.8039
vn 0.2750 0.5594 -0.7820
vn 0.1974 -0.0523 -0.9789
vn 0.2264 0.0701 -0.9715
vn 0.1831 -0.0126 -0.9830
vn 0.2026 -0.0402 -0.9784
vn -0.0744 0.2535 -0.9645
vn -0.0201 -0.1107 -0.9936
vn 0.1833 0.0067 -0.9830
vn 0.1907 0.0000 -0.9816
vn 0.1978 -0.0291 -0.9798
vn -0.1414 0.0290 -0.9895
vn -0.1505 0.1453 -0.9779
vn -0.0749 0.0293 -0.9968
vn -0.1707 0.0825 -0.9819
vn -0.1763 0.0949 -0.9797
vn -0.0150 -0.5773 -0.8164
vn 0.1803 0.4812 -0.8579
vn 0.4661 -0.1426 -0.8732
vn -0.0538 0.1826 -0.9817
vn 0.2340 -0.1105 -0.9659
vn -0.2894 0.1358 0.9475
vn -0.2342 0.1993 0.9515
vn -0.2634 0.1126 0.9581
vn -0.3847 0.0382 0.9222
vn -0.3729 0.0668 0.9255
vn -0.3744 0.0777 0.9240
vn -0.1670 0.0414 0.9851
vn 0.5414 0.3485 0.7651
vn -0.2379 -0.0788 0.9681
vn -0.6297 -0.0648 0.7741
vn -0.3611 0.1084 0.9262
vn -0.3311 0.0000 0.9436
vn -0.3650 -0.0307 0.9305
vn -0.3822 0.0132 0.9240
vn -0.2504 -0.0000 0.9681
vn -0.3439 0.3153 0.8845
vn -0.0589 -0.1234 0.9906
vn -0.3157 0.0007 0.9489
vn -0.3219 -0.0068 0.9467
vn -0.3263 0.0115 0.9452
vn -0.3156 -0.0139 0.9488
vn -0.3164 -0.0126 0.9485
vn -0.3020 -0.0523 0.9519
vn -0.3132 -0.0349 0.9491
vn -0.4927 0.1701 0.8534
vn 0.1637 0.9854 0.0470
vn 0.1643 0.9856 0.0394
vn 0.1686 0.9848 0.0423
vn 0.1643 0.9861 0.0263
vn 0.1742 0.9842 0.0314
vn 0.1630 0.9865 0.0133
vn 0.1798 0.9835 0.0200
vn 0.1603 0.9871 0.0007
vn 0.1855 0.9826 0.0081
vn 0.1687 0.9856 -0.0122
vn 0.1760 0.9843 -0.0154
vn 0.1675 0.9859 -0.0040
vn 0.1702 0.9850 -0.0264
vn 0.1680 0.9855 -0.0252
vn 0.1679 0.9852 -0.0347
vn 0.4749 0.8747 -0.0965
vn 0.2033 0.9774 -0.0570
vn 0.7861 0.6016 -0.1417
vn 0.9808 0.0667 -0.1835
vn 0.9792 0.1402 -0.1467
vn 0.9870 0.0933 -0.1311
vn 0.9930 0.0934 -0.0717
vn 0.9907 0.1132 -0.0756
vn 0.9979 0.0646 0.0047
vn 0.9998 0.0165 0.0134
vn 0.9884 0.1289 0.0808
vn 0.9918 0.0864 0.0943
vn 0.9838 0.0864 0.1572
vn 0.9810 0.1243 0.1489
vn 0.9717 0.0394 0.2330
vn 0.9716 0.0294 0.2347
vn 0.9406 0.1323 0.3126
vn 0.9406 0.1331 0.3123
vn 0.8680 0.4203 0.2645
vn 0.6872 0.6956 0.2097
vn 0.4633 0.8745 0.1432
vn 0.9617 0.1643 -0.2194
vn 0.8719 0.4638 -0.1571
vn 0.8763 0.4635 -0.1313
vn 0.9127 0.3570 -0.1987
vn 0.9310 0.3588 -0.0672
vn 0.9314 0.3577 -0.0677
vn 0.9337 0.3579 0.0044
vn 0.9341 0.3571 0.0041
vn 0.9309 0.3572 0.0761
vn 0.9311 0.3567 0.0759
vn 0.9225 0.3568 0.1474
vn 0.9226 0.3566 0.1474
vn 0.9085 0.3566 0.2179
vn 0.9084 0.3568 0.2179
vn 0.8845 0.3565 0.3011
vn 0.9198 0.3850 -0.0751
vn 0.7489 0.6531 -0.1125
vn 0.7552 0.6531 -0.0549
vn 0.7552 0.6532 -0.0548
vn 0.7571 0.6532 0.0033
vn 0.7571 0.6533 0.0033
vn 0.7546 0.6533 0.0615
vn 0.7545 0.6534 0.0615
vn 0.7475 0.6534 0.1194
vn 0.7475 0.6534 0.1194
vn 0.7361 0.6534 0.1766
vn 0.7362 0.6534 0.1766
vn 0.7168 0.6531 0.2443
vn 0.6533 0.7499 -0.1043
vn 0.5876 0.8072 -0.0568
vn 0.5748 0.8082 -0.1283
vn 0.4876 0.8700 -0.0731
vn 0.4918 0.8700 -0.0357
vn 0.4914 0.8702 -0.0355
vn 0.4927 0.8702 0.0022
vn 0.4924 0.8704 0.0023
vn 0.4908 0.8704 0.0400
vn 0.4906 0.8705 0.0401
vn 0.4861 0.8704 0.0776
vn 0.4860 0.8705 0.0777
vn 0.4786 0.8705 0.1148
vn 0.4787 0.8704 0.1148
vn 0.4693 0.8705 0.1482
vn 0.1879 0.9801 0.0645
vn 0.2504 -0.0000 -0.9681
vn 0.2504 -0.0000 -0.9681
vn 0.2504 -0.0000 -0.9681
vn 0.2504 -0.0000 -0.9681
vn 0.2504 0.0000 -0.9681
vn 0.2504 -0.0000 -0.9681
vn 0.2544 0.0361 -0.9664
vn 0.2524 0.0601 -0.9658
vn 0.2572 0.0176 -0.9662
vn 0.2504 0.0000 -0.9681
vn 0.2504 0.0000 -0.9681
vn 0.2504 0.0000 -0.9681
vn 0.2504 -0.0000 -0.9681
vn 0.2615 0.0064 -0.9652
vn 0.2591 0.0102 -0.9658
vn 0.2160 0.0411 -0.9755
vn 0.2504 0.0000 -0.9681
vn 0.2504 -0.0000 -0.9681
vn 0.2504 0.0000 -0.9681
vn 0.2504 -0.0000 -0.9681
vn 0.1285 -0.8487 -0.5130
vn 0.1710 -0.6796 -0.7134
vn 0.2253 -0.3826 -0.8960
vn 0.0920 -0.3302 -0.9394
vn 0.1513 -0.3727 -0.9155
vn 0.1533 -0.3813 -0.9116
vn 0.1130 -0.3189 -0.9410
vn -0.2668 -0.8368 -0.4781
vn 0.1688 -0.2466 -0.9543
vn 0.0292 -0.0004 -0.9996
vn -0.2116 -0.0102 -0.9773
vn 0.1994 -0.2765 -0.9401
vn -0.2293 -0.1080 -0.9673
vn 0.2867 0.4847 0.8264
vn -0.7634 0.3460 0.5454
vn -0.2504 -0.8408 -0.4799
vn 0.0044 -0.8132 -0.5819
vn -0.3118 -0.6882 -0.6552
vn 0.0900 -0.5117 -0.8544
vn -0.2939 -0.3361 -0.8948
vn 0.1254 -0.7195 -0.6830
vn -0.2748 -0.1462 -0.9503
vn -0.2654 -0.3050 -0.9146
vn 0.0102 -0.3353 -0.9421
vn 0.1736 -0.3246 -0.9298
vn 0.2372 -0.2528 -0.9380
vn 0.2496 -0.0611 -0.9664
vn 0.1574 -0.7910 -0.5913
vn 0.1693 -0.7204 -0.6726
vn 0.2266 -0.4765 -0.8495
vn 0.3974 -0.0746 -0.9146
vn 0.3563 -0.1837 -0.9161
vn 0.4153 -0.2010 -0.8872
vn 0.3341 -0.4004 -0.8533
vn 0.3176 -0.3943 -0.8624
vn 0.2558 -0.0611 -0.9648
vn 0.2961 -0.8576 -0.4204
vn 0.2377 -0.8931 -0.3819
vn 0.5113 -0.8561 -0.0757
vn 0.7563 -0.5708 -0.3197
vn 0.9139 -0.3953 0.0925
vn 0.7381 -0.5603 -0.3760
vn 0.6077 -0.6803 -0.4097
vn 0.8128 -0.0670 -0.5787
vn 0.8473 -0.1232 -0.5166
vn 0.8451 -0.1576 -0.5108
vn 0.7556 -0.2117 -0.6198
vn 0.7211 -0.4859 -0.4939
vn 0.4228 -0.4755 -0.7714
vn 0.3818 -0.4818 -0.7887
vn 0.7833 0.0062 -0.6216
vn 0.8123 -0.0025 -0.5832
vn 0.0000 1.0000 0.0000
vn 0.0000 1.0000 -0.0000
vn 0.0000 1.0000 0.0000
vn 0.0000 1.0000 0.0000
vn 0.0000 1.0000 0.0000
vn 0.0000 1.0000 -0.0000
vn 0.0000 1.0000 0.0000
vn 0.0000 1.0000 -0.0000
vn 0.0000 1.0000 0.0000
vn -0.0000 1.0000 0.0000
vn 0.0000 1.0000 0.0000
vn -0.0000 1.0000 0.0000
vn 0.0000 1.0000 0.0000
vn 0.0000 1.0000 0.0000
vn 0.0000 1.0000 -0.0000
vn 0.0000 1.0000 0.0000
vn 0.0000 1.0000 0.0000
vn 0.0000 1.0000 0.0000
vn 0.0000 1.0000 0.0000
vn 0.0000 1.0000 0.0000
vn 0.0000 1.0000 0.0000
vn 0.0000 1.0000 0.0000
vn 0.0000 1.0000 -0.0000
vn 0.0000 1.0000 0.0000
vn 0.0000 1.0000 0.0000
vn 0.0000 1.0000 0.0000
vn 0.0000 1.0000 0.0000
vn 0.0000 1.0000 0.0000
vn 0.0000 1.0000 0.0000
vn 0.0000 1.0000 -0.0000
vn 0.0000 1.0000 0.0000
vn 0.0000 1.0000 0.0000
vn 0.0000 1.0000 -0.0000
vn 0.0000 1.0000 0.0000
vn 0.0000 1.0000 -0.0000
vn 0.0000 1.0000 0.0000
vn 0.0000 1.0000 -0.0000
vn 0.0000 1.0000 0.0000
vn 0.0000 1.0000 0.0000
vn 0.0000 1.0000 0.0000
vn 0.0000 1.0000 0.0000
vn 0.0000 1.0000 0.0000
vn 0.9522 0.1805 0.2463
vn 0.9522 0.1805 0.2463
vn 0.8282 0.5179 0.2142
vn 0.0556 0.9984 0.0144
vn -0.2917 0.9535 -0.0754
vn -0.2917 0.9535 -0.0754
vn -0.6002 0.7846 -0.1552
vn -0.3147 0.8210 -0.4764
vn -0.3547 0.1108 -0.9284
vn 0.9681 -0.0000 0.2504
vn 0.9681 -0.0000 0.2504
vn 0.0000 1.0000 0.0000
vn -0.1054 -0.6298 -0.7696
vn -0.0920 -0.6579 -0.7475
vn -0.4194 -0.6175 -0.6654
vn -0.4271 -0.6087 -0.6687
vn -0.5847 -0.6576 -0.4750
vn -0.6535 -0.5891 -0.4752
vn -0.7833 -0.5235 0.3354
vn -0.9375 0.1036 0.3323
vn -0.9162 -0.2913 0.2753
vn -0.9699 0.0594 0.2363
vn -0.9587 0.2423 0.1491
vn -0.9682 -0.2210 0.1168
vn -0.9870 -0.1481 0.0621
vn -0.9947 0.0907 0.0481
vn -0.9589 -0.2838 0.0053
vn -0.9982 0.0356 -0.0479
vn -0.9980 -0.0377 -0.0516
vn -0.9577 -0.2679 -0.1047
vn -0.9724 0.1809 -0.1477
vn -0.8656 0.4500 -0.2198
vn -0.8160 0.4389 -0.3761
vn -0.7845 -0.5209 0.3365
vn -0.8036 -0.5097 0.3074
vn -0.7512 -0.5997 0.2757
vn -0.7528 -0.6181 0.2262
vn -0.7940 -0.5554 0.2473
vn -0.8126 -0.5553 0.1770
vn -0.7582 -0.6333 0.1552
vn -0.7581 -0.6335 0.1549
vn -0.8131 -0.5547 0.1769
vn -0.8256 -0.5554 0.0996
vn -0.6665 -0.7428 0.0639
vn -0.6684 -0.7426 0.0420
vn -0.6683 -0.7427 0.0420
vn -0.6696 -0.7427 0.0037
vn -0.6166 -0.7873 -0.0052
vn -0.6159 -0.7872 -0.0319
vn -0.6694 -0.7425 -0.0243
vn -0.6657 -0.7427 -0.0728
vn -0.7494 -0.6587 -0.0672
vn -0.7386 -0.6586 -0.1438
vn -0.7508 -0.6448 -0.1433
vn -0.7501 -0.6439 -0.1509
vn -0.7373 -0.6586 -0.1505
vn -0.7181 -0.6585 -0.2252
vn -0.7212 -0.6550 -0.2253
vn -0.7330 -0.6288 -0.2595
vn -0.7418 -0.6178 -0.2607
vn -0.7160 -0.6406 -0.2775
vn -0.6105 -0.7500 -0.2546
vn -0.5870 -0.7496 -0.3058
vn -0.6717 -0.6650 -0.3264
vn -0.4281 -0.8967 0.1127
vn -0.4305 -0.8966 0.1034
vn -0.4354 -0.8969 0.0775
vn -0.4390 -0.8969 0.0535
vn -0.3179 -0.9475 -0.0348
vn -0.3154 -0.9475 -0.0529
vn -0.3123 -0.9473 -0.0710
vn -0.3077 -0.9474 -0.0887
vn -0.6964 -0.5293 0.4847
vn 0.0469 -0.9961 0.0742
vn -0.0423 -0.9921 0.1180
vn 0.1910 0.9627 -0.1918
vn -0.2943 -0.8511 0.4348
vn -0.1836 -0.9112 0.3687
vn 0.1736 -0.5168 0.8383
vn 0.0712 -0.7938 0.6039
vn -0.5685 -0.6682 0.4800
vn 0.5011 0.3722 0.7813
vn -0.2690 -0.0383 0.9624
vn -0.1879 -0.2939 0.9372
vn -0.5220 -0.4951 0.6946
vn 0.2626 -0.9532 0.1496
vn -0.5050 -0.6637 0.5518
vn -0.5319 0.3858 0.7538
vn -0.0079 -1.0000 -0.0038
vn -0.0063 -1.0000 -0.0076
vn -0.0088 -1.0000 -0.0037
vn -0.0088 -1.0000 -0.0036
vn -0.0089 -1.0000 -0.0031
vn -0.0084 -1.0000 0.0006
vn -0.0065 -1.0000 0.0040
vn -0.0011 -1.0000 -0.0011
vn 0.0095 -0.9998 -0.0176
vn -0.0065 -1.0000 0.0004
vn -0.0067 -0.9999 0.0107
vn -0.0022 -1.0000 -0.0005
vn 0.0013 -0.9999 -0.0169
vn -0.0166 -0.9997 0.0185
vn -0.1077 -0.9933 0.0422
vn -0.1679 -0.9857 -0.0117
vn -0.0064 -1.0000 0.0041
vn -0.0075 -1.0000 0.0030
vn 0.0117 -0.9994 0.0319
vn -0.0013 -0.9999 0.0105
vn -0.0061 -1.0000 -0.0056
vn 0.0059 -0.9998 0.0165
vn -0.0051 -1.0000 0.0030
vn 0.0087 -0.9997 0.0247
vn -0.0083 -0.9997 -0.0236
vn -0.0039 -1.0000 -0.0034
vn -0.1259 -0.9768 -0.1730
vn -0.0208 -0.9993 0.0320
vn -0.1841 -0.9734 -0.1362
vn -0.1069 -0.9942 0.0130
vn 0.0026 -0.9999 -0.0112
vn -0.0015 -1.0000 -0.0088
vn 0.0000 -1.0000 -0.0094
vn -0.0057 -1.0000 -0.0060
vn -0.0305 -0.9990 -0.0324
vn 0.0063 -1.0000 -0.0006
vn 0.0066 -1.0000 0.0023
vn 0.0006 -1.0000 -0.0088
vn -0.0043 -0.9979 0.0652
vn 0.0220 -0.9995 0.0231
vn 0.0281 -0.9993 -0.0263
vn 0.0031 -0.9997 0.0257
vn -0.0155 -0.9998 -0.0087
vn 0.0210 -0.9994 0.0265
vn -0.0184 -0.9996 -0.0232
vn -0.0738 -0.9953 -0.0633
vn -0.0049 -1.0000 0.0082
vn 0.0429 -0.9987 0.0271
vn -0.0134 -0.9999 -0.0084
vn -0.1666 -0.9856 0.0278
vn -0.0371 -0.9967 -0.0718
vn -0.0221 -0.9903 -0.1373
vn -0.0221 -0.9903 -0.1373
vn -0.1799 -0.9813 0.0686
vn 0.2071 -0.9751 -0.0789
vn -0.3535 -0.9352 -0.0208
vn 0.4540 -0.8811 0.1325
vn 0.0010 -1.0000 0.0050
vn -0.0007 -1.0000 0.0049
vn -0.0223 -0.9997 0.0072
vn -0.0077 -0.9999 0.0118
vn 0.0236 -0.9996 0.0148
vn 0.0000 -1.0000 0.0000
vn 0.0056 -1.0000 0.0015
vn 0.1102 -0.9921 -0.0603
vn -0.0616 -0.9967 -0.0529
vn -0.0006 -1.0000 0.0027
vn -0.0013 -1.0000 0.0021
vn 0.0553 -0.9935 0.0992
vn -0.0594 -0.9943 -0.0881
vn -0.0099 -0.9994 0.0328
vn -0.0157 -0.9999 0.0026
vn -0.0155 -0.9999 -0.0032
vn -0.0177 -0.9998 0.0054
vn -0.0151 -0.9999 0.0080
vn -0.0211 -0.9997 0.0122
vn -0.0723 -0.9973 0.0136
vn 0.2442 -0.9696 0.0144
vn 0.4764 -0.0196 0.8790
vn 0.4789 -0.0103 0.8778
vn 0.9811 -0.0681 0.1811
vn 0.6047 -0.0186 0.7963
vn 0.6290 -0.0069 0.7774
vn 0.7924 -0.0193 0.6097
vn 0.8659 0.0206 0.4998
vn 0.9341 -0.0220 0.3563
vn 0.9974 0.0020 0.0726
vn 0.8789 -0.1029 -0.4658
vn 0.9656 -0.0098 -0.2598
vn 0.9873 0.0023 -0.1588
vn 0.9748 0.0102 -0.2227
vn 0.9474 -0.1017 -0.3034
vn 0.9532 -0.0776 -0.2922
vn 0.9561 -0.0786 -0.2825
vn 0.9470 0.0000 -0.3214
vn 0.9207 0.0000 -0.3903
vn 0.9251 -0.0099 -0.3797
vn 0.8624 0.0006 0.5063
vn 0.8615 -0.0000 0.5078
vn 0.8299 0.0000 0.5579
vn 0.8271 -0.0015 0.5621
vn 0.8271 -0.0006 0.5621
vn 0.8452 -0.0061 0.5345
vn 0.8405 -0.0042 0.5419
vn 0.8615 0.0004 0.5078
vn 0.8957 0.0006 0.4446
vn 0.8844 -0.0000 0.4668
vn 0.8836 -0.0006 0.4683
vn 0.8836 -0.0004 0.4683
vn 0.8986 -0.0057 0.4387
vn 0.9116 -0.0121 0.4109
vn 0.9117 -0.0000 0.4110
vn 0.9123 0.0005 0.4096
vn 0.9490 0.0001 0.3154
vn 0.9310 -0.0002 0.3649
vn 0.9307 -0.0005 0.3657
vn 0.9307 -0.0002 0.3657
vn 0.9397 -0.0046 0.3418
vn 0.9491 0.0000 0.3151
vn 0.9563 -0.0000 0.2924
vn 0.9719 0.0153 0.2348
vn 0.9885 0.0167 0.1501
vn 0.9988 0.0050 0.0492
vn 0.9955 0.0000 0.0946
vn 1.0000 -0.0000 0.0084
vn 0.9999 -0.0012 0.0134
vn 0.9971 -0.0014 -0.0761
vn 0.9992 0.0038 -0.0410
vn 0.9912 0.0126 -0.1317
vn 0.9775 0.0126 -0.2105
vn 0.9824 0.0006 -0.1867
vn 0.2428 -0.0319 -0.9696
vn 0.2492 -0.0049 -0.9684
vn 0.2396 0.0099 -0.9708
vn 0.2504 0.0000 -0.9681
vn 0.2504 0.0000 -0.9681
vn 0.2457 0.2109 -0.9461
vn 0.0135 -0.1991 -0.9799
vn 0.2504 -0.0000 -0.9681
vn 0.2504 0.0000 -0.9681
vn 0.2740 0.0103 -0.9617
vn 0.3417 0.0966 -0.9348
vn 0.1502 0.0839 -0.9851
vn 0.1399 0.0543 -0.9887
vn 0.0615 0.0207 -0.9979
vn 0.1118 -0.0068 -0.9937
vn 0.5177 -0.3044 -0.7996
vn 0.2319 0.0194 -0.9725
vn 0.2517 -0.0058 -0.9678
vn 0.1473 -0.0121 -0.9890
vn 0.1883 0.0956 -0.9775
vn 0.1329 0.0529 -0.9897
vn 0.3398 0.0597 -0.9386
vn 0.2819 0.1290 -0.9507
vn 0.2553 0.1155 -0.9599
vn 0.4628 -0.1226 -0.8779
vn 0.1370 0.0587 -0.9888
vn 0.3079 -0.1200 -0.9438
vn 0.1043 0.0880 -0.9906
vn 0.4277 0.0004 -0.9039
vn 0.2909 -0.0240 -0.9564
vn 0.0789 0.0978 -0.9921
vn -0.0478 -0.0052 -0.9988
vn -0.1035 -0.0380 -0.9939
vn -0.4740 0.0102 -0.8804
vn -0.7949 -0.0097 -0.6067
vn -0.7778 0.0044 -0.6285
vn -0.5261 -0.0166 -0.8502
vn -0.9171 -0.0099 0.3986
vn -0.9170 -0.0098 0.3987
vn -0.9437 -0.0042 0.3307
vn -0.9431 0.0000 0.3325
vn -0.9711 0.0000 0.2385
vn -0.9713 -0.0019 0.2377
vn -0.9895 -0.0148 0.1440
vn -0.9887 0.0000 0.1499
vn -0.9988 0.0000 0.0483
vn -0.9988 0.0000 0.0483
vn -0.9989 0.0000 -0.0479
vn -0.9989 0.0000 -0.0479
vn -0.9896 0.0000 -0.1436
vn -0.9891 -0.0085 -0.1471
vn -0.9712 -0.0062 -0.2380
vn -0.9694 -0.0220 -0.2446
vn -0.9439 0.0006 -0.3303
vn -0.9437 -0.0004 -0.3307
vn -0.9076 -0.0182 -0.4194
vn -0.9091 -0.0099 -0.4165
vn -0.8178 -0.0097 0.5754
vn -0.8187 -0.0105 0.5741
vn -0.5606 -0.0182 0.8279
vn -0.5325 0.0013 0.8465
vn -0.1848 -0.0188 0.9826
vn -0.1247 0.0100 0.9921
vn 0.2942 0.0053 0.9557
vn 0.1941 -0.0402 0.9802
vn 0.6370 0.0004 0.7708
vn 0.6363 0.0000 0.7714
vn 0.9268 -0.0000 0.3755
vn 0.9268 0.0000 0.3755
vn 0.9973 0.0000 -0.0735
vn 0.9973 0.0000 -0.0735
vn 0.8608 0.0000 -0.5089
vn 0.8608 0.0000 -0.5089
vn 0.5453 0.0000 -0.8382
vn 0.5453 0.0000 -0.8382
vn 0.2282 0.0000 -0.9736
vn 0.2282 0.0000 -0.9736
vn -0.1621 0.0000 -0.9868
vn -0.1588 -0.0016 -0.9873
vn -0.6348 0.0016 -0.7727
vn -0.4571 -0.0969 -0.8841
vn -0.9512 -0.2194 -0.2169
vn -0.9864 0.0032 0.1646
vn -0.9244 0.0107 0.3812
vn -0.9310 0.0000 0.3650
vn -0.5453 0.0000 0.8382
vn -0.5453 0.0000 0.8382
vn -0.2281 0.0000 0.9736
vn -0.2281 0.0000 0.9736
vn 0.1648 -0.0000 0.9863
vn 0.1639 -0.0004 0.9865
vn 0.6296 0.0062 0.7769
vn 0.7004 0.0477 0.7122
vn 0.9745 0.0170 0.2236
vn 0.9766 0.0223 0.2141
vn 0.9249 0.0157 -0.3798
vn 0.9268 0.0131 -0.3754
vn 0.5452 0.0152 -0.8381
vn 0.5078 0.0331 -0.8609
vn 0.2280 0.0318 -0.9731
vn 0.1250 0.0527 -0.9908
vn -0.1554 0.0157 -0.9877
vn -0.1197 0.0037 -0.9928
vn -0.6296 -0.0031 -0.7769
vn -0.6889 0.0340 -0.7240
vn -0.9267 0.0187 -0.3754
vn -0.9452 0.0387 -0.3243
vn -0.9971 0.0182 0.0735
vn -0.9955 0.0245 0.0910
vn -0.8604 0.0301 0.5087
vn -0.8602 0.0303 0.5091
vn -0.5450 0.0328 0.8378
vn -0.5453 0.0326 0.8376
vn -0.2280 0.0314 0.9731
vn -0.1450 0.0484 0.9883
vn 0.1554 0.0137 0.9877
vn 0.1921 0.0268 0.9810
vn 0.0000 1.0000 0.0000
vn 0.0000 1.0000 0.0000
vn 0.0000 1.0000 0.0000
vn 0.0000 1.0000 0.0000
vn -0.0000 1.0000 0.0000
vn 0.0001 1.0000 0.0001
vn 0.0001 1.0000 0.0001
vn 0.0000 1.0000 -0.0000
vn 0.0000 1.0000 0.0000
vn 0.0000 1.0000 0.0000
vn 0.0000 1.0000 0.0000
vn 0.0000 1.0000 0.0000
vn 0.0000 1.0000 0.0000
vn 0.0000 1.0000 0.0000
vn 0.0000 1.0000 0.0000
vn 0.0000 1.0000 0.0000
vn 0.0000 1.0000 0.0000
vn 0.0000 1.0000 0.0000
vn 0.0000 1.0000 0.0000
vn 0.0000 1.0000 0.0000
vn 0.0000 1.0000 0.0000
vn 0.0000 1.0000 -0.0000
vn 0.0000 1.0000 0.0000
vn 0.0000 1.0000 0.0000
vn 0.0000 1.0000 0.0000
vn 0.0000 1.0000 0.0000
vn 0.0000 1.0000 0.0000
vn 0.0000 1.0000 -0.0000
vn 0.0000 1.0000 0.0000
vn -0.0000 1.0000 0.0000
vn 0.0000 1.0000 0.0000
vn -0.0000 1.0000 0.0000
vn 0.0000 1.0000 0.0000
vn 0.0000 1.0000 0.0000
vn 0.0000 1.0000 0.0000
vn 0.0000 1.0000 0.0000
vn -0.0000 1.0000 0.0000
vn 0.0000 1.0000 -0.0000
vn 0.0000 1.0000 0.0000
vn 0.0000 1.0000 -0.0000
vn 0.0000 1.0000 0.0000
vn 0.0000 1.0000 -0.0000
vn 0.0000 1.0000 0.0000
vn 0.0000 1.0000 0.0000
vn -0.0002 1.0000 0.0003
vn 0.0000 1.0000 0.0000
vn -0.0000 1.0000 0.0000
vn 0.0000 1.0000 -0.0000
vn 0.0000 1.0000 -0.0000
vn -0.0000 1.0000 0.0000
vn -0.0000 1.0000 0.0000
vn -0.0000 1.0000 0.0000
vn 0.0000 1.0000 0.0000
vn -0.0000 1.0000 -0.0000
vn 0.0000 1.0000 -0.0000
vn -0.0000 1.0000 -0.0000
vn 0.0000 1.0000 0.0000
vn 0.0000 1.0000 0.0000
vn 0.0000 1.0000 -0.0000
vn 0.0000 1.0000 0.0000
vn 0.0000 1.0000 0.0000
vn 1.0000 0.0000 0.0000
vn 1.0000 0.0000 0.0000
vn 1.0000 0.0000 -0.0000
vn 1.0000 0.0000 -0.0000
vn 1.0000 0.0000 0.0000
vn 1.0000 0.0000 0.0000
vn 1.0000 -0.0000 0.0000
vn 1.0000 0.0000 0.0000
vn 1.0000 0.0000 0.0000
vn 1.0000 0.0000 -0.0000
vn 1.0000 0.0000 0.0000
vn 1.0000 -0.0000 0.0000
vn 1.0000 0.0000 0.0000
vn 1.0000 -0.0000 0.0000
vn 1.0000 0.0000 0.0000
vn 1.0000 0.0000 -0.0000
vn 1.0000 0.0000 0.0000
vn 1.0000 0.0000 0.0000
vn 1.0000 0.0000 0.0000
vn 1.0000 0.0000 0.0000
vn 1.0000 0.0000 -0.0000
vn 1.0000 0.0000 -0.0000
vn 1.0000 0.0000 0.0000
vn 1.0000 0.0000 0.0000
vn 1.0000 0.0000 0.0000
vn 1.0000 -0.0000 0.0000
vn 1.0000 0.0000 0.0000
vn 0.0000 -1.0000 -0.0000
vn 0.0000 -1.0000 -0.0000
vn 0.0000 -1.0000 -0.0000
vn 0.0000 -1.0000 0.0000
vn -0.0000 -1.0000 0.0000
vn 0.0000 -1.0000 0.0000
vn 0.0000 -1.0000 0.0000
vn 0.0000 -1.0000 0.0000
vn -0.0000 -1.0000 -0.0000
vn 0.0000 -1.0000 0.0000
vn 0.0000 -1.0000 0.0000
vn 0.0000 -1.0000 0.0000
vn 0.0000 -1.0000 0.0000
vn 0.0000 -1.0000 0.0000
vn 0.0000 0.0934 0.9956
vn 0.0000 0.0934 0.9956
vn 0.0000 -0.3731 0.9278
vn 0.0095 -0.3955 0.9184
vn -0.0094 -0.8617 0.5073
vn 0.0000 -0.8738 0.4862
vn 0.0000 0.1653 0.9863
vn 0.0013 0.1645 0.9864
vn 0.0000 0.1645 -0.9864
vn 0.0000 0.1645 -0.9864
vn -0.0000 -0.8176 -0.5758
vn 0.0153 -0.7962 -0.6049
vn -0.0128 -0.2472 -0.9689
vn 0.0000 -0.2150 -0.9766
vn 0.0000 -0.9980 -0.0633
vn 0.0000 -0.9980 -0.0633
vn 0.0000 -0.9983 0.0582
vn 0.0000 -0.9983 0.0582
vn 0.0227 -0.7443 -0.6675
vn 0.0000 -0.7730 -0.6345
vn 0.0000 -0.0611 -0.9981
vn 0.0000 -0.0611 -0.9981
vn 0.0000 0.5253 -0.8509
vn 0.0000 0.5253 -0.8509
vn 0.0000 0.9029 -0.4299
vn 0.0024 0.9059 -0.4235
vn -0.0025 0.9871 0.1598
vn 0.0000 0.9858 0.1679
vn -0.0000 0.7465 0.6654
vn 0.0000 0.7465 0.6654
vn -0.0000 0.3474 0.9377
vn 0.0000 0.3474 0.9377
vn 0.0000 -0.1068 0.9943
vn 0.0000 -0.1068 0.9943
vn 0.0000 -0.5253 0.8509
vn 0.0000 -0.5253 0.8509
vn 0.0000 -0.8578 0.5140
vn 0.0000 -0.8578 0.5140
vn 0.0000 -0.9995 -0.0300
vn -0.0124 -0.9998 0.0155
vn 0.0000 -0.9198 -0.3923
vn 0.0043 -0.9152 -0.4030
vn -0.0045 -0.4913 -0.8710
vn 0.0000 -0.4803 -0.8771
vn 0.0000 0.1068 -0.9943
vn 0.0000 0.1068 -0.9943
vn 0.0000 0.5253 -0.8509
vn 0.0000 0.5253 -0.8509
vn 0.0000 0.9002 -0.4355
vn 0.0044 0.9059 -0.4235
vn -0.0045 0.9881 0.1535
vn 0.0000 0.9858 0.1679
vn -0.0000 0.6281 0.7781
vn 0.0000 0.6281 0.7781
vn -0.0000 0.0611 0.9981
vn 0.0000 0.0611 0.9981
vn 0.0000 -0.6575 0.7534
vn 0.0074 -0.6729 0.7397
vn -0.0055 -0.9474 0.3201
vn 0.0000 -0.9541 0.2994
vn -0.0025 -0.9871 -0.1598
vn 0.0000 -0.9858 -0.1679
vn 0.0000 -0.7465 -0.6654
vn 0.0000 -0.7465 -0.6654
vn 0.0000 -0.3474 -0.9377
vn 0.0000 -0.3474 -0.9377
vn 0.0000 0.1068 -0.9943
vn 0.0000 0.1068 -0.9943
vn 0.0000 0.6575 -0.7534
vn 0.0074 0.6729 -0.7397
vn -0.0055 0.9474 -0.3201
vn 0.0000 0.9541 -0.2994
vn -0.0000 0.9705 0.2412
vn 0.0000 0.9705 0.2412
vn -0.0000 0.7465 0.6654
vn 0.0000 0.7465 0.6654
vn -0.0000 0.3474 0.9377
vn 0.0000 0.3474 0.9377
vn 0.0000 -0.1068 0.9943
vn 0.0000 -0.1068 0.9943
vn 0.0000 -0.5253 0.8509
vn 0.0000 -0.5253 0.8509
vn 0.0000 -0.9029 0.4299
vn 0.0024 -0.9059 0.4235
vn 0.0000 -0.9200 0.3920
vn 0.0000 -0.9200 0.3920
vn 0.0000 -0.4920 0.8706
vn 0.0000 -0.4920 0.8706
vn 0.0000 0.1076 0.9942
vn 0.0000 0.1076 0.9942
vn 0.0000 0.5262 0.8503
vn 0.0000 0.5262 0.8503
vn 0.0000 0.9002 0.4356
vn 0.0022 0.8973 0.4414
vn -0.0021 0.9882 -0.1530
vn 0.0000 0.9892 -0.1469
vn 0.0000 0.7470 -0.6648
vn 0.0000 0.7470 -0.6648
vn 0.0000 0.2148 -0.9767
vn -0.0058 0.1994 -0.9799
vn 0.0057 -0.4020 -0.9156
vn 0.0000 -0.4177 -0.9086
vn -0.0000 -0.8578 -0.5140
vn 0.0000 -0.8578 -0.5140
vn -0.0000 -0.9893 -0.1458
vn 0.0000 -0.9893 -0.1458
vn 0.0115 -0.9882 0.1530
vn -0.0598 -0.7457 0.6636
vn 0.0000 -0.8435 0.5371
vn 0.0000 -0.3481 0.9374
vn 0.0000 -0.3481 0.9374
vn 0.0000 0.2599 0.9656
vn 0.0000 0.2599 0.9656
vn 0.0000 0.7709 0.6370
vn -0.0314 0.8212 0.5698
vn 0.0124 0.9995 -0.0296
vn -0.0123 0.9891 -0.1468
vn 0.0409 0.8428 -0.5367
vn 0.0000 0.7470 -0.6648
vn 0.0000 0.3481 -0.9374
vn 0.0000 0.3481 -0.9374
vn -0.0000 -0.2599 -0.9656
vn 0.0000 -0.2599 -0.9656
vn -0.0000 -0.8256 -0.5643
vn 0.0403 -0.7703 -0.6364
vn -0.0136 -0.9995 0.0296
vn 0.0021 -0.9882 0.1530
vn 0.0000 -0.9872 0.1594
vn 0.0000 -0.7470 0.6648
vn 0.0000 -0.7470 0.6648
vn 0.0000 -0.3481 0.9374
vn 0.0000 -0.3481 0.9374
vn 0.0000 0.1076 0.9942
vn 0.0000 0.1076 0.9942
vn 0.0000 0.5262 0.8503
vn 0.0000 0.5262 0.8503
vn 0.0000 0.8578 0.5140
vn 0.0000 0.8578 0.5140
vn 0.0000 0.9893 0.1458
vn 0.0000 0.9893 0.1458
vn 0.0000 0.9706 -0.2408
vn 0.0000 0.9706 -0.2408
vn 0.0000 0.7470 -0.6648
vn 0.0000 0.7470 -0.6648
vn 0.0000 0.3481 -0.9374
vn 0.0000 0.3481 -0.9374
vn -0.0000 -0.1076 -0.9942
vn 0.0000 -0.1076 -0.9942
vn -0.0000 -0.5262 -0.8503
vn 0.0000 -0.5262 -0.8503
vn -0.0000 -0.9002 -0.4356
vn -0.0021 -0.9028 -0.4300
vn 0.0090 0.0079 0.9999
vn 0.0067 -0.0000 1.0000
vn 0.0088 -0.0098 -0.9999
vn 0.0060 -0.0000 -1.0000
vn 0.0039 -0.2414 -0.9704
vn 0.0068 -0.2835 -0.9589
vn 0.0019 -0.6606 -0.7507
vn 0.0023 -0.6659 -0.7460
vn -0.0054 -0.9452 -0.3264
vn 0.0230 -0.8052 -0.5925
vn 0.0011 -0.9549 -0.2971
vn 0.0000 -0.9375 -0.3480
vn 0.0079 -0.9268 -0.3754
vn -0.0119 -0.4575 -0.8892
vn 0.0000 -0.4263 -0.9046
vn -1.0000 0.0000 0.0000
vn -1.0000 0.0000 0.0000
vn -1.0000 0.0000 0.0000
vn -1.0000 0.0000 0.0000
vn -1.0000 0.0000 0.0000
vn -1.0000 0.0000 0.0000
vn -1.0000 0.0000 0.0000
vn -1.0000 0.0000 0.0000
vn -1.0000 0.0000 0.0000
vn -1.0000 0.0000 0.0000
vn -1.0000 -0.0000 0.0000
vn -1.0000 0.0000 0.0000
vn 0.0000 -0.9343 0.3564
vn 0.0046 -0.9402 0.3407
vn -0.0063 -0.4492 0.8934
vn -0.0033 -0.4564 0.8898
vn -0.0017 -0.8522 0.5233
vn 0.0079 -0.9691 0.2467
vn 0.0022 -0.9480 0.3182
vn 0.0021 -0.6659 0.7460
vn 0.0007 -0.6482 0.7615
vn 0.0054 -0.2414 0.9704
vn 0.0086 -0.2915 0.9565
vn -0.9247 0.0000 0.3808
vn -0.9198 0.0034 0.3924
vn -0.5086 -0.0032 0.8610
vn -0.4986 0.0000 0.8668
vn -0.0614 0.0000 0.9981
vn -0.0614 0.0000 0.9981
vn 0.0000 -0.0000 1.0000
vn 0.0000 0.0000 1.0000
vn 0.2414 -0.0000 0.9704
vn 0.2414 0.0000 0.9704
vn 0.6666 -0.0000 0.7454
vn 0.6666 0.0000 0.7454
vn 0.9553 -0.0000 0.2958
vn 0.9564 0.0009 0.2920
vn 0.9999 0.0111 0.0076
vn 0.9998 0.0000 0.0209
vn 0.9994 -0.0000 -0.0356
vn 0.9994 -0.0002 -0.0354
vn 0.8938 -0.0186 -0.4481
vn 0.8576 0.0000 -0.5142
vn 0.4143 0.0000 -0.9101
vn 0.4143 0.0000 -0.9101
vn 0.0894 0.0000 -0.9960
vn 0.0894 0.0000 -0.9960
vn 0.0000 0.0000 -1.0000
vn 0.0000 0.0000 -1.0000
vn -0.3808 0.0000 -0.9247
vn -0.3924 0.0034 -0.9198
vn -0.8800 -0.0036 -0.4750
vn -0.8844 -0.0008 -0.4667
vn -1.0000 0.0001 -0.0009
vn -1.0000 0.0000 -0.0009
vn 0.5617 0.4887 -0.6676
vn 0.3078 -0.3099 -0.8995
vn 0.4917 -0.4261 -0.7594
vn 0.1381 -0.6616 -0.7370
vn 0.2980 -0.8867 -0.3536
vn 0.3407 -0.3592 -0.8688
vn 0.8009 -0.1832 -0.5701
vn 0.8229 -0.2246 -0.5219
vn 0.0000 -0.6561 0.7547
vn 0.0036 -0.6933 0.7206
vn 0.0074 -0.2627 0.9648
vn 0.0065 -0.2496 0.9683
vn 1.0000 -0.0000 -0.0000
vn 1.0000 -0.0000 0.0000
vn 1.0000 -0.0000 0.0000
vn 1.0000 -0.0000 0.0000
vn 1.0000 -0.0000 0.0000
vn 1.0000 -0.0000 0.0000
vn 1.0000 -0.0000 0.0000
vn 1.0000 -0.0000 0.0000
vn 1.0000 -0.0000 -0.0000
vn 1.0000 -0.0000 -0.0000
vn 1.0000 -0.0000 -0.0000
vn 1.0000 -0.0000 0.0000
vn 1.0000 -0.0000 0.0000
vn 1.0000 -0.0000 -0.0000
vn 1.0000 -0.0000 -0.0000
vn 1.0000 -0.0000 0.0000
vn 1.0000 -0.0000 -0.0000
vn 1.0000 -0.0000 0.0000
vn 1.0000 -0.0000 -0.0000
vn 1.0000 -0.0000 -0.0000
vn 1.0000 -0.0000 0.0000
vn 1.0000 -0.0000 -0.0000
vn 1.0000 -0.0000 -0.0000
vn 1.0000 -0.0000 0.0000
vn 1.0000 -0.0000 0.0000
vn 1.0000 -0.0000 0.0000
vn 1.0000 -0.0000 0.0000
vn 1.0000 -0.0000 0.0000
vn 1.0000 -0.0000 0.0000
vn 1.0000 -0.0000 -0.0000
vn 1.0000 -0.0000 -0.0000
vn 1.0000 -0.0000 -0.0000
vn 1.0000 -0.0000 -0.0000
vn 1.0000 -0.0000 -0.0000
vn 1.0000 -0.0000 0.0000
vn 1.0000 -0.0000 -0.0000
vn 1.0000 -0.0000 -0.0000
vn 1.0000 -0.0000 0.0000
vn 1.0000 -0.0000 0.0000
vn 1.0000 -0.0000 -0.0000
vn 1.0000 -0.0000 0.0000
vn 1.0000 -0.0000 -0.0000
vn 1.0000 -0.0000 -0.0000
vn 1.0000 -0.0000 -0.0000
vn 1.0000 -0.0000 0.0000
vn 1.0000 -0.0000 0.0000
vn 1.0000 -0.0000 0.0000
vn 1.0000 -0.0000 -0.0000
vn 1.0000 -0.0000 -0.0000
vn 1.0000 -0.0000 0.0000
vn 1.0000 -0.0000 -0.0000
vn 1.0000 -0.0000 0.0000
vn 1.0000 -0.0000 -0.0000
vn 1.0000 -0.0000 0.0000
vn 1.0000 -0.0000 -0.0000
vn 1.0000 -0.0000 0.0000
vn 1.0000 -0.0000 -0.0000
vn 1.0000 -0.0000 -0.0000
vn 1.0000 -0.0000 0.0000
vn 1.0000 -0.0000 -0.0000
vn 1.0000 -0.0000 0.0000
vn 1.0000 -0.0000 -0.0000
vn 1.0000 -0.0000 -0.0000
vn 1.0000 -0.0000 -0.0000
vn 1.0000 -0.0000 -0.0000
vn 1.0000 -0.0000 -0.0000
vn 1.0000 -0.0000 -0.0000
vn 1.0000 -0.0000 0.0000
vn 1.0000 -0.0000 -0.0000
vn 1.0000 -0.0000 0.0000
vn 1.0000 -0.0000 -0.0000
vn 1.0000 -0.0000 -0.0000
vn 1.0000 -0.0000 0.0000
vn 1.0000 -0.0000 0.0000
vn 1.0000 -0.0000 0.0000
vn 1.0000 -0.0000 -0.0000
vn 1.0000 -0.0000 -0.0000
vn 1.0000 -0.0000 0.0000
vn 1.0000 -0.0000 0.0000
vn 1.0000 -0.0000 0.0000
vn 1.0000 -0.0000 -0.0000
vn 1.0000 -0.0000 -0.0000
vn 1.0000 -0.0000 -0.0000
vn 1.0000 -0.0000 -0.0000
vn 1.0000 -0.0000 0.0000
vn 1.0000 -0.0000 -0.0000
vn 1.0000 -0.0000 -0.0000
vn 1.0000 -0.0000 -0.0000
vn 1.0000 -0.0000 0.0000
vn 1.0000 -0.0000 -0.0000
vn 1.0000 -0.0000 0.0000
vn 1.0000 -0.0000 0.0000
vn 1.0000 -0.0000 0.0000
vn 1.0000 -0.0000 -0.0000
vn 1.0000 -0.0000 0.0000
vn 1.0000 -0.0000 0.0000
vn 1.0000 -0.0000 -0.0000
vn 1.0000 -0.0000 -0.0000
vn 1.0000 -0.0000 -0.0000
vn 1.0000 -0.0000 -0.0000
vn 1.0000 -0.0000 -0.0000
vn 1.0000 -0.0000 0.0000
vn 1.0000 -0.0000 -0.0000
vn 1.0000 -0.0000 0.0000
vn 1.0000 -0.0000 -0.0000
vn 1.0000 -0.0000 -0.0000
vn 1.0000 -0.0000 0.0000
vn 1.0000 -0.0000 -0.0000
vn 1.0000 -0.0000 -0.0000
vn 1.0000 -0.0000 0.0000
vn 1.0000 -0.0000 -0.0000
vn 1.0000 -0.0000 0.0000
vn 1.0000 -0.0000 0.0000
vn 1.0000 -0.0000 0.0000
vn 1.0000 -0.0000 0.0000
vn 1.0000 -0.0000 -0.0000
vn 1.0000 -0.0000 -0.0000
vn 1.0000 -0.0000 -0.0000
vn 1.0000 -0.0000 0.0000
vn 1.0000 -0.0000 0.0000
vn 1.0000 -0.0000 -0.0000
vn 1.0000 -0.0000 0.0000
vn 1.0000 -0.0000 -0.0000
vn 1.0000 -0.0000 0.0000
vn 1.0000 -0.0000 0.0000
vn 1.0000 -0.0000 -0.0000
vn 1.0000 -0.0000 -0.0000
vn 1.0000 -0.0000 0.0000
vn 1.0000 -0.0000 0.0000
vn 1.0000 -0.0000 0.0000
vn 1.0000 -0.0000 -0.0000
vn 1.0000 -0.0000 0.0000
vn 1.0000 -0.0000 0.0000
vn 1.0000 -0.0000 0.0000
vn 1.0000 -0.0000 0.0000
vn 1.0000 -0.0000 0.0000
vn 1.0000 -0.0000 0.0000
vn 1.0000 -0.0000 0.0000
vn 1.0000 -0.0000 -0.0000
vn 1.0000 -0.0000 0.0000
vn 1.0000 -0.0000 0.0000
vn 1.0000 -0.0000 0.0000
vn 1.0000 -0.0000 0.0000
vn 1.0000 -0.0000 -0.0000
vn 1.0000 -0.0000 -0.0000
vn 1.0000 -0.0000 -0.0000
vn 1.0000 -0.0000 -0.0000
vn 1.0000 -0.0000 -0.0000
vn 1.0000 -0.0000 -0.0000
vn 1.0000 -0.0000 -0.0000
vn 1.0000 -0.0000 0.0000
vn 1.0000 -0.0000 0.0000
vn 1.0000 -0.0000 0.0000
vn 1.0000 -0.0000 0.0000
vn 1.0000 -0.0000 0.0000
vn 1.0000 -0.0000 0.0000
vn 1.0000 -0.0000 0.0000
vn 1.0000 -0.0000 0.0000
vn 1.0000 -0.0000 -0.0000
vn 1.0000 -0.0000 -0.0000
vn 1.0000 -0.0000 0.0000
vn 1.0000 -0.0000 0.0000
vn 1.0000 -0.0000 0.0000
vn 1.0000 -0.0000 0.0000
vn 1.0000 -0.0000 0.0000
vn 1.0000 -0.0000 0.0000
vn 1.0000 -0.0000 0.0000
vn 1.0000 -0.0000 0.0000
vn 1.0000 -0.0000 0.0000
vn 1.0000 -0.0000 -0.0000
vn 1.0000 -0.0000 -0.0000
vn 0.0086 -0.2345 -0.9721
vn 0.0054 -0.2747 -0.9615
vn 0.0002 -0.6550 -0.7556
vn 0.0058 -0.7120 -0.7021
vn 0.5113 0.5643 0.6482
vn 0.8064 -0.2212 0.5484
vn 0.8537 -0.1468 0.4996
vn 0.3016 -0.2895 0.9084
vn 0.3494 -0.3573 0.8662
vn 0.3225 -0.8622 0.3907
vn 0.4928 -0.4388 0.7514
vn 0.1209 -0.6792 0.7239
vn -1.0000 -0.0000 0.0000
vn -1.0000 0.0000 -0.0000
vn -1.0000 -0.0000 0.0000
vn -1.0000 0.0000 0.0000
vn -1.0000 -0.0000 0.0000
vn -1.0000 0.0000 0.0000
vn -1.0000 -0.0000 0.0000
vn -1.0000 0.0000 0.0000
vn -1.0000 -0.0000 0.0000
vn -1.0000 0.0000 0.0000
vn -1.0000 0.0000 0.0000
vn -1.0000 0.0000 0.0000
vn -1.0000 0.0000 0.0000
vn -1.0000 0.0000 0.0000
vn -1.0000 0.0000 0.0000
vn -1.0000 0.0000 0.0000
vn -1.0000 0.0000 0.0000
vn -1.0000 0.0000 0.0000
vn -1.0000 0.0000 -0.0000
vn -1.0000 0.0000 0.0000
vn -1.0000 0.0000 0.0000
vn -1.0000 0.0000 -0.0000
vn -1.0000 0.0000 0.0000
vn -1.0000 -0.0000 -0.0000
vn -1.0000 0.0000 -0.0000
vn -1.0000 0.0000 0.0000
vn -1.0000 -0.0000 0.0000
vn -1.0000 0.0000 0.0000
vn -1.0000 -0.0000 0.0000
vn -1.0000 0.0000 0.0000
vn -1.0000 -0.0000 0.0000
vn -1.0000 0.0000 0.0000
vn -1.0000 -0.0000 0.0000
vn -1.0000 0.0000 0.0000
vn -1.0000 0.0000 0.0000
vn -1.0000 0.0000 0.0000
vn -1.0000 0.0000 0.0000
vn -1.0000 0.0000 0.0000
vn -1.0000 0.0000 0.0000
vn -1.0000 0.0000 0.0000
vn -1.0000 0.0000 -0.0000
vn -1.0000 0.0000 0.0000
vn -1.0000 0.0000 -0.0000
vn -1.0000 0.0000 0.0000
vn -1.0000 0.0000 -0.0000
vn -1.0000 0.0000 0.0000
vn -1.0000 -0.0000 -0.0000
vn -1.0000 0.0000 -0.0000
vn -1.0000 0.0000 -0.0000
vn -1.0000 0.0000 0.0000
vn -1.0000 0.0000 -0.0000
vn -1.0000 0.0000 0.0000
vn -1.0000 0.0000 -0.0000
vn -1.0000 0.0000 0.0000
vn -1.0000 -0.0000 -0.0000
vn -1.0000 0.0000 -0.0000
vn -1.0000 -0.0000 0.0000
vn -1.0000 0.0000 -0.0000
vn -1.0000 -0.0000 0.0000
vn -1.0000 0.0000 0.0000
vn -1.0000 -0.0000 0.0000
vn -1.0000 -0.0000 0.0000
vn -1.0000 0.0000 0.0000
vn -1.0000 -0.0000 0.0000
vn -1.0000 0.0000 0.0000
vn -1.0000 -0.0000 0.0000
vn -1.0000 0.0000 0.0000
vn -1.0000 0.0000 0.0000
vn -1.0000 0.0000 0.0000
vn -1.0000 0.0000 0.0000
vn -1.0000 0.0000 0.0000
vn -1.0000 0.0000 0.0000
vn -1.0000 0.0000 0.0000
vn -1.0000 0.0000 0.0000
vn -1.0000 0.0000 0.0000
vn 0.4461 -0.5590 0.6989
vn 0.1687 -0.9474 0.2719
vn 0.6775 0.3415 0.6514
vn 0.9291 -0.0607 0.3648
vn 0.2149 -0.7927 0.5705
vn 0.4392 -0.0925 0.8936
vn 0.8001 -0.0896 0.5932
vn 0.4160 -0.0741 0.9063
vn 0.2034 -0.5484 0.8111
vn 0.1693 -0.7613 0.6259
vn 0.5061 -0.6365 0.5820
vn 0.4815 -0.5121 0.7113
vn 0.7614 -0.2657 0.5913
vn 0.8326 -0.2560 0.4912
vn 0.8767 0.0106 0.4809
vn 0.4411 -0.0090 0.8974
vn 0.6119 -0.0558 0.7890
vn 0.8033 -0.0015 0.5956
vn 0.8374 0.0000 -0.5466
vn 0.8363 -0.0003 -0.5483
vn 0.2050 -0.0001 -0.9788
vn 0.2032 -0.0004 -0.9791
vn 0.2164 -0.0000 0.9763
vn 0.2164 -0.0000 0.9763
vn 0.7808 0.0021 0.6248
vn 0.7865 -0.0000 0.6176
vn -0.5052 -0.7144 -0.4842
vn -0.5956 -0.6971 -0.3991
vn -0.6628 -0.7277 -0.1766
vn -0.6872 -0.7134 -0.1371
vn -0.2644 -0.6448 -0.7171
vn -0.3803 -0.7289 -0.5693
vn -0.1398 -0.6985 -0.7018
vn 0.1352 -0.7222 -0.6783
vn 0.0343 -0.6761 -0.7360
vn 0.3932 -0.7063 -0.5886
vn 0.4468 -0.7323 -0.5139
vn 0.5912 -0.7026 -0.3961
vn 0.7002 -0.7002 -0.1397
vn 0.6605 -0.7211 -0.2092
vn 0.5052 -0.7144 0.4842
vn 0.5956 -0.6971 0.3991
vn 0.6520 -0.7247 0.2228
vn 0.7002 -0.7002 0.1397
vn 0.2956 -0.6574 0.6931
vn 0.3878 -0.7159 0.5805
vn 0.1400 -0.6975 0.7027
vn 0.0365 -0.7177 0.6954
vn -0.1399 -0.6982 0.7021
vn -0.3786 -0.7317 0.5668
vn -0.3675 -0.7243 0.5834
vn -0.5932 -0.7001 0.3975
vn -0.7021 -0.6981 0.1401
vn -0.6424 -0.7232 0.2534
vn 0.4135 -0.7204 0.5568
vn 0.5956 -0.6971 0.3991
vn 0.6628 -0.7277 0.1766
vn 0.6872 -0.7134 0.1371
vn 0.3912 -0.7099 0.5856
vn 0.1387 -0.7045 0.6960
vn 0.0803 -0.7191 0.6903
vn -0.1399 -0.6982 0.7021
vn -0.3786 -0.7317 0.5668
vn -0.3865 -0.7368 0.5547
vn -0.5912 -0.7026 0.3961
vn -0.7002 -0.7002 0.1397
vn -0.6605 -0.7211 0.2092
vn -0.5907 -0.7032 -0.3957
vn -0.6308 -0.7326 -0.2556
vn -0.7002 -0.7002 -0.1397
vn -0.3508 -0.7094 -0.6113
vn -0.3803 -0.7289 -0.5693
vn -0.1398 -0.6985 -0.7018
vn 0.1352 -0.7222 -0.6783
vn 0.0343 -0.6761 -0.7360
vn 0.3932 -0.7063 -0.5886
vn 0.4287 -0.7241 -0.5403
vn 0.5932 -0.7001 -0.3975
vn 0.7021 -0.6981 -0.1401
vn 0.6424 -0.7232 -0.2534
vn 0.4312 -0.7595 0.4871
vn 0.6372 -0.7190 0.2776
vn 0.6628 -0.7277 0.1766
vn 0.6872 -0.7134 0.1371
vn 0.3037 -0.7082 0.6374
vn 0.1309 -0.7091 0.6929
vn 0.1373 -0.7114 0.6892
vn -0.1392 -0.7020 0.6985
vn -0.3710 -0.7442 0.5554
vn -0.3617 -0.7375 0.5703
vn -0.5912 -0.7026 0.3961
vn -0.7002 -0.7002 0.1397
vn -0.6605 -0.7211 0.2092
vn -0.5907 -0.7032 -0.3957
vn -0.6308 -0.7326 -0.2556
vn -0.7002 -0.7002 -0.1397
vn -0.4320 -0.7155 -0.5490
vn -0.3967 -0.7001 -0.5938
vn -0.1534 -0.7015 -0.6959
vn -0.1400 -0.6975 -0.7027
vn 0.1386 -0.7047 -0.6958
vn 0.0958 -0.6885 -0.7189
vn 0.3932 -0.7063 -0.5886
vn 0.4287 -0.7241 -0.5403
vn 0.5932 -0.7001 -0.3975
vn 0.7021 -0.6981 -0.1401
vn 0.6424 -0.7232 -0.2534
vn -0.5052 -0.7144 -0.4842
vn -0.5956 -0.6971 -0.3991
vn -0.6628 -0.7277 -0.1766
vn -0.6872 -0.7134 -0.1371
vn -0.2644 -0.6448 -0.7171
vn -0.3803 -0.7289 -0.5693
vn -0.1398 -0.6985 -0.7018
vn 0.1352 -0.7222 -0.6783
vn 0.0343 -0.6761 -0.7360
vn 0.3932 -0.7063 -0.5886
vn 0.4468 -0.7323 -0.5139
vn 0.5912 -0.7026 -0.3961
vn 0.7002 -0.7002 -0.1397
vn 0.6605 -0.7211 -0.2092
vn 0.4609 -0.7186 0.5208
vn 0.5956 -0.6971 0.3991
vn 0.6520 -0.7247 0.2228
vn 0.7002 -0.7002 0.1397
vn 0.3983 -0.6971 0.5962
vn 0.1886 -0.7114 0.6770
vn 0.1400 -0.6975 0.7027
vn -0.1386 -0.7047 0.6958
vn -0.0958 -0.6885 0.7189
vn -0.3932 -0.7063 0.5886
vn -0.4287 -0.7241 0.5403
vn -0.5932 -0.7001 0.3975
vn -0.7021 -0.6981 0.1401
vn -0.6424 -0.7232 0.2534
vn 0.3971 0.0088 -0.9177
vn 0.6368 -0.0471 -0.7696
vn 0.8316 0.0098 -0.5553
vn 0.1958 -0.5615 -0.8040
vn 0.1921 -0.7569 -0.6247
vn 0.2312 -0.9133 -0.3353
vn 0.8804 -0.1069 -0.4620
vn 0.8890 -0.0182 -0.4575
vn 0.7009 0.2580 -0.6650
vn 0.5064 -0.6384 -0.5797
vn 0.1761 -0.7448 -0.6436
vn 0.9127 -0.1869 -0.3634
vn 0.7574 -0.2724 -0.5934
vn 0.4664 -0.5643 -0.6812
vn 0.4970 -0.5826 -0.6430
vn 0.4718 -0.1253 -0.8728
vn 0.3946 -0.0368 -0.9181
vn 0.8270 -0.1047 -0.5523
vn 0.0000 -1.0000 0.0000
vn 0.0111 -0.9995 0.0304
vn 0.0000 -1.0000 0.0040
vn 0.0000 -1.0000 -0.0000
vn 0.0000 -1.0000 0.0000
vn 0.0000 -1.0000 0.0000
vn 0.0000 -1.0000 0.0000
vn 0.0000 -1.0000 0.0000
vn 0.0000 -1.0000 0.0000
vn 0.0000 -1.0000 0.0000
vn 0.0000 -1.0000 0.0000
vn 0.0000 -1.0000 0.0000
vn 0.0000 -1.0000 0.0000
vn 0.0000 -1.0000 0.0000
vn 0.0000 -1.0000 0.0000
vn 0.0000 -1.0000 0.0000
vn 0.0000 -1.0000 0.0000
vn -0.0000 -1.0000 0.0000
vn -0.0000 -1.0000 0.0000
vn 0.0000 -1.0000 0.0000
vn 0.0000 -1.0000 0.0000
vn -0.0000 -1.0000 0.0000
vn -0.0000 -1.0000 -0.0000
vn -0.0000 -1.0000 0.0000
vn 0.0000 -1.0000 -0.0000
vn 0.0000 -1.0000 -0.0000
vn 0.0000 -1.0000 0.0000
vn 0.0000 -1.0000 0.0000
vn 0.0000 -1.0000 0.0000
vn 0.0000 -1.0000 -0.0000
vn 0.0000 -1.0000 0.0000
vn 0.0000 -1.0000 0.0000
vn 0.0000 -1.0000 0.0000
vn 0.0000 -1.0000 0.0000
vn 0.0000 -1.0000 -0.0000
vn 0.0000 -1.0000 0.0000
vn 0.0000 -1.0000 0.0000
vn 0.0000 -1.0000 0.0000
vn 0.0000 -1.0000 0.0000
vn 0.0000 -1.0000 0.0000
vn 0.0000 -1.0000 0.0000
vn 0.0000 -1.0000 0.0000
vn 0.0000 -1.0000 0.0000
vn 0.0000 -1.0000 0.0000
vn 0.0000 -1.0000 0.0000
vn 0.0000 -1.0000 0.0000
vn 0.0000 -1.0000 0.0000
vn 0.0000 -1.0000 0.0000
vn 0.0000 -1.0000 0.0000
vn 0.0000 -1.0000 0.0000
vn 0.0000 -1.0000 0.0000
vn 0.0000 -1.0000 0.0000
vn 0.0000 -1.0000 0.0000
vn 0.0000 -1.0000 0.0000
vn 0.0000 -1.0000 0.0000
vn 0.0000 -1.0000 -0.0000
vn -0.0000 -1.0000 0.0000
vn 0.0000 -1.0000 0.0000
vn 0.0000 -1.0000 0.0000
vn 0.0000 -1.0000 0.0000
vn 0.0000 -1.0000 0.0000
vn 0.0000 -1.0000 0.0000
vn 0.0000 -1.0000 0.0000
vn 0.0000 -1.0000 0.0000
vn 0.0000 -1.0000 0.0000
vn 0.0000 -1.0000 0.0000
vn 0.0000 -1.0000 0.0000
vn 0.0000 -1.0000 -0.0000
vn 0.0000 -1.0000 0.0000
vn 0.0000 -1.0000 0.0000
vn 0.0000 -1.0000 -0.0000
vn 0.0000 -1.0000 0.0000
vn 0.0000 -1.0000 -0.0000
vn 0.0000 -1.0000 0.0000
vn 0.0000 -1.0000 0.0000
vn 0.0000 -1.0000 0.0000
vn 0.0000 -1.0000 0.0000
vn 0.0000 -1.0000 -0.0000
vn 0.0000 -1.0000 -0.0000
vn 0.0000 1.0000 0.0000
vn -0.0000 -1.0000 0.0000
vn 0.0000 -1.0000 0.0000
vn -0.0000 -1.0000 0.0000
vn 0.0000 -1.0000 0.0000
vn 0.0000 -1.0000 0.0000
vn 0.0000 -1.0000 0.0000
vn 0.0000 -1.0000 -0.0000
vn 0.0000 -1.0000 0.0000
vn 0.0000 -1.0000 0.0000
vn 0.0000 -1.0000 0.0000
vn 0.0000 -1.0000 0.0000
vn 0.0000 -1.0000 0.0000
vn 0.0000 -1.0000 0.0000
vn 0.0000 -1.0000 0.0000
vn 0.0000 -1.0000 -0.0000
vn 0.0000 -1.0000 0.0000
vn 0.0000 -1.0000 0.0000
vn 0.0000 -1.0000 0.0000
vn 0.0000 -1.0000 0.0000
vn 0.0000 -1.0000 0.0000
vn 0.0000 -1.0000 0.0000
vn -0.0000 -1.0000 0.0000
vn -0.0000 -1.0000 0.0000
vn 0.0000 -1.0000 0.0000
vn 0.0000 -1.0000 0.0000
vn 0.0000 -1.0000 0.0000
vn 0.0000 -1.0000 0.0000
vn 0.0000 -1.0000 0.0000
vn 0.0000 -1.0000 0.0000
vn 0.0000 -1.0000 0.0000
vn 0.0000 -1.0000 -0.0000
vn -0.0000 -1.0000 -0.0000
vn 0.0000 -1.0000 0.0000
vn 0.0000 -1.0000 0.0000
vn 0.0000 -1.0000 -0.0000
vn 0.0000 -1.0000 0.0000
vn 0.0000 -1.0000 -0.0000
vn 0.0000 -1.0000 0.0000
vn 0.0000 -1.0000 0.0000
vn 0.0000 -1.0000 0.0000
vn 0.0000 -1.0000 0.0000
vn 0.0000 -1.0000 0.0000
vn 0.0000 -1.0000 0.0000
vn 0.0000 -1.0000 0.0000
vn 0.0000 -1.0000 0.0000
vn 0.0000 -1.0000 0.0000
vn 0.0000 -1.0000 0.0000
vn 0.0000 -1.0000 0.0000
vn -0.0000 -1.0000 0.0000
vn 0.0000 -1.0000 0.0000
vn 0.0000 -1.0000 0.0000
vn -0.0000 -1.0000 0.0000
vn 0.0000 -1.0000 0.0000
vn -0.0000 -1.0000 0.0000
vn -0.0000 -1.0000 0.0000
vn 0.0000 -1.0000 0.0000
vn 0.0000 -1.0000 0.0000
vn 0.0000 -1.0000 0.0000
vn 0.0000 -1.0000 -0.0000
vn 0.0000 -1.0000 0.0000
vn 0.0000 -1.0000 0.0000
vn -0.0000 -1.0000 0.0000
vn 0.0000 -1.0000 0.0000
vn 0.0000 -1.0000 0.0000
vn 0.0000 -1.0000 0.0000
vn 0.0000 -1.0000 0.0000
vn 0.0000 -1.0000 0.0000
vn 0.0000 -1.0000 0.0000
vn 0.0000 -1.0000 -0.0000
vn 0.0000 -1.0000 -0.0000
vn -0.0000 -1.0000 0.0000
vn 0.0000 -1.0000 0.0000
vn 0.0000 -1.0000 0.0000
vn 0.0000 -1.0000 0.0000
vn 0.0000 -1.0000 0.0000
vn 0.0000 -1.0000 0.0000
vn 0.0000 -1.0000 0.0000
vn 0.0000 -1.0000 0.0000
vn 0.0000 -1.0000 -0.0000
vn 0.0000 -1.0000 0.0000
vn 0.0000 -1.0000 0.0000
vn 0.0000 -1.0000 0.0000
vn 0.0000 -1.0000 0.0000
vn 0.0000 -1.0000 0.0000
vn 0.0000 -1.0000 0.0000
vn 0.0000 -1.0000 0.0000
vn 0.0000 -1.0000 0.0000
vn 0.0000 -1.0000 0.0000
vn 0.0000 -1.0000 0.0000
vn 0.0000 -1.0000 -0.0000
vn 0.0000 -1.0000 0.0000
vn 0.0000 -1.0000 0.0000
vn 0.0000 -1.0000 0.0000
vn 0.0000 -1.0000 0.0000
vn 0.0000 -1.0000 0.0000
vn 0.0000 -1.0000 0.0000
vn 0.0000 -1.0000 0.0000
vn 0.0000 -1.0000 0.0000
vn 0.0000 -1.0000 0.0000
vn 0.0000 -1.0000 0.0000
vn 0.0000 -1.0000 0.0000
vn 0.0000 -1.0000 0.0000
vn 0.0000 -1.0000 -0.0000
vn 0.0000 -1.0000 -0.0000
vn 0.0000 -1.0000 -0.0052
vn 0.0000 -1.0000 -0.0052
vn -0.0000 -1.0000 0.0000
vn -0.0021 -1.0000 0.0047
vn -0.0004 -1.0000 0.0049
vn 0.0000 -1.0000 0.0051
vn -0.0003 -1.0000 0.0043
vn -0.0006 -1.0000 0.0053
vn 0.0000 -1.0000 0.0000
vn 0.0123 -0.9999 0.0113
vn 0.0120 -0.9994 -0.0322
vn 0.0111 -0.9998 -0.0175
vn -0.0335 -0.9993 0.0141
vn -0.0341 -0.9994 -0.0073
vn -0.0009 -1.0000 -0.0037
vn -0.0000 -1.0000 0.0000
vn 0.0000 -1.0000 0.0000
vn 0.0000 -1.0000 0.0000
vn 0.0000 -1.0000 0.0000
vn -0.0112 -0.9999 0.0067
vn 0.0000 -1.0000 0.0000
vn 0.0000 -1.0000 -0.0000
vn 0.0000 -1.0000 0.0000
vn 0.0000 -1.0000 0.0000
vn 0.0000 -1.0000 0.0000
vn -0.0004 -1.0000 -0.0031
vn 0.0003 -1.0000 -0.0045
vn 0.0000 -1.0000 -0.0039
vn 0.0000 -1.0000 0.0000
vn 0.0000 -1.0000 0.0000
vn 0.0000 -1.0000 0.0000
vn 0.0000 -1.0000 -0.0000
vn 0.0000 -1.0000 0.0000
vn -0.0000 -1.0000 0.0000
vn -0.0000 -1.0000 0.0000
vn 0.0000 -1.0000 0.0000
vn -0.0000 -1.0000 -0.0000
vn 0.0000 -1.0000 0.0000
vn -0.0000 -1.0000 0.0000
vn 0.0000 -1.0000 0.0000
vn 0.0000 -1.0000 0.0000
vn 0.0000 -1.0000 -0.0000
vn 0.0000 -1.0000 0.0000
vn 0.0000 -1.0000 0.0000
vn 0.0000 -1.0000 -0.0000
vn 0.6034 0.0175 0.7972
vn 0.5942 0.0083 0.8043
vn 0.9975 -0.0020 -0.0700
vn 0.9975 0.0000 -0.0707
vn 0.9965 -0.0000 0.0833
vn 0.9964 -0.0042 0.0848
vn 0.8742 0.0037 -0.4855
vn 0.8782 0.0000 -0.4782
vn 0.3372 0.0000 -0.9414
vn 0.3482 -0.0067 -0.9374
vn 0.8924 -0.0000 -0.4512
vn 0.2772 0.5892 -0.7590
vn 0.9016 0.0051 -0.4326
vn 0.8810 0.0320 -0.4720
vn 0.9030 0.0193 -0.4292
vn 0.8857 0.0497 -0.4616
vn 0.9126 0.0340 -0.4075
vn 0.9002 -0.0005 -0.4354
vn 0.8964 -0.0009 -0.4433
vn 0.8922 0.0000 -0.4516
vn 0.8490 -0.0111 -0.5283
vn 0.8357 -0.0139 -0.5491
vn 0.7947 -0.0467 -0.6052
vn 0.8220 -0.0624 -0.5661
vn 0.8959 -0.0712 -0.4385
vn 0.9161 -0.0741 -0.3940
vn 0.9156 -0.1263 -0.3816
vn 0.9176 -0.1269 -0.3767
vn 0.8900 -0.2417 -0.3867
vn 0.0294 -0.6111 -0.7910
vn 0.1740 -0.3493 -0.9207
vn 0.2501 -0.3798 -0.8906
vn 0.2671 -0.4554 -0.8493
vn 0.2781 0.0331 -0.9600
vn 0.2563 -0.0793 -0.9633
vn 0.1452 0.1829 -0.9723
vn 0.2647 0.1077 -0.9583
vn 0.2605 0.0284 -0.9650
vn -0.2901 -0.2908 0.9117
vn 0.1378 0.3435 -0.9290
vn 0.1593 0.4446 -0.8815
vn 0.2485 0.4938 -0.8333
vn 0.1872 -0.7958 -0.5759
vn 0.2192 -0.2624 -0.9397
vn 0.2051 -0.2111 -0.9557
vn 0.3307 -0.1465 -0.9323
vn 0.3245 -0.0568 -0.9442
vn 0.2072 0.1614 -0.9649
vn 0.2151 0.2380 -0.9471
vn 0.1424 0.2460 -0.9587
vn 0.3609 0.3103 -0.8795
vn 0.2003 -0.5551 -0.8073
vn 0.2241 -0.6313 -0.7424
vn 0.2051 -0.7243 -0.6582
vn 0.2289 -0.7874 -0.5724
vn 0.5913 -0.5927 -0.5469
vn 0.5046 -0.6268 -0.5937
vn 0.4916 -0.5931 -0.6377
vn 0.4016 -0.6672 -0.6274
vn 0.3845 -0.5731 -0.7237
vn 0.4981 -0.4552 -0.7380
vn 0.4913 -0.4341 -0.7551
vn 0.4285 -0.4872 -0.7609
vn 0.3999 -0.3815 -0.8334
vn 0.4164 -0.3132 -0.8536
vn 0.4117 -0.2845 -0.8658
vn 0.5101 0.1065 -0.8535
vn 0.5161 0.1652 -0.8404
vn 0.4340 0.1636 -0.8859
vn 0.4157 0.2773 -0.8662
vn 0.4593 0.2808 -0.8427
vn 0.4709 0.3371 -0.8152
vn 0.3870 0.3453 -0.8550
vn 0.4099 0.4585 -0.7885
vn 0.4125 0.4874 -0.7696
vn 0.7819 -0.0760 -0.6187
vn 0.7537 -0.0207 -0.6569
vn 0.6510 -0.2032 -0.7314
vn 0.6860 -0.2995 -0.6631
vn 0.7867 -0.1604 -0.5961
vn 0.8018 -0.1892 -0.5668
vn 0.7647 -0.2553 -0.5917
vn 0.7728 -0.2821 -0.5685
vn 0.7940 -0.2456 -0.5560
vn 0.8206 -0.2867 -0.4943
vn 0.7685 -0.3917 -0.5060
vn 0.7773 -0.4166 -0.4715
vn 0.6054 -0.0842 -0.7915
vn 0.6047 -0.0795 -0.7925
vn 0.7029 -0.0883 -0.7058
vn 0.7013 -0.0572 -0.7106
vn 0.6613 -0.0359 -0.7493
vn 0.6610 0.0125 -0.7503
vn 0.6565 0.0157 -0.7541
vn 0.6598 0.1198 -0.7419
vn 0.7864 0.0363 -0.6167
vn 0.7893 0.0637 -0.6108
vn 0.7834 0.0639 -0.6183
vn 0.7896 0.1033 -0.6048
vn 0.7691 0.1084 -0.6298
vn 0.7783 0.1517 -0.6093
vn 0.7632 0.1578 -0.6266
vn 0.7729 0.1949 -0.6038
vn 0.6460 0.2521 -0.7205
vn 0.7294 0.3668 -0.5774
vn -1.0000 0.0000 0.0000
vn -1.0000 0.0000 0.0000
vn -1.0000 0.0000 0.0000
vn -1.0000 0.0000 0.0000
vn -1.0000 0.0000 0.0000
vn -1.0000 -0.0000 0.0000
vn -1.0000 0.0000 0.0000
vn -1.0000 0.0000 -0.0000
vn -0.0000 -0.6138 -0.7894
vn 0.0000 -0.8361 0.5486
vn 0.0078 -0.8114 0.5845
vn -0.0000 -0.6251 0.7805
vn 0.0063 -0.6791 0.7340
vn 0.0059 -0.6781 0.7349
vn 0.0019 -0.7854 0.6190
vn -0.0000 -0.6346 0.7728
vn 0.0093 -0.5174 0.8557
vn 0.0024 -0.4886 0.8725
vn 0.0002 -0.2785 0.9604
vn 0.0098 -0.3359 0.9418
vn 0.0000 -0.4306 0.9025
vn 0.0000 -0.4452 0.8954
vn -0.0002 -0.1893 0.9819
vn 0.0063 -0.1408 0.9900
vn -0.0007 -0.0812 0.9967
vn 0.0000 0.1854 0.9827
vn 0.0000 0.1284 0.9917
vn 0.0055 0.0600 0.9982
vn 0.0009 0.0335 0.9994
vn 0.0082 0.4615 0.8871
vn 0.0025 0.4125 0.9110
vn 0.0058 0.2584 0.9660
vn -0.0183 0.1574 0.9874
vn 0.0053 0.2657 0.9640
vn 0.0063 0.7668 0.6418
vn 0.0036 0.4464 0.8948
vn 0.0031 0.5943 0.8042
vn 0.0072 0.6163 0.7875
vn 0.0014 0.6491 0.7607
vn 0.0030 0.7325 0.6807
vn 0.0000 0.8751 -0.4840
vn 0.0000 0.9542 -0.2992
vn 0.0000 0.9542 -0.2992
vn 0.0000 0.9947 -0.1024
vn 0.0000 0.9947 -0.1024
vn 0.0000 1.0000 -0.0007
vn 0.0000 1.0000 -0.0007
vn 0.0000 0.9949 0.1012
vn 0.0000 0.9949 0.1012
vn 0.0000 0.9545 0.2981
vn 0.0000 0.9545 0.2981
vn 0.0000 0.8756 0.4830
vn 0.0000 0.8756 0.4830
vn 0.0000 0.7614 0.6483
vn 0.0038 0.7628 -0.6466
vn 0.0000 0.7665 -0.6423
vn 0.0000 0.8751 -0.4840
vn 0.0013 0.7226 -0.6912
vn 0.0004 0.6567 -0.7541
vn 0.0072 0.6208 -0.7839
vn 0.0022 0.4147 -0.9099
vn 0.0077 0.4650 -0.8853
vn 0.0038 0.4515 -0.8923
vn 0.0019 0.5909 -0.8067
vn 0.0083 0.2009 -0.9796
vn 0.0051 0.2640 -0.9645
vn 0.0055 0.2660 -0.9639
vn 0.0006 0.0345 -0.9994
vn 0.0057 0.0658 -0.9978
vn -0.0000 0.1312 -0.9914
vn -0.0000 0.1727 -0.9850
vn -0.0005 -0.0745 -0.9972
vn 0.0071 -0.1351 -0.9908
vn 0.0001 -0.1906 -0.9817
vn 0.0000 -0.4426 -0.8967
vn 0.0000 -0.4220 -0.9066
vn 0.0088 -0.3305 -0.9438
vn 0.0016 -0.2897 -0.9571
vn -0.0000 -0.5126 -0.8586
vn 0.0331 -0.6091 -0.7924
vn 0.0032 -0.4936 -0.8697
vn 0.0008 -0.8097 -0.5868
vn 0.0165 -0.8361 -0.5484
vn 0.0017 -0.7768 -0.6298
vn 0.0045 -0.6740 -0.7388
vn 0.0095 -0.6871 -0.7265
vn 0.5837 -0.5807 0.5675
vn 0.1694 0.3485 0.9219
vn 0.1878 0.4355 0.8804
vn 0.8962 -0.0008 0.4436
vn 0.8924 -0.0000 0.4513
vn 0.3448 0.5473 0.7626
vn 0.8999 -0.0628 0.4315
vn 0.9131 -0.0802 0.3997
vn 0.9078 -0.0884 0.4099
vn 0.9225 -0.1087 0.3703
vn 0.9188 -0.1152 0.3775
vn 0.9296 -0.1343 0.3432
vn 0.8714 -0.2458 0.4245
vn 0.8922 0.0000 0.4517
vn 0.8339 -0.0143 0.5517
vn 0.8367 -0.0138 0.5475
vn 0.7966 -0.0451 0.6028
vn 0.8207 -0.0631 0.5679
vn 0.9004 -0.0005 0.4351
vn 0.9045 0.0029 0.4265
vn 0.9137 0.0310 0.4053
vn 0.8843 0.0540 0.4638
vn 0.9055 0.0149 0.4240
vn 0.2690 0.4886 0.8300
vn 0.2976 0.5838 0.7554
vn 0.1862 0.2463 0.9511
vn 0.1076 0.2502 0.9622
vn 0.3017 0.0289 0.9530
vn 0.2954 0.0265 0.9550
vn 0.3012 0.1573 0.9405
vn 0.0873 0.1218 0.9887
vn 0.1778 0.1649 0.9702
vn 0.1819 -0.2258 0.9571
vn 0.3063 -0.1493 0.9401
vn 0.3000 -0.0576 0.9522
vn 0.2846 -0.0652 0.9564
vn 0.2988 -0.4448 0.8443
vn 0.2825 -0.3717 0.8843
vn 0.2266 -0.3328 0.9154
vn 0.1937 -0.2691 0.9434
vn 0.1891 -0.6468 0.7388
vn 0.1638 -0.5661 0.8079
vn 0.0334 -0.6180 0.7854
vn 0.1652 -0.7341 0.6586
vn 0.1886 -0.7961 0.5750
vn 0.5035 0.2442 0.8287
vn 0.5061 0.2553 0.8238
vn 0.3842 0.3750 0.8436
vn 0.4016 0.4684 0.7870
vn 0.6961 0.3600 0.6211
vn 0.5168 0.1240 0.8471
vn 0.5132 0.0929 0.8532
vn 0.6081 -0.0764 0.7902
vn 0.6209 -0.1833 0.7622
vn 0.3937 -0.1899 0.8994
vn 0.4171 -0.3191 0.8510
vn 0.3944 -0.3804 0.8365
vn 0.4197 -0.4724 0.7751
vn 0.5046 -0.4586 0.7315
vn 0.5167 -0.4988 0.6959
vn 0.3786 -0.5418 0.7505
vn 0.3967 -0.6471 0.6511
vn 0.5085 -0.6220 0.5954
vn 0.5173 -0.6464 0.5609
vn 0.1670 -0.8063 0.5674
vn 0.7854 0.0652 0.6155
vn 0.7901 0.0942 0.6057
vn 0.7842 0.1014 0.6121
vn 0.7912 0.1341 0.5967
vn 0.7681 0.1669 0.6182
vn 0.7638 0.1512 0.6275
vn 0.6906 0.2744 0.6691
vn 0.7747 0.3448 0.5300
vn 0.4021 0.3143 0.8599
vn 0.4220 0.1917 0.8861
vn 0.7901 0.0607 0.6100
vn 0.7918 0.0805 0.6055
vn 0.7152 0.0552 0.6968
vn 0.7133 0.0153 0.7007
vn 0.7087 0.0129 0.7054
vn 0.7090 -0.0310 0.7045
vn 0.7119 -0.0291 0.7017
vn 0.7152 -0.0827 0.6941
vn 0.7827 -0.0759 0.6178
vn 0.7928 -0.1086 0.5998
vn 0.6938 -0.1335 0.7076
vn 0.7211 -0.2130 0.6593
vn 0.8037 -0.1947 0.5623
vn 0.8068 -0.2041 0.5544
vn 0.7600 -0.2335 0.6065
vn 0.7762 -0.2853 0.5622
vn 0.7589 -0.2977 0.5791
vn 0.7772 -0.3504 0.5226
vn 0.7604 -0.3642 0.5378
vn 0.7788 -0.4129 0.4722
vn -0.1658 0.0049 -0.9861
vn -0.2145 0.1738 -0.9611
vn 0.0000 1.0000 -0.0000
vn 0.0000 1.0000 0.0000
vn 0.0000 1.0000 -0.0000
vn 0.0000 1.0000 0.0000
vn 0.0000 1.0000 0.0000
vn 0.0000 1.0000 0.0000
vn 0.0000 1.0000 0.0000
vn -0.1601 -0.0174 0.9869
vn -0.1376 0.0573 0.9888
vn 0.8369 0.0000 -0.5474
vn 0.8369 0.0000 -0.5474
vn 0.0000 -0.9711 0.2386
vn 0.0000 -0.9711 0.2386
vn 0.0000 -0.7499 0.6615
vn 0.0000 -0.7499 0.6615
vn 0.0000 -0.3546 0.9350
vn 0.0000 -0.3546 0.9350
vn 0.0000 0.1171 0.9931
vn 0.0000 0.1171 0.9931
vn 0.0000 0.5383 0.8427
vn 0.0000 0.5383 0.8427
vn 0.0000 0.8568 0.5156
vn 0.0000 0.8568 0.5156
vn 0.0000 0.9890 0.1476
vn 0.0000 0.9890 0.1476
vn 0.0000 0.9711 -0.2386
vn 0.0000 0.9711 -0.2386
vn 0.0000 0.7499 -0.6615
vn 0.0000 0.7499 -0.6615
vn 0.0000 0.3546 -0.9350
vn 0.0000 0.3546 -0.9350
vn -0.0000 -0.1171 -0.9931
vn 0.0000 -0.1171 -0.9931
vn -0.0000 -0.4359 -0.9000
vn -0.1184 -0.5345 -0.8368
vn -0.1581 -0.8732 -0.4609
vn -0.1000 -0.8525 -0.5130
vn -0.1137 -0.9927 0.0393
vn 0.0000 -0.9890 -0.1476
vn 0.0080 -0.9897 0.1432
vn 0.0000 -0.9888 0.1494
vn 0.0000 -0.7499 0.6615
vn 0.0000 -0.7499 0.6615
vn 0.0000 -0.3546 0.9350
vn 0.0000 -0.3546 0.9350
vn 0.0000 0.1171 0.9931
vn 0.0000 0.1171 0.9931
vn 0.0000 0.5383 0.8427
vn 0.0000 0.5383 0.8427
vn 0.0000 0.8815 0.4722
vn 0.0695 0.8548 0.5143
vn -0.2004 0.9618 -0.1867
vn 0.0000 0.9890 0.1476
vn -0.0000 0.9711 -0.2386
vn 0.0000 0.9711 -0.2386
vn 0.0000 0.7499 -0.6615
vn 0.0000 0.7499 -0.6615
vn 0.0000 0.3546 -0.9350
vn 0.0000 0.3546 -0.9350
vn -0.0000 -0.1171 -0.9931
vn 0.0000 -0.1171 -0.9931
vn -0.0000 -0.5383 -0.8427
vn 0.0000 -0.5383 -0.8427
vn -0.0000 -0.8971 -0.4418
vn -0.0083 -0.8999 -0.4359
vn 0.0000 -0.9952 0.0981
vn -0.1491 -0.9603 0.2359
vn -0.1583 -0.7190 0.6767
vn -0.1343 -0.7431 0.6555
vn -0.0111 -0.3443 0.9388
vn 0.0000 -0.3546 0.9350
vn 0.0000 0.1171 0.9931
vn 0.0000 0.1171 0.9931
vn 0.0000 0.5383 0.8427
vn 0.0000 0.5383 0.8427
vn 0.0000 0.8568 0.5156
vn 0.0000 0.8568 0.5156
vn 0.0000 0.9890 0.1476
vn 0.0000 0.9890 0.1476
vn 0.0000 0.9711 -0.2386
vn 0.0000 0.9711 -0.2386
vn 0.0000 0.7499 -0.6615
vn 0.0000 0.7499 -0.6615
vn 0.0000 0.3546 -0.9350
vn 0.0000 0.3546 -0.9350
vn -0.0000 -0.1171 -0.9931
vn 0.0000 -0.1171 -0.9931
vn -0.0000 -0.5383 -0.8427
vn 0.0000 -0.5383 -0.8427
vn -0.0000 -0.8568 -0.5156
vn 0.0000 -0.8568 -0.5156
vn -0.0000 -0.9890 -0.1476
vn 0.0000 -0.9890 -0.1476
vn 0.7858 0.0011 0.6185
vn 0.7838 0.0000 0.6210
vn -0.7031 0.6971 0.1403
vn -0.6427 0.7200 0.2618
vn -0.5932 0.7001 0.3975
vn -0.3801 0.7292 0.5690
vn -0.3843 0.7277 0.5681
vn -0.1400 0.6978 0.7025
vn 0.0316 0.7196 0.6937
vn 0.1400 0.6979 0.7024
vn 0.2796 0.7136 0.6424
vn 0.4007 0.6927 0.5997
vn 0.5004 0.7137 0.4901
vn 0.5952 0.6976 0.3988
vn 0.6402 0.7236 0.2580
vn 0.6370 0.7367 0.2269
vn 0.6551 0.7315 -0.1891
vn 0.6593 0.7169 -0.2267
vn 0.5905 0.7034 -0.3957
vn 0.3712 0.7439 -0.5557
vn 0.4819 0.6959 -0.5324
vn 0.1404 0.6958 -0.7044
vn 0.0265 0.7209 -0.6926
vn -0.1398 0.6986 -0.7017
vn -0.2442 0.7173 -0.6525
vn -0.4007 0.6927 -0.5997
vn -0.5004 0.7137 -0.4901
vn -0.5952 0.6976 -0.3988
vn -0.6672 0.7328 -0.1332
vn -0.6744 0.7187 -0.1696
vn -0.6928 0.6928 0.2000
vn -0.6860 0.7146 0.1369
vn -0.5905 0.7034 0.3957
vn -0.3712 0.7439 0.5557
vn -0.4130 0.7274 0.5480
vn -0.1400 0.6978 0.7025
vn 0.0798 0.7218 0.6874
vn 0.1383 0.7064 0.6941
vn 0.3928 0.7072 0.5879
vn 0.4165 0.7176 0.5582
vn 0.5952 0.6976 0.3988
vn 0.6672 0.7328 0.1332
vn 0.6744 0.7187 0.1696
vn 0.7031 0.6971 -0.1403
vn 0.6427 0.7200 -0.2618
vn 0.5932 0.7001 -0.3975
vn 0.3801 0.7292 -0.5690
vn 0.4528 0.7003 -0.5519
vn 0.1404 0.6958 -0.7044
vn 0.0265 0.7209 -0.6926
vn -0.1398 0.6986 -0.7017
vn -0.3352 0.7258 -0.6007
vn -0.3914 0.7097 -0.5858
vn -0.5896 0.7046 -0.3950
vn -0.6486 0.7500 -0.1295
vn -0.6776 0.6776 -0.2860
vn -0.6928 0.6928 0.2000
vn -0.6860 0.7146 0.1369
vn -0.5905 0.7034 0.3957
vn -0.3712 0.7439 0.5557
vn -0.3817 0.7400 0.5539
vn -0.1393 0.7011 0.6993
vn 0.1216 0.7158 0.6876
vn 0.0988 0.7228 0.6839
vn 0.4245 0.7060 0.5669
vn 0.4584 0.7168 0.5255
vn 0.5952 0.6976 0.3988
vn 0.6672 0.7328 0.1332
vn 0.6744 0.7187 0.1696
vn 0.7031 0.6971 -0.1403
vn 0.6427 0.7200 -0.2618
vn 0.5932 0.7001 -0.3975
vn 0.3801 0.7292 -0.5690
vn 0.4528 0.7003 -0.5519
vn 0.1404 0.6958 -0.7044
vn 0.0937 0.7072 -0.7007
vn -0.1542 0.6957 -0.7015
vn -0.1395 0.7002 -0.7002
vn -0.4350 0.6950 -0.5725
vn -0.3914 0.7097 -0.5858
vn -0.5896 0.7046 -0.3950
vn -0.6486 0.7500 -0.1295
vn -0.6776 0.6776 -0.2860
vn -0.7031 0.6971 0.1403
vn -0.6427 0.7200 0.2618
vn -0.5932 0.7001 0.3975
vn -0.3801 0.7292 0.5690
vn -0.4528 0.7003 0.5519
vn -0.1404 0.6958 0.7044
vn -0.0937 0.7072 0.7007
vn 0.1982 0.6891 0.6971
vn 0.1375 0.7107 0.6899
vn 0.3985 0.6967 0.5965
vn 0.4584 0.7168 0.5255
vn 0.5952 0.6976 0.3988
vn 0.6672 0.7328 0.1332
vn 0.6857 0.6857 0.2442
vn 0.6928 0.6928 -0.2000
vn 0.6860 0.7146 -0.1369
vn 0.5905 0.7034 -0.3957
vn 0.3977 0.7421 -0.5396
vn 0.4733 0.7089 -0.5229
vn 0.1067 0.7042 -0.7019
vn 0.0265 0.7209 -0.6926
vn -0.1398 0.6986 -0.7017
vn -0.2442 0.7173 -0.6525
vn -0.4007 0.6927 -0.5997
vn -0.5004 0.7137 -0.4901
vn -0.5952 0.6976 -0.3988
vn -0.6672 0.7328 -0.1332
vn -0.6744 0.7187 -0.1696
vn 0.9459 0.0005 0.3244
vn 0.9141 0.0300 0.4044
vn 0.2609 0.0000 0.9654
vn 0.9010 -0.0009 0.4338
vn 0.9085 -0.0029 0.4179
vn 0.9176 -0.0020 0.3975
vn 0.9278 -0.0177 0.3726
vn 0.9165 -0.0071 0.3999
vn 0.8968 -0.0003 0.4425
vn 0.8931 -0.0001 0.4498
vn 0.8916 -0.0000 0.4529
vn 0.8919 0.0001 0.4522
vn 0.8931 0.0001 0.4499
vn 0.8942 0.0002 0.4478
vn 0.8976 0.0009 0.4407
vn 0.8985 0.0011 0.4390
vn 0.9035 0.0036 0.4286
vn 0.9037 0.0038 0.4281
vn 0.9095 0.0112 0.4155
vn 0.9120 0.0158 0.4099
vn 0.9607 -0.0234 0.2766
vn 0.9606 -0.0751 0.2674
vn 0.9568 -0.0013 0.2907
vn 0.9591 -0.0101 0.2827
vn 0.9564 -0.0054 0.2920
vn 0.1598 -0.0010 0.9871
vn 0.1403 0.0176 0.9900
vn 0.2148 -0.0065 0.9766
vn 0.1879 0.0031 0.9822
vn 0.2514 -0.0076 0.9679
vn 0.2609 0.0000 0.9654
vn 0.3670 0.0000 0.9302
vn 0.3670 0.0000 0.9302
vn 0.4864 0.0000 0.8737
vn 0.4864 0.0000 0.8737
vn 0.5974 0.0000 0.8020
vn 0.5974 0.0000 0.8020
vn 0.6979 0.0000 0.7162
vn 0.6979 0.0000 0.7162
vn 0.7840 0.0000 0.6208
vn 0.7840 0.0000 0.6208
vn 0.8572 0.0000 0.5150
vn 0.8572 0.0000 0.5150
vn 0.8905 0.0000 0.4550
vn 0.8911 0.0000 0.4538
vn -0.9917 0.0000 0.1285
vn -0.9917 0.0000 0.1285
vn -0.8950 0.0000 0.4460
vn -0.8950 0.0000 0.4460
vn -0.5804 0.0000 0.8143
vn -0.5804 0.0000 0.8143
vn -0.1532 0.0000 0.9882
vn -0.1351 0.0041 0.9908
vn -0.9990 0.0000 0.0436
vn -0.9990 0.0000 0.0436
vn -0.4638 -0.0005 -0.8859
vn -0.3878 -0.0181 -0.9215
vn -0.6894 -0.0308 -0.7237
vn -0.7775 0.0000 -0.6288
vn -0.9804 -0.0000 -0.1968
vn -0.9804 0.0000 -0.1968
vn -0.4536 -0.0000 -0.8912
vn -0.3865 -0.0675 -0.9198
vn -0.2188 -0.0702 -0.9732
vn -0.2719 -0.0175 -0.9622
vn -0.1538 -0.0159 -0.9880
vn -0.1878 -0.0001 -0.9822
vn 0.8266 0.0000 -0.5628
vn 0.8266 0.0000 -0.5628
vn 0.6490 0.0000 -0.7608
vn 0.6490 0.0000 -0.7608
vn 0.2281 0.0000 -0.9736
vn 0.3068 -0.0195 -0.9516
vn -0.2488 -0.0526 -0.9671
vn -0.5017 0.0000 -0.8650
vn -0.0470 -0.0023 -0.9989
vn -0.0567 0.0000 -0.9984
vn 0.6047 0.0000 -0.7964
vn 0.5986 0.0014 -0.8010
vn -0.7756 -0.0000 -0.6313
vn -0.7754 -0.0003 -0.6315
vn -0.6773 -0.0000 -0.7357
vn -0.6748 0.0033 -0.7380
vn -0.5615 -0.0041 -0.8274
vn -0.5708 0.0017 -0.8211
vn -0.7705 0.0061 0.6374
vn -0.7587 0.0115 0.6513
vn -0.9935 -0.0103 -0.1138
vn -0.9973 0.0010 -0.0728
vn -0.8947 -0.0000 -0.4466
vn -0.8947 0.0000 -0.4466
vn -0.9808 -0.0000 -0.1950
vn -0.9989 0.0397 -0.0255
vn -0.9608 0.0235 0.2762
vn -0.9892 0.0000 0.1467
vn -0.6922 0.0000 0.7217
vn -0.6832 0.0036 0.7302
vn -0.9420 -0.0000 -0.3356
vn -0.9420 0.0000 -0.3356
vn -0.9034 -0.0000 -0.4288
vn -0.9034 0.0000 -0.4288
vn -0.8610 0.0000 -0.5086
vn -0.0875 0.0008 -0.9962
vn -0.2110 0.0346 -0.9769
vn -0.4378 0.0266 -0.8987
vn -0.5448 -0.0000 -0.8386
vn -0.8610 -0.0000 -0.5086
vn -0.7396 -0.0000 -0.6731
vn -0.7396 0.0000 -0.6731
vn -0.1306 -0.0000 -0.9914
vn -0.1389 0.0016 -0.9903
vn -0.9948 0.0000 0.1017
vn -0.9948 0.0000 0.1017
vn -0.9999 0.0000 0.0134
vn -0.9989 0.0113 -0.0447
vn -0.9983 0.0000 -0.0581
vn -0.9822 -0.0000 -0.1880
vn -0.9822 0.0000 -0.1880
vn -0.0257 0.0000 0.9997
vn -0.0257 0.0000 0.9997
vn -0.4892 0.0000 0.8722
vn -0.4892 0.0000 0.8722
vn -0.8641 0.0000 0.5034
vn -0.8641 0.0000 0.5034
vn -0.1248 0.0000 0.9922
vn -0.9485 0.0000 0.3168
vn -0.9485 0.0000 0.3168
vn -0.8314 0.0000 0.5556
vn -0.8314 0.0000 0.5556
vn -0.4843 0.0000 0.8749
vn -0.4762 0.0019 0.8793
vn -0.0786 0.0134 0.9968
vn -0.9034 0.0000 0.4288
vn -0.9034 0.0000 0.4288
vn -0.9420 0.0000 0.3356
vn -0.9420 0.0000 0.3356
vn -0.7153 -0.0035 -0.6988
vn -0.6909 -0.0134 -0.7229
vn -0.9731 -0.0337 -0.2280
vn -0.9789 0.0555 0.1968
vn -0.9669 0.0574 0.2487
vn -0.9992 0.0000 0.0408
vn -0.9984 0.0064 0.0567
vn -0.9996 0.0000 0.0277
vn -0.8237 -0.0000 -0.5670
vn -0.8237 0.0000 -0.5670
vn -0.5613 -0.0000 -0.8276
vn -0.5591 -0.0004 -0.8291
vn -0.6005 -0.0007 0.7996
vn -0.6318 0.0201 0.7749
vn -0.6606 0.0000 0.7508
vn -0.7332 0.0000 0.6800
vn -0.7380 0.0066 0.6748
vn -0.7800 0.0000 0.6258
vn -0.8255 0.0000 0.5645
vn -0.8309 -0.0045 0.5564
vn 0.3841 -0.0055 0.9233
vn 0.4066 0.0000 0.9136
vn -0.2610 0.0000 0.9653
vn -0.2510 0.0020 0.9680
vn -0.2123 0.0000 0.9772
vn -0.2123 0.0000 0.9772
vn 0.2762 0.0000 0.9611
vn 0.2762 0.0000 0.9611
vn 0.6902 0.0000 0.7236
vn 0.6902 0.0000 0.7236
vn -0.1903 0.0001 0.9817
vn -0.1923 -0.0018 0.9813
vn -0.3390 0.0019 0.9408
vn -0.3408 0.0000 0.9401
vn -0.4432 0.0000 0.8964
vn -0.4432 0.0000 0.8964
vn -0.3866 0.0007 0.9222
vn -0.3892 0.0000 0.9212
vn -0.7775 0.0000 0.6288
vn -0.7775 0.0000 0.6288
vn -0.9804 0.0000 0.1968
vn -0.9804 0.0000 0.1968
vn -0.9990 0.0000 -0.0436
vn -0.9990 0.0000 -0.0436
vn -0.9917 0.0000 -0.1285
vn -0.9917 0.0000 -0.1285
vn -0.8950 0.0000 -0.4460
vn -0.8950 0.0000 -0.4460
vn -0.5804 0.0000 -0.8143
vn -0.5804 0.0000 -0.8143
vn -0.1351 0.0000 -0.9908
vn -0.1351 0.0000 -0.9908
vn 0.9499 0.0000 -0.3126
vn -0.9662 -0.0133 -0.2575
vn -0.9892 0.0338 -0.1423
vn -0.7465 -0.0065 -0.6654
vn -0.7220 0.0000 -0.6919
vn -0.3459 -0.0000 -0.9383
vn -0.3474 0.0004 -0.9377
vn 0.1195 0.0156 -0.9927
vn 0.0465 -0.0082 -0.9989
vn 0.6555 0.0424 -0.7540
vn 0.7652 -0.0037 -0.6438
vn 0.9533 -0.0030 -0.3019
vn 0.9463 0.0000 0.3233
vn 0.9701 0.0273 0.2411
vn 0.7465 -0.0065 0.6654
vn 0.7220 0.0000 0.6919
vn 0.3923 0.0000 0.9198
vn 0.3474 -0.0085 0.9377
vn 0.0524 0.0160 0.9985
vn -0.1068 -0.0049 0.9943
vn -0.5327 0.0356 0.8456
vn -0.5249 0.0386 0.8503
vn -0.8948 -0.0119 0.4463
vn -0.9302 0.0076 0.3670
vn -0.9529 0.0000 0.3032
vn 0.9662 -0.0082 0.2575
vn 0.9876 0.0331 0.1534
vn 0.6135 -0.0193 0.7894
vn 0.5961 -0.0122 0.8028
vn 0.1156 -0.0008 0.9933
vn 0.0407 -0.0182 0.9990
vn -0.5712 0.0395 0.8198
vn -0.6705 -0.0071 0.7419
vn -0.9533 -0.0003 0.3019
vn -0.9268 -0.0000 -0.3755
vn -0.9165 -0.0096 -0.3998
vn -0.4977 0.0006 -0.8673
vn -0.4838 -0.0047 -0.8752
vn 0.1068 0.0153 -0.9942
vn 0.0465 0.0000 -0.9989
vn 0.6216 0.0000 -0.7833
vn 0.5249 0.0386 -0.8503
vn 0.9001 -0.0130 -0.4355
vn 0.9302 0.0047 -0.3670
vn -0.9493 0.0000 0.3145
vn 0.9662 -0.0133 0.2575
vn 0.9892 0.0338 0.1423
vn 0.7465 -0.0065 0.6654
vn 0.6627 0.0148 0.7487
vn 0.2079 -0.0187 0.9780
vn 0.1856 -0.0117 0.9826
vn -0.5356 0.0100 0.8444
vn -0.5591 -0.0028 0.8291
vn -0.9533 -0.0035 0.3019
vn -0.9268 -0.0000 -0.3755
vn -0.9160 -0.0101 -0.4011
vn -0.6184 -0.0016 -0.7859
vn -0.4821 -0.0374 -0.8753
vn -0.2152 0.0050 -0.9766
vn 0.5880 -0.0192 -0.8086
vn 0.1304 -0.1577 -0.9788
vn 0.6184 -0.1012 -0.7793
vn -0.3010 0.0891 -0.9495
vn 0.8948 -0.0119 -0.4463
vn 0.9302 0.0076 -0.3670
vn 0.9503 0.0000 -0.3112
vn -0.9662 -0.0110 -0.2575
vn -0.9885 0.0335 -0.1473
vn -0.7465 -0.0065 -0.6654
vn -0.7220 0.0000 -0.6919
vn -0.3459 -0.0000 -0.9383
vn -0.3474 0.0004 -0.9377
vn -0.2380 0.0042 -0.9713
vn 0.0463 0.0930 -0.9946
vn 0.6523 0.1074 -0.7503
vn 0.8449 -0.0035 -0.5349
vn 0.9533 -0.0026 -0.3019
vn 0.9463 0.0000 0.3233
vn 0.9701 0.0273 0.2411
vn 0.7465 -0.0065 0.6654
vn 0.6627 0.0148 0.7487
vn 0.3474 -0.0094 0.9377
vn 0.2684 0.0066 0.9633
vn -0.1068 -0.0049 0.9943
vn -0.1321 0.0000 0.9912
vn -0.6216 0.0000 0.7833
vn -0.5249 0.0386 0.8503
vn -0.8973 -0.0124 0.4413
vn -0.9302 0.0063 0.3670
vn 0.7772 0.0039 0.6293
vn 0.6778 -0.0324 0.7345
vn -0.0737 -0.0249 0.9970
vn 0.0291 -0.0011 0.9996
vn -0.8282 0.0139 0.5603
vn -0.8705 -0.0026 0.4922
vn -0.9927 0.0019 -0.1207
vn -0.9911 0.0000 -0.1331
vn -0.7782 -0.0000 -0.6281
vn -0.7782 0.0000 -0.6281
vn -0.3919 -0.0000 -0.9200
vn -0.3919 0.0000 -0.9200
vn 0.0862 0.0000 -0.9963
vn 0.0862 0.0000 -0.9963
vn 0.6524 0.0000 -0.7579
vn 0.6601 -0.0019 -0.7511
vn 0.9818 0.0021 -0.1899
vn 0.9738 0.0094 -0.2273
vn 0.9897 -0.0156 0.1420
vn 0.9632 -0.0371 0.2662
vn 0.5373 -0.0421 0.8424
vn 0.7782 0.0000 0.6281
vn 0.6216 0.0000 0.7834
vn 0.3916 -0.0397 0.9193
vn -0.4034 -0.0343 0.9144
vn -0.2345 -0.0018 0.9721
vn -0.5332 0.0000 0.8460
vn -0.7706 -0.0546 0.6349
vn -0.9992 -0.0270 0.0301
vn -0.9993 -0.0324 -0.0164
vn -0.8481 -0.0140 -0.5297
vn -0.7058 -0.0655 -0.7054
vn -0.1032 -0.0323 -0.9941
vn 0.1162 -0.0719 -0.9906
vn 0.5051 -0.0632 -0.8607
vn 0.2551 -0.0315 -0.9664
vn 0.9122 -0.0400 -0.4078
vn 0.8693 -0.0220 -0.4939
vn 0.9697 -0.0103 -0.2440
vn 0.9641 -0.0001 -0.2654
vn 0.9718 -0.0446 -0.2316
vn 0.9644 -0.0002 -0.2646
vn 0.9593 -0.0081 -0.2822
vn 0.9356 -0.0168 -0.3527
vn 0.9424 -0.0102 -0.3345
vn 0.9356 -0.0046 -0.3530
vn 0.8840 -0.0025 -0.4675
vn 0.8794 -0.0011 -0.4761
vn 0.8886 0.0093 -0.4585
vn 0.8860 0.0066 -0.4636
vn 0.8843 0.0052 -0.4668
vn 0.8819 0.0035 -0.4715
vn 0.8796 0.0021 -0.4757
vn 0.8765 0.0005 -0.4814
vn 0.8892 -0.0045 -0.4574
vn 0.8946 -0.0071 -0.4468
vn 0.8901 -0.0041 -0.4558
vn 0.9105 -0.0006 -0.4135
vn 0.9210 -0.0004 -0.3895
vn 0.9259 0.0047 -0.3776
vn 0.9217 -0.0009 -0.3878
vn 0.8901 0.0047 -0.4558
vn 0.8943 0.0185 -0.4471
vn 0.8908 0.0124 -0.4542
vn 0.1714 0.0000 -0.9852
vn 0.1614 -0.0113 -0.9868
vn 0.8754 0.0000 -0.4834
vn 0.8223 0.0000 -0.5691
vn 0.8223 0.0000 -0.5691
vn 0.7401 0.0000 -0.6725
vn 0.7401 0.0000 -0.6725
vn 0.6450 0.0000 -0.7642
vn 0.6450 0.0000 -0.7642
vn 0.5386 0.0000 -0.8425
vn 0.5386 0.0000 -0.8425
vn 0.4229 0.0000 -0.9062
vn 0.4229 0.0000 -0.9062
vn 0.2997 0.0000 -0.9540
vn 0.2942 0.0009 -0.9557
vn 0.2263 -0.0000 -0.9741
vn 0.0000 1.0000 0.0000
vn 0.0000 1.0000 0.0000
vn 0.0000 1.0000 0.0000
vn 0.0000 1.0000 0.0000
vn 0.0000 1.0000 0.0000
vn -0.0000 1.0000 -0.0000
vn 0.0000 1.0000 0.0000
vn 0.0000 1.0000 -0.0000
vn 0.0000 1.0000 0.0000
vn 0.0000 1.0000 0.0000
vn 0.0000 1.0000 0.0000
vn 0.0000 1.0000 0.0000
vn 0.0000 1.0000 0.0000
vn -0.0000 1.0000 0.0000
vn 0.0000 1.0000 0.0000
vn -0.0000 1.0000 0.0000
vn 0.0000 1.0000 0.0000
vn -0.0000 1.0000 0.0000
vn 0.0000 1.0000 0.0000
vn -0.0000 1.0000 0.0000
vn -0.0000 1.0000 0.0000
vn 0.0000 1.0000 0.0000
vn 0.0000 1.0000 0.0000
vn 0.0000 1.0000 0.0000
vn 0.0000 1.0000 0.0000
vn 0.0000 1.0000 0.0000
vn 0.0000 1.0000 0.0000
vn 0.0000 1.0000 0.0000
vn 0.0000 1.0000 -0.0000
vn 0.0000 1.0000 0.0000
vn 0.0000 1.0000 0.0000
vn 0.0000 1.0000 0.0000
vn 0.0000 1.0000 0.0000
vn 0.0000 1.0000 0.0000
vn -0.0000 1.0000 0.0000
vn 0.0000 1.0000 0.0000
vn -0.0000 1.0000 0.0000
vn 0.0000 1.0000 -0.0000
vn 0.0000 1.0000 0.0000
vn 0.0000 1.0000 0.0000
vn 0.0000 1.0000 0.0000
vn 0.0000 1.0000 0.0000
vn 0.0000 1.0000 -0.0000
vn 0.0346 0.9906 -0.1323
vn 0.0000 1.0000 0.0000
vn 0.0000 1.0000 0.0000
vn -0.0000 1.0000 0.0000
vn 0.0000 1.0000 0.0000
vn 0.0000 1.0000 0.0000
vn 0.0000 1.0000 0.0000
vn 0.0000 1.0000 0.0000
vn 0.0000 1.0000 0.0000
vn 0.0000 1.0000 0.0000
vn 0.0000 1.0000 0.0000
vn 0.0000 1.0000 0.0000
vn 0.0000 1.0000 0.0000
vn 0.0000 1.0000 0.0000
vn 0.0000 1.0000 0.0000
vn 0.0000 1.0000 0.0000
vn -0.0000 1.0000 -0.0000
vn 0.0000 1.0000 -0.0000
vn -0.0000 1.0000 0.0000
vn 0.0609 0.9977 -0.0297
vn 0.0616 0.9980 0.0123
vn -0.0568 0.9172 0.3944
vn 0.0000 1.0000 0.0000
vn 0.0000 1.0000 0.0000
vn -0.0000 1.0000 -0.0000
vn 0.0000 1.0000 0.0000
vn 0.0000 1.0000 -0.0000
vn 0.0000 1.0000 0.0000
vn 0.0000 1.0000 0.0000
vn 0.0000 1.0000 0.0000
vn 0.0000 1.0000 0.0000
vn 0.0000 1.0000 0.0000
vn 0.0000 1.0000 0.0000
vn 0.0000 1.0000 0.0000
vn 0.0000 1.0000 0.0000
vn 0.0000 1.0000 0.0000
vn 0.0000 1.0000 0.0000
vn 0.0000 1.0000 0.0000
vn 0.0000 1.0000 0.0000
vn 0.0000 1.0000 -0.0000
vn 0.0000 1.0000 0.0000
vn 0.0000 1.0000 -0.0000
vn 0.0000 1.0000 0.0000
vn 0.0000 1.0000 -0.0000
vn 0.0000 1.0000 -0.0000
vn -0.0000 1.0000 0.0000
vn -0.0000 1.0000 0.0000
vn 0.0000 1.0000 0.0000
vn 0.0000 1.0000 0.0000
vn 0.0000 1.0000 0.0000
vn -0.0000 1.0000 0.0000
vn 0.0000 1.0000 0.0000
vn 0.0000 1.0000 0.0000
vn 0.0000 1.0000 -0.0000
vn 0.0000 1.0000 0.0000
vn -0.0000 1.0000 0.0000
vn 0.0000 1.0000 0.0000
vn -0.0000 1.0000 0.0000
vn 0.0000 1.0000 -0.0000
vn 0.0000 1.0000 0.0000
vn 0.0000 1.0000 -0.0000
vn 0.0000 1.0000 0.0000
vn 0.0000 1.0000 -0.0000
vn 0.0000 1.0000 0.0000
vn 0.0000 1.0000 0.0000
vn 0.0000 1.0000 0.0000
vn -0.0000 1.0000 0.0000
vn 0.0000 1.0000 0.0000
vn -0.0000 1.0000 0.0000
vn 0.0000 1.0000 -0.0000
vn 0.0000 1.0000 0.0000
vn 0.0000 1.0000 0.0000
vn 0.0000 1.0000 -0.0000
vn 0.0000 1.0000 0.0000
vn 0.0000 1.0000 -0.0000
vn 0.0000 1.0000 0.0000
vn 0.0000 1.0000 -0.0000
vn 0.0000 1.0000 0.0000
vn 0.0000 1.0000 -0.0000
vn 0.0000 1.0000 0.0000
vn -0.0080 0.9930 0.1181
vn -0.0000 1.0000 0.0000
vn -0.0000 1.0000 -0.0000
vn 0.0000 1.0000 -0.0000
vn -0.0073 1.0000 -0.0049
vn 0.0000 1.0000 0.0000
vn 0.0000 1.0000 0.0000
vn 0.0000 1.0000 0.0000
vn 0.0000 1.0000 0.0000
vn 0.0000 1.0000 0.0000
vn 0.0000 1.0000 0.0000
vn 0.0000 1.0000 0.0000
vn 0.0000 1.0000 0.0000
vn 0.0000 1.0000 0.0000
vn 0.0000 1.0000 0.0000
vn -0.0000 1.0000 0.0000
vn 0.0000 1.0000 0.0000
vn 0.0457 0.9989 0.0134
vn 0.0000 1.0000 0.0000
vn 0.0000 1.0000 0.0000
vn 0.0000 1.0000 0.0000
vn -0.0000 1.0000 0.0000
vn 0.0000 1.0000 0.0000
vn 0.0000 1.0000 -0.0000
vn 0.0000 1.0000 0.0000
vn 0.0786 0.9883 0.1305
vn 0.0766 0.9969 -0.0153
vn -0.0121 0.9627 -0.2703
vn -0.8909 0.0000 0.4542
vn -0.8160 0.0592 0.5751
vn -0.9110 0.0779 0.4049
vn -0.9782 0.0000 0.2076
vn -0.5588 0.0000 -0.8293
vn -0.5588 0.0000 -0.8293
vn -0.8812 0.0000 -0.4727
vn -0.8812 0.0000 -0.4727
vn -0.9991 0.0000 0.0423
vn -0.9991 0.0000 0.0423
vn -0.3420 -0.0000 -0.9397
vn -0.3420 -0.0000 -0.9397
vn -0.5714 -0.0000 -0.8207
vn -0.5714 0.0000 -0.8207
vn -0.8945 -0.0000 -0.4471
vn -0.8945 0.0000 -0.4471
vn -0.9998 0.0000 0.0183
vn -0.9998 0.0000 0.0183
vn -0.9954 0.0020 -0.0961
vn -0.9647 -0.0021 -0.2634
vn -0.9651 0.0000 -0.2618
vn -0.9061 -0.0000 -0.4230
vn -0.9061 0.0000 -0.4230
vn -0.9765 0.0000 0.2156
vn -0.9781 0.0050 0.2081
vn -0.9861 0.0000 0.1661
vn -0.9973 -0.0018 0.0740
vn -0.9971 0.0000 0.0760
vn -0.9955 -0.0000 -0.0946
vn -0.9957 0.0049 -0.0927
vn -0.7643 0.0000 0.6448
vn -0.7643 0.0000 0.6448
vn -0.9797 0.0000 0.2003
vn -0.9797 0.0000 0.2003
vn -0.9610 0.0000 -0.2765
vn -0.9610 0.0000 -0.2765
vn -0.5749 0.0008 0.8182
vn -0.5746 0.0000 0.8185
vn -0.9150 0.0000 -0.4034
vn -0.8209 -0.0457 -0.5692
vn -0.9974 -0.0164 0.0702
vn -0.9917 0.0000 0.1283
vn -0.8205 0.0000 0.5717
vn -0.8264 -0.0030 0.5631
vn -0.7805 -0.0000 -0.6252
vn -0.7421 -0.0848 -0.6649
vn -0.6408 -0.0884 -0.7626
vn -0.6425 -0.0857 -0.7615
vn -0.3368 -0.0563 -0.9399
vn -0.4980 0.0000 -0.8672
vn -0.0368 -0.0000 -0.9993
vn -0.0368 0.0000 -0.9993
vn 0.6020 0.0000 -0.7985
vn 0.6020 0.0000 -0.7985
vn 0.8266 0.0000 -0.5628
vn 0.8266 0.0000 -0.5628
vn 0.6490 0.0000 -0.7608
vn 0.6490 0.0000 -0.7608
vn 0.2281 0.0000 -0.9736
vn 0.2281 0.0000 -0.9736
vn -0.2492 -0.0000 -0.9685
vn -0.2492 0.0000 -0.9685
vn -0.4288 -0.0000 -0.9034
vn -0.4436 0.0157 -0.8961
vn -0.3351 0.0157 -0.9420
vn -0.3200 0.0000 -0.9474
vn -0.5421 0.0005 -0.8403
vn -0.5409 0.0000 -0.8411
vn -0.8749 -0.0000 -0.4843
vn -0.8749 0.0000 -0.4843
vn -0.9997 -0.0000 -0.0236
vn -0.9997 0.0000 -0.0236
vn -1.0000 0.0000 0.0000
vn -1.0000 0.0000 0.0000
vn -1.0000 0.0000 0.0000
vn -1.0000 0.0000 0.0000
vn -1.0000 0.0000 0.0000
vn -1.0000 0.0000 -0.0000
vn -1.0000 0.0000 0.0000
vn -1.0000 0.0000 0.0000
vn -1.0000 0.0000 0.0000
vn -1.0000 -0.0000 -0.0000
vn -1.0000 0.0000 0.0000
vn -1.0000 -0.0000 -0.0000
vn -1.0000 0.0000 0.0000
vn -1.0000 0.0000 -0.0000
vn -1.0000 0.0000 -0.0000
vn -1.0000 0.0000 0.0000
vn -1.0000 0.0000 0.0000
vn -1.0000 0.0000 0.0000
vn -1.0000 -0.0000 -0.0000
vn -1.0000 -0.0000 0.0000
vn -1.0000 0.0000 0.0000
vn -1.0000 0.0000 -0.0000
vn 1.0000 0.0000 0.0000
vn -1.0000 0.0000 0.0000
vn -1.0000 0.0000 0.0000
vn -1.0000 0.0000 0.0000
vn -1.0000 0.0000 0.0000
vn -1.0000 0.0000 0.0000
vn -1.0000 0.0000 0.0000
vn -1.0000 0.0000 0.0000
vn -1.0000 0.0000 0.0000
vn -1.0000 0.0000 0.0000
vn -1.0000 0.0000 0.0000
vn -1.0000 0.0000 0.0000
vn -1.0000 0.0000 0.0000
vn -1.0000 0.0000 0.0000
vn -1.0000 0.0000 0.0000
vn -1.0000 0.0000 0.0000
vn -1.0000 0.0000 0.0000
vn -1.0000 0.0000 0.0000
vn -1.0000 0.0000 0.0000
vn -1.0000 0.0000 0.0000
vn -1.0000 0.0000 0.0000
vn -1.0000 0.0000 0.0000
vn -1.0000 0.0000 0.0000
vn -1.0000 0.0000 0.0000
vn -1.0000 0.0000 0.0000
vn -1.0000 0.0000 0.0000
vn -1.0000 0.0000 -0.0000
vn -1.0000 -0.0000 0.0000
vn -1.0000 0.0000 0.0000
vn -1.0000 0.0000 0.0000
vn -1.0000 0.0000 0.0000
vn -1.0000 0.0000 0.0000
vn -1.0000 0.0000 0.0000
vn -1.0000 0.0000 0.0000
vn -1.0000 0.0000 0.0000
vn -1.0000 0.0000 0.0000
vn -1.0000 0.0000 0.0000
vn -1.0000 0.0000 0.0000
vn -0.5399 0.0004 0.8417
vn -0.5409 0.0000 0.8411
vn -0.8749 0.0000 0.4843
vn -0.8749 0.0000 0.4843
vn -0.9997 0.0000 0.0236
vn -0.9997 0.0000 0.0236
vn -0.3352 0.0000 0.9421
vn -0.3169 0.0188 0.9483
vn -0.4291 0.0189 0.9031
vn -0.4466 0.0000 0.8947
vn -0.2123 0.0000 0.9772
vn -0.2123 0.0000 0.9772
vn 0.2762 0.0000 0.9611
vn 0.2762 0.0000 0.9611
vn 0.6902 0.0000 0.7236
vn 0.6902 0.0000 0.7236
vn 0.3966 -0.0027 0.9180
vn 0.4040 0.0000 0.9148
vn -0.2517 0.0000 0.9678
vn -0.2551 -0.0010 0.9669
vn -0.6123 0.0004 0.7907
vn -0.6311 -0.0354 0.7749
vn -0.7522 -0.0340 0.6581
vn -0.7380 0.0000 0.6748
vn -0.8255 0.0000 0.5645
vn -0.8294 -0.0048 0.5587
vn -0.9984 0.0068 0.0567
vn -0.9993 0.0000 0.0368
vn -0.8237 -0.0000 -0.5670
vn -0.8237 0.0000 -0.5670
vn -0.5613 -0.0000 -0.8276
vn -0.5600 -0.0003 -0.8285
vn -0.7153 -0.0029 -0.6988
vn -0.7199 0.0000 -0.6941
vn -0.9736 -0.0000 -0.2281
vn -0.9736 0.0000 -0.2281
vn -0.9685 0.0000 0.2492
vn -0.9685 0.0000 0.2492
vn 0.9409 -0.0496 0.3351
vn 0.9705 0.0000 0.2412
vn 0.7464 0.0156 0.6653
vn 0.7144 0.0000 0.6997
vn 0.3991 0.0000 0.9169
vn 0.3474 0.0187 0.9375
vn 0.0454 -0.0364 0.9983
vn -0.1068 0.0081 0.9942
vn -0.5244 -0.0580 0.8495
vn -0.5584 -0.0839 0.8253
vn -0.9024 0.0325 0.4297
vn -0.9261 0.0066 0.3773
vn -0.9677 -0.0650 -0.2434
vn -0.9871 -0.0084 -0.1598
vn -0.7464 0.0156 -0.6653
vn -0.7144 0.0000 -0.6997
vn -0.3505 -0.0000 -0.9366
vn -0.3474 0.0014 -0.9377
vn 0.1068 -0.0358 -0.9936
vn 0.0382 0.0000 -0.9993
vn 0.6510 0.0000 -0.7591
vn 0.6710 -0.0188 -0.7412
vn 0.9447 0.0254 -0.3270
vn 0.9608 0.0000 -0.2773
vn 0.9677 -0.0650 0.2434
vn 0.9831 -0.0230 0.1815
vn 0.6171 0.0453 0.7856
vn 0.5978 0.0304 0.8011
vn 0.1152 -0.0033 0.9933
vn 0.0469 0.0313 0.9984
vn -0.6615 -0.0811 0.7455
vn -0.6018 -0.0117 0.7986
vn -0.9497 0.0180 0.3126
vn -0.9608 0.0000 0.2773
vn -0.9213 0.0028 -0.3889
vn -0.9198 0.0000 -0.3923
vn -0.4871 0.0177 -0.8732
vn -0.4913 0.0145 -0.8709
vn 0.1068 -0.0358 -0.9936
vn 0.0382 0.0000 -0.9993
vn 0.5253 0.0000 -0.8509
vn 0.6330 -0.0645 -0.7714
vn 0.9098 0.0364 -0.4134
vn 0.9260 0.0169 -0.3772
vn 0.9677 -0.0650 0.2434
vn 0.9865 -0.0109 0.1636
vn 0.7464 0.0156 0.6653
vn 0.6571 -0.0261 0.7533
vn 0.2150 0.0331 0.9760
vn 0.1741 0.0078 0.9847
vn -0.5340 0.0020 0.8455
vn -0.5671 -0.0338 0.8230
vn -0.9436 0.0269 0.3299
vn -0.9608 0.0000 0.2773
vn -0.9213 -0.0035 -0.3889
vn -0.9232 0.0000 -0.3844
vn -0.6049 0.0186 -0.7961
vn -0.4968 0.0798 -0.8642
vn -0.2147 -0.0101 -0.9766
vn 0.1068 0.0099 -0.9942
vn 0.1326 0.0000 -0.9912
vn 0.5253 0.0000 -0.8509
vn 0.6330 -0.0645 -0.7714
vn 0.9038 0.0333 -0.4266
vn 0.9261 0.0085 -0.3772
vn 0.9409 -0.0496 0.3351
vn 0.9705 0.0000 0.2412
vn 0.7464 0.0156 0.6653
vn 0.6571 -0.0261 0.7533
vn 0.3474 0.0170 0.9376
vn 0.2735 -0.0138 0.9618
vn -0.1068 0.0099 0.9942
vn -0.1326 0.0000 0.9912
vn -0.5253 0.0000 0.8509
vn -0.6330 -0.0645 0.7714
vn -0.8969 0.0297 0.4411
vn -0.9261 0.0000 0.3773
vn -0.9677 -0.0650 -0.2434
vn -0.9891 0.0000 -0.1473
vn -0.7464 0.0156 -0.6653
vn -0.7144 0.0000 -0.6997
vn -0.3505 -0.0000 -0.9366
vn -0.3474 0.0014 -0.9377
vn 0.1068 -0.0358 -0.9936
vn 0.0382 0.0000 -0.9993
vn 0.6629 0.0000 -0.7487
vn 0.6711 -0.0081 -0.7413
vn 0.9494 0.0185 -0.3136
vn 0.9608 0.0000 -0.2773
vn -0.9763 0.0000 0.2164
vn -0.9763 -0.0000 0.2164
vn -0.9763 0.0000 0.2164
vn -0.9763 0.0000 0.2164
vn -0.9763 0.0000 0.2164
vn -0.0125 0.9995 -0.0298
vn 0.0000 1.0000 0.0000
vn 0.0000 1.0000 0.0000
vn 0.0000 1.0000 0.0000
vn 0.0000 1.0000 -0.0000
vn 0.0000 1.0000 0.0000
vn 0.0000 1.0000 0.0000
vn 0.0056 0.9998 -0.0184
vn 0.0086 0.9998 -0.0152
vn 0.0093 1.0000 0.0021
vn -0.0079 0.9991 -0.0425
vn 0.0074 0.9997 -0.0246
vn -0.0000 1.0000 0.0000
vn -0.0000 1.0000 0.0000
vn 0.0189 0.9968 0.0777
vn 0.0000 1.0000 -0.0000
vn 0.0000 1.0000 0.0000
vn 0.0153 0.9914 -0.1300
vn 0.0125 0.9895 -0.1440
vn 0.0409 0.9981 -0.0465
vn 0.1112 0.9934 0.0297
vn 0.0319 0.9994 -0.0104
vn -0.0170 0.9998 0.0089
vn -0.0000 1.0000 0.0000
vn 0.0000 1.0000 0.0000
vn 0.0000 1.0000 0.0000
vn -0.0000 1.0000 0.0000
vn 0.0000 1.0000 0.0000
vn 0.0000 1.0000 0.0000
vn -0.0000 1.0000 0.0000
vn 0.0000 1.0000 0.0000
vn 0.0000 1.0000 0.0000
vn 0.0000 1.0000 0.0000
vn 0.0000 1.0000 0.0000
vn 0.0000 1.0000 0.0000
vn 0.0000 1.0000 0.0000
vn 0.0000 1.0000 0.0000
vn 0.0000 1.0000 0.0000
vn 0.0000 1.0000 0.0000
vn -0.0230 0.9974 -0.0678
vn -0.0214 0.9980 0.0591
vn 0.1072 0.9936 0.0344
vn 0.0000 1.0000 -0.0000
vn -0.0000 1.0000 0.0000
vn 0.0000 1.0000 0.0000
vn 0.0000 1.0000 0.0000
vn 0.0000 1.0000 -0.0000
vn 0.0000 1.0000 -0.0000
vn 0.0000 1.0000 0.0000
vn 0.0000 1.0000 0.0000
vn 0.0000 1.0000 0.0000
vn 0.0000 1.0000 -0.0000
vn 0.0000 1.0000 0.0000
vn 0.0000 1.0000 -0.0000
vn 0.0000 1.0000 0.0000
vn 0.0000 1.0000 0.0000
vn 0.0000 1.0000 0.0000
vn 0.0000 1.0000 -0.0000
vn 0.0000 1.0000 0.0000
vn 0.0000 1.0000 0.0000
vn 0.0000 1.0000 -0.0000
vn -0.0000 1.0000 0.0000
vn 0.0000 1.0000 0.0000
vn 0.0000 1.0000 -0.0000
vn -0.0000 1.0000 0.0000
vn 0.0000 1.0000 0.0000
vn 0.0000 1.0000 0.0000
vn -0.0000 1.0000 0.0000
vn 0.0000 1.0000 0.0000
vn -0.0000 1.0000 0.0000
vn 0.0000 1.0000 0.0000
vn -0.0000 1.0000 0.0000
vn 0.0000 1.0000 0.0000
vn 0.0000 1.0000 0.0000
vn 0.0535 0.9985 -0.0067
vn 0.0828 0.9966 -0.0002
vn -0.1000 0.9950 0.0036
vn 0.4690 -0.8798 -0.0772
vn 0.0000 1.0000 -0.0000
vn 0.0461 0.9988 -0.0181
vn -0.0188 0.9992 0.0359
vn 0.0000 1.0000 -0.0000
vn 0.0000 1.0000 0.0000
vn 0.0000 1.0000 0.0000
vn -0.1013 0.9946 -0.0213
vn -0.0362 0.9993 0.0121
vn -0.0256 0.9995 0.0171
vn 0.0000 1.0000 0.0000
vn 0.0000 1.0000 0.0000
vn 0.0000 1.0000 0.0000
vn 0.0000 1.0000 0.0000
vn 0.0000 1.0000 0.0000
vn 0.0000 1.0000 0.0000
vn -0.0000 1.0000 0.0000
vn 0.0000 1.0000 -0.0000
vn 0.0000 1.0000 0.0000
vn 0.0000 1.0000 0.0000
vn 0.0000 1.0000 0.0000
vn 0.0000 1.0000 0.0000
vn 0.0000 1.0000 0.0000
vn -0.0000 1.0000 0.0000
vn 0.0000 1.0000 0.0000
vn 0.0000 1.0000 0.0000
vn 0.0000 1.0000 0.0000
vn 0.0000 1.0000 0.0000
vn 0.0000 1.0000 0.0000
vn 0.0000 1.0000 0.0000
vn 0.0000 1.0000 0.0000
vn 0.0000 1.0000 0.0000
vn 0.0000 1.0000 0.0000
vn -0.0000 1.0000 -0.0000
vn 0.0604 0.9980 0.0159
vn -0.0911 0.9955 0.0263
vn 0.0000 1.0000 0.0000
vn 0.0000 1.0000 0.0000
vn 0.0000 1.0000 0.0000
vn 0.0000 1.0000 0.0000
vn 0.0000 1.0000 0.0000
vn 0.0000 1.0000 -0.0000
vn 0.0000 1.0000 0.0000
vn 0.0000 1.0000 0.0000
vn 0.0000 1.0000 0.0000
vn 0.7506 0.6599 -0.0332
vn -0.0000 1.0000 0.0000
vn 0.0000 1.0000 -0.0000
vn 0.0000 1.0000 0.0000
vn 0.0000 1.0000 0.0000
vn 0.0000 1.0000 0.0000
vn 0.0000 1.0000 0.0000
vn 0.0000 1.0000 -0.0000
vn 0.0000 1.0000 0.0000
vn 0.0000 1.0000 0.0000
vn 0.0000 1.0000 0.0000
vn -0.1606 0.9845 -0.0711
vn -0.0144 0.9997 0.0213
vn 0.0593 0.9976 0.0367
vn 0.0000 1.0000 0.0000
vn 0.0000 1.0000 0.0000
vn 0.0000 1.0000 0.0000
vn 0.0000 1.0000 -0.0000
vn 0.1404 -0.9230 -0.3581
vn -0.0117 0.9975 0.0690
vn -0.2898 0.0302 -0.9566
vn 0.0110 0.9999 0.0016
vn 0.0065 0.9992 0.0398
vn 0.0303 0.9992 0.0270
vn 0.0320 0.9992 0.0251
vn 0.0000 1.0000 0.0000
vn 0.0000 1.0000 0.0000
vn 0.0000 1.0000 0.0000
vn 0.0148 0.9901 0.1398
vn 0.0274 0.9976 0.0643
vn 0.0000 1.0000 0.0000
vn 0.0315 0.9992 -0.0234
vn -0.1406 0.9882 -0.0611
vn -0.0096 0.9999 0.0134
vn 0.0264 0.9994 0.0233
vn -0.0014 0.9999 0.0100
vn 0.0063 0.9999 0.0117
vn 0.0000 1.0000 -0.0000
vn 0.0000 1.0000 0.0000
vn 0.0000 1.0000 -0.0000
vn 0.0000 1.0000 0.0000
vn 0.1459 0.9857 -0.0837
vn 0.0398 0.9987 0.0321
vn -0.0000 1.0000 0.0000
vn 0.1075 0.9931 0.0467
vn -0.0242 0.9996 0.0117
vn -0.0824 0.9966 0.0094
vn -0.0583 0.9979 -0.0274
vn 0.0000 1.0000 0.0000
vn 0.0000 1.0000 0.0000
vn 0.0080 0.9999 0.0112
vn 0.0135 0.9999 0.0065
vn -0.0360 0.9987 -0.0368
vn 0.0000 1.0000 0.0000
vn 0.0000 1.0000 0.0000
vn 0.0000 1.0000 0.0000
vn 0.0172 0.9994 0.0288
vn -0.0162 0.9991 0.0386
vn -0.0000 1.0000 0.0000
vn -0.0723 0.9968 0.0339
vn -0.0913 0.9958 -0.0040
vn -0.0739 0.9972 -0.0070
vn -0.0684 0.9973 -0.0271
vn -0.0130 0.9994 -0.0327
vn 0.0000 1.0000 0.0000
vn -0.9762 0.0131 -0.2164
vn -0.9763 0.0000 -0.2164
vn -0.9609 0.0959 -0.2597
vn -0.9042 0.0082 -0.4271
vn -0.9763 0.0000 -0.2164
vn -0.0238 -0.7693 0.6385
vn -0.0160 -0.7281 0.6853
vn -0.0180 -0.8755 0.4828
vn -0.0000 -0.9702 0.2423
vn 0.0000 0.9805 -0.1963
vn -0.0103 -0.5102 -0.8600
vn -0.0134 -0.4930 -0.8699
vn -0.0080 -0.2647 -0.9643
vn -0.0010 -0.3018 -0.9534
vn 0.0008 -0.4111 -0.9116
vn -0.0000 0.0642 -0.9979
vn 0.0000 0.0069 -1.0000
vn -0.0079 -0.0520 -0.9986
vn -0.0003 -0.0984 -0.9951
vn 0.0002 -0.2005 -0.9797
vn -0.0016 0.1305 -0.9914
vn -0.0077 0.1631 -0.9866
vn 0.0010 0.2372 -0.9715
vn 0.0011 0.4473 -0.8944
vn -0.0075 0.3714 -0.9284
vn -0.0014 0.3441 -0.9389
vn 0.0037 0.7269 -0.6868
vn -0.0222 0.7702 -0.6374
vn -0.0052 0.7127 -0.7015
vn -0.0000 0.6682 -0.7440
vn 0.0000 0.5623 -0.8269
vn -0.0240 0.6194 -0.7847
vn -0.0017 0.5412 -0.8409
vn -0.0000 0.9477 -0.3192
vn -0.0270 0.9665 -0.2554
vn -0.0097 0.9473 -0.3203
vn -0.0007 0.9251 -0.3797
vn 0.0024 0.8572 -0.5149
vn -0.0302 0.8953 -0.4444
vn -0.0019 0.8455 -0.5340
vn -0.0048 0.9915 -0.1299
vn -0.0225 0.9979 -0.0615
vn -0.0184 0.9990 -0.0409
vn -0.0159 0.9997 0.0166
vn -0.0172 0.9957 0.0911
vn -0.0137 0.9970 0.0763
vn 0.0000 0.9834 0.1815
vn 0.0000 0.9232 0.3844
vn -0.0093 0.9476 0.3193
vn -0.0065 0.9510 0.3092
vn -0.0000 0.9713 0.2379
vn -0.0000 0.8945 0.4472
vn -0.0082 0.8572 0.5149
vn -0.0067 0.8543 0.5197
vn -0.0000 0.6610 0.7504
vn -0.0036 0.7108 0.7034
vn -0.0088 0.7270 0.6866
vn -0.0000 0.7713 0.6365
vn 0.0000 0.8123 0.5833
vn 0.0000 0.6304 0.7763
vn -0.0062 0.5624 0.8269
vn -0.0064 0.5632 0.8263
vn -0.0000 0.3025 0.9532
vn -0.0074 0.3720 0.9282
vn -0.0072 0.3715 0.9284
vn 0.0000 0.4401 0.8980
vn -0.0000 0.4923 0.8704
vn 0.0013 0.0661 0.9978
vn -0.0062 0.1632 0.9866
vn -0.0051 0.1681 0.9858
vn 0.0000 0.2471 0.9690
vn -0.0026 -0.0375 0.9993
vn -0.0059 -0.0520 0.9986
vn 0.0000 -0.1333 0.9911
vn -0.0007 -0.2977 0.9547
vn -0.0074 -0.2648 0.9643
vn -0.0000 -0.1977 0.9803
vn 0.0005 -0.4105 0.9119
vn -0.0126 -0.4897 0.8718
vn -0.0098 -0.5083 0.8611
vn -0.0166 -0.9569 -0.2899
vn 0.0055 -0.9996 -0.0266
vn -0.0014 -0.6335 -0.7738
vn -0.0130 -0.7412 -0.6712
vn 0.0000 -1.0000 0.0000
vn 0.0000 -1.0000 0.0000
vn 0.0000 -1.0000 -0.0073
vn -0.0172 -0.9999 -0.0000
vn 0.0000 -1.0000 0.0000
vn 0.0000 -1.0000 0.0000
vn 0.0000 -1.0000 0.0000
vn 0.0000 -1.0000 0.0000
vn 0.0000 -1.0000 0.0000
vn 0.0000 -1.0000 0.0000
vn 0.0000 -1.0000 0.0000
vn -0.3384 -0.9331 -0.1219
vn 0.0000 -1.0000 0.0000
vn 0.0000 -1.0000 0.0000
vn 0.0000 -1.0000 0.0000
vn 0.0000 -1.0000 0.0000
vn 0.0000 -1.0000 0.0000
vn 0.0000 -1.0000 0.0000
vn 0.0000 -1.0000 0.0000
vn 0.0000 -1.0000 0.0000
vn 0.0000 -1.0000 0.0000
vn 0.0000 -1.0000 0.0000
vn 0.0000 -1.0000 0.0000
vn 0.0000 -1.0000 0.0000
vn 0.0000 -1.0000 0.0000
vn 0.0000 -1.0000 -0.0000
vn 0.0000 -1.0000 0.0000
vn 0.0000 -1.0000 0.0000
vn 0.0000 -1.0000 0.0000
vn -0.0000 -1.0000 0.0000
vn 0.0000 -1.0000 0.0000
vn 0.0000 -1.0000 0.0000
vn 0.0000 -1.0000 0.0000
vn 0.0000 -1.0000 0.0000
vn 0.0000 -1.0000 0.0000
vn 0.0000 -1.0000 0.0000
vn 0.0000 -1.0000 0.0000
vn 0.0000 -1.0000 0.0000
vn 0.0000 -1.0000 0.0000
vn 0.0000 -1.0000 0.0000
vn -0.0000 -1.0000 -0.0000
vn -0.0000 -1.0000 0.0000
vn 0.0000 -1.0000 0.0000
vn 0.0000 -1.0000 0.0000
vn 0.0000 -1.0000 -0.0000
vn 0.0000 -1.0000 0.0000
vn 0.0000 -1.0000 -0.0000
vn 0.0000 -1.0000 -0.0000
vn -0.0415 -0.9985 -0.0355
vn 0.0000 -1.0000 0.0000
vn 0.0000 -1.0000 0.0000
vn -0.0000 -1.0000 0.0000
vn 0.0000 -1.0000 0.0000
vn 0.0000 -1.0000 0.0000
vn 0.0000 -1.0000 0.0000
vn 0.0000 -1.0000 0.0000
vn 0.0000 -1.0000 0.0000
vn 0.0000 -1.0000 0.0000
vn 0.0000 -1.0000 -0.0000
vn 0.0000 -1.0000 -0.0000
vn 0.0000 -1.0000 0.0000
vn 0.0000 -1.0000 -0.0000
vn -0.0715 -0.9954 0.0635
vn 0.0181 -0.9996 0.0221
vn 0.0186 -0.9997 0.0167
vn 0.0182 -0.9997 0.0169
vn 0.0149 -0.9998 -0.0138
vn -0.1852 -0.9677 0.1711
vn 0.0627 -0.9980 -0.0003
vn 0.0129 -0.9997 -0.0210
vn 0.0000 -1.0000 0.0000
vn 0.0000 -1.0000 0.0000
vn 0.0000 -1.0000 0.0000
vn 0.0000 -1.0000 0.0000
vn 0.0000 -1.0000 0.0000
vn 0.0000 -1.0000 0.0000
vn -0.0000 -1.0000 0.0000
vn 0.0000 -1.0000 0.0000
vn 0.0000 -1.0000 0.0000
vn 0.0000 -1.0000 -0.0000
vn 0.0000 -1.0000 0.0000
vn 0.0000 -1.0000 0.0000
vn 0.0000 -1.0000 -0.0000
vn -0.0000 -1.0000 0.0000
vn 0.0000 -1.0000 0.0000
vn 0.0362 -0.9985 0.0419
vn 0.0475 -0.9979 -0.0436
vn 0.0410 -0.9979 -0.0497
vn -0.0000 -1.0000 0.0000
vn 0.0000 -1.0000 0.0000
vn 0.0000 -1.0000 0.0000
vn 0.0000 -1.0000 0.0000
vn 0.0000 -1.0000 0.0000
vn 0.0000 -1.0000 0.0000
vn 0.0000 -1.0000 0.0000
vn 0.0000 -1.0000 0.0000
vn 0.0000 -1.0000 -0.0000
vn 0.0000 -1.0000 0.0000
vn 0.0000 -1.0000 0.0000
vn 0.0000 -1.0000 0.0000
vn -0.0000 -1.0000 0.0000
vn 0.0000 -1.0000 0.0000
vn -0.0000 -1.0000 0.0000
vn 0.0000 -1.0000 0.0000
vn -0.0000 -1.0000 0.0000
vn 0.0000 -1.0000 0.0000
vn 0.0000 -1.0000 0.0000
vn -0.0000 -1.0000 0.0000
vn -0.0000 -1.0000 -0.0000
vn 0.0000 -1.0000 0.0000
vn 0.0000 -1.0000 0.0000
vn 0.0000 -1.0000 -0.0000
vn -0.0000 -1.0000 0.0000
vn 0.0000 -1.0000 -0.0000
vn -0.0000 -1.0000 0.0000
vn 0.0000 -1.0000 -0.0000
vn 0.0000 -1.0000 0.0000
vn 0.0000 -1.0000 0.0000
vn 0.0000 -1.0000 0.0000
vn 0.0000 -1.0000 -0.0000
vn 0.0000 -1.0000 0.0000
vn 0.0000 -1.0000 0.0000
vn 0.0000 -1.0000 -0.0000
vn 0.0000 -1.0000 -0.0000
vn 0.0000 -1.0000 0.0000
vn 0.0000 -1.0000 0.0000
vn 0.0000 -1.0000 0.0000
vn -0.9481 0.0153 0.3177
vn -0.9437 0.0088 0.3308
vn -0.9388 0.0048 0.3445
vn -0.9357 0.0029 0.3528
vn -0.9321 0.0014 0.3622
vn -0.9288 0.0006 0.3707
vn -0.9265 0.0003 0.3762
vn -0.9244 0.0001 0.3815
vn -0.9224 0.0000 0.3862
vn -0.9232 -0.0001 0.3842
vn -0.9248 -0.0002 0.3804
vn -0.9282 -0.0011 0.3720
vn -0.9323 -0.0046 0.3617
vn -0.9358 -0.0132 0.3523
vn -0.9377 -0.0449 0.3446
vn -0.9252 -0.1820 0.3331
vn -0.9833 0.0585 0.1723
vn -0.9805 0.0069 0.1962
vn -0.9813 0.0338 0.1894
vn -0.9778 0.0142 0.2089
vn -0.9734 0.0049 0.2292
vn -0.9691 0.0003 0.2466
vn -0.9453 -0.0022 0.3262
vn -0.9542 0.0287 0.2979
vn -0.9503 0.0196 0.3109
vn -1.0000 -0.0000 0.0064
vn -0.9954 0.0123 0.0951
vn -0.9929 -0.0020 0.1187
vn -0.9977 0.0215 0.0650
vn -0.9947 0.0934 0.0433
vn -0.9966 0.0325 0.0762
vn -0.9949 0.0099 -0.1005
vn -0.9961 0.0314 -0.0823
vn -0.9962 0.0555 -0.0672
vn -0.9979 0.0340 -0.0546
vn -0.9999 0.0000 -0.0157
vn -0.9694 0.0005 -0.2456
vn -0.9768 0.0122 -0.2136
vn -0.9812 0.0389 -0.1888
vn -0.9794 0.0196 -0.2008
vn -0.9891 0.0000 -0.1470
vn -0.9923 -0.0000 -0.1236
vn -0.9285 -0.1563 -0.3368
vn -0.9365 -0.0429 -0.3480
vn -0.9350 -0.0149 -0.3543
vn -0.9317 -0.0055 -0.3633
vn -0.9277 -0.0017 -0.3733
vn -0.9245 -0.0005 -0.3812
vn -0.9225 -0.0001 -0.3861
vn -0.9212 0.0000 -0.3891
vn -0.9220 0.0001 -0.3873
vn -0.9233 0.0001 -0.3842
vn -0.9261 0.0004 -0.3773
vn -0.9306 0.0013 -0.3660
vn -0.9358 0.0037 -0.3525
vn -0.9418 0.0081 -0.3361
vn -0.9471 0.0157 -0.3205
vn -0.9503 0.0221 -0.3105
vn -0.9437 0.0059 -0.3306
vn -0.9626 -0.0003 -0.2710
vn -0.2871 -0.0012 0.9579
vn -0.2817 0.0000 0.9595
vn -0.4081 0.0000 0.9130
vn -0.4081 0.0000 0.9130
vn -0.5270 0.0000 0.8498
vn -0.5270 0.0000 0.8498
vn -0.6365 0.0000 0.7713
vn -0.6365 0.0000 0.7713
vn -0.7363 0.0000 0.6766
vn -0.7360 0.0001 0.6770
vn -0.8232 -0.0001 0.5678
vn -0.8229 0.0000 0.5682
vn -0.8929 0.0000 0.4503
vn -0.8929 0.0000 0.4503
vn -0.9216 0.0000 0.3881
vn -0.9223 -0.0000 0.3865
vn -0.9207 0.0000 -0.3902
vn -0.8908 -0.0000 -0.4545
vn -0.8908 0.0000 -0.4545
vn -0.8204 -0.0000 -0.5717
vn -0.8204 -0.0000 -0.5718
vn -0.7331 0.0000 -0.6801
vn -0.7331 0.0000 -0.6801
vn -0.6329 -0.0000 -0.7742
vn -0.6329 0.0000 -0.7742
vn -0.5231 -0.0000 -0.8522
vn -0.5231 0.0000 -0.8522
vn -0.4039 -0.0000 -0.9148
vn -0.4039 0.0000 -0.9148
vn -0.2795 -0.0000 -0.9602
vn -0.2795 0.0000 -0.9602
vn -0.1968 0.9776 -0.0742
vn -0.1475 0.9884 -0.0374
vn -0.8105 0.5465 -0.2108
vn -0.7749 0.5995 -0.2004
vn -0.9645 -0.0735 -0.2535
vn -0.8480 0.4700 -0.2447
vn -0.2991 0.9505 -0.0839
vn -0.4311 0.8949 -0.1150
vn -0.8006 0.5569 -0.2209
vn -0.1985 0.9774 -0.0734
vn -0.2051 -0.5836 -0.7857
vn 0.1508 -0.5622 -0.8131
vn -0.0144 -0.8155 -0.5786
vn -0.2290 -0.8150 -0.5324
vn -0.1099 -0.4999 -0.8591
vn -0.2908 -0.4980 -0.8170
vn -0.2568 -0.2883 -0.9225
vn 0.9459 -0.2962 -0.1323
vn 0.9218 -0.3876 -0.0032
vn 0.9169 0.0197 -0.3987
vn 0.9775 -0.1425 -0.1558
vn 0.4715 -0.5961 -0.6499
vn 0.7379 -0.3884 0.5519
vn 0.0284 0.0799 -0.9964
vn 0.5079 -0.8559 -0.0972
vn 0.6640 -0.6214 -0.4159
vn 0.6975 -0.5682 -0.4367
vn 0.0113 0.9998 -0.0164
vn 0.0097 0.9998 -0.0171
vn 0.0056 0.9998 -0.0184
vn 0.0000 1.0000 0.0000
vn 0.0316 0.9995 0.0082
vn 0.0140 0.9998 -0.0142
vn 0.0128 0.9998 -0.0154
vn -0.9678 0.0095 -0.2517
vn -0.9673 0.0000 -0.2535
vn 0.0560 0.8013 -0.5956
vn -0.0878 0.8712 -0.4831
vn -0.7110 0.4570 -0.5345
vn -0.5531 0.5466 -0.6287
vn -0.4033 0.3910 -0.8273
vn -0.3261 0.8225 -0.4659
vn 0.0467 0.4270 -0.9030
vn 0.0449 0.4286 -0.9024
vn 0.2108 -0.5466 -0.8104
vn -0.7175 -0.6707 -0.1881
vn -0.9530 -0.1650 -0.2540
vn -0.9365 -0.2413 -0.2545
vn -0.9172 -0.3195 -0.2381
vn -0.8564 -0.4609 -0.2328
vn -0.5940 -0.7880 -0.1622
vn -0.6734 -0.7182 -0.1755
vn -0.0344 -0.9993 -0.0139
vn -0.4325 -0.8943 -0.1150
vn -0.4389 -0.8908 -0.1172
vn -0.1601 -0.9863 -0.0393
vn -0.1803 -0.9826 -0.0440
vn 0.9259 -0.1658 0.3396
vn 0.8188 -0.4579 0.3462
vn 0.5559 -0.7527 0.3527
vn 0.5529 -0.8204 0.1459
vn 0.2339 -0.9574 0.1695
vn 0.8980 0.0037 -0.4399
vn 0.9178 0.0099 -0.3968
vn 0.2633 -0.9628 0.0605
vn 0.2552 -0.9651 0.0581
vn 0.2294 -0.9719 0.0520
vn 0.6015 -0.7838 0.1543
vn 0.5534 -0.8204 0.1440
vn 0.8324 -0.5120 0.2122
vn 0.8659 -0.4465 0.2253
vn 0.8187 -0.5330 0.2136
vn 0.9573 -0.1511 0.2466
vn 0.9597 -0.1316 0.2482
vn 0.5300 -0.8480 -0.0041
vn 0.6678 -0.7232 0.1762
vn 0.7152 -0.6720 0.1922
vn 0.9080 0.3382 0.2473
vn 0.9450 -0.3271 -0.0075
vn 0.9523 0.3026 0.0403
vn 1.0000 -0.0098 -0.0018
vn 0.9897 -0.1410 -0.0243
vn 0.9765 0.2020 0.0755
vn 0.9772 -0.1999 -0.0714
vn 0.9996 0.0077 0.0257
vn 0.9949 -0.0960 -0.0324
vn 0.9986 -0.0520 -0.0057
vn 0.8682 -0.4314 -0.2453
vn 0.8090 -0.5445 -0.2215
vn 0.1308 -0.8557 -0.5007
vn 0.1311 -0.8553 -0.5013
vn 0.0281 -0.1906 -0.9813
vn -0.0914 -0.4618 -0.8823
vn 0.1416 -0.3649 -0.9202
vn 0.1271 -0.3249 -0.9372
vn 0.7514 0.6148 -0.2394
vn 0.3655 -0.5433 -0.7558
vn 0.4785 -0.6195 -0.6223
vn 0.5067 -0.5926 -0.6261
vn 0.7582 -0.3706 -0.5365
vn 0.7313 -0.5726 -0.3707
vn -0.0810 0.9967 -0.0036
vn -0.0546 0.9985 0.0024
vn 0.0000 1.0000 0.0000
vn 0.0000 1.0000 0.0000
vn 0.0000 1.0000 0.0000
vn 0.0000 1.0000 0.0000
vn 0.0000 1.0000 0.0000
vn 0.0000 1.0000 0.0000
vn -0.0825 0.9964 -0.0187
vn -0.0450 0.9990 -0.0031
vn -0.0000 1.0000 0.0000
vn 0.0000 1.0000 0.0000
vn 0.0000 1.0000 -0.0000
vn 0.0000 1.0000 0.0000
vn 0.0000 1.0000 0.0000
vn 0.5238 -0.0024 -0.8519
vn 0.4210 -0.0116 -0.9070
vn -0.1724 -0.1954 -0.9655
vn -0.0554 -0.4205 -0.9056
vn -0.0795 -0.8193 -0.5678
vn -0.0764 -0.8298 -0.5528
vn -0.1893 -0.4250 -0.8852
vn -0.0798 -0.6121 -0.7867
vn -0.7235 0.5983 -0.3442
vn -0.7190 0.1382 -0.6811
vn -0.7114 0.1430 -0.6881
vn -0.7927 0.2054 -0.5740
vn -0.6787 0.6060 -0.4149
vn -0.5892 0.6880 -0.4236
vn -0.9787 0.1814 -0.0960
vn -0.6836 0.7299 -0.0010
vn -0.6537 0.7568 0.0019
vn -0.9844 0.1760 0.0065
vn -0.8681 0.4962 -0.0118
vn 0.3301 -0.7405 -0.5854
vn 0.1909 -0.9292 -0.3166
vn -0.3682 -0.7104 -0.5998
vn -0.3050 -0.5202 -0.7977
vn 0.4972 -0.8391 0.2205
vn 0.5297 -0.5171 -0.6723
vn -0.8356 -0.4020 -0.3743
vn 0.9129 0.0143 0.4080
vn 0.8186 0.0077 0.5743
vn -0.3511 -0.0032 -0.9363
vn -0.3996 0.0000 -0.9167
vn 0.9456 0.2190 0.2407
vn 0.9013 0.3615 0.2388
vn 0.7966 0.5664 0.2113
vn 0.6916 0.6959 0.1936
vn 0.4409 0.8894 0.1207
vn 0.1928 0.9794 0.0602
vn 0.3696 0.9243 0.0956
vn -0.0605 0.9979 -0.0247
vn 0.0000 1.0000 0.0000
vn 0.0000 1.0000 0.0000
vn 0.0000 1.0000 0.0000
vn 0.0000 -1.0000 0.0000
vn 0.1099 0.0134 -0.9939
vn 0.1094 0.0153 -0.9939
vn -0.0284 0.1035 -0.9942
vn 0.1613 0.0403 -0.9861
vn 0.1384 -0.1556 -0.9781
vn 0.2100 -0.0202 -0.9775
vn -0.0895 0.2154 -0.9724
vn 0.0221 0.0000 -0.9998
vn -0.0531 0.0130 -0.9985
vn -0.1100 0.0051 -0.9939
vn -0.0920 0.0015 -0.9958
vn -0.0719 -0.0260 -0.9971
vn 0.1059 -0.1032 -0.9890
vn 0.3046 -0.0032 -0.9525
vn 0.1323 -0.0845 -0.9876
vn 0.3670 -0.0932 -0.9256
vn 0.0647 -0.0352 -0.9973
vn 0.6315 -0.1099 -0.7675
vn 0.1788 -0.2360 -0.9551
vn 0.2248 -0.2628 -0.9383
vn 0.2672 -0.0010 -0.9636
vn 0.8537 0.0912 -0.5127
vn 0.8718 0.1947 -0.4496
vn 0.9729 0.1822 -0.1427
vn 0.9344 0.2830 -0.2161
vn 0.9176 0.3348 -0.2143
vn 0.8051 0.5869 0.0857
vn 0.5198 0.8472 -0.1095
vn 0.2181 0.9461 -0.2396
vn 0.4926 0.8542 -0.1663
vn 0.5848 0.6252 -0.5168
vn -0.7309 0.0025 -0.6825
vn -0.7025 -0.0080 -0.7116
vn 0.5203 0.0822 -0.8500
vn 0.4873 0.1711 -0.8563
vn 0.4745 0.0387 -0.8794
vn 0.2869 0.1957 -0.9378
vn 0.5430 0.1011 -0.8336
vn 0.5575 0.1826 -0.8098
vn 0.5850 0.0488 -0.8095
vn 0.6270 0.2020 -0.7524
vn 0.6254 0.1229 -0.7706
vn 0.6752 0.1495 -0.7223
vn 0.6525 0.1495 -0.7429
vn 0.7112 0.0931 -0.6968
vn 0.6849 0.2062 -0.6989
vn 0.6421 0.4206 -0.6409
vn 0.5499 0.6131 -0.5672
vn 0.6114 0.2819 -0.7394
vn 0.5440 0.2819 -0.7903
vn 0.5440 0.2823 -0.7902
vn 0.4470 0.2817 -0.8490
vn 0.1510 0.9523 -0.2653
vn 0.6477 0.4905 -0.5830
vn 0.5548 0.4922 -0.6708
vn 0.5475 0.5499 -0.6308
vn 0.4734 0.5504 -0.6877
vn 0.4734 0.5504 -0.6877
vn 0.4066 0.5503 -0.7293
vn 0.4179 0.3966 -0.8174
vn -0.2828 -0.4158 0.8644
vn 0.2478 0.9463 -0.2078
vn 0.3929 0.8290 -0.3980
vn 0.3564 0.8290 -0.4310
vn 0.3563 0.8291 -0.4309
vn 0.3171 0.8291 -0.4606
vn 0.3171 0.8290 -0.4606
vn 0.2769 0.8291 -0.4858
vn 0.2906 0.7918 -0.5373
vn 0.1381 0.9805 -0.1400
vn 0.1253 0.9805 -0.1516
vn 0.1252 0.9805 -0.1515
vn 0.1115 0.9805 -0.1619
vn 0.1115 0.9805 -0.1620
vn 0.0931 0.9804 -0.1735
vn 0.1072 0.9762 -0.1883
vn 0.0634 0.9783 -0.1971
vn 0.1633 0.9326 -0.3219
vn 0.0835 0.0099 -0.9965
vn 0.0042 -0.0101 -0.9999
vn -0.0618 0.0091 -0.9980
vn -0.5625 0.0312 -0.8262
vn -0.4714 0.0066 -0.8819
vn -0.8246 0.0065 -0.5657
vn -0.8079 0.0119 -0.5891
vn 0.1585 -0.9562 0.2463
vn 0.3988 0.0390 -0.9162
vn 0.1863 0.5609 -0.8066
vn -0.6439 0.6175 -0.4517
vn -0.2053 0.7514 -0.6271
vn 0.0696 0.4364 -0.8971
vn 0.0717 0.3870 -0.9193
vn -0.0368 0.4107 -0.9110
vn -0.0280 0.3949 -0.9183
vn -0.6716 0.5485 -0.4981
vn -0.7029 0.5228 -0.4823
vn -0.6929 0.5644 -0.4487
vn -0.4741 0.5388 -0.6964
vn -0.3557 0.2095 -0.9108
vn -0.0599 0.2500 -0.9664
vn -0.0692 0.2713 -0.9600
vn 0.2355 0.0606 -0.9700
vn 0.2401 0.1853 -0.9529
vn 0.2816 0.1118 -0.9530
vn 0.3037 0.1879 -0.9340
vn 0.2961 0.1872 -0.9366
vn 0.3477 0.2702 -0.8978
vn 0.0157 0.9807 -0.1949
vn 0.0927 0.9493 -0.3003
vn 0.0284 0.9882 -0.1506
vn 0.0582 0.9513 -0.3027
vn 0.0672 0.9513 -0.3008
vn -0.0150 0.9500 -0.3120
vn -0.0160 0.9445 -0.3281
vn 0.0347 0.8310 -0.5551
vn 0.0312 0.5818 -0.8127
vn 0.0075 0.4586 -0.8886
vn 0.0089 0.6437 -0.7652
vn 0.0599 0.2978 -0.9528
vn 0.0459 0.0983 -0.9941
vn 0.0182 0.5268 -0.8498
vn 0.1016 0.9493 -0.2975
vn 0.0380 0.9661 -0.2555
vn 0.2056 0.7856 -0.5836
vn 0.2177 0.7443 -0.6313
vn 0.3037 0.5516 -0.7768
vn 0.3147 0.4711 -0.8240
vn 0.3534 0.2362 -0.9052
vn 0.3449 0.2701 -0.8989
vn 0.3360 0.3753 -0.8639
vn 0.2495 0.2330 -0.9399
vn 0.2497 0.2364 -0.9390
vn 0.2267 0.4712 -0.8524
vn 0.2267 0.4713 -0.8523
vn 0.1709 0.7470 -0.6425
vn 0.1708 0.7440 -0.6460
vn 0.0834 0.9482 -0.3066
vn 0.0828 0.9464 -0.3121
vn 0.2458 0.2843 -0.9267
vn 0.1529 0.2926 -0.9439
vn 0.1527 0.2979 -0.9423
vn 0.1429 0.2328 -0.9620
vn 0.1409 0.4712 -0.8707
vn 0.1234 0.5825 -0.8034
vn 0.1217 0.7473 -0.6532
vn 0.0889 0.8310 -0.5491
vn 0.0643 0.9802 -0.1874
vn 0.0461 0.9438 -0.3274
vn -0.9396 -0.2411 -0.2430
vn -0.7876 -0.5795 -0.2092
vn -0.7090 -0.6802 -0.1860
vn 0.8776 -0.3154 -0.3610
vn 0.4689 -0.8475 -0.2489
vn 0.1367 -0.9843 -0.1117
vn 0.5522 -0.7293 -0.4040
vn 0.0101 -0.7760 -0.6307
vn 0.0826 -0.6574 -0.7490
vn -0.1472 -0.8346 -0.5308
vn -0.7511 -0.5771 0.3206
vn -0.7877 -0.3464 0.5094
vn -0.7869 -0.6062 0.1156
vn -0.7912 -0.6015 0.1105
vn -0.8141 -0.5750 -0.0814
vn -0.7522 -0.6498 -0.1095
vn -0.9611 0.0018 -0.2761
vn -0.9661 -0.0185 -0.2576
vn -0.9681 0.0000 -0.2504
vn -0.9681 0.0000 -0.2504
vn -0.8285 -0.2046 0.5213
vn -0.7430 -0.5179 0.4238
vn -0.5797 -0.7137 0.3933
vn -0.5613 -0.6218 0.5461
vn -0.8129 -0.5492 0.1937
vn -0.9703 -0.2253 -0.0885
vn -0.9635 0.2537 -0.0853
vn -0.7616 -0.5063 0.4044
vn -0.7997 -0.0734 0.5959
vn -0.8726 -0.2086 0.4418
vn -0.8898 -0.2516 0.3807
vn -0.9446 -0.2199 0.2436
vn -0.9595 -0.2335 0.1574
vn -0.8861 -0.4503 0.1100
vn -0.9589 -0.2457 0.1421
vn -0.2613 -0.9640 0.0487
vn -0.2381 -0.9622 0.1320
vn -0.4631 -0.8862 -0.0142
vn -0.4904 -0.8715 0.0025
vn -0.7503 -0.6593 -0.0486
vn -0.7452 -0.6646 -0.0539
vn -0.6127 -0.7859 -0.0836
vn -0.8736 -0.4709 -0.1229
vn -0.9856 -0.1509 -0.0768
vn -0.7940 -0.4399 -0.4197
vn -0.8839 -0.4556 -0.1055
vn -0.7393 -0.6591 0.1376
vn -0.6878 -0.7052 0.1720
vn -0.5284 -0.8360 0.1476
vn -0.4565 -0.8568 0.2397
vn -0.4051 -0.8776 0.2561
vn 0.0144 -0.9999 -0.0005
vn 0.0028 -1.0000 -0.0045
vn 0.0030 -1.0000 -0.0044
vn 0.0032 -1.0000 -0.0043
vn 0.0037 -1.0000 -0.0040
vn 0.0035 -1.0000 -0.0041
vn 0.0036 -1.0000 -0.0040
vn 0.0034 -1.0000 -0.0041
vn -0.2144 -0.2483 0.9447
vn -0.2283 -0.5055 0.8321
vn -0.2405 -0.6562 0.7152
vn -0.3708 -0.0761 0.9256
vn 0.0644 -0.2098 0.9756
vn -0.6567 -0.2425 0.7141
vn -0.0774 -0.3601 0.9297
vn 0.3514 -0.1493 0.9243
vn 0.3283 -0.1768 0.9279
vn -0.1168 -0.2557 0.9597
vn 0.1785 -0.2871 0.9411
vn -0.0686 -0.5216 0.8504
vn -0.4090 0.5827 -0.7023
vn -0.2420 -0.6533 0.7174
vn 0.4465 0.8160 0.3671
vn 0.5007 -0.1611 0.8505
vn 0.3942 -0.3929 0.8308
vn 0.1688 -0.5576 0.8128
vn 0.2933 -0.5353 0.7921
vn 0.0440 -0.6806 0.7314
vn 0.0017 -0.6818 0.7315
vn -0.1155 -0.7530 0.6478
vn 0.9923 0.1186 -0.0355
vn 0.7013 -0.1711 0.6920
vn 0.5794 -0.2460 0.7770
vn 0.5255 -0.3870 0.7577
vn 0.3642 -0.5198 0.7728
vn 0.6053 -0.4108 0.6818
vn 0.3287 -0.6955 0.6389
vn 0.3970 -0.6724 0.6247
vn 0.1362 -0.8379 0.5286
vn 0.3413 -0.8152 0.4679
vn 0.0025 -0.8961 0.4439
vn -0.0429 -0.9258 0.3756
vn -0.8978 -0.3848 0.2140
vn -0.3046 -0.8026 0.5129
vn 0.8670 -0.0882 0.4904
vn 0.7954 -0.1954 0.5737
vn 0.7457 -0.4775 0.4646
vn 0.7636 -0.4599 0.4531
vn 0.6437 -0.6164 0.4534
vn 0.5566 -0.7529 0.3511
vn 0.5480 -0.7574 0.3551
vn 0.2970 -0.8942 0.3349
vn 0.2310 -0.9572 0.1742
vn 0.0133 -0.9805 0.1960
vn 0.9684 -0.0303 0.2474
vn 0.9679 -0.0237 0.2503
vn 0.9702 0.0201 0.2413
vn 0.9685 -0.0044 0.2489
vn 0.0049 -1.0000 0.0058
vn 0.0057 -1.0000 0.0056
vn -0.0010 -1.0000 0.0046
vn -0.0012 -1.0000 0.0046
vn -0.0092 -1.0000 0.0037
vn 0.0000 -1.0000 -0.0000
vn 0.0405 -0.9992 0.0025
vn -0.0005 -0.9997 0.0234
vn 0.7552 -0.1275 0.6429
vn 0.8840 -0.3708 0.2849
vn 0.3873 -0.7213 0.5743
vn 0.7730 -0.3042 0.5568
vn 0.7645 -0.1212 0.6331
vn 0.0032 -1.0000 -0.0037
vn 0.0134 -0.9994 0.0330
vn 0.0921 -0.9943 -0.0542
vn 0.0030 -0.9994 -0.0330
vn -0.0354 -0.9993 -0.0141
vn 0.0731 -0.9973 0.0020
vn 0.0519 -0.9986 0.0098
vn 0.0259 -0.9994 0.0234
vn 0.1222 -0.9893 -0.0798
vn 0.0381 -0.9992 -0.0094
vn 0.0601 -0.9982 -0.0026
vn 0.0215 -0.9998 0.0060
vn 0.0333 -0.9994 -0.0127
vn 0.0354 -0.9993 -0.0116
vn 0.0157 -0.9996 0.0213
vn 0.0264 -0.9996 -0.0116
vn 0.0118 -0.9998 -0.0182
vn 0.0341 -0.9994 -0.0035
vn -0.0004 -1.0000 0.0042
vn 0.0269 -0.9996 0.0041
vn 0.0090 -0.9997 0.0221
vn -0.0296 -0.9983 0.0497
vn 0.0077 -0.9999 0.0070
vn 0.0429 -0.9988 -0.0221
vn 0.1782 -0.9809 0.0776
vn 0.3850 -0.8262 0.4113
vn 0.2065 -0.8930 0.4000
vn 0.3081 -0.5348 0.7869
vn 0.2601 -0.4024 0.8777
vn 0.5887 -0.2154 0.7791
vn 0.5488 -0.7298 0.4077
vn 0.5467 -0.7279 0.4138
vn 0.5467 -0.4159 0.7267
vn 0.8349 -0.4370 0.3346
vn 0.7923 -0.5559 0.2515
vn 0.8713 -0.4898 0.0323
vn 0.8066 -0.5909 -0.0166
vn 0.9619 -0.0152 -0.2730
vn 0.9623 -0.0107 -0.2719
vn 0.8162 0.0174 -0.5776
vn 0.7943 0.0412 -0.6061
vn 0.6291 0.0000 -0.7773
vn 0.4354 0.0000 -0.9002
vn 0.4056 0.0160 -0.9139
vn -0.1030 0.0088 -0.9946
vn -0.0200 0.0403 -0.9990
vn 0.1520 -0.0169 -0.9882
vn 0.0379 0.0497 -0.9980
vn -0.0051 0.0078 -1.0000
vn -0.2707 -0.1241 -0.9546
vn 0.1430 -0.0008 -0.9897
vn 0.0557 0.0275 -0.9981
vn 0.0198 0.0000 -0.9998
vn 0.1317 0.0000 -0.9913
vn 0.1317 0.0000 -0.9913
vn 0.2449 0.0000 -0.9695
vn 0.2449 0.0000 -0.9695
vn 0.3542 0.0000 -0.9352
vn 0.3498 -0.0135 -0.9367
vn 0.4033 0.0011 -0.9151
vn -0.5934 -0.1667 -0.7874
vn -0.0249 -0.1082 -0.9938
vn 0.3769 0.1408 -0.9155
vn 0.2190 0.0803 -0.9724
vn -0.1052 0.2459 -0.9636
vn -0.2876 0.0000 -0.9577
vn -0.1735 0.0000 -0.9848
vn -0.1758 0.0015 -0.9844
vn -1.0000 0.0000 0.0051
vn -0.9993 -0.0373 -0.0092
vn -0.9999 -0.0114 -0.0121
vn -0.9974 0.0390 -0.0600
vn -0.7466 -0.0741 0.6611
vn -0.6510 0.0000 0.7591
vn 0.1102 -0.0000 0.9939
vn -0.0908 -0.0790 0.9927
vn 0.1703 -0.0815 0.9820
vn 0.3768 0.0000 0.9263
vn 0.8744 -0.0000 0.4852
vn 0.7397 -0.0856 0.6675
vn 0.9876 -0.0681 0.1417
vn 0.9786 -0.0904 0.1850
vn 0.9101 -0.0790 -0.4069
vn 0.9121 -0.0819 -0.4016
vn 0.5046 -0.0766 -0.8599
vn 0.5434 -0.0944 -0.8342
vn 0.3231 -0.0963 -0.9415
vn 0.0911 0.0000 -0.9958
vn -0.6349 0.0000 -0.7726
vn -0.3753 -0.0885 -0.9227
vn -0.5191 -0.1031 -0.8485
vn -0.7424 0.0000 -0.6700
vn -0.9970 0.0000 0.0771
vn -0.9578 -0.1104 -0.2655
vn -0.9904 -0.1352 0.0299
vn -0.9496 -0.0327 0.3118
vn 0.6069 0.0462 -0.7934
vn 0.7937 0.0087 -0.6083
vn 0.8376 0.0096 -0.5462
vn 0.8404 0.0076 -0.5420
vn 0.4073 -0.0949 -0.9084
vn 0.9385 -0.2705 -0.2146
vn -0.4570 -0.0694 -0.8868
vn -0.4638 -0.0709 -0.8831
vn 0.0525 -0.4009 -0.9146
vn 0.3600 -0.4623 -0.8104
vn 0.9190 0.0176 -0.3939
vn 0.9114 0.0357 -0.4099
vn 0.2865 -0.2862 0.9144
vn 0.5238 0.0536 -0.8501
vn 0.3138 0.0032 -0.9495
vn 0.7616 0.0652 -0.6447
vn 0.8868 -0.0572 -0.4586
vn 0.9781 0.0291 -0.2060
vn 0.9676 0.0346 0.2502
vn 0.9624 0.0032 0.2715
vn 0.9447 -0.2858 0.1608
vn 0.9697 0.0204 0.2436
vn 0.9897 -0.0035 -0.1429
vn 0.9948 0.0010 -0.1022
vn 0.8746 -0.0018 -0.4849
vn 0.8573 0.0000 -0.5149
vn 0.7970 0.0000 -0.6040
vn 0.3841 0.0000 -0.9233
vn 0.4068 -0.0036 -0.9135
vn 0.4022 -0.0046 -0.9155
vn 0.4350 -0.0001 -0.9004
vn 0.3234 0.0000 -0.9463
vn 0.3129 -0.0023 -0.9498
vn 0.2979 0.0000 -0.9546
vn 0.2276 0.0000 -0.9738
vn 0.2158 -0.0024 -0.9764
vn 0.2000 0.0000 -0.9798
vn 0.0440 0.0079 -0.9990
vn 0.0162 0.0061 -0.9998
vn 0.0062 0.0060 -1.0000
vn -0.0071 0.0066 -1.0000
vn -0.0153 0.0079 -0.9999
vn -0.0071 0.0057 -1.0000
vn 0.0101 0.0000 -0.9999
vn 0.1288 0.0000 -0.9917
vn 0.1165 -0.0024 -0.9932
vn 0.1010 0.0000 -0.9949
vn 0.0165 0.0000 -0.9999
vn 0.0130 0.0025 -0.9999
vn 0.8802 0.0920 -0.4656
vn 0.8562 0.0074 -0.5166
vn 0.8601 0.0162 -0.5098
vn 0.8603 0.0165 -0.5095
vn 0.8559 0.0114 -0.5170
vn 0.8398 0.0000 -0.5429
vn 0.7143 0.0001 -0.6998
vn 0.7151 0.0000 -0.6990
vn 0.7322 -0.0100 -0.6810
vn 0.7496 0.0000 -0.6619
vn 0.7970 0.0000 -0.6040
vn 0.6301 0.0005 -0.7765
vn 0.6600 -0.0027 -0.7512
vn 0.6599 -0.0028 -0.7514
vn 0.6829 -0.0002 -0.7305
vn 0.5857 -0.0009 -0.8105
vn 0.5812 -0.0020 -0.8137
vn 0.5458 0.0000 -0.8379
vn 0.4286 -0.0005 -0.9035
vn 0.4965 0.0008 -0.8680
vn 0.5412 0.0186 -0.8407
vn 0.4897 -0.0006 -0.8719
vn 0.3833 0.1042 -0.9177
vn 0.4738 -0.0255 -0.8803
vn 0.5209 -0.0677 -0.8509
vn 0.9266 0.0230 -0.3754
vn 0.9181 0.0330 -0.3949
vn 0.5077 0.0379 -0.8607
vn 0.5457 0.0230 -0.8377
vn 0.1251 0.0213 -0.9919
vn 0.0910 0.0303 -0.9954
vn -0.3542 -0.0078 -0.9351
vn -0.3768 0.0000 -0.9263
vn -0.6492 0.0000 -0.7606
vn -0.7419 0.0351 -0.6695
vn -0.9457 0.0182 -0.3244
vn -0.9630 0.0360 -0.2669
vn -0.9957 0.0172 0.0910
vn -0.9921 0.0243 0.1228
vn -0.8602 0.0293 0.5091
vn -0.8718 0.0215 0.4893
vn -0.5454 0.0234 0.8378
vn -0.5457 0.0233 0.8377
vn -0.1451 0.0218 0.9892
vn -0.0910 0.0353 0.9952
vn 0.1922 0.0077 0.9813
vn 0.3763 0.0502 0.9251
vn 0.7012 0.0072 0.7130
vn 0.7422 0.0239 0.6698
vn 0.9768 0.0087 0.2142
vn 0.9806 0.0169 0.1955
vn -0.4699 -0.7931 -0.3875
vn -0.6290 -0.7552 -0.1844
vn -0.2797 -0.8265 -0.4886
vn -0.3174 -0.7796 -0.5398
vn -0.2671 -0.0365 -0.9630
vn -0.2551 -0.0682 -0.9645
vn -0.0267 -0.9996 0.0115
vn 0.0071 -0.9976 -0.0685
vn 0.0063 -0.9976 -0.0685
vn -0.0276 -0.9979 -0.0578
vn 0.0007 -1.0000 -0.0072
vn -0.0452 -0.9988 -0.0204
vn -0.0013 -1.0000 0.0019
vn -0.0024 -1.0000 0.0012
vn -0.0313 -0.9995 -0.0046
vn -0.0382 -0.9992 0.0065
vn -0.0029 -1.0000 -0.0072
vn -0.0084 -0.9999 -0.0076
vn -0.0261 -0.9996 -0.0095
vn 0.0016 -0.9990 0.0442
vn -0.0333 -0.4048 -0.9138
vn -0.0354 -0.9994 0.0043
vn -0.0696 -0.9588 0.2753
vn -0.0000 -1.0000 0.0000
vn 0.0000 -1.0000 0.0000
vn -0.0884 -0.9582 0.2722
vn -0.0290 -0.9996 -0.0058
vn 0.1008 -0.9942 -0.0369
vn 0.0470 -0.9963 -0.0721
vn 0.0271 -0.9967 -0.0772
vn 0.0780 -0.9960 -0.0438
vn -0.0020 -0.9977 -0.0677
vn -0.0254 -0.9997 0.0031
vn -0.0250 -0.9997 -0.0069
vn 0.0374 -0.9859 -0.1629
vn -0.7773 -0.3483 0.5240
vn -0.8146 -0.0000 0.5801
vn -0.8255 0.0016 0.5644
vn -0.9256 0.0016 0.3784
vn -0.9022 -0.0014 0.4313
vn -0.9950 -0.0028 -0.0995
vn -0.9921 0.0005 -0.1255
vn -0.9979 -0.0030 0.0644
vn -0.9894 0.0011 0.1454
vn -0.9622 -0.0019 0.2725
vn -0.0923 -0.9896 0.1108
vn -0.0814 -0.9895 0.1190
vn -0.0927 -0.9912 0.0946
vn -0.1470 -0.9733 0.1763
vn -0.4916 -0.7277 0.4783
vn -0.3844 -0.8146 0.4343
vn -0.3280 -0.8812 0.3405
vn -0.1600 -0.9699 0.1836
vn -0.6482 -0.4523 0.6125
vn -0.6286 -0.4100 0.6609
vn -0.6950 -0.2641 0.6688
vn -0.6402 -0.2645 0.7212
vn -0.7038 -0.0916 0.7044
vn -0.7065 -0.0810 0.7030
vn -0.6805 -0.0453 0.7313
vn -0.6627 -0.0573 0.7467
vn -0.6595 -0.0394 0.7507
vn -0.6279 -0.0527 0.7765
vn -0.5078 -0.1048 0.8551
vn -0.5008 -0.1307 0.8557
vn -0.4879 -0.0369 0.8721
vn -0.3961 -0.2330 0.8882
vn -0.2264 -0.7682 0.5988
vn -0.1867 -0.9070 0.3775
vn -0.0481 -0.9910 0.1249
vn -0.5749 -0.2641 0.7744
vn -0.5407 -0.2641 0.7987
vn -0.5596 -0.0602 0.8266
vn -0.5348 -0.0259 0.8446
vn -0.6057 -0.0439 0.7945
vn -0.6299 -0.0439 0.7754
vn -0.6081 -0.2642 0.7486
vn -0.6404 -0.2642 0.7212
vn -0.5633 -0.5294 0.6343
vn -0.5988 -0.5293 0.6011
vn -0.5057 -0.5294 0.6812
vn -0.4571 -0.5787 0.6754
vn -0.5405 -0.2644 0.7987
vn -0.4892 -0.2642 0.8312
vn -0.4864 -0.2444 0.8389
vn -0.3675 -0.2506 0.8956
vn -0.3358 -0.7502 0.5696
vn -0.3359 -0.7493 0.5707
vn -0.2084 -0.9117 0.3540
vn -0.2108 -0.9070 0.3645
vn -0.0759 -0.9875 0.1384
vn -0.0751 -0.9895 0.1231
vn -0.0864 -0.9896 0.1153
vn -0.0862 -0.9888 0.1216
vn -0.2435 -0.9071 0.3434
vn -0.2435 -0.9070 0.3435
vn -0.3831 -0.7493 0.5402
vn -0.3831 -0.7492 0.5403
vn -0.4908 -0.5292 0.6922
vn -0.4237 -0.5290 0.7353
vn -0.4237 -0.5496 0.7200
vn -0.5291 -0.5686 0.6300
vn -0.3867 -0.4795 0.7878
vn -0.1543 -0.9734 0.1695
vn -0.1631 -0.9754 0.1486
vn -0.2725 -0.9071 0.3208
vn -0.3992 -0.8147 0.4207
vn -0.4288 -0.7493 0.5047
vn -0.5385 -0.5552 0.6339
vn -0.5350 -0.5294 0.6584
vn -0.6082 -0.2640 0.7486
vn -0.5749 -0.2640 0.7744
vn -0.5949 -0.0641 0.8013
vn -0.5763 -0.0055 0.8172
vn 0.8794 -0.0095 0.4760
vn 0.8661 -0.0193 0.4995
vn 0.6381 -0.0289 0.7694
vn 0.6906 -0.0108 0.7232
vn 0.4102 0.0100 0.9119
vn 0.3523 -0.0108 0.9358
vn -0.2065 -0.0034 0.9784
vn 0.1207 -0.0178 0.9925
vn 0.0641 0.0027 0.9979
vn -0.1684 -0.0181 0.9855
vn -0.3903 -0.0132 0.9206
vn -0.3265 -0.0001 0.9452
vn -0.3904 0.0034 0.9206
vn -0.3051 -0.1294 0.9435
vn -0.4116 -0.0360 0.9107
vn 0.3192 0.2837 -0.9042
vn -0.3393 -0.1195 0.9331
vn 0.5488 -0.8062 0.2212
vn 0.5839 -0.7660 0.2690
vn 0.4599 -0.8591 0.2246
vn -0.1044 -0.9569 0.2710
vn 0.2106 -0.5612 0.8004
vn 0.3110 -0.4252 0.8500
vn -0.1785 -0.7545 0.6316
vn -0.2132 -0.5297 0.8209
vn -0.1786 -0.5102 0.8413
vn -0.2830 -0.5574 0.7805
vn -0.0923 -0.5579 0.8248
vn 0.2543 -0.2590 0.9318
vn -0.4289 -0.2318 0.8731
vn -0.2127 -0.3164 0.9245
vn -0.3981 -0.3548 0.8459
vn -0.2750 -0.3857 0.8807
vn -0.1409 -0.2759 0.9508
vn -0.1686 -0.3023 0.9382
vn 0.0091 -0.0973 0.9952
vn 0.7368 -0.4179 0.5315
vn 0.5471 -0.6817 0.4857
vn 0.2450 -0.8563 0.4547
vn -0.3750 -0.1160 0.9197
vn -0.3649 -0.1151 0.9239
vn -0.3653 -0.1147 0.9238
vn -0.3225 -0.2617 0.9097
vn -0.1748 -0.1342 0.9754
vn -0.2979 -0.1628 0.9406
vn -0.2486 -0.0550 0.9670
vn 0.2011 -0.8066 0.5558
vn 0.2822 -0.7229 0.6308
vn 0.6892 -0.0934 0.7185
vn 0.4055 -0.3740 0.8341
vn 0.2793 -0.1708 0.9449
vn -0.0046 -0.2079 0.9781
vn 0.1202 -0.0957 0.9881
vn -0.2417 -0.0806 0.9670
vn -0.1682 0.0540 0.9843
vn 0.0186 -0.3646 0.9310
vn 0.0100 -0.1257 0.9920
vn -0.0093 -0.2160 0.9763
vn 0.0106 -0.5269 0.8499
vn 0.0201 -0.5523 0.8334
vn 0.0193 -0.5337 0.8455
vn -0.0301 -0.7729 0.6338
vn 0.0236 -0.9169 0.3983
vn 0.0215 -0.9348 0.3545
vn 0.0451 -0.9679 0.2472
vn 0.0400 -0.9941 0.1010
vn 0.0381 -0.9926 0.1153
vn -0.1169 -0.2068 0.9714
vn -0.0120 -0.9952 0.0974
vn -0.0396 -0.9738 0.2237
vn -0.0314 -0.9358 0.3511
vn -0.0577 -0.8815 0.4686
vn -0.0604 -0.7721 0.6327
vn -0.0606 -0.7729 0.6316
vn -0.0944 -0.6342 0.7674
vn -0.0910 -0.4707 0.8776
vn -0.1037 -0.5278 0.8430
vn -0.1189 -0.2276 0.9665
vn -0.1164 -0.2163 0.9694
vn -0.2185 -0.2024 0.9546
vn -0.0507 -0.9737 0.2219
vn -0.0507 -0.9738 0.2218
vn -0.1053 -0.8815 0.4603
vn -0.1053 -0.8815 0.4602
vn -0.1416 -0.7725 0.6190
vn -0.1416 -0.7726 0.6189
vn -0.1725 -0.6342 0.7537
vn -0.1725 -0.6342 0.7537
vn -0.1968 -0.4713 0.8597
vn -0.1968 -0.4711 0.8598
vn -0.2172 -0.2274 0.9493
vn -0.2172 -0.2276 0.9492
vn -0.3138 -0.1995 0.9283
vn -0.3117 -0.2273 0.9226
vn -0.3125 -0.2322 0.9211
vn -0.2833 -0.4712 0.8353
vn -0.2835 -0.5245 0.8028
vn -0.2466 -0.6342 0.7328
vn -0.2161 -0.7722 0.5976
vn -0.0764 -0.9577 0.2775
vn -0.0731 -0.9738 0.2156
vn -0.0972 -0.9531 0.2867
vn -0.1377 -0.8817 0.4513
vn -0.2165 -0.7517 0.6229
vn 0.0779 -0.4054 0.9108
vn 0.0923 -0.8312 0.5483
vn 0.1654 -0.4870 0.8576
vn 0.1504 -0.5398 0.8282
vn 0.0932 -0.8312 0.5481
vn 0.0757 -0.4036 0.9118
vn 0.0999 -0.1712 0.9802
vn 0.3643 0.0397 0.9304
vn 0.3458 0.0263 0.9379
vn 0.6027 -0.0219 0.7977
vn 0.7307 0.0314 0.6820
vn 0.7974 0.0000 0.6035
vn 0.9283 0.0000 0.3720
vn 0.9417 0.0169 0.3362
vn 0.9977 0.0145 -0.0656
vn 0.9988 -0.0336 0.0370
vn 0.0000 1.0000 0.0000
vn 0.0000 1.0000 0.0000
vn 0.0000 1.0000 -0.0000
vn 0.0000 1.0000 0.0000
vn 0.0000 1.0000 -0.0000
vn 0.0000 1.0000 0.0000
vn 0.0000 1.0000 0.0000
vn 0.0000 1.0000 0.0000
vn 0.0000 1.0000 0.0000
vn 0.0000 1.0000 0.0000
vn 0.0000 1.0000 0.0000
vn 0.0000 1.0000 0.0000
vn 0.0000 1.0000 0.0000
vn -0.0000 1.0000 0.0000
vn 0.0000 1.0000 0.0000
vn 0.0000 1.0000 -0.0000
vn 0.0000 1.0000 0.0000
vn 0.0000 1.0000 0.0000
vn 0.0000 1.0000 0.0000
vn 0.0000 1.0000 0.0000
vn 0.0000 1.0000 0.0000
vn 0.0000 1.0000 0.0000
vn 0.0000 1.0000 0.0000
vn 0.0000 1.0000 0.0000
vn 0.0000 1.0000 0.0000
vn 0.0000 1.0000 0.0000
vn 0.0000 1.0000 0.0000
vn 0.0000 1.0000 0.0000
vn 0.0000 1.0000 0.0000
vn 0.0000 1.0000 0.0000
vn 0.0000 1.0000 -0.0000
vn 0.0000 1.0000 0.0000
vn 1.0000 0.0000 -0.0087
vn 1.0000 0.0000 -0.0087
vn 0.2907 0.9568 -0.0070
vn 0.0942 0.9956 -0.0008
vn 0.1106 0.9938 0.0053
vn 0.2955 0.9553 -0.0089
vn 0.6205 0.7841 0.0140
vn 0.5610 0.8254 0.0641
vn 0.8310 0.5515 0.0727
vn 0.7801 0.6256 -0.0056
vn 0.9788 0.2046 -0.0085
vn 0.9815 0.1917 0.0011
vn 0.0113 0.9995 -0.0289
vn 0.0000 1.0000 0.0000
vn 0.0000 1.0000 -0.0000
vn 0.0000 1.0000 0.0000
vn 0.0000 1.0000 -0.0000
vn 0.0000 1.0000 -0.0000
vn 0.0000 1.0000 0.0000
vn 0.0000 1.0000 -0.0000
vn 0.0000 1.0000 0.0000
vn 0.0000 1.0000 -0.0000
vn 0.0000 1.0000 0.0000
vn 0.0000 1.0000 -0.0000
vn 0.0000 1.0000 0.0000
vn 0.0000 1.0000 -0.0000
vn 0.0000 1.0000 0.0000
vn 0.0000 1.0000 -0.0000
vn 0.0000 1.0000 0.0000
vn 0.0000 1.0000 -0.0000
vn 0.0000 1.0000 0.0000
vn 0.0000 1.0000 -0.0000
vn 0.0000 1.0000 0.0000
vn 0.0000 1.0000 -0.0000
vn -0.4694 0.1801 -0.8644
vn -0.0520 0.9937 -0.0992
vn -0.1186 0.9389 -0.3232
vn -0.1207 0.9472 -0.2970
vn -0.4829 0.2079 -0.8507
vn -0.4029 0.4936 -0.7707
vn -0.4111 0.5139 -0.7529
vn -0.2943 0.7817 -0.5498
vn -0.2763 0.7180 -0.6388
vn -0.2488 0.8569 -0.4515
vn -0.4772 0.0000 -0.8788
vn -0.6075 0.0710 -0.7912
vn 0.0560 0.9984 0.0123
vn -0.1358 0.9870 -0.0855
vn 0.0000 1.0000 0.0000
vn 0.0000 1.0000 0.0000
vn -0.2415 0.9643 -0.1091
vn 0.0084 0.9983 -0.0575
vn 0.1181 0.9929 -0.0124
vn 0.0000 1.0000 0.0000
vn 0.0000 1.0000 0.0000
vn 0.0000 1.0000 0.0000
vn 0.0000 1.0000 0.0000
vn 0.0000 1.0000 0.0000
vn -0.0265 0.9995 0.0157
vn -0.0265 0.9995 0.0157
vn -0.0258 0.9989 0.0386
vn 0.0000 1.0000 0.0000
vn 0.0000 1.0000 0.0000
vn 0.0000 1.0000 -0.0000
vn 0.0000 1.0000 0.0000
vn 0.0000 1.0000 -0.0000
vn -0.0000 1.0000 0.0000
vn 0.0000 1.0000 0.0000
vn 0.0000 1.0000 0.0000
vn 0.0165 0.9999 0.0023
vn 0.0041 1.0000 -0.0070
vn 0.0098 0.9999 -0.0040
vn -0.0164 0.9996 0.0249
vn 0.0042 1.0000 -0.0048
vn 0.0055 1.0000 -0.0037
vn 0.0056 1.0000 -0.0036
vn -0.1090 0.9936 -0.0314
vn 0.0021 0.9997 -0.0249
vn -0.0000 1.0000 0.0000
vn -0.0000 1.0000 0.0000
vn -0.2442 -0.0365 -0.9690
vn -0.4563 0.0166 -0.8897
vn -0.7613 -0.0735 -0.6442
vn -0.7702 -0.0728 -0.6336
vn -0.6807 -0.0219 -0.7322
vn -0.9745 -0.0224 -0.2231
vn -0.9601 -0.0427 -0.2764
vn -0.9481 0.0244 0.3172
vn -0.9955 -0.0658 0.0678
vn -0.6870 -0.5054 0.5220
vn -0.5331 -0.7508 0.3899
vn -0.2470 -0.9482 0.1996
vn -0.5484 -0.7624 0.3435
vn -0.5589 -0.7507 0.3522
vn -0.7570 -0.4496 0.4743
vn -0.5775 -0.7624 0.2918
vn -0.5828 -0.7810 0.2246
vn -0.8646 0.0001 0.5025
vn -0.8695 -0.0007 0.4939
vn -0.8728 -0.0015 0.4880
vn -0.8733 -0.0017 0.4872
vn -0.8705 -0.0000 0.4922
vn -0.8947 -0.0367 0.4451
vn -0.9222 -0.0572 0.3824
vn -0.9051 0.0100 0.4250
vn -0.9192 0.0156 0.3934
vn -0.9277 -0.0022 0.3734
vn -0.9388 0.0270 0.3433
vn -0.8521 -0.0144 0.5232
vn -0.8561 -0.0171 0.5166
vn -0.8346 0.0000 0.5509
vn 0.0360 0.0924 0.9951
vn -0.0047 0.0000 1.0000
vn -0.0114 -0.0097 0.9999
vn -0.0259 -0.0409 0.9988
vn -0.0120 -0.0268 0.9996
vn -0.0174 -0.0354 0.9992
vn -0.0346 -0.0729 0.9967
vn -0.5744 -0.1030 0.8120
vn 0.0449 0.0005 0.9990
vn 0.0478 0.0000 0.9989
vn 0.0780 0.0000 0.9970
vn 0.1014 -0.0312 0.9944
vn 0.1273 0.0000 0.9919
vn 0.1787 0.0000 0.9839
vn 0.1745 -0.0061 0.9846
vn 0.0726 -0.0959 0.9927
vn -0.0047 0.0000 1.0000
vn -0.0850 0.0000 0.9964
vn -0.0969 0.0011 0.9953
vn -0.1008 0.0000 0.9949
vn -0.1900 0.0000 0.9818
vn -0.1950 0.0005 0.9808
vn -0.1970 0.0000 0.9804
vn -0.2845 0.0000 0.9587
vn -0.2913 0.0008 0.9566
vn -0.2942 0.0000 0.9557
vn -0.4003 0.0019 0.9164
vn -0.3845 0.0049 0.9231
vn -0.3329 -0.0057 0.9429
vn -0.3774 0.0000 0.9261
vn -0.4882 0.0000 0.8727
vn -0.5105 0.0171 0.8597
vn -0.5172 -0.0093 0.8558
vn -0.4850 -0.0011 0.8745
vn -0.4740 0.0023 0.8805
vn -0.4223 -0.0010 0.9065
vn -0.4278 -0.0009 0.9039
vn -0.7552 0.3423 0.5590
vn -0.4761 0.0000 0.8794
vn -0.5350 0.0000 0.8449
vn -0.5588 0.0028 0.8293
vn -0.6600 0.0000 0.7513
vn -0.6288 0.0040 0.7775
vn -0.6381 0.0017 0.7700
vn -0.6063 0.0000 0.7952
vn -0.5763 -0.0000 0.8172
vn -0.7475 0.0256 0.6637
vn -0.7014 0.0000 0.7128
vn -0.7068 0.0013 0.7074
vn -0.6812 0.0000 0.7321
vn -0.8288 -0.0028 0.5596
vn -0.8389 0.0000 0.5443
vn -0.7772 0.0000 0.6292
vn -0.7639 -0.0120 0.6452
vn -0.8003 -0.0043 0.5996
vn -0.7111 -0.0025 0.7031
f 1430//1 1426//1 1349//1
f 1430//2 1349//2 1358//2
f 582//3 986//3 583//3
f 582//4 453//4 581//4
f 986//5 987//5 583//5
f 583//6 987//6 1092//6
f 583//7 1092//7 702//7
f 702//8 1092//8 1093//8
f 804//9 986//9 701//9
f 701//10 986//10 582//10
f 701//11 582//11 580//11
f 580//12 582//12 581//12
f 900//13 805//13 988//13
f 988//14 805//14 702//14
f 988//15 702//15 1093//15
f 988//16 1093//16 1094//16
f 450//17 205//17 449//17
f 449//18 205//18 153//18
f 449//19 153//19 448//19
f 258//20 207//20 206//20
f 153//21 152//21 204//21
f 360//22 448//22 301//22
f 301//23 448//23 153//23
f 301//24 153//24 257//24
f 257//25 153//25 204//25
f 451//26 452//26 361//26
f 361//27 258//27 451//27
f 451//28 258//28 206//28
f 451//29 206//29 579//29
f 579//30 206//30 205//30
f 579//31 205//31 578//31
f 578//32 205//32 450//32
f 446//33 256//33 203//33
f 201//34 255//34 202//34
f 202//35 255//35 299//35
f 202//36 299//36 358//36
f 447//37 359//37 446//37
f 446//38 359//38 300//38
f 446//39 300//39 256//39
f 203//40 151//40 446//40
f 446//41 151//41 150//41
f 446//42 150//42 445//42
f 445//43 150//43 149//43
f 445//44 149//44 577//44
f 577//45 149//45 202//45
f 577//46 202//46 576//46
f 576//47 202//47 358//47
f 576//48 358//48 444//48
f 899//49 442//49 985//49
f 985//50 442//50 574//50
f 985//51 574//51 984//51
f 984//52 574//52 573//52
f 984//53 573//53 1091//53
f 1091//54 573//54 699//54
f 1091//55 699//55 1090//55
f 699//56 802//56 898//56
f 1089//57 1090//57 1088//57
f 1088//58 1090//58 699//58
f 1088//59 699//59 983//59
f 983//60 699//60 898//60
f 575//61 443//61 700//61
f 700//62 443//62 442//62
f 700//63 442//63 803//63
f 803//64 442//64 899//64
f 1505//65 1776//65 1442//65
f 1505//66 1579//66 1675//66
f 1776//67 1676//67 1442//67
f 1442//68 1676//68 1580//68
f 1442//69 1580//69 1379//69
f 1379//70 1580//70 1506//70
f 1862//71 1776//71 1861//71
f 1861//72 1776//72 1505//72
f 1861//73 1505//73 1775//73
f 1775//74 1505//74 1675//74
f 1381//75 1380//75 1382//75
f 1382//76 1380//76 1379//76
f 1382//77 1379//77 1383//77
f 1383//78 1379//78 1506//78
f 1383//79 1506//79 1443//79
f 2275//80 2312//80 2353//80
f 2353//81 2312//81 2400//81
f 2400//82 2312//82 2352//82
f 2400//83 2352//83 2440//83
f 2120//84 2201//84 2275//84
f 2352//85 2399//85 2439//85
f 2484//86 2440//86 2483//86
f 2483//87 2440//87 2352//87
f 2483//88 2352//88 2482//88
f 2482//89 2352//89 2439//89
f 2276//90 2202//90 2121//90
f 2121//91 2120//91 2276//91
f 2276//92 2120//92 2275//92
f 2276//93 2275//93 2313//93
f 2313//94 2275//94 2353//94
f 2932//95 2931//95 2958//95
f 2897//96 2797//96 2796//96
f 3014//97 3060//97 2958//97
f 2958//98 3060//98 3061//98
f 3061//99 3015//99 2958//99
f 2958//100 3015//100 2959//100
f 2958//101 2959//101 2932//101
f 2851//102 2799//102 2897//102
f 2897//103 2799//103 2798//103
f 2897//104 2798//104 2797//104
f 2932//105 2898//105 2931//105
f 2931//106 2898//106 2897//106
f 2931//107 2897//107 2896//107
f 2896//108 2897//108 2796//108
f 2896//109 2796//109 2850//109
f 3814//110 4020//110 4102//110
f 3745//111 3813//111 3874//111
f 4103//112 4104//112 4102//112
f 4102//113 4104//113 4021//113
f 4102//114 4021//114 4022//114
f 4022//115 3955//115 4102//115
f 4102//116 3955//116 3875//116
f 4102//117 3875//117 3814//117
f 3676//118 3744//118 3745//118
f 3745//119 3744//119 3743//119
f 3745//120 3743//120 3813//120
f 3814//121 3745//121 4020//121
f 4020//122 3745//122 3874//122
f 4020//123 3874//123 3954//123
f 4107//124 4106//124 4406//124
f 4406//125 4106//125 4405//125
f 4406//126 4407//126 4107//126
f 4107//127 4407//127 4408//127
f 4107//128 4408//128 4409//128
f 4106//129 4105//129 4179//129
f 4347//130 4405//130 4290//130
f 4290//131 4405//131 4106//131
f 4290//132 4106//132 4233//132
f 4233//133 4106//133 4179//133
f 4234//134 4180//134 4291//134
f 4291//135 4180//135 4107//135
f 4291//136 4107//136 4348//136
f 4348//137 4107//137 4409//137
f 4108//138 4349//138 4410//138
f 4350//139 4293//139 4412//139
f 4412//140 4293//140 4236//140
f 4236//141 4182//141 4412//141
f 4412//142 4182//142 4110//142
f 4412//143 4110//143 4109//143
f 4181//144 4235//144 4108//144
f 4108//145 4235//145 4292//145
f 4108//146 4292//146 4349//146
f 4412//147 4109//147 4108//147
f 4412//148 4108//148 4411//148
f 4411//149 4108//149 4410//149
f 4024//150 3746//150 4114//150
f 4114//151 3746//151 3815//151
f 4114//152 3815//152 4113//152
f 3815//153 3876//153 3956//153
f 3746//154 4024//154 3957//154
f 3746//155 3957//155 3877//155
f 3678//156 3677//156 3747//156
f 3747//157 3677//157 3746//157
f 3747//158 3746//158 3816//158
f 3816//159 3746//159 3877//159
f 4112//160 4113//160 4111//160
f 4111//161 4113//161 3815//161
f 4111//162 3815//162 4023//162
f 4023//163 3815//163 3956//163
f 3446//164 3558//164 3559//164
f 3447//165 3407//165 3494//165
f 3494//166 3407//166 3366//166
f 3494//167 3366//167 3365//167
f 3365//168 3364//168 3494//168
f 3494//169 3364//169 3363//169
f 3494//170 3363//170 3406//170
f 3477//171 3520//171 3446//171
f 3446//172 3520//172 3557//172
f 3446//173 3557//173 3558//173
f 3406//174 3446//174 3494//174
f 3494//175 3446//175 3521//175
f 3521//176 3446//176 3559//176
f 3521//177 3559//177 3560//177
f 2900//178 2899//178 2934//178
f 2934//179 2899//179 2961//179
f 2961//180 2899//180 2933//180
f 2961//181 2933//181 3017//181
f 2900//182 2934//182 2901//182
f 2900//183 2901//183 2852//183
f 2852//184 2901//184 2853//184
f 2933//185 2960//185 3016//185
f 3064//186 3017//186 3063//186
f 3063//187 3017//187 2933//187
f 3063//188 2933//188 3062//188
f 3062//189 2933//189 3016//189
f 2801//190 2800//190 2802//190
f 2802//191 2800//191 2852//191
f 2802//192 2852//192 2803//192
f 2803//193 2852//193 2853//193
f 2401//194 2487//194 2442//194
f 2205//195 2204//195 2278//195
f 2278//196 2204//196 2122//196
f 2278//197 2122//197 2203//197
f 2441//198 2485//198 2401//198
f 2401//199 2485//199 2486//199
f 2401//200 2486//200 2487//200
f 2442//201 2402//201 2401//201
f 2401//202 2402//202 2355//202
f 2401//203 2355//203 2354//203
f 2354//204 2355//204 2315//204
f 2354//205 2315//205 2314//205
f 2314//206 2315//206 2278//206
f 2314//207 2278//207 2203//207
f 2314//208 2203//208 2277//208
f 1863//209 1582//209 1777//209
f 1777//210 1582//210 1508//210
f 1777//211 1508//211 1677//211
f 1677//212 1508//212 1446//212
f 1677//213 1446//213 1581//213
f 1581//214 1446//214 1445//214
f 1445//215 1386//215 1385//215
f 1507//216 1581//216 1444//216
f 1444//217 1581//217 1445//217
f 1444//218 1445//218 1384//218
f 1384//219 1445//219 1385//219
f 1778//220 1678//220 1865//220
f 1865//221 1678//221 1582//221
f 1865//222 1582//222 1864//222
f 1864//223 1582//223 1863//223
f 1305//224 1308//224 1301//224
f 1301//225 1308//225 1358//225
f 1301//226 1358//226 1300//226
f 1300//227 1358//227 1349//227
f 1164//228 1160//228 1247//228
f 1247//229 1160//229 1157//229
f 1247//230 1157//230 1243//230
f 1247//231 1243//231 1299//231
f 1247//232 1299//232 1306//232
f 1306//233 1299//233 1348//233
f 1306//234 1348//234 1355//234
f 1355//235 1348//235 1425//235
f 1355//236 1425//236 1429//236
f 1429//237 1425//237 1426//237
f 1429//238 1426//238 1430//238
f 3572//239 3576//239 3569//239
f 3569//240 3576//240 3509//240
f 3569//241 3509//241 3536//241
f 3536//242 3509//242 3500//242
f 3647//243 3643//243 3578//243
f 3578//244 3643//244 3599//244
f 3578//245 3599//245 3570//245
f 3578//246 3570//246 3537//246
f 3578//247 3537//247 3542//247
f 3542//248 3537//248 3503//248
f 3542//249 3503//249 3512//249
f 3512//250 3503//250 3502//250
f 3512//251 3502//251 3511//251
f 3511//252 3502//252 3501//252
f 3511//253 3501//253 3510//253
f 3510//254 3501//254 3500//254
f 3510//255 3500//255 3509//255
f 2426//256 2413//256 2379//256
f 2426//257 2379//257 2387//257
f 2387//258 2379//258 2378//258
f 2387//259 2378//259 2386//259
f 2380//260 2384//260 2376//260
f 2376//261 2384//261 2386//261
f 2376//262 2386//262 2377//262
f 2377//263 2386//263 2378//263
f 2510//264 2507//264 2511//264
f 2511//265 2507//265 2501//265
f 2511//266 2501//266 2502//266
f 2511//267 2502//267 2503//267
f 2511//268 2503//268 2512//268
f 2512//269 2503//269 2513//269
f 2503//270 2504//270 2513//270
f 2513//271 2504//271 2455//271
f 2513//272 2455//272 2463//272
f 2463//273 2455//273 2413//273
f 2463//274 2413//274 2426//274
f 761//275 764//275 855//275
f 855//276 764//276 953//276
f 855//277 953//277 945//277
f 863//278 859//278 1057//278
f 1057//279 859//279 944//279
f 1057//280 944//280 1048//280
f 1057//281 1048//281 1154//281
f 1057//282 1154//282 1161//282
f 1161//283 1154//283 1155//283
f 1161//284 1155//284 1162//284
f 1162//285 1155//285 1156//285
f 1162//286 1156//286 1163//286
f 1163//287 1156//287 1050//287
f 1163//288 1050//288 1060//288
f 1060//289 1050//289 945//289
f 1060//290 945//290 953//290
f 2863//291 2865//291 2862//291
f 2862//292 2865//292 2864//292
f 2862//293 2864//293 2861//293
f 2861//294 2864//294 2860//294
f 2724//295 2720//295 2658//295
f 2658//296 2720//296 2717//296
f 2658//297 2717//297 2650//297
f 2658//298 2650//298 2716//298
f 2658//299 2716//299 2722//299
f 2722//300 2716//300 2715//300
f 2722//301 2715//301 2721//301
f 2721//302 2715//302 2754//302
f 2721//303 2754//303 2757//303
f 2757//304 2754//304 2812//304
f 2757//305 2812//305 2818//305
f 2818//306 2812//306 2860//306
f 2818//307 2860//307 2864//307
f 1657//308 1426//308 3503//308
f 1426//309 1425//309 3503//309
f 3503//310 1425//310 3502//310
f 1048//311 944//311 1151//311
f 2754//312 2715//312 1657//312
f 1657//313 2715//313 2716//313
f 1657//314 2716//314 1915//314
f 2379//315 1155//315 2378//315
f 2378//316 1155//316 1154//316
f 2378//317 1154//317 2377//317
f 2379//318 2413//318 1155//318
f 1155//319 2413//319 3482//319
f 3482//320 2413//320 2455//320
f 3482//321 2455//321 2504//321
f 2502//322 2501//322 2649//322
f 3846//323 3766//323 3570//323
f 3570//324 3766//324 3713//324
f 3570//325 3713//325 3537//325
f 3537//326 3713//326 3639//326
f 3570//327 3599//327 3712//327
f 3714//328 3767//328 3642//328
f 2650//329 2717//329 2543//329
f 1426//330 1657//330 1349//330
f 1349//331 1657//331 1492//331
f 1349//332 1492//332 1300//332
f 651//333 945//333 1050//333
f 651//334 1050//334 3502//334
f 3502//335 1050//335 1156//335
f 1151//336 1298//336 1048//336
f 1048//337 1298//337 1424//337
f 1048//338 1424//338 1154//338
f 1154//339 1424//339 1647//339
f 1154//340 1647//340 1906//340
f 2649//341 2811//341 2502//341
f 2502//342 2811//342 2981//342
f 2502//343 2981//343 2503//343
f 2503//344 2981//344 3130//344
f 2503//345 3130//345 3266//345
f 2812//346 2754//346 3640//346
f 2543//347 2414//347 2650//347
f 2650//348 2414//348 2256//348
f 2650//349 2256//349 2716//349
f 2716//350 2256//350 2057//350
f 2716//351 2057//351 1915//351
f 3536//352 3500//352 3482//352
f 3482//353 3500//353 3501//353
f 3482//354 3501//354 1155//354
f 1155//355 3501//355 1156//355
f 1156//356 3501//356 3502//356
f 1299//357 651//357 1348//357
f 1348//358 651//358 3502//358
f 1348//359 3502//359 1425//359
f 1243//360 1157//360 947//360
f 1906//361 2017//361 1154//361
f 1154//362 2017//362 2173//362
f 1154//363 2173//363 2377//363
f 2504//364 2503//364 3482//364
f 3482//365 2503//365 3391//365
f 3391//366 2503//366 3266//366
f 3712//367 3845//367 3570//367
f 3570//368 3845//368 3907//368
f 3570//369 3907//369 3908//369
f 3570//370 3908//370 3979//370
f 2861//371 2860//371 3641//371
f 3641//372 2860//372 3640//372
f 3640//373 2860//373 2812//373
f 3640//374 2754//374 1657//374
f 3640//375 1657//375 3639//375
f 3639//376 1657//376 3503//376
f 3639//377 3503//377 3537//377
f 3642//378 3571//378 3714//378
f 3714//379 3571//379 3504//379
f 3714//380 3504//380 3641//380
f 3641//381 3504//381 3426//381
f 3641//382 3426//382 3320//382
f 947//383 856//383 1243//383
f 1243//384 856//384 759//384
f 1243//385 759//385 1299//385
f 1299//386 759//386 652//386
f 1299//387 652//387 651//387
f 3979//388 3980//388 3570//388
f 3570//389 3980//389 3909//389
f 3570//390 3909//390 3846//390
f 3320//391 3180//391 3641//391
f 3641//392 3180//392 2982//392
f 3641//393 2982//393 2861//393
f 945//394 651//394 650//394
f 945//395 650//395 758//395
f 945//396 758//396 855//396
f 3912//397 3913//397 3846//397
f 3846//398 3913//398 3773//398
f 3846//399 3773//399 3766//399
f 3777//400 3772//400 3721//400
f 3721//401 3772//401 3767//401
f 3721//402 3767//402 3714//402
f 3721//403 3714//403 3641//403
f 3721//404 3641//404 3650//404
f 3650//405 3641//405 3640//405
f 3650//406 3640//406 3649//406
f 3649//407 3640//407 3639//407
f 3649//408 3639//408 3648//408
f 3648//409 3639//409 3713//409
f 3648//410 3713//410 3719//410
f 3719//411 3713//411 3766//411
f 3719//412 3766//412 3773//412
f 1104//413 1112//413 1201//413
f 1104//414 1201//414 1194//414
f 1194//415 1201//415 1202//415
f 1194//416 1202//416 1195//416
f 3685//417 3693//417 3692//417
f 3685//418 3692//418 3684//418
f 2636//419 2640//419 2602//419
f 2636//420 2602//420 2597//420
f 2597//421 2602//421 2601//421
f 2597//422 2601//422 2596//422
f 986//423 976//423 977//423
f 986//424 977//424 987//424
f 987//425 977//425 1081//425
f 987//426 1081//426 1092//426
f 1092//427 1081//427 1082//427
f 1092//428 1082//428 1093//428
f 1093//429 1082//429 1083//429
f 1093//430 1083//430 1094//430
f 1094//431 1083//431 978//431
f 1094//432 978//432 988//432
f 988//433 978//433 895//433
f 988//434 895//434 900//434
f 900//435 895//435 799//435
f 900//436 799//436 805//436
f 805//437 799//437 696//437
f 805//438 696//438 702//438
f 702//439 696//439 572//439
f 702//440 572//440 583//440
f 583//441 572//441 571//441
f 583//442 571//442 582//442
f 582//443 571//443 440//443
f 582//444 440//444 453//444
f 453//445 440//445 570//445
f 453//446 570//446 581//446
f 581//447 570//447 569//447
f 581//448 569//448 580//448
f 580//449 569//449 695//449
f 580//450 695//450 701//450
f 701//451 695//451 798//451
f 701//452 798//452 804//452
f 804//453 798//453 976//453
f 804//454 976//454 986//454
f 451//455 438//455 439//455
f 451//456 439//456 452//456
f 452//457 439//457 356//457
f 452//458 356//458 361//458
f 361//459 356//459 254//459
f 361//460 254//460 258//460
f 258//461 254//461 197//461
f 258//462 197//462 207//462
f 207//463 197//463 196//463
f 207//464 196//464 206//464
f 206//465 196//465 195//465
f 206//466 195//466 205//466
f 205//467 195//467 146//467
f 205//468 146//468 153//468
f 153//469 146//469 145//469
f 153//470 145//470 152//470
f 152//471 145//471 194//471
f 152//472 194//472 204//472
f 194//473 193//473 204//473
f 204//474 193//474 253//474
f 204//475 253//475 257//475
f 257//476 253//476 297//476
f 257//477 297//477 301//477
f 301//478 297//478 355//478
f 301//479 355//479 360//479
f 360//480 355//480 435//480
f 360//481 435//481 448//481
f 448//482 435//482 436//482
f 448//483 436//483 449//483
f 449//484 436//484 437//484
f 449//485 437//485 450//485
f 450//486 437//486 567//486
f 450//487 567//487 578//487
f 578//488 567//488 568//488
f 578//489 568//489 579//489
f 579//490 568//490 438//490
f 579//491 438//491 451//491
f 577//492 566//492 432//492
f 577//493 432//493 445//493
f 445//494 432//494 433//494
f 445//495 433//495 446//495
f 446//496 433//496 434//496
f 446//497 434//497 447//497
f 447//498 434//498 354//498
f 296//499 300//499 354//499
f 354//500 300//500 359//500
f 354//501 359//501 447//501
f 300//502 296//502 248//502
f 300//503 248//503 256//503
f 256//504 248//504 190//504
f 256//505 190//505 203//505
f 190//506 189//506 203//506
f 203//507 189//507 140//507
f 203//508 140//508 151//508
f 151//509 140//509 139//509
f 151//510 139//510 150//510
f 150//511 139//511 138//511
f 150//512 138//512 149//512
f 149//513 138//513 188//513
f 149//514 188//514 202//514
f 202//515 188//515 187//515
f 202//516 187//516 201//516
f 201//517 187//517 247//517
f 201//518 247//518 255//518
f 255//519 247//519 295//519
f 255//520 295//520 299//520
f 299//521 295//521 353//521
f 299//522 353//522 358//522
f 358//523 353//523 431//523
f 358//524 431//524 444//524
f 444//525 431//525 565//525
f 444//526 565//526 576//526
f 576//527 565//527 566//527
f 576//528 566//528 577//528
f 985//529 975//529 894//529
f 985//530 894//530 899//530
f 899//531 894//531 797//531
f 899//532 797//532 803//532
f 803//533 797//533 694//533
f 803//534 694//534 700//534
f 700//535 694//535 575//535
f 575//536 694//536 564//536
f 564//537 563//537 575//537
f 575//538 563//538 430//538
f 575//539 430//539 443//539
f 443//540 430//540 429//540
f 443//541 429//541 442//541
f 442//542 429//542 562//542
f 442//543 562//543 574//543
f 574//544 562//544 561//544
f 574//545 561//545 573//545
f 573//546 561//546 693//546
f 573//547 693//547 699//547
f 699//548 693//548 796//548
f 796//549 898//549 802//549
f 796//550 802//550 699//550
f 796//551 893//551 898//551
f 898//552 893//552 973//552
f 898//553 973//553 983//553
f 1080//554 1091//554 1079//554
f 1079//555 1091//555 1090//555
f 1079//556 1090//556 1089//556
f 1079//557 1089//557 1078//557
f 1078//558 1089//558 1088//558
f 1078//559 1088//559 1077//559
f 1077//560 1088//560 983//560
f 1077//561 983//561 973//561
f 1091//562 1080//562 974//562
f 1091//563 974//563 984//563
f 984//564 974//564 975//564
f 984//565 975//565 985//565
f 1776//566 1772//566 1671//566
f 1776//567 1671//567 1676//567
f 1676//568 1671//568 1575//568
f 1676//569 1575//569 1580//569
f 1506//570 1580//570 1502//570
f 1502//571 1580//571 1575//571
f 1506//572 1502//572 1443//572
f 1443//573 1502//573 1437//573
f 1369//574 1379//574 1380//574
f 1443//575 1437//575 1373//575
f 1443//576 1373//576 1383//576
f 1383//577 1373//577 1372//577
f 1383//578 1372//578 1382//578
f 1382//579 1372//579 1371//579
f 1382//580 1371//580 1381//580
f 1381//581 1371//581 1370//581
f 1381//582 1370//582 1380//582
f 1380//583 1370//583 1369//583
f 1379//584 1369//584 1436//584
f 1379//585 1436//585 1442//585
f 1442//586 1436//586 1501//586
f 1442//587 1501//587 1505//587
f 1579//588 1505//588 1574//588
f 1574//589 1505//589 1501//589
f 1579//590 1574//590 1675//590
f 1675//591 1574//591 1670//591
f 1675//592 1670//592 1771//592
f 1675//593 1771//593 1775//593
f 1775//594 1771//594 1855//594
f 1775//595 1855//595 1861//595
f 1861//596 1855//596 1856//596
f 1861//597 1856//597 1862//597
f 1862//598 1856//598 1776//598
f 1776//599 1856//599 1772//599
f 2272//600 2276//600 2309//600
f 2309//601 2276//601 2313//601
f 2276//602 2272//602 2195//602
f 2276//603 2195//603 2202//603
f 2202//604 2195//604 2194//604
f 2202//605 2194//605 2121//605
f 2194//606 2117//606 2121//606
f 2121//607 2117//607 2116//607
f 2121//608 2116//608 2120//608
f 2120//609 2116//609 2193//609
f 2120//610 2193//610 2201//610
f 2201//611 2193//611 2192//611
f 2201//612 2192//612 2275//612
f 2275//613 2192//613 2271//613
f 2275//614 2271//614 2308//614
f 2275//615 2308//615 2312//615
f 2312//616 2308//616 2347//616
f 2312//617 2347//617 2352//617
f 2399//618 2352//618 2394//618
f 2394//619 2352//619 2347//619
f 2394//620 2435//620 2399//620
f 2399//621 2435//621 2439//621
f 2439//622 2435//622 2475//622
f 2439//623 2475//623 2482//623
f 2482//624 2475//624 2476//624
f 2477//625 2484//625 2476//625
f 2476//626 2484//626 2483//626
f 2476//627 2483//627 2482//627
f 2484//628 2477//628 2436//628
f 2484//629 2436//629 2440//629
f 2440//630 2436//630 2395//630
f 2440//631 2395//631 2400//631
f 2400//632 2395//632 2348//632
f 2400//633 2348//633 2353//633
f 2353//634 2348//634 2309//634
f 2353//635 2309//635 2313//635
f 2932//636 2927//636 2892//636
f 2932//637 2892//637 2898//637
f 2898//638 2892//638 2891//638
f 2898//639 2891//639 2897//639
f 2897//640 2891//640 2846//640
f 2897//641 2846//641 2851//641
f 2851//642 2846//642 2791//642
f 2851//643 2791//643 2799//643
f 2789//644 2797//644 2790//644
f 2790//645 2797//645 2798//645
f 2790//646 2798//646 2799//646
f 2790//647 2799//647 2791//647
f 2797//648 2789//648 2796//648
f 2789//649 2788//649 2796//649
f 2796//650 2788//650 2845//650
f 2796//651 2845//651 2850//651
f 2850//652 2845//652 2890//652
f 2850//653 2890//653 2896//653
f 2896//654 2890//654 2926//654
f 2896//655 2926//655 2931//655
f 2931//656 2926//656 2954//656
f 2931//657 2954//657 2958//657
f 2958//658 2954//658 3008//658
f 3055//659 3060//659 3008//659
f 3008//660 3060//660 3014//660
f 3008//661 3014//661 2958//661
f 3060//662 3055//662 3056//662
f 3060//663 3056//663 3061//663
f 3061//664 3056//664 3009//664
f 3061//665 3009//665 3015//665
f 3015//666 3009//666 2955//666
f 3015//667 2955//667 2959//667
f 2959//668 2955//668 2927//668
f 2959//669 2927//669 2932//669
f 3814//670 3806//670 3736//670
f 3814//671 3736//671 3745//671
f 3676//672 3745//672 3669//672
f 3669//673 3745//673 3736//673
f 3676//674 3669//674 3744//674
f 3744//675 3669//675 3735//675
f 3744//676 3735//676 3734//676
f 3744//677 3734//677 3743//677
f 3743//678 3734//678 3813//678
f 3734//679 3805//679 3813//679
f 3813//680 3805//680 3874//680
f 3805//681 3869//681 3874//681
f 3874//682 3869//682 3948//682
f 3874//683 3948//683 3954//683
f 3954//684 3948//684 4014//684
f 3954//685 4014//685 4020//685
f 4020//686 4014//686 4087//686
f 4020//687 4087//687 4102//687
f 4102//688 4087//688 4103//688
f 4103//689 4087//689 4088//689
f 4090//690 4104//690 4089//690
f 4089//691 4104//691 4103//691
f 4089//692 4103//692 4088//692
f 3806//693 3814//693 3875//693
f 4104//694 4090//694 4015//694
f 4104//695 4015//695 4021//695
f 4021//696 4015//696 4016//696
f 4021//697 4016//697 4022//697
f 4022//698 4016//698 3949//698
f 4022//699 3949//699 3955//699
f 3955//700 3949//700 3870//700
f 3955//701 3870//701 3875//701
f 3875//702 3870//702 3806//702
f 4106//703 4092//703 4091//703
f 4106//704 4091//704 4105//704
f 4105//705 4091//705 4179//705
f 4091//706 4175//706 4179//706
f 4179//707 4175//707 4228//707
f 4179//708 4228//708 4233//708
f 4233//709 4228//709 4290//709
f 4228//710 4282//710 4290//710
f 4290//711 4282//711 4338//711
f 4290//712 4338//712 4347//712
f 4347//713 4338//713 4391//713
f 4347//714 4391//714 4405//714
f 4405//715 4391//715 4392//715
f 4405//716 4392//716 4406//716
f 4406//717 4392//717 4393//717
f 4406//718 4393//718 4407//718
f 4407//719 4393//719 4394//719
f 4407//720 4394//720 4408//720
f 4408//721 4394//721 4395//721
f 4408//722 4395//722 4409//722
f 4409//723 4395//723 4339//723
f 4409//724 4339//724 4348//724
f 4348//725 4339//725 4283//725
f 4348//726 4283//726 4291//726
f 4291//727 4283//727 4229//727
f 4291//728 4229//728 4234//728
f 4234//729 4229//729 4176//729
f 4234//730 4176//730 4180//730
f 4180//731 4176//731 4093//731
f 4180//732 4093//732 4107//732
f 4107//733 4093//733 4092//733
f 4107//734 4092//734 4106//734
f 4109//735 4095//735 4094//735
f 4109//736 4094//736 4108//736
f 4108//737 4094//737 4177//737
f 4108//738 4177//738 4181//738
f 4181//739 4177//739 4230//739
f 4181//740 4230//740 4235//740
f 4344//741 4349//741 4286//741
f 4286//742 4349//742 4292//742
f 4286//743 4292//743 4235//743
f 4286//744 4235//744 4230//744
f 4349//745 4344//745 4410//745
f 4344//746 4399//746 4410//746
f 4410//747 4399//747 4400//747
f 4410//748 4400//748 4411//748
f 4411//749 4400//749 4401//749
f 4411//750 4401//750 4412//750
f 4412//751 4401//751 4402//751
f 4412//752 4402//752 4350//752
f 4402//753 4345//753 4350//753
f 4350//754 4345//754 4293//754
f 4345//755 4287//755 4293//755
f 4293//756 4287//756 4231//756
f 4293//757 4231//757 4236//757
f 4236//758 4231//758 4182//758
f 4182//759 4231//759 4178//759
f 4182//760 4178//760 4096//760
f 4182//761 4096//761 4110//761
f 4110//762 4096//762 4095//762
f 4110//763 4095//763 4109//763
f 4114//764 4100//764 4018//764
f 4114//765 4018//765 4024//765
f 4024//766 4018//766 3951//766
f 4024//767 3951//767 3957//767
f 3957//768 3951//768 3872//768
f 3957//769 3872//769 3877//769
f 3877//770 3872//770 3808//770
f 3877//771 3808//771 3816//771
f 3816//772 3808//772 3738//772
f 3816//773 3738//773 3747//773
f 3747//774 3738//774 3671//774
f 3747//775 3671//775 3678//775
f 3678//776 3671//776 3670//776
f 3678//777 3670//777 3677//777
f 3677//778 3670//778 3737//778
f 3677//779 3737//779 3746//779
f 3746//780 3737//780 3807//780
f 3746//781 3807//781 3815//781
f 3815//782 3807//782 3871//782
f 3815//783 3871//783 3876//783
f 3876//784 3871//784 3950//784
f 3876//785 3950//785 3956//785
f 3956//786 3950//786 4017//786
f 3956//787 4017//787 4023//787
f 4023//788 4017//788 4097//788
f 4023//789 4097//789 4111//789
f 4111//790 4097//790 4098//790
f 4111//791 4098//791 4112//791
f 4112//792 4098//792 4113//792
f 4100//793 4114//793 4099//793
f 4099//794 4114//794 4113//794
f 4099//795 4113//795 4098//795
f 3406//796 3403//796 3444//796
f 3406//797 3444//797 3446//797
f 3519//798 3521//798 3560//798
f 3477//799 3446//799 3475//799
f 3475//800 3446//800 3444//800
f 3477//801 3475//801 3520//801
f 3520//802 3475//802 3491//802
f 3520//803 3491//803 3518//803
f 3520//804 3518//804 3552//804
f 3520//805 3552//805 3557//805
f 3557//806 3552//806 3553//806
f 3557//807 3553//807 3558//807
f 3558//808 3553//808 3554//808
f 3558//809 3554//809 3559//809
f 3559//810 3554//810 3555//810
f 3559//811 3555//811 3560//811
f 3560//812 3555//812 3519//812
f 3521//813 3519//813 3492//813
f 3521//814 3492//814 3494//814
f 3494//815 3492//815 3445//815
f 3494//816 3445//816 3447//816
f 3447//817 3445//817 3404//817
f 3447//818 3404//818 3407//818
f 3407//819 3404//819 3362//819
f 3407//820 3362//820 3366//820
f 3366//821 3362//821 3361//821
f 3366//822 3361//822 3365//822
f 3365//823 3361//823 3360//823
f 3365//824 3360//824 3364//824
f 3364//825 3360//825 3359//825
f 3364//826 3359//826 3363//826
f 3363//827 3359//827 3403//827
f 3363//828 3403//828 3406//828
f 2961//829 2957//829 2929//829
f 2961//830 2929//830 2934//830
f 2934//831 2929//831 2895//831
f 2934//832 2895//832 2901//832
f 2901//833 2895//833 2848//833
f 2901//834 2848//834 2853//834
f 2894//835 2900//835 2852//835
f 2853//836 2848//836 2795//836
f 2794//837 2802//837 2795//837
f 2795//838 2802//838 2803//838
f 2795//839 2803//839 2853//839
f 2802//840 2794//840 2793//840
f 2802//841 2793//841 2801//841
f 2801//842 2793//842 2792//842
f 2801//843 2792//843 2800//843
f 2800//844 2792//844 2847//844
f 2800//845 2847//845 2852//845
f 2852//846 2847//846 2894//846
f 2900//847 2894//847 2893//847
f 2900//848 2893//848 2899//848
f 2899//849 2893//849 2928//849
f 2899//850 2928//850 2933//850
f 2933//851 2928//851 2956//851
f 2933//852 2956//852 2960//852
f 2960//853 2956//853 3010//853
f 2960//854 3010//854 3016//854
f 3010//855 3011//855 3016//855
f 3016//856 3011//856 3057//856
f 3016//857 3057//857 3062//857
f 3062//858 3057//858 3058//858
f 3062//859 3058//859 3063//859
f 3063//860 3058//860 3059//860
f 3063//861 3059//861 3064//861
f 3064//862 3059//862 3012//862
f 3064//863 3012//863 3017//863
f 3017//864 3012//864 2957//864
f 3017//865 2957//865 2961//865
f 2314//866 2310//866 2349//866
f 2314//867 2349//867 2354//867
f 2354//868 2349//868 2396//868
f 2354//869 2396//869 2401//869
f 2401//870 2396//870 2437//870
f 2478//871 2485//871 2437//871
f 2437//872 2485//872 2441//872
f 2437//873 2441//873 2401//873
f 2485//874 2478//874 2479//874
f 2485//875 2479//875 2486//875
f 2486//876 2479//876 2480//876
f 2486//877 2480//877 2487//877
f 2487//878 2480//878 2438//878
f 2487//879 2438//879 2442//879
f 2442//880 2438//880 2397//880
f 2442//881 2397//881 2402//881
f 2402//882 2397//882 2350//882
f 2402//883 2350//883 2355//883
f 2355//884 2350//884 2311//884
f 2355//885 2311//885 2315//885
f 2315//886 2311//886 2274//886
f 2315//887 2274//887 2278//887
f 2278//888 2274//888 2199//888
f 2278//889 2199//889 2205//889
f 2205//890 2199//890 2198//890
f 2205//891 2198//891 2204//891
f 2204//892 2198//892 2118//892
f 2204//893 2118//893 2122//893
f 2122//894 2118//894 2197//894
f 2122//895 2197//895 2203//895
f 2197//896 2196//896 2203//896
f 2203//897 2196//897 2273//897
f 2203//898 2273//898 2277//898
f 2277//899 2273//899 2310//899
f 2277//900 2310//900 2314//900
f 1865//901 1859//901 1774//901
f 1673//902 1678//902 1774//902
f 1774//903 1678//903 1778//903
f 1774//904 1778//904 1865//904
f 1678//905 1673//905 1577//905
f 1678//906 1577//906 1582//906
f 1582//907 1577//907 1504//907
f 1582//908 1504//908 1508//908
f 1508//909 1504//909 1440//909
f 1508//910 1440//910 1446//910
f 1446//911 1440//911 1439//911
f 1446//912 1439//912 1445//912
f 1445//913 1439//913 1377//913
f 1445//914 1377//914 1386//914
f 1386//915 1377//915 1376//915
f 1386//916 1376//916 1385//916
f 1385//917 1376//917 1375//917
f 1385//918 1375//918 1384//918
f 1384//919 1375//919 1374//919
f 1384//920 1374//920 1444//920
f 1374//921 1438//921 1444//921
f 1444//922 1438//922 1503//922
f 1444//923 1503//923 1507//923
f 1507//924 1503//924 1576//924
f 1507//925 1576//925 1581//925
f 1581//926 1576//926 1672//926
f 1581//927 1672//927 1677//927
f 1677//928 1672//928 1773//928
f 1677//929 1773//929 1777//929
f 1777//930 1773//930 1857//930
f 1777//931 1857//931 1863//931
f 1863//932 1857//932 1858//932
f 1863//933 1858//933 1864//933
f 1864//934 1858//934 1859//934
f 1864//935 1859//935 1865//935
f 656//936 761//936 855//936
f 1157//937 1160//937 947//937
f 947//938 1160//938 862//938
f 947//939 862//939 856//939
f 862//940 762//940 856//940
f 856//941 762//941 657//941
f 856//942 657//942 759//942
f 759//943 657//943 510//943
f 759//944 510//944 652//944
f 652//945 510//945 509//945
f 652//946 509//946 651//946
f 651//947 509//947 508//947
f 651//948 508//948 650//948
f 650//949 508//949 656//949
f 650//950 656//950 758//950
f 758//951 656//951 855//951
f 1308//952 1164//952 1249//952
f 1249//953 1164//953 1248//953
f 1249//954 1307//954 1308//954
f 1308//955 1307//955 1358//955
f 1358//956 1307//956 1357//956
f 1358//957 1357//957 1430//957
f 1248//958 1164//958 1247//958
f 1356//959 1355//959 1429//959
f 1356//960 1429//960 1357//960
f 1357//961 1429//961 1430//961
f 3712//962 3599//962 3643//962
f 3983//963 3912//963 3846//963
f 3643//964 3768//964 3712//964
f 3712//965 3768//965 3910//965
f 3712//966 3910//966 3845//966
f 3845//967 3910//967 3911//967
f 3845//968 3911//968 3907//968
f 3907//969 3911//969 3981//969
f 3907//970 3981//970 3908//970
f 3908//971 3981//971 4054//971
f 3908//972 4054//972 3979//972
f 3979//973 4054//973 3982//973
f 3979//974 3982//974 3980//974
f 3980//975 3982//975 3983//975
f 3980//976 3983//976 3909//976
f 3909//977 3983//977 3846//977
f 3577//978 3576//978 3602//978
f 3602//979 3576//979 3646//979
f 3576//980 3577//980 3541//980
f 3576//981 3541//981 3509//981
f 3509//982 3541//982 3510//982
f 3647//983 3578//983 3603//983
f 3647//984 3603//984 3646//984
f 3646//985 3603//985 3602//985
f 2501//986 2507//986 2544//986
f 2501//987 2544//987 2649//987
f 3538//988 3572//988 3569//988
f 2544//989 2653//989 2649//989
f 2649//990 2653//990 2813//990
f 2649//991 2813//991 2811//991
f 2811//992 2813//992 3032//992
f 2811//993 3032//993 2981//993
f 2981//994 3032//994 3131//994
f 2981//995 3131//995 3130//995
f 3130//996 3131//996 3216//996
f 3130//997 3216//997 3266//997
f 3266//998 3216//998 3427//998
f 3266//999 3427//999 3391//999
f 3391//1000 3427//1000 3538//1000
f 3391//1001 3538//1001 3482//1001
f 3482//1002 3538//1002 3569//1002
f 3482//1003 3569//1003 3536//1003
f 2462//1004 2461//1004 2510//1004
f 2510//1005 2461//1005 2423//1005
f 2510//1006 2423//1006 2384//1006
f 2384//1007 2423//1007 2424//1007
f 2384//1008 2424//1008 2386//1008
f 2386//1009 2424//1009 2385//1009
f 2387//1010 2386//1010 2425//1010
f 2387//1011 2425//1011 2426//1011
f 2513//1012 2463//1012 2512//1012
f 2510//1013 2511//1013 2462//1013
f 2376//1014 2377//1014 2173//1014
f 1151//1015 944//1015 859//1015
f 859//1016 1053//1016 1151//1016
f 1151//1017 1053//1017 1302//1017
f 1151//1018 1302//1018 1298//1018
f 1298//1019 1302//1019 1427//1019
f 1298//1020 1427//1020 1424//1020
f 1424//1021 1427//1021 1567//1021
f 1424//1022 1567//1022 1647//1022
f 1647//1023 1567//1023 1919//1023
f 1647//1024 1919//1024 1906//1024
f 1906//1025 1919//1025 2021//1025
f 1906//1026 2021//1026 2017//1026
f 2017//1027 2021//1027 2061//1027
f 2017//1028 2061//1028 2173//1028
f 2173//1029 2061//1029 2183//1029
f 2173//1030 2183//1030 2376//1030
f 2376//1031 2183//1031 2338//1031
f 2376//1032 2338//1032 2380//1032
f 1060//1033 953//1033 1059//1033
f 1060//1034 1059//1034 1163//1034
f 1161//1035 1162//1035 1058//1035
f 1161//1036 1058//1036 1057//1036
f 863//1037 951//1037 763//1037
f 763//1038 951//1038 864//1038
f 763//1039 864//1039 764//1039
f 863//1040 1057//1040 951//1040
f 864//1041 865//1041 764//1041
f 764//1042 865//1042 953//1042
f 953//1043 865//1043 952//1043
f 1305//1044 1301//1044 1354//1044
f 1354//1045 1301//1045 1428//1045
f 2720//1046 2655//1046 2717//1046
f 2717//1047 2655//1047 2613//1047
f 2717//1048 2613//1048 2543//1048
f 2613//1049 2545//1049 2543//1049
f 2543//1050 2545//1050 2383//1050
f 2543//1051 2383//1051 2414//1051
f 2414//1052 2383//1052 2259//1052
f 2414//1053 2259//1053 2256//1053
f 2256//1054 2259//1054 2022//1054
f 2256//1055 2022//1055 2057//1055
f 2057//1056 2022//1056 1920//1056
f 2057//1057 1920//1057 1915//1057
f 1915//1058 1920//1058 1661//1058
f 1915//1059 1661//1059 1657//1059
f 1657//1060 1661//1060 1428//1060
f 1657//1061 1428//1061 1492//1061
f 1492//1062 1428//1062 1301//1062
f 1492//1063 1301//1063 1300//1063
f 2865//1064 2820//1064 2864//1064
f 2864//1065 2820//1065 2819//1065
f 2864//1066 2819//1066 2818//1066
f 2818//1067 2819//1067 2757//1067
f 2723//1068 2758//1068 2724//1068
f 2724//1069 2758//1069 2865//1069
f 2865//1070 2758//1070 2821//1070
f 2865//1071 2821//1071 2820//1071
f 2721//1072 2757//1072 2722//1072
f 2658//1073 2722//1073 2723//1073
f 2658//1074 2723//1074 2724//1074
f 2862//1075 2861//1075 2982//1075
f 3642//1076 3767//1076 3772//1076
f 3772//1077 3718//1077 3642//1077
f 3642//1078 3718//1078 3575//1078
f 3642//1079 3575//1079 3571//1079
f 3571//1080 3575//1080 3508//1080
f 3571//1081 3508//1081 3504//1081
f 3504//1082 3508//1082 3466//1082
f 3504//1083 3466//1083 3426//1083
f 3426//1084 3466//1084 3321//1084
f 3426//1085 3321//1085 3320//1085
f 3320//1086 3321//1086 3181//1086
f 3320//1087 3181//1087 3180//1087
f 3180//1088 3181//1088 2982//1088
f 3181//1089 3081//1089 2982//1089
f 2982//1090 3081//1090 3033//1090
f 2982//1091 3033//1091 2862//1091
f 2862//1092 3033//1092 2863//1092
f 3721//1093 3650//1093 3649//1093
f 3720//1094 3648//1094 3719//1094
f 3777//1095 3721//1095 3776//1095
f 3777//1096 3776//1096 3848//1096
f 3848//1097 3776//1097 3775//1097
f 3848//1098 3775//1098 3913//1098
f 3774//1099 3719//1099 3773//1099
f 3774//1100 3773//1100 3913//1100
f 3774//1101 3913//1101 3848//1101
f 1353//1102 1354//1102 1428//1102
f 1920//1103 2022//1103 2654//1103
f 2654//1104 2022//1104 2259//1104
f 2259//1105 2383//1105 2654//1105
f 2654//1106 2383//1106 2545//1106
f 2654//1107 2545//1107 2613//1107
f 1353//1108 1428//1108 2654//1108
f 2654//1109 1428//1109 1661//1109
f 2654//1110 1661//1110 1920//1110
f 3694//1111 4029//1111 3687//1111
f 3687//1112 4029//1112 4025//1112
f 4121//1113 4115//1113 4116//1113
f 4025//1114 4029//1114 4123//1114
f 4025//1115 4123//1115 4117//1115
f 4117//1116 4123//1116 4122//1116
f 4117//1117 4122//1117 4116//1117
f 4116//1118 4122//1118 4121//1118
f 3879//1119 4115//1119 4121//1119
f 4121//1120 3884//1120 3879//1120
f 3879//1121 3884//1121 3761//1121
f 3879//1122 3761//1122 3756//1122
f 3761//1123 3760//1123 3756//1123
f 3756//1124 3760//1124 3755//1124
f 3693//1125 3685//1125 3760//1125
f 3760//1126 3685//1126 3755//1126
f 3684//1127 3692//1127 3628//1127
f 3631//1128 3628//1128 3692//1128
f 3628//1129 3631//1129 3527//1129
f 3628//1130 3527//1130 3523//1130
f 3523//1131 3527//1131 3453//1131
f 3523//1132 3453//1132 3449//1132
f 3449//1133 3453//1133 3413//1133
f 3449//1134 3413//1134 3408//1134
f 3408//1135 3413//1135 3372//1135
f 3408//1136 3372//1136 3368//1136
f 3368//1137 3372//1137 3373//1137
f 3368//1138 3373//1138 3369//1138
f 3237//1139 3369//1139 3243//1139
f 3243//1140 3369//1140 3373//1140
f 3025//1141 3111//1141 3019//1141
f 3019//1142 3111//1142 3108//1142
f 3069//1143 3023//1143 3018//1143
f 3018//1144 3065//1144 3069//1144
f 3069//1145 3065//1145 3066//1145
f 3069//1146 3066//1146 3070//1146
f 3070//1147 3066//1147 3108//1147
f 3070//1148 3108//1148 3111//1148
f 2855//1149 3018//1149 3023//1149
f 3023//1150 2857//1150 2855//1150
f 2855//1151 2857//1151 2712//1151
f 2855//1152 2712//1152 2709//1152
f 2636//1153 2709//1153 2640//1153
f 2640//1154 2709//1154 2712//1154
f 2640//1155 2601//1155 2602//1155
f 2596//1156 2601//1156 2568//1156
f 2570//1157 2568//1157 2601//1157
f 2568//1158 2570//1158 2406//1158
f 2568//1159 2406//1159 2403//1159
f 2403//1160 2406//1160 2208//1160
f 2403//1161 2208//1161 2206//1161
f 2130//1162 2124//1162 2206//1162
f 2130//1163 2206//1163 2208//1163
f 2124//1164 2130//1164 2131//1164
f 2124//1165 2131//1165 2125//1165
f 2279//1166 2125//1166 2281//1166
f 2281//1167 2125//1167 2131//1167
f 1995//1168 1871//1168 1993//1168
f 1993//1169 1871//1169 1867//1169
f 1684//1170 1681//1170 1780//1170
f 1684//1171 1780//1171 1782//1171
f 1782//1172 1780//1172 1866//1172
f 1782//1173 1866//1173 1870//1173
f 1870//1174 1866//1174 1867//1174
f 1870//1175 1867//1175 1871//1175
f 1390//1176 1681//1176 1684//1176
f 1684//1177 1392//1177 1390//1177
f 1390//1178 1392//1178 1197//1178
f 1390//1179 1197//1179 1190//1179
f 1190//1180 1197//1180 1198//1180
f 1190//1181 1198//1181 1191//1181
f 1191//1182 1198//1182 1106//1182
f 1191//1183 1106//1183 1101//1183
f 1101//1184 1106//1184 1107//1184
f 1101//1185 1107//1185 1102//1185
f 1102//1186 1107//1186 813//1186
f 1102//1187 813//1187 809//1187
f 809//1188 813//1188 593//1188
f 809//1189 593//1189 587//1189
f 587//1190 593//1190 594//1190
f 587//1191 594//1191 588//1191
f 588//1192 594//1192 595//1192
f 588//1193 595//1193 589//1193
f 589//1194 595//1194 707//1194
f 589//1195 707//1195 703//1195
f 1192//1196 703//1196 1199//1196
f 1199//1197 703//1197 707//1197
f 1003//1198 365//1198 998//1198
f 998//1199 365//1199 362//1199
f 362//1200 365//1200 309//1200
f 362//1201 309//1201 305//1201
f 305//1202 309//1202 310//1202
f 305//1203 310//1203 306//1203
f 306//1204 310//1204 269//1204
f 306//1205 269//1205 265//1205
f 215//1206 265//1206 269//1206
f 269//1207 223//1207 215//1207
f 215//1208 223//1208 224//1208
f 215//1209 224//1209 216//1209
f 217//1210 216//1210 225//1210
f 225//1211 216//1211 224//1211
f 226//1212 218//1212 217//1212
f 226//1213 217//1213 225//1213
f 218//1214 226//1214 227//1214
f 218//1215 227//1215 219//1215
f 219//1216 227//1216 228//1216
f 219//1217 228//1217 220//1217
f 220//1218 228//1218 270//1218
f 220//1219 270//1219 266//1219
f 266//1220 270//1220 311//1220
f 266//1221 311//1221 307//1221
f 307//1222 311//1222 366//1222
f 307//1223 366//1223 363//1223
f 999//1224 363//1224 1004//1224
f 1004//1225 363//1225 366//1225
f 1200//1226 708//1226 1193//1226
f 1193//1227 708//1227 704//1227
f 704//1228 708//1228 598//1228
f 704//1229 598//1229 590//1229
f 590//1230 598//1230 599//1230
f 590//1231 599//1231 591//1231
f 600//1232 592//1232 591//1232
f 600//1233 591//1233 599//1233
f 811//1234 592//1234 600//1234
f 600//1235 814//1235 811//1235
f 811//1236 814//1236 1111//1236
f 811//1237 1111//1237 1103//1237
f 1111//1238 1112//1238 1103//1238
f 1103//1239 1112//1239 1104//1239
f 1195//1240 1202//1240 1393//1240
f 1195//1241 1393//1241 1391//1241
f 1391//1242 1393//1242 1685//1242
f 1391//1243 1685//1243 1682//1243
f 1682//1244 1685//1244 1783//1244
f 1682//1245 1783//1245 1781//1245
f 1781//1246 1783//1246 1872//1246
f 1781//1247 1872//1247 1868//1247
f 1994//1248 1868//1248 1996//1248
f 1996//1249 1868//1249 1872//1249
f 2282//1250 2133//1250 2280//1250
f 2280//1251 2133//1251 2126//1251
f 2211//1252 2207//1252 2127//1252
f 2211//1253 2127//1253 2134//1253
f 2134//1254 2127//1254 2126//1254
f 2134//1255 2126//1255 2133//1255
f 2404//1256 2207//1256 2211//1256
f 2211//1257 2407//1257 2404//1257
f 2404//1258 2407//1258 2571//1258
f 2404//1259 2571//1259 2569//1259
f 2604//1260 2599//1260 2569//1260
f 2604//1261 2569//1261 2571//1261
f 2599//1262 2604//1262 2603//1262
f 2599//1263 2603//1263 2598//1263
f 2598//1264 2603//1264 2641//1264
f 2598//1265 2641//1265 2638//1265
f 2713//1266 2711//1266 2641//1266
f 2641//1267 2711//1267 2638//1267
f 2711//1268 2713//1268 2858//1268
f 2711//1269 2858//1269 2856//1269
f 2856//1270 2858//1270 3028//1270
f 2856//1271 3028//1271 3021//1271
f 3021//1272 3028//1272 3072//1272
f 3021//1273 3072//1273 3068//1273
f 3068//1274 3072//1274 3071//1274
f 3068//1275 3071//1275 3067//1275
f 3067//1276 3071//1276 3109//1276
f 3109//1277 3071//1277 3112//1277
f 3020//1278 3109//1278 3026//1278
f 3026//1279 3109//1279 3112//1279
f 3244//1280 3375//1280 3238//1280
f 3238//1281 3375//1281 3370//1281
f 3458//1282 3450//1282 3411//1282
f 3458//1283 3411//1283 3417//1283
f 3417//1284 3411//1284 3371//1284
f 3417//1285 3371//1285 3376//1285
f 3376//1286 3371//1286 3370//1286
f 3376//1287 3370//1287 3375//1287
f 3525//1288 3450//1288 3458//1288
f 3458//1289 3530//1289 3525//1289
f 3525//1290 3530//1290 3634//1290
f 3525//1291 3634//1291 3629//1291
f 3701//1292 3690//1292 3629//1292
f 3701//1293 3629//1293 3634//1293
f 3700//1294 3689//1294 3690//1294
f 3700//1295 3690//1295 3701//1295
f 3700//1296 3764//1296 3689//1296
f 3689//1297 3764//1297 3758//1297
f 3763//1298 3757//1298 3764//1298
f 3764//1299 3757//1299 3758//1299
f 3757//1300 3763//1300 3892//1300
f 3757//1301 3892//1301 3882//1301
f 3882//1302 3892//1302 4131//1302
f 3882//1303 4131//1303 4119//1303
f 4119//1304 4131//1304 4118//1304
f 4131//1305 4130//1305 4118//1305
f 4118//1306 4130//1306 4038//1306
f 4118//1307 4038//1307 4026//1307
f 3688//1308 4026//1308 3699//1308
f 3699//1309 4026//1309 4038//1309
f 218//1310 907//1310 810//1310
f 218//1311 810//1311 217//1311
f 906//1312 265//1312 215//1312
f 906//1313 215//1313 216//1313
f 362//1314 305//1314 306//1314
f 217//1315 810//1315 906//1315
f 217//1316 906//1316 216//1316
f 999//1317 907//1317 363//1317
f 363//1318 907//1318 218//1318
f 363//1319 218//1319 219//1319
f 219//1320 220//1320 363//1320
f 363//1321 220//1321 266//1321
f 363//1322 266//1322 307//1322
f 906//1323 998//1323 265//1323
f 265//1324 998//1324 362//1324
f 265//1325 362//1325 306//1325
f 1391//1326 1682//1326 1930//1326
f 1195//1327 1930//1327 1194//1327
f 1194//1328 1930//1328 1583//1328
f 1194//1329 1583//1329 1321//1329
f 1194//1330 1321//1330 1104//1330
f 1994//1331 1930//1331 1868//1331
f 1868//1332 1930//1332 1682//1332
f 1868//1333 1682//1333 1781//1333
f 1321//1334 811//1334 1103//1334
f 1930//1335 1195//1335 1391//1335
f 1104//1336 1321//1336 1103//1336
f 590//1337 591//1337 592//1337
f 590//1338 592//1338 704//1338
f 704//1339 592//1339 811//1339
f 704//1340 811//1340 1193//1340
f 1193//1341 811//1341 1321//1341
f 2856//1342 3021//1342 2963//1342
f 3021//1343 3068//1343 3067//1343
f 2445//1344 2599//1344 2598//1344
f 2445//1345 2598//1345 2710//1345
f 2710//1346 2598//1346 2638//1346
f 2710//1347 2638//1347 2963//1347
f 3020//1348 2963//1348 3109//1348
f 3109//1349 2963//1349 3021//1349
f 3109//1350 3021//1350 3067//1350
f 2963//1351 2638//1351 2711//1351
f 2963//1352 2711//1352 2856//1352
f 2569//1353 2599//1353 2445//1353
f 2569//1354 2445//1354 2404//1354
f 2404//1355 2445//1355 2207//1355
f 2445//1356 2280//1356 2207//1356
f 2207//1357 2280//1357 2126//1357
f 2207//1358 2126//1358 2127//1358
f 3410//1359 3689//1359 3561//1359
f 3561//1360 3689//1360 3688//1360
f 4026//1361 3688//1361 4118//1361
f 3688//1362 3689//1362 3758//1362
f 3688//1363 3758//1363 3757//1363
f 4119//1364 4118//1364 3688//1364
f 4119//1365 3688//1365 3882//1365
f 3882//1366 3688//1366 3757//1366
f 3689//1367 3410//1367 3238//1367
f 3689//1368 3238//1368 3690//1368
f 3690//1369 3238//1369 3629//1369
f 3370//1370 3371//1370 3411//1370
f 3411//1371 3450//1371 3370//1371
f 3370//1372 3450//1372 3238//1372
f 3238//1373 3450//1373 3525//1373
f 3238//1374 3525//1374 3629//1374
f 3881//1375 4359//1375 3880//1375
f 3880//1376 4359//1376 4358//1376
f 3880//1377 4358//1377 3825//1377
f 4361//1378 4360//1378 3826//1378
f 4239//1379 4298//1379 3826//1379
f 3826//1380 4298//1380 4361//1380
f 4360//1381 4420//1381 3826//1381
f 3826//1382 4420//1382 4419//1382
f 3826//1383 4419//1383 3881//1383
f 3881//1384 4419//1384 4359//1384
f 3825//1385 4358//1385 4418//1385
f 3825//1386 4418//1386 4238//1386
f 4238//1387 4418//1387 4417//1387
f 4356//1388 4297//1388 4296//1388
f 4417//1389 4357//1389 4238//1389
f 4238//1390 4357//1390 4356//1390
f 4238//1391 4356//1391 4296//1391
f 3369//1392 3237//1392 3409//1392
f 3409//1393 3685//1393 3684//1393
f 4115//1394 3879//1394 3686//1394
f 3686//1395 3879//1395 3756//1395
f 3409//1396 3684//1396 3369//1396
f 3369//1397 3684//1397 3628//1397
f 3449//1398 3408//1398 3368//1398
f 4025//1399 4117//1399 4116//1399
f 3685//1400 3409//1400 3524//1400
f 3685//1401 3524//1401 3686//1401
f 3685//1402 3686//1402 3756//1402
f 3685//1403 3756//1403 3755//1403
f 3628//1404 3523//1404 3369//1404
f 3369//1405 3523//1405 3449//1405
f 3369//1406 3449//1406 3368//1406
f 3686//1407 3687//1407 4115//1407
f 4115//1408 3687//1408 4025//1408
f 4115//1409 4025//1409 4116//1409
f 2125//1410 2279//1410 2444//1410
f 2444//1411 2596//1411 2568//1411
f 3018//1412 2855//1412 2935//1412
f 2935//1413 2855//1413 2709//1413
f 2596//1414 2444//1414 2597//1414
f 2597//1415 2444//1415 2637//1415
f 2597//1416 2637//1416 2636//1416
f 2636//1417 2637//1417 2935//1417
f 2636//1418 2935//1418 2709//1418
f 2444//1419 2568//1419 2403//1419
f 2444//1420 2403//1420 2125//1420
f 2125//1421 2403//1421 2206//1421
f 2125//1422 2206//1422 2124//1422
f 2935//1423 3019//1423 3018//1423
f 3018//1424 3019//1424 3108//1424
f 3018//1425 3108//1425 3065//1425
f 3065//1426 3108//1426 3066//1426
f 703//1427 1192//1427 1274//1427
f 1274//1428 1509//1428 1191//1428
f 1191//1429 1509//1429 1929//1429
f 1191//1430 1929//1430 1190//1430
f 1190//1431 1929//1431 1993//1431
f 809//1432 587//1432 703//1432
f 809//1433 703//1433 1102//1433
f 587//1434 588//1434 589//1434
f 703//1435 587//1435 589//1435
f 1867//1436 1866//1436 1780//1436
f 1274//1437 1191//1437 1101//1437
f 1274//1438 1101//1438 703//1438
f 703//1439 1101//1439 1102//1439
f 1780//1440 1681//1440 1867//1440
f 1867//1441 1681//1441 1993//1441
f 1993//1442 1681//1442 1390//1442
f 1993//1443 1390//1443 1190//1443
f 3835//1444 4245//1444 3826//1444
f 3826//1445 4245//1445 4239//1445
f 4368//1446 4361//1446 4298//1446
f 4368//1447 4298//1447 4303//1447
f 4303//1448 4298//1448 4239//1448
f 4303//1449 4239//1449 4245//1449
f 4360//1450 4361//1450 4368//1450
f 4368//1451 4367//1451 4360//1451
f 4360//1452 4367//1452 4427//1452
f 4360//1453 4427//1453 4420//1453
f 4420//1454 4427//1454 4419//1454
f 4426//1455 4419//1455 4427//1455
f 4358//1456 4365//1456 4425//1456
f 4358//1457 4425//1457 4418//1457
f 4365//1458 4358//1458 4359//1458
f 4365//1459 4359//1459 4366//1459
f 4366//1460 4359//1460 4419//1460
f 4366//1461 4419//1461 4426//1461
f 4424//1462 4417//1462 4418//1462
f 4424//1463 4418//1463 4425//1463
f 4417//1464 4424//1464 4364//1464
f 4417//1465 4364//1465 4357//1465
f 4357//1466 4364//1466 4363//1466
f 4357//1467 4363//1467 4356//1467
f 4356//1468 4363//1468 4302//1468
f 4356//1469 4302//1469 4297//1469
f 4297//1470 4302//1470 4301//1470
f 4297//1471 4301//1471 4296//1471
f 4296//1472 4301//1472 4244//1472
f 4296//1473 4244//1473 4238//1473
f 3825//1474 4238//1474 3834//1474
f 3834//1475 4238//1475 4244//1475
f 141//1476 68//1476 128//1476
f 128//1477 68//1477 63//1477
f 141//1478 128//1478 178//1478
f 240//1479 249//1479 191//1479
f 240//1480 191//1480 178//1480
f 178//1481 191//1481 141//1481
f 249//1482 240//1482 250//1482
f 240//1483 286//1483 250//1483
f 250//1484 286//1484 287//1484
f 250//1485 287//1485 251//1485
f 179//1486 129//1486 144//1486
f 252//1487 251//1487 241//1487
f 241//1488 251//1488 287//1488
f 241//1489 242//1489 252//1489
f 252//1490 242//1490 179//1490
f 252//1491 179//1491 192//1491
f 192//1492 179//1492 144//1492
f 69//1493 144//1493 64//1493
f 64//1494 144//1494 129//1494
f 896//1495 800//1495 891//1495
f 891//1496 800//1496 794//1496
f 968//1497 979//1497 891//1497
f 891//1498 979//1498 896//1498
f 968//1499 1071//1499 979//1499
f 979//1500 1071//1500 1084//1500
f 1084//1501 1071//1501 1175//1501
f 1084//1502 1175//1502 1180//1502
f 1180//1503 1175//1503 1257//1503
f 1180//1504 1257//1504 1264//1504
f 1257//1505 1258//1505 1264//1505
f 1264//1506 1258//1506 1315//1506
f 1264//1507 1315//1507 1265//1507
f 1265//1508 1315//1508 1259//1508
f 1265//1509 1259//1509 1266//1509
f 1086//1510 1266//1510 1176//1510
f 1176//1511 1266//1511 1259//1511
f 2529//1512 2530//1512 2522//1512
f 2522//1513 2530//1513 2523//1513
f 2627//1514 2624//1514 2692//1514
f 2692//1515 2624//1515 2686//1515
f 2692//1516 2686//1516 2744//1516
f 2692//1517 2744//1517 2693//1517
f 2745//1518 2694//1518 2744//1518
f 2744//1519 2694//1519 2693//1519
f 2624//1520 2627//1520 2584//1520
f 2624//1521 2584//1521 2581//1521
f 2581//1522 2584//1522 2548//1522
f 2584//1523 2554//1523 2548//1523
f 2548//1524 2554//1524 2549//1524
f 2549//1525 2554//1525 2528//1525
f 2549//1526 2528//1526 2520//1526
f 2520//1527 2528//1527 2521//1527
f 2521//1528 2528//1528 2529//1528
f 2521//1529 2529//1529 2522//1529
f 2749//1530 2694//1530 2746//1530
f 2746//1531 2694//1531 2745//1531
f 3620//1532 3674//1532 3611//1532
f 3611//1533 3674//1533 3664//1533
f 3799//1534 3809//1534 3739//1534
f 3799//1535 3739//1535 3729//1535
f 3729//1536 3739//1536 3672//1536
f 3729//1537 3672//1537 3663//1537
f 3663//1538 3672//1538 3617//1538
f 3663//1539 3617//1539 3609//1539
f 3609//1540 3617//1540 3618//1540
f 3609//1541 3618//1541 3585//1541
f 3585//1542 3618//1542 3591//1542
f 3585//1543 3591//1543 3586//1543
f 3586//1544 3591//1544 3620//1544
f 3586//1545 3620//1545 3610//1545
f 3610//1546 3620//1546 3611//1546
f 3873//1547 3809//1547 3946//1547
f 3946//1548 3809//1548 3799//1548
f 4446//1549 4504//1549 4438//1549
f 4438//1550 4504//1550 4495//1550
f 4273//1551 4272//1551 4284//1551
f 4284//1552 4272//1552 4340//1552
f 4340//1553 4272//1553 4330//1553
f 4340//1554 4330//1554 4329//1554
f 4340//1555 4329//1555 4397//1555
f 4381//1556 4396//1556 4397//1556
f 4381//1557 4397//1557 4329//1557
f 4273//1558 4284//1558 4285//1558
f 4273//1559 4285//1559 4274//1559
f 4274//1560 4285//1560 4275//1560
f 4285//1561 4342//1561 4275//1561
f 4275//1562 4342//1562 4343//1562
f 4275//1563 4343//1563 4331//1563
f 4331//1564 4343//1564 4398//1564
f 4331//1565 4398//1565 4332//1565
f 4332//1566 4398//1566 4384//1566
f 4384//1567 4398//1567 4446//1567
f 4384//1568 4446//1568 4438//1568
f 4500//1569 4396//1569 4494//1569
f 4494//1570 4396//1570 4381//1570
f 3803//1571 3868//1571 3856//1571
f 3856//1572 3868//1572 3930//1572
f 3581//1573 3613//1573 3582//1573
f 3605//1574 3613//1574 3581//1574
f 3613//1575 3590//1575 3582//1575
f 3582//1576 3590//1576 3583//1576
f 3583//1577 3590//1577 3615//1577
f 3583//1578 3615//1578 3607//1578
f 3607//1579 3615//1579 3616//1579
f 3607//1580 3616//1580 3668//1580
f 3607//1581 3668//1581 3653//1581
f 3653//1582 3668//1582 3733//1582
f 3653//1583 3733//1583 3723//1583
f 3723//1584 3733//1584 3787//1584
f 3787//1585 3733//1585 3803//1585
f 3787//1586 3803//1586 3856//1586
f 3666//1587 3613//1587 3652//1587
f 3652//1588 3613//1588 3605//1588
f 2690//1589 2689//1589 2734//1589
f 2734//1590 2689//1590 2733//1590
f 2691//1591 2690//1591 2734//1591
f 2734//1592 2735//1592 2691//1592
f 2735//1593 2678//1593 2691//1593
f 2691//1594 2678//1594 2679//1594
f 2691//1595 2679//1595 2626//1595
f 2626//1596 2679//1596 2620//1596
f 2626//1597 2620//1597 2580//1597
f 2626//1598 2580//1598 2583//1598
f 2583//1599 2580//1599 2546//1599
f 2583//1600 2546//1600 2519//1600
f 2583//1601 2519//1601 2553//1601
f 2553//1602 2519//1602 2518//1602
f 2553//1603 2518//1603 2527//1603
f 2527//1604 2518//1604 2517//1604
f 2527//1605 2517//1605 2526//1605
f 2525//1606 2526//1606 2516//1606
f 2516//1607 2526//1607 2517//1607
f 1177//1608 1074//1608 1251//1608
f 1251//1609 1074//1609 1062//1609
f 1261//1610 1177//1610 1251//1610
f 1251//1611 1252//1611 1261//1611
f 1252//1612 1312//1612 1261//1612
f 1261//1613 1312//1613 1262//1613
f 1262//1614 1312//1614 1253//1614
f 1262//1615 1253//1615 1263//1615
f 960//1616 972//1616 1076//1616
f 960//1617 1076//1617 1063//1617
f 1063//1618 1076//1618 1166//1618
f 1166//1619 1076//1619 1179//1619
f 1166//1620 1179//1620 1165//1620
f 1165//1621 1179//1621 1263//1621
f 1165//1622 1263//1622 1254//1622
f 1254//1623 1263//1623 1253//1623
f 960//1624 959//1624 972//1624
f 972//1625 959//1625 883//1625
f 795//1626 972//1626 785//1626
f 785//1627 972//1627 883//1627
f 1068//1628 1081//1628 965//1628
f 965//1629 1081//1629 977//1629
f 965//1630 977//1630 976//1630
f 1174//1631 1083//1631 1082//1631
f 1068//1632 1172//1632 1081//1632
f 1081//1633 1172//1633 1173//1633
f 1081//1634 1173//1634 1082//1634
f 1082//1635 1173//1635 1174//1635
f 966//1636 978//1636 1070//1636
f 1070//1637 978//1637 1083//1637
f 1070//1638 1083//1638 1174//1638
f 967//1639 895//1639 966//1639
f 966//1640 895//1640 978//1640
f 793//1641 799//1641 890//1641
f 890//1642 799//1642 895//1642
f 890//1643 895//1643 967//1643
f 793//1644 691//1644 799//1644
f 799//1645 691//1645 696//1645
f 696//1646 691//1646 572//1646
f 572//1647 691//1647 428//1647
f 572//1648 428//1648 571//1648
f 798//1649 889//1649 976//1649
f 976//1650 889//1650 965//1650
f 569//1651 556//1651 695//1651
f 695//1652 556//1652 690//1652
f 695//1653 690//1653 792//1653
f 695//1654 792//1654 798//1654
f 798//1655 792//1655 889//1655
f 570//1656 425//1656 569//1656
f 569//1657 425//1657 557//1657
f 569//1658 557//1658 556//1658
f 425//1659 570//1659 440//1659
f 425//1660 440//1660 426//1660
f 426//1661 440//1661 427//1661
f 427//1662 440//1662 571//1662
f 427//1663 571//1663 428//1663
f 439//1664 438//1664 421//1664
f 421//1665 438//1665 551//1665
f 439//1666 421//1666 347//1666
f 439//1667 347//1667 356//1667
f 356//1668 347//1668 289//1668
f 356//1669 289//1669 254//1669
f 289//1670 243//1670 254//1670
f 254//1671 243//1671 182//1671
f 254//1672 182//1672 197//1672
f 197//1673 182//1673 181//1673
f 197//1674 181//1674 196//1674
f 196//1675 181//1675 133//1675
f 196//1676 133//1676 195//1676
f 195//1677 133//1677 132//1677
f 195//1678 132//1678 146//1678
f 420//1679 547//1679 435//1679
f 435//1680 547//1680 548//1680
f 435//1681 548//1681 436//1681
f 420//1682 435//1682 419//1682
f 419//1683 435//1683 355//1683
f 419//1684 355//1684 346//1684
f 346//1685 355//1685 297//1685
f 346//1686 297//1686 288//1686
f 288//1687 297//1687 242//1687
f 242//1688 297//1688 253//1688
f 242//1689 253//1689 180//1689
f 180//1690 253//1690 193//1690
f 180//1691 193//1691 194//1691
f 180//1692 194//1692 130//1692
f 130//1693 194//1693 145//1693
f 130//1694 145//1694 131//1694
f 131//1695 145//1695 146//1695
f 131//1696 146//1696 132//1696
f 436//1697 548//1697 437//1697
f 437//1698 548//1698 549//1698
f 437//1699 549//1699 567//1699
f 567//1700 549//1700 550//1700
f 567//1701 550//1701 568//1701
f 568//1702 550//1702 551//1702
f 568//1703 551//1703 438//1703
f 541//1704 433//1704 540//1704
f 540//1705 433//1705 432//1705
f 540//1706 432//1706 566//1706
f 542//1707 434//1707 541//1707
f 541//1708 434//1708 433//1708
f 434//1709 542//1709 418//1709
f 434//1710 418//1710 345//1710
f 434//1711 345//1711 354//1711
f 354//1712 345//1712 285//1712
f 354//1713 285//1713 296//1713
f 296//1714 285//1714 239//1714
f 296//1715 239//1715 248//1715
f 248//1716 239//1716 177//1716
f 248//1717 177//1717 190//1717
f 190//1718 177//1718 127//1718
f 190//1719 127//1719 189//1719
f 189//1720 127//1720 126//1720
f 189//1721 126//1721 140//1721
f 140//1722 126//1722 125//1722
f 140//1723 125//1723 139//1723
f 139//1724 125//1724 138//1724
f 138//1725 125//1725 124//1725
f 138//1726 124//1726 188//1726
f 566//1727 565//1727 540//1727
f 540//1728 565//1728 539//1728
f 539//1729 565//1729 538//1729
f 538//1730 565//1730 431//1730
f 538//1731 431//1731 353//1731
f 538//1732 353//1732 417//1732
f 417//1733 353//1733 344//1733
f 344//1734 353//1734 295//1734
f 344//1735 295//1735 284//1735
f 284//1736 295//1736 247//1736
f 284//1737 247//1737 238//1737
f 238//1738 247//1738 187//1738
f 238//1739 187//1739 175//1739
f 175//1740 187//1740 176//1740
f 176//1741 187//1741 188//1741
f 176//1742 188//1742 124//1742
f 411//1743 429//1743 412//1743
f 412//1744 429//1744 430//1744
f 411//1745 410//1745 429//1745
f 429//1746 410//1746 562//1746
f 412//1747 430//1747 413//1747
f 413//1748 430//1748 563//1748
f 413//1749 563//1749 534//1749
f 534//1750 563//1750 564//1750
f 534//1751 564//1751 681//1751
f 681//1752 564//1752 694//1752
f 681//1753 694//1753 797//1753
f 681//1754 797//1754 787//1754
f 787//1755 797//1755 885//1755
f 885//1756 797//1756 894//1756
f 885//1757 894//1757 963//1757
f 963//1758 894//1758 975//1758
f 963//1759 975//1759 962//1759
f 533//1760 693//1760 410//1760
f 410//1761 693//1761 561//1761
f 410//1762 561//1762 562//1762
f 693//1763 533//1763 680//1763
f 693//1764 680//1764 796//1764
f 796//1765 680//1765 786//1765
f 796//1766 786//1766 884//1766
f 796//1767 884//1767 893//1767
f 893//1768 884//1768 973//1768
f 973//1769 884//1769 961//1769
f 973//1770 961//1770 1064//1770
f 973//1771 1064//1771 1077//1771
f 1077//1772 1064//1772 1167//1772
f 1077//1773 1167//1773 1078//1773
f 1078//1774 1167//1774 1168//1774
f 1078//1775 1168//1775 1079//1775
f 1079//1776 1168//1776 1169//1776
f 1080//1777 1079//1777 1065//1777
f 1065//1778 1079//1778 1169//1778
f 962//1779 975//1779 1065//1779
f 1065//1780 975//1780 974//1780
f 1065//1781 974//1781 1080//1781
f 1667//1782 1575//1782 1766//1782
f 1766//1783 1575//1783 1671//1783
f 1766//1784 1671//1784 1772//1784
f 1371//1785 1309//1785 1370//1785
f 1370//1786 1309//1786 1359//1786
f 1370//1787 1359//1787 1369//1787
f 1360//1788 1311//1788 1371//1788
f 1371//1789 1311//1789 1310//1789
f 1371//1790 1310//1790 1309//1790
f 1371//1791 1372//1791 1360//1791
f 1360//1792 1372//1792 1373//1792
f 1373//1793 1437//1793 1360//1793
f 1360//1794 1437//1794 1432//1794
f 1432//1795 1437//1795 1502//1795
f 1432//1796 1502//1796 1495//1796
f 1495//1797 1502//1797 1570//1797
f 1570//1798 1502//1798 1575//1798
f 1570//1799 1575//1799 1667//1799
f 1369//1800 1359//1800 1436//1800
f 1436//1801 1359//1801 1494//1801
f 1436//1802 1494//1802 1501//1802
f 1666//1803 1574//1803 1569//1803
f 1569//1804 1574//1804 1501//1804
f 1569//1805 1501//1805 1494//1805
f 1848//1806 1856//1806 1847//1806
f 1847//1807 1856//1807 1855//1807
f 1847//1808 1855//1808 1846//1808
f 1846//1809 1855//1809 1771//1809
f 1846//1810 1771//1810 1845//1810
f 1845//1811 1771//1811 1670//1811
f 1845//1812 1670//1812 1765//1812
f 1765//1813 1670//1813 1666//1813
f 1666//1814 1670//1814 1574//1814
f 1856//1815 1848//1815 1849//1815
f 1856//1816 1849//1816 1772//1816
f 1772//1817 1849//1817 1766//1817
f 2272//1818 2188//1818 2195//1818
f 2195//1819 2188//1819 2187//1819
f 2195//1820 2187//1820 2194//1820
f 2194//1821 2187//1821 2110//1821
f 2194//1822 2110//1822 2117//1822
f 2117//1823 2110//1823 2109//1823
f 2117//1824 2109//1824 2116//1824
f 2116//1825 2109//1825 2108//1825
f 2116//1826 2108//1826 2193//1826
f 2193//1827 2108//1827 2186//1827
f 2193//1828 2186//1828 2192//1828
f 2186//1829 2185//1829 2192//1829
f 2192//1830 2185//1830 2264//1830
f 2192//1831 2264//1831 2271//1831
f 2271//1832 2264//1832 2263//1832
f 2309//1833 2342//1833 2306//1833
f 2309//1834 2306//1834 2265//1834
f 2309//1835 2265//1835 2272//1835
f 2272//1836 2265//1836 2188//1836
f 2271//1837 2263//1837 2308//1837
f 2308//1838 2263//1838 2341//1838
f 2308//1839 2341//1839 2347//1839
f 2388//1840 2428//1840 2435//1840
f 2429//1841 2435//1841 2428//1841
f 2468//1842 2477//1842 2476//1842
f 2468//1843 2476//1843 2467//1843
f 2467//1844 2476//1844 2475//1844
f 2467//1845 2475//1845 2466//1845
f 2466//1846 2475//1846 2435//1846
f 2466//1847 2435//1847 2465//1847
f 2465//1848 2435//1848 2429//1848
f 2435//1849 2394//1849 2388//1849
f 2388//1850 2394//1850 2347//1850
f 2388//1851 2347//1851 2341//1851
f 2389//1852 2395//1852 2436//1852
f 2477//1853 2468//1853 2469//1853
f 2477//1854 2469//1854 2430//1854
f 2477//1855 2430//1855 2436//1855
f 2436//1856 2430//1856 2431//1856
f 2436//1857 2431//1857 2389//1857
f 2395//1858 2389//1858 2348//1858
f 2348//1859 2389//1859 2342//1859
f 2348//1860 2342//1860 2309//1860
f 2884//1861 2891//1861 2919//1861
f 2919//1862 2891//1862 2892//1862
f 2919//1863 2892//1863 2927//1863
f 2881//1864 2890//1864 2845//1864
f 2881//1865 2845//1865 2835//1865
f 2835//1866 2845//1866 2788//1866
f 2835//1867 2788//1867 2775//1867
f 2775//1868 2788//1868 2789//1868
f 2775//1869 2789//1869 2736//1869
f 2736//1870 2789//1870 2737//1870
f 2789//1871 2790//1871 2737//1871
f 2790//1872 2791//1872 2737//1872
f 2737//1873 2791//1873 2777//1873
f 2777//1874 2791//1874 2846//1874
f 2777//1875 2846//1875 2778//1875
f 2778//1876 2846//1876 2837//1876
f 2837//1877 2846//1877 2891//1877
f 2837//1878 2891//1878 2884//1878
f 2890//1879 2881//1879 2926//1879
f 2926//1880 2881//1880 2949//1880
f 2926//1881 2949//1881 2954//1881
f 3055//1882 3044//1882 3099//1882
f 3044//1883 3055//1883 3043//1883
f 3043//1884 3055//1884 3008//1884
f 3043//1885 3008//1885 2997//1885
f 2997//1886 3008//1886 2954//1886
f 2997//1887 2954//1887 2949//1887
f 3100//1888 3056//1888 3099//1888
f 3099//1889 3056//1889 3055//1889
f 3056//1890 3100//1890 3045//1890
f 3009//1891 3056//1891 3046//1891
f 3046//1892 3056//1892 3045//1892
f 3046//1893 2999//1893 3009//1893
f 3009//1894 2999//1894 2950//1894
f 3009//1895 2950//1895 2955//1895
f 2955//1896 2950//1896 2919//1896
f 2955//1897 2919//1897 2927//1897
f 3658//1898 3736//1898 3725//1898
f 3725//1899 3736//1899 3806//1899
f 3998//1900 4014//1900 3948//1900
f 3998//1901 3948//1901 3932//1901
f 3932//1902 3948//1902 3869//1902
f 3932//1903 3869//1903 3931//1903
f 3931//1904 3869//1904 3857//1904
f 3857//1905 3869//1905 3805//1905
f 3857//1906 3805//1906 3788//1906
f 3788//1907 3805//1907 3724//1907
f 3805//1908 3734//1908 3724//1908
f 3724//1909 3734//1909 3654//1909
f 3654//1910 3734//1910 3735//1910
f 3654//1911 3735//1911 3655//1911
f 3735//1912 3669//1912 3655//1912
f 3655//1913 3669//1913 3656//1913
f 3656//1914 3669//1914 3657//1914
f 3657//1915 3669//1915 3736//1915
f 3657//1916 3736//1916 3658//1916
f 4014//1917 3998//1917 4064//1917
f 4014//1918 4064//1918 4087//1918
f 4087//1919 4064//1919 4158//1919
f 4087//1920 4158//1920 4088//1920
f 4088//1921 4158//1921 4159//1921
f 4088//1922 4159//1922 4089//1922
f 4089//1923 4159//1923 4065//1923
f 4089//1924 4065//1924 4090//1924
f 4090//1925 4065//1925 4015//1925
f 4015//1926 4065//1926 3999//1926
f 4015//1927 3999//1927 4016//1927
f 4016//1928 3999//1928 3949//1928
f 3949//1929 3999//1929 3936//1929
f 3949//1930 3936//1930 3870//1930
f 3725//1931 3806//1931 3790//1931
f 3790//1932 3806//1932 3870//1932
f 3790//1933 3870//1933 3791//1933
f 3791//1934 3870//1934 3860//1934
f 3860//1935 3870//1935 3936//1935
f 4072//1936 4071//1936 4091//1936
f 4091//1937 4071//1937 4070//1937
f 4091//1938 4070//1938 4175//1938
f 4175//1939 4070//1939 4162//1939
f 4175//1940 4162//1940 4228//1940
f 4228//1941 4162//1941 4217//1941
f 4228//1942 4217//1942 4269//1942
f 4228//1943 4269//1943 4282//1943
f 4282//1944 4269//1944 4338//1944
f 4378//1945 4391//1945 4325//1945
f 4325//1946 4391//1946 4338//1946
f 4325//1947 4338//1947 4269//1947
f 4378//1948 4379//1948 4391//1948
f 4391//1949 4379//1949 4392//1949
f 4072//1950 4091//1950 4092//1950
f 4072//1951 4092//1951 4073//1951
f 4392//1952 4379//1952 4435//1952
f 4392//1953 4435//1953 4393//1953
f 4393//1954 4435//1954 4436//1954
f 4393//1955 4436//1955 4394//1955
f 4394//1956 4436//1956 4437//1956
f 4394//1957 4437//1957 4395//1957
f 4339//1958 4395//1958 4380//1958
f 4380//1959 4395//1959 4437//1959
f 4380//1960 4328//1960 4339//1960
f 4339//1961 4328//1961 4271//1961
f 4339//1962 4271//1962 4283//1962
f 4283//1963 4271//1963 4229//1963
f 4271//1964 4219//1964 4229//1964
f 4229//1965 4219//1965 4164//1965
f 4229//1966 4164//1966 4176//1966
f 4176//1967 4164//1967 4075//1967
f 4176//1968 4075//1968 4093//1968
f 4093//1969 4075//1969 4074//1969
f 4093//1970 4074//1970 4092//1970
f 4092//1971 4074//1971 4073//1971
f 4078//1972 4094//1972 4079//1972
f 4079//1973 4094//1973 4095//1973
f 4440//1974 4400//1974 4439//1974
f 4439//1975 4400//1975 4399//1975
f 4439//1976 4399//1976 4386//1976
f 4386//1977 4399//1977 4385//1977
f 4385//1978 4399//1978 4344//1978
f 4385//1979 4344//1979 4333//1979
f 4333//1980 4344//1980 4276//1980
f 4344//1981 4286//1981 4276//1981
f 4276//1982 4286//1982 4220//1982
f 4286//1983 4230//1983 4220//1983
f 4220//1984 4230//1984 4221//1984
f 4221//1985 4230//1985 4177//1985
f 4221//1986 4177//1986 4165//1986
f 4165//1987 4177//1987 4077//1987
f 4077//1988 4177//1988 4094//1988
f 4077//1989 4094//1989 4078//1989
f 4400//1990 4440//1990 4401//1990
f 4401//1991 4440//1991 4387//1991
f 4402//1992 4401//1992 4387//1992
f 4231//1993 4287//1993 4336//1993
f 4402//1994 4387//1994 4345//1994
f 4345//1995 4387//1995 4388//1995
f 4345//1996 4388//1996 4336//1996
f 4345//1997 4336//1997 4287//1997
f 4336//1998 4278//1998 4231//1998
f 4231//1999 4278//1999 4223//1999
f 4231//2000 4223//2000 4167//2000
f 4231//2001 4167//2001 4178//2001
f 4178//2002 4167//2002 4081//2002
f 4178//2003 4081//2003 4080//2003
f 4178//2004 4080//2004 4096//2004
f 4096//2005 4080//2005 4079//2005
f 4096//2006 4079//2006 4095//2006
f 4100//2007 4099//2007 4085//2007
f 4012//2008 4018//2008 4085//2008
f 4085//2009 4018//2009 4100//2009
f 3737//2010 3670//2010 3659//2010
f 3728//2011 3662//2011 3738//2011
f 3738//2012 3662//2012 3661//2012
f 3738//2013 3661//2013 3671//2013
f 3671//2014 3661//2014 3670//2014
f 3670//2015 3661//2015 3660//2015
f 3670//2016 3660//2016 3659//2016
f 3728//2017 3738//2017 3808//2017
f 3728//2018 3808//2018 3798//2018
f 3798//2019 3808//2019 3872//2019
f 3798//2020 3872//2020 3867//2020
f 3867//2021 3872//2021 3951//2021
f 3867//2022 3951//2022 3945//2022
f 3945//2023 3951//2023 4012//2023
f 4012//2024 3951//2024 4018//2024
f 3727//2025 3807//2025 3659//2025
f 3659//2026 3807//2026 3737//2026
f 4172//2027 4098//2027 4171//2027
f 4171//2028 4098//2028 4097//2028
f 4171//2029 4097//2029 4084//2029
f 4084//2030 4097//2030 4017//2030
f 4084//2031 4017//2031 4011//2031
f 4011//2032 4017//2032 3942//2032
f 3942//2033 4017//2033 3950//2033
f 3942//2034 3950//2034 3865//2034
f 3865//2035 3950//2035 3871//2035
f 3865//2036 3871//2036 3796//2036
f 3796//2037 3871//2037 3807//2037
f 3796//2038 3807//2038 3727//2038
f 4098//2039 4172//2039 4099//2039
f 4099//2040 4172//2040 4085//2040
f 3438//2041 3444//2041 3397//2041
f 3397//2042 3444//2042 3403//2042
f 3488//2043 3514//2043 3518//2043
f 3518//2044 3514//2044 3548//2044
f 3518//2045 3548//2045 3552//2045
f 3552//2046 3548//2046 3549//2046
f 3552//2047 3549//2047 3553//2047
f 3553//2048 3549//2048 3587//2048
f 3553//2049 3587//2049 3554//2049
f 3554//2050 3587//2050 3551//2050
f 3554//2051 3551//2051 3555//2051
f 3475//2052 3444//2052 3438//2052
f 3518//2053 3491//2053 3488//2053
f 3488//2054 3491//2054 3475//2054
f 3488//2055 3475//2055 3471//2055
f 3471//2056 3475//2056 3438//2056
f 3515//2057 3519//2057 3551//2057
f 3551//2058 3519//2058 3555//2058
f 3519//2059 3515//2059 3492//2059
f 3492//2060 3515//2060 3490//2060
f 3397//2061 3403//2061 3359//2061
f 3330//2062 3329//2062 3360//2062
f 3360//2063 3329//2063 3354//2063
f 3360//2064 3354//2064 3359//2064
f 3359//2065 3354//2065 3397//2065
f 3330//2066 3360//2066 3355//2066
f 3355//2067 3360//2067 3361//2067
f 3355//2068 3361//2068 3356//2068
f 3356//2069 3361//2069 3362//2069
f 3356//2070 3362//2070 3400//2070
f 3400//2071 3362//2071 3404//2071
f 3400//2072 3404//2072 3401//2072
f 3401//2073 3404//2073 3445//2073
f 3401//2074 3445//2074 3441//2074
f 3441//2075 3445//2075 3473//2075
f 3473//2076 3445//2076 3492//2076
f 3473//2077 3492//2077 3490//2077
f 2952//2078 2957//2078 3012//2078
f 3059//2079 3050//2079 3051//2079
f 3059//2080 3051//2080 3012//2080
f 3012//2081 3051//2081 3003//2081
f 3012//2082 3003//2082 2952//2082
f 2957//2083 2952//2083 2929//2083
f 2929//2084 2952//2084 2924//2084
f 2792//2085 2782//2085 2847//2085
f 2847//2086 2782//2086 2839//2086
f 2847//2087 2839//2087 2886//2087
f 2847//2088 2886//2088 2894//2088
f 2793//2089 2741//2089 2792//2089
f 2792//2090 2741//2090 2782//2090
f 2743//2091 2742//2091 2793//2091
f 2793//2092 2742//2092 2741//2092
f 2848//2093 2784//2093 2795//2093
f 2795//2094 2784//2094 2794//2094
f 2794//2095 2784//2095 2743//2095
f 2794//2096 2743//2096 2793//2096
f 2929//2097 2924//2097 2895//2097
f 2895//2098 2924//2098 2888//2098
f 2895//2099 2888//2099 2848//2099
f 2848//2100 2888//2100 2842//2100
f 2848//2101 2842//2101 2784//2101
f 2894//2102 2886//2102 2893//2102
f 2893//2103 2886//2103 2921//2103
f 2893//2104 2921//2104 2928//2104
f 2951//2105 3001//2105 3010//2105
f 3010//2106 3001//2106 3048//2106
f 3010//2107 3048//2107 3011//2107
f 3102//2108 3057//2108 3049//2108
f 3049//2109 3057//2109 3011//2109
f 3049//2110 3011//2110 3048//2110
f 3057//2111 3102//2111 3103//2111
f 3057//2112 3103//2112 3058//2112
f 3058//2113 3103//2113 3059//2113
f 3059//2114 3103//2114 3050//2114
f 3010//2115 2956//2115 2951//2115
f 2951//2116 2956//2116 2928//2116
f 2951//2117 2928//2117 2921//2117
f 2390//2118 2396//2118 2344//2118
f 2344//2119 2396//2119 2349//2119
f 2344//2120 2349//2120 2310//2120
f 2396//2121 2390//2121 2433//2121
f 2396//2122 2433//2122 2437//2122
f 2437//2123 2433//2123 2470//2123
f 2437//2124 2470//2124 2478//2124
f 2470//2125 2471//2125 2478//2125
f 2478//2126 2471//2126 2472//2126
f 2478//2127 2472//2127 2479//2127
f 2473//2128 2480//2128 2479//2128
f 2473//2129 2479//2129 2472//2129
f 2391//2130 2345//2130 2350//2130
f 2438//2131 2480//2131 2474//2131
f 2474//2132 2480//2132 2473//2132
f 2474//2133 2434//2133 2438//2133
f 2438//2134 2434//2134 2391//2134
f 2438//2135 2391//2135 2397//2135
f 2397//2136 2391//2136 2350//2136
f 2350//2137 2345//2137 2311//2137
f 2311//2138 2345//2138 2268//2138
f 2311//2139 2268//2139 2274//2139
f 2344//2140 2310//2140 2307//2140
f 2307//2141 2310//2141 2267//2141
f 2267//2142 2310//2142 2273//2142
f 2267//2143 2273//2143 2189//2143
f 2189//2144 2273//2144 2196//2144
f 2189//2145 2196//2145 2190//2145
f 2190//2146 2196//2146 2197//2146
f 2190//2147 2197//2147 2112//2147
f 2112//2148 2197//2148 2113//2148
f 2113//2149 2197//2149 2118//2149
f 2113//2150 2118//2150 2114//2150
f 2114//2151 2118//2151 2198//2151
f 2114//2152 2198//2152 2115//2152
f 2115//2153 2198//2153 2199//2153
f 2115//2154 2199//2154 2191//2154
f 2191//2155 2199//2155 2274//2155
f 2191//2156 2274//2156 2268//2156
f 1673//2157 1669//2157 1573//2157
f 1669//2158 1673//2158 1768//2158
f 1768//2159 1673//2159 1774//2159
f 1768//2160 1774//2160 1854//2160
f 1854//2161 1774//2161 1859//2161
f 1854//2162 1859//2162 1853//2162
f 1573//2163 1577//2163 1673//2163
f 1577//2164 1573//2164 1498//2164
f 1577//2165 1498//2165 1504//2165
f 1366//2166 1439//2166 1498//2166
f 1498//2167 1439//2167 1440//2167
f 1498//2168 1440//2168 1504//2168
f 1576//2169 1572//2169 1668//2169
f 1572//2170 1576//2170 1497//2170
f 1497//2171 1576//2171 1503//2171
f 1497//2172 1503//2172 1435//2172
f 1435//2173 1503//2173 1438//2173
f 1435//2174 1438//2174 1364//2174
f 1364//2175 1438//2175 1374//2175
f 1364//2176 1374//2176 1365//2176
f 1365//2177 1374//2177 1375//2177
f 1365//2178 1375//2178 1316//2178
f 1316//2179 1375//2179 1376//2179
f 1316//2180 1376//2180 1317//2180
f 1317//2181 1376//2181 1377//2181
f 1317//2182 1377//2182 1318//2182
f 1318//2183 1377//2183 1366//2183
f 1366//2184 1377//2184 1439//2184
f 1767//2185 1773//2185 1668//2185
f 1668//2186 1773//2186 1672//2186
f 1668//2187 1672//2187 1576//2187
f 1853//2188 1859//2188 1858//2188
f 1773//2189 1767//2189 1850//2189
f 1773//2190 1850//2190 1857//2190
f 1857//2191 1850//2191 1851//2191
f 1857//2192 1851//2192 1858//2192
f 1858//2193 1851//2193 1852//2193
f 1858//2194 1852//2194 1853//2194
f 764//2195 761//2195 656//2195
f 1255//2196 1164//2196 1308//2196
f 1305//2197 1354//2197 1308//2197
f 1308//2198 1354//2198 1362//2198
f 1308//2199 1362//2199 1255//2199
f 1255//2200 1171//2200 1164//2200
f 1164//2201 1171//2201 1067//2201
f 1164//2202 1067//2202 887//2202
f 1164//2203 887//2203 1160//2203
f 763//2204 764//2204 685//2204
f 685//2205 789//2205 763//2205
f 764//2206 656//2206 685//2206
f 685//2207 656//2207 508//2207
f 685//2208 508//2208 544//2208
f 544//2209 508//2209 509//2209
f 544//2210 509//2210 546//2210
f 509//2211 510//2211 546//2211
f 546//2212 510//2212 657//2212
f 546//2213 657//2213 686//2213
f 686//2214 657//2214 762//2214
f 686//2215 762//2215 887//2215
f 887//2216 762//2216 862//2216
f 887//2217 862//2217 1160//2217
f 1053//2218 1066//2218 1313//2218
f 3913//2219 3912//2219 3983//2219
f 3576//2220 3572//2220 3538//2220
f 2384//2221 2380//2221 2338//2221
f 763//2222 789//2222 863//2222
f 863//2223 789//2223 1066//2223
f 863//2224 1066//2224 859//2224
f 859//2225 1066//2225 1053//2225
f 2544//2226 2507//2226 2510//2226
f 3576//2227 3547//2227 3608//2227
f 3576//2228 3608//2228 3646//2228
f 3646//2229 3608//2229 3658//2229
f 3646//2230 3658//2230 3647//2230
f 3647//2231 3658//2231 3793//2231
f 3647//2232 3793//2232 3643//2232
f 4006//2233 3940//2233 3913//2233
f 3913//2234 3940//2234 3862//2234
f 3913//2235 3862//2235 3848//2235
f 3913//2236 3983//2236 4006//2236
f 4006//2237 3983//2237 3982//2237
f 4006//2238 3982//2238 4076//2238
f 3982//2239 4054//2239 4076//2239
f 4076//2240 4054//2240 3981//2240
f 4076//2241 3981//2241 4005//2241
f 4005//2242 3981//2242 3911//2242
f 4005//2243 3911//2243 3938//2243
f 3938//2244 3911//2244 3910//2244
f 3938//2245 3910//2245 3793//2245
f 3793//2246 3910//2246 3768//2246
f 3793//2247 3768//2247 3643//2247
f 3576//2248 3538//2248 3547//2248
f 3547//2249 3538//2249 3427//2249
f 3547//2250 3427//2250 3436//2250
f 3436//2251 3427//2251 3216//2251
f 3436//2252 3216//2252 3231//2252
f 3231//2253 3216//2253 3131//2253
f 3231//2254 3131//2254 3047//2254
f 3131//2255 3032//2255 3047//2255
f 3047//2256 3032//2256 2813//2256
f 3047//2257 2813//2257 2838//2257
f 2838//2258 2813//2258 2653//2258
f 2838//2259 2653//2259 2547//2259
f 2653//2260 2544//2260 2547//2260
f 2547//2261 2544//2261 2510//2261
f 2547//2262 2510//2262 2432//2262
f 2432//2263 2510//2263 2384//2263
f 2432//2264 2384//2264 2343//2264
f 2343//2265 2384//2265 2338//2265
f 2343//2266 2338//2266 2266//2266
f 2266//2267 2338//2267 2183//2267
f 2266//2268 2183//2268 2065//2268
f 2183//2269 2061//2269 2065//2269
f 2065//2270 2061//2270 2021//2270
f 2065//2271 2021//2271 1925//2271
f 2021//2272 1919//2272 1925//2272
f 1925//2273 1919//2273 1567//2273
f 1925//2274 1567//2274 1571//2274
f 1571//2275 1567//2275 1427//2275
f 1571//2276 1427//2276 1313//2276
f 1313//2277 1427//2277 1302//2277
f 1313//2278 1302//2278 1053//2278
f 3718//2279 3726//2279 3584//2279
f 3848//2280 3862//2280 3777//2280
f 3777//2281 3862//2281 3726//2281
f 3777//2282 3726//2282 3772//2282
f 3772//2283 3726//2283 3718//2283
f 2655//2284 2720//2284 2724//2284
f 2621//2285 2613//2285 2655//2285
f 2621//2286 2655//2286 2683//2286
f 2683//2287 2655//2287 2724//2287
f 2683//2288 2724//2288 2780//2288
f 2780//2289 2724//2289 2865//2289
f 2780//2290 2865//2290 2885//2290
f 2885//2291 2865//2291 2863//2291
f 2885//2292 2863//2292 2920//2292
f 2920//2293 2863//2293 3033//2293
f 2920//2294 3033//2294 3101//2294
f 3033//2295 3081//2295 3101//2295
f 3101//2296 3081//2296 3181//2296
f 3101//2297 3181//2297 3328//2297
f 3328//2298 3181//2298 3321//2298
f 3328//2299 3321//2299 3437//2299
f 3437//2300 3321//2300 3466//2300
f 3437//2301 3466//2301 3470//2301
f 3470//2302 3466//2302 3508//2302
f 3470//2303 3508//2303 3584//2303
f 3584//2304 3508//2304 3575//2304
f 3584//2305 3575//2305 3718//2305
f 2621//2306 2682//2306 2613//2306
f 2613//2307 2682//2307 2654//2307
f 1353//2308 2654//2308 2682//2308
f 2682//2309 2111//2309 1353//2309
f 1353//2310 2111//2310 1496//2310
f 1353//2311 1496//2311 1361//2311
f 1354//2312 1353//2312 1362//2312
f 1362//2313 1353//2313 1361//2313
f 4579//2314 4581//2314 4500//2314
f 4500//2315 4581//2315 4413//2315
f 4500//2316 4413//2316 4396//2316
f 4583//2317 4580//2317 4450//2317
f 4450//2318 4580//2318 4504//2318
f 4450//2319 4504//2319 4446//2319
f 4450//2320 4446//2320 4398//2320
f 4450//2321 4398//2321 4415//2321
f 4415//2322 4398//2322 4343//2322
f 4415//2323 4343//2323 4354//2323
f 4354//2324 4343//2324 4342//2324
f 4354//2325 4342//2325 4295//2325
f 4342//2326 4285//2326 4295//2326
f 4295//2327 4285//2327 4294//2327
f 4285//2328 4284//2328 4294//2328
f 4294//2329 4284//2329 4351//2329
f 4284//2330 4340//2330 4351//2330
f 4351//2331 4340//2331 4397//2331
f 4351//2332 4397//2332 4414//2332
f 4414//2333 4397//2333 4396//2333
f 4414//2334 4396//2334 4413//2334
f 3742//2335 3749//2335 3666//2335
f 3666//2336 3749//2336 3621//2336
f 3666//2337 3621//2337 3613//2337
f 3959//2338 3953//2338 3819//2338
f 3819//2339 3953//2339 3868//2339
f 3819//2340 3868//2340 3803//2340
f 3819//2341 3803//2341 3733//2341
f 3819//2342 3733//2342 3751//2342
f 3751//2343 3733//2343 3668//2343
f 3751//2344 3668//2344 3680//2344
f 3680//2345 3668//2345 3616//2345
f 3680//2346 3616//2346 3623//2346
f 3616//2347 3615//2347 3623//2347
f 3623//2348 3615//2348 3590//2348
f 3623//2349 3590//2349 3593//2349
f 3593//2350 3590//2350 3613//2350
f 3593//2351 3613//2351 3621//2351
f 2588//2352 2583//2352 2553//2352
f 2588//2353 2553//2353 2561//2353
f 2561//2354 2553//2354 2527//2354
f 2561//2355 2527//2355 2536//2355
f 2536//2356 2527//2356 2526//2356
f 2536//2357 2526//2357 2535//2357
f 2532//2358 2534//2358 2525//2358
f 2525//2359 2534//2359 2535//2359
f 2525//2360 2535//2360 2526//2360
f 2701//2361 2698//2361 2703//2361
f 2703//2362 2698//2362 2689//2362
f 2703//2363 2689//2363 2690//2363
f 2703//2364 2690//2364 2691//2364
f 2703//2365 2691//2365 2704//2365
f 2704//2366 2691//2366 2626//2366
f 2704//2367 2626//2367 2630//2367
f 2630//2368 2626//2368 2583//2368
f 2630//2369 2583//2369 2588//2369
f 801//2370 807//2370 795//2370
f 795//2371 807//2371 993//2371
f 795//2372 993//2372 972//2372
f 989//2373 982//2373 1182//2373
f 1182//2374 982//2374 1074//2374
f 1182//2375 1074//2375 1177//2375
f 1182//2376 1177//2376 1261//2376
f 1182//2377 1261//2377 1268//2377
f 1268//2378 1261//2378 1262//2378
f 1268//2379 1262//2379 1269//2379
f 1269//2380 1262//2380 1263//2380
f 1269//2381 1263//2381 1270//2381
f 1270//2382 1263//2382 1179//2382
f 1270//2383 1179//2383 1184//2383
f 1184//2384 1179//2384 1076//2384
f 1184//2385 1076//2385 1097//2385
f 1097//2386 1076//2386 993//2386
f 993//2387 1076//2387 972//2387
f 3694//2388 4030//2388 4029//2388
f 4029//2389 4030//2389 4123//2389
f 4121//2390 3962//2390 3884//2390
f 3884//2391 3962//2391 3760//2391
f 3884//2392 3760//2392 3761//2392
f 3527//2393 3631//2393 3692//2393
f 3373//2394 3372//2394 3333//2394
f 3243//2395 3373//2395 3333//2395
f 3069//2396 3070//2396 3110//2396
f 3110//2397 3070//2397 3111//2397
f 3023//2398 2902//2398 2857//2398
f 2857//2399 2902//2399 2712//2399
f 2208//2400 2129//2400 2130//2400
f 2281//2401 2131//2401 2209//2401
f 1001//2402 1107//2402 1106//2402
f 593//2403 813//2403 812//2403
f 812//2404 813//2404 1107//2404
f 812//2405 1107//2405 1001//2405
f 593//2406 455//2406 456//2406
f 593//2407 456//2407 594//2407
f 594//2408 456//2408 595//2408
f 595//2409 596//2409 707//2409
f 1199//2410 707//2410 1108//2410
f 1108//2411 707//2411 596//2411
f 310//2412 309//2412 268//2412
f 310//2413 268//2413 269//2413
f 223//2414 163//2414 224//2414
f 225//2415 224//2415 163//2415
f 164//2416 227//2416 226//2416
f 227//2417 164//2417 228//2417
f 1110//2418 597//2418 1200//2418
f 1200//2419 597//2419 708//2419
f 708//2420 597//2420 598//2420
f 598//2421 457//2421 599//2421
f 458//2422 599//2422 457//2422
f 599//2423 458//2423 459//2423
f 599//2424 459//2424 600//2424
f 600//2425 815//2425 814//2425
f 814//2426 815//2426 1005//2426
f 814//2427 1005//2427 1111//2427
f 1111//2428 1005//2428 1112//2428
f 1783//2429 1873//2429 1872//2429
f 2210//2430 2133//2430 2282//2430
f 2135//2431 2211//2431 2134//2431
f 2603//2432 2604//2432 2641//2432
f 2713//2433 2903//2433 2858//2433
f 2858//2434 2903//2434 3028//2434
f 3071//2435 3113//2435 3112//2435
f 3113//2436 3071//2436 3072//2436
f 3244//2437 3335//2437 3375//2437
f 3375//2438 3335//2438 3376//2438
f 3530//2439 3701//2439 3634//2439
f 4131//2440 3892//2440 3966//2440
f 3966//2441 3892//2441 3763//2441
f 3966//2442 3763//2442 3764//2442
f 4130//2443 4129//2443 4038//2443
f 4038//2444 4129//2444 4037//2444
f 3699//2445 4038//2445 4037//2445
f 3835//2446 4187//2446 4245//2446
f 4369//2447 4368//2447 4303//2447
f 4369//2448 4303//2448 4304//2448
f 4304//2449 4303//2449 4245//2449
f 4368//2450 4428//2450 4367//2450
f 4367//2451 4428//2451 4427//2451
f 4425//2452 4365//2452 4366//2452
f 4425//2453 4366//2453 4426//2453
f 4424//2454 4423//2454 4364//2454
f 4364//2455 4423//2455 4363//2455
f 4302//2456 4363//2456 4301//2456
f 3834//2457 4244//2457 4186//2457
f 261//2458 251//2458 252//2458
f 261//2459 252//2459 262//2459
f 262//2460 252//2460 192//2460
f 262//2461 192//2461 210//2461
f 210//2462 192//2462 144//2462
f 210//2463 144//2463 158//2463
f 48//2464 51//2464 69//2464
f 69//2465 51//2465 158//2465
f 69//2466 158//2466 144//2466
f 49//2467 47//2467 155//2467
f 155//2468 47//2468 68//2468
f 155//2469 68//2469 141//2469
f 259//2470 209//2470 191//2470
f 191//2471 209//2471 155//2471
f 191//2472 155//2472 141//2472
f 259//2473 191//2473 249//2473
f 259//2474 249//2474 250//2474
f 259//2475 250//2475 260//2475
f 260//2476 250//2476 251//2476
f 260//2477 251//2477 261//2477
f 1095//2478 1100//2478 1086//2478
f 1086//2479 1100//2479 1273//2479
f 1086//2480 1273//2480 1266//2480
f 808//2481 806//2481 902//2481
f 902//2482 806//2482 800//2482
f 902//2483 800//2483 896//2483
f 902//2484 896//2484 979//2484
f 902//2485 979//2485 994//2485
f 994//2486 979//2486 1084//2486
f 994//2487 1084//2487 1098//2487
f 1098//2488 1084//2488 1180//2488
f 1098//2489 1180//2489 1185//2489
f 1185//2490 1180//2490 1264//2490
f 1185//2491 1264//2491 1271//2491
f 1271//2492 1264//2492 1265//2492
f 1271//2493 1265//2493 1272//2493
f 1272//2494 1265//2494 1266//2494
f 1272//2495 1266//2495 1273//2495
f 2751//2496 2752//2496 2749//2496
f 2749//2497 2752//2497 2707//2497
f 2749//2498 2707//2498 2694//2498
f 2539//2499 2533//2499 2538//2499
f 2538//2500 2533//2500 2530//2500
f 2538//2501 2530//2501 2529//2501
f 2538//2502 2529//2502 2528//2502
f 2538//2503 2528//2503 2537//2503
f 2537//2504 2528//2504 2554//2504
f 2537//2505 2554//2505 2562//2505
f 2562//2506 2554//2506 2589//2506
f 2554//2507 2584//2507 2589//2507
f 2589//2508 2584//2508 2631//2508
f 2584//2509 2627//2509 2631//2509
f 2631//2510 2627//2510 2705//2510
f 2627//2511 2692//2511 2705//2511
f 2705//2512 2692//2512 2693//2512
f 2705//2513 2693//2513 2706//2513
f 2706//2514 2693//2514 2694//2514
f 2706//2515 2694//2515 2707//2515
f 3958//2516 3960//2516 3873//2516
f 3873//2517 3960//2517 3821//2517
f 3873//2518 3821//2518 3809//2518
f 3754//2519 3748//2519 3627//2519
f 3627//2520 3748//2520 3674//2520
f 3627//2521 3674//2521 3620//2521
f 3809//2522 3821//2522 3752//2522
f 3627//2523 3620//2523 3591//2523
f 3627//2524 3591//2524 3594//2524
f 3594//2525 3591//2525 3618//2525
f 3594//2526 3618//2526 3625//2526
f 3625//2527 3618//2527 3617//2527
f 3625//2528 3617//2528 3624//2528
f 3624//2529 3617//2529 3672//2529
f 3624//2530 3672//2530 3681//2530
f 3681//2531 3672//2531 3739//2531
f 3681//2532 3739//2532 3752//2532
f 3752//2533 3739//2533 3809//2533
f 2547//2534 2580//2534 2738//2534
f 1313//2535 1433//2535 1571//2535
f 887//2536 554//2536 686//2536
f 1362//2537 1361//2537 1496//2537
f 884//2538 786//2538 959//2538
f 2620//2539 2679//2539 2737//2539
f 2734//2540 2733//2540 2834//2540
f 3513//2541 3580//2541 3281//2541
f 3723//2542 3787//2542 3857//2542
f 4434//2543 4069//2543 4068//2543
f 4381//2544 4493//2544 4494//2544
f 3729//2545 3663//2545 3662//2545
f 3662//2546 3663//2546 3609//2546
f 129//2547 90//2547 64//2547
f 128//2548 63//2548 89//2548
f 284//2549 122//2549 344//2549
f 284//2550 238//2550 122//2550
f 122//2551 238//2551 175//2551
f 122//2552 175//2552 123//2552
f 123//2553 175//2553 176//2553
f 123//2554 176//2554 88//2554
f 88//2555 176//2555 124//2555
f 88//2556 124//2556 89//2556
f 285//2557 345//2557 545//2557
f 124//2558 125//2558 89//2558
f 89//2559 125//2559 126//2559
f 89//2560 126//2560 128//2560
f 128//2561 126//2561 127//2561
f 128//2562 127//2562 178//2562
f 178//2563 127//2563 177//2563
f 178//2564 177//2564 239//2564
f 285//2565 240//2565 239//2565
f 239//2566 240//2566 178//2566
f 344//2567 789//2567 417//2567
f 417//2568 789//2568 538//2568
f 345//2569 418//2569 544//2569
f 544//2570 418//2570 542//2570
f 544//2571 542//2571 685//2571
f 685//2572 542//2572 541//2572
f 541//2573 540//2573 685//2573
f 685//2574 540//2574 539//2574
f 685//2575 539//2575 789//2575
f 789//2576 539//2576 538//2576
f 545//2577 419//2577 241//2577
f 241//2578 287//2578 545//2578
f 545//2579 287//2579 285//2579
f 285//2580 287//2580 286//2580
f 285//2581 286//2581 240//2581
f 90//2582 129//2582 130//2582
f 419//2583 346//2583 242//2583
f 419//2584 242//2584 241//2584
f 346//2585 288//2585 242//2585
f 179//2586 242//2586 180//2586
f 179//2587 180//2587 129//2587
f 129//2588 180//2588 130//2588
f 130//2589 131//2589 90//2589
f 90//2590 131//2590 132//2590
f 90//2591 132//2591 91//2591
f 91//2592 132//2592 133//2592
f 91//2593 133//2593 92//2593
f 92//2594 133//2594 181//2594
f 92//2595 181//2595 134//2595
f 134//2596 181//2596 182//2596
f 134//2597 182//2597 244//2597
f 184//2598 183//2598 245//2598
f 245//2599 183//2599 423//2599
f 245//2600 423//2600 292//2600
f 794//2601 558//2601 691//2601
f 691//2602 793//2602 794//2602
f 794//2603 793//2603 890//2603
f 794//2604 890//2604 891//2604
f 891//2605 890//2605 968//2605
f 1070//2606 1256//2606 1175//2606
f 890//2607 967//2607 968//2607
f 968//2608 967//2608 966//2608
f 968//2609 966//2609 1071//2609
f 1071//2610 966//2610 1070//2610
f 1071//2611 1070//2611 1175//2611
f 1363//2612 1258//2612 1256//2612
f 1256//2613 1258//2613 1257//2613
f 1256//2614 1257//2614 1175//2614
f 1176//2615 1259//2615 1260//2615
f 1260//2616 1259//2616 1363//2616
f 1363//2617 1259//2617 1315//2617
f 1363//2618 1315//2618 1258//2618
f 1364//2619 1365//2619 1363//2619
f 1363//2620 1365//2620 1260//2620
f 1260//2621 1365//2621 1316//2621
f 1260//2622 1316//2622 1317//2622
f 1852//2623 1851//2623 2027//2623
f 2027//2624 1851//2624 1850//2624
f 2027//2625 1850//2625 1767//2625
f 1767//2626 1668//2626 2027//2626
f 2027//2627 1668//2627 1572//2627
f 2027//2628 1572//2628 1363//2628
f 1363//2629 1572//2629 1497//2629
f 1363//2630 1497//2630 1435//2630
f 1363//2631 1435//2631 1364//2631
f 1926//2632 1769//2632 1669//2632
f 1669//2633 1768//2633 1926//2633
f 1926//2634 1768//2634 1854//2634
f 1926//2635 1854//2635 2027//2635
f 2027//2636 1854//2636 1853//2636
f 2027//2637 1853//2637 1852//2637
f 1317//2638 1318//2638 1260//2638
f 1260//2639 1318//2639 1366//2639
f 1260//2640 1366//2640 1319//2640
f 1319//2641 1366//2641 1367//2641
f 1367//2642 1366//2642 1498//2642
f 1367//2643 1498//2643 1499//2643
f 1498//2644 1573//2644 1499//2644
f 1499//2645 1573//2645 1769//2645
f 1769//2646 1573//2646 1669//2646
f 2549//2647 2520//2647 2473//2647
f 2473//2648 2520//2648 2474//2648
f 2520//2649 2521//2649 2474//2649
f 2474//2650 2521//2650 2522//2650
f 2474//2651 2522//2651 2434//2651
f 2434//2652 2522//2652 2523//2652
f 2434//2653 2523//2653 2391//2653
f 2391//2654 2523//2654 2392//2654
f 2391//2655 2392//2655 2345//2655
f 2344//2656 2307//2656 2027//2656
f 2027//2657 2307//2657 2267//2657
f 2027//2658 2267//2658 2189//2658
f 2548//2659 2471//2659 2470//2659
f 2548//2660 2470//2660 2581//2660
f 2581//2661 2470//2661 2433//2661
f 2581//2662 2433//2662 2623//2662
f 2623//2663 2433//2663 2027//2663
f 2027//2664 2433//2664 2390//2664
f 2027//2665 2390//2665 2344//2665
f 2549//2666 2473//2666 2472//2666
f 2549//2667 2472//2667 2548//2667
f 2548//2668 2472//2668 2471//2668
f 2189//2669 2190//2669 2027//2669
f 2027//2670 2190//2670 2112//2670
f 2027//2671 2112//2671 1926//2671
f 1926//2672 2112//2672 2113//2672
f 1926//2673 2113//2673 2114//2673
f 2345//2674 2392//2674 2268//2674
f 2268//2675 2392//2675 2269//2675
f 2268//2676 2269//2676 2191//2676
f 2191//2677 2269//2677 2067//2677
f 2191//2678 2067//2678 2115//2678
f 2115//2679 2067//2679 1991//2679
f 2115//2680 1991//2680 2114//2680
f 2114//2681 1991//2681 1968//2681
f 2114//2682 1968//2682 1926//2682
f 2744//2683 2686//2683 2742//2683
f 2742//2684 2686//2684 2624//2684
f 2742//2685 2624//2685 2623//2685
f 2623//2686 2624//2686 2581//2686
f 2784//2687 2842//2687 2746//2687
f 2746//2688 2842//2688 2889//2688
f 2746//2689 2745//2689 2784//2689
f 2784//2690 2745//2690 2744//2690
f 2784//2691 2744//2691 2743//2691
f 2842//2692 2888//2692 2889//2692
f 2889//2693 2888//2693 2924//2693
f 2889//2694 2924//2694 2953//2694
f 2953//2695 2924//2695 2952//2695
f 2953//2696 2952//2696 3004//2696
f 3004//2697 2952//2697 3052//2697
f 3104//2698 3105//2698 3051//2698
f 3051//2699 3105//2699 3052//2699
f 3051//2700 3052//2700 3003//2700
f 3003//2701 3052//2701 2952//2701
f 3194//2702 3442//2702 3357//2702
f 3357//2703 3331//2703 3194//2703
f 3194//2704 3331//2704 3195//2704
f 3194//2705 3195//2705 3104//2705
f 3104//2706 3195//2706 3149//2706
f 3104//2707 3149//2707 3105//2707
f 3610//2708 3551//2708 3587//2708
f 3610//2709 3587//2709 3586//2709
f 3586//2710 3587//2710 3549//2710
f 3586//2711 3549//2711 3548//2711
f 3586//2712 3548//2712 3514//2712
f 3488//2713 3471//2713 3437//2713
f 3437//2714 3471//2714 3438//2714
f 3437//2715 3438//2715 3328//2715
f 3328//2716 3438//2716 3397//2716
f 3328//2717 3397//2717 3354//2717
f 3329//2718 3330//2718 3233//2718
f 3233//2719 3330//2719 3355//2719
f 3194//2720 3233//2720 3442//2720
f 3442//2721 3233//2721 3400//2721
f 3442//2722 3400//2722 3401//2722
f 3401//2723 3441//2723 3442//2723
f 3442//2724 3441//2724 3473//2724
f 3442//2725 3473//2725 3516//2725
f 3516//2726 3473//2726 3490//2726
f 3516//2727 3490//2727 3588//2727
f 3588//2728 3490//2728 3515//2728
f 3588//2729 3515//2729 3551//2729
f 3233//2730 3355//2730 3356//2730
f 3233//2731 3356//2731 3400//2731
f 3551//2732 3610//2732 3588//2732
f 3588//2733 3610//2733 3611//2733
f 3588//2734 3611//2734 3664//2734
f 3514//2735 3488//2735 3586//2735
f 3586//2736 3488//2736 3437//2736
f 3586//2737 3437//2737 3585//2737
f 3585//2738 3437//2738 3470//2738
f 3864//2739 3865//2739 3796//2739
f 3660//2740 3661//2740 3584//2740
f 3661//2741 3662//2741 3584//2741
f 3584//2742 3662//2742 3609//2742
f 3584//2743 3609//2743 3470//2743
f 3470//2744 3609//2744 3585//2744
f 3726//2745 3659//2745 3584//2745
f 3584//2746 3659//2746 3660//2746
f 4172//2747 4279//2747 4085//2747
f 4085//2748 4279//2748 4173//2748
f 3662//2749 3728//2749 3729//2749
f 3729//2750 3728//2750 3798//2750
f 3729//2751 3798//2751 3799//2751
f 3799//2752 3798//2752 3867//2752
f 3799//2753 3867//2753 3945//2753
f 3799//2754 3945//2754 3946//2754
f 3946//2755 3945//2755 4012//2755
f 3946//2756 4012//2756 4173//2756
f 4173//2757 4012//2757 4085//2757
f 4387//2758 4497//2758 4388//2758
f 4388//2759 4497//2759 4389//2759
f 4388//2760 4389//2760 4336//2760
f 4496//2761 4439//2761 4495//2761
f 4495//2762 4439//2762 4386//2762
f 4495//2763 4386//2763 4438//2763
f 4169//2764 4278//2764 4389//2764
f 4389//2765 4278//2765 4336//2765
f 4497//2766 4387//2766 4440//2766
f 4497//2767 4440//2767 4496//2767
f 4496//2768 4440//2768 4439//2768
f 4438//2769 4386//2769 4384//2769
f 4384//2770 4386//2770 4385//2770
f 4384//2771 4385//2771 4332//2771
f 4332//2772 4385//2772 4333//2772
f 4332//2773 4333//2773 4331//2773
f 3941//2774 3862//2774 3940//2774
f 4076//2775 4274//2775 4275//2775
f 4333//2776 4276//2776 4331//2776
f 4331//2777 4276//2777 4220//2777
f 4331//2778 4220//2778 4275//2778
f 4275//2779 4220//2779 4221//2779
f 4275//2780 4221//2780 4076//2780
f 4221//2781 4165//2781 4076//2781
f 4076//2782 4165//2782 4077//2782
f 4076//2783 4077//2783 4006//2783
f 4077//2784 4078//2784 4006//2784
f 4006//2785 4078//2785 4079//2785
f 4006//2786 4079//2786 3940//2786
f 4219//2787 4330//2787 4272//2787
f 4380//2788 4437//2788 4381//2788
f 4380//2789 4381//2789 4328//2789
f 4005//2790 4075//2790 4164//2790
f 4070//2791 4071//2791 3938//2791
f 4164//2792 4219//2792 4005//2792
f 4005//2793 4219//2793 4272//2793
f 4005//2794 4272//2794 4076//2794
f 4076//2795 4272//2795 4273//2795
f 4076//2796 4273//2796 4274//2796
f 4217//2797 4162//2797 4069//2797
f 4069//2798 4162//2798 4070//2798
f 4219//2799 4271//2799 4330//2799
f 4330//2800 4271//2800 4329//2800
f 4329//2801 4271//2801 4328//2801
f 4329//2802 4328//2802 4381//2802
f 4434//2803 4378//2803 4325//2803
f 4071//2804 4072//2804 3938//2804
f 3938//2805 4072//2805 4073//2805
f 3938//2806 4073//2806 4005//2806
f 4005//2807 4073//2807 4074//2807
f 4005//2808 4074//2808 4075//2808
f 4434//2809 4325//2809 4269//2809
f 4434//2810 4269//2810 4069//2810
f 4069//2811 4269//2811 4217//2811
f 4436//2812 4435//2812 4492//2812
f 4492//2813 4435//2813 4379//2813
f 4492//2814 4379//2814 4434//2814
f 4434//2815 4379//2815 4378//2815
f 4493//2816 4381//2816 4492//2816
f 4492//2817 4381//2817 4437//2817
f 4492//2818 4437//2818 4436//2818
f 4068//2819 4268//2819 4323//2819
f 4323//2820 4324//2820 4068//2820
f 4068//2821 4324//2821 4433//2821
f 4068//2822 4433//2822 4434//2822
f 3723//2823 3788//2823 3724//2823
f 3724//2824 3654//2824 3723//2824
f 3723//2825 3654//2825 3655//2825
f 3723//2826 3655//2826 3608//2826
f 3655//2827 3656//2827 3608//2827
f 3608//2828 3656//2828 3657//2828
f 3608//2829 3657//2829 3658//2829
f 3936//2830 3999//2830 4068//2830
f 4068//2831 3999//2831 4065//2831
f 4068//2832 4065//2832 4268//2832
f 3791//2833 3860//2833 3793//2833
f 3793//2834 3860//2834 3936//2834
f 3658//2835 3725//2835 3793//2835
f 3793//2836 3725//2836 3790//2836
f 3793//2837 3790//2837 3791//2837
f 4070//2838 3938//2838 4069//2838
f 4069//2839 3938//2839 3793//2839
f 4069//2840 3793//2840 4068//2840
f 4068//2841 3793//2841 3936//2841
f 4158//2842 4157//2842 4268//2842
f 4158//2843 4268//2843 4159//2843
f 4159//2844 4268//2844 4065//2844
f 3857//2845 3787//2845 3931//2845
f 4158//2846 4064//2846 4157//2846
f 4157//2847 4064//2847 3998//2847
f 4157//2848 3998//2848 3932//2848
f 3930//2849 3997//2849 3856//2849
f 3856//2850 3997//2850 4157//2850
f 3856//2851 4157//2851 3787//2851
f 3787//2852 4157//2852 3932//2852
f 3787//2853 3932//2853 3931//2853
f 3857//2854 3788//2854 3723//2854
f 3653//2855 3723//2855 3608//2855
f 3583//2856 3607//2856 3191//2856
f 3581//2857 3582//2857 3190//2857
f 3581//2858 3190//2858 3281//2858
f 3581//2859 3281//2859 3605//2859
f 3605//2860 3281//2860 3580//2860
f 3605//2861 3580//2861 3652//2861
f 3280//2862 3395//2862 3281//2862
f 3281//2863 3395//2863 3486//2863
f 3281//2864 3486//2864 3513//2864
f 2996//2865 3142//2865 3281//2865
f 3281//2866 3142//2866 3188//2866
f 3281//2867 3188//2867 3280//2867
f 2835//2868 2775//2868 2834//2868
f 2834//2869 2775//2869 2736//2869
f 2834//2870 2736//2870 2737//2870
f 3100//2871 3099//2871 3281//2871
f 3099//2872 3044//2872 3281//2872
f 3281//2873 3044//2873 3043//2873
f 3281//2874 3043//2874 2996//2874
f 2834//2875 2881//2875 2835//2875
f 2999//2876 3046//2876 3190//2876
f 3190//2877 3046//2877 3045//2877
f 3190//2878 3045//2878 3281//2878
f 3281//2879 3045//2879 3100//2879
f 3043//2880 2997//2880 2996//2880
f 2996//2881 2997//2881 2949//2881
f 2996//2882 2949//2882 2834//2882
f 2834//2883 2949//2883 2881//2883
f 2679//2884 2678//2884 2737//2884
f 2737//2885 2678//2885 2735//2885
f 2737//2886 2735//2886 2834//2886
f 2834//2887 2735//2887 2734//2887
f 2305//2888 2518//2888 2428//2888
f 2340//2889 2516//2889 2517//2889
f 2518//2890 2305//2890 2517//2890
f 2517//2891 2305//2891 2340//2891
f 2108//2892 2109//2892 1989//2892
f 2109//2893 2110//2893 1989//2893
f 1989//2894 2110//2894 2187//2894
f 1989//2895 2187//2895 2188//2895
f 2428//2896 2388//2896 2305//2896
f 2305//2897 2388//2897 2341//2897
f 2305//2898 2341//2898 2184//2898
f 2184//2899 2341//2899 2263//2899
f 2469//2900 2432//2900 2430//2900
f 2430//2901 2432//2901 2431//2901
f 2263//2902 2264//2902 2184//2902
f 2184//2903 2264//2903 2185//2903
f 2184//2904 2185//2904 2026//2904
f 2026//2905 2185//2905 2186//2905
f 2026//2906 2186//2906 2108//2906
f 2188//2907 2265//2907 2266//2907
f 2266//2908 2265//2908 2306//2908
f 2266//2909 2306//2909 2343//2909
f 2343//2910 2306//2910 2342//2910
f 2343//2911 2342//2911 2432//2911
f 2432//2912 2342//2912 2389//2912
f 2432//2913 2389//2913 2431//2913
f 1762//2914 1924//2914 1763//2914
f 1763//2915 1924//2915 2026//2915
f 1762//2916 1763//2916 1665//2916
f 1665//2917 1763//2917 1764//2917
f 1665//2918 1764//2918 1493//2918
f 1433//2919 1254//2919 1253//2919
f 1360//2920 1432//2920 1312//2920
f 1312//2921 1432//2921 1253//2921
f 1359//2922 1309//2922 1250//2922
f 1250//2923 1309//2923 1251//2923
f 1250//2924 1251//2924 1062//2924
f 1252//2925 1310//2925 1312//2925
f 1312//2926 1310//2926 1311//2926
f 1312//2927 1311//2927 1360//2927
f 1251//2928 1309//2928 1310//2928
f 1251//2929 1310//2929 1252//2929
f 1764//2930 1666//2930 1493//2930
f 1493//2931 1666//2931 1569//2931
f 1493//2932 1569//2932 1431//2932
f 1431//2933 1569//2933 1494//2933
f 1431//2934 1494//2934 1250//2934
f 1250//2935 1494//2935 1359//2935
f 1165//2936 1254//2936 1064//2936
f 789//2937 681//2937 787//2937
f 884//2938 959//2938 961//2938
f 1064//2939 1254//2939 1167//2939
f 1167//2940 1254//2940 1433//2940
f 1167//2941 1433//2941 1168//2941
f 1168//2942 1433//2942 1313//2942
f 1168//2943 1313//2943 1169//2943
f 959//2944 960//2944 961//2944
f 961//2945 960//2945 1063//2945
f 961//2946 1063//2946 1064//2946
f 1064//2947 1063//2947 1166//2947
f 1064//2948 1166//2948 1165//2948
f 787//2949 885//2949 789//2949
f 789//2950 885//2950 963//2950
f 789//2951 963//2951 1066//2951
f 1066//2952 963//2952 962//2952
f 1066//2953 962//2953 1313//2953
f 1313//2954 962//2954 1065//2954
f 1313//2955 1065//2955 1169//2955
f 344//2956 122//2956 174//2956
f 344//2957 174//2957 415//2957
f 415//2958 174//2958 534//2958
f 415//2959 534//2959 681//2959
f 532//2960 785//2960 786//2960
f 786//2961 785//2961 883//2961
f 786//2962 883//2962 959//2962
f 237//2963 340//2963 411//2963
f 411//2964 412//2964 237//2964
f 237//2965 412//2965 174//2965
f 174//2966 412//2966 413//2966
f 174//2967 413//2967 534//2967
f 786//2968 680//2968 532//2968
f 532//2969 680//2969 533//2969
f 532//2970 533//2970 409//2970
f 409//2971 533//2971 410//2971
f 409//2972 410//2972 340//2972
f 340//2973 410//2973 411//2973
f 690//2974 556//2974 423//2974
f 690//2975 423//2975 792//2975
f 556//2976 557//2976 423//2976
f 423//2977 557//2977 292//2977
f 557//2978 425//2978 292//2978
f 292//2979 425//2979 426//2979
f 292//2980 426//2980 293//2980
f 293//2981 426//2981 427//2981
f 293//2982 427//2982 351//2982
f 351//2983 427//2983 428//2983
f 351//2984 428//2984 558//2984
f 558//2985 428//2985 691//2985
f 1173//2986 1172//2986 1255//2986
f 1255//2987 1172//2987 1068//2987
f 1255//2988 1068//2988 1171//2988
f 965//2989 889//2989 1067//2989
f 1067//2990 889//2990 423//2990
f 423//2991 889//2991 792//2991
f 1171//2992 1068//2992 1067//2992
f 1067//2993 1068//2993 965//2993
f 1070//2994 1174//2994 1069//2994
f 182//2995 243//2995 244//2995
f 244//2996 243//2996 289//2996
f 244//2997 289//2997 554//2997
f 554//2998 289//2998 347//2998
f 347//2999 421//2999 554//2999
f 554//3000 421//3000 686//3000
f 686//3001 421//3001 551//3001
f 547//3002 420//3002 546//3002
f 345//3003 544//3003 545//3003
f 545//3004 544//3004 546//3004
f 545//3005 546//3005 419//3005
f 419//3006 546//3006 420//3006
f 551//3007 550//3007 686//3007
f 686//3008 550//3008 549//3008
f 686//3009 549//3009 546//3009
f 546//3010 549//3010 548//3010
f 546//3011 548//3011 547//3011
f 1848//3012 1847//3012 1990//3012
f 1253//3013 1432//3013 1433//3013
f 1433//3014 1432//3014 1495//3014
f 1433//3015 1495//3015 1571//3015
f 1847//3016 1846//3016 1990//3016
f 1990//3017 1846//3017 1845//3017
f 1990//3018 1845//3018 1765//3018
f 1495//3019 1570//3019 1571//3019
f 1571//3020 1570//3020 1667//3020
f 1571//3021 1667//3021 1925//3021
f 1925//3022 1667//3022 1766//3022
f 1925//3023 1766//3023 1849//3023
f 2546//3024 2468//3024 2519//3024
f 2519//3025 2468//3025 2467//3025
f 2467//3026 2466//3026 2519//3026
f 2519//3027 2466//3027 2465//3027
f 2519//3028 2465//3028 2518//3028
f 2518//3029 2465//3029 2429//3029
f 2518//3030 2429//3030 2428//3030
f 3582//3031 3583//3031 3190//3031
f 3190//3032 3583//3032 3191//3032
f 3190//3033 3191//3033 2999//3033
f 2999//3034 3191//3034 2950//3034
f 2738//3035 2777//3035 2547//3035
f 2547//3036 2777//3036 2778//3036
f 2547//3037 2778//3037 2838//3037
f 2778//3038 2837//3038 2838//3038
f 2838//3039 2837//3039 2884//3039
f 2838//3040 2884//3040 3047//3040
f 2884//3041 2919//3041 3047//3041
f 3047//3042 2919//3042 2950//3042
f 3047//3043 2950//3043 3231//3043
f 3231//3044 2950//3044 3191//3044
f 3231//3045 3191//3045 3607//3045
f 2469//3046 2468//3046 2432//3046
f 2432//3047 2468//3047 2546//3047
f 2432//3048 2546//3048 2547//3048
f 2547//3049 2546//3049 2580//3049
f 2580//3050 2620//3050 2738//3050
f 2738//3051 2620//3051 2737//3051
f 2738//3052 2737//3052 2777//3052
f 4079//3053 4080//3053 3940//3053
f 3940//3054 4080//3054 4081//3054
f 3940//3055 4081//3055 3941//3055
f 3941//3056 4081//3056 4167//3056
f 3941//3057 4167//3057 4169//3057
f 4169//3058 4167//3058 4223//3058
f 4169//3059 4223//3059 4278//3059
f 4172//3060 4171//3060 4279//3060
f 4279//3061 4171//3061 4084//3061
f 4279//3062 4084//3062 4011//3062
f 3864//3063 4011//3063 3942//3063
f 3864//3064 3942//3064 3865//3064
f 2782//3065 2780//3065 2839//3065
f 2782//3066 2741//3066 2780//3066
f 2780//3067 2741//3067 2622//3067
f 3048//3068 3001//3068 3194//3068
f 3048//3069 3194//3069 3049//3069
f 3194//3070 3103//3070 3102//3070
f 2839//3071 2780//3071 2886//3071
f 2886//3072 2780//3072 2885//3072
f 2886//3073 2885//3073 2921//3073
f 2921//3074 2885//3074 2920//3074
f 2921//3075 2920//3075 2951//3075
f 3051//3076 3050//3076 3104//3076
f 3104//3077 3050//3077 3194//3077
f 3194//3078 3050//3078 3103//3078
f 3194//3079 3102//3079 3049//3079
f 2743//3080 2744//3080 2742//3080
f 1362//3081 1069//3081 1255//3081
f 1255//3082 1069//3082 1174//3082
f 1255//3083 1174//3083 1173//3083
f 681//3084 789//3084 415//3084
f 415//3085 789//3085 344//3085
f 1849//3086 1848//3086 1925//3086
f 1925//3087 1848//3087 1990//3087
f 1925//3088 1990//3088 2065//3088
f 2065//3089 1990//3089 1989//3089
f 2065//3090 1989//3090 2266//3090
f 2266//3091 1989//3091 2188//3091
f 3653//3092 3608//3092 3607//3092
f 3607//3093 3608//3093 3547//3093
f 3607//3094 3547//3094 3436//3094
f 3607//3095 3436//3095 3231//3095
f 3354//3096 3329//3096 3328//3096
f 3328//3097 3329//3097 3233//3097
f 3328//3098 3233//3098 3101//3098
f 3101//3099 3233//3099 3194//3099
f 3101//3100 3194//3100 2920//3100
f 2920//3101 3194//3101 3001//3101
f 2920//3102 3001//3102 2951//3102
f 2111//3103 2682//3103 2066//3103
f 2066//3104 2682//3104 2621//3104
f 2066//3105 2621//3105 2622//3105
f 2622//3106 2621//3106 2683//3106
f 2622//3107 2683//3107 2780//3107
f 2111//3108 2066//3108 1496//3108
f 1496//3109 2066//3109 1434//3109
f 1496//3110 1434//3110 1362//3110
f 1362//3111 1434//3111 1314//3111
f 1362//3112 1314//3112 1069//3112
f 2026//3113 2108//3113 1989//3113
f 2026//3114 1989//3114 1763//3114
f 1763//3115 1989//3115 1990//3115
f 1763//3116 1990//3116 1764//3116
f 1764//3117 1990//3117 1765//3117
f 1764//3118 1765//3118 1666//3118
f 4389//3119 4279//3119 4169//3119
f 4169//3120 4279//3120 4011//3120
f 4169//3121 4011//3121 3941//3121
f 3941//3122 4011//3122 3864//3122
f 3941//3123 3864//3123 3862//3123
f 3862//3124 3864//3124 3796//3124
f 3862//3125 3796//3125 3726//3125
f 3726//3126 3796//3126 3727//3126
f 3726//3127 3727//3127 3659//3127
f 887//3128 1067//3128 554//3128
f 554//3129 1067//3129 423//3129
f 554//3130 423//3130 244//3130
f 244//3131 423//3131 183//3131
f 244//3132 183//3132 134//3132
f 134//3133 183//3133 184//3133
f 2741//3134 2742//3134 2622//3134
f 2622//3135 2742//3135 2623//3135
f 2622//3136 2623//3136 2066//3136
f 2066//3137 2623//3137 2027//3137
f 2066//3138 2027//3138 1434//3138
f 1434//3139 2027//3139 1363//3139
f 1434//3140 1363//3140 1314//3140
f 1314//3141 1363//3141 1256//3141
f 1314//3142 1256//3142 1069//3142
f 1069//3143 1256//3143 1070//3143
f 4429//3144 4421//3144 4556//3144
f 4429//3145 4556//3145 4486//3145
f 4486//3146 4556//3146 4624//3146
f 4486//3147 4624//3147 4565//3147
f 4565//3148 4624//3148 4564//3148
f 4564//3149 4624//3149 4623//3149
f 4564//3150 4623//3150 4626//3150
f 4626//3151 4623//3151 4622//3151
f 4626//3152 4622//3152 4563//3152
f 4563//3153 4622//3153 4621//3153
f 4563//3154 4621//3154 4562//3154
f 4562//3155 4621//3155 4555//3155
f 4562//3156 4555//3156 4485//3156
f 4485//3157 4555//3157 4416//3157
f 4485//3158 4416//3158 4422//3158
f 4422//3159 4416//3159 4355//3159
f 4422//3160 4355//3160 4300//3160
f 4300//3161 4355//3161 4237//3161
f 4300//3162 4237//3162 4183//3162
f 4183//3163 4237//3163 3961//3163
f 4183//3164 3961//3164 4028//3164
f 4028//3165 3961//3165 3878//3165
f 4028//3166 3878//3166 3828//3166
f 3828//3167 3878//3167 3683//3167
f 3828//3168 3683//3168 3630//3168
f 3630//3169 3683//3169 3522//3169
f 3630//3170 3522//3170 3526//3170
f 3526//3171 3522//3171 3448//3171
f 3526//3172 3448//3172 3452//3172
f 3452//3173 3448//3173 3367//3173
f 3452//3174 3367//3174 3292//3174
f 3292//3175 3367//3175 3107//3175
f 3292//3176 3107//3176 3152//3176
f 3152//3177 3107//3177 2962//3177
f 3152//3178 2962//3178 2964//3178
f 2964//3179 2962//3179 2854//3179
f 2964//3180 2854//3180 2805//3180
f 2805//3181 2854//3181 2595//3181
f 2805//3182 2595//3182 2600//3182
f 2600//3183 2595//3183 2443//3183
f 2600//3184 2443//3184 2446//3184
f 2446//3185 2443//3185 2357//3185
f 2446//3186 2357//3186 2318//3186
f 2318//3187 2357//3187 2030//3187
f 2318//3188 2030//3188 2070//3188
f 2070//3189 2030//3189 1928//3189
f 2070//3190 1928//3190 1931//3190
f 1931//3191 1928//3191 1779//3191
f 1931//3192 1779//3192 1683//3192
f 1683//3193 1779//3193 1389//3193
f 1683//3194 1389//3194 1448//3194
f 1448//3195 1389//3195 1189//3195
f 1448//3196 1189//3196 1196//3196
f 1196//3197 1189//3197 997//3197
f 1196//3198 997//3198 1000//3198
f 1000//3199 997//3199 586//3199
f 1000//3200 586//3200 706//3200
f 706//3201 586//3201 304//3201
f 706//3202 304//3202 454//3202
f 454//3203 304//3203 308//3203
f 308//3204 304//3204 161//3204
f 308//3205 161//3205 222//3205
f 4580//3206 4575//3206 4504//3206
f 4504//3207 4575//3207 4495//3207
f 4583//3208 4509//3208 4582//3208
f 4582//3209 4509//3209 4508//3209
f 4582//3210 4508//3210 4581//3210
f 4508//3211 4507//3211 4581//3211
f 4581//3212 4507//3212 4448//3212
f 4581//3213 4448//3213 4413//3213
f 4413//3214 4448//3214 4414//3214
f 4294//3215 4351//3215 4352//3215
f 4294//3216 4352//3216 4295//3216
f 4295//3217 4352//3217 4353//3217
f 4295//3218 4353//3218 4354//3218
f 4354//3219 4353//3219 4415//3219
f 4450//3220 4415//3220 4449//3220
f 4450//3221 4449//3221 4583//3221
f 4583//3222 4449//3222 4510//3222
f 4583//3223 4510//3223 4509//3223
f 4579//3224 4500//3224 4574//3224
f 4574//3225 4500//3225 4494//3225
f 4493//3226 4492//3226 4499//3226
f 4574//3227 4494//3227 4573//3227
f 4573//3228 4494//3228 4493//3228
f 4573//3229 4493//3229 4499//3229
f 4499//3230 4492//3230 4434//3230
f 4499//3231 4434//3231 4498//3231
f 4498//3232 4434//3232 4433//3232
f 4324//3233 4442//3233 4433//3233
f 4433//3234 4442//3234 4443//3234
f 4433//3235 4443//3235 4498//3235
f 3930//3236 3947//3236 4013//3236
f 3930//3237 4013//3237 3997//3237
f 3997//3238 4013//3238 4174//3238
f 3997//3239 4174//3239 4157//3239
f 4157//3240 4174//3240 4227//3240
f 4157//3241 4227//3241 4281//3241
f 4157//3242 4281//3242 4268//3242
f 4268//3243 4281//3243 4323//3243
f 4323//3244 4281//3244 4337//3244
f 4323//3245 4337//3245 4324//3245
f 4324//3246 4337//3246 4390//3246
f 4324//3247 4390//3247 4442//3247
f 3947//3248 3930//3248 3953//3248
f 3953//3249 3930//3249 3868//3249
f 3751//3250 3820//3250 3819//3250
f 3819//3251 3818//3251 3959//3251
f 3959//3252 3818//3252 3817//3252
f 3959//3253 3817//3253 3749//3253
f 3623//3254 3593//3254 3622//3254
f 3622//3255 3593//3255 3621//3255
f 3679//3256 3621//3256 3749//3256
f 3679//3257 3749//3257 3750//3257
f 3750//3258 3749//3258 3817//3258
f 3731//3259 3742//3259 3652//3259
f 3652//3260 3742//3260 3666//3260
f 3665//3261 3731//3261 3652//3261
f 3665//3262 3652//3262 3612//3262
f 3612//3263 3652//3263 3580//3263
f 3612//3264 3580//3264 3517//3264
f 3517//3265 3580//3265 3513//3265
f 3517//3266 3513//3266 3486//3266
f 3517//3267 3486//3267 3474//3267
f 3474//3268 3486//3268 3395//3268
f 3474//3269 3395//3269 3402//3269
f 3402//3270 3395//3270 3358//3270
f 3358//3271 3395//3271 3280//3271
f 3358//3272 3280//3272 3236//3272
f 3236//3273 3280//3273 3188//3273
f 3236//3274 3188//3274 3106//3274
f 3106//3275 3188//3275 3142//3275
f 3106//3276 3142//3276 3054//3276
f 3054//3277 3142//3277 2996//3277
f 3054//3278 2996//3278 2925//3278
f 2925//3279 2996//3279 2834//3279
f 2925//3280 2834//3280 2844//3280
f 2844//3281 2834//3281 2787//3281
f 2787//3282 2834//3282 2733//3282
f 2787//3283 2733//3283 2748//3283
f 2748//3284 2733//3284 2698//3284
f 2698//3285 2733//3285 2689//3285
f 2701//3286 2629//3286 2586//3286
f 2586//3287 2629//3287 2587//3287
f 2586//3288 2587//3288 2534//3288
f 2701//3289 2703//3289 2702//3289
f 2701//3290 2702//3290 2629//3290
f 2560//3291 2588//3291 2561//3291
f 2560//3292 2561//3292 2536//3292
f 2560//3293 2536//3293 2559//3293
f 2559//3294 2536//3294 2535//3294
f 2559//3295 2535//3295 2558//3295
f 2558//3296 2535//3296 2534//3296
f 2558//3297 2534//3297 2587//3297
f 2524//3298 2532//3298 2516//3298
f 2516//3299 2532//3299 2525//3299
f 1368//3300 1500//3300 1431//3300
f 2340//3301 2305//3301 2270//3301
f 2524//3302 2516//3302 2393//3302
f 2393//3303 2516//3303 2340//3303
f 2393//3304 2340//3304 2346//3304
f 2346//3305 2340//3305 2270//3305
f 2270//3306 2305//3306 2184//3306
f 2270//3307 2184//3307 2068//3307
f 2068//3308 2184//3308 2026//3308
f 2068//3309 2026//3309 2028//3309
f 2028//3310 2026//3310 2029//3310
f 2029//3311 2026//3311 1969//3311
f 1969//3312 2026//3312 1924//3312
f 1969//3313 1924//3313 1770//3313
f 1770//3314 1924//3314 1762//3314
f 1770//3315 1762//3315 1500//3315
f 1500//3316 1762//3316 1665//3316
f 1500//3317 1665//3317 1493//3317
f 1500//3318 1493//3318 1431//3318
f 1368//3319 1431//3319 1320//3319
f 1320//3320 1431//3320 1250//3320
f 1320//3321 1250//3321 1072//3321
f 1072//3322 1250//3322 1062//3322
f 1072//3323 1062//3323 1073//3323
f 982//3324 1073//3324 1074//3324
f 1074//3325 1073//3325 1062//3325
f 1182//3326 1096//3326 989//3326
f 989//3327 1096//3327 990//3327
f 989//3328 990//3328 807//3328
f 990//3329 991//3329 807//3329
f 807//3330 991//3330 901//3330
f 807//3331 901//3331 993//3331
f 993//3332 901//3332 992//3332
f 1269//3333 1182//3333 1268//3333
f 1269//3334 1268//3334 1270//3334
f 1270//3335 1269//3335 1183//3335
f 1183//3336 1270//3336 1184//3336
f 692//3337 801//3337 785//3337
f 785//3338 801//3338 795//3338
f 186//3339 294//3339 340//3339
f 340//3340 294//3340 409//3340
f 409//3341 294//3341 352//3341
f 409//3342 352//3342 532//3342
f 532//3343 352//3343 560//3343
f 532//3344 560//3344 785//3344
f 785//3345 560//3345 559//3345
f 785//3346 559//3346 692//3346
f 340//3347 237//3347 186//3347
f 186//3348 237//3348 174//3348
f 186//3349 174//3349 136//3349
f 1002//3350 1108//3350 596//3350
f 456//3351 455//3351 308//3351
f 308//3352 455//3352 593//3352
f 1109//3353 1004//3353 366//3353
f 309//3354 308//3354 222//3354
f 309//3355 222//3355 268//3355
f 268//3356 222//3356 162//3356
f 1000//3357 1197//3357 1196//3357
f 1196//3358 1197//3358 1392//3358
f 1196//3359 1392//3359 1448//3359
f 1448//3360 1392//3360 1684//3360
f 1448//3361 1684//3361 1683//3361
f 1683//3362 1684//3362 1931//3362
f 1931//3363 1684//3363 1782//3363
f 1931//3364 1782//3364 2070//3364
f 2070//3365 1782//3365 1870//3365
f 3199//3366 3243//3366 3333//3366
f 1873//3367 2071//3367 2134//3367
f 2071//3368 1873//3368 1932//3368
f 1932//3369 1873//3369 1783//3369
f 1932//3370 1783//3370 1686//3370
f 1686//3371 1783//3371 1685//3371
f 1001//3372 1106//3372 1000//3372
f 3372//3373 3152//3373 3110//3373
f 3152//3374 3372//3374 3292//3374
f 3292//3375 3372//3375 3413//3375
f 3292//3376 3413//3376 3452//3376
f 3452//3377 3413//3377 3453//3377
f 4300//3378 4244//3378 4422//3378
f 4422//3379 4244//3379 4301//3379
f 4422//3380 4301//3380 4485//3380
f 4485//3381 4301//3381 4363//3381
f 4429//3382 4129//3382 4130//3382
f 3112//3383 3376//3383 3335//3383
f 2134//3384 2133//3384 1873//3384
f 1873//3385 2133//3385 1872//3385
f 1872//3386 2133//3386 2210//3386
f 1872//3387 2210//3387 1996//3387
f 164//3388 76//3388 228//3388
f 228//3389 76//3389 77//3389
f 228//3390 77//3390 270//3390
f 270//3391 77//3391 109//3391
f 270//3392 109//3392 165//3392
f 1003//3393 1002//3393 365//3393
f 365//3394 1002//3394 596//3394
f 365//3395 596//3395 309//3395
f 309//3396 596//3396 595//3396
f 309//3397 595//3397 308//3397
f 308//3398 595//3398 456//3398
f 1001//3399 1000//3399 812//3399
f 812//3400 1000//3400 706//3400
f 812//3401 706//3401 593//3401
f 593//3402 706//3402 454//3402
f 593//3403 454//3403 308//3403
f 2132//3404 2209//3404 2131//3404
f 3110//3405 3111//3405 3372//3405
f 3372//3406 3111//3406 3333//3406
f 3333//3407 3111//3407 3025//3407
f 3333//3408 3025//3408 3199//3408
f 312//3409 458//3409 311//3409
f 312//3410 311//3410 229//3410
f 229//3411 311//3411 165//3411
f 165//3412 311//3412 270//3412
f 1110//3413 1109//3413 597//3413
f 597//3414 1109//3414 366//3414
f 597//3415 366//3415 598//3415
f 598//3416 366//3416 311//3416
f 598//3417 311//3417 457//3417
f 457//3418 311//3418 458//3418
f 164//3419 226//3419 76//3419
f 76//3420 225//3420 163//3420
f 76//3421 163//3421 75//3421
f 75//3422 163//3422 223//3422
f 75//3423 223//3423 108//3423
f 108//3424 223//3424 269//3424
f 108//3425 269//3425 162//3425
f 162//3426 269//3426 268//3426
f 4030//3427 4186//3427 4123//3427
f 4123//3428 4186//3428 4244//3428
f 4123//3429 4244//3429 4122//3429
f 4122//3430 4244//3430 4300//3430
f 4424//3431 4425//3431 4626//3431
f 3335//3432 3244//3432 3200//3432
f 3161//3433 3113//3433 3072//3433
f 3161//3434 3072//3434 3028//3434
f 76//3435 226//3435 225//3435
f 2130//3436 2070//3436 1870//3436
f 2130//3437 1870//3437 2131//3437
f 2131//3438 1870//3438 1871//3438
f 2131//3439 1871//3439 1995//3439
f 2131//3440 1995//3440 2132//3440
f 4429//3441 4130//3441 4305//3441
f 4305//3442 4130//3442 4131//3442
f 3112//3443 3335//3443 3200//3443
f 3112//3444 3200//3444 3026//3444
f 1106//3445 1198//3445 1000//3445
f 1000//3446 1198//3446 1197//3446
f 4030//3447 3694//3447 4186//3447
f 4186//3448 3694//3448 3833//3448
f 4186//3449 3833//3449 3834//3449
f 4187//3450 3835//3450 3699//3450
f 2713//3451 2641//3451 2605//3451
f 2600//3452 2640//3452 2712//3452
f 2600//3453 2712//3453 2805//3453
f 2805//3454 2712//3454 2902//3454
f 2805//3455 2902//3455 2964//3455
f 2964//3456 2902//3456 3023//3456
f 2964//3457 3023//3457 3152//3457
f 3152//3458 3023//3458 3069//3458
f 3152//3459 3069//3459 3110//3459
f 3692//3460 3828//3460 3527//3460
f 3527//3461 3828//3461 3630//3461
f 3527//3462 3630//3462 3453//3462
f 3453//3463 3630//3463 3526//3463
f 3453//3464 3526//3464 3452//3464
f 3693//3465 3760//3465 3828//3465
f 4486//3466 4369//3466 4429//3466
f 4429//3467 4369//3467 4304//3467
f 4429//3468 4304//3468 4129//3468
f 4129//3469 4304//3469 4245//3469
f 4129//3470 4245//3470 4187//3470
f 4129//3471 4187//3471 4037//3471
f 4037//3472 4187//3472 3699//3472
f 1202//3473 1006//3473 1393//3473
f 1393//3474 1006//3474 1203//3474
f 1393//3475 1203//3475 1685//3475
f 1685//3476 1203//3476 1449//3476
f 1685//3477 1449//3477 1686//3477
f 4424//3478 4626//3478 4423//3478
f 4423//3479 4626//3479 4563//3479
f 4423//3480 4563//3480 4363//3480
f 4363//3481 4563//3481 4562//3481
f 4363//3482 4562//3482 4485//3482
f 2130//3483 2129//3483 2070//3483
f 2070//3484 2129//3484 2208//3484
f 2570//3485 2601//3485 2600//3485
f 3828//3486 3760//3486 4028//3486
f 4028//3487 3760//3487 3962//3487
f 4028//3488 3962//3488 4183//3488
f 4183//3489 3962//3489 4121//3489
f 4183//3490 4121//3490 4300//3490
f 4300//3491 4121//3491 4122//3491
f 4626//3492 4426//3492 4427//3492
f 4626//3493 4427//3493 4564//3493
f 4564//3494 4427//3494 4428//3494
f 4564//3495 4428//3495 4565//3495
f 4565//3496 4428//3496 4368//3496
f 4565//3497 4368//3497 4486//3497
f 4486//3498 4368//3498 4369//3498
f 3836//3499 4039//3499 3966//3499
f 3693//3500 3828//3500 3692//3500
f 4425//3501 4426//3501 4626//3501
f 3966//3502 4039//3502 4131//3502
f 4131//3503 4039//3503 4190//3503
f 4131//3504 4190//3504 4305//3504
f 3966//3505 3764//3505 3836//3505
f 2713//3506 2605//3506 2903//3506
f 2903//3507 2605//3507 2806//3507
f 2903//3508 2806//3508 3028//3508
f 3028//3509 2806//3509 2971//3509
f 3028//3510 2971//3510 3161//3510
f 2604//3511 2605//3511 2641//3511
f 3836//3512 3701//3512 3635//3512
f 3635//3513 3701//3513 3530//3513
f 3635//3514 3530//3514 3531//3514
f 3531//3515 3530//3515 3458//3515
f 3531//3516 3458//3516 3459//3516
f 3459//3517 3458//3517 3417//3517
f 3459//3518 3417//3518 3302//3518
f 3302//3519 3417//3519 3161//3519
f 3161//3520 3417//3520 3376//3520
f 3161//3521 3376//3521 3113//3521
f 3113//3522 3376//3522 3112//3522
f 2604//3523 2571//3523 2605//3523
f 2605//3524 2571//3524 2447//3524
f 2447//3525 2571//3525 2407//3525
f 2447//3526 2407//3526 2319//3526
f 2319//3527 2407//3527 2211//3527
f 2319//3528 2211//3528 2071//3528
f 2071//3529 2211//3529 2135//3529
f 2071//3530 2135//3530 2134//3530
f 1006//3531 1112//3531 1005//3531
f 1006//3532 1005//3532 709//3532
f 709//3533 1005//3533 815//3533
f 709//3534 815//3534 460//3534
f 460//3535 815//3535 600//3535
f 460//3536 600//3536 312//3536
f 312//3537 600//3537 459//3537
f 312//3538 459//3538 458//3538
f 2601//3539 2640//3539 2600//3539
f 3836//3540 3764//3540 3700//3540
f 2570//3541 2600//3541 2406//3541
f 2406//3542 2600//3542 2446//3542
f 2406//3543 2446//3543 2208//3543
f 2208//3544 2446//3544 2318//3544
f 2208//3545 2318//3545 2070//3545
f 1201//3546 1112//3546 1006//3546
f 1201//3547 1006//3547 1202//3547
f 3836//3548 3700//3548 3701//3548
f 89//3549 63//3549 45//3549
f 45//3550 67//3550 89//3550
f 89//3551 67//3551 88//3551
f 88//3552 67//3552 66//3552
f 88//3553 66//3553 123//3553
f 123//3554 66//3554 95//3554
f 123//3555 95//3555 122//3555
f 122//3556 95//3556 137//3556
f 122//3557 137//3557 174//3557
f 174//3558 137//3558 136//3558
f 47//3559 45//3559 68//3559
f 68//3560 45//3560 63//3560
f 259//3561 260//3561 209//3561
f 209//3562 156//3562 155//3562
f 155//3563 156//3563 49//3563
f 156//3564 102//3564 49//3564
f 49//3565 102//3565 103//3565
f 49//3566 103//3566 50//3566
f 50//3567 103//3567 104//3567
f 50//3568 104//3568 51//3568
f 210//3569 261//3569 262//3569
f 157//3570 210//3570 158//3570
f 157//3571 158//3571 105//3571
f 105//3572 158//3572 51//3572
f 105//3573 51//3573 104//3573
f 46//3574 48//3574 64//3574
f 64//3575 48//3575 69//3575
f 794//3576 698//3576 697//3576
f 794//3577 697//3577 558//3577
f 558//3578 697//3578 441//3578
f 558//3579 441//3579 351//3579
f 441//3580 357//3580 351//3580
f 351//3581 357//3581 298//3581
f 351//3582 298//3582 293//3582
f 293//3583 298//3583 292//3583
f 134//3584 184//3584 147//3584
f 292//3585 298//3585 245//3585
f 245//3586 298//3586 199//3586
f 245//3587 199//3587 184//3587
f 184//3588 199//3588 198//3588
f 184//3589 198//3589 147//3589
f 147//3590 101//3590 134//3590
f 134//3591 101//3591 100//3591
f 134//3592 100//3592 92//3592
f 92//3593 100//3593 71//3593
f 92//3594 71//3594 91//3594
f 46//3595 64//3595 70//3595
f 70//3596 64//3596 90//3596
f 91//3597 71//3597 90//3597
f 90//3598 71//3598 70//3598
f 806//3599 698//3599 800//3599
f 800//3600 698//3600 794//3600
f 994//3601 995//3601 902//3601
f 902//3602 995//3602 808//3602
f 995//3603 903//3603 808//3603
f 808//3604 903//3604 996//3604
f 808//3605 996//3605 1100//3605
f 1100//3606 996//3606 1099//3606
f 1100//3607 1099//3607 1273//3607
f 1273//3608 1099//3608 1186//3608
f 1273//3609 1186//3609 1272//3609
f 994//3610 902//3610 1098//3610
f 1095//3611 1086//3611 1087//3611
f 1087//3612 1086//3612 1176//3612
f 1087//3613 1176//3613 1260//3613
f 1087//3614 1260//3614 1267//3614
f 1267//3615 1260//3615 1319//3615
f 1267//3616 1319//3616 1378//3616
f 1378//3617 1319//3617 1367//3617
f 1378//3618 1367//3618 1441//3618
f 1441//3619 1367//3619 1499//3619
f 1441//3620 1499//3620 1578//3620
f 1578//3621 1499//3621 1769//3621
f 1578//3622 1769//3622 1674//3622
f 1674//3623 1769//3623 1860//3623
f 1769//3624 1926//3624 1860//3624
f 1860//3625 1926//3625 1968//3625
f 1860//3626 1968//3626 1992//3626
f 1992//3627 1968//3627 1991//3627
f 1992//3628 1991//3628 2119//3628
f 2119//3629 1991//3629 2067//3629
f 2119//3630 2067//3630 2200//3630
f 2067//3631 2269//3631 2200//3631
f 2200//3632 2269//3632 2392//3632
f 2200//3633 2392//3633 2351//3633
f 2523//3634 2531//3634 2481//3634
f 2523//3635 2481//3635 2392//3635
f 2392//3636 2481//3636 2398//3636
f 2392//3637 2398//3637 2351//3637
f 2533//3638 2531//3638 2530//3638
f 2530//3639 2531//3639 2523//3639
f 2538//3640 2537//3640 2563//3640
f 2563//3641 2537//3641 2562//3641
f 2708//3642 2707//3642 2752//3642
f 2538//3643 2563//3643 2564//3643
f 2538//3644 2564//3644 2539//3644
f 2564//3645 2565//3645 2539//3645
f 2539//3646 2565//3646 2590//3646
f 2539//3647 2590//3647 2633//3647
f 2633//3648 2590//3648 2752//3648
f 2752//3649 2590//3649 2632//3649
f 2752//3650 2632//3650 2708//3650
f 2751//3651 2749//3651 2750//3651
f 2750//3652 2749//3652 2746//3652
f 2750//3653 2746//3653 2849//3653
f 2849//3654 2746//3654 2889//3654
f 2849//3655 2889//3655 2930//3655
f 2930//3656 2889//3656 3013//3656
f 2889//3657 2953//3657 3013//3657
f 3013//3658 2953//3658 3004//3658
f 3013//3659 3004//3659 3150//3659
f 3004//3660 3052//3660 3150//3660
f 3150//3661 3052//3661 3105//3661
f 3150//3662 3105//3662 3149//3662
f 3150//3663 3149//3663 3196//3663
f 3196//3664 3149//3664 3195//3664
f 3196//3665 3195//3665 3291//3665
f 3291//3666 3195//3666 3331//3666
f 3291//3667 3331//3667 3405//3667
f 3405//3668 3331//3668 3357//3668
f 3405//3669 3357//3669 3476//3669
f 3476//3670 3357//3670 3442//3670
f 3476//3671 3442//3671 3493//3671
f 3493//3672 3442//3672 3516//3672
f 3493//3673 3516//3673 3556//3673
f 3556//3674 3516//3674 3592//3674
f 3592//3675 3516//3675 3588//3675
f 3592//3676 3588//3676 3675//3676
f 3675//3677 3588//3677 3664//3677
f 3675//3678 3664//3678 3741//3678
f 3748//3679 3741//3679 3674//3679
f 3674//3680 3741//3680 3664//3680
f 3824//3681 3960//3681 3753//3681
f 3753//3682 3960//3682 3754//3682
f 3824//3683 3823//3683 3960//3683
f 3960//3684 3823//3684 3822//3684
f 3960//3685 3822//3685 3821//3685
f 3821//3686 3822//3686 3752//3686
f 3624//3687 3681//3687 3625//3687
f 3594//3688 3625//3688 3626//3688
f 3594//3689 3626//3689 3627//3689
f 3627//3690 3682//3690 3754//3690
f 3754//3691 3682//3691 3753//3691
f 3958//3692 3873//3692 3952//3692
f 3952//3693 3873//3693 3946//3693
f 4019//3694 3952//3694 3946//3694
f 4279//3695 4346//3695 4288//3695
f 4279//3696 4288//3696 4173//3696
f 4288//3697 4289//3697 4173//3697
f 4173//3698 4289//3698 4232//3698
f 4173//3699 4232//3699 3946//3699
f 3946//3700 4232//3700 4101//3700
f 3946//3701 4101//3701 4019//3701
f 4389//3702 4403//3702 4279//3702
f 4279//3703 4403//3703 4404//3703
f 4279//3704 4404//3704 4346//3704
f 4578//3705 4505//3705 4497//3705
f 4497//3706 4505//3706 4506//3706
f 4497//3707 4506//3707 4389//3707
f 4389//3708 4506//3708 4447//3708
f 4389//3709 4447//3709 4403//3709
f 4578//3710 4497//3710 4577//3710
f 4577//3711 4497//3711 4496//3711
f 4577//3712 4496//3712 4576//3712
f 4576//3713 4496//3713 4495//3713
f 4576//3714 4495//3714 4575//3714
f 4578//3715 4577//3715 4624//3715
f 989//3716 807//3716 586//3716
f 801//3717 692//3717 807//3717
f 807//3718 692//3718 559//3718
f 807//3719 559//3719 586//3719
f 1073//3720 982//3720 1072//3720
f 1072//3721 982//3721 989//3721
f 1072//3722 989//3722 1320//3722
f 1320//3723 989//3723 1368//3723
f 586//3724 997//3724 989//3724
f 989//3725 997//3725 1189//3725
f 989//3726 1189//3726 1368//3726
f 1368//3727 1189//3727 1389//3727
f 1368//3728 1389//3728 1500//3728
f 2068//3729 2028//3729 2030//3729
f 2030//3730 2028//3730 2029//3730
f 2030//3731 2029//3731 1928//3731
f 1928//3732 2029//3732 1969//3732
f 1928//3733 1969//3733 1779//3733
f 1779//3734 1969//3734 1770//3734
f 1779//3735 1770//3735 1389//3735
f 1389//3736 1770//3736 1500//3736
f 2068//3737 2030//3737 2270//3737
f 2270//3738 2030//3738 2357//3738
f 2270//3739 2357//3739 2346//3739
f 2532//3740 2524//3740 2534//3740
f 2534//3741 2524//3741 2393//3741
f 2748//3742 2698//3742 2787//3742
f 2787//3743 2698//3743 2701//3743
f 2854//3744 2787//3744 2701//3744
f 2854//3745 2701//3745 2595//3745
f 2595//3746 2701//3746 2586//3746
f 2595//3747 2586//3747 2443//3747
f 2443//3748 2586//3748 2534//3748
f 2443//3749 2534//3749 2357//3749
f 2357//3750 2534//3750 2393//3750
f 2357//3751 2393//3751 2346//3751
f 3107//3752 3106//3752 3054//3752
f 3107//3753 3054//3753 2962//3753
f 2962//3754 3054//3754 2925//3754
f 2962//3755 2925//3755 2854//3755
f 2854//3756 2925//3756 2844//3756
f 2854//3757 2844//3757 2787//3757
f 3448//3758 3522//3758 3517//3758
f 3517//3759 3474//3759 3448//3759
f 3448//3760 3474//3760 3402//3760
f 3448//3761 3402//3761 3367//3761
f 3367//3762 3402//3762 3358//3762
f 3367//3763 3358//3763 3107//3763
f 3107//3764 3358//3764 3236//3764
f 3107//3765 3236//3765 3106//3765
f 3947//3766 3953//3766 3959//3766
f 3947//3767 3959//3767 3961//3767
f 3961//3768 3959//3768 3878//3768
f 3878//3769 3959//3769 3749//3769
f 3878//3770 3749//3770 3683//3770
f 3742//3771 3731//3771 3749//3771
f 3749//3772 3731//3772 3665//3772
f 3749//3773 3665//3773 3683//3773
f 3683//3774 3665//3774 3612//3774
f 3683//3775 3612//3775 3522//3775
f 3522//3776 3612//3776 3517//3776
f 4237//3777 4174//3777 3961//3777
f 3961//3778 4174//3778 4013//3778
f 3961//3779 4013//3779 3947//3779
f 4442//3780 4390//3780 4416//3780
f 4416//3781 4390//3781 4337//3781
f 4416//3782 4337//3782 4355//3782
f 4337//3783 4281//3783 4355//3783
f 4355//3784 4281//3784 4237//3784
f 4237//3785 4281//3785 4227//3785
f 4237//3786 4227//3786 4174//3786
f 4442//3787 4416//3787 4443//3787
f 4443//3788 4416//3788 4555//3788
f 4443//3789 4555//3789 4498//3789
f 4498//3790 4555//3790 4499//3790
f 4499//3791 4555//3791 4621//3791
f 4499//3792 4621//3792 4573//3792
f 4573//3793 4621//3793 4622//3793
f 4581//3794 4579//3794 4574//3794
f 4575//3795 4580//3795 4576//3795
f 4576//3796 4580//3796 4583//3796
f 4574//3797 4573//3797 4581//3797
f 4581//3798 4573//3798 4622//3798
f 4581//3799 4622//3799 4582//3799
f 4582//3800 4622//3800 4623//3800
f 4582//3801 4623//3801 4583//3801
f 4583//3802 4623//3802 4624//3802
f 4583//3803 4624//3803 4576//3803
f 4576//3804 4624//3804 4577//3804
f 4578//3805 4624//3805 4505//3805
f 4505//3806 4624//3806 4556//3806
f 4505//3807 4556//3807 4506//3807
f 4421//3808 4403//3808 4556//3808
f 4556//3809 4403//3809 4447//3809
f 4556//3810 4447//3810 4506//3810
f 136//3811 161//3811 186//3811
f 186//3812 161//3812 304//3812
f 186//3813 304//3813 294//3813
f 559//3814 560//3814 586//3814
f 586//3815 560//3815 352//3815
f 586//3816 352//3816 304//3816
f 304//3817 352//3817 294//3817
f 222//3818 161//3818 106//3818
f 222//3819 106//3819 162//3819
f 162//3820 106//3820 72//3820
f 162//3821 72//3821 108//3821
f 108//3822 72//3822 75//3822
f 75//3823 72//3823 52//3823
f 75//3824 52//3824 76//3824
f 76//3825 52//3825 73//3825
f 76//3826 73//3826 77//3826
f 77//3827 73//3827 74//3827
f 77//3828 74//3828 109//3828
f 109//3829 74//3829 107//3829
f 109//3830 107//3830 165//3830
f 165//3831 107//3831 221//3831
f 165//3832 221//3832 229//3832
f 229//3833 221//3833 267//3833
f 229//3834 267//3834 312//3834
f 312//3835 267//3835 364//3835
f 312//3836 364//3836 460//3836
f 460//3837 364//3837 705//3837
f 460//3838 705//3838 709//3838
f 709//3839 705//3839 908//3839
f 709//3840 908//3840 1006//3840
f 1006//3841 908//3841 1105//3841
f 1006//3842 1105//3842 1203//3842
f 1203//3843 1105//3843 1447//3843
f 1203//3844 1447//3844 1449//3844
f 1449//3845 1447//3845 1584//3845
f 1449//3846 1584//3846 1686//3846
f 1686//3847 1584//3847 1869//3847
f 1686//3848 1869//3848 1932//3848
f 1932//3849 1869//3849 2128//3849
f 1932//3850 2128//3850 2071//3850
f 2071//3851 2128//3851 2317//3851
f 2071//3852 2317//3852 2319//3852
f 2319//3853 2317//3853 2405//3853
f 2319//3854 2405//3854 2447//3854
f 2447//3855 2405//3855 2639//3855
f 2447//3856 2639//3856 2605//3856
f 2605//3857 2639//3857 2804//3857
f 2605//3858 2804//3858 2806//3858
f 2806//3859 2804//3859 2936//3859
f 2806//3860 2936//3860 2971//3860
f 2971//3861 2936//3861 3151//3861
f 2971//3862 3151//3862 3161//3862
f 3161//3863 3151//3863 3332//3863
f 3161//3864 3332//3864 3302//3864
f 3302//3865 3332//3865 3412//3865
f 3302//3866 3412//3866 3459//3866
f 3459//3867 3412//3867 3562//3867
f 3459//3868 3562//3868 3531//3868
f 3531//3869 3562//3869 3691//3869
f 3531//3870 3691//3870 3635//3870
f 3635//3871 3691//3871 3759//3871
f 3635//3872 3759//3872 3836//3872
f 3836//3873 3759//3873 4027//3873
f 3836//3874 4027//3874 4039//3874
f 4039//3875 4027//3875 4299//3875
f 4039//3876 4299//3876 4190//3876
f 4190//3877 4299//3877 4305//3877
f 4305//3878 4299//3878 4421//3878
f 4305//3879 4421//3879 4429//3879
f 4404//3880 4403//3880 4421//3880
f 4404//3881 4421//3881 4346//3881
f 4346//3882 4421//3882 4299//3882
f 4346//3883 4299//3883 4288//3883
f 4027//3884 4232//3884 4299//3884
f 4299//3885 4232//3885 4289//3885
f 4299//3886 4289//3886 4288//3886
f 3754//3887 3960//3887 4027//3887
f 3958//3888 3952//3888 3960//3888
f 3960//3889 3952//3889 4019//3889
f 3960//3890 4019//3890 4027//3890
f 4027//3891 4019//3891 4101//3891
f 4027//3892 4101//3892 4232//3892
f 3741//3893 3748//3893 3675//3893
f 3675//3894 3748//3894 3754//3894
f 3675//3895 3754//3895 3592//3895
f 3592//3896 3754//3896 3556//3896
f 4027//3897 3759//3897 3754//3897
f 3754//3898 3759//3898 3691//3898
f 3754//3899 3691//3899 3556//3899
f 3556//3900 3691//3900 3562//3900
f 3556//3901 3562//3901 3493//3901
f 3493//3902 3562//3902 3476//3902
f 3476//3903 3562//3903 3405//3903
f 3405//3904 3562//3904 3412//3904
f 3405//3905 3412//3905 3291//3905
f 3291//3906 3412//3906 3332//3906
f 3291//3907 3332//3907 3196//3907
f 3196//3908 3332//3908 3151//3908
f 3196//3909 3151//3909 3150//3909
f 2849//3910 2930//3910 2936//3910
f 2936//3911 2930//3911 3013//3911
f 2936//3912 3013//3912 3151//3912
f 3151//3913 3013//3913 3150//3913
f 2751//3914 2750//3914 2752//3914
f 2752//3915 2750//3915 2849//3915
f 2531//3916 2533//3916 2481//3916
f 2481//3917 2533//3917 2539//3917
f 2849//3918 2936//3918 2752//3918
f 2752//3919 2936//3919 2804//3919
f 2752//3920 2804//3920 2633//3920
f 2633//3921 2804//3921 2639//3921
f 2633//3922 2639//3922 2539//3922
f 2539//3923 2639//3923 2405//3923
f 2539//3924 2405//3924 2481//3924
f 2128//3925 2119//3925 2200//3925
f 2128//3926 2200//3926 2317//3926
f 2317//3927 2200//3927 2351//3927
f 2317//3928 2351//3928 2405//3928
f 2405//3929 2351//3929 2398//3929
f 2405//3930 2398//3930 2481//3930
f 1584//3931 1447//3931 1441//3931
f 1441//3932 1578//3932 1584//3932
f 1584//3933 1578//3933 1674//3933
f 1584//3934 1674//3934 1869//3934
f 1869//3935 1674//3935 1860//3935
f 1869//3936 1860//3936 2128//3936
f 2128//3937 1860//3937 1992//3937
f 2128//3938 1992//3938 2119//3938
f 698//3939 806//3939 808//3939
f 697//3940 698//3940 705//3940
f 705//3941 698//3941 808//3941
f 705//3942 808//3942 908//3942
f 908//3943 808//3943 1100//3943
f 908//3944 1100//3944 1105//3944
f 1095//3945 1087//3945 1100//3945
f 1100//3946 1087//3946 1105//3946
f 1105//3947 1087//3947 1267//3947
f 1105//3948 1267//3948 1447//3948
f 1447//3949 1267//3949 1378//3949
f 1447//3950 1378//3950 1441//3950
f 364//3951 441//3951 705//3951
f 705//3952 441//3952 697//3952
f 147//3953 198//3953 221//3953
f 221//3954 198//3954 199//3954
f 221//3955 199//3955 267//3955
f 199//3956 298//3956 267//3956
f 267//3957 298//3957 364//3957
f 364//3958 298//3958 357//3958
f 364//3959 357//3959 441//3959
f 147//3960 221//3960 101//3960
f 101//3961 221//3961 107//3961
f 101//3962 107//3962 100//3962
f 100//3963 107//3963 71//3963
f 71//3964 107//3964 74//3964
f 71//3965 74//3965 70//3965
f 70//3966 74//3966 73//3966
f 51//3967 48//3967 46//3967
f 45//3968 47//3968 67//3968
f 67//3969 47//3969 49//3969
f 46//3970 70//3970 51//3970
f 51//3971 70//3971 73//3971
f 51//3972 73//3972 50//3972
f 50//3973 73//3973 52//3973
f 50//3974 52//3974 49//3974
f 49//3975 52//3975 72//3975
f 49//3976 72//3976 67//3976
f 67//3977 72//3977 66//3977
f 66//3978 72//3978 106//3978
f 66//3979 106//3979 95//3979
f 95//3980 106//3980 137//3980
f 137//3981 106//3981 161//3981
f 137//3982 161//3982 136//3982
f 2508//3983 2511//3983 2512//3983
f 2508//3984 2512//3984 2509//3984
f 2509//3985 2512//3985 2463//3985
f 2509//3986 2463//3986 2459//3986
f 2459//3987 2463//3987 2426//3987
f 2459//3988 2426//3988 2421//3988
f 2421//3989 2426//3989 2425//3989
f 2421//3990 2425//3990 2420//3990
f 2420//3991 2425//3991 2386//3991
f 2420//3992 2386//3992 2382//3992
f 2382//3993 2386//3993 2385//3993
f 2382//3994 2385//3994 2381//3994
f 2381//3995 2385//3995 2424//3995
f 2381//3996 2424//3996 2419//3996
f 2419//3997 2424//3997 2423//3997
f 2419//3998 2423//3998 2418//3998
f 2418//3999 2423//3999 2461//3999
f 2418//4000 2461//4000 2457//4000
f 2457//4001 2461//4001 2462//4001
f 2457//4002 2462//4002 2458//4002
f 2458//4003 2462//4003 2511//4003
f 2458//4004 2511//4004 2508//4004
f 2457//4005 2420//4005 2382//4005
f 2457//4006 2458//4006 2420//4006
f 2420//4007 2458//4007 2508//4007
f 2419//4008 2418//4008 2457//4008
f 2419//4009 2457//4009 2381//4009
f 2381//4010 2457//4010 2382//4010
f 2421//4011 2420//4011 2459//4011
f 2459//4012 2420//4012 2508//4012
f 2459//4013 2508//4013 2509//4013
f 1054//4014 1057//4014 1058//4014
f 1054//4015 1058//4015 1055//4015
f 1055//4016 1058//4016 1162//4016
f 1055//4017 1162//4017 1158//4017
f 1158//4018 1162//4018 1163//4018
f 1158//4019 1163//4019 1159//4019
f 1159//4020 1163//4020 1059//4020
f 1159//4021 1059//4021 1056//4021
f 1056//4022 1059//4022 953//4022
f 1056//4023 953//4023 950//4023
f 950//4024 953//4024 952//4024
f 950//4025 952//4025 949//4025
f 949//4026 952//4026 865//4026
f 949//4027 865//4027 861//4027
f 861//4028 865//4028 864//4028
f 861//4029 864//4029 860//4029
f 860//4030 864//4030 951//4030
f 860//4031 951//4031 948//4031
f 948//4032 951//4032 1057//4032
f 948//4033 1057//4033 1054//4033
f 950//4034 1054//4034 1055//4034
f 1054//4035 950//4035 948//4035
f 948//4036 950//4036 949//4036
f 948//4037 949//4037 861//4037
f 861//4038 860//4038 948//4038
f 1159//4039 1056//4039 950//4039
f 1159//4040 950//4040 1158//4040
f 1158//4041 950//4041 1055//4041
f 2719//4042 2723//4042 2722//4042
f 2719//4043 2722//4043 2718//4043
f 2718//4044 2722//4044 2757//4044
f 2718//4045 2757//4045 2755//4045
f 2755//4046 2757//4046 2818//4046
f 2755//4047 2818//4047 2814//4047
f 2814//4048 2818//4048 2819//4048
f 2814//4049 2819//4049 2815//4049
f 2815//4050 2819//4050 2820//4050
f 2815//4051 2820//4051 2816//4051
f 2816//4052 2820//4052 2821//4052
f 2816//4053 2821//4053 2817//4053
f 2817//4054 2821//4054 2758//4054
f 2817//4055 2758//4055 2756//4055
f 2756//4056 2758//4056 2723//4056
f 2756//4057 2723//4057 2719//4057
f 2756//4058 2719//4058 2815//4058
f 2815//4059 2719//4059 2718//4059
f 2756//4060 2815//4060 2817//4060
f 2817//4061 2815//4061 2816//4061
f 2755//4062 2814//4062 2815//4062
f 2755//4063 2815//4063 2718//4063
f 3717//4064 3721//4064 3649//4064
f 3717//4065 3649//4065 3645//4065
f 3645//4066 3649//4066 3648//4066
f 3645//4067 3648//4067 3644//4067
f 3644//4068 3648//4068 3720//4068
f 3644//4069 3720//4069 3716//4069
f 3716//4070 3720//4070 3719//4070
f 3716//4071 3719//4071 3715//4071
f 3715//4072 3719//4072 3774//4072
f 3715//4073 3774//4073 3769//4073
f 3769//4074 3774//4074 3848//4074
f 3769//4075 3848//4075 3847//4075
f 3847//4076 3848//4076 3775//4076
f 3847//4077 3775//4077 3770//4077
f 3770//4078 3775//4078 3776//4078
f 3770//4079 3776//4079 3771//4079
f 3771//4080 3776//4080 3721//4080
f 3771//4081 3721//4081 3717//4081
f 3770//4082 3771//4082 3715//4082
f 3715//4083 3771//4083 3717//4083
f 3644//4084 3716//4084 3645//4084
f 3645//4085 3716//4085 3715//4085
f 3645//4086 3715//4086 3717//4086
f 3769//4087 3847//4087 3770//4087
f 3769//4088 3770//4088 3715//4088
f 4445//4089 4449//4089 4415//4089
f 4445//4090 4415//4090 4398//4090
f 4398//4091 4415//4091 4353//4091
f 4398//4092 4353//4092 4342//4092
f 4342//4093 4353//4093 4352//4093
f 4342//4094 4352//4094 4341//4094
f 4341//4095 4352//4095 4351//4095
f 4341//4096 4351//4096 4340//4096
f 4340//4097 4351//4097 4414//4097
f 4340//4098 4414//4098 4397//4098
f 4397//4099 4414//4099 4448//4099
f 4397//4100 4448//4100 4444//4100
f 4444//4101 4448//4101 4507//4101
f 4444//4102 4507//4102 4501//4102
f 4501//4103 4507//4103 4508//4103
f 4501//4104 4508//4104 4502//4104
f 4502//4105 4508//4105 4509//4105
f 4502//4106 4509//4106 4503//4106
f 4503//4107 4509//4107 4510//4107
f 4503//4108 4510//4108 4504//4108
f 4504//4109 4510//4109 4449//4109
f 4504//4110 4449//4110 4445//4110
f 4502//4111 4503//4111 4340//4111
f 4503//4112 4504//4112 4340//4112
f 4340//4113 4504//4113 4445//4113
f 4340//4114 4445//4114 4398//4114
f 4397//4115 4444//4115 4340//4115
f 4340//4116 4444//4116 4501//4116
f 4340//4117 4501//4117 4502//4117
f 4341//4118 4340//4118 4342//4118
f 4342//4119 4340//4119 4398//4119
f 2690//4120 2703//4120 2704//4120
f 2690//4121 2704//4121 2691//4121
f 2691//4122 2704//4122 2630//4122
f 2691//4123 2630//4123 2626//4123
f 2626//4124 2630//4124 2588//4124
f 2626//4125 2588//4125 2583//4125
f 2583//4126 2588//4126 2560//4126
f 2583//4127 2560//4127 2552//4127
f 2552//4128 2560//4128 2559//4128
f 2552//4129 2559//4129 2551//4129
f 2551//4130 2559//4130 2558//4130
f 2551//4131 2558//4131 2550//4131
f 2550//4132 2558//4132 2587//4132
f 2550//4133 2587//4133 2582//4133
f 2582//4134 2587//4134 2629//4134
f 2582//4135 2629//4135 2625//4135
f 2625//4136 2629//4136 2702//4136
f 2625//4137 2702//4137 2689//4137
f 2689//4138 2702//4138 2703//4138
f 2552//4139 2689//4139 2690//4139
f 2551//4140 2550//4140 2552//4140
f 2552//4141 2550//4141 2582//4141
f 2552//4142 2582//4142 2625//4142
f 2552//4143 2625//4143 2689//4143
f 2583//4144 2552//4144 2690//4144
f 2583//4145 2690//4145 2626//4145
f 2626//4146 2690//4146 2691//4146
f 142//4147 156//4147 209//4147
f 142//4148 209//4148 191//4148
f 191//4149 209//4149 260//4149
f 191//4150 260//4150 250//4150
f 250//4151 260//4151 261//4151
f 250//4152 261//4152 251//4152
f 251//4153 261//4153 210//4153
f 251//4154 210//4154 192//4154
f 192//4155 210//4155 157//4155
f 192//4156 157//4156 143//4156
f 143//4157 157//4157 105//4157
f 143//4158 105//4158 99//4158
f 99//4159 105//4159 104//4159
f 99//4160 104//4160 98//4160
f 98//4161 104//4161 103//4161
f 98//4162 103//4162 97//4162
f 97//4163 103//4163 102//4163
f 97//4164 102//4164 96//4164
f 96//4165 102//4165 156//4165
f 96//4166 156//4166 142//4166
f 97//4167 96//4167 192//4167
f 192//4168 96//4168 142//4168
f 192//4169 142//4169 251//4169
f 98//4170 97//4170 192//4170
f 98//4171 192//4171 99//4171
f 99//4172 192//4172 143//4172
f 251//4173 142//4173 250//4173
f 250//4174 142//4174 191//4174
f 2556//4175 2564//4175 2563//4175
f 2556//4176 2563//4176 2555//4176
f 2555//4177 2563//4177 2562//4177
f 2555//4178 2562//4178 2554//4178
f 2692//4179 2705//4179 2706//4179
f 2692//4180 2706//4180 2693//4180
f 2693//4181 2706//4181 2707//4181
f 2693//4182 2707//4182 2694//4182
f 2694//4183 2707//4183 2708//4183
f 2694//4184 2708//4184 2695//4184
f 2695//4185 2708//4185 2632//4185
f 2695//4186 2632//4186 2628//4186
f 2628//4187 2632//4187 2590//4187
f 2628//4188 2590//4188 2585//4188
f 2585//4189 2590//4189 2565//4189
f 2585//4190 2565//4190 2557//4190
f 2557//4191 2565//4191 2564//4191
f 2557//4192 2564//4192 2556//4192
f 2694//4193 2695//4193 2628//4193
f 2585//4194 2557//4194 2692//4194
f 2692//4195 2557//4195 2556//4195
f 2692//4196 2556//4196 2627//4196
f 2627//4197 2556//4197 2555//4197
f 2585//4198 2692//4198 2628//4198
f 2628//4199 2692//4199 2693//4199
f 2628//4200 2693//4200 2694//4200
f 2627//4201 2555//4201 2554//4201
f 2627//4202 2554//4202 2584//4202
f 1245//4203 1248//4203 1247//4203
f 1245//4204 1247//4204 1244//4204
f 1244//4205 1247//4205 1306//4205
f 1244//4206 1306//4206 1303//4206
f 1303//4207 1306//4207 1355//4207
f 1303//4208 1355//4208 1350//4208
f 1350//4209 1355//4209 1356//4209
f 1350//4210 1356//4210 1351//4210
f 1351//4211 1356//4211 1357//4211
f 1351//4212 1357//4212 1352//4212
f 1352//4213 1357//4213 1307//4213
f 1352//4214 1307//4214 1304//4214
f 1304//4215 1307//4215 1249//4215
f 1304//4216 1249//4216 1246//4216
f 1246//4217 1249//4217 1248//4217
f 1246//4218 1248//4218 1245//4218
f 1350//4219 1351//4219 1303//4219
f 1304//4220 1246//4220 1245//4220
f 1304//4221 1245//4221 1352//4221
f 1352//4222 1245//4222 1244//4222
f 1352//4223 1244//4223 1351//4223
f 1351//4224 1244//4224 1303//4224
f 3505//4225 3510//4225 3541//4225
f 3505//4226 3541//4226 3539//4226
f 3539//4227 3541//4227 3577//4227
f 3539//4228 3577//4228 3573//4228
f 3573//4229 3577//4229 3602//4229
f 3573//4230 3602//4230 3600//4230
f 3600//4231 3602//4231 3603//4231
f 3600//4232 3603//4232 3601//4232
f 3601//4233 3603//4233 3578//4233
f 3601//4234 3578//4234 3574//4234
f 3574//4235 3578//4235 3542//4235
f 3574//4236 3542//4236 3540//4236
f 3540//4237 3542//4237 3512//4237
f 3540//4238 3512//4238 3507//4238
f 3507//4239 3512//4239 3511//4239
f 3507//4240 3511//4240 3506//4240
f 3506//4241 3511//4241 3510//4241
f 3506//4242 3510//4242 3505//4242
f 3574//4243 3540//4243 3507//4243
f 3539//4244 3573//4244 3600//4244
f 3601//4245 3574//4245 3539//4245
f 3601//4246 3539//4246 3600//4246
f 3539//4247 3574//4247 3505//4247
f 3505//4248 3574//4248 3507//4248
f 3505//4249 3507//4249 3506//4249
f 3614//4250 3622//4250 3621//4250
f 3614//4251 3621//4251 3613//4251
f 3613//4252 3621//4252 3679//4252
f 3613//4253 3679//4253 3667//4253
f 3667//4254 3679//4254 3750//4254
f 3667//4255 3750//4255 3732//4255
f 3732//4256 3750//4256 3817//4256
f 3732//4257 3817//4257 3801//4257
f 3801//4258 3817//4258 3818//4258
f 3801//4259 3818//4259 3802//4259
f 3802//4260 3818//4260 3819//4260
f 3802//4261 3819//4261 3803//4261
f 3803//4262 3819//4262 3820//4262
f 3803//4263 3820//4263 3804//4263
f 3804//4264 3820//4264 3751//4264
f 3804//4265 3751//4265 3733//4265
f 3733//4266 3751//4266 3680//4266
f 3733//4267 3680//4267 3668//4267
f 3668//4268 3680//4268 3623//4268
f 3668//4269 3623//4269 3615//4269
f 3615//4270 3623//4270 3622//4270
f 3615//4271 3622//4271 3614//4271
f 3668//4272 3615//4272 3614//4272
f 3732//4273 3801//4273 3668//4273
f 3667//4274 3732//4274 3613//4274
f 3613//4275 3732//4275 3668//4275
f 3613//4276 3668//4276 3614//4276
f 3804//4277 3733//4277 3803//4277
f 3803//4278 3733//4278 3668//4278
f 3803//4279 3668//4279 3802//4279
f 3802//4280 3668//4280 3801//4280
f 1177//4281 1182//4281 1269//4281
f 1177//4282 1269//4282 1262//4282
f 1262//4283 1269//4283 1270//4283
f 1262//4284 1270//4284 1263//4284
f 1263//4285 1270//4285 1183//4285
f 1263//4286 1183//4286 1178//4286
f 1178//4287 1183//4287 1184//4287
f 1178//4288 1184//4288 1179//4288
f 1179//4289 1184//4289 1097//4289
f 1179//4290 1097//4290 1076//4290
f 972//4291 993//4291 992//4291
f 972//4292 992//4292 971//4292
f 971//4293 992//4293 901//4293
f 971//4294 901//4294 892//4294
f 892//4295 901//4295 991//4295
f 892//4296 991//4296 970//4296
f 970//4297 991//4297 990//4297
f 970//4298 990//4298 969//4298
f 969//4299 990//4299 1096//4299
f 969//4300 1096//4300 1075//4300
f 1075//4301 1096//4301 1182//4301
f 1075//4302 1182//4302 1177//4302
f 970//4303 1178//4303 1179//4303
f 1177//4304 1262//4304 970//4304
f 970//4305 1262//4305 1263//4305
f 970//4306 1263//4306 1178//4306
f 971//4307 892//4307 972//4307
f 972//4308 892//4308 970//4308
f 972//4309 970//4309 1076//4309
f 1076//4310 970//4310 1179//4310
f 969//4311 1075//4311 970//4311
f 970//4312 1075//4312 1177//4312
f 980//4313 995//4313 994//4313
f 980//4314 994//4314 979//4314
f 979//4315 994//4315 1098//4315
f 979//4316 1098//4316 1084//4316
f 1084//4317 1098//4317 1185//4317
f 1084//4318 1185//4318 1180//4318
f 1180//4319 1185//4319 1271//4319
f 1180//4320 1271//4320 1264//4320
f 1264//4321 1271//4321 1272//4321
f 1264//4322 1272//4322 1265//4322
f 1265//4323 1272//4323 1186//4323
f 1265//4324 1186//4324 1181//4324
f 1181//4325 1186//4325 1099//4325
f 1181//4326 1099//4326 1085//4326
f 1085//4327 1099//4327 996//4327
f 1085//4328 996//4328 981//4328
f 981//4329 996//4329 903//4329
f 981//4330 903//4330 897//4330
f 897//4331 903//4331 995//4331
f 897//4332 995//4332 980//4332
f 981//4333 1180//4333 1264//4333
f 1084//4334 1180//4334 981//4334
f 1084//4335 981//4335 979//4335
f 1181//4336 1085//4336 1265//4336
f 1265//4337 1085//4337 981//4337
f 1265//4338 981//4338 1264//4338
f 981//4339 897//4339 980//4339
f 981//4340 980//4340 979//4340
f 3739//4341 3752//4341 3822//4341
f 3739//4342 3822//4342 3810//4342
f 3810//4343 3822//4343 3823//4343
f 3810//4344 3823//4344 3811//4344
f 3811//4345 3823//4345 3824//4345
f 3811//4346 3824//4346 3812//4346
f 3812//4347 3824//4347 3753//4347
f 3812//4348 3753//4348 3740//4348
f 3740//4349 3753//4349 3682//4349
f 3740//4350 3682//4350 3673//4350
f 3673//4351 3682//4351 3627//4351
f 3673//4352 3627//4352 3620//4352
f 3620//4353 3627//4353 3626//4353
f 3620//4354 3626//4354 3619//4354
f 3619//4355 3626//4355 3625//4355
f 3619//4356 3625//4356 3618//4356
f 3618//4357 3625//4357 3681//4357
f 3618//4358 3681//4358 3672//4358
f 3672//4359 3681//4359 3752//4359
f 3672//4360 3752//4360 3739//4360
f 3618//4361 3812//4361 3740//4361
f 3618//4362 3672//4362 3739//4362
f 3811//4363 3812//4363 3810//4363
f 3810//4364 3812//4364 3618//4364
f 3810//4365 3618//4365 3739//4365
f 3620//4366 3619//4366 3673//4366
f 3673//4367 3619//4367 3618//4367
f 3673//4368 3618//4368 3740//4368
f 1003//4369 998//4369 906//4369
f 1200//4370 1193//4370 1321//4370
f 2282//4371 2280//4371 2445//4371
f 3244//4372 3238//4372 3410//4372
f 3694//4373 3687//4373 3686//4373
f 3025//4374 3019//4374 2935//4374
f 1995//4375 1993//4375 1929//4375
f 1199//4376 1108//4376 1275//4376
f 1995//4377 1933//4377 2132//4377
f 2132//4378 1933//4378 2136//4378
f 2132//4379 2136//4379 2209//4379
f 2209//4380 2136//4380 2448//4380
f 2209//4381 2448//4381 2281//4381
f 3025//4382 2937//4382 3199//4382
f 3199//4383 2937//4383 3205//4383
f 3199//4384 3205//4384 3243//4384
f 3243//4385 3205//4385 3418//4385
f 3838//4386 3833//4386 3702//4386
f 3702//4387 3833//4387 3694//4387
f 3894//4388 3834//4388 3838//4388
f 3838//4389 3834//4389 3833//4389
f 3703//4390 3699//4390 3839//4390
f 3839//4391 3699//4391 3835//4391
f 3244//4392 3422//4392 3208//4392
f 3244//4393 3208//4393 3200//4393
f 3200//4394 3208//4394 3026//4394
f 3026//4395 3208//4395 2974//4395
f 2449//4396 2210//4396 2282//4396
f 2210//4397 2449//4397 2214//4397
f 2210//4398 2214//4398 1996//4398
f 1996//4399 2214//4399 1936//4399
f 1322//4400 1110//4400 1200//4400
f 1110//4401 1322//4401 1109//4401
f 1109//4402 1322//4402 1113//4402
f 1109//4403 1113//4403 1004//4403
f 1004//4404 1113//4404 910//4404
f 1275//4405 1108//4405 1007//4405
f 1007//4406 1108//4406 1002//4406
f 1007//4407 1002//4407 909//4407
f 909//4408 1002//4408 1003//4408
f 1995//4409 1929//4409 1933//4409
f 1933//4410 1929//4410 1509//4410
f 1933//4411 1509//4411 1510//4411
f 1510//4412 1509//4412 1274//4412
f 1510//4413 1274//4413 1275//4413
f 1275//4414 1274//4414 1192//4414
f 1275//4415 1192//4415 1199//4415
f 3025//4416 2935//4416 2937//4416
f 2937//4417 2935//4417 2637//4417
f 2937//4418 2637//4418 2642//4418
f 2642//4419 2637//4419 2444//4419
f 2642//4420 2444//4420 2448//4420
f 2448//4421 2444//4421 2279//4421
f 2448//4422 2279//4422 2281//4422
f 3694//4423 3686//4423 3702//4423
f 3702//4424 3686//4424 3524//4424
f 3702//4425 3524//4425 3532//4425
f 3532//4426 3524//4426 3409//4426
f 3532//4427 3409//4427 3418//4427
f 3418//4428 3409//4428 3237//4428
f 3418//4429 3237//4429 3243//4429
f 3835//4430 3826//4430 3839//4430
f 3839//4431 3826//4431 3881//4431
f 3839//4432 3881//4432 3895//4432
f 3895//4433 3881//4433 3880//4433
f 3895//4434 3880//4434 3894//4434
f 3894//4435 3880//4435 3825//4435
f 3894//4436 3825//4436 3834//4436
f 3244//4437 3410//4437 3422//4437
f 3422//4438 3410//4438 3561//4438
f 3422//4439 3561//4439 3565//4439
f 3565//4440 3561//4440 3688//4440
f 3565//4441 3688//4441 3703//4441
f 3703//4442 3688//4442 3699//4442
f 2282//4443 2445//4443 2449//4443
f 2449//4444 2445//4444 2710//4444
f 2449//4445 2710//4445 2714//4445
f 2714//4446 2710//4446 2963//4446
f 2714//4447 2963//4447 2974//4447
f 2974//4448 2963//4448 3020//4448
f 2974//4449 3020//4449 3026//4449
f 1200//4450 1321//4450 1322//4450
f 1322//4451 1321//4451 1583//4451
f 1322//4452 1583//4452 1585//4452
f 1585//4453 1583//4453 1930//4453
f 1585//4454 1930//4454 1936//4454
f 1936//4455 1930//4455 1994//4455
f 1936//4456 1994//4456 1996//4456
f 1003//4457 906//4457 909//4457
f 909//4458 906//4458 810//4458
f 909//4459 810//4459 816//4459
f 816//4460 810//4460 907//4460
f 816//4461 907//4461 910//4461
f 910//4462 907//4462 999//4462
f 910//4463 999//4463 1004//4463
f 2136//4464 1933//4464 2072//4464
f 2072//4465 1933//4465 1510//4465
f 2072//4466 1510//4466 1997//4466
f 1997//4467 1510//4467 1275//4467
f 1997//4468 1275//4468 1934//4468
f 1934//4469 1275//4469 1007//4469
f 1934//4470 1007//4470 1874//4470
f 2072//4471 2320//4471 2136//4471
f 2136//4472 2320//4472 2358//4472
f 2136//4473 2358//4473 2448//4473
f 2448//4474 2358//4474 2542//4474
f 2448//4475 2542//4475 2642//4475
f 2642//4476 2542//4476 2643//4476
f 2642//4477 2643//4477 2937//4477
f 2937//4478 2643//4478 2859//4478
f 2937//4479 2859//4479 3205//4479
f 3205//4480 2859//4480 2972//4480
f 3205//4481 2972//4481 3418//4481
f 3418//4482 2972//4482 3114//4482
f 3418//4483 3114//4483 3532//4483
f 3532//4484 3114//4484 3251//4484
f 3532//4485 3251//4485 3702//4485
f 3702//4486 3251//4486 3336//4486
f 3702//4487 3336//4487 3838//4487
f 3838//4488 3336//4488 3378//4488
f 3838//4489 3378//4489 3894//4489
f 3894//4490 3378//4490 3419//4490
f 3894//4491 3419//4491 3895//4491
f 3895//4492 3419//4492 3421//4492
f 3895//4493 3421//4493 3839//4493
f 3839//4494 3421//4494 3380//4494
f 3839//4495 3380//4495 3703//4495
f 3703//4496 3380//4496 3337//4496
f 3703//4497 3337//4497 3565//4497
f 3565//4498 3337//4498 3252//4498
f 3565//4499 3252//4499 3422//4499
f 3422//4500 3252//4500 3115//4500
f 3422//4501 3115//4501 3208//4501
f 3208//4502 3115//4502 2973//4502
f 3208//4503 2973//4503 2974//4503
f 2974//4504 2973//4504 2939//4504
f 2974//4505 2939//4505 2714//4505
f 2714//4506 2939//4506 2753//4506
f 2714//4507 2753//4507 2449//4507
f 2449//4508 2753//4508 2572//4508
f 2449//4509 2572//4509 2214//4509
f 2572//4510 2408//4510 2214//4510
f 2214//4511 2408//4511 2321//4511
f 2214//4512 2321//4512 1936//4512
f 1936//4513 2321//4513 2137//4513
f 1874//4514 1007//4514 1784//4514
f 1784//4515 1007//4515 909//4515
f 1784//4516 909//4516 1786//4516
f 1786//4517 909//4517 816//4517
f 1786//4518 816//4518 1788//4518
f 1788//4519 816//4519 910//4519
f 1788//4520 910//4520 1935//4520
f 1935//4521 910//4521 1113//4521
f 1935//4522 1113//4522 1998//4522
f 1998//4523 1113//4523 1322//4523
f 1998//4524 1322//4524 2137//4524
f 2137//4525 1322//4525 1585//4525
f 2137//4526 1585//4526 1936//4526
f 3129//4527 3263//4527 3214//4527
f 3215//4528 3265//4528 3179//4528
f 3179//4529 3265//4529 3129//4529
f 3129//4530 3265//4530 3264//4530
f 3129//4531 3264//4531 3263//4531
f 3127//4532 3128//4532 3178//4532
f 3178//4533 3128//4533 3129//4533
f 3178//4534 3129//4534 3177//4534
f 3177//4535 3129//4535 3214//4535
f 2371//4536 2370//4536 2222//4536
f 2222//4537 2370//4537 2369//4537
f 2220//4538 2221//4538 2285//4538
f 2285//4539 2221//4539 2222//4539
f 2285//4540 2222//4540 2369//4540
f 2285//4541 2369//4541 2324//4541
f 2286//4542 2325//4542 2222//4542
f 2222//4543 2325//4543 2372//4543
f 2222//4544 2372//4544 2371//4544
f 2497//4545 2496//4545 2374//4545
f 2453//4546 2497//4546 2412//4546
f 2412//4547 2497//4547 2375//4547
f 2375//4548 2497//4548 2374//4548
f 2411//4549 2373//4549 2374//4549
f 2452//4550 2411//4550 2495//4550
f 2495//4551 2411//4551 2374//4551
f 2495//4552 2374//4552 2496//4552
f 3265//4553 3260//4553 3259//4553
f 3265//4554 3259//4554 3264//4554
f 3264//4555 3259//4555 3258//4555
f 3264//4556 3258//4556 3263//4556
f 3263//4557 3258//4557 3211//4557
f 3263//4558 3211//4558 3214//4558
f 3214//4559 3211//4559 3171//4559
f 3214//4560 3171//4560 3177//4560
f 3177//4561 3171//4561 3172//4561
f 3177//4562 3172//4562 3178//4562
f 3178//4563 3172//4563 3120//4563
f 3178//4564 3120//4564 3127//4564
f 3127//4565 3120//4565 3121//4565
f 3127//4566 3121//4566 3128//4566
f 3128//4567 3121//4567 3122//4567
f 3128//4568 3122//4568 3129//4568
f 3129//4569 3122//4569 3173//4569
f 3129//4570 3173//4570 3179//4570
f 3179//4571 3173//4571 3212//4571
f 3179//4572 3212//4572 3215//4572
f 3215//4573 3212//4573 3260//4573
f 3215//4574 3260//4574 3265//4574
f 2371//4575 2363//4575 2362//4575
f 2371//4576 2362//4576 2370//4576
f 2370//4577 2362//4577 2361//4577
f 2370//4578 2361//4578 2369//4578
f 2369//4579 2361//4579 2322//4579
f 2369//4580 2322//4580 2324//4580
f 2324//4581 2322//4581 2283//4581
f 2324//4582 2283//4582 2285//4582
f 2285//4583 2283//4583 2216//4583
f 2285//4584 2216//4584 2220//4584
f 2220//4585 2216//4585 2217//4585
f 2220//4586 2217//4586 2221//4586
f 2221//4587 2217//4587 2218//4587
f 2221//4588 2218//4588 2222//4588
f 2222//4589 2218//4589 2284//4589
f 2222//4590 2284//4590 2286//4590
f 2286//4591 2284//4591 2323//4591
f 2286//4592 2323//4592 2325//4592
f 2325//4593 2323//4593 2364//4593
f 2325//4594 2364//4594 2372//4594
f 2372//4595 2364//4595 2363//4595
f 2372//4596 2363//4596 2371//4596
f 2497//4597 2493//4597 2492//4597
f 2497//4598 2492//4598 2496//4598
f 2496//4599 2492//4599 2491//4599
f 2496//4600 2491//4600 2495//4600
f 2495//4601 2491//4601 2450//4601
f 2495//4602 2450//4602 2452//4602
f 2452//4603 2450//4603 2409//4603
f 2452//4604 2409//4604 2411//4604
f 2411//4605 2409//4605 2365//4605
f 2411//4606 2365//4606 2373//4606
f 2373//4607 2365//4607 2366//4607
f 2373//4608 2366//4608 2374//4608
f 2374//4609 2366//4609 2367//4609
f 2374//4610 2367//4610 2375//4610
f 2375//4611 2367//4611 2410//4611
f 2375//4612 2410//4612 2412//4612
f 2412//4613 2410//4613 2451//4613
f 2412//4614 2451//4614 2453//4614
f 2453//4615 2451//4615 2493//4615
f 2453//4616 2493//4616 2497//4616
f 2218//4617 1876//4617 2284//4617
f 2284//4618 1876//4618 1789//4618
f 1789//4619 1877//4619 2284//4619
f 2284//4620 1877//4620 1938//4620
f 2284//4621 1938//4621 2323//4621
f 2362//4622 2608//4622 2361//4622
f 2361//4623 2608//4623 2490//4623
f 2361//4624 2490//4624 2322//4624
f 2322//4625 2490//4625 2360//4625
f 2322//4626 2360//4626 2283//4626
f 2283//4627 2360//4627 2215//4627
f 3170//4628 3077//4628 2362//4628
f 2362//4629 3077//4629 2940//4629
f 2362//4630 2940//4630 2809//4630
f 2362//4631 2809//4631 2608//4631
f 3173//4632 2810//4632 2941//4632
f 2283//4633 2215//4633 2216//4633
f 2216//4634 2215//4634 2033//4634
f 2216//4635 2033//4635 2217//4635
f 2217//4636 2033//4636 1973//4636
f 2217//4637 1973//4637 2218//4637
f 2218//4638 1973//4638 1937//4638
f 2218//4639 1937//4639 1876//4639
f 2941//4640 3078//4640 3173//4640
f 3173//4641 3078//4641 3174//4641
f 3173//4642 3174//4642 3212//4642
f 1938//4643 2409//4643 3121//4643
f 3121//4644 2409//4644 2450//4644
f 3121//4645 2450//4645 3122//4645
f 3122//4646 2450//4646 2491//4646
f 3122//4647 2491//4647 3173//4647
f 3174//4648 3316//4648 3212//4648
f 3212//4649 3316//4649 3342//4649
f 3212//4650 3342//4650 3260//4650
f 3260//4651 3342//4651 3387//4651
f 3260//4652 3387//4652 3386//4652
f 3260//4653 3386//4653 3259//4653
f 3259//4654 3386//4654 3385//4654
f 3173//4655 2491//4655 2492//4655
f 3173//4656 2492//4656 2810//4656
f 2810//4657 2492//4657 2493//4657
f 2810//4658 2493//4658 2609//4658
f 2609//4659 2493//4659 2494//4659
f 2494//4660 2493//4660 2451//4660
f 2494//4661 2451//4661 2368//4661
f 2368//4662 2451//4662 2410//4662
f 2368//4663 2410//4663 2219//4663
f 2219//4664 2410//4664 2367//4664
f 2219//4665 2367//4665 2034//4665
f 2034//4666 2367//4666 2366//4666
f 2034//4667 2366//4667 1974//4667
f 1974//4668 2366//4668 2365//4668
f 1974//4669 2365//4669 1938//4669
f 1938//4670 2365//4670 2409//4670
f 2323//4671 1938//4671 2364//4671
f 2364//4672 1938//4672 3121//4672
f 2364//4673 3121//4673 2363//4673
f 2363//4674 3121//4674 3120//4674
f 2363//4675 3120//4675 2362//4675
f 2362//4676 3120//4676 3172//4676
f 2362//4677 3172//4677 3170//4677
f 3170//4678 3172//4678 3171//4678
f 3170//4679 3171//4679 3315//4679
f 3315//4680 3171//4680 3211//4680
f 3315//4681 3211//4681 3341//4681
f 3341//4682 3211//4682 3258//4682
f 3341//4683 3258//4683 3385//4683
f 3385//4684 3258//4684 3259//4684
f 3342//4685 3380//4685 3421//4685
f 3342//4686 3421//4686 3387//4686
f 3387//4687 3421//4687 3420//4687
f 3387//4688 3420//4688 3386//4688
f 3386//4689 3420//4689 3419//4689
f 3386//4690 3419//4690 3385//4690
f 3419//4691 3379//4691 3385//4691
f 3385//4692 3379//4692 3378//4692
f 3385//4693 3378//4693 3341//4693
f 3378//4694 3377//4694 3341//4694
f 3341//4695 3377//4695 3336//4695
f 3341//4696 3336//4696 3315//4696
f 3315//4697 3336//4697 3307//4697
f 3315//4698 3307//4698 3170//4698
f 3307//4699 3251//4699 3170//4699
f 3170//4700 3251//4700 3206//4700
f 3170//4701 3206//4701 3077//4701
f 3206//4702 3114//4702 3077//4702
f 3077//4703 3114//4703 3073//4703
f 3077//4704 3073//4704 2940//4704
f 3073//4705 2972//4705 2940//4705
f 2940//4706 2972//4706 2938//4706
f 2940//4707 2938//4707 2809//4707
f 2938//4708 2859//4708 2809//4708
f 2809//4709 2859//4709 2807//4709
f 2809//4710 2807//4710 2608//4710
f 2807//4711 2643//4711 2608//4711
f 2608//4712 2643//4712 2606//4712
f 2608//4713 2606//4713 2490//4713
f 2490//4714 2606//4714 2542//4714
f 2542//4715 2488//4715 2490//4715
f 2490//4716 2488//4716 2358//4716
f 2490//4717 2358//4717 2360//4717
f 2360//4718 2358//4718 2320//4718
f 2360//4719 2320//4719 2215//4719
f 2320//4720 2212//4720 2215//4720
f 2215//4721 2212//4721 2072//4721
f 2215//4722 2072//4722 2033//4722
f 2033//4723 2072//4723 2031//4723
f 2033//4724 2031//4724 1973//4724
f 2031//4725 1997//4725 1973//4725
f 1973//4726 1997//4726 1971//4726
f 1973//4727 1971//4727 1937//4727
f 1937//4728 1971//4728 1934//4728
f 1937//4729 1934//4729 1874//4729
f 1937//4730 1874//4730 1784//4730
f 1937//4731 1784//4731 1876//4731
f 1876//4732 1784//4732 1785//4732
f 1876//4733 1785//4733 1789//4733
f 1789//4734 1785//4734 1786//4734
f 1789//4735 1786//4735 1877//4735
f 1786//4736 1787//4736 1877//4736
f 1877//4737 1787//4737 1788//4737
f 1877//4738 1788//4738 1938//4738
f 1788//4739 1875//4739 1938//4739
f 1938//4740 1875//4740 1935//4740
f 1938//4741 1935//4741 1974//4741
f 1974//4742 1935//4742 1972//4742
f 1974//4743 1972//4743 2034//4743
f 1972//4744 1998//4744 2034//4744
f 2034//4745 1998//4745 2032//4745
f 2034//4746 2032//4746 2219//4746
f 2032//4747 2137//4747 2219//4747
f 2219//4748 2137//4748 2213//4748
f 2219//4749 2213//4749 2368//4749
f 2213//4750 2321//4750 2368//4750
f 2368//4751 2321//4751 2359//4751
f 2368//4752 2359//4752 2494//4752
f 2359//4753 2408//4753 2494//4753
f 2494//4754 2408//4754 2489//4754
f 2494//4755 2489//4755 2609//4755
f 2489//4756 2572//4756 2609//4756
f 2609//4757 2572//4757 2607//4757
f 2609//4758 2607//4758 2810//4758
f 2810//4759 2607//4759 2753//4759
f 2753//4760 2808//4760 2810//4760
f 2810//4761 2808//4761 2939//4761
f 2810//4762 2939//4762 2941//4762
f 2941//4763 2939//4763 2973//4763
f 2941//4764 2973//4764 3078//4764
f 2973//4765 3074//4765 3078//4765
f 3078//4766 3074//4766 3115//4766
f 3078//4767 3115//4767 3174//4767
f 3174//4768 3115//4768 3207//4768
f 3174//4769 3207//4769 3316//4769
f 3207//4770 3252//4770 3316//4770
f 3316//4771 3252//4771 3308//4771
f 3316//4772 3308//4772 3342//4772
f 3342//4773 3308//4773 3337//4773
f 3342//4774 3337//4774 3380//4774
f 3337//4775 3308//4775 3252//4775
f 3252//4776 3207//4776 3115//4776
f 3115//4777 3074//4777 2973//4777
f 2939//4778 2808//4778 2753//4778
f 2572//4779 2753//4779 2607//4779
f 2572//4780 2489//4780 2408//4780
f 2408//4781 2359//4781 2321//4781
f 2137//4782 2321//4782 2213//4782
f 1972//4783 1935//4783 1998//4783
f 2137//4784 2032//4784 1998//4784
f 1935//4785 1875//4785 1788//4785
f 1788//4786 1787//4786 1786//4786
f 1786//4787 1785//4787 1784//4787
f 1934//4788 1971//4788 1997//4788
f 1997//4789 2031//4789 2072//4789
f 2072//4790 2212//4790 2320//4790
f 2358//4791 2488//4791 2542//4791
f 2643//4792 2542//4792 2606//4792
f 2643//4793 2807//4793 2859//4793
f 2859//4794 2938//4794 2972//4794
f 3114//4795 2972//4795 3073//4795
f 3307//4796 3336//4796 3251//4796
f 3114//4797 3206//4797 3251//4797
f 3336//4798 3377//4798 3378//4798
f 3378//4799 3379//4799 3419//4799
f 3419//4800 3420//4800 3421//4800
f 1707//4801 1715//4801 1724//4801
f 1731//4802 1724//4802 1715//4802
f 1724//4803 1615//4803 1707//4803
f 1707//4804 1615//4804 1606//4804
f 1628//4805 1731//4805 1627//4805
f 1628//4806 1627//4806 1615//4806
f 1615//4807 1627//4807 1614//4807
f 1614//4808 1606//4808 1615//4808
f 1628//4809 1615//4809 1724//4809
f 1628//4810 1724//4810 1731//4810
f 1795//4811 1833//4811 1912//4811
f 2235//4812 2231//4812 2144//4812
f 2091//4813 2235//4813 2144//4813
f 2091//4814 2144//4814 2045//4814
f 2045//4815 2144//4815 2075//4815
f 2045//4816 2075//4816 2007//4816
f 2007//4817 2075//4817 1795//4817
f 2007//4818 1795//4818 1978//4818
f 2175//4819 2251//4819 2170//4819
f 2170//4820 2251//4820 2235//4820
f 2170//4821 2235//4821 2167//4821
f 2167//4822 2235//4822 2091//4822
f 1795//4823 1948//4823 1939//4823
f 1795//4824 1939//4824 1978//4824
f 1912//4825 1900//4825 1795//4825
f 1795//4826 1900//4826 1896//4826
f 1795//4827 1896//4827 1948//4827
f 2143//4828 2075//4828 2144//4828
f 2143//4829 2144//4829 2231//4829
f 2143//4830 2231//4830 2230//4830
f 2230//4831 2231//4831 2235//4831
f 2230//4832 2235//4832 2234//4832
f 2235//4833 2251//4833 2234//4833
f 2234//4834 2251//4834 2250//4834
f 1795//4835 1794//4835 1833//4835
f 1833//4836 1794//4836 1832//4836
f 1795//4837 2075//4837 1794//4837
f 1794//4838 2075//4838 2143//4838
f 2170//4839 2171//4839 2175//4839
f 2175//4840 2171//4840 2176//4840
f 1896//4841 1949//4841 1948//4841
f 1948//4842 1949//4842 1940//4842
f 1948//4843 1940//4843 1939//4843
f 1939//4844 1940//4844 1979//4844
f 1939//4845 1979//4845 1978//4845
f 1978//4846 1979//4846 2007//4846
f 2045//4847 2092//4847 2091//4847
f 2091//4848 2092//4848 2168//4848
f 2091//4849 2168//4849 2167//4849
f 2167//4850 2168//4850 2171//4850
f 2167//4851 2171//4851 2170//4851
f 1794//4852 2143//4852 2044//4852
f 2143//4853 2090//4853 2087//4853
f 2143//4854 2087//4854 2044//4854
f 2234//4855 2250//4855 2174//4855
f 2044//4856 2006//4856 1794//4856
f 1794//4857 2006//4857 1977//4857
f 1794//4858 1977//4858 1947//4858
f 2174//4859 2169//4859 2234//4859
f 2234//4860 2169//4860 2166//4860
f 2234//4861 2166//4861 2090//4861
f 2234//4862 2090//4862 2230//4862
f 2230//4863 2090//4863 2143//4863
f 1911//4864 1832//4864 1899//4864
f 1899//4865 1832//4865 1794//4865
f 1899//4866 1794//4866 1955//4866
f 1955//4867 1794//4867 1947//4867
f 1796//4868 1795//4868 1696//4868
f 1795//4869 2076//4869 2007//4869
f 2145//4870 2092//4870 2076//4870
f 2076//4871 2092//4871 2045//4871
f 2076//4872 2045//4872 2007//4872
f 2235//4873 2251//4873 2176//4873
f 2007//4874 1979//4874 1795//4874
f 1795//4875 1979//4875 1940//4875
f 1795//4876 1940//4876 1949//4876
f 2176//4877 2171//4877 2235//4877
f 2235//4878 2171//4878 2168//4878
f 2235//4879 2168//4879 2092//4879
f 2235//4880 2092//4880 2231//4880
f 2231//4881 2092//4881 2145//4881
f 1912//4882 1833//4882 1900//4882
f 1900//4883 1833//4883 1795//4883
f 1896//4884 1795//4884 1949//4884
f 1898//4885 1899//4885 1955//4885
f 1898//4886 1955//4886 1954//4886
f 1954//4887 1955//4887 1947//4887
f 1954//4888 1947//4888 1946//4888
f 1946//4889 1947//4889 1977//4889
f 2006//4890 2044//4890 2043//4890
f 2043//4891 2044//4891 2087//4891
f 2043//4892 2087//4892 2086//4892
f 2086//4893 2087//4893 2090//4893
f 2086//4894 2090//4894 2160//4894
f 2160//4895 2090//4895 2166//4895
f 1899//4896 1898//4896 1911//4896
f 1911//4897 1898//4897 1910//4897
f 1796//4898 2077//4898 1795//4898
f 1795//4899 2077//4899 2076//4899
f 2076//4900 2077//4900 2146//4900
f 2076//4901 2146//4901 2145//4901
f 2145//4902 2146//4902 2152//4902
f 2145//4903 2152//4903 2231//4903
f 2231//4904 2152//4904 2236//4904
f 2231//4905 2236//4905 2235//4905
f 2236//4906 2252//4906 2235//4906
f 2235//4907 2252//4907 2251//4907
f 1696//4908 1795//4908 1750//4908
f 1750//4909 1795//4909 1833//4909
f 1794//4910 1832//4910 1910//4910
f 2233//4911 2230//4911 2228//4911
f 2160//4912 2233//4912 2228//4912
f 2160//4913 2228//4913 2086//4913
f 2086//4914 2228//4914 2143//4914
f 2086//4915 2143//4915 2043//4915
f 2043//4916 2143//4916 1881//4916
f 2043//4917 1881//4917 2006//4917
f 2174//4918 2249//4918 2169//4918
f 2169//4919 2249//4919 2233//4919
f 2169//4920 2233//4920 2166//4920
f 2166//4921 2233//4921 2160//4921
f 1794//4922 1946//4922 1881//4922
f 1881//4923 1946//4923 1977//4923
f 1881//4924 1977//4924 2006//4924
f 1910//4925 1898//4925 1794//4925
f 1794//4926 1898//4926 1954//4926
f 1794//4927 1954//4927 1946//4927
f 1881//4928 1880//4928 1794//4928
f 1696//4929 1750//4929 1913//4929
f 2236//4930 2152//4930 2146//4930
f 2093//4931 2236//4931 2146//4931
f 2093//4932 2146//4932 2046//4932
f 2046//4933 2146//4933 2077//4933
f 2046//4934 2077//4934 2008//4934
f 2008//4935 2077//4935 1796//4935
f 2008//4936 1796//4936 1980//4936
f 2103//4937 2252//4937 2098//4937
f 2098//4938 2252//4938 2236//4938
f 2098//4939 2236//4939 2096//4939
f 2096//4940 2236//4940 2093//4940
f 1796//4941 1891//4941 1941//4941
f 1796//4942 1941//4942 1980//4942
f 1913//4943 1901//4943 1696//4943
f 1696//4944 1901//4944 1897//4944
f 1696//4945 1897//4945 1891//4945
f 1696//4946 1891//4946 1796//4946
f 2142//4947 2143//4947 2228//4947
f 2142//4948 2228//4948 2227//4948
f 2227//4949 2228//4949 2230//4949
f 2227//4950 2230//4950 2229//4950
f 2229//4951 2230//4951 2233//4951
f 2229//4952 2233//4952 2294//4952
f 2233//4953 2249//4953 2294//4953
f 2294//4954 2249//4954 2299//4954
f 1794//4955 1880//4955 1832//4955
f 1832//4956 1880//4956 1909//4956
f 1881//4957 2143//4957 1880//4957
f 1880//4958 2143//4958 2142//4958
f 1901//4959 1902//4959 1897//4959
f 1941//4960 1981//4960 1980//4960
f 1980//4961 1981//4961 2009//4961
f 1980//4962 2009//4962 2008//4962
f 2008//4963 2009//4963 2046//4963
f 1902//4964 1901//4964 1914//4964
f 1914//4965 1901//4965 1913//4965
f 1880//4966 2142//4966 2042//4966
f 2227//4967 2159//4967 2142//4967
f 2142//4968 2159//4968 2085//4968
f 2142//4969 2085//4969 2042//4969
f 2294//4970 2299//4970 2248//4970
f 2042//4971 2005//4971 1880//4971
f 1880//4972 2005//4972 1976//4972
f 1880//4973 1976//4973 1945//4973
f 2248//4974 2245//4974 2294//4974
f 2294//4975 2245//4975 2165//4975
f 2294//4976 2165//4976 2159//4976
f 2294//4977 2159//4977 2229//4977
f 2229//4978 2159//4978 2227//4978
f 1966//4979 1909//4979 1958//4979
f 1958//4980 1909//4980 1880//4980
f 1958//4981 1880//4981 1953//4981
f 1953//4982 1880//4982 1945//4982
f 1698//4983 1797//4983 1697//4983
f 1797//4984 2077//4984 2009//4984
f 2147//4985 2093//4985 2077//4985
f 2077//4986 2093//4986 2046//4986
f 2077//4987 2046//4987 2009//4987
f 2237//4988 2253//4988 2103//4988
f 2009//4989 1981//4989 1797//4989
f 1797//4990 1981//4990 1941//4990
f 1797//4991 1941//4991 1891//4991
f 2103//4992 2098//4992 2237//4992
f 2237//4993 2098//4993 2096//4993
f 2237//4994 2096//4994 2093//4994
f 2237//4995 2093//4995 2153//4995
f 2153//4996 2093//4996 2147//4996
f 1914//4997 1751//4997 1902//4997
f 1902//4998 1751//4998 1697//4998
f 1902//4999 1697//4999 1897//4999
f 1897//5000 1697//5000 1891//5000
f 1697//5001 1797//5001 1891//5001
f 2244//5002 2245//5002 2247//5002
f 2247//5003 2245//5003 2248//5003
f 1953//5004 1945//5004 1987//5004
f 1987//5005 1945//5005 1976//5005
f 1976//5006 2005//5006 2004//5006
f 2004//5007 2005//5007 2042//5007
f 2004//5008 2042//5008 2041//5008
f 2041//5009 2042//5009 2085//5009
f 2159//5010 2165//5010 2242//5010
f 2242//5011 2165//5011 2245//5011
f 2242//5012 2245//5012 2244//5012
f 1698//5013 2078//5013 1797//5013
f 1797//5014 2078//5014 2077//5014
f 2077//5015 2078//5015 2079//5015
f 2077//5016 2079//5016 2147//5016
f 2147//5017 2079//5017 2154//5017
f 2147//5018 2154//5018 2153//5018
f 2153//5019 2154//5019 2161//5019
f 2153//5020 2161//5020 2237//5020
f 2161//5021 2177//5021 2237//5021
f 2237//5022 2177//5022 2253//5022
f 1698//5023 1697//5023 1752//5023
f 1752//5024 1697//5024 1751//5024
f 1879//5025 1908//5025 1966//5025
f 2293//5026 2291//5026 2226//5026
f 2159//5027 2293//5027 2226//5027
f 2159//5028 2226//5028 2085//5028
f 2085//5029 2226//5029 2141//5029
f 2085//5030 2141//5030 2041//5030
f 2041//5031 2141//5031 1879//5031
f 2041//5032 1879//5032 2004//5032
f 2247//5033 2298//5033 2244//5033
f 2244//5034 2298//5034 2293//5034
f 2244//5035 2293//5035 2242//5035
f 2242//5036 2293//5036 2159//5036
f 1879//5037 1987//5037 1976//5037
f 1879//5038 1976//5038 2004//5038
f 1966//5039 1958//5039 1879//5039
f 1879//5040 1958//5040 1953//5040
f 1879//5041 1953//5041 1987//5041
f 1698//5042 1752//5042 1834//5042
f 2161//5043 2154//5043 2079//5043
f 2048//5044 2161//5044 2079//5044
f 2048//5045 2079//5045 2010//5045
f 2010//5046 2079//5046 2078//5046
f 2010//5047 2078//5047 1982//5047
f 1982//5048 2078//5048 1698//5048
f 1982//5049 1698//5049 1942//5049
f 2104//5050 2177//5050 2099//5050
f 2099//5051 2177//5051 2161//5051
f 2099//5052 2161//5052 2097//5052
f 2097//5053 2161//5053 2048//5053
f 1698//5054 1892//5054 1885//5054
f 1698//5055 1885//5055 1942//5055
f 1834//5056 1821//5056 1698//5056
f 1698//5057 1821//5057 1819//5057
f 1698//5058 1819//5058 1892//5058
f 2225//5059 2141//5059 2226//5059
f 2225//5060 2226//5060 2291//5060
f 2225//5061 2291//5061 2290//5061
f 2290//5062 2291//5062 2293//5062
f 2290//5063 2293//5063 2292//5063
f 2293//5064 2298//5064 2292//5064
f 2292//5065 2298//5065 2297//5065
f 1879//5066 1878//5066 1908//5066
f 1908//5067 1878//5067 1907//5067
f 1879//5068 2141//5068 1878//5068
f 1878//5069 2141//5069 2225//5069
f 2037//5070 2038//5070 2080//5070
f 2037//5071 2080//5071 2079//5071
f 2079//5072 2080//5072 2088//5072
f 2079//5073 2088//5073 2154//5073
f 2154//5074 2088//5074 2094//5074
f 2154//5075 2094//5075 2161//5075
f 2161//5076 2094//5076 2162//5076
f 1821//5077 1822//5077 1820//5077
f 1821//5078 1820//5078 1819//5078
f 1819//5079 1820//5079 1893//5079
f 1819//5080 1893//5080 1892//5080
f 1892//5081 1893//5081 1886//5081
f 1892//5082 1886//5082 1885//5082
f 1885//5083 1886//5083 1942//5083
f 1982//5084 2011//5084 2010//5084
f 2010//5085 2011//5085 2049//5085
f 2010//5086 2049//5086 2048//5086
f 2048//5087 2049//5087 2097//5087
f 1822//5088 1821//5088 1835//5088
f 1835//5089 1821//5089 1834//5089
f 2038//5090 2037//5090 1699//5090
f 1699//5091 2037//5091 1698//5091
f 2162//5092 2178//5092 2161//5092
f 2161//5093 2178//5093 2177//5093
f 1878//5094 2225//5094 2040//5094
f 2225//5095 2158//5095 2084//5095
f 2225//5096 2084//5096 2040//5096
f 2292//5097 2297//5097 2246//5097
f 2040//5098 2003//5098 1878//5098
f 1878//5099 2003//5099 1975//5099
f 1878//5100 1975//5100 1986//5100
f 2246//5101 2243//5101 2292//5101
f 2292//5102 2243//5102 2241//5102
f 2292//5103 2241//5103 2158//5103
f 2292//5104 2158//5104 2290//5104
f 2290//5105 2158//5105 2225//5105
f 1965//5106 1907//5106 1957//5106
f 1957//5107 1907//5107 1878//5107
f 1957//5108 1878//5108 1952//5108
f 1952//5109 1878//5109 1986//5109
f 1596//5110 1597//5110 1589//5110
f 1596//5111 1589//5111 1588//5111
f 1588//5112 1589//5112 1514//5112
f 1596//5113 1693//5113 1597//5113
f 1597//5114 1693//5114 1694//5114
f 1694//5115 1589//5115 1597//5115
f 1694//5116 1687//5116 1589//5116
f 2254//5117 2238//5117 2335//5117
f 2335//5118 2238//5118 2331//5118
f 711//5119 820//5119 712//5119
f 490//5120 489//5120 479//5120
f 479//5121 489//5121 478//5121
f 479//5122 478//5122 470//5122
f 470//5123 478//5123 618//5123
f 711//5124 601//5124 618//5124
f 711//5125 712//5125 601//5125
f 601//5126 712//5126 602//5126
f 479//5127 471//5127 377//5127
f 479//5128 377//5128 376//5128
f 489//5129 638//5129 478//5129
f 478//5130 638//5130 625//5130
f 478//5131 625//5131 617//5131
f 478//5132 617//5132 618//5132
f 618//5133 601//5133 471//5133
f 618//5134 471//5134 470//5134
f 470//5135 471//5135 479//5135
f 479//5136 376//5136 490//5136
f 490//5137 376//5137 377//5137
f 490//5138 377//5138 383//5138
f 1460//5139 1532//5139 1531//5139
f 1460//5140 1531//5140 1459//5140
f 1405//5141 1406//5141 1472//5141
f 1472//5142 1406//5142 1459//5142
f 1472//5143 1459//5143 1531//5143
f 1532//5144 1606//5144 1614//5144
f 1532//5145 1614//5145 1531//5145
f 1531//5146 1614//5146 1545//5146
f 1599//5147 1695//5147 1598//5147
f 1598//5148 1695//5148 1606//5148
f 1606//5149 1695//5149 1708//5149
f 1606//5150 1708//5150 1707//5150
f 1521//5151 1606//5151 1532//5151
f 1598//5152 1606//5152 1521//5152
f 1460//5153 1521//5153 1532//5153
f 1598//5154 1521//5154 1599//5154
f 737//5155 748//5155 747//5155
f 746//5156 845//5156 735//5156
f 735//5157 845//5157 838//5157
f 735//5158 838//5158 823//5158
f 823//5159 838//5159 822//5159
f 822//5160 911//5160 823//5160
f 735//5161 823//5161 736//5161
f 735//5162 736//5162 746//5162
f 824//5163 912//5163 913//5163
f 913//5164 912//5164 1011//5164
f 747//5165 746//5165 737//5165
f 737//5166 746//5166 736//5166
f 737//5167 736//5167 824//5167
f 824//5168 736//5168 823//5168
f 824//5169 823//5169 912//5169
f 912//5170 823//5170 911//5170
f 1011//5171 912//5171 1010//5171
f 2035//5172 2289//5172 2080//5172
f 2080//5173 2289//5173 2327//5173
f 2080//5174 2327//5174 2148//5174
f 2148//5175 2327//5175 2329//5175
f 2148//5176 2329//5176 2232//5176
f 2232//5177 2329//5177 2331//5177
f 2232//5178 2331//5178 2238//5178
f 1999//5179 2139//5179 2035//5179
f 2035//5180 2139//5180 2223//5180
f 2035//5181 2223//5181 2289//5181
f 915//5182 916//5182 817//5182
f 617//5183 740//5183 722//5183
f 722//5184 740//5184 739//5184
f 913//5185 1011//5185 1012//5185
f 820//5186 711//5186 819//5186
f 1012//5187 914//5187 913//5187
f 913//5188 914//5188 824//5188
f 824//5189 914//5189 825//5189
f 748//5190 737//5190 738//5190
f 748//5191 738//5191 749//5191
f 749//5192 738//5192 739//5192
f 749//5193 739//5193 624//5193
f 749//5194 624//5194 750//5194
f 750//5195 624//5195 625//5195
f 750//5196 625//5196 638//5196
f 820//5197 819//5197 918//5197
f 918//5198 917//5198 916//5198
f 918//5199 916//5199 1014//5199
f 916//5200 818//5200 817//5200
f 817//5201 818//5201 827//5201
f 827//5202 818//5202 723//5202
f 827//5203 723//5203 722//5203
f 818//5204 819//5204 710//5204
f 818//5205 710//5205 723//5205
f 739//5206 738//5206 722//5206
f 722//5207 738//5207 825//5207
f 722//5208 825//5208 827//5208
f 827//5209 825//5209 826//5209
f 827//5210 826//5210 817//5210
f 817//5211 826//5211 915//5211
f 722//5212 723//5212 617//5212
f 617//5213 723//5213 618//5213
f 618//5214 723//5214 710//5214
f 618//5215 710//5215 711//5215
f 711//5216 710//5216 819//5216
f 819//5217 818//5217 918//5217
f 918//5218 818//5218 917//5218
f 917//5219 818//5219 916//5219
f 916//5220 915//5220 1014//5220
f 1014//5221 915//5221 1013//5221
f 1011//5222 1013//5222 1012//5222
f 1012//5223 1013//5223 914//5223
f 914//5224 1013//5224 915//5224
f 914//5225 915//5225 825//5225
f 825//5226 915//5226 826//5226
f 825//5227 826//5227 824//5227
f 824//5228 825//5228 737//5228
f 737//5229 825//5229 738//5229
f 739//5230 740//5230 624//5230
f 624//5231 740//5231 617//5231
f 624//5232 617//5232 625//5232
f 474//5233 473//5233 468//5233
f 384//5234 381//5234 385//5234
f 385//5235 381//5235 382//5235
f 474//5236 468//5236 469//5236
f 469//5237 468//5237 611//5237
f 469//5238 611//5238 612//5238
f 612//5239 611//5239 610//5239
f 612//5240 610//5240 717//5240
f 717//5241 610//5241 716//5241
f 715//5242 716//5242 609//5242
f 609//5243 716//5243 610//5243
f 609//5244 610//5244 467//5244
f 467//5245 610//5245 611//5245
f 467//5246 611//5246 468//5246
f 467//5247 468//5247 373//5247
f 373//5248 468//5248 473//5248
f 317//5249 381//5249 384//5249
f 317//5250 384//5250 320//5250
f 607//5251 715//5251 608//5251
f 608//5252 715//5252 609//5252
f 608//5253 609//5253 466//5253
f 466//5254 609//5254 467//5254
f 466//5255 467//5255 372//5255
f 372//5256 467//5256 373//5256
f 372//5257 373//5257 316//5257
f 375//5258 382//5258 374//5258
f 374//5259 382//5259 381//5259
f 374//5260 381//5260 380//5260
f 380//5261 381//5261 317//5261
f 380//5262 317//5262 316//5262
f 316//5263 317//5263 320//5263
f 316//5264 320//5264 319//5264
f 606//5265 607//5265 608//5265
f 606//5266 608//5266 465//5266
f 465//5267 608//5267 466//5267
f 465//5268 466//5268 367//5268
f 367//5269 466//5269 371//5269
f 371//5270 466//5270 372//5270
f 371//5271 372//5271 315//5271
f 315//5272 372//5272 316//5272
f 605//5273 606//5273 464//5273
f 464//5274 606//5274 465//5274
f 464//5275 465//5275 367//5275
f 464//5276 367//5276 370//5276
f 370//5277 367//5277 371//5277
f 370//5278 371//5278 314//5278
f 314//5279 371//5279 315//5279
f 714//5280 605//5280 604//5280
f 604//5281 605//5281 463//5281
f 463//5282 605//5282 464//5282
f 463//5283 464//5283 462//5283
f 462//5284 464//5284 369//5284
f 369//5285 464//5285 370//5285
f 369//5286 370//5286 379//5286
f 379//5287 370//5287 314//5287
f 379//5288 314//5288 313//5288
f 713//5289 714//5289 603//5289
f 603//5290 714//5290 604//5290
f 603//5291 604//5291 463//5291
f 603//5292 463//5292 461//5292
f 461//5293 463//5293 462//5293
f 461//5294 462//5294 472//5294
f 472//5295 462//5295 369//5295
f 472//5296 369//5296 368//5296
f 368//5297 369//5297 378//5297
f 378//5298 369//5298 379//5298
f 378//5299 379//5299 313//5299
f 378//5300 313//5300 318//5300
f 318//5301 313//5301 314//5301
f 318//5302 314//5302 319//5302
f 319//5303 314//5303 315//5303
f 319//5304 315//5304 316//5304
f 380//5305 316//5305 373//5305
f 380//5306 373//5306 374//5306
f 374//5307 373//5307 473//5307
f 374//5308 473//5308 375//5308
f 375//5309 473//5309 474//5309
f 712//5310 713//5310 603//5310
f 712//5311 603//5311 602//5311
f 602//5312 603//5312 601//5312
f 601//5313 603//5313 461//5313
f 601//5314 461//5314 471//5314
f 471//5315 461//5315 472//5315
f 471//5316 472//5316 368//5316
f 471//5317 368//5317 377//5317
f 377//5318 368//5318 378//5318
f 377//5319 378//5319 383//5319
f 383//5320 378//5320 318//5320
f 1395//5321 1394//5321 1452//5321
f 1452//5322 1394//5322 1451//5322
f 1453//5323 1452//5323 1520//5323
f 1520//5324 1452//5324 1513//5324
f 1520//5325 1513//5325 1595//5325
f 1595//5326 1513//5326 1594//5326
f 1595//5327 1594//5327 1605//5327
f 1595//5328 1605//5328 1714//5328
f 1714//5329 1605//5329 1705//5329
f 1714//5330 1705//5330 1713//5330
f 1714//5331 1713//5331 1723//5331
f 1723//5332 1713//5332 1722//5332
f 1396//5333 1395//5333 1453//5333
f 1453//5334 1395//5334 1452//5334
f 1452//5335 1451//5335 1513//5335
f 1513//5336 1451//5336 1519//5336
f 1513//5337 1519//5337 1594//5337
f 1594//5338 1519//5338 1593//5338
f 1594//5339 1593//5339 1605//5339
f 1605//5340 1593//5340 1705//5340
f 1705//5341 1593//5341 1712//5341
f 1705//5342 1712//5342 1713//5342
f 1713//5343 1712//5343 1722//5343
f 1722//5344 1712//5344 1721//5344
f 2094//5345 2088//5345 2080//5345
f 2105//5346 2178//5346 2100//5346
f 2100//5347 2178//5347 2162//5347
f 2050//5348 2051//5348 2162//5348
f 2162//5349 2051//5349 2100//5349
f 1600//5350 1656//5350 1733//5350
f 1733//5351 1656//5351 1753//5351
f 2162//5352 2094//5352 2050//5352
f 2050//5353 2094//5353 2080//5353
f 2050//5354 2080//5354 2012//5354
f 2012//5355 2080//5355 2038//5355
f 2012//5356 2038//5356 1983//5356
f 1983//5357 2038//5357 1699//5357
f 1600//5358 1887//5358 1699//5358
f 1699//5359 1887//5359 1943//5359
f 1699//5360 1943//5360 1983//5360
f 1733//5361 1726//5361 1600//5361
f 1600//5362 1726//5362 1810//5362
f 1600//5363 1810//5363 1887//5363
f 1698//5364 2037//5364 1982//5364
f 2079//5365 2049//5365 2037//5365
f 2037//5366 2049//5366 2011//5366
f 2037//5367 2011//5367 1982//5367
f 2161//5368 2177//5368 2104//5368
f 1698//5369 1942//5369 1886//5369
f 1698//5370 1886//5370 1893//5370
f 2104//5371 2099//5371 2161//5371
f 2161//5372 2097//5372 2049//5372
f 2161//5373 2049//5373 2154//5373
f 2154//5374 2049//5374 2079//5374
f 1835//5375 1752//5375 1822//5375
f 1822//5376 1752//5376 1698//5376
f 1822//5377 1698//5377 1820//5377
f 1820//5378 1698//5378 1893//5378
f 1699//5379 1698//5379 1600//5379
f 1802//5380 1808//5380 1809//5380
f 1809//5381 1808//5381 1817//5381
f 1809//5382 1817//5382 1818//5382
f 1694//5383 1706//5383 1802//5383
f 1687//5384 1694//5384 2140//5384
f 2140//5385 2138//5385 1687//5385
f 1687//5386 2138//5386 1589//5386
f 1589//5387 2138//5387 1514//5387
f 2138//5388 2139//5388 1514//5388
f 1514//5389 2139//5389 1454//5389
f 2330//5390 2331//5390 2329//5390
f 2327//5391 2289//5391 2288//5391
f 2223//5392 2225//5392 2288//5392
f 2328//5393 2288//5393 2290//5393
f 2138//5394 2140//5394 2223//5394
f 2223//5395 2140//5395 2224//5395
f 2223//5396 2224//5396 2225//5396
f 2329//5397 2327//5397 2326//5397
f 2326//5398 2327//5398 2288//5398
f 2289//5399 2223//5399 2287//5399
f 2289//5400 2287//5400 2288//5400
f 2328//5401 2330//5401 2329//5401
f 2328//5402 2329//5402 2326//5402
f 2288//5403 2287//5403 2223//5403
f 2328//5404 2326//5404 2288//5404
f 2138//5405 2223//5405 2139//5405
f 2335//5406 2331//5406 2334//5406
f 2331//5407 2330//5407 2334//5407
f 2298//5408 2247//5408 2248//5408
f 2335//5409 2299//5409 2249//5409
f 2252//5410 2103//5410 2253//5410
f 2334//5411 2246//5411 2297//5411
f 2249//5412 2174//5412 2250//5412
f 2249//5413 2250//5413 2335//5413
f 2335//5414 2250//5414 2251//5414
f 2248//5415 2299//5415 2298//5415
f 2298//5416 2299//5416 2335//5416
f 2298//5417 2335//5417 2297//5417
f 2175//5418 2176//5418 2251//5418
f 2335//5419 2251//5419 2252//5419
f 2335//5420 2252//5420 2254//5420
f 2254//5421 2252//5421 2253//5421
f 2105//5422 2056//5422 2178//5422
f 2178//5423 2056//5423 2179//5423
f 2334//5424 2297//5424 2335//5424
f 2253//5425 2177//5425 2254//5425
f 2254//5426 2177//5426 2255//5426
f 2255//5427 2177//5427 2178//5427
f 2255//5428 2178//5428 2179//5428
f 1956//5429 1957//5429 1952//5429
f 1956//5430 1952//5430 1951//5430
f 1951//5431 1952//5431 1986//5431
f 1951//5432 1986//5432 1985//5432
f 1985//5433 1986//5433 1975//5433
f 1985//5434 1975//5434 2002//5434
f 2002//5435 1975//5435 2003//5435
f 2002//5436 2003//5436 2040//5436
f 2083//5437 2040//5437 2084//5437
f 2083//5438 2084//5438 2151//5438
f 2151//5439 2084//5439 2158//5439
f 2151//5440 2158//5440 2157//5440
f 2157//5441 2158//5441 2241//5441
f 2157//5442 2241//5442 2240//5442
f 2240//5443 2241//5443 2243//5443
f 1957//5444 1956//5444 1965//5444
f 1965//5445 1956//5445 1964//5445
f 1817//5446 1830//5446 1831//5446
f 1817//5447 1831//5447 1818//5447
f 1514//5448 1454//5448 1396//5448
f 1453//5449 1514//5449 1396//5449
f 1694//5450 1693//5450 1595//5450
f 1595//5451 1693//5451 1596//5451
f 1595//5452 1596//5452 1520//5452
f 1520//5453 1596//5453 1588//5453
f 1520//5454 1588//5454 1453//5454
f 1453//5455 1588//5455 1514//5455
f 1694//5456 1595//5456 1706//5456
f 1706//5457 1595//5457 1714//5457
f 1706//5458 1714//5458 1802//5458
f 1802//5459 1714//5459 1808//5459
f 1714//5460 1723//5460 1808//5460
f 1808//5461 1723//5461 1817//5461
f 1747//5462 1723//5462 1722//5462
f 1747//5463 1722//5463 1746//5463
f 1746//5464 1722//5464 1721//5464
f 1746//5465 1721//5465 1745//5465
f 1695//5466 1522//5466 1708//5466
f 1708//5467 1522//5467 1533//5467
f 1715//5468 1707//5468 1708//5468
f 1708//5469 1716//5469 1715//5469
f 1738//5470 1731//5470 1725//5470
f 1715//5471 1716//5471 1731//5471
f 1725//5472 1731//5472 1716//5472
f 1738//5473 1725//5473 1732//5473
f 1732//5474 1749//5474 1748//5474
f 1732//5475 1748//5475 1738//5475
f 1734//5476 1733//5476 1754//5476
f 1754//5477 1733//5477 1753//5477
f 1733//5478 1734//5478 1727//5478
f 1733//5479 1727//5479 1726//5479
f 1726//5480 1727//5480 1811//5480
f 1726//5481 1811//5481 1810//5481
f 1810//5482 1811//5482 1803//5482
f 1810//5483 1803//5483 1887//5483
f 1887//5484 1803//5484 1888//5484
f 1887//5485 1888//5485 1943//5485
f 1943//5486 1888//5486 1984//5486
f 1943//5487 1984//5487 1983//5487
f 1983//5488 1984//5488 2013//5488
f 1983//5489 2013//5489 2012//5489
f 2012//5490 2013//5490 2014//5490
f 2012//5491 2014//5491 2050//5491
f 2050//5492 2014//5492 2052//5492
f 2050//5493 2052//5493 2051//5493
f 2051//5494 2052//5494 2053//5494
f 2051//5495 2053//5495 2100//5495
f 2100//5496 2053//5496 2105//5496
f 2105//5497 2053//5497 2056//5497
f 2239//5498 2238//5498 2255//5498
f 2255//5499 2238//5499 2254//5499
f 2239//5500 2255//5500 2163//5500
f 2163//5501 2255//5501 2179//5501
f 2036//5502 2039//5502 2035//5502
f 2035//5503 2039//5503 1999//5503
f 1999//5504 2039//5504 2001//5504
f 2163//5505 2089//5505 2155//5505
f 2036//5506 2081//5506 2039//5506
f 2080//5507 2148//5507 2149//5507
f 2036//5508 2035//5508 2081//5508
f 2089//5509 2081//5509 2149//5509
f 2089//5510 2149//5510 2155//5510
f 2239//5511 2163//5511 2155//5511
f 2035//5512 2073//5512 2081//5512
f 2081//5513 2073//5513 2148//5513
f 2081//5514 2148//5514 2149//5514
f 2238//5515 2239//5515 2232//5515
f 2232//5516 2239//5516 2155//5516
f 2232//5517 2155//5517 2148//5517
f 2148//5518 2155//5518 2149//5518
f 2080//5519 2148//5519 2073//5519
f 2080//5520 2073//5520 2035//5520
f 718//5521 717//5521 1999//5521
f 718//5522 1999//5522 734//5522
f 734//5523 1999//5523 2001//5523
f 613//5524 718//5524 734//5524
f 718//5525 612//5525 717//5525
f 385//5526 382//5526 484//5526
f 484//5527 382//5527 474//5527
f 613//5528 734//5528 619//5528
f 613//5529 619//5529 474//5529
f 612//5530 718//5530 613//5530
f 612//5531 613//5531 469//5531
f 469//5532 613//5532 474//5532
f 375//5533 474//5533 382//5533
f 385//5534 404//5534 403//5534
f 385//5535 403//5535 384//5535
f 384//5536 403//5536 333//5536
f 384//5537 333//5537 320//5537
f 320//5538 333//5538 330//5538
f 320//5539 330//5539 319//5539
f 319//5540 330//5540 328//5540
f 319//5541 328//5541 318//5541
f 318//5542 328//5542 401//5542
f 318//5543 401//5543 383//5543
f 666//5544 638//5544 489//5544
f 666//5545 489//5545 524//5545
f 524//5546 489//5546 490//5546
f 524//5547 490//5547 525//5547
f 525//5548 490//5548 383//5548
f 525//5549 383//5549 401//5549
f 750//5550 638//5550 775//5550
f 775//5551 638//5551 666//5551
f 750//5552 775//5552 749//5552
f 749//5553 775//5553 774//5553
f 749//5554 774//5554 748//5554
f 748//5555 774//5555 773//5555
f 748//5556 773//5556 772//5556
f 748//5557 772//5557 747//5557
f 747//5558 772//5558 771//5558
f 747//5559 771//5559 746//5559
f 746//5560 771//5560 874//5560
f 746//5561 874//5561 845//5561
f 1400//5562 1399//5562 1211//5562
f 1211//5563 1399//5563 1277//5563
f 1399//5564 1400//5564 1456//5564
f 1399//5565 1456//5565 1455//5565
f 1455//5566 1456//5566 1527//5566
f 1455//5567 1527//5567 1604//5567
f 1604//5568 1527//5568 1611//5568
f 1604//5569 1611//5569 1610//5569
f 1610//5570 1611//5570 1720//5570
f 1610//5571 1720//5571 1719//5571
f 1719//5572 1720//5572 1729//5572
f 1719//5573 1729//5573 1728//5573
f 1728//5574 1729//5574 1736//5574
f 1728//5575 1736//5575 1735//5575
f 1736//5576 1743//5576 1735//5576
f 1735//5577 1743//5577 1742//5577
f 1138//5578 1132//5578 1131//5578
f 1121//5579 1211//5579 1210//5579
f 1121//5580 1210//5580 1128//5580
f 1128//5581 1210//5581 1127//5581
f 1128//5582 1127//5582 1025//5582
f 1025//5583 1127//5583 1031//5583
f 1031//5584 1127//5584 1132//5584
f 1031//5585 1132//5585 1138//5585
f 1031//5586 1138//5586 1035//5586
f 1131//5587 1132//5587 1127//5587
f 1211//5588 1277//5588 1210//5588
f 1127//5589 1210//5589 1215//5589
f 1237//5590 1233//5590 1232//5590
f 1232//5591 1233//5591 1293//5591
f 1232//5592 1293//5592 1292//5592
f 1292//5593 1293//5593 1280//5593
f 1292//5594 1280//5594 1279//5594
f 1279//5595 1280//5595 1335//5595
f 1408//5596 1465//5596 1464//5596
f 1464//5597 1465//5597 1537//5597
f 1464//5598 1537//5598 1536//5598
f 1536//5599 1537//5599 1548//5599
f 1536//5600 1548//5600 1619//5600
f 1619//5601 1548//5601 1631//5601
f 1241//5602 1046//5602 1047//5602
f 1325//5603 1400//5603 1213//5603
f 1213//5604 1400//5604 1212//5604
f 1400//5605 1325//5605 1458//5605
f 1400//5606 1458//5606 1457//5606
f 1457//5607 1458//5607 1529//5607
f 1457//5608 1529//5608 1528//5608
f 1528//5609 1529//5609 1612//5609
f 1528//5610 1612//5610 1611//5610
f 1611//5611 1612//5611 1620//5611
f 1611//5612 1620//5612 1720//5612
f 1720//5613 1620//5613 1730//5613
f 1720//5614 1730//5614 1729//5614
f 1729//5615 1730//5615 1737//5615
f 1729//5616 1737//5616 1736//5616
f 1737//5617 1744//5617 1736//5617
f 1736//5618 1744//5618 1743//5618
f 1122//5619 1123//5619 1213//5619
f 927//5620 1025//5620 935//5620
f 935//5621 1025//5621 1032//5621
f 935//5622 1032//5622 1036//5622
f 935//5623 1036//5623 940//5623
f 1026//5624 1025//5624 927//5624
f 1213//5625 1212//5625 1121//5625
f 1213//5626 1121//5626 1122//5626
f 1122//5627 1121//5627 1026//5627
f 1026//5628 1121//5628 1128//5628
f 1026//5629 1128//5629 1025//5629
f 1561//5630 1554//5630 1562//5630
f 1562//5631 1554//5631 1555//5631
f 1238//5632 1146//5632 1139//5632
f 1238//5633 1139//5633 1234//5633
f 1281//5634 1282//5634 1336//5634
f 1336//5635 1282//5635 1337//5635
f 1336//5636 1337//5636 1410//5636
f 1336//5637 1410//5637 1409//5637
f 1538//5638 1539//5638 1550//5638
f 1538//5639 1550//5639 1549//5639
f 1549//5640 1550//5640 1555//5640
f 1549//5641 1555//5641 1554//5641
f 1238//5642 1242//5642 1146//5642
f 1146//5643 1242//5643 1152//5643
f 943//5644 1152//5644 1242//5644
f 1327//5645 1326//5645 1124//5645
f 1124//5646 1326//5646 1123//5646
f 1326//5647 1327//5647 1401//5647
f 1326//5648 1401//5648 1458//5648
f 1458//5649 1401//5649 1467//5649
f 1458//5650 1467//5650 1529//5650
f 1529//5651 1467//5651 1540//5651
f 1529//5652 1540//5652 1613//5652
f 1613//5653 1540//5653 1622//5653
f 1613//5654 1622//5654 1621//5654
f 1621//5655 1622//5655 1633//5655
f 1621//5656 1633//5656 1632//5656
f 1632//5657 1633//5657 1639//5657
f 1632//5658 1639//5658 1638//5658
f 1639//5659 1651//5659 1638//5659
f 1638//5660 1651//5660 1650//5660
f 940//5661 936//5661 935//5661
f 1018//5662 1019//5662 1124//5662
f 1019//5663 1018//5663 929//5663
f 929//5664 1018//5664 928//5664
f 929//5665 928//5665 846//5665
f 846//5666 928//5666 936//5666
f 846//5667 936//5667 940//5667
f 846//5668 940//5668 849//5668
f 928//5669 927//5669 936//5669
f 936//5670 927//5670 935//5670
f 1124//5671 1123//5671 1018//5671
f 928//5672 1018//5672 1027//5672
f 1327//5673 1328//5673 1402//5673
f 1402//5674 1468//5674 1467//5674
f 1467//5675 1468//5675 1540//5675
f 1468//5676 1530//5676 1540//5676
f 1540//5677 1530//5677 1541//5677
f 1540//5678 1541//5678 1623//5678
f 1623//5679 1634//5679 1622//5679
f 1623//5680 1622//5680 1540//5680
f 1147//5681 1148//5681 1141//5681
f 1147//5682 1141//5682 1140//5682
f 1140//5683 1141//5683 1228//5683
f 1140//5684 1228//5684 1227//5684
f 1227//5685 1228//5685 1216//5685
f 1283//5686 1339//5686 1338//5686
f 1338//5687 1339//5687 1412//5687
f 1338//5688 1412//5688 1411//5688
f 1411//5689 1412//5689 1474//5689
f 1147//5690 1153//5690 1148//5690
f 1148//5691 1153//5691 1154//5691
f 1153//5692 853//5692 1154//5692
f 1154//5693 853//5693 854//5693
f 1641//5694 1653//5694 1652//5694
f 1641//5695 1652//5695 1640//5695
f 840//5696 839//5696 848//5696
f 848//5697 839//5697 847//5697
f 848//5698 847//5698 850//5698
f 848//5699 850//5699 753//5699
f 929//5700 839//5700 930//5700
f 930//5701 839//5701 840//5701
f 1021//5702 1020//5702 1019//5702
f 1021//5703 1019//5703 921//5703
f 921//5704 1019//5704 930//5704
f 930//5705 1019//5705 929//5705
f 1327//5706 1020//5706 1328//5706
f 1328//5707 1020//5707 1021//5707
f 1328//5708 1021//5708 1329//5708
f 1641//5709 1640//5709 1635//5709
f 1635//5710 1640//5710 1634//5710
f 1635//5711 1634//5711 1624//5711
f 1624//5712 1634//5712 1623//5712
f 1624//5713 1623//5713 1552//5713
f 1552//5714 1623//5714 1542//5714
f 1542//5715 1623//5715 1541//5715
f 1541//5716 1530//5716 1468//5716
f 1413//5717 1329//5717 1403//5717
f 1328//5718 1329//5718 1402//5718
f 1402//5719 1329//5719 1413//5719
f 1402//5720 1413//5720 1468//5720
f 1642//5721 1654//5721 1653//5721
f 1642//5722 1653//5722 1641//5722
f 1564//5723 1557//5723 1489//5723
f 1489//5724 1557//5724 1485//5724
f 1142//5725 1134//5725 1133//5725
f 1133//5726 1134//5726 1218//5726
f 1133//5727 1218//5727 1217//5727
f 1217//5728 1218//5728 1285//5728
f 1217//5729 1285//5729 1284//5729
f 1284//5730 1285//5730 1340//5730
f 1413//5731 1476//5731 1475//5731
f 1475//5732 1476//5732 1480//5732
f 1475//5733 1480//5733 1479//5733
f 1479//5734 1480//5734 1485//5734
f 1479//5735 1485//5735 1557//5735
f 753//5736 750//5736 749//5736
f 828//5737 923//5737 922//5737
f 828//5738 922//5738 842//5738
f 842//5739 922//5739 841//5739
f 741//5740 740//5740 751//5740
f 751//5741 740//5741 750//5741
f 751//5742 750//5742 753//5742
f 751//5743 753//5743 754//5743
f 841//5744 740//5744 741//5744
f 841//5745 741//5745 842//5745
f 740//5746 841//5746 750//5746
f 923//5747 1021//5747 922//5747
f 1329//5748 1021//5748 1330//5748
f 1330//5749 1021//5749 923//5749
f 1415//5750 1470//5750 1469//5750
f 1330//5751 1415//5751 1414//5751
f 1414//5752 1415//5752 1469//5752
f 1329//5753 1330//5753 1403//5753
f 1403//5754 1330//5754 1414//5754
f 1403//5755 1414//5755 1413//5755
f 1413//5756 1414//5756 1469//5756
f 1469//5757 1470//5757 1543//5757
f 1469//5758 1543//5758 1542//5758
f 1553//5759 1636//5759 1635//5759
f 1635//5760 1552//5760 1553//5760
f 1553//5761 1552//5761 1543//5761
f 1543//5762 1552//5762 1542//5762
f 1636//5763 1642//5763 1635//5763
f 1635//5764 1642//5764 1641//5764
f 1636//5765 1553//5765 1625//5765
f 1627//5766 1731//5766 1637//5766
f 1637//5767 1731//5767 1738//5767
f 1637//5768 1738//5768 1643//5768
f 1627//5769 1637//5769 1626//5769
f 1627//5770 1626//5770 1614//5770
f 1614//5771 1626//5771 1544//5771
f 1614//5772 1544//5772 1545//5772
f 1545//5773 1544//5773 1531//5773
f 1331//5774 1332//5774 1405//5774
f 1331//5775 1405//5775 1404//5775
f 1404//5776 1405//5776 1415//5776
f 1415//5777 1405//5777 1472//5777
f 1415//5778 1472//5778 1470//5778
f 1470//5779 1472//5779 1531//5779
f 1470//5780 1531//5780 1471//5780
f 1471//5781 1531//5781 1544//5781
f 1042//5782 1043//5782 1037//5782
f 1042//5783 1037//5783 1143//5783
f 1143//5784 1037//5784 1135//5784
f 1135//5785 1129//5785 1219//5785
f 1219//5786 1129//5786 1220//5786
f 1219//5787 1220//5787 1286//5787
f 1286//5788 1220//5788 1287//5788
f 1286//5789 1287//5789 1341//5789
f 1341//5790 1287//5790 1342//5790
f 1341//5791 1342//5791 1415//5791
f 1415//5792 1342//5792 1419//5792
f 1042//5793 1049//5793 1043//5793
f 1043//5794 1049//5794 1050//5794
f 1049//5795 757//5795 1050//5795
f 1558//5796 1487//5796 1565//5796
f 1565//5797 1487//5797 1491//5797
f 1522//5798 1695//5798 1599//5798
f 832//5799 726//5799 1332//5799
f 1599//5800 1521//5800 1522//5800
f 1522//5801 1521//5801 835//5801
f 835//5802 1521//5802 1460//5802
f 1331//5803 924//5803 830//5803
f 1331//5804 830//5804 1332//5804
f 1332//5805 830//5805 831//5805
f 1332//5806 831//5806 832//5806
f 835//5807 1460//5807 1459//5807
f 833//5808 1406//5808 730//5808
f 730//5809 1406//5809 1405//5809
f 1459//5810 1406//5810 835//5810
f 835//5811 1406//5811 834//5811
f 834//5812 1406//5812 833//5812
f 726//5813 728//5813 1332//5813
f 1332//5814 728//5814 730//5814
f 1332//5815 730//5815 1405//5815
f 654//5816 1052//5816 1051//5816
f 654//5817 1051//5817 653//5817
f 654//5818 655//5818 1052//5818
f 1052//5819 655//5819 507//5819
f 1045//5820 1044//5820 1052//5820
f 1052//5821 1044//5821 1051//5821
f 1044//5822 1045//5822 1039//5822
f 1044//5823 1039//5823 1038//5823
f 1038//5824 1039//5824 1033//5824
f 1038//5825 1033//5825 1136//5825
f 1136//5826 1033//5826 1130//5826
f 1136//5827 1130//5827 1221//5827
f 1221//5828 1130//5828 1222//5828
f 1221//5829 1222//5829 1288//5829
f 1288//5830 1222//5830 1289//5830
f 1288//5831 1289//5831 1343//5831
f 1343//5832 1289//5832 1344//5832
f 1343//5833 1344//5833 1416//5833
f 1416//5834 1344//5834 1420//5834
f 1416//5835 1420//5835 1477//5835
f 1477//5836 1420//5836 1483//5836
f 1477//5837 1483//5837 1482//5837
f 1482//5838 1483//5838 1487//5838
f 1482//5839 1487//5839 1558//5839
f 845//5840 874//5840 873//5840
f 845//5841 873//5841 844//5841
f 844//5842 873//5842 955//5842
f 844//5843 955//5843 934//5843
f 1010//5844 1115//5844 1205//5844
f 822//5845 1009//5845 911//5845
f 911//5846 1009//5846 1115//5846
f 911//5847 1115//5847 912//5847
f 912//5848 1115//5848 1010//5848
f 822//5849 920//5849 1017//5849
f 822//5850 1017//5850 1009//5850
f 838//5851 926//5851 920//5851
f 838//5852 920//5852 822//5852
f 926//5853 838//5853 934//5853
f 934//5854 838//5854 845//5854
f 934//5855 845//5855 844//5855
f 2139//5856 1999//5856 1454//5856
f 1454//5857 1999//5857 717//5857
f 1011//5858 1450//5858 1013//5858
f 1013//5859 1450//5859 1394//5859
f 1013//5860 1394//5860 1014//5860
f 1014//5861 1394//5861 1395//5861
f 1014//5862 1395//5862 918//5862
f 918//5863 1395//5863 1396//5863
f 918//5864 1396//5864 1454//5864
f 918//5865 1454//5865 820//5865
f 1450//5866 1011//5866 1010//5866
f 1450//5867 1010//5867 1205//5867
f 717//5868 716//5868 1454//5868
f 1454//5869 716//5869 715//5869
f 1454//5870 715//5870 607//5870
f 607//5871 606//5871 1454//5871
f 1454//5872 606//5872 605//5872
f 1454//5873 605//5873 714//5873
f 712//5874 820//5874 1454//5874
f 712//5875 1454//5875 713//5875
f 713//5876 1454//5876 714//5876
f 1593//5877 1793//5877 1807//5877
f 1816//5878 1721//5878 1807//5878
f 1807//5879 1721//5879 1712//5879
f 1807//5880 1712//5880 1593//5880
f 1793//5881 1593//5881 1692//5881
f 1593//5882 1519//5882 1692//5882
f 1692//5883 1519//5883 1451//5883
f 1692//5884 1451//5884 1587//5884
f 1587//5885 1451//5885 1394//5885
f 1587//5886 1394//5886 1450//5886
f 1656//5887 1600//5887 1752//5887
f 1752//5888 1600//5888 1698//5888
f 1985//5889 2002//5889 1694//5889
f 1694//5890 2002//5890 2040//5890
f 1694//5891 2040//5891 2140//5891
f 2288//5892 2225//5892 2157//5892
f 1831//5893 1964//5893 1818//5893
f 1818//5894 1964//5894 1956//5894
f 1818//5895 1956//5895 1809//5895
f 1809//5896 1956//5896 1951//5896
f 2040//5897 2083//5897 2140//5897
f 2140//5898 2083//5898 2151//5898
f 2140//5899 2151//5899 2224//5899
f 2224//5900 2151//5900 2157//5900
f 2224//5901 2157//5901 2225//5901
f 2240//5902 2328//5902 2157//5902
f 2157//5903 2328//5903 2290//5903
f 2246//5904 2334//5904 2243//5904
f 2243//5905 2334//5905 2330//5905
f 2243//5906 2330//5906 2240//5906
f 2240//5907 2330//5907 2328//5907
f 1985//5908 1694//5908 1802//5908
f 1985//5909 1802//5909 1951//5909
f 1951//5910 1802//5910 1809//5910
f 2157//5911 2290//5911 2288//5911
f 1830//5912 1817//5912 1747//5912
f 1747//5913 1817//5913 1723//5913
f 1721//5914 1816//5914 1745//5914
f 1745//5915 1816//5915 1829//5915
f 1738//5916 1748//5916 1643//5916
f 1643//5917 1748//5917 1655//5917
f 1749//5918 1732//5918 1565//5918
f 1565//5919 1732//5919 1725//5919
f 1565//5920 1725//5920 1533//5920
f 1533//5921 1725//5921 1716//5921
f 1533//5922 1716//5922 1708//5922
f 526//5923 404//5923 507//5923
f 507//5924 404//5924 385//5924
f 2001//5925 1483//5925 1420//5925
f 1222//5926 734//5926 1289//5926
f 1289//5927 734//5927 2001//5927
f 1289//5928 2001//5928 1344//5928
f 1344//5929 2001//5929 1420//5929
f 2179//5930 2056//5930 2163//5930
f 2163//5931 2056//5931 2053//5931
f 2081//5932 2089//5932 2014//5932
f 2013//5933 2001//5933 2039//5933
f 2013//5934 2039//5934 2014//5934
f 1803//5935 1483//5935 1888//5935
f 1888//5936 1483//5936 2001//5936
f 1888//5937 2001//5937 1984//5937
f 1984//5938 2001//5938 2013//5938
f 1052//5939 507//5939 1045//5939
f 1045//5940 507//5940 385//5940
f 1045//5941 385//5941 1039//5941
f 2163//5942 2053//5942 2052//5942
f 2163//5943 2052//5943 2014//5943
f 2163//5944 2014//5944 2089//5944
f 2039//5945 2081//5945 2014//5945
f 1734//5946 1754//5946 1491//5946
f 385//5947 484//5947 1039//5947
f 1803//5948 1811//5948 1483//5948
f 1483//5949 1811//5949 1727//5949
f 1483//5950 1727//5950 1487//5950
f 1487//5951 1727//5951 1734//5951
f 1487//5952 1734//5952 1491//5952
f 484//5953 474//5953 1039//5953
f 1039//5954 474//5954 619//5954
f 1222//5955 1130//5955 734//5955
f 734//5956 1130//5956 1033//5956
f 734//5957 1033//5957 1039//5957
f 734//5958 1039//5958 619//5958
f 405//5959 526//5959 668//5959
f 405//5960 404//5960 526//5960
f 402//5961 401//5961 328//5961
f 401//5962 402//5962 327//5962
f 402//5963 328//5963 327//5963
f 328//5964 330//5964 329//5964
f 336//5965 335//5965 404//5965
f 404//5966 335//5966 403//5966
f 403//5967 335//5967 334//5967
f 403//5968 334//5968 333//5968
f 333//5969 334//5969 332//5969
f 333//5970 332//5970 330//5970
f 330//5971 332//5971 331//5971
f 330//5972 331//5972 329//5972
f 400//5973 399//5973 524//5973
f 400//5974 524//5974 525//5974
f 400//5975 525//5975 401//5975
f 666//5976 524//5976 665//5976
f 775//5977 666//5977 665//5977
f 775//5978 665//5978 774//5978
f 774//5979 665//5979 664//5979
f 774//5980 664//5980 773//5980
f 874//5981 771//5981 770//5981
f 955//5982 873//5982 874//5982
f 955//5983 874//5983 770//5983
f 955//5984 770//5984 872//5984
f 872//5985 770//5985 769//5985
f 784//5986 235//5986 234//5986
f 784//5987 234//5987 780//5987
f 780//5988 234//5988 232//5988
f 780//5989 232//5989 674//5989
f 778//5990 777//5990 876//5990
f 674//5991 779//5991 780//5991
f 780//5992 779//5992 784//5992
f 783//5993 784//5993 779//5993
f 783//5994 779//5994 882//5994
f 882//5995 779//5995 881//5995
f 880//5996 881//5996 876//5996
f 876//5997 881//5997 877//5997
f 876//5998 877//5998 778//5998
f 879//5999 880//5999 875//5999
f 875//6000 880//6000 876//6000
f 875//6001 876//6001 777//6001
f 779//6002 778//6002 877//6002
f 779//6003 877//6003 881//6003
f 654//6004 667//6004 655//6004
f 667//6005 668//6005 655//6005
f 655//6006 668//6006 526//6006
f 655//6007 526//6007 507//6007
f 678//6008 667//6008 679//6008
f 667//6009 679//6009 668//6009
f 526//6010 668//6010 667//6010
f 776//6011 670//6011 668//6011
f 776//6012 668//6012 679//6012
f 776//6013 679//6013 781//6013
f 777//6014 670//6014 776//6014
f 777//6015 776//6015 875//6015
f 875//6016 776//6016 879//6016
f 879//6017 776//6017 781//6017
f 879//6018 781//6018 782//6018
f 782//6019 781//6019 679//6019
f 1236//6020 1240//6020 1150//6020
f 1742//6021 1648//6021 1735//6021
f 1735//6022 1648//6022 1630//6022
f 1735//6023 1630//6023 1728//6023
f 1728//6024 1630//6024 1719//6024
f 1719//6025 1630//6025 1610//6025
f 1610//6026 1630//6026 1618//6026
f 1610//6027 1618//6027 1604//6027
f 1604//6028 1618//6028 1535//6028
f 1604//6029 1535//6029 1455//6029
f 1455//6030 1535//6030 1526//6030
f 1455//6031 1526//6031 1399//6031
f 1399//6032 1526//6032 1463//6032
f 1399//6033 1463//6033 1277//6033
f 1277//6034 1463//6034 1407//6034
f 1277//6035 1407//6035 1334//6035
f 1277//6036 1334//6036 1210//6036
f 1210//6037 1334//6037 1291//6037
f 1231//6038 1127//6038 1291//6038
f 1291//6039 1127//6039 1215//6039
f 1291//6040 1215//6040 1210//6040
f 1150//6041 1138//6041 1236//6041
f 1236//6042 1138//6042 1131//6042
f 1236//6043 1131//6043 1231//6043
f 1231//6044 1131//6044 1127//6044
f 1046//6045 1241//6045 1035//6045
f 1035//6046 1241//6046 1237//6046
f 1035//6047 1237//6047 1031//6047
f 1031//6048 1237//6048 1232//6048
f 1292//6049 1211//6049 1121//6049
f 1292//6050 1121//6050 1232//6050
f 1649//6051 1743//6051 1631//6051
f 1631//6052 1743//6052 1736//6052
f 1292//6053 1279//6053 1211//6053
f 1211//6054 1279//6054 1335//6054
f 1211//6055 1335//6055 1400//6055
f 1400//6056 1335//6056 1408//6056
f 1400//6057 1408//6057 1456//6057
f 1456//6058 1408//6058 1464//6058
f 1456//6059 1464//6059 1527//6059
f 1527//6060 1464//6060 1536//6060
f 1527//6061 1536//6061 1611//6061
f 1611//6062 1536//6062 1619//6062
f 1611//6063 1619//6063 1720//6063
f 1720//6064 1619//6064 1631//6064
f 1720//6065 1631//6065 1729//6065
f 1729//6066 1631//6066 1736//6066
f 1121//6067 1128//6067 1232//6067
f 1232//6068 1128//6068 1025//6068
f 1232//6069 1025//6069 1031//6069
f 1237//6070 1241//6070 1047//6070
f 1720//6071 1631//6071 1611//6071
f 1611//6072 1631//6072 1548//6072
f 1611//6073 1548//6073 1528//6073
f 1528//6074 1548//6074 1537//6074
f 1528//6075 1537//6075 1457//6075
f 1457//6076 1537//6076 1465//6076
f 1457//6077 1465//6077 1400//6077
f 1743//6078 1649//6078 1736//6078
f 1736//6079 1649//6079 1631//6079
f 1465//6080 1408//6080 1400//6080
f 1400//6081 1335//6081 1212//6081
f 1212//6082 1335//6082 1280//6082
f 1212//6083 1280//6083 1293//6083
f 1212//6084 1293//6084 1121//6084
f 1233//6085 1128//6085 1293//6085
f 1293//6086 1128//6086 1121//6086
f 1233//6087 1025//6087 1128//6087
f 1047//6088 1036//6088 1237//6088
f 1237//6089 1036//6089 1032//6089
f 1237//6090 1032//6090 1233//6090
f 1233//6091 1032//6091 1025//6091
f 1554//6092 1561//6092 1744//6092
f 1620//6093 1612//6093 1538//6093
f 1538//6094 1549//6094 1620//6094
f 1620//6095 1549//6095 1730//6095
f 1730//6096 1549//6096 1554//6096
f 1730//6097 1554//6097 1737//6097
f 1737//6098 1554//6098 1744//6098
f 940//6099 943//6099 1242//6099
f 1325//6100 1336//6100 1409//6100
f 1325//6101 1409//6101 1458//6101
f 1213//6102 1281//6102 1336//6102
f 1213//6103 1336//6103 1325//6103
f 1409//6104 1410//6104 1458//6104
f 1458//6105 1410//6105 1466//6105
f 1458//6106 1466//6106 1529//6106
f 1529//6107 1466//6107 1612//6107
f 1612//6108 1466//6108 1538//6108
f 1242//6109 1238//6109 940//6109
f 940//6110 1238//6110 1234//6110
f 940//6111 1234//6111 935//6111
f 1226//6112 927//6112 1234//6112
f 1234//6113 927//6113 935//6113
f 1122//6114 1026//6114 1226//6114
f 1226//6115 1026//6115 927//6115
f 1281//6116 1213//6116 1226//6116
f 1226//6117 1213//6117 1123//6117
f 1226//6118 1123//6118 1122//6118
f 1555//6119 1550//6119 1621//6119
f 1621//6120 1550//6120 1613//6120
f 1650//6121 1562//6121 1638//6121
f 1638//6122 1562//6122 1555//6122
f 1638//6123 1555//6123 1632//6123
f 1632//6124 1555//6124 1621//6124
f 1326//6125 1337//6125 1123//6125
f 1123//6126 1337//6126 1282//6126
f 1410//6127 1326//6127 1458//6127
f 1410//6128 1337//6128 1326//6128
f 1550//6129 1539//6129 1613//6129
f 1613//6130 1539//6130 1538//6130
f 1613//6131 1538//6131 1529//6131
f 1529//6132 1538//6132 1466//6132
f 1152//6133 943//6133 1146//6133
f 1146//6134 943//6134 940//6134
f 1146//6135 940//6135 1139//6135
f 1139//6136 940//6136 935//6136
f 1139//6137 935//6137 1234//6137
f 928//6138 1226//6138 927//6138
f 928//6139 1027//6139 1226//6139
f 1123//6140 1282//6140 1281//6140
f 1123//6141 1281//6141 1226//6141
f 1123//6142 1226//6142 1018//6142
f 1018//6143 1226//6143 1027//6143
f 853//6144 1153//6144 849//6144
f 849//6145 1153//6145 1147//6145
f 849//6146 1147//6146 846//6146
f 846//6147 1147//6147 1140//6147
f 1563//6148 1651//6148 1556//6148
f 1556//6149 1651//6149 1639//6149
f 1227//6150 1216//6150 1124//6150
f 1124//6151 1216//6151 1283//6151
f 1124//6152 1283//6152 1327//6152
f 1327//6153 1283//6153 1338//6153
f 1327//6154 1338//6154 1401//6154
f 1401//6155 1338//6155 1411//6155
f 1401//6156 1411//6156 1467//6156
f 1467//6157 1411//6157 1474//6157
f 1467//6158 1474//6158 1540//6158
f 1540//6159 1474//6159 1551//6159
f 1540//6160 1551//6160 1622//6160
f 1622//6161 1551//6161 1556//6161
f 1622//6162 1556//6162 1633//6162
f 1633//6163 1556//6163 1639//6163
f 1227//6164 1124//6164 1019//6164
f 1227//6165 1019//6165 1140//6165
f 1140//6166 1019//6166 929//6166
f 1140//6167 929//6167 846//6167
f 1154//6168 854//6168 1148//6168
f 1148//6169 854//6169 850//6169
f 1622//6170 1556//6170 1540//6170
f 1540//6171 1556//6171 1551//6171
f 1540//6172 1551//6172 1467//6172
f 1467//6173 1551//6173 1474//6173
f 1467//6174 1474//6174 1402//6174
f 1402//6175 1474//6175 1412//6175
f 1402//6176 1412//6176 1327//6176
f 1652//6177 1563//6177 1640//6177
f 1640//6178 1563//6178 1556//6178
f 1640//6179 1556//6179 1634//6179
f 1634//6180 1556//6180 1622//6180
f 929//6181 1141//6181 839//6181
f 850//6182 847//6182 1148//6182
f 1148//6183 847//6183 1141//6183
f 1141//6184 847//6184 839//6184
f 1412//6185 1339//6185 1327//6185
f 1327//6186 1339//6186 1283//6186
f 1327//6187 1283//6187 1020//6187
f 1020//6188 1283//6188 1216//6188
f 1020//6189 1216//6189 1228//6189
f 1020//6190 1228//6190 1019//6190
f 1019//6191 1228//6191 1141//6191
f 1019//6192 1141//6192 929//6192
f 1340//6193 1329//6193 1284//6193
f 1284//6194 1329//6194 1021//6194
f 1284//6195 1021//6195 1217//6195
f 1329//6196 1340//6196 1403//6196
f 1403//6197 1340//6197 1413//6197
f 756//6198 1155//6198 753//6198
f 753//6199 1155//6199 1149//6199
f 753//6200 1149//6200 848//6200
f 1468//6201 1413//6201 1475//6201
f 1468//6202 1475//6202 1541//6202
f 1541//6203 1475//6203 1479//6203
f 1541//6204 1479//6204 1542//6204
f 921//6205 930//6205 1142//6205
f 1142//6206 930//6206 840//6206
f 1542//6207 1479//6207 1552//6207
f 1552//6208 1479//6208 1557//6208
f 1552//6209 1557//6209 1624//6209
f 1564//6210 1653//6210 1557//6210
f 1557//6211 1653//6211 1641//6211
f 1641//6212 1635//6212 1557//6212
f 1557//6213 1635//6213 1624//6213
f 1217//6214 1021//6214 1133//6214
f 1133//6215 1021//6215 1142//6215
f 1142//6216 1021//6216 921//6216
f 1142//6217 840//6217 1149//6217
f 1149//6218 840//6218 848//6218
f 1329//6219 1413//6219 1340//6219
f 1329//6220 1340//6220 1285//6220
f 1329//6221 1285//6221 1021//6221
f 1469//6222 1476//6222 1413//6222
f 1155//6223 756//6223 1149//6223
f 1149//6224 756//6224 753//6224
f 1653//6225 1489//6225 1641//6225
f 1641//6226 1489//6226 1485//6226
f 1641//6227 1485//6227 1635//6227
f 1635//6228 1485//6228 1552//6228
f 1476//6229 1469//6229 1542//6229
f 1476//6230 1542//6230 1480//6230
f 1480//6231 1542//6231 1485//6231
f 1485//6232 1542//6232 1552//6232
f 1285//6233 1218//6233 1021//6233
f 1021//6234 1218//6234 1134//6234
f 1021//6235 1134//6235 1142//6235
f 753//6236 749//6236 1149//6236
f 1149//6237 749//6237 750//6237
f 1149//6238 750//6238 1142//6238
f 1142//6239 750//6239 841//6239
f 841//6240 922//6240 1142//6240
f 1142//6241 922//6241 1021//6241
f 1135//6242 1219//6242 923//6242
f 923//6243 1219//6243 1286//6243
f 923//6244 1286//6244 1330//6244
f 1330//6245 1286//6245 1341//6245
f 1330//6246 1341//6246 1415//6246
f 842//6247 741//6247 1143//6247
f 1470//6248 1415//6248 1419//6248
f 1143//6249 741//6249 1042//6249
f 1042//6250 741//6250 751//6250
f 1481//6251 1543//6251 1419//6251
f 1419//6252 1543//6252 1470//6252
f 757//6253 1049//6253 754//6253
f 754//6254 1049//6254 1042//6254
f 754//6255 1042//6255 751//6255
f 1486//6256 1553//6256 1481//6256
f 1481//6257 1553//6257 1543//6257
f 1490//6258 1654//6258 1486//6258
f 1486//6259 1654//6259 1642//6259
f 1642//6260 1636//6260 1486//6260
f 1486//6261 1636//6261 1625//6261
f 1486//6262 1625//6262 1553//6262
f 1135//6263 923//6263 1143//6263
f 923//6264 828//6264 1143//6264
f 1143//6265 828//6265 842//6265
f 1331//6266 1342//6266 1287//6266
f 1331//6267 1287//6267 1220//6267
f 1331//6268 1220//6268 924//6268
f 1637//6269 1486//6269 1626//6269
f 1626//6270 1486//6270 1481//6270
f 1626//6271 1481//6271 1544//6271
f 1331//6272 1404//6272 1342//6272
f 1342//6273 1404//6273 1415//6273
f 1419//6274 1470//6274 1481//6274
f 1481//6275 1470//6275 1471//6275
f 1481//6276 1471//6276 1544//6276
f 1655//6277 1490//6277 1643//6277
f 1643//6278 1490//6278 1486//6278
f 1643//6279 1486//6279 1637//6279
f 1220//6280 1129//6280 924//6280
f 924//6281 1129//6281 1135//6281
f 924//6282 1135//6282 1037//6282
f 1050//6283 757//6283 1043//6283
f 1043//6284 757//6284 754//6284
f 1043//6285 754//6285 751//6285
f 1043//6286 751//6286 741//6286
f 1043//6287 741//6287 1037//6287
f 1037//6288 741//6288 842//6288
f 842//6289 828//6289 1037//6289
f 1037//6290 828//6290 924//6290
f 924//6291 829//6291 830//6291
f 830//6292 829//6292 724//6292
f 830//6293 724//6293 831//6293
f 831//6294 724//6294 725//6294
f 831//6295 725//6295 832//6295
f 832//6296 725//6296 727//6296
f 832//6297 727//6297 726//6297
f 726//6298 727//6298 729//6298
f 726//6299 729//6299 728//6299
f 731//6300 833//6300 729//6300
f 729//6301 833//6301 730//6301
f 729//6302 730//6302 728//6302
f 833//6303 731//6303 834//6303
f 834//6304 731//6304 732//6304
f 834//6305 732//6305 835//6305
f 743//6306 733//6306 732//6306
f 732//6307 733//6307 835//6307
f 634//6308 635//6308 633//6308
f 646//6309 495//6309 505//6309
f 505//6310 495//6310 494//6310
f 505//6311 494//6311 504//6311
f 504//6312 494//6312 493//6312
f 504//6313 493//6313 503//6313
f 503//6314 493//6314 492//6314
f 503//6315 492//6315 502//6315
f 502//6316 492//6316 491//6316
f 502//6317 491//6317 501//6317
f 501//6318 491//6318 640//6318
f 501//6319 640//6319 500//6319
f 500//6320 640//6320 639//6320
f 500//6321 639//6321 645//6321
f 754//6322 645//6322 751//6322
f 751//6323 645//6323 639//6323
f 751//6324 639//6324 741//6324
f 842//6325 741//6325 626//6325
f 828//6326 842//6326 742//6326
f 646//6327 641//6327 495//6327
f 495//6328 641//6328 633//6328
f 495//6329 633//6329 494//6329
f 494//6330 633//6330 483//6330
f 494//6331 483//6331 493//6331
f 493//6332 483//6332 482//6332
f 493//6333 482//6333 492//6333
f 492//6334 482//6334 481//6334
f 492//6335 481//6335 491//6335
f 491//6336 481//6336 480//6336
f 491//6337 480//6337 640//6337
f 640//6338 480//6338 627//6338
f 640//6339 627//6339 639//6339
f 639//6340 627//6340 626//6340
f 639//6341 626//6341 741//6341
f 641//6342 634//6342 633//6342
f 483//6343 633//6343 632//6343
f 483//6344 632//6344 482//6344
f 482//6345 632//6345 631//6345
f 482//6346 631//6346 481//6346
f 481//6347 631//6347 630//6347
f 481//6348 630//6348 480//6348
f 480//6349 630//6349 629//6349
f 480//6350 629//6350 627//6350
f 627//6351 629//6351 628//6351
f 627//6352 628//6352 626//6352
f 626//6353 628//6353 742//6353
f 626//6354 742//6354 842//6354
f 635//6355 743//6355 633//6355
f 633//6356 743//6356 732//6356
f 633//6357 732//6357 632//6357
f 632//6358 732//6358 731//6358
f 632//6359 731//6359 631//6359
f 631//6360 731//6360 729//6360
f 631//6361 729//6361 630//6361
f 630//6362 729//6362 727//6362
f 630//6363 727//6363 629//6363
f 629//6364 727//6364 725//6364
f 629//6365 725//6365 628//6365
f 628//6366 725//6366 724//6366
f 628//6367 724//6367 742//6367
f 742//6368 724//6368 829//6368
f 742//6369 829//6369 828//6369
f 828//6370 829//6370 924//6370
f 1558//6371 1565//6371 1533//6371
f 1477//6372 1482//6372 1533//6372
f 1533//6373 1482//6373 1558//6373
f 1477//6374 1533//6374 1522//6374
f 1477//6375 1522//6375 1416//6375
f 1416//6376 1522//6376 1343//6376
f 1343//6377 1522//6377 835//6377
f 1343//6378 835//6378 1288//6378
f 1288//6379 835//6379 1221//6379
f 653//6380 1051//6380 646//6380
f 646//6381 1051//6381 1044//6381
f 646//6382 1044//6382 1038//6382
f 646//6383 1038//6383 641//6383
f 835//6384 1038//6384 1136//6384
f 835//6385 1136//6385 1221//6385
f 835//6386 733//6386 1038//6386
f 1038//6387 733//6387 743//6387
f 743//6388 635//6388 1038//6388
f 1038//6389 635//6389 634//6389
f 1038//6390 634//6390 641//6390
f 872//6391 231//6391 871//6391
f 871//6392 231//6392 233//6392
f 871//6393 233//6393 878//6393
f 957//6394 958//6394 955//6394
f 954//6395 871//6395 957//6395
f 957//6396 871//6396 878//6396
f 955//6397 954//6397 957//6397
f 872//6398 871//6398 955//6398
f 955//6399 871//6399 954//6399
f 955//6400 1061//6400 1030//6400
f 955//6401 1030//6401 934//6401
f 1209//6402 1204//6402 1120//6402
f 934//6403 1030//6403 1024//6403
f 1017//6404 920//6404 1008//6404
f 1017//6405 1008//6405 1009//6405
f 1009//6406 1008//6406 1115//6406
f 1114//6407 1205//6407 1115//6407
f 1114//6408 1115//6408 1017//6408
f 1017//6409 1115//6409 1008//6409
f 1017//6410 920//6410 926//6410
f 1205//6411 1114//6411 1204//6411
f 926//6412 934//6412 1024//6412
f 926//6413 1024//6413 1017//6413
f 1114//6414 1017//6414 1120//6414
f 1114//6415 1120//6415 1204//6415
f 1511//6416 1204//6416 1209//6416
f 1511//6417 1209//6417 1517//6417
f 1450//6418 1205//6418 1512//6418
f 1512//6419 1205//6419 1204//6419
f 1512//6420 1204//6420 1511//6420
f 1704//6421 1806//6421 1800//6421
f 1704//6422 1800//6422 1691//6422
f 1704//6423 1691//6423 1592//6423
f 1592//6424 1512//6424 1518//6424
f 1518//6425 1512//6425 1511//6425
f 1518//6426 1511//6426 1517//6426
f 1450//6427 1512//6427 1587//6427
f 1587//6428 1512//6428 1586//6428
f 1587//6429 1586//6429 1692//6429
f 1793//6430 1692//6430 1801//6430
f 1793//6431 1801//6431 1807//6431
f 1691//6432 1801//6432 1692//6432
f 1691//6433 1692//6433 1586//6433
f 1815//6434 1816//6434 1806//6434
f 1806//6435 1816//6435 1807//6435
f 1806//6436 1807//6436 1801//6436
f 1806//6437 1801//6437 1800//6437
f 1800//6438 1801//6438 1691//6438
f 1592//6439 1691//6439 1586//6439
f 1592//6440 1586//6440 1512//6440
f 1815//6441 1828//6441 1829//6441
f 1815//6442 1829//6442 1816//6442
f 1744//6443 1561//6443 1562//6443
f 1564//6444 1489//6444 1653//6444
f 1653//6445 1654//6445 1830//6445
f 1754//6446 1753//6446 1491//6446
f 1491//6447 1753//6447 1656//6447
f 1650//6448 1651//6448 1746//6448
f 1828//6449 1648//6449 1742//6449
f 1828//6450 1742//6450 1829//6450
f 1835//6451 1834//6451 1752//6451
f 1909//6452 1966//6452 1908//6452
f 1746//6453 1745//6453 1743//6453
f 1743//6454 1745//6454 1829//6454
f 1743//6455 1829//6455 1742//6455
f 1651//6456 1563//6456 1652//6456
f 1651//6457 1652//6457 1746//6457
f 1656//6458 1752//6458 1491//6458
f 1491//6459 1752//6459 1565//6459
f 1565//6460 1752//6460 1751//6460
f 1565//6461 1751//6461 1749//6461
f 1749//6462 1655//6462 1748//6462
f 1909//6463 1749//6463 1832//6463
f 1910//6464 1832//6464 1911//6464
f 1654//6465 1490//6465 1655//6465
f 1746//6466 1743//6466 1744//6466
f 1746//6467 1744//6467 1650//6467
f 1650//6468 1744//6468 1562//6468
f 1914//6469 1913//6469 1751//6469
f 1751//6470 1913//6470 1750//6470
f 1751//6471 1750//6471 1749//6471
f 1749//6472 1750//6472 1833//6472
f 1749//6473 1833//6473 1832//6473
f 1830//6474 1654//6474 1655//6474
f 1830//6475 1655//6475 1909//6475
f 1909//6476 1655//6476 1749//6476
f 1746//6477 1652//6477 1747//6477
f 1747//6478 1652//6478 1653//6478
f 1747//6479 1653//6479 1830//6479
f 1965//6480 1964//6480 1907//6480
f 1907//6481 1964//6481 1831//6481
f 1907//6482 1831//6482 1908//6482
f 1908//6483 1831//6483 1830//6483
f 1908//6484 1830//6484 1909//6484
f 1235//6485 1236//6485 1231//6485
f 1235//6486 1231//6486 1295//6486
f 1295//6487 1231//6487 1291//6487
f 1407//6488 1463//6488 1462//6488
f 1462//6489 1463//6489 1526//6489
f 1462//6490 1526//6490 1525//6490
f 1525//6491 1526//6491 1535//6491
f 1525//6492 1535//6492 1610//6492
f 1610//6493 1535//6493 1618//6493
f 1235//6494 1239//6494 1236//6494
f 1236//6495 1239//6495 1240//6495
f 1239//6496 1150//6496 1240//6496
f 231//6497 168//6497 233//6497
f 233//6498 168//6498 171//6498
f 116//6499 171//6499 111//6499
f 111//6500 171//6500 168//6500
f 117//6501 116//6501 112//6501
f 112//6502 116//6502 111//6502
f 83//6503 86//6503 61//6503
f 42//6504 61//6504 41//6504
f 42//6505 41//6505 28//6505
f 28//6506 41//6506 27//6506
f 15//6507 27//6507 14//6507
f 15//6508 14//6508 13//6508
f 13//6509 14//6509 12//6509
f 12//6510 14//6510 11//6510
f 12//6511 11//6511 10//6511
f 10//6512 11//6512 8//6512
f 10//6513 8//6513 9//6513
f 9//6514 8//6514 7//6514
f 7//6515 8//6515 26//6515
f 25//6516 26//6516 40//6516
f 85//6517 60//6517 117//6517
f 83//6518 61//6518 59//6518
f 59//6519 61//6519 42//6519
f 59//6520 42//6520 39//6520
f 39//6521 42//6521 28//6521
f 39//6522 28//6522 24//6522
f 24//6523 28//6523 27//6523
f 24//6524 27//6524 23//6524
f 23//6525 27//6525 15//6525
f 23//6526 15//6526 6//6526
f 6//6527 15//6527 13//6527
f 6//6528 13//6528 5//6528
f 5//6529 13//6529 12//6529
f 5//6530 12//6530 4//6530
f 4//6531 12//6531 10//6531
f 4//6532 10//6532 3//6532
f 3//6533 10//6533 9//6533
f 3//6534 9//6534 2//6534
f 2//6535 9//6535 7//6535
f 2//6536 7//6536 1//6536
f 1//6537 7//6537 26//6537
f 1//6538 26//6538 20//6538
f 20//6539 26//6539 25//6539
f 20//6540 25//6540 19//6540
f 19//6541 25//6541 40//6541
f 19//6542 40//6542 34//6542
f 34//6543 40//6543 60//6543
f 34//6544 60//6544 57//6544
f 57//6545 60//6545 85//6545
f 57//6546 85//6546 81//6546
f 81//6547 85//6547 117//6547
f 81//6548 117//6548 112//6548
f 39//6549 24//6549 36//6549
f 36//6550 24//6550 23//6550
f 23//6551 6//6551 22//6551
f 22//6552 6//6552 5//6552
f 2//6553 1//6553 21//6553
f 21//6554 1//6554 20//6554
f 20//6555 19//6555 35//6555
f 35//6556 19//6556 34//6556
f 87//6557 86//6557 83//6557
f 232//6558 170//6558 169//6558
f 113//6559 169//6559 170//6559
f 84//6560 113//6560 83//6560
f 84//6561 113//6561 114//6561
f 114//6562 113//6562 170//6562
f 234//6563 235//6563 172//6563
f 234//6564 172//6564 232//6564
f 87//6565 83//6565 84//6565
f 232//6566 172//6566 170//6566
f 170//6567 172//6567 114//6567
f 114//6568 172//6568 119//6568
f 114//6569 119//6569 84//6569
f 84//6570 119//6570 118//6570
f 84//6571 118//6571 87//6571
f 87//6572 118//6572 119//6572
f 112//6573 324//6573 81//6573
f 81//6574 324//6574 275//6574
f 81//6575 275//6575 57//6575
f 57//6576 275//6576 276//6576
f 57//6577 276//6577 34//6577
f 34//6578 276//6578 277//6578
f 279//6579 59//6579 39//6579
f 278//6580 22//6580 337//6580
f 337//6581 22//6581 5//6581
f 337//6582 5//6582 4//6582
f 279//6583 39//6583 36//6583
f 279//6584 36//6584 278//6584
f 278//6585 36//6585 23//6585
f 278//6586 23//6586 22//6586
f 522//6587 772//6587 663//6587
f 663//6588 772//6588 773//6588
f 59//6589 279//6589 83//6589
f 83//6590 279//6590 338//6590
f 83//6591 338//6591 84//6591
f 339//6592 408//6592 232//6592
f 231//6593 872//6593 521//6593
f 232//6594 408//6594 674//6594
f 325//6595 20//6595 277//6595
f 277//6596 20//6596 35//6596
f 277//6597 35//6597 34//6597
f 872//6598 769//6598 521//6598
f 521//6599 769//6599 770//6599
f 521//6600 770//6600 522//6600
f 522//6601 770//6601 771//6601
f 522//6602 771//6602 772//6602
f 521//6603 397//6603 231//6603
f 231//6604 397//6604 324//6604
f 231//6605 324//6605 168//6605
f 168//6606 324//6606 112//6606
f 168//6607 112//6607 111//6607
f 671//6608 777//6608 672//6608
f 672//6609 777//6609 673//6609
f 673//6610 777//6610 778//6610
f 673//6611 778//6611 779//6611
f 673//6612 779//6612 530//6612
f 530//6613 779//6613 674//6613
f 530//6614 674//6614 408//6614
f 3//6615 2//6615 325//6615
f 325//6616 2//6616 21//6616
f 325//6617 21//6617 20//6617
f 338//6618 113//6618 84//6618
f 339//6619 232//6619 338//6619
f 338//6620 232//6620 169//6620
f 338//6621 169//6621 113//6621
f 663//6622 773//6622 664//6622
f 664//6623 665//6623 523//6623
f 523//6624 665//6624 524//6624
f 523//6625 524//6625 398//6625
f 398//6626 524//6626 399//6626
f 398//6627 399//6627 400//6627
f 336//6628 404//6628 337//6628
f 337//6629 404//6629 405//6629
f 337//6630 405//6630 407//6630
f 407//6631 405//6631 527//6631
f 527//6632 405//6632 668//6632
f 527//6633 668//6633 528//6633
f 528//6634 668//6634 670//6634
f 528//6635 670//6635 671//6635
f 671//6636 670//6636 777//6636
f 400//6637 401//6637 398//6637
f 398//6638 401//6638 3//6638
f 398//6639 3//6639 326//6639
f 326//6640 3//6640 325//6640
f 401//6641 327//6641 3//6641
f 3//6642 327//6642 328//6642
f 3//6643 328//6643 329//6643
f 329//6644 331//6644 3//6644
f 3//6645 331//6645 332//6645
f 3//6646 332//6646 334//6646
f 4//6647 3//6647 337//6647
f 337//6648 3//6648 334//6648
f 337//6649 334//6649 335//6649
f 337//6650 335//6650 336//6650
f 235//6651 784//6651 246//6651
f 246//6652 784//6652 792//6652
f 880//6653 887//6653 888//6653
f 792//6654 784//6654 783//6654
f 792//6655 783//6655 791//6655
f 791//6656 783//6656 882//6656
f 791//6657 882//6657 888//6657
f 888//6658 882//6658 881//6658
f 888//6659 881//6659 880//6659
f 887//6660 880//6660 886//6660
f 886//6661 880//6661 879//6661
f 654//6662 653//6662 667//6662
f 667//6663 653//6663 547//6663
f 667//6664 547//6664 679//6664
f 679//6665 547//6665 686//6665
f 679//6666 686//6666 790//6666
f 679//6667 790//6667 782//6667
f 782//6668 790//6668 886//6668
f 782//6669 886//6669 879//6669
f 940//6670 1036//6670 943//6670
f 943//6671 1036//6671 1047//6671
f 1046//6672 1035//6672 1138//6672
f 1138//6673 1150//6673 1046//6673
f 1046//6674 1150//6674 1170//6674
f 1046//6675 1170//6675 1047//6675
f 1047//6676 1170//6676 964//6676
f 1047//6677 964//6677 943//6677
f 756//6678 964//6678 788//6678
f 853//6679 849//6679 940//6679
f 940//6680 943//6680 853//6680
f 853//6681 943//6681 964//6681
f 853//6682 964//6682 854//6682
f 854//6683 964//6683 756//6683
f 854//6684 756//6684 850//6684
f 850//6685 756//6685 753//6685
f 645//6686 754//6686 757//6686
f 757//6687 754//6687 753//6687
f 753//6688 756//6688 757//6688
f 757//6689 756//6689 788//6689
f 757//6690 788//6690 684//6690
f 757//6691 684//6691 645//6691
f 645//6692 684//6692 541//6692
f 645//6693 541//6693 500//6693
f 500//6694 541//6694 501//6694
f 501//6695 541//6695 543//6695
f 501//6696 543//6696 502//6696
f 502//6697 543//6697 545//6697
f 502//6698 545//6698 503//6698
f 503//6699 545//6699 504//6699
f 504//6700 545//6700 547//6700
f 504//6701 547//6701 505//6701
f 505//6702 547//6702 653//6702
f 505//6703 653//6703 646//6703
f 233//6704 236//6704 878//6704
f 878//6705 236//6705 1170//6705
f 878//6706 1170//6706 957//6706
f 1295//6707 1030//6707 1235//6707
f 1235//6708 1030//6708 1239//6708
f 1209//6709 1407//6709 1517//6709
f 1517//6710 1407//6710 1462//6710
f 1517//6711 1462//6711 1518//6711
f 1518//6712 1462//6712 1525//6712
f 1518//6713 1525//6713 1592//6713
f 1592//6714 1525//6714 1610//6714
f 1592//6715 1610//6715 1704//6715
f 1815//6716 1618//6716 1630//6716
f 1648//6717 1828//6717 1630//6717
f 1630//6718 1828//6718 1815//6718
f 1170//6719 955//6719 958//6719
f 958//6720 957//6720 1170//6720
f 1295//6721 1024//6721 1030//6721
f 1815//6722 1806//6722 1618//6722
f 1618//6723 1806//6723 1704//6723
f 1618//6724 1704//6724 1610//6724
f 1209//6725 1291//6725 1334//6725
f 1209//6726 1334//6726 1407//6726
f 1209//6727 1120//6727 1291//6727
f 1291//6728 1120//6728 1295//6728
f 1295//6729 1120//6729 1017//6729
f 1295//6730 1017//6730 1024//6730
f 1239//6731 1030//6731 1150//6731
f 1150//6732 1030//6732 1061//6732
f 1150//6733 1061//6733 1170//6733
f 1170//6734 1061//6734 955//6734
f 236//6735 233//6735 173//6735
f 233//6736 171//6736 173//6736
f 173//6737 171//6737 120//6737
f 117//6738 121//6738 116//6738
f 116//6739 121//6739 120//6739
f 116//6740 120//6740 171//6740
f 86//6741 93//6741 65//6741
f 86//6742 65//6742 61//6742
f 61//6743 65//6743 44//6743
f 61//6744 44//6744 41//6744
f 41//6745 44//6745 30//6745
f 41//6746 30//6746 27//6746
f 27//6747 30//6747 18//6747
f 27//6748 18//6748 14//6748
f 14//6749 18//6749 17//6749
f 14//6750 17//6750 11//6750
f 11//6751 17//6751 16//6751
f 11//6752 16//6752 8//6752
f 8//6753 16//6753 29//6753
f 8//6754 29//6754 26//6754
f 26//6755 29//6755 43//6755
f 26//6756 43//6756 40//6756
f 40//6757 43//6757 62//6757
f 40//6758 62//6758 60//6758
f 60//6759 62//6759 121//6759
f 60//6760 121//6760 117//6760
f 93//6761 86//6761 87//6761
f 93//6762 87//6762 94//6762
f 94//6763 87//6763 119//6763
f 94//6764 119//6764 135//6764
f 135//6765 119//6765 172//6765
f 135//6766 172//6766 185//6766
f 235//6767 246//6767 185//6767
f 235//6768 185//6768 172//6768
f 324//6769 341//6769 281//6769
f 324//6770 281//6770 275//6770
f 275//6771 281//6771 282//6771
f 275//6772 282//6772 276//6772
f 276//6773 282//6773 283//6773
f 276//6774 283//6774 277//6774
f 277//6775 283//6775 342//6775
f 277//6776 342//6776 325//6776
f 325//6777 342//6777 343//6777
f 325//6778 343//6778 326//6778
f 326//6779 343//6779 416//6779
f 326//6780 416//6780 398//6780
f 398//6781 416//6781 537//6781
f 398//6782 537//6782 523//6782
f 523//6783 537//6783 683//6783
f 523//6784 683//6784 664//6784
f 664//6785 683//6785 682//6785
f 664//6786 682//6786 663//6786
f 663//6787 682//6787 536//6787
f 663//6788 536//6788 522//6788
f 522//6789 536//6789 535//6789
f 522//6790 535//6790 521//6790
f 521//6791 535//6791 414//6791
f 521//6792 414//6792 397//6792
f 397//6793 414//6793 341//6793
f 397//6794 341//6794 324//6794
f 337//6795 348//6795 290//6795
f 337//6796 290//6796 278//6796
f 278//6797 290//6797 291//6797
f 278//6798 291//6798 279//6798
f 279//6799 291//6799 349//6799
f 279//6800 349//6800 338//6800
f 338//6801 349//6801 350//6801
f 338//6802 350//6802 339//6802
f 339//6803 350//6803 424//6803
f 339//6804 424//6804 408//6804
f 408//6805 424//6805 555//6805
f 408//6806 555//6806 530//6806
f 530//6807 555//6807 689//6807
f 530//6808 689//6808 673//6808
f 673//6809 689//6809 688//6809
f 673//6810 688//6810 672//6810
f 672//6811 688//6811 687//6811
f 672//6812 687//6812 671//6812
f 671//6813 687//6813 553//6813
f 671//6814 553//6814 528//6814
f 528//6815 553//6815 552//6815
f 528//6816 552//6816 527//6816
f 527//6817 552//6817 422//6817
f 527//6818 422//6818 407//6818
f 407//6819 422//6819 348//6819
f 407//6820 348//6820 337//6820
f 291//6821 65//6821 93//6821
f 1170//6822 536//6822 964//6822
f 964//6823 536//6823 682//6823
f 964//6824 682//6824 788//6824
f 18//6825 30//6825 343//6825
f 689//6826 555//6826 792//6826
f 792//6827 555//6827 246//6827
f 291//6828 93//6828 349//6828
f 349//6829 93//6829 94//6829
f 349//6830 94//6830 135//6830
f 236//6831 173//6831 120//6831
f 236//6832 341//6832 414//6832
f 236//6833 414//6833 1170//6833
f 1170//6834 414//6834 535//6834
f 1170//6835 535//6835 536//6835
f 555//6836 424//6836 246//6836
f 246//6837 424//6837 350//6837
f 246//6838 350//6838 185//6838
f 185//6839 350//6839 349//6839
f 185//6840 349//6840 135//6840
f 545//6841 543//6841 422//6841
f 343//6842 30//6842 416//6842
f 341//6843 236//6843 120//6843
f 341//6844 120//6844 281//6844
f 281//6845 120//6845 121//6845
f 281//6846 121//6846 282//6846
f 282//6847 121//6847 62//6847
f 282//6848 62//6848 283//6848
f 65//6849 291//6849 44//6849
f 44//6850 291//6850 30//6850
f 30//6851 291//6851 290//6851
f 30//6852 290//6852 416//6852
f 416//6853 290//6853 348//6853
f 788//6854 682//6854 683//6854
f 788//6855 683//6855 684//6855
f 684//6856 683//6856 537//6856
f 684//6857 537//6857 541//6857
f 62//6858 43//6858 283//6858
f 283//6859 43//6859 29//6859
f 283//6860 29//6860 342//6860
f 342//6861 29//6861 16//6861
f 342//6862 16//6862 343//6862
f 343//6863 16//6863 17//6863
f 343//6864 17//6864 18//6864
f 792//6865 791//6865 689//6865
f 689//6866 791//6866 888//6866
f 689//6867 888//6867 688//6867
f 688//6868 888//6868 887//6868
f 688//6869 887//6869 687//6869
f 687//6870 887//6870 886//6870
f 687//6871 886//6871 553//6871
f 553//6872 886//6872 790//6872
f 553//6873 790//6873 552//6873
f 552//6874 790//6874 686//6874
f 552//6875 686//6875 422//6875
f 422//6876 686//6876 547//6876
f 422//6877 547//6877 545//6877
f 541//6878 537//6878 416//6878
f 541//6879 416//6879 543//6879
f 543//6880 416//6880 348//6880
f 543//6881 348//6881 422//6881
f 4952//6882 4944//6882 4951//6882
f 4944//6883 4943//6883 4942//6883
f 4950//6884 4951//6884 4948//6884
f 4948//6885 4951//6885 4944//6885
f 4948//6886 4944//6886 4946//6886
f 4946//6887 4944//6887 4942//6887
f 4945//6888 4944//6888 4947//6888
f 4947//6889 4944//6889 4952//6889
f 4947//6890 4952//6890 4949//6890
f 4887//6891 4888//6891 4872//6891
f 4872//6892 4871//6892 4877//6892
f 4873//6893 4872//6893 4878//6893
f 4878//6894 4872//6894 4888//6894
f 4878//6895 4888//6895 4882//6895
f 4882//6896 4888//6896 4889//6896
f 4881//6897 4887//6897 4872//6897
f 4881//6898 4872//6898 4877//6898
f 4870//6899 4869//6899 4884//6899
f 4869//6900 4868//6900 4875//6900
f 4884//6901 4885//6901 4886//6901
f 4883//6902 4884//6902 4879//6902
f 4879//6903 4884//6903 4869//6903
f 4879//6904 4869//6904 4874//6904
f 4874//6905 4869//6905 4875//6905
f 4876//6906 4870//6906 4884//6906
f 4876//6907 4884//6907 4880//6907
f 4880//6908 4884//6908 4886//6908
f 4735//6909 4734//6909 4758//6909
f 4758//6910 4734//6910 4759//6910
f 4759//6911 4734//6911 4765//6911
f 4764//6912 4770//6912 4771//6912
f 4764//6913 4771//6913 4763//6913
f 4763//6914 4771//6914 4756//6914
f 4772//6915 4773//6915 4765//6915
f 4772//6916 4765//6916 4734//6916
f 4772//6917 4734//6917 4771//6917
f 4731//6918 4757//6918 4732//6918
f 4732//6919 4757//6919 4756//6919
f 4732//6920 4756//6920 4771//6920
f 4732//6921 4771//6921 4733//6921
f 4733//6922 4771//6922 4734//6922
f 4973//6923 4959//6923 4960//6923
f 4973//6924 4960//6924 4974//6924
f 4974//6925 4960//6925 4957//6925
f 4974//6926 4957//6926 4971//6926
f 4971//6927 4957//6927 4955//6927
f 4971//6928 4955//6928 4969//6928
f 4973//6929 4976//6929 4959//6929
f 4959//6930 4976//6930 4962//6930
f 4958//6931 4961//6931 4972//6931
f 4972//6932 4961//6932 4975//6932
f 4967//6933 4953//6933 4956//6933
f 4967//6934 4956//6934 4970//6934
f 4970//6935 4956//6935 4958//6935
f 4970//6936 4958//6936 4972//6936
f 4953//6937 4967//6937 4968//6937
f 4953//6938 4968//6938 4954//6938
f 4954//6939 4968//6939 4969//6939
f 4954//6940 4969//6940 4955//6940
f 4952//6941 5099//6941 5095//6941
f 4952//6942 5095//6942 4949//6942
f 4949//6943 5095//6943 5092//6943
f 4949//6944 5092//6944 4947//6944
f 4947//6945 5092//6945 5090//6945
f 4947//6946 5090//6946 4945//6946
f 4945//6947 5090//6947 5089//6947
f 4945//6948 5089//6948 4944//6948
f 4944//6949 5089//6949 5088//6949
f 4944//6950 5088//6950 4943//6950
f 4943//6951 5088//6951 5087//6951
f 4943//6952 5087//6952 4942//6952
f 4942//6953 5087//6953 5091//6953
f 4942//6954 5091//6954 4946//6954
f 4946//6955 5091//6955 5094//6955
f 4946//6956 5094//6956 4948//6956
f 4948//6957 5094//6957 5097//6957
f 4948//6958 5097//6958 4950//6958
f 4950//6959 5097//6959 5098//6959
f 4950//6960 5098//6960 4951//6960
f 4951//6961 5098//6961 5099//6961
f 4951//6962 5099//6962 4952//6962
f 4888//6963 5040//6963 5041//6963
f 4888//6964 5041//6964 4889//6964
f 4889//6965 5041//6965 5033//6965
f 4889//6966 5033//6966 4882//6966
f 4882//6967 5033//6967 5029//6967
f 4882//6968 5029//6968 4878//6968
f 4878//6969 5029//6969 5023//6969
f 4878//6970 5023//6970 4873//6970
f 4873//6971 5023//6971 5022//6971
f 4873//6972 5022//6972 4872//6972
f 4872//6973 5022//6973 5021//6973
f 4872//6974 5021//6974 4871//6974
f 4871//6975 5021//6975 5028//6975
f 4871//6976 5028//6976 4877//6976
f 4877//6977 5028//6977 5032//6977
f 4877//6978 5032//6978 4881//6978
f 4881//6979 5032//6979 5039//6979
f 4881//6980 5039//6980 4887//6980
f 4887//6981 5039//6981 5040//6981
f 4887//6982 5040//6982 4888//6982
f 4884//6983 5036//6983 5037//6983
f 4884//6984 5037//6984 4885//6984
f 4885//6985 5037//6985 5038//6985
f 4885//6986 5038//6986 4886//6986
f 4886//6987 5038//6987 5031//6987
f 4886//6988 5031//6988 4880//6988
f 4880//6989 5031//6989 5027//6989
f 4880//6990 5027//6990 4876//6990
f 4876//6991 5027//6991 5020//6991
f 4876//6992 5020//6992 4870//6992
f 4870//6993 5020//6993 5019//6993
f 4870//6994 5019//6994 4869//6994
f 4869//6995 5019//6995 5018//6995
f 4869//6996 5018//6996 4868//6996
f 4868//6997 5018//6997 5026//6997
f 4868//6998 5026//6998 4875//6998
f 4875//6999 5026//6999 5025//6999
f 4875//7000 5025//7000 4874//7000
f 4874//7001 5025//7001 5030//7001
f 4874//7002 5030//7002 4879//7002
f 4879//7003 5030//7003 5035//7003
f 4879//7004 5035//7004 4883//7004
f 4883//7005 5035//7005 5036//7005
f 4883//7006 5036//7006 4884//7006
f 5077//7007 4933//7007 4926//7007
f 5077//7008 4926//7008 5074//7008
f 5074//7009 4926//7009 4920//7009
f 5074//7010 4920//7010 5068//7010
f 5068//7011 4920//7011 4912//7011
f 5068//7012 4912//7012 5062//7012
f 5062//7013 4912//7013 4903//7013
f 5062//7014 4903//7014 5057//7014
f 5057//7015 4903//7015 4904//7015
f 5057//7016 4904//7016 5058//7016
f 5058//7017 4904//7017 4905//7017
f 5058//7018 4905//7018 5059//7018
f 5059//7019 4905//7019 4913//7019
f 5059//7020 4913//7020 5063//7020
f 5063//7021 4913//7021 4921//7021
f 5063//7022 4921//7022 5069//7022
f 5069//7023 4921//7023 4927//7023
f 5069//7024 4927//7024 5075//7024
f 5075//7025 4927//7025 4934//7025
f 5075//7026 4934//7026 5078//7026
f 5078//7027 4934//7027 4933//7027
f 5078//7028 4933//7028 5077//7028
f 5009//7029 4864//7029 4863//7029
f 5009//7030 4863//7030 4859//7030
f 5009//7031 4859//7031 5005//7031
f 5005//7032 4859//7032 4856//7032
f 5005//7033 4856//7033 5003//7033
f 5003//7034 4856//7034 4853//7034
f 5003//7035 4853//7035 5000//7035
f 5000//7036 4853//7036 4849//7036
f 5000//7037 4849//7037 4997//7037
f 4997//7038 4849//7038 4850//7038
f 4997//7039 4850//7039 4998//7039
f 4998//7040 4850//7040 4854//7040
f 4998//7041 4854//7041 5001//7041
f 5001//7042 4854//7042 4857//7042
f 5001//7043 4857//7043 5004//7043
f 5004//7044 4857//7044 4860//7044
f 5004//7045 4860//7045 5006//7045
f 5006//7046 4860//7046 4864//7046
f 5006//7047 4864//7047 5010//7047
f 5010//7048 4864//7048 5009//7048
f 5076//7049 4930//7049 4923//7049
f 5076//7050 4923//7050 5072//7050
f 5072//7051 4923//7051 4922//7051
f 5072//7052 4922//7052 5071//7052
f 5071//7053 4922//7053 4916//7053
f 5071//7054 4916//7054 5065//7054
f 5065//7055 4916//7055 4908//7055
f 5065//7056 4908//7056 5060//7056
f 5060//7057 4908//7057 4897//7057
f 5060//7058 4897//7058 5053//7058
f 5053//7059 4897//7059 4898//7059
f 5053//7060 4898//7060 5054//7060
f 5054//7061 4898//7061 4899//7061
f 5054//7062 4899//7062 5055//7062
f 5055//7063 4899//7063 4900//7063
f 5055//7064 4900//7064 5056//7064
f 5056//7065 4900//7065 4909//7065
f 5056//7066 4909//7066 5061//7066
f 5061//7067 4909//7067 4918//7067
f 5061//7068 4918//7068 5067//7068
f 5067//7069 4918//7069 4917//7069
f 5067//7070 4917//7070 5066//7070
f 5066//7071 4917//7071 4924//7071
f 5066//7072 4924//7072 5073//7072
f 5073//7073 4924//7073 4930//7073
f 5073//7074 4930//7074 5076//7074
f 4730//7075 4990//7075 4737//7075
f 4737//7076 4990//7076 4992//7076
f 4736//7077 4991//7077 4729//7077
f 4729//7078 4991//7078 4989//7078
f 4985//7079 4725//7079 4989//7079
f 4989//7080 4725//7080 4729//7080
f 4725//7081 4985//7081 4754//7081
f 4754//7082 4985//7082 4986//7082
f 4754//7083 4986//7083 4977//7083
f 4754//7084 4977//7084 4746//7084
f 4977//7085 4747//7085 4746//7085
f 4963//7086 4978//7086 4979//7086
f 4963//7087 4979//7087 4964//7087
f 4964//7088 4979//7088 4975//7088
f 4964//7089 4975//7089 4961//7089
f 4963//7090 4964//7090 4966//7090
f 4966//7091 4964//7091 4965//7091
f 4958//7092 4959//7092 4961//7092
f 4961//7093 4959//7093 4962//7093
f 4961//7094 4962//7094 4964//7094
f 4964//7095 4962//7095 4965//7095
f 4958//7096 4956//7096 4959//7096
f 4959//7097 4956//7097 4953//7097
f 4953//7098 4954//7098 4959//7098
f 4959//7099 4954//7099 4955//7099
f 4959//7100 4955//7100 4960//7100
f 4960//7101 4955//7101 4957//7101
f 4983//7102 4966//7102 4965//7102
f 4983//7103 4965//7103 4982//7103
f 4982//7104 4965//7104 4962//7104
f 4982//7105 4962//7105 4976//7105
f 4755//7106 4753//7106 4987//7106
f 4987//7107 4753//7107 4752//7107
f 4987//7108 4752//7108 4984//7108
f 4755//7109 4987//7109 4988//7109
f 4755//7110 4988//7110 4728//7110
f 4728//7111 4988//7111 4990//7111
f 4728//7112 4990//7112 4730//7112
f 4767//7113 4771//7113 4770//7113
f 4767//7114 4770//7114 4766//7114
f 4766//7115 4770//7115 4764//7115
f 4766//7116 4764//7116 4761//7116
f 4761//7117 4764//7117 4763//7117
f 4761//7118 4763//7118 4760//7118
f 4760//7119 4763//7119 4748//7119
f 4748//7120 4763//7120 4756//7120
f 4748//7121 4756//7121 4757//7121
f 4748//7122 4757//7122 4749//7122
f 4749//7123 4757//7123 4731//7123
f 4749//7124 4731//7124 4718//7124
f 4718//7125 4731//7125 4732//7125
f 4718//7126 4732//7126 4719//7126
f 4734//7127 4721//7127 4720//7127
f 4734//7128 4720//7128 4733//7128
f 4733//7129 4720//7129 4719//7129
f 4733//7130 4719//7130 4732//7130
f 4721//7131 4734//7131 4735//7131
f 4721//7132 4735//7132 4722//7132
f 4722//7133 4735//7133 4758//7133
f 4722//7134 4758//7134 4750//7134
f 4750//7135 4758//7135 4759//7135
f 4750//7136 4759//7136 4751//7136
f 4751//7137 4759//7137 4762//7137
f 4762//7138 4759//7138 4765//7138
f 4762//7139 4765//7139 4773//7139
f 4762//7140 4773//7140 4769//7140
f 4769//7141 4773//7141 4772//7141
f 4769//7142 4772//7142 4768//7142
f 4768//7143 4772//7143 4767//7143
f 4767//7144 4772//7144 4771//7144
f 4695//7145 4696//7145 4736//7145
f 4736//7146 4696//7146 4739//7146
f 4699//7147 4738//7147 4739//7147
f 4739//7148 4738//7148 4742//7148
f 4739//7149 4700//7149 4699//7149
f 4739//7150 4696//7150 4700//7150
f 4700//7151 4696//7151 4695//7151
f 4700//7152 4695//7152 4699//7152
f 4743//7153 4740//7153 4996//7153
f 4996//7154 4740//7154 4994//7154
f 4994//7155 4740//7155 4737//7155
f 4994//7156 4737//7156 4992//7156
f 5059//7157 5063//7157 5050//7157
f 5104//7158 5081//7158 5080//7158
f 5094//7159 5091//7159 5104//7159
f 5105//7160 5084//7160 5083//7160
f 5007//7161 5002//7161 5016//7161
f 4984//7162 4983//7162 5015//7162
f 4972//7163 4975//7163 4980//7163
f 4980//7164 4975//7164 4979//7164
f 4981//7165 4982//7165 4976//7165
f 4967//7166 4970//7166 4972//7166
f 4967//7167 4972//7167 4980//7167
f 4967//7168 4980//7168 4968//7168
f 4968//7169 4980//7169 4981//7169
f 4968//7170 4981//7170 4969//7170
f 4969//7171 4981//7171 4976//7171
f 4974//7172 4971//7172 4969//7172
f 4974//7173 4969//7173 4973//7173
f 4973//7174 4969//7174 4976//7174
f 5016//7175 5002//7175 5015//7175
f 5015//7176 5002//7176 4996//7176
f 5015//7177 4996//7177 4994//7177
f 4990//7178 4988//7178 4987//7178
f 5015//7179 4994//7179 4992//7179
f 5015//7180 4992//7180 4984//7180
f 4984//7181 4992//7181 4990//7181
f 4984//7182 4990//7182 4987//7182
f 5050//7183 5042//7183 5016//7183
f 5016//7184 5042//7184 5024//7184
f 5016//7185 5024//7185 5007//7185
f 5069//7186 5070//7186 5063//7186
f 5063//7187 5070//7187 5051//7187
f 5063//7188 5051//7188 5050//7188
f 5050//7189 5051//7189 5044//7189
f 5050//7190 5044//7190 5042//7190
f 5105//7191 5103//7191 5084//7191
f 5084//7192 5103//7192 5101//7192
f 5084//7193 5101//7193 5085//7193
f 5085//7194 5101//7194 5096//7194
f 5085//7195 5096//7195 5086//7195
f 5105//7196 5095//7196 5099//7196
f 5081//7197 5104//7197 5082//7197
f 5082//7198 5104//7198 5091//7198
f 5082//7199 5091//7199 5087//7199
f 5105//7200 5099//7200 5107//7200
f 5107//7201 5099//7201 5106//7201
f 5106//7202 5099//7202 5098//7202
f 5106//7203 5098//7203 5104//7203
f 5104//7204 5098//7204 5097//7204
f 5104//7205 5097//7205 5094//7205
f 5089//7206 5083//7206 5082//7206
f 5089//7207 5082//7207 5088//7207
f 5088//7208 5082//7208 5087//7208
f 5089//7209 5090//7209 5083//7209
f 5083//7210 5090//7210 5092//7210
f 5083//7211 5092//7211 5105//7211
f 5105//7212 5092//7212 5095//7212
f 5080//7213 5079//7213 5093//7213
f 5093//7214 5100//7214 5080//7214
f 5080//7215 5100//7215 5102//7215
f 5080//7216 5102//7216 5104//7216
f 5066//7217 5073//7217 5080//7217
f 5053//7218 5043//7218 5060//7218
f 5060//7219 5043//7219 5052//7219
f 5060//7220 5052//7220 5065//7220
f 5065//7221 5052//7221 5064//7221
f 5065//7222 5064//7222 5071//7222
f 5071//7223 5064//7223 5079//7223
f 5045//7224 5061//7224 5067//7224
f 5054//7225 5055//7225 5045//7225
f 5045//7226 5055//7226 5056//7226
f 5045//7227 5056//7227 5061//7227
f 5066//7228 5080//7228 5067//7228
f 5073//7229 5076//7229 5080//7229
f 5080//7230 5076//7230 5079//7230
f 5079//7231 5076//7231 5072//7231
f 5079//7232 5072//7232 5071//7232
f 5037//7233 5036//7233 5045//7233
f 5045//7234 5036//7234 5043//7234
f 5045//7235 5043//7235 5054//7235
f 5054//7236 5043//7236 5053//7236
f 5025//7237 5017//7237 5030//7237
f 5030//7238 5017//7238 5034//7238
f 5030//7239 5034//7239 5035//7239
f 5035//7240 5034//7240 5043//7240
f 5035//7241 5043//7241 5036//7241
f 5025//7242 5026//7242 5017//7242
f 5017//7243 5026//7243 5018//7243
f 5017//7244 5018//7244 5011//7244
f 5011//7245 5018//7245 5019//7245
f 5011//7246 5019//7246 5020//7246
f 4995//7247 4999//7247 5011//7247
f 5011//7248 4999//7248 5008//7248
f 5011//7249 5008//7249 5017//7249
f 4989//7250 4991//7250 5012//7250
f 5012//7251 4991//7251 4993//7251
f 5012//7252 4993//7252 5011//7252
f 5011//7253 4993//7253 4995//7253
f 4986//7254 4985//7254 4977//7254
f 4977//7255 4985//7255 4989//7255
f 4977//7256 4989//7256 5012//7256
f 4977//7257 5012//7257 4978//7257
f 4978//7258 5012//7258 4979//7258
f 5075//7259 5085//7259 5069//7259
f 5069//7260 5085//7260 5086//7260
f 5069//7261 5086//7261 5070//7261
f 5084//7262 5074//7262 5068//7262
f 5075//7263 5078//7263 5085//7263
f 5085//7264 5078//7264 5077//7264
f 5085//7265 5077//7265 5084//7265
f 5084//7266 5077//7266 5074//7266
f 5062//7267 5057//7267 5049//7267
f 5049//7268 5057//7268 5058//7268
f 5049//7269 5058//7269 5050//7269
f 5050//7270 5058//7270 5059//7270
f 4998//7271 5001//7271 4981//7271
f 4981//7272 5001//7272 5004//7272
f 4981//7273 5004//7273 4982//7273
f 4980//7274 5003//7274 5000//7274
f 4980//7275 5000//7275 4997//7275
f 4980//7276 4997//7276 4981//7276
f 4981//7277 4997//7277 4998//7277
f 4980//7278 4979//7278 5012//7278
f 4980//7279 5012//7279 5003//7279
f 5003//7280 5012//7280 5013//7280
f 5003//7281 5013//7281 5005//7281
f 5005//7282 5013//7282 5009//7282
f 4983//7283 4982//7283 5015//7283
f 5015//7284 4982//7284 5004//7284
f 5015//7285 5004//7285 5014//7285
f 5014//7286 5004//7286 5006//7286
f 5014//7287 5006//7287 5010//7287
f 5014//7288 5010//7288 5013//7288
f 5013//7289 5010//7289 5009//7289
f 5031//7290 5012//7290 5027//7290
f 5027//7291 5012//7291 5011//7291
f 5027//7292 5011//7292 5020//7292
f 5037//7293 5045//7293 5038//7293
f 5038//7294 5045//7294 5046//7294
f 5038//7295 5046//7295 5031//7295
f 5022//7296 5023//7296 5016//7296
f 5049//7297 5039//7297 5032//7297
f 5039//7298 5049//7298 5040//7298
f 5040//7299 5049//7299 5050//7299
f 5040//7300 5050//7300 5041//7300
f 5015//7301 5028//7301 5021//7301
f 5015//7302 5021//7302 5016//7302
f 5016//7303 5021//7303 5022//7303
f 5023//7304 5029//7304 5016//7304
f 5016//7305 5029//7305 5033//7305
f 5016//7306 5033//7306 5050//7306
f 5050//7307 5033//7307 5041//7307
f 5031//7308 5046//7308 5012//7308
f 5012//7309 5046//7309 5047//7309
f 5012//7310 5047//7310 5013//7310
f 5013//7311 5047//7311 5048//7311
f 5013//7312 5048//7312 5014//7312
f 5014//7313 5048//7313 5049//7313
f 5014//7314 5049//7314 5015//7314
f 5015//7315 5049//7315 5032//7315
f 5015//7316 5032//7316 5028//7316
f 5067//7317 5080//7317 5045//7317
f 5045//7318 5080//7318 5081//7318
f 5045//7319 5081//7319 5046//7319
f 5046//7320 5081//7320 5082//7320
f 5046//7321 5082//7321 5047//7321
f 5047//7322 5082//7322 5083//7322
f 5047//7323 5083//7323 5048//7323
f 5048//7324 5083//7324 5084//7324
f 5048//7325 5084//7325 5049//7325
f 5049//7326 5084//7326 5068//7326
f 5049//7327 5068//7327 5062//7327
f 4736//7328 4739//7328 4991//7328
f 4991//7329 4739//7329 4993//7329
f 4742//7330 4995//7330 4739//7330
f 4739//7331 4995//7331 4993//7331
f 4698//7332 4737//7332 4697//7332
f 4698//7333 4697//7333 4702//7333
f 4702//7334 4697//7334 4701//7334
f 4697//7335 4737//7335 4740//7335
f 4697//7336 4740//7336 4701//7336
f 4701//7337 4740//7337 4702//7337
f 4702//7338 4740//7338 4741//7338
f 4741//7339 4740//7339 4743//7339
f 4912//7340 4911//7340 4903//7340
f 4903//7341 4911//7341 4902//7341
f 4903//7342 4902//7342 4904//7342
f 4904//7343 4902//7343 4893//7343
f 4904//7344 4893//7344 4894//7344
f 4904//7345 4894//7345 4905//7345
f 4905//7346 4894//7346 4895//7346
f 4905//7347 4895//7347 4913//7347
f 4913//7348 4895//7348 4906//7348
f 4913//7349 4906//7349 4921//7349
f 4921//7350 4906//7350 4914//7350
f 4921//7351 4914//7351 4928//7351
f 4921//7352 4928//7352 4927//7352
f 4927//7353 4928//7353 4935//7353
f 4927//7354 4935//7354 4934//7354
f 4934//7355 4935//7355 4941//7355
f 4934//7356 4941//7356 4933//7356
f 4933//7357 4941//7357 4940//7357
f 4933//7358 4940//7358 4926//7358
f 4926//7359 4940//7359 4939//7359
f 4926//7360 4939//7360 4932//7360
f 4926//7361 4932//7361 4920//7361
f 4920//7362 4932//7362 4919//7362
f 4920//7363 4919//7363 4912//7363
f 4912//7364 4919//7364 4911//7364
f 4853//7365 4852//7365 4848//7365
f 4853//7366 4848//7366 4849//7366
f 4849//7367 4848//7367 4845//7367
f 4849//7368 4845//7368 4850//7368
f 4850//7369 4845//7369 4846//7369
f 4850//7370 4846//7370 4847//7370
f 4850//7371 4847//7371 4854//7371
f 4854//7372 4847//7372 4851//7372
f 4854//7373 4851//7373 4857//7373
f 4857//7374 4851//7374 4858//7374
f 4857//7375 4858//7375 4860//7375
f 4860//7376 4858//7376 4861//7376
f 4860//7377 4861//7377 4865//7377
f 4860//7378 4865//7378 4864//7378
f 4864//7379 4865//7379 4867//7379
f 4864//7380 4867//7380 4863//7380
f 4863//7381 4867//7381 4866//7381
f 4863//7382 4866//7382 4859//7382
f 4859//7383 4866//7383 4862//7383
f 4859//7384 4862//7384 4856//7384
f 4856//7385 4862//7385 4855//7385
f 4856//7386 4855//7386 4853//7386
f 4853//7387 4855//7387 4852//7387
f 4930//7388 4937//7388 4923//7388
f 4923//7389 4937//7389 4936//7389
f 4923//7390 4936//7390 4922//7390
f 4922//7391 4936//7391 4929//7391
f 4922//7392 4929//7392 4916//7392
f 4916//7393 4929//7393 4915//7393
f 4916//7394 4915//7394 4908//7394
f 4908//7395 4915//7395 4907//7395
f 4908//7396 4907//7396 4897//7396
f 4897//7397 4907//7397 4896//7397
f 4897//7398 4896//7398 4898//7398
f 4898//7399 4896//7399 4890//7399
f 4898//7400 4890//7400 4899//7400
f 4899//7401 4890//7401 4891//7401
f 4899//7402 4891//7402 4900//7402
f 4900//7403 4891//7403 4892//7403
f 4900//7404 4892//7404 4909//7404
f 4909//7405 4892//7405 4901//7405
f 4909//7406 4901//7406 4918//7406
f 4918//7407 4901//7407 4910//7407
f 4918//7408 4910//7408 4917//7408
f 4917//7409 4910//7409 4925//7409
f 4917//7410 4925//7410 4924//7410
f 4924//7411 4925//7411 4931//7411
f 4924//7412 4931//7412 4930//7412
f 4930//7413 4931//7413 4938//7413
f 4930//7414 4938//7414 4937//7414
f 4727//7415 4728//7415 4689//7415
f 4753//7416 4723//7416 4752//7416
f 4723//7417 4724//7417 4685//7417
f 4690//7418 4686//7418 4685//7418
f 4755//7419 4723//7419 4753//7419
f 4689//7420 4730//7420 4693//7420
f 4689//7421 4693//7421 4694//7421
f 4689//7422 4728//7422 4730//7422
f 4727//7423 4755//7423 4728//7423
f 4723//7424 4755//7424 4727//7424
f 4723//7425 4727//7425 4724//7425
f 4724//7426 4727//7426 4689//7426
f 4724//7427 4689//7427 4685//7427
f 4685//7428 4689//7428 4690//7428
f 4690//7429 4689//7429 4694//7429
f 4730//7430 4737//7430 4693//7430
f 4693//7431 4737//7431 4698//7431
f 4693//7432 4698//7432 4694//7432
f 3430//7433 3439//7433 3431//7433
f 3431//7434 3439//7434 3440//7434
f 4150//7435 4166//7435 4203//7435
f 4203//7436 4166//7436 4222//7436
f 4202//7437 4218//7437 4149//7437
f 4149//7438 4218//7438 4163//7438
f 3428//7439 3434//7439 3429//7439
f 3429//7440 3434//7440 3435//7440
f 4209//7441 4208//7441 4262//7441
f 4262//7442 4208//7442 4314//7442
f 4314//7443 4208//7443 4207//7443
f 4314//7444 4207//7444 4313//7444
f 4209//7445 4262//7445 4154//7445
f 4154//7446 4262//7446 4201//7446
f 4154//7447 4201//7447 4148//7447
f 4154//7448 4148//7448 3985//7448
f 4154//7449 3985//7449 4060//7449
f 4060//7450 3985//7450 3921//7450
f 4060//7451 3921//7451 3993//7451
f 3993//7452 3921//7452 3920//7452
f 3851//7453 3992//7453 3920//7453
f 3920//7454 3992//7454 3993//7454
f 4059//7455 3991//7455 3918//7455
f 3918//7456 3991//7456 3919//7456
f 3919//7457 3991//7457 3992//7457
f 3919//7458 3992//7458 3851//7458
f 4059//7459 3918//7459 4058//7459
f 4058//7460 3918//7460 3984//7460
f 4058//7461 3984//7461 4147//7461
f 4058//7462 4147//7462 4153//7462
f 4153//7463 4147//7463 4200//7463
f 4153//7464 4200//7464 4261//7464
f 4153//7465 4261//7465 4206//7465
f 4206//7466 4261//7466 4312//7466
f 4313//7467 4207//7467 4312//7467
f 4312//7468 4207//7468 4206//7468
f 4061//7469 3994//7469 3924//7469
f 3924//7470 3994//7470 3925//7470
f 3925//7471 3994//7471 3995//7471
f 3925//7472 3995//7472 3854//7472
f 4061//7473 3924//7473 3989//7473
f 4061//7474 3989//7474 4151//7474
f 4061//7475 4151//7475 4155//7475
f 4155//7476 4151//7476 4204//7476
f 4155//7477 4204//7477 4265//7477
f 4155//7478 4265//7478 4210//7478
f 4210//7479 4265//7479 4319//7479
f 4320//7480 4211//7480 4319//7480
f 4319//7481 4211//7481 4210//7481
f 4266//7482 4212//7482 4321//7482
f 4321//7483 4212//7483 4211//7483
f 4321//7484 4211//7484 4320//7484
f 4212//7485 4266//7485 4156//7485
f 4156//7486 4266//7486 4205//7486
f 4156//7487 4205//7487 4152//7487
f 4156//7488 4152//7488 3990//7488
f 4156//7489 3990//7489 4062//7489
f 4062//7490 3990//7490 3927//7490
f 4062//7491 3927//7491 3996//7491
f 3996//7492 3927//7492 3926//7492
f 3854//7493 3995//7493 3926//7493
f 3926//7494 3995//7494 3996//7494
f 3186//7495 3139//7495 3092//7495
f 3092//7496 3139//7496 3093//7496
f 3093//7497 3139//7497 3140//7497
f 3093//7498 3140//7498 3040//7498
f 3186//7499 3092//7499 3134//7499
f 3186//7500 3134//7500 3224//7500
f 3224//7501 3134//7501 3219//7501
f 3224//7502 3219//7502 3271//7502
f 3224//7503 3271//7503 3326//7503
f 3224//7504 3326//7504 3277//7504
f 3277//7505 3326//7505 3350//7505
f 3351//7506 3278//7506 3350//7506
f 3350//7507 3278//7507 3277//7507
f 3327//7508 3279//7508 3352//7508
f 3352//7509 3279//7509 3278//7509
f 3352//7510 3278//7510 3351//7510
f 3279//7511 3327//7511 3225//7511
f 3225//7512 3327//7512 3272//7512
f 3225//7513 3272//7513 3226//7513
f 3226//7514 3272//7514 3220//7514
f 3226//7515 3220//7515 3135//7515
f 3226//7516 3135//7516 3187//7516
f 3187//7517 3135//7517 3095//7517
f 3187//7518 3095//7518 3141//7518
f 3141//7519 3095//7519 3094//7519
f 3040//7520 3140//7520 3094//7520
f 3094//7521 3140//7521 3141//7521
f 3276//7522 3275//7522 3324//7522
f 3324//7523 3275//7523 3348//7523
f 3348//7524 3275//7524 3274//7524
f 3348//7525 3274//7525 3347//7525
f 3276//7526 3324//7526 3223//7526
f 3223//7527 3324//7527 3268//7527
f 3223//7528 3268//7528 3218//7528
f 3223//7529 3218//7529 3133//7529
f 3223//7530 3133//7530 3185//7530
f 3185//7531 3133//7531 3091//7531
f 3185//7532 3091//7532 3138//7532
f 3138//7533 3091//7533 3090//7533
f 3039//7534 3137//7534 3090//7534
f 3090//7535 3137//7535 3138//7535
f 3184//7536 3136//7536 3088//7536
f 3088//7537 3136//7537 3089//7537
f 3089//7538 3136//7538 3137//7538
f 3089//7539 3137//7539 3039//7539
f 3184//7540 3088//7540 3132//7540
f 3184//7541 3132//7541 3221//7541
f 3221//7542 3132//7542 3217//7542
f 3221//7543 3217//7543 3267//7543
f 3221//7544 3267//7544 3222//7544
f 3222//7545 3267//7545 3323//7545
f 3222//7546 3323//7546 3273//7546
f 3273//7547 3323//7547 3346//7547
f 3347//7548 3274//7548 3346//7548
f 3346//7549 3274//7549 3273//7549
f 4736//7550 4729//7550 4692//7550
f 4736//7551 4692//7551 4695//7551
f 4695//7552 4692//7552 4691//7552
f 4725//7553 4754//7553 4726//7553
f 4754//7554 4746//7554 4717//7554
f 4746//7555 4747//7555 4717//7555
f 4683//7556 4687//7556 4688//7556
f 4688//7557 4687//7557 4691//7557
f 4684//7558 4716//7558 4717//7558
f 4717//7559 4716//7559 4726//7559
f 4717//7560 4726//7560 4754//7560
f 4683//7561 4688//7561 4684//7561
f 4684//7562 4688//7562 4716//7562
f 4716//7563 4688//7563 4725//7563
f 4716//7564 4725//7564 4726//7564
f 4729//7565 4725//7565 4688//7565
f 4729//7566 4688//7566 4692//7566
f 4692//7567 4688//7567 4691//7567
f 2826//7568 2765//7568 2727//7568
f 4684//7569 4717//7569 4490//7569
f 4966//7570 4983//7570 4984//7570
f 3545//7571 3544//7571 3785//7571
f 2666//7572 2665//7572 2726//7572
f 2989//7573 2990//7573 2912//7573
f 2827//7574 2875//7574 2990//7574
f 2990//7575 2875//7575 2874//7575
f 2990//7576 2874//7576 2912//7576
f 2727//7577 2765//7577 2728//7577
f 2727//7578 2728//7578 2667//7578
f 2667//7579 2728//7579 2668//7579
f 2765//7580 2766//7580 2728//7580
f 2728//7581 2766//7581 2767//7581
f 2767//7582 2766//7582 2827//7582
f 2767//7583 2827//7583 2990//7583
f 3651//7584 3604//7584 3484//7584
f 3651//7585 3484//7585 3483//7585
f 3217//7586 3132//7586 2989//7586
f 3483//7587 3484//7587 3467//7587
f 3483//7588 3467//7588 3428//7588
f 3090//7589 2990//7589 3039//7589
f 3039//7590 2990//7590 3089//7590
f 3089//7591 2990//7591 2989//7591
f 3089//7592 2989//7592 3088//7592
f 3088//7593 2989//7593 3132//7593
f 3090//7594 3091//7594 2990//7594
f 2990//7595 3091//7595 3133//7595
f 2990//7596 3133//7596 3182//7596
f 3182//7597 3133//7597 3218//7597
f 3182//7598 3218//7598 3269//7598
f 3269//7599 3218//7599 3268//7599
f 3348//7600 3347//7600 3428//7600
f 3428//7601 3347//7601 3346//7601
f 3428//7602 3346//7602 3483//7602
f 3483//7603 3346//7603 3323//7603
f 3483//7604 3323//7604 3267//7604
f 3324//7605 3349//7605 3268//7605
f 3268//7606 3349//7606 3269//7606
f 3348//7607 3428//7607 3429//7607
f 3348//7608 3429//7608 3324//7608
f 3324//7609 3429//7609 3392//7609
f 3324//7610 3392//7610 3349//7610
f 4199//7611 4376//7611 3915//7611
f 3651//7612 3914//7612 3604//7612
f 3604//7613 3914//7613 4199//7613
f 3604//7614 4199//7614 3849//7614
f 3849//7615 4199//7615 3915//7615
f 4148//7616 4201//7616 4490//7616
f 4490//7617 4201//7617 4262//7617
f 4262//7618 4314//7618 4635//7618
f 4635//7619 4314//7619 4313//7619
f 4635//7620 4313//7620 4489//7620
f 4489//7621 4313//7621 4312//7621
f 4489//7622 4312//7622 4261//7622
f 4261//7623 4200//7623 4489//7623
f 4489//7624 4200//7624 3916//7624
f 4489//7625 3916//7625 4376//7625
f 4376//7626 3916//7626 3915//7626
f 4200//7627 4147//7627 3916//7627
f 3916//7628 4147//7628 3984//7628
f 3916//7629 3984//7629 3917//7629
f 3778//7630 3918//7630 3779//7630
f 3779//7631 3918//7631 3919//7631
f 3779//7632 3919//7632 3780//7632
f 3780//7633 3919//7633 3851//7633
f 3780//7634 3851//7634 3852//7634
f 3852//7635 3851//7635 3920//7635
f 3852//7636 3920//7636 3922//7636
f 3922//7637 3920//7637 3921//7637
f 3922//7638 3921//7638 3985//7638
f 3778//7639 3850//7639 3918//7639
f 3918//7640 3850//7640 3984//7640
f 3984//7641 3850//7641 3917//7641
f 4491//7642 4264//7642 4318//7642
f 4490//7643 4316//7643 4315//7643
f 4490//7644 4315//7644 4263//7644
f 4149//7645 4055//7645 4202//7645
f 4263//7646 4202//7646 4490//7646
f 4490//7647 4202//7647 4055//7647
f 4490//7648 4055//7648 4148//7648
f 4148//7649 4055//7649 3987//7649
f 4148//7650 3987//7650 3985//7650
f 3985//7651 3987//7651 3986//7651
f 3985//7652 3986//7652 3922//7652
f 4491//7653 4318//7653 4317//7653
f 4491//7654 4317//7654 4490//7654
f 4490//7655 4317//7655 4377//7655
f 4490//7656 4377//7656 4316//7656
f 3928//7657 3855//7657 3783//7657
f 3783//7658 3855//7658 3784//7658
f 3722//7659 3929//7659 4267//7659
f 4267//7660 3929//7660 3928//7660
f 3928//7661 3854//7661 3926//7661
f 3928//7662 3926//7662 3927//7662
f 4321//7663 4570//7663 4266//7663
f 4266//7664 4570//7664 4431//7664
f 4266//7665 4431//7665 4205//7665
f 4205//7666 4431//7666 4267//7666
f 4205//7667 4267//7667 4152//7667
f 4152//7668 4267//7668 3928//7668
f 4152//7669 3928//7669 3990//7669
f 3990//7670 3928//7670 3927//7670
f 3781//7671 3853//7671 3925//7671
f 4204//7672 4264//7672 4265//7672
f 4265//7673 4264//7673 4491//7673
f 4265//7674 4491//7674 4319//7674
f 4319//7675 4491//7675 4320//7675
f 4151//7676 4203//7676 4204//7676
f 4204//7677 4203//7677 4264//7677
f 3925//7678 3853//7678 3924//7678
f 3924//7679 3853//7679 3923//7679
f 3924//7680 3923//7680 3989//7680
f 3989//7681 3923//7681 3988//7681
f 3989//7682 3988//7682 4151//7682
f 4151//7683 3988//7683 4056//7683
f 4151//7684 4056//7684 4203//7684
f 3925//7685 3854//7685 3781//7685
f 3781//7686 3854//7686 3928//7686
f 3781//7687 3928//7687 3782//7687
f 3782//7688 3928//7688 3783//7688
f 4056//7689 4150//7689 4203//7689
f 3468//7690 3485//7690 3544//7690
f 4267//7691 4057//7691 3722//7691
f 3722//7692 4057//7692 3785//7692
f 3722//7693 3785//7693 3543//7693
f 3543//7694 3785//7694 3544//7694
f 3543//7695 3544//7695 3485//7695
f 3393//7696 3326//7696 3325//7696
f 3325//7697 3326//7697 3271//7697
f 3325//7698 3271//7698 3270//7698
f 3431//7699 3350//7699 3430//7699
f 3430//7700 3350//7700 3326//7700
f 3430//7701 3326//7701 3394//7701
f 3394//7702 3326//7702 3393//7702
f 2876//7703 2991//7703 2768//7703
f 2768//7704 2991//7704 2729//7704
f 2730//7705 2673//7705 2672//7705
f 2730//7706 2672//7706 2729//7706
f 2729//7707 2672//7707 2671//7707
f 2729//7708 2671//7708 2670//7708
f 2829//7709 2830//7709 2729//7709
f 2730//7710 2772//7710 2773//7710
f 2773//7711 2772//7711 2831//7711
f 2879//7712 2993//7712 2948//7712
f 2879//7713 2948//7713 2831//7713
f 2831//7714 2948//7714 2832//7714
f 2831//7715 2832//7715 2773//7715
f 2829//7716 2729//7716 2878//7716
f 2878//7717 2729//7717 2991//7717
f 2830//7718 2770//7718 2729//7718
f 2729//7719 2770//7719 2771//7719
f 2729//7720 2771//7720 2730//7720
f 2730//7721 2771//7721 2772//7721
f 2879//7722 2914//7722 2993//7722
f 2993//7723 2914//7723 2991//7723
f 2991//7724 2914//7724 2913//7724
f 2991//7725 2913//7725 2878//7725
f 3271//7726 3219//7726 3270//7726
f 3270//7727 3219//7727 3134//7727
f 3270//7728 3134//7728 3092//7728
f 2876//7729 3092//7729 3093//7729
f 2876//7730 3093//7730 2991//7730
f 2991//7731 3093//7731 3040//7731
f 2991//7732 3040//7732 2993//7732
f 2993//7733 3040//7733 3094//7733
f 3094//7734 3095//7734 2993//7734
f 2993//7735 3095//7735 3135//7735
f 2993//7736 3135//7736 3183//7736
f 3183//7737 3135//7737 3220//7737
f 3183//7738 3220//7738 3432//7738
f 3350//7739 3431//7739 3468//7739
f 3350//7740 3468//7740 3351//7740
f 3351//7741 3468//7741 3544//7741
f 3351//7742 3544//7742 3352//7742
f 3352//7743 3544//7743 3545//7743
f 3352//7744 3545//7744 3327//7744
f 3327//7745 3545//7745 3432//7745
f 3327//7746 3432//7746 3272//7746
f 3272//7747 3432//7747 3220//7747
f 4321//7748 4320//7748 4570//7748
f 4570//7749 4320//7749 4491//7749
f 4570//7750 4491//7750 4686//7750
f 4686//7751 4491//7751 4685//7751
f 4747//7752 4977//7752 4963//7752
f 4963//7753 4977//7753 4978//7753
f 4749//7754 4718//7754 4490//7754
f 4752//7755 4722//7755 4750//7755
f 4750//7756 4751//7756 4752//7756
f 4752//7757 4751//7757 4762//7757
f 4752//7758 4762//7758 4984//7758
f 4984//7759 4762//7759 4966//7759
f 4966//7760 4762//7760 4769//7760
f 4721//7761 4723//7761 4491//7761
f 4491//7762 4723//7762 4685//7762
f 4490//7763 4717//7763 4749//7763
f 4721//7764 4752//7764 4723//7764
f 4717//7765 4747//7765 4749//7765
f 4749//7766 4747//7766 4748//7766
f 4718//7767 4719//7767 4490//7767
f 4490//7768 4719//7768 4491//7768
f 4491//7769 4719//7769 4720//7769
f 4491//7770 4720//7770 4721//7770
f 4722//7771 4752//7771 4721//7771
f 4769//7772 4768//7772 4966//7772
f 4966//7773 4768//7773 4963//7773
f 4963//7774 4768//7774 4767//7774
f 4963//7775 4767//7775 4766//7775
f 4963//7776 4766//7776 4761//7776
f 4963//7777 4761//7777 4747//7777
f 4747//7778 4761//7778 4760//7778
f 4747//7779 4760//7779 4748//7779
f 4262//7780 4635//7780 4490//7780
f 4490//7781 4635//7781 4683//7781
f 4490//7782 4683//7782 4684//7782
f 3267//7783 3217//7783 3483//7783
f 3483//7784 3217//7784 2989//7784
f 3483//7785 2989//7785 3322//7785
f 3322//7786 2989//7786 3038//7786
f 2912//7787 2911//7787 2989//7787
f 2989//7788 2911//7788 3038//7788
f 3038//7789 2911//7789 2873//7789
f 3038//7790 2873//7790 2825//7790
f 2667//7791 2666//7791 2727//7791
f 2727//7792 2666//7792 2726//7792
f 2727//7793 2726//7793 2826//7793
f 2826//7794 2726//7794 2764//7794
f 2826//7795 2764//7795 2825//7795
f 2826//7796 2825//7796 2873//7796
f 4053//7797 4049//7797 4141//7797
f 4053//7798 4141//7798 4146//7798
f 4139//7799 4144//7799 4145//7799
f 4139//7800 4145//7800 4140//7800
f 4140//7801 4145//7801 4146//7801
f 4140//7802 4146//7802 4141//7802
f 4144//7803 4139//7803 4138//7803
f 4144//7804 4138//7804 4143//7804
f 4143//7805 4138//7805 4048//7805
f 4143//7806 4048//7806 4052//7806
f 4471//7807 4464//7807 4468//7807
f 4714//7808 4712//7808 4678//7808
f 4545//7809 4549//7809 4553//7809
f 4553//7810 4549//7810 4559//7810
f 4553//7811 4559//7811 4627//7811
f 4627//7812 4559//7812 4631//7812
f 4627//7813 4631//7813 4633//7813
f 4480//7814 4543//7814 4545//7814
f 4471//7815 4476//7815 4480//7815
f 4460//7816 4464//7816 4457//7816
f 4460//7817 4457//7817 4454//7817
f 4454//7818 4457//7818 4529//7818
f 4454//7819 4529//7819 4527//7819
f 4527//7820 4529//7820 4519//7820
f 4591//7821 4587//7821 4584//7821
f 4584//7822 4587//7822 4652//7822
f 4652//7823 4641//7823 4639//7823
f 4639//7824 4641//7824 4699//7824
f 4639//7825 4699//7825 4695//7825
f 4667//7826 4668//7826 4709//7826
f 4600//7827 4672//7827 4598//7827
f 4598//7828 4672//7828 4670//7828
f 4598//7829 4670//7829 4667//7829
f 4537//7830 4606//7830 4535//7830
f 4535//7831 4606//7831 4604//7831
f 4612//7832 4611//7832 4537//7832
f 4537//7833 4611//7833 4608//7833
f 4537//7834 4608//7834 4606//7834
f 4674//7835 4616//7835 4614//7835
f 4614//7836 4618//7836 4674//7836
f 4674//7837 4618//7837 4676//7837
f 4678//7838 4712//7838 4676//7838
f 4744//7839 4742//7839 4738//7839
f 4600//7840 4530//7840 4602//7840
f 4602//7841 4530//7841 4533//7841
f 4602//7842 4533//7842 4604//7842
f 4604//7843 4533//7843 4535//7843
f 4537//7844 4539//7844 4612//7844
f 4612//7845 4539//7845 4616//7845
f 4612//7846 4616//7846 4614//7846
f 4614//7847 4616//7847 4618//7847
f 4667//7848 4709//7848 4664//7848
f 4664//7849 4709//7849 4707//7849
f 4707//7850 4744//7850 4705//7850
f 4705//7851 4744//7851 4738//7851
f 4705//7852 4738//7852 4699//7852
f 4699//7853 4703//7853 4705//7853
f 4705//7854 4703//7854 4659//7854
f 4705//7855 4659//7855 4707//7855
f 4707//7856 4659//7856 4663//7856
f 4707//7857 4663//7857 4664//7857
f 4664//7858 4663//7858 4595//7858
f 4664//7859 4595//7859 4667//7859
f 4667//7860 4595//7860 4598//7860
f 4598//7861 4523//7861 4600//7861
f 4600//7862 4523//7862 4529//7862
f 4537//7863 4541//7863 4539//7863
f 4539//7864 4541//7864 4546//7864
f 4539//7865 4546//7865 4616//7865
f 4616//7866 4546//7866 4620//7866
f 4616//7867 4620//7867 4618//7867
f 4618//7868 4620//7868 4628//7868
f 4618//7869 4628//7869 4676//7869
f 4676//7870 4628//7870 4678//7870
f 4678//7871 4680//7871 4714//7871
f 4529//7872 4523//7872 4519//7872
f 4519//7873 4523//7873 4598//7873
f 4519//7874 4598//7874 4514//7874
f 4514//7875 4598//7875 4595//7875
f 4514//7876 4595//7876 4591//7876
f 4591//7877 4595//7877 4663//7877
f 4591//7878 4663//7878 4587//7878
f 4587//7879 4663//7879 4659//7879
f 4587//7880 4659//7880 4652//7880
f 4652//7881 4659//7881 4703//7881
f 4652//7882 4703//7882 4641//7882
f 4641//7883 4703//7883 4699//7883
f 4530//7884 4600//7884 4529//7884
f 4530//7885 4529//7885 4533//7885
f 4533//7886 4529//7886 4457//7886
f 4533//7887 4457//7887 4535//7887
f 4535//7888 4457//7888 4464//7888
f 4535//7889 4464//7889 4537//7889
f 4537//7890 4464//7890 4471//7890
f 4537//7891 4471//7891 4541//7891
f 4471//7892 4480//7892 4541//7892
f 4541//7893 4480//7893 4545//7893
f 4541//7894 4545//7894 4546//7894
f 4546//7895 4545//7895 4553//7895
f 4546//7896 4553//7896 4620//7896
f 4620//7897 4553//7897 4627//7897
f 4620//7898 4627//7898 4628//7898
f 4628//7899 4627//7899 4633//7899
f 4628//7900 4633//7900 4678//7900
f 4678//7901 4633//7901 4680//7901
f 4840//7902 4842//7902 4844//7902
f 4836//7903 4843//7903 4841//7903
f 4843//7904 4836//7904 4844//7904
f 4844//7905 4836//7905 4838//7905
f 4844//7906 4838//7906 4840//7906
f 4841//7907 4839//7907 4836//7907
f 4836//7908 4839//7908 4837//7908
f 4836//7909 4837//7909 4835//7909
f 4709//7910 4668//7910 5008//7910
f 4743//7911 4996//7911 4745//7911
f 4745//7912 4996//7912 5002//7912
f 4711//7913 4710//7913 5007//7913
f 5007//7914 4710//7914 4708//7914
f 5007//7915 4708//7915 5002//7915
f 5002//7916 4708//7916 4745//7916
f 4711//7917 5007//7917 4669//7917
f 4669//7918 5007//7918 5024//7918
f 4669//7919 5024//7919 4671//7919
f 5042//7920 4603//7920 4601//7920
f 5042//7921 4601//7921 5024//7921
f 5024//7922 4601//7922 4673//7922
f 5024//7923 4673//7923 4671//7923
f 4603//7924 5042//7924 4605//7924
f 4605//7925 5042//7925 5044//7925
f 4605//7926 5044//7926 4607//7926
f 4613//7927 4610//7927 5051//7927
f 5051//7928 4610//7928 4609//7928
f 5051//7929 4609//7929 5044//7929
f 5044//7930 4609//7930 4607//7930
f 4677//7931 4675//7931 5070//7931
f 5070//7932 4675//7932 4617//7932
f 5070//7933 4617//7933 5051//7933
f 5051//7934 4617//7934 4615//7934
f 5051//7935 4615//7935 4613//7935
f 4838//7936 4836//7936 5096//7936
f 4677//7937 5070//7937 5086//7937
f 4677//7938 5086//7938 4713//7938
f 4713//7939 5086//7939 5096//7939
f 4713//7940 5096//7940 4715//7940
f 4715//7941 5096//7941 4836//7941
f 5100//7942 4839//7942 5102//7942
f 5102//7943 4839//7943 4841//7943
f 5102//7944 4841//7944 5104//7944
f 5104//7945 4841//7945 4843//7945
f 5104//7946 4843//7946 5106//7946
f 5106//7947 4843//7947 4844//7947
f 5106//7948 4844//7948 5107//7948
f 5107//7949 4844//7949 4842//7949
f 5107//7950 4842//7950 5105//7950
f 5105//7951 4842//7951 4840//7951
f 5105//7952 4840//7952 5103//7952
f 5103//7953 4840//7953 4838//7953
f 5103//7954 4838//7954 5101//7954
f 5101//7955 4838//7955 5096//7955
f 5093//7956 4835//7956 5100//7956
f 5100//7957 4835//7957 4837//7957
f 5100//7958 4837//7958 4839//7958
f 4714//7959 4835//7959 5093//7959
f 4714//7960 5093//7960 4712//7960
f 4712//7961 5093//7961 5079//7961
f 4616//7962 4674//7962 5064//7962
f 5064//7963 4674//7963 4676//7963
f 5064//7964 4676//7964 5079//7964
f 5079//7965 4676//7965 4712//7965
f 4616//7966 5064//7966 4614//7966
f 4614//7967 5064//7967 5052//7967
f 4614//7968 5052//7968 4612//7968
f 5043//7969 4606//7969 4608//7969
f 5043//7970 4608//7970 5052//7970
f 5052//7971 4608//7971 4611//7971
f 5052//7972 4611//7972 4612//7972
f 4606//7973 5043//7973 4604//7973
f 4604//7974 5043//7974 5034//7974
f 4604//7975 5034//7975 4602//7975
f 4670//7976 4672//7976 5017//7976
f 5017//7977 4672//7977 4600//7977
f 5017//7978 4600//7978 5034//7978
f 5034//7979 4600//7979 4602//7979
f 5008//7980 4668//7980 5017//7980
f 5017//7981 4668//7981 4667//7981
f 5017//7982 4667//7982 4670//7982
f 4999//7983 4995//7983 4742//7983
f 4742//7984 4744//7984 4999//7984
f 4999//7985 4744//7985 4707//7985
f 4999//7986 4707//7986 5008//7986
f 5008//7987 4707//7987 4709//7987
f 4704//7988 4702//7988 4741//7988
f 4617//7989 4675//7989 4619//7989
f 4619//7990 4675//7990 4677//7990
f 4479//7991 4473//7991 4481//7991
f 4467//7992 4473//7992 4470//7992
f 4679//7993 4715//7993 4681//7993
f 4594//7994 4586//7994 4590//7994
f 4590//7995 4586//7995 4658//7995
f 4590//7996 4658//7996 4657//7996
f 4657//7997 4658//7997 4640//7997
f 4657//7998 4640//7998 4651//7998
f 4651//7999 4640//7999 4698//7999
f 4651//8000 4698//8000 4702//8000
f 4467//8001 4463//8001 4459//8001
f 4459//8002 4463//8002 4456//8002
f 4459//8003 4456//8003 4532//8003
f 4532//8004 4456//8004 4528//8004
f 4532//8005 4528//8005 4522//8005
f 4548//8006 4544//8006 4481//8006
f 4558//8007 4552//8007 4548//8007
f 4634//8008 4632//8008 4630//8008
f 4630//8009 4632//8009 4568//8009
f 4630//8010 4568//8010 4558//8010
f 4679//8011 4677//8011 4713//8011
f 4679//8012 4713//8012 4715//8012
f 4540//8013 4613//8013 4617//8013
f 4617//8014 4613//8014 4615//8014
f 4536//8015 4607//8015 4538//8015
f 4538//8016 4607//8016 4609//8016
f 4538//8017 4609//8017 4540//8017
f 4540//8018 4609//8018 4610//8018
f 4540//8019 4610//8019 4613//8019
f 4531//8020 4603//8020 4534//8020
f 4534//8021 4603//8021 4605//8021
f 4534//8022 4605//8022 4536//8022
f 4536//8023 4605//8023 4607//8023
f 4669//8024 4671//8024 4599//8024
f 4599//8025 4671//8025 4673//8025
f 4599//8026 4673//8026 4601//8026
f 4531//8027 4601//8027 4603//8027
f 4665//8028 4708//8028 4710//8028
f 4665//8029 4710//8029 4669//8029
f 4669//8030 4710//8030 4711//8030
f 4745//8031 4708//8031 4706//8031
f 4745//8032 4706//8032 4743//8032
f 4547//8033 4619//8033 4625//8033
f 4625//8034 4619//8034 4677//8034
f 4625//8035 4677//8035 4629//8035
f 4629//8036 4677//8036 4679//8036
f 4679//8037 4681//8037 4682//8037
f 4617//8038 4542//8038 4540//8038
f 4540//8039 4542//8039 4538//8039
f 4534//8040 4532//8040 4531//8040
f 4531//8041 4532//8041 4526//8041
f 4531//8042 4526//8042 4601//8042
f 4601//8043 4526//8043 4599//8043
f 4599//8044 4597//8044 4669//8044
f 4669//8045 4597//8045 4666//8045
f 4669//8046 4666//8046 4665//8046
f 4665//8047 4666//8047 4662//8047
f 4665//8048 4662//8048 4708//8048
f 4708//8049 4662//8049 4704//8049
f 4708//8050 4704//8050 4706//8050
f 4706//8051 4704//8051 4741//8051
f 4706//8052 4741//8052 4743//8052
f 4481//8053 4547//8053 4548//8053
f 4548//8054 4547//8054 4625//8054
f 4548//8055 4625//8055 4558//8055
f 4558//8056 4625//8056 4629//8056
f 4558//8057 4629//8057 4630//8057
f 4630//8058 4629//8058 4679//8058
f 4630//8059 4679//8059 4634//8059
f 4634//8060 4679//8060 4682//8060
f 4617//8061 4619//8061 4547//8061
f 4617//8062 4547//8062 4542//8062
f 4542//8063 4547//8063 4481//8063
f 4542//8064 4481//8064 4538//8064
f 4538//8065 4481//8065 4473//8065
f 4538//8066 4473//8066 4536//8066
f 4536//8067 4473//8067 4467//8067
f 4536//8068 4467//8068 4534//8068
f 4467//8069 4459//8069 4534//8069
f 4534//8070 4459//8070 4532//8070
f 4532//8071 4522//8071 4526//8071
f 4526//8072 4522//8072 4517//8072
f 4526//8073 4517//8073 4599//8073
f 4599//8074 4517//8074 4594//8074
f 4599//8075 4594//8075 4597//8075
f 4597//8076 4594//8076 4590//8076
f 4597//8077 4590//8077 4666//8077
f 4666//8078 4590//8078 4657//8078
f 4666//8079 4657//8079 4662//8079
f 4662//8080 4657//8080 4651//8080
f 4662//8081 4651//8081 4704//8081
f 4704//8082 4651//8082 4702//8082
f 4048//8083 3706//8083 4052//8083
f 4052//8084 3706//8084 3709//8084
f 4052//8085 3709//8085 4143//8085
f 4144//8086 4143//8086 3709//8086
f 4144//8087 3709//8087 4145//8087
f 4145//8088 3709//8088 3710//8088
f 4053//8089 4146//8089 4145//8089
f 4053//8090 4145//8090 3711//8090
f 3711//8091 4145//8091 3710//8091
f 4053//8092 3711//8092 4049//8092
f 4049//8093 3711//8093 3707//8093
f 3463//8094 3464//8094 3456//8094
f 3456//8095 3464//8095 3457//8095
f 4940//8096 4832//8096 4831//8096
f 4940//8097 4831//8097 4939//8097
f 4939//8098 4831//8098 4825//8098
f 4939//8099 4825//8099 4932//8099
f 4932//8100 4825//8100 4820//8100
f 4932//8101 4820//8101 4919//8101
f 4919//8102 4820//8102 4816//8102
f 4919//8103 4816//8103 4911//8103
f 4911//8104 4816//8104 4811//8104
f 4911//8105 4811//8105 4902//8105
f 4902//8106 4811//8106 4806//8106
f 4902//8107 4806//8107 4893//8107
f 4893//8108 4806//8108 4807//8108
f 4893//8109 4807//8109 4894//8109
f 4894//8110 4807//8110 4808//8110
f 4894//8111 4808//8111 4895//8111
f 4895//8112 4808//8112 4812//8112
f 4895//8113 4812//8113 4906//8113
f 4906//8114 4812//8114 4817//8114
f 4906//8115 4817//8115 4914//8115
f 4914//8116 4817//8116 4822//8116
f 4914//8117 4822//8117 4928//8117
f 4928//8118 4822//8118 4826//8118
f 4928//8119 4826//8119 4935//8119
f 4935//8120 4826//8120 4833//8120
f 4935//8121 4833//8121 4941//8121
f 4941//8122 4833//8122 4832//8122
f 4941//8123 4832//8123 4940//8123
f 4867//8124 4794//8124 4793//8124
f 4867//8125 4793//8125 4866//8125
f 4866//8126 4793//8126 4790//8126
f 4866//8127 4790//8127 4862//8127
f 4862//8128 4790//8128 4785//8128
f 4862//8129 4785//8129 4855//8129
f 4855//8130 4785//8130 4783//8130
f 4855//8131 4783//8131 4852//8131
f 4852//8132 4783//8132 4780//8132
f 4852//8133 4780//8133 4848//8133
f 4848//8134 4780//8134 4775//8134
f 4848//8135 4775//8135 4845//8135
f 4845//8136 4775//8136 4776//8136
f 4845//8137 4776//8137 4846//8137
f 4846//8138 4776//8138 4777//8138
f 4846//8139 4777//8139 4847//8139
f 4847//8140 4777//8140 4781//8140
f 4847//8141 4781//8141 4851//8141
f 4851//8142 4781//8142 4786//8142
f 4851//8143 4786//8143 4858//8143
f 4858//8144 4786//8144 4788//8144
f 4858//8145 4788//8145 4861//8145
f 4861//8146 4788//8146 4791//8146
f 4861//8147 4791//8147 4865//8147
f 4865//8148 4791//8148 4794//8148
f 4865//8149 4794//8149 4867//8149
f 4937//8150 4829//8150 4827//8150
f 4937//8151 4827//8151 4936//8151
f 4936//8152 4827//8152 4823//8152
f 4936//8153 4823//8153 4929//8153
f 4929//8154 4823//8154 4819//8154
f 4929//8155 4819//8155 4915//8155
f 4915//8156 4819//8156 4814//8156
f 4915//8157 4814//8157 4907//8157
f 4907//8158 4814//8158 4809//8158
f 4907//8159 4809//8159 4896//8159
f 4896//8160 4809//8160 4803//8160
f 4896//8161 4803//8161 4890//8161
f 4890//8162 4803//8162 4804//8162
f 4890//8163 4804//8163 4891//8163
f 4891//8164 4804//8164 4805//8164
f 4891//8165 4805//8165 4892//8165
f 4892//8166 4805//8166 4810//8166
f 4892//8167 4810//8167 4901//8167
f 4901//8168 4810//8168 4815//8168
f 4901//8169 4815//8169 4910//8169
f 4910//8170 4815//8170 4821//8170
f 4910//8171 4821//8171 4925//8171
f 4925//8172 4821//8172 4824//8172
f 4925//8173 4824//8173 4931//8173
f 4931//8174 4824//8174 4830//8174
f 4931//8175 4830//8175 4938//8175
f 4938//8176 4830//8176 4829//8176
f 4938//8177 4829//8177 4937//8177
f 3461//8178 3462//8178 3454//8178
f 3454//8179 3462//8179 3455//8179
f 4250//8180 4371//8180 4370//8180
f 4250//8181 4370//8181 4249//8181
f 4249//8182 4370//8182 4307//8182
f 4249//8183 4307//8183 4257//8183
f 4249//8184 4257//8184 4191//8184
f 4191//8185 4257//8185 4195//8185
f 4191//8186 4195//8186 4133//8186
f 4133//8187 4195//8187 4046//8187
f 4133//8188 4046//8188 4134//8188
f 4134//8189 4046//8189 3971//8189
f 4134//8190 3971//8190 4040//8190
f 4040//8191 3971//8191 3972//8191
f 4040//8192 3972//8192 3898//8192
f 4040//8193 3898//8193 4041//8193
f 4041//8194 3898//8194 4042//8194
f 4042//8195 3898//8195 3973//8195
f 4042//8196 3973//8196 3974//8196
f 4042//8197 3974//8197 4047//8197
f 4042//8198 4047//8198 4135//8198
f 4135//8199 4047//8199 4196//8199
f 4135//8200 4196//8200 4192//8200
f 4192//8201 4196//8201 4258//8201
f 4192//8202 4258//8202 4252//8202
f 4252//8203 4258//8203 4308//8203
f 4252//8204 4308//8204 4251//8204
f 4251//8205 4308//8205 4372//8205
f 4251//8206 4372//8206 4371//8206
f 4251//8207 4371//8207 4250//8207
f 4254//8208 4374//8208 4253//8208
f 4253//8209 4374//8209 4373//8209
f 4253//8210 4373//8210 4309//8210
f 4253//8211 4309//8211 4259//8211
f 4253//8212 4259//8212 4193//8212
f 4193//8213 4259//8213 4197//8213
f 4193//8214 4197//8214 4136//8214
f 4136//8215 4197//8215 4050//8215
f 4136//8216 4050//8216 3975//8216
f 4136//8217 3975//8217 4043//8217
f 4043//8218 3975//8218 3976//8218
f 4043//8219 3976//8219 3902//8219
f 4043//8220 3902//8220 4044//8220
f 4044//8221 3902//8221 3977//8221
f 4044//8222 3977//8222 4045//8222
f 4045//8223 3977//8223 3978//8223
f 4045//8224 3978//8224 4051//8224
f 4045//8225 4051//8225 4137//8225
f 4137//8226 4051//8226 4198//8226
f 4137//8227 4198//8227 4194//8227
f 4194//8228 4198//8228 4260//8228
f 4194//8229 4260//8229 4255//8229
f 4255//8230 4260//8230 4310//8230
f 4255//8231 4310//8231 4375//8231
f 4255//8232 4375//8232 4374//8232
f 4255//8233 4374//8233 4254//8233
f 3310//8234 3389//8234 3309//8234
f 3309//8235 3389//8235 3388//8235
f 3309//8236 3388//8236 3344//8236
f 3309//8237 3344//8237 3318//8237
f 3309//8238 3318//8238 3253//8238
f 3253//8239 3318//8239 3261//8239
f 3253//8240 3261//8240 3209//8240
f 3209//8241 3261//8241 3175//8241
f 3209//8242 3175//8242 3123//8242
f 3209//8243 3123//8243 3165//8243
f 3165//8244 3123//8244 3124//8244
f 3165//8245 3124//8245 3079//8245
f 3165//8246 3079//8246 3166//8246
f 3166//8247 3079//8247 3125//8247
f 3166//8248 3125//8248 3167//8248
f 3167//8249 3125//8249 3126//8249
f 3167//8250 3126//8250 3176//8250
f 3167//8251 3176//8251 3210//8251
f 3210//8252 3176//8252 3262//8252
f 3210//8253 3262//8253 3255//8253
f 3255//8254 3262//8254 3254//8254
f 3254//8255 3262//8255 3319//8255
f 3254//8256 3319//8256 3311//8256
f 3311//8257 3319//8257 3345//8257
f 3311//8258 3345//8258 3390//8258
f 3311//8259 3390//8259 3389//8259
f 3311//8260 3389//8260 3310//8260
f 3304//8261 3382//8261 3381//8261
f 3304//8262 3381//8262 3303//8262
f 3303//8263 3381//8263 3339//8263
f 3303//8264 3339//8264 3312//8264
f 3303//8265 3312//8265 3249//8265
f 3249//8266 3312//8266 3256//8266
f 3249//8267 3256//8267 3248//8267
f 3248//8268 3256//8268 3203//8268
f 3203//8269 3256//8269 3168//8269
f 3203//8270 3168//8270 3116//8270
f 3203//8271 3116//8271 3162//8271
f 3162//8272 3116//8272 3117//8272
f 3162//8273 3117//8273 3076//8273
f 3162//8274 3076//8274 3163//8274
f 3163//8275 3076//8275 3164//8275
f 3164//8276 3076//8276 3118//8276
f 3164//8277 3118//8277 3119//8277
f 3164//8278 3119//8278 3169//8278
f 3164//8279 3169//8279 3204//8279
f 3204//8280 3169//8280 3257//8280
f 3204//8281 3257//8281 3250//8281
f 3250//8282 3257//8282 3313//8282
f 3250//8283 3313//8283 3306//8283
f 3306//8284 3313//8284 3340//8284
f 3306//8285 3340//8285 3305//8285
f 3305//8286 3340//8286 3383//8286
f 3305//8287 3383//8287 3382//8287
f 3305//8288 3382//8288 3304//8288
f 4658//8289 4586//8289 4570//8289
f 4632//8290 4634//8290 4488//8290
f 3080//8291 3053//8291 3183//8291
f 4522//8292 4528//8292 4431//8292
f 4522//8293 4431//8293 4517//8293
f 4570//8294 4586//8294 4431//8294
f 4431//8295 4586//8295 4594//8295
f 4431//8296 4594//8296 4517//8296
f 4528//8297 4456//8297 4431//8297
f 4431//8298 4456//8298 4463//8298
f 4431//8299 4463//8299 4467//8299
f 4470//8300 4473//8300 4488//8300
f 4488//8301 4473//8301 4479//8301
f 4488//8302 4479//8302 4481//8302
f 4481//8303 4544//8303 4488//8303
f 4488//8304 4544//8304 4548//8304
f 4488//8305 4548//8305 4552//8305
f 4552//8306 4558//8306 4488//8306
f 4488//8307 4558//8307 4568//8307
f 4488//8308 4568//8308 4632//8308
f 4686//8309 4690//8309 4570//8309
f 4570//8310 4690//8310 4694//8310
f 4694//8311 4698//8311 4570//8311
f 4570//8312 4698//8312 4640//8312
f 4570//8313 4640//8313 4658//8313
f 2843//8314 2832//8314 3007//8314
f 3007//8315 2832//8315 2948//8315
f 3007//8316 2948//8316 3053//8316
f 3053//8317 2948//8317 2993//8317
f 3053//8318 2993//8318 3183//8318
f 3080//8319 3183//8319 3213//8319
f 3213//8320 3183//8320 3432//8320
f 3213//8321 3432//8321 3465//8321
f 3465//8322 3432//8322 3545//8322
f 3465//8323 3545//8323 3568//8323
f 3568//8324 3545//8324 3785//8324
f 3568//8325 3785//8325 3844//8325
f 3844//8326 3785//8326 4057//8326
f 3844//8327 4057//8327 4142//8327
f 4142//8328 4057//8328 4267//8328
f 4142//8329 4267//8329 4311//8329
f 4311//8330 4267//8330 4431//8330
f 4311//8331 4431//8331 4488//8331
f 4488//8332 4431//8332 4467//8332
f 4488//8333 4467//8333 4470//8333
f 2687//8334 2672//8334 2673//8334
f 2687//8335 2673//8335 2688//8335
f 2688//8336 2673//8336 2730//8336
f 2688//8337 2730//8337 2747//8337
f 2747//8338 2730//8338 2773//8338
f 2747//8339 2773//8339 2786//8339
f 2786//8340 2773//8340 2832//8340
f 2786//8341 2832//8341 2843//8341
f 2685//8342 2671//8342 2687//8342
f 2687//8343 2671//8343 2672//8343
f 2781//8344 2768//8344 2729//8344
f 2781//8345 2729//8345 2740//8345
f 2740//8346 2729//8346 2670//8346
f 2740//8347 2670//8347 2684//8347
f 2684//8348 2670//8348 2671//8348
f 2684//8349 2671//8349 2685//8349
f 3287//8350 3270//8350 3092//8350
f 3287//8351 3092//8351 3101//8351
f 3101//8352 3092//8352 2876//8352
f 3101//8353 2876//8353 2885//8353
f 2885//8354 2876//8354 2768//8354
f 2885//8355 2768//8355 2781//8355
f 3439//8356 3430//8356 3394//8356
f 3439//8357 3394//8357 3399//8357
f 3399//8358 3394//8358 3393//8358
f 3399//8359 3393//8359 3398//8359
f 3398//8360 3393//8360 3325//8360
f 3398//8361 3325//8361 3328//8361
f 3328//8362 3325//8362 3270//8362
f 3328//8363 3270//8363 3287//8363
f 3489//8364 3485//8364 3468//8364
f 3489//8365 3468//8365 3472//8365
f 3472//8366 3468//8366 3431//8366
f 3472//8367 3431//8367 3440//8367
f 3730//8368 3944//8368 3722//8368
f 3722//8369 3944//8369 3929//8369
f 3730//8370 3722//8370 3550//8370
f 3550//8371 3722//8371 3543//8371
f 3550//8372 3543//8372 3485//8372
f 3550//8373 3485//8373 3489//8373
f 3866//8374 3855//8374 3928//8374
f 3866//8375 3928//8375 3943//8375
f 3943//8376 3928//8376 3929//8376
f 3943//8377 3929//8377 3944//8377
f 3794//8378 3781//8378 3782//8378
f 3794//8379 3782//8379 3795//8379
f 3795//8380 3782//8380 3783//8380
f 3795//8381 3783//8381 3796//8381
f 3796//8382 3783//8382 3784//8382
f 3796//8383 3784//8383 3797//8383
f 3797//8384 3784//8384 3855//8384
f 3797//8385 3855//8385 3866//8385
f 3939//8386 3923//8386 3853//8386
f 3939//8387 3853//8387 3863//8387
f 3863//8388 3853//8388 3781//8388
f 3863//8389 3781//8389 3794//8389
f 3923//8390 3939//8390 4007//8390
f 4166//8391 4150//8391 4056//8391
f 4166//8392 4056//8392 4080//8392
f 4080//8393 4056//8393 4007//8393
f 4007//8394 4056//8394 3988//8394
f 4007//8395 3988//8395 3923//8395
f 4335//8396 4318//8396 4264//8396
f 4335//8397 4264//8397 4277//8397
f 4277//8398 4264//8398 4203//8398
f 4277//8399 4203//8399 4222//8399
f 4382//8400 4327//8400 4377//8400
f 4377//8401 4327//8401 4316//8401
f 4382//8402 4377//8402 4383//8402
f 4383//8403 4377//8403 4317//8403
f 4383//8404 4317//8404 4334//8404
f 4334//8405 4317//8405 4318//8405
f 4334//8406 4318//8406 4335//8406
f 4218//8407 4202//8407 4263//8407
f 4218//8408 4263//8408 4270//8408
f 4270//8409 4263//8409 4315//8409
f 4270//8410 4315//8410 4326//8410
f 4326//8411 4315//8411 4316//8411
f 4326//8412 4316//8412 4327//8412
f 4149//8413 4163//8413 4072//8413
f 3937//8414 3922//8414 3986//8414
f 3937//8415 3986//8415 4003//8415
f 4003//8416 3986//8416 3987//8416
f 4003//8417 3987//8417 4004//8417
f 4004//8418 3987//8418 4055//8418
f 4004//8419 4055//8419 4072//8419
f 4072//8420 4055//8420 4149//8420
f 3792//8421 3780//8421 3852//8421
f 3792//8422 3852//8422 3861//8422
f 3861//8423 3852//8423 3922//8423
f 3861//8424 3922//8424 3937//8424
f 3859//8425 3850//8425 3778//8425
f 3859//8426 3778//8426 3790//8426
f 3790//8427 3778//8427 3779//8427
f 3790//8428 3779//8428 3791//8428
f 3791//8429 3779//8429 3780//8429
f 3791//8430 3780//8430 3792//8430
f 3933//8431 3915//8431 3916//8431
f 3933//8432 3916//8432 3934//8432
f 3934//8433 3916//8433 3917//8433
f 3934//8434 3917//8434 3935//8434
f 3935//8435 3917//8435 3850//8435
f 3935//8436 3850//8436 3859//8436
f 3487//8437 3484//8437 3546//8437
f 3546//8438 3484//8438 3604//8438
f 3546//8439 3604//8439 3606//8439
f 3606//8440 3604//8440 3789//8440
f 3789//8441 3604//8441 3849//8441
f 3789//8442 3849//8442 3858//8442
f 3858//8443 3849//8443 3915//8443
f 3858//8444 3915//8444 3933//8444
f 3434//8445 3428//8445 3467//8445
f 3434//8446 3467//8446 3469//8446
f 3469//8447 3467//8447 3484//8447
f 3469//8448 3484//8448 3487//8448
f 3286//8449 3269//8449 3349//8449
f 3286//8450 3349//8450 3353//8450
f 3353//8451 3349//8451 3392//8451
f 3353//8452 3392//8452 3396//8452
f 3396//8453 3392//8453 3429//8453
f 3396//8454 3429//8454 3435//8454
f 2767//8455 2990//8455 2779//8455
f 2779//8456 2990//8456 3000//8456
f 3000//8457 2990//8457 3182//8457
f 3000//8458 3182//8458 3192//8458
f 3192//8459 3182//8459 3269//8459
f 3192//8460 3269//8460 3286//8460
f 2767//8461 2779//8461 2739//8461
f 2767//8462 2739//8462 2728//8462
f 2728//8463 2739//8463 2681//8463
f 2728//8464 2681//8464 2668//8464
f 2668//8465 2681//8465 2680//8465
f 2668//8466 2680//8466 2667//8466
f 2666//8467 2667//8467 2677//8467
f 2677//8468 2667//8468 2680//8468
f 2666//8469 2677//8469 2676//8469
f 2666//8470 2676//8470 2665//8470
f 2665//8471 2676//8471 2732//8471
f 2665//8472 2732//8472 2726//8472
f 2726//8473 2732//8473 2774//8473
f 2726//8474 2774//8474 2764//8474
f 2764//8475 2774//8475 2833//8475
f 2764//8476 2833//8476 2825//8476
f 3992//8477 4001//8477 4002//8477
f 4214//8478 4207//8478 4208//8478
f 4214//8479 4208//8479 4215//8479
f 4215//8480 4208//8480 4216//8480
f 4208//8481 4209//8481 4216//8481
f 4216//8482 4209//8482 4154//8482
f 4216//8483 4154//8483 4161//8483
f 4161//8484 4154//8484 4069//8484
f 4154//8485 4060//8485 4069//8485
f 4069//8486 4060//8486 3993//8486
f 4069//8487 3993//8487 4002//8487
f 4002//8488 3993//8488 3992//8488
f 4001//8489 3992//8489 3991//8489
f 4001//8490 3991//8490 4000//8490
f 4000//8491 3991//8491 4067//8491
f 3991//8492 4059//8492 4067//8492
f 4067//8493 4059//8493 4058//8493
f 4067//8494 4058//8494 4066//8494
f 4066//8495 4058//8495 4153//8495
f 4066//8496 4153//8496 4160//8496
f 4160//8497 4153//8497 4206//8497
f 4160//8498 4206//8498 4213//8498
f 4213//8499 4206//8499 4214//8499
f 4214//8500 4206//8500 4207//8500
f 4211//8501 4225//8501 4224//8501
f 4009//8502 3995//8502 3994//8502
f 4009//8503 3994//8503 4008//8503
f 4008//8504 3994//8504 4082//8504
f 3994//8505 4061//8505 4082//8505
f 4082//8506 4061//8506 4155//8506
f 4082//8507 4155//8507 4168//8507
f 4168//8508 4155//8508 4210//8508
f 4168//8509 4210//8509 4224//8509
f 4224//8510 4210//8510 4211//8510
f 4225//8511 4211//8511 4212//8511
f 4225//8512 4212//8512 4226//8512
f 4226//8513 4212//8513 4156//8513
f 4226//8514 4156//8514 4170//8514
f 4170//8515 4156//8515 4083//8515
f 4156//8516 4062//8516 4083//8516
f 4083//8517 4062//8517 3996//8517
f 4083//8518 3996//8518 4010//8518
f 4010//8519 3996//8519 4009//8519
f 4009//8520 3996//8520 3995//8520
f 3278//8521 3289//8521 3288//8521
f 3147//8522 3140//8522 3139//8522
f 3147//8523 3139//8523 3146//8523
f 3146//8524 3139//8524 3193//8524
f 3139//8525 3186//8525 3193//8525
f 3193//8526 3186//8526 3232//8526
f 3186//8527 3224//8527 3232//8527
f 3232//8528 3224//8528 3277//8528
f 3232//8529 3277//8529 3288//8529
f 3288//8530 3277//8530 3278//8530
f 3289//8531 3278//8531 3279//8531
f 3289//8532 3279//8532 3290//8532
f 3290//8533 3279//8533 3225//8533
f 3290//8534 3225//8534 3234//8534
f 3225//8535 3226//8535 3234//8535
f 3234//8536 3226//8536 3194//8536
f 3226//8537 3187//8537 3194//8537
f 3194//8538 3187//8538 3141//8538
f 3194//8539 3141//8539 3148//8539
f 3148//8540 3141//8540 3147//8540
f 3147//8541 3141//8541 3140//8541
f 3137//8542 3144//8542 3145//8542
f 3283//8543 3274//8543 3275//8543
f 3283//8544 3275//8544 3284//8544
f 3284//8545 3275//8545 3285//8545
f 3275//8546 3276//8546 3285//8546
f 3285//8547 3276//8547 3223//8547
f 3285//8548 3223//8548 3230//8548
f 3230//8549 3223//8549 3190//8549
f 3223//8550 3185//8550 3190//8550
f 3190//8551 3185//8551 3138//8551
f 3190//8552 3138//8552 3145//8552
f 3145//8553 3138//8553 3137//8553
f 3144//8554 3137//8554 3136//8554
f 3144//8555 3136//8555 3143//8555
f 3143//8556 3136//8556 3189//8556
f 3136//8557 3184//8557 3189//8557
f 3189//8558 3184//8558 3228//8558
f 3184//8559 3221//8559 3228//8559
f 3228//8560 3221//8560 3229//8560
f 3221//8561 3222//8561 3229//8561
f 3229//8562 3222//8562 3273//8562
f 3229//8563 3273//8563 3282//8563
f 3282//8564 3273//8564 3283//8564
f 3283//8565 3273//8565 3274//8565
f 2775//8566 2765//8566 2826//8566
f 2775//8567 2826//8567 2835//8567
f 2835//8568 2826//8568 2873//8568
f 2835//8569 2873//8569 2881//8569
f 2881//8570 2873//8570 2911//8570
f 2881//8571 2911//8571 2917//8571
f 2917//8572 2911//8572 2912//8572
f 2917//8573 2912//8573 2918//8573
f 2918//8574 2912//8574 2874//8574
f 2918//8575 2874//8575 2882//8575
f 2882//8576 2874//8576 2875//8576
f 2882//8577 2875//8577 2883//8577
f 2883//8578 2875//8578 2827//8578
f 2883//8579 2827//8579 2836//8579
f 2836//8580 2827//8580 2766//8580
f 2836//8581 2766//8581 2776//8581
f 2776//8582 2766//8582 2765//8582
f 2776//8583 2765//8583 2775//8583
f 2784//8584 2771//8584 2770//8584
f 2784//8585 2770//8585 2783//8585
f 2783//8586 2770//8586 2830//8586
f 2783//8587 2830//8587 2841//8587
f 2841//8588 2830//8588 2829//8588
f 2841//8589 2829//8589 2840//8589
f 2840//8590 2829//8590 2878//8590
f 2840//8591 2878//8591 2887//8591
f 2887//8592 2878//8592 2913//8592
f 2887//8593 2913//8593 2922//8593
f 2922//8594 2913//8594 2914//8594
f 2922//8595 2914//8595 2923//8595
f 2923//8596 2914//8596 2879//8596
f 2923//8597 2879//8597 2888//8597
f 2888//8598 2879//8598 2831//8598
f 2888//8599 2831//8599 2842//8599
f 2842//8600 2831//8600 2772//8600
f 2842//8601 2772//8601 2785//8601
f 2785//8602 2772//8602 2771//8602
f 2785//8603 2771//8603 2784//8603
f 4687//8604 4683//8604 4635//8604
f 4635//8605 4652//8605 4639//8605
f 4687//8606 4635//8606 4691//8606
f 4691//8607 4635//8607 4639//8607
f 4691//8608 4639//8608 4695//8608
f 4652//8609 4635//8609 4584//8609
f 4584//8610 4635//8610 4489//8610
f 4584//8611 4489//8611 4591//8611
f 4460//8612 4454//8612 4376//8612
f 4460//8613 4376//8613 4464//8613
f 4545//8614 4543//8614 4430//8614
f 4430//8615 4543//8615 4480//8615
f 4430//8616 4480//8616 4476//8616
f 4476//8617 4471//8617 4430//8617
f 4430//8618 4471//8618 4468//8618
f 4430//8619 4468//8619 4464//8619
f 4454//8620 4527//8620 4376//8620
f 4376//8621 4527//8621 4519//8621
f 4376//8622 4519//8622 4489//8622
f 4489//8623 4519//8623 4514//8623
f 4489//8624 4514//8624 4591//8624
f 4633//8625 4631//8625 4569//8625
f 4569//8626 4631//8626 4559//8626
f 4569//8627 4559//8627 4430//8627
f 4430//8628 4559//8628 4549//8628
f 4430//8629 4549//8629 4545//8629
f 2825//8630 2833//8630 3038//8630
f 3038//8631 2833//8631 3042//8631
f 4464//8632 4376//8632 4430//8632
f 4430//8633 4376//8633 4199//8633
f 4430//8634 4199//8634 4256//8634
f 4256//8635 4199//8635 3914//8635
f 4256//8636 3914//8636 3967//8636
f 3967//8637 3914//8637 3651//8637
f 3967//8638 3651//8638 3704//8638
f 3704//8639 3651//8639 3483//8639
f 3704//8640 3483//8640 3497//8640
f 3497//8641 3483//8641 3322//8641
f 3497//8642 3322//8642 3338//8642
f 3338//8643 3322//8643 3038//8643
f 3338//8644 3038//8644 3075//8644
f 3075//8645 3038//8645 3042//8645
f 3638//8646 3706//8646 4048//8646
f 3338//8647 3256//8647 3312//8647
f 4308//8648 4258//8648 4138//8648
f 4138//8649 4258//8649 4196//8649
f 4138//8650 4196//8650 4047//8650
f 4308//8651 4138//8651 4372//8651
f 4372//8652 4138//8652 4139//8652
f 3338//8653 3312//8653 3497//8653
f 3497//8654 3312//8654 3339//8654
f 3497//8655 3339//8655 3381//8655
f 4048//8656 3901//8656 3843//8656
f 4048//8657 3843//8657 3765//8657
f 3461//8658 3382//8658 3383//8658
f 4048//8659 4138//8659 3901//8659
f 3901//8660 4138//8660 4047//8660
f 3901//8661 4047//8661 3900//8661
f 3900//8662 4047//8662 3974//8662
f 3900//8663 3974//8663 3899//8663
f 3899//8664 3974//8664 3973//8664
f 3899//8665 3973//8665 3898//8665
f 4139//8666 4140//8666 4372//8666
f 4372//8667 4140//8667 4141//8667
f 4372//8668 4141//8668 4197//8668
f 4197//8669 4141//8669 4050//8669
f 4050//8670 4141//8670 4049//8670
f 4050//8671 4049//8671 3975//8671
f 4260//8672 4198//8672 3904//8672
f 3904//8673 4198//8673 4051//8673
f 3464//8674 3388//8674 3481//8674
f 3481//8675 3388//8675 3389//8675
f 3481//8676 3389//8676 3390//8676
f 3345//8677 3319//8677 3213//8677
f 3213//8678 3319//8678 3262//8678
f 3213//8679 3262//8679 3080//8679
f 3970//8680 4046//8680 3969//8680
f 3969//8681 4046//8681 4195//8681
f 3969//8682 4195//8682 3968//8682
f 3765//8683 3705//8683 4048//8683
f 4048//8684 3705//8684 3637//8684
f 4048//8685 3637//8685 3638//8685
f 3975//8686 4049//8686 3976//8686
f 4256//8687 3968//8687 4195//8687
f 4256//8688 4195//8688 4430//8688
f 4715//8689 4373//8689 4681//8689
f 4681//8690 4373//8690 4374//8690
f 4681//8691 4374//8691 4682//8691
f 3904//8692 4311//8692 4488//8692
f 3124//8693 3123//8693 3031//8693
f 3031//8694 3123//8694 3175//8694
f 3256//8695 3338//8695 3168//8695
f 3168//8696 3338//8696 3075//8696
f 3168//8697 3075//8697 3116//8697
f 3116//8698 3075//8698 3117//8698
f 3117//8699 3075//8699 2975//8699
f 3117//8700 2975//8700 3076//8700
f 4049//8701 3707//8701 3598//8701
f 4049//8702 3598//8702 3976//8702
f 3976//8703 3598//8703 3566//8703
f 3976//8704 3566//8704 3902//8704
f 4260//8705 3904//8705 4310//8705
f 4310//8706 3904//8706 4488//8706
f 4310//8707 4488//8707 4375//8707
f 4375//8708 4488//8708 4634//8708
f 4375//8709 4634//8709 4374//8709
f 4374//8710 4634//8710 4682//8710
f 3175//8711 3261//8711 3317//8711
f 3317//8712 3261//8712 3318//8712
f 3317//8713 3318//8713 3343//8713
f 3343//8714 3318//8714 3344//8714
f 3343//8715 3344//8715 3424//8715
f 3388//8716 3464//8716 3463//8716
f 3388//8717 3463//8717 3344//8717
f 3344//8718 3463//8718 3425//8718
f 3344//8719 3425//8719 3424//8719
f 3568//8720 3499//8720 3465//8720
f 3465//8721 3499//8721 3481//8721
f 3465//8722 3481//8722 3213//8722
f 3213//8723 3481//8723 3390//8723
f 3213//8724 3390//8724 3345//8724
f 3124//8725 3031//8725 2978//8725
f 3124//8726 2978//8726 3079//8726
f 3079//8727 2978//8727 2979//8727
f 3079//8728 2979//8728 3125//8728
f 3125//8729 2979//8729 2980//8729
f 3125//8730 2980//8730 3126//8730
f 3126//8731 2980//8731 3080//8731
f 3126//8732 3080//8732 3176//8732
f 3176//8733 3080//8733 3262//8733
f 3314//8734 3384//8734 3313//8734
f 3313//8735 3384//8735 3340//8735
f 3314//8736 3313//8736 3257//8736
f 3314//8737 3257//8737 3169//8737
f 3030//8738 3169//8738 3119//8738
f 3030//8739 3119//8739 3118//8739
f 2975//8740 2976//8740 3076//8740
f 3076//8741 2976//8741 2977//8741
f 3076//8742 2977//8742 3118//8742
f 3118//8743 2977//8743 3030//8743
f 3382//8744 3461//8744 3381//8744
f 3381//8745 3461//8745 3480//8745
f 3381//8746 3480//8746 3497//8746
f 3497//8747 3480//8747 3498//8747
f 3497//8748 3498//8748 3704//8748
f 3704//8749 3498//8749 3967//8749
f 3967//8750 3498//8750 3636//8750
f 3967//8751 3636//8751 4256//8751
f 4256//8752 3636//8752 3896//8752
f 4256//8753 3896//8753 3968//8753
f 3842//8754 3898//8754 3972//8754
f 3842//8755 3972//8755 3841//8755
f 3841//8756 3972//8756 3971//8756
f 3841//8757 3971//8757 3840//8757
f 3970//8758 3897//8758 4046//8758
f 4046//8759 3897//8759 3971//8759
f 3971//8760 3897//8760 3840//8760
f 3566//8761 3533//8761 3902//8761
f 3902//8762 3533//8762 3534//8762
f 3902//8763 3534//8763 3977//8763
f 3977//8764 3534//8764 3567//8764
f 3977//8765 3567//8765 3978//8765
f 3978//8766 3567//8766 3903//8766
f 3978//8767 3903//8767 4051//8767
f 4051//8768 3903//8768 3904//8768
f 4373//8769 4715//8769 4836//8769
f 4373//8770 4836//8770 4309//8770
f 4309//8771 4836//8771 4835//8771
f 4309//8772 4835//8772 4259//8772
f 4259//8773 4835//8773 4714//8773
f 3904//8774 3905//8774 4311//8774
f 4311//8775 3905//8775 3906//8775
f 4311//8776 3906//8776 4142//8776
f 4142//8777 3906//8777 3708//8777
f 4142//8778 3708//8778 3844//8778
f 3844//8779 3708//8779 3568//8779
f 3568//8780 3708//8780 3535//8780
f 3568//8781 3535//8781 3499//8781
f 3384//8782 3423//8782 3340//8782
f 3340//8783 3423//8783 3462//8783
f 3340//8784 3462//8784 3383//8784
f 3383//8785 3462//8785 3461//8785
f 4259//8786 4714//8786 4680//8786
f 4259//8787 4680//8787 4197//8787
f 4197//8788 4680//8788 4371//8788
f 4197//8789 4371//8789 4372//8789
f 4195//8790 4257//8790 4430//8790
f 4430//8791 4257//8791 4307//8791
f 4430//8792 4307//8792 4569//8792
f 4569//8793 4307//8793 4370//8793
f 4569//8794 4370//8794 4633//8794
f 4633//8795 4370//8795 4371//8795
f 4633//8796 4371//8796 4680//8796
f 3842//8797 3831//8797 3886//8797
f 3842//8798 3886//8798 3898//8798
f 3898//8799 3886//8799 3887//8799
f 3898//8800 3887//8800 3899//8800
f 3832//8801 3843//8801 3901//8801
f 3832//8802 3901//8802 3889//8802
f 3889//8803 3901//8803 3900//8803
f 3889//8804 3900//8804 3888//8804
f 3888//8805 3900//8805 3899//8805
f 3888//8806 3899//8806 3887//8806
f 3843//8807 3832//8807 3765//8807
f 3765//8808 3832//8808 3762//8808
f 3765//8809 3762//8809 3695//8809
f 3765//8810 3695//8810 3705//8810
f 3705//8811 3695//8811 3632//8811
f 3705//8812 3632//8812 3637//8812
f 3637//8813 3632//8813 3633//8813
f 3637//8814 3633//8814 3638//8814
f 3697//8815 3698//8815 3707//8815
f 3707//8816 3698//8816 3596//8816
f 3707//8817 3596//8817 3598//8817
f 3598//8818 3596//8818 3563//8818
f 3598//8819 3563//8819 3566//8819
f 3638//8820 3633//8820 3706//8820
f 3706//8821 3633//8821 3696//8821
f 3706//8822 3696//8822 3709//8822
f 3709//8823 3696//8823 3697//8823
f 3709//8824 3697//8824 3710//8824
f 3710//8825 3697//8825 3707//8825
f 3710//8826 3707//8826 3711//8826
f 3564//8827 3567//8827 3534//8827
f 3564//8828 3534//8828 3529//8828
f 3529//8829 3534//8829 3533//8829
f 3529//8830 3533//8830 3528//8830
f 3528//8831 3533//8831 3566//8831
f 3528//8832 3566//8832 3563//8832
f 3890//8833 3903//8833 3564//8833
f 3564//8834 3903//8834 3567//8834
f 3893//8835 3906//8835 3905//8835
f 3893//8836 3905//8836 3892//8836
f 3892//8837 3905//8837 3904//8837
f 3892//8838 3904//8838 3891//8838
f 3891//8839 3904//8839 3903//8839
f 3891//8840 3903//8840 3890//8840
f 3906//8841 3893//8841 3701//8841
f 3906//8842 3701//8842 3708//8842
f 3708//8843 3701//8843 3530//8843
f 3708//8844 3530//8844 3535//8844
f 3535//8845 3530//8845 3496//8845
f 3535//8846 3496//8846 3499//8846
f 3499//8847 3496//8847 3479//8847
f 3499//8848 3479//8848 3481//8848
f 3481//8849 3479//8849 3457//8849
f 3481//8850 3457//8850 3464//8850
f 3463//8851 3456//8851 3416//8851
f 3463//8852 3416//8852 3425//8852
f 3425//8853 3416//8853 3415//8853
f 3425//8854 3415//8854 3424//8854
f 3424//8855 3415//8855 3334//8855
f 3424//8856 3334//8856 3343//8856
f 3343//8857 3334//8857 3298//8857
f 3343//8858 3298//8858 3317//8858
f 3317//8859 3298//8859 3157//8859
f 3317//8860 3157//8860 3175//8860
f 3175//8861 3157//8861 3027//8861
f 3175//8862 3027//8862 3031//8862
f 3031//8863 3027//8863 2968//8863
f 3031//8864 2968//8864 2978//8864
f 2978//8865 2968//8865 2969//8865
f 2978//8866 2969//8866 2979//8866
f 2979//8867 2969//8867 2970//8867
f 2979//8868 2970//8868 2980//8868
f 4806//8869 4815//8869 4810//8869
f 4807//8870 4792//8870 4796//8870
f 4830//8871 4820//8871 4825//8871
f 4799//8872 4797//8872 4790//8872
f 4790//8873 4797//8873 4795//8873
f 4790//8874 4795//8874 4785//8874
f 4807//8875 4796//8875 4808//8875
f 4826//8876 4822//8876 4818//8876
f 4818//8877 4822//8877 4817//8877
f 4818//8878 4817//8878 4802//8878
f 4802//8879 4817//8879 4812//8879
f 4802//8880 4812//8880 4800//8880
f 4800//8881 4812//8881 4808//8881
f 4800//8882 4808//8882 4798//8882
f 4798//8883 4808//8883 4796//8883
f 4825//8884 4831//8884 4828//8884
f 4828//8885 4831//8885 4832//8885
f 4828//8886 4832//8886 4833//8886
f 4834//8887 4833//8887 4826//8887
f 4786//8888 4781//8888 4778//8888
f 4778//8889 4781//8889 4777//8889
f 4778//8890 4777//8890 4775//8890
f 4775//8891 4777//8891 4776//8891
f 4774//8892 4775//8892 4780//8892
f 4774//8893 4780//8893 4779//8893
f 4779//8894 4780//8894 4783//8894
f 4779//8895 4783//8895 4784//8895
f 4784//8896 4783//8896 4785//8896
f 4784//8897 4785//8897 4789//8897
f 4789//8898 4785//8898 4795//8898
f 4790//8899 4793//8899 4810//8899
f 4810//8900 4793//8900 4794//8900
f 4810//8901 4794//8901 4792//8901
f 4810//8902 4792//8902 4806//8902
f 4806//8903 4792//8903 4807//8903
f 4778//8904 4782//8904 4786//8904
f 4786//8905 4782//8905 4787//8905
f 4786//8906 4787//8906 4788//8906
f 4788//8907 4787//8907 4792//8907
f 4788//8908 4792//8908 4791//8908
f 4791//8909 4792//8909 4794//8909
f 4799//8910 4809//8910 4801//8910
f 4801//8911 4809//8911 4814//8911
f 4801//8912 4814//8912 4813//8912
f 4813//8913 4814//8913 4819//8913
f 4813//8914 4819//8914 4823//8914
f 4830//8915 4825//8915 4829//8915
f 4829//8916 4825//8916 4828//8916
f 4829//8917 4828//8917 4827//8917
f 4810//8918 4805//8918 4790//8918
f 4790//8919 4805//8919 4804//8919
f 4790//8920 4804//8920 4799//8920
f 4799//8921 4804//8921 4803//8921
f 4799//8922 4803//8922 4809//8922
f 4806//8923 4811//8923 4815//8923
f 4815//8924 4811//8924 4816//8924
f 4815//8925 4816//8925 4821//8925
f 4821//8926 4816//8926 4820//8926
f 4821//8927 4820//8927 4824//8927
f 4824//8928 4820//8928 4830//8928
f 3024//8929 3030//8929 2977//8929
f 3024//8930 2977//8930 2967//8930
f 2967//8931 2977//8931 2976//8931
f 2967//8932 2976//8932 2966//8932
f 2966//8933 2976//8933 2975//8933
f 2966//8934 2975//8934 2965//8934
f 3030//8935 3024//8935 3156//8935
f 3030//8936 3156//8936 3169//8936
f 3169//8937 3156//8937 3297//8937
f 3169//8938 3297//8938 3314//8938
f 3314//8939 3297//8939 3374//8939
f 3314//8940 3374//8940 3384//8940
f 3384//8941 3374//8941 3414//8941
f 3384//8942 3414//8942 3423//8942
f 3423//8943 3414//8943 3455//8943
f 3423//8944 3455//8944 3462//8944
f 3461//8945 3454//8945 3478//8945
f 3461//8946 3478//8946 3480//8946
f 3480//8947 3478//8947 3495//8947
f 3480//8948 3495//8948 3498//8948
f 3498//8949 3495//8949 3631//8949
f 3498//8950 3631//8950 3636//8950
f 3636//8951 3631//8951 3883//8951
f 3636//8952 3883//8952 3896//8952
f 3896//8953 3883//8953 3963//8953
f 3896//8954 3963//8954 3968//8954
f 3968//8955 3963//8955 3964//8955
f 3968//8956 3964//8956 3969//8956
f 3969//8957 3964//8957 3965//8957
f 3969//8958 3965//8958 3970//8958
f 3970//8959 3965//8959 3885//8959
f 3970//8960 3885//8960 3897//8960
f 3897//8961 3885//8961 3829//8961
f 3897//8962 3829//8962 3840//8962
f 3840//8963 3829//8963 3830//8963
f 3840//8964 3830//8964 3841//8964
f 3841//8965 3830//8965 3831//8965
f 3841//8966 3831//8966 3842//8966
f 4040//8967 4041//8967 4031//8967
f 4031//8968 4041//8968 4032//8968
f 4040//8969 4031//8969 4125//8969
f 4040//8970 4125//8970 4134//8970
f 4134//8971 4125//8971 4133//8971
f 4133//8972 4125//8972 4124//8972
f 4133//8973 4124//8973 4191//8973
f 4191//8974 4124//8974 4184//8974
f 4191//8975 4184//8975 4240//8975
f 4191//8976 4240//8976 4249//8976
f 4249//8977 4240//8977 4241//8977
f 4249//8978 4241//8978 4250//8978
f 4251//8979 4250//8979 4242//8979
f 4242//8980 4250//8980 4241//8980
f 4251//8981 4242//8981 4243//8981
f 4251//8982 4243//8982 4252//8982
f 4252//8983 4243//8983 4192//8983
f 4192//8984 4243//8984 4185//8984
f 4192//8985 4185//8985 4126//8985
f 4192//8986 4126//8986 4135//8986
f 4135//8987 4126//8987 4033//8987
f 4135//8988 4033//8988 4042//8988
f 4042//8989 4033//8989 4032//8989
f 4042//8990 4032//8990 4041//8990
f 4043//8991 4044//8991 4034//8991
f 4034//8992 4044//8992 4035//8992
f 4043//8993 4034//8993 4127//8993
f 4043//8994 4127//8994 4136//8994
f 4136//8995 4127//8995 4193//8995
f 4193//8996 4127//8996 4188//8996
f 4193//8997 4188//8997 4246//8997
f 4193//8998 4246//8998 4253//8998
f 4253//8999 4246//8999 4247//8999
f 4253//9000 4247//9000 4254//9000
f 4255//9001 4254//9001 4248//9001
f 4248//9002 4254//9002 4247//9002
f 4255//9003 4248//9003 4194//9003
f 4194//9004 4248//9004 4189//9004
f 4194//9005 4189//9005 4128//9005
f 4194//9006 4128//9006 4137//9006
f 4137//9007 4128//9007 4036//9007
f 4137//9008 4036//9008 4045//9008
f 4045//9009 4036//9009 4035//9009
f 4045//9010 4035//9010 4044//9010
f 3165//9011 3166//9011 3158//9011
f 3158//9012 3166//9012 3159//9012
f 3165//9013 3158//9013 3201//9013
f 3165//9014 3201//9014 3209//9014
f 3209//9015 3201//9015 3245//9015
f 3209//9016 3245//9016 3253//9016
f 3253//9017 3245//9017 3299//9017
f 3253//9018 3299//9018 3309//9018
f 3309//9019 3299//9019 3300//9019
f 3309//9020 3300//9020 3310//9020
f 3311//9021 3310//9021 3301//9021
f 3301//9022 3310//9022 3300//9022
f 3311//9023 3301//9023 3254//9023
f 3254//9024 3301//9024 3246//9024
f 3254//9025 3246//9025 3255//9025
f 3255//9026 3246//9026 3202//9026
f 3255//9027 3202//9027 3210//9027
f 3210//9028 3202//9028 3160//9028
f 3210//9029 3160//9029 3167//9029
f 3167//9030 3160//9030 3159//9030
f 3167//9031 3159//9031 3166//9031
f 3162//9032 3163//9032 3153//9032
f 3153//9033 3163//9033 3154//9033
f 3162//9034 3153//9034 3197//9034
f 3162//9035 3197//9035 3203//9035
f 3203//9036 3197//9036 3240//9036
f 3203//9037 3240//9037 3248//9037
f 3248//9038 3240//9038 3241//9038
f 3248//9039 3241//9039 3249//9039
f 3249//9040 3241//9040 3293//9040
f 3249//9041 3293//9041 3303//9041
f 3303//9042 3293//9042 3294//9042
f 3303//9043 3294//9043 3304//9043
f 3305//9044 3304//9044 3295//9044
f 3295//9045 3304//9045 3294//9045
f 3305//9046 3295//9046 3296//9046
f 3305//9047 3296//9047 3306//9047
f 3306//9048 3296//9048 3250//9048
f 3250//9049 3296//9049 3242//9049
f 3250//9050 3242//9050 3198//9050
f 3250//9051 3198//9051 3204//9051
f 3204//9052 3198//9052 3155//9052
f 3204//9053 3155//9053 3164//9053
f 3164//9054 3155//9054 3154//9054
f 3164//9055 3154//9055 3163//9055
f 2980//9056 2970//9056 3080//9056
f 3080//9057 2970//9057 3029//9057
f 3029//9058 3005//9058 3080//9058
f 3080//9059 3005//9059 3006//9059
f 3080//9060 3006//9060 3053//9060
f 2781//9061 2740//9061 2742//9061
f 2687//9062 2688//9062 2747//9062
f 3006//9063 3007//9063 3053//9063
f 3443//9064 3002//9064 3235//9064
f 3227//9065 2998//9065 3433//9065
f 2732//9066 2676//9066 2677//9066
f 3042//9067 2833//9067 2994//9067
f 2994//9068 2833//9068 2733//9068
f 2835//9069 2995//9069 2733//9069
f 2733//9070 2995//9070 2994//9070
f 2835//9071 2881//9071 2995//9071
f 2995//9072 2881//9072 3227//9072
f 2918//9073 2998//9073 2917//9073
f 2917//9074 2998//9074 3227//9074
f 2917//9075 3227//9075 2881//9075
f 2918//9076 2882//9076 2998//9076
f 2998//9077 2882//9077 2883//9077
f 2998//9078 2883//9078 2737//9078
f 2737//9079 2883//9079 2836//9079
f 2737//9080 2836//9080 2776//9080
f 2737//9081 2776//9081 2775//9081
f 2737//9082 2775//9082 2733//9082
f 2733//9083 2775//9083 2835//9083
f 3469//9084 3487//9084 3579//9084
f 3144//9085 3143//9085 2998//9085
f 3435//9086 3434//9086 3284//9086
f 3284//9087 3434//9087 3283//9087
f 3143//9088 3189//9088 2998//9088
f 2998//9089 3189//9089 3228//9089
f 2998//9090 3228//9090 3433//9090
f 3433//9091 3228//9091 3229//9091
f 3433//9092 3229//9092 3282//9092
f 3579//9093 3433//9093 3469//9093
f 3469//9094 3433//9094 3282//9094
f 3469//9095 3282//9095 3434//9095
f 3434//9096 3282//9096 3283//9096
f 3435//9097 3284//9097 3396//9097
f 3396//9098 3284//9098 3285//9098
f 3396//9099 3285//9099 3353//9099
f 3145//9100 3000//9100 3190//9100
f 3190//9101 3000//9101 3192//9101
f 3190//9102 3192//9102 3230//9102
f 3230//9103 3192//9103 3286//9103
f 3230//9104 3286//9104 3285//9104
f 3285//9105 3286//9105 3353//9105
f 4571//9106 4326//9106 4327//9106
f 4571//9107 4327//9107 4636//9107
f 4636//9108 4327//9108 4637//9108
f 4066//9109 3933//9109 4067//9109
f 4067//9110 3933//9110 3934//9110
f 3579//9111 3487//9111 3546//9111
f 3579//9112 3546//9112 3786//9112
f 3786//9113 3546//9113 3606//9113
f 3786//9114 3606//9114 4063//9114
f 4063//9115 3606//9115 3789//9115
f 4063//9116 3789//9116 3858//9116
f 4063//9117 3858//9117 3933//9117
f 4063//9118 3933//9118 4066//9118
f 4063//9119 4066//9119 4322//9119
f 4322//9120 4066//9120 4160//9120
f 4322//9121 4160//9121 4432//9121
f 4160//9122 4213//9122 4432//9122
f 4432//9123 4213//9123 4214//9123
f 4432//9124 4214//9124 4571//9124
f 3935//9125 4001//9125 3934//9125
f 3934//9126 4001//9126 4000//9126
f 3934//9127 4000//9127 4067//9127
f 4218//9128 4270//9128 4216//9128
f 4216//9129 4270//9129 4326//9129
f 4216//9130 4326//9130 4215//9130
f 4215//9131 4326//9131 4571//9131
f 4215//9132 4571//9132 4214//9132
f 4218//9133 4216//9133 4163//9133
f 4163//9134 4216//9134 4161//9134
f 4163//9135 4161//9135 4072//9135
f 4072//9136 4161//9136 4069//9136
f 4072//9137 4069//9137 4004//9137
f 3790//9138 3791//9138 3792//9138
f 3935//9139 3859//9139 4001//9139
f 3859//9140 3790//9140 4001//9140
f 4001//9141 3790//9141 3792//9141
f 4001//9142 3792//9142 4002//9142
f 4002//9143 3792//9143 3861//9143
f 4002//9144 3861//9144 3937//9144
f 4002//9145 3937//9145 4069//9145
f 4069//9146 3937//9146 4003//9146
f 4069//9147 4003//9147 4004//9147
f 4280//9148 3943//9148 3944//9148
f 4280//9149 3944//9149 4086//9149
f 4086//9150 3944//9150 3730//9150
f 4327//9151 4382//9151 4637//9151
f 4637//9152 4382//9152 4383//9152
f 4637//9153 4383//9153 4638//9153
f 4168//9154 4224//9154 4277//9154
f 4383//9155 4334//9155 4638//9155
f 4638//9156 4334//9156 4335//9156
f 4638//9157 4335//9157 4572//9157
f 4572//9158 4335//9158 4441//9158
f 4441//9159 4335//9159 4277//9159
f 4441//9160 4277//9160 4224//9160
f 3866//9161 3943//9161 4083//9161
f 4277//9162 4222//9162 4168//9162
f 4168//9163 4222//9163 4082//9163
f 4082//9164 4222//9164 4166//9164
f 4224//9165 4225//9165 4441//9165
f 4441//9166 4225//9166 4226//9166
f 4441//9167 4226//9167 4280//9167
f 4280//9168 4226//9168 3943//9168
f 3943//9169 4226//9169 4170//9169
f 3943//9170 4170//9170 4083//9170
f 3794//9171 3795//9171 4010//9171
f 4166//9172 4080//9172 4082//9172
f 4082//9173 4080//9173 4007//9173
f 4082//9174 4007//9174 3939//9174
f 4082//9175 3939//9175 4008//9175
f 4008//9176 3939//9176 3863//9176
f 4008//9177 3863//9177 4009//9177
f 4009//9178 3863//9178 3794//9178
f 4009//9179 3794//9179 4010//9179
f 3866//9180 4083//9180 4010//9180
f 3866//9181 4010//9181 3797//9181
f 3797//9182 4010//9182 3795//9182
f 3797//9183 3795//9183 3796//9183
f 3550//9184 3589//9184 3730//9184
f 3730//9185 3589//9185 3800//9185
f 3730//9186 3800//9186 4086//9186
f 3589//9187 3550//9187 3489//9187
f 3589//9188 3489//9188 3443//9188
f 3443//9189 3489//9189 3472//9189
f 3440//9190 3288//9190 3472//9190
f 3472//9191 3288//9191 3289//9191
f 3472//9192 3289//9192 3443//9192
f 3443//9193 3289//9193 3290//9193
f 3287//9194 3232//9194 3328//9194
f 3328//9195 3232//9195 3288//9195
f 3328//9196 3288//9196 3398//9196
f 3288//9197 3440//9197 3439//9197
f 3288//9198 3439//9198 3399//9198
f 3288//9199 3399//9199 3398//9199
f 3290//9200 3234//9200 3443//9200
f 3443//9201 3234//9201 3194//9201
f 3443//9202 3194//9202 3002//9202
f 3002//9203 3194//9203 3148//9203
f 2885//9204 3147//9204 3146//9204
f 2885//9205 3146//9205 3101//9205
f 3101//9206 3146//9206 3193//9206
f 3101//9207 3193//9207 3287//9207
f 3287//9208 3193//9208 3232//9208
f 3007//9209 3006//9209 2843//9209
f 2887//9210 3002//9210 2840//9210
f 2840//9211 3002//9211 2742//9211
f 2840//9212 2742//9212 2841//9212
f 3235//9213 2923//9213 3005//9213
f 3005//9214 2923//9214 2888//9214
f 2785//9215 2747//9215 2842//9215
f 2842//9216 2747//9216 2786//9216
f 2842//9217 2786//9217 2888//9217
f 2888//9218 2786//9218 2843//9218
f 2888//9219 2843//9219 3005//9219
f 3005//9220 2843//9220 3006//9220
f 3002//9221 2887//9221 2922//9221
f 3002//9222 2922//9222 3235//9222
f 3235//9223 2922//9223 2923//9223
f 2742//9224 2784//9224 2783//9224
f 2742//9225 2783//9225 2841//9225
f 2687//9226 2747//9226 2685//9226
f 2785//9227 2784//9227 2747//9227
f 2747//9228 2784//9228 2742//9228
f 2747//9229 2742//9229 2685//9229
f 2685//9230 2742//9230 2740//9230
f 2685//9231 2740//9231 2684//9231
f 3148//9232 3147//9232 3002//9232
f 3002//9233 3147//9233 2885//9233
f 3002//9234 2885//9234 2742//9234
f 2742//9235 2885//9235 2781//9235
f 3145//9236 3144//9236 3000//9236
f 3000//9237 3144//9237 2998//9237
f 3000//9238 2998//9238 2779//9238
f 2779//9239 2998//9239 2737//9239
f 2779//9240 2737//9240 2739//9240
f 2681//9241 2739//9241 2680//9241
f 2680//9242 2739//9242 2737//9242
f 2680//9243 2737//9243 2677//9243
f 2677//9244 2737//9244 2733//9244
f 2677//9245 2733//9245 2732//9245
f 2732//9246 2733//9246 2833//9246
f 2732//9247 2833//9247 2774//9247
f 3075//9248 3042//9248 2994//9248
f 2965//9249 2975//9249 3022//9249
f 3022//9250 2975//9250 3075//9250
f 3075//9251 2994//9251 3022//9251
f 3022//9252 2994//9252 2995//9252
f 4554//9253 4823//9253 4560//9253
f 4560//9254 4823//9254 4827//9254
f 4560//9255 4827//9255 4828//9255
f 4560//9256 4828//9256 4561//9256
f 4648//9257 4649//9257 4778//9257
f 4557//9258 4826//9258 4551//9258
f 4551//9259 4826//9259 4818//9259
f 4802//9260 4478//9260 4818//9260
f 4818//9261 4478//9261 4483//9261
f 4818//9262 4483//9262 4551//9262
f 4462//9263 4466//9263 4800//9263
f 4800//9264 4466//9264 4469//9264
f 4800//9265 4469//9265 4802//9265
f 4802//9266 4469//9266 4475//9266
f 4802//9267 4475//9267 4478//9267
f 4462//9268 4800//9268 4458//9268
f 4458//9269 4800//9269 4798//9269
f 4458//9270 4798//9270 4453//9270
f 4796//9271 4521//9271 4525//9271
f 4796//9272 4525//9272 4798//9272
f 4798//9273 4525//9273 4453//9273
f 4787//9274 4589//9274 4792//9274
f 4792//9275 4589//9275 4593//9275
f 4593//9276 4596//9276 4792//9276
f 4792//9277 4596//9277 4513//9277
f 4792//9278 4513//9278 4796//9278
f 4796//9279 4513//9279 4516//9279
f 4796//9280 4516//9280 4521//9280
f 4778//9281 4649//9281 4782//9281
f 4782//9282 4649//9282 4650//9282
f 4782//9283 4650//9283 4655//9283
f 4655//9284 4656//9284 4782//9284
f 4782//9285 4656//9285 4787//9285
f 4787//9286 4656//9286 4661//9286
f 4787//9287 4661//9287 4589//9287
f 4648//9288 4778//9288 4647//9288
f 4647//9289 4778//9289 4775//9289
f 4647//9290 4775//9290 4646//9290
f 4646//9291 4775//9291 4645//9291
f 4645//9292 4775//9292 4644//9292
f 4644//9293 4775//9293 4774//9293
f 4644//9294 4774//9294 4643//9294
f 4653//9295 4654//9295 4779//9295
f 4779//9296 4654//9296 4774//9296
f 4774//9297 4654//9297 4642//9297
f 4774//9298 4642//9298 4643//9298
f 4653//9299 4779//9299 4660//9299
f 4660//9300 4779//9300 4784//9300
f 4660//9301 4784//9301 4585//9301
f 4789//9302 4511//9302 4512//9302
f 4512//9303 4592//9303 4789//9303
f 4789//9304 4592//9304 4784//9304
f 4784//9305 4592//9305 4588//9305
f 4784//9306 4588//9306 4585//9306
f 4511//9307 4789//9307 4515//9307
f 4515//9308 4789//9308 4795//9308
f 4515//9309 4795//9309 4518//9309
f 4452//9310 4451//9310 4797//9310
f 4797//9311 4451//9311 4524//9311
f 4797//9312 4524//9312 4795//9312
f 4795//9313 4524//9313 4520//9313
f 4795//9314 4520//9314 4518//9314
f 4799//9315 4465//9315 4461//9315
f 4799//9316 4461//9316 4797//9316
f 4797//9317 4461//9317 4455//9317
f 4797//9318 4455//9318 4452//9318
f 4465//9319 4799//9319 4472//9319
f 4472//9320 4799//9320 4801//9320
f 4472//9321 4801//9321 4474//9321
f 4813//9322 4482//9322 4477//9322
f 4813//9323 4477//9323 4801//9323
f 4801//9324 4477//9324 4474//9324
f 4482//9325 4813//9325 4550//9325
f 4550//9326 4813//9326 4823//9326
f 4550//9327 4823//9327 4554//9327
f 4566//9328 4833//9328 4567//9328
f 4567//9329 4833//9329 4834//9329
f 4567//9330 4834//9330 4826//9330
f 4567//9331 4826//9331 4557//9331
f 3198//9332 3242//9332 3156//9332
f 4128//9333 4189//9333 4132//9333
f 4828//9334 4833//9334 4561//9334
f 4561//9335 4833//9335 4566//9335
f 4132//9336 4189//9336 4306//9336
f 4362//9337 4484//9337 3964//9337
f 4243//9338 4561//9338 4185//9338
f 4185//9339 4561//9339 4566//9339
f 4185//9340 4566//9340 4487//9340
f 4031//9341 3888//9341 3887//9341
f 3457//9342 3479//9342 3299//9342
f 3892//9343 3891//9343 4036//9343
f 3156//9344 3242//9344 3297//9344
f 3297//9345 3242//9345 3296//9345
f 3247//9346 3479//9346 3460//9346
f 3460//9347 3479//9347 3496//9347
f 3460//9348 3496//9348 3597//9348
f 3890//9349 4035//9349 3891//9349
f 3891//9350 4035//9350 4036//9350
f 3294//9351 3293//9351 3239//9351
f 3247//9352 3301//9352 3479//9352
f 3479//9353 3301//9353 3300//9353
f 3479//9354 3300//9354 3299//9354
f 3029//9355 3202//9355 3247//9355
f 3247//9356 3202//9356 3246//9356
f 3247//9357 3246//9357 3301//9357
f 2965//9358 3154//9358 2966//9358
f 2966//9359 3154//9359 3155//9359
f 2966//9360 3155//9360 2967//9360
f 3198//9361 3156//9361 3155//9361
f 3155//9362 3156//9362 3024//9362
f 3155//9363 3024//9363 2967//9363
f 2969//9364 3159//9364 2970//9364
f 2970//9365 3159//9365 3029//9365
f 3029//9366 3159//9366 3160//9366
f 3029//9367 3160//9367 3202//9367
f 4246//9368 4188//9368 3889//9368
f 3889//9369 4188//9369 4127//9369
f 3889//9370 4127//9370 3832//9370
f 4031//9371 3887//9371 3886//9371
f 4031//9372 3886//9372 4125//9372
f 4125//9373 3886//9373 3831//9373
f 3454//9374 3295//9374 3294//9374
f 3454//9375 3294//9375 3239//9375
f 3454//9376 3239//9376 3478//9376
f 3478//9377 3239//9377 3451//9377
f 3478//9378 3451//9378 3495//9378
f 3495//9379 3451//9379 3595//9379
f 3495//9380 3595//9380 3631//9380
f 3293//9381 3241//9381 3239//9381
f 3239//9382 3241//9382 3240//9382
f 3239//9383 3240//9383 3022//9383
f 3022//9384 3240//9384 3197//9384
f 3022//9385 3197//9385 2965//9385
f 2965//9386 3197//9386 3153//9386
f 2965//9387 3153//9387 3154//9387
f 2969//9388 2968//9388 3159//9388
f 3159//9389 2968//9389 3027//9389
f 3159//9390 3027//9390 3158//9390
f 3158//9391 3027//9391 3201//9391
f 3201//9392 3027//9392 3157//9392
f 3201//9393 3157//9393 3245//9393
f 3597//9394 3496//9394 3530//9394
f 3597//9395 3530//9395 3837//9395
f 3837//9396 3530//9396 3701//9396
f 3837//9397 3701//9397 4132//9397
f 4132//9398 3701//9398 3893//9398
f 4132//9399 3893//9399 3892//9399
f 4132//9400 3892//9400 4128//9400
f 4128//9401 3892//9401 4036//9401
f 4189//9402 4248//9402 4306//9402
f 4306//9403 4248//9403 4247//9403
f 4243//9404 4242//9404 4561//9404
f 4561//9405 4242//9405 4241//9405
f 4561//9406 4241//9406 4484//9406
f 4484//9407 4241//9407 4240//9407
f 4484//9408 4240//9408 3964//9408
f 3964//9409 4240//9409 4184//9409
f 3964//9410 4184//9410 4124//9410
f 4125//9411 3885//9411 4124//9411
f 4124//9412 3885//9412 3965//9412
f 4124//9413 3965//9413 3964//9413
f 3964//9414 3963//9414 4362//9414
f 4362//9415 3963//9415 4120//9415
f 4120//9416 3963//9416 3883//9416
f 4120//9417 3883//9417 3631//9417
f 4120//9418 3631//9418 3827//9418
f 3827//9419 3631//9419 3595//9419
f 3454//9420 3455//9420 3295//9420
f 3295//9421 3455//9421 3414//9421
f 3295//9422 3414//9422 3296//9422
f 3296//9423 3414//9423 3374//9423
f 3296//9424 3374//9424 3297//9424
f 3415//9425 3416//9425 3299//9425
f 3299//9426 3416//9426 3456//9426
f 3299//9427 3456//9427 3457//9427
f 3245//9428 3157//9428 3298//9428
f 3245//9429 3298//9429 3299//9429
f 3299//9430 3298//9430 3334//9430
f 3299//9431 3334//9431 3415//9431
f 4487//9432 4306//9432 4185//9432
f 4185//9433 4306//9433 4247//9433
f 4185//9434 4247//9434 4126//9434
f 4126//9435 4247//9435 4246//9435
f 4126//9436 4246//9436 4033//9436
f 4033//9437 4246//9437 3889//9437
f 4033//9438 3889//9438 3888//9438
f 4033//9439 3888//9439 4032//9439
f 4032//9440 3888//9440 4031//9440
f 4035//9441 3890//9441 3564//9441
f 4035//9442 3564//9442 3529//9442
f 3529//9443 3528//9443 4035//9443
f 4035//9444 3528//9444 3563//9444
f 4035//9445 3563//9445 4034//9445
f 4034//9446 3563//9446 3596//9446
f 4034//9447 3596//9447 4127//9447
f 4127//9448 3596//9448 3698//9448
f 4127//9449 3698//9449 3697//9449
f 4127//9450 3697//9450 3832//9450
f 3831//9451 3830//9451 4125//9451
f 4125//9452 3830//9452 3829//9452
f 4125//9453 3829//9453 3885//9453
f 3633//9454 3632//9454 3695//9454
f 3697//9455 3696//9455 3832//9455
f 3832//9456 3696//9456 3633//9456
f 3832//9457 3633//9457 3762//9457
f 3762//9458 3633//9458 3695//9458
f 4511//9459 4515//9459 4432//9459
f 4515//9460 4518//9460 4432//9460
f 4432//9461 4518//9461 4520//9461
f 4432//9462 4520//9462 4524//9462
f 4524//9463 4451//9463 4432//9463
f 4432//9464 4451//9464 4452//9464
f 4432//9465 4452//9465 4455//9465
f 4455//9466 4461//9466 4432//9466
f 4432//9467 4461//9467 4465//9467
f 4472//9468 4474//9468 4484//9468
f 4484//9469 4474//9469 4477//9469
f 4484//9470 4477//9470 4482//9470
f 4482//9471 4550//9471 4484//9471
f 4484//9472 4550//9472 4554//9472
f 4484//9473 4554//9473 4560//9473
f 4484//9474 4560//9474 4561//9474
f 4653//9475 4571//9475 4654//9475
f 4654//9476 4571//9476 4636//9476
f 4653//9477 4660//9477 4571//9477
f 4571//9478 4660//9478 4585//9478
f 4571//9479 4585//9479 4588//9479
f 4588//9480 4592//9480 4571//9480
f 4571//9481 4592//9481 4432//9481
f 4432//9482 4592//9482 4512//9482
f 4432//9483 4512//9483 4511//9483
f 4637//9484 4646//9484 4645//9484
f 4643//9485 4642//9485 4636//9485
f 4636//9486 4642//9486 4654//9486
f 4637//9487 4645//9487 4636//9487
f 4636//9488 4645//9488 4644//9488
f 4636//9489 4644//9489 4643//9489
f 4650//9490 4649//9490 4638//9490
f 4638//9491 4649//9491 4648//9491
f 4638//9492 4648//9492 4637//9492
f 4637//9493 4648//9493 4647//9493
f 4637//9494 4647//9494 4646//9494
f 4593//9495 4589//9495 4572//9495
f 4572//9496 4589//9496 4661//9496
f 4661//9497 4656//9497 4572//9497
f 4572//9498 4656//9498 4638//9498
f 4638//9499 4656//9499 4655//9499
f 4638//9500 4655//9500 4650//9500
f 4566//9501 4567//9501 4487//9501
f 4567//9502 4557//9502 4487//9502
f 4487//9503 4557//9503 4551//9503
f 4487//9504 4551//9504 4483//9504
f 4483//9505 4478//9505 4487//9505
f 4487//9506 4478//9506 4475//9506
f 4487//9507 4475//9507 4469//9507
f 4469//9508 4466//9508 4441//9508
f 4441//9509 4466//9509 4462//9509
f 4441//9510 4462//9510 4458//9510
f 4458//9511 4453//9511 4441//9511
f 4441//9512 4453//9512 4525//9512
f 4525//9513 4521//9513 4441//9513
f 4441//9514 4521//9514 4516//9514
f 4516//9515 4513//9515 4441//9515
f 4441//9516 4513//9516 4596//9516
f 4441//9517 4596//9517 4572//9517
f 4572//9518 4596//9518 4593//9518
f 3022//9519 2995//9519 3227//9519
f 3022//9520 3227//9520 3239//9520
f 3239//9521 3227//9521 3433//9521
f 3239//9522 3433//9522 3451//9522
f 3451//9523 3433//9523 3579//9523
f 3451//9524 3579//9524 3595//9524
f 3595//9525 3579//9525 3786//9525
f 3595//9526 3786//9526 3827//9526
f 3827//9527 3786//9527 4063//9527
f 3827//9528 4063//9528 4120//9528
f 4120//9529 4063//9529 4322//9529
f 4120//9530 4322//9530 4362//9530
f 4362//9531 4322//9531 4432//9531
f 4362//9532 4432//9532 4484//9532
f 4484//9533 4432//9533 4465//9533
f 4484//9534 4465//9534 4472//9534
f 4469//9535 4441//9535 4487//9535
f 4487//9536 4441//9536 4280//9536
f 4487//9537 4280//9537 4306//9537
f 4306//9538 4280//9538 4086//9538
f 4306//9539 4086//9539 4132//9539
f 4132//9540 4086//9540 3800//9540
f 4132//9541 3800//9541 3837//9541
f 3837//9542 3800//9542 3589//9542
f 3837//9543 3589//9543 3597//9543
f 3597//9544 3589//9544 3443//9544
f 3597//9545 3443//9545 3460//9545
f 3460//9546 3443//9546 3235//9546
f 3460//9547 3235//9547 3247//9547
f 3247//9548 3235//9548 3005//9548
f 3247//9549 3005//9549 3029//9549
f 1700//9550 1701//9550 1709//9550
f 2179//9551 2106//9551 1916//9551
f 2106//9552 2101//9552 1824//9552
f 1824//9553 1916//9553 2106//9553
f 1812//9554 2095//9554 2089//9554
f 1812//9555 2089//9555 1804//9555
f 2047//9556 1804//9556 2089//9556
f 1709//9557 1804//9557 2047//9557
f 1709//9558 2047//9558 2039//9558
f 1709//9559 2039//9559 1700//9559
f 1022//9560 1125//9560 1116//9560
f 1207//9561 1116//9561 1206//9561
f 1207//9562 1117//9562 1116//9562
f 1116//9563 1117//9563 1015//9563
f 1116//9564 1015//9564 1022//9564
f 1022//9565 1015//9565 925//9565
f 1022//9566 925//9566 931//9566
f 2149//9567 2155//9567 2156//9567
f 2149//9568 2156//9568 2150//9568
f 2155//9569 2163//9569 2164//9569
f 2155//9570 2164//9570 2156//9570
f 2074//9571 2036//9571 2081//9571
f 2082//9572 2150//9572 2156//9572
f 2155//9573 2149//9573 2081//9573
f 2081//9574 2149//9574 2150//9574
f 2081//9575 2150//9575 2082//9575
f 2081//9576 2082//9576 2074//9576
f 1278//9577 1461//9577 2039//9577
f 2039//9578 1461//9578 1601//9578
f 2039//9579 1601//9579 1700//9579
f 1700//9580 1601//9580 1701//9580
f 1214//9581 836//9581 2039//9581
f 2039//9582 836//9582 1023//9582
f 2039//9583 1023//9583 1278//9583
f 1824//9584 2101//9584 1812//9584
f 1812//9585 2101//9585 2095//9585
f 1608//9586 1710//9586 1607//9586
f 1607//9587 1710//9587 1709//9587
f 1812//9588 1804//9588 1813//9588
f 1813//9589 1804//9589 1710//9589
f 1813//9590 1710//9590 1717//9590
f 1804//9591 1709//9591 1710//9591
f 1710//9592 1608//9592 1717//9592
f 1717//9593 1608//9593 1616//9593
f 2000//9594 1207//9594 1206//9594
f 620//9595 475//9595 925//9595
f 496//9596 937//9596 485//9596
f 485//9597 937//9597 931//9597
f 925//9598 475//9598 931//9598
f 931//9599 475//9599 485//9599
f 620//9600 925//9600 614//9600
f 614//9601 925//9601 1015//9601
f 1117//9602 1207//9602 821//9602
f 614//9603 1015//9603 1117//9603
f 614//9604 1117//9604 719//9604
f 719//9605 1117//9605 720//9605
f 720//9606 1117//9606 821//9606
f 1950//9607 1889//9607 1944//9607
f 1944//9608 1889//9608 1883//9608
f 1882//9609 1883//9609 1791//9609
f 1882//9610 1791//9610 1790//9610
f 1790//9611 1791//9611 1688//9611
f 2180//9612 2164//9612 2179//9612
f 2179//9613 2164//9613 2163//9613
f 1688//9614 2000//9614 2036//9614
f 1688//9615 2036//9615 1790//9615
f 1790//9616 2036//9616 2074//9616
f 2082//9617 1882//9617 2074//9617
f 2074//9618 1882//9618 1790//9618
f 2156//9619 1944//9619 1883//9619
f 2156//9620 1883//9620 2082//9620
f 2082//9621 1883//9621 1882//9621
f 1944//9622 2156//9622 2164//9622
f 1944//9623 2164//9623 1950//9623
f 2644//9624 2645//9624 2610//9624
f 1959//9625 2015//9625 2016//9625
f 1959//9626 2016//9626 1961//9626
f 1962//9627 1961//9627 2016//9627
f 2662//9628 2660//9628 2661//9628
f 2661//9629 2660//9629 2659//9629
f 2661//9630 2659//9630 2656//9630
f 2661//9631 2656//9631 2652//9631
f 2652//9632 2651//9632 2661//9632
f 2661//9633 2651//9633 2647//9633
f 2647//9634 2646//9634 2661//9634
f 2661//9635 2646//9635 2645//9635
f 2661//9636 2645//9636 2644//9636
f 2987//9637 3085//9637 2984//9637
f 2984//9638 3085//9638 3082//9638
f 2943//9639 2905//9639 2904//9639
f 2904//9640 2942//9640 2943//9640
f 2866//9641 2872//9641 2904//9641
f 2904//9642 2872//9642 2909//9642
f 2904//9643 2909//9643 2944//9643
f 2904//9644 2944//9644 2942//9644
f 2942//9645 2944//9645 2943//9645
f 2943//9646 2944//9646 2945//9646
f 2943//9647 2945//9647 2983//9647
f 2983//9648 2945//9648 2986//9648
f 2983//9649 2986//9649 2987//9649
f 2983//9650 2987//9650 2984//9650
f 2574//9651 2573//9651 2506//9651
f 2506//9652 2573//9652 2505//9652
f 2506//9653 2505//9653 2415//9653
f 2415//9654 2505//9654 2336//9654
f 2415//9655 2336//9655 2337//9655
f 2337//9656 2336//9656 2257//9656
f 1988//9657 2181//9657 2018//9657
f 2180//9658 2179//9658 2018//9658
f 2018//9659 2179//9659 1916//9659
f 2018//9660 1916//9660 1988//9660
f 1988//9661 2019//9661 2181//9661
f 2181//9662 2019//9662 2058//9662
f 2181//9663 2058//9663 2336//9663
f 2336//9664 2058//9664 2182//9664
f 2336//9665 2182//9665 2257//9665
f 2610//9666 2617//9666 2644//9666
f 2644//9667 2617//9667 2661//9667
f 2824//9668 2872//9668 2866//9668
f 2759//9669 2661//9669 2663//9669
f 2905//9670 2759//9670 2904//9670
f 2904//9671 2759//9671 2866//9671
f 2866//9672 2759//9672 2824//9672
f 2824//9673 2759//9673 2663//9673
f 2574//9674 2575//9674 2576//9674
f 2576//9675 2577//9675 2578//9675
f 2576//9676 2578//9676 2616//9676
f 2576//9677 2616//9677 2615//9677
f 2576//9678 2615//9678 2612//9678
f 2576//9679 2612//9679 2574//9679
f 2614//9680 2612//9680 2615//9680
f 2573//9681 2574//9681 2611//9681
f 2574//9682 2612//9682 2611//9682
f 2611//9683 2612//9683 2614//9683
f 2611//9684 2614//9684 2613//9684
f 869//9685 870//9685 867//9685
f 767//9686 869//9686 768//9686
f 768//9687 869//9687 867//9687
f 768//9688 867//9688 765//9688
f 867//9689 866//9689 870//9689
f 870//9690 866//9690 869//9690
f 866//9691 867//9691 869//9691
f 866//9692 867//9692 857//9692
f 857//9693 867//9693 858//9693
f 867//9694 858//9694 760//9694
f 867//9695 760//9695 765//9695
f 1039//9696 647//9696 642//9696
f 1039//9697 642//9697 1033//9697
f 1033//9698 642//9698 636//9698
f 1033//9699 636//9699 1130//9699
f 1130//9700 636//9700 744//9700
f 1130//9701 744//9701 836//9701
f 1130//9702 836//9702 1214//9702
f 858//9703 947//9703 1052//9703
f 946//9704 760//9704 858//9704
f 858//9705 857//9705 946//9705
f 1052//9706 946//9706 857//9706
f 1052//9707 857//9707 858//9707
f 2081//9708 2047//9708 2155//9708
f 2155//9709 2047//9709 2089//9709
f 2095//9710 2163//9710 2089//9710
f 1130//9711 1022//9711 931//9711
f 1130//9712 931//9712 1033//9712
f 1022//9713 1130//9713 1125//9713
f 2101//9714 2106//9714 2179//9714
f 2101//9715 2179//9715 2095//9715
f 2095//9716 2179//9716 2163//9716
f 946//9717 1052//9717 937//9717
f 937//9718 1052//9718 1039//9718
f 937//9719 1039//9719 931//9719
f 931//9720 1039//9720 1033//9720
f 1214//9721 1206//9721 1130//9721
f 1130//9722 1206//9722 1116//9722
f 1130//9723 1116//9723 1125//9723
f 2047//9724 2081//9724 2036//9724
f 2047//9725 2036//9725 2039//9725
f 2039//9726 2036//9726 2000//9726
f 2039//9727 2000//9727 1214//9727
f 1214//9728 2000//9728 1206//9728
f 649//9729 644//9729 648//9729
f 648//9730 644//9730 643//9730
f 647//9731 648//9731 642//9731
f 642//9732 648//9732 643//9732
f 642//9733 643//9733 637//9733
f 642//9734 637//9734 636//9734
f 636//9735 637//9735 744//9735
f 836//9736 744//9736 745//9736
f 745//9737 744//9737 637//9737
f 745//9738 637//9738 643//9738
f 2619//9739 2616//9739 2578//9739
f 2619//9740 2578//9740 2579//9740
f 1345//9741 1346//9741 1422//9741
f 1345//9742 1422//9742 1546//9742
f 1546//9743 1422//9743 1629//9743
f 1546//9744 1629//9744 1616//9744
f 1346//9745 1345//9745 1296//9745
f 1296//9746 1345//9746 1137//9746
f 1296//9747 1137//9747 1144//9747
f 938//9748 1040//9748 1137//9748
f 1137//9749 1040//9749 1144//9749
f 938//9750 851//9750 941//9750
f 938//9751 941//9751 1040//9751
f 649//9752 851//9752 644//9752
f 644//9753 851//9753 938//9753
f 644//9754 938//9754 643//9754
f 745//9755 643//9755 938//9755
f 1229//9756 938//9756 1137//9756
f 1229//9757 1137//9757 1421//9757
f 1421//9758 1137//9758 1345//9758
f 1421//9759 1345//9759 1616//9759
f 1616//9760 1345//9760 1546//9760
f 932//9761 745//9761 938//9761
f 932//9762 938//9762 1224//9762
f 1224//9763 938//9763 1229//9763
f 1224//9764 1229//9764 1418//9764
f 1418//9765 1229//9765 1421//9765
f 1418//9766 1421//9766 1608//9766
f 1608//9767 1421//9767 1616//9767
f 1608//9768 1616//9768 1546//9768
f 836//9769 745//9769 1028//9769
f 1028//9770 745//9770 932//9770
f 1028//9771 932//9771 1223//9771
f 1223//9772 932//9772 1224//9772
f 1223//9773 1224//9773 1417//9773
f 1417//9774 1224//9774 1418//9774
f 1417//9775 1418//9775 1607//9775
f 1607//9776 1418//9776 1608//9776
f 836//9777 1028//9777 1023//9777
f 1023//9778 1028//9778 1223//9778
f 1023//9779 1223//9779 1278//9779
f 1278//9780 1223//9780 1417//9780
f 1278//9781 1417//9781 1461//9781
f 1461//9782 1417//9782 1607//9782
f 1461//9783 1607//9783 1601//9783
f 1601//9784 1607//9784 1709//9784
f 1601//9785 1709//9785 1701//9785
f 1629//9786 1645//9786 1616//9786
f 1740//9787 1717//9787 1616//9787
f 1740//9788 1616//9788 1645//9788
f 1825//9789 1717//9789 1740//9789
f 1825//9790 1813//9790 1717//9790
f 1824//9791 1812//9791 1825//9791
f 1825//9792 1812//9792 1813//9792
f 1916//9793 1917//9793 1837//9793
f 1662//9794 1663//9794 1658//9794
f 1840//9795 1838//9795 1758//9795
f 1916//9796 1836//9796 1837//9796
f 1837//9797 1755//9797 1838//9797
f 1838//9798 1755//9798 1756//9798
f 1838//9799 1756//9799 1758//9799
f 1756//9800 1755//9800 1659//9800
f 1756//9801 1659//9801 1758//9801
f 1916//9802 1824//9802 1836//9802
f 1836//9803 1824//9803 1825//9803
f 1836//9804 1825//9804 1837//9804
f 1837//9805 1825//9805 1740//9805
f 1837//9806 1740//9806 1755//9806
f 1755//9807 1740//9807 1645//9807
f 1755//9808 1645//9808 1659//9808
f 1659//9809 1645//9809 1658//9809
f 1659//9810 1658//9810 1758//9810
f 1758//9811 1658//9811 1663//9811
f 1758//9812 1663//9812 1760//9812
f 1758//9813 1760//9813 1840//9813
f 1840//9814 1760//9814 1843//9814
f 2506//9815 2415//9815 2416//9815
f 2058//9816 2019//9816 2020//9816
f 1988//9817 1916//9817 1837//9817
f 2337//9818 2257//9818 2258//9818
f 2258//9819 2257//9819 2182//9819
f 2574//9820 2506//9820 2416//9820
f 2574//9821 2416//9821 2575//9821
f 2575//9822 2416//9822 2417//9822
f 2575//9823 2417//9823 2422//9823
f 2575//9824 2422//9824 2576//9824
f 2576//9825 2422//9825 2577//9825
f 2577//9826 2422//9826 2427//9826
f 2577//9827 2427//9827 2578//9827
f 2578//9828 2427//9828 2514//9828
f 2019//9829 1988//9829 2020//9829
f 2020//9830 1988//9830 1837//9830
f 2020//9831 1837//9831 1838//9831
f 2020//9832 1838//9832 2023//9832
f 2023//9833 1838//9833 1840//9833
f 2023//9834 1840//9834 2024//9834
f 2024//9835 1840//9835 2025//9835
f 2025//9836 1840//9836 1843//9836
f 2025//9837 1843//9837 1922//9837
f 2025//9838 2262//9838 2261//9838
f 2025//9839 2261//9839 2024//9839
f 2024//9840 2261//9840 2260//9840
f 2024//9841 2260//9841 2023//9841
f 2023//9842 2260//9842 2258//9842
f 2023//9843 2258//9843 2020//9843
f 2020//9844 2258//9844 2182//9844
f 2020//9845 2182//9845 2058//9845
f 2025//9846 2063//9846 2262//9846
f 2303//9847 2427//9847 2262//9847
f 2262//9848 2427//9848 2422//9848
f 2262//9849 2422//9849 2261//9849
f 2261//9850 2422//9850 2260//9850
f 2260//9851 2422//9851 2417//9851
f 2260//9852 2417//9852 2258//9852
f 2258//9853 2417//9853 2416//9853
f 2258//9854 2416//9854 2415//9854
f 2258//9855 2415//9855 2337//9855
f 765//9856 511//9856 768//9856
f 768//9857 511//9857 394//9857
f 394//9858 767//9858 768//9858
f 868//9859 869//9859 766//9859
f 766//9860 869//9860 659//9860
f 659//9861 869//9861 767//9861
f 659//9862 658//9862 766//9862
f 516//9863 391//9863 390//9863
f 516//9864 390//9864 515//9864
f 391//9865 79//9865 78//9865
f 512//9866 513//9866 396//9866
f 396//9867 513//9867 520//9867
f 512//9868 396//9868 389//9868
f 389//9869 396//9869 395//9869
f 511//9870 389//9870 394//9870
f 394//9871 389//9871 395//9871
f 946//9872 937//9872 760//9872
f 760//9873 937//9873 496//9873
f 760//9874 496//9874 765//9874
f 765//9875 496//9875 511//9875
f 498//9876 488//9876 499//9876
f 623//9877 488//9877 477//9877
f 623//9878 477//9878 616//9878
f 616//9879 477//9879 622//9879
f 487//9880 476//9880 477//9880
f 486//9881 387//9881 386//9881
f 386//9882 387//9882 496//9882
f 488//9883 487//9883 477//9883
f 506//9884 498//9884 499//9884
f 488//9885 498//9885 497//9885
f 488//9886 497//9886 487//9886
f 487//9887 497//9887 388//9887
f 487//9888 388//9888 387//9888
f 476//9889 487//9889 486//9889
f 486//9890 487//9890 387//9890
f 615//9891 719//9891 720//9891
f 615//9892 720//9892 721//9892
f 719//9893 615//9893 614//9893
f 614//9894 615//9894 621//9894
f 476//9895 475//9895 621//9895
f 621//9896 475//9896 620//9896
f 621//9897 620//9897 614//9897
f 475//9898 476//9898 485//9898
f 485//9899 486//9899 496//9899
f 496//9900 486//9900 386//9900
f 486//9901 485//9901 476//9901
f 621//9902 477//9902 476//9902
f 477//9903 621//9903 622//9903
f 622//9904 621//9904 615//9904
f 622//9905 615//9905 616//9905
f 616//9906 615//9906 721//9906
f 1688//9907 1515//9907 2000//9907
f 1515//9908 1397//9908 2000//9908
f 2000//9909 1397//9909 1323//9909
f 2000//9910 1323//9910 1276//9910
f 821//9911 1207//9911 1016//9911
f 1016//9912 1207//9912 2000//9912
f 1016//9913 2000//9913 1118//9913
f 1118//9914 2000//9914 1276//9914
f 1547//9915 1534//9915 1617//9915
f 1534//9916 1524//9916 1603//9916
f 1603//9917 1524//9917 1523//9917
f 1484//9918 1478//9918 1547//9918
f 1718//9919 1617//9919 1609//9919
f 1609//9920 1617//9920 1603//9920
f 1603//9921 1617//9921 1534//9921
f 1814//9922 1718//9922 1805//9922
f 1805//9923 1718//9923 1711//9923
f 1711//9924 1718//9924 1703//9924
f 1703//9925 1718//9925 1609//9925
f 1703//9926 1609//9926 1603//9926
f 1603//9927 1609//9927 1602//9927
f 1602//9928 1603//9928 1523//9928
f 1894//9929 1814//9929 1895//9929
f 1895//9930 1814//9930 1805//9930
f 1799//9931 1805//9931 1711//9931
f 1799//9932 1711//9932 1702//9932
f 1702//9933 1711//9933 1703//9933
f 1702//9934 1703//9934 1690//9934
f 1690//9935 1703//9935 1603//9935
f 1690//9936 1603//9936 1591//9936
f 1591//9937 1603//9937 1602//9937
f 1894//9938 1895//9938 1890//9938
f 1890//9939 1895//9939 1805//9939
f 1890//9940 1805//9940 1884//9940
f 1884//9941 1805//9941 1798//9941
f 1798//9942 1805//9942 1799//9942
f 1798//9943 1799//9943 1792//9943
f 1792//9944 1799//9944 1702//9944
f 1792//9945 1702//9945 1689//9945
f 1689//9946 1702//9946 1690//9946
f 1689//9947 1690//9947 1591//9947
f 1689//9948 1591//9948 1590//9948
f 1590//9949 1591//9949 1602//9949
f 1591//9950 1602//9950 1523//9950
f 1950//9951 1894//9951 1889//9951
f 1889//9952 1894//9952 1890//9952
f 1889//9953 1890//9953 1883//9953
f 1883//9954 1890//9954 1884//9954
f 1883//9955 1884//9955 1798//9955
f 1883//9956 1798//9956 1791//9956
f 1791//9957 1798//9957 1792//9957
f 1791//9958 1792//9958 1689//9958
f 1791//9959 1689//9959 1688//9959
f 1688//9960 1689//9960 1590//9960
f 1959//9961 1950//9961 2015//9961
f 2015//9962 1950//9962 2164//9962
f 2015//9963 2164//9963 2018//9963
f 2018//9964 2164//9964 2180//9964
f 1962//9965 2016//9965 2102//9965
f 2102//9966 2016//9966 2172//9966
f 2102//9967 2172//9967 2333//9967
f 2333//9968 2172//9968 2332//9968
f 2333//9969 2332//9969 2499//9969
f 2499//9970 2332//9970 2498//9970
f 2499//9971 2498//9971 2645//9971
f 2645//9972 2498//9972 2610//9972
f 2659//9973 2660//9973 2656//9973
f 2652//9974 2648//9974 2647//9974
f 2652//9975 2647//9975 2651//9975
f 2657//9976 2652//9976 2656//9976
f 2657//9977 2656//9977 2660//9977
f 2867//9978 2905//9978 2906//9978
f 2760//9979 2661//9979 2822//9979
f 2822//9980 2661//9980 2759//9980
f 2822//9981 2759//9981 2867//9981
f 2867//9982 2759//9982 2905//9982
f 2762//9983 2662//9983 2661//9983
f 2762//9984 2661//9984 2761//9984
f 2761//9985 2661//9985 2760//9985
f 2983//9986 2984//9986 2943//9986
f 2943//9987 2984//9987 2906//9987
f 2943//9988 2906//9988 2905//9988
f 2908//9989 2907//9989 3082//9989
f 3082//9990 2907//9990 2984//9990
f 2984//9991 2907//9991 2906//9991
f 2908//9992 3082//9992 3083//9992
f 2762//9993 2763//9993 2662//9993
f 2662//9994 2763//9994 2823//9994
f 2662//9995 2823//9995 2870//9995
f 2870//9996 2823//9996 2869//9996
f 2870//9997 2869//9997 2985//9997
f 2985//9998 2869//9998 2868//9998
f 2985//9999 2868//9999 3034//9999
f 3034//10000 2868//10000 2908//10000
f 3083//10001 3034//10001 2908//10001
f 3034//10002 3083//10002 3084//10002
f 3034//10003 3084//10003 3035//10003
f 3034//10004 3035//10004 2985//10004
f 2988//10005 2985//10005 3037//10005
f 3037//10006 2985//10006 3035//10006
f 3037//10007 3035//10007 3036//10007
f 3036//10008 3035//10008 3034//10008
f 3036//10009 3034//10009 3087//10009
f 3087//10010 3034//10010 3084//10010
f 3087//10011 3084//10011 3086//10011
f 3086//10012 3084//10012 3083//10012
f 3086//10013 3083//10013 3085//10013
f 3085//10014 3083//10014 3082//10014
f 3096//10015 3085//10015 2992//10015
f 2992//10016 3085//10016 2987//10016
f 2992//10017 2987//10017 2986//10017
f 2992//10018 2986//10018 2947//10018
f 2986//10019 2945//10019 2947//10019
f 2947//10020 2945//10020 2944//10020
f 2947//10021 2944//10021 2946//10021
f 2872//10022 2876//10022 2909//10022
f 2909//10023 2876//10023 2946//10023
f 2909//10024 2946//10024 2944//10024
f 2573//10025 2610//10025 2505//10025
f 2573//10026 2611//10026 2610//10026
f 2610//10027 2611//10027 2613//10027
f 2610//10028 2613//10028 2617//10028
f 2617//10029 2613//10029 2618//10029
f 2610//10030 2498//10030 2505//10030
f 2505//10031 2498//10031 2332//10031
f 2505//10032 2332//10032 2336//10032
f 2336//10033 2332//10033 2172//10033
f 2336//10034 2172//10034 2181//10034
f 2181//10035 2172//10035 2018//10035
f 2018//10036 2172//10036 2016//10036
f 2016//10037 2015//10037 2018//10037
f 2669//10038 2663//10038 2661//10038
f 2669//10039 2661//10039 2618//10039
f 2618//10040 2661//10040 2617//10040
f 2663//10041 2669//10041 2729//10041
f 2663//10042 2729//10042 2824//10042
f 2729//10043 2828//10043 2824//10043
f 2824//10044 2828//10044 2876//10044
f 2824//10045 2876//10045 2872//10045
f 2619//10046 2618//10046 2616//10046
f 2616//10047 2618//10047 2613//10047
f 2616//10048 2613//10048 2614//10048
f 2614//10049 2615//10049 2616//10049
f 2906//10050 2913//10050 2877//10050
f 2906//10051 2877//10051 2867//10051
f 2867//10052 2877//10052 2829//10052
f 2867//10053 2829//10053 2822//10053
f 2822//10054 2829//10054 2769//10054
f 2822//10055 2769//10055 2760//10055
f 2760//10056 2769//10056 2770//10056
f 2760//10057 2770//10057 2761//10057
f 2761//10058 2770//10058 2771//10058
f 2761//10059 2771//10059 2762//10059
f 2762//10060 2771//10060 2772//10060
f 2762//10061 2772//10061 2763//10061
f 2763//10062 2772//10062 2831//10062
f 2763//10063 2831//10063 2823//10063
f 2823//10064 2831//10064 2880//10064
f 2823//10065 2880//10065 2869//10065
f 2869//10066 2880//10066 2879//10066
f 2869//10067 2879//10067 2868//10067
f 2868//10068 2879//10068 2915//10068
f 2868//10069 2915//10069 2908//10069
f 2908//10070 2915//10070 2914//10070
f 2908//10071 2914//10071 2907//10071
f 2907//10072 2914//10072 2913//10072
f 2907//10073 2913//10073 2906//10073
f 776//10074 766//10074 659//10074
f 776//10075 659//10075 670//10075
f 670//10076 659//10076 658//10076
f 670//10077 658//10077 669//10077
f 669//10078 658//10078 516//10078
f 669//10079 516//10079 526//10079
f 391//10080 406//10080 390//10080
f 390//10081 406//10081 526//10081
f 390//10082 526//10082 515//10082
f 515//10083 526//10083 516//10083
f 875//10084 868//10084 766//10084
f 875//10085 766//10085 776//10085
f 867//10086 870//10086 956//10086
f 867//10087 956//10087 947//10087
f 867//10088 947//10088 858//10088
f 870//10089 869//10089 956//10089
f 956//10090 869//10090 875//10090
f 875//10091 869//10091 868//10091
f 956//10092 675//10092 947//10092
f 947//10093 675//10093 647//10093
f 947//10094 647//10094 1052//10094
f 1052//10095 647//10095 1039//10095
f 647//10096 675//10096 648//10096
f 648//10097 675//10097 676//10097
f 648//10098 676//10098 677//10098
f 648//10099 677//10099 649//10099
f 280//10100 302//10100 584//10100
f 1922//10101 1843//10101 1927//10101
f 1927//10102 1843//10102 1679//10102
f 1679//10103 1843//10103 1760//10103
f 1679//10104 1760//10104 1663//10104
f 1922//10105 1927//10105 2025//10105
f 2025//10106 1927//10106 2069//10106
f 2025//10107 2069//10107 2063//10107
f 2063//10108 2069//10108 2262//10108
f 2262//10109 2069//10109 2316//10109
f 2262//10110 2316//10110 2303//10110
f 2540//10111 2566//10111 2579//10111
f 2579//10112 2566//10112 2593//10112
f 2593//10113 2591//10113 2579//10113
f 2579//10114 2591//10114 2634//10114
f 2579//10115 2634//10115 2699//10115
f 2579//10116 2699//10116 2696//10116
f 2579//10117 2696//10117 2674//10117
f 2303//10118 2316//10118 2427//10118
f 2427//10119 2316//10119 2540//10119
f 2427//10120 2540//10120 2514//10120
f 2514//10121 2540//10121 2579//10121
f 2514//10122 2579//10122 2578//10122
f 170//10123 200//10123 280//10123
f 280//10124 200//10124 208//10124
f 280//10125 208//10125 211//10125
f 211//10126 263//10126 280//10126
f 263//10127 264//10127 280//10127
f 280//10128 264//10128 302//10128
f 851//10129 649//10129 904//10129
f 904//10130 649//10130 677//10130
f 904//10131 677//10131 584//10131
f 584//10132 677//10132 531//10132
f 584//10133 531//10133 280//10133
f 1187//10134 1144//10134 1040//10134
f 1187//10135 1040//10135 904//10135
f 904//10136 1040//10136 941//10136
f 904//10137 941//10137 851//10137
f 1144//10138 1187//10138 1296//10138
f 1296//10139 1187//10139 1387//10139
f 1296//10140 1387//10140 1346//10140
f 1663//10141 1662//10141 1679//10141
f 1679//10142 1662//10142 1387//10142
f 1387//10143 1662//10143 1658//10143
f 1387//10144 1658//10144 1346//10144
f 1346//10145 1658//10145 1645//10145
f 1629//10146 1422//10146 1645//10146
f 1645//10147 1422//10147 1346//10147
f 272//10148 279//10148 338//10148
f 272//10149 338//10149 322//10149
f 322//10150 338//10150 339//10150
f 322//10151 339//10151 323//10151
f 323//10152 339//10152 408//10152
f 323//10153 408//10153 393//10153
f 393//10154 408//10154 529//10154
f 393//10155 529//10155 519//10155
f 519//10156 529//10156 673//10156
f 519//10157 673//10157 662//10157
f 662//10158 673//10158 672//10158
f 662//10159 672//10159 661//10159
f 661//10160 672//10160 671//10160
f 661//10161 671//10161 660//10161
f 660//10162 671//10162 528//10162
f 660//10163 528//10163 518//10163
f 518//10164 528//10164 527//10164
f 518//10165 527//10165 517//10165
f 517//10166 527//10166 407//10166
f 517//10167 407//10167 392//10167
f 392//10168 407//10168 337//10168
f 392//10169 337//10169 321//10169
f 321//10170 337//10170 278//10170
f 321//10171 278//10171 271//10171
f 271//10172 278//10172 279//10172
f 271//10173 279//10173 272//10173
f 54//10174 55//10174 31//10174
f 55//10175 32//10175 31//10175
f 79//10176 54//10176 78//10176
f 78//10177 54//10177 53//10177
f 82//10178 406//10178 78//10178
f 78//10179 406//10179 391//10179
f 272//10180 322//10180 80//10180
f 79//10181 391//10181 392//10181
f 392//10182 391//10182 517//10182
f 517//10183 391//10183 516//10183
f 323//10184 393//10184 394//10184
f 80//10185 322//10185 166//10185
f 166//10186 322//10186 323//10186
f 166//10187 323//10187 273//10187
f 273//10188 323//10188 394//10188
f 273//10189 394//10189 395//10189
f 393//10190 519//10190 394//10190
f 394//10191 519//10191 662//10191
f 394//10192 662//10192 767//10192
f 80//10193 56//10193 272//10193
f 272//10194 56//10194 33//10194
f 272//10195 33//10195 32//10195
f 272//10196 32//10196 55//10196
f 392//10197 321//10197 79//10197
f 79//10198 321//10198 271//10198
f 79//10199 271//10199 54//10199
f 54//10200 271//10200 272//10200
f 517//10201 516//10201 658//10201
f 517//10202 658//10202 518//10202
f 518//10203 658//10203 659//10203
f 518//10204 659//10204 660//10204
f 660//10205 659//10205 767//10205
f 660//10206 767//10206 661//10206
f 661//10207 767//10207 662//10207
f 272//10208 55//10208 54//10208
f 514//10209 520//10209 513//10209
f 506//10210 514//10210 498//10210
f 498//10211 514//10211 513//10211
f 512//10212 497//10212 513//10212
f 513//10213 497//10213 498//10213
f 511//10214 496//10214 389//10214
f 389//10215 496//10215 387//10215
f 389//10216 387//10216 388//10216
f 389//10217 388//10217 512//10217
f 512//10218 388//10218 497//10218
f 1118//10219 1276//10219 1208//10219
f 1323//10220 1397//10220 1398//10220
f 821//10221 1016//10221 720//10221
f 720//10222 1016//10222 919//10222
f 837//10223 623//10223 616//10223
f 837//10224 616//10224 919//10224
f 919//10225 616//10225 721//10225
f 919//10226 721//10226 720//10226
f 843//10227 488//10227 623//10227
f 499//10228 488//10228 752//10228
f 752//10229 488//10229 843//10229
f 752//10230 843//10230 939//10230
f 506//10231 499//10231 755//10231
f 755//10232 499//10232 752//10232
f 755//10233 752//10233 852//10233
f 852//10234 752//10234 939//10234
f 852//10235 939//10235 942//10235
f 942//10236 939//10236 1041//10236
f 1347//10237 1294//10237 1423//10237
f 1423//10238 1294//10238 1478//10238
f 1478//10239 1484//10239 1423//10239
f 1473//10240 1534//10240 1547//10240
f 1591//10241 1523//10241 1516//10241
f 1591//10242 1516//10242 1590//10242
f 1590//10243 1515//10243 1688//10243
f 1029//10244 1225//10244 1230//10244
f 1230//10245 1225//10245 1294//10245
f 1230//10246 1294//10246 1297//10246
f 1297//10247 1294//10247 1347//10247
f 1145//10248 1041//10248 1034//10248
f 1034//10249 1041//10249 939//10249
f 1034//10250 939//10250 933//10250
f 933//10251 939//10251 843//10251
f 933//10252 843//10252 837//10252
f 837//10253 843//10253 623//10253
f 1029//10254 1126//10254 1225//10254
f 1225//10255 1126//10255 1290//10255
f 1225//10256 1290//10256 1294//10256
f 1294//10257 1290//10257 1473//10257
f 1294//10258 1473//10258 1478//10258
f 1478//10259 1473//10259 1547//10259
f 1523//10260 1333//10260 1516//10260
f 1516//10261 1333//10261 1324//10261
f 1516//10262 1324//10262 1590//10262
f 1590//10263 1324//10263 1398//10263
f 1590//10264 1398//10264 1515//10264
f 1515//10265 1398//10265 1397//10265
f 1276//10266 1323//10266 1208//10266
f 1208//10267 1323//10267 1398//10267
f 1208//10268 1398//10268 1119//10268
f 1119//10269 1398//10269 1324//10269
f 1119//10270 1324//10270 1126//10270
f 1126//10271 1324//10271 1333//10271
f 1126//10272 1333//10272 1290//10272
f 1290//10273 1333//10273 1523//10273
f 1290//10274 1523//10274 1473//10274
f 1473//10275 1523//10275 1524//10275
f 1473//10276 1524//10276 1534//10276
f 1016//10277 1118//10277 919//10277
f 919//10278 1118//10278 1208//10278
f 919//10279 1208//10279 1119//10279
f 919//10280 1119//10280 837//10280
f 837//10281 1119//10281 1126//10281
f 837//10282 1126//10282 933//10282
f 933//10283 1126//10283 1029//10283
f 933//10284 1029//10284 1034//10284
f 1034//10285 1029//10285 1230//10285
f 1034//10286 1230//10286 1145//10286
f 1145//10287 1230//10287 1297//10287
f 1950//10288 1959//10288 1903//10288
f 1950//10289 1903//10289 1894//10289
f 1823//10290 1814//10290 1894//10290
f 1823//10291 1894//10291 1903//10291
f 1814//10292 1823//10292 1739//10292
f 1814//10293 1739//10293 1718//10293
f 1547//10294 1617//10294 1644//10294
f 1644//10295 1617//10295 1739//10295
f 1739//10296 1617//10296 1718//10296
f 1547//10297 1644//10297 1559//10297
f 1547//10298 1559//10298 1488//10298
f 1547//10299 1488//10299 1484//10299
f 1488//10300 1559//10300 1560//10300
f 1566//10301 1660//10301 1664//10301
f 1566//10302 1664//10302 1568//10302
f 1568//10303 1664//10303 1759//10303
f 1759//10304 1761//10304 1664//10304
f 1961//10305 1962//10305 1960//10305
f 1961//10306 1960//10306 1959//10306
f 1959//10307 1960//10307 1903//10307
f 1962//10308 1963//10308 1905//10308
f 1827//10309 1826//10309 1905//10309
f 1827//10310 1905//10310 1839//10310
f 1839//10311 1905//10311 1918//10311
f 1918//10312 1921//10312 1841//10312
f 1918//10313 1841//10313 1839//10313
f 1827//10314 1839//10314 1826//10314
f 1826//10315 1839//10315 1757//10315
f 1826//10316 1757//10316 1741//10316
f 1921//10317 1923//10317 1841//10317
f 1841//10318 1923//10318 1842//10318
f 1841//10319 1842//10319 1839//10319
f 1839//10320 1842//10320 1759//10320
f 1839//10321 1759//10321 1757//10321
f 1741//10322 1757//10322 1660//10322
f 1741//10323 1660//10323 1646//10323
f 1903//10324 1960//10324 1904//10324
f 1904//10325 1960//10325 1905//10325
f 1905//10326 1960//10326 1962//10326
f 1842//10327 1923//10327 1844//10327
f 1842//10328 1844//10328 1759//10328
f 1759//10329 1844//10329 1761//10329
f 1757//10330 1759//10330 1664//10330
f 1757//10331 1664//10331 1660//10331
f 1646//10332 1660//10332 1566//10332
f 1646//10333 1566//10333 1560//10333
f 1904//10334 1905//10334 1826//10334
f 1904//10335 1826//10335 1903//10335
f 1903//10336 1826//10336 1823//10336
f 1823//10337 1826//10337 1739//10337
f 1739//10338 1826//10338 1741//10338
f 1739//10339 1741//10339 1646//10339
f 1739//10340 1646//10340 1644//10340
f 1644//10341 1646//10341 1560//10341
f 1644//10342 1560//10342 1559//10342
f 2464//10343 2660//10343 2515//10343
f 2660//10344 2464//10344 2657//10344
f 2657//10345 2464//10345 2460//10345
f 2657//10346 2460//10346 2456//10346
f 2657//10347 2456//10347 2652//10347
f 2652//10348 2456//10348 2648//10348
f 2648//10349 2456//10349 2454//10349
f 2648//10350 2454//10350 2647//10350
f 2647//10351 2454//10351 2500//10351
f 2647//10352 2500//10352 2646//10352
f 2646//10353 2500//10353 2499//10353
f 2646//10354 2499//10354 2645//10354
f 2464//10355 2339//10355 2304//10355
f 2333//10356 2499//10356 2500//10356
f 2333//10357 2500//10357 2295//10357
f 2295//10358 2500//10358 2454//10358
f 2295//10359 2454//10359 2296//10359
f 2296//10360 2454//10360 2300//10360
f 2300//10361 2454//10361 2456//10361
f 2300//10362 2456//10362 2301//10362
f 2301//10363 2456//10363 2302//10363
f 2302//10364 2456//10364 2460//10364
f 2302//10365 2460//10365 2304//10365
f 2304//10366 2460//10366 2464//10366
f 2304//10367 2107//10367 2064//10367
f 2102//10368 2333//10368 2054//10368
f 2054//10369 2333//10369 2295//10369
f 2054//10370 2295//10370 2055//10370
f 2055//10371 2295//10371 2296//10371
f 2055//10372 2296//10372 2059//10372
f 2059//10373 2296//10373 2300//10373
f 2059//10374 2300//10374 2060//10374
f 2060//10375 2300//10375 2301//10375
f 2060//10376 2301//10376 2062//10376
f 2062//10377 2301//10377 2302//10377
f 2062//10378 2302//10378 2064//10378
f 2064//10379 2302//10379 2304//10379
f 1967//10380 1923//10380 2064//10380
f 2064//10381 1923//10381 2062//10381
f 2062//10382 1923//10382 1921//10382
f 2062//10383 1921//10383 2060//10383
f 2060//10384 1921//10384 1918//10384
f 2060//10385 1918//10385 2059//10385
f 2059//10386 1918//10386 2055//10386
f 1962//10387 2102//10387 1963//10387
f 1963//10388 2102//10388 2054//10388
f 1963//10389 2054//10389 1905//10389
f 1905//10390 2054//10390 2055//10390
f 1905//10391 2055//10391 1918//10391
f 2725//10392 2664//10392 2662//10392
f 2870//10393 2985//10393 2871//10393
f 2871//10394 2985//10394 2910//10394
f 2910//10395 2985//10395 2988//10395
f 2662//10396 2870//10396 2871//10396
f 2662//10397 2871//10397 2725//10397
f 2725//10398 2871//10398 2910//10398
f 2988//10399 3037//10399 2993//10399
f 2993//10400 3037//10400 3041//10400
f 3041//10401 3037//10401 3036//10401
f 3041//10402 3036//10402 3098//10402
f 3036//10403 3087//10403 3098//10403
f 3098//10404 3087//10404 3086//10404
f 3098//10405 3086//10405 3097//10405
f 3085//10406 3096//10406 3097//10406
f 3085//10407 3097//10407 3086//10407
f 2992//10408 2947//10408 2946//10408
f 2674//10409 2675//10409 2731//10409
f 2992//10410 2913//10410 3096//10410
f 3096//10411 2913//10411 2914//10411
f 3096//10412 2914//10412 3097//10412
f 3097//10413 2914//10413 2915//10413
f 3097//10414 2915//10414 3098//10414
f 3098//10415 2915//10415 2879//10415
f 2879//10416 2880//10416 2674//10416
f 2674//10417 2880//10417 2831//10417
f 2674//10418 2831//10418 2579//10418
f 2579//10419 2831//10419 2772//10419
f 2992//10420 2877//10420 2913//10420
f 2674//10421 2731//10421 2879//10421
f 2879//10422 2731//10422 2832//10422
f 2879//10423 2832//10423 2916//10423
f 2916//10424 2993//10424 2879//10424
f 2879//10425 2993//10425 3041//10425
f 2879//10426 3041//10426 3098//10426
f 2769//10427 2669//10427 2770//10427
f 2770//10428 2669//10428 2618//10428
f 2770//10429 2618//10429 2771//10429
f 2992//10430 2946//10430 2877//10430
f 2877//10431 2946//10431 2876//10431
f 2877//10432 2876//10432 2829//10432
f 2829//10433 2876//10433 2828//10433
f 2829//10434 2828//10434 2769//10434
f 2769//10435 2828//10435 2729//10435
f 2769//10436 2729//10436 2669//10436
f 2771//10437 2618//10437 2619//10437
f 2771//10438 2619//10438 2772//10438
f 2772//10439 2619//10439 2579//10439
f 2696//10440 2697//10440 2674//10440
f 2674//10441 2697//10441 2675//10441
f 2592//10442 2591//10442 2593//10442
f 2566//10443 2567//10443 2593//10443
f 2593//10444 2567//10444 2594//10444
f 2593//10445 2594//10445 2592//10445
f 2591//10446 2592//10446 2635//10446
f 2591//10447 2635//10447 2634//10447
f 2634//10448 2635//10448 2699//10448
f 2699//10449 2635//10449 2700//10449
f 2697//10450 2696//10450 2700//10450
f 2700//10451 2696//10451 2699//10451
f 264//10452 214//10452 302//10452
f 302//10453 214//10453 303//10453
f 302//10454 303//10454 584//10454
f 584//10455 303//10455 585//10455
f 584//10456 585//10456 904//10456
f 904//10457 585//10457 905//10457
f 904//10458 905//10458 1187//10458
f 1187//10459 905//10459 1188//10459
f 1187//10460 1188//10460 1387//10460
f 1387//10461 1188//10461 1388//10461
f 1387//10462 1388//10462 1679//10462
f 1679//10463 1388//10463 1680//10463
f 1679//10464 1680//10464 1927//10464
f 1927//10465 1680//10465 1970//10465
f 1927//10466 1970//10466 2069//10466
f 2069//10467 1970//10467 2123//10467
f 2069//10468 2123//10468 2316//10468
f 2316//10469 2123//10469 2356//10469
f 2316//10470 2356//10470 2540//10470
f 2540//10471 2356//10471 2541//10471
f 2540//10472 2541//10472 2566//10472
f 2566//10473 2541//10473 2567//10473
f 208//10474 200//10474 148//10474
f 214//10475 264//10475 213//10475
f 213//10476 264//10476 212//10476
f 212//10477 264//10477 263//10477
f 148//10478 154//10478 208//10478
f 208//10479 154//10479 211//10479
f 211//10480 154//10480 159//10480
f 211//10481 159//10481 263//10481
f 263//10482 159//10482 160//10482
f 263//10483 160//10483 212//10483
f 148//10484 200//10484 115//10484
f 115//10485 200//10485 170//10485
f 279//10486 278//10486 170//10486
f 776//10487 670//10487 528//10487
f 528//10488 670//10488 527//10488
f 670//10489 669//10489 527//10489
f 527//10490 669//10490 526//10490
f 527//10491 526//10491 407//10491
f 407//10492 526//10492 406//10492
f 407//10493 406//10493 337//10493
f 337//10494 406//10494 82//10494
f 337//10495 82//10495 278//10495
f 675//10496 956//10496 673//10496
f 531//10497 677//10497 676//10497
f 776//10498 528//10498 875//10498
f 875//10499 528//10499 671//10499
f 875//10500 671//10500 956//10500
f 956//10501 671//10501 672//10501
f 956//10502 672//10502 673//10502
f 673//10503 529//10503 675//10503
f 675//10504 529//10504 408//10504
f 675//10505 408//10505 676//10505
f 531//10506 676//10506 408//10506
f 531//10507 408//10507 280//10507
f 280//10508 408//10508 339//10508
f 280//10509 339//10509 170//10509
f 170//10510 339//10510 338//10510
f 170//10511 338//10511 279//10511
f 115//10512 170//10512 83//10512
f 83//10513 170//10513 278//10513
f 83//10514 278//10514 59//10514
f 59//10515 278//10515 39//10515
f 38//10516 39//10516 37//10516
f 37//10517 39//10517 278//10517
f 37//10518 278//10518 58//10518
f 58//10519 278//10519 82//10519
f 78//10520 53//10520 82//10520
f 82//10521 53//10521 58//10521
f 53//10522 54//10522 58//10522
f 58//10523 54//10523 37//10523
f 54//10524 31//10524 37//10524
f 37//10525 31//10525 32//10525
f 37//10526 32//10526 38//10526
f 33//10527 39//10527 38//10527
f 33//10528 38//10528 32//10528
f 396//10529 274//10529 230//10529
f 396//10530 230//10530 273//10530
f 396//10531 273//10531 395//10531
f 166//10532 273//10532 110//10532
f 110//10533 273//10533 230//10533
f 110//10534 230//10534 167//10534
f 80//10535 166//10535 110//10535
f 56//10536 80//10536 33//10536
f 212//10537 160//10537 167//10537
f 160//10538 159//10538 167//10538
f 167//10539 159//10539 154//10539
f 154//10540 148//10540 167//10540
f 167//10541 148//10541 115//10541
f 167//10542 115//10542 110//10542
f 110//10543 115//10543 83//10543
f 110//10544 83//10544 80//10544
f 80//10545 83//10545 59//10545
f 80//10546 59//10546 33//10546
f 33//10547 59//10547 39//10547
f 230//10548 214//10548 213//10548
f 213//10549 212//10549 230//10549
f 230//10550 212//10550 167//10550
f 2662//10551 2515//10551 2660//10551
f 2675//10552 2697//10552 2541//10552
f 2697//10553 2700//10553 2541//10553
f 2541//10554 2700//10554 2635//10554
f 2592//10555 2594//10555 2635//10555
f 2635//10556 2594//10556 2567//10556
f 2635//10557 2567//10557 2541//10557
f 2662//10558 2664//10558 2675//10558
f 2675//10559 2664//10559 2731//10559
f 2731//10560 2664//10560 2725//10560
f 2731//10561 2725//10561 2832//10561
f 2832//10562 2725//10562 2910//10562
f 2832//10563 2910//10563 2916//10563
f 2916//10564 2910//10564 2988//10564
f 2916//10565 2988//10565 2993//10565
f 2662//10566 2675//10566 2515//10566
f 2515//10567 2675//10567 2541//10567
f 2515//10568 2541//10568 2464//10568
f 2464//10569 2541//10569 2356//10569
f 2464//10570 2356//10570 2339//10570
f 2339//10571 2356//10571 2304//10571
f 2304//10572 2356//10572 2123//10572
f 2304//10573 2123//10573 2107//10573
f 2107//10574 2123//10574 2064//10574
f 2064//10575 2123//10575 1970//10575
f 2064//10576 1970//10576 1967//10576
f 1680//10577 1761//10577 1844//10577
f 1680//10578 1844//10578 1970//10578
f 1970//10579 1844//10579 1923//10579
f 1970//10580 1923//10580 1967//10580
f 1484//10581 1488//10581 1423//10581
f 1423//10582 1488//10582 1347//10582
f 1560//10583 1566//10583 1388//10583
f 1388//10584 1566//10584 1568//10584
f 1388//10585 1568//10585 1680//10585
f 1680//10586 1568//10586 1664//10586
f 1680//10587 1664//10587 1761//10587
f 1488//10588 1560//10588 1347//10588
f 1347//10589 1560//10589 1388//10589
f 1347//10590 1388//10590 1297//10590
f 1297//10591 1388//10591 1188//10591
f 852//10592 942//10592 905//10592
f 905//10593 942//10593 1041//10593
f 905//10594 1041//10594 1188//10594
f 1188//10595 1041//10595 1145//10595
f 1188//10596 1145//10596 1297//10596
f 905//10597 520//10597 514//10597
f 514//10598 506//10598 905//10598
f 905//10599 506//10599 755//10599
f 905//10600 755//10600 852//10600
f 214//10601 230//10601 303//10601
f 303//10602 230//10602 274//10602
f 303//10603 274//10603 585//10603
f 274//10604 396//10604 585//10604
f 585//10605 396//10605 520//10605
f 585//10606 520//10606 905//10606
