# decimated by robomaster_gui_node/tools/decimate_obj.py
v -0.02166 -0.00900 -0.00939
v -0.02163 -0.00900 -0.00687
v -0.02161 -0.00766 -0.01017
v -0.02168 -0.00600 -0.00851
v -0.02163 -0.00623 -0.00687
v -0.02161 -0.00307 -0.01017
v -0.02163 -0.00300 -0.00687
v -0.02161 -0.00050 -0.01017
v -0.02163 -0.00050 -0.00687
v -0.02161 0.00050 -0.01017
v -0.02163 0.00050 -0.00687
v -0.02161 0.00300 -0.01017
v -0.02163 0.00300 -0.00687
v -0.02165 0.00600 -0.00945
v -0.02161 0.00600 -0.01017
v -0.02161 0.00741 -0.01017
v -0.02161 0.00900 -0.01017
v -0.02168 0.00900 -0.00857
v -0.02163 0.00857 -0.00687
v -0.02161 0.00975 -0.00782
v -0.02045 -0.01220 -0.00670
v -0.02064 -0.01108 -0.01348
v -0.02081 -0.01145 -0.01159
v -0.02099 -0.01144 -0.00996
v -0.02104 -0.01144 -0.00853
v -0.02106 -0.01136 -0.00792
v -0.02083 -0.01160 -0.00606
v -0.02099 -0.01117 -0.00551
v -0.02066 -0.01144 -0.00428
v -0.02049 -0.01147 -0.00353
v -0.02076 -0.01020 -0.01430
v -0.02091 -0.01009 -0.01257
v -0.02096 -0.01061 -0.01098
v -0.02120 -0.00996 -0.01015
v -0.02153 -0.01020 -0.00854
v -0.02095 -0.01026 -0.00686
v -0.02115 -0.01064 -0.00506
v -0.02091 -0.01003 -0.00435
v -0.02096 -0.01035 -0.00358
v -0.02061 -0.00900 -0.01531
v -0.02112 -0.00900 -0.01344
v -0.02103 -0.00919 -0.01145
v -0.02086 -0.00893 -0.00920
v -0.02104 -0.00908 -0.00548
v -0.02116 -0.00917 -0.00358
v -0.02086 -0.00600 -0.01446
v -0.02112 -0.00649 -0.01344
v -0.02105 -0.00600 -0.01222
v -0.02087 -0.00643 -0.00882
v -0.02088 -0.00600 -0.00838
v -0.02077 -0.00600 -0.00622
v -0.02115 -0.00699 -0.00352
v -0.02159 -0.00600 -0.00635
v -0.02112 -0.00300 -0.01344
v -0.02073 -0.00300 -0.01091
v -0.02086 -0.00300 -0.00766
v -0.02089 -0.00304 -0.00407
v -0.02113 -0.00288 -0.00341
v -0.02112 -0.00050 -0.01344
v -0.02073 -0.00050 -0.01091
v -0.02086 -0.00050 -0.00766
v -0.02081 -0.00050 -0.00415
v -0.02111 -0.00050 -0.00334
v -0.02112 0.00050 -0.01344
v -0.02073 0.00050 -0.01091
v -0.02086 0.00050 -0.00766
v -0.02089 0.00050 -0.00407
v -0.02111 0.00050 -0.00334
v -0.02112 0.00307 -0.01344
v -0.02073 0.00300 -0.01091
v -0.02086 0.00300 -0.00766
v -0.02085 0.00298 -0.00411
v -0.02113 0.00306 -0.00341
v -0.02060 0.00600 -0.01536
v -0.02114 0.00600 -0.01164
v -0.02086 0.00622 -0.00932
v -0.02112 0.00798 -0.01344
v -0.02085 0.00900 -0.01451
v -0.02082 0.00900 -0.01236
v -0.02137 0.00945 -0.01199
v -0.02087 0.00873 -0.00892
v -0.02087 0.00930 -0.00835
v -0.02106 0.00900 -0.00650
v -0.02120 0.00900 -0.00376
v -0.02117 0.00907 -0.00358
v -0.02091 0.01006 -0.01379
v -0.02096 0.01060 -0.01291
v -0.02084 0.01024 -0.01111
v -0.02147 0.01022 -0.00999
v -0.02152 0.01022 -0.00854
v -0.02074 0.01001 -0.00765
v -0.02095 0.01050 -0.00697
v -0.02095 0.01013 -0.00530
v -0.02105 0.01078 -0.00471
v -0.02095 0.01039 -0.00358
v -0.02067 0.01145 -0.01236
v -0.02104 0.01132 -0.01005
v -0.02095 0.01157 -0.00894
v -0.02095 0.01145 -0.00657
v -0.02060 0.01147 -0.00406
v -0.02051 0.01144 -0.00353
v -0.02043 0.01207 -0.01134
v -0.02045 0.01207 -0.00561
v -0.01929 -0.01323 -0.00999
v -0.01950 -0.01234 -0.01458
v -0.01999 -0.01234 -0.01250
v -0.02005 -0.01251 -0.01127
v -0.02019 -0.01251 -0.00990
v -0.02015 -0.01256 -0.00923
v -0.01955 -0.01309 -0.00769
v -0.01988 -0.01246 -0.00702
v -0.02008 -0.01251 -0.00579
v -0.01987 -0.01251 -0.00443
v -0.01975 -0.01239 -0.00344
v -0.01937 -0.01144 -0.01687
v -0.01987 -0.01144 -0.01553
v -0.01981 -0.01150 -0.01387
v -0.01953 -0.01163 -0.01261
v -0.01983 -0.01145 -0.01159
v -0.01967 -0.01194 -0.00866
v -0.02010 -0.01141 -0.00808
v -0.01984 -0.01168 -0.00672
v -0.02011 -0.01117 -0.00570
v -0.01924 -0.01020 -0.01837
v -0.01971 -0.01078 -0.01686
v -0.01997 -0.01014 -0.01609
v -0.02017 -0.01049 -0.01275
v -0.02038 -0.01068 -0.01090
v -0.02032 -0.01063 -0.00524
v -0.01978 -0.00922 -0.01751
v -0.01927 -0.00939 -0.01665
v -0.01989 -0.00893 -0.01491
v -0.02038 -0.00930 -0.00380
v -0.02032 -0.00896 -0.00346
v -0.02016 -0.00825 -0.01661
v -0.01954 -0.00600 -0.01808
v -0.02001 -0.00643 -0.01455
v -0.02012 -0.00600 -0.01413
v -0.02030 -0.00676 -0.00338
v -0.02016 -0.00307 -0.01661
v -0.02013 -0.00300 -0.01410
v -0.02028 -0.00304 -0.00328
v -0.02016 -0.00050 -0.01661
v -0.02013 -0.00050 -0.01410
v -0.02026 -0.00029 -0.00320
v -0.02016 0.00050 -0.01661
v -0.02013 0.00050 -0.01410
v -0.02026 0.00050 -0.00321
v -0.02016 0.00300 -0.01661
v -0.02013 0.00300 -0.01410
v -0.02028 0.00315 -0.00328
v -0.01985 0.00600 -0.01739
v -0.02016 0.00633 -0.01661
v -0.01987 0.00624 -0.01500
v -0.01950 0.00900 -0.01816
v -0.01967 0.00945 -0.01775
v -0.02016 0.00900 -0.01661
v -0.01993 0.00856 -0.01482
v -0.02009 0.00917 -0.01422
v -0.01986 0.01029 -0.01691
v -0.02033 0.01022 -0.01569
v -0.02018 0.01001 -0.01338
v -0.02020 0.01042 -0.01266
v -0.02036 0.01048 -0.00508
v -0.01988 0.01107 -0.01606
v -0.01980 0.01163 -0.01537
v -0.02027 0.01146 -0.01417
v -0.01994 0.01117 -0.01217
v -0.01989 0.01146 -0.01113
v -0.02025 0.01110 -0.01015
v -0.01979 0.01179 -0.00937
v -0.02000 0.01141 -0.00632
v -0.01998 0.01127 -0.00524
v -0.01971 0.01138 -0.00424
v -0.01952 0.01234 -0.01452
v -0.01951 0.01251 -0.01396
v -0.01982 0.01251 -0.01262
v -0.01976 0.01239 -0.01105
v -0.01943 0.01255 -0.01053
v -0.01992 0.01231 -0.00890
v -0.01985 0.01287 -0.00829
v -0.02020 0.01251 -0.00715
v -0.01966 0.01255 -0.00536
v -0.02003 0.01211 -0.00348
v -0.01934 0.01323 -0.00785
v -0.01817 -0.01323 -0.01527
v -0.01840 -0.01342 -0.01336
v -0.01883 -0.01330 -0.01243
v -0.01858 -0.01358 -0.01042
v -0.01822 -0.01376 -0.00850
v -0.01908 -0.01337 -0.00755
v -0.01888 -0.01330 -0.00461
v -0.01806 -0.01355 -0.00320
v -0.01833 -0.01227 -0.01778
v -0.01863 -0.01251 -0.01657
v -0.01872 -0.01259 -0.01490
v -0.01826 -0.01246 -0.01402
v -0.01869 -0.01260 -0.01257
v -0.01894 -0.01252 -0.00910
v -0.01867 -0.01268 -0.00737
v -0.01901 -0.01246 -0.00713
v -0.01884 -0.01315 -0.00332
v -0.01813 -0.01144 -0.01943
v -0.01858 -0.01108 -0.01900
v -0.01917 -0.01145 -0.01734
v -0.01858 -0.01117 -0.01678
v -0.01889 -0.01194 -0.01409
v -0.01855 -0.01020 -0.01967
v -0.01855 -0.01045 -0.01825
v -0.01882 -0.00970 -0.01760
v -0.01900 -0.01063 -0.01649
v -0.01814 -0.00986 -0.00017
v -0.01834 -0.01004 0.00048
v -0.01804 -0.00974 0.00424
v -0.01808 -0.00900 -0.02075
v -0.01876 -0.00900 -0.01961
v -0.01915 -0.00900 -0.01698
v -0.01828 -0.00918 -0.00022
v -0.01857 -0.00906 0.00034
v -0.01825 -0.00906 0.00438
v -0.01876 -0.00768 -0.01961
v -0.01835 -0.00826 0.00447
v -0.01865 -0.00600 -0.01980
v -0.01890 -0.00600 -0.01756
v -0.01846 -0.00446 -0.00017
v -0.01843 -0.00414 0.00458
v -0.01825 -0.00414 0.00488
v -0.01876 -0.00300 -0.01961
v -0.01907 -0.00300 -0.01717
v -0.01876 -0.00050 -0.01961
v -0.01907 -0.00050 -0.01717
v -0.01840 -0.00001 -0.00037
v -0.01848 -0.00000 0.00451
v -0.01819 -0.00001 0.00504
v -0.01876 0.00050 -0.01961
v -0.01907 0.00050 -0.01717
v -0.01843 0.00001 -0.00036
v -0.01867 0.00000 0.00031
v -0.01844 0.00001 0.00469
v -0.01826 0.00002 0.00499
v -0.01876 0.00307 -0.01961
v -0.01907 0.00300 -0.01717
v -0.01845 0.00446 -0.00018
v -0.01843 0.00414 0.00458
v -0.01825 0.00414 0.00488
v -0.01805 0.00600 -0.02080
v -0.01903 0.00600 -0.01726
v -0.01876 0.00738 -0.01961
v -0.01835 0.00826 0.00447
v -0.01851 0.00900 -0.02004
v -0.01877 0.00900 -0.01784
v -0.01828 0.00913 -0.00022
v -0.01856 0.00912 0.00040
v -0.01820 0.00924 0.00439
v -0.01869 0.00999 -0.01952
v -0.01861 0.01036 -0.01848
v -0.01900 0.00970 -0.01718
v -0.01911 0.01041 -0.01644
v -0.01819 0.00972 -0.00018
v -0.01837 0.00995 0.00043
v -0.01812 0.01146 -0.01943
v -0.01878 0.01146 -0.01817
v -0.01847 0.01142 -0.01738
v -0.01887 0.01119 -0.01600
v -0.01881 0.01179 -0.01480
v -0.01915 0.01194 -0.00374
v -0.01841 0.01233 -0.01744
v -0.01860 0.01266 -0.01617
v -0.01852 0.01219 -0.01442
v -0.01881 0.01265 -0.01386
v -0.01856 0.01270 -0.01041
v -0.01876 0.01261 -0.00886
v -0.01858 0.01274 -0.00822
v -0.01867 0.01252 -0.00525
v -0.01888 0.01219 -0.00374
v -0.01836 0.01249 -0.00328
v -0.01878 0.01323 -0.01322
v -0.01854 0.01344 -0.01250
v -0.01907 0.01336 -0.00982
v -0.01834 0.01371 -0.00935
v -0.01890 0.01345 -0.00730
v -0.01874 0.01337 -0.00454
v -0.01716 -0.01330 -0.01738
v -0.01738 -0.01358 -0.01550
v -0.01735 -0.01380 -0.01357
v -0.01762 -0.01382 -0.01218
v -0.01705 -0.01397 -0.01098
v -0.01736 -0.01391 -0.01022
v -0.01722 -0.01396 -0.00881
v -0.01797 -0.01382 -0.00728
v -0.01767 -0.01382 -0.00484
v -0.01728 -0.01382 -0.00309
v -0.01719 -0.01234 -0.01976
v -0.01728 -0.01298 -0.01818
v -0.01740 -0.01238 -0.01758
v -0.01716 -0.01289 -0.01477
v -0.01712 -0.01308 -0.01281
v -0.01749 -0.01309 -0.01004
v -0.01763 -0.01308 -0.00789
v -0.01739 -0.01144 -0.02065
v -0.01791 -0.01175 -0.01944
v -0.01739 -0.01141 -0.01883
v -0.01784 -0.01168 -0.01753
v -0.01734 -0.01099 -0.00001
v -0.01743 -0.01114 0.00056
v -0.01707 -0.01047 -0.02182
v -0.01771 -0.00997 -0.02113
v -0.01747 -0.01029 -0.00028
v -0.01789 -0.01078 0.00077
v -0.01729 -0.01049 0.00449
v -0.01723 -0.01012 0.00494
v -0.01690 -0.00892 -0.02242
v -0.01728 -0.00930 -0.02049
v -0.01759 -0.00874 -0.02002
v -0.01756 -0.00911 -0.00047
v -0.01748 -0.00920 0.00508
v -0.01778 -0.00742 -0.02121
v -0.01777 -0.00827 0.00505
v -0.01780 -0.00622 -0.01967
v -0.01770 -0.00446 -0.00060
v -0.01783 -0.00415 0.00515
v -0.01694 -0.00310 -0.02237
v -0.01757 -0.00300 -0.02006
v -0.01694 -0.00050 -0.02237
v -0.01757 -0.00050 -0.02006
v -0.01771 -0.00002 -0.00073
v -0.01779 -0.00001 0.00528
v -0.01694 0.00050 -0.02237
v -0.01757 0.00050 -0.02006
v -0.01772 0.00003 -0.00073
v -0.01783 0.00002 0.00526
v -0.01694 0.00300 -0.02237
v -0.01757 0.00300 -0.02006
v -0.01772 0.00446 -0.00060
v -0.01779 0.00415 0.00516
v -0.01694 0.00611 -0.02237
v -0.01731 0.00600 -0.02047
v -0.01754 0.00643 -0.02010
v -0.01777 0.00827 0.00505
v -0.01700 0.00900 -0.02229
v -0.01774 0.00895 -0.01976
v -0.01758 0.00906 -0.00047
v -0.01750 0.00916 0.00508
v -0.01694 0.01026 -0.02211
v -0.01779 0.01022 -0.02091
v -0.01749 0.01022 -0.00030
v -0.01795 0.01071 0.00056
v -0.01741 0.01039 0.00447
v -0.01745 0.00990 0.00494
v -0.01726 0.01139 -0.02086
v -0.01751 0.01083 -0.00004
v -0.01730 0.01123 0.00056
v -0.01686 0.01086 0.00440
v -0.01723 0.01234 -0.01971
v -0.01725 0.01269 -0.01896
v -0.01777 0.01233 -0.01597
v -0.01725 0.01278 -0.01534
v -0.01777 0.01278 -0.01369
v -0.01724 0.01306 -0.01272
v -0.01754 0.01309 -0.00985
v -0.01746 0.01310 -0.00768
v -0.01730 0.01309 -0.00492
v -0.01787 0.01284 -0.00397
v -0.01746 0.01290 -0.00309
v -0.01685 0.01323 -0.01826
v -0.01712 0.01333 -0.01736
v -0.01751 0.01362 -0.01469
v -0.01690 0.01389 -0.01398
v -0.01761 0.01383 -0.01203
v -0.01695 0.01397 -0.01159
v -0.01791 0.01383 -0.00974
v -0.01723 0.01395 -0.00893
v -0.01707 0.01398 -0.00733
v -0.01759 0.01389 -0.00690
v -0.01762 0.01383 -0.00485
v -0.01756 0.01380 -0.00417
v -0.01573 -0.01323 -0.02008
v -0.01611 -0.01355 -0.01828
v -0.01606 -0.01382 -0.01684
v -0.01615 -0.01390 -0.01564
v -0.01603 -0.01399 -0.01389
v -0.01625 -0.01400 -0.01231
v -0.01633 -0.01400 -0.01193
v -0.01658 -0.01400 -0.01021
v -0.01666 -0.01400 -0.00763
v -0.01635 -0.01400 -0.00500
v -0.01601 -0.01399 -0.00289
v -0.01593 -0.01251 -0.02133
v -0.01638 -0.01259 -0.01983
v -0.01614 -0.01246 -0.01890
v -0.01649 -0.01268 -0.01751
v -0.01613 -0.01315 -0.01487
v -0.01621 -0.01320 -0.01279
v -0.01675 -0.01320 -0.00810
v -0.01613 -0.01135 -0.02194
v -0.01672 -0.01194 -0.01912
v -0.01584 -0.01101 -0.00013
v -0.01617 -0.01165 0.00059
v -0.01587 -0.01153 0.00240
v -0.01636 -0.01103 0.00445
v -0.01590 -0.01095 0.00494
v -0.01604 -0.01012 -0.02327
v -0.01575 -0.00970 -0.02250
v -0.01643 -0.01040 -0.02130
v -0.01650 -0.01054 -0.00030
v -0.01622 -0.01030 0.00524
v -0.01616 -0.00900 -0.02334
v -0.01632 -0.00917 -0.02186
v -0.01633 -0.00600 -0.02315
v -0.01584 -0.00600 -0.02248
v -0.01567 -0.00300 -0.02269
v -0.01567 -0.00050 -0.02269
v -0.01567 0.00050 -0.02269
v -0.01567 0.00300 -0.02269
v -0.01639 0.00600 -0.02238
v -0.01638 0.00919 -0.02307
v -0.01564 0.00900 -0.02272
v -0.01572 0.01062 -0.02343
v -0.01604 0.00970 -0.02214
v -0.01633 0.01041 -0.02145
v -0.01642 0.01060 -0.00028
v -0.01631 0.01034 0.00519
v -0.01567 0.01146 -0.02292
v -0.01597 0.01145 -0.02256
v -0.01622 0.01119 -0.02097
v -0.01647 0.01179 -0.01979
v -0.01596 0.01103 -0.00013
v -0.01616 0.01166 0.00059
v -0.01587 0.01153 0.00240
v -0.01612 0.01108 0.00454
v -0.01591 0.01087 0.00504
v -0.01604 0.01207 -0.02182
v -0.01593 0.01268 -0.02099
v -0.01628 0.01219 -0.01935
v -0.01612 0.01259 -0.01848
v -0.01565 0.01299 -0.01759
v -0.01650 0.01310 -0.01467
v -0.01578 0.01320 -0.01423
v -0.01663 0.01318 -0.01231
v -0.01671 0.01320 -0.00961
v -0.01641 0.01320 -0.00490
v -0.01672 0.01317 -0.00424
v -0.01620 0.01318 -0.00290
v -0.01620 0.01374 -0.01708
v -0.01601 0.01400 -0.01379
v -0.01655 0.01399 -0.01213
v -0.01633 0.01400 -0.01193
v -0.01659 0.01400 -0.01008
v -0.01666 0.01400 -0.00763
v -0.01636 0.01400 -0.00503
v -0.01644 0.01399 -0.00410
v -0.01596 0.01399 -0.00289
v -0.01490 -0.01358 -0.02010
v -0.01504 -0.01389 -0.01818
v -0.01487 -0.01400 -0.01626
v -0.01538 -0.01400 -0.01510
v -0.01494 -0.01230 -0.02238
v -0.01488 -0.01289 -0.01934
v -0.01506 -0.01312 -0.01735
v -0.01480 -0.01118 -0.02365
v -0.01482 -0.01168 -0.02218
v -0.01555 -0.01180 0.00107
v -0.01507 -0.01020 -0.02432
v -0.01511 -0.01049 -0.02291
v -0.01509 -0.01030 0.00545
v -0.01475 -0.00900 -0.02485
v -0.01475 -0.00827 -0.02485
v -0.01486 -0.00600 -0.02474
v -0.01444 -0.00645 -0.00008
v -0.01471 -0.00546 -0.00246
v -0.01506 -0.00546 -0.00020
v -0.01498 -0.00438 -0.00248
v -0.01533 -0.00438 -0.00027
v -0.01475 -0.00300 -0.02485
v -0.01476 -0.00300 -0.02370
v -0.01475 -0.00050 -0.02485
v -0.01476 -0.00050 -0.02370
v -0.01511 -0.00000 -0.00238
v -0.01542 -0.00000 -0.00041
v -0.01475 0.00050 -0.02485
v -0.01476 0.00050 -0.02370
v -0.01475 0.00310 -0.02485
v -0.01476 0.00300 -0.02370
v -0.01498 0.00438 -0.00248
v -0.01533 0.00438 -0.00027
v -0.01481 0.00525 -0.00247
v -0.01516 0.00528 -0.00022
v -0.01475 0.00678 -0.02485
v -0.01444 0.00602 -0.00243
v -0.01459 0.00627 -0.00011
v -0.01468 0.00908 -0.02460
v -0.01518 0.00999 -0.02426
v -0.01506 0.01028 -0.02306
v -0.01471 0.01146 -0.02397
v -0.01520 0.01117 -0.02230
v -0.01524 0.01174 -0.02160
v -0.01507 0.01251 -0.02241
v -0.01526 0.01219 -0.02084
v -0.01477 0.01279 -0.01987
v -0.01540 0.01284 -0.01880
v -0.01515 0.01315 -0.01698
v -0.01558 0.01342 -0.01971
v -0.01494 0.01382 -0.01883
v -0.01521 0.01398 -0.01633
v -0.01538 0.01400 -0.01510
v -0.01389 -0.01335 -0.02207
v -0.01336 -0.01382 -0.02095
v -0.01372 -0.01390 -0.01992
v -0.01384 -0.01400 -0.01833
v -0.01420 -0.01399 -0.01787
v -0.01362 -0.01234 -0.02416
v -0.01378 -0.01269 -0.02202
v -0.01406 -0.01312 -0.01923
v -0.01362 -0.01318 -0.01910
v -0.01397 -0.01156 -0.02460
v -0.01353 -0.01181 -0.02341
v -0.01382 -0.00997 -0.02557
v -0.01422 -0.00900 -0.02535
v -0.01381 -0.00891 -0.02463
v -0.01370 -0.00757 -0.02581
v -0.01423 -0.00622 -0.02424
v -0.01384 -0.00664 -0.00236
v -0.01401 -0.00680 -0.00000
v -0.01353 -0.00706 0.00008
v -0.01418 0.00600 -0.02539
v -0.01374 0.00626 -0.02470
v -0.01385 0.00663 -0.00236
v -0.01377 0.00693 0.00004
v -0.01367 0.00745 -0.02584
v -0.01400 0.00873 -0.02446
v -0.01402 0.01022 -0.02533
v -0.01321 0.01108 -0.02564
v -0.01359 0.01161 -0.02493
v -0.01367 0.01234 -0.02412
v -0.01393 0.01269 -0.02336
v -0.01399 0.01316 -0.01876
v -0.01387 0.01335 -0.02206
v -0.01329 0.01383 -0.02097
v -0.01374 0.01400 -0.01826
v -0.01421 0.01399 -0.01786
v -0.01212 -0.01323 -0.02410
v -0.01257 -0.01371 -0.02235
v -0.01236 -0.01400 -0.02009
v -0.01211 -0.01251 -0.02527
v -0.01297 -0.01269 -0.02428
v -0.01274 -0.01243 -0.02319
v -0.01244 -0.01308 -0.02144
v -0.01261 -0.01144 -0.02589
v -0.01316 -0.01195 0.00141
v -0.01261 -0.01049 -0.02573
v -0.01235 -0.00913 -0.02688
v -0.01224 -0.00918 -0.02596
v -0.01233 -0.00727 -0.00214
v -0.01259 -0.00728 0.00023
v -0.01316 -0.00706 -0.00226
v -0.01222 -0.00310 -0.02698
v -0.01235 -0.00300 -0.02588
v -0.01222 -0.00050 -0.02698
v -0.01235 -0.00050 -0.02588
v -0.01211 -0.00045 0.00618
v -0.01222 0.00050 -0.02698
v -0.01235 0.00050 -0.02588
v -0.01211 0.00100 0.00616
v -0.01209 0.00128 0.00616
v -0.01222 0.00307 -0.02698
v -0.01235 0.00300 -0.02588
v -0.01251 0.00600 -0.02677
v -0.01309 0.00709 -0.00225
v -0.01224 0.00728 -0.00212
v -0.01265 0.00727 0.00022
v -0.01220 0.00925 -0.02699
v -0.01300 0.00900 -0.02639
v -0.01271 0.01020 -0.02643
v -0.01260 0.01035 -0.02593
v -0.01209 0.01127 -0.02525
v -0.01279 0.01138 -0.02454
v -0.01295 0.01194 -0.02380
v -0.01209 0.01250 -0.02528
v -0.01215 0.01298 -0.02454
v -0.01289 0.01226 -0.02336
v -0.01261 0.01285 -0.02227
v -0.01237 0.01315 -0.02095
v -0.01207 0.01342 -0.02369
v -0.01275 0.01397 -0.02042
v -0.01266 0.01398 -0.02021
v -0.01132 -0.01358 -0.02390
v -0.01134 -0.01396 -0.02189
v -0.01116 -0.01400 -0.02158
v -0.01121 -0.01207 -0.02642
v -0.01100 -0.01251 -0.02609
v -0.01150 -0.01289 -0.02316
v -0.01166 -0.01320 -0.02096
v -0.01157 -0.01145 -0.02587
v -0.01133 -0.01014 -0.02692
v -0.01161 -0.00600 -0.02697
v -0.01191 -0.00600 -0.02721
v -0.01127 -0.00261 0.00625
v -0.01187 -0.00192 0.00618
v -0.01186 0.00193 0.00618
v -0.01125 0.00263 0.00626
v -0.01187 0.00600 -0.02625
v -0.01156 0.00900 -0.02690
v -0.01116 0.01046 -0.02710
v -0.01189 0.00970 -0.02616
v -0.01159 0.01146 -0.02665
v -0.01113 0.01141 -0.02583
v -0.01149 0.01229 -0.02597
v -0.01143 0.01233 -0.02450
v -0.01120 0.01289 -0.02340
v -0.01091 0.01314 -0.02258
v -0.01190 0.01371 -0.02298
v -0.01155 0.01390 -0.02228
v -0.01121 0.01400 -0.02153
v -0.01043 -0.01330 -0.02526
v -0.00972 -0.01382 -0.02425
v -0.01022 -0.01390 -0.02342
v -0.01068 -0.01400 -0.02181
v -0.01012 -0.01253 -0.02572
v -0.01073 -0.01312 -0.02284
v -0.01034 -0.01318 -0.02260
v -0.01015 -0.01135 -0.02735
v -0.01044 -0.01163 -0.02612
v -0.01011 -0.01175 0.00533
v -0.01052 -0.01020 -0.02794
v -0.01077 -0.01054 -0.02667
v -0.01060 -0.00900 -0.02807
v -0.01068 -0.00743 -0.02801
v -0.00979 -0.00600 -0.02761
v -0.01008 -0.00600 -0.02837
v -0.00965 -0.00300 -0.02769
v -0.01030 -0.00298 0.00640
v -0.00965 -0.00050 -0.02769
v -0.00965 0.00050 -0.02769
v -0.00965 0.00300 -0.02769
v -0.01022 0.00299 0.00641
v -0.01003 0.00900 -0.02840
v -0.00981 0.00930 -0.02759
v -0.01058 0.00999 -0.02795
v -0.01057 0.01035 -0.02685
v -0.01037 0.01077 0.00618
v -0.01026 0.01146 -0.02751
v -0.00986 0.01177 0.00537
v -0.00985 0.01251 -0.02684
v -0.01057 0.01320 -0.02200
v -0.01040 0.01333 -0.02522
v -0.00970 0.01383 -0.02421
v -0.01069 0.01400 -0.02180
v -0.00883 -0.01355 -0.02568
v -0.00897 -0.01400 -0.02316
v -0.00888 -0.01241 -0.02750
v -0.00855 -0.01246 -0.02622
v -0.00882 -0.01299 -0.02472
v -0.00891 -0.01215 0.00169
v -0.00889 -0.01201 0.00385
v -0.00903 -0.01144 -0.02822
v -0.00914 -0.01181 -0.02674
v -0.00877 -0.01144 0.00100
v -0.00885 -0.01196 0.00131
v -0.00880 -0.01182 0.00570
v -0.00889 -0.01120 0.00631
v -0.00861 -0.00975 -0.02908
v -0.00925 -0.01020 -0.02866
v -0.00920 -0.00894 -0.02832
v -0.00941 -0.00659 -0.02828
v -0.00942 -0.00313 -0.02873
v -0.00840 -0.00177 -0.01606
v -0.00860 -0.00152 -0.01553
v -0.00942 -0.00050 -0.02873
v -0.00854 -0.00100 -0.01611
v -0.00869 -0.00100 -0.01554
v -0.00942 0.00050 -0.02873
v -0.00854 0.00100 -0.01611
v -0.00869 0.00100 -0.01554
v -0.00840 0.00177 -0.01606
v -0.00861 0.00148 -0.01553
v -0.00942 0.00304 -0.02873
v -0.00925 0.00600 -0.02882
v -0.00914 0.00624 -0.02827
v -0.00942 0.00831 -0.02873
v -0.00934 0.00887 -0.02832
v -0.00925 0.01022 -0.02865
v -0.00887 0.01161 -0.02819
v -0.00847 0.01194 -0.02697
v -0.00923 0.01183 0.00546
v -0.00890 0.01241 -0.02695
v -0.00874 0.01259 -0.02585
v -0.00875 0.01306 -0.02458
v -0.00861 0.01318 -0.02386
v -0.00864 0.01219 0.00207
v -0.00889 0.01201 0.00386
v -0.00948 0.01323 -0.02602
v -0.00952 0.01372 -0.02474
v -0.00923 0.01398 -0.02345
v -0.00760 -0.01323 -0.02704
v -0.00757 -0.01396 -0.02464
v -0.00823 -0.01400 -0.02365
v -0.00742 -0.01251 -0.02811
v -0.00824 -0.01265 -0.02693
v -0.00758 -0.01274 -0.02620
v -0.00797 -0.01320 -0.02390
v -0.00759 -0.01224 0.00223
v -0.00774 -0.01144 -0.02884
v -0.00754 -0.01099 0.00662
v -0.00789 -0.01047 -0.02922
v -0.00760 -0.01040 -0.02845
v -0.00737 -0.00900 -0.02969
v -0.00740 -0.00939 -0.02879
v -0.00754 -0.00261 -0.01618
v -0.00787 -0.00259 -0.01541
v -0.00764 -0.00177 -0.01718
v -0.00816 -0.00177 -0.01656
v -0.00833 -0.00214 -0.01549
v -0.00771 -0.00100 -0.01730
v -0.00829 -0.00100 -0.01662
v -0.00771 0.00100 -0.01730
v -0.00829 0.00100 -0.01662
v -0.00764 0.00177 -0.01718
v -0.00816 0.00177 -0.01656
v -0.00833 0.00214 -0.01549
v -0.00752 0.00263 -0.01617
v -0.00785 0.00261 -0.01541
v -0.00728 0.00600 -0.02973
v -0.00800 0.00900 -0.02942
v -0.00774 0.01027 -0.02936
v -0.00744 0.01041 -0.02853
v -0.00825 0.01108 -0.02881
v -0.00758 0.01119 -0.02805
v -0.00832 0.01167 -0.02733
v -0.00821 0.01185 0.00584
v -0.00826 0.01125 0.00641
v -0.00727 0.01250 -0.02818
v -0.00751 0.01298 -0.02747
v -0.00796 0.01284 -0.02577
v -0.00766 0.01342 -0.02664
v -0.00764 0.01380 -0.02557
v -0.00742 0.01399 -0.02443
v -0.00823 0.01400 -0.02365
v -0.00687 -0.01358 -0.02664
v -0.00620 -0.01383 -0.02615
v -0.00706 -0.01400 -0.02445
v -0.00611 -0.01207 -0.02905
v -0.00614 -0.01251 -0.02863
v -0.00680 -0.01305 -0.02565
v -0.00627 -0.01318 -0.02514
v -0.00684 -0.01145 -0.02921
v -0.00649 -0.01145 -0.02831
v -0.00623 -0.01006 -0.02966
v -0.00639 -0.00900 -0.03006
v -0.00703 -0.00919 -0.02931
v -0.00639 -0.00608 -0.03006
v -0.00654 -0.00600 -0.02958
v -0.00639 -0.00300 -0.03006
v -0.00672 -0.00300 -0.02909
v -0.00675 -0.00241 -0.01722
v -0.00639 -0.00292 -0.01627
v -0.00666 -0.00300 -0.01538
v -0.00663 -0.00177 -0.01777
v -0.00639 -0.00050 -0.03006
v -0.00672 -0.00050 -0.02909
v -0.00671 -0.00100 -0.01789
v -0.00639 0.00050 -0.03006
v -0.00672 0.00050 -0.02909
v -0.00671 0.00100 -0.01789
v -0.00665 0.00177 -0.01776
v -0.00639 0.00310 -0.03006
v -0.00672 0.00300 -0.02909
v -0.00672 0.00241 -0.01724
v -0.00642 0.00292 -0.01626
v -0.00671 0.00300 -0.01523
v -0.00680 0.00600 -0.02906
v -0.00644 0.00894 -0.03005
v -0.00651 0.00913 -0.02961
v -0.00645 0.01024 -0.02940
v -0.00650 0.01146 -0.02934
v -0.00620 0.01141 -0.02846
v -0.00705 0.01149 0.00127
v -0.00621 0.01107 0.00683
v -0.00657 0.01229 -0.02867
v -0.00684 0.01244 -0.02705
v -0.00685 0.01310 -0.02544
v -0.00664 0.01320 -0.02462
v -0.00716 0.01214 0.00179
v -0.00701 0.01400 -0.02435
v -0.00579 -0.01330 -0.02767
v -0.00537 -0.01382 -0.02652
v -0.00522 -0.01399 -0.02542
v -0.00564 -0.01400 -0.02500
v -0.00556 -0.01250 -0.02883
v -0.00523 -0.01252 -0.02802
v -0.00497 -0.01260 -0.02755
v -0.00597 -0.01204 0.00594
v -0.00496 -0.01123 -0.02964
v -0.00545 -0.01163 -0.02856
v -0.00521 -0.01020 -0.03030
v -0.00566 -0.01049 -0.02918
v -0.00503 -0.00760 -0.03050
v -0.00538 -0.00258 -0.01724
v -0.00557 -0.00300 -0.01606
v -0.00526 -0.00128 -0.01802
v -0.00547 -0.00191 -0.01782
v -0.00560 -0.00100 -0.01806
v -0.00555 0.00100 -0.01806
v -0.00526 0.00128 -0.01802
v -0.00548 0.00191 -0.01782
v -0.00539 0.00261 -0.01720
v -0.00570 0.00300 -0.01606
v -0.00501 0.00744 -0.03051
v -0.00542 0.01014 -0.03023
v -0.00554 0.01028 -0.02928
v -0.00507 0.01146 -0.02982
v -0.00484 0.01251 -0.02906
v -0.00577 0.01205 0.00597
v -0.00578 0.01333 -0.02764
v -0.00510 0.01377 -0.02677
v -0.00498 0.01398 -0.02555
v -0.00564 0.01400 -0.02500
v -0.00424 -0.01342 -0.02796
v -0.00373 -0.01371 -0.02742
v -0.00373 -0.01234 -0.02952
v -0.00442 -0.01291 -0.02701
v -0.00378 -0.01317 -0.02605
v -0.00369 -0.01144 -0.03019
v -0.00433 -0.01170 -0.02931
v -0.00385 -0.01194 -0.02874
v -0.00381 -0.01117 0.00720
v -0.00380 -0.01020 -0.03067
v -0.00366 -0.00900 -0.03085
v -0.00401 -0.00856 -0.02995
v -0.00452 -0.00600 -0.03064
v -0.00422 -0.00622 -0.02989
v -0.00361 -0.00300 -0.03004
v -0.00361 -0.00050 -0.03004
v -0.00361 0.00050 -0.03004
v -0.00361 0.00300 -0.03004
v -0.00367 0.00622 -0.03044
v -0.00413 0.00879 -0.03036
v -0.00434 0.00917 -0.02986
v -0.00380 0.01022 -0.03066
v -0.00369 0.01146 -0.03018
v -0.00399 0.01256 -0.02922
v -0.00371 0.01238 -0.02826
v -0.00407 0.01285 -0.02729
v -0.00426 0.01315 -0.02613
v -0.00455 0.01323 -0.02822
v -0.00247 -0.01323 -0.02872
v -0.00333 -0.01389 -0.02688
v -0.00284 -0.01400 -0.02606
v -0.00326 -0.01269 -0.02927
v -0.00324 -0.01252 -0.02815
v -0.00263 -0.01000 -0.03062
v -0.00343 -0.00915 -0.03008
v -0.00320 -0.00735 -0.03095
v -0.00320 -0.00307 -0.03095
v -0.00320 -0.00050 -0.03095
v -0.00320 0.00050 -0.03095
v -0.00320 0.00300 -0.03095
v -0.00325 0.00600 -0.03061
v -0.00320 0.00772 -0.03095
v -0.00320 0.00900 -0.03095
v -0.00290 0.01136 -0.03039
v -0.00298 0.01155 -0.02927
v -0.00244 0.01121 0.00742
v -0.00338 0.01219 -0.02859
v -0.00315 0.01284 -0.02758
v -0.00316 0.01237 0.00289
v -0.00275 0.01358 -0.02796
v -0.00294 0.01386 -0.02708
v -0.00288 0.01400 -0.02604
v -0.00187 -0.01358 -0.02814
v -0.00135 -0.01383 -0.02749
v -0.00216 -0.01251 -0.02968
v -0.00197 -0.01308 -0.02702
v -0.00198 -0.01231 0.00274
v -0.00181 -0.01228 0.00522
v -0.00215 -0.01214 0.00672
v -0.00229 -0.01144 -0.03047
v -0.00137 -0.01117 -0.02983
v -0.00187 -0.01165 0.00209
v -0.00223 -0.01187 0.00717
v -0.00226 -0.01139 0.00741
v -0.00192 -0.01063 -0.03040
v -0.00157 -0.00900 -0.03121
v -0.00164 -0.00918 -0.03039
v -0.00147 0.00600 -0.03123
v -0.00188 0.01023 -0.03058
v -0.00187 0.01127 -0.02970
v -0.00232 0.01187 0.00716
v -0.00234 0.01146 0.00739
v -0.00146 0.01207 -0.03017
v -0.00181 0.01244 -0.02917
v -0.00187 0.01269 -0.02814
v -0.00216 0.01310 -0.02696
v -0.00217 0.01320 -0.02613
v -0.00181 0.01228 0.00522
v -0.00218 0.01213 0.00672
v -0.00070 -0.01330 -0.02885
v -0.00058 -0.01382 -0.02762
v -0.00094 -0.01397 -0.02681
v -0.00045 -0.01400 -0.02631
v -0.00052 -0.01207 -0.03027
v -0.00034 -0.01239 -0.02960
v -0.00107 -0.01240 0.00322
v -0.00117 -0.01145 -0.03062
v -0.00035 -0.01168 -0.02956
v -0.00030 -0.01024 -0.03063
v -0.00112 -0.00945 -0.03125
v -0.00073 -0.00600 -0.03130
v -0.00086 -0.00600 -0.03049
v -0.00040 -0.00300 -0.03053
v -0.00040 -0.00050 -0.03053
v -0.00040 0.00050 -0.03053
v -0.00040 0.00300 -0.03053
v -0.00117 0.00600 -0.03046
v -0.00083 0.00920 -0.03128
v -0.00055 0.00900 -0.03052
v -0.00017 0.01053 -0.03050
v -0.00088 0.01146 -0.03064
v -0.00075 0.01141 -0.02972
v -0.00080 0.01251 -0.02985
v -0.00107 0.01240 0.00322
v -0.00070 0.01333 -0.02881
v -0.00006 0.01383 -0.02763
v -0.00045 0.01390 -0.02723
v -0.00045 0.01400 -0.02631
v 0.00101 -0.01342 -0.02873
v 0.00004 -0.01400 -0.02635
v 0.00050 -0.01298 -0.02940
v 0.00022 -0.01261 -0.02851
v 0.00088 -0.01312 -0.02706
v 0.00071 -0.01241 0.00350
v 0.00060 -0.01109 -0.03055
v 0.00034 -0.01122 0.00785
v 0.00052 -0.01020 -0.03124
v 0.00002 -0.01048 -0.03029
v 0.00008 -0.00900 -0.03136
v 0.00008 -0.00632 -0.03136
v 0.00008 -0.00300 -0.03136
v 0.00008 -0.00050 -0.03136
v 0.00008 0.00050 -0.03136
v 0.00008 0.00307 -0.03136
v 0.00008 0.00829 -0.03136
v 0.00066 0.00994 -0.03129
v 0.00030 0.01025 -0.03080
v 0.00054 0.01146 -0.03073
v 0.00057 0.01251 -0.02995
v 0.00100 0.01285 -0.02805
v 0.00052 0.01315 -0.02697
v 0.00078 0.01323 -0.02906
v 0.00031 0.01358 -0.02838
v 0.00004 0.01400 -0.02635
v 0.00137 -0.01371 -0.02808
v 0.00175 -0.01396 -0.02689
v 0.00184 -0.01400 -0.02639
v 0.00191 -0.01234 -0.03011
v 0.00209 -0.01245 -0.02946
v 0.00169 -0.01246 -0.02877
v 0.00193 -0.01218 0.00718
v 0.00162 -0.01160 -0.03066
v 0.00145 -0.01182 -0.02951
v 0.00198 -0.01020 -0.03124
v 0.00232 -0.00900 -0.03137
v 0.00195 -0.00876 -0.03059
v 0.00143 -0.00600 -0.03140
v 0.00150 -0.00619 -0.03059
v 0.00238 0.00600 -0.03137
v 0.00203 0.00643 -0.03059
v 0.00149 0.00900 -0.03140
v 0.00163 0.00895 -0.03059
v 0.00198 0.01022 -0.03124
v 0.00197 0.01146 -0.03074
v 0.00212 0.01194 -0.02938
v 0.00157 0.01166 0.00263
v 0.00171 0.01121 0.00807
v 0.00184 0.01234 -0.03011
v 0.00167 0.01243 -0.02918
v 0.00197 0.01284 -0.02808
v 0.00149 0.01229 0.00313
v 0.00142 0.01241 0.00361
v 0.00217 0.01217 0.00722
v 0.00228 0.01371 -0.02806
v 0.00185 0.01395 -0.02694
v 0.00184 0.01400 -0.02639
v 0.00292 -0.01323 -0.02901
v 0.00335 -0.01358 -0.02830
v 0.00296 -0.01400 -0.02632
v 0.00291 -0.01269 -0.02970
v 0.00270 -0.01289 -0.02790
v 0.00305 -0.01315 -0.02695
v 0.00339 -0.01144 -0.03066
v 0.00306 -0.00975 -0.03127
v 0.00329 -0.01009 -0.03070
v 0.00250 -0.00930 -0.03055
v 0.00339 -0.00794 -0.03130
v 0.00339 -0.00307 -0.03130
v 0.00285 -0.00300 -0.03054
v 0.00339 -0.00050 -0.03130
v 0.00285 -0.00050 -0.03054
v 0.00339 0.00050 -0.03130
v 0.00285 0.00050 -0.03054
v 0.00339 0.00300 -0.03130
v 0.00285 0.00300 -0.03054
v 0.00339 0.00650 -0.03130
v 0.00246 0.00600 -0.03057
v 0.00339 0.00900 -0.03130
v 0.00343 0.01022 -0.03115
v 0.00293 0.01136 -0.03073
v 0.00276 0.01138 -0.02979
v 0.00321 0.01298 -0.02933
v 0.00334 0.01269 -0.02829
v 0.00271 0.01312 -0.02702
v 0.00267 0.01342 -0.02869
v 0.00296 0.01400 -0.02632
v 0.00452 -0.01330 -0.02870
v 0.00402 -0.01387 -0.02727
v 0.00423 -0.01400 -0.02616
v 0.00468 -0.01251 -0.02970
v 0.00410 -0.01208 0.00771
v 0.00466 -0.01145 -0.03050
v 0.00452 -0.01145 -0.02955
v 0.00374 -0.01156 0.00827
v 0.00475 -0.01113 0.00855
v 0.00388 -0.01062 -0.03051
v 0.00424 -0.00912 -0.03061
v 0.00457 0.00600 -0.03082
v 0.00404 0.01024 -0.03056
v 0.00405 0.01146 -0.02961
v 0.00391 0.01155 0.00830
v 0.00427 0.01207 -0.03015
v 0.00399 0.01234 -0.02936
v 0.00419 0.01208 0.00773
v 0.00452 0.01333 -0.02866
v 0.00442 0.01390 -0.02705
v 0.00423 0.01400 -0.02616
v 0.00558 -0.01252 -0.02948
v 0.00538 -0.01250 -0.02828
v 0.00574 -0.01308 -0.02684
v 0.00571 -0.01320 -0.02593
v 0.00554 -0.01163 -0.02925
v 0.00543 -0.01007 -0.03060
v 0.00567 -0.01049 -0.02989
v 0.00489 -0.00920 -0.03111
v 0.00516 -0.00600 -0.03080
v 0.00520 0.00911 -0.03067
v 0.00573 0.01044 -0.03043
v 0.00562 0.01068 -0.02982
v 0.00494 0.01145 -0.03046
v 0.00510 0.01117 -0.02966
v 0.00564 0.01306 -0.02696
v 0.00524 0.01318 -0.02635
v 0.00552 0.01358 -0.02796
v 0.00496 0.01383 -0.02733
v 0.00628 -0.01342 -0.02812
v 0.00650 -0.01380 -0.02707
v 0.00647 -0.01399 -0.02585
v 0.00695 -0.01246 -0.02798
v 0.00605 -0.01227 0.00400
v 0.00677 -0.01202 0.00797
v 0.00641 -0.01108 -0.03036
v 0.00670 -0.01152 -0.02938
v 0.00701 -0.01194 -0.02861
v 0.00609 -0.01159 0.00334
v 0.00631 -0.01020 -0.03070
v 0.00665 -0.00900 -0.03077
v 0.00665 -0.00738 -0.03077
v 0.00665 -0.00600 -0.03077
v 0.00705 -0.00600 -0.02984
v 0.00636 -0.00300 -0.03043
v 0.00636 -0.00050 -0.03043
v 0.00636 0.00050 -0.03043
v 0.00638 0.00304 -0.03045
v 0.00665 0.00769 -0.03077
v 0.00702 0.00930 -0.02984
v 0.00654 0.00994 -0.03070
v 0.00631 0.01001 -0.02990
v 0.00620 0.01146 -0.03021
v 0.00708 0.01103 0.00892
v 0.00637 0.01269 -0.02916
v 0.00655 0.01259 -0.02785
v 0.00704 0.01284 -0.02725
v 0.00716 0.01320 -0.02550
v 0.00698 0.01201 0.00801
v 0.00614 0.01323 -0.02850
v 0.00691 0.01389 -0.02662
v 0.00644 0.01399 -0.02585
v 0.00820 -0.01323 -0.02789
v 0.00734 -0.01400 -0.02536
v 0.00751 -0.01234 -0.02922
v 0.00764 -0.01263 -0.02824
v 0.00770 -0.01289 -0.02688
v 0.00780 -0.01315 -0.02587
v 0.00758 -0.01144 -0.02987
v 0.00772 -0.01020 -0.03034
v 0.00823 -0.00900 -0.03033
v 0.00781 -0.00891 -0.02962
v 0.00738 -0.00600 -0.03058
v 0.00748 -0.00643 -0.02973
v 0.00779 -0.00298 0.00925
v 0.00789 0.00297 0.00926
v 0.00829 0.00600 -0.03032
v 0.00793 0.00624 -0.02959
v 0.00744 0.00900 -0.03057
v 0.00755 0.00875 -0.02970
v 0.00772 0.01022 -0.03033
v 0.00789 0.01161 -0.02967
v 0.00771 0.01181 -0.02853
v 0.00782 0.01136 0.00356
v 0.00781 0.01176 0.00365
v 0.00732 0.01243 -0.02919
v 0.00734 0.01219 -0.02824
v 0.00805 0.01289 -0.02674
v 0.00749 0.01314 -0.02608
v 0.00755 0.01225 0.00427
v 0.00787 0.01342 -0.02765
v 0.00734 0.01371 -0.02714
v 0.00734 0.01400 -0.02536
v 0.00914 -0.01340 -0.02718
v 0.00875 -0.01387 -0.02594
v 0.00852 -0.01400 -0.02490
v 0.00867 -0.01251 -0.02867
v 0.00894 -0.01144 -0.02942
v 0.00893 -0.00975 -0.03004
v 0.00916 -0.01024 -0.02952
v 0.00941 -0.01063 -0.02872
v 0.00958 -0.00939 -0.02899
v 0.00918 -0.00300 -0.02916
v 0.00873 -0.00266 0.00940
v 0.00939 -0.00192 0.00953
v 0.00918 -0.00050 -0.02916
v 0.00918 0.00050 -0.02916
v 0.00940 0.00190 0.00953
v 0.00918 0.00300 -0.02916
v 0.00875 0.00265 0.00941
v 0.00928 0.01035 -0.02918
v 0.00899 0.01107 -0.02960
v 0.00893 0.01119 -0.02859
v 0.00893 0.01253 -0.02809
v 0.00888 0.01239 -0.02739
v 0.00952 0.01333 -0.02720
v 0.00908 0.01390 -0.02567
v 0.00852 0.01400 -0.02490
v 0.01001 -0.01400 -0.02416
v 0.01056 -0.01400 -0.02385
v 0.01024 -0.01232 -0.02820
v 0.01034 -0.01233 -0.02687
v 0.01042 -0.01280 -0.02589
v 0.01022 -0.01317 -0.02453
v 0.01027 -0.01145 -0.02889
v 0.00988 -0.01145 -0.02800
v 0.01079 -0.01163 -0.02744
v 0.00978 -0.01078 -0.02943
v 0.01052 -0.00970 -0.02854
v 0.01019 -0.00900 -0.02938
v 0.01048 -0.00600 -0.02862
v 0.00981 -0.00307 -0.02977
v 0.01042 -0.00261 -0.01471
v 0.01043 -0.00300 -0.01349
v 0.01052 -0.00178 -0.01535
v 0.00961 -0.00128 0.00958
v 0.00981 -0.00050 -0.02977
v 0.01055 -0.00100 -0.01555
v 0.00962 -0.00100 0.00959
v 0.00962 -0.00000 0.00961
v 0.00981 0.00050 -0.02977
v 0.01055 0.00100 -0.01555
v 0.00962 0.00100 0.00959
v 0.01052 0.00170 -0.01538
v 0.00981 0.00300 -0.02977
v 0.01042 0.00258 -0.01475
v 0.01042 0.00300 -0.01350
v 0.01032 0.00600 -0.02956
v 0.00981 0.00622 -0.02977
v 0.01019 0.00600 -0.02875
v 0.01017 0.00919 -0.02961
v 0.01076 0.00900 -0.02849
v 0.00984 0.01029 -0.02958
v 0.01010 0.00970 -0.02872
v 0.01032 0.01142 -0.02822
v 0.00987 0.01229 -0.02840
v 0.01051 0.01299 -0.02537
v 0.00992 0.01315 -0.02489
v 0.01005 0.01372 -0.02595
v 0.01033 0.01400 -0.02408
v 0.01066 0.01400 -0.02388
v 0.01121 -0.01355 -0.02583
v 0.01106 -0.01389 -0.02466
v 0.01083 -0.01400 -0.02387
v 0.01091 -0.01250 -0.02772
v 0.01111 -0.01298 -0.02700
v 0.01182 -0.01246 -0.02586
v 0.01192 -0.01108 -0.02830
v 0.01176 -0.01141 -0.02711
v 0.01189 -0.01155 0.00918
v 0.01178 -0.01096 0.00965
v 0.01133 -0.01029 -0.02891
v 0.01124 -0.01042 -0.02818
v 0.01177 -0.01079 0.00967
v 0.01170 -0.00730 0.00406
v 0.01100 -0.00600 -0.02926
v 0.01134 -0.00241 -0.01466
v 0.01130 -0.00285 -0.01383
v 0.01143 -0.00291 -0.01273
v 0.01132 -0.00177 -0.01514
v 0.01139 -0.00100 -0.01527
v 0.01137 0.00100 -0.01528
v 0.01136 0.00177 -0.01512
v 0.01134 0.00241 -0.01466
v 0.01130 0.00285 -0.01383
v 0.01130 0.00294 -0.01273
v 0.01170 0.00730 0.00406
v 0.01109 0.00900 -0.02922
v 0.01141 0.01035 -0.02832
v 0.01177 0.01079 0.00967
v 0.01154 0.01146 -0.02827
v 0.01190 0.01161 0.00914
v 0.01180 0.01113 0.00960
v 0.01148 0.01267 -0.02721
v 0.01141 0.01259 -0.02584
v 0.01173 0.01284 -0.02512
v 0.01167 0.01316 -0.02369
v 0.01118 0.01323 -0.02657
v 0.01141 0.01387 -0.02449
v 0.01301 -0.01323 -0.02545
v 0.01303 -0.01358 -0.02462
v 0.01284 -0.01390 -0.02340
v 0.01245 -0.01400 -0.02255
v 0.01269 -0.01234 -0.02691
v 0.01257 -0.01263 -0.02593
v 0.01226 -0.01289 -0.02460
v 0.01210 -0.01315 -0.02360
v 0.01236 -0.01175 -0.02763
v 0.01239 -0.01172 -0.02697
v 0.01313 -0.01199 0.00695
v 0.01272 -0.01147 0.00926
v 0.01246 -0.01101 0.00971
v 0.01305 -0.01020 -0.02801
v 0.01290 -0.01049 0.00984
v 0.01279 -0.00900 -0.02834
v 0.01295 -0.00874 -0.02731
v 0.01279 -0.00797 -0.02834
v 0.01230 -0.00728 0.00175
v 0.01225 -0.00725 0.00415
v 0.01269 -0.00600 -0.02797
v 0.01279 -0.00643 -0.02741
v 0.01315 -0.00709 0.00188
v 0.01278 -0.00709 0.00423
v 0.01246 -0.00300 -0.02806
v 0.01204 -0.00241 -0.01401
v 0.01245 -0.00241 -0.01268
v 0.01202 -0.00177 -0.01469
v 0.01267 -0.00177 -0.01371
v 0.01289 -0.00172 -0.01226
v 0.01246 -0.00050 -0.02806
v 0.01212 -0.00100 -0.01479
v 0.01277 -0.00100 -0.01382
v 0.01306 -0.00100 -0.01246
v 0.01246 0.00050 -0.02806
v 0.01212 0.00100 -0.01479
v 0.01277 0.00100 -0.01382
v 0.01306 0.00100 -0.01239
v 0.01202 0.00177 -0.01469
v 0.01266 0.00177 -0.01374
v 0.01287 0.00177 -0.01229
v 0.01248 0.00304 -0.02808
v 0.01204 0.00241 -0.01401
v 0.01245 0.00241 -0.01271
v 0.01279 0.00709 -0.02834
v 0.01303 0.00643 -0.02726
v 0.01285 0.00706 0.00424
v 0.01239 0.00727 0.00176
v 0.01228 0.00724 0.00415
v 0.01274 0.00912 -0.02800
v 0.01287 0.00873 -0.02735
v 0.01270 0.01001 -0.02825
v 0.01274 0.01047 0.00983
v 0.01279 0.01146 -0.02758
v 0.01270 0.01181 -0.02619
v 0.01313 0.01199 0.00695
v 0.01290 0.01142 0.00926
v 0.01267 0.01093 0.00974
v 0.01248 0.01244 -0.02692
v 0.01227 0.01219 -0.02600
v 0.01257 0.01289 -0.02438
v 0.01263 0.01342 -0.02530
v 0.01245 0.01400 -0.02255
v 0.01402 -0.01330 -0.02455
v 0.01326 -0.01382 -0.02359
v 0.01424 -0.01400 -0.02093
v 0.01354 -0.01251 -0.02616
v 0.01426 -0.01314 -0.02194
v 0.01389 -0.01320 -0.02138
v 0.01401 -0.01214 0.00551
v 0.01400 -0.01144 -0.02682
v 0.01406 -0.01148 0.00461
v 0.01403 -0.01192 0.00489
v 0.01393 -0.01175 0.00744
v 0.01363 -0.01102 0.00939
v 0.01343 -0.01083 0.00969
v 0.01415 -0.00996 -0.02700
v 0.01434 -0.01068 -0.02594
v 0.01423 -0.01033 0.00951
v 0.01364 -0.01015 0.00988
v 0.01368 -0.00900 -0.02780
v 0.01342 -0.00930 -0.02700
v 0.01398 -0.00924 0.00996
v 0.01406 -0.00751 0.01009
v 0.01395 -0.00720 -0.02762
v 0.01390 -0.00663 0.00201
v 0.01371 -0.00645 0.00436
v 0.01431 0.00462 0.01023
v 0.01415 0.00599 0.00441
v 0.01373 0.00600 -0.02777
v 0.01340 0.00600 -0.02703
v 0.01368 0.00677 0.00198
v 0.01351 0.00666 0.00433
v 0.01403 0.00776 -0.02757
v 0.01436 0.00900 -0.02735
v 0.01395 0.00924 0.00998
v 0.01427 0.01022 -0.02722
v 0.01431 0.01048 -0.02607
v 0.01429 0.01022 0.00952
v 0.01369 0.01013 0.00987
v 0.01377 0.01145 -0.02695
v 0.01387 0.01118 -0.02596
v 0.01406 0.01144 0.00461
v 0.01403 0.01192 0.00489
v 0.01398 0.01173 0.00746
v 0.01376 0.01091 0.00941
v 0.01383 0.01272 -0.02566
v 0.01358 0.01233 -0.02488
v 0.01388 0.01315 -0.02209
v 0.01394 0.01214 0.00548
v 0.01400 0.01333 -0.02452
v 0.01354 0.01383 -0.02330
v 0.01323 0.01397 -0.02263
v 0.01427 0.01400 -0.02101
v 0.01548 -0.01342 -0.02300
v 0.01514 -0.01380 -0.02199
v 0.01458 -0.01399 -0.02097
v 0.01465 -0.01251 -0.02535
v 0.01528 -0.01226 -0.02459
v 0.01495 -0.01269 -0.02350
v 0.01447 -0.01303 -0.02238
v 0.01553 -0.01318 -0.02006
v 0.01498 -0.01134 -0.02574
v 0.01510 -0.01168 -0.02454
v 0.01486 -0.01099 0.00466
v 0.01497 -0.01184 0.00544
v 0.01536 -0.01170 0.00604
v 0.01473 -0.01114 0.00788
v 0.01484 -0.01062 -0.02666
v 0.01497 -0.01011 -0.02568
v 0.01540 -0.01068 0.00473
v 0.01530 -0.01025 0.00814
v 0.01444 -0.00997 0.00953
v 0.01549 -0.00900 -0.02652
v 0.01478 -0.00918 -0.02604
v 0.01555 -0.00943 0.00819
v 0.01463 -0.00933 0.00958
v 0.01458 -0.00932 0.00964
v 0.01469 -0.00782 0.00982
v 0.01540 -0.00600 -0.02556
v 0.01449 -0.00602 0.00212
v 0.01485 -0.00525 0.00220
v 0.01450 -0.00525 0.00445
v 0.01502 -0.00438 0.00225
v 0.01467 -0.00438 0.00445
v 0.01531 -0.00475 0.00975
v 0.01553 -0.00310 -0.02649
v 0.01485 -0.00300 -0.02600
v 0.01494 -0.00334 0.01014
v 0.01553 -0.00223 0.00983
v 0.01553 -0.00050 -0.02649
v 0.01485 -0.00050 -0.02600
v 0.01493 -0.00001 0.01033
v 0.01553 0.00050 -0.02649
v 0.01485 0.00050 -0.02600
v 0.01511 0.00000 0.00238
v 0.01480 0.00000 0.00436
v 0.01503 0.00001 0.01027
v 0.01510 0.00156 0.01018
v 0.01553 0.00307 -0.02649
v 0.01485 0.00300 -0.02600
v 0.01502 0.00438 0.00225
v 0.01467 0.00438 0.00445
v 0.01498 0.00469 0.01003
v 0.01475 0.00546 0.00218
v 0.01452 0.00520 0.00445
v 0.01516 0.00587 0.00971
v 0.01549 0.00600 -0.02652
v 0.01516 0.00600 -0.02576
v 0.01553 0.00900 -0.02649
v 0.01555 0.00943 0.00819
v 0.01463 0.00933 0.00958
v 0.01449 0.00931 0.00974
v 0.01504 0.01028 -0.02665
v 0.01466 0.01012 -0.02593
v 0.01532 0.01020 0.00814
v 0.01448 0.00988 0.00954
v 0.01549 0.01145 -0.02569
v 0.01493 0.01141 -0.02494
v 0.01474 0.01119 0.00468
v 0.01526 0.01169 0.00550
v 0.01476 0.01111 0.00789
v 0.01470 0.01229 -0.02555
v 0.01499 0.01285 -0.02252
v 0.01551 0.01314 -0.02063
v 0.01493 0.01320 -0.02029
v 0.01453 0.01206 0.00563
v 0.01518 0.01339 -0.02332
v 0.01476 0.01396 -0.02111
v 0.01625 -0.01391 -0.01979
v 0.01617 -0.01400 -0.01857
v 0.01680 -0.01400 0.00111
v 0.01596 -0.01400 0.00214
v 0.01615 -0.01252 -0.02222
v 0.01589 -0.01305 -0.02071
v 0.01630 -0.01318 0.00222
v 0.01648 -0.01109 -0.02458
v 0.01634 -0.01181 -0.02325
v 0.01583 -0.01127 0.00534
v 0.01598 -0.01119 0.00613
v 0.01640 -0.01026 -0.02555
v 0.01584 -0.01049 -0.02483
v 0.01577 -0.01023 0.00478
v 0.01648 -0.01051 0.00545
v 0.01652 -0.01044 0.00623
v 0.01617 -0.00924 -0.02594
v 0.01638 -0.00952 0.00496
v 0.01676 -0.00946 0.00633
v 0.01595 -0.00947 0.00758
v 0.01607 -0.00600 -0.02605
v 0.01654 -0.00500 0.00476
v 0.01679 -0.00477 0.00483
v 0.01632 -0.00475 0.00801
v 0.01674 -0.00193 0.00471
v 0.01679 -0.00003 0.00467
v 0.01660 -0.00000 0.00801
v 0.01679 0.00005 0.00467
v 0.01671 0.00269 0.00473
v 0.01657 0.00469 0.00476
v 0.01680 0.00470 0.00482
v 0.01632 0.00475 0.00801
v 0.01644 0.00610 0.00478
v 0.01584 0.00911 -0.02578
v 0.01633 0.00947 0.00490
v 0.01675 0.00954 0.00633
v 0.01595 0.00947 0.00758
v 0.01649 0.01048 -0.02538
v 0.01600 0.01027 -0.02477
v 0.01582 0.01017 0.00479
v 0.01653 0.01030 0.00538
v 0.01656 0.01031 0.00625
v 0.01623 0.01146 -0.02505
v 0.01672 0.01194 -0.02267
v 0.01594 0.01120 0.00539
v 0.01590 0.01128 0.00611
v 0.01570 0.01251 -0.02447
v 0.01641 0.01272 -0.02347
v 0.01612 0.01242 -0.02240
v 0.01632 0.01289 -0.02092
v 0.01679 0.01318 -0.01833
v 0.01630 0.01355 -0.02172
v 0.01620 0.01391 -0.01970
v 0.01635 0.01398 -0.01884
v 0.01599 0.01400 0.00215
v 0.01702 -0.01323 -0.02184
v 0.01740 -0.01339 -0.02090
v 0.01739 -0.01397 -0.01734
v 0.01762 -0.01400 -0.01603
v 0.01794 -0.01400 -0.01532
v 0.01743 -0.01400 -0.00037
v 0.01708 -0.01399 0.00061
v 0.01769 -0.01389 0.00138
v 0.01709 -0.01234 -0.02334
v 0.01739 -0.01267 -0.02251
v 0.01749 -0.01308 -0.01832
v 0.01682 -0.01320 -0.01769
v 0.01736 -0.01318 0.00046
v 0.01748 -0.01302 0.00201
v 0.01787 -0.01280 0.00248
v 0.01712 -0.01160 -0.02410
v 0.01762 -0.01020 -0.02442
v 0.01685 -0.00965 0.00561
v 0.01683 -0.00965 0.00612
v 0.01789 -0.00885 -0.02435
v 0.01756 -0.00891 -0.02353
v 0.01687 -0.00956 0.00573
v 0.01756 -0.00614 -0.02433
v 0.01732 -0.00643 -0.02379
v 0.01717 -0.00609 0.00625
v 0.01736 -0.00480 0.00556
v 0.01728 -0.00491 0.00621
v 0.01701 -0.00478 0.00495
v 0.01798 -0.00304 -0.02426
v 0.01727 -0.00300 -0.02384
v 0.01742 -0.00311 0.00617
v 0.01798 -0.00050 -0.02426
v 0.01727 -0.00050 -0.02384
v 0.01706 -0.00001 0.00475
v 0.01752 -0.00001 0.00533
v 0.01754 -0.00000 0.00609
v 0.01798 0.00050 -0.02426
v 0.01727 0.00050 -0.02384
v 0.01701 0.00003 0.00473
v 0.01750 0.00002 0.00524
v 0.01748 0.00209 0.00614
v 0.01798 0.00304 -0.02426
v 0.01727 0.00300 -0.02384
v 0.01723 0.00473 0.00534
v 0.01726 0.00515 0.00622
v 0.01798 0.00649 -0.02426
v 0.01763 0.00626 -0.02346
v 0.01768 0.00898 -0.02432
v 0.01739 0.00873 -0.02372
v 0.01687 0.00953 0.00563
v 0.01685 0.00955 0.00612
v 0.01739 0.01001 -0.02469
v 0.01726 0.01146 -0.02407
v 0.01782 0.01175 -0.02322
v 0.01749 0.01136 -0.02250
v 0.01705 0.01234 -0.02339
v 0.01747 0.01298 -0.02187
v 0.01743 0.01233 -0.02115
v 0.01750 0.01306 -0.01847
v 0.01754 0.01320 -0.01636
v 0.01765 0.01333 -0.02080
v 0.01728 0.01383 -0.01921
v 0.01720 0.01399 -0.01729
v 0.01762 0.01400 -0.01603
v 0.01794 0.01400 -0.01532
v 0.01743 0.01400 -0.00037
v 0.01714 0.01400 0.00020
v 0.01735 0.01383 0.00237
v 0.01839 -0.01367 -0.01832
v 0.01912 -0.01383 -0.01586
v 0.01846 -0.01397 -0.01544
v 0.01864 -0.01400 -0.01329
v 0.01892 -0.01400 -0.01286
v 0.01915 -0.01400 -0.01090
v 0.01915 -0.01400 -0.00594
v 0.01880 -0.01400 -0.00407
v 0.01874 -0.01399 -0.00317
v 0.01832 -0.01399 -0.00180
v 0.01893 -0.01388 -0.00116
v 0.01830 -0.01382 0.00083
v 0.01875 -0.01355 0.00149
v 0.01849 -0.01251 -0.02144
v 0.01848 -0.01254 -0.01971
v 0.01872 -0.01259 -0.01858
v 0.01912 -0.01274 -0.01730
v 0.01844 -0.01309 -0.01637
v 0.01870 -0.01320 -0.01336
v 0.01885 -0.01320 -0.00401
v 0.01878 -0.01315 -0.00192
v 0.01855 -0.01291 0.00071
v 0.01881 -0.01246 0.00206
v 0.01844 -0.01251 0.00253
v 0.01823 -0.01144 -0.02303
v 0.01913 -0.01144 -0.02192
v 0.01854 -0.01145 -0.02109
v 0.01905 -0.01163 -0.02016
v 0.01867 -0.00997 -0.02335
v 0.01866 -0.01050 -0.02231
v 0.01828 -0.00900 -0.02394
v 0.01889 -0.00918 -0.02196
v 0.01832 0.00600 -0.02390
v 0.01918 0.00600 -0.02159
v 0.01860 0.01022 -0.02335
v 0.01868 0.01020 -0.02193
v 0.01830 0.01132 -0.02304
v 0.01817 0.01127 -0.02181
v 0.01875 0.01141 -0.02085
v 0.01850 0.01229 -0.02175
v 0.01849 0.01251 -0.02144
v 0.01847 0.01274 -0.01850
v 0.01870 0.01284 -0.01768
v 0.01836 0.01310 -0.01657
v 0.01883 0.01318 -0.01398
v 0.01905 0.01320 -0.01189
v 0.01843 0.01320 -0.00256
v 0.01901 0.01314 -0.00223
v 0.01895 0.01315 0.00264
v 0.01860 0.01337 -0.01923
v 0.01847 0.01380 -0.01736
v 0.01912 0.01383 -0.01581
v 0.01875 0.01397 -0.01477
v 0.01882 0.01400 -0.01324
v 0.01896 0.01399 -0.01283
v 0.01915 0.01400 -0.01090
v 0.01915 0.01400 -0.00594
v 0.01895 0.01400 -0.00404
v 0.01865 0.01400 -0.00319
v 0.01810 0.01400 -0.00188
v 0.01826 0.01383 0.00080
v 0.01838 0.01345 0.00254
v 0.01997 -0.01323 -0.01732
v 0.01996 -0.01343 -0.01643
v 0.02014 -0.01377 -0.01348
v 0.01981 -0.01389 -0.01305
v 0.01962 -0.01398 -0.01097
v 0.01939 -0.01399 -0.01050
v 0.01932 -0.01400 -0.00862
v 0.01962 -0.01397 -0.00777
v 0.01945 -0.01399 -0.00630
v 0.01970 -0.01397 -0.00582
v 0.02008 -0.01382 -0.00375
v 0.01993 -0.01381 -0.00321
v 0.02002 -0.01358 -0.00129
v 0.01938 -0.01330 0.00141
v 0.01935 -0.01207 -0.02093
v 0.01928 -0.01250 -0.02034
v 0.01983 -0.01263 -0.01796
v 0.01971 -0.01299 -0.01397
v 0.01992 -0.01309 -0.01167
v 0.01972 -0.01317 -0.00876
v 0.01986 -0.01315 -0.00666
v 0.01978 -0.01308 -0.00398
v 0.01981 -0.01289 -0.00202
v 0.01959 -0.01244 0.00065
v 0.01993 -0.01298 0.00139
v 0.02013 -0.01211 0.00285
v 0.01932 -0.01145 -0.02167
v 0.01973 -0.01110 -0.01978
v 0.01967 -0.01181 -0.01886
v 0.02039 -0.01163 0.00104
v 0.01983 -0.01158 0.00213
v 0.01984 -0.01026 -0.02088
v 0.01987 -0.00912 -0.02199
v 0.02014 -0.00600 -0.02163
v 0.01937 -0.00600 -0.02133
v 0.02008 -0.00307 -0.02171
v 0.01936 -0.00300 -0.02135
v 0.02030 -0.00315 0.00312
v 0.02008 -0.00050 -0.02171
v 0.01936 -0.00050 -0.02135
v 0.02026 -0.00025 0.00319
v 0.02008 0.00050 -0.02171
v 0.01936 0.00050 -0.02135
v 0.02027 0.00050 0.00318
v 0.02008 0.00310 -0.02171
v 0.01936 0.00300 -0.02135
v 0.02030 0.00304 0.00312
v 0.01970 0.00600 -0.02223
v 0.02036 0.00676 0.00303
v 0.01988 0.00917 -0.02197
v 0.01980 0.00900 -0.02127
v 0.02039 0.00894 0.00298
v 0.01929 0.01028 -0.02248
v 0.01990 0.01050 -0.02077
v 0.02006 0.01001 -0.02008
v 0.01969 0.01146 -0.02113
v 0.02009 0.01179 -0.01811
v 0.01929 0.01251 -0.02032
v 0.01977 0.01242 -0.01866
v 0.01982 0.01252 -0.01662
v 0.01956 0.01306 -0.01393
v 0.01990 0.01310 -0.01188
v 0.01988 0.01315 -0.00920
v 0.01977 0.01316 -0.00708
v 0.01966 0.01310 -0.00423
v 0.02017 0.01284 -0.00268
v 0.01967 0.01289 -0.00167
v 0.02014 0.01260 -0.00114
v 0.02027 0.01251 0.00190
v 0.01989 0.01236 0.00281
v 0.01957 0.01342 -0.01738
v 0.02025 0.01333 -0.01628
v 0.01991 0.01372 -0.01464
v 0.01990 0.01389 -0.01267
v 0.01941 0.01399 -0.01029
v 0.01946 0.01400 -0.00862
v 0.01961 0.01397 -0.00770
v 0.01920 0.01400 -0.00633
v 0.01960 0.01397 -0.00520
v 0.02026 0.01383 -0.00476
v 0.01971 0.01383 -0.00267
v 0.01929 0.01383 -0.00142
v 0.01934 0.01333 0.00139
v 0.02088 -0.01342 -0.01396
v 0.02066 -0.01374 -0.01126
v 0.02064 -0.01382 -0.00863
v 0.02101 -0.01371 -0.00835
v 0.02078 -0.01373 -0.00617
v 0.02118 -0.01335 -0.00348
v 0.02082 -0.01323 -0.00152
v 0.02048 -0.01330 -0.00096
v 0.02042 -0.01234 -0.01875
v 0.02066 -0.01251 -0.01794
v 0.02123 -0.01251 -0.01669
v 0.02085 -0.01256 -0.01487
v 0.02109 -0.01246 -0.01332
v 0.02106 -0.01256 -0.01268
v 0.02103 -0.01280 -0.00926
v 0.02119 -0.01274 -0.00721
v 0.02057 -0.01299 -0.00689
v 0.02101 -0.01262 -0.00425
v 0.02090 -0.01246 -0.00277
v 0.02119 -0.01265 -0.00205
v 0.02143 -0.01251 -0.00060
v 0.02090 -0.01237 0.00092
v 0.02054 -0.01138 -0.01987
v 0.02138 -0.01144 -0.01829
v 0.02124 -0.01145 -0.01621
v 0.02149 -0.01163 -0.01517
v 0.02153 -0.01194 -0.00271
v 0.02123 -0.01117 -0.00002
v 0.02062 -0.01174 0.00034
v 0.02075 -0.01146 0.00266
v 0.02113 -0.01020 -0.01980
v 0.02138 -0.01043 -0.01729
v 0.02146 -0.00970 0.00080
v 0.02110 -0.01057 0.00154
v 0.02105 -0.01034 0.00304
v 0.02126 -0.00900 -0.01987
v 0.02092 -0.00891 -0.01881
v 0.02124 -0.00907 0.00311
v 0.02112 -0.00776 -0.02011
v 0.02095 -0.00600 -0.01967
v 0.02076 -0.00643 -0.01913
v 0.02105 -0.00300 -0.01858
v 0.02116 -0.00310 0.00325
v 0.02105 -0.00050 -0.01858
v 0.02112 -0.00050 0.00331
v 0.02105 0.00050 -0.01858
v 0.02112 0.00050 0.00331
v 0.02105 0.00300 -0.01858
v 0.02115 0.00305 0.00325
v 0.02117 0.00720 -0.02003
v 0.02097 0.00626 -0.01873
v 0.02127 0.00710 0.00306
v 0.02092 0.00788 0.00204
v 0.02093 0.00909 -0.01957
v 0.02089 0.00856 -0.01888
v 0.02142 0.00900 0.00104
v 0.02091 0.00900 0.00204
v 0.02077 0.00916 0.00291
v 0.02101 0.00999 -0.02008
v 0.02146 0.01041 -0.01715
v 0.02095 0.01028 0.00151
v 0.02129 0.01020 0.00270
v 0.02070 0.01146 -0.01954
v 0.02120 0.01163 -0.01838
v 0.02098 0.01119 -0.01730
v 0.02104 0.01174 -0.01614
v 0.02146 0.01179 -0.00199
v 0.02136 0.01127 -0.00051
v 0.02083 0.01141 0.00047
v 0.02096 0.01146 0.00227
v 0.02058 0.01147 0.00294
v 0.02079 0.01272 -0.01710
v 0.02076 0.01232 -0.01651
v 0.02079 0.01259 -0.01360
v 0.02113 0.01244 -0.01301
v 0.02106 0.01269 -0.01159
v 0.02097 0.01285 -0.00872
v 0.02101 0.01284 -0.00775
v 0.02099 0.01279 -0.00651
v 0.02078 0.01259 -0.00317
v 0.02110 0.01249 -0.00202
v 0.02106 0.01237 -0.00054
v 0.02089 0.01251 0.00067
v 0.02114 0.01323 -0.01427
v 0.02095 0.01355 -0.01245
v 0.02041 0.01383 -0.01108
v 0.02055 0.01383 -0.00978
v 0.02130 0.01358 -0.00941
v 0.02098 0.01371 -0.00744
v 0.02047 0.01383 -0.00618
v 0.02088 0.01358 -0.00420
v 0.02143 0.01323 -0.00358
v 0.02047 0.01349 -0.00197
v 0.02044 0.01333 -0.00098
v 0.02164 -0.01323 -0.01219
v 0.02167 -0.01330 -0.01126
v 0.02166 -0.01342 -0.00871
v 0.02183 -0.01326 -0.00642
v 0.02197 -0.01207 -0.01583
v 0.02174 -0.01251 -0.01534
v 0.02245 -0.01234 -0.01345
v 0.02220 -0.01272 -0.01274
v 0.02268 -0.01251 -0.01140
v 0.02183 -0.01233 -0.00982
v 0.02233 -0.01298 -0.00922
v 0.02196 -0.01257 -0.00767
v 0.02274 -0.01251 -0.00592
v 0.02211 -0.01253 -0.00427
v 0.02204 -0.01240 -0.00208
v 0.02197 -0.01144 -0.01700
v 0.02214 -0.01145 -0.01656
v 0.02205 -0.01110 -0.01462
v 0.02204 -0.01179 -0.01388
v 0.02275 -0.01117 -0.01109
v 0.02248 -0.01168 -0.01007
v 0.02257 -0.01167 -0.00844
v 0.02232 -0.01194 -0.00813
v 0.02247 -0.01145 -0.00520
v 0.02217 -0.01163 -0.00418
v 0.02231 -0.01149 -0.00304
v 0.02265 -0.01144 -0.00165
v 0.02217 -0.01144 -0.00031
v 0.02181 -0.01145 0.00055
v 0.02191 -0.00997 -0.01842
v 0.02217 -0.01062 -0.01746
v 0.02207 -0.00970 -0.01613
v 0.02211 -0.01049 -0.01538
v 0.02278 -0.01058 -0.00406
v 0.02201 -0.01044 -0.00042
v 0.02227 -0.01019 0.00067
v 0.02177 -0.01002 0.00188
v 0.02172 -0.00900 -0.01902
v 0.02209 -0.00912 -0.01700
v 0.02276 -0.00945 -0.01667
v 0.02255 -0.00891 -0.00191
v 0.02192 -0.00939 -0.00016
v 0.02226 -0.00895 0.00033
v 0.02185 -0.00900 0.00199
v 0.02180 -0.00704 -0.01888
v 0.02210 -0.00600 -0.01622
v 0.02276 -0.00600 -0.01416
v 0.02277 -0.00600 -0.00266
v 0.02265 -0.00643 -0.00224
v 0.02180 -0.00307 -0.01888
v 0.02233 -0.00300 -0.01559
v 0.02280 -0.00300 -0.00277
v 0.02217 -0.00300 0.00033
v 0.02180 -0.00050 -0.01888
v 0.02233 -0.00050 -0.01559
v 0.02280 -0.00050 -0.00277
v 0.02220 -0.00050 0.00033
v 0.02180 0.00050 -0.01888
v 0.02233 0.00050 -0.01559
v 0.02280 0.00050 -0.00277
v 0.02210 0.00050 0.00032
v 0.02180 0.00300 -0.01888
v 0.02233 0.00300 -0.01559
v 0.02280 0.00300 -0.00277
v 0.02219 0.00302 0.00033
v 0.02249 0.00600 0.00060
v 0.02175 0.00600 -0.01897
v 0.02265 0.00600 -0.01700
v 0.02198 0.00600 -0.01652
v 0.02252 0.00626 -0.00181
v 0.02226 0.00608 0.00040
v 0.02180 0.00802 -0.01888
v 0.02180 0.00900 -0.01888
v 0.02256 0.00900 -0.01724
v 0.02240 0.00915 -0.01616
v 0.02274 0.00930 -0.01419
v 0.02274 0.00917 -0.00257
v 0.02257 0.00856 -0.00197
v 0.02277 0.00900 -0.00008
v 0.02244 0.00924 0.00068
v 0.02215 0.00900 0.00137
v 0.02181 0.01022 -0.01851
v 0.02233 0.01028 -0.01735
v 0.02228 0.01018 -0.01621
v 0.02221 0.01028 -0.01526
v 0.02274 0.01068 -0.00410
v 0.02210 0.01034 -0.00026
v 0.02222 0.01010 0.00020
v 0.02169 0.01064 0.00169
v 0.02174 0.01108 -0.01797
v 0.02206 0.01134 -0.01591
v 0.02219 0.01155 -0.01270
v 0.02262 0.01127 -0.01159
v 0.02237 0.01174 -0.01078
v 0.02243 0.01179 -0.00742
v 0.02253 0.01146 -0.00567
v 0.02259 0.01117 -0.00462
v 0.02252 0.01161 -0.00159
v 0.02215 0.01109 -0.00091
v 0.02165 0.01154 0.00078
v 0.02171 0.01095 0.00137
v 0.02163 0.01207 -0.01672
v 0.02172 0.01251 -0.01540
v 0.02212 0.01256 -0.01384
v 0.02218 0.01247 -0.01152
v 0.02249 0.01287 -0.00850
v 0.02195 0.01226 -0.00787
v 0.02209 0.01259 -0.00628
v 0.02242 0.01239 -0.00587
v 0.02254 0.01251 -0.00456
v 0.02205 0.01267 -0.00312
v 0.02217 0.01234 -0.00227
v 0.02163 0.01333 -0.01125
v 0.02199 0.01323 -0.00894
v 0.02166 0.01336 -0.00644
v 0.02297 -0.01234 -0.01002
v 0.02297 -0.01240 -0.00760
v 0.02293 -0.01207 -0.00451
v 0.02289 -0.01108 -0.01497
v 0.02289 -0.01144 -0.01430
v 0.02323 -0.01144 -0.01292
v 0.02351 -0.01145 -0.01117
v 0.02351 -0.01134 -0.00884
v 0.02366 -0.01144 -0.00725
v 0.02348 -0.01144 -0.00541
v 0.02312 -0.01131 -0.00310
v 0.02292 -0.01026 -0.01582
v 0.02337 -0.01020 -0.01443
v 0.02351 -0.00999 -0.01262
v 0.02337 -0.01061 -0.01166
v 0.02325 -0.01027 -0.00996
v 0.02332 -0.01001 -0.00653
v 0.02344 -0.01062 -0.00584
v 0.02327 -0.01020 -0.00420
v 0.02351 -0.01020 -0.00290
v 0.02311 -0.01020 -0.00150
v 0.02297 -0.00975 -0.00079
v 0.02309 -0.00900 -0.01584
v 0.02333 -0.00887 -0.01346
v 0.02303 -0.00930 -0.01300
v 0.02332 -0.00918 -0.01136
v 0.02350 -0.00893 -0.00760
v 0.02333 -0.00917 -0.00556
v 0.02396 -0.00900 -0.00430
v 0.02363 -0.00900 -0.00279
v 0.02326 -0.00900 -0.00149
v 0.02393 -0.00763 -0.01264
v 0.02363 -0.00766 -0.00279
v 0.02309 -0.00741 -0.00097
v 0.02303 -0.00614 -0.01600
v 0.02325 -0.00620 -0.01401
v 0.02342 -0.00600 -0.01058
v 0.02352 -0.00600 -0.00841
v 0.02352 -0.00643 -0.00797
v 0.02367 -0.00600 -0.00459
v 0.02363 -0.00600 -0.00279
v 0.02351 -0.00600 -0.00234
v 0.02309 -0.00300 -0.01584
v 0.02357 -0.00304 -0.01255
v 0.02351 -0.00300 -0.00922
v 0.02339 -0.00300 -0.00597
v 0.02363 -0.00300 -0.00279
v 0.02309 -0.00050 -0.01584
v 0.02354 -0.00050 -0.01254
v 0.02351 -0.00050 -0.00922
v 0.02339 -0.00050 -0.00597
v 0.02363 -0.00050 -0.00279
v 0.02309 0.00050 -0.01584
v 0.02354 0.00050 -0.01254
v 0.02351 0.00050 -0.00922
v 0.02339 0.00050 -0.00597
v 0.02363 0.00050 -0.00279
v 0.02309 0.00307 -0.01584
v 0.02354 0.00300 -0.01254
v 0.02351 0.00300 -0.00922
v 0.02339 0.00300 -0.00597
v 0.02363 0.00307 -0.00279
v 0.02343 0.00618 -0.01338
v 0.02348 0.00600 -0.01284
v 0.02338 0.00600 -0.01089
v 0.02350 0.00624 -0.00750
v 0.02328 0.00600 -0.00510
v 0.02324 0.00600 -0.00143
v 0.02393 0.00743 -0.01264
v 0.02363 0.00740 -0.00279
v 0.02303 0.00878 -0.01601
v 0.02320 0.00885 -0.01388
v 0.02393 0.00900 -0.01264
v 0.02344 0.00900 -0.01027
v 0.02351 0.00930 -0.00845
v 0.02352 0.00875 -0.00789
v 0.02349 0.00900 -0.00443
v 0.02349 0.00900 -0.00228
v 0.02318 0.01019 -0.01502
v 0.02370 0.01022 -0.01301
v 0.02351 0.01024 -0.01152
v 0.02340 0.01051 -0.00988
v 0.02339 0.01001 -0.00914
v 0.02349 0.01024 -0.00568
v 0.02337 0.01046 -0.00400
v 0.02330 0.00997 -0.00314
v 0.02311 0.01022 -0.00150
v 0.02288 0.01146 -0.01430
v 0.02326 0.01142 -0.01273
v 0.02330 0.01134 -0.01033
v 0.02367 0.01146 -0.00867
v 0.02356 0.01161 -0.00723
v 0.02338 0.01109 -0.00656
v 0.02336 0.01145 -0.00463
v 0.02302 0.01146 -0.00302
v 0.02310 0.01207 -0.01118
v 0.02282 0.01251 -0.01003
v 0.02288 0.01251 -0.00866
v 0.02304 0.01234 -0.00788
v 0.02307 0.01207 -0.00545
v 0.02410 -0.01029 -0.00999
v 0.02418 -0.01020 -0.00868
v 0.02415 -0.01020 -0.00722
v 0.02414 -0.00997 -0.00644
v 0.02416 -0.00920 -0.01108
v 0.02430 -0.00900 -0.00935
v 0.02430 -0.00900 -0.00740
v 0.02407 -0.00922 -0.00506
v 0.02420 -0.00823 -0.00605
v 0.02423 -0.00600 -0.01045
v 0.02430 -0.00648 -0.00935
v 0.02432 -0.00600 -0.00828
v 0.02430 -0.00300 -0.00935
v 0.02420 -0.00307 -0.00605
v 0.02430 -0.00050 -0.00935
v 0.02420 -0.00050 -0.00605
v 0.02430 0.00050 -0.00935
v 0.02420 0.00050 -0.00605
v 0.02430 0.00307 -0.00935
v 0.02420 0.00300 -0.00605
v 0.02415 0.00600 -0.01119
v 0.02430 0.00600 -0.00734
v 0.02420 0.00634 -0.00605
v 0.02410 0.00600 -0.00519
v 0.02430 0.00800 -0.00935
v 0.02421 0.00920 -0.01055
v 0.02432 0.00900 -0.00823
v 0.02420 0.00900 -0.00605
v 0.02402 0.00945 -0.00480
v 0.02406 0.01049 -0.00969
v 0.02422 0.00994 -0.00886
v 0.02414 0.01022 -0.00722
v 0.02402 0.01022 -0.00577
vn 0.1041 -0.5175 -0.8493
vn 0.0321 -0.7548 -0.6552
vn 0.0902 -0.7042 -0.7043
vn 0.1492 -0.5192 -0.8415
vn 0.0463 -0.8971 -0.4394
vn 0.0014 -0.9877 -0.1564
vn -0.0446 -0.9980 -0.0448
vn 0.0057 -0.8951 -0.4458
vn -0.0304 -0.9699 -0.2414
vn -0.0225 -0.9632 -0.2680
vn 0.0524 0.9679 -0.2459
vn 0.1578 0.2336 -0.9594
vn 0.1540 0.2337 -0.9600
vn 0.1163 0.6279 -0.7695
vn 0.1155 0.8025 -0.5854
vn 0.0796 0.9392 -0.3341
vn 0.1069 0.5111 -0.8528
vn 0.1292 0.8038 -0.5806
vn -0.3134 0.0000 0.9496
vn -0.3168 0.0015 0.9485
vn -0.5475 -0.0015 0.8368
vn -0.5503 0.0000 0.8350
vn -0.8284 0.0000 0.5602
vn -0.8284 0.0000 0.5602
vn -0.9801 0.0000 0.1984
vn -0.9774 -0.0096 0.2112
vn -0.1539 0.0024 0.9881
vn -0.1536 0.0000 0.9881
vn 0.1474 -0.0050 0.9891
vn 0.1390 -0.0000 0.9903
vn 0.5084 -0.0000 0.8611
vn 0.5084 -0.0000 0.8611
vn 0.7590 -0.0000 0.6511
vn 0.7590 -0.0000 0.6511
vn 0.9014 -0.0000 0.4329
vn 0.9014 -0.0000 0.4329
vn 0.9678 -0.0000 0.2518
vn 0.9678 -0.0000 0.2518
vn 0.9564 -0.1530 0.2489
vn 0.0148 -0.9438 0.3301
vn 0.1186 -0.8963 0.4272
vn 0.0772 -0.6696 0.7387
vn 0.2636 -0.9530 0.1496
vn 0.3098 -0.9448 0.1066
vn 0.6996 -0.6544 0.2869
vn 0.6222 -0.7034 0.3438
vn 0.7033 -0.6291 0.3309
vn 0.9060 -0.3943 0.1537
vn 0.5765 -0.6548 0.4886
vn 0.5125 -0.6831 0.5203
vn 0.2650 -0.8874 0.3773
vn 0.1151 -0.6198 0.7763
vn 0.4263 -0.5449 0.7221
vn 0.9417 -0.1899 0.2776
vn 0.8883 -0.1901 0.4180
vn 0.8860 -0.1845 0.4255
vn 0.7507 -0.1777 0.6363
vn 0.7478 -0.1714 0.6415
vn 0.5000 -0.1807 0.8469
vn 0.5000 -0.1807 0.8469
vn 0.0699 -0.1713 0.9827
vn 0.1343 -0.2567 0.9571
vn 0.1269 -0.2563 0.9582
vn -0.1496 -0.2342 0.9606
vn -0.0513 -0.9463 0.3193
vn -0.0499 -0.9482 0.3137
vn -0.1248 -0.5897 0.7979
vn -0.1226 -0.6524 0.7479
vn -0.1461 -0.3415 0.9285
vn -0.1658 0.0431 0.9852
vn -0.5390 -0.1757 0.8238
vn -0.8169 -0.1749 0.5497
vn -0.7275 -0.4806 0.4896
vn -0.2759 -0.1937 0.9415
vn -0.3049 -0.2313 0.9239
vn -0.8666 -0.4819 0.1296
vn -0.9769 -0.1581 0.1438
vn -0.9473 -0.2565 0.1917
vn -0.8151 -0.1783 0.5512
vn -0.7536 -0.6135 0.2359
vn -0.4691 -0.8709 0.1468
vn -0.4151 -0.9065 0.0772
vn -0.5410 -0.1733 0.8230
vn -0.4676 -0.5248 0.7113
vn -0.5414 -0.5959 0.5931
vn -0.3784 -0.8276 0.4146
vn -0.1395 -0.9868 0.0823
vn -0.0429 -0.9466 0.3195
vn -0.2005 -0.8716 0.4473
vn -0.1838 -0.5777 0.7953
vn -0.1973 -0.5882 0.7843
vn -0.1466 0.9866 0.0710
vn -0.3784 0.8276 0.4146
vn -0.0474 0.9503 0.3076
vn -0.2076 0.8705 0.4463
vn -0.1731 0.6166 0.7680
vn -0.8715 0.4765 0.1155
vn -0.7519 0.6180 0.2296
vn -0.4359 0.8901 0.1331
vn -0.4795 0.8712 0.1051
vn -0.2149 0.5811 0.7849
vn -0.4634 0.5207 0.7171
vn -0.5414 0.5959 0.5931
vn -0.7313 0.4776 0.4868
vn -0.9532 0.2707 0.1350
vn -0.9654 0.1567 0.2086
vn -0.8180 0.1853 0.5445
vn -0.8156 0.1750 0.5515
vn -0.5343 0.1756 0.8268
vn -0.5407 0.1852 0.8205
vn -0.2528 0.1788 0.9509
vn -0.3072 0.2434 0.9200
vn -0.9880 0.0000 -0.1545
vn -0.9880 0.0035 -0.1543
vn -0.9880 -0.0000 -0.1542
vn -0.1534 -0.0468 0.9870
vn -0.0512 0.9424 0.3306
vn -0.0494 0.9502 0.3076
vn -0.1200 0.6427 0.7567
vn -0.1250 0.6174 0.7766
vn -0.1464 0.3389 0.9294
vn -0.1539 0.2466 0.9568
vn 0.9878 0.0000 0.1556
vn 0.9878 -0.0000 0.1556
vn 0.5800 0.6496 0.4916
vn 0.9550 0.1617 0.2485
vn 0.7469 0.1774 0.6408
vn 0.7516 0.1710 0.6370
vn 0.4963 0.1862 0.8479
vn 0.4256 0.5386 0.7272
vn 0.0753 0.2607 0.9625
vn 0.1072 0.2643 0.9585
vn 0.9433 0.1898 0.2724
vn 0.9016 0.4021 0.1593
vn 0.6509 0.7131 0.2604
vn 0.6797 0.6524 0.3353
vn 0.7033 0.6291 0.3309
vn 0.8893 0.1845 0.4185
vn 0.8850 0.1900 0.4250
vn 0.5000 0.1807 0.8469
vn 0.5189 0.6775 0.5213
vn 0.2687 0.8880 0.3731
vn 0.3153 0.9426 0.1100
vn 0.2677 0.9492 0.1655
vn 0.1453 0.1706 0.9746
vn 0.0032 0.9409 0.3387
vn 0.1125 0.8930 0.4357
vn 0.0865 0.6348 0.7678
vn 0.1132 0.6597 0.7430
vn 0.9761 -0.1537 0.1538
vn 0.3191 -0.9463 0.0512
vn 0.3252 -0.9442 0.0519
vn 0.6803 -0.7251 0.1074
vn 0.7391 -0.6639 0.1140
vn 0.9076 -0.3943 0.1439
vn 0.9330 -0.3289 0.1464
vn 0.9851 -0.0704 0.1571
vn -0.5219 -0.8488 -0.0852
vn 0.1046 -0.9943 0.0205
vn -0.0011 -1.0000 0.0013
vn -0.0034 -1.0000 -0.0012
vn 0.0156 -0.9951 -0.0980
vn -0.3456 -0.9369 -0.0522
vn -0.4139 -0.9083 -0.0597
vn -0.7899 -0.6002 -0.1258
vn -0.7393 -0.6637 -0.1137
vn -0.9642 -0.2174 -0.1520
vn -0.9574 -0.2468 -0.1497
vn -0.9689 0.1961 -0.1512
vn -0.3155 0.9477 -0.0490
vn -0.4313 0.9000 -0.0626
vn -0.8046 0.5796 -0.1292
vn -0.7321 0.6720 -0.1113
vn -0.9345 0.3243 -0.1469
vn -0.9862 0.0702 -0.1496
vn -0.0848 0.9963 -0.0106
vn 0.0005 1.0000 -0.0009
vn 0.0001 1.0000 -0.0007
vn 0.1122 -0.7065 -0.6987
vn -0.0094 0.9963 0.0854
vn 0.3181 0.9466 0.0522
vn 0.3480 0.9358 0.0554
vn 0.6834 0.7220 0.1080
vn 0.7472 0.6545 0.1152
vn 0.9043 0.4022 0.1434
vn 0.9753 0.1625 0.1497
vn 0.9755 0.1613 0.1497
vn -0.5112 -0.1688 0.8427
vn -0.5314 0.1754 0.8288
vn -0.4926 -0.8082 0.3228
vn -0.2087 -0.9718 0.1098
vn -0.1556 0.0262 0.9875
vn -0.1556 0.0262 0.9875
vn -0.0500 -0.0283 0.9983
vn -0.1886 0.0643 0.9800
vn -0.1610 0.0420 0.9861
vn -0.1556 0.0262 0.9875
vn -0.1155 -0.0474 0.9922
vn -0.1105 0.0377 0.9932
vn -0.1129 0.0632 0.9916
vn -0.1198 0.0262 0.9925
vn -0.0410 0.9468 0.3192
vn -0.1658 0.0273 0.9858
vn -0.1299 0.2700 0.9540
vn -0.1571 0.0098 0.9875
vn -0.1598 0.0265 0.9868
vn -0.1399 0.0447 0.9892
vn -0.1573 0.0277 0.9872
vn -0.1670 0.0199 0.9858
vn -0.1595 0.0271 0.9868
vn -0.1593 0.0275 0.9868
vn -0.1598 0.0265 0.9868
vn -0.1556 0.0262 0.9875
vn -0.1146 0.0271 0.9930
vn -0.1952 0.0463 0.9797
vn -0.1556 0.0262 0.9875
vn -0.1556 0.0262 0.9875
vn -0.1556 0.0262 0.9875
vn -0.1556 0.0262 0.9875
vn -0.1556 0.0262 0.9875
vn -0.1195 -0.0386 0.9921
vn -0.1582 -0.0266 0.9871
vn -0.1593 -0.0304 0.9868
vn -0.1611 -0.0257 0.9866
vn -0.1582 -0.0284 0.9870
vn -0.1647 -0.0208 0.9861
vn -0.1068 0.0114 0.9942
vn -0.1525 -0.0325 0.9878
vn -0.1843 -0.0114 0.9828
vn -0.1556 -0.0262 0.9875
vn -0.0199 -0.0824 0.9964
vn -0.1334 -0.0262 0.9907
vn -0.1158 -0.0290 0.9928
vn -0.1277 -0.0565 0.9902
vn -0.1430 -0.0347 0.9891
vn -0.2145 -0.0468 0.9756
vn -0.1106 -0.0039 0.9939
vn -0.1868 -0.0659 0.9802
vn -0.1534 -0.0281 0.9878
vn -0.1556 -0.0262 0.9875
vn -0.1363 -0.0105 0.9906
vn -0.1556 -0.0294 0.9874
vn -0.1665 -0.0161 0.9859
vn -0.1556 -0.0262 0.9875
vn -0.1556 -0.0262 0.9875
vn -0.1556 -0.0262 0.9875
vn -0.1425 -0.0212 0.9896
vn 0.2737 0.0737 0.9590
vn 0.2759 0.0546 0.9596
vn 0.3874 0.0988 0.9166
vn 0.6140 0.1139 0.7811
vn 0.7517 0.1421 0.6440
vn 0.4727 0.3014 0.8281
vn 0.7328 0.2412 0.6363
vn -0.1131 0.1983 0.9736
vn -0.1086 0.1651 0.9803
vn 0.0299 0.1879 0.9817
vn 0.0431 0.6916 0.7210
vn 0.0434 0.6911 0.7214
vn 0.3560 0.5639 0.7452
vn 0.1381 0.4866 0.8627
vn 0.3911 0.4323 0.8125
vn 0.4339 0.2983 0.8502
vn 0.3651 0.2219 0.9041
vn -0.1534 0.1710 0.9733
vn -0.0939 0.9763 0.1951
vn -0.1175 0.9587 0.2591
vn -0.1330 0.3188 0.9384
vn -0.1496 0.2004 0.9682
vn -0.0796 0.7032 0.7066
vn -0.0750 0.7475 0.6600
vn -0.0176 0.9162 0.4003
vn -0.0513 0.9254 0.3756
vn -0.0719 0.8618 0.5022
vn -0.0820 0.7488 0.6577
vn -0.1321 0.4912 0.8610
vn -0.1417 0.2877 0.9472
vn -0.1410 0.2823 0.9489
vn -0.0992 0.9204 0.3783
vn -0.1368 0.6912 0.7096
vn -0.1501 0.8642 0.4802
vn -0.1589 0.4906 0.8567
vn -0.1661 0.2861 0.9437
vn -0.1586 0.1728 0.9721
vn -0.1779 0.3354 0.9251
vn -0.1807 0.3897 0.9030
vn -0.1606 0.6897 0.7060
vn -0.1576 0.8876 0.4329
vn -0.1524 0.9086 0.3888
vn -0.3088 0.4897 0.8154
vn -0.2826 0.1934 0.9395
vn -0.7014 0.1638 0.6937
vn -0.6766 0.1874 0.7121
vn -0.6784 0.1779 0.7128
vn -0.7517 0.4861 0.4457
vn -0.3957 0.6538 0.6449
vn -0.3906 0.6638 0.6378
vn -0.6149 0.6051 0.5057
vn -0.7098 0.0217 0.7041
vn -0.5237 0.0712 0.8489
vn -0.8549 0.0302 0.5179
vn -0.9929 0.0155 -0.1176
vn -0.5246 0.0263 0.8510
vn -0.5377 0.0242 0.8428
vn -0.8551 0.0165 0.5183
vn -0.8534 0.0168 0.5209
vn -0.9768 0.0092 0.2138
vn -0.5162 -0.0227 0.8562
vn -0.5388 -0.0251 0.8421
vn -0.8764 -0.0065 0.4815
vn -0.8550 -0.0019 0.5186
vn -0.9940 -0.0153 -0.1080
vn -0.8549 -0.0302 0.5179
vn -0.7101 -0.0523 0.7021
vn -0.5387 -0.0269 0.8420
vn -0.4148 -0.7467 0.5199
vn -0.5746 -0.3302 0.7489
vn -0.3095 -0.2213 0.9248
vn -0.3224 -0.5239 0.7884
vn -0.6717 -0.2819 0.6850
vn -0.6783 -0.1631 0.7165
vn -0.6978 -0.2000 0.6878
vn -0.4193 -0.6801 0.6013
vn -0.7485 -0.4670 0.4709
vn -0.1747 -0.3041 0.9365
vn -0.1435 -0.2867 0.9472
vn -0.1506 -0.1129 0.9821
vn -0.1849 -0.4868 0.8537
vn -0.1601 -0.7087 0.6871
vn -0.1476 -0.9412 0.3038
vn -0.1613 -0.8950 0.4159
vn -0.1094 -0.8958 0.4307
vn -0.1166 -0.8655 0.4872
vn -0.1603 -0.7087 0.6871
vn -0.1590 -0.4510 0.8782
vn -0.1657 -0.2519 0.9535
vn -0.1617 -0.3217 0.9329
vn -0.0538 -0.9193 0.3897
vn -0.0961 -0.7562 0.6472
vn -0.0461 -0.8657 0.4984
vn -0.1381 -0.4514 0.8816
vn -0.1431 -0.2794 0.9494
vn -0.1409 -0.2920 0.9460
vn -0.0864 -0.6286 0.7729
vn -0.0732 -0.7505 0.6568
vn -0.0238 -0.8937 0.4480
vn -0.1102 -0.6297 0.7690
vn 0.7702 -0.2642 0.5805
vn 0.2670 -0.2125 0.9400
vn -0.0965 -0.1606 0.9823
vn -0.1182 -0.1111 0.9868
vn 0.0786 -0.2874 0.9546
vn -0.0805 -0.4980 0.8634
vn 0.3927 -0.5219 0.7572
vn 0.0068 -0.7000 0.7141
vn 0.4264 -0.2584 0.8668
vn 0.4526 -0.2480 0.8565
vn 0.3629 -0.4535 0.8140
vn 0.6433 -0.3736 0.6682
vn 0.2608 -0.7265 0.6357
vn 0.7968 -0.1257 0.5910
vn 0.3654 -0.0888 0.9266
vn 0.4507 -0.1360 0.8822
vn 0.5404 -0.0916 0.8364
vn 0.3658 -0.0881 0.9265
vn 0.5287 -0.0448 0.8476
vn 0.5356 -0.0420 0.8434
vn 0.4674 -0.8022 -0.3715
vn 0.6408 0.4737 -0.6041
vn 0.2169 -0.2801 -0.9351
vn 0.8594 0.5102 -0.0331
vn 0.8969 0.0155 0.4420
vn 0.8305 0.0581 0.5540
vn 0.8283 0.1159 0.5481
vn 0.8323 0.0175 0.5540
vn 0.8566 0.1225 0.5012
vn 0.8191 0.1490 0.5540
vn 0.8214 -0.0060 0.5703
vn 0.8514 0.1000 0.5150
vn 0.8604 0.0163 0.5093
vn 0.8797 0.0504 0.4729
vn 0.8691 0.1131 0.4815
vn 0.8364 0.0842 0.5416
vn 0.7300 0.4228 0.5370
vn 0.6715 0.5549 0.4910
vn 0.6468 0.5787 0.4968
vn 0.4194 0.8243 0.3804
vn 0.4304 0.8100 0.3984
vn 0.1444 0.9567 0.2527
vn 0.1542 0.9550 0.2532
vn 0.0839 0.9863 0.1417
vn 0.1630 0.9608 0.2242
vn 0.4806 0.8260 0.2946
vn 0.4902 0.8180 0.3010
vn 0.2983 0.9114 0.2835
vn 0.6723 0.5551 0.4898
vn 0.6954 0.5313 0.4838
vn 0.8012 0.2538 0.5418
vn 0.7940 0.2668 0.5462
vn 0.7989 0.2677 0.5387
vn 0.7996 0.2702 0.5363
vn 0.8064 0.2583 0.5319
vn -0.0006 0.9954 0.0958
vn 0.0357 0.9809 0.1911
vn 0.0140 0.9978 0.0654
vn 0.0172 0.9977 0.0659
vn -0.0194 0.9956 0.0918
vn 0.0280 0.9967 0.0763
vn 0.0200 0.9979 0.0616
vn -0.0070 0.9977 0.0673
vn -0.0401 0.9954 0.0865
vn -0.0473 0.9977 0.0493
vn -0.0805 0.9919 0.0984
vn -0.1081 0.9754 0.1921
vn -0.1206 0.9895 0.0791
vn -0.0962 0.9908 0.0950
vn -0.0876 0.9925 0.0856
vn -0.0875 0.9923 0.0880
vn -0.0466 0.9945 0.0940
vn -0.0510 0.9963 0.0687
vn -0.0227 0.9984 0.0523
vn -0.0127 0.9984 0.0560
vn -0.6267 0.7651 0.1476
vn -0.4427 0.8865 0.1347
vn -0.3072 0.9411 0.1412
vn -0.3468 0.9287 0.1314
vn -0.6211 0.7695 0.1487
vn -0.8188 0.5520 0.1579
vn -0.8742 0.4698 0.1226
vn -0.9725 0.2181 0.0816
vn -0.9843 0.1549 0.0847
vn -0.6640 -0.7042 -0.2514
vn -0.4500 -0.1485 -0.8806
vn -0.4614 0.0168 -0.8870
vn -0.9984 0.0110 0.0552
vn -0.9989 0.0163 0.0448
vn -0.9989 -0.0161 0.0447
vn -0.9984 -0.0111 0.0547
vn -0.9878 -0.1348 0.0780
vn -0.9728 -0.2187 0.0768
vn -0.9461 -0.3084 0.0986
vn -0.8710 -0.4798 0.1061
vn -0.7233 -0.6695 0.1690
vn -0.5681 -0.8083 0.1546
vn -0.4929 -0.8553 0.1597
vn -0.3759 -0.9176 0.1291
vn -0.3833 -0.9147 0.1283
vn 0.0389 -0.9758 0.2151
vn -0.0021 -0.9952 0.0979
vn -0.0635 -0.9942 0.0865
vn -0.0238 -0.9927 0.1180
vn -0.0407 -0.9991 0.0149
vn -0.1103 -0.9937 0.0198
vn -0.0141 -0.9984 0.0554
vn -0.3115 -0.9429 0.1183
vn -0.0883 -0.9797 0.1801
vn -0.0808 -0.9907 0.1095
vn -0.0998 -0.9836 0.1501
vn -0.0902 -0.9907 0.1017
vn -0.1394 -0.9699 0.1999
vn 0.0139 -0.9981 0.0597
vn 0.0172 -0.9981 0.0591
vn 0.0208 -0.9979 0.0611
vn 0.0316 -0.9981 0.0524
vn -0.0073 -0.9978 0.0653
vn -0.0205 -0.9957 0.0902
vn -0.0536 -0.9952 0.0824
vn -0.0306 -0.9991 0.0281
vn -0.0889 -0.9900 0.1098
vn 0.0737 -0.9696 0.2331
vn 0.7196 -0.4466 0.5316
vn 0.6653 -0.5698 0.4825
vn 0.7935 -0.2686 0.5461
vn 0.7932 -0.2767 0.5425
vn 0.7963 -0.2773 0.5376
vn 0.7968 -0.2787 0.5361
vn 0.8117 -0.2552 0.5254
vn 0.3071 -0.9310 0.1972
vn 0.1541 -0.9807 0.1203
vn 0.4158 -0.8192 0.3948
vn 0.5406 -0.7335 0.4120
vn 0.6590 -0.5686 0.4923
vn 0.6810 -0.5452 0.4888
vn 0.1682 -0.9655 0.1990
vn 0.1398 -0.9600 0.2427
vn 0.4110 -0.8182 0.4020
vn 0.3738 -0.8642 0.3369
vn 0.6139 -0.6182 0.4909
vn 0.2971 0.0096 -0.9548
vn 0.8193 0.0754 0.5684
vn 0.8588 -0.1139 0.4995
vn 0.8097 -0.1516 0.5670
vn 0.8289 -0.1114 0.5482
vn 0.8232 -0.1210 0.5547
vn 0.8967 -0.0231 0.4420
vn 0.8844 -0.0401 0.4651
vn 0.8809 -0.0640 0.4690
vn 0.7461 -0.2213 0.6280
vn 0.8613 0.0843 0.5010
vn 0.8357 -0.0879 0.5421
vn 0.8596 -0.1138 0.4981
vn 0.8766 -0.0734 0.4756
vn 0.8783 -0.0557 0.4749
vn 0.2715 0.0336 -0.9618
vn 0.2713 0.0363 -0.9618
vn 0.2646 0.0293 -0.9639
vn 0.9953 0.0731 -0.0643
vn 0.8959 0.0938 0.4342
vn 0.9949 0.0940 0.0356
vn 0.2923 0.0324 -0.9558
vn 0.7624 0.0473 -0.6453
vn 0.7212 0.0552 -0.6905
vn 0.9945 0.0801 -0.0676
vn 0.7940 0.0967 -0.6001
vn 0.7594 0.0859 -0.6449
vn 0.3110 0.0467 -0.9492
vn 0.9920 0.0583 -0.1122
vn 0.9983 0.0311 -0.0490
vn 0.8642 0.2612 0.4301
vn 0.2810 0.5015 -0.8183
vn 0.4415 0.6134 -0.6548
vn 0.3128 0.9052 -0.2876
vn 0.2493 0.7029 -0.6661
vn 0.5704 0.8188 -0.0647
vn 0.1970 0.4764 -0.8569
vn 0.5468 0.5147 -0.6604
vn 0.8324 0.5535 -0.0292
vn 0.8349 0.5500 -0.0223
vn 0.5541 0.3710 -0.7452
vn 0.7870 0.1476 -0.5990
vn 0.5815 0.2900 -0.7601
vn 0.9203 0.3901 -0.0306
vn 0.9346 0.3550 0.0212
vn 0.0354 0.9680 -0.2486
vn -0.0022 0.9800 -0.1989
vn -0.0159 0.9635 -0.2672
vn 0.0690 0.6331 -0.7710
vn 0.0618 0.7627 -0.6438
vn 0.1086 0.6348 -0.7650
vn 0.1088 0.6279 -0.7707
vn 0.0337 0.9463 -0.3216
vn 0.0329 0.9525 -0.3027
vn -0.3173 0.1670 -0.9335
vn -0.8994 0.1777 -0.3993
vn -0.2409 0.1091 -0.9644
vn -0.6418 0.4643 -0.6104
vn -0.6014 0.7459 -0.2865
vn -0.8135 0.1951 -0.5478
vn -0.1591 0.4732 -0.8665
vn -0.2706 0.6505 -0.7097
vn -0.2443 0.6984 -0.6727
vn -0.9065 0.2189 -0.3609
vn -0.5683 0.6978 -0.4361
vn 0.8646 0.2211 -0.4512
vn -0.4575 0.0260 -0.8888
vn -0.4927 0.0326 -0.8696
vn -0.9414 0.0086 -0.3373
vn -0.9556 0.0141 -0.2944
vn -0.9128 0.0293 -0.4074
vn -0.3361 0.0043 -0.9418
vn -0.4926 0.0385 -0.8694
vn -0.1280 0.9918 -0.0013
vn -0.3102 0.9506 0.0051
vn -0.4107 0.9092 -0.0681
vn -0.2480 0.9606 -0.1252
vn -0.7883 0.6124 -0.0589
vn -0.8788 0.4526 -0.1513
vn -0.8631 0.5010 0.0635
vn -0.9587 0.0121 -0.2842
vn 0.1422 -0.6454 0.7505
vn -0.7832 0.6076 -0.1316
vn -0.8311 0.4759 -0.2876
vn -0.8880 0.3204 -0.3297
vn -0.9091 0.3520 -0.2227
vn -0.9110 0.2374 -0.3373
vn -0.3621 0.9321 0.0032
vn -0.2549 0.9668 0.0193
vn -0.1788 0.9796 0.0913
vn -0.1333 0.9669 -0.2175
vn -0.8494 0.0710 0.5229
vn -0.9290 0.0979 -0.3569
vn -0.9391 0.0040 -0.3436
vn -0.9371 0.0045 -0.3490
vn -0.1153 0.9924 -0.0427
vn -0.3079 0.9465 -0.0966
vn -0.1748 0.9835 -0.0457
vn 0.0068 0.7726 -0.6349
vn -0.6806 0.6676 -0.3017
vn -0.6459 0.7229 -0.2455
vn -0.1170 0.7347 -0.6683
vn -0.9016 0.3834 -0.2002
vn -0.9051 0.3568 -0.2312
vn -0.9648 0.1089 -0.2395
vn -0.9515 -0.0300 -0.3060
vn -0.8773 -0.1141 -0.4662
vn -0.3098 0.9456 -0.0993
vn -0.5131 0.8426 -0.1635
vn -0.5184 0.8372 -0.1742
vn -0.7139 0.6941 -0.0931
vn -0.8818 -0.0063 -0.4715
vn -0.8935 -0.0103 -0.4489
vn -0.8954 -0.1182 -0.4293
vn -0.2808 0.9222 -0.2659
vn -0.1783 0.9774 -0.1134
vn -0.2196 0.9453 0.2414
vn -0.4336 0.8453 -0.3122
vn -0.6100 0.6439 -0.4619
vn -0.5749 0.7175 -0.3934
vn -0.8739 0.4825 -0.0595
vn -0.7097 0.4435 -0.5474
vn -0.7064 0.3905 -0.5903
vn -0.7408 0.2837 -0.6089
vn -0.7222 0.1475 -0.6757
vn -0.8614 0.2767 -0.4260
vn -0.4028 -0.8820 -0.2444
vn -0.2119 0.9618 -0.1736
vn -0.4393 0.8456 -0.3034
vn -0.4387 0.8471 -0.3000
vn -0.6338 0.6595 -0.4042
vn -0.6482 0.5720 -0.5026
vn -0.7286 -0.0089 -0.6849
vn -0.6369 0.0091 -0.7709
vn -0.0659 0.9954 -0.0702
vn -0.1991 0.9616 -0.1891
vn -0.4612 0.6833 -0.5660
vn -0.4603 0.6846 -0.5653
vn -0.4641 0.6897 -0.5558
vn 0.0839 0.8020 -0.5913
vn -0.4486 0.6835 -0.5758
vn -0.4721 0.7108 -0.5214
vn -0.5697 -0.3598 -0.7389
vn -0.8355 0.1623 -0.5249
vn 0.3724 0.7407 -0.5592
vn 0.3407 -0.2187 -0.9144
vn -0.3935 0.3191 -0.8622
vn -0.3677 0.6752 -0.6394
vn -0.2024 0.9559 -0.2128
vn -0.3305 0.8654 -0.3767
vn -0.3306 0.8659 -0.3754
vn -0.4484 0.6841 -0.5752
vn -0.5397 -0.0549 -0.8401
vn -0.3199 -0.0405 -0.9466
vn -0.0513 0.9924 -0.1117
vn -0.1724 0.9254 -0.3377
vn -0.0913 0.9835 -0.1559
vn -0.3151 0.8672 0.3856
vn -0.2904 0.9498 -0.1159
vn -0.2316 0.6886 -0.6872
vn -0.0480 0.4188 -0.9068
vn -0.7238 -0.6627 0.1923
vn -0.7205 -0.6602 0.2122
vn -0.3133 0.4525 -0.8349
vn -0.3047 0.4425 -0.8434
vn -0.0174 0.9772 -0.2116
vn 0.1208 0.1718 -0.9777
vn -0.1123 0.3549 -0.9282
vn -0.0988 0.9217 -0.3751
vn -0.0287 0.9464 -0.3217
vn -0.2982 0.6985 -0.6505
vn -0.0846 0.7829 -0.6164
vn -0.3037 -0.0251 -0.9524
vn -0.0049 0.0295 -0.9996
vn 0.0543 0.6878 -0.7239
vn -0.0222 0.9926 -0.1198
vn -0.0801 0.9608 -0.2653
vn -0.0785 0.9588 -0.2729
vn -0.1533 0.8454 -0.5116
vn 0.1562 0.9117 -0.3799
vn -0.1293 0.6441 -0.7539
vn -0.2404 0.4033 -0.8829
vn -0.3681 0.5550 -0.7460
vn -0.4577 0.4924 -0.7403
vn -0.0967 0.6464 -0.7569
vn -0.0763 0.6352 -0.7685
vn 0.0424 -0.0011 -0.9991
vn -0.4717 0.1250 -0.8728
vn -0.0363 -0.1947 -0.9802
vn -0.0345 0.9414 -0.3354
vn -0.1255 0.8459 -0.5184
vn -0.2416 0.9410 -0.2371
vn -0.0703 0.4076 -0.9104
vn -0.0326 -0.0063 -0.9994
vn -0.0943 -0.0160 -0.9954
vn -0.1174 -0.1597 -0.9802
vn 0.0062 0.9626 -0.2709
vn -0.0040 0.9669 -0.2551
vn -0.0079 0.9369 -0.3494
vn 0.0714 0.6118 -0.7877
vn 0.1150 0.2826 -0.9523
vn -0.0500 0.4640 -0.8844
vn -0.7373 -0.4906 -0.4645
vn 0.1316 0.6076 -0.7832
vn -0.0308 0.7129 -0.7006
vn 0.0570 0.1571 -0.9859
vn 0.6432 0.7436 -0.1826
vn 0.6757 0.7181 -0.1665
vn 0.6252 -0.1069 -0.7731
vn 0.3713 0.2962 -0.8800
vn 0.3972 0.1577 -0.9041
vn 0.0603 0.9533 -0.2961
vn 0.0479 0.9309 -0.3622
vn 0.0137 0.9525 -0.3041
vn 0.3838 0.0158 -0.9233
vn 0.3496 0.0100 -0.9369
vn 0.0315 0.9954 -0.0901
vn 0.1269 0.9275 -0.3517
vn 0.0418 0.9833 -0.1774
vn -0.3345 0.9360 -0.1096
vn 0.1893 0.8453 -0.4996
vn 0.1246 0.3476 -0.9293
vn -0.0502 0.5729 -0.8181
vn -0.1593 0.4957 -0.8538
vn 0.1130 0.5985 -0.7931
vn 0.3352 0.4259 -0.8404
vn 0.3657 -0.1739 -0.9143
vn 0.3055 -0.0306 -0.9517
vn 0.2391 0.0036 -0.9710
vn 0.1789 -0.8303 -0.5277
vn 0.0894 0.9568 -0.2767
vn 0.2041 0.8447 -0.4948
vn 0.1447 0.8669 -0.4771
vn -0.2252 0.9581 0.1771
vn 0.9982 -0.0218 0.0565
vn 0.0717 0.7049 -0.7057
vn 0.4735 -0.0040 -0.8808
vn 0.5768 0.0054 -0.8168
vn 0.5831 0.0592 -0.8102
vn 0.2680 0.9227 -0.2772
vn 0.1160 0.9772 -0.1781
vn -0.2375 0.9458 -0.2215
vn 0.3122 0.8453 -0.4336
vn 0.7153 0.5192 -0.4677
vn 0.4683 0.6664 -0.5802
vn 0.4036 0.7238 -0.5597
vn 0.0671 0.4957 -0.8659
vn 0.5828 0.4152 -0.6986
vn 0.5656 0.4250 -0.7067
vn 0.5277 0.5158 -0.6749
vn 0.5590 0.4999 -0.6615
vn 0.1758 -0.9372 -0.3012
vn 0.1285 0.9689 -0.2117
vn 0.3252 0.8447 -0.4251
vn 0.2723 0.8639 -0.4238
vn 0.4323 0.6744 -0.5986
vn 0.8023 0.0164 -0.5967
vn 0.7709 0.0091 -0.6369
vn 0.0702 0.9954 -0.0659
vn 0.1888 0.9617 -0.1987
vn 0.3611 0.9020 -0.2366
vn 0.6803 0.3938 -0.6181
vn 0.5631 0.6846 -0.4629
vn 0.5159 0.7082 -0.4819
vn 0.6111 0.7904 -0.0434
vn 0.7500 0.4149 -0.5152
vn 0.4908 0.5647 -0.6635
vn 0.6480 0.1996 -0.7350
vn 0.9768 0.0075 -0.2139
vn 0.7424 0.4241 -0.5186
vn 0.1650 0.9338 -0.3175
vn 0.3772 0.8672 -0.3251
vn 0.5752 0.6841 -0.4484
vn 0.6779 -0.6023 -0.4215
vn 0.9102 0.0042 -0.4141
vn 0.9093 0.0040 -0.4162
vn 0.1117 0.9924 -0.0513
vn 0.2990 0.9415 -0.1552
vn 0.1559 0.9835 -0.0913
vn 0.1857 0.9684 -0.1665
vn 0.2139 0.9613 -0.1734
vn 0.6763 0.7025 -0.2216
vn 0.9055 0.4221 -0.0423
vn 0.7270 0.3313 -0.6015
vn 0.9221 -0.1023 -0.3731
vn 0.3461 0.9353 -0.0737
vn 0.9917 0.1115 0.0637
vn 0.9344 0.3030 -0.1875
vn 0.7491 0.6373 -0.1808
vn 0.3610 0.9267 -0.1042
vn 0.3185 0.9464 -0.0532
vn 0.2152 0.5875 -0.7801
vn 0.9261 0.3203 -0.1992
vn 0.4088 0.8163 -0.4080
vn 0.9438 0.0210 -0.3299
vn 0.9953 0.0924 0.0278
vn 0.9229 0.3821 0.0474
vn 0.1212 0.9924 -0.0207
vn 0.3708 0.9254 -0.0791
vn 0.1742 0.9835 -0.0478
vn 0.4500 0.8926 -0.0285
vn 0.7535 0.6446 -0.1290
vn 0.9014 0.3443 -0.2625
vn 0.6445 0.6035 -0.4696
vn 0.6632 0.7220 -0.1972
vn 0.7015 0.5818 -0.4116
vn 0.9888 0.1425 0.0452
vn 0.9976 0.0134 0.0672
vn 0.9993 0.0228 0.0303
vn 0.9913 0.1190 -0.0568
vn 0.9991 -0.0257 -0.0330
vn 0.3573 0.9224 -0.1465
vn 0.1980 0.9668 -0.1617
vn 0.9366 0.3385 0.0901
vn 0.4986 0.8070 -0.3165
vn 0.9995 -0.0099 -0.0314
vn 0.9954 0.0100 0.0952
vn 0.2661 0.9639 0.0120
vn 0.2462 0.9692 -0.0036
vn 0.5207 0.8536 -0.0151
vn 0.7116 0.5484 0.4391
vn 0.7172 0.5306 0.4519
vn 0.7143 0.6559 -0.2440
vn 0.7740 0.6040 -0.1900
vn 0.7832 0.6076 0.1316
vn 0.6908 0.7216 -0.0467
vn 0.9961 0.0633 0.0607
vn 0.1582 0.7431 0.6502
vn 0.2187 0.8389 0.4984
vn 0.9924 0.0472 0.1141
vn 0.8627 -0.3339 0.3797
vn 0.2703 0.9618 0.0444
vn 0.5257 0.8496 0.0432
vn 0.2197 0.9521 -0.2126
vn 0.0949 0.9254 0.3669
vn 0.7681 -0.0478 -0.6386
vn 0.9249 0.1068 0.3650
vn 0.9365 0.0042 0.3507
vn 0.9928 -0.0140 0.1188
vn -0.8091 0.0028 0.5877
vn 0.8414 0.0002 0.5405
vn -0.8511 -0.1129 0.5127
vn -0.9966 -0.0826 -0.0066
vn -0.9999 0.0000 0.0170
vn -0.9992 0.0000 -0.0401
vn -0.9992 0.0000 -0.0401
vn -0.9826 0.0000 -0.1855
vn -0.9826 0.0000 -0.1855
vn -0.9450 0.0000 -0.3270
vn -0.9450 0.0000 -0.3270
vn -0.8871 0.0000 -0.4615
vn -0.8871 0.0000 -0.4615
vn -0.8103 0.0000 -0.5861
vn -0.8103 0.0000 -0.5861
vn -0.7452 0.0000 -0.6669
vn -0.7452 0.0000 -0.6669
vn -0.6721 0.0000 -0.7405
vn -0.6721 0.0000 -0.7405
vn -0.5568 0.0000 -0.8307
vn -0.5568 0.0000 -0.8307
vn -0.4295 0.0000 -0.9031
vn -0.4295 0.0000 -0.9031
vn -0.2931 0.0000 -0.9561
vn -0.2931 0.0000 -0.9561
vn -0.1504 0.0000 -0.9886
vn -0.1504 0.0000 -0.9886
vn -0.0044 0.0000 -1.0000
vn -0.0044 0.0000 -1.0000
vn 0.0332 0.0000 -0.9994
vn 0.0332 0.0000 -0.9994
vn 0.4098 0.0000 -0.9122
vn 0.4098 0.0000 -0.9122
vn 0.3173 0.0000 -0.9483
vn 0.3173 0.0000 -0.9483
vn 0.6531 0.0000 -0.7572
vn 0.6531 0.0000 -0.7572
vn 0.6655 0.0000 -0.7464
vn 0.6655 0.0000 -0.7464
vn 0.7673 0.0000 -0.6413
vn 0.7673 0.0000 -0.6413
vn 0.8527 0.0000 -0.5224
vn 0.8527 0.0000 -0.5224
vn 0.9198 0.0000 -0.3923
vn 0.9198 0.0000 -0.3923
vn 0.9290 0.0000 -0.3701
vn 0.9290 0.0000 -0.3701
vn 1.0000 -0.0000 0.0096
vn 1.0000 0.0000 0.0096
vn 0.9993 -0.0000 0.0365
vn 0.9993 0.0000 0.0365
vn 0.9833 -0.0000 0.1820
vn 0.9833 0.0000 0.1820
vn 0.9754 -0.0000 0.2203
vn 0.9769 0.1018 0.1877
vn 0.8273 0.0887 0.5547
vn -0.9531 -0.0119 -0.3026
vn -0.3277 -0.0364 -0.9441
vn -0.4927 -0.0102 -0.8701
vn -0.8912 -0.0300 -0.4527
vn -0.4927 -0.0272 -0.8698
vn -0.4617 -0.0345 -0.8864
vn -0.9317 -0.0044 -0.3632
vn -0.6651 -0.5802 -0.4700
vn -0.2334 -0.6717 -0.7031
vn -0.1440 -0.5031 -0.8522
vn -0.9408 -0.2591 -0.2186
vn -0.2397 -0.1205 -0.9634
vn -0.3110 -0.1743 -0.9343
vn -0.5449 -0.7520 -0.3710
vn -0.9174 -0.2128 -0.3363
vn -0.8801 -0.2634 -0.3949
vn -0.2632 -0.6849 -0.6794
vn -0.6332 -0.5590 -0.5354
vn 0.1234 -0.6982 -0.7052
vn 0.1170 -0.5271 -0.8417
vn 0.0782 -0.9411 -0.3288
vn 0.1151 -0.6986 -0.7062
vn 0.1133 -0.7045 -0.7006
vn 0.0556 -0.9443 -0.3243
vn 0.0343 -0.9673 -0.2515
vn 0.3967 -0.4995 -0.7701
vn 0.5472 -0.3706 -0.7505
vn 0.8099 -0.2551 0.5283
vn 0.9620 0.2281 0.1503
vn 0.9566 -0.2897 0.0306
vn 0.7793 0.4071 -0.4763
vn 0.5855 -0.3160 -0.7465
vn 0.7680 -0.2253 -0.5996
vn 0.9142 -0.4041 0.0302
vn 0.9273 -0.3741 -0.0154
vn 0.8161 -0.5691 -0.1005
vn 0.7617 -0.6478 0.0150
vn 0.5623 -0.3651 -0.7420
vn 0.6360 -0.7278 -0.2566
vn 0.5453 -0.8379 -0.0219
vn 0.3217 -0.6214 -0.7144
vn 0.2638 -0.9126 -0.3124
vn 0.4760 -0.4844 -0.7340
vn 0.3983 -0.5962 -0.6971
vn 0.2987 -0.0292 -0.9539
vn 0.2693 -0.0331 -0.9625
vn 0.2858 -0.0519 -0.9569
vn 0.4935 -0.0672 -0.8671
vn 0.8602 -0.1145 -0.4969
vn 0.8355 -0.1040 -0.5396
vn 0.9718 -0.1126 0.2070
vn 0.9911 -0.0970 0.0913
vn 0.9909 -0.0948 0.0955
vn 0.9988 -0.0393 -0.0293
vn 0.3136 -0.0318 -0.9490
vn 0.7789 -0.0533 -0.6249
vn 0.4992 0.0149 -0.8664
vn 0.8655 -0.0537 -0.4980
vn 0.9993 -0.0348 -0.0125
vn 0.9923 -0.0746 0.0989
vn 0.1310 0.0472 -0.9903
vn 0.1354 0.0291 -0.9904
vn 0.1399 0.0266 -0.9898
vn 0.1401 0.1070 -0.9843
vn 0.2111 -0.0117 -0.9774
vn 0.1337 0.0409 -0.9902
vn 0.1600 0.0335 -0.9866
vn 0.1594 0.0390 -0.9864
vn 0.1569 0.0401 -0.9868
vn 0.1650 0.0354 -0.9857
vn 0.1479 0.0186 -0.9888
vn 0.2348 0.0851 -0.9683
vn 0.0358 -0.0612 -0.9975
vn 0.1488 0.0301 -0.9884
vn 0.1378 0.0229 -0.9902
vn 0.1355 0.0302 -0.9903
vn 0.1508 0.0323 -0.9880
vn 0.2039 0.1315 -0.9701
vn 0.1556 0.0262 -0.9875
vn 0.1556 0.0262 -0.9875
vn 0.1556 0.0262 -0.9875
vn 0.1556 0.0262 -0.9875
vn 0.1556 0.0262 -0.9875
vn 0.1480 0.0425 -0.9881
vn 0.1698 0.0329 -0.9849
vn 0.1654 0.0358 -0.9856
vn 0.1554 0.0366 -0.9872
vn 0.1555 0.0373 -0.9871
vn 0.1528 0.0410 -0.9874
vn 0.1514 0.0398 -0.9877
vn 0.0987 0.9950 0.0160
vn 0.3373 0.9366 0.0945
vn 0.8715 0.4481 -0.1990
vn 0.3671 0.9301 -0.0157
vn 0.1096 0.9360 -0.3345
vn 0.8837 0.4642 0.0592
vn 0.7542 0.6545 -0.0522
vn 0.4785 0.1552 0.8643
vn 0.4768 0.5583 0.6789
vn 0.7080 0.6403 0.2978
vn 0.7094 0.5192 0.4766
vn 0.8827 0.1588 0.4422
vn 0.7185 0.0066 0.6955
vn 0.4455 0.8374 0.3166
vn 0.9870 0.0367 0.1567
vn 0.2767 0.9568 0.0894
vn 0.2939 0.9507 0.0984
vn 0.3173 0.9200 0.2298
vn 0.1891 0.9785 0.0822
vn 0.8632 0.2502 0.4384
vn 0.9851 0.0747 -0.1551
vn 0.9072 0.4180 0.0466
vn 0.8865 0.4617 -0.0315
vn 0.9107 -0.2653 -0.3167
vn 0.9876 0.1160 -0.1055
vn 0.9972 0.0607 -0.0446
vn 0.9333 -0.0090 -0.3590
vn 0.8656 0.1688 -0.4715
vn -0.1870 -0.7382 -0.6481
vn 0.8328 0.2490 -0.4944
vn 0.8026 0.2943 -0.5188
vn 0.5492 -0.2302 -0.8034
vn 0.5608 0.6724 -0.4831
vn 0.4794 0.4035 -0.7793
vn 0.5085 0.0856 -0.8568
vn 0.3764 -0.3915 -0.8397
vn 0.1167 0.2197 -0.9686
vn -0.0259 -0.3502 -0.9363
vn -0.2264 -0.1006 -0.9688
vn -0.0101 0.5665 -0.8240
vn -0.4595 -0.2467 -0.8532
vn -0.3536 0.1962 -0.9146
vn -0.5884 -0.0000 -0.8085
vn -0.4873 0.3044 -0.8185
vn -0.7535 -0.5643 0.3372
vn -0.7831 0.3534 -0.5117
vn -0.7882 0.3433 -0.5108
vn -0.9455 -0.0977 -0.3105
vn -0.8994 0.1806 -0.3980
vn -0.7883 0.2089 -0.5788
vn -0.7772 -0.6226 0.0914
vn -0.8201 0.4890 -0.2972
vn -0.5930 0.5136 -0.6201
vn 0.3220 -0.6421 -0.6957
vn 0.2301 -0.6806 -0.6956
vn 0.2871 -0.7071 -0.6462
vn 0.2871 -0.7071 -0.6462
vn 0.2871 -0.7071 -0.6462
vn -0.6501 -0.3704 -0.6634
vn 0.3496 -0.7169 -0.6032
vn 0.3695 -0.6073 -0.7033
vn 0.8390 -0.4720 -0.2706
vn 0.4745 -0.8588 -0.1932
vn 0.4697 -0.6599 -0.5865
vn 0.4128 -0.6138 -0.6730
vn 0.9422 0.0074 0.3350
vn 0.7236 0.4687 0.5067
vn 0.7533 0.5128 0.4119
vn -0.8651 -0.3710 0.3377
vn -0.9563 0.2737 0.1033
vn -0.9967 0.0076 -0.0805
vn -0.9923 -0.0244 0.1217
vn -0.2063 0.9762 -0.0664
vn -0.2604 0.9654 -0.0160
vn 0.0745 -0.7071 0.7032
vn 0.0745 -0.7071 0.7032
vn 0.1149 -0.6972 0.7076
vn -0.0015 -0.6441 0.7650
vn -0.1009 -0.6453 0.7573
vn 0.1750 -0.6640 0.7269
vn -0.1930 -0.7774 0.5987
vn -0.2484 -0.3781 0.8918
vn 0.0745 -0.7071 0.7032
vn 0.0745 -0.7071 0.7032
vn 0.0745 -0.7071 0.7032
vn 0.0745 -0.7071 0.7032
vn 0.0745 -0.7071 0.7032
vn 0.1163 -0.7850 0.6084
vn 0.1101 0.7071 -0.6985
vn -0.0177 0.7006 -0.7133
vn 0.0986 0.8900 -0.4451
vn 0.1101 0.7071 -0.6985
vn 0.1101 0.7071 -0.6985
vn 0.1079 0.9675 -0.2285
vn -0.1696 0.7363 -0.6550
vn -0.3806 0.5664 -0.7310
vn -0.2522 0.9479 -0.1946
vn 0.1101 0.7071 -0.6985
vn 0.1101 0.7071 -0.6985
vn 0.1100 0.7071 -0.6985
vn 0.1101 0.7071 -0.6985
vn -0.3637 0.9243 0.1160
vn 0.2795 0.9602 0.0015
vn 0.0578 0.9285 -0.3669
vn -0.1101 -0.7071 0.6985
vn -0.1101 -0.7071 0.6985
vn -0.1101 -0.7071 0.6985
vn -0.1101 -0.7071 0.6985
vn 0.0071 -0.6623 0.7492
vn -0.3964 -0.0243 0.9178
vn -0.7637 -0.6102 0.2108
vn -0.4230 -0.7288 0.5384
vn -0.3738 -0.4085 0.8327
vn -0.1101 -0.7071 0.6985
vn -0.1847 -0.5595 0.8080
vn -0.3997 -0.6680 0.6278
vn -0.1101 -0.7071 0.6985
vn 0.2967 -0.5413 0.7867
vn -0.3719 -0.4079 0.8338
vn -0.3479 -0.8204 0.4537
vn -0.3275 -0.8143 0.4792
vn 0.2871 0.7071 -0.6462
vn 0.2871 0.7071 -0.6462
vn 0.0764 0.6793 -0.7299
vn 0.2117 0.9149 -0.3436
vn 0.2205 0.9002 -0.3756
vn 0.0162 0.7441 -0.6678
vn 0.2871 0.7071 -0.6462
vn 0.2729 0.6972 -0.6629
vn 0.2469 0.7370 -0.6292
vn -0.0735 0.8922 -0.4456
vn -0.0409 0.7329 -0.6791
vn 0.4610 0.3305 -0.8236
vn 0.2871 0.7071 -0.6462
vn 0.2871 0.7071 -0.6462
vn 0.2871 0.7071 -0.6462
vn 0.2871 0.7071 -0.6462
vn 0.2871 0.7071 -0.6462
vn 0.2871 0.7071 -0.6462
vn 0.2871 0.7071 -0.6462
vn 0.2871 0.7071 -0.6462
vn -0.0230 0.9984 0.0519
vn 0.1906 0.9774 0.0914
vn -0.3803 -0.5281 0.7593
vn -0.0721 -0.6744 0.7349
vn -0.3814 -0.7091 0.5930
vn -0.3487 -0.6413 0.6835
vn -0.2855 -0.6429 0.7108
vn -0.4170 -0.5936 0.6883
vn -0.4256 -0.6509 0.6287
vn -0.9865 0.0513 -0.1553
vn -0.3322 -0.4899 0.8060
vn -0.6695 -0.6804 0.2982
vn -0.2871 -0.7071 0.6462
vn -0.1120 -0.6592 0.7436
vn 0.3911 0.5822 -0.7128
vn 0.4446 0.7071 -0.5499
vn 0.4446 0.7071 -0.5499
vn 0.4446 0.7071 -0.5499
vn 0.3466 0.6419 -0.6840
vn 0.2482 0.8785 -0.4083
vn 0.4446 0.7071 -0.5499
vn 0.4300 0.6918 -0.5802
vn 0.1268 0.8928 -0.4322
vn 0.0773 0.7495 -0.6575
vn 0.6493 0.3357 -0.6824
vn 0.4446 0.7071 -0.5499
vn 0.4446 0.7071 -0.5499
vn 0.4446 0.7071 -0.5499
vn 0.4446 0.7071 -0.5499
vn 0.4446 0.7071 -0.5499
vn 0.4195 0.7170 -0.5567
vn 0.0683 0.9941 -0.0845
vn -0.1960 0.9517 -0.2363
vn -0.5128 -0.6887 0.5126
vn -0.4949 -0.6572 0.5685
vn -0.4130 -0.6806 0.6052
vn -0.4533 -0.7141 0.5334
vn -0.5514 -0.5579 0.6202
vn -0.6011 -0.6925 0.3989
vn -0.4437 -0.6898 0.5721
vn -0.4446 -0.7071 0.5499
vn -0.4446 -0.7071 0.5499
vn -0.4455 -0.6221 0.6438
vn -0.4446 -0.7071 0.5499
vn -0.4446 -0.7071 0.5499
vn -0.4668 -0.7011 0.5389
vn -0.8185 -0.5326 0.2153
vn -0.5461 -0.7986 0.2532
vn -0.5922 -0.6602 0.4620
vn 0.5056 0.6665 -0.5478
vn 0.5009 0.6598 -0.5602
vn 0.3193 0.9086 -0.2692
vn 0.2664 0.8526 -0.4495
vn 0.3250 0.7948 -0.5125
vn 0.3629 0.8880 -0.2822
vn 0.5765 0.6274 -0.5235
vn 0.5765 0.6309 -0.5192
vn 0.4435 0.7565 -0.4807
vn 0.4171 0.8214 -0.3889
vn 0.6032 0.6780 -0.4200
vn 0.3616 0.7516 -0.5516
vn 0.4567 0.6945 -0.5559
vn 0.7391 0.5852 -0.3336
vn 0.0805 0.9950 -0.0586
vn -0.1668 0.9167 -0.3631
vn -0.6049 -0.7059 0.3684
vn -0.6000 -0.6751 0.4293
vn -0.6060 -0.6761 0.4191
vn -0.5383 -0.7032 0.4645
vn -0.5717 -0.7071 0.4161
vn -0.5704 -0.6776 0.4643
vn -0.6308 -0.6653 0.3994
vn -0.6339 -0.6694 0.3875
vn -0.6081 -0.7093 0.3564
vn -0.7503 -0.3926 -0.5318
vn -0.8498 -0.2674 0.4542
vn -0.6653 -0.6708 0.3278
vn -0.5717 -0.7071 0.4161
vn -0.3634 -0.5206 0.7726
vn -0.1997 -0.5645 0.8009
vn -0.2172 -0.8942 0.3915
vn -0.7078 -0.5791 0.4045
vn -0.7055 -0.6715 0.2268
vn -0.2957 -0.9067 0.3008
vn -0.4106 -0.5172 0.7510
vn 0.6769 0.6764 -0.2904
vn 0.6599 0.7071 -0.2539
vn 0.6599 0.7071 -0.2539
vn 0.6599 0.7071 -0.2539
vn 0.6611 0.7193 -0.2135
vn 0.6757 0.6233 -0.3936
vn 0.4989 0.7794 -0.3790
vn 0.4056 0.8548 -0.3237
vn 0.2423 0.9046 -0.3506
vn 0.4973 0.6779 -0.5415
vn 0.8369 0.3932 -0.3808
vn 0.9747 -0.0907 0.2041
vn -0.6376 0.1720 -0.7509
vn 0.5962 0.7222 -0.3507
vn 0.6634 0.7124 -0.2290
vn 0.6804 0.7074 -0.1913
vn -0.0000 1.0000 0.0000
vn -0.6599 -0.7071 0.2539
vn -0.6668 -0.7032 0.2466
vn -0.6637 -0.6932 0.2809
vn -0.6902 -0.6780 0.2528
vn -0.6994 -0.6764 0.2307
vn -0.6979 -0.6806 0.2229
vn -0.6727 -0.7089 0.2119
vn -0.6061 -0.4190 -0.6761
vn -0.9040 -0.3166 0.2872
vn -0.7593 -0.6117 0.2219
vn -0.6599 -0.7071 0.2539
vn -0.6599 -0.7071 0.2539
vn -0.6940 -0.6845 0.2231
vn -0.6743 -0.7379 0.0280
vn 0.0261 -0.9884 0.1494
vn -0.1277 -0.0576 0.9901
vn 0.7032 0.7071 -0.0745
vn 0.6704 0.7160 -0.1947
vn 0.6354 0.7656 -0.1006
vn 0.6580 0.7523 -0.0325
vn 0.7032 0.7071 -0.0745
vn 0.7032 0.7071 -0.0745
vn 0.7032 0.7071 -0.0745
vn 0.7032 0.7071 -0.0745
vn 0.7309 0.6791 -0.0678
vn 0.7032 0.7071 -0.0745
vn 0.7032 0.7071 -0.0745
vn 0.7032 0.7071 -0.0745
vn 0.6803 0.7305 -0.0597
vn 0.0746 0.7790 0.6225
vn -0.4462 0.8937 0.0473
vn -0.7408 -0.6682 0.0692
vn -0.7035 -0.6989 0.1289
vn -0.7032 -0.7071 0.0745
vn -0.7032 -0.7071 0.0745
vn -0.6938 -0.7086 0.1285
vn -0.6900 -0.7232 0.0300
vn -0.7004 -0.7108 0.0646
vn -0.7952 -0.6005 0.0844
vn -0.7032 -0.7071 0.0745
vn -0.4735 -0.3288 0.8171
vn -0.7399 -0.6675 0.0832
vn -0.6941 -0.7180 -0.0512
vn 0.5109 0.7819 0.3572
vn 0.6985 0.7071 0.1101
vn 0.6985 0.7071 0.1101
vn 0.6985 0.7071 0.1101
vn 0.6666 0.7344 0.1273
vn 0.7468 0.6616 0.0675
vn 0.6985 0.7071 0.1101
vn 0.6985 0.7071 0.1101
vn 0.6985 0.7071 0.1101
vn 0.6985 0.7071 0.1101
vn 0.6985 0.7071 0.1101
vn -0.0191 0.9461 -0.3232
vn 0.0326 0.9805 0.1937
vn 0.3669 0.9285 0.0578
vn -0.6985 -0.7071 -0.1101
vn -0.6985 -0.7071 -0.1101
vn -0.6985 -0.7071 -0.1101
vn -0.6985 -0.7071 -0.1101
vn -0.6338 -0.7619 -0.1336
vn -0.9391 0.0303 -0.3424
vn -0.2106 -0.6093 -0.7644
vn -0.6985 -0.7071 -0.1101
vn -0.6985 -0.7071 -0.1101
vn -0.6985 -0.7071 -0.1101
vn -0.7742 -0.6122 0.1609
vn -0.6985 -0.7071 -0.1101
vn -0.7100 -0.6935 -0.1224
vn -0.6945 -0.7057 -0.1400
vn -0.5380 -0.8389 -0.0819
vn -0.7876 -0.6078 0.1017
vn 0.3367 0.8250 0.4538
vn 0.6462 0.7071 0.2871
vn 0.6462 0.7071 0.2871
vn 0.6462 0.7071 0.2871
vn 0.6462 0.7071 0.2871
vn 0.8776 0.4709 -0.0895
vn 0.2618 0.9646 0.0328
vn 0.6462 0.7071 0.2871
vn 0.8317 0.5542 0.0326
vn 0.4372 0.8950 -0.0884
vn 0.4478 0.8911 -0.0732
vn 0.6791 0.7329 -0.0409
vn 0.5290 -0.3223 0.7851
vn 0.6462 0.7071 0.2871
vn 0.6462 0.7071 0.2871
vn 0.6462 0.7071 0.2871
vn 0.6462 0.7071 0.2871
vn 0.6462 0.7071 0.2871
vn 0.3572 0.8203 -0.4466
vn 0.6897 0.6480 -0.3231
vn 0.5881 0.1506 0.7946
vn 0.0000 1.0000 0.0000
vn -0.0000 1.0000 0.0000
vn -0.6461 -0.7073 -0.2870
vn -0.6460 -0.7072 -0.2874
vn -0.6462 -0.7071 -0.2871
vn -0.6462 -0.7071 -0.2871
vn -0.6462 -0.7071 -0.2871
vn -0.6462 -0.7071 -0.2871
vn -0.6776 -0.7123 -0.1832
vn -0.6242 -0.7580 -0.1890
vn -0.3771 -0.3726 -0.8479
vn -0.0204 -0.2730 -0.9618
vn -0.6462 -0.7071 -0.2871
vn -0.6462 -0.7071 -0.2871
vn -0.6462 -0.7071 -0.2871
vn 0.5499 0.7071 0.4446
vn 0.2905 0.8296 0.4768
vn 0.5499 0.7071 0.4446
vn 0.5499 0.7071 0.4446
vn 0.5499 0.7071 0.4446
vn 0.9118 0.4045 0.0704
vn 0.2087 0.9756 0.0679
vn 0.5499 0.7071 0.4446
vn 0.6459 0.2899 0.7062
vn 0.5498 0.7071 0.4446
vn 0.5499 0.7071 0.4446
vn 0.5499 0.7071 0.4446
vn 0.6562 0.7424 0.1354
vn 0.4297 0.8813 0.1965
vn 0.5499 0.7071 0.4446
vn 0.0845 0.9941 0.0683
vn 0.2361 0.9518 -0.1960
vn -0.5127 -0.7198 -0.4679
vn -0.5499 -0.7071 -0.4446
vn -0.5499 -0.7071 -0.4446
vn -0.5961 -0.6776 -0.4308
vn -0.5452 -0.6641 -0.5115
vn -0.4960 -0.6999 -0.5140
vn -0.2020 -0.5966 -0.7767
vn -0.6634 -0.5396 -0.5185
vn -0.6018 -0.6392 -0.4788
vn -0.0148 -0.3417 -0.9397
vn -0.5588 -0.6954 -0.4518
vn -0.4692 -0.7134 -0.5205
vn -0.4632 -0.6639 -0.5871
vn -0.1471 -0.8968 -0.4173
vn 0.4161 0.7071 0.5717
vn 0.7070 0.6826 0.1849
vn 0.2433 0.8738 0.4209
vn 0.4161 0.7071 0.5717
vn 0.4413 0.6940 0.5689
vn 0.3002 0.8943 0.3319
vn 0.4509 0.8203 0.3518
vn 0.6499 0.5058 0.5673
vn 0.4161 0.7071 0.5717
vn 0.4161 0.7071 0.5717
vn 0.4161 0.7071 0.5717
vn 0.4161 0.7071 0.5717
vn 0.4160 0.7071 0.5717
vn 0.4161 0.7071 0.5717
vn 0.6363 0.7318 0.2441
vn 0.5051 0.5649 0.6525
vn 0.0640 0.9941 0.0879
vn 0.2787 0.9518 -0.1282
vn -0.4161 -0.7071 -0.5717
vn -0.4161 -0.7071 -0.5717
vn -0.4161 -0.7071 -0.5717
vn -0.4668 -0.6887 -0.5548
vn -0.4026 -0.6642 -0.6299
vn -0.3845 -0.6704 -0.6346
vn -0.3640 -0.7162 -0.5954
vn -0.1571 -0.7288 -0.6664
vn -0.2405 -0.3856 -0.8908
vn -0.4161 -0.7071 -0.5717
vn -0.4161 -0.7071 -0.5717
vn -0.4161 -0.7071 -0.5718
vn -0.0147 -0.4888 -0.8723
vn -0.0227 -0.8184 -0.5742
vn 0.3744 0.6360 0.6748
vn 0.2539 0.7071 0.6599
vn 0.2539 0.7071 0.6599
vn 0.2539 0.7071 0.6599
vn 0.2558 0.7066 0.6598
vn 0.2632 0.7100 0.6532
vn 0.2618 0.7216 0.6410
vn 0.3671 0.8922 0.2632
vn 0.5092 0.7328 0.4514
vn 0.2519 0.3282 0.9104
vn 0.2539 0.7071 0.6599
vn -0.2212 0.0251 0.9749
vn 0.7559 0.0496 -0.6528
vn 0.2539 0.7071 0.6599
vn 0.0000 1.0000 0.0000
vn -0.2424 -0.7795 -0.5776
vn -0.1492 -0.7302 -0.6668
vn -0.2972 -0.6949 -0.6548
vn -0.2398 -0.6649 -0.7074
vn -0.2169 -0.6648 -0.7148
vn -0.1144 -0.8140 -0.5694
vn -0.6559 -0.6066 -0.4493
vn -0.2539 -0.7071 -0.6599
vn -0.1625 -0.7783 -0.6065
vn -0.2539 -0.7071 -0.6599
vn -0.2540 -0.7071 -0.6599
vn -0.1280 -0.6437 -0.7545
vn 0.1025 -0.7066 -0.7002
vn -0.1175 -0.9883 0.0968
vn -0.9836 -0.1713 -0.0567
vn 0.0745 0.7071 0.7032
vn 0.0745 0.7071 0.7032
vn 0.0745 0.7071 0.7032
vn 0.0745 0.7071 0.7032
vn 0.1480 0.6808 0.7174
vn 0.1379 0.7469 0.6505
vn 0.1097 0.7487 0.6538
vn 0.1076 0.7215 0.6840
vn 0.0744 0.7071 0.7032
vn 0.0745 0.7071 0.7032
vn 0.0745 0.7071 0.7032
vn 0.0738 0.7081 0.7022
vn 0.3224 0.9215 -0.2167
vn -0.2777 0.9581 0.0700
vn 0.0391 0.9285 0.3693
vn -0.0827 -0.7660 -0.6374
vn 0.0400 -0.7089 -0.7042
vn -0.0745 -0.7071 -0.7032
vn -0.0745 -0.7071 -0.7032
vn -0.0949 -0.7072 -0.7006
vn -0.0609 -0.7211 -0.6902
vn -0.0152 -0.7649 -0.6440
vn -0.0744 -0.7071 -0.7032
vn -0.5007 -0.5349 -0.6806
vn -0.0744 -0.7071 -0.7032
vn 0.0171 -0.5547 -0.8318
vn 0.1896 -0.6725 -0.7154
vn 0.1226 -0.8201 -0.5589
vn 0.1270 -0.8220 -0.5551
vn -0.1871 0.7392 0.6469
vn -0.1101 0.7071 0.6985
vn -0.1101 0.7071 0.6985
vn -0.1101 0.7071 0.6985
vn -0.1101 0.7071 0.6985
vn -0.1025 0.7605 0.6412
vn -0.0458 0.7406 0.6704
vn -0.0404 0.6670 0.7439
vn -0.0200 0.6542 0.7560
vn 0.0261 0.7876 0.6156
vn -0.1101 0.7071 0.6985
vn -0.1101 0.7071 0.6985
vn -0.1101 0.7071 0.6985
vn 0.2852 0.9519 0.1117
vn 0.1972 -0.5705 -0.7973
vn -0.0060 -0.7120 -0.7022
vn 0.5610 -0.5867 -0.5841
vn 0.1834 -0.1024 -0.9777
vn 0.4904 -0.1299 -0.8618
vn 0.7643 -0.6095 -0.2106
vn 0.2576 -0.7283 -0.6350
vn 0.2351 -0.6712 -0.7030
vn 0.1000 -0.6953 -0.7118
vn 0.1101 -0.7071 -0.6985
vn 0.1468 -0.6392 -0.7549
vn -0.0514 -0.5378 -0.8415
vn -0.2871 0.7071 0.6462
vn -0.2871 0.7071 0.6462
vn -0.2871 0.7071 0.6462
vn -0.2871 0.7071 0.6462
vn -0.0650 0.5844 0.8088
vn -0.0701 0.9251 0.3733
vn -0.2871 0.7071 0.6462
vn -0.1789 0.6251 0.7598
vn -0.0779 0.8105 0.5805
vn -0.8037 0.4179 0.4236
vn -0.2871 0.7071 0.6462
vn -0.2871 0.7071 0.6462
vn -0.2871 0.7071 0.6462
vn -0.2871 0.7071 0.6462
vn 0.7433 0.4632 0.4827
vn 0.9729 0.1542 -0.1723
vn 0.0871 -0.9857 0.1442
vn -0.0064 -1.0000 -0.0061
vn -0.0000 -1.0000 -0.0000
vn 0.0000 -1.0000 0.0000
vn -0.0000 -1.0000 -0.0000
vn -0.0963 -0.9947 -0.0362
vn -0.0939 -0.9951 -0.0325
vn 0.0137 -0.9995 0.0267
vn -0.0000 -1.0000 -0.0000
vn -0.0832 -0.9946 -0.0626
vn -0.0820 -0.9949 -0.0593
vn 0.0076 -0.9995 0.0308
vn -0.0000 -1.0000 -0.0000
vn -0.0529 -0.9948 -0.0871
vn -0.0791 -0.9931 -0.0871
vn -0.0731 -0.9946 -0.0732
vn -0.0471 -0.9964 -0.0702
vn -0.0404 -0.9981 -0.0460
vn -0.0197 -0.9990 -0.0413
vn -0.0288 -0.9934 -0.1115
vn -0.0348 -0.9929 -0.1135
vn -0.0358 -0.9992 -0.0163
vn 0.0000 -1.0000 0.0000
vn 0.0117 -0.9968 -0.0787
vn -0.0004 -0.9963 -0.0856
vn -0.0213 -0.9997 -0.0151
vn 0.0107 -0.9999 0.0076
vn -0.0094 -0.9999 -0.0095
vn 0.0088 -0.9999 0.0089
vn 0.0506 -0.9958 -0.0758
vn 0.0581 -0.9962 -0.0652
vn 0.0275 -0.9986 -0.0451
vn 0.0364 -0.9989 -0.0304
vn 0.1055 -0.9924 -0.0630
vn 0.1049 -0.9924 -0.0643
vn -0.0116 -0.9995 -0.0283
vn 0.0000 -1.0000 0.0000
vn 0.0889 -0.9959 -0.0144
vn 0.0828 -0.9960 -0.0330
vn 0.0896 -0.9960 0.0009
vn 0.0900 -0.9959 0.0033
vn -0.0021 -0.9998 -0.0217
vn 0.0000 -1.0000 0.0000
vn 0.0864 -0.9956 0.0371
vn 0.0862 -0.9960 0.0234
vn 0.0065 -0.9999 0.0110
vn -0.0860 0.9962 -0.0159
vn -0.0022 0.9997 -0.0223
vn 0.0000 1.0000 0.0000
vn -0.0862 0.9961 0.0189
vn -0.0821 0.9960 0.0350
vn -0.0082 0.9998 -0.0200
vn 0.0000 1.0000 0.0000
vn -0.0916 0.9917 0.0906
vn -0.0966 0.9920 0.0807
vn -0.0462 0.9988 0.0140
vn -0.0326 0.9988 0.0366
vn -0.0527 0.9960 0.0728
vn 0.0000 1.0000 0.0000
vn 0.0198 0.9951 0.0967
vn 0.0142 0.9955 0.0935
vn -0.0231 0.9997 -0.0105
vn 0.0000 1.0000 0.0000
vn 0.0652 0.9902 0.1235
vn 0.0575 0.9910 0.1209
vn -0.0046 0.9993 0.0359
vn 0.0291 0.9986 0.0435
vn 0.0562 0.9959 0.0713
vn 0.0657 0.9952 0.0723
vn 0.0849 0.9926 0.0871
vn 0.0974 0.9914 0.0871
vn 0.0127 0.9986 0.0516
vn 0.0000 1.0000 0.0000
vn 0.0666 0.9976 0.0180
vn 0.0743 0.9965 0.0387
vn 0.0161 0.9994 0.0314
vn 0.0000 1.0000 0.0000
vn 0.0718 0.9974 -0.0008
vn 0.0827 0.9965 0.0156
vn 0.0210 0.9995 0.0250
vn 0.0000 1.0000 0.0000
vn 0.0000 1.0000 0.0000
vn 0.0000 -1.0000 0.0000
vn 0.0000 -1.0000 0.0000
vn -0.0000 -1.0000 -0.0000
vn 0.0000 -1.0000 0.0000
vn -0.0000 -1.0000 -0.0000
vn 0.0000 -1.0000 0.0000
vn -0.0000 -1.0000 -0.0000
vn 0.0000 -1.0000 0.0000
vn -0.0000 -1.0000 -0.0000
vn 0.0000 -1.0000 0.0000
vn -0.0000 -1.0000 -0.0000
vn 0.0000 -1.0000 0.0000
vn -0.0000 -1.0000 -0.0000
vn -0.0000 -1.0000 -0.0000
vn 0.0000 -1.0000 0.0000
vn -0.0000 -1.0000 -0.0000
vn 0.0000 -1.0000 0.0000
vn -0.0000 -1.0000 -0.0000
vn 0.0000 -1.0000 0.0000
vn -0.0000 -1.0000 -0.0000
vn 0.0000 -1.0000 0.0000
vn 0.0000 -1.0000 -0.0000
vn 0.0000 -1.0000 0.0000
vn 0.0000 -1.0000 -0.0000
vn 0.0000 -1.0000 0.0000
vn 0.0000 -1.0000 -0.0000
vn 0.0000 -1.0000 0.0000
vn 0.0000 -1.0000 -0.0000
vn 0.0000 -1.0000 0.0000
vn 0.0000 -1.0000 -0.0000
vn 0.0000 -1.0000 0.0000
vn 0.0000 -1.0000 -0.0000
vn 0.0000 -1.0000 0.0000
vn 0.0000 -1.0000 -0.0000
vn 0.0000 -1.0000 0.0000
vn 0.0000 -1.0000 -0.0000
vn 0.0000 -1.0000 0.0000
vn 0.0000 -1.0000 -0.0000
vn 0.0000 -1.0000 0.0000
vn 0.0000 -1.0000 0.0000
vn 0.0000 -1.0000 0.0000
vn 0.0000 -1.0000 0.0000
vn 0.0000 -1.0000 0.0000
vn 0.0000 -1.0000 0.0000
vn 0.0000 -1.0000 0.0000
vn 0.0000 -1.0000 0.0000
vn -0.9986 -0.0206 0.0494
vn -1.0000 -0.0059 -0.0034
vn -0.9969 -0.0179 0.0768
vn -0.1280 -0.9914 -0.0287
vn -0.2518 -0.9637 -0.0892
vn -0.4066 -0.9100 -0.0806
vn -0.8707 -0.4709 0.1420
vn -0.7532 -0.6507 0.0963
vn -0.4737 -0.8294 -0.2960
vn -0.6029 -0.7582 -0.2485
vn -0.6071 -0.6808 0.4097
vn -0.2050 -0.9496 0.2372
vn -0.5017 -0.8182 -0.2807
vn -0.9967 -0.0633 -0.0501
vn -0.9735 -0.1114 -0.1996
vn -0.9572 0.2871 0.0380
vn -0.3144 -0.9323 -0.1788
vn -0.7484 -0.6552 -0.1034
vn -0.8528 -0.4965 -0.1620
vn -0.6735 -0.6530 -0.3463
vn -0.1941 -0.7295 0.6559
vn -0.1907 -0.8026 0.5653
vn -0.9000 0.0449 -0.4336
vn -0.9650 -0.0059 -0.2621
vn -0.9411 0.0061 -0.3382
vn -0.1211 -0.9906 -0.0642
vn -0.2522 -0.9584 -0.1338
vn -0.3606 -0.9223 -0.1392
vn -0.6955 -0.6147 -0.3720
vn -0.7934 -0.4776 -0.3772
vn -0.6732 -0.5815 -0.4568
vn -0.4999 -0.7521 -0.4295
vn -0.6933 -0.6690 0.2679
vn -0.2542 -0.9484 0.1898
vn -0.9412 -0.0066 -0.3378
vn -0.9102 -0.0740 -0.4075
vn -0.9581 -0.1241 -0.2580
vn -0.9045 -0.2439 -0.3499
vn -0.4547 -0.2136 -0.8646
vn -0.7954 0.4489 -0.4072
vn -0.2631 -0.9406 -0.2148
vn -0.2939 -0.9299 -0.2211
vn -0.7344 -0.6024 -0.3128
vn -0.8276 -0.4958 -0.2630
vn -0.8876 -0.0102 -0.4605
vn -0.8214 0.0104 -0.5702
vn -0.1013 -0.9906 -0.0919
vn -0.0962 -0.9913 -0.0894
vn -0.1990 -0.9558 -0.2163
vn -0.3227 -0.9046 -0.2785
vn -0.9459 -0.3017 -0.1193
vn -0.3735 -0.8761 -0.3047
vn -0.5538 -0.6536 -0.5159
vn -0.4301 -0.7242 -0.5390
vn -0.8190 0.0294 -0.5730
vn -0.7490 -0.2919 -0.5949
vn -0.8049 -0.1855 -0.5637
vn -0.7938 -0.1924 -0.5769
vn -0.1328 -0.9370 -0.3232
vn 0.3548 0.2300 -0.9062
vn -0.2836 -0.5522 -0.7840
vn -0.7562 0.1872 -0.6270
vn -0.7385 -0.0160 -0.6741
vn -0.6447 0.0117 -0.7644
vn -0.2711 -0.9505 -0.1522
vn -0.0976 -0.9843 -0.1472
vn -0.0970 -0.9844 -0.1468
vn -0.1923 -0.9142 -0.3567
vn -0.8621 -0.4091 -0.2990
vn -0.2530 -0.9279 -0.2737
vn -0.4278 -0.4898 -0.7597
vn -0.1854 -0.7073 -0.6822
vn -0.6912 -0.7134 -0.1154
vn -0.2783 -0.9525 0.1234
vn -0.3012 -0.7772 -0.5525
vn -0.6878 0.0674 -0.7228
vn -0.6404 0.0465 -0.7666
vn -0.0676 -0.9373 -0.3420
vn -0.2634 -0.4683 -0.8434
vn -0.2642 -0.4924 -0.8293
vn -0.4315 -0.3490 -0.8318
vn -0.3293 0.1556 -0.9313
vn -0.8954 -0.0747 -0.4390
vn -0.4203 -0.0254 -0.9070
vn -0.0672 -0.9747 -0.2134
vn -0.0638 -0.9198 -0.3871
vn -0.7641 -0.4080 -0.4997
vn -0.3638 -0.8066 -0.4659
vn -0.4929 -0.5397 -0.6825
vn 0.1203 -0.8752 -0.4685
vn -0.0427 -0.7401 -0.6711
vn -0.3355 -0.7702 -0.5424
vn -0.6784 -0.3768 -0.6307
vn -0.2229 -0.8420 -0.4912
vn -0.6368 -0.1367 -0.7588
vn -0.3060 -0.2546 -0.9173
vn -0.1031 -0.9009 -0.4215
vn -0.0099 -0.9868 -0.1614
vn -0.2868 -0.5502 -0.7842
vn -0.2861 -0.4965 -0.8195
vn -0.3333 -0.4594 -0.8233
vn -0.1306 0.0114 -0.9914
vn -0.1818 0.0065 -0.9833
vn -0.1713 0.0472 -0.9841
vn 0.0013 -0.9649 -0.2624
vn -0.0598 -0.9223 -0.3819
vn 0.3724 -0.5633 -0.7375
vn -0.6136 -0.2635 -0.7444
vn -0.0461 -0.8365 -0.5460
vn -0.0376 -0.7616 -0.6469
vn -0.0432 -0.7579 -0.6509
vn -0.6341 -0.6718 -0.3829
vn -0.2557 -0.9519 -0.1685
vn -0.1517 0.0346 -0.9878
vn 0.2669 -0.0464 -0.9626
vn -0.1480 0.4338 -0.8888
vn 0.0280 -0.9376 -0.3465
vn 0.8933 0.0382 -0.4478
vn -0.0891 -0.5924 -0.8007
vn 0.0612 -0.6941 -0.7173
vn -0.0455 -0.0111 -0.9989
vn -0.0113 -0.0052 -0.9999
vn 0.0288 -0.9914 -0.1280
vn 0.0890 -0.9629 -0.2547
vn 0.0806 -0.9100 -0.4066
vn -0.0479 -0.4837 -0.8739
vn 0.0023 -0.7460 -0.6660
vn 0.1739 -0.8284 -0.5325
vn 0.1359 -0.7695 -0.6240
vn -0.3898 -0.6885 -0.6115
vn -0.2824 -0.9438 -0.1719
vn -0.0236 -0.0822 -0.9963
vn 0.2521 -0.7916 -0.5566
vn -0.0347 -0.0581 -0.9977
vn 0.2042 -0.1133 -0.9724
vn -0.0457 0.1345 -0.9899
vn 0.0947 -0.9142 -0.3940
vn 0.0607 -0.7495 -0.6592
vn 0.1620 -0.4965 -0.8528
vn 0.2988 -0.6159 -0.7290
vn 0.4513 0.0495 -0.8910
vn 0.2624 -0.0055 -0.9649
vn 0.0990 -0.0291 -0.9947
vn 0.1230 -0.9658 -0.2284
vn 0.1224 -0.9636 -0.2377
vn 0.2274 -0.8955 -0.3825
vn 0.3874 -0.5789 -0.7175
vn 0.3728 -0.7261 -0.5778
vn 0.0506 -0.3248 -0.9444
vn 0.2334 -0.8571 -0.4592
vn -0.2247 -0.7511 -0.6207
vn -0.2282 -0.9438 -0.2392
vn 0.0393 -0.7363 -0.6755
vn 0.0658 -0.7546 -0.6529
vn 0.2949 -0.1715 -0.9400
vn 0.3499 -0.2439 -0.9045
vn 0.9037 -0.2019 -0.3776
vn 0.4009 0.3421 -0.8498
vn 0.2224 -0.8677 -0.4445
vn 0.2560 -0.7127 -0.6531
vn 0.3381 -0.5767 -0.7437
vn 0.2938 -0.5278 -0.7970
vn 0.2753 -0.2018 -0.9399
vn 0.9899 0.0628 -0.1271
vn 0.5693 0.0043 -0.8221
vn 0.1170 -0.9843 -0.1324
vn 0.0909 -0.9945 -0.0523
vn 0.1709 -0.9722 -0.1602
vn 0.3023 -0.9140 -0.2705
vn 0.1068 -0.2960 -0.9492
vn 0.3539 -0.8373 -0.4167
vn 0.5159 -0.6536 -0.5538
vn 0.5415 -0.7337 -0.4105
vn 0.5732 0.0297 -0.8189
vn 0.8464 -0.0329 -0.5315
vn 0.4624 0.5140 -0.7225
vn 0.2997 -0.9413 -0.1550
vn 0.8951 0.2480 0.3704
vn 0.8000 -0.5495 -0.2411
vn 0.7060 0.0396 -0.7071
vn 0.3473 0.0510 -0.9364
vn 0.6921 -0.5300 -0.4900
vn 0.4679 -0.2458 -0.8489
vn 0.8768 0.1332 0.4620
vn 0.7639 0.0059 -0.6453
vn 0.2249 -0.9559 -0.1891
vn 0.1186 -0.9910 -0.0619
vn 0.3363 -0.9266 -0.1683
vn 0.6944 -0.6054 -0.3890
vn 0.6948 -0.5908 -0.4101
vn 0.6730 -0.6199 -0.4035
vn 0.5984 -0.7860 -0.1554
vn 0.3476 -0.6621 -0.6639
vn 0.0405 -0.9901 -0.1344
vn 0.7697 0.0418 -0.6370
vn 0.7664 0.0434 -0.6409
vn 0.6293 -0.6230 -0.4646
vn 0.6371 -0.6132 -0.4670
vn 0.6476 -0.6321 -0.4256
vn 0.7075 -0.2066 -0.6758
vn 0.9014 0.1124 0.4181
vn 0.8407 -0.0130 -0.5413
vn 0.3204 -0.9387 -0.1271
vn 0.1669 -0.9844 -0.0557
vn 0.3864 -0.9195 -0.0725
vn 0.8015 -0.4954 -0.3348
vn 0.8068 -0.4366 -0.3980
vn 0.7025 -0.6057 -0.3736
vn 0.5655 -0.8239 -0.0387
vn 0.5383 -0.8369 -0.0997
vn 0.8898 -0.2912 -0.3512
vn 0.8712 -0.4147 -0.2626
vn 0.7843 -0.3064 -0.5394
vn 0.3573 -0.9340 0.0007
vn 0.7428 -0.6052 -0.2863
vn 0.8195 -0.4965 -0.2861
vn 0.8232 -0.4613 -0.3310
vn 0.9459 0.1124 -0.3043
vn 0.2099 -0.1910 -0.9589
vn 0.9995 0.0305 0.0106
vn 0.5358 -0.3901 0.7488
vn 0.2132 -0.9770 -0.0051
vn 0.2588 -0.9656 -0.0269
vn 0.2780 -0.9603 -0.0227
vn 0.7615 -0.3733 -0.5299
vn 0.3230 -0.9464 -0.0069
vn 0.6936 -0.7198 -0.0282
vn 0.7129 -0.6996 -0.0482
vn 0.8265 -0.5512 -0.1147
vn 0.7716 -0.6300 -0.0879
vn 0.9978 0.0228 0.0623
vn 0.9883 0.0035 0.1525
vn 0.8480 0.4970 -0.1844
vn 0.4398 -0.8889 -0.1281
vn 0.8793 -0.4761 -0.0098
vn 0.7458 -0.6409 0.1817
vn 0.9986 -0.0206 -0.0494
vn 1.0000 -0.0059 0.0034
vn 0.9964 0.0063 0.0842
vn 0.1299 -0.9911 0.0288
vn 0.2518 -0.9636 0.0894
vn 0.4076 -0.9094 0.0825
vn -0.5245 0.3912 -0.7562
vn 0.7938 -0.6079 -0.0170
vn 0.6451 -0.7638 0.0204
vn 0.5518 -0.8166 0.1691
vn 0.6257 -0.7701 0.1242
vn 0.6064 -0.6795 -0.4130
vn 0.1584 -0.9406 -0.3003
vn 0.6391 -0.7269 0.2515
vn 0.9947 0.0555 0.0861
vn 0.9920 0.0896 -0.0891
vn 0.9927 -0.0964 0.0718
vn 0.3721 -0.9203 0.1208
vn 0.0253 -0.1051 0.9941
vn 0.9599 -0.0916 0.2649
vn 0.8469 -0.5076 0.1584
vn 0.7268 -0.6265 0.2815
vn -0.1337 -0.9910 -0.0057
vn -0.3778 -0.9256 -0.0226
vn -0.7872 -0.6161 0.0251
vn -0.6907 -0.7230 -0.0149
vn -0.7323 -0.6757 0.0852
vn -0.6175 -0.7865 -0.0017
vn -0.9272 -0.1619 0.3379
vn -0.8899 -0.3707 0.2656
vn -0.8559 -0.4375 -0.2757
vn -0.8616 0.3374 0.3793
vn -0.3745 -0.9268 -0.0267
vn -0.5280 -0.8492 0.0035
vn -0.0821 0.6901 -0.7190
vn -0.1090 0.3652 -0.9245
vn -0.7870 -0.6087 0.1009
vn -0.8331 -0.5113 0.2110
vn 0.7769 -0.0414 0.6282
vn 0.7934 -0.3783 0.4769
vn 0.9054 0.0409 0.4225
vn 0.9649 -0.0055 0.2624
vn 0.9914 -0.0249 0.1287
vn 0.0000 -1.0000 -0.0000
vn -0.0000 -1.0000 -0.0000
vn 0.0000 -1.0000 0.0000
vn -0.7018 -0.6690 -0.2448
vn -0.0640 -0.9115 0.4064
vn -0.3781 -0.9256 0.0167
vn -0.1628 -0.9853 0.0524
vn 0.0000 -1.0000 0.0000
vn -0.0358 -0.9981 -0.0493
vn 0.0000 -1.0000 -0.0000
vn 0.0000 -1.0000 0.0000
vn 0.0000 -1.0000 -0.0000
vn 0.2142 -0.9453 -0.2459
vn -0.0661 -0.9590 0.2755
vn -0.3669 -0.9285 -0.0578
vn -0.0392 -0.9639 -0.2632
vn -0.0733 -0.9869 0.1434
vn -0.0000 -1.0000 -0.0000
vn -0.0747 -0.9957 0.0544
vn -0.1916 -0.9655 -0.1761
vn -0.2431 -0.9696 -0.0270
vn 0.0000 -1.0000 0.0000
vn 0.5687 -0.7756 0.2740
vn 0.1735 -0.9040 -0.3906
vn 0.0220 -0.9900 -0.1396
vn 0.2693 -0.9630 -0.0133
vn -0.0644 -0.9104 0.4088
vn -0.0607 0.9981 0.0131
vn -0.0000 1.0000 -0.0000
vn 0.0000 1.0000 0.0000
vn 0.0869 0.9962 -0.0065
vn 0.0878 0.9961 0.0032
vn 0.0038 0.9998 0.0217
vn -0.0020 0.9999 -0.0116
vn 0.0037 0.9999 0.0112
vn 0.0000 1.0000 0.0000
vn 0.0734 0.9958 -0.0545
vn 0.0765 0.9960 -0.0469
vn 0.0754 0.9961 -0.0457
vn 0.0693 0.9959 -0.0579
vn 0.0417 0.9989 -0.0215
vn 0.0326 0.9988 -0.0366
vn 0.0708 0.9919 -0.1054
vn 0.0799 0.9925 -0.0926
vn 0.0289 0.9959 -0.0862
vn 0.0357 0.9962 -0.0794
vn 0.0030 0.9958 -0.0915
vn -0.0004 0.9956 -0.0939
vn 0.0214 0.9997 0.0123
vn 0.0000 1.0000 0.0000
vn -0.0335 0.9950 -0.0936
vn -0.0279 0.9954 -0.0911
vn 0.0247 0.9997 0.0084
vn 0.0000 1.0000 0.0000
vn -0.1028 0.9846 -0.1414
vn -0.0935 0.9858 -0.1395
vn -0.0513 0.9940 -0.0964
vn -0.0915 0.9907 -0.1008
vn 0.0398 0.9992 0.0003
vn 0.0000 1.0000 0.0000
vn -0.0869 0.9955 -0.0368
vn -0.0945 0.9932 -0.0684
vn -0.0181 0.9987 -0.0480
vn 0.0000 1.0000 0.0000
vn -0.0698 0.9975 -0.0089
vn -0.0793 0.9965 -0.0275
vn -0.0189 0.9994 -0.0282
vn 0.0000 1.0000 0.0000
vn -0.0724 0.9973 0.0109
vn -0.0843 0.9964 -0.0034
vn -0.0227 0.9995 -0.0217
vn 0.0113 0.9999 0.0108
vn 0.2099 0.9643 -0.1615
vn -0.0000 -1.0000 -0.0000
vn 0.0998 -0.9948 0.0220
vn 0.0967 -0.9951 0.0183
vn -0.0162 -0.9996 -0.0243
vn -0.0000 -1.0000 -0.0000
vn 0.0907 -0.9946 0.0498
vn 0.0889 -0.9950 0.0463
vn -0.0109 -0.9995 -0.0289
vn -0.0000 -1.0000 -0.0000
vn 0.1029 -0.9893 0.1033
vn 0.0995 -0.9911 0.0890
vn 0.0460 -0.9989 0.0004
vn 0.0000 -1.0000 0.0000
vn 0.0412 -0.9946 0.0953
vn 0.0657 -0.9930 0.0980
vn 0.0759 -0.9878 0.1357
vn 0.0633 -0.9891 0.1330
vn 0.0484 -0.9987 0.0164
vn 0.0000 -1.0000 0.0000
vn -0.0007 -0.9969 0.0783
vn 0.0128 -0.9964 0.0844
vn 0.0235 -0.9996 0.0135
vn 0.0000 -1.0000 0.0000
vn -0.0229 -0.9967 0.0775
vn -0.0811 -0.9925 0.0910
vn -0.0229 -0.9983 0.0528
vn -0.0364 -0.9989 0.0304
vn -0.0741 -0.9961 0.0482
vn -0.0752 -0.9961 0.0461
vn -0.0767 -0.9960 0.0465
vn -0.0815 -0.9961 0.0348
vn 0.0068 -0.9998 0.0206
vn 0.0000 -1.0000 0.0000
vn -0.0898 -0.9957 -0.0243
vn -0.0891 -0.9959 -0.0165
vn 0.0004 -0.9998 0.0220
vn 0.2656 0.9592 0.0965
vn -0.0000 1.0000 -0.0000
vn 0.0000 1.0000 0.0000
vn -0.0000 1.0000 0.0000
vn 0.0000 1.0000 0.0000
vn -0.0000 1.0000 0.0000
vn 0.0000 1.0000 0.0000
vn -0.0000 1.0000 0.0000
vn 0.0000 1.0000 0.0000
vn -0.0000 1.0000 0.0000
vn 0.0000 1.0000 0.0000
vn -0.0000 1.0000 0.0000
vn 0.0000 1.0000 0.0000
vn -0.0000 1.0000 0.0000
vn 0.0000 1.0000 0.0000
vn -0.0000 1.0000 0.0000
vn 0.0000 1.0000 0.0000
vn -0.0000 1.0000 0.0000
vn 0.0000 1.0000 0.0000
vn -0.0000 1.0000 0.0000
vn 0.0000 1.0000 0.0000
vn 0.0000 1.0000 0.0000
vn 0.0000 1.0000 0.0000
vn 0.0000 1.0000 0.0000
vn 0.0000 1.0000 0.0000
vn 0.0000 1.0000 0.0000
vn 0.0000 1.0000 0.0000
vn 0.0000 1.0000 0.0000
vn 0.0000 1.0000 0.0000
vn 0.0000 1.0000 0.0000
vn 0.0000 1.0000 0.0000
vn 0.0000 1.0000 0.0000
vn 0.0000 1.0000 0.0000
vn 0.0000 1.0000 0.0000
vn 0.0000 1.0000 0.0000
vn 0.0000 1.0000 0.0000
vn 0.0000 1.0000 0.0000
vn 0.0000 1.0000 0.0000
vn 0.0000 1.0000 0.0000
vn 0.0000 1.0000 0.0000
vn 0.0000 1.0000 0.0000
vn 0.0000 1.0000 0.0000
vn 0.0000 1.0000 0.0000
vn 0.0000 1.0000 0.0000
vn 0.0000 1.0000 -0.0000
vn -0.2229 0.9711 -0.0850
vn 0.1417 -0.0265 -0.9895
vn 0.1369 -0.0293 -0.9902
vn 0.1369 -0.0310 -0.9901
vn 0.1397 -0.0236 -0.9899
vn 0.1530 -0.0377 -0.9875
vn 0.1547 -0.0392 -0.9872
vn 0.0911 -0.0615 -0.9939
vn 0.1597 -0.0407 -0.9863
vn 0.1503 -0.0361 -0.9880
vn 0.2059 -0.0606 -0.9767
vn 0.2507 0.0278 -0.9677
vn 0.1556 -0.0262 -0.9875
vn 0.1556 -0.0262 -0.9875
vn 0.1556 -0.0262 -0.9875
vn 0.1556 -0.0262 -0.9875
vn 0.1668 -0.0488 -0.9848
vn 0.1556 -0.0262 -0.9875
vn 0.1556 -0.0262 -0.9875
vn 0.1556 -0.0262 -0.9875
vn 0.1556 -0.0262 -0.9875
vn 0.1561 0.0093 -0.9877
vn 0.1492 -0.0303 -0.9883
vn 0.2362 -0.1359 -0.9621
vn 0.1336 -0.0535 -0.9896
vn 0.0040 0.0756 -0.9971
vn 0.1570 -0.0419 -0.9867
vn 0.1589 -0.0408 -0.9864
vn 0.1555 -0.0362 -0.9872
vn 0.1547 -0.0400 -0.9872
vn 0.1552 -0.0388 -0.9871
vn -0.9875 0.0262 -0.1556
vn -0.9875 0.0262 -0.1556
vn -0.9696 0.1912 -0.1528
vn -0.9691 0.1950 -0.1511
vn -0.8887 0.4360 -0.1416
vn -0.8582 0.5014 -0.1097
vn -0.7065 0.6974 -0.1208
vn -0.6168 0.7833 -0.0773
vn -0.5060 0.8579 -0.0899
vn -0.2136 0.9769 0.0061
vn -0.2863 0.9569 -0.0485
vn -0.0013 1.0000 0.0014
vn 0.0026 0.9999 -0.0135
vn 0.0982 0.9950 0.0155
vn 0.3533 0.9351 0.0266
vn 0.2994 0.9541 -0.0122
vn 0.5129 0.8548 0.0796
vn 0.7647 0.6383 0.0881
vn 0.7195 0.6939 0.0309
vn 0.8943 0.4244 0.1419
vn 0.9617 0.2425 0.1278
vn 0.9716 0.1806 0.1531
vn 0.9875 0.0262 0.1556
vn 0.9875 0.0262 0.1556
vn 0.8941 0.0000 0.4479
vn 0.9866 0.0003 0.1633
vn 0.4117 -0.4796 0.7749
vn 0.8706 -0.0007 0.4920
vn -0.5901 0.6020 -0.5379
vn 0.9808 0.1749 0.0864
vn 0.9400 0.3410 -0.0118
vn 0.5605 0.6319 -0.5354
vn 0.1141 0.9917 0.0594
vn 0.1839 0.9825 0.0285
vn 0.7340 -0.5973 0.3233
vn 0.2323 -0.4360 -0.8695
vn 0.3171 0.9457 -0.0713
vn 0.4018 0.9061 -0.1328
vn 0.1905 0.9271 -0.3227
vn 0.1175 0.9877 -0.1036
vn 0.6277 0.6380 -0.4460
vn 0.6455 0.4868 -0.5885
vn 0.8610 0.2745 -0.4281
vn 0.2372 0.6445 -0.7269
vn 0.5920 -0.2182 -0.7758
vn 0.0136 0.9943 -0.1060
vn 0.0564 0.3670 -0.9285
vn -0.0342 0.9487 -0.3144
vn 0.0432 0.2054 -0.9777
vn 0.0425 0.2459 -0.9684
vn -0.5758 0.6915 -0.4363
vn -0.9072 -0.2411 0.3449
vn -0.9268 0.3245 -0.1891
vn 0.6951 0.6021 0.3928
vn 0.6951 0.6026 0.3921
vn 0.8103 0.3635 0.4596
vn 0.5418 0.7903 0.2860
vn 0.5614 0.7449 0.3604
vn 0.3082 0.9333 0.1844
vn 0.3365 0.9242 0.1805
vn 0.4227 0.8684 0.2592
vn 0.1127 0.9911 0.0711
vn 0.1102 0.9917 0.0667
vn -0.0247 0.9997 0.0069
vn -0.1644 0.9864 -0.0047
vn -0.1217 0.9910 0.0559
vn -0.3655 0.9276 0.0775
vn -0.4169 0.8495 -0.3234
vn -0.7485 0.6280 0.2128
vn -0.7381 0.6414 0.2093
vn -1.0000 0.0008 -0.0021
vn -0.8663 0.4396 0.2372
vn -0.8431 0.4910 0.2196
vn -0.9915 0.1240 -0.0404
vn -0.8332 0.3033 -0.4623
vn -0.8611 0.1693 -0.4795
vn -0.8415 0.5397 0.0244
vn -0.7088 -0.6582 -0.2538
vn -0.9920 0.1191 -0.0420
vn -0.9916 0.1240 -0.0377
vn -0.9311 0.3630 -0.0354
vn -0.9211 0.3890 -0.0133
vn -0.6116 0.7892 0.0567
vn -0.5743 0.8092 0.1237
vn -0.5825 0.8107 0.0595
vn -0.3296 0.9429 0.0483
vn -0.3803 0.9246 0.0197
vn -0.1262 0.9917 0.0250
vn -0.1433 0.9890 0.0364
vn -0.0401 0.9992 0.0046
vn -0.0533 0.9985 -0.0133
vn -0.0783 0.9969 -0.0022
vn -0.3678 0.9236 -0.1079
vn -0.2355 0.9703 0.0549
vn -0.1331 0.9906 -0.0330
vn -0.8144 -0.1340 0.5646
vn -0.7859 0.5954 -0.1667
vn -0.8858 0.4203 -0.1966
vn -0.9032 0.3419 -0.2594
vn -0.9509 0.1360 -0.2781
vn -0.9451 0.1028 -0.3101
vn -0.8887 0.3241 -0.3244
vn -0.9273 0.1348 -0.3493
vn -0.9276 0.1351 -0.3484
vn -0.9201 0.0188 -0.3912
vn -0.7822 0.5823 -0.2217
vn -0.5844 0.8102 -0.0458
vn -0.6662 0.5692 -0.4819
vn -0.1884 0.9811 -0.0440
vn -0.0563 0.9984 -0.0068
vn -0.4645 0.8815 0.0845
vn -0.8531 0.5168 0.0713
vn -0.5796 0.8098 -0.0912
vn -0.3697 0.9280 -0.0461
vn -0.3728 0.9267 -0.0484
vn -0.1865 0.9821 -0.0245
vn -0.1224 0.9924 0.0093
vn -0.0465 0.9989 -0.0066
vn -0.3634 0.9190 -0.1527
vn -0.5948 0.7854 -0.1714
vn -0.3807 0.8794 -0.2860
vn -0.8850 -0.0083 -0.4655
vn -0.7036 0.6066 -0.3701
vn -0.9254 0.0846 0.3694
vn -0.7863 0.3788 -0.4882
vn -0.7623 0.3698 -0.5312
vn -0.2101 0.9767 -0.0431
vn -0.1873 0.9809 -0.0532
vn -0.1935 0.9771 -0.0890
vn -0.0492 0.9470 -0.3174
vn -0.1016 0.9891 -0.1061
vn -0.4588 0.8036 -0.3792
vn -0.5952 0.5905 -0.5450
vn -0.6150 0.6021 -0.5092
vn -0.7000 0.4026 -0.5898
vn -0.6725 0.4147 -0.6130
vn -0.6619 -0.0909 -0.7440
vn -0.6562 0.4087 -0.6344
vn -0.6161 0.1220 -0.7781
vn -0.9617 0.2367 0.1381
vn -0.3374 -0.3618 -0.8691
vn -0.3952 0.0427 -0.9176
vn -0.4491 0.8226 -0.3487
vn -0.3015 0.9216 -0.2445
vn -0.2858 0.9346 -0.2119
vn -0.1264 0.9880 -0.0886
vn -0.1173 0.9904 -0.0734
vn 0.0346 -0.9990 0.0277
vn -0.0351 0.9990 -0.0275
vn 0.0014 0.9999 0.0122
vn -0.0594 0.9925 -0.1068
vn -0.3573 0.7738 -0.5231
vn -0.3507 0.7616 -0.5450
vn -0.4775 0.1255 -0.8696
vn 0.0632 -0.2396 -0.9688
vn -0.6357 0.1689 -0.7532
vn -0.1302 0.0779 -0.9884
vn -0.4116 -0.1895 -0.8915
vn -0.4090 0.3177 -0.8554
vn -0.3343 0.7864 -0.5193
vn -0.0456 0.5540 -0.8312
vn -0.0042 0.7523 -0.6588
vn -0.2506 0.9235 -0.2904
vn 0.0318 0.9782 -0.2054
vn -0.3291 0.8490 -0.4134
vn -0.2321 0.9213 -0.3119
vn -0.2257 0.9242 -0.3081
vn -0.1586 0.9701 -0.1835
vn -0.0984 0.9871 -0.1263
vn -0.0748 0.9941 -0.0791
vn -0.0296 0.9987 -0.0410
vn -0.0144 0.9996 -0.0251
vn 0.0123 0.9856 -0.1685
vn -0.1547 0.9234 -0.3512
vn -0.1260 0.9361 -0.3283
vn -0.2133 0.8484 -0.4846
vn -0.2564 0.5943 -0.7623
vn -0.5562 0.3831 -0.7375
vn -0.3157 0.0392 -0.9480
vn -0.5245 -0.0594 -0.8493
vn -0.2472 -0.1468 -0.9578
vn -0.1639 0.4412 -0.8823
vn -0.2157 0.7786 -0.5892
vn -0.1600 0.7780 -0.6076
vn -0.0157 0.9917 -0.1272
vn -0.1078 0.9168 -0.3846
vn -0.2363 0.6134 -0.7536
vn -0.4074 0.7396 -0.5358
vn -0.3469 0.8295 -0.4376
vn -0.0213 0.6004 -0.7994
vn -0.4652 0.1377 -0.8744
vn 0.0159 0.1240 -0.9922
vn 0.0603 0.1063 -0.9925
vn 0.0482 0.1252 -0.9910
vn 0.5976 0.4966 -0.6294
vn 0.6932 0.0655 -0.7178
vn 0.2831 0.3792 -0.8809
vn 0.0723 0.5866 -0.8066
vn -0.0025 0.5811 -0.8138
vn -0.0242 0.6022 -0.7980
vn 0.1228 0.9894 -0.0778
vn 0.4745 0.6260 -0.6188
vn -0.0249 0.9402 -0.3398
vn -0.1617 0.9348 -0.3162
vn -0.0840 0.9307 -0.3561
vn -0.0223 0.9941 -0.1062
vn -0.0091 0.9943 -0.1062
vn -0.0093 0.9943 -0.1060
vn -0.0018 0.9966 -0.0829
vn 0.0050 0.9966 -0.0828
vn 0.0157 0.9947 -0.1019
vn 0.0103 0.9773 -0.2116
vn 0.0714 0.9397 -0.3345
vn 0.0546 0.9210 -0.3857
vn 0.0532 0.8469 -0.5290
vn 0.6699 0.7422 -0.0206
vn 0.2684 0.1239 -0.9553
vn 0.5937 0.0201 -0.8044
vn 0.2542 0.5042 -0.8253
vn -0.5175 -0.5783 -0.6307
vn 0.1930 0.1227 -0.9735
vn 0.1451 0.6339 -0.7596
vn -0.0548 0.7535 -0.6551
vn -0.0173 0.5856 -0.8104
vn 0.3284 0.4245 -0.8438
vn 0.1997 0.5941 -0.7792
vn 0.1476 0.6335 -0.7595
vn 0.1063 0.7861 -0.6088
vn 0.0981 0.8810 -0.4628
vn 0.0174 0.9943 -0.1052
vn 0.0151 0.9318 -0.3626
vn -0.0552 0.9383 -0.3415
vn 0.0523 0.9928 -0.1078
vn 0.1405 0.9395 -0.3123
vn 0.1793 0.9258 -0.3327
vn 0.1029 0.9636 -0.2468
vn -0.0451 0.0512 -0.9977
vn 0.5879 0.1222 -0.7996
vn 0.5866 0.1234 -0.8004
vn 0.5333 0.3812 -0.7552
vn 0.3802 0.1208 -0.9170
vn 0.5575 -0.2034 -0.8049
vn 0.4756 0.3675 -0.7993
vn 0.5108 0.3347 -0.7918
vn 0.4378 0.5939 -0.6750
vn 0.2524 0.7686 -0.5878
vn -0.0186 0.7555 -0.6549
vn 0.3444 0.5976 -0.7240
vn 0.2589 0.7874 -0.5594
vn 0.0771 0.9405 -0.3310
vn 0.1947 0.9079 -0.3712
vn 0.0400 0.9938 -0.1037
vn 0.0403 0.9940 -0.1022
vn 0.0452 0.9941 -0.0986
vn 0.0822 0.9904 -0.1112
vn 0.0760 0.9912 -0.1080
vn 0.3850 0.7690 -0.5103
vn 0.4395 0.7655 -0.4699
vn 0.3298 0.8135 -0.4789
vn 0.2349 0.9251 -0.2983
vn 0.1669 0.9477 -0.2721
vn 0.5997 0.3915 -0.6979
vn 0.7262 0.0685 -0.6841
vn 0.7805 -0.0929 -0.6182
vn 0.7469 -0.0317 -0.6642
vn 0.6745 0.3431 -0.6537
vn 0.6827 0.3408 -0.6464
vn 0.6646 0.3622 -0.6535
vn 0.7164 0.3605 -0.5973
vn 0.5713 0.5870 -0.5736
vn 0.4576 0.6140 -0.6431
vn 0.3830 0.8082 -0.4473
vn 0.4002 0.8054 -0.4373
vn 0.2477 0.9235 -0.2928
vn 0.0199 0.9822 -0.1869
vn 0.0352 0.9986 -0.0406
vn 0.0688 0.9970 -0.0355
vn 0.5511 0.7606 -0.3431
vn 0.3746 0.8610 -0.3441
vn 0.2640 0.9516 -0.1573
vn 0.1935 0.9674 -0.1635
vn 0.6555 0.6022 -0.4558
vn 0.8450 -0.0170 -0.5344
vn 0.8680 -0.2982 -0.3972
vn 0.6251 0.2205 -0.7487
vn 0.5122 0.8578 -0.0433
vn 0.9757 0.1842 0.1188
vn 0.9000 0.1260 -0.4172
vn 0.9059 0.1127 -0.4082
vn 0.8582 0.3246 -0.3977
vn 0.5048 0.7945 -0.3375
vn 0.3370 0.7695 -0.5425
vn 0.4996 0.7902 -0.3550
vn 0.4977 0.8045 -0.3243
vn 0.6671 0.7282 -0.1570
vn 0.1843 0.9478 -0.2601
vn 0.3189 0.9218 -0.2204
vn 0.0427 0.9989 -0.0189
vn 0.1445 0.9878 -0.0573
vn 0.1118 0.9915 -0.0660
vn 0.5255 0.8105 -0.2587
vn 0.3547 0.9242 -0.1416
vn 0.3230 0.9339 -0.1533
vn 0.9197 0.3511 -0.1758
vn 0.7623 0.2959 -0.5756
vn 0.7904 0.4330 -0.4333
vn 0.9684 0.2189 0.1196
vn 0.8617 0.0070 -0.5074
vn 0.9508 -0.1928 -0.2425
vn 0.8814 0.4436 -0.1625
vn 0.9402 0.3208 0.1150
vn 0.7739 0.6099 -0.1706
vn 0.3485 0.7631 0.5443
vn 0.8793 0.3725 0.2968
vn 0.6324 0.4601 -0.6231
vn 0.5717 0.7923 -0.2134
vn 0.6092 0.7720 -0.1815
vn 0.3522 0.9242 -0.1475
vn 0.2159 0.9751 -0.0499
vn 0.1006 0.9906 -0.0926
vn 0.0516 0.9985 -0.0200
vn 0.7410 0.5826 -0.3339
vn 0.4639 0.8580 -0.2206
vn 0.9300 0.3583 0.0821
vn 0.1416 0.9898 -0.0147
vn 0.3798 0.9242 -0.0408
vn 0.3796 0.9242 -0.0422
vn 0.7482 0.5822 -0.3180
vn 0.3490 0.9347 -0.0671
vn 0.4781 0.8776 -0.0361
vn 0.6050 0.7940 -0.0592
vn 0.6303 0.7758 -0.0278
vn 0.7977 0.6020 -0.0352
vn 0.1152 0.9933 -0.0050
vn 0.1277 0.9917 -0.0155
vn 0.1247 0.9915 -0.0364
vn 0.3784 0.9236 0.0612
vn 0.8167 0.5634 -0.1251
vn 0.8060 0.3450 -0.4810
vn 0.7840 0.5963 0.1725
vn 0.5031 0.8554 -0.1234
vn 0.9696 0.1659 0.1799
vn 0.9628 0.2607 0.0708
vn 0.7595 -0.1590 0.6308
vn 0.8437 0.4584 0.2793
vn 0.8609 0.4586 0.2201
vn 0.3778 0.9241 0.0577
vn 0.3501 0.9362 0.0312
vn 0.1944 0.9807 -0.0195
vn 0.1272 0.9917 0.0196
vn 0.1316 0.9911 -0.0192
vn 0.0571 0.9983 0.0072
vn 0.0552 0.9984 0.0083
vn 0.1319 0.9898 0.0535
vn 0.1238 0.9916 0.0365
vn 0.3638 0.9240 0.1177
vn 0.8243 0.5623 0.0655
vn 0.8462 0.5209 0.1125
vn 0.2682 0.9489 0.1661
vn 0.8275 0.5590 0.0537
vn 0.7818 0.6222 0.0400
vn 0.8007 0.3660 0.4743
vn 0.8062 0.3952 0.4403
vn -0.0517 0.9894 -0.1359
vn -0.0707 0.9861 -0.1506
vn -0.1149 0.9799 -0.1631
vn -0.8072 0.5896 0.0279
vn -0.5671 0.8027 -0.1845
vn -0.3449 0.9154 -0.2077
vn -0.5784 0.7718 -0.2640
vn -0.5778 0.7732 -0.2613
vn -0.6825 0.6268 -0.3758
vn -0.7124 0.6260 -0.3172
vn -0.6942 0.5672 -0.4431
vn -0.2095 0.9111 -0.3551
vn -0.3639 0.7753 -0.5163
vn -0.3765 0.7686 -0.5172
vn -0.4346 0.6020 -0.6699
vn -0.4413 0.5953 -0.6715
vn -0.5416 0.1417 -0.8286
vn -0.0226 0.8818 -0.4711
vn -0.0554 0.7815 -0.6214
vn -0.0409 0.7902 -0.6115
vn -0.0533 0.6020 -0.7967
vn -0.0541 0.6013 -0.7972
vn -0.0622 -0.1950 -0.9788
vn 0.1580 0.4061 -0.9001
vn 0.4853 -0.0186 -0.8741
vn 0.3796 0.6233 -0.6837
vn -0.0541 0.6581 -0.7510
vn 0.5731 0.1237 -0.8101
vn 0.6413 0.7528 -0.1483
vn 0.6792 0.5932 -0.4322
vn 0.6355 0.3904 -0.6662
vn 0.5512 0.6020 -0.5778
vn 0.5178 0.6021 -0.6078
vn 0.5260 0.5975 -0.6053
vn 0.8800 0.4162 -0.2289
vn 0.8046 0.5510 -0.2215
vn 0.9413 0.3357 0.0358
vn 0.9918 0.1244 0.0284
vn 0.9934 0.0797 0.0830
vn 0.9891 0.1366 0.0542
vn 0.1573 -0.1955 0.9680
vn 0.8568 0.5125 -0.0579
vn 0.7572 0.6168 -0.2150
vn 0.7938 0.4257 -0.4344
vn 0.7945 0.4644 0.3911
vn 0.7108 0.6042 0.3602
vn 0.7135 0.6020 0.3586
vn 0.5215 0.8120 0.2621
vn 0.5566 0.7897 0.2579
vn 0.3470 0.9240 0.1608
vn 0.3471 0.9240 0.1608
vn 0.1170 0.9917 0.0542
vn 0.1218 0.9911 0.0539
vn 0.4778 0.8747 0.0815
vn 0.6268 0.7741 0.0890
vn 0.5701 0.8149 0.1041
vn 0.7571 0.6250 0.1902
vn 0.7850 0.5977 0.1629
vn 0.9686 0.1423 0.2039
vn -0.9298 0.3636 -0.0571
vn -0.8150 0.3445 -0.4659
vn -0.8439 0.1248 -0.5218
vn -0.8136 0.0672 -0.5776
vn -0.8247 0.1229 -0.5520
vn -0.7861 0.1285 -0.6046
vn -0.9009 0.3834 -0.2036
vn -0.8748 0.3918 -0.2850
vn -0.9051 0.3462 -0.2467
vn -0.4629 0.3923 -0.7949
vn -0.4355 0.3903 -0.8112
vn -0.4827 0.3457 -0.8047
vn -0.6820 0.3417 -0.6466
vn -0.6487 0.3427 -0.6795
vn -0.6705 0.3453 -0.6567
vn -0.6268 0.3895 -0.6749
vn -0.6579 0.3901 -0.6442
vn 0.0499 0.3717 -0.9270
vn -0.0028 0.3717 -0.9284
vn -0.0329 0.3412 -0.9394
vn -0.7407 0.1809 -0.6470
vn -0.1880 0.3718 -0.9091
vn -0.2369 0.3717 -0.8976
vn -0.2561 0.3534 -0.8997
vn 0.2429 0.3953 -0.8858
vn 0.2505 0.3937 -0.8844
vn 0.2044 0.3404 -0.9178
vn -0.1427 0.2730 -0.9514
vn 0.6107 0.3817 -0.6939
vn 0.8150 0.3433 -0.4668
vn 0.8210 0.3918 -0.4153
vn 0.7789 0.3809 -0.4982
vn 0.6435 0.7560 -0.1199
vn 0.6807 0.7322 0.0242
vn 0.7980 0.6021 -0.0275
vn 0.8137 0.5813 0.0079
vn 0.9204 0.3893 0.0357
vn 0.8056 0.3439 0.4824
vn 0.7707 0.6340 0.0644
vn 0.1333 0.7207 0.6803
vn 0.9057 0.3500 -0.2392
vn 0.9012 0.3810 -0.2065
vn 0.7658 0.6278 0.1393
vn 0.7847 0.5815 0.2147
vn 0.8812 0.3899 0.2673
vn 0.6938 0.3332 0.6384
vn 0.7211 0.4272 0.5455
vn -0.7858 0.5937 -0.1734
vn -0.7776 0.6020 -0.1814
vn -0.7804 0.6017 -0.1699
vn -0.1468 0.9463 -0.2880
vn -0.4534 0.8009 -0.3912
vn -0.5556 0.6267 -0.5465
vn -0.5984 0.6288 -0.4965
vn -0.5705 0.5814 -0.5801
vn -0.1140 0.6364 -0.7629
vn -0.2016 0.6132 -0.7638
vn -0.1818 0.6015 -0.7779
vn -0.2493 0.6020 -0.7586
vn -0.2334 0.7689 -0.5953
vn -0.1952 0.7618 -0.6177
vn -0.2092 0.7740 -0.5976
vn -0.0004 1.0000 0.0025
vn 0.0461 0.9933 -0.1057
vn -0.0027 1.0000 0.0020
vn 0.0000 1.0000 0.0000
vn 0.0173 0.9998 -0.0131
vn -0.0019 1.0000 0.0037
vn 0.0000 1.0000 0.0000
vn -0.0008 1.0000 0.0020
vn 0.0001 1.0000 0.0000
vn 0.0001 1.0000 0.0000
vn 0.0000 1.0000 0.0000
vn 0.0011 1.0000 -0.0006
vn 0.0036 1.0000 -0.0022
vn 0.0000 1.0000 0.0001
vn -0.0046 1.0000 0.0030
vn 0.0140 0.9998 -0.0111
vn 0.0000 1.0000 0.0001
vn 0.0000 1.0000 0.0001
vn -0.0351 0.9993 0.0118
vn -0.0031 1.0000 0.0032
vn -0.0030 1.0000 0.0031
vn 0.0004 1.0000 0.0012
vn -0.0109 0.9999 0.0090
vn 0.0025 1.0000 -0.0008
vn 0.0001 1.0000 -0.0000
vn -0.4195 -0.8952 0.1506
vn 0.0656 0.9974 -0.0307
vn 0.0107 0.9999 -0.0043
vn -0.0879 0.9954 0.0371
vn -0.0011 1.0000 0.0022
vn -0.0015 1.0000 0.0007
vn -0.0000 1.0000 0.0001
vn -0.0000 1.0000 0.0001
vn 0.0000 1.0000 0.0001
vn -0.0017 1.0000 0.0011
vn -0.0181 0.9997 0.0171
vn 0.0065 1.0000 -0.0071
vn -0.0037 1.0000 0.0054
vn 0.0073 0.9999 -0.0131
vn -0.0015 1.0000 0.0029
vn 0.0198 0.9998 -0.0017
vn -0.0603 -0.9981 0.0089
vn -0.0023 1.0000 0.0027
vn -0.0136 0.9999 0.0060
vn -0.2062 0.9763 0.0658
vn -0.0044 1.0000 0.0051
vn 0.0044 1.0000 -0.0062
vn -0.0051 1.0000 0.0075
vn -0.9578 -0.0207 -0.2866
vn -0.9698 0.2353 -0.0649
vn -0.9912 0.0967 -0.0899
vn -0.1068 0.1225 0.9867
vn -0.0689 0.9975 0.0147
vn -0.1261 0.9919 -0.0128
vn -0.2516 0.9631 0.0961
vn -0.3805 0.9248 0.0083
vn -0.4402 0.8861 0.1455
vn -0.2612 0.9637 0.0552
vn -0.2282 0.9705 0.0779
vn -0.5207 0.8459 0.1156
vn -0.5327 0.8442 0.0593
vn -0.5083 0.3924 0.7665
vn -0.8721 0.4533 0.1841
vn -0.6884 0.7180 0.1033
vn -0.7127 0.6992 0.0570
vn -0.6705 0.7382 -0.0743
vn -0.6472 0.7107 0.2758
vn -0.9680 0.2464 0.0487
vn -0.7576 0.6456 0.0962
vn -0.7308 0.6665 0.1473
vn -0.9968 0.0778 0.0166
vn -0.0744 0.7072 -0.7031
vn -0.0745 0.7071 -0.7032
vn -0.0745 0.7071 -0.7032
vn -0.0745 0.7071 -0.7032
vn -0.0745 0.7071 -0.7032
vn -0.1133 0.6636 -0.7395
vn -0.0745 0.7071 -0.7032
vn -0.0745 0.7071 -0.7032
vn -0.8109 0.5579 0.1764
vn -0.9877 0.1481 -0.0510
vn -0.9079 0.3780 0.1813
vn -0.8981 0.3871 0.2089
vn -0.9861 -0.1643 0.0264
vn -0.9870 0.1591 -0.0219
vn -0.9432 0.3215 0.0835
vn 0.6783 0.2547 -0.6892
vn 0.9431 -0.1143 0.3122
vn 0.9046 -0.0906 0.4165
vn 0.9267 -0.0874 0.3655
vn 0.8929 -0.0131 0.4501
vn 0.8947 -0.0035 0.4467
vn 0.3014 -0.7090 -0.6376
vn 0.9424 -0.0282 0.3332
vn 0.8788 -0.0299 0.4763
vn 0.9056 -0.0741 0.4176
vn 0.9618 0.0000 0.2737
vn 0.9120 0.0833 0.4017
vn 0.9926 0.0000 0.1211
vn 0.9985 0.0000 0.0547
vn 0.9803 0.1762 0.0890
vn 0.9814 0.0000 0.1921
vn 0.9923 -0.0884 0.0863
vn 0.9848 0.0000 0.1736
vn 0.9973 0.0000 0.0738
vn 0.9994 -0.0189 0.0301
vn 1.0000 0.0000 0.0026
vn 0.9908 0.0090 -0.1347
vn 0.9882 0.0000 -0.1530
vn 0.8621 0.0000 -0.5068
vn 0.9969 -0.0021 -0.0792
vn 0.9967 0.0000 -0.0815
vn 0.9094 -0.1866 -0.3717
vn 0.9725 -0.0035 -0.2327
vn 0.9966 0.0117 -0.0820
vn 0.9907 -0.0028 -0.1364
vn 0.9891 0.0061 -0.1474
vn 0.9072 -0.0038 -0.4206
vn 0.9096 0.0000 -0.4155
vn 0.6268 0.0000 -0.7792
vn 0.8546 -0.0137 -0.5191
vn 0.8756 -0.0007 -0.4831
vn 0.9205 0.0027 -0.3908
vn 0.9081 -0.0316 -0.4176
vn 0.9366 -0.0006 -0.3503
vn 0.9342 0.0021 -0.3567
vn 0.7694 -0.0137 -0.6386
vn 0.7718 -0.0102 -0.6358
vn 0.7319 0.0000 -0.6814
vn 0.7299 0.0146 -0.6834
vn 0.8116 0.0017 -0.5842
vn 0.9925 0.0377 0.1166
vn 0.7290 0.0852 -0.6792
vn 0.5781 -0.0008 -0.8159
vn 0.4631 -0.0999 -0.8806
vn 0.4398 -0.0886 -0.8937
vn 0.5804 0.0000 -0.8143
vn 0.6720 0.0511 -0.7388
vn 0.9123 0.0000 -0.4095
vn 0.6167 0.0000 -0.7872
vn 0.5924 0.0005 -0.8057
vn 0.5786 -0.0074 -0.8156
vn 0.3787 0.0648 -0.9233
vn 0.3935 0.0044 -0.9193
vn 0.3813 0.0038 -0.9244
vn 0.3296 0.0111 -0.9441
vn 0.4501 -0.0131 -0.8929
vn 0.4753 -0.0901 -0.8752
vn 0.2679 -0.2670 -0.9257
vn 0.5341 0.0000 -0.8454
vn 0.3361 0.0000 -0.9418
vn 0.1930 -0.0789 -0.9780
vn 0.1913 -0.0778 -0.9784
vn 0.3287 -0.0228 -0.9441
vn 0.3788 0.0000 -0.9255
vn 0.0486 0.0000 -0.9988
vn -0.0171 0.0499 -0.9986
vn 0.0821 -0.0725 -0.9940
vn 0.4289 0.1523 -0.8904
vn 0.2731 0.0000 -0.9620
vn 0.0679 0.0000 -0.9977
vn 0.0175 -0.0170 -0.9997
vn -0.0041 0.0000 -1.0000
vn -0.1421 0.0101 -0.9898
vn -0.1592 -0.0000 -0.9872
vn -0.5348 -0.0000 -0.8450
vn -0.0862 -0.0011 -0.9963
vn -0.0878 0.0000 -0.9961
vn -0.3247 -0.1282 -0.9371
vn -0.1273 0.1085 -0.9859
vn -0.3321 0.1001 -0.9379
vn -0.2617 0.1137 -0.9584
vn -0.0314 -0.0914 -0.9953
vn -0.3063 0.0003 -0.9519
vn -0.9844 0.0606 0.1650
vn 0.2325 0.5571 -0.7972
vn -0.6289 -0.0719 -0.7741
vn -0.1295 0.0690 -0.9892
vn -0.4021 -0.0043 -0.9156
vn -0.4173 -0.0224 -0.9085
vn -0.3553 -0.0002 -0.9347
vn -0.9346 0.2404 -0.2622
vn -0.3404 0.1622 -0.9262
vn -0.5275 0.0705 -0.8467
vn 0.1308 -0.0010 -0.9914
vn -0.7262 0.0686 -0.6841
vn -0.6306 -0.0048 -0.7761
vn -0.5975 0.0038 -0.8018
vn -0.5835 0.0018 -0.8121
vn -0.6384 -0.0067 -0.7697
vn -0.6456 -0.0148 -0.7635
vn -0.6864 0.0000 -0.7273
vn -0.7381 -0.0000 -0.6747
vn -0.8310 -0.0020 -0.5562
vn -0.0154 0.0272 -0.9995
vn -0.7543 -0.1352 -0.6425
vn -0.8778 -0.0974 -0.4690
vn 0.1165 0.6804 -0.7235
vn -0.7485 -0.0000 -0.6632
vn -0.8190 -0.0000 -0.5739
vn -0.8359 -0.0195 -0.5485
vn -0.8580 0.0000 -0.5137
vn -0.9203 0.0052 -0.3913
vn -0.9274 -0.0000 -0.3742
vn -0.9502 -0.0000 -0.3118
vn -0.8951 -0.0117 -0.4457
vn -0.8980 0.0000 -0.4399
vn -0.9361 -0.0897 -0.3400
vn -0.9060 -0.0000 -0.4234
vn -0.9440 -0.0000 -0.3300
vn -0.9573 -0.0191 -0.2886
vn -0.9652 0.0000 -0.2615
vn -0.9413 0.0166 -0.3371
vn -0.9519 -0.0000 -0.3065
vn -0.9991 -0.0000 -0.0423
vn -0.5898 0.8070 -0.0305
vn -0.9814 0.1348 0.1369
vn -0.9999 0.0000 -0.0109
vn -0.9364 0.1795 -0.3015
vn -0.9889 -0.0000 -0.1487
vn -0.9981 -0.0000 -0.0615
vn -0.9999 -0.0135 -0.0053
vn -0.9999 0.0000 0.0104
vn -0.9623 0.0000 0.2719
vn -0.9874 -0.0669 0.1431
vn -0.9278 -0.0335 -0.3715
vn -0.9776 0.0001 0.2105
vn -0.9551 -0.0140 -0.2958
vn 0.9429 -0.0054 0.3331
vn -0.9267 0.0093 -0.3758
vn -0.9621 0.0204 0.2720
vn -0.9670 0.0000 0.2550
vn -1.0000 0.0000 -0.0053
vn -1.0000 0.0000 -0.0053
vn -0.9889 0.0000 -0.1487
vn -0.9889 0.0000 -0.1487
vn -0.9573 0.0000 -0.2890
vn -0.9573 0.0000 -0.2890
vn -0.9060 0.0000 -0.4234
vn -0.9060 0.0000 -0.4234
vn -0.8358 0.0000 -0.5490
vn -0.8358 0.0000 -0.5490
vn -0.7485 0.0000 -0.6632
vn -0.7485 0.0000 -0.6632
vn -0.6456 0.0000 -0.7637
vn -0.6456 0.0000 -0.7637
vn -0.5294 0.0000 -0.8484
vn -0.5294 0.0000 -0.8484
vn -0.4022 0.0000 -0.9156
vn -0.4022 0.0000 -0.9156
vn -0.2667 0.0000 -0.9638
vn -0.2667 0.0000 -0.9638
vn -0.1257 0.0000 -0.9921
vn -0.1257 0.0000 -0.9921
vn 0.0179 0.0000 -0.9998
vn 0.0179 0.0000 -0.9998
vn 0.2731 0.0000 -0.9620
vn 0.2829 -0.0125 -0.9591
vn 0.1943 -0.0119 -0.9809
vn 0.1859 0.0000 -0.9826
vn 0.5341 0.0000 -0.8454
vn 0.5424 -0.0124 -0.8400
vn 0.4647 -0.0120 -0.8854
vn 0.4568 0.0000 -0.8896
vn 0.6725 0.0000 -0.7401
vn 0.6725 0.0000 -0.7401
vn 0.7717 0.0000 -0.6360
vn 0.7717 0.0000 -0.6360
vn 0.8549 0.0000 -0.5188
vn 0.8549 0.0000 -0.5188
vn 0.9205 0.0000 -0.3907
vn 0.9205 0.0000 -0.3907
vn 0.9907 0.0000 -0.1363
vn 0.9907 0.0000 -0.1363
vn 0.9725 0.0000 -0.2328
vn 0.9725 0.0000 -0.2328
vn 0.9995 -0.0000 0.0305
vn 0.9995 0.0000 0.0305
vn 0.9848 -0.0000 0.1736
vn 0.9848 0.0000 0.1736
vn 0.9076 -0.0000 0.4197
vn 0.8971 -0.0320 0.4407
vn 0.9496 -0.0336 0.3117
vn -0.0745 0.7071 -0.7032
vn -0.0745 0.7071 -0.7032
vn -0.0745 0.7071 -0.7032
vn -0.5344 0.4947 -0.6853
vn 0.3140 0.0698 -0.9469
vn -0.0745 0.7071 -0.7032
vn -0.3279 0.3568 -0.8747
vn -0.5720 0.6622 -0.4840
vn -0.0745 0.7071 -0.7032
vn -0.0108 0.6486 -0.7611
vn -0.0745 0.7071 -0.7032
vn -0.1003 0.6455 -0.7571
vn -0.1421 0.7755 -0.6152
vn -0.1735 0.6125 -0.7712
vn -0.2948 0.7023 -0.6480
vn -0.8850 0.4536 0.1047
vn -0.9178 -0.2092 0.3375
vn -0.9247 -0.0591 -0.3762
vn -0.2229 -0.2339 0.9464
vn 0.0745 -0.7071 0.7032
vn 0.0783 -0.7959 0.6003
vn -0.0418 -0.7748 0.6309
vn -0.0587 -0.6514 0.7564
vn 0.0745 -0.7071 0.7032
vn 0.0745 -0.7071 0.7032
vn 0.0762 -0.6990 0.7111
vn 0.0630 -0.6808 0.7298
vn 0.1205 0.8139 -0.5683
vn -0.0525 0.7349 -0.6761
vn 0.1106 0.7070 -0.6985
vn 0.1097 0.7065 -0.6992
vn 0.1033 0.7044 -0.7022
vn 0.0075 0.7170 -0.6970
vn 0.0071 0.6712 -0.7412
vn 0.1101 0.7071 -0.6985
vn 0.3550 0.6283 -0.6923
vn 0.1281 0.6490 -0.7499
vn 0.1943 0.5988 -0.7770
vn -0.9860 -0.1615 -0.0408
vn -0.9971 -0.0371 0.0671
vn -0.1101 -0.7071 0.6985
vn -0.1101 -0.7071 0.6985
vn -0.1101 -0.7071 0.6985
vn -0.1840 -0.6019 0.7771
vn 0.0054 -0.7865 0.6175
vn -0.1539 -0.6714 0.7249
vn -0.0057 -0.6791 0.7340
vn -0.2644 -0.7570 0.5975
vn -0.1101 -0.7071 0.6985
vn -0.1101 -0.7071 0.6985
vn -0.2016 -0.6698 0.7146
vn 0.2720 0.7652 -0.5834
vn 0.3199 0.6998 -0.6388
vn 0.2871 0.7071 -0.6462
vn 0.2871 0.7071 -0.6462
vn 0.2871 0.7071 -0.6462
vn 0.2885 0.7056 -0.6472
vn 0.2282 0.2158 -0.9494
vn -0.3326 0.5912 -0.7348
vn 0.3178 0.6775 -0.6633
vn 0.3516 0.6424 -0.6809
vn 0.2871 0.7071 -0.6462
vn 0.9303 0.3195 -0.1803
vn 0.3158 0.6530 -0.6883
vn 0.1508 0.7806 -0.6065
vn 0.2169 0.6856 -0.6949
vn -0.7321 -0.3775 -0.5671
vn -0.7295 -0.3520 -0.5865
vn -0.9758 0.2091 -0.0632
vn -0.2871 -0.7071 0.6462
vn -0.2871 -0.7071 0.6462
vn -0.2871 -0.7071 0.6462
vn -0.2871 -0.7071 0.6462
vn -0.2871 -0.7071 0.6462
vn -0.3542 -0.6325 0.6888
vn -0.1840 -0.7708 0.6099
vn -0.2871 -0.7071 0.6462
vn -0.2871 -0.7071 0.6462
vn -0.2871 -0.7071 0.6462
vn -0.2896 -0.7286 0.6207
vn -0.2871 -0.7071 0.6462
vn -0.2871 -0.7071 0.6462
vn -0.2871 -0.7071 0.6462
vn -0.2871 -0.7071 0.6462
vn -0.2731 -0.6844 0.6760
vn -0.3591 -0.7210 0.5927
vn 0.6737 0.6685 -0.3150
vn 0.4158 0.7674 -0.4880
vn 0.3652 0.7417 -0.5627
vn 0.4454 0.7067 -0.5497
vn -0.1777 0.1017 -0.9788
vn -0.0872 0.3216 -0.9428
vn 0.4256 0.4646 -0.7766
vn 0.1147 0.6439 -0.7565
vn 0.4446 0.7071 -0.5499
vn 0.4446 0.7071 -0.5499
vn 0.4446 0.7071 -0.5499
vn 0.4445 0.7071 -0.5499
vn 0.4707 0.5922 -0.6540
vn 0.2406 0.8813 -0.4068
vn -0.7180 0.3900 -0.5765
vn -0.7262 0.4646 -0.5067
vn -0.4852 -0.6795 0.5502
vn -0.5402 -0.8170 0.2018
vn -0.4446 -0.7071 0.5499
vn -0.4446 -0.7071 0.5499
vn -0.4446 -0.7071 0.5499
vn -0.4446 -0.7071 0.5499
vn -0.4446 -0.7071 0.5499
vn -0.5215 -0.6314 0.5739
vn -0.3367 -0.8984 0.2821
vn -0.4161 -0.8618 0.2903
vn -0.6192 -0.6060 0.4994
vn -0.9212 -0.2587 0.2906
vn -0.4393 -0.8982 -0.0187
vn -0.4801 -0.7346 0.4794
vn -0.2811 -0.7563 0.5907
vn -0.5566 -0.6567 0.5088
vn -0.6399 -0.6742 0.3688
vn 0.5717 0.7071 -0.4161
vn 0.5717 0.7071 -0.4161
vn 0.5722 0.7068 -0.4159
vn 0.5712 0.7072 -0.4166
vn 0.5717 0.7071 -0.4161
vn 0.5717 0.7071 -0.4161
vn 0.5717 0.7071 -0.4161
vn 0.7643 0.4217 -0.4878
vn 0.1742 0.6491 -0.7405
vn 0.2811 0.7425 -0.6080
vn -0.5841 -0.1102 -0.8041
vn -0.4458 -0.2823 -0.8494
vn -0.6378 -0.7203 0.2727
vn -0.4603 -0.7606 0.4578
vn -0.5717 -0.7071 0.4161
vn -0.5717 -0.7071 0.4161
vn -0.5717 -0.7071 0.4161
vn -0.5717 -0.7071 0.4161
vn -0.5717 -0.7071 0.4161
vn -0.5929 -0.7180 0.3646
vn -0.5636 -0.7310 0.3848
vn -0.5717 -0.7071 0.4161
vn -0.6842 -0.6506 0.3296
vn -0.7373 -0.6736 0.0525
vn -0.7005 -0.7122 0.0460
vn 0.6331 0.7214 -0.2806
vn 0.6599 0.7071 -0.2539
vn 0.6599 0.7071 -0.2539
vn 0.6599 0.7071 -0.2539
vn 0.6599 0.7071 -0.2539
vn 0.6613 0.7069 -0.2511
vn 0.6591 0.7073 -0.2557
vn 0.6599 0.7071 -0.2539
vn 0.6599 0.7071 -0.2539
vn 0.6803 0.6845 -0.2620
vn 0.6356 0.7235 -0.2693
vn 0.4535 0.6987 -0.5534
vn 0.6204 0.6838 -0.3842
vn 0.6496 0.6955 -0.3072
vn 0.6440 0.7014 -0.3056
vn -0.3603 -0.5872 -0.7248
vn -0.3373 -0.3720 -0.8648
vn -0.6599 -0.7071 0.2539
vn -0.6599 -0.7071 0.2539
vn -0.6599 -0.7071 0.2539
vn -0.5592 -0.7960 0.2318
vn -0.6183 -0.7756 0.1265
vn -0.7356 -0.6680 0.1124
vn -0.6727 -0.7225 0.1596
vn -0.6599 -0.7071 0.2539
vn -0.6599 -0.7071 0.2539
vn -0.6599 -0.7071 0.2539
vn 0.6841 0.7042 -0.1898
vn -0.6599 -0.7071 0.2539
vn -0.6599 -0.7071 0.2539
vn 0.7032 0.7071 -0.0745
vn 0.7038 0.7065 -0.0738
vn 0.7041 0.7061 -0.0754
vn 0.7040 0.7062 -0.0757
vn 0.5903 0.7935 -0.1480
vn 0.9706 0.0269 -0.2393
vn 0.4911 0.7146 -0.4982
vn 0.7032 0.7071 -0.0745
vn 0.7320 0.6789 -0.0573
vn 0.7032 0.7071 -0.0745
vn 0.7575 0.6390 0.1336
vn 0.7032 0.7071 -0.0745
vn 0.7032 0.7071 -0.0745
vn 0.7032 0.7071 -0.0745
vn -0.1430 -0.3337 -0.9318
vn 0.0476 0.4497 -0.8919
vn -0.5669 -0.8121 0.1383
vn -0.7032 -0.7071 0.0745
vn -0.7032 -0.7071 0.0745
vn -0.9719 -0.1922 -0.1362
vn -0.3140 -0.9387 -0.1421
vn -0.7032 -0.7071 0.0745
vn -0.8438 -0.4903 -0.2180
vn -0.4557 -0.8595 -0.2314
vn -0.6865 -0.7154 0.1301
vn -0.7032 -0.7071 0.0745
vn -0.7562 -0.6534 -0.0343
vn -0.7120 -0.6696 -0.2114
vn -0.6273 -0.7468 -0.2208
vn -0.7061 -0.7072 0.0354
vn 0.7148 0.6909 0.1084
vn 0.6999 0.7023 0.1299
vn 0.6986 0.7069 0.1108
vn 0.6992 0.7064 0.1097
vn 0.6993 0.7064 0.1092
vn 0.6986 0.7072 0.1090
vn 0.6985 0.7071 0.1101
vn 0.7221 0.6824 0.1135
vn 0.6985 0.7071 0.1101
vn 0.6614 0.5497 0.5102
vn 0.6985 0.7071 0.1101
vn 0.6985 0.7071 0.1101
vn 0.7101 0.6923 0.1284
vn 0.6193 0.7586 0.2025
vn -0.0337 -0.1280 -0.9912
vn 0.0221 0.1228 -0.9922
vn -0.5655 -0.6944 -0.4449
vn -0.3637 -0.9107 -0.1957
vn -0.2982 -0.9400 0.1656
vn -0.6985 -0.7071 -0.1101
vn -0.6985 -0.7071 -0.1101
vn -0.6985 -0.7071 -0.1101
vn -0.6985 -0.7071 -0.1101
vn -0.6354 -0.7413 -0.2163
vn -0.7280 -0.6782 -0.1006
vn -0.6534 -0.6731 -0.3463
vn -0.5084 -0.6496 -0.5653
vn 0.8447 0.5348 0.0209
vn 0.6462 0.7071 0.2871
vn 0.6462 0.7071 0.2871
vn 0.6462 0.7071 0.2871
vn 0.6462 0.7071 0.2871
vn 0.6478 0.7051 0.2884
vn 0.6481 0.7059 0.2858
vn 0.6470 0.7073 0.2848
vn 0.6089 0.4129 -0.6773
vn 0.8808 0.2775 0.3836
vn 0.6882 0.6588 0.3040
vn 0.6462 0.7071 0.2871
vn 0.6462 0.7071 0.2871
vn 0.6462 0.7071 0.2871
vn 0.6474 0.6829 0.3384
vn 0.6379 0.7503 0.1735
vn 0.6953 0.6851 0.2172
vn 0.2179 -0.5059 -0.8346
vn 0.4332 0.1909 -0.8808
vn -0.6462 -0.7071 -0.2871
vn -0.6462 -0.7071 -0.2871
vn -0.6462 -0.7071 -0.2871
vn -0.6462 -0.7071 -0.2871
vn -0.6462 -0.7071 -0.2871
vn -0.8687 -0.4362 -0.2348
vn -0.9026 -0.4266 0.0578
vn -0.4472 -0.8921 0.0638
vn -0.6462 -0.7071 -0.2871
vn -0.6462 -0.7071 -0.2871
vn -0.7472 -0.6288 -0.2150
vn -0.6378 -0.7131 -0.2910
vn -0.5502 -0.7366 -0.3933
vn -0.6885 -0.6915 -0.2188
vn 0.5499 0.7071 0.4446
vn 0.5553 0.7051 0.4410
vn 0.5541 0.7032 0.4456
vn 0.5537 0.7031 0.4462
vn 0.5468 0.7064 0.4495
vn 0.9540 0.2994 -0.0155
vn 0.5499 0.7071 0.4446
vn 0.5499 0.7071 0.4446
vn 0.5499 0.7071 0.4446
vn 0.5499 0.7071 0.4446
vn 0.6018 0.6634 0.4447
vn 0.5087 0.7517 0.4198
vn 0.5679 0.6858 0.4552
vn 0.5732 0.0735 -0.8161
vn 0.5945 0.3165 -0.7392
vn -0.5466 -0.7104 -0.4434
vn -0.2446 -0.7571 -0.6058
vn -0.2293 -0.9700 -0.0813
vn -0.4830 -0.7967 -0.3634
vn -0.2414 -0.6762 -0.6960
vn -0.1844 -0.9330 -0.3091
vn -0.5230 -0.6512 -0.5499
vn -0.5016 -0.6102 -0.6133
vn -0.3001 -0.8239 -0.4808
vn -0.4327 -0.7067 -0.5598
vn -0.5499 -0.7071 -0.4446
vn -0.5317 -0.6529 -0.5394
vn -0.2905 -0.6679 -0.6852
vn -0.4358 -0.4092 -0.8017
vn 0.3333 -0.6643 -0.6690
vn 0.3426 -0.6731 -0.6554
vn -0.6657 -0.3862 -0.6385
vn 0.4713 0.6315 0.6157
vn 0.4243 0.6512 0.6292
vn 0.1306 0.1925 0.9726
vn 0.9233 -0.3256 -0.2038
vn 0.4170 0.7072 0.5709
vn 0.4161 0.7071 0.5717
vn 0.4161 0.7071 0.5717
vn 0.4255 0.6910 0.5844
vn 0.4472 0.6500 0.6144
vn 0.6483 0.6958 0.3091
vn 0.2094 0.9668 0.1468
vn 0.4553 0.5884 0.6682
vn 0.6156 0.7017 0.3587
vn 0.8029 0.3913 -0.4496
vn 0.5244 -0.6117 -0.5923
vn -0.2639 -0.7026 -0.6609
vn -0.1775 -0.6660 -0.7245
vn -0.2216 -0.9498 -0.2209
vn -0.4161 -0.7071 -0.5717
vn -0.4161 -0.7071 -0.5717
vn -0.4161 -0.7071 -0.5717
vn -0.3890 -0.6792 -0.6224
vn -0.3230 -0.7395 -0.5906
vn -0.3228 -0.7384 -0.5921
vn -0.4831 -0.6598 -0.5756
vn 0.0151 -0.6107 -0.7917
vn 0.0229 -0.6962 -0.7175
vn 0.3386 0.5651 0.7524
vn 0.0603 0.7193 0.6921
vn 0.5139 0.6418 0.5692
vn 0.2158 0.6050 0.7664
vn 0.2537 0.7065 0.6607
vn 0.3083 0.6870 0.6581
vn 0.2062 0.6774 0.7061
vn 0.2539 0.7071 0.6599
vn 0.2626 0.6827 0.6819
vn 0.2539 0.7071 0.6599
vn 0.2539 0.7071 0.6599
vn 0.2540 0.7071 0.6599
vn 0.2697 0.5440 0.7946
vn 0.5232 0.6767 0.5180
vn 0.3044 0.8262 0.4740
vn 0.3090 0.6944 0.6499
vn 0.9367 0.0374 -0.3482
vn 0.6759 -0.5838 -0.4498
vn 0.8898 0.0627 0.4521
vn -0.2533 -0.7080 -0.6592
vn -0.2537 -0.7082 -0.6588
vn -0.2539 -0.7071 -0.6599
vn -0.1332 -0.6592 -0.7400
vn -0.1469 -0.8479 -0.5095
vn -0.2539 -0.7071 -0.6599
vn -0.2539 -0.7071 -0.6599
vn -0.2603 -0.6910 -0.6743
vn -0.1368 -0.7614 -0.6337
vn -0.2540 -0.7071 -0.6599
vn -0.2213 -0.6705 -0.7081
vn -0.1302 -0.8225 -0.5537
vn -0.2839 -0.6732 -0.6828
vn -0.1644 -0.7274 -0.6662
vn 0.0297 0.7724 0.6345
vn 0.1565 0.6995 0.6972
vn 0.0745 0.7071 0.7032
vn 0.0745 0.7071 0.7032
vn 0.0741 0.7051 0.7053
vn 0.1268 0.7223 0.6798
vn 0.1707 0.1960 0.9656
vn 0.6978 0.5491 0.4599
vn 0.3183 0.6701 0.6706
vn 0.2785 0.5203 0.8073
vn -0.0671 0.6760 0.7338
vn 0.2844 0.6052 0.7436
vn 0.9934 0.0120 0.1142
vn 0.8880 -0.4566 -0.0538
vn 0.7590 -0.5323 -0.3748
vn -0.0745 -0.7071 -0.7032
vn -0.0745 -0.7071 -0.7032
vn 0.1281 -0.6732 -0.7283
vn 0.0380 -0.8203 -0.5707
vn -0.0989 -0.8663 -0.4896
vn 0.1562 -0.6412 -0.7513
vn -0.0063 -0.7576 -0.6527
vn -0.0505 -0.7185 -0.6937
vn -0.0360 -0.7256 -0.6872
vn 0.1114 -0.6585 -0.7443
vn 0.2165 -0.6711 -0.7090
vn 0.1773 -0.7809 -0.5990
vn -0.0360 -0.7096 -0.7036
vn -0.0846 0.7113 0.6978
vn -0.1120 0.7257 0.6788
vn -0.1101 0.7071 0.6985
vn -0.1107 0.7059 0.6996
vn -0.0439 0.7170 0.6957
vn -0.1763 0.6765 0.7150
vn 0.1170 0.7805 0.6141
vn 0.1712 0.4647 0.8688
vn -0.1100 0.7071 0.6985
vn -0.1101 0.7071 0.6985
vn -0.1100 0.7071 0.6985
vn -0.6047 0.4879 0.6295
vn -0.0632 0.9138 0.4012
vn -0.1080 0.7366 0.6676
vn 0.9415 0.1711 0.2902
vn 0.8799 -0.4731 0.0444
vn 0.6810 -0.4550 -0.5737
vn 0.1100 -0.7071 -0.6985
vn 0.0682 -0.6633 -0.7452
vn 0.1101 -0.7071 -0.6985
vn 0.1101 -0.7071 -0.6985
vn 0.1101 -0.7071 -0.6985
vn 0.1101 -0.7071 -0.6985
vn 0.1763 -0.7168 -0.6747
vn 0.1430 -0.7360 -0.6617
vn 0.1101 -0.7071 -0.6985
vn 0.3570 -0.6713 -0.6495
vn 0.3736 -0.6780 -0.6331
vn 0.3210 -0.7608 -0.5640
vn 0.8535 -0.2154 0.4744
vn -0.7574 0.3614 0.5438
vn -0.2871 0.7071 0.6462
vn -0.2871 0.7071 0.6462
vn -0.2871 0.7071 0.6462
vn -0.2871 0.7071 0.6462
vn -0.1707 0.7577 0.6299
vn -0.1902 0.6164 0.7641
vn -0.1491 0.6318 0.7607
vn -0.3620 0.6312 0.6860
vn -0.3057 0.6895 0.6567
vn -0.2871 0.7071 0.6462
vn -0.2871 0.7071 0.6462
vn -0.2871 0.7071 0.6462
vn -0.2626 0.7177 0.6449
vn -0.9350 0.3222 0.1483
vn -0.9426 -0.0041 0.3340
vn 0.4146 -0.8843 0.2148
vn 0.7473 -0.6591 0.0846
vn 0.7204 -0.6824 0.1239
vn 0.7279 -0.6187 0.2957
vn 0.7408 -0.6052 0.2916
vn 0.1969 -0.9767 0.0854
vn 0.1565 -0.9837 0.0892
vn 0.3657 -0.9019 0.2299
vn 0.3680 -0.9056 0.2106
vn 0.4483 -0.8925 0.0497
vn 0.7034 -0.6294 0.3302
vn 0.5960 -0.7405 0.3107
vn 0.6735 -0.6331 0.3815
vn 0.5810 -0.7397 0.3395
vn 0.6096 -0.7230 0.3251
vn 0.5873 -0.7030 0.4012
vn 0.9078 -0.0223 0.4188
vn 0.9069 -0.0259 0.4206
vn 0.9412 -0.0029 0.3379
vn -0.3095 -0.2479 -0.9180
vn -0.4234 -0.4745 -0.7718
vn 0.5037 -0.8022 0.3207
vn 0.3834 -0.7798 -0.4949
vn 0.4496 -0.6159 -0.6469
vn 0.2870 -0.7071 -0.6462
vn 0.2871 -0.7071 -0.6462
vn 0.2871 -0.7071 -0.6462
vn 0.2871 -0.7071 -0.6462
vn 0.9246 0.1053 0.3662
vn 0.9665 -0.1012 0.2361
vn 0.9566 -0.2802 0.0800
vn 0.5880 -0.7957 0.1453
vn 0.8587 -0.1552 0.4884
vn 0.8759 -0.1188 0.4676
vn -0.4959 -0.6763 -0.5447
vn -0.9389 0.0151 -0.3438
vn -0.9999 0.0000 0.0116
vn -0.9203 0.0000 0.3912
vn -0.9811 -0.1363 0.1371
vn -0.9841 -0.1477 0.0988
vn -0.9792 0.0911 0.1812
vn -0.9657 0.2568 -0.0384
vn -0.9670 0.0000 0.2550
vn -0.9995 0.0000 0.0309
vn -0.9998 0.0201 -0.0058
vn -0.9992 0.0000 -0.0410
vn -0.9989 0.0049 0.0459
vn -0.9983 0.0000 0.0578
vn -0.9655 0.0000 -0.2603
vn -0.9409 -0.0846 -0.3279
vn -0.9641 0.0000 -0.2657
vn -0.9376 -0.3013 0.1735
vn -0.9889 0.0000 -0.1487
vn -0.9704 0.0000 -0.2417
vn -0.9571 0.0172 -0.2893
vn -0.9505 0.0000 -0.3106
vn -0.8985 -0.0100 -0.4388
vn -0.8908 0.0000 -0.4544
vn -0.8586 0.0000 -0.5127
vn -0.9215 0.0006 -0.3884
vn -0.9212 0.0000 -0.3892
vn -0.8875 0.0420 -0.4589
vn -0.9059 -0.0061 -0.4235
vn -0.8358 0.0046 -0.5491
vn -0.8422 0.0175 -0.5388
vn -0.8120 -0.0004 -0.5836
vn -0.7302 0.0043 -0.6832
vn -0.7340 0.0000 -0.6792
vn -0.6873 0.0000 -0.7264
vn -0.6452 0.0129 -0.7639
vn -0.6799 -0.0016 -0.7333
vn -0.7485 0.0035 -0.6631
vn -0.7360 0.0234 -0.6765
vn -0.7806 0.0002 -0.6251
vn -0.7767 -0.0017 -0.6299
vn 0.6285 0.1291 -0.7670
vn -0.5266 -0.1148 -0.8423
vn -0.1762 0.0231 -0.9841
vn -0.5507 -0.0023 -0.8347
vn -0.5594 -0.0077 -0.8289
vn -0.5895 -0.0012 -0.8077
vn -0.6212 -0.0002 -0.7837
vn -0.6422 -0.1000 -0.7600
vn 0.0164 -0.1292 -0.9915
vn -0.6732 0.0618 -0.7369
vn -0.9527 0.0000 -0.3038
vn -0.3060 0.0000 -0.9520
vn -0.2764 -0.0313 -0.9605
vn -0.3537 0.1306 -0.9262
vn -0.1987 0.0895 -0.9760
vn -0.7191 -0.6856 -0.1135
vn -0.4022 0.0000 -0.9156
vn -0.2950 0.0000 -0.9555
vn -0.2663 0.0195 -0.9637
vn -0.2255 0.0000 -0.9742
vn -0.0899 -0.0049 -0.9959
vn -0.0716 0.0000 -0.9974
vn -0.0053 0.0000 -1.0000
vn -0.1495 0.0119 -0.9887
vn -0.1431 0.0000 -0.9897
vn -0.0357 0.0914 -0.9952
vn -0.1257 0.0000 -0.9921
vn -0.0246 0.0000 -0.9997
vn 0.0183 0.0194 -0.9996
vn 0.0474 0.0000 -0.9989
vn 0.1792 0.0784 -0.9807
vn 0.0219 0.0000 -0.9998
vn 0.2662 0.0000 -0.9639
vn 0.1915 0.0772 -0.9785
vn 0.2716 0.0000 -0.9624
vn 0.0217 -0.1556 -0.9876
vn 0.2773 0.1359 -0.9511
vn 0.2454 0.1339 -0.9601
vn 0.1870 0.1147 -0.9756
vn 0.3583 -0.0388 -0.9328
vn 0.3723 -0.0638 -0.9259
vn 0.4600 0.0000 -0.8879
vn 0.5179 0.0000 -0.8554
vn 0.4575 0.0693 -0.8865
vn 0.2602 -0.0089 -0.9655
vn 0.5421 0.0165 -0.8402
vn 0.6034 0.1077 -0.7901
vn 0.3022 -0.0438 -0.9522
vn 0.7565 0.0428 -0.6526
vn 0.6717 -0.0738 -0.7372
vn 0.6789 -0.0036 -0.7342
vn 0.6455 -0.0056 -0.7638
vn 0.6289 -0.0002 -0.7775
vn 0.5831 0.0004 -0.8124
vn 0.9231 0.0075 -0.3844
vn 0.8501 -0.1059 -0.5158
vn 0.6826 0.0000 -0.7308
vn 0.6626 -0.0724 -0.7454
vn 0.7717 0.0024 -0.6360
vn 0.8046 -0.0007 -0.5938
vn 0.8363 -0.0087 -0.5482
vn 0.8326 -0.0134 -0.5538
vn 0.8773 0.0064 -0.4799
vn 0.9948 0.0145 -0.1012
vn 0.7582 -0.0222 -0.6517
vn 0.9232 -0.1790 -0.3401
vn 0.9192 0.0000 -0.3939
vn 0.9205 0.0034 -0.3908
vn 0.9937 -0.0126 -0.1115
vn 0.9888 -0.0325 -0.1457
vn 0.9241 0.0795 -0.3739
vn 0.9964 -0.0072 -0.0849
vn 0.9979 0.0000 -0.0653
vn 1.0000 -0.0000 0.0013
vn 0.9902 0.0038 -0.1397
vn 0.9776 0.0802 -0.1947
vn 0.9678 0.2478 0.0444
vn 0.9747 0.0000 -0.2236
vn 0.9998 0.0000 -0.0176
vn 0.9994 0.0173 0.0309
vn 0.9986 0.0000 0.0534
vn 0.9711 0.1134 0.2098
vn 0.9998 -0.0000 0.0213
vn 0.9622 -0.0000 0.2725
vn 0.9054 0.0280 0.4237
vn 0.9672 0.0000 0.2542
vn 0.9848 0.0000 0.1736
vn 0.9852 -0.1699 0.0210
vn 0.9387 0.0000 0.3448
vn 0.9758 0.1118 0.1877
vn 0.9895 0.0086 0.1441
vn 0.8791 0.0007 0.4766
vn 0.9684 0.0616 0.2416
vn 0.9444 0.0138 0.3284
vn 0.8355 0.0124 0.5493
vn 0.9249 0.0838 0.3707
vn 0.9398 0.0051 0.3416
vn -0.9389 0.0152 -0.3438
vn -0.9342 0.0192 -0.3563
vn -0.9564 0.0407 0.2892
vn -0.9670 0.0000 0.2550
vn -1.0000 0.0000 -0.0053
vn -1.0000 0.0000 -0.0053
vn -0.9889 0.0000 -0.1487
vn -0.9889 0.0000 -0.1487
vn -0.9573 0.0000 -0.2890
vn -0.9573 0.0000 -0.2890
vn -0.9060 0.0000 -0.4234
vn -0.9060 0.0000 -0.4234
vn -0.8358 0.0000 -0.5490
vn -0.8358 0.0000 -0.5490
vn -0.7485 0.0000 -0.6632
vn -0.7485 0.0000 -0.6632
vn -0.6456 0.0000 -0.7637
vn -0.6456 0.0000 -0.7637
vn -0.5294 0.0000 -0.8484
vn -0.5294 0.0000 -0.8484
vn -0.4022 0.0000 -0.9156
vn -0.4022 0.0000 -0.9156
vn -0.2667 0.0000 -0.9638
vn -0.2667 0.0000 -0.9638
vn -0.1257 0.0000 -0.9921
vn -0.1257 0.0000 -0.9921
vn 0.0179 0.0000 -0.9998
vn 0.0179 0.0000 -0.9998
vn 0.2829 0.0000 -0.9592
vn 0.2829 0.0000 -0.9592
vn 0.1859 0.0000 -0.9826
vn 0.1859 0.0000 -0.9826
vn 0.5425 0.0000 -0.8401
vn 0.5425 0.0000 -0.8401
vn 0.4568 0.0000 -0.8896
vn 0.4568 0.0000 -0.8896
vn 0.6725 0.0000 -0.7401
vn 0.6725 0.0000 -0.7401
vn 0.7717 0.0000 -0.6360
vn 0.7717 0.0000 -0.6360
vn 0.8549 0.0000 -0.5188
vn 0.8549 0.0000 -0.5188
vn 0.9205 0.0000 -0.3907
vn 0.9205 0.0000 -0.3907
vn 0.9907 0.0000 -0.1363
vn 0.9893 0.0121 -0.1453
vn 0.9725 0.0121 -0.2327
vn 0.9747 0.0000 -0.2236
vn 0.9995 -0.0000 0.0305
vn 0.9995 0.0000 0.0305
vn 0.9848 -0.0000 0.1736
vn 0.9848 0.0000 0.1736
vn 0.9094 -0.0000 0.4159
vn 0.9056 -0.0121 0.4239
vn 0.9447 -0.0126 0.3276
vn 0.9875 -0.0262 0.1556
vn 0.9875 -0.0262 0.1556
vn 0.0922 -0.9956 0.0145
vn 0.2767 -0.9608 0.0184
vn 0.2079 -0.9776 0.0328
vn 0.5577 -0.8254 0.0879
vn 0.5023 -0.8578 0.1089
vn 0.7075 -0.6975 0.1133
vn 0.8144 -0.5521 0.1787
vn 0.8890 -0.4360 0.1401
vn 0.9696 -0.1912 0.1528
vn 0.9696 -0.1912 0.1528
vn 0.0003 -1.0000 -0.0049
vn 0.0006 -1.0000 -0.0095
vn -0.2339 -0.9718 -0.0299
vn -0.2168 -0.9756 -0.0342
vn -0.5169 -0.8521 -0.0815
vn -0.4634 -0.8812 -0.0934
vn -0.6202 -0.7783 -0.0977
vn -0.7884 -0.5946 -0.1576
vn -0.8327 -0.5384 -0.1294
vn -0.9585 -0.2432 -0.1489
vn -0.9572 -0.2472 -0.1508
vn -0.9875 -0.0262 -0.1556
vn -0.9875 -0.0262 -0.1556
vn -0.1575 0.0069 0.9875
vn -0.1556 0.0262 0.9875
vn -0.1540 0.0087 0.9880
vn -0.1556 0.0262 0.9875
vn -0.1556 0.0262 0.9875
vn -0.1556 0.0262 0.9875
vn -0.1556 0.0519 0.9864
vn -0.0408 0.0248 0.9989
vn -0.1988 -0.0074 0.9800
vn -0.1556 0.0262 0.9875
vn -0.1556 0.0262 0.9875
vn -0.1556 0.0262 0.9875
vn -0.1556 0.0262 0.9875
vn -0.1556 0.0262 0.9875
vn -0.1556 0.0262 0.9875
vn -0.1556 0.0262 0.9875
vn -0.1556 0.0262 0.9875
vn -0.1556 0.0262 0.9875
vn -0.1556 0.0262 0.9875
vn -0.1556 0.0262 0.9875
vn -0.1556 0.0262 0.9875
vn -0.1556 0.0262 0.9875
vn -0.1556 0.0262 0.9875
vn -0.1556 0.0262 0.9875
vn -0.1556 0.0262 0.9875
vn -0.1556 0.0262 0.9875
vn -0.1556 0.0262 0.9875
vn -0.1556 0.0262 0.9875
vn -0.1556 0.0262 0.9875
vn -0.1556 0.0262 0.9875
vn -0.1556 0.0262 0.9875
vn -0.1311 0.0606 0.9895
vn -0.1556 0.0262 0.9875
vn -0.1556 0.0262 0.9875
vn -0.1556 0.0262 0.9875
vn -0.1556 0.0262 0.9875
vn -0.1556 0.0262 0.9875
vn -0.1556 0.0262 0.9875
vn -0.1556 0.0262 0.9875
vn 0.0890 0.1527 0.9843
vn 0.3062 -0.0099 0.9519
vn 0.0894 -0.9910 -0.0992
vn 0.7935 -0.5943 -0.1307
vn 0.6213 -0.6000 -0.5040
vn 0.7283 -0.6000 -0.3310
vn 0.2976 -0.5941 -0.7474
vn 0.6978 -0.3967 -0.5964
vn -0.3435 -0.5947 -0.7269
vn -0.8871 -0.2385 -0.3951
vn -0.9607 -0.1699 -0.2195
vn -0.2163 -0.9762 -0.0162
vn -0.7622 -0.6444 0.0612
vn -0.8866 -0.4554 0.0804
vn -0.8349 -0.4209 -0.3546
vn -0.3809 -0.8751 -0.2984
vn -0.7330 -0.5125 -0.4473
vn -0.2950 -0.8787 -0.3754
vn -0.4502 -0.6575 -0.6041
vn -0.0230 -0.8458 -0.5330
vn -0.0113 -0.9911 -0.1328
vn -0.0024 -0.6103 -0.7921
vn 0.3016 -0.7674 -0.5658
vn 0.1416 -0.7904 -0.5960
vn 0.2358 -0.3241 -0.9162
vn 0.3904 -0.5797 -0.7153
vn 0.1377 -0.9558 -0.2599
vn 0.0599 0.2391 -0.9691
vn 0.1181 -0.2342 -0.9650
vn 0.6069 -0.6672 -0.4319
vn 0.5692 0.6087 -0.5528
vn 0.2264 -0.9736 0.0275
vn 0.1648 -0.9856 -0.0382
vn 0.2192 -0.9755 -0.0182
vn 0.8686 -0.4560 -0.1942
vn 0.2855 -0.8884 0.3594
vn 0.4376 -0.8874 0.1451
vn 0.5687 -0.7874 0.2379
vn 0.8062 -0.5871 -0.0729
vn 0.2757 -0.9600 0.0478
vn 0.3665 -0.9194 0.1424
vn 0.1509 -0.9884 0.0150
vn 0.1139 -0.9914 0.0636
vn 0.3643 -0.9240 0.1161
vn 0.7590 -0.5862 0.2833
vn 0.5279 -0.8275 0.1914
vn 0.7998 -0.5945 0.0827
vn 0.9902 0.1015 0.0956
vn 0.7829 -0.4763 0.4002
vn 0.9915 -0.1213 0.0474
vn 0.9919 -0.1255 0.0195
vn 0.9943 -0.1064 0.0013
vn 0.8643 -0.5026 -0.0169
vn 0.9897 -0.1345 -0.0493
vn 0.9898 -0.1240 -0.0705
vn 0.8270 -0.5510 -0.1116
vn 0.5996 -0.7928 0.1093
vn 0.7015 -0.6514 -0.2891
vn 0.3750 -0.9242 0.0724
vn 0.4136 -0.9082 0.0643
vn 0.1250 -0.9909 0.0498
vn 0.1256 -0.9909 0.0473
vn 0.0543 -0.9985 0.0104
vn 0.0537 -0.9985 0.0132
vn 0.3608 -0.9282 -0.0905
vn 0.3664 -0.9301 -0.0265
vn 0.3978 -0.9166 -0.0405
vn 0.7932 -0.6012 -0.0968
vn 0.9045 -0.3671 -0.2169
vn 0.9081 -0.3669 -0.2020
vn 0.9063 -0.3195 -0.2768
vn 0.0866 -0.8102 -0.5797
vn 0.6132 -0.7891 -0.0355
vn 0.6169 -0.7863 -0.0331
vn 0.6109 -0.7874 -0.0820
vn 0.3967 -0.9140 -0.0856
vn 0.1747 -0.9842 -0.0294
vn 0.2279 -0.9685 0.1007
vn 0.1331 -0.9910 -0.0163
vn 0.1333 -0.9911 -0.0009
vn 0.0478 -0.9989 -0.0028
vn 0.0471 -0.9989 -0.0079
vn 0.5480 -0.8105 -0.2067
vn 0.3515 -0.9276 -0.1269
vn 0.3527 -0.9269 -0.1281
vn 0.8897 -0.3144 -0.3311
vn 0.2460 -0.8995 0.3611
vn 0.6967 -0.6673 -0.2634
vn 0.7340 -0.5904 -0.3357
vn 0.7406 -0.6002 -0.3023
vn 0.8512 -0.3983 -0.3419
vn 0.8293 -0.4126 -0.3769
vn 0.8718 -0.1240 -0.4739
vn 0.8708 -0.1220 -0.4763
vn 0.7496 -0.4705 -0.4655
vn 0.6418 -0.1149 -0.7582
vn 0.6269 -0.2682 -0.7315
vn 0.1168 -0.7100 -0.6945
vn 0.1411 -0.9595 -0.2439
vn 0.1946 -0.9804 -0.0297
vn 0.1476 -0.9883 -0.0390
vn 0.1424 -0.9866 -0.0793
vn 0.0755 -0.9753 -0.2074
vn 0.0495 -0.9986 -0.0172
vn 0.0485 -0.9986 -0.0215
vn 0.0586 -0.9976 -0.0358
vn 0.2415 -0.9510 -0.1933
vn 0.7878 -0.5024 -0.3562
vn 0.6188 -0.5925 -0.5158
vn 0.6380 -0.6002 -0.4825
vn 0.8013 0.1586 -0.5768
vn 0.7707 0.1233 -0.6252
vn 0.7224 -0.1239 -0.6802
vn 0.7052 -0.1060 -0.7010
vn 0.6880 -0.1184 -0.7160
vn 0.6791 -0.0993 -0.7273
vn 0.5531 -0.6120 -0.5653
vn 0.5343 -0.7697 -0.3493
vn 0.0282 -0.9992 0.0281
vn 0.1552 -0.9860 -0.0616
vn 0.1622 -0.9776 -0.1342
vn 0.7631 -0.3881 -0.5167
vn 0.6392 -0.5588 -0.5284
vn 0.5144 -0.1164 -0.8496
vn 0.6859 -0.2353 -0.6886
vn 0.3731 -0.0041 -0.9278
vn 0.6736 -0.7377 -0.0466
vn 0.6922 0.6878 0.2186
vn 0.3823 -0.7787 -0.4975
vn -0.0974 -0.6648 -0.7406
vn 0.0493 -0.9599 -0.2759
vn -0.0016 -0.9907 -0.1359
vn 0.0084 -0.9999 -0.0122
vn 0.0670 -0.9942 -0.0839
vn 0.1678 -0.9851 -0.0367
vn -0.0612 -0.8575 -0.5108
vn 0.2775 -0.9387 -0.2045
vn 0.2737 -0.8821 -0.3833
vn 0.3335 -0.4364 -0.8356
vn 0.0633 -0.0906 -0.9939
vn 0.2751 -0.1153 -0.9545
vn 0.2479 -0.1036 -0.9632
vn 0.2639 -0.1317 -0.9555
vn 0.2172 -0.3949 -0.8927
vn -0.1189 -0.0252 -0.9926
vn -0.1613 -0.3687 -0.9155
vn 0.1381 -0.9392 -0.3144
vn 0.2254 -0.8694 -0.4397
vn 0.2734 -0.7834 -0.5581
vn -0.2335 -0.6406 -0.7315
vn -0.0078 -0.9596 -0.2814
vn 0.0431 -0.9863 -0.1590
vn 0.0529 -0.9334 -0.3549
vn 0.0568 -0.9365 -0.3462
vn 0.1789 -0.5951 -0.7835
vn 0.0181 -0.1159 -0.9931
vn -0.0030 -0.1100 -0.9939
vn -0.0053 -0.1067 -0.9943
vn -0.4724 -0.5629 -0.6783
vn -0.5587 -0.2890 -0.7774
vn 0.1172 -0.5305 -0.8396
vn -0.0899 -0.0188 -0.9958
vn 0.1244 0.1103 -0.9861
vn 0.0925 -0.6313 -0.7700
vn 0.0629 -0.6048 -0.7939
vn 0.0811 -0.7873 -0.6112
vn 0.1343 -0.7868 -0.6024
vn 0.0494 -0.5820 -0.8117
vn 0.4227 -0.8655 -0.2688
vn -0.3736 -0.4730 -0.7980
vn 0.0821 -0.7864 -0.6122
vn 0.1091 -0.9356 -0.3359
vn 0.0502 -0.8807 -0.4710
vn 0.0201 -0.9935 -0.1117
vn 0.0150 -0.9930 -0.1173
vn 0.0191 -0.9928 -0.1181
vn 0.0481 -0.9940 -0.0981
vn 0.0433 -0.9930 -0.1096
vn 0.0529 -0.9928 -0.1075
vn 0.0533 -0.9927 -0.1078
vn 0.0572 -0.9934 -0.0997
vn 0.0047 -0.9969 -0.0791
vn -0.0017 -0.9970 -0.0779
vn -0.0181 -0.9914 -0.1296
vn -0.0380 -0.9206 -0.3887
vn -0.0368 -0.9213 -0.3872
vn 0.0083 -0.9776 -0.2104
vn 0.2705 -0.0420 -0.9618
vn -0.1303 0.1438 -0.9810
vn -0.4984 -0.5482 -0.6716
vn -0.5304 -0.3746 -0.7605
vn -0.6659 -0.3553 -0.6560
vn -0.1313 -0.9298 -0.3439
vn -0.2755 -0.0857 -0.9575
vn -0.2535 -0.1156 -0.9604
vn -0.2112 -0.5611 -0.8004
vn -0.4216 -0.3579 -0.8332
vn -0.3449 -0.7994 -0.4920
vn 0.0721 -0.6544 -0.7527
vn -0.2159 -0.5723 -0.7912
vn -0.0715 -0.8800 -0.4696
vn -0.0789 -0.7647 -0.6395
vn -0.0936 -0.7968 -0.5970
vn -0.1818 -0.6262 -0.7581
vn -0.0040 -0.5973 -0.8020
vn -0.6656 -0.4252 -0.6134
vn -0.0343 -0.9930 -0.1128
vn 0.0044 -0.9315 -0.3636
vn -0.0539 -0.9205 -0.3871
vn -0.0180 -0.9824 -0.1858
vn 0.0830 -0.9864 -0.1415
vn -0.0073 -0.9985 -0.0540
vn -0.1357 -0.9213 -0.3645
vn -0.2318 -0.7873 -0.5713
vn -0.2041 -0.7874 -0.5817
vn 0.7047 -0.6422 -0.3014
vn -0.3541 -0.3878 -0.8510
vn -0.4121 -0.2368 -0.8798
vn -0.6397 0.2264 -0.7345
vn -0.4753 0.2492 -0.8438
vn -0.1699 -0.1127 -0.9790
vn -0.7840 -0.1130 -0.6104
vn -0.4751 -0.4538 -0.7539
vn -0.4177 -0.3672 -0.8310
vn -0.5896 -0.3607 -0.7227
vn -0.4198 -0.5180 -0.7453
vn -0.6967 -0.4935 -0.5205
vn -0.0500 -0.9888 -0.1406
vn -0.1500 -0.9205 -0.3609
vn -0.1374 -0.9206 -0.3656
vn -0.1923 -0.2779 -0.9412
vn -0.0922 -0.9323 -0.3497
vn -0.1892 -0.8793 -0.4371
vn -0.2321 -0.7875 -0.5709
vn -0.6251 -0.5930 -0.5075
vn -0.1617 -0.9604 -0.2271
vn -0.5371 -0.5553 -0.6349
vn -0.0735 -0.9911 -0.1112
vn -0.0763 -0.9621 -0.2617
vn -0.0555 -0.9886 -0.1398
vn -0.0219 -0.9984 -0.0530
vn -0.0488 -0.9960 -0.0745
vn -0.0801 -0.9922 -0.0953
vn -0.2908 -0.4079 -0.8655
vn -0.2272 -0.9206 -0.3177
vn -0.1063 -0.9624 -0.2498
vn 0.0243 0.1652 -0.9860
vn -0.6810 -0.1350 -0.7197
vn -0.7349 -0.0994 -0.6708
vn -0.7248 -0.1214 -0.6782
vn -0.7760 -0.1230 -0.6186
vn -0.6357 -0.5469 -0.5448
vn -0.5240 -0.6310 -0.5721
vn -0.4343 -0.5837 -0.6861
vn 0.3267 -0.4667 -0.8219
vn 0.2977 -0.5785 -0.7594
vn -0.3684 -0.7873 -0.4944
vn -0.3695 -0.7894 -0.4903
vn -0.3935 -0.7807 -0.4854
vn -0.1447 -0.9459 -0.2903
vn -0.3020 -0.9162 -0.2633
vn -0.0577 -0.9908 -0.1222
vn -0.0646 -0.9938 -0.0900
vn -0.0504 -0.9967 -0.0637
vn -0.0473 -0.9948 -0.0898
vn -0.0098 -0.9999 -0.0096
vn -0.0834 -0.9942 -0.0686
vn -0.1058 -0.9911 -0.0814
vn 0.2983 0.0195 -0.9543
vn -0.3013 -0.9208 -0.2478
vn -0.1418 -0.9766 -0.1616
vn -0.6004 -0.4493 -0.6616
vn -0.5816 -0.5431 -0.6055
vn -0.8494 -0.1228 -0.5132
vn -0.8526 -0.1179 -0.5091
vn -0.8784 -0.1249 -0.4613
vn -0.8898 -0.1031 -0.4445
vn -0.9992 0.0384 0.0134
vn -0.3071 -0.9376 -0.1628
vn -0.6786 -0.5862 -0.4426
vn -0.4808 -0.6505 -0.5879
vn -0.4672 -0.7968 -0.3832
vn -0.7272 -0.6388 -0.2513
vn -0.2188 -0.9497 -0.2240
vn -0.3891 -0.8997 -0.1977
vn -0.0891 -0.9909 -0.1009
vn -0.0855 -0.9939 -0.0702
vn -0.1103 -0.9927 -0.0493
vn -0.5746 -0.7626 -0.2972
vn -0.6074 -0.7660 -0.2103
vn 0.2279 0.7116 -0.6646
vn -0.9682 -0.2394 -0.0724
vn -0.9602 -0.1046 -0.2589
vn -0.8895 -0.2284 -0.3958
vn -0.9864 -0.1615 0.0294
vn -0.3881 -0.9171 -0.0916
vn -0.3564 -0.9205 -0.1601
vn -0.4377 -0.8570 -0.2719
vn -0.2672 -0.9481 -0.1722
vn -0.4439 -0.8774 -0.1821
vn -0.5599 -0.7928 -0.2409
vn -0.7780 -0.6243 -0.0698
vn -0.6838 -0.7263 -0.0698
vn -0.2796 -0.9454 -0.1675
vn -0.1249 -0.9910 -0.0479
vn -0.1122 -0.9909 -0.0741
vn -0.0973 -0.9943 -0.0431
vn -0.0952 -0.9944 -0.0461
vn -0.3507 -0.9324 -0.0872
vn -0.1601 -0.9858 -0.0502
vn -0.6251 -0.7694 -0.1317
vn -0.0858 -0.1845 -0.9791
vn -0.8998 0.0891 -0.4272
vn -0.7907 -0.6011 -0.1164
vn -0.9736 -0.1640 -0.1589
vn -0.9379 -0.2610 -0.2284
vn -0.9356 0.1356 0.3260
vn -0.8829 -0.4694 0.0102
vn -0.8342 -0.4418 0.3300
vn -0.3863 -0.9205 -0.0596
vn -0.3988 -0.9170 0.0107
vn -0.2459 -0.9637 -0.1038
vn -0.3834 -0.9231 0.0295
vn -0.1984 -0.9800 -0.0121
vn -0.1287 -0.9914 0.0231
vn -0.0752 -0.9972 -0.0024
vn -0.1102 -0.9937 -0.0185
vn -0.1106 -0.9935 0.0286
vn -0.0525 -0.9986 -0.0076
vn -0.1235 -0.9904 -0.0619
vn -0.1304 -0.9911 -0.0276
vn -0.1299 -0.9913 -0.0215
vn -0.5554 -0.7248 0.4077
vn -0.7854 -0.5998 -0.1533
vn -0.7861 -0.5768 0.2223
vn -0.7853 -0.6085 0.1141
vn -0.4585 -0.8818 -0.1104
vn -0.8993 -0.4111 0.1493
vn -0.8955 -0.1412 0.4222
vn -0.9772 -0.1680 -0.1296
vn -0.9740 -0.1820 -0.1352
vn -0.9073 -0.3745 0.1912
vn -0.7798 -0.6067 0.1543
vn -0.7828 -0.6001 0.1649
vn -0.5954 -0.7864 0.1648
vn -0.6429 -0.7584 0.1075
vn -0.4716 -0.8741 0.1166
vn -0.3863 -0.9205 0.0589
vn -0.3278 -0.9416 0.0764
vn -0.1410 -0.9894 0.0347
vn -0.1308 -0.9911 0.0259
vn 0.1144 -0.9913 0.0644
vn 0.1298 -0.9901 0.0530
vn 0.1332 -0.9905 0.0342
vn -0.0181 -0.9997 -0.0158
vn 0.4977 -0.8624 -0.0923
vn 0.2750 -0.4169 0.8663
vn 0.3802 -0.9176 0.1157
vn 0.2751 -0.9411 0.1965
vn 0.3281 -0.9323 0.1520
vn 0.5599 -0.7869 0.2594
vn 0.5645 -0.7813 0.2663
vn 0.7349 -0.6038 0.3087
vn 0.9573 0.1296 -0.2584
vn 0.9264 0.1886 0.3259
vn 0.6968 -0.3377 0.6328
vn 0.8935 -0.3671 0.2585
vn 0.8983 -0.3591 0.2530
vn 0.9393 -0.2977 -0.1707
vn 0.8475 -0.4616 0.2621
vn 0.8600 -0.4752 0.1858
vn 0.9806 -0.0825 -0.1780
vn 0.9548 -0.1233 0.2704
vn 0.9554 -0.1216 0.2691
vn 0.9555 -0.1216 0.2689
vn 0.6262 -0.5954 0.5034
vn -0.6251 -0.7801 -0.0244
vn -0.8005 -0.5993 -0.0019
vn -0.7912 -0.6108 -0.0301
vn -0.9295 -0.3671 -0.0353
vn -0.9300 -0.3671 0.0165
vn -0.9272 -0.2099 0.3102
vn -0.8005 -0.3380 -0.4950
vn -0.7887 -0.3409 -0.5116
vn -0.7940 -0.3671 -0.4845
vn -0.7830 -0.3668 -0.5024
vn -0.7689 -0.5395 -0.3433
vn -0.4463 -0.7319 -0.5149
vn -0.9333 -0.3584 0.0247
vn -0.8085 -0.5884 0.0119
vn -0.5622 -0.5999 -0.5692
vn -0.9778 -0.1953 -0.0761
vn -0.6908 -0.1220 -0.7127
vn -0.6256 -0.3624 -0.6909
vn -0.7413 -0.5055 -0.4416
vn -0.2539 -0.3135 -0.9150
vn 0.0325 -0.3903 -0.9201
vn 0.3836 0.0065 -0.9235
vn 0.2998 -0.0006 -0.9540
vn 0.8621 0.5032 -0.0602
vn 0.6057 -0.6134 -0.5068
vn 0.1732 -0.6097 -0.7735
vn 0.6876 -0.1552 -0.7093
vn 0.3163 -0.1449 -0.9375
vn -0.1284 -0.9195 -0.3716
vn 0.2641 -0.3673 -0.8918
vn 0.2887 -0.3671 -0.8842
vn 0.4835 -0.1588 -0.8608
vn 0.8277 -0.3396 -0.4468
vn 0.8404 -0.3420 -0.4205
vn 0.8117 -0.3779 -0.4454
vn 0.3782 -0.3364 -0.8624
vn 0.6639 -0.3871 -0.6399
vn 0.7067 -0.3425 -0.6191
vn 0.9376 -0.3110 -0.1553
vn 0.8649 -0.4894 -0.1114
vn 0.9300 -0.3671 0.0183
vn 0.9231 -0.3664 0.1172
vn 0.9843 0.0748 -0.1600
vn 0.9800 -0.1981 0.0202
vn 0.9814 -0.1826 -0.0586
vn 0.9912 0.0956 -0.0918
vn 0.9194 0.2491 -0.3045
vn 0.9868 -0.1328 -0.0926
vn 0.9450 -0.1294 -0.3003
vn -0.4769 -0.8767 -0.0630
vn -0.6267 -0.7735 -0.0945
vn -0.5832 -0.8102 -0.0595
vn -0.7959 -0.6000 -0.0813
vn -0.7979 -0.5968 -0.0853
vn -0.9891 -0.1004 -0.1077
vn -0.2724 -0.7067 -0.6530
vn -0.6428 -0.7304 -0.2307
vn -0.6260 -0.4432 -0.6416
vn -0.9147 -0.2172 -0.3408
vn -0.7497 -0.6000 -0.2793
vn -0.7376 -0.6002 -0.3094
vn -0.7398 -0.5990 -0.3064
vn -0.4004 -0.3870 -0.8306
vn -0.3474 -0.6000 -0.7206
vn -0.3094 -0.6001 -0.7377
vn -0.2993 -0.6054 -0.7375
vn -0.3781 -0.6262 -0.6818
vn -0.2505 -0.6601 -0.7082
vn -0.3122 -0.4735 -0.8236
vn -0.6884 0.1198 -0.7154
vn -0.5209 -0.5999 -0.6073
vn 0.0140 -0.5013 -0.8651
vn -0.7986 0.0682 -0.5980
vn 0.0643 -0.1567 -0.9856
vn 0.0950 -0.3502 -0.9318
vn -0.1908 -0.1508 -0.9700
vn -0.1544 -0.6000 -0.7850
vn -0.1105 -0.6001 -0.7923
vn 0.0731 -0.6995 -0.7109
vn -0.6037 -0.7664 -0.2195
vn 0.0958 -0.0419 -0.9945
vn 0.4550 -0.6002 -0.6579
vn 0.4741 -0.6000 -0.6444
vn 0.3654 -0.7873 -0.4966
vn 0.6062 -0.7485 -0.2688
vn 0.6291 -0.7699 -0.1070
vn -0.3808 -0.5180 -0.7660
vn 0.2531 -0.5792 -0.7749
vn 0.2693 -0.6002 -0.7532
vn 0.2913 -0.6001 -0.7450
vn 0.2575 -0.7897 -0.5568
vn 0.2183 -0.7789 -0.5879
vn 0.2199 -0.7805 -0.5852
vn 0.5545 -0.8123 -0.1808
vn 0.5741 -0.7761 -0.2609
vn 0.7283 -0.6000 -0.3310
vn 0.7241 -0.6001 -0.3399
vn 0.7205 -0.5636 -0.4040
vn 0.6028 -0.5802 -0.5478
vn 0.6190 -0.6263 -0.4738
vn 0.5893 -0.6231 -0.5143
vn 0.4708 -0.8036 -0.3641
vn 0.4831 -0.8057 -0.3428
vn 0.3146 -0.8833 0.3477
vn 0.8019 -0.5926 0.0758
vn 0.7987 -0.5977 0.0694
vn 0.6150 -0.7833 -0.0910
vn 0.7597 -0.6285 -0.1670
vn 0.7751 -0.6277 -0.0719
vn 0.7960 -0.5744 -0.1909
vn -0.0980 -0.6580 -0.7467
vn 0.1235 -0.8721 -0.4734
vn 0.8675 -0.3441 0.3592
vn 0.7401 -0.6001 0.3036
vn 0.7547 -0.6000 0.2655
vn 0.7561 -0.5954 0.2717
vn -0.8161 -0.5707 0.0916
vn -0.7906 -0.6000 0.1221
vn -0.5574 -0.8258 0.0861
vn -0.6148 -0.7863 0.0607
vn -0.3869 -0.9209 0.0479
vn -0.3883 -0.9203 0.0473
vn -0.1306 -0.9913 0.0159
vn -0.1321 -0.9911 0.0154
vn 0.7310 0.0646 -0.6793
vn 0.2178 -0.9362 -0.2759
vn 0.2609 -0.9203 -0.2916
vn 0.1016 -0.9894 -0.1036
vn 0.0019 -0.9824 -0.1869
vn -0.1556 -0.0262 0.9875
vn -0.1556 -0.0262 0.9875
vn -0.1556 -0.0262 0.9875
vn -0.1556 -0.0262 0.9875
vn -0.1556 -0.0262 0.9875
vn -0.1556 -0.0262 0.9875
vn -0.1028 0.0183 0.9945
vn -0.1556 -0.0262 0.9875
vn -0.1556 -0.0262 0.9875
vn -0.1556 -0.0262 0.9875
vn -0.1556 -0.0262 0.9875
vn -0.1556 -0.0262 0.9875
vn -0.1556 -0.0262 0.9875
vn -0.1556 -0.0262 0.9875
vn -0.1556 -0.0262 0.9875
vn -0.1532 -0.0215 0.9880
vn -0.1542 -0.0220 0.9878
vn -0.1551 -0.0226 0.9876
vn -0.1556 -0.0262 0.9875
vn -0.1556 -0.0262 0.9875
vn -0.1556 -0.0262 0.9875
vn -0.1556 -0.0262 0.9875
vn 0.1482 0.1784 0.9727
vn -0.1429 -0.0835 0.9862
vn -0.5915 -0.4181 0.6894
vn -0.1743 -0.0530 0.9833
vn 0.0415 0.2446 0.9687
vn -0.2427 -0.2568 0.9355
vn -0.1539 -0.0335 0.9875
vn -0.1556 -0.0262 0.9875
vn -0.1556 -0.0262 0.9875
vn -0.1556 -0.0262 0.9875
vn -0.1556 -0.0262 0.9875
vn -0.1556 -0.0262 0.9875
vn -0.1556 -0.0262 0.9875
vn -0.1583 -0.0253 0.9871
vn -0.1575 -0.0276 0.9871
vn -0.1484 -0.0203 0.9887
vn -0.1512 -0.0208 0.9883
vn -0.1377 -0.0231 0.9902
vn -0.1428 -0.0207 0.9895
vn 0.0000 -1.0000 0.0000
vn -0.4200 -0.8908 0.1733
vn 0.0198 -0.9997 -0.0146
vn -0.0131 -0.9999 0.0106
vn -0.0010 -1.0000 0.0047
vn -0.0012 -1.0000 0.0010
vn 0.0175 -0.9997 -0.0139
vn -0.0033 -1.0000 0.0021
vn -0.0000 -1.0000 0.0000
vn -0.0084 -0.9999 0.0055
vn -0.0031 -1.0000 0.0022
vn 0.0060 -1.0000 -0.0031
vn -0.0064 -1.0000 0.0033
vn 0.0024 -1.0000 -0.0009
vn 0.0000 -1.0000 -0.0000
vn 0.0000 -1.0000 0.0000
vn 0.0000 -1.0000 0.0000
vn 0.0016 -1.0000 -0.0036
vn -0.0021 -1.0000 0.0038
vn 0.0119 -0.9999 -0.0085
vn 0.0029 -1.0000 -0.0010
vn -0.0008 -1.0000 0.0020
vn -0.0011 -1.0000 0.0022
vn -0.0014 -1.0000 0.0024
vn 0.0000 -1.0000 0.0000
vn 0.0000 -1.0000 0.0000
vn 0.0011 -1.0000 -0.0010
vn -0.0015 -1.0000 0.0009
vn 0.0000 -1.0000 0.0000
vn 0.0000 -1.0000 0.0000
vn -0.0000 -1.0000 0.0000
vn -0.0000 -1.0000 0.0000
vn -0.0018 -1.0000 0.0026
vn -0.0028 -1.0000 0.0031
vn 0.0122 -0.9999 -0.0050
vn 0.0605 -0.9978 -0.0288
vn -0.1573 0.9856 0.0614
vn 0.0000 -1.0000 0.0000
vn 0.0017 -1.0000 -0.0028
vn -0.0026 -1.0000 0.0037
vn 0.0433 -0.9989 -0.0160
vn -0.1879 0.9805 0.0580
vn -0.0150 -0.9999 0.0066
vn -0.0443 -0.9989 0.0154
vn 0.0193 -0.9998 -0.0014
vn -0.0588 0.9982 0.0093
vn -0.0008 -1.0000 0.0011
vn 0.0000 -1.0000 0.0000
f 397//1 657//1 658//1
f 397//2 658//2 398//2
f 657//3 878//3 873//3
f 657//4 873//4 658//4
f 658//5 873//5 653//5
f 653//6 873//6 701//6
f 653//7 701//7 549//7
f 398//8 658//8 653//8
f 398//9 653//9 549//9
f 398//10 549//10 462//10
f 977//11 978//11 1112//11
f 1324//12 1106//12 1107//12
f 1106//13 972//13 1107//13
f 1107//14 972//14 977//14
f 1107//15 977//15 1112//15
f 1112//16 1331//16 1325//16
f 1112//17 1325//17 1324//17
f 1112//18 1324//18 1107//18
f 1164//19 1160//19 1204//19
f 1204//20 1160//20 1203//20
f 1204//21 1203//21 1257//21
f 1257//22 1203//22 1253//22
f 1257//23 1253//23 1258//23
f 1258//24 1253//24 1254//24
f 1258//25 1254//25 1259//25
f 1259//26 1254//26 1255//26
f 802//27 801//27 1164//27
f 1164//28 801//28 1160//28
f 801//29 802//29 760//29
f 760//30 802//30 763//30
f 760//31 763//31 713//31
f 713//32 763//32 715//32
f 713//33 715//33 714//33
f 714//34 715//34 716//34
f 714//35 716//35 669//35
f 669//36 716//36 672//36
f 669//37 672//37 670//37
f 670//38 672//38 673//38
f 675//39 673//39 672//39
f 805//40 806//40 768//40
f 805//41 768//41 767//41
f 805//42 767//42 804//42
f 768//43 769//43 720//43
f 720//44 769//44 721//44
f 720//45 721//45 718//45
f 718//46 721//46 719//46
f 718//47 719//47 674//47
f 674//48 719//48 675//48
f 718//49 717//49 720//49
f 720//50 717//50 767//50
f 720//51 767//51 768//51
f 764//52 804//52 767//52
f 764//53 767//53 717//53
f 674//54 675//54 672//54
f 674//55 672//55 718//55
f 718//56 672//56 716//56
f 718//57 716//57 717//57
f 717//58 716//58 715//58
f 717//59 715//59 764//59
f 764//60 715//60 763//60
f 764//61 763//61 804//61
f 804//62 763//62 802//62
f 804//63 802//63 803//63
f 802//64 1164//64 1166//64
f 1168//65 1169//65 805//65
f 805//66 1169//66 806//66
f 1168//67 805//67 1166//67
f 1166//68 805//68 804//68
f 1166//69 804//69 803//69
f 1166//70 803//70 802//70
f 1204//71 1257//71 1260//71
f 1260//72 1257//72 1261//72
f 1260//73 1261//73 1264//73
f 1204//74 1205//74 1166//74
f 1204//75 1166//75 1164//75
f 1262//76 1265//76 1261//76
f 1262//77 1261//77 1258//77
f 1262//78 1258//78 1259//78
f 1257//79 1258//79 1261//79
f 1264//80 1261//80 1265//80
f 1264//81 1265//81 1207//81
f 1207//82 1265//82 1208//82
f 1205//83 1204//83 1260//83
f 1205//84 1260//84 1206//84
f 1206//85 1260//85 1264//85
f 1206//86 1264//86 1207//86
f 1169//87 1207//87 1208//87
f 1207//88 1169//88 1168//88
f 1207//89 1168//89 1206//89
f 1206//90 1168//90 1205//90
f 1205//91 1168//91 1166//91
f 1156//92 1201//92 1200//92
f 1199//93 1200//93 1247//93
f 1155//94 1156//94 1200//94
f 1155//95 1200//95 1199//95
f 1155//96 1199//96 1157//96
f 1250//97 1248//97 1251//97
f 1248//98 1250//98 1247//98
f 1248//99 1247//99 1201//99
f 1201//100 1247//100 1200//100
f 1202//101 1157//101 1199//101
f 1202//102 1199//102 1249//102
f 1249//103 1199//103 1247//103
f 1249//104 1247//104 1250//104
f 1251//105 1255//105 1250//105
f 1250//106 1255//106 1254//106
f 1250//107 1254//107 1249//107
f 1249//108 1254//108 1253//108
f 1249//109 1253//109 1202//109
f 1202//110 1253//110 1203//110
f 1202//111 1203//111 1157//111
f 1157//112 1203//112 1160//112
f 1165//113 1259//113 1162//113
f 1162//114 1259//114 1255//114
f 1162//115 1255//115 1161//115
f 1160//116 801//116 799//116
f 797//117 798//117 1155//117
f 1155//118 798//118 1156//118
f 797//119 1155//119 800//119
f 800//120 1155//120 1157//120
f 800//121 1157//121 799//121
f 799//122 1157//122 1160//122
f 560//123 670//123 673//123
f 560//124 673//124 563//124
f 710//125 711//125 708//125
f 669//126 670//126 667//126
f 714//127 711//127 713//127
f 713//128 711//128 710//128
f 757//129 760//129 710//129
f 757//130 710//130 754//130
f 757//131 800//131 801//131
f 801//132 800//132 799//132
f 669//133 667//133 666//133
f 666//134 667//134 712//134
f 709//135 708//135 712//135
f 712//136 708//136 711//136
f 712//137 711//137 666//137
f 666//138 711//138 714//138
f 666//139 714//139 669//139
f 760//140 713//140 710//140
f 754//141 710//141 708//141
f 754//142 708//142 755//142
f 709//143 756//143 708//143
f 708//144 756//144 755//144
f 801//145 760//145 757//145
f 755//146 798//146 797//146
f 755//147 797//147 754//147
f 754//148 797//148 757//148
f 757//149 797//149 800//149
f 563//150 673//150 675//150
f 721//151 769//151 635//151
f 721//152 635//152 600//152
f 721//153 600//153 719//153
f 719//154 600//154 599//154
f 719//155 599//155 675//155
f 675//156 599//156 564//156
f 675//157 564//157 563//157
f 769//158 768//158 635//158
f 635//159 768//159 806//159
f 1098//160 635//160 1208//160
f 1208//161 635//161 806//161
f 1169//162 1208//162 806//162
f 1098//163 1208//163 1132//163
f 1132//164 1208//164 1265//164
f 1132//165 1265//165 1262//165
f 1132//166 1262//166 1130//166
f 1130//167 1262//167 1259//167
f 1130//168 1259//168 1165//168
f 1161//169 1255//169 1251//169
f 1201//170 1097//170 1126//170
f 1201//171 1126//171 1248//171
f 1248//172 1126//172 1251//172
f 1251//173 1126//173 1127//173
f 1251//174 1127//174 1158//174
f 1251//175 1158//175 1161//175
f 1097//176 1201//176 1156//176
f 631//177 1097//177 756//177
f 756//178 1097//178 1156//178
f 798//179 755//179 1156//179
f 1156//180 755//180 756//180
f 631//181 756//181 709//181
f 631//182 709//182 597//182
f 597//183 709//183 712//183
f 597//184 712//184 598//184
f 598//185 712//185 667//185
f 598//186 667//186 670//186
f 598//187 670//187 560//187
f 327//188 331//188 234//188
f 234//189 331//189 240//189
f 234//190 240//190 239//190
f 234//191 239//191 233//191
f 1132//192 1274//192 1098//192
f 1098//193 1274//193 1212//193
f 1321//194 1274//194 1132//194
f 1321//195 1132//195 1317//195
f 1317//196 1132//196 1309//196
f 1132//197 1130//197 1309//197
f 1309//198 1130//198 1380//198
f 1380//199 1130//199 1165//199
f 1380//200 1165//200 1379//200
f 1379//201 1165//201 1162//201
f 1379//202 1162//202 1374//202
f 422//203 600//203 640//203
f 327//204 560//204 331//204
f 331//205 560//205 563//205
f 331//206 563//206 335//206
f 600//207 422//207 343//207
f 600//208 343//208 599//208
f 599//209 343//209 339//209
f 599//210 339//210 335//210
f 599//211 335//211 564//211
f 564//212 335//212 563//212
f 600//213 635//213 640//213
f 640//214 635//214 730//214
f 730//215 635//215 777//215
f 1212//216 1076//216 1098//216
f 1098//217 1076//217 973//217
f 1098//218 973//218 635//218
f 635//219 973//219 862//219
f 635//220 862//220 777//220
f 1158//221 1127//221 1370//221
f 560//222 327//222 598//222
f 598//223 327//223 321//223
f 598//224 321//224 318//224
f 598//225 318//225 597//225
f 597//226 318//226 316//226
f 1370//227 1127//227 1305//227
f 316//228 406//228 597//228
f 597//229 406//229 465//229
f 597//230 465//230 631//230
f 1236//231 1301//231 1304//231
f 1374//232 1162//232 1161//232
f 1158//233 1370//233 1161//233
f 1161//234 1370//234 1374//234
f 631//235 465//235 660//235
f 631//236 660//236 703//236
f 1126//237 1236//237 1304//237
f 1126//238 1304//238 1305//238
f 1126//239 1305//239 1127//239
f 703//240 825//240 631//240
f 631//241 825//241 880//241
f 631//242 880//242 1097//242
f 880//243 932//243 1097//243
f 1097//244 932//244 1021//244
f 1097//245 1021//245 1196//245
f 1097//246 1196//246 1126//246
f 1126//247 1196//247 1236//247
f 1317//248 1309//248 1385//248
f 1380//249 1385//249 1309//249
f 1317//250 1385//250 1394//250
f 1394//251 1385//251 1388//251
f 1394//252 1388//252 1393//252
f 1398//253 1320//253 1394//253
f 1398//254 1394//254 1393//254
f 1215//255 1212//255 1279//255
f 1279//256 1212//256 1274//256
f 1279//257 1274//257 1321//257
f 1214//258 1215//258 1278//258
f 1278//259 1215//259 1279//259
f 1278//260 1279//260 1321//260
f 1327//261 1278//261 1321//261
f 1327//262 1321//262 1320//262
f 1320//263 1321//263 1394//263
f 1394//264 1321//264 1317//264
f 888//265 862//265 973//265
f 812//266 684//266 729//266
f 729//267 684//267 642//267
f 1076//268 1212//268 1027//268
f 1027//269 1212//269 1215//269
f 1027//270 1215//270 1214//270
f 1027//271 1214//271 1030//271
f 1030//272 1214//272 1081//272
f 979//273 895//273 1030//273
f 1030//274 895//274 887//274
f 1030//275 887//275 1027//275
f 1027//276 887//276 888//276
f 1027//277 888//277 973//277
f 1027//278 973//278 1076//278
f 812//279 729//279 895//279
f 895//280 729//280 730//280
f 895//281 730//281 887//281
f 887//282 730//282 888//282
f 888//283 730//283 777//283
f 888//284 777//284 862//284
f 640//285 730//285 422//285
f 422//286 730//286 431//286
f 431//287 730//287 729//287
f 431//288 729//288 430//288
f 430//289 729//289 642//289
f 353//290 348//290 430//290
f 349//291 343//291 422//291
f 249//292 339//292 254//292
f 254//293 339//293 343//293
f 254//294 343//294 349//294
f 348//295 254//295 349//295
f 348//296 349//296 422//296
f 348//297 422//297 430//297
f 430//298 422//298 431//298
f 335//299 339//299 249//299
f 335//300 249//300 245//300
f 245//301 249//301 244//301
f 244//302 249//302 233//302
f 331//303 335//303 245//303
f 331//304 245//304 240//304
f 240//305 245//305 244//305
f 240//306 244//306 239//306
f 239//307 244//307 233//307
f 321//308 327//308 234//308
f 321//309 234//309 227//309
f 227//310 234//310 233//310
f 227//311 233//311 226//311
f 226//312 233//312 222//312
f 226//313 222//313 227//313
f 227//314 222//314 318//314
f 227//315 318//315 321//315
f 400//316 401//316 310//316
f 214//317 310//317 220//317
f 311//318 406//318 316//318
f 401//319 406//319 311//319
f 220//320 311//320 316//320
f 220//321 316//321 222//321
f 222//322 316//322 318//322
f 310//323 401//323 311//323
f 310//324 311//324 220//324
f 465//325 406//325 660//325
f 1020//326 1021//326 932//326
f 1193//327 1196//327 1021//327
f 660//328 406//328 401//328
f 660//329 401//329 659//329
f 659//330 401//330 400//330
f 659//331 400//331 623//331
f 791//332 875//332 659//332
f 659//333 875//333 879//333
f 659//334 879//334 660//334
f 660//335 879//335 880//335
f 660//336 880//336 825//336
f 660//337 825//337 703//337
f 957//338 1017//338 875//338
f 875//339 1017//339 1020//339
f 875//340 1020//340 879//340
f 879//341 1020//341 880//341
f 880//342 1020//342 932//342
f 1021//343 1020//343 1193//343
f 1193//344 1020//344 1192//344
f 1192//345 1020//345 1017//345
f 1192//346 1017//346 1057//346
f 1193//347 1192//347 1234//347
f 1358//348 1359//348 1354//348
f 1354//349 1359//349 1300//349
f 1234//350 1236//350 1193//350
f 1193//351 1236//351 1196//351
f 1297//352 1301//352 1236//352
f 1297//353 1236//353 1233//353
f 1233//354 1236//354 1234//354
f 1233//355 1234//355 1192//355
f 1359//356 1304//356 1300//356
f 1300//357 1304//357 1301//357
f 1300//358 1301//358 1296//358
f 1296//359 1301//359 1297//359
f 1296//360 1297//360 1233//360
f 1359//361 1358//361 1360//361
f 1305//362 1304//362 1360//362
f 1360//363 1304//363 1359//363
f 1367//364 1370//364 1360//364
f 1360//365 1370//365 1305//365
f 1374//366 1370//366 1371//366
f 1374//367 1371//367 1379//367
f 1505//368 1500//368 1499//368
f 1505//369 1499//369 1504//369
f 1504//370 1499//370 1438//370
f 1501//371 1500//371 1505//371
f 1437//372 1501//372 1506//372
f 1442//373 1385//373 1380//373
f 1442//374 1447//374 1392//374
f 1385//375 1442//375 1388//375
f 1388//376 1442//376 1392//376
f 1388//377 1392//377 1393//377
f 1379//378 1437//378 1380//378
f 1380//379 1437//379 1506//379
f 1380//380 1506//380 1442//380
f 1442//381 1506//381 1510//381
f 1442//382 1510//382 1447//382
f 1447//383 1510//383 1446//383
f 1320//384 1398//384 1397//384
f 1397//385 1403//385 1320//385
f 1320//386 1403//386 1327//386
f 1327//387 1403//387 1278//387
f 1278//388 1403//388 1326//388
f 1278//389 1326//389 1277//389
f 1278//390 1277//390 1214//390
f 1331//391 1277//391 1408//391
f 1408//392 1277//392 1326//392
f 1408//393 1326//393 1402//393
f 1402//394 1326//394 1403//394
f 1402//395 1403//395 1456//395
f 1456//396 1403//396 1397//396
f 1456//397 1397//397 1452//397
f 1398//398 1393//398 1397//398
f 1397//399 1393//399 1392//399
f 1397//400 1392//400 1447//400
f 1452//401 1397//401 1447//401
f 1452//402 1447//402 1446//402
f 1277//403 1331//403 1112//403
f 1214//404 1277//404 1081//404
f 1081//405 1277//405 1112//405
f 1081//406 1112//406 1030//406
f 894//407 895//407 979//407
f 1030//408 1112//408 979//408
f 979//409 1112//409 978//409
f 979//410 978//410 894//410
f 895//411 894//411 812//411
f 812//412 894//412 690//412
f 812//413 690//413 684//413
f 429//414 430//414 690//414
f 690//415 430//415 642//415
f 690//416 642//416 684//416
f 428//417 429//417 689//417
f 689//418 429//418 690//418
f 689//419 690//419 865//419
f 865//420 690//420 894//420
f 865//421 894//421 920//421
f 920//422 894//422 978//422
f 352//423 348//423 353//423
f 429//424 428//424 430//424
f 430//425 428//425 353//425
f 353//426 428//426 352//426
f 348//427 352//427 347//427
f 348//428 347//428 254//428
f 254//429 347//429 260//429
f 254//430 260//430 253//430
f 254//431 253//431 249//431
f 237//432 232//432 238//432
f 232//433 237//433 330//433
f 232//434 330//434 326//434
f 253//435 238//435 249//435
f 249//436 238//436 233//436
f 233//437 238//437 222//437
f 222//438 238//438 219//438
f 222//439 219//439 220//439
f 220//440 219//440 213//440
f 220//441 213//441 214//441
f 214//442 213//442 309//442
f 214//443 309//443 310//443
f 310//444 309//444 305//444
f 310//445 305//445 400//445
f 400//446 305//446 398//446
f 400//447 398//447 399//447
f 1232//448 1192//448 1057//448
f 1056//449 1291//449 1232//449
f 549//450 701//450 654//450
f 654//451 701//451 873//451
f 654//452 873//452 874//452
f 874//453 873//453 902//453
f 874//454 902//454 930//454
f 399//455 398//455 462//455
f 399//456 462//456 549//456
f 654//457 659//457 623//457
f 549//458 654//458 399//458
f 399//459 654//459 623//459
f 399//460 623//460 400//460
f 1232//461 1057//461 1056//461
f 1056//462 1057//462 1017//462
f 1056//463 1017//463 930//463
f 930//464 1017//464 957//464
f 930//465 957//465 874//465
f 874//466 957//466 875//466
f 874//467 875//467 654//467
f 654//468 875//468 791//468
f 654//469 791//469 659//469
f 1233//470 1192//470 1232//470
f 1353//471 1354//471 1300//471
f 1353//472 1300//472 1349//472
f 1358//473 1354//473 1357//473
f 1357//474 1354//474 1353//474
f 1357//475 1353//475 1430//475
f 1430//476 1353//476 1426//476
f 1430//477 1426//477 1429//477
f 1291//478 1347//478 1295//478
f 1295//479 1347//479 1348//479
f 1295//480 1348//480 1349//480
f 1349//481 1348//481 1421//481
f 1349//482 1421//482 1353//482
f 1353//483 1421//483 1426//483
f 1232//484 1291//484 1295//484
f 1232//485 1295//485 1233//485
f 1233//486 1295//486 1349//486
f 1233//487 1349//487 1296//487
f 1296//488 1349//488 1300//488
f 1436//489 1438//489 1499//489
f 1437//490 1379//490 1371//490
f 1434//491 1367//491 1430//491
f 1430//492 1367//492 1360//492
f 1430//493 1360//493 1357//493
f 1357//494 1360//494 1358//494
f 1501//495 1437//495 1496//495
f 1496//496 1437//496 1371//496
f 1496//497 1371//497 1434//497
f 1434//498 1371//498 1370//498
f 1434//499 1370//499 1367//499
f 1430//500 1429//500 1490//500
f 1430//501 1490//501 1434//501
f 1434//502 1490//502 1492//502
f 1434//503 1492//503 1496//503
f 1439//504 1440//504 1441//504
f 1441//505 1440//505 1443//505
f 1504//506 1438//506 1439//506
f 1509//507 1510//507 1506//507
f 1446//508 1510//508 1516//508
f 1516//509 1510//509 1515//509
f 1439//510 1441//510 1504//510
f 1504//511 1441//511 1509//511
f 1504//512 1509//512 1505//512
f 1510//513 1509//513 1515//513
f 1515//514 1509//514 1445//514
f 1445//515 1509//515 1441//515
f 1445//516 1441//516 1443//516
f 1505//517 1509//517 1506//517
f 1505//518 1506//518 1501//518
f 1452//519 1446//519 1516//519
f 1401//520 1324//520 1325//520
f 1401//521 1325//521 1402//521
f 1402//522 1325//522 1331//522
f 1402//523 1331//523 1408//523
f 1402//524 1456//524 1455//524
f 1402//525 1455//525 1450//525
f 1402//526 1450//526 1401//526
f 1456//527 1452//527 1451//527
f 1456//528 1451//528 1455//528
f 1455//529 1451//529 1450//529
f 1445//530 1451//530 1515//530
f 1445//531 1450//531 1451//531
f 1515//532 1451//532 1452//532
f 1515//533 1452//533 1516//533
f 920//534 978//534 977//534
f 782//535 689//535 865//535
f 428//536 689//536 782//536
f 428//537 782//537 776//537
f 428//538 776//538 427//538
f 972//539 776//539 782//539
f 972//540 782//540 977//540
f 977//541 782//541 865//541
f 977//542 865//542 920//542
f 346//543 342//543 252//543
f 252//544 253//544 259//544
f 252//545 259//545 346//545
f 260//546 347//546 346//546
f 347//547 352//547 351//547
f 347//548 351//548 346//548
f 427//549 421//549 346//549
f 346//550 352//550 427//550
f 427//551 352//551 428//551
f 253//552 260//552 259//552
f 259//553 260//553 346//553
f 346//554 351//554 352//554
f 334//555 330//555 237//555
f 334//556 237//556 243//556
f 243//557 237//557 238//557
f 243//558 238//558 253//558
f 243//559 253//559 252//559
f 243//560 252//560 342//560
f 243//561 342//561 334//561
f 361//562 440//562 360//562
f 273//563 361//563 360//563
f 360//564 272//564 273//564
f 273//565 272//565 180//565
f 169//566 88//566 170//566
f 169//567 170//567 179//567
f 179//568 170//568 171//568
f 179//569 171//569 180//569
f 180//570 171//570 272//570
f 169//571 168//571 88//571
f 88//572 168//572 163//572
f 88//573 163//573 79//573
f 163//574 162//574 79//574
f 79//575 162//575 159//575
f 272//576 360//576 271//576
f 272//577 271//577 180//577
f 180//578 271//578 179//578
f 179//579 271//579 178//579
f 179//580 178//580 169//580
f 79//581 159//581 158//581
f 79//582 158//582 154//582
f 154//583 158//583 247//583
f 439//584 438//584 437//584
f 358//585 359//585 437//585
f 437//586 359//586 439//586
f 358//587 269//587 270//587
f 356//588 264//588 265//588
f 356//589 265//589 269//589
f 269//590 265//590 270//590
f 264//591 263//591 258//591
f 258//592 263//592 256//592
f 258//593 256//593 257//593
f 257//594 256//594 251//594
f 251//595 256//595 341//595
f 358//596 437//596 357//596
f 358//597 357//597 269//597
f 269//598 357//598 356//598
f 264//599 356//599 263//599
f 251//600 341//600 338//600
f 338//601 341//601 415//601
f 338//602 415//602 337//602
f 435//603 436//603 536//603
f 536//604 436//604 501//604
f 536//605 500//605 435//605
f 435//606 500//606 434//606
f 498//607 425//607 426//607
f 498//608 426//608 434//608
f 434//609 426//609 435//609
f 425//610 495//610 420//610
f 420//611 495//611 493//611
f 420//612 493//612 419//612
f 419//613 493//613 417//613
f 417//614 493//614 491//614
f 417//615 491//615 530//615
f 536//616 499//616 500//616
f 500//617 499//617 434//617
f 434//618 499//618 498//618
f 425//619 498//619 496//619
f 425//620 496//620 495//620
f 417//621 530//621 526//621
f 526//622 530//622 601//622
f 582//623 644//623 610//623
f 610//624 581//624 582//624
f 575//625 574//625 576//625
f 575//626 576//626 608//626
f 608//627 576//627 580//627
f 580//628 576//628 577//628
f 575//629 606//629 574//629
f 574//630 606//630 603//630
f 574//631 603//631 604//631
f 604//632 603//632 602//632
f 606//633 639//633 603//633
f 603//634 639//634 602//634
f 602//635 639//635 637//635
f 602//636 637//636 680//636
f 610//637 609//637 581//637
f 581//638 609//638 580//638
f 580//639 609//639 608//639
f 575//640 608//640 606//640
f 602//641 680//641 678//641
f 678//642 680//642 770//642
f 688//643 781//643 780//643
f 686//644 687//644 780//644
f 780//645 687//645 688//645
f 780//646 733//646 686//646
f 686//647 733//647 685//647
f 779//648 727//648 728//648
f 779//649 728//649 685//649
f 685//650 728//650 683//650
f 685//651 683//651 686//651
f 727//652 775//652 725//652
f 725//653 775//653 809//653
f 725//654 809//654 773//654
f 773//655 809//655 772//655
f 772//656 809//656 837//656
f 733//657 780//657 779//657
f 733//658 779//658 685//658
f 727//659 779//659 775//659
f 772//660 837//660 836//660
f 772//661 836//661 835//661
f 835//662 836//662 913//662
f 835//663 913//663 857//663
f 843//664 893//664 892//664
f 892//665 842//665 843//665
f 892//666 864//666 842//666
f 842//667 864//667 863//667
f 842//668 863//668 841//668
f 886//669 885//669 861//669
f 886//670 861//670 890//670
f 890//671 861//671 863//671
f 863//672 861//672 841//672
f 886//673 918//673 885//673
f 885//674 918//674 916//674
f 885//675 916//675 915//675
f 916//676 943//676 915//676
f 915//677 943//677 968//677
f 864//678 892//678 891//678
f 864//679 891//679 863//679
f 863//680 891//680 890//680
f 886//681 890//681 918//681
f 915//682 968//682 966//682
f 966//683 968//683 1024//683
f 966//684 1024//684 1003//684
f 1010//685 946//685 947//685
f 1010//686 976//686 946//686
f 946//687 976//687 975//687
f 1026//688 1025//688 1007//688
f 1026//689 1007//689 1029//689
f 1029//690 1007//690 975//690
f 975//691 1007//691 971//691
f 1026//692 1047//692 1025//692
f 1025//693 1047//693 1044//693
f 1025//694 1044//694 1043//694
f 1047//695 1045//695 1044//695
f 1044//696 1045//696 1074//696
f 1044//697 1074//697 1043//697
f 1043//698 1074//698 1072//698
f 1043//699 1072//699 1102//699
f 976//700 1010//700 1009//700
f 976//701 1009//701 975//701
f 975//702 1009//702 1029//702
f 1043//703 1102//703 1100//703
f 1100//704 1102//704 1172//704
f 1049//705 1080//705 1111//705
f 1078//706 1048//706 1111//706
f 1111//707 1048//707 1049//707
f 1111//708 1079//708 1078//708
f 1078//709 1079//709 1109//709
f 1136//710 1135//710 1105//710
f 1136//711 1105//711 1109//711
f 1109//712 1105//712 1078//712
f 1135//713 1177//713 1133//713
f 1133//714 1177//714 1211//714
f 1133//715 1211//715 1176//715
f 1176//716 1211//716 1174//716
f 1174//717 1211//717 1271//717
f 1174//718 1271//718 1272//718
f 1111//719 1110//719 1079//719
f 1079//720 1110//720 1109//720
f 1109//721 1110//721 1137//721
f 1109//722 1137//722 1136//722
f 1136//723 1137//723 1135//723
f 1135//724 1137//724 1177//724
f 1174//725 1272//725 1267//725
f 1267//726 1272//726 1390//726
f 1267//727 1390//727 1312//727
f 1217//728 1179//728 1219//728
f 1219//729 1179//729 1180//729
f 1219//730 1218//730 1217//730
f 1217//731 1218//731 1281//731
f 1396//732 1319//732 1323//732
f 1329//733 1323//733 1276//733
f 1329//734 1276//734 1281//734
f 1281//735 1276//735 1217//735
f 1323//736 1400//736 1396//736
f 1396//737 1400//737 1449//737
f 1396//738 1449//738 1444//738
f 1444//739 1449//739 1513//739
f 1444//740 1513//740 1514//740
f 1219//741 1282//741 1218//741
f 1218//742 1282//742 1281//742
f 1281//743 1282//743 1329//743
f 1323//744 1329//744 1400//744
f 1444//745 1514//745 1512//745
f 1512//746 1514//746 1567//746
f 1330//747 1407//747 1406//747
f 1406//748 1405//748 1330//748
f 1406//749 1459//749 1405//749
f 1571//750 1569//750 1520//750
f 1571//751 1520//751 1523//751
f 1523//752 1520//752 1459//752
f 1459//753 1520//753 1454//753
f 1571//754 1572//754 1569//754
f 1569//755 1572//755 1649//755
f 1569//756 1649//756 1646//756
f 1649//757 1650//757 1646//757
f 1646//758 1650//758 1732//758
f 1406//759 1460//759 1459//759
f 1459//760 1460//760 1523//760
f 1571//761 1523//761 1572//761
f 1646//762 1732//762 1733//762
f 1646//763 1733//763 1729//763
f 1729//764 1733//764 1841//764
f 1461//765 1525//765 1577//765
f 1575//766 1524//766 1577//766
f 1577//767 1524//767 1461//767
f 1577//768 1576//768 1575//768
f 1575//769 1576//769 1654//769
f 1655//770 1743//770 1652//770
f 1655//771 1652//771 1654//771
f 1743//772 1863//772 1738//772
f 1738//773 1863//773 1857//773
f 1738//774 1857//774 1856//774
f 1856//775 1857//775 1847//775
f 1847//776 1857//776 1848//776
f 1847//777 1848//777 1959//777
f 1576//778 1577//778 1655//778
f 1576//779 1655//779 1654//779
f 1655//780 1751//780 1743//780
f 1743//781 1751//781 1744//781
f 1743//782 1744//782 1863//782
f 1847//783 1959//783 1950//783
f 1950//784 1959//784 1952//784
f 1950//785 1952//785 1951//785
f 1578//786 1579//786 1657//786
f 1752//787 1656//787 1657//787
f 1657//788 1656//788 1578//788
f 1657//789 1753//789 1752//789
f 1865//790 1968//790 1864//790
f 1865//791 1864//791 1877//791
f 1877//792 1864//792 1753//792
f 1753//793 1864//793 1752//793
f 1865//794 1977//794 1968//794
f 1968//795 1977//795 1969//795
f 1968//796 1969//796 1961//796
f 1969//797 1970//797 1961//797
f 1961//798 1970//798 1962//798
f 1961//799 1962//799 1963//799
f 1753//800 1657//800 1754//800
f 1753//801 1754//801 1877//801
f 1865//802 1877//802 1866//802
f 1865//803 1866//803 1977//803
f 1961//804 1963//804 1953//804
f 1953//805 1963//805 1954//805
f 1659//806 1755//806 1658//806
f 1659//807 1756//807 1755//807
f 1755//808 1756//808 1879//808
f 1868//809 1971//809 1980//809
f 1868//810 1980//810 1880//810
f 1880//811 1980//811 1867//811
f 1880//812 1867//812 1879//812
f 1868//813 1869//813 1971//813
f 1971//814 1869//814 1972//814
f 1971//815 1972//815 1964//815
f 1869//816 1858//816 1972//816
f 1972//817 1858//817 1973//817
f 1972//818 1973//818 1964//818
f 1964//819 1973//819 1849//819
f 1659//820 1757//820 1756//820
f 1756//821 1757//821 1879//821
f 1879//822 1757//822 1880//822
f 1880//823 1757//823 1881//823
f 1880//824 1881//824 1868//824
f 1964//825 1849//825 1850//825
f 1964//826 1850//826 1842//826
f 1842//827 1850//827 1843//827
f 145//828 148//828 67//828
f 1833//829 1639//829 1636//829
f 145//830 67//830 62//830
f 62//831 67//831 66//831
f 62//832 66//832 61//832
f 61//833 66//833 65//833
f 61//834 65//834 60//834
f 60//835 65//835 147//835
f 60//836 147//836 144//836
f 144//837 147//837 236//837
f 144//838 236//838 231//838
f 231//839 236//839 329//839
f 231//840 329//840 325//840
f 325//841 329//841 413//841
f 325//842 413//842 412//842
f 412//843 413//843 481//843
f 412//844 481//844 477//844
f 477//845 481//845 562//845
f 477//846 562//846 559//846
f 559//847 562//847 633//847
f 559//848 633//848 632//848
f 632//849 633//849 762//849
f 632//850 762//850 759//850
f 759//851 762//851 833//851
f 759//852 833//852 832//852
f 832//853 833//853 911//853
f 832//854 911//854 910//854
f 910//855 911//855 999//855
f 910//856 999//856 997//856
f 997//857 999//857 1069//857
f 997//858 1069//858 1068//858
f 1068//859 1069//859 1129//859
f 1068//860 1129//860 1128//860
f 1128//861 1129//861 1256//861
f 1128//862 1256//862 1252//862
f 1252//863 1256//863 1376//863
f 1252//864 1376//864 1373//864
f 1373//865 1376//865 1503//865
f 1373//866 1503//866 1498//866
f 1498//867 1503//867 1638//867
f 1498//868 1638//868 1635//868
f 1635//869 1638//869 1724//869
f 1635//870 1724//870 1722//870
f 1722//871 1724//871 1831//871
f 1722//872 1831//872 1827//872
f 1827//873 1831//873 1941//873
f 1827//874 1941//874 1936//874
f 1936//875 1941//875 1942//875
f 1936//876 1942//876 1937//876
f 1937//877 1942//877 1943//877
f 1937//878 1943//878 1938//878
f 1938//879 1943//879 1832//879
f 1938//880 1832//880 1828//880
f 1828//881 1832//881 1833//881
f 1828//882 1833//882 1829//882
f 1829//883 1833//883 1636//883
f 219//884 238//884 225//884
f 320//885 315//885 218//885
f 320//886 218//886 225//886
f 225//887 218//887 219//887
f 326//888 320//888 225//888
f 326//889 225//889 232//889
f 232//890 225//890 238//890
f 305//891 309//891 213//891
f 397//892 398//892 308//892
f 397//893 308//893 405//893
f 305//894 308//894 304//894
f 308//895 212//895 218//895
f 218//896 315//896 308//896
f 308//897 213//897 212//897
f 212//898 213//898 218//898
f 218//899 213//899 219//899
f 398//900 305//900 308//900
f 308//901 305//901 213//901
f 1061//902 1293//902 1056//902
f 1293//903 1294//903 1056//903
f 1056//904 1294//904 1291//904
f 878//905 1061//905 1056//905
f 878//906 1056//906 873//906
f 873//907 1056//907 930//907
f 873//908 930//908 902//908
f 1346//909 1352//909 1420//909
f 1420//910 1352//910 1424//910
f 1426//911 1484//911 1429//911
f 1429//912 1484//912 1487//912
f 1487//913 1484//913 1483//913
f 1483//914 1428//914 1487//914
f 1424//915 1428//915 1425//915
f 1425//916 1428//916 1483//916
f 1425//917 1483//917 1484//917
f 1425//918 1484//918 1426//918
f 1426//919 1421//919 1420//919
f 1426//920 1420//920 1425//920
f 1425//921 1420//921 1424//921
f 1348//922 1347//922 1421//922
f 1421//923 1347//923 1420//923
f 1420//924 1347//924 1346//924
f 1347//925 1291//925 1294//925
f 1347//926 1294//926 1293//926
f 1347//927 1293//927 1346//927
f 1435//928 1436//928 1499//928
f 1433//929 1432//929 1435//929
f 1428//930 1432//930 1433//930
f 1428//931 1433//931 1493//931
f 1428//932 1493//932 1491//932
f 1428//933 1491//933 1487//933
f 1429//934 1487//934 1490//934
f 1490//935 1487//935 1491//935
f 1490//936 1491//936 1492//936
f 1500//937 1501//937 1496//937
f 1435//938 1499//938 1433//938
f 1433//939 1499//939 1500//939
f 1433//940 1500//940 1493//940
f 1493//941 1500//941 1491//941
f 1491//942 1500//942 1496//942
f 1491//943 1496//943 1492//943
f 1324//944 1401//944 1268//944
f 334//945 485//945 330//945
f 330//946 485//946 479//946
f 330//947 479//947 326//947
f 1445//948 1314//948 1450//948
f 1450//949 1314//949 1401//949
f 1268//950 1401//950 1314//950
f 1268//951 1270//951 1324//951
f 1324//952 1270//952 1209//952
f 1324//953 1209//953 1106//953
f 1106//954 1209//954 972//954
f 427//955 528//955 421//955
f 421//956 528//956 346//956
f 342//957 490//957 487//957
f 342//958 487//958 334//958
f 334//959 487//959 485//959
f 490//960 342//960 528//960
f 528//961 342//961 346//961
f 1438//962 1378//962 1439//962
f 1439//963 1378//963 1384//963
f 1439//964 1384//964 1440//964
f 1440//965 1384//965 1387//965
f 1440//966 1387//966 1443//966
f 1443//967 1387//967 1445//967
f 1445//968 1387//968 1310//968
f 1445//969 1310//969 1314//969
f 972//970 1209//970 776//970
f 776//971 1209//971 570//971
f 776//972 570//972 427//972
f 427//973 570//973 528//973
f 1660//974 1580//974 1581//974
f 1758//975 1660//975 1581//975
f 1745//976 1758//976 1759//976
f 1759//977 1758//977 1661//977
f 1661//978 1758//978 1581//978
f 1745//979 1759//979 1760//979
f 1745//980 1760//980 1871//980
f 1871//981 1760//981 1746//981
f 1871//982 1746//982 1859//982
f 1859//983 1746//983 1747//983
f 1859//984 1747//984 1739//984
f 1735//985 1734//985 1739//985
f 1739//986 1734//986 1860//986
f 1739//987 1860//987 1859//987
f 1735//988 1739//988 1736//988
f 1581//989 1662//989 1661//989
f 1661//990 1662//990 1759//990
f 1759//991 1662//991 1663//991
f 1759//992 1663//992 1760//992
f 1746//993 1760//993 1747//993
f 1672//994 1659//994 1671//994
f 1671//995 1659//995 1658//995
f 1671//996 1658//996 1670//996
f 1588//997 1579//997 1587//997
f 1587//998 1579//998 1578//998
f 1587//999 1578//999 1586//999
f 1528//1000 1525//1000 1461//1000
f 1528//1001 1461//1001 1464//1001
f 1410//1002 1407//1002 1335//1002
f 1335//1003 1407//1003 1330//1003
f 1335//1004 1330//1004 1334//1004
f 1180//1005 1139//1005 1219//1005
f 1219//1006 1139//1006 1182//1006
f 1219//1007 1182//1007 1183//1007
f 1084//1008 1080//1008 1032//1008
f 1032//1009 1080//1009 1049//1009
f 981//1010 1010//1010 923//1010
f 923//1011 1010//1011 947//1011
f 868//1012 893//1012 815//1012
f 815//1013 893//1013 843//1013
f 736//1014 781//1014 693//1014
f 693//1015 781//1015 688//1015
f 613//1016 644//1016 584//1016
f 584//1017 644//1017 582//1017
f 584//1018 582//1018 585//1018
f 540//1019 536//1019 504//1019
f 504//1020 536//1020 501//1020
f 445//1021 438//1021 446//1021
f 446//1022 438//1022 439//1022
f 446//1023 439//1023 370//1023
f 372//1024 440//1024 373//1024
f 373//1025 440//1025 361//1025
f 373//1026 361//1026 374//1026
f 1580//1027 1592//1027 1581//1027
f 1581//1028 1592//1028 1676//1028
f 1581//1029 1676//1029 1662//1029
f 1662//1030 1676//1030 1771//1030
f 1662//1031 1771//1031 1663//1031
f 1663//1032 1771//1032 1759//1032
f 1747//1033 1760//1033 1872//1033
f 1747//1034 1872//1034 1739//1034
f 1740//1035 1736//1035 1739//1035
f 1740//1036 1739//1036 1861//1036
f 1861//1037 1739//1037 1873//1037
f 1873//1038 1739//1038 1872//1038
f 1592//1039 1580//1039 1591//1039
f 1591//1040 1580//1040 1660//1040
f 1591//1041 1660//1041 1674//1041
f 451//1042 441//1042 452//1042
f 452//1043 441//1043 443//1043
f 83//1044 81//1044 76//1044
f 76//1045 81//1045 75//1045
f 76//1046 75//1046 15//1046
f 76//1047 15//1047 14//1047
f 441//1048 451//1048 362//1048
f 362//1049 451//1049 376//1049
f 362//1050 376//1050 274//1050
f 274//1051 376//1051 282//1051
f 274//1052 282//1052 183//1052
f 172//1053 183//1053 103//1053
f 172//1054 103//1054 99//1054
f 172//1055 99//1055 92//1055
f 16//1056 75//1056 81//1056
f 16//1057 81//1057 18//1057
f 18//1058 81//1058 82//1058
f 18//1059 82//1059 20//1059
f 20//1060 82//1060 91//1060
f 20//1061 91//1061 92//1061
f 154//1062 74//1062 79//1062
f 374//1063 361//1063 281//1063
f 281//1064 361//1064 185//1064
f 185//1065 361//1065 273//1065
f 185//1066 273//1066 181//1066
f 181//1067 273//1067 272//1067
f 181//1068 272//1068 180//1068
f 180//1069 171//1069 98//1069
f 98//1070 171//1070 97//1070
f 97//1071 171//1071 170//1071
f 97//1072 170//1072 88//1072
f 74//1073 77//1073 79//1073
f 88//1074 79//1074 80//1074
f 74//1075 154//1075 153//1075
f 153//1076 154//1076 247//1076
f 153//1077 247//1077 152//1077
f 372//1078 360//1078 440//1078
f 372//1079 280//1079 360//1079
f 360//1080 280//1080 279//1080
f 360//1081 279//1081 271//1081
f 271//1082 279//1082 179//1082
f 169//1083 178//1083 102//1083
f 169//1084 102//1084 168//1084
f 168//1085 102//1085 96//1085
f 168//1086 96//1086 163//1086
f 158//1087 159//1087 78//1087
f 78//1088 159//1088 86//1088
f 86//1089 159//1089 162//1089
f 158//1090 78//1090 247//1090
f 247//1091 78//1091 153//1091
f 96//1092 87//1092 163//1092
f 163//1093 87//1093 162//1093
f 162//1094 87//1094 86//1094
f 370//1095 439//1095 369//1095
f 369//1096 439//1096 359//1096
f 369//1097 359//1097 278//1097
f 278//1098 359//1098 277//1098
f 277//1099 359//1099 358//1099
f 277//1100 358//1100 270//1100
f 175//1101 270//1101 265//1101
f 175//1102 265//1102 166//1102
f 166//1103 265//1103 165//1103
f 165//1104 265//1104 264//1104
f 165//1105 264//1105 160//1105
f 160//1106 264//1106 258//1106
f 337//1107 246//1107 338//1107
f 338//1108 246//1108 248//1108
f 338//1109 248//1109 251//1109
f 251//1110 248//1110 155//1110
f 251//1111 155//1111 257//1111
f 257//1112 155//1112 156//1112
f 257//1113 156//1113 258//1113
f 258//1114 156//1114 160//1114
f 246//1115 337//1115 336//1115
f 336//1116 337//1116 415//1116
f 438//1117 445//1117 437//1117
f 437//1118 445//1118 368//1118
f 437//1119 368//1119 367//1119
f 437//1120 367//1120 357//1120
f 357//1121 367//1121 356//1121
f 356//1122 367//1122 268//1122
f 356//1123 268//1123 263//1123
f 263//1124 268//1124 267//1124
f 250//1125 341//1125 255//1125
f 255//1126 341//1126 256//1126
f 341//1127 250//1127 415//1127
f 415//1128 250//1128 336//1128
f 504//1129 501//1129 444//1129
f 444//1130 501//1130 436//1130
f 444//1131 436//1131 365//1131
f 365//1132 436//1132 435//1132
f 365//1133 435//1133 355//1133
f 355//1134 435//1134 354//1134
f 354//1135 435//1135 426//1135
f 354//1136 426//1136 350//1136
f 350//1137 426//1137 425//1137
f 350//1138 425//1138 344//1138
f 344//1139 425//1139 420//1139
f 526//1140 525//1140 488//1140
f 526//1141 488//1141 417//1141
f 417//1142 488//1142 416//1142
f 417//1143 416//1143 419//1143
f 419//1144 416//1144 420//1144
f 420//1145 416//1145 344//1145
f 601//1146 567//1146 526//1146
f 526//1147 567//1147 525//1147
f 536//1148 540//1148 503//1148
f 536//1149 503//1149 499//1149
f 499//1150 503//1150 502//1150
f 499//1151 502//1151 433//1151
f 499//1152 433//1152 498//1152
f 498//1153 433//1153 496//1153
f 496//1154 433//1154 432//1154
f 496//1155 432//1155 495//1155
f 495//1156 432//1156 424//1156
f 495//1157 424//1157 493//1157
f 567//1158 601//1158 529//1158
f 529//1159 601//1159 530//1159
f 529//1160 530//1160 491//1160
f 492//1161 491//1161 493//1161
f 492//1162 493//1162 418//1162
f 418//1163 493//1163 424//1163
f 585//1164 582//1164 538//1164
f 538//1165 582//1165 537//1165
f 537//1166 582//1166 581//1166
f 537//1167 581//1167 535//1167
f 535//1168 581//1168 580//1168
f 535//1169 580//1169 534//1169
f 534//1170 580//1170 577//1170
f 534//1171 577//1171 533//1171
f 533//1172 577//1172 576//1172
f 533//1173 576//1173 532//1173
f 532//1174 576//1174 574//1174
f 604//1175 602//1175 571//1175
f 604//1176 571//1176 574//1176
f 574//1177 571//1177 573//1177
f 770//1178 722//1178 678//1178
f 678//1179 722//1179 677//1179
f 644//1180 613//1180 612//1180
f 644//1181 612//1181 610//1181
f 610//1182 612//1182 609//1182
f 609//1183 612//1183 611//1183
f 609//1184 611//1184 583//1184
f 609//1185 583//1185 608//1185
f 608//1186 583//1186 579//1186
f 608//1187 579//1187 578//1187
f 608//1188 578//1188 606//1188
f 606//1189 578//1189 607//1189
f 606//1190 607//1190 605//1190
f 606//1191 605//1191 639//1191
f 722//1192 770//1192 679//1192
f 679//1193 770//1193 680//1193
f 679//1194 680//1194 636//1194
f 636//1195 680//1195 637//1195
f 636//1196 637//1196 638//1196
f 638//1197 637//1197 639//1197
f 638//1198 639//1198 603//1198
f 603//1199 639//1199 605//1199
f 693//1200 688//1200 692//1200
f 692//1201 688//1201 687//1201
f 692//1202 687//1202 691//1202
f 691//1203 687//1203 686//1203
f 691//1204 686//1204 685//1204
f 685//1205 683//1205 682//1205
f 682//1206 683//1206 728//1206
f 682//1207 728//1207 726//1207
f 726//1208 728//1208 727//1208
f 726//1209 727//1209 724//1209
f 724//1210 727//1210 725//1210
f 772//1211 771//1211 773//1211
f 773//1212 772//1212 725//1212
f 725//1213 772//1213 724//1213
f 835//1214 807//1214 772//1214
f 772//1215 807//1215 771//1215
f 857//1216 913//1216 884//1216
f 781//1217 736//1217 780//1217
f 780//1218 736//1218 735//1218
f 780//1219 735//1219 779//1219
f 779//1220 735//1220 734//1220
f 779//1221 734//1221 732//1221
f 779//1222 732//1222 731//1222
f 779//1223 731//1223 775//1223
f 775//1224 731//1224 778//1224
f 775//1225 778//1225 774//1225
f 775//1226 774//1226 809//1226
f 884//1227 913//1227 858//1227
f 858//1228 913//1228 836//1228
f 836//1229 837//1229 808//1229
f 808//1230 837//1230 809//1230
f 808//1231 809//1231 773//1231
f 773//1232 809//1232 774//1232
f 966//1233 1003//1233 965//1233
f 815//1234 843//1234 814//1234
f 814//1235 843//1235 842//1235
f 814//1236 842//1236 844//1236
f 844//1237 842//1237 840//1237
f 840//1238 842//1238 841//1238
f 840//1239 841//1239 861//1239
f 840//1240 861//1240 860//1240
f 860//1241 861//1241 885//1241
f 966//1242 965//1242 915//1242
f 965//1243 941//1243 915//1243
f 915//1244 941//1244 914//1244
f 915//1245 914//1245 885//1245
f 1003//1246 1024//1246 1002//1246
f 1003//1247 1002//1247 965//1247
f 893//1248 868//1248 892//1248
f 868//1249 867//1249 892//1249
f 892//1250 867//1250 866//1250
f 892//1251 866//1251 891//1251
f 891//1252 866//1252 890//1252
f 918//1253 890//1253 889//1253
f 918//1254 889//1254 917//1254
f 918//1255 917//1255 916//1255
f 968//1256 967//1256 1024//1256
f 1024//1257 967//1257 1002//1257
f 967//1258 968//1258 942//1258
f 942//1259 968//1259 943//1259
f 923//1260 947//1260 922//1260
f 922//1261 947//1261 949//1261
f 949//1262 947//1262 946//1262
f 949//1263 946//1263 948//1263
f 948//1264 946//1264 975//1264
f 974//1265 975//1265 971//1265
f 974//1266 971//1266 1006//1266
f 1006//1267 971//1267 1007//1267
f 1006//1268 1007//1268 1025//1268
f 1100//1269 1099//1269 1043//1269
f 1099//1270 1071//1270 1043//1270
f 1099//1271 1100//1271 1171//1271
f 1171//1272 1100//1272 1172//1272
f 1171//1273 1172//1273 1170//1273
f 1010//1274 981//1274 980//1274
f 1010//1275 980//1275 1009//1275
f 1009//1276 980//1276 1011//1276
f 1009//1277 1011//1277 1008//1277
f 1009//1278 1008//1278 1029//1278
f 1026//1279 1029//1279 1028//1279
f 1026//1280 1028//1280 1047//1280
f 1047//1281 1028//1281 1046//1281
f 1047//1282 1046//1282 1045//1282
f 1102//1283 1101//1283 1172//1283
f 1172//1284 1101//1284 1171//1284
f 1101//1285 1102//1285 1072//1285
f 1101//1286 1072//1286 1073//1286
f 1073//1287 1072//1287 1074//1287
f 1073//1288 1074//1288 1044//1288
f 1044//1289 1045//1289 1046//1289
f 1032//1290 1049//1290 1051//1290
f 1051//1291 1049//1291 1048//1291
f 1051//1292 1048//1292 1050//1292
f 1050//1293 1048//1293 1082//1293
f 1082//1294 1048//1294 1078//1294
f 1082//1295 1078//1295 1077//1295
f 1077//1296 1078//1296 1108//1296
f 1108//1297 1078//1297 1105//1297
f 1108//1298 1105//1298 1104//1298
f 1104//1299 1105//1299 1134//1299
f 1134//1300 1105//1300 1135//1300
f 1134//1301 1135//1301 1175//1301
f 1175//1302 1135//1302 1133//1302
f 1312//1303 1311//1303 1267//1303
f 1267//1304 1311//1304 1266//1304
f 1267//1305 1266//1305 1174//1305
f 1174//1306 1266//1306 1210//1306
f 1174//1307 1210//1307 1176//1307
f 1176//1308 1210//1308 1173//1308
f 1176//1309 1173//1309 1133//1309
f 1133//1310 1173//1310 1175//1310
f 1390//1311 1389//1311 1312//1311
f 1312//1312 1389//1312 1311//1312
f 1080//1313 1084//1313 1111//1313
f 1111//1314 1084//1314 1083//1314
f 1111//1315 1083//1315 1110//1315
f 1110//1316 1083//1316 1114//1316
f 1110//1317 1114//1317 1113//1317
f 1110//1318 1113//1318 1137//1318
f 1137//1319 1113//1319 1136//1319
f 1137//1320 1136//1320 1177//1320
f 1177//1321 1136//1321 1178//1321
f 1273//1322 1271//1322 1211//1322
f 1389//1323 1390//1323 1315//1323
f 1315//1324 1390//1324 1272//1324
f 1315//1325 1272//1325 1271//1325
f 1319//1326 1396//1326 1395//1326
f 1139//1327 1180//1327 1181//1327
f 1181//1328 1180//1328 1179//1328
f 1181//1329 1179//1329 1220//1329
f 1220//1330 1179//1330 1217//1330
f 1220//1331 1217//1331 1216//1331
f 1216//1332 1217//1332 1280//1332
f 1280//1333 1217//1333 1276//1333
f 1319//1334 1395//1334 1323//1334
f 1512//1335 1566//1335 1511//1335
f 1512//1336 1511//1336 1444//1336
f 1396//1337 1444//1337 1395//1337
f 1395//1338 1322//1338 1323//1338
f 1323//1339 1322//1339 1276//1339
f 1276//1340 1322//1340 1280//1340
f 1567//1341 1643//1341 1512//1341
f 1512//1342 1643//1342 1566//1342
f 1219//1343 1183//1343 1221//1343
f 1219//1344 1221//1344 1282//1344
f 1282//1345 1221//1345 1283//1345
f 1282//1346 1283//1346 1329//1346
f 1329//1347 1283//1347 1328//1347
f 1329//1348 1328//1348 1400//1348
f 1400//1349 1328//1349 1404//1349
f 1400//1350 1404//1350 1399//1350
f 1400//1351 1399//1351 1449//1351
f 1517//1352 1513//1352 1449//1352
f 1643//1353 1567//1353 1513//1353
f 1513//1354 1567//1354 1514//1354
f 1399//1355 1448//1355 1449//1355
f 1449//1356 1448//1356 1517//1356
f 1569//1357 1648//1357 1520//1357
f 1334//1358 1330//1358 1333//1358
f 1333//1359 1330//1359 1409//1359
f 1409//1360 1330//1360 1405//1360
f 1409//1361 1405//1361 1458//1361
f 1458//1362 1405//1362 1459//1362
f 1458//1363 1459//1363 1521//1363
f 1521//1364 1459//1364 1454//1364
f 1521//1365 1454//1365 1519//1365
f 1519//1366 1454//1366 1520//1366
f 1519//1367 1520//1367 1570//1367
f 1570//1368 1520//1368 1648//1368
f 1729//1369 1839//1369 1728//1369
f 1729//1370 1728//1370 1646//1370
f 1569//1371 1646//1371 1645//1371
f 1569//1372 1645//1372 1648//1372
f 1841//1373 1840//1373 1729//1373
f 1729//1374 1840//1374 1839//1374
f 1407//1375 1410//1375 1406//1375
f 1406//1376 1410//1376 1460//1376
f 1460//1377 1410//1377 1462//1377
f 1460//1378 1462//1378 1523//1378
f 1523//1379 1462//1379 1522//1379
f 1523//1380 1522//1380 1573//1380
f 1523//1381 1573//1381 1572//1381
f 1572//1382 1573//1382 1651//1382
f 1572//1383 1651//1383 1649//1383
f 1840//1384 1841//1384 1844//1384
f 1844//1385 1841//1385 1733//1385
f 1844//1386 1733//1386 1732//1386
f 1737//1387 1732//1387 1650//1387
f 1737//1388 1650//1388 1649//1388
f 1464//1389 1461//1389 1527//1389
f 1527//1390 1461//1390 1524//1390
f 1527//1391 1524//1391 1583//1391
f 1583//1392 1524//1392 1575//1392
f 1583//1393 1575//1393 1654//1393
f 1654//1394 1652//1394 1742//1394
f 1742//1395 1652//1395 1862//1395
f 1862//1396 1652//1396 1743//1396
f 1862//1397 1743//1397 1855//1397
f 1855//1398 1743//1398 1738//1398
f 1950//1399 1958//1399 1847//1399
f 1847//1400 1958//1400 1856//1400
f 1856//1401 1847//1401 1738//1401
f 1738//1402 1847//1402 1855//1402
f 1952//1403 2008//1403 1951//1403
f 1525//1404 1528//1404 1577//1404
f 1577//1405 1528//1405 1584//1405
f 1577//1406 1584//1406 1655//1406
f 1655//1407 1584//1407 1666//1407
f 1655//1408 1666//1408 1750//1408
f 1655//1409 1750//1409 1751//1409
f 1751//1410 1750//1410 1744//1410
f 1744//1411 1750//1411 1874//1411
f 1744//1412 1874//1412 1863//1412
f 2008//1413 1952//1413 1956//1413
f 1956//1414 1952//1414 1959//1414
f 1959//1415 1848//1415 1966//1415
f 1966//1416 1848//1416 1857//1416
f 1966//1417 1857//1417 1856//1417
f 1856//1418 1857//1418 1863//1418
f 1586//1419 1578//1419 1668//1419
f 1668//1420 1578//1420 1656//1420
f 1668//1421 1656//1421 1762//1421
f 1762//1422 1656//1422 1752//1422
f 1762//1423 1752//1423 1876//1423
f 1876//1424 1752//1424 1864//1424
f 1876//1425 1864//1425 1976//1425
f 1976//1426 1864//1426 1968//1426
f 1953//1427 2009//1427 1961//1427
f 2009//1428 2012//1428 1961//1428
f 1961//1429 2012//1429 2013//1429
f 1961//1430 2013//1430 1968//1430
f 2009//1431 1953//1431 2010//1431
f 2010//1432 1953//1432 1954//1432
f 2010//1433 1954//1433 2011//1433
f 1579//1434 1588//1434 1657//1434
f 1657//1435 1588//1435 1669//1435
f 1657//1436 1669//1436 1763//1436
f 1657//1437 1763//1437 1754//1437
f 1754//1438 1763//1438 1877//1438
f 1866//1439 1877//1439 1983//1439
f 1866//1440 1983//1440 1977//1440
f 1963//1441 2014//1441 1954//1441
f 1954//1442 2014//1442 2010//1442
f 2014//1443 1963//1443 1962//1443
f 2014//1444 1962//1444 2018//1444
f 2018//1445 1962//1445 1970//1445
f 2018//1446 1970//1446 2017//1446
f 2017//1447 1970//1447 1969//1447
f 1670//1448 1658//1448 1765//1448
f 1765//1449 1658//1449 1766//1449
f 1766//1450 1658//1450 1755//1450
f 1766//1451 1755//1451 1886//1451
f 1886//1452 1755//1452 1878//1452
f 1878//1453 1755//1453 1879//1453
f 1878//1454 1879//1454 1986//1454
f 1986//1455 1879//1455 1867//1455
f 1986//1456 1867//1456 1979//1456
f 1979//1457 1867//1457 1980//1457
f 1842//1458 1955//1458 1957//1458
f 1842//1459 1957//1459 1964//1459
f 1971//1460 1964//1460 2016//1460
f 1955//1461 1842//1461 1843//1461
f 1659//1462 1672//1462 1757//1462
f 1757//1463 1672//1463 1767//1463
f 1757//1464 1767//1464 1887//1464
f 1757//1465 1887//1465 1880//1465
f 1868//1466 1881//1466 1987//1466
f 1868//1467 1987//1467 1869//1467
f 1869//1468 1987//1468 1981//1468
f 1869//1469 1981//1469 1858//1469
f 1850//1470 1965//1470 1843//1470
f 1850//1471 1849//1471 1965//1471
f 1965//1472 1849//1472 1973//1472
f 1972//1473 1858//1473 1981//1473
f 1674//1474 1660//1474 1675//1474
f 1675//1475 1660//1475 1769//1475
f 1769//1476 1660//1476 1770//1476
f 1770//1477 1660//1477 1758//1477
f 1770//1478 1758//1478 1883//1478
f 1883//1479 1758//1479 1884//1479
f 1884//1480 1758//1480 1745//1480
f 1884//1481 1745//1481 1870//1481
f 1870//1482 1745//1482 1871//1482
f 1860//1483 1871//1483 1859//1483
f 1644//1484 1730//1484 1731//1484
f 1731//1485 1730//1485 1734//1485
f 1734//1486 1730//1486 1853//1486
f 1734//1487 1853//1487 1860//1487
f 1860//1488 1853//1488 1852//1488
f 1860//1489 1852//1489 1859//1489
f 151//1490 73//1490 72//1490
f 71//1491 72//1491 13//1491
f 71//1492 13//1492 70//1492
f 70//1493 13//1493 12//1493
f 70//1494 12//1494 150//1494
f 150//1495 12//1495 69//1495
f 150//1496 69//1496 242//1496
f 242//1497 69//1497 149//1497
f 242//1498 149//1498 333//1498
f 333//1499 149//1499 241//1499
f 333//1500 241//1500 414//1500
f 414//1501 241//1501 332//1501
f 414//1502 332//1502 483//1502
f 483//1503 332//1503 482//1503
f 483//1504 482//1504 566//1504
f 566//1505 482//1505 565//1505
f 566//1506 565//1506 634//1506
f 634//1507 565//1507 676//1507
f 634//1508 676//1508 766//1508
f 766//1509 676//1509 765//1509
f 766//1510 765//1510 834//1510
f 834//1511 765//1511 856//1511
f 834//1512 856//1512 912//1512
f 912//1513 856//1513 940//1513
f 912//1514 940//1514 1001//1514
f 1001//1515 940//1515 1000//1515
f 1001//1516 1000//1516 1070//1516
f 1131//1517 1070//1517 1167//1517
f 1131//1518 1167//1518 1263//1518
f 1382//1519 1263//1519 1381//1519
f 1382//1520 1381//1520 1508//1520
f 1508//1521 1381//1521 1507//1521
f 1508//1522 1507//1522 1641//1522
f 1641//1523 1507//1523 1640//1523
f 1641//1524 1640//1524 1726//1524
f 1726//1525 1640//1525 1834//1525
f 1726//1526 1834//1526 1835//1526
f 1835//1527 1834//1527 1945//1527
f 1835//1528 1945//1528 1946//1528
f 1947//1529 1946//1529 2006//1529
f 1947//1530 2006//1530 1948//1530
f 1948//1531 2006//1531 2007//1531
f 1948//1532 2007//1532 1836//1532
f 1836//1533 2007//1533 1949//1533
f 1836//1534 1949//1534 1837//1534
f 1642//1535 1837//1535 1727//1535
f 1836//1536 1949//1536 1948//1536
f 1948//1537 1949//1537 2007//1537
f 1948//1538 2007//1538 1947//1538
f 1947//1539 2007//1539 2006//1539
f 1835//1540 1945//1540 1726//1540
f 1726//1541 1945//1541 1834//1541
f 1726//1542 1834//1542 1641//1542
f 1641//1543 1834//1543 1640//1543
f 1641//1544 1640//1544 1508//1544
f 1508//1545 1640//1545 1507//1545
f 1508//1546 1507//1546 1382//1546
f 1382//1547 1507//1547 1381//1547
f 1001//1548 1000//1548 912//1548
f 912//1549 1000//1549 940//1549
f 912//1550 940//1550 834//1550
f 834//1551 940//1551 856//1551
f 834//1552 856//1552 766//1552
f 766//1553 856//1553 765//1553
f 766//1554 765//1554 634//1554
f 634//1555 765//1555 676//1555
f 634//1556 676//1556 566//1556
f 566//1557 676//1557 565//1557
f 566//1558 565//1558 483//1558
f 483//1559 565//1559 482//1559
f 483//1560 482//1560 414//1560
f 414//1561 482//1561 332//1561
f 414//1562 332//1562 333//1562
f 333//1563 332//1563 241//1563
f 333//1564 241//1564 242//1564
f 242//1565 241//1565 149//1565
f 242//1566 149//1566 150//1566
f 150//1567 149//1567 69//1567
f 150//1568 69//1568 70//1568
f 70//1569 69//1569 12//1569
f 70//1570 12//1570 71//1570
f 71//1571 12//1571 13//1571
f 148//1572 68//1572 67//1572
f 66//1573 67//1573 11//1573
f 66//1574 11//1574 65//1574
f 65//1575 11//1575 10//1575
f 65//1576 10//1576 147//1576
f 147//1577 10//1577 64//1577
f 147//1578 64//1578 236//1578
f 236//1579 64//1579 146//1579
f 236//1580 146//1580 329//1580
f 329//1581 146//1581 235//1581
f 329//1582 235//1582 413//1582
f 413//1583 235//1583 328//1583
f 413//1584 328//1584 481//1584
f 481//1585 328//1585 480//1585
f 481//1586 480//1586 562//1586
f 562//1587 480//1587 561//1587
f 562//1588 561//1588 633//1588
f 633//1589 561//1589 671//1589
f 633//1590 671//1590 762//1590
f 762//1591 671//1591 761//1591
f 762//1592 761//1592 833//1592
f 833//1593 761//1593 855//1593
f 833//1594 855//1594 911//1594
f 911//1595 855//1595 939//1595
f 911//1596 939//1596 999//1596
f 999//1597 939//1597 998//1597
f 999//1598 998//1598 1069//1598
f 1129//1599 1069//1599 1163//1599
f 1129//1600 1163//1600 1256//1600
f 1376//1601 1256//1601 1375//1601
f 1376//1602 1375//1602 1503//1602
f 1503//1603 1375//1603 1502//1603
f 1503//1604 1502//1604 1638//1604
f 1638//1605 1502//1605 1637//1605
f 1638//1606 1637//1606 1724//1606
f 1724//1607 1637//1607 1830//1607
f 1724//1608 1830//1608 1831//1608
f 1831//1609 1830//1609 1940//1609
f 1831//1610 1940//1610 1941//1610
f 1942//1611 1941//1611 2004//1611
f 1942//1612 2004//1612 1943//1612
f 1943//1613 2004//1613 2005//1613
f 1943//1614 2005//1614 1832//1614
f 1832//1615 2005//1615 1944//1615
f 1832//1616 1944//1616 1833//1616
f 1639//1617 1833//1617 1725//1617
f 43//1618 51//1618 50//1618
f 50//1619 49//1619 43//1619
f 43//1620 49//1620 42//1620
f 392//1621 393//1621 297//1621
f 392//1622 297//1622 296//1622
f 296//1623 297//1623 197//1623
f 127//1624 117//1624 118//1624
f 118//1625 117//1625 198//1625
f 198//1626 117//1626 207//1626
f 198//1627 207//1627 197//1627
f 197//1628 207//1628 196//1628
f 197//1629 196//1629 296//1629
f 32//1630 127//1630 33//1630
f 32//1631 33//1631 42//1631
f 42//1632 33//1632 34//1632
f 42//1633 34//1633 43//1633
f 297//1634 198//1634 197//1634
f 118//1635 198//1635 119//1635
f 118//1636 119//1636 127//1636
f 127//1637 119//1637 33//1637
f 33//1638 119//1638 128//1638
f 33//1639 128//1639 34//1639
f 132//1640 48//1640 138//1640
f 138//1641 137//1641 132//1641
f 132//1642 137//1642 217//1642
f 514//1643 459//1643 513//1643
f 513//1644 459//1644 458//1644
f 458//1645 459//1645 390//1645
f 209//1646 302//1646 303//1646
f 303//1647 302//1647 295//1647
f 295//1648 302//1648 396//1648
f 295//1649 396//1649 390//1649
f 390//1650 396//1650 389//1650
f 390//1651 389//1651 458//1651
f 131//1652 132//1652 217//1652
f 131//1653 217//1653 210//1653
f 210//1654 209//1654 211//1654
f 210//1655 211//1655 131//1655
f 131//1656 211//1656 126//1656
f 131//1657 126//1657 132//1657
f 459//1658 391//1658 390//1658
f 390//1659 391//1659 295//1659
f 209//1660 303//1660 206//1660
f 209//1661 206//1661 211//1661
f 314//1662 224//1662 319//1662
f 314//1663 319//1663 408//1663
f 620//1664 592//1664 619//1664
f 619//1665 592//1665 547//1665
f 619//1666 547//1666 591//1666
f 591//1667 547//1667 546//1667
f 464//1668 460//1668 461//1668
f 461//1669 460//1669 516//1669
f 461//1670 516//1670 512//1670
f 512//1671 516//1671 546//1671
f 313//1672 314//1672 408//1672
f 403//1673 464//1673 404//1673
f 403//1674 404//1674 408//1674
f 408//1675 404//1675 313//1675
f 547//1676 512//1676 546//1676
f 512//1677 457//1677 461//1677
f 464//1678 461//1678 395//1678
f 464//1679 395//1679 404//1679
f 519//1680 410//1680 521//1680
f 519//1681 521//1681 552//1681
f 699//1682 743//1682 651//1682
f 744//1683 700//1683 743//1683
f 743//1684 700//1684 652//1684
f 743//1685 652//1685 651//1685
f 625//1686 621//1686 622//1686
f 622//1687 621//1687 656//1687
f 622//1688 656//1688 618//1688
f 618//1689 656//1689 651//1689
f 651//1690 656//1690 698//1690
f 651//1691 698//1691 699//1691
f 594//1692 625//1692 550//1692
f 594//1693 550//1693 552//1693
f 552//1694 550//1694 519//1694
f 651//1695 652//1695 618//1695
f 622//1696 618//1696 593//1696
f 622//1697 593//1697 625//1697
f 625//1698 593//1698 550//1698
f 663//1699 595//1699 628//1699
f 628//1700 664//1700 663//1700
f 663//1701 664//1701 749//1701
f 872//1702 821//1702 820//1702
f 872//1703 820//1703 849//1703
f 795//1704 792//1704 793//1704
f 793//1705 792//1705 823//1705
f 793//1706 823//1706 789//1706
f 789//1707 823//1707 824//1707
f 789//1708 824//1708 849//1708
f 707//1709 663//1709 749//1709
f 707//1710 749//1710 747//1710
f 747//1711 795//1711 705//1711
f 747//1712 705//1712 707//1712
f 707//1713 705//1713 663//1713
f 849//1714 820//1714 790//1714
f 849//1715 790//1715 789//1715
f 793//1716 789//1716 746//1716
f 793//1717 746//1717 795//1717
f 795//1718 746//1718 705//1718
f 828//1719 751//1719 830//1719
f 828//1720 830//1720 883//1720
f 828//1721 883//1721 851//1721
f 988//1722 929//1722 987//1722
f 987//1723 929//1723 956//1723
f 905//1724 934//1724 904//1724
f 934//1725 931//1725 904//1725
f 904//1726 931//1726 959//1726
f 904//1727 959//1727 928//1727
f 928//1728 959//1728 956//1728
f 956//1729 959//1729 955//1729
f 956//1730 955//1730 987//1730
f 905//1731 881//1731 883//1731
f 883//1732 881//1732 850//1732
f 883//1733 850//1733 851//1733
f 929//1734 928//1734 956//1734
f 928//1735 901//1735 904//1735
f 905//1736 904//1736 877//1736
f 905//1737 877//1737 881//1737
f 962//1738 908//1738 964//1738
f 962//1739 964//1739 1023//1739
f 1090//1740 1037//1740 1036//1740
f 1090//1741 1036//1741 1089//1741
f 1089//1742 1036//1742 1055//1742
f 1040//1743 1059//1743 1038//1743
f 1038//1744 1059//1744 1035//1744
f 1035//1745 1059//1745 1060//1745
f 1035//1746 1060//1746 1055//1746
f 1055//1747 1060//1747 1088//1747
f 1055//1748 1088//1748 1089//1748
f 992//1749 962//1749 1023//1749
f 1039//1750 1040//1750 1022//1750
f 1039//1751 1022//1751 1023//1751
f 1023//1752 1022//1752 991//1752
f 1023//1753 991//1753 992//1753
f 1036//1754 1035//1754 1055//1754
f 1038//1755 1035//1755 1019//1755
f 1038//1756 1019//1756 1040//1756
f 1040//1757 1019//1757 1022//1757
f 1094//1758 1042//1758 1066//1758
f 1066//1759 1096//1759 1094//1759
f 1094//1760 1096//1760 1152//1760
f 1229//1761 1146//1761 1228//1761
f 1228//1762 1146//1762 1145//1762
f 1228//1763 1145//1763 1189//1763
f 1195//1764 1191//1764 1149//1764
f 1149//1765 1191//1765 1144//1765
f 1144//1766 1191//1766 1231//1766
f 1144//1767 1231//1767 1189//1767
f 1189//1768 1231//1768 1227//1768
f 1189//1769 1227//1769 1228//1769
f 1124//1770 1094//1770 1152//1770
f 1124//1771 1152//1771 1151//1771
f 1151//1772 1195//1772 1123//1772
f 1151//1773 1123//1773 1124//1773
f 1124//1774 1123//1774 1122//1774
f 1124//1775 1122//1775 1094//1775
f 1189//1776 1145//1776 1144//1776
f 1149//1777 1144//1777 1148//1777
f 1149//1778 1148//1778 1195//1778
f 1195//1779 1148//1779 1123//1779
f 1238//1780 1153//1780 1242//1780
f 1242//1781 1243//1781 1238//1781
f 1238//1782 1243//1782 1356//1782
f 1343//1783 1290//1783 1416//1783
f 1416//1784 1290//1784 1289//1784
f 1416//1785 1289//1785 1342//1785
f 1416//1786 1342//1786 1415//1786
f 1423//1787 1418//1787 1345//1787
f 1345//1788 1418//1788 1419//1788
f 1345//1789 1419//1789 1341//1789
f 1341//1790 1419//1790 1415//1790
f 1303//1791 1238//1791 1356//1791
f 1356//1792 1351//1792 1298//1792
f 1356//1793 1298//1793 1303//1793
f 1342//1794 1341//1794 1415//1794
f 1341//1795 1340//1795 1345//1795
f 1423//1796 1345//1796 1344//1796
f 1423//1797 1344//1797 1351//1797
f 1351//1798 1344//1798 1299//1798
f 1351//1799 1299//1799 1298//1799
f 1486//1800 1361//1800 1488//1800
f 1488//1801 1489//1801 1486//1801
f 1486//1802 1489//1802 1565//1802
f 1550//1803 1551//1803 1549//1803
f 1551//1804 1477//1804 1476//1804
f 1551//1805 1476//1805 1549//1805
f 1627//1806 1623//1806 1561//1806
f 1561//1807 1623//1807 1624//1807
f 1561//1808 1624//1808 1548//1808
f 1548//1809 1624//1809 1549//1809
f 1549//1810 1624//1810 1612//1810
f 1549//1811 1612//1811 1550//1811
f 1627//1812 1563//1812 1565//1812
f 1565//1813 1563//1813 1486//1813
f 1561//1814 1548//1814 1560//1814
f 1561//1815 1560//1815 1627//1815
f 1627//1816 1560//1816 1563//1816
f 1715//1817 1630//1817 1718//1817
f 1718//1818 1719//1818 1715//1818
f 1715//1819 1719//1819 1811//1819
f 1692//1820 1614//1820 1691//1820
f 1614//1821 1552//1821 1613//1821
f 1614//1822 1613//1822 1691//1822
f 1805//1823 1790//1823 1704//1823
f 1704//1824 1790//1824 1791//1824
f 1704//1825 1791//1825 1690//1825
f 1690//1826 1791//1826 1691//1826
f 1691//1827 1791//1827 1692//1827
f 1804//1828 1805//1828 1710//1828
f 1804//1829 1710//1829 1811//1829
f 1811//1830 1710//1830 1715//1830
f 1691//1831 1613//1831 1690//1831
f 1704//1832 1690//1832 1703//1832
f 1704//1833 1703//1833 1805//1833
f 1805//1834 1703//1834 1710//1834
f 1911//1835 1818//1835 1819//1835
f 1819//1836 1923//1836 1911//1836
f 1911//1837 1923//1837 1913//1837
f 1694//1838 1695//1838 1784//1838
f 1616//1839 1615//1839 1695//1839
f 1695//1840 1615//1840 1693//1840
f 1695//1841 1693//1841 1784//1841
f 1903//1842 1895//1842 1793//1842
f 1793//1843 1895//1843 1794//1843
f 1793//1844 1794//1844 1782//1844
f 1782//1845 1794//1845 1795//1845
f 1782//1846 1795//1846 1784//1846
f 1912//1847 1911//1847 1913//1847
f 1903//1848 1902//1848 1913//1848
f 1913//1849 1902//1849 1901//1849
f 1913//1850 1901//1850 1912//1850
f 1784//1851 1693//1851 1782//1851
f 1903//1852 1793//1852 1792//1852
f 1903//1853 1792//1853 1902//1853
f 1914//1854 1924//1854 1925//1854
f 1925//1855 1926//1855 1914//1855
f 1914//1856 1926//1856 1915//1856
f 1554//1857 1553//1857 1617//1857
f 1554//1858 1617//1858 1618//1858
f 1618//1859 1617//1859 1697//1859
f 1806//1860 1906//1860 1797//1860
f 1906//1861 1798//1861 1797//1861
f 1797//1862 1798//1862 1696//1862
f 1696//1863 1798//1863 1705//1863
f 1696//1864 1705//1864 1697//1864
f 1697//1865 1705//1865 1698//1865
f 1697//1866 1698//1866 1618//1866
f 1906//1867 1806//1867 1905//1867
f 1906//1868 1905//1868 1915//1868
f 1915//1869 1905//1869 1904//1869
f 1915//1870 1904//1870 1914//1870
f 1617//1871 1696//1871 1697//1871
f 1696//1872 1786//1872 1797//1872
f 1797//1873 1786//1873 1796//1873
f 1797//1874 1796//1874 1806//1874
f 1806//1875 1796//1875 1905//1875
f 298//1876 394//1876 299//1876
f 298//1877 299//1877 199//1877
f 36//1878 121//1878 122//1878
f 122//1879 121//1879 201//1879
f 201//1880 121//1880 120//1880
f 201//1881 120//1881 199//1881
f 133//1882 134//1882 44//1882
f 36//1883 129//1883 44//1883
f 44//1884 129//1884 38//1884
f 44//1885 38//1885 133//1885
f 299//1886 200//1886 199//1886
f 199//1887 200//1887 201//1887
f 201//1888 200//1888 111//1888
f 201//1889 111//1889 122//1889
f 36//1890 122//1890 123//1890
f 36//1891 123//1891 129//1891
f 1413//1892 1478//1892 1414//1892
f 1414//1893 1478//1893 1417//1893
f 1813//1894 1927//1894 1820//1894
f 1820//1895 1821//1895 1813//1895
f 1813//1896 1821//1896 1815//1896
f 1929//1897 1820//1897 1928//1897
f 1928//1898 1820//1898 1927//1898
f 1924//1899 1997//1899 1925//1899
f 1925//1900 1997//1900 1998//1900
f 1925//1901 1998//1901 1999//1901
f 1923//1902 1819//1902 1922//1902
f 1922//1903 1819//1903 1818//1903
f 1630//1904 1629//1904 1718//1904
f 1361//1905 1431//1905 1488//1905
f 1153//1906 1198//1906 1242//1906
f 1066//1907 1042//1907 1065//1907
f 1066//1908 1065//1908 1095//1908
f 963//1909 964//1909 936//1909
f 936//1910 964//1910 908//1910
f 936//1911 908//1911 907//1911
f 829//1912 830//1912 750//1912
f 750//1913 830//1913 751//1913
f 629//1914 628//1914 595//1914
f 410//1915 409//1915 521//1915
f 521//1916 409//1916 468//1916
f 223//1917 319//1917 224//1917
f 223//1918 224//1918 136//1918
f 138//1919 48//1919 47//1919
f 138//1920 47//1920 46//1920
f 4//1921 50//1921 5//1921
f 5//1922 50//1922 51//1922
f 5//1923 51//1923 53//1923
f 1633//1924 1721//1924 1825//1924
f 1824//1925 1825//1925 1934//1925
f 1824//1926 1934//1926 1933//1926
f 1933//1927 1934//1927 2001//1927
f 1933//1928 2001//1928 1932//1928
f 1932//1929 2001//1929 2000//1929
f 1932//1930 2000//1930 1931//1930
f 1823//1931 1931//1931 1930//1931
f 1823//1932 1930//1932 1720//1932
f 1720//1933 1930//1933 1822//1933
f 1720//1934 1822//1934 1632//1934
f 1632//1935 1822//1935 1631//1935
f 1632//1936 1631//1936 1495//1936
f 1495//1937 1631//1937 1494//1937
f 1495//1938 1494//1938 1369//1938
f 1369//1939 1494//1939 1368//1939
f 1369//1940 1368//1940 1246//1940
f 1125//1941 1246//1941 1154//1941
f 1125//1942 1154//1942 1067//1942
f 995//1943 1067//1943 994//1943
f 995//1944 994//1944 909//1944
f 909//1945 994//1945 937//1945
f 909//1946 937//1946 831//1946
f 831//1947 937//1947 853//1947
f 831//1948 853//1948 753//1948
f 753//1949 853//1949 752//1949
f 753//1950 752//1950 630//1950
f 630//1951 752//1951 665//1951
f 630//1952 665//1952 557//1952
f 557//1953 665//1953 556//1953
f 557//1954 556//1954 475//1954
f 475//1955 556//1955 474//1955
f 475//1956 474//1956 411//1956
f 411//1957 474//1957 322//1957
f 411//1958 322//1958 323//1958
f 323//1959 322//1959 228//1959
f 323//1960 228//1960 229//1960
f 229//1961 228//1961 140//1961
f 229//1962 140//1962 141//1962
f 141//1963 140//1963 54//1963
f 141//1964 54//1964 55//1964
f 55//1965 54//1965 6//1965
f 55//1966 6//1966 56//1966
f 56//1967 6//1967 7//1967
f 56//1968 7//1968 57//1968
f 142//1969 57//1969 58//1969
f 56//1970 7//1970 55//1970
f 55//1971 7//1971 6//1971
f 55//1972 6//1972 141//1972
f 141//1973 6//1973 54//1973
f 141//1974 54//1974 229//1974
f 229//1975 54//1975 140//1975
f 229//1976 140//1976 323//1976
f 323//1977 140//1977 228//1977
f 323//1978 228//1978 411//1978
f 411//1979 228//1979 322//1979
f 411//1980 322//1980 475//1980
f 475//1981 322//1981 474//1981
f 475//1982 474//1982 557//1982
f 557//1983 474//1983 556//1983
f 557//1984 556//1984 630//1984
f 630//1985 556//1985 665//1985
f 630//1986 665//1986 753//1986
f 753//1987 665//1987 752//1987
f 753//1988 752//1988 831//1988
f 831//1989 752//1989 853//1989
f 831//1990 853//1990 909//1990
f 909//1991 853//1991 937//1991
f 909//1992 937//1992 995//1992
f 995//1993 937//1993 994//1993
f 1369//1994 1368//1994 1495//1994
f 1495//1995 1368//1995 1494//1995
f 1495//1996 1494//1996 1632//1996
f 1632//1997 1494//1997 1631//1997
f 1632//1998 1631//1998 1720//1998
f 1720//1999 1631//1999 1822//1999
f 1720//2000 1822//2000 1823//2000
f 1823//2001 1822//2001 1930//2001
f 1932//2002 2000//2002 1933//2002
f 1933//2003 2000//2003 2001//2003
f 1933//2004 2001//2004 1824//2004
f 1824//2005 2001//2005 1934//2005
f 1636//2006 1723//2006 1829//2006
f 1828//2007 1829//2007 1939//2007
f 1828//2008 1939//2008 1938//2008
f 1938//2009 1939//2009 2003//2009
f 1938//2010 2003//2010 1937//2010
f 1937//2011 2003//2011 2002//2011
f 1937//2012 2002//2012 1936//2012
f 1827//2013 1936//2013 1935//2013
f 1827//2014 1935//2014 1722//2014
f 1722//2015 1935//2015 1826//2015
f 1722//2016 1826//2016 1635//2016
f 1635//2017 1826//2017 1634//2017
f 1635//2018 1634//2018 1498//2018
f 1498//2019 1634//2019 1497//2019
f 1498//2020 1497//2020 1373//2020
f 1373//2021 1497//2021 1372//2021
f 1373//2022 1372//2022 1252//2022
f 1128//2023 1252//2023 1159//2023
f 1128//2024 1159//2024 1068//2024
f 997//2025 1068//2025 996//2025
f 997//2026 996//2026 910//2026
f 910//2027 996//2027 938//2027
f 910//2028 938//2028 832//2028
f 832//2029 938//2029 854//2029
f 832//2030 854//2030 759//2030
f 759//2031 854//2031 758//2031
f 759//2032 758//2032 632//2032
f 632//2033 758//2033 668//2033
f 632//2034 668//2034 559//2034
f 559//2035 668//2035 558//2035
f 559//2036 558//2036 477//2036
f 477//2037 558//2037 476//2037
f 477//2038 476//2038 412//2038
f 412//2039 476//2039 324//2039
f 412//2040 324//2040 325//2040
f 325//2041 324//2041 230//2041
f 325//2042 230//2042 231//2042
f 231//2043 230//2043 143//2043
f 231//2044 143//2044 144//2044
f 144//2045 143//2045 59//2045
f 144//2046 59//2046 60//2046
f 60//2047 59//2047 8//2047
f 60//2048 8//2048 61//2048
f 61//2049 8//2049 9//2049
f 61//2050 9//2050 62//2050
f 145//2051 62//2051 63//2051
f 326//2052 479//2052 473//2052
f 326//2053 473//2053 320//2053
f 320//2054 473//2054 471//2054
f 320//2055 471//2055 315//2055
f 524//2056 554//2056 397//2056
f 397//2057 554//2057 657//2057
f 1245//2058 1346//2058 1293//2058
f 1245//2059 1293//2059 1241//2059
f 524//2060 397//2060 523//2060
f 523//2061 397//2061 405//2061
f 1428//2062 1424//2062 1308//2062
f 1308//2063 1424//2063 1245//2063
f 1245//2064 1424//2064 1352//2064
f 1245//2065 1352//2065 1346//2065
f 1364//2066 1432//2066 1308//2066
f 1308//2067 1432//2067 1428//2067
f 1432//2068 1364//2068 1366//2068
f 1432//2069 1366//2069 1435//2069
f 1435//2070 1366//2070 1378//2070
f 1435//2071 1378//2071 1436//2071
f 1436//2072 1378//2072 1438//2072
f 315//2073 471//2073 469//2073
f 315//2074 469//2074 308//2074
f 308//2075 469//2075 523//2075
f 308//2076 523//2076 405//2076
f 1241//2077 1293//2077 1197//2077
f 1197//2078 1293//2078 1061//2078
f 1197//2079 1061//2079 554//2079
f 554//2080 1061//2080 878//2080
f 554//2081 878//2081 657//2081
f 484//2082 478//2082 485//2082
f 485//2083 478//2083 479//2083
f 484//2084 485//2084 486//2084
f 486//2085 485//2085 487//2085
f 486//2086 487//2086 489//2086
f 489//2087 487//2087 490//2087
f 489//2088 490//2088 527//2088
f 527//2089 490//2089 528//2089
f 527//2090 528//2090 568//2090
f 568//2091 528//2091 569//2091
f 569//2092 528//2092 570//2092
f 570//2093 1209//2093 569//2093
f 569//2094 1209//2094 1269//2094
f 1269//2095 1209//2095 1270//2095
f 1269//2096 1270//2096 1313//2096
f 1313//2097 1270//2097 1268//2097
f 1313//2098 1268//2098 1314//2098
f 1313//2099 1314//2099 1386//2099
f 1386//2100 1314//2100 1310//2100
f 1386//2101 1310//2101 1387//2101
f 1386//2102 1387//2102 1383//2102
f 1383//2103 1387//2103 1384//2103
f 1384//2104 1378//2104 1383//2104
f 1383//2105 1378//2105 1377//2105
f 1734//2106 1735//2106 1731//2106
f 1735//2107 1736//2107 1731//2107
f 1731//2108 1736//2108 1647//2108
f 1731//2109 1647//2109 1644//2109
f 494//2110 423//2110 497//2110
f 1974//2111 1973//2111 1982//2111
f 2019//2112 2018//2112 1978//2112
f 1457//2113 1458//2113 1518//2113
f 1531//2114 1532//2114 1594//2114
f 1674//2115 1675//2115 1768//2115
f 2016//2116 1964//2116 2015//2116
f 2017//2117 1969//2117 1977//2117
f 1763//2118 1669//2118 1764//2118
f 1668//2119 1762//2119 1667//2119
f 1874//2120 1751//2120 1875//2120
f 1464//2121 1527//2121 1463//2121
f 1573//2122 1574//2122 1653//2122
f 1519//2123 1570//2123 1518//2123
f 1444//2124 1391//2124 1395//2124
f 1136//2125 1113//2125 1138//2125
f 1134//2126 1133//2126 1103//2126
f 1012//2127 1033//2127 1032//2127
f 1006//2128 1005//2128 969//2128
f 866//2129 867//2129 923//2129
f 860//2130 885//2130 838//2130
f 838//2131 885//2131 859//2131
f 432//2132 433//2132 497//2132
f 262//2133 256//2133 263//2133
f 181//2134 180//2134 182//2134
f 1664//2135 1665//2135 1748//2135
f 1748//2136 1665//2136 1749//2136
f 1748//2137 1749//2137 1740//2137
f 1678//2138 1582//2138 1664//2138
f 1664//2139 1582//2139 1665//2139
f 1594//2140 1533//2140 1595//2140
f 1594//2141 1595//2141 1678//2141
f 1678//2142 1595//2142 1582//2142
f 1533//2143 1594//2143 1465//2143
f 1465//2144 1594//2144 1532//2144
f 451//2145 452//2145 450//2145
f 451//2146 450//2146 376//2146
f 376//2147 450//2147 375//2147
f 376//2148 375//2148 282//2148
f 99//2149 103//2149 183//2149
f 183//2150 282//2150 182//2150
f 183//2151 182//2151 99//2151
f 99//2152 98//2152 92//2152
f 92//2153 98//2153 90//2153
f 92//2154 90//2154 20//2154
f 20//2155 90//2155 18//2155
f 97//2156 88//2156 89//2156
f 89//2157 88//2157 17//2157
f 17//2158 88//2158 80//2158
f 17//2159 80//2159 79//2159
f 17//2160 18//2160 89//2160
f 89//2161 18//2161 90//2161
f 89//2162 90//2162 97//2162
f 97//2163 90//2163 98//2163
f 181//2164 182//2164 185//2164
f 185//2165 182//2165 281//2165
f 281//2166 182//2166 282//2166
f 281//2167 282//2167 374//2167
f 374//2168 282//2168 375//2168
f 374//2169 375//2169 450//2169
f 374//2170 450//2170 373//2170
f 450//2171 449//2171 373//2171
f 373//2172 449//2172 372//2172
f 372//2173 449//2173 448//2173
f 279//2174 280//2174 371//2174
f 371//2175 280//2175 372//2175
f 371//2176 372//2176 448//2176
f 178//2177 179//2177 279//2177
f 96//2178 102//2178 177//2178
f 87//2179 96//2179 167//2179
f 87//2180 167//2180 86//2180
f 78//2181 86//2181 161//2181
f 78//2182 161//2182 157//2182
f 165//2183 160//2183 161//2183
f 161//2184 160//2184 157//2184
f 157//2185 160//2185 156//2185
f 157//2186 156//2186 155//2186
f 166//2187 167//2187 175//2187
f 278//2188 277//2188 177//2188
f 177//2189 277//2189 270//2189
f 177//2190 270//2190 176//2190
f 446//2191 370//2191 448//2191
f 102//2192 178//2192 177//2192
f 177//2193 178//2193 279//2193
f 177//2194 279//2194 278//2194
f 278//2195 279//2195 369//2195
f 369//2196 279//2196 371//2196
f 369//2197 371//2197 370//2197
f 370//2198 371//2198 448//2198
f 448//2199 447//2199 446//2199
f 367//2200 444//2200 366//2200
f 366//2201 267//2201 367//2201
f 367//2202 267//2202 268//2202
f 261//2203 256//2203 262//2203
f 261//2204 262//2204 267//2204
f 267//2205 262//2205 263//2205
f 261//2206 350//2206 345//2206
f 345//2207 350//2207 344//2207
f 504//2208 444//2208 505//2208
f 505//2209 444//2209 367//2209
f 505//2210 367//2210 445//2210
f 445//2211 367//2211 368//2211
f 539//2212 503//2212 540//2212
f 497//2213 433//2213 537//2213
f 432//2214 497//2214 424//2214
f 424//2215 497//2215 423//2215
f 424//2216 423//2216 418//2216
f 418//2217 423//2217 494//2217
f 491//2218 492//2218 531//2218
f 574//2219 572//2219 491//2219
f 571//2220 572//2220 573//2220
f 573//2221 572//2221 574//2221
f 491//2222 531//2222 574//2222
f 574//2223 531//2223 532//2223
f 537//2224 433//2224 502//2224
f 537//2225 502//2225 538//2225
f 538//2226 502//2226 503//2226
f 538//2227 503//2227 585//2227
f 585//2228 503//2228 539//2228
f 585//2229 539//2229 584//2229
f 584//2230 585//2230 613//2230
f 613//2231 585//2231 647//2231
f 613//2232 647//2232 612//2232
f 579//2233 645//2233 578//2233
f 578//2234 645//2234 607//2234
f 636//2235 638//2235 681//2235
f 636//2236 681//2236 680//2236
f 724//2237 723//2237 680//2237
f 772//2238 723//2238 724//2238
f 680//2239 681//2239 724//2239
f 724//2240 681//2240 726//2240
f 682//2241 641//2241 685//2241
f 685//2242 641//2242 643//2242
f 685//2243 643//2243 691//2243
f 692//2244 645//2244 646//2244
f 692//2245 646//2245 693//2245
f 579//2246 583//2246 645//2246
f 645//2247 583//2247 611//2247
f 645//2248 611//2248 646//2248
f 646//2249 611//2249 612//2249
f 646//2250 612//2250 693//2250
f 693//2251 612//2251 647//2251
f 693//2252 737//2252 736//2252
f 736//2253 737//2253 783//2253
f 736//2254 783//2254 735//2254
f 735//2255 814//2255 813//2255
f 735//2256 813//2256 734//2256
f 734//2257 813//2257 732//2257
f 810//2258 774//2258 778//2258
f 808//2259 773//2259 810//2259
f 810//2260 773//2260 774//2260
f 859//2261 836//2261 838//2261
f 838//2262 836//2262 808//2262
f 859//2263 885//2263 914//2263
f 813//2264 844//2264 811//2264
f 811//2265 844//2265 840//2265
f 924//2266 867//2266 868//2266
f 813//2267 814//2267 844//2267
f 890//2268 866//2268 921//2268
f 890//2269 921//2269 919//2269
f 890//2270 919//2270 889//2270
f 889//2271 919//2271 917//2271
f 943//2272 916//2272 944//2272
f 942//2273 969//2273 967//2273
f 967//2274 969//2274 1005//2274
f 967//2275 1005//2275 1004//2275
f 1006//2276 1025//2276 1005//2276
f 1005//2277 1025//2277 1004//2277
f 1004//2278 1025//2278 1043//2278
f 970//2279 974//2279 1006//2279
f 970//2280 944//2280 974//2280
f 974//2281 944//2281 945//2281
f 974//2282 945//2282 975//2282
f 975//2283 945//2283 948//2283
f 866//2284 923//2284 921//2284
f 921//2285 923//2285 922//2285
f 921//2286 922//2286 949//2286
f 923//2287 867//2287 924//2287
f 923//2288 924//2288 950//2288
f 923//2289 950//2289 981//2289
f 981//2290 950//2290 982//2290
f 981//2291 982//2291 1012//2291
f 981//2292 1012//2292 1032//2292
f 981//2293 1032//2293 980//2293
f 980//2294 1032//2294 1031//2294
f 980//2295 1031//2295 1011//2295
f 1011//2296 1031//2296 1008//2296
f 1028//2297 1029//2297 1046//2297
f 1073//2298 1103//2298 1101//2298
f 1101//2299 1103//2299 1133//2299
f 1101//2300 1133//2300 1173//2300
f 1134//2301 1175//2301 1133//2301
f 1075//2302 1044//2302 1046//2302
f 1075//2303 1046//2303 1077//2303
f 1077//2304 1046//2304 1029//2304
f 1077//2305 1029//2305 1031//2305
f 1031//2306 1029//2306 1008//2306
f 1108//2307 1104//2307 1075//2307
f 1108//2308 1075//2308 1077//2308
f 1077//2309 1031//2309 1082//2309
f 1082//2310 1031//2310 1050//2310
f 1084//2311 1032//2311 1033//2311
f 1050//2312 1031//2312 1051//2312
f 1051//2313 1031//2313 1032//2313
f 1084//2314 1115//2314 1083//2314
f 1138//2315 1113//2315 1139//2315
f 1139//2316 1113//2316 1114//2316
f 1139//2317 1114//2317 1083//2317
f 1213//2318 1211//2318 1177//2318
f 1391//2319 1316//2319 1395//2319
f 1395//2320 1316//2320 1318//2320
f 1395//2321 1318//2321 1322//2321
f 1316//2322 1271//2322 1318//2322
f 1318//2323 1271//2323 1273//2323
f 1318//2324 1273//2324 1322//2324
f 1322//2325 1273//2325 1275//2325
f 1322//2326 1275//2326 1280//2326
f 1216//2327 1178//2327 1138//2327
f 1138//2328 1178//2328 1136//2328
f 1280//2329 1275//2329 1216//2329
f 1216//2330 1138//2330 1220//2330
f 1139//2331 1181//2331 1138//2331
f 1138//2332 1181//2332 1220//2332
f 1083//2333 1115//2333 1139//2333
f 1139//2334 1115//2334 1140//2334
f 1139//2335 1140//2335 1182//2335
f 1183//2336 1284//2336 1221//2336
f 1221//2337 1284//2337 1333//2337
f 1457//2338 1404//2338 1332//2338
f 1332//2339 1404//2339 1328//2339
f 1332//2340 1328//2340 1283//2340
f 1332//2341 1283//2341 1333//2341
f 1333//2342 1283//2342 1221//2342
f 1399//2343 1453//2343 1448//2343
f 1648//2344 1645//2344 1513//2344
f 1648//2345 1513//2345 1568//2345
f 1568//2346 1513//2346 1517//2346
f 1448//2347 1518//2347 1517//2347
f 1517//2348 1518//2348 1570//2348
f 1517//2349 1570//2349 1568//2349
f 1568//2350 1570//2350 1648//2350
f 1519//2351 1518//2351 1521//2351
f 1521//2352 1518//2352 1458//2352
f 1458//2353 1457//2353 1409//2353
f 1409//2354 1457//2354 1332//2354
f 1409//2355 1332//2355 1333//2355
f 1334//2356 1333//2356 1284//2356
f 1334//2357 1284//2357 1335//2357
f 1410//2358 1335//2358 1463//2358
f 1573//2359 1522//2359 1526//2359
f 1526//2360 1522//2360 1462//2360
f 1526//2361 1462//2361 1463//2361
f 1463//2362 1462//2362 1410//2362
f 1573//2363 1653//2363 1651//2363
f 1741//2364 1649//2364 1651//2364
f 1732//2365 1737//2365 1854//2365
f 1732//2366 1854//2366 1845//2366
f 1958//2367 1846//2367 1847//2367
f 1847//2368 1846//2368 1855//2368
f 1846//2369 1845//2369 1855//2369
f 1855//2370 1845//2370 1854//2370
f 1855//2371 1854//2371 1862//2371
f 1742//2372 1741//2372 1654//2372
f 1574//2373 1573//2373 1526//2373
f 1574//2374 1526//2374 1653//2374
f 1653//2375 1526//2375 1583//2375
f 1653//2376 1583//2376 1654//2376
f 1463//2377 1527//2377 1526//2377
f 1526//2378 1527//2378 1583//2378
f 1528//2379 1529//2379 1530//2379
f 1528//2380 1530//2380 1584//2380
f 1584//2381 1530//2381 1585//2381
f 1667//2382 1750//2382 1666//2382
f 1667//2383 1666//2383 1585//2383
f 1585//2384 1666//2384 1584//2384
f 1874//2385 1875//2385 1863//2385
f 1856//2386 1863//2386 1966//2386
f 1966//2387 1863//2387 1975//2387
f 1968//2388 1960//2388 1967//2388
f 1967//2389 1960//2389 1959//2389
f 1967//2390 1959//2390 1966//2390
f 2013//2391 1960//2391 1968//2391
f 1968//2392 1967//2392 1976//2392
f 1976//2393 1975//2393 1876//2393
f 1874//2394 1750//2394 1751//2394
f 1751//2395 1750//2395 1667//2395
f 1751//2396 1667//2396 1875//2396
f 1875//2397 1667//2397 1762//2397
f 1875//2398 1762//2398 1876//2398
f 1668//2399 1667//2399 1585//2399
f 1668//2400 1585//2400 1586//2400
f 1586//2401 1585//2401 1530//2401
f 1586//2402 1530//2402 1587//2402
f 1877//2403 1885//2403 1984//2403
f 1983//2404 1877//2404 1984//2404
f 1983//2405 1984//2405 1977//2405
f 1670//2406 1765//2406 1764//2406
f 1764//2407 1765//2407 1885//2407
f 1764//2408 1885//2408 1763//2408
f 1763//2409 1885//2409 1877//2409
f 1765//2410 1766//2410 1885//2410
f 1885//2411 1766//2411 1886//2411
f 1885//2412 1886//2412 1984//2412
f 1984//2413 1886//2413 1985//2413
f 1984//2414 1985//2414 1978//2414
f 1669//2415 1588//2415 1764//2415
f 1764//2416 1588//2416 1589//2416
f 1764//2417 1589//2417 1670//2417
f 1887//2418 1767//2418 1768//2418
f 1882//2419 1881//2419 1887//2419
f 1887//2420 1881//2420 1880//2420
f 1882//2421 1981//2421 1987//2421
f 1882//2422 1987//2422 1881//2422
f 1972//2423 1982//2423 1973//2423
f 1973//2424 1974//2424 1965//2424
f 1965//2425 1974//2425 1859//2425
f 1965//2426 1859//2426 1851//2426
f 1851//2427 1859//2427 1852//2427
f 1887//2428 1768//2428 1675//2428
f 1887//2429 1675//2429 1769//2429
f 1767//2430 1672//2430 1768//2430
f 1768//2431 1672//2431 1673//2431
f 1768//2432 1673//2432 1674//2432
f 1674//2433 1673//2433 1590//2433
f 1674//2434 1590//2434 1591//2434
f 1676//2435 1592//2435 1593//2435
f 1676//2436 1593//2436 1677//2436
f 1676//2437 1677//2437 1772//2437
f 1760//2438 1759//2438 1772//2438
f 1772//2439 1759//2439 1771//2439
f 1772//2440 1771//2440 1676//2440
f 1760//2441 1772//2441 1761//2441
f 1761//2442 1872//2442 1760//2442
f 1740//2443 1861//2443 1748//2443
f 1748//2444 1861//2444 1873//2444
f 735//2445 783//2445 814//2445
f 814//2446 783//2446 816//2446
f 814//2447 816//2447 815//2447
f 99//2448 182//2448 98//2448
f 98//2449 182//2449 180//2449
f 366//2450 444//2450 365//2450
f 366//2451 365//2451 267//2451
f 267//2452 365//2452 355//2452
f 267//2453 355//2453 261//2453
f 261//2454 355//2454 354//2454
f 261//2455 354//2455 350//2455
f 692//2456 691//2456 645//2456
f 645//2457 691//2457 643//2457
f 645//2458 643//2458 607//2458
f 607//2459 643//2459 641//2459
f 607//2460 641//2460 605//2460
f 605//2461 641//2461 603//2461
f 949//2462 948//2462 921//2462
f 921//2463 948//2463 945//2463
f 921//2464 945//2464 919//2464
f 919//2465 945//2465 944//2465
f 919//2466 944//2466 917//2466
f 917//2467 944//2467 916//2467
f 1273//2468 1211//2468 1275//2468
f 1275//2469 1211//2469 1213//2469
f 1275//2470 1213//2470 1216//2470
f 1216//2471 1213//2471 1177//2471
f 1216//2472 1177//2472 1178//2472
f 1654//2473 1741//2473 1653//2473
f 1653//2474 1741//2474 1651//2474
f 1518//2475 1448//2475 1453//2475
f 1518//2476 1453//2476 1457//2476
f 1457//2477 1453//2477 1399//2477
f 1457//2478 1399//2478 1404//2478
f 1977//2479 1984//2479 1978//2479
f 1977//2480 1978//2480 2017//2480
f 2017//2481 1978//2481 2018//2481
f 2018//2482 2019//2482 2014//2482
f 2014//2483 2019//2483 2020//2483
f 2014//2484 2020//2484 2015//2484
f 2015//2485 2020//2485 1971//2485
f 2015//2486 1971//2486 2016//2486
f 1876//2487 1975//2487 1875//2487
f 1875//2488 1975//2488 1863//2488
f 1873//2489 1872//2489 1748//2489
f 1748//2490 1872//2490 1761//2490
f 1748//2491 1761//2491 1664//2491
f 1664//2492 1761//2492 1772//2492
f 1664//2493 1772//2493 1678//2493
f 1678//2494 1772//2494 1677//2494
f 1678//2495 1677//2495 1594//2495
f 1594//2496 1677//2496 1593//2496
f 1594//2497 1593//2497 1531//2497
f 1769//2498 1770//2498 1887//2498
f 1887//2499 1770//2499 1883//2499
f 1887//2500 1883//2500 1882//2500
f 1882//2501 1883//2501 1982//2501
f 1882//2502 1982//2502 1981//2502
f 1981//2503 1982//2503 1972//2503
f 256//2504 261//2504 255//2504
f 255//2505 261//2505 345//2505
f 255//2506 345//2506 250//2506
f 250//2507 345//2507 344//2507
f 250//2508 344//2508 340//2508
f 340//2509 344//2509 416//2509
f 166//2510 165//2510 161//2510
f 166//2511 161//2511 167//2511
f 167//2512 161//2512 86//2512
f 682//2513 726//2513 681//2513
f 682//2514 681//2514 641//2514
f 641//2515 681//2515 638//2515
f 641//2516 638//2516 603//2516
f 492//2517 418//2517 494//2517
f 492//2518 494//2518 531//2518
f 531//2519 494//2519 533//2519
f 531//2520 533//2520 532//2520
f 970//2521 1006//2521 969//2521
f 970//2522 969//2522 944//2522
f 944//2523 969//2523 942//2523
f 944//2524 942//2524 943//2524
f 839//2525 860//2525 838//2525
f 839//2526 838//2526 810//2526
f 810//2527 838//2527 808//2527
f 1104//2528 1134//2528 1103//2528
f 1104//2529 1103//2529 1075//2529
f 1075//2530 1103//2530 1073//2530
f 1075//2531 1073//2531 1044//2531
f 1737//2532 1649//2532 1741//2532
f 1737//2533 1741//2533 1854//2533
f 1854//2534 1741//2534 1742//2534
f 1854//2535 1742//2535 1862//2535
f 1886//2536 1878//2536 1985//2536
f 1985//2537 1878//2537 1986//2537
f 1985//2538 1986//2538 1978//2538
f 1978//2539 1986//2539 1979//2539
f 1978//2540 1979//2540 2019//2540
f 2019//2541 1979//2541 1980//2541
f 2019//2542 1980//2542 2020//2542
f 2020//2543 1980//2543 1971//2543
f 1966//2544 1975//2544 1967//2544
f 1967//2545 1975//2545 1976//2545
f 1883//2546 1884//2546 1982//2546
f 1982//2547 1884//2547 1870//2547
f 1982//2548 1870//2548 1974//2548
f 1974//2549 1870//2549 1871//2549
f 1974//2550 1871//2550 1859//2550
f 96//2551 177//2551 167//2551
f 167//2552 177//2552 176//2552
f 167//2553 176//2553 175//2553
f 175//2554 176//2554 270//2554
f 497//2555 537//2555 535//2555
f 497//2556 535//2556 494//2556
f 494//2557 535//2557 534//2557
f 494//2558 534//2558 533//2558
f 860//2559 839//2559 840//2559
f 840//2560 839//2560 810//2560
f 840//2561 810//2561 811//2561
f 811//2562 810//2562 778//2562
f 811//2563 778//2563 813//2563
f 813//2564 778//2564 731//2564
f 813//2565 731//2565 732//2565
f 450//2566 452//2566 1465//2566
f 446//2567 447//2567 1465//2567
f 1591//2568 1590//2568 1033//2568
f 1033//2569 1590//2569 1673//2569
f 1033//2570 1673//2570 1672//2570
f 446//2571 1465//2571 445//2571
f 1532//2572 1531//2572 1033//2572
f 1140//2573 1115//2573 1672//2573
f 447//2574 448//2574 1465//2574
f 1465//2575 448//2575 449//2575
f 1531//2576 1593//2576 1033//2576
f 1033//2577 1593//2577 1592//2577
f 1033//2578 1592//2578 1591//2578
f 982//2579 950//2579 1465//2579
f 1465//2580 868//2580 815//2580
f 815//2581 816//2581 1465//2581
f 1465//2582 816//2582 783//2582
f 1465//2583 783//2583 737//2583
f 1528//2584 1464//2584 1670//2584
f 1284//2585 1183//2585 1672//2585
f 1672//2586 1183//2586 1182//2586
f 1672//2587 1182//2587 1140//2587
f 1115//2588 1084//2588 1672//2588
f 1672//2589 1084//2589 1033//2589
f 1465//2590 449//2590 450//2590
f 1464//2591 1463//2591 1670//2591
f 1670//2592 1463//2592 1335//2592
f 1670//2593 1335//2593 1671//2593
f 1671//2594 1335//2594 1672//2594
f 1672//2595 1335//2595 1284//2595
f 1532//2596 1033//2596 1465//2596
f 1465//2597 1033//2597 1012//2597
f 1465//2598 1012//2598 982//2598
f 950//2599 924//2599 1465//2599
f 1465//2600 924//2600 868//2600
f 737//2601 693//2601 1465//2601
f 1465//2602 693//2602 647//2602
f 540//2603 504//2603 1465//2603
f 1465//2604 504//2604 505//2604
f 1465//2605 505//2605 445//2605
f 1587//2606 1670//2606 1588//2606
f 1588//2607 1670//2607 1589//2607
f 1587//2608 1530//2608 1670//2608
f 1670//2609 1530//2609 1529//2609
f 1670//2610 1529//2610 1528//2610
f 647//2611 585//2611 1465//2611
f 1465//2612 585//2612 539//2612
f 1465//2613 539//2613 540//2613
f 92//2614 91//2614 83//2614
f 83//2615 91//2615 82//2615
f 83//2616 82//2616 81//2616
f 173//2617 274//2617 183//2617
f 443//2618 441//2618 442//2618
f 442//2619 441//2619 362//2619
f 442//2620 362//2620 363//2620
f 363//2621 362//2621 274//2621
f 276//2622 364//2622 363//2622
f 363//2623 364//2623 442//2623
f 442//2624 364//2624 443//2624
f 274//2625 275//2625 363//2625
f 363//2626 275//2626 276//2626
f 93//2627 164//2627 173//2627
f 173//2628 164//2628 174//2628
f 173//2629 174//2629 274//2629
f 274//2630 174//2630 275//2630
f 275//2631 174//2631 266//2631
f 275//2632 266//2632 276//2632
f 183//2633 172//2633 173//2633
f 173//2634 172//2634 93//2634
f 93//2635 172//2635 92//2635
f 93//2636 92//2636 83//2636
f 276//2637 266//2637 184//2637
f 184//2638 266//2638 174//2638
f 184//2639 174//2639 100//2639
f 100//2640 174//2640 94//2640
f 94//2641 174//2641 164//2641
f 94//2642 164//2642 93//2642
f 76//2643 14//2643 83//2643
f 19//2644 83//2644 14//2644
f 100//2645 101//2645 184//2645
f 83//2646 84//2646 93//2646
f 101//2647 100//2647 95//2647
f 95//2648 100//2648 94//2648
f 95//2649 94//2649 93//2649
f 95//2650 93//2650 85//2650
f 85//2651 93//2651 84//2651
f 1838//2652 1843//2652 1853//2652
f 1965//2653 1851//2653 1843//2653
f 1843//2654 1851//2654 1852//2654
f 1843//2655 1852//2655 1853//2655
f 1853//2656 1730//2656 1838//2656
f 1838//2657 1730//2657 1727//2657
f 1838//2658 1727//2658 1843//2658
f 1843//2659 1727//2659 1837//2659
f 1843//2660 1837//2660 1955//2660
f 1955//2661 1837//2661 1949//2661
f 1955//2662 1949//2662 1957//2662
f 1964//2663 2011//2663 2015//2663
f 2015//2664 2011//2664 2010//2664
f 2015//2665 2010//2665 2014//2665
f 1964//2666 1957//2666 2011//2666
f 2011//2667 1957//2667 1949//2667
f 2011//2668 1949//2668 2010//2668
f 2010//2669 1949//2669 2007//2669
f 2010//2670 2007//2670 2009//2670
f 2009//2671 2007//2671 2006//2671
f 2009//2672 2006//2672 2012//2672
f 2013//2673 2008//2673 1960//2673
f 1960//2674 2008//2674 1956//2674
f 1960//2675 1956//2675 1959//2675
f 2013//2676 2012//2676 2008//2676
f 2008//2677 2012//2677 2006//2677
f 2008//2678 2006//2678 1951//2678
f 1951//2679 2006//2679 1946//2679
f 1951//2680 1946//2680 1950//2680
f 1950//2681 1946//2681 1945//2681
f 1950//2682 1945//2682 1958//2682
f 1846//2683 1840//2683 1845//2683
f 1845//2684 1840//2684 1844//2684
f 1845//2685 1844//2685 1732//2685
f 1640//2686 1728//2686 1834//2686
f 1834//2687 1728//2687 1839//2687
f 1834//2688 1839//2688 1945//2688
f 1945//2689 1839//2689 1840//2689
f 1945//2690 1840//2690 1958//2690
f 1958//2691 1840//2691 1846//2691
f 1643//2692 1640//2692 1566//2692
f 1566//2693 1640//2693 1507//2693
f 1566//2694 1507//2694 1511//2694
f 1513//2695 1645//2695 1643//2695
f 1643//2696 1645//2696 1640//2696
f 1640//2697 1645//2697 1646//2697
f 1640//2698 1646//2698 1728//2698
f 1389//2699 1381//2699 1311//2699
f 1311//2700 1381//2700 1263//2700
f 1311//2701 1263//2701 1266//2701
f 1511//2702 1507//2702 1444//2702
f 1444//2703 1507//2703 1381//2703
f 1444//2704 1381//2704 1391//2704
f 1391//2705 1381//2705 1389//2705
f 1391//2706 1389//2706 1316//2706
f 1316//2707 1389//2707 1315//2707
f 1316//2708 1315//2708 1271//2708
f 1210//2709 1170//2709 1173//2709
f 1173//2710 1170//2710 1171//2710
f 1173//2711 1171//2711 1101//2711
f 1210//2712 1266//2712 1170//2712
f 1170//2713 1266//2713 1263//2713
f 1170//2714 1263//2714 1171//2714
f 1171//2715 1263//2715 1167//2715
f 1171//2716 1167//2716 1099//2716
f 1099//2717 1167//2717 1070//2717
f 1099//2718 1070//2718 1071//2718
f 1043//2719 1024//2719 1004//2719
f 1004//2720 1024//2720 1002//2720
f 1004//2721 1002//2721 967//2721
f 1043//2722 1071//2722 1024//2722
f 1024//2723 1071//2723 1070//2723
f 1024//2724 1070//2724 1002//2724
f 1002//2725 1070//2725 1000//2725
f 1002//2726 1000//2726 965//2726
f 965//2727 1000//2727 940//2727
f 965//2728 940//2728 941//2728
f 914//2729 884//2729 859//2729
f 859//2730 884//2730 858//2730
f 859//2731 858//2731 836//2731
f 914//2732 941//2732 884//2732
f 884//2733 941//2733 940//2733
f 884//2734 940//2734 857//2734
f 857//2735 940//2735 856//2735
f 857//2736 856//2736 835//2736
f 835//2737 856//2737 765//2737
f 835//2738 765//2738 807//2738
f 807//2739 765//2739 771//2739
f 676//2740 678//2740 677//2740
f 679//2741 680//2741 722//2741
f 722//2742 680//2742 723//2742
f 722//2743 723//2743 772//2743
f 676//2744 677//2744 765//2744
f 765//2745 677//2745 722//2745
f 765//2746 722//2746 771//2746
f 771//2747 722//2747 772//2747
f 678//2748 676//2748 602//2748
f 602//2749 676//2749 565//2749
f 602//2750 565//2750 571//2750
f 529//2751 491//2751 572//2751
f 529//2752 572//2752 567//2752
f 572//2753 571//2753 567//2753
f 567//2754 571//2754 565//2754
f 567//2755 565//2755 525//2755
f 525//2756 565//2756 482//2756
f 525//2757 482//2757 488//2757
f 488//2758 482//2758 416//2758
f 250//2759 340//2759 336//2759
f 336//2760 340//2760 415//2760
f 340//2761 416//2761 415//2761
f 415//2762 416//2762 482//2762
f 415//2763 482//2763 336//2763
f 336//2764 482//2764 332//2764
f 336//2765 332//2765 246//2765
f 246//2766 332//2766 241//2766
f 246//2767 241//2767 248//2767
f 155//2768 152//2768 157//2768
f 157//2769 152//2769 153//2769
f 157//2770 153//2770 78//2770
f 155//2771 248//2771 152//2771
f 152//2772 248//2772 241//2772
f 152//2773 241//2773 153//2773
f 153//2774 241//2774 149//2774
f 153//2775 149//2775 74//2775
f 74//2776 149//2776 69//2776
f 74//2777 69//2777 77//2777
f 79//2778 75//2778 17//2778
f 17//2779 75//2779 16//2779
f 17//2780 16//2780 18//2780
f 84//2781 83//2781 19//2781
f 79//2782 77//2782 75//2782
f 75//2783 77//2783 69//2783
f 75//2784 69//2784 15//2784
f 15//2785 69//2785 12//2785
f 15//2786 12//2786 14//2786
f 14//2787 12//2787 13//2787
f 14//2788 13//2788 19//2788
f 19//2789 13//2789 72//2789
f 19//2790 72//2790 84//2790
f 84//2791 72//2791 73//2791
f 84//2792 73//2792 85//2792
f 67//2793 68//2793 73//2793
f 1837//2794 1727//2794 1725//2794
f 73//2795 72//2795 67//2795
f 67//2796 72//2796 13//2796
f 67//2797 13//2797 11//2797
f 11//2798 13//2798 12//2798
f 11//2799 12//2799 10//2799
f 10//2800 12//2800 69//2800
f 10//2801 69//2801 64//2801
f 64//2802 69//2802 149//2802
f 64//2803 149//2803 146//2803
f 146//2804 149//2804 241//2804
f 146//2805 241//2805 235//2805
f 235//2806 241//2806 332//2806
f 235//2807 332//2807 328//2807
f 328//2808 332//2808 482//2808
f 328//2809 482//2809 480//2809
f 480//2810 482//2810 565//2810
f 480//2811 565//2811 561//2811
f 561//2812 565//2812 676//2812
f 561//2813 676//2813 671//2813
f 671//2814 676//2814 765//2814
f 671//2815 765//2815 761//2815
f 761//2816 765//2816 856//2816
f 761//2817 856//2817 855//2817
f 855//2818 856//2818 940//2818
f 855//2819 940//2819 939//2819
f 939//2820 940//2820 1000//2820
f 939//2821 1000//2821 998//2821
f 998//2822 1000//2822 1070//2822
f 998//2823 1070//2823 1069//2823
f 1069//2824 1070//2824 1167//2824
f 1069//2825 1167//2825 1163//2825
f 1163//2826 1167//2826 1263//2826
f 1163//2827 1263//2827 1256//2827
f 1256//2828 1263//2828 1381//2828
f 1256//2829 1381//2829 1375//2829
f 1375//2830 1381//2830 1507//2830
f 1375//2831 1507//2831 1502//2831
f 1502//2832 1507//2832 1640//2832
f 1502//2833 1640//2833 1637//2833
f 1637//2834 1640//2834 1834//2834
f 1637//2835 1834//2835 1830//2835
f 1830//2836 1834//2836 1945//2836
f 1830//2837 1945//2837 1940//2837
f 1940//2838 1945//2838 1946//2838
f 1940//2839 1946//2839 1941//2839
f 1941//2840 1946//2840 2006//2840
f 1941//2841 2006//2841 2004//2841
f 2004//2842 2006//2842 2007//2842
f 2004//2843 2007//2843 2005//2843
f 2005//2844 2007//2844 1949//2844
f 2005//2845 1949//2845 1944//2845
f 1944//2846 1949//2846 1837//2846
f 1944//2847 1837//2847 1833//2847
f 1833//2848 1837//2848 1725//2848
f 394//2849 289//2849 299//2849
f 299//2850 289//2850 190//2850
f 299//2851 190//2851 200//2851
f 200//2852 190//2852 191//2852
f 200//2853 191//2853 110//2853
f 200//2854 110//2854 111//2854
f 122//2855 111//2855 21//2855
f 122//2856 21//2856 123//2856
f 123//2857 21//2857 27//2857
f 123//2858 27//2858 129//2858
f 45//2859 134//2859 133//2859
f 45//2860 133//2860 38//2860
f 37//2861 38//2861 129//2861
f 37//2862 129//2862 28//2862
f 28//2863 129//2863 27//2863
f 289//2864 394//2864 288//2864
f 288//2865 394//2865 298//2865
f 288//2866 298//2866 287//2866
f 288//2867 298//2867 189//2867
f 189//2868 298//2868 104//2868
f 104//2869 298//2869 199//2869
f 104//2870 199//2870 109//2870
f 109//2871 199//2871 120//2871
f 109//2872 120//2872 26//2872
f 26//2873 120//2873 121//2873
f 26//2874 121//2874 36//2874
f 139//2875 52//2875 44//2875
f 393//2876 381//2876 297//2876
f 297//2877 381//2877 285//2877
f 297//2878 285//2878 198//2878
f 198//2879 285//2879 187//2879
f 198//2880 106//2880 119//2880
f 119//2881 106//2881 23//2881
f 119//2882 23//2882 128//2882
f 43//2883 1//2883 51//2883
f 51//2884 1//2884 5//2884
f 1//2885 43//2885 34//2885
f 33//2886 128//2886 23//2886
f 381//2887 393//2887 392//2887
f 381//2888 392//2888 380//2888
f 380//2889 392//2889 284//2889
f 284//2890 392//2890 296//2890
f 284//2891 296//2891 186//2891
f 186//2892 296//2892 196//2892
f 105//2893 196//2893 207//2893
f 105//2894 207//2894 117//2894
f 22//2895 117//2895 32//2895
f 32//2896 117//2896 127//2896
f 50//2897 4//2897 49//2897
f 49//2898 4//2898 3//2898
f 49//2899 3//2899 42//2899
f 32//2900 42//2900 127//2900
f 459//2901 510//2901 454//2901
f 459//2902 454//2902 378//2902
f 459//2903 378//2903 391//2903
f 391//2904 378//2904 294//2904
f 391//2905 294//2905 295//2905
f 303//2906 295//2906 194//2906
f 303//2907 194//2907 206//2907
f 206//2908 194//2908 205//2908
f 206//2909 205//2909 211//2909
f 132//2910 40//2910 48//2910
f 48//2911 40//2911 47//2911
f 40//2912 132//2912 126//2912
f 126//2913 211//2913 125//2913
f 125//2914 211//2914 205//2914
f 510//2915 459//2915 509//2915
f 509//2916 459//2916 514//2916
f 509//2917 514//2917 508//2917
f 137//2918 138//2918 46//2918
f 508//2919 514//2919 513//2919
f 508//2920 513//2920 453//2920
f 453//2921 513//2921 458//2921
f 453//2922 458//2922 377//2922
f 377//2923 458//2923 389//2923
f 293//2924 389//2924 396//2924
f 293//2925 396//2925 301//2925
f 301//2926 396//2926 302//2926
f 301//2927 302//2927 204//2927
f 204//2928 302//2928 209//2928
f 137//2929 46//2929 217//2929
f 46//2930 135//2930 217//2930
f 217//2931 135//2931 130//2931
f 217//2932 130//2932 210//2932
f 210//2933 130//2933 209//2933
f 209//2934 130//2934 124//2934
f 592//2935 588//2935 587//2935
f 592//2936 587//2936 547//2936
f 547//2937 587//2937 542//2937
f 547//2938 542//2938 512//2938
f 512//2939 542//2939 506//2939
f 461//2940 457//2940 395//2940
f 215//2941 313//2941 307//2941
f 307//2942 313//2942 404//2942
f 136//2943 224//2943 221//2943
f 221//2944 224//2944 314//2944
f 221//2945 314//2945 215//2945
f 215//2946 314//2946 313//2946
f 395//2947 306//2947 404//2947
f 404//2948 306//2948 307//2948
f 587//2949 592//2949 620//2949
f 587//2950 620//2950 616//2950
f 402//2951 464//2951 403//2951
f 408//2952 312//2952 403//2952
f 403//2953 312//2953 402//2953
f 616//2954 620//2954 619//2954
f 616//2955 619//2955 586//2955
f 586//2956 619//2956 591//2956
f 586//2957 591//2957 541//2957
f 541//2958 591//2958 545//2958
f 545//2959 591//2959 546//2959
f 545//2960 546//2960 511//2960
f 511//2961 546//2961 516//2961
f 511//2962 516//2962 515//2962
f 515//2963 516//2963 460//2963
f 402//2964 460//2964 464//2964
f 319//2965 223//2965 317//2965
f 319//2966 317//2966 408//2966
f 408//2967 317//2967 312//2967
f 700//2968 695//2968 652//2968
f 652//2969 695//2969 648//2969
f 652//2970 648//2970 618//2970
f 593//2971 618//2971 589//2971
f 409//2972 410//2972 467//2972
f 467//2973 410//2973 519//2973
f 467//2974 519//2974 518//2974
f 518//2975 519//2975 517//2975
f 517//2976 519//2976 550//2976
f 695//2977 700//2977 740//2977
f 740//2978 700//2978 744//2978
f 740//2979 744//2979 786//2979
f 625//2980 594//2980 621//2980
f 786//2981 744//2981 739//2981
f 739//2982 744//2982 743//2982
f 739//2983 743//2983 738//2983
f 738//2984 743//2984 694//2984
f 694//2985 743//2985 699//2985
f 694//2986 699//2986 698//2986
f 650//2987 698//2987 656//2987
f 650//2988 656//2988 621//2988
f 521//2989 468//2989 520//2989
f 521//2990 520//2990 552//2990
f 552//2991 520//2991 551//2991
f 552//2992 551//2992 594//2992
f 821//2993 847//2993 846//2993
f 821//2994 846//2994 820//2994
f 820//2995 846//2995 818//2995
f 820//2996 818//2996 817//2996
f 820//2997 817//2997 790//2997
f 790//2998 817//2998 789//2998
f 789//2999 788//2999 746//2999
f 746//3000 788//3000 741//3000
f 746//3001 741//3001 745//3001
f 746//3002 745//3002 705//3002
f 661//3003 663//3003 705//3003
f 596//3004 595//3004 627//3004
f 627//3005 595//3005 663//3005
f 745//3006 704//3006 705//3006
f 705//3007 704//3007 661//3007
f 872//3008 898//3008 821//3008
f 821//3009 898//3009 847//3009
f 898//3010 872//3010 870//3010
f 870//3011 872//3011 869//3011
f 869//3012 872//3012 845//3012
f 845//3013 872//3013 849//3013
f 845//3014 849//3014 848//3014
f 848//3015 849//3015 824//3015
f 795//3016 747//3016 792//3016
f 628//3017 629//3017 664//3017
f 749//3018 664//3018 706//3018
f 749//3019 706//3019 747//3019
f 747//3020 749//3020 795//3020
f 824//3021 823//3021 819//3021
f 824//3022 819//3022 848//3022
f 929//3023 952//3023 951//3023
f 929//3024 951//3024 928//3024
f 928//3025 951//3025 925//3025
f 928//3026 925//3026 927//3026
f 928//3027 927//3027 901//3027
f 904//3028 901//3028 900//3028
f 904//3029 900//3029 877//3029
f 877//3030 900//3030 903//3030
f 877//3031 903//3031 881//3031
f 827//3032 851//3032 850//3032
f 750//3033 751//3033 796//3033
f 796//3034 751//3034 828//3034
f 796//3035 828//3035 827//3035
f 827//3036 828//3036 851//3036
f 952//3037 929//3037 1014//3037
f 1014//3038 929//3038 988//3038
f 1014//3039 988//3039 984//3039
f 984//3040 988//3040 987//3040
f 984//3041 987//3041 983//3041
f 983//3042 987//3042 986//3042
f 986//3043 987//3043 955//3043
f 955//3044 959//3044 954//3044
f 954//3045 959//3045 958//3045
f 958//3046 959//3046 931//3046
f 905//3047 931//3047 934//3047
f 830//3048 829//3048 852//3048
f 830//3049 852//3049 883//3049
f 883//3050 852//3050 882//3050
f 883//3051 882//3051 905//3051
f 905//3052 882//3052 906//3052
f 1037//3053 1054//3053 1036//3053
f 1036//3054 1054//3054 1053//3054
f 1036//3055 1053//3055 1035//3055
f 1035//3056 1053//3056 1052//3056
f 1035//3057 1052//3057 1034//3057
f 1035//3058 1034//3058 1019//3058
f 1019//3059 1034//3059 1018//3059
f 1019//3060 1018//3060 1022//3060
f 962//3061 961//3061 908//3061
f 908//3062 961//3062 936//3062
f 961//3063 962//3063 992//3063
f 961//3064 992//3064 990//3064
f 990//3065 992//3065 991//3065
f 990//3066 991//3066 1022//3066
f 1054//3067 1037//3067 1117//3067
f 1117//3068 1037//3068 1090//3068
f 1117//3069 1090//3069 1116//3069
f 1116//3070 1090//3070 1089//3070
f 1116//3071 1089//3071 1085//3071
f 1085//3072 1089//3072 1088//3072
f 1087//3073 1088//3073 1060//3073
f 1087//3074 1060//3074 1059//3074
f 1058//3075 1059//3075 1039//3075
f 1039//3076 1059//3076 1040//3076
f 964//3077 963//3077 1023//3077
f 963//3078 993//3078 1023//3078
f 1039//3079 1023//3079 1041//3079
f 1039//3080 1041//3080 1040//3080
f 1185//3081 1146//3081 1186//3081
f 1146//3082 1185//3082 1145//3082
f 1145//3083 1185//3083 1184//3083
f 1145//3084 1184//3084 1188//3084
f 1145//3085 1188//3085 1144//3085
f 1144//3086 1188//3086 1187//3086
f 1144//3087 1187//3087 1148//3087
f 1148//3088 1187//3088 1143//3088
f 1148//3089 1143//3089 1147//3089
f 1148//3090 1147//3090 1123//3090
f 1064//3091 1042//3091 1094//3091
f 1064//3092 1094//3092 1093//3092
f 1093//3093 1094//3093 1121//3093
f 1121//3094 1094//3094 1122//3094
f 1122//3095 1123//3095 1150//3095
f 1150//3096 1123//3096 1147//3096
f 1186//3097 1146//3097 1224//3097
f 1224//3098 1146//3098 1229//3098
f 1096//3099 1066//3099 1095//3099
f 1224//3100 1229//3100 1223//3100
f 1223//3101 1229//3101 1228//3101
f 1223//3102 1228//3102 1222//3102
f 1222//3103 1228//3103 1227//3103
f 1226//3104 1227//3104 1231//3104
f 1226//3105 1231//3105 1230//3105
f 1230//3106 1231//3106 1191//3106
f 1230//3107 1191//3107 1190//3107
f 1190//3108 1191//3108 1194//3108
f 1194//3109 1191//3109 1195//3109
f 1096//3110 1095//3110 1152//3110
f 1151//3111 1152//3111 1195//3111
f 1195//3112 1152//3112 1194//3112
f 1290//3113 1338//3113 1289//3113
f 1289//3114 1338//3114 1337//3114
f 1289//3115 1337//3115 1342//3115
f 1342//3116 1337//3116 1341//3116
f 1341//3117 1337//3117 1336//3117
f 1345//3118 1340//3118 1344//3118
f 1198//3119 1153//3119 1239//3119
f 1239//3120 1153//3120 1238//3120
f 1239//3121 1238//3121 1302//3121
f 1302//3122 1238//3122 1303//3122
f 1302//3123 1303//3123 1298//3123
f 1350//3124 1298//3124 1299//3124
f 1350//3125 1299//3125 1344//3125
f 1338//3126 1290//3126 1411//3126
f 1411//3127 1290//3127 1343//3127
f 1411//3128 1343//3128 1416//3128
f 1411//3129 1416//3129 1467//3129
f 1467//3130 1416//3130 1466//3130
f 1466//3131 1416//3131 1415//3131
f 1466//3132 1415//3132 1475//3132
f 1475//3133 1415//3133 1474//3133
f 1474//3134 1415//3134 1419//3134
f 1474//3135 1419//3135 1481//3135
f 1481//3136 1419//3136 1418//3136
f 1422//3137 1418//3137 1423//3137
f 1243//3138 1242//3138 1306//3138
f 1243//3139 1306//3139 1356//3139
f 1356//3140 1306//3140 1355//3140
f 1356//3141 1355//3141 1351//3141
f 1351//3142 1355//3142 1427//3142
f 1351//3143 1427//3143 1423//3143
f 1423//3144 1427//3144 1422//3144
f 1477//3145 1468//3145 1476//3145
f 1476//3146 1468//3146 1534//3146
f 1476//3147 1534//3147 1549//3147
f 1549//3148 1534//3148 1548//3148
f 1548//3149 1611//3149 1560//3149
f 1560//3150 1611//3150 1610//3150
f 1560//3151 1610//3151 1622//3151
f 1560//3152 1622//3152 1563//3152
f 1431//3153 1361//3153 1485//3153
f 1485//3154 1361//3154 1486//3154
f 1485//3155 1486//3155 1564//3155
f 1564//3156 1486//3156 1562//3156
f 1562//3157 1486//3157 1563//3157
f 1468//3158 1477//3158 1536//3158
f 1536//3159 1477//3159 1551//3159
f 1536//3160 1551//3160 1535//3160
f 1535//3161 1551//3161 1597//3161
f 1597//3162 1551//3162 1596//3162
f 1596//3163 1551//3163 1550//3163
f 1596//3164 1550//3164 1612//3164
f 1687//3165 1612//3165 1624//3165
f 1687//3166 1624//3166 1701//3166
f 1701//3167 1624//3167 1623//3167
f 1701//3168 1623//3168 1627//3168
f 1489//3169 1488//3169 1565//3169
f 1565//3170 1488//3170 1628//3170
f 1565//3171 1628//3171 1627//3171
f 1552//3172 1538//3172 1613//3172
f 1613//3173 1538//3173 1599//3173
f 1613//3174 1599//3174 1598//3174
f 1613//3175 1598//3175 1679//3175
f 1613//3176 1679//3176 1690//3176
f 1690//3177 1778//3177 1703//3177
f 1703//3178 1778//3178 1777//3178
f 1703//3179 1777//3179 1789//3179
f 1703//3180 1789//3180 1710//3180
f 1629//3181 1630//3181 1717//3181
f 1717//3182 1630//3182 1715//3182
f 1717//3183 1715//3183 1810//3183
f 1810//3184 1715//3184 1802//3184
f 1802//3185 1715//3185 1710//3185
f 1802//3186 1710//3186 1803//3186
f 1803//3187 1710//3187 1789//3187
f 1538//3188 1552//3188 1600//3188
f 1600//3189 1552//3189 1614//3189
f 1600//3190 1614//3190 1601//3190
f 1601//3191 1614//3191 1680//3191
f 1680//3192 1614//3192 1773//3192
f 1773//3193 1614//3193 1692//3193
f 1773//3194 1692//3194 1780//3194
f 1780//3195 1692//3195 1779//3195
f 1779//3196 1692//3196 1791//3196
f 1891//3197 1791//3197 1790//3197
f 1891//3198 1790//3198 1899//3198
f 1899//3199 1790//3199 1805//3199
f 1719//3200 1718//3200 1817//3200
f 1719//3201 1817//3201 1811//3201
f 1804//3202 1811//3202 1812//3202
f 1804//3203 1812//3203 1805//3203
f 1805//3204 1812//3204 1899//3204
f 1615//3205 1603//3205 1693//3205
f 1693//3206 1603//3206 1682//3206
f 1693//3207 1682//3207 1775//3207
f 1693//3208 1775//3208 1783//3208
f 1693//3209 1783//3209 1782//3209
f 1782//3210 1783//3210 1888//3210
f 1782//3211 1888//3211 1793//3211
f 1793//3212 1888//3212 1792//3212
f 1792//3213 1888//3213 1894//3213
f 1792//3214 1894//3214 1902//3214
f 1818//3215 1911//3215 1922//3215
f 1911//3216 1912//3216 1901//3216
f 1603//3217 1615//3217 1604//3217
f 1604//3218 1615//3218 1616//3218
f 1604//3219 1616//3219 1605//3219
f 1605//3220 1616//3220 1683//3220
f 1683//3221 1616//3221 1695//3221
f 1683//3222 1695//3222 1776//3222
f 1776//3223 1695//3223 1694//3223
f 1776//3224 1694//3224 1784//3224
f 1889//3225 1784//3225 1795//3225
f 1889//3226 1795//3226 1895//3226
f 1895//3227 1795//3227 1794//3227
f 1988//3228 1895//3228 1903//3228
f 1923//3229 1919//3229 1913//3229
f 1913//3230 1919//3230 1992//3230
f 1913//3231 1992//3231 1903//3231
f 1903//3232 1992//3232 1988//3232
f 1607//3233 1617//3233 1542//3233
f 1542//3234 1617//3234 1553//3234
f 1617//3235 1607//3235 1684//3235
f 1617//3236 1684//3236 1696//3236
f 1696//3237 1684//3237 1786//3237
f 1796//3238 1786//3238 1890//3238
f 1796//3239 1890//3239 1897//3239
f 1796//3240 1897//3240 1905//3240
f 1994//3241 1914//3241 1991//3241
f 1991//3242 1914//3242 1904//3242
f 1914//3243 1994//3243 1924//3243
f 1924//3244 1994//3244 1998//3244
f 1924//3245 1998//3245 1997//3245
f 1904//3246 1905//3246 1991//3246
f 1542//3247 1553//3247 1543//3247
f 1543//3248 1553//3248 1554//3248
f 1543//3249 1554//3249 1544//3249
f 1926//3250 1925//3250 1999//3250
f 1926//3251 1999//3251 1915//3251
f 1544//3252 1554//3252 1608//3252
f 1608//3253 1554//3253 1618//3253
f 1608//3254 1618//3254 1685//3254
f 1685//3255 1618//3255 1698//3255
f 1787//3256 1698//3256 1705//3256
f 1787//3257 1705//3257 1798//3257
f 1898//3258 1798//3258 1906//3258
f 1999//3259 1996//3259 1915//3259
f 1915//3260 1996//3260 1995//3260
f 1915//3261 1995//3261 1906//3261
f 1478//3262 1413//3262 1472//3262
f 1478//3263 1472//3263 1473//3263
f 1478//3264 1473//3264 1555//3264
f 1555//3265 1473//3265 1546//3265
f 1555//3266 1546//3266 1619//3266
f 1619//3267 1546//3267 1620//3267
f 1619//3268 1620//3268 1700//3268
f 1619//3269 1700//3269 1707//3269
f 1707//3270 1700//3270 1706//3270
f 1706//3271 1700//3271 1801//3271
f 1706//3272 1801//3272 1807//3272
f 1920//3273 1927//3273 1813//3273
f 1920//3274 1813//3274 1918//3274
f 1918//3275 1813//3275 1909//3275
f 1909//3276 1813//3276 1807//3276
f 1808//3277 1807//3277 1801//3277
f 134//3278 139//3278 44//3278
f 1555//3279 1619//3279 1556//3279
f 1814//3280 1813//3280 1815//3280
f 1814//3281 1815//3281 1711//3281
f 1706//3282 1807//3282 1712//3282
f 1706//3283 1712//3283 1707//3283
f 1555//3284 1479//3284 1478//3284
f 1478//3285 1479//3285 1417//3285
f 1555//3286 1556//3286 1479//3286
f 1479//3287 1556//3287 1557//3287
f 1479//3288 1557//3288 1480//3288
f 1712//3289 1625//3289 1707//3289
f 1707//3290 1625//3290 1619//3290
f 1712//3291 1626//3291 1625//3291
f 1625//3292 1626//3292 1619//3292
f 1619//3293 1626//3293 1556//3293
f 1556//3294 1626//3294 1557//3294
f 1711//3295 1712//3295 1807//3295
f 1711//3296 1807//3296 1814//3296
f 1814//3297 1807//3297 1813//3297
f 1711//3298 1815//3298 1808//3298
f 1711//3299 1808//3299 1712//3299
f 1712//3300 1808//3300 1809//3300
f 1626//3301 1712//3301 1708//3301
f 1626//3302 1708//3302 1621//3302
f 1626//3303 1621//3303 1557//3303
f 1820//3304 1929//3304 1821//3304
f 1821//3305 1929//3305 1921//3305
f 1821//3306 1921//3306 1815//3306
f 1809//3307 1808//3307 1815//3307
f 1809//3308 1815//3308 1816//3308
f 1713//3309 1708//3309 1712//3309
f 1713//3310 1712//3310 1809//3310
f 1713//3311 1809//3311 1716//3311
f 1716//3312 1809//3312 1816//3312
f 1041//3313 1023//3313 993//3313
f 52//3314 58//3314 57//3314
f 1//3315 2//3315 5//3315
f 5//3316 2//3316 44//3316
f 5//3317 44//3317 53//3317
f 44//3318 52//3318 53//3318
f 53//3319 52//3319 57//3319
f 53//3320 57//3320 5//3320
f 5//3321 57//3321 7//3321
f 5//3322 7//3322 4//3322
f 4//3323 7//3323 6//3323
f 4//3324 6//3324 3//3324
f 42//3325 48//3325 41//3325
f 41//3326 48//3326 47//3326
f 41//3327 47//3327 40//3327
f 42//3328 3//3328 48//3328
f 48//3329 3//3329 6//3329
f 48//3330 6//3330 47//3330
f 47//3331 6//3331 54//3331
f 47//3332 54//3332 46//3332
f 46//3333 54//3333 140//3333
f 46//3334 140//3334 135//3334
f 130//3335 136//3335 216//3335
f 216//3336 136//3336 221//3336
f 216//3337 221//3337 215//3337
f 130//3338 135//3338 136//3338
f 136//3339 135//3339 140//3339
f 136//3340 140//3340 223//3340
f 223//3341 140//3341 228//3341
f 223//3342 228//3342 322//3342
f 223//3343 322//3343 317//3343
f 317//3344 322//3344 312//3344
f 407//3345 409//3345 466//3345
f 466//3346 409//3346 467//3346
f 466//3347 467//3347 518//3347
f 556//3348 520//3348 474//3348
f 474//3349 520//3349 468//3349
f 474//3350 468//3350 322//3350
f 322//3351 468//3351 409//3351
f 322//3352 409//3352 312//3352
f 312//3353 409//3353 407//3353
f 596//3354 556//3354 595//3354
f 595//3355 556//3355 665//3355
f 627//3356 663//3356 626//3356
f 627//3357 626//3357 596//3357
f 596//3358 626//3358 551//3358
f 596//3359 551//3359 556//3359
f 556//3360 551//3360 520//3360
f 706//3361 664//3361 665//3361
f 665//3362 664//3362 629//3362
f 665//3363 629//3363 595//3363
f 751//3364 750//3364 748//3364
f 748//3365 750//3365 796//3365
f 748//3366 796//3366 827//3366
f 748//3367 706//3367 751//3367
f 751//3368 706//3368 665//3368
f 751//3369 665//3369 750//3369
f 750//3370 665//3370 752//3370
f 750//3371 752//3371 829//3371
f 829//3372 752//3372 853//3372
f 829//3373 853//3373 852//3373
f 882//3374 907//3374 935//3374
f 935//3375 907//3375 936//3375
f 935//3376 936//3376 961//3376
f 882//3377 852//3377 907//3377
f 907//3378 852//3378 853//3378
f 907//3379 853//3379 936//3379
f 936//3380 853//3380 937//3380
f 936//3381 937//3381 963//3381
f 963//3382 937//3382 994//3382
f 963//3383 994//3383 993//3383
f 1041//3384 1042//3384 1063//3384
f 1063//3385 1042//3385 1064//3385
f 1063//3386 1064//3386 1093//3386
f 1041//3387 993//3387 1042//3387
f 1042//3388 993//3388 994//3388
f 1042//3389 994//3389 1065//3389
f 1065//3390 994//3390 1067//3390
f 1065//3391 1067//3391 1095//3391
f 1095//3392 1067//3392 1154//3392
f 1095//3393 1154//3393 1152//3393
f 1152//3394 1198//3394 1237//3394
f 1237//3395 1198//3395 1239//3395
f 1237//3396 1239//3396 1302//3396
f 1368//3397 1306//3397 1246//3397
f 1246//3398 1306//3398 1242//3398
f 1246//3399 1242//3399 1154//3399
f 1154//3400 1242//3400 1198//3400
f 1154//3401 1198//3401 1152//3401
f 1431//3402 1368//3402 1488//3402
f 1488//3403 1368//3403 1494//3403
f 1431//3404 1485//3404 1427//3404
f 1427//3405 1355//3405 1431//3405
f 1431//3406 1355//3406 1368//3406
f 1368//3407 1355//3407 1306//3407
f 1629//3408 1631//3408 1718//3408
f 1718//3409 1631//3409 1822//3409
f 1718//3410 1822//3410 1817//3410
f 1488//3411 1494//3411 1628//3411
f 1628//3412 1494//3412 1631//3412
f 1628//3413 1631//3413 1629//3413
f 1628//3414 1629//3414 1714//3414
f 1714//3415 1629//3415 1717//3415
f 1714//3416 1717//3416 1810//3416
f 1911//3417 1910//3417 1922//3417
f 1922//3418 1910//3418 1811//3418
f 1811//3419 1817//3419 1922//3419
f 1922//3420 1817//3420 1822//3420
f 1922//3421 1822//3421 1930//3421
f 1922//3422 1930//3422 1923//3422
f 1923//3423 1930//3423 1931//3423
f 1923//3424 1931//3424 1919//3424
f 1992//3425 1997//3425 1993//3425
f 1993//3426 1997//3426 1998//3426
f 1993//3427 1998//3427 1994//3427
f 1992//3428 1919//3428 1997//3428
f 1997//3429 1919//3429 1931//3429
f 1997//3430 1931//3430 1998//3430
f 1998//3431 1931//3431 2000//3431
f 1998//3432 2000//3432 1999//3432
f 1999//3433 2000//3433 2001//3433
f 1999//3434 2001//3434 1996//3434
f 1916//3435 1927//3435 1917//3435
f 1917//3436 1927//3436 1920//3436
f 1917//3437 1920//3437 1918//3437
f 1825//3438 1929//3438 1934//3438
f 1934//3439 1929//3439 1928//3439
f 1934//3440 1928//3440 2001//3440
f 2001//3441 1928//3441 1927//3441
f 2001//3442 1927//3442 1996//3442
f 1996//3443 1927//3443 1916//3443
f 1996//3444 1916//3444 1995//3444
f 1716//3445 1816//3445 1721//3445
f 1721//3446 1816//3446 1815//3446
f 1721//3447 1815//3447 1825//3447
f 1825//3448 1815//3448 1921//3448
f 1825//3449 1921//3449 1929//3449
f 1829//3450 1723//3450 1721//3450
f 57//3451 58//3451 63//3451
f 63//3452 62//3452 57//3452
f 57//3453 62//3453 9//3453
f 57//3454 9//3454 7//3454
f 7//3455 9//3455 8//3455
f 7//3456 8//3456 6//3456
f 6//3457 8//3457 59//3457
f 6//3458 59//3458 54//3458
f 54//3459 59//3459 143//3459
f 54//3460 143//3460 140//3460
f 140//3461 143//3461 230//3461
f 140//3462 230//3462 228//3462
f 228//3463 230//3463 324//3463
f 228//3464 324//3464 322//3464
f 322//3465 324//3465 476//3465
f 322//3466 476//3466 474//3466
f 474//3467 476//3467 558//3467
f 474//3468 558//3468 556//3468
f 556//3469 558//3469 668//3469
f 556//3470 668//3470 665//3470
f 665//3471 668//3471 758//3471
f 665//3472 758//3472 752//3472
f 752//3473 758//3473 854//3473
f 752//3474 854//3474 853//3474
f 853//3475 854//3475 938//3475
f 853//3476 938//3476 937//3476
f 937//3477 938//3477 996//3477
f 937//3478 996//3478 994//3478
f 994//3479 996//3479 1068//3479
f 994//3480 1068//3480 1067//3480
f 1067//3481 1068//3481 1159//3481
f 1067//3482 1159//3482 1154//3482
f 1154//3483 1159//3483 1252//3483
f 1154//3484 1252//3484 1246//3484
f 1246//3485 1252//3485 1372//3485
f 1246//3486 1372//3486 1368//3486
f 1368//3487 1372//3487 1497//3487
f 1368//3488 1497//3488 1494//3488
f 1494//3489 1497//3489 1634//3489
f 1494//3490 1634//3490 1631//3490
f 1631//3491 1634//3491 1826//3491
f 1631//3492 1826//3492 1822//3492
f 1822//3493 1826//3493 1935//3493
f 1822//3494 1935//3494 1930//3494
f 1930//3495 1935//3495 1936//3495
f 1930//3496 1936//3496 1931//3496
f 1931//3497 1936//3497 2002//3497
f 1931//3498 2002//3498 2000//3498
f 2000//3499 2002//3499 2003//3499
f 2000//3500 2003//3500 2001//3500
f 2001//3501 2003//3501 1939//3501
f 2001//3502 1939//3502 1934//3502
f 1934//3503 1939//3503 1829//3503
f 1934//3504 1829//3504 1825//3504
f 1825//3505 1829//3505 1721//3505
f 1365//3506 1377//3506 1366//3506
f 1366//3507 1377//3507 1378//3507
f 1197//3508 1240//3508 1241//3508
f 1241//3509 1240//3509 1245//3509
f 1245//3510 1240//3510 1244//3510
f 1245//3511 1244//3511 1308//3511
f 1308//3512 1244//3512 1307//3512
f 1308//3513 1307//3513 1362//3513
f 1308//3514 1362//3514 1364//3514
f 1364//3515 1362//3515 1363//3515
f 1364//3516 1363//3516 1366//3516
f 1366//3517 1363//3517 1365//3517
f 553//3518 1240//3518 554//3518
f 554//3519 1240//3519 1197//3519
f 553//3520 554//3520 555//3520
f 555//3521 554//3521 524//3521
f 555//3522 524//3522 522//3522
f 522//3523 524//3523 523//3523
f 522//3524 523//3524 469//3524
f 522//3525 469//3525 470//3525
f 470//3526 469//3526 471//3526
f 470//3527 471//3527 472//3527
f 472//3528 471//3528 473//3528
f 473//3529 479//3529 472//3529
f 472//3530 479//3530 478//3530
f 148//3531 145//3531 478//3531
f 151//3532 73//3532 68//3532
f 1377//3533 1636//3533 1639//3533
f 1725//3534 1727//3534 1639//3534
f 1639//3535 1727//3535 1642//3535
f 1639//3536 1642//3536 1377//3536
f 1727//3537 1730//3537 1642//3537
f 1642//3538 1730//3538 1644//3538
f 364//3539 276//3539 568//3539
f 1465//3540 1647//3540 1533//3540
f 527//3541 568//3541 151//3541
f 151//3542 568//3542 85//3542
f 151//3543 85//3543 73//3543
f 68//3544 148//3544 151//3544
f 151//3545 148//3545 478//3545
f 151//3546 478//3546 484//3546
f 151//3547 484//3547 486//3547
f 1269//3548 1465//3548 569//3548
f 1582//3549 1595//3549 1647//3549
f 486//3550 489//3550 151//3550
f 151//3551 489//3551 527//3551
f 1647//3552 1595//3552 1533//3552
f 1465//3553 452//3553 569//3553
f 569//3554 452//3554 443//3554
f 569//3555 443//3555 364//3555
f 569//3556 364//3556 568//3556
f 568//3557 95//3557 85//3557
f 1386//3558 1644//3558 1647//3558
f 1377//3559 1642//3559 1644//3559
f 1377//3560 1644//3560 1383//3560
f 1383//3561 1644//3561 1386//3561
f 276//3562 184//3562 568//3562
f 568//3563 184//3563 101//3563
f 568//3564 101//3564 95//3564
f 1269//3565 1313//3565 1465//3565
f 1465//3566 1313//3566 1647//3566
f 1647//3567 1313//3567 1386//3567
f 1749//3568 1665//3568 1647//3568
f 1647//3569 1665//3569 1582//3569
f 1736//3570 1740//3570 1647//3570
f 1647//3571 1740//3571 1749//3571
f 1287//3572 1225//3572 1286//3572
f 1893//3573 1894//3573 1781//3573
f 1558//3574 1559//3574 1547//3574
f 1702//3575 1788//3575 1689//3575
f 1120//3576 1147//3576 1143//3576
f 1292//3577 1344//3577 1339//3577
f 697//3578 650//3578 655//3578
f 31//3579 126//3579 116//3579
f 35//3580 34//3580 24//3580
f 287//3581 288//3581 286//3581
f 109//3582 26//3582 25//3582
f 126//3583 125//3583 115//3583
f 115//3584 125//3584 205//3584
f 453//3585 377//3585 506//3585
f 301//3586 203//3586 300//3586
f 586//3587 541//3587 614//3587
f 589//3588 590//3588 544//3588
f 927//3589 925//3589 896//3589
f 926//3590 899//3590 897//3590
f 931//3591 933//3591 960//3591
f 990//3592 991//3592 960//3592
f 1034//3593 1052//3593 1013//3593
f 1058//3594 1062//3594 1092//3594
f 1121//3595 1122//3595 1092//3595
f 1184//3596 1185//3596 1117//3596
f 1190//3597 1195//3597 1235//3597
f 1235//3598 1195//3598 1237//3598
f 1610//3599 1611//3599 1547//3599
f 1812//3600 1811//3600 1910//3600
f 1605//3601 1683//3601 1606//3601
f 1784//3602 1889//3602 1785//3602
f 1798//3603 1898//3603 1799//3603
f 1798//3604 1799//3604 1787//3604
f 1544//3605 1608//3605 1686//3605
f 1686//3606 1608//3606 1685//3606
f 1686//3607 1685//3607 1699//3607
f 1699//3608 1685//3608 1698//3608
f 1699//3609 1698//3609 1787//3609
f 1609//3610 1545//3610 1544//3610
f 1542//3611 1541//3611 1607//3611
f 1544//3612 1471//3612 1543//3612
f 1606//3613 1684//3613 1607//3613
f 1786//3614 1684//3614 1785//3614
f 1890//3615 1786//3615 1785//3615
f 1890//3616 1785//3616 1897//3616
f 1905//3617 1897//3617 1896//3617
f 1905//3618 1896//3618 1991//3618
f 1991//3619 1990//3619 1994//3619
f 1994//3620 1990//3620 1989//3620
f 1994//3621 1989//3621 1993//3621
f 1895//3622 1988//3622 1989//3622
f 1989//3623 1988//3623 1993//3623
f 1993//3624 1988//3624 1992//3624
f 1895//3625 1896//3625 1889//3625
f 1684//3626 1776//3626 1785//3626
f 1785//3627 1776//3627 1784//3627
f 1684//3628 1606//3628 1683//3628
f 1684//3629 1683//3629 1776//3629
f 1606//3630 1607//3630 1541//3630
f 1606//3631 1541//3631 1605//3631
f 1605//3632 1541//3632 1540//3632
f 1605//3633 1540//3633 1604//3633
f 1682//3634 1681//3634 1775//3634
f 1775//3635 1681//3635 1680//3635
f 1775//3636 1680//3636 1774//3636
f 1888//3637 1781//3637 1894//3637
f 1893//3638 1892//3638 1900//3638
f 1900//3639 1892//3639 1891//3639
f 1900//3640 1891//3640 1899//3640
f 1888//3641 1783//3641 1775//3641
f 1888//3642 1775//3642 1781//3642
f 1781//3643 1775//3643 1774//3643
f 1781//3644 1774//3644 1773//3644
f 1773//3645 1774//3645 1680//3645
f 1680//3646 1681//3646 1601//3646
f 1682//3647 1603//3647 1681//3647
f 1681//3648 1603//3648 1602//3648
f 1681//3649 1602//3649 1601//3649
f 1600//3650 1601//3650 1539//3650
f 1600//3651 1539//3651 1538//3651
f 1597//3652 1689//3652 1778//3652
f 1598//3653 1535//3653 1679//3653
f 1679//3654 1535//3654 1597//3654
f 1679//3655 1597//3655 1690//3655
f 1690//3656 1597//3656 1778//3656
f 1777//3657 1778//3657 1689//3657
f 1777//3658 1689//3658 1789//3658
f 1789//3659 1689//3659 1788//3659
f 1789//3660 1788//3660 1803//3660
f 1803//3661 1788//3661 1702//3661
f 1810//3662 1802//3662 1709//3662
f 1810//3663 1709//3663 1714//3663
f 1627//3664 1628//3664 1714//3664
f 1714//3665 1709//3665 1627//3665
f 1627//3666 1709//3666 1701//3666
f 1596//3667 1612//3667 1688//3667
f 1688//3668 1612//3668 1687//3668
f 1536//3669 1535//3669 1537//3669
f 1537//3670 1535//3670 1598//3670
f 1537//3671 1598//3671 1538//3671
f 1538//3672 1598//3672 1599//3672
f 1537//3673 1470//3673 1536//3673
f 1536//3674 1470//3674 1469//3674
f 1536//3675 1469//3675 1468//3675
f 1534//3676 1411//3676 1467//3676
f 1534//3677 1467//3677 1548//3677
f 1610//3678 1547//3678 1622//3678
f 1622//3679 1547//3679 1559//3679
f 1622//3680 1559//3680 1563//3680
f 1563//3681 1559//3681 1558//3681
f 1564//3682 1562//3682 1482//3682
f 1564//3683 1482//3683 1485//3683
f 1422//3684 1427//3684 1485//3684
f 1485//3685 1482//3685 1422//3685
f 1422//3686 1482//3686 1418//3686
f 1467//3687 1466//3687 1475//3687
f 1287//3688 1338//3688 1411//3688
f 1412//3689 1411//3689 1534//3689
f 1412//3690 1534//3690 1468//3690
f 1340//3691 1339//3691 1344//3691
f 1350//3692 1344//3692 1292//3692
f 1237//3693 1302//3693 1235//3693
f 1235//3694 1302//3694 1298//3694
f 1152//3695 1237//3695 1194//3695
f 1194//3696 1237//3696 1195//3696
f 1194//3697 1195//3697 1190//3697
f 1285//3698 1222//3698 1288//3698
f 1288//3699 1222//3699 1227//3699
f 1288//3700 1227//3700 1226//3700
f 1142//3701 1185//3701 1186//3701
f 1142//3702 1186//3702 1225//3702
f 1225//3703 1186//3703 1224//3703
f 1225//3704 1224//3704 1286//3704
f 1286//3705 1224//3705 1285//3705
f 1285//3706 1224//3706 1223//3706
f 1285//3707 1223//3707 1222//3707
f 1150//3708 1147//3708 1120//3708
f 1150//3709 1120//3709 1122//3709
f 1121//3710 1092//3710 1093//3710
f 1093//3711 1092//3711 1062//3711
f 1093//3712 1062//3712 1063//3712
f 1041//3713 1063//3713 1039//3713
f 1039//3714 1063//3714 1062//3714
f 1039//3715 1062//3715 1058//3715
f 1117//3716 1116//3716 1184//3716
f 1184//3717 1116//3717 1188//3717
f 1116//3718 1085//3718 1119//3718
f 1119//3719 1085//3719 1088//3719
f 1119//3720 1088//3720 1087//3720
f 1014//3721 1053//3721 1054//3721
f 1013//3722 1052//3722 1014//3722
f 1014//3723 1052//3723 1053//3723
f 1034//3724 1016//3724 1018//3724
f 990//3725 960//3725 961//3725
f 961//3726 960//3726 933//3726
f 961//3727 933//3727 935//3727
f 931//3728 905//3728 933//3728
f 933//3729 905//3729 935//3729
f 935//3730 905//3730 906//3730
f 935//3731 906//3731 882//3731
f 989//3732 1022//3732 1018//3732
f 989//3733 1018//3733 986//3733
f 986//3734 1018//3734 1016//3734
f 986//3735 1016//3735 1013//3735
f 1013//3736 1016//3736 1034//3736
f 954//3737 958//3737 989//3737
f 954//3738 989//3738 955//3738
f 955//3739 989//3739 986//3739
f 986//3740 1013//3740 983//3740
f 1013//3741 1014//3741 984//3741
f 1013//3742 984//3742 983//3742
f 952//3743 1014//3743 985//3743
f 985//3744 1014//3744 1015//3744
f 1015//3745 1014//3745 1054//3745
f 1086//3746 1054//3746 1117//3746
f 1086//3747 1117//3747 1118//3747
f 1118//3748 1117//3748 1141//3748
f 1141//3749 1117//3749 1185//3749
f 1141//3750 1185//3750 1142//3750
f 985//3751 953//3751 952//3751
f 952//3752 953//3752 926//3752
f 952//3753 926//3753 897//3753
f 896//3754 925//3754 897//3754
f 897//3755 925//3755 951//3755
f 897//3756 951//3756 952//3756
f 850//3757 881//3757 876//3757
f 876//3758 881//3758 903//3758
f 792//3759 747//3759 794//3759
f 794//3760 747//3760 748//3760
f 748//3761 747//3761 749//3761
f 748//3762 749//3762 706//3762
f 748//3763 827//3763 794//3763
f 794//3764 827//3764 826//3764
f 794//3765 826//3765 792//3765
f 792//3766 826//3766 822//3766
f 792//3767 822//3767 823//3767
f 871//3768 901//3768 896//3768
f 896//3769 901//3769 927//3769
f 869//3770 845//3770 896//3770
f 896//3771 845//3771 848//3771
f 896//3772 848//3772 871//3772
f 871//3773 848//3773 822//3773
f 822//3774 848//3774 819//3774
f 822//3775 819//3775 823//3775
f 846//3776 847//3776 786//3776
f 869//3777 896//3777 870//3777
f 870//3778 896//3778 897//3778
f 870//3779 897//3779 898//3779
f 898//3780 897//3780 899//3780
f 898//3781 899//3781 847//3781
f 817//3782 818//3782 785//3782
f 697//3783 742//3783 784//3783
f 784//3784 742//3784 788//3784
f 784//3785 788//3785 789//3785
f 745//3786 702//3786 704//3786
f 704//3787 662//3787 661//3787
f 661//3788 662//3788 663//3788
f 663//3789 662//3789 624//3789
f 663//3790 624//3790 626//3790
f 626//3791 624//3791 594//3791
f 626//3792 594//3792 551//3792
f 704//3793 655//3793 662//3793
f 662//3794 655//3794 621//3794
f 662//3795 621//3795 624//3795
f 624//3796 621//3796 594//3796
f 786//3797 739//3797 785//3797
f 785//3798 739//3798 784//3798
f 785//3799 784//3799 817//3799
f 817//3800 784//3800 789//3800
f 739//3801 738//3801 784//3801
f 784//3802 738//3802 694//3802
f 784//3803 694//3803 697//3803
f 697//3804 694//3804 698//3804
f 697//3805 698//3805 650//3805
f 655//3806 650//3806 621//3806
f 696//3807 649//3807 615//3807
f 818//3808 846//3808 785//3808
f 785//3809 846//3809 786//3809
f 786//3810 787//3810 740//3810
f 695//3811 740//3811 696//3811
f 695//3812 696//3812 615//3812
f 614//3813 618//3813 648//3813
f 614//3814 648//3814 615//3814
f 615//3815 648//3815 695//3815
f 593//3816 548//3816 550//3816
f 518//3817 463//3817 466//3817
f 466//3818 463//3818 402//3818
f 466//3819 402//3819 407//3819
f 407//3820 402//3820 312//3820
f 463//3821 460//3821 402//3821
f 544//3822 545//3822 515//3822
f 515//3823 545//3823 511//3823
f 589//3824 618//3824 590//3824
f 590//3825 618//3825 614//3825
f 590//3826 614//3826 544//3826
f 544//3827 614//3827 541//3827
f 544//3828 541//3828 545//3828
f 586//3829 614//3829 616//3829
f 616//3830 614//3830 615//3830
f 616//3831 615//3831 649//3831
f 616//3832 649//3832 587//3832
f 649//3833 617//3833 587//3833
f 587//3834 617//3834 588//3834
f 588//3835 617//3835 543//3835
f 588//3836 543//3836 587//3836
f 587//3837 543//3837 507//3837
f 457//3838 512//3838 506//3838
f 507//3839 506//3839 542//3839
f 507//3840 542//3840 587//3840
f 457//3841 388//3841 395//3841
f 306//3842 395//3842 300//3842
f 215//3843 307//3843 208//3843
f 215//3844 208//3844 216//3844
f 216//3845 208//3845 124//3845
f 216//3846 124//3846 130//3846
f 204//3847 209//3847 208//3847
f 208//3848 209//3848 124//3848
f 301//3849 300//3849 293//3849
f 457//3850 506//3850 388//3850
f 388//3851 506//3851 377//3851
f 388//3852 377//3852 389//3852
f 453//3853 506//3853 508//3853
f 508//3854 506//3854 507//3854
f 508//3855 507//3855 543//3855
f 508//3856 543//3856 509//3856
f 510//3857 455//3857 454//3857
f 195//3858 194//3858 283//3858
f 283//3859 194//3859 294//3859
f 194//3860 295//3860 294//3860
f 32//3861 41//3861 31//3861
f 31//3862 41//3862 40//3862
f 31//3863 40//3863 126//3863
f 41//3864 32//3864 42//3864
f 379//3865 380//3865 283//3865
f 379//3866 283//3866 378//3866
f 378//3867 283//3867 294//3867
f 380//3868 284//3868 283//3868
f 283//3869 284//3869 186//3869
f 283//3870 186//3870 195//3870
f 195//3871 186//3871 196//3871
f 195//3872 196//3872 116//3872
f 378//3873 454//3873 379//3873
f 379//3874 454//3874 455//3874
f 379//3875 455//3875 380//3875
f 380//3876 455//3876 456//3876
f 380//3877 456//3877 381//3877
f 187//3878 285//3878 286//3878
f 286//3879 285//3879 381//3879
f 107//3880 106//3880 188//3880
f 188//3881 106//3881 198//3881
f 188//3882 198//3882 187//3882
f 107//3883 23//3883 106//3883
f 33//3884 24//3884 34//3884
f 34//3885 35//3885 1//3885
f 1//3886 35//3886 36//3886
f 1//3887 36//3887 2//3887
f 2//3888 36//3888 44//3888
f 187//3889 286//3889 188//3889
f 188//3890 286//3890 288//3890
f 188//3891 288//3891 189//3891
f 191//3892 190//3892 290//3892
f 290//3893 190//3893 289//3893
f 290//3894 289//3894 385//3894
f 385//3895 289//3895 384//3895
f 384//3896 289//3896 288//3896
f 384//3897 288//3897 287//3897
f 384//3898 287//3898 383//3898
f 383//3899 287//3899 286//3899
f 383//3900 286//3900 382//3900
f 382//3901 286//3901 381//3901
f 111//3902 110//3902 191//3902
f 111//3903 191//3903 112//3903
f 28//3904 27//3904 112//3904
f 112//3905 27//3905 21//3905
f 112//3906 21//3906 111//3906
f 28//3907 29//3907 37//3907
f 37//3908 29//3908 38//3908
f 45//3909 38//3909 39//3909
f 39//3910 38//3910 29//3910
f 39//3911 29//3911 30//3911
f 30//3912 29//3912 114//3912
f 114//3913 29//3913 113//3913
f 114//3914 113//3914 192//3914
f 114//3915 192//3915 202//3915
f 202//3916 192//3916 193//3916
f 193//3917 192//3917 291//3917
f 193//3918 291//3918 292//3918
f 292//3919 291//3919 387//3919
f 387//3920 291//3920 386//3920
f 1471//3921 1544//3921 1545//3921
f 1471//3922 1545//3922 1472//3922
f 1472//3923 1545//3923 1473//3923
f 1413//3924 1414//3924 1472//3924
f 1700//3925 1620//3925 1609//3925
f 1609//3926 1620//3926 1546//3926
f 1609//3927 1546//3927 1545//3927
f 1545//3928 1546//3928 1473//3928
f 1544//3929 1686//3929 1609//3929
f 1609//3930 1686//3930 1699//3930
f 1609//3931 1699//3931 1700//3931
f 1700//3932 1699//3932 1801//3932
f 1808//3933 1800//3933 1807//3933
f 1807//3934 1800//3934 1799//3934
f 1807//3935 1799//3935 1908//3935
f 1908//3936 1799//3936 1898//3936
f 1908//3937 1898//3937 1907//3937
f 1907//3938 1898//3938 1906//3938
f 1995//3939 1916//3939 1906//3939
f 1906//3940 1916//3940 1917//3940
f 1906//3941 1917//3941 1907//3941
f 1907//3942 1917//3942 1918//3942
f 1907//3943 1918//3943 1908//3943
f 1908//3944 1918//3944 1909//3944
f 1908//3945 1909//3945 1807//3945
f 104//3946 109//3946 108//3946
f 108//3947 109//3947 24//3947
f 24//3948 109//3948 25//3948
f 24//3949 25//3949 35//3949
f 35//3950 25//3950 26//3950
f 35//3951 26//3951 36//3951
f 307//3952 306//3952 300//3952
f 307//3953 300//3953 208//3953
f 208//3954 300//3954 203//3954
f 208//3955 203//3955 204//3955
f 204//3956 203//3956 301//3956
f 196//3957 105//3957 116//3957
f 116//3958 105//3958 117//3958
f 116//3959 117//3959 31//3959
f 31//3960 117//3960 22//3960
f 31//3961 22//3961 32//3961
f 518//3962 517//3962 463//3962
f 463//3963 517//3963 515//3963
f 463//3964 515//3964 460//3964
f 958//3965 931//3965 960//3965
f 958//3966 960//3966 989//3966
f 989//3967 960//3967 991//3967
f 989//3968 991//3968 1022//3968
f 1230//3969 1190//3969 1231//3969
f 1231//3970 1190//3970 1235//3970
f 1231//3971 1235//3971 1292//3971
f 1292//3972 1235//3972 1298//3972
f 1292//3973 1298//3973 1350//3973
f 1059//3974 1058//3974 1091//3974
f 1091//3975 1058//3975 1092//3975
f 1091//3976 1092//3976 1120//3976
f 1120//3977 1092//3977 1122//3977
f 1802//3978 1803//3978 1702//3978
f 1802//3979 1702//3979 1709//3979
f 1709//3980 1702//3980 1701//3980
f 1481//3981 1418//3981 1482//3981
f 1481//3982 1482//3982 1558//3982
f 1558//3983 1482//3983 1562//3983
f 1558//3984 1562//3984 1563//3984
f 1895//3985 1989//3985 1896//3985
f 1896//3986 1989//3986 1990//3986
f 1896//3987 1990//3987 1991//3987
f 1902//3988 1894//3988 1893//3988
f 1902//3989 1893//3989 1901//3989
f 1901//3990 1893//3990 1900//3990
f 1901//3991 1900//3991 1911//3991
f 1911//3992 1900//3992 1899//3992
f 1911//3993 1899//3993 1910//3993
f 1910//3994 1899//3994 1812//3994
f 189//3995 104//3995 188//3995
f 188//3996 104//3996 108//3996
f 188//3997 108//3997 107//3997
f 107//3998 108//3998 24//3998
f 107//3999 24//3999 23//3999
f 23//4000 24//4000 33//4000
f 389//4001 293//4001 300//4001
f 389//4002 300//4002 388//4002
f 388//4003 300//4003 395//4003
f 116//4004 126//4004 115//4004
f 116//4005 115//4005 195//4005
f 195//4006 115//4006 205//4006
f 195//4007 205//4007 194//4007
f 655//4008 704//4008 702//4008
f 655//4009 702//4009 697//4009
f 697//4010 702//4010 745//4010
f 697//4011 745//4011 742//4011
f 742//4012 745//4012 741//4012
f 742//4013 741//4013 788//4013
f 517//4014 550//4014 515//4014
f 515//4015 550//4015 548//4015
f 515//4016 548//4016 544//4016
f 544//4017 548//4017 593//4017
f 544//4018 593//4018 589//4018
f 827//4019 850//4019 826//4019
f 826//4020 850//4020 822//4020
f 822//4021 850//4021 876//4021
f 822//4022 876//4022 871//4022
f 871//4023 876//4023 903//4023
f 871//4024 903//4024 901//4024
f 901//4025 903//4025 900//4025
f 1226//4026 1231//4026 1292//4026
f 1226//4027 1292//4027 1288//4027
f 1288//4028 1292//4028 1339//4028
f 1288//4029 1339//4029 1285//4029
f 1285//4030 1339//4030 1340//4030
f 1285//4031 1340//4031 1341//4031
f 1059//4032 1091//4032 1087//4032
f 1087//4033 1091//4033 1120//4033
f 1087//4034 1120//4034 1119//4034
f 1119//4035 1120//4035 1143//4035
f 1119//4036 1143//4036 1116//4036
f 1116//4037 1143//4037 1187//4037
f 1116//4038 1187//4038 1188//4038
f 1597//4039 1596//4039 1689//4039
f 1689//4040 1596//4040 1688//4040
f 1689//4041 1688//4041 1702//4041
f 1702//4042 1688//4042 1687//4042
f 1702//4043 1687//4043 1701//4043
f 1474//4044 1481//4044 1558//4044
f 1474//4045 1558//4045 1475//4045
f 1475//4046 1558//4046 1547//4046
f 1475//4047 1547//4047 1467//4047
f 1467//4048 1547//4048 1611//4048
f 1467//4049 1611//4049 1548//4049
f 1897//4050 1785//4050 1896//4050
f 1896//4051 1785//4051 1889//4051
f 1773//4052 1780//4052 1781//4052
f 1781//4053 1780//4053 1893//4053
f 1893//4054 1780//4054 1779//4054
f 1893//4055 1779//4055 1892//4055
f 1892//4056 1779//4056 1791//4056
f 1892//4057 1791//4057 1891//4057
f 1808//4058 1801//4058 1800//4058
f 1800//4059 1801//4059 1699//4059
f 1800//4060 1699//4060 1799//4060
f 1799//4061 1699//4061 1787//4061
f 29//4062 28//4062 112//4062
f 29//4063 112//4063 113//4063
f 113//4064 112//4064 191//4064
f 113//4065 191//4065 192//4065
f 192//4066 191//4066 290//4066
f 192//4067 290//4067 291//4067
f 291//4068 290//4068 385//4068
f 291//4069 385//4069 386//4069
f 1341//4070 1336//4070 1285//4070
f 1285//4071 1336//4071 1337//4071
f 1285//4072 1337//4072 1286//4072
f 1286//4073 1337//4073 1287//4073
f 1287//4074 1337//4074 1338//4074
f 1633//4075 1721//4075 1723//4075
f 63//4076 58//4076 145//4076
f 145//4077 58//4077 142//4077
f 145//4078 142//4078 478//4078
f 58//4079 52//4079 142//4079
f 142//4080 52//4080 139//4080
f 1480//4081 1557//4081 1244//4081
f 1307//4082 1244//4082 1633//4082
f 1633//4083 1244//4083 1716//4083
f 1633//4084 1716//4084 1721//4084
f 1723//4085 1636//4085 1633//4085
f 1633//4086 1636//4086 1377//4086
f 1633//4087 1377//4087 1365//4087
f 1633//4088 1365//4088 1363//4088
f 553//4089 387//4089 1240//4089
f 202//4090 193//4090 134//4090
f 134//4091 193//4091 292//4091
f 134//4092 292//4092 387//4092
f 1363//4093 1362//4093 1633//4093
f 1633//4094 1362//4094 1307//4094
f 387//4095 1414//4095 1240//4095
f 1240//4096 1414//4096 1417//4096
f 1240//4097 1417//4097 1479//4097
f 1240//4098 1479//4098 1244//4098
f 1244//4099 1479//4099 1480//4099
f 1557//4100 1621//4100 1244//4100
f 1244//4101 1621//4101 1708//4101
f 1244//4102 1708//4102 1713//4102
f 470//4103 139//4103 134//4103
f 478//4104 142//4104 139//4104
f 478//4105 139//4105 472//4105
f 472//4106 139//4106 470//4106
f 1244//4107 1713//4107 1716//4107
f 553//4108 555//4108 387//4108
f 387//4109 555//4109 522//4109
f 387//4110 522//4110 134//4110
f 134//4111 522//4111 470//4111
f 30//4112 114//4112 134//4112
f 134//4113 114//4113 202//4113
f 45//4114 39//4114 134//4114
f 134//4115 39//4115 30//4115
f 384//4116 383//4116 1414//4116
f 1602//4117 1603//4117 1287//4117
f 1015//4118 1604//4118 1540//4118
f 1054//4119 1086//4119 1603//4119
f 387//4120 386//4120 1414//4120
f 740//4121 787//4121 1414//4121
f 1414//4122 787//4122 786//4122
f 1414//4123 786//4123 847//4123
f 1540//4124 1541//4124 1015//4124
f 1015//4125 1541//4125 1542//4125
f 1015//4126 1542//4126 1543//4126
f 1543//4127 1471//4127 1015//4127
f 1015//4128 1471//4128 1472//4128
f 1015//4129 1472//4129 1414//4129
f 386//4130 385//4130 1414//4130
f 1414//4131 385//4131 384//4131
f 383//4132 382//4132 1414//4132
f 1414//4133 382//4133 381//4133
f 1414//4134 381//4134 456//4134
f 1604//4135 1015//4135 1603//4135
f 1603//4136 1015//4136 1054//4136
f 1086//4137 1118//4137 1603//4137
f 1603//4138 1118//4138 1141//4138
f 1603//4139 1141//4139 1142//4139
f 617//4140 649//4140 1414//4140
f 1414//4141 649//4141 696//4141
f 1414//4142 696//4142 740//4142
f 1414//4143 847//4143 899//4143
f 1414//4144 899//4144 926//4144
f 926//4145 953//4145 1414//4145
f 1414//4146 953//4146 985//4146
f 1414//4147 985//4147 1015//4147
f 1142//4148 1225//4148 1603//4148
f 1603//4149 1225//4149 1287//4149
f 1602//4150 1287//4150 1601//4150
f 1601//4151 1287//4151 1411//4151
f 1601//4152 1411//4152 1412//4152
f 456//4153 455//4153 1414//4153
f 1414//4154 455//4154 510//4154
f 1414//4155 510//4155 509//4155
f 1412//4156 1468//4156 1601//4156
f 1601//4157 1468//4157 1469//4157
f 1601//4158 1469//4158 1470//4158
f 1470//4159 1537//4159 1601//4159
f 1601//4160 1537//4160 1538//4160
f 1601//4161 1538//4161 1539//4161
f 509//4162 543//4162 1414//4162
f 1414//4163 543//4163 617//4163
