# decimated by robomaster_gui_node/tools/decimate_obj.py
v -0.00000 -0.03625 -0.00424
v -0.00000 -0.03650 -0.00000
v -0.00000 -0.03622 0.00440
v -0.00000 -0.03559 -0.00543
v -0.00000 -0.03524 0.00569
v -0.00000 -0.03424 -0.00601
v -0.00000 -0.03392 -0.00598
v -0.00000 -0.03392 0.00598
v -0.00000 -0.02820 -0.00502
v -0.00000 -0.02818 0.00502
v -0.00000 -0.02669 -0.00810
v -0.00000 -0.02670 -0.00650
v -0.00000 -0.02701 -0.00563
v -0.00000 -0.02688 -0.00219
v -0.00000 -0.02688 0.00219
v -0.00000 -0.02703 0.00561
v -0.00000 -0.02670 0.00650
v -0.00000 -0.02669 0.00814
v -0.00000 -0.02564 -0.00977
v -0.00000 -0.02635 -0.00913
v -0.00000 -0.02635 0.00913
v -0.00000 -0.02564 0.00977
v -0.00000 -0.02470 -0.01000
v -0.00000 -0.02470 0.01000
v -0.00000 -0.02078 -0.01000
v -0.00000 -0.02078 0.01000
v -0.00000 -0.01984 -0.01024
v -0.00000 -0.01975 0.01030
v -0.00000 -0.01905 -0.01100
v -0.00000 -0.01905 0.01100
v -0.00000 -0.01712 -0.00052
v -0.00000 -0.01715 0.00065
v -0.00000 -0.01647 -0.01459
v -0.00000 -0.01627 -0.00185
v -0.00000 -0.01615 0.00186
v -0.00000 -0.01639 0.01468
v -0.00000 -0.01524 -0.00224
v -0.00000 -0.01476 0.00224
v -0.00000 -0.01322 -0.01759
v -0.00000 -0.01385 -0.00186
v -0.00000 -0.01373 0.00185
v -0.00000 -0.01280 -0.00035
v -0.00000 -0.01301 0.00105
v -0.00000 -0.01312 0.01766
v -0.00000 -0.01099 -0.01485
v -0.00000 -0.01099 -0.00625
v -0.00000 -0.01099 -0.00219
v -0.00000 -0.01099 0.00219
v -0.00000 -0.01099 0.00625
v -0.00000 -0.01099 0.01048
v -0.00000 -0.00943 -0.01987
v -0.00000 -0.00861 -0.01383
v -0.00000 -0.00918 -0.01264
v -0.00000 -0.00898 -0.01136
v -0.00000 -0.00887 0.01130
v -0.00000 -0.00922 0.01234
v -0.00000 -0.00898 0.01332
v -0.00000 -0.00932 0.01993
v -0.00000 -0.00779 -0.01433
v -0.00000 -0.00783 -0.01043
v -0.00000 -0.00779 0.01035
v -0.00000 -0.00831 0.01407
v -0.00000 -0.00735 0.01443
v -0.00000 -0.00690 -0.01443
v -0.00000 -0.00646 -0.01035
v -0.00000 -0.00690 0.01025
v -0.00000 -0.00646 0.01433
v -0.00000 -0.00527 -0.02136
v -0.00000 -0.00560 -0.01370
v -0.00000 -0.00502 -0.01234
v -0.00000 -0.00538 -0.01130
v -0.00000 -0.00594 0.01061
v -0.00000 -0.00527 0.01136
v -0.00000 -0.00507 0.01262
v -0.00000 -0.00564 0.01383
v -0.00000 -0.00515 0.02139
v -0.00000 -0.00089 -0.02198
v -0.00000 -0.00077 0.02199
v 0.00000 0.00011 -0.01485
v 0.00000 0.00011 -0.00625
v 0.00000 0.00011 -0.00219
v 0.00000 0.00011 0.00219
v 0.00000 0.00011 0.00625
v 0.00000 0.00011 0.01048
v 0.00000 0.00352 -0.02172
v 0.00000 0.00365 0.02170
v 0.00000 0.00551 -0.01404
v 0.00000 0.00530 -0.01264
v 0.00000 0.00591 -0.01140
v 0.00000 0.00551 0.01194
v 0.00000 0.00525 0.01299
v 0.00000 0.00535 0.01364
v 0.00000 0.00591 0.01458
v 0.00000 0.00623 -0.01484
v 0.00000 0.00679 -0.01086
v 0.00000 0.00623 0.01114
v 0.00000 0.00679 0.01512
v 0.00000 0.00779 -0.02057
v 0.00000 0.00782 -0.01517
v 0.00000 0.00774 -0.01075
v 0.00000 0.00726 0.01075
v 0.00000 0.00821 0.01086
v 0.00000 0.00774 0.01523
v 0.00000 0.00791 0.02053
v 0.00000 0.00909 -0.01458
v 0.00000 0.00913 -0.01154
v 0.00000 0.00909 0.01140
v 0.00000 0.00949 0.01404
v 0.00000 0.00877 0.01484
v 0.00000 0.00965 -0.01364
v 0.00000 0.00975 -0.01299
v 0.00000 0.00971 0.01270
v 0.00000 0.01175 -0.01860
v 0.00000 0.01095 -0.01485
v 0.00000 0.01095 -0.00625
v 0.00000 0.01095 -0.00219
v 0.00000 0.01095 0.00219
v 0.00000 0.01095 0.00625
v 0.00000 0.01095 0.01048
v 0.00000 0.01186 0.01853
v 0.00000 0.01277 -0.00149
v 0.00000 0.01224 -0.00060
v 0.00000 0.01226 0.00045
v 0.00000 0.01306 0.00173
v 0.00000 0.01359 -0.00199
v 0.00000 0.01403 0.00209
v 0.00000 0.01523 -0.01587
v 0.00000 0.01496 -0.00191
v 0.00000 0.01491 0.00199
v 0.00000 0.01532 0.01579
v 0.00000 0.01611 -0.00098
v 0.00000 0.01631 0.00030
v 0.00000 0.01573 0.00149
v 0.00000 0.01810 -0.01251
v 0.00000 0.01808 0.01253
v 0.00000 0.02023 -0.00864
v 0.00000 0.02022 0.00866
v 0.00000 0.02155 -0.00441
v 0.00000 0.02155 0.00444
v 0.00000 0.02200 -0.00001
v 0.00000 0.02200 0.00004
v 0.00350 -0.03625 -0.00424
v 0.00350 -0.03650 -0.00000
v 0.00350 -0.03622 0.00440
v 0.00350 -0.03551 -0.00550
v 0.00350 -0.03537 0.00561
v 0.00350 -0.03424 -0.00601
v 0.00350 -0.03392 -0.00598
v 0.00350 -0.03392 0.00598
v 0.00350 -0.02818 -0.00502
v 0.00350 -0.02818 0.00502
v 0.00350 -0.02670 -0.00650
v 0.00350 -0.02704 -0.00559
v 0.00350 -0.02709 0.00554
v 0.00350 -0.02670 0.00650
v 0.00420 -0.01832 -0.00173
v 0.00420 -0.01875 -0.00000
v 0.00420 -0.01859 0.00109
v 0.00420 -0.01714 -0.00308
v 0.00420 -0.01712 -0.00052
v 0.00420 -0.01715 0.00065
v 0.00420 -0.01765 0.00265
v 0.00420 -0.01627 -0.00185
v 0.00420 -0.01615 0.00186
v 0.00420 -0.01629 0.00352
v 0.00420 -0.01544 -0.00372
v 0.00420 -0.01524 -0.00224
v 0.00420 -0.01476 0.00224
v 0.00420 -0.01456 0.00372
v 0.00420 -0.01371 -0.00352
v 0.00420 -0.01385 -0.00186
v 0.00420 -0.01373 0.00185
v 0.00420 -0.01235 -0.00265
v 0.00420 -0.01280 -0.00032
v 0.00420 -0.01301 0.00105
v 0.00420 -0.01286 0.00308
v 0.00420 -0.01133 -0.00055
v 0.00420 -0.01168 0.00173
v 0.00400 -0.00861 -0.01383
v 0.00400 -0.00919 -0.01258
v 0.00400 -0.00898 -0.01136
v 0.00400 -0.00892 0.01138
v 0.00400 -0.00922 0.01234
v 0.00400 -0.00898 0.01332
v 0.00400 -0.00779 -0.01433
v 0.00400 -0.00783 -0.01043
v 0.00400 -0.00779 0.01035
v 0.00400 -0.00831 0.01407
v 0.00400 -0.00735 0.01443
v 0.00400 -0.00690 -0.01443
v 0.00400 -0.00646 -0.01035
v 0.00400 -0.00690 0.01025
v 0.00400 -0.00646 0.01433
v 0.00400 -0.00564 -0.01374
v 0.00400 -0.00502 -0.01234
v 0.00400 -0.00533 -0.01138
v 0.00400 -0.00594 0.01061
v 0.00400 -0.00527 0.01136
v 0.00400 -0.00506 0.01258
v 0.00400 -0.00564 0.01383
v 0.00420 0.00418 -0.01472
v 0.00420 0.00375 -0.01299
v 0.00420 0.00391 -0.01190
v 0.00420 0.00418 0.01126
v 0.00420 0.00375 0.01299
v 0.00420 0.00391 0.01408
v 0.00420 0.00536 -0.01607
v 0.00420 0.00551 -0.01404
v 0.00420 0.00530 -0.01267
v 0.00420 0.00591 -0.01140
v 0.00420 0.00485 -0.01034
v 0.00420 0.00536 0.00991
v 0.00420 0.00551 0.01194
v 0.00420 0.00525 0.01299
v 0.00420 0.00535 0.01364
v 0.00420 0.00591 0.01458
v 0.00420 0.00485 0.01564
v 0.00420 0.00706 -0.01671
v 0.00420 0.00623 -0.01484
v 0.00420 0.00679 -0.01086
v 0.00420 0.00621 -0.00947
v 0.00420 0.00706 0.00927
v 0.00420 0.00623 0.01114
v 0.00420 0.00679 0.01512
v 0.00420 0.00621 0.01651
v 0.00420 0.00774 -0.01518
v 0.00420 0.00774 -0.01075
v 0.00420 0.00794 -0.00927
v 0.00420 0.00726 0.01075
v 0.00420 0.00821 0.01086
v 0.00420 0.00774 0.01523
v 0.00420 0.00794 0.01671
v 0.00420 0.00879 -0.01651
v 0.00420 0.00909 -0.01458
v 0.00420 0.00913 -0.01154
v 0.00420 0.00879 0.00947
v 0.00420 0.00909 0.01140
v 0.00420 0.00949 0.01404
v 0.00420 0.00877 0.01484
v 0.00420 0.01015 -0.01564
v 0.00420 0.00965 -0.01364
v 0.00420 0.00975 -0.01299
v 0.00420 0.00964 -0.00991
v 0.00420 0.01015 0.01034
v 0.00420 0.00970 0.01267
v 0.00420 0.00964 0.01607
v 0.00420 0.01109 -0.01408
v 0.00420 0.01125 -0.01299
v 0.00420 0.01082 -0.01126
v 0.00420 0.01109 0.01190
v 0.00420 0.01125 0.01299
v 0.00420 0.01082 0.01472
v 0.00400 0.01277 -0.00149
v 0.00400 0.01219 -0.00024
v 0.00400 0.01239 0.00098
v 0.00400 0.01306 0.00173
v 0.00400 0.01359 -0.00199
v 0.00400 0.01403 0.00209
v 0.00400 0.01496 -0.00191
v 0.00400 0.01491 0.00199
v 0.00400 0.01628 -0.00030
v 0.00400 0.01626 0.00060
v 0.00400 0.01573 0.00149
v 0.00671 -0.02670 -0.00545
v 0.00601 -0.02670 -0.00412
v 0.00600 -0.02670 0.00400
v 0.00655 -0.02670 0.00529
v 0.00675 -0.02170 -0.00548
v 0.00601 -0.02170 -0.00411
v 0.00600 -0.02170 0.00400
v 0.00652 -0.02170 0.00525
v 0.00600 -0.01856 -0.00408
v 0.00600 -0.01832 -0.00173
v 0.00600 -0.01875 -0.00000
v 0.00600 -0.01883 0.00044
v 0.00600 -0.01856 0.00409
v 0.00600 -0.01724 -0.00798
v 0.00600 -0.01714 -0.00308
v 0.00600 -0.01765 0.00265
v 0.00600 -0.01724 0.00798
v 0.00600 -0.01629 0.00352
v 0.00600 -0.01514 -0.01148
v 0.00600 -0.01544 -0.00372
v 0.00600 -0.01456 0.00372
v 0.00600 -0.01514 0.01148
v 0.00600 -0.01371 -0.00352
v 0.00600 -0.01232 -0.01447
v 0.00600 -0.01235 -0.00265
v 0.00600 -0.01286 0.00308
v 0.00600 -0.01232 0.01446
v 0.00600 -0.01134 -0.00060
v 0.00600 -0.01168 0.00173
v 0.00600 -0.00892 -0.01677
v 0.00600 -0.00892 0.01677
v 0.00600 -0.00511 -0.01830
v 0.00600 -0.00511 0.01830
v 0.00600 -0.00105 -0.01897
v 0.00600 -0.00106 0.01897
v 0.00600 0.00302 -0.01876
v 0.00600 0.00302 0.01876
v 0.00600 0.00418 -0.01472
v 0.00600 0.00375 -0.01299
v 0.00600 0.00391 -0.01190
v 0.00600 0.00418 0.01126
v 0.00600 0.00375 0.01299
v 0.00600 0.00391 0.01408
v 0.00600 0.00536 -0.01607
v 0.00600 0.00485 -0.01034
v 0.00600 0.00536 0.00991
v 0.00600 0.00485 0.01564
v 0.00600 0.00698 -0.01767
v 0.00600 0.00706 -0.01671
v 0.00600 0.00621 -0.00947
v 0.00600 0.00706 0.00927
v 0.00600 0.00621 0.01651
v 0.00600 0.00698 0.01767
v 0.00600 0.00794 -0.00927
v 0.00600 0.00794 0.01671
v 0.00600 0.00879 -0.01651
v 0.00600 0.00879 0.00947
v 0.00600 0.01044 -0.01571
v 0.00600 0.00964 -0.00991
v 0.00600 0.01015 0.01034
v 0.00600 0.01009 0.01593
v 0.00600 0.01127 -0.01503
v 0.00600 0.01129 -0.01409
v 0.00600 0.01125 -0.01299
v 0.00600 0.01082 -0.01126
v 0.00600 0.01109 0.01190
v 0.00600 0.01125 0.01299
v 0.00600 0.01150 0.01410
v 0.00600 0.01106 0.01489
v 0.00600 0.01550 -0.01561
v 0.00600 0.01550 0.01561
v 0.00600 0.01810 -0.01251
v 0.00600 0.01808 0.01253
v 0.00600 0.02023 -0.00864
v 0.00600 0.02022 0.00866
v 0.00600 0.02155 -0.00441
v 0.00600 0.02155 0.00444
v 0.00600 0.02200 -0.00001
v 0.00600 0.02200 0.00004
v 0.00800 -0.02670 -0.00600
v 0.00776 -0.02670 0.00598
v 0.00800 -0.02670 0.00600
v 0.00800 -0.02170 -0.00600
v 0.00776 -0.02170 0.00598
v 0.00800 -0.02170 0.00600
v 0.01286 -0.02655 -0.00877
v 0.01276 -0.02669 -0.00821
v 0.01210 -0.02670 -0.00600
v 0.01246 -0.02670 -0.00597
v 0.01304 -0.02670 0.00577
v 0.01210 -0.02670 0.00600
v 0.01277 -0.02669 0.00819
v 0.01294 -0.02645 0.00897
v 0.01306 -0.02624 -0.00926
v 0.01307 -0.02622 0.00928
v 0.01210 -0.02170 -0.00600
v 0.01246 -0.02170 -0.00597
v 0.01304 -0.02170 0.00577
v 0.01210 -0.02170 0.00600
v 0.01439 -0.02658 -0.00961
v 0.01371 -0.02665 -0.00895
v 0.01335 -0.02670 -0.00556
v 0.01398 -0.02670 -0.00450
v 0.01395 -0.02670 0.00000
v 0.01409 -0.02670 0.00401
v 0.01375 -0.02670 0.00513
v 0.01376 -0.02665 0.00898
v 0.01439 -0.02658 0.00961
v 0.01356 -0.02553 -0.00987
v 0.01379 -0.02627 -0.00943
v 0.01379 -0.02627 0.00943
v 0.01353 -0.02560 0.00983
v 0.01397 -0.02470 -0.01013
v 0.01377 -0.02475 0.01008
v 0.01335 -0.02170 -0.00556
v 0.01404 -0.02170 -0.00419
v 0.01395 -0.02170 0.00000
v 0.01409 -0.02170 0.00403
v 0.01375 -0.02170 0.00513
v 0.01382 -0.02078 -0.01009
v 0.01396 -0.02078 0.01012
v 0.01407 -0.01924 -0.01094
v 0.01368 -0.01978 -0.01036
v 0.01365 -0.01980 0.01036
v 0.01406 -0.01923 0.01094
v 0.01338 -0.01905 -0.01100
v 0.01353 -0.01908 0.01098
v 0.01396 -0.01767 -0.01310
v 0.01419 -0.01772 0.01307
v 0.01521 -0.02670 -0.01103
v 0.01487 -0.02670 -0.01018
v 0.01486 -0.02670 0.01016
v 0.01521 -0.02670 0.01103
v 0.01530 -0.02568 -0.01143
v 0.01472 -0.02582 -0.01038
v 0.01482 -0.02588 0.01049
v 0.01529 -0.02578 0.01140
v 0.01513 -0.02470 -0.01110
v 0.01466 -0.02470 -0.01046
v 0.01466 -0.02470 0.01046
v 0.01522 -0.02470 0.01130
v 0.01512 -0.02077 -0.01111
v 0.01460 -0.02049 -0.01045
v 0.01460 -0.02049 0.01045
v 0.01512 -0.02076 0.01109
v 0.01487 -0.01991 -0.01107
v 0.01464 -0.02001 -0.01066
v 0.01464 -0.02001 0.01066
v 0.01490 -0.01992 0.01110
v 0.01526 -0.01826 -0.01317
v 0.01526 -0.01825 0.01317
v 0.01466 -0.01787 -0.01305
v 0.01465 -0.01787 0.01305
v 0.01485 -0.01625 -0.01491
v 0.01483 -0.01623 0.01491
v 0.01559 -0.01322 -0.01758
v 0.01525 -0.01427 -0.01674
v 0.01546 -0.01433 0.01672
v 0.01546 0.01364 -0.01726
v 0.01546 0.01364 0.01726
v 0.01509 0.01541 -0.01575
v 0.01499 0.01543 0.01570
v 0.01592 -0.02670 0.01385
v 0.01639 -0.02070 -0.00659
v 0.01595 -0.02070 -0.00000
v 0.01636 -0.02070 0.00636
v 0.01587 -0.01933 -0.01369
v 0.01581 -0.01949 0.01347
v 0.01570 -0.01877 -0.01343
v 0.01626 -0.01818 -0.00552
v 0.01612 -0.01856 -0.00408
v 0.01607 -0.01870 -0.00338
v 0.01597 -0.01894 -0.00154
v 0.01595 -0.01900 -0.00000
v 0.01595 -0.01899 0.00063
v 0.01603 -0.01879 0.00281
v 0.01612 -0.01856 0.00409
v 0.01620 -0.01834 0.00495
v 0.01569 -0.01877 0.01343
v 0.01646 -0.01764 -0.01566
v 0.01632 -0.01715 -0.01546
v 0.01657 -0.01733 -0.00778
v 0.01640 -0.01782 -0.00660
v 0.01641 -0.01778 0.00669
v 0.01660 -0.01724 0.00798
v 0.01636 -0.01745 0.01546
v 0.01589 -0.01666 -0.01514
v 0.01678 -0.01675 -0.00897
v 0.01678 -0.01673 0.00900
v 0.01589 -0.01665 0.01514
v 0.01654 -0.01484 -0.01693
v 0.01594 -0.01449 -0.01673
v 0.01593 -0.01448 0.01673
v 0.01653 -0.01483 0.01692
v 0.01625 -0.01240 -0.01826
v 0.01563 -0.01312 0.01766
v 0.01624 -0.01239 0.01825
v 0.01647 -0.01014 -0.01952
v 0.01647 -0.01014 0.01952
v 0.01664 -0.00944 -0.01987
v 0.01666 -0.00932 0.01993
v 0.01665 0.00940 -0.01989
v 0.01665 0.00940 0.01989
v 0.01635 0.01173 -0.01867
v 0.01636 0.01172 0.01867
v 0.01643 0.01401 -0.01736
v 0.01625 0.01393 0.01733
v 0.01674 0.01550 -0.01684
v 0.01612 0.01550 -0.01615
v 0.01626 0.01550 0.01634
v 0.01697 -0.02670 -0.01714
v 0.01772 -0.02070 -0.01306
v 0.01766 -0.02070 0.01284
v 0.01784 -0.01950 -0.00893
v 0.01762 -0.01950 -0.00768
v 0.01716 -0.01950 -0.00391
v 0.01708 -0.01950 -0.00277
v 0.01711 -0.01950 0.00320
v 0.01725 -0.01950 0.00492
v 0.01738 -0.01950 0.00605
v 0.01705 -0.01879 -0.00226
v 0.01708 -0.01879 0.00269
v 0.01705 -0.01750 -0.00226
v 0.01708 -0.01750 0.00269
v 0.01709 -0.01570 -0.01747
v 0.01713 -0.01571 0.01068
v 0.01703 -0.01589 0.01731
v 0.01697 -0.01529 -0.01730
v 0.01725 -0.01533 -0.01122
v 0.01731 -0.01514 0.01148
v 0.01697 -0.01529 0.01729
v 0.01765 -0.01338 -0.01898
v 0.01767 -0.01398 -0.01286
v 0.01761 -0.01417 0.01265
v 0.01762 -0.01347 0.01892
v 0.01718 -0.01282 -0.01850
v 0.01793 -0.01306 -0.01380
v 0.01717 -0.01281 0.01850
v 0.01745 -0.01046 -0.01970
v 0.01720 -0.01037 0.01963
v 0.01733 -0.00793 -0.02059
v 0.01730 -0.00792 0.02058
v 0.01739 -0.00535 -0.02134
v 0.01756 -0.00540 0.02134
v 0.01764 -0.00296 -0.02180
v 0.01781 -0.00297 0.02181
v 0.01774 -0.00063 -0.02199
v 0.01774 -0.00059 0.02199
v 0.01769 0.00212 -0.02190
v 0.01769 0.00212 0.02190
v 0.01759 0.00352 -0.02172
v 0.01748 0.00463 -0.02151
v 0.01766 0.00466 0.02152
v 0.01758 0.00365 0.02170
v 0.01712 0.00707 -0.02083
v 0.01733 0.00711 0.02084
v 0.01744 0.00748 -0.02076
v 0.01747 0.00749 0.02076
v 0.01735 0.00958 -0.01995
v 0.01718 0.00953 0.01992
v 0.01795 0.00984 -0.02024
v 0.01784 0.01050 -0.00893
v 0.01723 0.01050 -0.00470
v 0.01704 0.01050 -0.00203
v 0.01725 0.01050 0.00492
v 0.01795 0.00984 0.02024
v 0.01800 0.01150 0.00000
v 0.01782 0.01249 -0.01941
v 0.01738 0.01211 -0.01898
v 0.01738 0.01210 0.01897
v 0.01781 0.01249 0.01941
v 0.01769 0.01356 -0.01905
v 0.01775 0.01335 0.01919
v 0.01708 0.01517 -0.01756
v 0.01716 0.01510 0.01774
v 0.01810 -0.02670 -0.00897
v 0.01810 -0.02670 0.00897
v 0.01817 -0.02670 0.02020
v 0.01904 -0.02050 -0.00985
v 0.01838 -0.02050 -0.00593
v 0.01809 -0.02050 -0.00284
v 0.01811 -0.02050 0.00314
v 0.01854 -0.02050 0.00709
v 0.01887 -0.02050 0.00901
v 0.01859 -0.01950 -0.01226
v 0.01838 -0.01950 -0.01142
v 0.01856 -0.01977 -0.00183
v 0.01852 -0.01950 -0.00026
v 0.01865 -0.01950 0.00076
v 0.01828 -0.02000 0.00263
v 0.01801 -0.01950 0.00980
v 0.01847 -0.01950 0.01177
v 0.01859 -0.01950 0.01226
v 0.01891 -0.01750 -0.00122
v 0.01852 -0.01750 -0.00026
v 0.01865 -0.01750 0.00076
v 0.01813 -0.01232 -0.01447
v 0.01801 -0.01279 0.01405
v 0.01813 -0.01232 0.01446
v 0.01822 -0.01112 -0.02034
v 0.01838 -0.01135 -0.01524
v 0.01831 -0.01163 0.01503
v 0.01820 -0.01120 0.02029
v 0.01873 -0.00978 0.01629
v 0.01873 -0.00866 -0.02145
v 0.01885 -0.00921 -0.01661
v 0.01891 -0.00892 0.01677
v 0.01871 -0.00879 0.02142
v 0.01829 -0.00824 -0.02095
v 0.01913 -0.00770 -0.01737
v 0.01911 -0.00779 0.01733
v 0.01828 -0.00824 0.02094
v 0.01910 -0.00647 -0.02224
v 0.01909 -0.00658 0.02221
v 0.01892 -0.00583 -0.02204
v 0.01808 -0.00557 -0.02142
v 0.01807 -0.00556 0.02142
v 0.01891 -0.00583 0.02203
v 0.01868 -0.00308 -0.02212
v 0.01862 -0.00307 0.02209
v 0.01874 -0.00044 -0.02230
v 0.01853 -0.00043 0.02222
v 0.01871 0.00220 -0.02221
v 0.01846 0.00218 0.02210
v 0.01818 0.00473 -0.02162
v 0.01817 0.00473 0.02162
v 0.01880 0.00487 -0.02197
v 0.01879 0.00487 0.02197
v 0.01913 0.00628 -0.02229
v 0.01914 0.00621 0.02231
v 0.01889 0.00769 -0.02181
v 0.01844 0.00742 -0.02125
v 0.01843 0.00742 0.02124
v 0.01889 0.00769 0.02180
v 0.01874 0.00883 -0.02147
v 0.01893 0.00880 -0.01684
v 0.01895 0.00872 0.01688
v 0.01877 0.00869 0.02153
v 0.01842 0.01020 -0.02078
v 0.01855 0.01062 -0.01576
v 0.01847 0.01050 0.01177
v 0.01855 0.01062 0.01576
v 0.01839 0.01016 0.02072
v 0.01826 0.01124 -0.02041
v 0.01834 0.01120 -0.01511
v 0.01802 0.01150 -0.01410
v 0.01890 0.01150 -0.00917
v 0.01823 0.01150 -0.00461
v 0.01823 0.01150 0.00461
v 0.01890 0.01150 0.00917
v 0.01802 0.01150 0.01410
v 0.01828 0.01129 0.01494
v 0.01830 0.01105 0.02050
v 0.01817 0.01550 0.02020
v 0.01964 -0.02670 -0.02332
v 0.01991 -0.02070 -0.01930
v 0.02004 -0.02050 -0.01370
v 0.01925 -0.02050 -0.01078
v 0.02010 -0.02050 -0.00737
v 0.02014 -0.02050 -0.00651
v 0.02004 -0.02050 -0.00297
v 0.02015 -0.02050 0.00624
v 0.02013 -0.02050 0.00752
v 0.01930 -0.02050 0.01099
v 0.02039 -0.02050 0.01481
v 0.01982 -0.02070 0.01909
v 0.01971 -0.01950 -0.01589
v 0.02010 -0.02000 -0.00247
v 0.01973 -0.01950 -0.00185
v 0.01971 -0.01950 0.00176
v 0.01971 -0.01950 0.01590
v 0.02010 -0.01750 -0.00247
v 0.01973 -0.01750 -0.00185
v 0.01976 -0.01750 0.00178
v 0.01933 -0.00637 0.01790
v 0.01946 -0.00539 -0.01822
v 0.01949 -0.00511 0.01830
v 0.01937 -0.00393 -0.02278
v 0.01958 -0.00428 0.01851
v 0.01937 -0.00399 0.02277
v 0.01941 -0.00322 -0.02285
v 0.01964 -0.00357 -0.01866
v 0.01940 -0.00322 0.02285
v 0.01951 -0.00143 -0.02305
v 0.01976 -0.00139 -0.01895
v 0.01973 -0.00211 0.01888
v 0.01951 -0.00143 0.02305
v 0.01953 -0.00046 -0.02309
v 0.01977 -0.00105 -0.01897
v 0.01977 -0.00053 0.01899
v 0.01953 -0.00046 0.02309
v 0.01952 0.00115 -0.02307
v 0.01977 0.00079 -0.01898
v 0.01952 0.00115 0.02307
v 0.01947 0.00232 -0.02299
v 0.01973 0.00204 0.01889
v 0.01947 0.00232 0.02299
v 0.01968 0.00294 -0.01877
v 0.01968 0.00302 0.01876
v 0.01939 0.00374 -0.02281
v 0.01954 0.00467 -0.01842
v 0.01956 0.00445 0.01847
v 0.01939 0.00372 0.02282
v 0.01925 0.00504 -0.02254
v 0.01925 0.00505 0.02254
v 0.01927 0.00679 -0.01775
v 0.01926 0.00686 0.01772
v 0.01962 0.01050 -0.01565
v 0.01991 0.01150 -0.01930
v 0.02002 0.01150 -0.01364
v 0.02002 0.01150 0.01364
v 0.01982 0.01150 0.01909
v 0.01964 0.01550 -0.02332
v 0.02152 -0.02670 0.00117
v 0.02124 -0.02670 0.02619
v 0.02136 -0.02050 -0.01745
v 0.02069 -0.02050 -0.01568
v 0.02103 -0.02050 -0.01084
v 0.02054 -0.02050 -0.00966
v 0.02056 -0.02050 -0.00516
v 0.02120 -0.02050 -0.00438
v 0.02077 -0.02050 -0.00298
v 0.02150 -0.02070 -0.00000
v 0.02152 -0.02070 0.00117
v 0.02076 -0.02050 0.00298
v 0.02150 -0.02050 0.00413
v 0.02062 -0.02050 0.00507
v 0.02057 -0.02050 0.00979
v 0.02116 -0.02050 0.01101
v 0.02158 -0.02050 0.01799
v 0.02111 -0.01950 -0.01943
v 0.02091 -0.02000 -0.00899
v 0.02060 -0.02000 -0.00730
v 0.02095 -0.02000 -0.00552
v 0.02157 -0.02000 -0.00472
v 0.02050 -0.02000 -0.00250
v 0.02114 -0.01969 -0.00206
v 0.02134 -0.01970 0.00203
v 0.02081 -0.02000 0.00247
v 0.02149 -0.02000 0.00479
v 0.02104 -0.02000 0.00534
v 0.02073 -0.02000 0.00601
v 0.02062 -0.02000 0.00744
v 0.02092 -0.02000 0.00902
v 0.02132 -0.02000 0.01034
v 0.02065 -0.01950 0.01837
v 0.02093 -0.01900 -0.00906
v 0.02060 -0.01900 -0.00730
v 0.02082 -0.01900 -0.00577
v 0.02157 -0.01900 -0.00472
v 0.02149 -0.01900 0.00479
v 0.02073 -0.01900 0.00601
v 0.02062 -0.01900 0.00744
v 0.02092 -0.01900 0.00902
v 0.02132 -0.01900 0.01034
v 0.02116 -0.01750 -0.00206
v 0.02136 -0.01750 0.00208
v 0.02080 -0.01750 0.00247
v 0.02065 0.01050 -0.01837
v 0.02128 0.01010 -0.00132
v 0.02145 0.01010 -0.00084
v 0.02146 0.01010 0.00085
v 0.02127 0.01010 0.00142
v 0.02065 0.01050 0.01837
v 0.02158 0.01150 -0.01799
v 0.02119 0.01150 -0.00623
v 0.02106 0.01122 -0.00137
v 0.02128 0.01124 -0.00067
v 0.02122 0.01133 0.00061
v 0.02105 0.01123 0.00143
v 0.02119 0.01150 0.00626
v 0.02158 0.01150 0.01799
v 0.02124 0.01550 0.02619
v 0.02241 -0.02670 -0.01764
v 0.02210 -0.02670 -0.01607
v 0.02241 -0.02670 -0.01450
v 0.02232 -0.02670 -0.00780
v 0.02179 -0.02670 -0.00505
v 0.02216 -0.02670 0.00751
v 0.02273 -0.02670 0.00848
v 0.02241 -0.02670 0.01450
v 0.02210 -0.02670 0.01607
v 0.02241 -0.02670 0.01764
v 0.02221 -0.02050 -0.01390
v 0.02192 -0.02050 -0.01176
v 0.02232 -0.02070 -0.00780
v 0.02179 -0.02070 -0.00505
v 0.02208 -0.02050 -0.00378
v 0.02195 -0.02050 -0.00263
v 0.02274 -0.02050 -0.00200
v 0.02266 -0.02050 0.00208
v 0.02226 -0.02050 0.00316
v 0.02216 -0.02070 0.00751
v 0.02273 -0.02070 0.00848
v 0.02198 -0.02050 0.01180
v 0.02279 -0.02070 0.02499
v 0.02236 -0.01950 -0.02204
v 0.02213 -0.01950 -0.02158
v 0.02186 -0.02000 -0.01103
v 0.02230 -0.02000 -0.00173
v 0.02230 -0.01950 -0.00075
v 0.02242 -0.01950 0.00055
v 0.02211 -0.01985 0.00167
v 0.02258 -0.02000 0.00412
v 0.02232 -0.02000 0.01142
v 0.02183 -0.01950 0.02098
v 0.02166 -0.01900 -0.01084
v 0.02276 -0.01900 0.00405
v 0.02232 -0.01900 0.01142
v 0.02230 -0.01750 -0.00173
v 0.02230 -0.01750 -0.00075
v 0.02242 -0.01750 0.00055
v 0.02219 -0.01750 0.00144
v 0.02236 0.01050 -0.02204
v 0.02267 0.01010 -0.01098
v 0.02169 0.01010 -0.00618
v 0.02172 0.01010 -0.00039
v 0.02179 0.01010 0.00028
v 0.02169 0.01010 0.00616
v 0.02266 0.01010 0.01097
v 0.02265 0.01050 0.02259
v 0.02252 0.01124 -0.01120
v 0.02169 0.01100 -0.00618
v 0.02172 0.01100 -0.00043
v 0.02179 0.01100 0.00028
v 0.02169 0.01100 0.00616
v 0.02246 0.01120 0.01100
v 0.02274 0.01150 0.01205
v 0.02279 0.01150 0.02499
v 0.02241 0.01550 -0.01764
v 0.02210 0.01550 -0.01607
v 0.02241 0.01550 -0.01450
v 0.02241 0.01550 0.01450
v 0.02210 0.01550 0.01607
v 0.02241 0.01550 0.01764
v 0.02311 -0.02670 -0.02909
v 0.02330 -0.02670 -0.01897
v 0.02330 -0.02670 -0.01317
v 0.02327 -0.02670 -0.00884
v 0.02357 -0.02670 0.00895
v 0.02330 -0.02670 0.01317
v 0.02330 -0.02670 0.01897
v 0.02291 -0.02070 -0.02518
v 0.02299 -0.02050 -0.02107
v 0.02299 -0.02050 -0.01229
v 0.02327 -0.02070 -0.00884
v 0.02301 -0.02050 -0.00349
v 0.02339 -0.02050 -0.00064
v 0.02341 -0.02050 0.00072
v 0.02305 -0.02050 0.00157
v 0.02390 -0.02050 0.00346
v 0.02357 -0.02070 0.00895
v 0.02342 -0.02050 0.01234
v 0.02325 -0.02050 0.02159
v 0.02288 -0.01950 -0.02301
v 0.02281 -0.02000 -0.01169
v 0.02311 -0.02000 -0.00399
v 0.02285 -0.02000 -0.00083
v 0.02294 -0.02000 0.00054
v 0.02369 -0.02000 0.01190
v 0.02363 -0.01950 0.02433
v 0.02282 -0.01900 -0.01169
v 0.02307 -0.01900 -0.00400
v 0.02369 -0.01900 0.01190
v 0.02290 -0.01750 -0.00069
v 0.02294 -0.01750 0.00054
v 0.02340 0.01010 -0.01196
v 0.02317 0.01010 0.01178
v 0.02291 0.01150 -0.02518
v 0.02355 0.01150 -0.02216
v 0.02332 0.01150 -0.01250
v 0.02340 0.01100 -0.01196
v 0.02317 0.01100 0.01178
v 0.02348 0.01150 0.01258
v 0.02355 0.01150 0.02216
v 0.02311 0.01550 -0.02909
v 0.02330 0.01550 -0.01897
v 0.02330 0.01550 -0.01317
v 0.02330 0.01550 0.01317
v 0.02330 0.01550 0.01897
v 0.02463 -0.02670 -0.01986
v 0.02463 -0.02670 -0.01228
v 0.02441 -0.02670 -0.00899
v 0.02453 -0.02670 0.00897
v 0.02463 -0.02670 0.01228
v 0.02463 -0.02670 0.01986
v 0.02507 -0.02670 0.03173
v 0.02464 -0.02470 -0.01742
v 0.02410 -0.02470 -0.01607
v 0.02442 -0.02470 -0.01505
v 0.02501 -0.02470 0.01434
v 0.02451 -0.02470 0.01486
v 0.02413 -0.02470 0.01629
v 0.02451 -0.02470 0.01725
v 0.02492 -0.02050 -0.02454
v 0.02470 -0.02070 -0.01746
v 0.02410 -0.02070 -0.01607
v 0.02441 -0.02070 -0.01510
v 0.02420 -0.02050 -0.01241
v 0.02438 -0.02070 -0.00899
v 0.02515 -0.02050 -0.00382
v 0.02412 -0.02050 -0.00348
v 0.02510 -0.02050 0.00379
v 0.02453 -0.02070 0.00897
v 0.02498 -0.02050 0.01226
v 0.02501 -0.02070 0.01434
v 0.02434 -0.02070 0.01509
v 0.02415 -0.02070 0.01642
v 0.02471 -0.02070 0.01756
v 0.02419 -0.02050 0.02331
v 0.02483 -0.01950 -0.02627
v 0.02427 -0.02000 -0.01190
v 0.02492 -0.02000 -0.00427
v 0.02406 -0.02000 0.00398
v 0.02478 -0.02000 0.01177
v 0.02464 -0.01950 0.02598
v 0.02427 -0.01900 -0.01190
v 0.02473 -0.01900 -0.00417
v 0.02406 -0.01900 0.00398
v 0.02511 -0.01900 0.01169
v 0.02483 0.01010 -0.01226
v 0.02483 0.01010 0.01225
v 0.02468 0.01150 -0.01743
v 0.02410 0.01150 -0.01607
v 0.02443 0.01150 -0.01506
v 0.02456 0.01118 -0.01247
v 0.02461 0.01112 0.01239
v 0.02501 0.01150 0.01434
v 0.02434 0.01150 0.01509
v 0.02414 0.01150 0.01635
v 0.02471 0.01150 0.01756
v 0.02469 0.01350 -0.01748
v 0.02410 0.01350 -0.01607
v 0.02437 0.01350 -0.01514
v 0.02501 0.01350 0.01434
v 0.02454 0.01350 0.01482
v 0.02415 0.01350 0.01640
v 0.02446 0.01350 0.01719
v 0.02463 0.01550 -0.01986
v 0.02463 0.01550 -0.01228
v 0.02463 0.01550 0.01228
v 0.02463 0.01550 0.01986
v 0.02507 0.01550 0.03173
v 0.02620 -0.02670 -0.02017
v 0.02620 -0.02670 -0.01197
v 0.02542 -0.02670 -0.00878
v 0.02532 -0.02670 0.00880
v 0.02620 -0.02670 0.01197
v 0.02620 -0.02670 0.02017
v 0.02585 -0.02470 -0.01811
v 0.02590 -0.02470 -0.01402
v 0.02585 -0.02470 0.01403
v 0.02590 -0.02470 0.01812
v 0.02601 -0.02050 -0.02624
v 0.02621 -0.02050 -0.02322
v 0.02624 -0.02050 -0.02208
v 0.02597 -0.02070 -0.01816
v 0.02554 -0.02070 -0.01408
v 0.02544 -0.02050 -0.01208
v 0.02541 -0.02070 -0.00878
v 0.02602 -0.02050 -0.00444
v 0.02614 -0.02050 0.00456
v 0.02532 -0.02070 0.00880
v 0.02595 -0.02050 0.01179
v 0.02597 -0.02070 0.01398
v 0.02622 -0.02050 0.01607
v 0.02554 -0.02070 0.01807
v 0.02638 -0.02050 0.02155
v 0.02618 -0.02050 0.02260
v 0.02630 -0.02050 0.02364
v 0.02523 -0.02050 0.02504
v 0.02599 -0.01950 -0.02797
v 0.02550 -0.02000 -0.01149
v 0.02588 -0.02000 -0.00502
v 0.02532 -0.02000 0.00450
v 0.02631 -0.02000 0.00570
v 0.02626 -0.02000 0.01083
v 0.02635 -0.01950 0.02847
v 0.02550 -0.01900 -0.01149
v 0.02588 -0.01900 -0.00502
v 0.02532 -0.01900 0.00450
v 0.02627 -0.01900 0.00561
v 0.02626 -0.01900 0.01083
v 0.02599 0.01050 -0.02797
v 0.02635 0.01050 0.02847
v 0.02592 0.01150 -0.02611
v 0.02597 0.01150 -0.01816
v 0.02554 0.01150 -0.01408
v 0.02528 0.01150 -0.01271
v 0.02528 0.01150 0.01271
v 0.02597 0.01150 0.01398
v 0.02554 0.01150 0.01807
v 0.02592 0.01150 0.02611
v 0.02582 0.01350 -0.01811
v 0.02584 0.01350 -0.01403
v 0.02582 0.01350 0.01404
v 0.02584 0.01350 0.01811
v 0.02620 0.01550 -0.02017
v 0.02620 0.01550 -0.01197
v 0.02620 0.01550 0.01197
v 0.02620 0.01550 0.02017
v 0.02751 -0.03200 -0.00065
v 0.02758 -0.03200 0.00242
v 0.02707 -0.02670 -0.03410
v 0.02703 -0.02670 -0.00892
v 0.02692 -0.02670 0.00892
v 0.02686 -0.02470 -0.01807
v 0.02691 -0.02470 -0.01414
v 0.02686 -0.02470 0.01408
v 0.02738 -0.02470 0.01780
v 0.02674 -0.02470 0.01808
v 0.02679 -0.02070 -0.03076
v 0.02713 -0.02050 -0.02784
v 0.02664 -0.02050 -0.02445
v 0.02656 -0.02050 -0.02113
v 0.02714 -0.02050 -0.02030
v 0.02686 -0.02070 -0.01807
v 0.02681 -0.02050 -0.01581
v 0.02707 -0.02063 -0.01415
v 0.02648 -0.02050 -0.01134
v 0.02719 -0.02050 -0.01025
v 0.02717 -0.02060 -0.00905
v 0.02738 -0.02050 -0.00817
v 0.02701 -0.02050 -0.00622
v 0.02663 -0.02050 -0.00522
v 0.02732 -0.02050 -0.00155
v 0.02758 -0.02050 0.00242
v 0.02681 -0.02050 0.00560
v 0.02703 -0.02050 0.00636
v 0.02738 -0.02050 0.00817
v 0.02715 -0.02058 0.00913
v 0.02719 -0.02050 0.01025
v 0.02664 -0.02050 0.01116
v 0.02686 -0.02070 0.01408
v 0.02738 -0.02070 0.01780
v 0.02642 -0.02070 0.01816
v 0.02755 -0.02050 0.01994
v 0.02691 -0.02050 0.02058
v 0.02673 -0.02050 0.02461
v 0.02748 -0.02050 0.02831
v 0.02665 -0.02070 0.03057
v 0.02704 -0.01950 -0.02938
v 0.02715 -0.02000 -0.02434
v 0.02681 -0.02000 -0.02351
v 0.02671 -0.02000 -0.02228
v 0.02706 -0.02000 -0.02124
v 0.02660 -0.02000 -0.01030
v 0.02695 -0.02000 -0.00915
v 0.02679 -0.02000 -0.00779
v 0.02651 -0.02000 -0.00631
v 0.02654 -0.02000 0.00645
v 0.02681 -0.02000 0.00790
v 0.02685 -0.02000 0.00972
v 0.02691 -0.02000 0.02156
v 0.02669 -0.02000 0.02298
v 0.02715 -0.02000 0.02434
v 0.02682 -0.01950 0.02910
v 0.02715 -0.01900 -0.02434
v 0.02695 -0.01900 -0.02397
v 0.02668 -0.01900 -0.02253
v 0.02706 -0.01900 -0.02124
v 0.02648 -0.01900 -0.01054
v 0.02695 -0.01900 -0.00915
v 0.02680 -0.01900 -0.00783
v 0.02651 -0.01900 -0.00631
v 0.02654 -0.01900 0.00645
v 0.02680 -0.01900 0.00782
v 0.02685 -0.01900 0.00972
v 0.02691 -0.01900 0.02156
v 0.02669 -0.01900 0.02298
v 0.02715 -0.01900 0.02434
v 0.02738 0.01010 -0.02233
v 0.02719 0.01010 -0.02094
v 0.02752 0.01010 0.02008
v 0.02713 0.01010 0.02095
v 0.02727 0.01010 0.02209
v 0.02680 0.01150 -0.03076
v 0.02702 0.01133 -0.02235
v 0.02697 0.01117 -0.02111
v 0.02702 0.01150 -0.01999
v 0.02686 0.01150 -0.01807
v 0.02684 0.01150 -0.01414
v 0.02686 0.01150 0.01408
v 0.02738 0.01150 0.01780
v 0.02642 0.01150 0.01816
v 0.02735 0.01127 0.01986
v 0.02682 0.01133 0.02093
v 0.02713 0.01119 0.02223
v 0.02667 0.01150 0.03061
v 0.02686 0.01350 -0.01807
v 0.02697 0.01350 -0.01416
v 0.02686 0.01350 0.01408
v 0.02738 0.01350 0.01780
v 0.02677 0.01350 0.01807
v 0.02707 0.01550 -0.03410
v 0.02696 0.01550 -0.00546
v 0.02650 0.01550 -0.00000
v 0.02687 0.01550 0.00527
v 0.02729 0.01550 0.00602
v 0.02695 0.01750 -0.00543
v 0.02650 0.01750 -0.00000
v 0.02687 0.01750 0.00525
v 0.02729 0.01750 0.00602
v 0.02851 -0.03300 -0.00063
v 0.02869 -0.03300 0.00368
v 0.02879 -0.03200 -0.00976
v 0.02768 -0.03200 -0.00372
v 0.02848 -0.03200 0.00850
v 0.02776 -0.02670 -0.01986
v 0.02776 -0.02670 -0.01228
v 0.02812 -0.02670 -0.00963
v 0.02801 -0.02670 0.00952
v 0.02879 -0.02670 0.01069
v 0.02776 -0.02670 0.01228
v 0.02776 -0.02670 0.01986
v 0.02789 -0.02470 -0.01725
v 0.02826 -0.02470 -0.01629
v 0.02788 -0.02470 -0.01486
v 0.02797 -0.02470 0.01505
v 0.02830 -0.02470 0.01607
v 0.02788 -0.02470 0.01728
v 0.02832 -0.02050 -0.02679
v 0.02803 -0.02050 -0.01963
v 0.02768 -0.02070 -0.01756
v 0.02825 -0.02070 -0.01637
v 0.02805 -0.02070 -0.01509
v 0.02851 -0.02058 -0.00971
v 0.02768 -0.02050 -0.00372
v 0.02830 -0.02058 0.00889
v 0.02879 -0.02070 0.01069
v 0.02796 -0.02070 0.01506
v 0.02830 -0.02070 0.01607
v 0.02805 -0.02070 0.01705
v 0.02809 -0.02050 0.01958
v 0.02804 -0.02050 0.02653
v 0.02805 -0.02000 -0.02568
v 0.02804 -0.02000 -0.02020
v 0.02816 -0.02000 0.02017
v 0.02808 -0.02000 0.02572
v 0.02811 -0.01900 -0.02577
v 0.02804 -0.01900 -0.02020
v 0.02779 -0.01900 0.02039
v 0.02811 -0.01900 0.02576
v 0.02790 0.01050 -0.03045
v 0.02793 0.01010 -0.01972
v 0.02816 0.01010 0.01954
v 0.02867 0.01150 -0.02982
v 0.02789 0.01100 -0.01975
v 0.02792 0.01150 -0.01910
v 0.02768 0.01150 -0.01756
v 0.02827 0.01150 -0.01626
v 0.02805 0.01150 -0.01509
v 0.02792 0.01150 0.01499
v 0.02830 0.01150 0.01607
v 0.02805 0.01150 0.01705
v 0.02792 0.01150 0.01910
v 0.02816 0.01100 0.01954
v 0.02867 0.01150 0.02982
v 0.02793 0.01350 -0.01719
v 0.02825 0.01350 -0.01640
v 0.02785 0.01350 -0.01482
v 0.02803 0.01350 0.01514
v 0.02830 0.01350 0.01607
v 0.02785 0.01350 0.01733
v 0.02776 0.01550 -0.01986
v 0.02776 0.01550 -0.01228
v 0.02816 0.01550 -0.00637
v 0.02837 0.01550 0.00641
v 0.02776 0.01550 0.01228
v 0.02776 0.01550 0.01986
v 0.02825 0.01750 -0.00639
v 0.02832 0.01750 0.00641
v 0.02967 -0.03300 -0.00917
v 0.02884 -0.03300 -0.00494
v 0.02937 -0.03300 0.00794
v 0.02961 -0.03200 0.01241
v 0.02961 -0.03100 0.01241
v 0.02940 -0.02670 -0.02498
v 0.02923 -0.02670 -0.02348
v 0.02909 -0.02670 -0.01897
v 0.02998 -0.02670 -0.01764
v 0.02998 -0.02670 -0.01450
v 0.02909 -0.02670 -0.01317
v 0.02885 -0.02670 -0.01086
v 0.02885 -0.02670 0.01086
v 0.02909 -0.02670 0.01317
v 0.02998 -0.02670 0.01450
v 0.02998 -0.02670 0.01764
v 0.02909 -0.02670 0.01897
v 0.02980 -0.02670 0.02245
v 0.02924 -0.02670 0.02326
v 0.02932 -0.02670 0.02471
v 0.02960 -0.02670 0.03672
v 0.02962 -0.02050 -0.03094
v 0.02954 -0.02050 -0.02764
v 0.02940 -0.02070 -0.02497
v 0.02928 -0.02070 -0.02333
v 0.02956 -0.02050 -0.01925
v 0.02885 -0.02070 -0.01086
v 0.02885 -0.02070 0.01086
v 0.02952 -0.02050 0.01922
v 0.02980 -0.02070 0.02245
v 0.02924 -0.02070 0.02326
v 0.02928 -0.02070 0.02459
v 0.02893 -0.02050 0.02734
v 0.02982 -0.02050 0.03117
v 0.02887 -0.01950 -0.03160
v 0.02955 -0.02000 -0.02711
v 0.02910 -0.02000 -0.01979
v 0.02895 -0.02000 0.01981
v 0.02916 -0.02000 0.02690
v 0.02916 -0.01950 0.03193
v 0.02921 -0.01879 -0.03198
v 0.02945 -0.01900 -0.02706
v 0.02940 -0.01900 -0.01973
v 0.02895 -0.01900 0.01981
v 0.02916 -0.01900 0.02690
v 0.02950 -0.01879 0.03230
v 0.02921 -0.01750 -0.03198
v 0.02950 -0.01750 0.03230
v 0.02962 0.01150 -0.02658
v 0.02980 0.01150 0.02245
v 0.02924 0.01150 0.02326
v 0.02932 0.01150 0.02471
v 0.02960 0.01150 0.02655
v 0.02909 0.01550 -0.01897
v 0.02998 0.01550 -0.01764
v 0.02998 0.01550 -0.01450
v 0.02909 0.01550 -0.01317
v 0.02909 0.01550 0.01317
v 0.02998 0.01550 0.01450
v 0.02998 0.01550 0.01764
v 0.02909 0.01550 0.01897
v 0.02980 0.01550 0.02245
v 0.02924 0.01550 0.02326
v 0.02929 0.01550 0.02462
v 0.02960 0.01550 0.03672
v 0.03100 -0.03300 -0.01327
v 0.03055 -0.03300 0.01206
v 0.03087 -0.03200 -0.01554
v 0.03007 -0.03200 -0.01364
v 0.03120 -0.03200 0.01372
v 0.03114 -0.03200 0.01611
v 0.03082 -0.03100 0.01401
v 0.03064 -0.03100 0.01503
v 0.03114 -0.03100 0.01611
v 0.03045 -0.02670 -0.02201
v 0.03030 -0.02670 -0.01607
v 0.03012 -0.02670 -0.01445
v 0.03012 -0.02670 0.01445
v 0.03030 -0.02670 0.01607
v 0.03052 -0.02670 0.02197
v 0.03088 -0.02670 0.02698
v 0.03049 -0.02050 -0.02786
v 0.03035 -0.02070 -0.02207
v 0.03082 -0.02050 -0.01942
v 0.03053 -0.02059 -0.01504
v 0.03035 -0.02050 0.01435
v 0.03045 -0.02058 0.01481
v 0.03062 -0.02050 0.01935
v 0.03059 -0.02070 0.02192
v 0.03088 -0.02070 0.02698
v 0.03014 -0.02050 0.02782
v 0.03111 -0.02050 0.02969
v 0.03011 -0.02000 -0.03118
v 0.03052 -0.02000 -0.02734
v 0.03082 -0.02000 -0.01995
v 0.03031 -0.02000 0.01979
v 0.03052 -0.02000 0.02737
v 0.03030 -0.02000 0.03139
v 0.03085 -0.01900 -0.02738
v 0.03082 -0.01900 -0.01995
v 0.03031 -0.01900 0.01979
v 0.03052 -0.01900 0.02737
v 0.03044 -0.01750 -0.03331
v 0.03087 -0.01750 0.03375
v 0.03044 0.01050 -0.03331
v 0.03002 0.01010 -0.02628
v 0.03089 0.01010 -0.00746
v 0.03009 0.01010 -0.00044
v 0.03072 0.01010 0.00659
v 0.03000 0.01010 0.02625
v 0.03087 0.01050 0.03375
v 0.03061 0.01150 -0.02664
v 0.03013 0.01127 -0.02600
v 0.03029 0.01150 -0.02480
v 0.03091 0.01150 -0.02388
v 0.03066 0.01150 0.01275
v 0.03021 0.01150 0.01359
v 0.03025 0.01150 0.01472
v 0.03100 0.01150 0.01640
v 0.03052 0.01150 0.02197
v 0.03000 0.01100 0.02625
v 0.03088 0.01150 0.02698
v 0.03089 0.01350 -0.00746
v 0.03009 0.01350 -0.00044
v 0.03072 0.01350 0.00659
v 0.03061 0.01550 -0.02664
v 0.03022 0.01550 -0.02576
v 0.03029 0.01550 -0.02480
v 0.03095 0.01550 -0.02386
v 0.03030 0.01550 -0.01607
v 0.03066 0.01550 0.01275
v 0.03021 0.01550 0.01359
v 0.03025 0.01550 0.01472
v 0.03057 0.01550 0.01620
v 0.03056 0.01550 0.02194
v 0.03088 0.01550 0.02698
v 0.03195 -0.03300 0.01152
v 0.03208 -0.03300 0.01576
v 0.03192 -0.03200 -0.01766
v 0.03161 -0.03200 0.01242
v 0.03147 -0.03200 0.01431
v 0.03197 -0.03200 0.01472
v 0.03195 -0.03100 0.01152
v 0.03162 -0.03100 0.01246
v 0.03147 -0.03100 0.01431
v 0.03197 -0.03100 0.01472
v 0.03190 -0.02670 -0.03880
v 0.03172 -0.02670 -0.02080
v 0.03211 -0.02670 -0.01942
v 0.03184 -0.02670 -0.01805
v 0.03176 -0.02670 -0.01788
v 0.03176 -0.02670 0.01788
v 0.03211 -0.02670 0.01927
v 0.03179 -0.02670 0.02067
v 0.03147 -0.02070 -0.03580
v 0.03172 -0.02050 -0.02909
v 0.03149 -0.02050 -0.02781
v 0.03237 -0.02050 -0.02751
v 0.03172 -0.02070 -0.02080
v 0.03199 -0.02058 -0.01979
v 0.03204 -0.02058 -0.01810
v 0.03176 -0.02070 -0.01788
v 0.03176 -0.02070 0.01788
v 0.03181 -0.02059 0.01955
v 0.03205 -0.02061 0.02059
v 0.03127 -0.02070 0.02746
v 0.03135 -0.02050 0.02784
v 0.03181 -0.02050 0.02901
v 0.03130 -0.02070 0.03564
v 0.03206 -0.01950 -0.03282
v 0.03160 -0.01950 -0.03171
v 0.03185 -0.01950 -0.03039
v 0.03182 -0.02000 -0.02965
v 0.03227 -0.02000 -0.02700
v 0.03187 -0.02000 -0.02072
v 0.03145 -0.02000 -0.02030
v 0.03186 -0.02000 0.02071
v 0.03161 -0.02000 0.02725
v 0.03225 -0.01950 0.02993
v 0.03162 -0.01969 0.03043
v 0.03162 -0.01950 0.03188
v 0.03218 -0.01950 0.03294
v 0.03227 -0.01900 -0.02700
v 0.03187 -0.01900 -0.02072
v 0.03191 -0.01900 0.02077
v 0.03195 -0.01900 0.02715
v 0.03206 -0.01750 -0.03282
v 0.03159 -0.01750 -0.03160
v 0.03185 -0.01750 -0.03039
v 0.03182 -0.01750 -0.02965
v 0.03225 -0.01750 0.02993
v 0.03158 -0.01750 0.03030
v 0.03162 -0.01750 0.03188
v 0.03218 -0.01750 0.03294
v 0.03162 0.01010 -0.01024
v 0.03162 0.01010 0.01024
v 0.03147 0.01150 -0.03580
v 0.03177 0.01150 -0.03323
v 0.03169 0.01123 -0.01046
v 0.03171 0.01127 0.01050
v 0.03146 0.01150 0.01221
v 0.03176 0.01150 0.01788
v 0.03211 0.01150 0.01927
v 0.03179 0.01150 0.02067
v 0.03177 0.01150 0.03323
v 0.03130 0.01150 0.03564
v 0.03190 0.01550 -0.03880
v 0.03146 0.01550 0.01221
v 0.03176 0.01550 0.01788
v 0.03211 0.01550 0.01927
v 0.03179 0.01550 0.02067
v 0.03280 -0.03300 -0.01719
v 0.03278 -0.03300 0.01140
v 0.03340 -0.03300 0.01525
v 0.03275 -0.03200 0.01190
v 0.03339 -0.03200 0.01208
v 0.03292 -0.03200 0.01484
v 0.03338 -0.03200 0.02017
v 0.03276 -0.03100 0.01165
v 0.03339 -0.03100 0.01208
v 0.03320 -0.03100 0.01505
v 0.03343 -0.02670 -0.02992
v 0.03343 -0.02070 -0.02992
v 0.03298 -0.02050 -0.02833
v 0.03323 -0.02050 -0.02690
v 0.03262 -0.02050 -0.02082
v 0.03338 -0.02050 0.02017
v 0.03262 -0.02050 0.02082
v 0.03308 -0.02050 0.02697
v 0.03313 -0.02050 0.02853
v 0.03307 -0.01950 -0.03584
v 0.03312 -0.01950 -0.03338
v 0.03292 -0.01972 -0.02938
v 0.03339 -0.02000 -0.02586
v 0.03295 -0.02000 -0.02222
v 0.03306 -0.02000 0.02238
v 0.03357 -0.02000 0.02323
v 0.03340 -0.02000 0.02582
v 0.03268 -0.02000 0.02672
v 0.03283 -0.01987 0.02922
v 0.03293 -0.01950 0.03337
v 0.03340 -0.01950 0.03613
v 0.03270 -0.01879 -0.03550
v 0.03324 -0.01900 -0.02614
v 0.03298 -0.01900 -0.02226
v 0.03311 -0.01900 0.02244
v 0.03356 -0.01900 0.02555
v 0.03268 -0.01900 0.02672
v 0.03302 -0.01879 0.03579
v 0.03270 -0.01750 -0.03550
v 0.03312 -0.01750 -0.03338
v 0.03287 -0.01750 -0.02936
v 0.03279 -0.01750 0.02928
v 0.03293 -0.01750 0.03337
v 0.03302 -0.01750 0.03579
v 0.03340 0.01010 -0.03014
v 0.03307 0.01010 -0.02991
v 0.03307 0.01010 0.02991
v 0.03340 0.01010 0.03014
v 0.03323 0.01127 -0.03033
v 0.03307 0.01100 -0.02991
v 0.03309 0.01150 -0.01417
v 0.03341 0.01150 0.01150
v 0.03274 0.01150 0.01336
v 0.03307 0.01100 0.02991
v 0.03322 0.01130 0.03037
v 0.03309 0.01350 -0.01417
v 0.03274 0.01350 0.01336
v 0.03341 0.01550 0.01150
v 0.03450 -0.03249 -0.02095
v 0.03370 -0.03300 0.01168
v 0.03444 -0.03300 0.01249
v 0.03457 -0.03300 0.01382
v 0.03392 -0.03300 0.01495
v 0.03411 -0.03300 0.01944
v 0.03395 -0.03200 -0.02103
v 0.03399 -0.03200 0.01277
v 0.03389 -0.03200 0.01420
v 0.03411 -0.03100 -0.02127
v 0.03370 -0.03100 0.01168
v 0.03414 -0.03100 0.01268
v 0.03428 -0.03100 0.01389
v 0.03392 -0.03100 0.01495
v 0.03475 -0.02670 0.04106
v 0.03383 -0.02050 -0.03518
v 0.03404 -0.02050 -0.02851
v 0.03393 -0.02050 -0.02593
v 0.03427 -0.02050 -0.02487
v 0.03419 -0.02050 -0.02360
v 0.03365 -0.02050 -0.02235
v 0.03387 -0.02050 -0.02091
v 0.03374 -0.02050 0.02247
v 0.03404 -0.02050 0.02304
v 0.03430 -0.02050 0.02429
v 0.03412 -0.02050 0.02550
v 0.03443 -0.02050 0.02861
v 0.03406 -0.02050 0.03538
v 0.03413 -0.01950 -0.03676
v 0.03361 -0.02000 -0.03470
v 0.03430 -0.01950 -0.03331
v 0.03448 -0.01988 -0.02929
v 0.03376 -0.02000 -0.02488
v 0.03364 -0.02000 -0.02342
v 0.03379 -0.02000 0.02411
v 0.03417 -0.01992 0.02917
v 0.03420 -0.01950 0.03330
v 0.03382 -0.02000 0.03489
v 0.03376 -0.01900 -0.02488
v 0.03364 -0.01900 -0.02342
v 0.03379 -0.01900 0.02411
v 0.03430 -0.01750 -0.03331
v 0.03442 -0.01750 -0.02934
v 0.03406 -0.01750 0.02922
v 0.03420 -0.01750 0.03330
v 0.03477 0.01010 -0.03121
v 0.03438 0.01010 -0.03062
v 0.03416 0.01010 -0.01636
v 0.03416 0.01010 0.01636
v 0.03413 0.01010 0.03039
v 0.03478 0.01010 0.03128
v 0.03454 0.01143 -0.03156
v 0.03418 0.01122 -0.03068
v 0.03403 0.01127 -0.01612
v 0.03475 0.01150 -0.00555
v 0.03425 0.01150 -0.00034
v 0.03464 0.01150 0.00487
v 0.03467 0.01150 0.01062
v 0.03406 0.01120 0.01618
v 0.03418 0.01122 0.03066
v 0.03455 0.01133 0.03155
v 0.03476 0.01550 -0.03127
v 0.03474 0.01550 -0.00545
v 0.03472 0.01550 0.00534
v 0.03467 0.01550 0.01062
v 0.03475 0.01550 0.04106
v 0.03472 0.01750 -0.00534
v 0.03425 0.01750 -0.00034
v 0.03466 0.01750 0.00499
v 0.03489 -0.03300 -0.02063
v 0.03597 -0.03300 -0.01976
v 0.03579 -0.03200 -0.02172
v 0.03575 -0.03200 -0.02106
v 0.03579 -0.03100 -0.02172
v 0.03575 -0.03100 -0.02106
v 0.03597 -0.03100 -0.01976
v 0.03508 -0.02670 0.03157
v 0.03574 -0.02050 -0.03678
v 0.03531 -0.02050 -0.03389
v 0.03588 -0.02050 -0.03333
v 0.03556 -0.02050 -0.02930
v 0.03520 -0.02050 -0.02276
v 0.03569 -0.02050 0.02942
v 0.03508 -0.02070 0.03157
v 0.03572 -0.02050 0.03352
v 0.03562 -0.01950 -0.03796
v 0.03549 -0.01990 -0.03276
v 0.03573 -0.01977 -0.03203
v 0.03548 -0.01968 -0.03065
v 0.03553 -0.02000 -0.02996
v 0.03495 -0.01970 0.02978
v 0.03569 -0.01985 0.03054
v 0.03552 -0.01950 0.03173
v 0.03545 -0.01988 0.03282
v 0.03562 -0.01950 0.03796
v 0.03525 -0.01750 -0.03300
v 0.03573 -0.01750 -0.03203
v 0.03548 -0.01750 -0.03067
v 0.03553 -0.01750 -0.02996
v 0.03497 -0.01750 0.02971
v 0.03566 -0.01750 0.03058
v 0.03552 -0.01750 0.03173
v 0.03545 -0.01750 0.03276
v 0.03562 0.01050 -0.03796
v 0.03501 0.01010 -0.03182
v 0.03498 0.01010 0.03179
v 0.03518 0.01150 -0.03633
v 0.03494 0.01100 -0.03171
v 0.03528 0.01150 0.00791
v 0.03531 0.01150 0.00934
v 0.03500 0.01114 0.03171
v 0.03518 0.01150 0.03633
v 0.03528 0.01550 0.00791
v 0.03531 0.01550 0.00934
v 0.03508 0.01550 0.03157
v 0.03669 -0.03300 -0.01944
v 0.03660 -0.03300 0.02293
v 0.03656 -0.03200 -0.02444
v 0.03661 -0.03200 -0.02261
v 0.03601 -0.03200 -0.02044
v 0.03692 -0.03200 -0.01988
v 0.03710 -0.03200 0.02506
v 0.03656 -0.03100 -0.02444
v 0.03657 -0.03100 -0.02258
v 0.03601 -0.03100 -0.02044
v 0.03678 -0.03100 -0.01966
v 0.03658 -0.02070 -0.03998
v 0.03623 -0.02050 -0.03716
v 0.03712 -0.02050 -0.03407
v 0.03631 -0.02050 -0.03261
v 0.03653 -0.02050 -0.03170
v 0.03641 -0.02050 -0.03062
v 0.03710 -0.02050 0.02506
v 0.03642 -0.02050 0.03077
v 0.03648 -0.02050 0.03201
v 0.03621 -0.02050 0.03282
v 0.03712 -0.02050 0.03434
v 0.03716 -0.02050 0.03787
v 0.03640 -0.02070 0.03985
v 0.03693 -0.01950 -0.03894
v 0.03602 -0.02000 0.03170
v 0.03611 -0.01950 0.03833
v 0.03602 -0.01750 0.03170
v 0.03660 0.01010 -0.02031
v 0.03609 0.01010 0.01958
v 0.03611 0.01050 0.03833
v 0.03658 0.01150 -0.03998
v 0.03613 0.01150 -0.01059
v 0.03640 0.01150 0.03985
v 0.03660 0.01350 -0.02031
v 0.03609 0.01350 0.01958
v 0.03613 0.01550 -0.01059
v 0.03733 -0.03300 -0.02381
v 0.03800 -0.03300 -0.01946
v 0.03770 -0.03200 -0.02571
v 0.03780 -0.03200 -0.02266
v 0.03813 -0.03200 -0.02014
v 0.03776 -0.03100 -0.02267
v 0.03805 -0.03100 -0.01989
v 0.03730 -0.02670 -0.04282
v 0.03756 -0.02670 -0.03830
v 0.03802 -0.02670 -0.03412
v 0.03823 -0.02050 -0.03676
v 0.03743 -0.02050 -0.03556
v 0.03778 -0.02070 -0.03393
v 0.03733 -0.02050 -0.03302
v 0.03779 -0.02050 -0.03214
v 0.03817 -0.02050 -0.03094
v 0.03770 -0.02050 -0.02571
v 0.03833 -0.02050 0.03155
v 0.03741 -0.02050 0.03291
v 0.03749 -0.02070 0.03370
v 0.03733 -0.02050 0.03539
v 0.03782 -0.02050 0.03631
v 0.03788 -0.02000 -0.03542
v 0.03762 -0.02000 -0.03435
v 0.03790 -0.02000 -0.03300
v 0.03829 -0.02000 -0.03231
v 0.03834 -0.02000 0.03224
v 0.03800 -0.02000 0.03273
v 0.03762 -0.02000 0.03415
v 0.03789 -0.02000 0.03545
v 0.03788 -0.01900 -0.03542
v 0.03762 -0.01900 -0.03435
v 0.03789 -0.01900 -0.03295
v 0.03829 -0.01900 -0.03231
v 0.03800 -0.01900 0.03273
v 0.03762 -0.01900 0.03415
v 0.03794 -0.01900 0.03555
v 0.03833 0.01050 -0.03991
v 0.03833 0.01050 0.03991
v 0.03746 0.01150 -0.01928
v 0.03834 0.01150 -0.01533
v 0.03730 0.01550 -0.04282
v 0.03746 0.01550 -0.01928
v 0.03834 0.01550 -0.01533
v 0.03850 -0.03300 -0.02286
v 0.03904 -0.03300 -0.02216
v 0.03915 -0.03300 -0.02097
v 0.03854 -0.03300 -0.01979
v 0.03949 -0.03300 0.02610
v 0.03850 -0.03200 -0.02211
v 0.03869 -0.03200 -0.02118
v 0.03879 -0.03200 0.02682
v 0.03850 -0.03100 -0.02286
v 0.03876 -0.03100 -0.02216
v 0.03894 -0.03100 -0.02112
v 0.03854 -0.03100 -0.01979
v 0.03947 -0.02050 -0.03946
v 0.03847 -0.02050 -0.03696
v 0.03856 -0.02050 -0.03137
v 0.03952 -0.02050 -0.03088
v 0.03946 -0.02050 0.02774
v 0.03918 -0.02050 0.03101
v 0.03859 -0.02050 0.03705
v 0.03875 -0.02050 0.03899
v 0.03877 -0.02000 -0.03656
v 0.03947 -0.02000 -0.03143
v 0.03886 -0.02000 0.03176
v 0.03888 -0.02000 0.03664
v 0.03873 -0.01950 0.04017
v 0.03877 -0.01900 -0.03656
v 0.03947 -0.01900 -0.03143
v 0.03886 -0.01900 0.03176
v 0.03888 -0.01900 0.03664
v 0.03875 0.01010 -0.03500
v 0.03872 0.01010 0.03498
v 0.03889 0.01150 -0.03908
v 0.03884 0.01132 -0.03514
v 0.03845 0.01150 -0.01811
v 0.03874 0.01150 -0.01671
v 0.03857 0.01125 0.03518
v 0.03889 0.01150 0.03908
v 0.03927 0.01550 -0.03507
v 0.03845 0.01550 -0.01811
v 0.03874 0.01550 -0.01671
v 0.04030 -0.03300 -0.02687
v 0.03962 -0.03200 -0.02760
v 0.04034 -0.02670 -0.03569
v 0.04000 -0.02670 0.03558
v 0.04043 -0.02670 0.04469
v 0.04039 -0.02050 -0.03827
v 0.04029 -0.02070 -0.03568
v 0.04058 -0.02050 -0.03070
v 0.04035 -0.02050 0.03059
v 0.04003 -0.02070 0.03561
v 0.04039 -0.02050 0.03827
v 0.04046 -0.02050 0.04008
v 0.04011 -0.01950 -0.04104
v 0.04018 -0.02000 -0.03753
v 0.03984 -0.02000 -0.03130
v 0.04012 -0.02000 0.03124
v 0.04017 -0.02000 0.03753
v 0.04027 -0.01900 -0.03759
v 0.04012 -0.01900 0.03124
v 0.04024 -0.01900 0.03758
v 0.04063 0.01010 0.02500
v 0.04038 0.01150 -0.03571
v 0.04003 0.01150 0.03560
v 0.04063 0.01350 0.02500
v 0.04038 0.01550 -0.03571
v 0.04002 0.01550 0.03560
v 0.04043 0.01550 0.04469
v 0.04157 -0.03200 0.02928
v 0.04174 -0.02670 -0.03576
v 0.04111 -0.02670 0.03588
v 0.04135 -0.02050 -0.03870
v 0.04174 -0.02070 -0.03576
v 0.04156 -0.02050 -0.03083
v 0.04157 -0.02050 0.02928
v 0.04128 -0.02050 0.03076
v 0.04111 -0.02070 0.03588
v 0.04140 -0.02050 0.03871
v 0.04116 -0.01950 -0.04166
v 0.04089 -0.02000 -0.03121
v 0.04158 -0.02000 0.03136
v 0.04103 -0.02000 0.03805
v 0.04199 -0.01950 0.04212
v 0.04089 -0.01900 -0.03121
v 0.04158 -0.01900 0.03136
v 0.04103 -0.01900 0.03805
v 0.04141 0.01050 -0.04180
v 0.04127 0.01010 -0.02561
v 0.04195 0.01050 0.04210
v 0.04174 0.01150 -0.03576
v 0.04111 0.01150 0.03588
v 0.04127 0.01350 -0.02561
v 0.04174 0.01550 -0.03576
v 0.04111 0.01550 0.03588
v 0.04273 -0.03300 0.02891
v 0.04227 -0.03200 -0.02982
v 0.04319 -0.02670 -0.04610
v 0.04264 -0.02670 -0.03507
v 0.04316 -0.02670 -0.03427
v 0.04316 -0.02670 0.03427
v 0.04226 -0.02670 0.03540
v 0.04221 -0.02070 -0.04344
v 0.04289 -0.02050 -0.04148
v 0.04236 -0.02050 -0.03882
v 0.04263 -0.02070 -0.03510
v 0.04316 -0.02070 -0.03427
v 0.04253 -0.02050 -0.03126
v 0.04227 -0.02050 -0.02982
v 0.04230 -0.02050 0.03113
v 0.04265 -0.02050 0.03135
v 0.04316 -0.02070 0.03427
v 0.04233 -0.02070 0.03534
v 0.04250 -0.02050 0.03882
v 0.04201 -0.02070 0.04333
v 0.04237 -0.02000 -0.03830
v 0.04259 -0.02000 -0.03192
v 0.04278 -0.02000 0.03205
v 0.04247 -0.02000 0.03832
v 0.04202 -0.01900 -0.03831
v 0.04252 -0.01900 -0.03187
v 0.04274 -0.01900 0.03202
v 0.04247 -0.01900 0.03832
v 0.04281 0.01010 -0.03769
v 0.04267 0.01010 0.03762
v 0.04221 0.01150 -0.04344
v 0.04284 0.01150 -0.04145
v 0.04272 0.01117 -0.03783
v 0.04264 0.01150 -0.03508
v 0.04316 0.01150 -0.03427
v 0.04316 0.01150 0.03427
v 0.04230 0.01150 0.03537
v 0.04254 0.01127 0.03786
v 0.04284 0.01150 0.04145
v 0.04201 0.01150 0.04333
v 0.04319 0.01550 -0.04610
v 0.04264 0.01550 -0.03508
v 0.04316 0.01550 -0.03427
v 0.04316 0.01550 0.03427
v 0.04232 0.01550 0.03535
v 0.04362 -0.03300 -0.02958
v 0.04327 -0.02670 -0.03412
v 0.04433 -0.02670 -0.03321
v 0.04420 -0.02670 0.03328
v 0.04329 -0.02050 -0.03868
v 0.04428 -0.02050 -0.03820
v 0.04327 -0.02070 -0.03412
v 0.04433 -0.02070 -0.03321
v 0.04418 -0.02050 -0.03238
v 0.04418 -0.02050 0.03238
v 0.04420 -0.02070 0.03328
v 0.04358 -0.02050 0.03858
v 0.04393 -0.02050 0.04201
v 0.04421 -0.01950 -0.04326
v 0.04345 -0.02000 -0.03809
v 0.04390 -0.02000 -0.03280
v 0.04390 -0.02000 0.03280
v 0.04376 -0.02000 0.03794
v 0.04342 -0.01950 0.04287
v 0.04345 -0.01900 -0.03809
v 0.04390 -0.01900 -0.03280
v 0.04390 -0.01900 0.03280
v 0.04376 -0.01900 0.03794
v 0.04404 0.01010 -0.03787
v 0.04347 0.01010 0.03789
v 0.04393 0.01133 -0.03819
v 0.04327 0.01150 -0.03412
v 0.04433 0.01150 -0.03321
v 0.04420 0.01150 0.03328
v 0.04376 0.01132 0.03818
v 0.04414 0.01369 -0.00239
v 0.04400 0.01400 0.00000
v 0.04412 0.01368 0.00220
v 0.04327 0.01550 -0.03412
v 0.04433 0.01550 -0.03321
v 0.04420 0.01550 0.03328
v 0.04514 -0.02670 -0.04037
v 0.04483 -0.02670 -0.03880
v 0.04514 -0.02670 -0.03723
v 0.04558 -0.02670 0.03289
v 0.04514 -0.02670 0.03723
v 0.04483 -0.02670 0.03880
v 0.04514 -0.02670 0.04037
v 0.04476 -0.02050 -0.04242
v 0.04500 -0.02050 -0.03752
v 0.04552 -0.02050 -0.03667
v 0.04507 -0.02050 -0.03320
v 0.04527 -0.02060 0.03299
v 0.04552 -0.02050 0.03399
v 0.04525 -0.02050 0.03718
v 0.04453 -0.02050 0.03801
v 0.04457 -0.02050 0.04009
v 0.04525 -0.02050 0.04173
v 0.04481 -0.02000 -0.03689
v 0.04527 -0.02000 -0.03505
v 0.04489 -0.02000 -0.03385
v 0.04458 -0.02000 0.03340
v 0.04505 -0.02000 0.03418
v 0.04527 -0.02000 0.03560
v 0.04480 -0.02000 0.03696
v 0.04557 -0.01950 0.04389
v 0.04484 -0.01900 -0.03684
v 0.04527 -0.01900 -0.03505
v 0.04489 -0.01900 -0.03385
v 0.04458 -0.01900 0.03340
v 0.04505 -0.01900 0.03418
v 0.04527 -0.01900 0.03560
v 0.04480 -0.01900 0.03696
v 0.04492 0.01010 -0.03748
v 0.04546 0.01010 -0.03684
v 0.04537 0.01010 0.03697
v 0.04442 0.01010 0.03777
v 0.04508 0.01123 -0.03765
v 0.04546 0.01100 -0.03684
v 0.04558 0.01150 0.03289
v 0.04534 0.01100 0.03702
v 0.04493 0.01130 0.03782
v 0.04516 0.01373 -0.00687
v 0.04440 0.01400 -0.00410
v 0.04440 0.01400 0.00410
v 0.04510 0.01373 0.00669
v 0.04560 0.01375 0.00804
v 0.04514 0.01550 -0.04037
v 0.04483 0.01550 -0.03880
v 0.04514 0.01550 -0.03723
v 0.04489 0.01450 -0.00400
v 0.04450 0.01450 0.00000
v 0.04489 0.01450 0.00400
v 0.04558 0.01550 0.03289
v 0.04514 0.01550 0.03723
v 0.04483 0.01550 0.03880
v 0.04514 0.01550 0.04037
v 0.04627 -0.03300 0.03133
v 0.04667 -0.03200 0.03271
v 0.04603 -0.02670 -0.04170
v 0.04603 -0.02670 -0.03590
v 0.04573 -0.02670 -0.03289
v 0.04603 -0.02670 0.03590
v 0.04603 -0.02670 0.04170
v 0.04653 -0.02670 0.04754
v 0.04648 -0.02050 -0.04319
v 0.04578 -0.02050 -0.03548
v 0.04562 -0.02050 -0.03428
v 0.04573 -0.02070 -0.03289
v 0.04667 -0.02050 0.03271
v 0.04577 -0.02050 0.03506
v 0.04568 -0.02050 0.03616
v 0.04616 0.01010 0.02939
v 0.04590 0.01150 -0.03708
v 0.04573 0.01150 -0.03289
v 0.04590 0.01150 0.03708
v 0.04576 0.01379 -0.00842
v 0.04616 0.01350 0.02939
v 0.04603 0.01550 -0.04170
v 0.04603 0.01550 -0.03590
v 0.04573 0.01550 -0.03289
v 0.04606 0.01450 -0.00784
v 0.04606 0.01450 0.00785
v 0.04603 0.01550 0.03590
v 0.04603 0.01550 0.04170
v 0.04653 0.01550 0.04754
v 0.04723 -0.03300 -0.03188
v 0.04744 -0.03200 -0.03314
v 0.04736 -0.02670 -0.04259
v 0.04736 -0.02670 -0.03501
v 0.04712 -0.02670 -0.03324
v 0.04704 -0.02670 0.03321
v 0.04736 -0.02670 0.03501
v 0.04736 -0.02670 0.04259
v 0.04737 -0.02470 -0.04015
v 0.04683 -0.02470 -0.03880
v 0.04715 -0.02470 -0.03778
v 0.04774 -0.02470 0.03707
v 0.04724 -0.02470 0.03759
v 0.04686 -0.02470 0.03902
v 0.04724 -0.02470 0.03998
v 0.04742 -0.02050 -0.04243
v 0.04744 -0.02070 -0.04019
v 0.04683 -0.02070 -0.03880
v 0.04716 -0.02070 -0.03778
v 0.04729 -0.02059 -0.03319
v 0.04704 -0.02070 0.03321
v 0.04774 -0.02070 0.03707
v 0.04707 -0.02070 0.03782
v 0.04688 -0.02070 0.03913
v 0.04744 -0.02070 0.04029
v 0.04756 -0.02050 0.04364
v 0.04770 -0.01950 -0.04478
v 0.04769 0.01050 -0.04477
v 0.04691 0.01010 -0.02986
v 0.04701 0.01150 -0.04342
v 0.04738 0.01150 -0.04013
v 0.04683 0.01150 -0.03880
v 0.04721 0.01150 -0.03771
v 0.04712 0.01150 -0.03324
v 0.04704 0.01150 0.03321
v 0.04774 0.01150 0.03707
v 0.04707 0.01150 0.03782
v 0.04688 0.01150 0.03913
v 0.04744 0.01150 0.04029
v 0.04701 0.01150 0.04342
v 0.04742 0.01350 -0.04021
v 0.04683 0.01350 -0.03880
v 0.04710 0.01350 -0.03787
v 0.04691 0.01350 -0.02986
v 0.04754 0.01400 -0.01167
v 0.04781 0.01371 0.01206
v 0.04774 0.01350 0.03707
v 0.04727 0.01350 0.03755
v 0.04688 0.01350 0.03913
v 0.04720 0.01350 0.03992
v 0.04736 0.01550 -0.04259
v 0.04736 0.01550 -0.03501
v 0.04712 0.01550 -0.03324
v 0.04795 0.01450 -0.01139
v 0.04795 0.01450 0.01139
v 0.04704 0.01550 0.03321
v 0.04736 0.01550 0.03501
v 0.04736 0.01550 0.04259
v 0.04893 -0.02670 -0.04290
v 0.04893 -0.02670 -0.03470
v 0.04893 -0.02670 0.03470
v 0.04893 -0.02670 0.04290
v 0.04883 -0.02470 -0.04090
v 0.04813 -0.02470 -0.04074
v 0.04879 -0.02470 -0.03674
v 0.04858 -0.02470 0.03676
v 0.04827 -0.02470 0.04080
v 0.04903 -0.02470 0.04090
v 0.04826 -0.02070 -0.04610
v 0.04870 -0.02070 -0.04089
v 0.04867 -0.02070 -0.03677
v 0.04870 -0.02070 0.03671
v 0.04918 -0.02050 0.03818
v 0.04827 -0.02070 0.04080
v 0.04915 -0.02070 0.04089
v 0.04805 -0.02070 0.04603
v 0.04877 -0.01950 0.04517
v 0.04864 0.01010 -0.03084
v 0.04864 0.01010 0.03084
v 0.04827 0.01050 0.04499
v 0.04826 0.01150 -0.04610
v 0.04870 0.01150 -0.04089
v 0.04871 0.01150 -0.03676
v 0.04884 0.01123 -0.03095
v 0.04888 0.01127 0.03097
v 0.04870 0.01150 0.03671
v 0.04827 0.01150 0.04080
v 0.04915 0.01150 0.04089
v 0.04805 0.01150 0.04603
v 0.04883 0.01350 -0.04090
v 0.04813 0.01350 -0.04074
v 0.04872 0.01350 -0.03675
v 0.04805 0.01371 -0.01240
v 0.04855 0.01350 0.03677
v 0.04827 0.01350 0.04080
v 0.04903 0.01350 0.04090
v 0.04893 0.01550 -0.04290
v 0.04893 0.01550 -0.03470
v 0.04867 0.01450 -0.00326
v 0.04813 0.01450 -0.00207
v 0.04860 0.01450 -0.00078
v 0.04893 0.01550 0.03470
v 0.04893 0.01550 0.04290
v 0.04862 0.01720 -0.00319
v 0.04813 0.01720 -0.00207
v 0.04863 0.01720 -0.00074
v 0.05007 -0.03300 0.03331
v 0.04967 -0.03200 0.03422
v 0.04946 -0.02670 -0.04857
v 0.04945 -0.02670 0.03440
v 0.04959 -0.02470 -0.04080
v 0.04988 -0.02470 -0.03695
v 0.04959 -0.02470 0.03681
v 0.04988 -0.02470 0.04066
v 0.05019 -0.02050 -0.04461
v 0.04959 -0.02070 -0.04080
v 0.05006 -0.02059 -0.03655
v 0.05034 -0.02050 -0.03539
v 0.04945 -0.02070 0.03440
v 0.04959 -0.02070 0.03681
v 0.04994 -0.02056 0.04005
v 0.04932 -0.02050 0.04431
v 0.04995 -0.01950 -0.04558
v 0.04959 0.01150 -0.04080
v 0.05011 0.01150 -0.03707
v 0.04959 0.01150 0.03681
v 0.05011 0.01150 0.04053
v 0.04959 0.01350 -0.04080
v 0.04990 0.01350 -0.03696
v 0.05015 0.01400 -0.01485
v 0.05015 0.01400 0.01485
v 0.04959 0.01350 0.03681
v 0.04990 0.01350 0.04065
v 0.04946 0.01550 -0.04857
v 0.04979 0.01450 -0.00393
v 0.04987 0.01450 0.00002
v 0.04979 0.01720 -0.00393
v 0.04987 0.01720 0.00002
v 0.05110 -0.03300 -0.03375
v 0.05072 -0.03200 -0.03467
v 0.05049 -0.02670 -0.04259
v 0.05049 -0.02670 -0.03501
v 0.05049 -0.02670 0.03501
v 0.05049 -0.02670 0.04259
v 0.05062 -0.02470 -0.03998
v 0.05099 -0.02470 -0.03902
v 0.05061 -0.02470 -0.03759
v 0.05070 -0.02470 0.03778
v 0.05103 -0.02470 0.03880
v 0.05061 -0.02470 0.04001
v 0.05041 -0.02070 -0.04029
v 0.05098 -0.02070 -0.03916
v 0.05078 -0.02070 -0.03782
v 0.05070 -0.02070 0.03780
v 0.05103 -0.02070 0.03880
v 0.05078 -0.02070 0.03978
v 0.05130 -0.02050 0.04496
v 0.05149 -0.01950 -0.04606
v 0.05107 0.01050 -0.04593
v 0.05107 0.01050 0.04593
v 0.05136 0.01150 -0.04498
v 0.05041 0.01150 -0.04029
v 0.05099 0.01150 -0.03906
v 0.05078 0.01150 -0.03782
v 0.05055 0.01150 -0.03488
v 0.05055 0.01150 0.03488
v 0.05069 0.01150 0.03779
v 0.05103 0.01150 0.03880
v 0.05078 0.01150 0.03978
v 0.05136 0.01150 0.04498
v 0.05066 0.01350 -0.03992
v 0.05098 0.01350 -0.03913
v 0.05058 0.01350 -0.03755
v 0.05116 0.01367 -0.01579
v 0.05085 0.01371 0.01551
v 0.05076 0.01350 0.03787
v 0.05103 0.01350 0.03880
v 0.05058 0.01350 0.04006
v 0.05049 0.01550 -0.04259
v 0.05053 0.01550 -0.03493
v 0.05050 0.01450 -0.01450
v 0.05068 0.01450 -0.00388
v 0.05146 0.01450 -0.00345
v 0.05089 0.01450 -0.00011
v 0.05050 0.01450 0.01450
v 0.05052 0.01550 0.03495
v 0.05049 0.01550 0.04259
v 0.05068 0.01720 -0.00388
v 0.05146 0.01720 -0.00345
v 0.05089 0.01720 -0.00011
v 0.05226 -0.03200 0.03527
v 0.05244 -0.02910 0.04637
v 0.05241 -0.02907 0.04753
v 0.05267 -0.02904 0.04844
v 0.05215 -0.02870 0.04647
v 0.05220 -0.02870 0.04770
v 0.05253 -0.02870 0.04852
v 0.05182 -0.02670 -0.04170
v 0.05271 -0.02670 -0.04037
v 0.05271 -0.02670 -0.03723
v 0.05208 -0.02670 -0.03577
v 0.05182 -0.02670 0.03590
v 0.05271 -0.02670 0.03723
v 0.05271 -0.02670 0.04037
v 0.05182 -0.02670 0.04170
v 0.05220 -0.02670 0.04616
v 0.05212 -0.02670 0.04738
v 0.05253 -0.02670 0.04852
v 0.05241 -0.02070 -0.03559
v 0.05226 -0.02050 0.03527
v 0.05262 -0.02050 0.04058
v 0.05264 -0.02050 0.04166
v 0.05173 -0.02050 0.04434
v 0.05206 -0.02050 0.04518
v 0.05275 -0.01950 0.04641
v 0.05274 0.01010 -0.04001
v 0.05272 0.01010 0.04021
v 0.05250 0.01150 -0.04168
v 0.05244 0.01129 -0.04019
v 0.05246 0.01150 0.03258
v 0.05248 0.01125 0.04018
v 0.05252 0.01150 0.04169
v 0.05246 0.01350 0.03258
v 0.05182 0.01550 -0.04170
v 0.05271 0.01550 -0.04037
v 0.05271 0.01550 -0.03723
v 0.05182 0.01550 -0.03590
v 0.05198 0.01450 -0.00272
v 0.05211 0.01450 -0.00170
v 0.05172 0.01450 -0.00074
v 0.05182 0.01550 0.03590
v 0.05271 0.01550 0.03723
v 0.05271 0.01550 0.04037
v 0.05182 0.01550 0.04170
v 0.05198 0.01720 -0.00272
v 0.05211 0.01720 -0.00170
v 0.05172 0.01720 -0.00074
v 0.05309 -0.03200 -0.03556
v 0.05337 -0.02914 0.04889
v 0.05358 -0.02895 0.04945
v 0.05289 -0.02870 0.04901
v 0.05365 -0.02870 0.04958
v 0.05303 -0.02670 -0.03880
v 0.05303 -0.02670 0.03880
v 0.05310 -0.02670 0.04951
v 0.05396 -0.02070 -0.04979
v 0.05309 -0.02050 -0.03556
v 0.05322 -0.02050 0.03910
v 0.05293 -0.02050 0.04255
v 0.05353 -0.02050 0.04343
v 0.05396 -0.02070 0.04979
v 0.05351 -0.02000 0.03950
v 0.05316 -0.02000 0.04046
v 0.05331 -0.02000 0.04219
v 0.05358 -0.01950 0.04662
v 0.05351 -0.01900 0.03950
v 0.05310 -0.01900 0.04073
v 0.05331 -0.01900 0.04218
v 0.05343 0.01010 -0.04202
v 0.05285 0.01010 -0.04125
v 0.05309 0.01010 0.04160
v 0.05333 0.01118 -0.04217
v 0.05285 0.01100 -0.04125
v 0.05329 0.01150 -0.03289
v 0.05309 0.01100 0.04159
v 0.05348 0.01130 0.04241
v 0.05329 0.01350 -0.03289
v 0.05333 0.01400 -0.01746
v 0.05333 0.01400 0.01746
v 0.05396 0.01550 -0.04979
v 0.05303 0.01550 -0.03880
v 0.05361 0.01450 -0.01705
v 0.05361 0.01450 0.01705
v 0.05303 0.01550 0.03880
v 0.05350 0.01550 0.04968
v 0.05515 -0.03300 -0.03515
v 0.05408 -0.03300 0.03483
v 0.05489 -0.02905 0.03818
v 0.05439 -0.02907 0.03915
v 0.05452 -0.02907 0.04968
v 0.05463 -0.02870 0.03816
v 0.05431 -0.02870 0.03874
v 0.05447 -0.02870 0.04990
v 0.05511 -0.02670 -0.05003
v 0.05513 -0.02670 -0.03830
v 0.05504 -0.02670 0.03641
v 0.05429 -0.02670 0.03882
v 0.05513 -0.02670 0.04408
v 0.05447 -0.02670 0.04990
v 0.05413 -0.02070 -0.04983
v 0.05413 -0.02070 -0.04905
v 0.05438 -0.02070 -0.04789
v 0.05401 -0.02050 -0.04570
v 0.05413 -0.02070 -0.04141
v 0.05490 -0.02070 0.03637
v 0.05430 -0.02050 0.03803
v 0.05413 -0.02070 0.04141
v 0.05435 -0.02050 0.04408
v 0.05515 -0.02050 0.04596
v 0.05438 -0.02070 0.04792
v 0.05413 -0.02070 0.04905
v 0.05472 -0.01950 -0.04688
v 0.05446 -0.02000 0.03852
v 0.05416 -0.02000 0.04334
v 0.05494 -0.01950 0.04693
v 0.05446 -0.01900 0.03852
v 0.05416 -0.01900 0.04334
v 0.05434 0.01050 -0.04680
v 0.05418 0.01010 -0.04239
v 0.05476 0.01010 -0.03338
v 0.05476 0.01010 0.03338
v 0.05418 0.01010 0.04239
v 0.05494 0.01050 0.04693
v 0.05438 0.01150 -0.04789
v 0.05412 0.01127 -0.04265
v 0.05423 0.01150 -0.03618
v 0.05450 0.01127 -0.03329
v 0.05457 0.01120 0.03332
v 0.05422 0.01150 0.03618
v 0.05412 0.01125 0.04263
v 0.05438 0.01150 0.04789
v 0.05492 0.01373 -0.01842
v 0.05456 0.01371 0.01822
v 0.05422 0.01550 -0.03618
v 0.05421 0.01550 0.03618
v 0.05597 -0.02889 0.03719
v 0.05568 -0.02910 0.03761
v 0.05640 -0.02870 0.03703
v 0.05538 -0.02870 0.03746
v 0.05599 -0.02670 -0.05020
v 0.05640 -0.02670 0.03703
v 0.05528 -0.02670 0.03753
v 0.05599 -0.02050 -0.04613
v 0.05534 -0.02050 0.03762
v 0.05534 -0.02050 0.04446
v 0.05585 -0.02000 0.03805
v 0.05545 -0.02000 0.04397
v 0.05585 -0.01900 0.03805
v 0.05545 -0.01900 0.04397
v 0.05583 0.01150 -0.04610
v 0.05620 0.01150 -0.03968
v 0.05617 0.01150 -0.03824
v 0.05548 0.01150 -0.03699
v 0.05548 0.01150 0.03699
v 0.05617 0.01150 0.03824
v 0.05620 0.01150 0.03968
v 0.05583 0.01150 0.04610
v 0.05620 0.01550 -0.03968
v 0.05617 0.01550 -0.03824
v 0.05548 0.01550 -0.03699
v 0.05548 0.01550 0.03699
v 0.05617 0.01550 0.03824
v 0.05620 0.01550 0.03968
v 0.05697 -0.02899 0.03710
v 0.05709 -0.02918 0.03741
v 0.05713 -0.02920 0.04251
v 0.05678 -0.02920 0.04362
v 0.05705 -0.02920 0.04461
v 0.05706 -0.02870 0.03696
v 0.05732 -0.02870 0.05042
v 0.05730 -0.02670 -0.04389
v 0.05730 -0.02670 -0.04310
v 0.05721 -0.02670 0.04266
v 0.05709 -0.02670 0.04376
v 0.05705 -0.02670 0.04461
v 0.05732 -0.02670 0.05042
v 0.05731 -0.02070 -0.04395
v 0.05730 -0.02070 -0.04310
v 0.05743 -0.02050 0.03673
v 0.05668 -0.02050 0.03760
v 0.05738 -0.02070 0.04288
v 0.05726 -0.02070 0.04379
v 0.05672 -0.02000 0.03811
v 0.05657 -0.02000 0.04420
v 0.05732 -0.01950 0.04738
v 0.05672 -0.01900 0.03811
v 0.05657 -0.01900 0.04420
v 0.05696 0.01400 -0.01940
v 0.05696 0.01400 0.01940
v 0.05715 0.01450 -0.01894
v 0.05715 0.01450 0.01894
v 0.05862 -0.03300 0.03396
v 0.05822 -0.03300 0.03586
v 0.05806 -0.03200 0.03685
v 0.05859 -0.03100 0.03405
v 0.05813 -0.03100 0.03686
v 0.05761 -0.02889 0.03706
v 0.05818 -0.02920 0.04159
v 0.05766 -0.02920 0.04528
v 0.05855 -0.02920 0.04565
v 0.05853 -0.02918 0.05018
v 0.05849 -0.02897 0.05049
v 0.05762 -0.02870 0.03702
v 0.05828 -0.02670 -0.04506
v 0.05806 -0.02670 -0.04219
v 0.05801 -0.02670 -0.03710
v 0.05762 -0.02670 0.03702
v 0.05835 -0.02670 0.04173
v 0.05788 -0.02670 0.04226
v 0.05787 -0.02670 0.04506
v 0.05855 -0.02670 0.04565
v 0.05791 -0.02050 -0.04646
v 0.05831 -0.02070 -0.04507
v 0.05803 -0.02070 -0.04221
v 0.05801 -0.02070 -0.03710
v 0.05818 -0.02050 0.03688
v 0.05878 -0.02050 0.03799
v 0.05862 -0.02070 0.04194
v 0.05788 -0.02070 0.04226
v 0.05806 -0.02060 0.04490
v 0.05770 -0.02000 0.03831
v 0.05869 -0.02000 0.03849
v 0.05770 -0.02000 0.04440
v 0.05770 -0.01900 0.03831
v 0.05869 -0.01900 0.03849
v 0.05770 -0.01900 0.04440
v 0.05875 0.01150 -0.04381
v 0.05877 0.01150 0.04381
v 0.05767 0.01371 -0.01968
v 0.05877 0.01371 0.02006
v 0.05934 -0.03300 -0.03606
v 0.05941 -0.03300 0.03299
v 0.05906 -0.03200 -0.03703
v 0.05956 -0.03200 0.03348
v 0.05902 -0.03200 0.03432
v 0.05922 -0.03200 0.03550
v 0.05949 -0.03100 0.03323
v 0.05903 -0.03100 0.03430
v 0.05926 -0.03100 0.03555
v 0.05920 -0.02920 0.04150
v 0.05957 -0.02920 0.04555
v 0.05912 -0.02870 0.03729
v 0.05960 -0.02670 -0.05071
v 0.05941 -0.02670 -0.04513
v 0.05987 -0.02670 -0.04226
v 0.05913 -0.02670 -0.04194
v 0.05912 -0.02670 0.03729
v 0.05920 -0.02670 0.04150
v 0.05941 -0.02670 0.04201
v 0.05954 -0.02670 0.04521
v 0.05970 -0.02670 0.05072
v 0.05960 -0.02070 -0.05071
v 0.05941 -0.02070 -0.04513
v 0.05987 -0.02070 -0.04226
v 0.05913 -0.02070 -0.04194
v 0.05906 -0.02050 -0.03703
v 0.05958 -0.02050 0.03827
v 0.05941 -0.02070 0.04201
v 0.05953 -0.02065 0.04491
v 0.05907 -0.02050 0.04662
v 0.05960 -0.02070 0.05071
v 0.05894 -0.01950 -0.04762
v 0.05998 -0.02000 0.03912
v 0.05923 -0.02000 0.04418
v 0.05998 -0.01900 0.03912
v 0.05923 -0.01900 0.04418
v 0.05884 0.01010 -0.04331
v 0.05928 0.01010 0.03444
v 0.05882 0.01010 0.04331
v 0.05884 0.01100 -0.04331
v 0.05882 0.01100 0.04331
v 0.05928 0.01350 0.03444
v 0.06073 -0.03300 0.03279
v 0.06055 -0.03200 0.03324
v 0.06054 -0.03200 0.03615
v 0.06060 -0.03100 0.03301
v 0.06059 -0.03100 0.03614
v 0.06011 -0.02908 0.03768
v 0.06009 -0.02920 0.04186
v 0.06070 -0.02920 0.04254
v 0.06094 -0.02920 0.04380
v 0.06041 -0.02920 0.04500
v 0.06102 -0.02670 -0.05052
v 0.06004 -0.02670 -0.04474
v 0.06049 -0.02670 -0.04379
v 0.06037 -0.02670 -0.04288
v 0.06066 -0.02670 -0.03750
v 0.06068 -0.02670 0.03751
v 0.06009 -0.02670 0.04186
v 0.06041 -0.02670 0.04265
v 0.06069 -0.02670 0.04386
v 0.06041 -0.02670 0.04500
v 0.06102 -0.02670 0.05052
v 0.06102 -0.02070 -0.05052
v 0.06004 -0.02070 -0.04474
v 0.06049 -0.02070 -0.04383
v 0.06037 -0.02070 -0.04288
v 0.06067 -0.02070 -0.03750
v 0.06004 -0.02050 0.03706
v 0.06066 -0.02070 0.03750
v 0.06055 -0.02050 0.03900
v 0.06050 -0.02064 0.04284
v 0.06051 -0.02060 0.04387
v 0.06102 -0.02070 0.05052
v 0.06083 -0.02000 0.04027
v 0.06104 -0.02000 0.04169
v 0.06097 -0.02000 0.04214
v 0.06028 -0.02000 0.04343
v 0.06082 -0.01950 0.04782
v 0.06083 -0.01900 0.04027
v 0.06104 -0.01900 0.04169
v 0.06097 -0.01900 0.04214
v 0.06028 -0.01900 0.04343
v 0.06015 0.01010 -0.03457
v 0.06039 0.01150 -0.04677
v 0.06039 0.01150 0.04677
v 0.06015 0.01350 -0.03457
v 0.06090 0.01400 -0.02060
v 0.06090 0.01400 0.02060
v 0.06100 0.01450 -0.02011
v 0.06100 0.01450 0.02011
v 0.06195 -0.03300 0.03340
v 0.06228 -0.03300 0.03394
v 0.06213 -0.03268 0.03671
v 0.06143 -0.03200 0.03358
v 0.06182 -0.03200 0.03413
v 0.06178 -0.03200 0.03523
v 0.06202 -0.03200 0.03738
v 0.06169 -0.03100 0.03349
v 0.06201 -0.03100 0.03405
v 0.06177 -0.03100 0.03526
v 0.06202 -0.03100 0.03738
v 0.06235 -0.02870 0.05093
v 0.06219 -0.02670 -0.04968
v 0.06193 -0.02670 -0.03824
v 0.06177 -0.02670 0.03790
v 0.06188 -0.02670 0.04408
v 0.06219 -0.02670 0.04968
v 0.06235 -0.02670 0.05093
v 0.06219 -0.02070 -0.04968
v 0.06186 -0.02050 -0.04689
v 0.06200 -0.02050 -0.04441
v 0.06212 -0.02050 -0.04378
v 0.06188 -0.02070 -0.04141
v 0.06205 -0.02070 -0.03808
v 0.06205 -0.02070 0.03808
v 0.06135 -0.02050 0.04022
v 0.06183 -0.02060 0.04143
v 0.06149 -0.02050 0.04208
v 0.06205 -0.02050 0.04394
v 0.06203 -0.02050 0.04496
v 0.06201 -0.02061 0.04750
v 0.06219 -0.02070 0.04968
v 0.06148 -0.01950 -0.04787
v 0.06237 -0.02000 -0.04672
v 0.06199 -0.01950 0.04791
v 0.06231 -0.01879 -0.04792
v 0.06231 -0.01750 -0.04792
v 0.06122 0.01050 -0.04785
v 0.06183 0.01050 0.04790
v 0.06212 0.01367 -0.02080
v 0.06332 -0.03447 0.03796
v 0.06331 -0.03452 0.04651
v 0.06324 -0.03437 0.04714
v 0.06326 -0.03405 0.04829
v 0.06345 -0.03365 0.04933
v 0.06242 -0.03300 0.03447
v 0.06241 -0.03300 0.03502
v 0.06309 -0.03339 0.04911
v 0.06325 -0.03283 0.04982
v 0.06358 -0.03200 0.03577
v 0.06306 -0.03150 0.05029
v 0.06333 -0.03152 0.05066
v 0.06242 -0.03100 0.03447
v 0.06241 -0.03100 0.03502
v 0.06306 -0.03101 0.05039
v 0.06327 -0.03032 0.05078
v 0.06305 -0.02935 0.03801
v 0.06296 -0.02935 0.05070
v 0.06287 -0.02874 0.03769
v 0.06271 -0.02873 0.05095
v 0.06284 -0.02670 -0.04837
v 0.06291 -0.02670 -0.04786
v 0.06323 -0.02670 -0.04060
v 0.06295 -0.02670 -0.03919
v 0.06344 -0.02670 0.03772
v 0.06295 -0.02670 0.03919
v 0.06323 -0.02670 0.04060
v 0.06291 -0.02670 0.04786
v 0.06284 -0.02670 0.04837
v 0.06307 -0.02670 0.04946
v 0.06306 -0.02670 0.05096
v 0.06284 -0.02070 -0.04837
v 0.06291 -0.02070 -0.04786
v 0.06282 -0.02050 -0.04244
v 0.06323 -0.02070 -0.04060
v 0.06295 -0.02070 -0.03919
v 0.06358 -0.02050 0.03577
v 0.06295 -0.02070 0.03919
v 0.06323 -0.02070 0.04060
v 0.06281 -0.02050 0.04252
v 0.06291 -0.02070 0.04786
v 0.06284 -0.02070 0.04837
v 0.06286 -0.01971 -0.04474
v 0.06281 -0.01985 -0.04366
v 0.06333 -0.02000 -0.04265
v 0.06327 -0.02000 0.04270
v 0.06292 -0.01971 0.04383
v 0.06288 -0.01972 0.04510
v 0.06265 -0.02000 0.04673
v 0.06307 -0.01970 0.04946
v 0.06306 -0.01970 0.05096
v 0.06274 -0.01879 0.04795
v 0.06329 -0.01862 0.04947
v 0.06328 -0.01862 0.05097
v 0.06292 -0.01750 -0.04484
v 0.06287 -0.01750 -0.04372
v 0.06332 -0.01750 -0.04266
v 0.06327 -0.01750 0.04270
v 0.06296 -0.01750 0.04384
v 0.06278 -0.01750 0.04505
v 0.06274 -0.01750 0.04795
v 0.06358 0.01010 -0.04373
v 0.06358 0.01010 0.04373
v 0.06357 0.01125 -0.04398
v 0.06357 0.01125 0.04398
v 0.06328 0.01368 0.02093
v 0.06368 -0.03470 0.03773
v 0.06361 -0.03300 -0.03647
v 0.06475 -0.03260 0.03775
v 0.06467 -0.03255 0.04728
v 0.06450 -0.03211 0.03763
v 0.06459 -0.03207 0.04744
v 0.06464 -0.03181 0.04835
v 0.06462 -0.03085 0.04867
v 0.06366 -0.02954 0.03773
v 0.06467 -0.02670 0.03775
v 0.06461 -0.02670 0.04867
v 0.06410 -0.02050 -0.04168
v 0.06429 -0.02050 0.03749
v 0.06409 -0.02050 0.03923
v 0.06467 -0.02050 0.04063
v 0.06415 -0.02050 0.04162
v 0.06422 -0.01950 -0.04629
v 0.06430 -0.01968 -0.04249
v 0.06433 -0.01969 0.04245
v 0.06421 -0.01950 0.04626
v 0.06425 -0.01750 -0.04630
v 0.06431 -0.01750 -0.04250
v 0.06427 -0.01750 0.04250
v 0.06430 -0.01750 0.04630
v 0.06411 -0.01760 0.04949
v 0.06410 -0.01760 0.05099
v 0.06431 0.01010 -0.04345
v 0.06423 0.01010 0.04349
v 0.06422 0.01120 -0.04373
v 0.06420 0.01122 0.04376
v 0.06525 -0.03306 0.03775
v 0.06528 -0.03305 0.04737
v 0.06535 -0.03264 0.04842
v 0.06518 -0.03200 -0.03750
v 0.06524 -0.03191 0.04905
v 0.06559 -0.03136 0.04941
v 0.06487 -0.03107 0.04918
v 0.06525 -0.03078 0.04941
v 0.06531 -0.02670 0.04942
v 0.06522 -0.02050 -0.04150
v 0.06518 -0.02050 -0.03750
v 0.06547 -0.02050 0.03498
v 0.06524 -0.02050 0.04151
v 0.06555 -0.01950 -0.04642
v 0.06562 -0.01974 -0.04236
v 0.06554 -0.01979 0.04228
v 0.06576 -0.01950 0.04635
v 0.06555 -0.01750 -0.04642
v 0.06571 -0.01750 -0.04235
v 0.06554 -0.01750 0.04232
v 0.06576 -0.01750 0.04635
v 0.06498 -0.01691 0.04950
v 0.06496 -0.01691 0.05100
v 0.06540 -0.01678 0.04950
v 0.06539 -0.01678 0.05100
v 0.06500 0.01050 -0.04800
v 0.06566 0.01010 -0.04342
v 0.06519 0.01010 -0.04318
v 0.06481 0.01010 0.04318
v 0.06547 0.01010 0.04332
v 0.06500 0.01050 0.04800
v 0.06500 0.01150 -0.04700
v 0.06545 0.01133 -0.04371
v 0.06519 0.01100 -0.04318
v 0.06481 0.01100 0.04318
v 0.06545 0.01135 0.04372
v 0.06500 0.01150 0.04700
v 0.06500 0.01400 -0.02100
v 0.06500 0.01400 0.02100
v 0.06500 0.01450 -0.02050
v 0.06500 0.01450 0.02050
v 0.06639 -0.03300 0.03647
v 0.06643 -0.03200 0.03747
v 0.06704 -0.02050 -0.04230
v 0.06634 -0.02050 -0.04182
v 0.06677 -0.02050 0.03811
v 0.06629 -0.02050 0.04179
v 0.06718 -0.02050 0.04244
v 0.06633 -0.01950 -0.04599
v 0.06685 -0.01950 -0.04527
v 0.06676 -0.01950 -0.04371
v 0.06646 -0.02000 -0.04251
v 0.06647 -0.01977 0.04276
v 0.06685 -0.01950 0.04373
v 0.06698 -0.01950 0.04476
v 0.06659 -0.01950 0.04572
v 0.06633 -0.01750 -0.04599
v 0.06685 -0.01750 -0.04527
v 0.06679 -0.01750 -0.04376
v 0.06673 -0.01750 -0.04269
v 0.06645 -0.01750 0.04279
v 0.06685 -0.01750 0.04373
v 0.06698 -0.01750 0.04476
v 0.06659 -0.01750 0.04572
v 0.06607 -0.01670 0.04949
v 0.06606 -0.01670 0.05099
v 0.06624 0.01010 -0.04370
v 0.06633 0.01010 0.03489
v 0.06623 0.01010 0.04369
v 0.06626 0.01120 -0.04390
v 0.06627 0.01114 0.04384
v 0.06672 0.01368 -0.02093
v 0.06633 0.01350 0.03489
v 0.06779 -0.03470 0.03765
v 0.06833 -0.03470 0.04638
v 0.06840 -0.03461 0.04726
v 0.06786 -0.03270 -0.03669
v 0.06759 -0.03300 -0.03502
v 0.06759 -0.03300 -0.03444
v 0.06795 -0.03300 -0.03353
v 0.06779 -0.03320 0.03765
v 0.06737 -0.03320 0.04694
v 0.06798 -0.03200 -0.03738
v 0.06826 -0.03200 -0.03543
v 0.06813 -0.03200 -0.03443
v 0.06798 -0.03100 -0.03738
v 0.06790 -0.03100 -0.03521
v 0.06797 -0.03100 -0.03447
v 0.06795 -0.03100 -0.03353
v 0.06828 -0.03070 0.04939
v 0.06741 -0.03020 0.05094
v 0.06784 -0.02050 -0.04691
v 0.06797 -0.02050 -0.04496
v 0.06797 -0.02050 -0.04405
v 0.06766 -0.02050 -0.04282
v 0.06736 -0.02050 0.03952
v 0.06777 -0.02050 0.04335
v 0.06800 -0.02050 0.04441
v 0.06814 -0.02050 0.04689
v 0.06804 -0.01950 -0.04790
v 0.06735 -0.02000 -0.04673
v 0.06747 -0.02000 -0.04490
v 0.06737 -0.02000 -0.04371
v 0.06738 -0.02000 0.04378
v 0.06750 -0.02000 0.04443
v 0.06763 -0.02000 0.04672
v 0.06820 -0.01950 0.04789
v 0.06726 -0.01879 -0.04795
v 0.06769 -0.01879 0.04792
v 0.06726 -0.01750 -0.04795
v 0.06747 -0.01750 -0.04490
v 0.06737 -0.01750 -0.04371
v 0.06738 -0.01750 0.04378
v 0.06750 -0.01750 0.04443
v 0.06769 -0.01750 0.04792
v 0.06828 -0.01670 0.04939
v 0.06741 -0.01670 0.05094
v 0.06817 0.01050 -0.04790
v 0.06721 0.01010 -0.03484
v 0.06721 0.01350 -0.03484
v 0.06788 0.01365 0.02080
v 0.06848 -0.03413 0.04852
v 0.06905 -0.03300 -0.03283
v 0.06858 -0.03304 0.04983
v 0.06932 -0.03200 -0.03618
v 0.06870 -0.03200 -0.03592
v 0.06909 -0.03200 -0.03333
v 0.06863 -0.03192 0.05053
v 0.06932 -0.03100 -0.03618
v 0.06870 -0.03100 -0.03592
v 0.06907 -0.03100 -0.03309
v 0.06865 -0.03074 0.05082
v 0.06938 -0.02050 -0.04380
v 0.06878 -0.02050 -0.04292
v 0.06849 -0.02050 -0.04147
v 0.06882 -0.02050 -0.03985
v 0.06944 -0.02050 -0.03898
v 0.06916 -0.02050 0.03930
v 0.06867 -0.02050 0.04018
v 0.06845 -0.02050 0.04117
v 0.06855 -0.02050 0.04228
v 0.06924 -0.02050 0.04360
v 0.06891 -0.01950 -0.04784
v 0.06926 -0.02000 -0.04273
v 0.06897 -0.02000 -0.04181
v 0.06922 -0.02000 -0.04017
v 0.06950 -0.02000 0.03968
v 0.06896 -0.02000 0.04133
v 0.06911 -0.02000 0.04240
v 0.06878 -0.01950 0.04785
v 0.06913 -0.01900 -0.04247
v 0.06896 -0.01900 -0.04173
v 0.06917 -0.01900 -0.04028
v 0.06950 -0.01900 0.03968
v 0.06898 -0.01900 0.04094
v 0.06905 -0.01900 0.04224
v 0.06878 0.01050 0.04785
v 0.06910 0.01400 -0.02060
v 0.06910 0.01400 0.02060
v 0.06900 0.01450 -0.02011
v 0.06929 0.01450 0.01256
v 0.06874 0.01450 0.01375
v 0.06921 0.01450 0.01503
v 0.06900 0.01450 0.02011
v 0.06921 0.01720 0.01265
v 0.06874 0.01720 0.01375
v 0.06930 0.01720 0.01515
v 0.07053 -0.03300 -0.03295
v 0.07066 -0.03300 0.03606
v 0.07017 -0.03320 0.04671
v 0.07031 -0.03301 0.04766
v 0.07040 -0.03247 0.04847
v 0.06998 -0.03200 -0.03614
v 0.07057 -0.03200 -0.03582
v 0.07076 -0.03200 -0.03379
v 0.07014 -0.03200 -0.03331
v 0.07045 -0.03189 0.04888
v 0.06998 -0.03100 -0.03614
v 0.07057 -0.03100 -0.03582
v 0.07076 -0.03100 -0.03379
v 0.07034 -0.03100 -0.03313
v 0.07048 -0.03098 0.04917
v 0.07016 -0.02050 -0.04444
v 0.07022 -0.02050 -0.03837
v 0.06994 -0.02050 -0.03708
v 0.06998 -0.02050 0.03852
v 0.07045 -0.02050 0.04459
v 0.07032 -0.02050 0.04670
v 0.06993 -0.02000 -0.04365
v 0.07002 -0.02000 -0.03912
v 0.07061 -0.02000 0.03873
v 0.06979 -0.02000 0.04351
v 0.06993 -0.01900 -0.04365
v 0.07002 -0.01900 -0.03912
v 0.07061 -0.01900 0.03873
v 0.06979 -0.01900 0.04351
v 0.06961 0.01150 -0.04677
v 0.06961 0.01150 0.04677
v 0.07041 0.01450 0.01189
v 0.07048 0.01450 0.01584
v 0.07041 0.01720 0.01189
v 0.07048 0.01720 0.01584
v 0.07178 -0.03300 -0.03586
v 0.07134 -0.03300 -0.03386
v 0.07194 -0.03200 -0.03685
v 0.07095 -0.03200 -0.03527
v 0.07106 -0.03200 -0.03450
v 0.07081 -0.03200 0.03705
v 0.07162 -0.03100 -0.03691
v 0.07095 -0.03100 -0.03527
v 0.07131 -0.03100 -0.03418
v 0.07093 -0.02050 -0.04662
v 0.07105 -0.02050 -0.04481
v 0.07122 -0.02050 -0.03799
v 0.07130 -0.02050 -0.03697
v 0.07119 -0.02050 0.03801
v 0.07146 -0.02050 0.04489
v 0.07087 -0.02000 -0.04422
v 0.07131 -0.02000 -0.03849
v 0.07145 -0.02000 0.03846
v 0.07101 -0.02000 0.04427
v 0.07106 -0.01950 0.04762
v 0.07087 -0.01900 -0.04422
v 0.07131 -0.01900 -0.03849
v 0.07145 -0.01900 0.03846
v 0.07101 -0.01900 0.04427
v 0.07118 0.01010 -0.04331
v 0.07116 0.01010 0.04331
v 0.07121 0.01127 -0.04358
v 0.07121 0.01129 0.04360
v 0.07123 0.01371 -0.02006
v 0.07129 0.01450 0.01194
v 0.07151 0.01450 0.01571
v 0.07129 0.01720 0.01194
v 0.07151 0.01720 0.01571
v 0.07287 -0.04102 0.00221
v 0.07276 -0.04095 0.00280
v 0.07283 -0.04010 0.00189
v 0.07233 -0.03987 0.00265
v 0.07260 -0.03904 0.00195
v 0.07219 -0.03890 0.00277
v 0.07210 -0.03470 0.03707
v 0.07311 -0.03466 0.04623
v 0.07253 -0.03320 0.00203
v 0.07220 -0.03320 0.00290
v 0.07210 -0.03320 0.03707
v 0.07295 -0.03320 0.04632
v 0.07244 -0.03020 0.05045
v 0.07224 -0.02050 -0.04491
v 0.07317 -0.02050 -0.03762
v 0.07317 -0.02050 0.03762
v 0.07252 -0.02050 0.04487
v 0.07209 -0.02050 0.04646
v 0.07268 -0.01950 -0.04738
v 0.07230 -0.02000 -0.04440
v 0.07230 -0.02000 -0.03831
v 0.07236 -0.02000 0.03830
v 0.07244 -0.02000 0.04438
v 0.07230 -0.01900 -0.04440
v 0.07230 -0.01900 -0.03831
v 0.07236 -0.01900 0.03830
v 0.07244 -0.01900 0.04438
v 0.07244 -0.01670 0.05045
v 0.07304 0.01400 -0.01940
v 0.07254 0.01379 0.01960
v 0.07285 0.01450 -0.01894
v 0.07297 0.01450 -0.01353
v 0.07226 0.01450 -0.01244
v 0.07228 0.01450 -0.01113
v 0.07291 0.01450 -0.01031
v 0.07233 0.01450 0.01273
v 0.07272 0.01450 0.01412
v 0.07233 0.01450 0.01508
v 0.07285 0.01450 0.01894
v 0.07297 0.01720 -0.01353
v 0.07225 0.01720 -0.01240
v 0.07228 0.01720 -0.01113
v 0.07291 0.01720 -0.01031
v 0.07237 0.01720 0.01279
v 0.07272 0.01720 0.01412
v 0.07233 0.01720 0.01508
v 0.07387 -0.04217 0.00212
v 0.07370 -0.04145 0.00170
v 0.07362 -0.04199 0.00258
v 0.07356 -0.04029 0.00184
v 0.07426 -0.04024 0.00345
v 0.07357 -0.03922 0.00218
v 0.07392 -0.03924 0.00353
v 0.07407 -0.03922 0.00411
v 0.07333 -0.03436 0.04750
v 0.07347 -0.03394 0.04826
v 0.07356 -0.03320 0.00218
v 0.07391 -0.03320 0.00354
v 0.07406 -0.03320 0.00412
v 0.07359 -0.03338 0.04894
v 0.07368 -0.03270 0.04949
v 0.07376 -0.03192 0.04990
v 0.07323 -0.03070 0.04881
v 0.07381 -0.03071 0.05018
v 0.07405 -0.02050 -0.04612
v 0.07368 -0.02050 -0.03755
v 0.07438 -0.02050 0.03757
v 0.07401 -0.02050 0.04613
v 0.07343 -0.02000 -0.04420
v 0.07328 -0.02000 -0.03811
v 0.07328 -0.02000 0.03811
v 0.07350 -0.02000 0.04419
v 0.07343 -0.01900 -0.04420
v 0.07328 -0.01900 -0.03811
v 0.07328 -0.01900 0.03811
v 0.07350 -0.01900 0.04419
v 0.07323 -0.01670 0.04881
v 0.07418 0.01010 -0.03368
v 0.07332 0.01010 0.03391
v 0.07417 0.01150 -0.04610
v 0.07417 0.01150 0.04610
v 0.07418 0.01350 -0.03368
v 0.07332 0.01350 0.03391
v 0.07380 0.01450 -0.01387
v 0.07387 0.01450 -0.00992
v 0.07380 0.01720 -0.01387
v 0.07387 0.01720 -0.00992
v 0.07494 -0.04249 0.00173
v 0.07517 -0.04182 0.00114
v 0.07484 -0.04126 0.00158
v 0.07495 -0.04087 0.00327
v 0.07510 -0.04087 0.00385
v 0.07545 -0.04087 0.00520
v 0.07441 -0.04024 0.00403
v 0.07483 -0.04024 0.00564
v 0.07533 -0.04024 0.00758
v 0.07554 -0.03967 0.01551
v 0.07442 -0.03924 0.00547
v 0.07457 -0.03922 0.00605
v 0.07500 -0.03923 0.00772
v 0.07542 -0.03924 0.00934
v 0.07557 -0.03922 0.00992
v 0.07546 -0.03890 0.01553
v 0.07550 -0.03890 0.01565
v 0.07508 -0.03826 0.00117
v 0.07523 -0.03826 0.00175
v 0.07558 -0.03826 0.00310
v 0.07494 -0.03700 0.00151
v 0.07536 -0.03700 0.00316
v 0.07551 -0.03700 0.00374
v 0.07491 -0.03320 0.00142
v 0.07536 -0.03320 0.00316
v 0.07551 -0.03320 0.00374
v 0.07441 -0.03320 0.00547
v 0.07456 -0.03320 0.00605
v 0.07499 -0.03320 0.00772
v 0.07541 -0.03320 0.00934
v 0.07556 -0.03320 0.00993
v 0.07546 -0.03320 0.01553
v 0.07550 -0.03320 0.01565
v 0.07485 -0.03300 0.03515
v 0.07481 -0.03320 0.04597
v 0.07508 -0.03278 0.04724
v 0.07512 -0.03200 0.03611
v 0.07524 -0.03209 0.04800
v 0.07529 -0.03166 0.04823
v 0.07532 -0.03098 0.04838
v 0.07485 -0.02050 -0.04596
v 0.07466 -0.02050 -0.04446
v 0.07545 -0.02050 -0.04419
v 0.07463 -0.02050 -0.03762
v 0.07554 -0.02050 0.03794
v 0.07554 -0.02050 0.04414
v 0.07466 -0.02050 0.04446
v 0.07506 -0.01950 -0.04693
v 0.07484 -0.02000 -0.04388
v 0.07535 -0.02000 -0.03841
v 0.07466 -0.02000 -0.03814
v 0.07472 -0.02000 0.03815
v 0.07504 -0.02000 0.04379
v 0.07483 -0.01950 0.04698
v 0.07455 -0.01900 -0.04397
v 0.07466 -0.01900 -0.03814
v 0.07472 -0.01900 0.03815
v 0.07500 -0.01900 0.04381
v 0.07506 0.01050 -0.04693
v 0.07524 0.01010 -0.03338
v 0.07524 0.01010 0.03338
v 0.07524 0.01100 -0.03338
v 0.07524 0.01100 0.03338
v 0.07544 0.01371 -0.01822
v 0.07508 0.01375 0.01842
v 0.07511 0.01450 -0.01359
v 0.07490 0.01450 -0.01005
v 0.07507 0.01720 -0.01361
v 0.07490 0.01720 -0.01005
v 0.07586 -0.04233 0.00107
v 0.07600 -0.04279 0.00161
v 0.07583 -0.04190 0.00097
v 0.07585 -0.04110 0.00304
v 0.07600 -0.04110 0.00362
v 0.07613 -0.04102 0.00540
v 0.07595 -0.04087 0.00714
v 0.07610 -0.04087 0.00772
v 0.07645 -0.04087 0.00908
v 0.07661 -0.04087 0.00966
v 0.07635 -0.04129 0.01548
v 0.07654 -0.04101 0.01625
v 0.07657 -0.04110 0.01685
v 0.07672 -0.04018 0.00074
v 0.07576 -0.04024 0.00926
v 0.07591 -0.04024 0.00984
v 0.07633 -0.04024 0.01145
v 0.07622 -0.04008 0.01630
v 0.07611 -0.04001 0.01699
v 0.07573 -0.03937 0.00100
v 0.07588 -0.03937 0.00158
v 0.07630 -0.03937 0.00321
v 0.07673 -0.03937 0.00487
v 0.07600 -0.03923 0.01159
v 0.07679 -0.03910 0.01467
v 0.07624 -0.03905 0.01632
v 0.07594 -0.03890 0.01704
v 0.07573 -0.03826 0.00368
v 0.07615 -0.03826 0.00530
v 0.07659 -0.03826 0.00698
v 0.07674 -0.03826 0.00756
v 0.07595 -0.03700 0.00541
v 0.07637 -0.03700 0.00703
v 0.07652 -0.03700 0.00761
v 0.07633 -0.03470 0.03601
v 0.07592 -0.03300 -0.03483
v 0.07591 -0.03320 0.00529
v 0.07637 -0.03320 0.00703
v 0.07652 -0.03320 0.00761
v 0.07600 -0.03320 0.01159
v 0.07679 -0.03320 0.01467
v 0.07633 -0.03320 0.01637
v 0.07594 -0.03320 0.01709
v 0.07633 -0.03320 0.03601
v 0.07569 -0.03320 0.04577
v 0.07616 -0.02050 -0.04373
v 0.07674 -0.02050 -0.04312
v 0.07649 -0.02050 -0.03869
v 0.07562 -0.02050 -0.03799
v 0.07650 -0.02050 0.03868
v 0.07605 -0.02050 0.04378
v 0.07599 -0.02050 0.04570
v 0.07642 -0.01950 -0.04662
v 0.07584 -0.02000 -0.04335
v 0.07649 -0.02000 -0.04253
v 0.07674 -0.02000 -0.04005
v 0.07609 -0.02000 -0.03899
v 0.07583 -0.02000 0.03874
v 0.07669 -0.02000 0.03989
v 0.07661 -0.02000 0.04231
v 0.07566 -0.01950 0.04680
v 0.07584 -0.01900 -0.04335
v 0.07669 -0.01900 -0.04219
v 0.07674 -0.01900 -0.04005
v 0.07594 -0.01900 -0.03884
v 0.07583 -0.01900 0.03874
v 0.07669 -0.01900 0.03989
v 0.07642 -0.01900 0.04268
v 0.07596 0.01010 -0.04234
v 0.07607 0.01010 0.04227
v 0.07566 0.01050 0.04680
v 0.07607 0.01123 -0.04254
v 0.07572 0.01150 -0.03323
v 0.07572 0.01150 0.03323
v 0.07612 0.01117 0.04243
v 0.07667 0.01400 -0.01746
v 0.07667 0.01400 0.01746
v 0.07639 0.01450 -0.01705
v 0.07598 0.01450 -0.01267
v 0.07611 0.01450 -0.01164
v 0.07572 0.01450 -0.01068
v 0.07639 0.01450 0.01705
v 0.07598 0.01720 -0.01267
v 0.07611 0.01720 -0.01164
v 0.07572 0.01720 -0.01068
v 0.07768 -0.04237 0.01535
v 0.07769 -0.04221 0.01660
v 0.07685 -0.04110 0.00691
v 0.07700 -0.04110 0.00749
v 0.07741 -0.04110 0.00907
v 0.07785 -0.04110 0.01078
v 0.07704 -0.04087 0.01135
v 0.07728 -0.04152 0.01485
v 0.07736 -0.04155 0.01618
v 0.07687 -0.04150 0.01697
v 0.07792 -0.04057 0.00043
v 0.07687 -0.04018 0.00132
v 0.07730 -0.04018 0.00300
v 0.07772 -0.04018 0.00462
v 0.07787 -0.04018 0.00520
v 0.07714 -0.04024 0.01458
v 0.07715 -0.04021 0.01620
v 0.07688 -0.03937 0.00545
v 0.07723 -0.03937 0.00681
v 0.07738 -0.03937 0.00739
v 0.07780 -0.03937 0.00902
v 0.07681 -0.03938 0.01466
v 0.07726 -0.03880 0.01635
v 0.07715 -0.03826 0.00918
v 0.07766 -0.03826 0.01111
v 0.07695 -0.03700 0.00929
v 0.07745 -0.03700 0.01122
v 0.07777 -0.03671 0.01442
v 0.07726 -0.03370 0.01635
v 0.07778 -0.03466 0.04517
v 0.07692 -0.03320 0.00916
v 0.07742 -0.03320 0.01110
v 0.07776 -0.03320 0.01442
v 0.07704 -0.03333 0.01641
v 0.07726 -0.03200 -0.03544
v 0.07740 -0.03020 0.04947
v 0.07715 -0.02050 -0.04238
v 0.07740 -0.02050 -0.04136
v 0.07735 -0.02050 -0.04039
v 0.07700 -0.02050 -0.03940
v 0.07726 -0.02050 -0.03544
v 0.07744 -0.02050 0.03003
v 0.07729 -0.02050 0.04026
v 0.07734 -0.02050 0.04174
v 0.07703 -0.02050 0.04263
v 0.07725 -0.01950 -0.04641
v 0.07690 -0.02000 -0.04078
v 0.07690 -0.02000 0.04131
v 0.07690 -0.01900 -0.04078
v 0.07690 -0.01900 0.04131
v 0.07740 -0.01670 0.04947
v 0.07696 0.01010 -0.04160
v 0.07726 0.01010 -0.04017
v 0.07727 0.01010 0.04006
v 0.07715 0.01010 0.04125
v 0.07709 0.01150 -0.04222
v 0.07726 0.01118 -0.04142
v 0.07751 0.01124 -0.04024
v 0.07755 0.01128 0.04021
v 0.07733 0.01125 0.04147
v 0.07684 0.01150 0.04244
v 0.07857 -0.04255 0.01523
v 0.07866 -0.04246 0.01612
v 0.07800 -0.04110 0.01136
v 0.07873 -0.04110 0.01417
v 0.07876 -0.04136 0.01580
v 0.07862 -0.04054 0.00056
v 0.07842 -0.04057 0.00237
v 0.07857 -0.04057 0.00295
v 0.07892 -0.04057 0.00431
v 0.07907 -0.04057 0.00489
v 0.07830 -0.04018 0.00687
v 0.07880 -0.04018 0.00881
v 0.07846 -0.04059 0.01604
v 0.07824 -0.03937 0.01068
v 0.07839 -0.03937 0.01126
v 0.07893 -0.03940 0.01412
v 0.07815 -0.03826 0.01432
v 0.07852 -0.03826 0.01577
v 0.07814 -0.03669 0.01587
v 0.07813 -0.03436 0.04640
v 0.07834 -0.03394 0.04715
v 0.07813 -0.03320 0.01587
v 0.07890 -0.03300 0.03375
v 0.07840 -0.03320 0.04505
v 0.07853 -0.03338 0.04781
v 0.07868 -0.03270 0.04835
v 0.07879 -0.03192 0.04875
v 0.07810 -0.03070 0.04774
v 0.07887 -0.03071 0.04903
v 0.07870 -0.02050 -0.04496
v 0.07873 -0.02050 0.03316
v 0.07851 -0.01950 0.04606
v 0.07810 -0.01670 0.04774
v 0.07893 0.01050 -0.04593
v 0.07893 0.01050 0.04593
v 0.07864 0.01150 -0.04498
v 0.07864 0.01150 0.04498
v 0.07915 0.01371 -0.01551
v 0.07884 0.01367 0.01579
v 0.07946 -0.04265 0.01502
v 0.07975 -0.04276 0.01599
v 0.07953 -0.04190 0.01551
v 0.08032 -0.03997 -0.00019
v 0.07932 -0.04050 0.00069
v 0.07967 -0.04050 0.00205
v 0.07982 -0.04050 0.00263
v 0.08025 -0.04050 0.00427
v 0.07950 -0.04057 0.00653
v 0.07992 -0.04057 0.00818
v 0.08007 -0.04057 0.00876
v 0.07922 -0.04018 0.01043
v 0.07937 -0.04018 0.01101
v 0.07994 -0.04016 0.01386
v 0.08032 -0.04016 0.01531
v 0.07930 -0.03940 0.01557
v 0.08036 -0.03508 0.03448
v 0.08003 -0.03473 0.03463
v 0.07993 -0.03300 -0.03331
v 0.08040 -0.03320 0.03446
v 0.07931 -0.03320 0.04477
v 0.07970 -0.03279 0.04599
v 0.08034 -0.03200 -0.03422
v 0.07928 -0.03200 0.03467
v 0.07994 -0.03209 0.04675
v 0.08001 -0.03166 0.04697
v 0.08006 -0.03097 0.04712
v 0.07932 -0.02050 0.03457
v 0.07981 -0.02050 0.04461
v 0.08005 -0.01950 0.04558
v 0.07998 0.01150 0.03154
v 0.07985 0.01400 -0.01485
v 0.07985 0.01400 0.01485
v 0.07998 0.01350 0.03154
v 0.07950 0.01450 -0.01450
v 0.07950 0.01450 0.01450
v 0.08047 -0.03997 0.00039
v 0.08089 -0.03997 0.00204
v 0.08140 -0.03997 0.00398
v 0.08067 -0.04050 0.00592
v 0.08082 -0.04050 0.00650
v 0.08117 -0.04050 0.00786
v 0.08132 -0.04050 0.00844
v 0.08050 -0.04057 0.01041
v 0.08122 -0.04057 0.01352
v 0.08160 -0.04057 0.01498
v 0.08096 -0.03939 -0.00035
v 0.08111 -0.03939 0.00023
v 0.08146 -0.03939 0.00158
v 0.08107 -0.03320 0.04417
v 0.08068 -0.02050 -0.04431
v 0.08082 -0.02050 -0.03818
v 0.08149 -0.02050 -0.03654
v 0.08089 -0.01950 -0.04529
v 0.08136 0.01010 -0.03084
v 0.08136 0.01010 0.03084
v 0.08104 0.01131 -0.03101
v 0.08118 0.01120 0.03094
v 0.08077 0.01350 -0.03115
v 0.08182 -0.03997 0.00562
v 0.08197 -0.03997 0.00620
v 0.08240 -0.03997 0.00785
v 0.08175 -0.04050 0.01008
v 0.08256 -0.04051 0.01318
v 0.08263 -0.04024 0.04216
v 0.08161 -0.03939 0.00217
v 0.08196 -0.03939 0.00352
v 0.08211 -0.03939 0.00410
v 0.08246 -0.03939 0.00546
v 0.08261 -0.03939 0.00604
v 0.08255 -0.03909 0.04256
v 0.08161 -0.03827 -0.00052
v 0.08176 -0.03827 0.00006
v 0.08219 -0.03827 0.00173
v 0.08261 -0.03827 0.00335
v 0.08276 -0.03827 0.00393
v 0.08183 -0.03700 -0.00058
v 0.08198 -0.03700 0.00000
v 0.08240 -0.03700 0.00162
v 0.08238 -0.03501 0.04237
v 0.08278 -0.03495 0.04339
v 0.08228 -0.03476 0.04283
v 0.08251 -0.03470 0.04366
v 0.08278 -0.03436 0.04482
v 0.08183 -0.03320 -0.00058
v 0.08198 -0.03320 0.00000
v 0.08243 -0.03320 0.00174
v 0.08277 -0.03300 0.03188
v 0.08224 -0.03020 0.04800
v 0.08244 -0.02050 -0.04364
v 0.08173 -0.01950 -0.04499
v 0.08230 -0.01950 0.04478
v 0.08224 -0.01670 0.04800
v 0.08173 0.01050 -0.04499
v 0.08231 0.01050 0.04477
v 0.08219 0.01371 -0.01206
v 0.08246 0.01400 0.01167
v 0.08195 0.01371 0.01240
v 0.08205 0.01450 -0.01139
v 0.08205 0.01450 0.01139
v 0.08332 -0.04096 -0.00034
v 0.08368 -0.04096 0.00101
v 0.08382 -0.04096 0.00159
v 0.08400 -0.04110 0.00299
v 0.08339 -0.04156 0.04197
v 0.08340 -0.04130 0.04253
v 0.08397 -0.04094 0.04387
v 0.08282 -0.03997 0.00949
v 0.08297 -0.03997 0.01008
v 0.08381 -0.03999 0.01286
v 0.08294 -0.04051 0.01463
v 0.08293 -0.04000 0.04310
v 0.08362 -0.04025 0.04398
v 0.08303 -0.03939 0.00768
v 0.08346 -0.03939 0.00933
v 0.08361 -0.03939 0.00991
v 0.08323 -0.03908 0.04385
v 0.08391 -0.03896 0.04457
v 0.08319 -0.03827 0.00561
v 0.08369 -0.03827 0.00754
v 0.08284 -0.03700 0.00329
v 0.08299 -0.03700 0.00387
v 0.08340 -0.03700 0.00549
v 0.08384 -0.03700 0.00717
v 0.08399 -0.03700 0.00775
v 0.08321 -0.03504 0.04391
v 0.08333 -0.03471 0.04434
v 0.08334 -0.03422 0.04507
v 0.08373 -0.03300 -0.03133
v 0.08344 -0.03320 -0.00037
v 0.08379 -0.03320 0.00098
v 0.08394 -0.03320 0.00156
v 0.08284 -0.03320 0.00329
v 0.08299 -0.03320 0.00387
v 0.08344 -0.03320 0.00562
v 0.08384 -0.03320 0.00717
v 0.08399 -0.03320 0.00775
v 0.08380 -0.03327 0.04290
v 0.08392 -0.03314 0.04361
v 0.08354 -0.03308 0.04638
v 0.08288 -0.03200 -0.03296
v 0.08325 -0.03200 0.03276
v 0.08368 -0.03192 0.04709
v 0.08283 -0.03070 0.04618
v 0.08379 -0.03068 0.04736
v 0.08288 -0.02050 -0.03296
v 0.08352 -0.02050 0.04320
v 0.08298 -0.02050 0.04342
v 0.08283 -0.01670 0.04618
v 0.08299 0.01150 -0.04342
v 0.08299 0.01150 0.04342
v 0.08394 0.01450 -0.00785
v 0.08394 0.01450 0.00784
v 0.08429 -0.04232 0.04173
v 0.08468 -0.04242 0.04218
v 0.08494 -0.04206 0.04337
v 0.08507 -0.04092 -0.01846
v 0.08429 -0.04094 0.00328
v 0.08475 -0.04096 0.00518
v 0.08504 -0.04109 0.00685
v 0.08515 -0.04110 0.00745
v 0.08442 -0.04155 0.04366
v 0.08504 -0.04108 0.04450
v 0.08517 -0.04034 -0.01944
v 0.08470 -0.04016 -0.01893
v 0.08485 -0.03991 -0.00159
v 0.08418 -0.03999 0.01431
v 0.08469 -0.04010 0.04270
v 0.08466 -0.03995 0.04485
v 0.08480 -0.03914 -0.01937
v 0.08424 -0.03901 -0.01856
v 0.08467 -0.03888 -0.00161
v 0.08415 -0.03884 -0.00118
v 0.08482 -0.03907 0.01259
v 0.08519 -0.03907 0.01405
v 0.08415 -0.03912 0.04268
v 0.08478 -0.03892 0.04366
v 0.08450 -0.03889 0.04497
v 0.08469 -0.03794 -0.01937
v 0.08415 -0.03796 -0.01860
v 0.08462 -0.03790 -0.00165
v 0.08407 -0.03790 -0.00116
v 0.08411 -0.03827 0.00916
v 0.08426 -0.03827 0.00974
v 0.08434 -0.03700 0.00910
v 0.08449 -0.03700 0.00968
v 0.08406 -0.03505 0.04473
v 0.08409 -0.03368 0.04266
v 0.08473 -0.03370 0.04364
v 0.08452 -0.03438 0.04526
v 0.08454 -0.03363 0.04579
v 0.08475 -0.03320 -0.01940
v 0.08416 -0.03320 -0.01862
v 0.08465 -0.03320 -0.00171
v 0.08407 -0.03320 -0.00116
v 0.08435 -0.03320 0.00314
v 0.08485 -0.03320 0.00508
v 0.08434 -0.03320 0.00910
v 0.08449 -0.03320 0.00968
v 0.08418 -0.03344 0.04311
v 0.08444 -0.03316 0.04384
v 0.08455 -0.03254 0.04462
v 0.08474 -0.03294 0.04620
v 0.08462 -0.03182 0.04512
v 0.08425 -0.03227 0.04672
v 0.08455 -0.03133 0.04697
v 0.08472 -0.03088 0.04538
v 0.08475 -0.03030 0.04702
v 0.08463 -0.02050 -0.03697
v 0.08425 -0.02050 -0.03544
v 0.08449 -0.02050 -0.03398
v 0.08503 -0.02050 -0.03309
v 0.08477 -0.02050 0.03344
v 0.08435 -0.02050 0.03438
v 0.08422 -0.02050 0.03548
v 0.08441 -0.02050 0.03647
v 0.08494 -0.02050 0.03745
v 0.08443 -0.01950 -0.04389
v 0.08503 -0.02000 -0.03666
v 0.08472 -0.02000 -0.03523
v 0.08501 -0.02000 -0.03404
v 0.08479 -0.02000 0.03469
v 0.08489 -0.02000 0.03630
v 0.08503 -0.01900 -0.03666
v 0.08472 -0.01900 -0.03523
v 0.08511 -0.01900 -0.03385
v 0.08479 -0.01900 0.03469
v 0.08481 -0.01900 0.03605
v 0.08463 0.01010 -0.03697
v 0.08454 0.01010 0.03684
v 0.08508 0.01010 0.03748
v 0.08474 0.01150 -0.03785
v 0.08443 0.01120 -0.03704
v 0.08430 0.01127 0.03697
v 0.08492 0.01123 0.03765
v 0.08440 0.01373 -0.00804
v 0.08490 0.01373 -0.00669
v 0.08484 0.01371 0.00687
v 0.08424 0.01379 0.00842
v 0.08511 0.01450 -0.00400
v 0.08511 0.01450 0.00400
v 0.08626 -0.04210 -0.00172
v 0.08586 -0.04285 0.04143
v 0.08582 -0.04258 0.04279
v 0.08606 -0.04206 0.04385
v 0.08596 -0.04130 -0.01956
v 0.08581 -0.04169 -0.01886
v 0.08623 -0.04132 -0.00247
v 0.08578 -0.04143 -0.00180
v 0.08552 -0.04097 0.00033
v 0.08527 -0.04087 0.00680
v 0.08539 -0.04090 0.00738
v 0.08575 -0.04096 0.00905
v 0.08638 -0.04110 0.01219
v 0.08595 -0.04080 0.04195
v 0.08599 -0.04080 0.04205
v 0.08553 -0.04162 0.04423
v 0.08610 -0.04094 0.04490
v 0.08551 -0.04019 -0.01960
v 0.08616 -0.03981 -0.01145
v 0.08551 -0.04061 -0.00196
v 0.08560 -0.04060 -0.00000
v 0.08533 -0.04066 0.00031
v 0.08568 -0.04070 0.04239
v 0.08577 -0.03998 0.04368
v 0.08561 -0.04036 0.04511
v 0.08588 -0.03925 -0.01210
v 0.08588 -0.03888 -0.01143
v 0.08597 -0.03922 -0.01077
v 0.08585 -0.03894 -0.00007
v 0.08530 -0.03844 0.00030
v 0.08585 -0.03890 0.04419
v 0.08592 -0.03892 0.04548
v 0.08575 -0.03776 -0.01905
v 0.08618 -0.03776 -0.01737
v 0.08569 -0.03802 -0.01205
v 0.08579 -0.03790 -0.01142
v 0.08578 -0.03802 -0.01079
v 0.08605 -0.03819 -0.00026
v 0.08533 -0.03731 0.00023
v 0.08547 -0.03786 0.01242
v 0.08585 -0.03786 0.01388
v 0.08545 -0.03632 -0.01897
v 0.08588 -0.03632 -0.01733
v 0.08631 -0.03632 -0.01568
v 0.08632 -0.03695 -0.00120
v 0.08580 -0.03710 -0.00027
v 0.08526 -0.03600 0.00028
v 0.08570 -0.03650 0.01237
v 0.08607 -0.03650 0.01382
v 0.08544 -0.03600 -0.01897
v 0.08588 -0.03600 -0.01730
v 0.08630 -0.03600 -0.01568
v 0.08584 -0.03600 -0.00047
v 0.08570 -0.03520 0.04545
v 0.08546 -0.03370 0.04413
v 0.08579 -0.03408 0.04569
v 0.08544 -0.03320 -0.01897
v 0.08587 -0.03320 -0.01734
v 0.08630 -0.03320 -0.01568
v 0.08568 -0.03320 -0.01205
v 0.08579 -0.03320 -0.01142
v 0.08578 -0.03320 -0.01079
v 0.08586 -0.03320 -0.00053
v 0.08525 -0.03320 0.00037
v 0.08529 -0.03320 0.00679
v 0.08544 -0.03320 0.00737
v 0.08586 -0.03320 0.00900
v 0.08570 -0.03320 0.01237
v 0.08607 -0.03320 0.01382
v 0.08638 -0.03300 0.02958
v 0.08550 -0.03308 0.04429
v 0.08566 -0.03255 0.04453
v 0.08589 -0.03305 0.04600
v 0.08561 -0.03195 0.04479
v 0.08585 -0.03170 0.04641
v 0.08575 -0.03098 0.04494
v 0.08562 -0.03062 0.04664
v 0.08607 -0.02050 -0.04201
v 0.08613 -0.02050 -0.03844
v 0.08530 -0.02050 -0.03786
v 0.08582 -0.02050 -0.03238
v 0.08582 -0.02050 0.03238
v 0.08549 -0.02050 0.03263
v 0.08561 -0.02050 0.03811
v 0.08524 -0.02050 0.04242
v 0.08585 -0.02000 -0.03767
v 0.08535 -0.02000 -0.03717
v 0.08610 -0.02000 -0.03280
v 0.08571 -0.02000 0.03314
v 0.08539 -0.02000 0.03721
v 0.08579 -0.01950 0.04326
v 0.08585 -0.01900 -0.03767
v 0.08610 -0.01900 -0.03280
v 0.08577 -0.01900 0.03309
v 0.08539 -0.01900 0.03721
v 0.08558 0.01010 -0.03777
v 0.08602 0.01010 0.02788
v 0.08596 0.01010 0.03787
v 0.08560 0.01125 -0.03804
v 0.08580 0.01125 0.03809
v 0.08560 0.01400 -0.00410
v 0.08588 0.01368 -0.00220
v 0.08600 0.01400 -0.00000
v 0.08586 0.01371 0.00239
v 0.08560 0.01400 0.00410
v 0.08602 0.01350 0.02788
v 0.08550 0.01450 -0.00000
v 0.08701 -0.04235 -0.01952
v 0.08747 -0.04267 -0.01908
v 0.08728 -0.04217 -0.00245
v 0.08709 -0.04231 -0.00193
v 0.08692 -0.04287 0.04146
v 0.08714 -0.04254 0.04284
v 0.08701 -0.04226 0.04345
v 0.08698 -0.04163 -0.01996
v 0.08691 -0.04120 -0.01236
v 0.08725 -0.04143 -0.01153
v 0.08696 -0.04112 -0.01066
v 0.08681 -0.04184 -0.00252
v 0.08651 -0.04180 -0.00209
v 0.08710 -0.04098 -0.00019
v 0.08716 -0.04109 0.00006
v 0.08663 -0.04089 0.01213
v 0.08653 -0.04080 0.04178
v 0.08709 -0.04183 0.04410
v 0.08711 -0.04122 0.04464
v 0.08756 -0.04018 -0.01952
v 0.08663 -0.04068 -0.01148
v 0.08709 -0.04034 -0.00045
v 0.08671 -0.04054 0.04291
v 0.08696 -0.03998 0.04359
v 0.08684 -0.04028 0.04524
v 0.08712 -0.03926 -0.01975
v 0.08690 -0.03911 -0.01759
v 0.08732 -0.03911 -0.01594
v 0.08748 -0.03911 -0.01536
v 0.08734 -0.03915 -0.00140
v 0.08675 -0.03902 -0.00064
v 0.08702 -0.03892 0.04413
v 0.08705 -0.03894 0.04554
v 0.08701 -0.03826 -0.01973
v 0.08745 -0.03826 -0.01804
v 0.08660 -0.03776 -0.01575
v 0.08675 -0.03776 -0.01517
v 0.08719 -0.03776 -0.01348
v 0.08753 -0.03788 -0.01232
v 0.08757 -0.03779 -0.01188
v 0.08735 -0.03735 -0.00975
v 0.08742 -0.03776 -0.00915
v 0.08660 -0.03786 -0.00130
v 0.08650 -0.03795 -0.00083
v 0.08740 -0.03834 0.04413
v 0.08680 -0.03700 -0.01963
v 0.08730 -0.03700 -0.01773
v 0.08646 -0.03632 -0.01510
v 0.08681 -0.03632 -0.01374
v 0.08717 -0.03669 -0.01252
v 0.08733 -0.03666 -0.01160
v 0.08726 -0.03659 -0.01024
v 0.08716 -0.03673 -0.00908
v 0.08645 -0.03600 -0.01510
v 0.08680 -0.03600 -0.01374
v 0.08711 -0.03600 -0.01252
v 0.08728 -0.03600 -0.01127
v 0.08722 -0.03600 -0.01021
v 0.08710 -0.03600 -0.00907
v 0.08685 -0.03520 0.04559
v 0.08696 -0.03370 0.04422
v 0.08681 -0.03396 0.04571
v 0.08727 -0.03300 -0.02891
v 0.08680 -0.03320 -0.01966
v 0.08730 -0.03320 -0.01773
v 0.08645 -0.03320 -0.01510
v 0.08680 -0.03320 -0.01374
v 0.08709 -0.03320 -0.01261
v 0.08728 -0.03320 -0.01136
v 0.08721 -0.03320 -0.01012
v 0.08710 -0.03320 -0.00907
v 0.08667 -0.03320 0.01212
v 0.08724 -0.03272 0.04420
v 0.08641 -0.03291 0.04440
v 0.08702 -0.03305 0.04580
v 0.08697 -0.03200 0.03039
v 0.08696 -0.03185 0.04436
v 0.08655 -0.03163 0.04455
v 0.08702 -0.03157 0.04599
v 0.08642 -0.03091 0.04628
v 0.08709 -0.02050 -0.03877
v 0.08735 -0.02050 -0.03135
v 0.08747 -0.02050 0.03126
v 0.08697 -0.02050 0.03870
v 0.08711 -0.02050 0.04148
v 0.08658 -0.01950 -0.04287
v 0.08708 -0.02000 -0.03826
v 0.08687 -0.02000 -0.03229
v 0.08693 -0.02000 0.03225
v 0.08656 -0.02000 0.03809
v 0.08708 -0.01900 -0.03826
v 0.08687 -0.01900 -0.03229
v 0.08693 -0.01900 0.03225
v 0.08656 -0.01900 0.03809
v 0.08738 -0.01670 0.04415
v 0.08691 -0.01670 0.04605
v 0.08704 0.01010 -0.03772
v 0.08672 0.01010 -0.02734
v 0.08719 0.01010 0.03769
v 0.08716 0.01150 -0.04145
v 0.08706 0.01125 -0.03797
v 0.08712 0.01125 0.03797
v 0.08716 0.01150 0.04145
v 0.08672 0.01350 -0.02734
v 0.08868 -0.04202 -0.02042
v 0.08822 -0.04252 -0.01992
v 0.08800 -0.04206 -0.01158
v 0.08818 -0.04263 -0.00206
v 0.08782 -0.04248 0.04268
v 0.08868 -0.04190 -0.02043
v 0.08792 -0.04182 -0.02023
v 0.08773 -0.04198 -0.01258
v 0.08788 -0.04198 -0.01056
v 0.08810 -0.04103 -0.00046
v 0.08845 -0.04103 0.01166
v 0.08805 -0.04166 0.04390
v 0.08859 -0.04018 -0.02040
v 0.08874 -0.04018 -0.01982
v 0.08791 -0.04018 -0.01816
v 0.08806 -0.04018 -0.01758
v 0.08849 -0.04018 -0.01593
v 0.08865 -0.03962 -0.01260
v 0.08874 -0.03970 -0.00949
v 0.08848 -0.04023 -0.00172
v 0.08796 -0.04072 -0.00074
v 0.08812 -0.04063 0.01174
v 0.08873 -0.04078 0.04437
v 0.08825 -0.04022 0.04492
v 0.08775 -0.03937 -0.01956
v 0.08810 -0.03937 -0.01821
v 0.08825 -0.03937 -0.01763
v 0.08867 -0.03937 -0.01598
v 0.08790 -0.03911 -0.01372
v 0.08819 -0.03904 -0.01236
v 0.08815 -0.03882 -0.01160
v 0.08831 -0.03911 -0.01028
v 0.08796 -0.03876 -0.00929
v 0.08762 -0.03943 -0.00167
v 0.08766 -0.03877 0.04396
v 0.08826 -0.03888 0.04527
v 0.08760 -0.03826 -0.01746
v 0.08795 -0.03826 -0.01610
v 0.08810 -0.03826 -0.01552
v 0.08853 -0.03826 -0.01388
v 0.08765 -0.03790 -0.01148
v 0.08767 -0.03808 -0.01023
v 0.08773 -0.03700 -0.01605
v 0.08788 -0.03700 -0.01547
v 0.08830 -0.03700 -0.01386
v 0.08873 -0.03700 -0.01218
v 0.08871 -0.03669 0.01159
v 0.08818 -0.03520 0.04536
v 0.08823 -0.03403 0.04535
v 0.08773 -0.03320 -0.01605
v 0.08788 -0.03320 -0.01547
v 0.08830 -0.03320 -0.01385
v 0.08873 -0.03320 -0.01218
v 0.08828 -0.03320 0.01170
v 0.08793 -0.03330 0.04550
v 0.08802 -0.03200 -0.02960
v 0.08778 -0.03209 0.04563
v 0.08822 -0.02050 -0.03879
v 0.08836 -0.02050 -0.03085
v 0.08802 -0.02050 -0.02960
v 0.08843 -0.02050 0.03083
v 0.08864 -0.02050 0.03870
v 0.08801 -0.01950 -0.04212
v 0.08854 -0.02000 -0.03821
v 0.08785 -0.02000 -0.03163
v 0.08775 -0.02000 0.03168
v 0.08798 -0.02000 0.03831
v 0.08859 -0.01950 0.04180
v 0.08854 -0.01900 -0.03821
v 0.08785 -0.01900 -0.03163
v 0.08775 -0.01900 0.03168
v 0.08798 -0.01900 0.03831
v 0.08805 0.01050 -0.04210
v 0.08859 0.01050 0.04180
v 0.08888 -0.04285 -0.01967
v 0.08906 -0.04267 -0.01292
v 0.08933 -0.04266 -0.01168
v 0.08924 -0.04267 -0.01041
v 0.08938 -0.04287 -0.00172
v 0.08890 -0.04087 -0.01986
v 0.08925 -0.04087 -0.01851
v 0.08940 -0.04087 -0.01793
v 0.08983 -0.04087 -0.01628
v 0.08997 -0.04087 -0.00252
v 0.08959 -0.04103 -0.00148
v 0.08894 -0.04103 -0.00097
v 0.08993 -0.04080 0.03984
v 0.08978 -0.04057 -0.02071
v 0.08993 -0.04057 -0.02013
v 0.08909 -0.04018 -0.01846
v 0.08924 -0.04018 -0.01788
v 0.08966 -0.04018 -0.01624
v 0.08899 -0.04018 -0.01397
v 0.08936 -0.04018 -0.01254
v 0.08948 -0.04018 -0.01175
v 0.08952 -0.04024 -0.01016
v 0.08943 -0.04067 -0.00232
v 0.08917 -0.03937 -0.01405
v 0.08960 -0.03937 -0.01240
v 0.08975 -0.03937 -0.01182
v 0.08987 -0.03940 0.01129
v 0.08898 -0.03959 0.04483
v 0.08895 -0.03826 -0.01223
v 0.08910 -0.03826 -0.01165
v 0.08953 -0.03826 -0.01001
v 0.08909 -0.03826 0.01149
v 0.08946 -0.03826 0.01294
v 0.08887 -0.03840 0.04507
v 0.08888 -0.03700 -0.01159
v 0.08931 -0.03700 -0.00995
v 0.08909 -0.03671 0.01304
v 0.08887 -0.03520 0.04507
v 0.08881 -0.03445 0.04510
v 0.08888 -0.03320 -0.01159
v 0.08930 -0.03320 -0.00998
v 0.08908 -0.03320 0.01304
v 0.08970 -0.03300 0.02687
v 0.08954 -0.02050 -0.04008
v 0.08925 -0.02050 -0.03847
v 0.08961 -0.02050 -0.03827
v 0.08947 -0.02050 -0.03070
v 0.08944 -0.02050 0.03070
v 0.08961 -0.02050 0.03827
v 0.08934 -0.02000 -0.03785
v 0.08946 -0.02000 -0.03120
v 0.08946 -0.02000 0.03122
v 0.08934 -0.02000 0.03785
v 0.08962 -0.01950 0.04120
v 0.08934 -0.01900 -0.03785
v 0.08946 -0.01900 -0.03120
v 0.08911 -0.01900 0.03121
v 0.08934 -0.01900 0.03785
v 0.09053 -0.04290 -0.01330
v 0.09077 -0.04290 -0.01178
v 0.09075 -0.04290 -0.01025
v 0.09023 -0.04290 0.03906
v 0.09059 -0.04285 0.03960
v 0.09038 -0.04110 -0.02025
v 0.09081 -0.04110 -0.01860
v 0.09026 -0.04087 -0.01463
v 0.09072 -0.04091 -0.01361
v 0.09063 -0.04082 -0.01238
v 0.09079 -0.04087 -0.01002
v 0.09092 -0.04107 -0.00266
v 0.09041 -0.04109 -0.00204
v 0.09112 -0.04050 -0.02072
v 0.09036 -0.04057 -0.01848
v 0.09079 -0.04057 -0.01684
v 0.09094 -0.04057 -0.01626
v 0.09009 -0.04018 -0.01459
v 0.09024 -0.04018 -0.01401
v 0.09053 -0.04049 -0.01243
v 0.09048 -0.04072 -0.01126
v 0.09061 -0.04048 -0.01039
v 0.09088 -0.04016 0.01103
v 0.09044 -0.04061 0.04066
v 0.09088 -0.04006 0.04135
v 0.09017 -0.03937 -0.01021
v 0.09024 -0.03940 0.01274
v 0.09116 -0.03924 0.04181
v 0.09009 -0.03830 0.04267
v 0.09051 -0.03300 -0.02610
v 0.09103 -0.03300 0.02032
v 0.09077 -0.03300 0.02126
v 0.09098 -0.03300 0.02220
v 0.09038 -0.03200 0.02760
v 0.09103 -0.03100 0.02032
v 0.09077 -0.03100 0.02126
v 0.09098 -0.03100 0.02220
v 0.09058 -0.02050 -0.03091
v 0.09038 -0.02050 0.03084
v 0.09053 -0.02050 0.03946
v 0.09024 -0.02000 -0.03726
v 0.09112 -0.02000 -0.03664
v 0.09085 -0.02000 -0.03158
v 0.09055 -0.02000 0.03144
v 0.09030 -0.02000 0.03722
v 0.09024 -0.01900 -0.03726
v 0.09112 -0.01900 -0.03664
v 0.09085 -0.01900 -0.03158
v 0.09055 -0.01900 0.03144
v 0.09030 -0.01900 0.03722
v 0.09111 0.01150 -0.03908
v 0.09111 0.01150 0.03908
v 0.09126 -0.04248 0.04065
v 0.09123 -0.04110 -0.01695
v 0.09138 -0.04110 -0.01637
v 0.09181 -0.04110 -0.01473
v 0.09207 -0.04110 -0.01370
v 0.09176 -0.04106 -0.01270
v 0.09198 -0.04106 -0.01122
v 0.09193 -0.04106 -0.01022
v 0.09157 -0.04110 -0.00310
v 0.09185 -0.04177 0.04157
v 0.09227 -0.03997 -0.02102
v 0.09162 -0.04050 -0.01878
v 0.09204 -0.04050 -0.01716
v 0.09219 -0.04050 -0.01658
v 0.09129 -0.04057 -0.01490
v 0.09144 -0.04057 -0.01432
v 0.09186 -0.04057 -0.01267
v 0.09229 -0.04057 -0.01103
v 0.09124 -0.04018 -0.01014
v 0.09216 -0.04057 0.01069
v 0.09126 -0.04016 0.01248
v 0.09231 -0.04078 0.04227
v 0.09124 -0.03877 0.04192
v 0.09151 -0.03830 0.04180
v 0.09141 -0.03840 0.04363
v 0.09184 -0.03300 0.01954
v 0.09150 -0.03300 0.02286
v 0.09196 -0.03200 0.02009
v 0.09131 -0.03200 0.02115
v 0.09173 -0.03200 0.02234
v 0.09130 -0.03200 0.02429
v 0.09201 -0.03200 0.02601
v 0.09186 -0.03100 0.01993
v 0.09131 -0.03100 0.02118
v 0.09173 -0.03100 0.02234
v 0.09150 -0.03100 0.02286
v 0.09123 -0.02050 -0.03900
v 0.09177 -0.02050 -0.03671
v 0.09197 -0.02050 -0.03191
v 0.09130 -0.02050 0.02429
v 0.09201 -0.02050 0.02601
v 0.09180 -0.02050 0.03173
v 0.09198 -0.02050 0.03648
v 0.09127 -0.01950 -0.04017
v 0.09173 -0.02000 -0.03607
v 0.09215 -0.02000 -0.03535
v 0.09237 -0.02000 -0.03392
v 0.09190 -0.02000 -0.03257
v 0.09172 -0.02000 0.03232
v 0.09215 -0.02000 0.03305
v 0.09237 -0.02000 0.03448
v 0.09190 -0.02000 0.03584
v 0.09123 -0.02000 0.03656
v 0.09173 -0.01900 -0.03607
v 0.09215 -0.01900 -0.03535
v 0.09237 -0.01900 -0.03392
v 0.09190 -0.01900 -0.03257
v 0.09172 -0.01900 0.03232
v 0.09215 -0.01900 0.03305
v 0.09237 -0.01900 0.03448
v 0.09190 -0.01900 0.03584
v 0.09123 -0.01900 0.03656
v 0.09171 -0.01670 0.04167
v 0.09136 -0.01670 0.04366
v 0.09167 0.01050 -0.03991
v 0.09128 0.01010 -0.03498
v 0.09178 0.01010 -0.02240
v 0.09120 0.01010 0.02307
v 0.09125 0.01010 0.03500
v 0.09167 0.01050 0.03991
v 0.09143 0.01125 -0.03518
v 0.09139 0.01123 0.03518
v 0.09178 0.01350 -0.02240
v 0.09120 0.01350 0.02307
v 0.09352 -0.04290 0.03672
v 0.09289 -0.04110 -0.02089
v 0.09333 -0.04080 0.03750
v 0.09269 -0.03997 -0.01939
v 0.09284 -0.03997 -0.01881
v 0.09325 -0.03997 -0.01719
v 0.09261 -0.04050 -0.01494
v 0.09304 -0.04050 -0.01329
v 0.09319 -0.04050 -0.01271
v 0.09354 -0.04050 -0.01135
v 0.09244 -0.04057 -0.01045
v 0.09350 -0.04051 0.01035
v 0.09254 -0.04057 0.01215
v 0.09289 -0.03939 -0.02123
v 0.09332 -0.03939 -0.01956
v 0.09347 -0.03939 -0.01898
v 0.09259 -0.03959 0.04270
v 0.09347 -0.03827 -0.02166
v 0.09253 -0.03830 0.04114
v 0.09268 -0.03840 0.04284
v 0.09340 -0.03300 -0.02293
v 0.09314 -0.03300 0.01940
v 0.09267 -0.03300 0.02381
v 0.09255 -0.03200 -0.02545
v 0.09304 -0.03200 0.01986
v 0.09298 -0.03200 0.02276
v 0.09344 -0.03200 0.02444
v 0.09252 -0.03200 0.02547
v 0.09309 -0.03100 0.01963
v 0.09296 -0.03100 0.02276
v 0.09344 -0.03100 0.02444
v 0.09284 -0.02050 -0.03787
v 0.09262 -0.02050 -0.03554
v 0.09287 -0.02050 -0.03444
v 0.09277 -0.02050 -0.03332
v 0.09347 -0.02050 -0.03155
v 0.09255 -0.02050 -0.02545
v 0.09252 -0.02050 0.02547
v 0.09338 -0.02050 0.02709
v 0.09347 -0.02050 0.03136
v 0.09261 -0.02050 0.03286
v 0.09287 -0.02050 0.03396
v 0.09277 -0.02050 0.03509
v 0.09307 -0.01950 0.03894
v 0.09412 -0.04224 -0.02174
v 0.09429 -0.04280 -0.02119
v 0.09434 -0.04240 0.01194
v 0.09427 -0.04279 0.01222
v 0.09430 -0.04267 0.03773
v 0.09438 -0.04187 -0.02190
v 0.09382 -0.04093 -0.02113
v 0.09394 -0.04106 -0.01984
v 0.09409 -0.04110 -0.01914
v 0.09480 -0.04110 -0.01788
v 0.09428 -0.04080 0.01195
v 0.09463 -0.04065 -0.02102
v 0.09376 -0.03997 -0.01526
v 0.09419 -0.03997 -0.01359
v 0.09434 -0.03997 -0.01301
v 0.09469 -0.03997 -0.01165
v 0.09369 -0.04050 -0.01077
v 0.09475 -0.03999 0.01003
v 0.09388 -0.04051 0.01180
v 0.09391 -0.04061 0.03827
v 0.09440 -0.04006 0.03892
v 0.09390 -0.03939 -0.01733
v 0.09432 -0.03939 -0.01569
v 0.09448 -0.03939 -0.01511
v 0.09472 -0.03924 0.03935
v 0.09362 -0.03827 -0.02108
v 0.09397 -0.03827 -0.01973
v 0.09412 -0.03827 -0.01915
v 0.09455 -0.03827 -0.01749
v 0.09386 -0.03840 0.04205
v 0.09370 -0.03700 -0.02172
v 0.09385 -0.03700 -0.02114
v 0.09428 -0.03700 -0.01947
v 0.09470 -0.03700 -0.01785
v 0.09370 -0.03320 -0.02172
v 0.09385 -0.03320 -0.02114
v 0.09428 -0.03320 -0.01946
v 0.09470 -0.03320 -0.01785
v 0.09403 -0.03300 0.01976
v 0.09418 -0.03200 -0.02356
v 0.09410 -0.03200 0.02071
v 0.09410 -0.03200 0.02192
v 0.09403 -0.03100 0.01976
v 0.09412 -0.03100 0.02075
v 0.09403 -0.03100 0.02204
v 0.09403 -0.02050 -0.03315
v 0.09361 -0.02050 -0.03056
v 0.09434 -0.02050 -0.02939
v 0.09479 -0.02050 0.02277
v 0.09396 -0.02050 0.02850
v 0.09434 -0.02050 0.02939
v 0.09362 -0.02050 0.03051
v 0.09360 -0.02050 0.03235
v 0.09405 -0.02050 0.03324
v 0.09469 -0.02050 0.03389
v 0.09377 -0.02050 0.03716
v 0.09416 -0.01950 -0.03813
v 0.09444 -0.02000 -0.03288
v 0.09424 -0.01974 -0.03155
v 0.09434 -0.01986 -0.03048
v 0.09451 -0.02000 0.02991
v 0.09430 -0.01983 0.03065
v 0.09422 -0.01977 0.03165
v 0.09423 -0.02000 0.03258
v 0.09438 -0.01950 0.03796
v 0.09446 -0.01750 -0.03291
v 0.09416 -0.01750 -0.03149
v 0.09447 -0.01750 -0.03042
v 0.09440 -0.01750 0.03058
v 0.09424 -0.01750 0.03167
v 0.09423 -0.01750 0.03258
v 0.09389 0.01050 -0.03833
v 0.09438 0.01050 0.03796
v 0.09524 -0.04229 -0.02193
v 0.09550 -0.04268 -0.02137
v 0.09533 -0.04247 0.01180
v 0.09507 -0.04281 0.01219
v 0.09519 -0.04179 -0.02210
v 0.09496 -0.04091 -0.01954
v 0.09550 -0.04098 -0.01826
v 0.09532 -0.04107 -0.01754
v 0.09585 -0.04110 -0.01608
v 0.09586 -0.04196 0.01155
v 0.09535 -0.04177 0.03908
v 0.09530 -0.03997 -0.02138
v 0.09562 -0.04050 -0.01995
v 0.09595 -0.04067 -0.01896
v 0.09484 -0.03997 -0.01107
v 0.09533 -0.04033 0.01162
v 0.09587 -0.04078 0.03974
v 0.09579 -0.03888 -0.02165
v 0.09584 -0.03911 -0.02147
v 0.09483 -0.03939 -0.01375
v 0.09498 -0.03939 -0.01317
v 0.09539 -0.03939 -0.01155
v 0.09576 -0.03907 0.00977
v 0.09481 -0.03877 0.03946
v 0.09591 -0.03810 -0.02167
v 0.09498 -0.03827 -0.01586
v 0.09513 -0.03827 -0.01527
v 0.09556 -0.03827 -0.01362
v 0.09598 -0.03827 -0.01198
v 0.09537 -0.03830 0.03909
v 0.09556 -0.03840 0.04083
v 0.09485 -0.03700 -0.01727
v 0.09520 -0.03700 -0.01591
v 0.09535 -0.03700 -0.01533
v 0.09579 -0.03700 -0.01365
v 0.09571 -0.03320 -0.02196
v 0.09589 -0.03300 -0.01944
v 0.09485 -0.03320 -0.01727
v 0.09520 -0.03320 -0.01591
v 0.09535 -0.03320 -0.01533
v 0.09560 -0.03309 -0.01371
v 0.09561 -0.03300 -0.01238
v 0.09534 -0.03270 0.02082
v 0.09585 -0.03200 -0.01359
v 0.09595 -0.03200 -0.01282
v 0.09589 -0.03200 0.02127
v 0.09557 -0.03100 -0.01370
v 0.09578 -0.03100 -0.01260
v 0.09589 -0.03100 0.02127
v 0.09594 -0.02050 -0.03538
v 0.09551 -0.02050 -0.02862
v 0.09588 -0.02050 -0.02548
v 0.09570 -0.02050 -0.02442
v 0.09583 -0.02050 -0.02344
v 0.09553 -0.02050 -0.02220
v 0.09576 -0.02050 0.02372
v 0.09572 -0.02050 0.02475
v 0.09556 -0.02050 0.02861
v 0.09534 -0.01950 -0.03303
v 0.09535 -0.01980 -0.02950
v 0.09551 -0.01978 0.02941
v 0.09495 -0.01950 0.03017
v 0.09525 -0.01966 0.03320
v 0.09526 -0.01750 -0.03297
v 0.09539 -0.01750 -0.02959
v 0.09539 -0.01750 0.02948
v 0.09495 -0.01750 0.03017
v 0.09520 -0.01750 0.03326
v 0.09576 -0.01670 0.03878
v 0.09556 -0.01670 0.04083
v 0.09510 0.01010 -0.03158
v 0.09550 0.01010 -0.03066
v 0.09577 0.01010 -0.01649
v 0.09584 0.01010 0.01636
v 0.09531 0.01010 0.01733
v 0.09548 0.01010 0.03069
v 0.09510 0.01010 0.03156
v 0.09482 0.01150 -0.03633
v 0.09532 0.01124 -0.03167
v 0.09564 0.01119 -0.03075
v 0.09584 0.01100 -0.01636
v 0.09584 0.01100 0.01636
v 0.09558 0.01116 0.03079
v 0.09533 0.01125 0.03169
v 0.09482 0.01150 0.03633
v 0.09574 0.01350 -0.01656
v 0.09531 0.01350 0.01733
v 0.09655 -0.04216 -0.02173
v 0.09640 -0.04286 -0.01839
v 0.09643 -0.04288 -0.01774
v 0.09684 -0.04282 -0.01636
v 0.09640 -0.04287 -0.01549
v 0.09671 -0.04286 -0.01401
v 0.09637 -0.04221 0.01176
v 0.09683 -0.04288 0.03434
v 0.09654 -0.04137 -0.02227
v 0.09623 -0.04089 -0.01763
v 0.09665 -0.04097 -0.01625
v 0.09652 -0.04107 -0.01528
v 0.09684 -0.04110 -0.01401
v 0.09677 -0.04147 0.01139
v 0.09651 -0.04080 0.03487
v 0.09692 -0.04021 -0.02255
v 0.09640 -0.03991 -0.01981
v 0.09665 -0.04047 -0.01835
v 0.09695 -0.04058 -0.01750
v 0.09716 -0.04061 0.03559
v 0.09715 -0.03916 -0.02262
v 0.09663 -0.03886 -0.02042
v 0.09699 -0.03898 -0.01978
v 0.09631 -0.03924 0.01131
v 0.09619 -0.03959 0.04015
v 0.09674 -0.03810 -0.02044
v 0.09707 -0.03810 -0.01991
v 0.09613 -0.03827 -0.01140
v 0.09641 -0.03786 0.00960
v 0.09676 -0.03799 0.01113
v 0.09712 -0.03830 0.03767
v 0.09622 -0.03840 0.04033
v 0.09620 -0.03700 -0.01204
v 0.09635 -0.03700 -0.01146
v 0.09664 -0.03650 0.00954
v 0.09701 -0.03650 0.01099
v 0.09674 -0.03320 -0.02044
v 0.09707 -0.03320 -0.01991
v 0.09635 -0.03300 -0.01511
v 0.09620 -0.03320 -0.01204
v 0.09632 -0.03307 -0.01161
v 0.09664 -0.03320 0.00954
v 0.09688 -0.03320 0.01114
v 0.09633 -0.03200 -0.02061
v 0.09676 -0.03200 -0.01478
v 0.09615 -0.03200 -0.01431
v 0.09642 -0.03200 -0.01220
v 0.09714 -0.03200 -0.01191
v 0.09613 -0.03200 0.02091
v 0.09654 -0.03100 -0.01500
v 0.09615 -0.03100 -0.01431
v 0.09642 -0.03100 -0.01220
v 0.09672 -0.03100 -0.01180
v 0.09718 -0.02350 -0.02262
v 0.09636 -0.02050 -0.02847
v 0.09673 -0.02050 -0.02680
v 0.09626 -0.02050 -0.02247
v 0.09633 -0.02050 -0.02061
v 0.09625 -0.02050 0.02073
v 0.09626 -0.02050 0.02250
v 0.09606 -0.02050 0.02593
v 0.09662 -0.02050 0.02717
v 0.09655 -0.02050 0.02847
v 0.09617 -0.02050 0.03518
v 0.09660 -0.01950 -0.03613
v 0.09618 -0.02000 -0.03489
v 0.09673 -0.01950 -0.03345
v 0.09660 -0.01980 -0.02919
v 0.09643 -0.02000 -0.02553
v 0.09625 -0.02000 -0.02460
v 0.09668 -0.02000 -0.02275
v 0.09676 -0.02000 0.02264
v 0.09638 -0.02000 0.02343
v 0.09620 -0.02000 0.02446
v 0.09658 -0.02000 0.02585
v 0.09645 -0.01978 0.02920
v 0.09647 -0.01950 0.03347
v 0.09639 -0.02000 0.03470
v 0.09693 -0.01950 0.03584
v 0.09606 -0.01950 0.03659
v 0.09698 -0.01879 -0.03579
v 0.09643 -0.01900 -0.02553
v 0.09621 -0.01900 -0.02411
v 0.09668 -0.01900 -0.02275
v 0.09676 -0.01900 0.02264
v 0.09652 -0.01900 0.02303
v 0.09620 -0.01900 0.02446
v 0.09658 -0.01900 0.02585
v 0.09698 -0.01750 -0.03579
v 0.09673 -0.01750 -0.03345
v 0.09663 -0.01750 -0.02922
v 0.09643 -0.01750 0.02916
v 0.09647 -0.01750 0.03347
v 0.09636 0.01010 -0.03020
v 0.09693 0.01010 -0.02991
v 0.09693 0.01010 0.02991
v 0.09642 0.01010 0.03018
v 0.09657 0.01124 -0.03038
v 0.09693 0.01100 -0.02991
v 0.09607 0.01150 -0.01591
v 0.09607 0.01150 0.01591
v 0.09693 0.01100 0.02991
v 0.09651 0.01126 0.03041
v 0.09798 -0.04223 -0.01931
v 0.09783 -0.04247 -0.01846
v 0.09751 -0.04267 -0.01725
v 0.09797 -0.04239 -0.01631
v 0.09794 -0.04245 -0.01516
v 0.09771 -0.04271 -0.01355
v 0.09781 -0.04282 -0.01251
v 0.09780 -0.04287 -0.01164
v 0.09790 -0.04248 0.03549
v 0.09749 -0.04126 -0.02200
v 0.09760 -0.04095 -0.01447
v 0.09782 -0.04096 -0.01390
v 0.09771 -0.04107 -0.01259
v 0.09788 -0.04108 -0.01177
v 0.09735 -0.04126 0.01152
v 0.09785 -0.04011 -0.02231
v 0.09743 -0.03972 -0.01837
v 0.09761 -0.03996 -0.01770
v 0.09792 -0.04025 -0.01641
v 0.09805 -0.04064 -0.01511
v 0.09774 -0.04002 0.01125
v 0.09770 -0.04006 0.03619
v 0.09787 -0.03900 -0.02247
v 0.09786 -0.03888 -0.01836
v 0.09811 -0.03911 -0.01777
v 0.09798 -0.03890 0.01124
v 0.09812 -0.03897 0.03665
v 0.09799 -0.03810 -0.01834
v 0.09819 -0.03830 0.03673
v 0.09796 -0.03320 -0.01841
v 0.09792 -0.03300 -0.01576
v 0.09750 -0.03300 -0.01144
v 0.09799 -0.03320 0.01127
v 0.09777 -0.03309 0.01734
v 0.09765 -0.03200 -0.01483
v 0.09808 -0.03200 -0.01211
v 0.09817 -0.03200 0.01750
v 0.09769 -0.03100 -0.01482
v 0.09809 -0.03100 -0.01211
v 0.09772 -0.03100 -0.01147
v 0.09832 -0.02284 -0.02282
v 0.09786 -0.02317 -0.02262
v 0.09835 -0.02300 0.01770
v 0.09810 -0.02267 -0.02285
v 0.09778 -0.02280 -0.02278
v 0.09824 -0.02050 -0.02905
v 0.09774 -0.02050 -0.02806
v 0.09738 -0.02050 -0.02082
v 0.09826 -0.02050 -0.01989
v 0.09782 -0.02050 -0.01865
v 0.09808 -0.02050 0.02004
v 0.09738 -0.02050 0.02082
v 0.09741 -0.02050 0.02739
v 0.09754 -0.02050 0.02867
v 0.09824 -0.02050 0.02906
v 0.09768 -0.01950 -0.03305
v 0.09831 -0.01950 -0.03223
v 0.09831 -0.01950 -0.03070
v 0.09767 -0.01975 -0.02958
v 0.09765 -0.02000 -0.02693
v 0.09725 -0.02000 -0.02193
v 0.09780 -0.02000 -0.02110
v 0.09780 -0.02000 0.02110
v 0.09729 -0.02000 0.02187
v 0.09791 -0.02000 0.02707
v 0.09776 -0.01987 0.02951
v 0.09810 -0.01950 0.03031
v 0.09839 -0.01950 0.03202
v 0.09759 -0.01950 0.03306
v 0.09768 -0.01900 -0.02694
v 0.09725 -0.01900 -0.02193
v 0.09780 -0.01900 -0.02110
v 0.09780 -0.01900 0.02110
v 0.09729 -0.01900 0.02187
v 0.09757 -0.01900 0.02690
v 0.09730 -0.01879 0.03550
v 0.09768 -0.01750 -0.03305
v 0.09831 -0.01750 -0.03223
v 0.09831 -0.01750 -0.03070
v 0.09767 -0.01750 -0.02958
v 0.09773 -0.01750 0.02953
v 0.09810 -0.01750 0.03031
v 0.09839 -0.01750 0.03202
v 0.09759 -0.01750 0.03306
v 0.09730 -0.01750 0.03550
v 0.09838 0.01010 -0.01024
v 0.09838 0.01010 0.01024
v 0.09823 0.01150 -0.03323
v 0.09729 0.01150 -0.03026
v 0.09830 0.01127 -0.01050
v 0.09831 0.01123 0.01046
v 0.09818 0.01150 0.01087
v 0.09729 0.01150 0.03026
v 0.09823 0.01150 0.03323
v 0.09818 0.01350 0.01087
v 0.09870 -0.04223 -0.01396
v 0.09898 -0.04249 -0.01250
v 0.09931 -0.04272 -0.01120
v 0.09892 -0.04290 -0.01009
v 0.09924 -0.04290 0.03146
v 0.09874 -0.04140 -0.01976
v 0.09914 -0.04141 -0.01876
v 0.09923 -0.04140 -0.01720
v 0.09918 -0.04139 -0.01590
v 0.09891 -0.04173 -0.01555
v 0.09926 -0.04173 -0.01419
v 0.09862 -0.04090 -0.01236
v 0.09886 -0.04106 -0.00952
v 0.09900 -0.04110 -0.00718
v 0.09941 -0.04110 -0.00487
v 0.09950 -0.04110 -0.00417
v 0.09946 -0.04110 0.00446
v 0.09909 -0.04110 0.00676
v 0.09866 -0.04109 0.00901
v 0.09945 -0.04080 0.03197
v 0.09864 -0.04177 0.03629
v 0.09936 -0.04003 -0.02012
v 0.09857 -0.03988 -0.01594
v 0.09895 -0.04000 -0.01482
v 0.09908 -0.04021 -0.01394
v 0.09931 -0.04051 -0.01253
v 0.09921 -0.04078 0.03690
v 0.09891 -0.03890 -0.02122
v 0.09952 -0.03890 -0.02021
v 0.09868 -0.03887 -0.01681
v 0.09900 -0.03900 -0.01609
v 0.09954 -0.03890 -0.01497
v 0.09956 -0.03959 0.03728
v 0.09879 -0.03810 -0.01684
v 0.09905 -0.03810 -0.01629
v 0.09940 -0.03830 0.03559
v 0.09945 -0.03840 0.03760
v 0.09848 -0.03840 0.03847
v 0.09879 -0.03320 -0.01684
v 0.09905 -0.03320 -0.01629
v 0.09945 -0.03300 -0.01206
v 0.09906 -0.03300 0.01313
v 0.09912 -0.03320 0.01673
v 0.09917 -0.03320 0.01691
v 0.09886 -0.03200 -0.01611
v 0.09869 -0.03200 -0.01396
v 0.09866 -0.03200 -0.01278
v 0.09913 -0.03200 0.01554
v 0.09886 -0.03100 -0.01611
v 0.09914 -0.03100 -0.01551
v 0.09866 -0.03100 -0.01401
v 0.09868 -0.03100 -0.01280
v 0.09921 -0.02647 0.01673
v 0.09940 -0.02648 0.01689
v 0.09944 -0.02558 0.01549
v 0.09924 -0.02599 0.01633
v 0.09878 -0.02622 0.01686
v 0.09859 -0.02283 -0.02285
v 0.09855 -0.02299 -0.02256
v 0.09891 -0.02350 -0.02122
v 0.09954 -0.02339 -0.02022
v 0.09954 -0.02292 0.01543
v 0.09937 -0.02290 0.01662
v 0.09953 -0.02292 0.01764
v 0.09856 -0.02259 -0.02296
v 0.09943 -0.02260 0.01553
v 0.09921 -0.02259 0.01635
v 0.09929 -0.02262 0.01755
v 0.09955 -0.02260 0.01822
v 0.09889 -0.02050 -0.02969
v 0.09907 -0.02050 -0.02788
v 0.09943 -0.02050 -0.01934
v 0.09914 -0.02050 -0.01551
v 0.09926 -0.02050 0.01553
v 0.09915 -0.02050 0.01667
v 0.09930 -0.02050 0.01771
v 0.09890 -0.02050 0.01952
v 0.09891 -0.02050 0.02784
v 0.09852 -0.02050 0.02928
v 0.09847 -0.01950 -0.03147
v 0.09850 -0.02000 -0.03001
v 0.09890 -0.02000 -0.02733
v 0.09885 -0.02000 -0.02011
v 0.09904 -0.02000 0.02001
v 0.09892 -0.02000 0.02737
v 0.09844 -0.01950 0.03113
v 0.09935 -0.01900 -0.02738
v 0.09885 -0.01900 -0.02011
v 0.09885 -0.01900 0.02011
v 0.09892 -0.01900 0.02737
v 0.09913 -0.01750 -0.03375
v 0.09847 -0.01750 -0.03147
v 0.09850 -0.01750 -0.03001
v 0.09844 -0.01750 0.03113
v 0.09956 -0.01750 0.03331
v 0.09951 -0.01670 0.03549
v 0.09945 -0.01670 0.03760
v 0.09913 0.01050 -0.03375
v 0.09844 0.01010 -0.01003
v 0.09956 0.01050 0.03331
v 0.09844 0.01350 -0.01003
v 0.10005 -0.04223 -0.01201
v 0.10059 -0.04233 -0.01137
v 0.10009 -0.04282 -0.01009
v 0.10007 -0.04287 -0.00928
v 0.10034 -0.04290 -0.00684
v 0.10071 -0.04290 -0.00456
v 0.10069 -0.04290 0.00469
v 0.10032 -0.04290 0.00698
v 0.10003 -0.04288 0.00924
v 0.09995 -0.04263 0.00985
v 0.10064 -0.04263 0.03110
v 0.10034 -0.04269 0.03197
v 0.10042 -0.04256 0.03271
v 0.10009 -0.04112 -0.01376
v 0.10022 -0.04173 -0.01272
v 0.09968 -0.04104 -0.00692
v 0.10011 -0.04104 -0.00424
v 0.09966 -0.04110 -0.00255
v 0.10033 -0.04104 -0.00154
v 0.09975 -0.04110 -0.00021
v 0.10034 -0.04104 0.00117
v 0.09968 -0.04110 0.00213
v 0.10015 -0.04104 0.00388
v 0.09975 -0.04104 0.00656
v 0.09984 -0.04086 0.00871
v 0.10026 -0.04188 0.01015
v 0.09971 -0.04009 -0.01934
v 0.09995 -0.04006 -0.01851
v 0.10002 -0.04006 -0.01765
v 0.09995 -0.03990 -0.01606
v 0.10018 -0.04000 -0.01457
v 0.10065 -0.04043 -0.01353
v 0.09999 -0.03979 -0.01271
v 0.10034 -0.04032 -0.00992
v 0.10062 -0.04066 -0.00711
v 0.10069 -0.04066 0.00674
v 0.10043 -0.04056 0.00856
v 0.10031 -0.04062 0.03188
v 0.10046 -0.04033 0.03290
v 0.10008 -0.03890 -0.01879
v 0.10018 -0.03890 -0.01726
v 0.10009 -0.03890 -0.01628
v 0.10013 -0.03885 -0.01474
v 0.10017 -0.03902 -0.01405
v 0.10040 -0.03889 -0.01280
v 0.09978 -0.03810 -0.01467
v 0.10050 -0.03810 -0.01284
v 0.10063 -0.03840 0.03649
v 0.09967 -0.03840 0.03740
v 0.09975 -0.03320 -0.01474
v 0.10047 -0.03320 -0.01291
v 0.10062 -0.03300 -0.00796
v 0.10036 -0.03300 0.00904
v 0.09965 -0.03320 0.01707
v 0.10039 -0.03200 -0.01241
v 0.09999 -0.03200 0.01349
v 0.09965 -0.03100 -0.01435
v 0.10039 -0.03100 -0.01241
v 0.09965 -0.02650 0.01707
v 0.10060 -0.02569 0.01276
v 0.09973 -0.02605 0.01617
v 0.09967 -0.02633 0.01698
v 0.09991 -0.02300 -0.02044
v 0.09999 -0.02310 -0.01979
v 0.10030 -0.02321 -0.01863
v 0.10038 -0.02321 -0.01757
v 0.10027 -0.02322 -0.01624
v 0.10040 -0.02330 -0.01477
v 0.10074 -0.02350 -0.01391
v 0.10066 -0.02294 0.01288
v 0.09973 -0.02299 0.01602
v 0.09973 -0.02300 0.01739
v 0.10006 -0.02293 0.01845
v 0.10078 -0.02285 0.01926
v 0.10053 -0.02269 0.01287
v 0.10008 -0.02250 0.01394
v 0.09997 -0.02261 0.01878
v 0.10073 -0.02264 0.01936
v 0.10018 -0.02050 -0.03117
v 0.10007 -0.02050 -0.02777
v 0.10071 -0.02050 -0.01924
v 0.09970 -0.02050 -0.01487
v 0.09965 -0.02050 -0.01435
v 0.10008 -0.02050 0.01394
v 0.09990 -0.02050 0.01874
v 0.10043 -0.02050 0.01930
v 0.10039 -0.02050 0.02767
v 0.10038 -0.02050 0.03094
v 0.09970 -0.02000 -0.03139
v 0.10042 -0.02000 -0.02712
v 0.10035 -0.02000 -0.01973
v 0.10023 -0.02000 0.01972
v 0.10035 -0.02000 0.02715
v 0.09989 -0.02000 0.03118
v 0.10050 -0.01879 -0.03230
v 0.10042 -0.01900 -0.02712
v 0.10005 -0.01900 -0.01973
v 0.10023 -0.01900 0.01972
v 0.10035 -0.01900 0.02715
v 0.10079 -0.01879 0.03198
v 0.10050 -0.01750 -0.03230
v 0.10079 -0.01750 0.03198
v 0.10000 0.01010 -0.02625
v 0.09978 0.01010 -0.00309
v 0.09969 0.01010 0.00397
v 0.09998 0.01010 0.02628
v 0.10040 0.01150 -0.02655
v 0.10000 0.01100 -0.02625
v 0.09998 0.01100 0.02628
v 0.10038 0.01150 0.02658
v 0.09978 0.01350 -0.00309
v 0.09969 0.01350 0.00397
v 0.10152 -0.04234 -0.01014
v 0.10131 -0.04260 -0.00949
v 0.10148 -0.04271 -0.00706
v 0.10149 -0.04282 -0.00465
v 0.10136 -0.04286 -0.00227
v 0.10143 -0.04286 0.00007
v 0.10092 -0.04290 0.00239
v 0.10170 -0.04282 0.00244
v 0.10147 -0.04282 0.00479
v 0.10108 -0.04282 0.00713
v 0.10182 -0.04260 0.00728
v 0.10122 -0.04265 0.00914
v 0.10118 -0.04225 0.00974
v 0.10139 -0.04223 0.03090
v 0.10172 -0.04206 0.03179
v 0.10087 -0.04222 0.03320
v 0.10109 -0.04161 -0.01210
v 0.10182 -0.04153 -0.01153
v 0.10179 -0.04144 0.00975
v 0.10182 -0.04159 0.03313
v 0.10155 -0.04131 0.03397
v 0.10083 -0.03968 -0.01367
v 0.10155 -0.04025 -0.01278
v 0.10138 -0.03998 -0.00726
v 0.10144 -0.04032 -0.00440
v 0.10129 -0.04066 -0.00158
v 0.10130 -0.04066 0.00121
v 0.10148 -0.04032 0.00403
v 0.10144 -0.03998 0.00688
v 0.10127 -0.03981 0.00834
v 0.10082 -0.04029 0.00846
v 0.10118 -0.04002 0.03160
v 0.10127 -0.03995 0.03243
v 0.10189 -0.04053 0.03442
v 0.10169 -0.03890 -0.01298
v 0.10119 -0.03910 -0.01016
v 0.10186 -0.03910 -0.00735
v 0.10193 -0.03910 0.00697
v 0.10164 -0.03910 0.00824
v 0.10176 -0.03911 0.03176
v 0.10141 -0.03919 0.03317
v 0.10125 -0.03877 0.03364
v 0.10114 -0.03810 -0.01090
v 0.10135 -0.03810 -0.01020
v 0.10185 -0.03810 0.00819
v 0.10189 -0.03832 0.03140
v 0.10168 -0.03830 0.03302
v 0.10129 -0.03830 0.03367
v 0.10131 -0.03300 -0.00373
v 0.10150 -0.03300 0.00056
v 0.10118 -0.03300 0.00483
v 0.10185 -0.03320 0.00819
v 0.10169 -0.03320 0.00926
v 0.10196 -0.03320 0.00961
v 0.10152 -0.03200 -0.00850
v 0.10121 -0.03200 0.00976
v 0.10152 -0.02572 0.01159
v 0.10088 -0.02580 0.01253
v 0.10178 -0.02600 0.01551
v 0.10170 -0.02600 0.01612
v 0.10198 -0.02600 0.01711
v 0.10162 -0.02300 -0.01624
v 0.10143 -0.02300 -0.01480
v 0.10136 -0.02310 -0.01367
v 0.10172 -0.02332 -0.01303
v 0.10168 -0.02328 0.00938
v 0.10177 -0.02306 0.00989
v 0.10179 -0.02300 0.01119
v 0.10093 -0.02300 0.01249
v 0.10172 -0.02300 0.01545
v 0.10164 -0.02300 0.01628
v 0.10197 -0.02300 0.01727
v 0.10091 -0.02298 0.01903
v 0.10187 -0.02300 0.03134
v 0.10173 -0.02300 0.03287
v 0.10129 -0.02300 0.03367
v 0.10156 -0.02278 0.00940
v 0.10145 -0.02265 0.00993
v 0.10122 -0.02050 -0.02995
v 0.10155 -0.02050 -0.02691
v 0.10195 -0.02050 -0.01962
v 0.10162 -0.02050 -0.01624
v 0.10148 -0.02050 -0.01489
v 0.10114 -0.02050 -0.01090
v 0.10152 -0.02050 -0.00850
v 0.10129 -0.02050 0.00983
v 0.10166 -0.02050 0.01540
v 0.10158 -0.02050 0.01642
v 0.10197 -0.02050 0.01737
v 0.10151 -0.02050 0.01946
v 0.10131 -0.02050 0.02718
v 0.10084 -0.01950 -0.03193
v 0.10178 -0.01950 -0.03084
v 0.10156 -0.02000 -0.02623
v 0.10147 -0.02000 -0.01995
v 0.10166 -0.02000 0.02003
v 0.10164 -0.02000 0.02612
v 0.10107 -0.02000 0.02673
v 0.10113 -0.01950 0.03160
v 0.10156 -0.01900 -0.02623
v 0.10147 -0.01900 -0.01995
v 0.10166 -0.01900 0.02003
v 0.10164 -0.01900 0.02612
v 0.10107 -0.01900 0.02673
v 0.10184 0.01010 -0.01954
v 0.10184 0.01010 0.01954
v 0.10133 0.01150 -0.02982
v 0.10184 0.01100 -0.01954
v 0.10184 0.01100 0.01954
v 0.10133 0.01150 0.02982
v 0.10253 -0.04223 -0.00727
v 0.10292 -0.04223 -0.00484
v 0.10223 -0.04260 -0.00475
v 0.10281 -0.04241 -0.00237
v 0.10253 -0.04260 0.00007
v 0.10280 -0.04241 0.00251
v 0.10255 -0.04241 0.00494
v 0.10250 -0.04223 0.00741
v 0.10219 -0.04220 0.00894
v 0.10241 -0.04112 -0.01135
v 0.10271 -0.04140 -0.01023
v 0.10312 -0.04173 -0.00738
v 0.10309 -0.04173 0.00753
v 0.10270 -0.04143 0.00919
v 0.10227 -0.04136 0.03067
v 0.10257 -0.04114 0.03165
v 0.10227 -0.04122 0.03293
v 0.10223 -0.04009 -0.01227
v 0.10291 -0.04021 -0.01134
v 0.10206 -0.03998 -0.00161
v 0.10207 -0.03998 0.00123
v 0.10293 -0.04028 0.00946
v 0.10296 -0.04021 0.03079
v 0.10310 -0.04008 0.03167
v 0.10298 -0.04010 0.03273
v 0.10243 -0.04000 0.03411
v 0.10208 -0.03890 -0.01268
v 0.10309 -0.03890 -0.01152
v 0.10232 -0.03910 -0.00451
v 0.10255 -0.03910 -0.00163
v 0.10256 -0.03910 0.00125
v 0.10236 -0.03910 0.00412
v 0.10313 -0.03905 0.03054
v 0.10306 -0.03892 0.03337
v 0.10264 -0.03883 0.03421
v 0.10213 -0.03875 0.03494
v 0.10213 -0.03810 -0.00680
v 0.10248 -0.03810 -0.00453
v 0.10266 -0.03810 -0.00261
v 0.10271 -0.03810 -0.00164
v 0.10271 -0.03810 0.00161
v 0.10252 -0.03810 0.00414
v 0.10230 -0.03810 0.00581
v 0.10211 -0.03840 0.03498
v 0.10216 -0.03320 0.00963
v 0.10242 -0.03200 -0.00243
v 0.10249 -0.03200 0.00057
v 0.10231 -0.03200 0.00372
v 0.10320 -0.02650 0.03077
v 0.10320 -0.02650 0.03301
v 0.10273 -0.02647 0.03409
v 0.10211 -0.02650 0.03498
v 0.10295 -0.02550 0.01078
v 0.10265 -0.02589 0.01114
v 0.10311 -0.02600 0.01409
v 0.10227 -0.02600 0.01464
v 0.10259 -0.02600 0.01779
v 0.10317 -0.02615 0.03358
v 0.10285 -0.02613 0.03413
v 0.10304 -0.02300 -0.01819
v 0.10218 -0.02300 -0.01763
v 0.10288 -0.02300 -0.01403
v 0.10246 -0.02319 -0.01261
v 0.10305 -0.02333 -0.01169
v 0.10218 -0.02324 0.00984
v 0.10308 -0.02300 0.01403
v 0.10222 -0.02300 0.01458
v 0.10259 -0.02300 0.01779
v 0.10290 -0.02300 0.01813
v 0.10290 -0.02300 0.03184
v 0.10296 -0.02050 -0.02041
v 0.10304 -0.02050 -0.01819
v 0.10218 -0.02050 -0.01763
v 0.10288 -0.02050 -0.01403
v 0.10265 -0.02050 -0.01131
v 0.10302 -0.02050 -0.01068
v 0.10258 -0.02050 -0.00945
v 0.10262 -0.02050 -0.00817
v 0.10258 -0.02050 -0.00657
v 0.10306 -0.02050 -0.00596
v 0.10252 -0.02050 -0.00250
v 0.10271 -0.02050 0.00161
v 0.10231 -0.02050 0.00372
v 0.10224 -0.02050 0.00544
v 0.10299 -0.02050 0.00622
v 0.10262 -0.02050 0.00817
v 0.10256 -0.02050 0.00858
v 0.10281 -0.02050 0.01014
v 0.10304 -0.02050 0.01396
v 0.10218 -0.02050 0.01452
v 0.10318 -0.02050 0.01581
v 0.10287 -0.02050 0.01811
v 0.10273 -0.02050 0.02018
v 0.10205 -0.02050 0.02641
v 0.10287 -0.02050 0.02784
v 0.10222 -0.02000 -0.02530
v 0.10285 -0.02000 -0.02434
v 0.10310 -0.02000 -0.02387
v 0.10314 -0.02000 -0.02169
v 0.10309 -0.02000 -0.02155
v 0.10220 -0.02000 -0.02037
v 0.10315 -0.02000 -0.00971
v 0.10311 -0.02000 -0.00828
v 0.10311 -0.02000 0.00828
v 0.10314 -0.02000 0.00966
v 0.10293 -0.02000 0.02129
v 0.10285 -0.02000 0.02434
v 0.10226 -0.02000 0.02524
v 0.10296 -0.01950 0.02938
v 0.10222 -0.01900 -0.02530
v 0.10285 -0.01900 -0.02434
v 0.10309 -0.01900 -0.02155
v 0.10220 -0.01900 -0.02037
v 0.10315 -0.01900 -0.00971
v 0.10311 -0.01900 -0.00828
v 0.10311 -0.01900 0.00828
v 0.10314 -0.01900 0.00966
v 0.10267 -0.01900 0.02085
v 0.10285 -0.01900 0.02434
v 0.10226 -0.01900 0.02524
v 0.10290 -0.01670 0.03184
v 0.10301 -0.01670 0.03401
v 0.10271 0.01010 -0.02213
v 0.10287 0.01010 -0.02096
v 0.10248 0.01010 -0.02008
v 0.10219 0.01010 0.01978
v 0.10282 0.01010 0.02100
v 0.10262 0.01010 0.02233
v 0.10210 0.01050 0.03045
v 0.10281 0.01113 -0.02224
v 0.10287 0.01100 -0.02096
v 0.10262 0.01125 -0.01985
v 0.10208 0.01150 -0.01910
v 0.10208 0.01150 0.01910
v 0.10254 0.01134 0.01968
v 0.10280 0.01100 0.02088
v 0.10286 0.01127 0.02246
v 0.10323 -0.04223 0.00007
v 0.10361 -0.04112 -0.00748
v 0.10376 -0.04142 -0.00495
v 0.10400 -0.04142 -0.00244
v 0.10408 -0.04142 0.00007
v 0.10399 -0.04142 0.00259
v 0.10375 -0.04142 0.00510
v 0.10358 -0.04112 0.00763
v 0.10333 -0.03968 -0.01092
v 0.10352 -0.04006 -0.01007
v 0.10407 -0.04009 -0.00757
v 0.10438 -0.04043 -0.00503
v 0.10436 -0.04043 0.00518
v 0.10407 -0.03999 0.00772
v 0.10369 -0.04026 0.00884
v 0.10370 -0.03890 -0.01012
v 0.10436 -0.03890 0.00712
v 0.10374 -0.03906 0.00902
v 0.10324 -0.03892 0.03096
v 0.10332 -0.03892 0.03181
v 0.10324 -0.03866 0.03283
v 0.10333 -0.02650 0.03210
v 0.10361 -0.02560 0.01078
v 0.10406 -0.02580 0.01104
v 0.10413 -0.02600 0.01400
v 0.10348 -0.02600 0.01815
v 0.10348 -0.02609 0.03069
v 0.10367 -0.02608 0.03194
v 0.10372 -0.02584 0.03297
v 0.10327 -0.02577 0.03371
v 0.10355 -0.02300 -0.01831
v 0.10405 -0.02300 -0.01384
v 0.10336 -0.02300 -0.01202
v 0.10352 -0.02311 -0.01124
v 0.10388 -0.02321 -0.01016
v 0.10432 -0.02322 -0.00783
v 0.10436 -0.02350 0.00712
v 0.10383 -0.02326 0.00912
v 0.10353 -0.02302 0.00972
v 0.10416 -0.02300 0.01086
v 0.10386 -0.02300 0.01392
v 0.10377 -0.02300 0.01823
v 0.10343 -0.02050 -0.02431
v 0.10382 -0.02050 -0.02280
v 0.10361 -0.02050 -0.02151
v 0.10355 -0.02050 -0.01831
v 0.10378 -0.02050 -0.01606
v 0.10405 -0.02050 -0.01384
v 0.10386 -0.02050 -0.01165
v 0.10352 -0.02050 -0.00498
v 0.10431 -0.02050 -0.00416
v 0.10437 -0.02050 0.00410
v 0.10349 -0.02050 0.00503
v 0.10368 -0.02050 0.01149
v 0.10355 -0.02050 0.01384
v 0.10386 -0.02050 0.01745
v 0.10405 -0.02050 0.01831
v 0.10346 -0.02050 0.02117
v 0.10379 -0.02050 0.02219
v 0.10375 -0.02050 0.02333
v 0.10327 -0.02050 0.02461
v 0.10399 -0.02050 0.02625
v 0.10365 -0.01950 -0.02847
v 0.10429 -0.01950 -0.02758
v 0.10331 -0.02000 -0.02298
v 0.10332 -0.02000 -0.02279
v 0.10386 -0.02000 -0.01097
v 0.10330 -0.02000 -0.00736
v 0.10346 -0.02000 -0.00645
v 0.10390 -0.02000 -0.00531
v 0.10412 -0.02000 0.00502
v 0.10349 -0.02000 0.00631
v 0.10331 -0.02000 0.00730
v 0.10384 -0.02000 0.01094
v 0.10326 -0.02000 0.02208
v 0.10321 -0.02000 0.02354
v 0.10401 -0.01950 0.02797
v 0.10331 -0.01900 -0.02298
v 0.10386 -0.01900 -0.01097
v 0.10330 -0.01900 -0.00736
v 0.10346 -0.01900 -0.00645
v 0.10390 -0.01900 -0.00531
v 0.10412 -0.01900 0.00502
v 0.10349 -0.01900 0.00631
v 0.10331 -0.01900 0.00730
v 0.10384 -0.01900 0.01094
v 0.10326 -0.01900 0.02208
v 0.10321 -0.01900 0.02354
v 0.10365 0.01050 -0.02847
v 0.10401 0.01050 0.02797
v 0.10408 0.01150 -0.02611
v 0.10323 0.01150 -0.02222
v 0.10332 0.01150 -0.02086
v 0.10336 0.01150 0.02086
v 0.10336 0.01150 0.02178
v 0.10408 0.01150 0.02611
v 0.10460 -0.03968 -0.00505
v 0.10472 -0.04009 -0.00249
v 0.10481 -0.04006 0.00008
v 0.10472 -0.04006 0.00264
v 0.10458 -0.03968 0.00520
v 0.10457 -0.03890 -0.00586
v 0.10497 -0.03890 -0.00153
v 0.10490 -0.03890 0.00281
v 0.10502 -0.02600 0.01436
v 0.10534 -0.02600 0.01751
v 0.10449 -0.02600 0.01805
v 0.10474 -0.02300 -0.01811
v 0.10543 -0.02300 -0.01452
v 0.10457 -0.02300 -0.01396
v 0.10461 -0.02302 -0.00789
v 0.10482 -0.02320 -0.00560
v 0.10511 -0.02313 -0.00316
v 0.10497 -0.02350 -0.00153
v 0.10524 -0.02312 -0.00078
v 0.10521 -0.02313 0.00159
v 0.10490 -0.02350 0.00281
v 0.10505 -0.02312 0.00396
v 0.10474 -0.02313 0.00632
v 0.10448 -0.02300 0.00890
v 0.10475 -0.02300 0.01408
v 0.10540 -0.02300 0.01759
v 0.10453 -0.02300 0.01812
v 0.10453 -0.02050 -0.02542
v 0.10474 -0.02050 -0.01811
v 0.10543 -0.02050 -0.01452
v 0.10457 -0.02050 -0.01396
v 0.10515 -0.02050 -0.01233
v 0.10518 -0.02050 -0.00367
v 0.10555 -0.02050 0.00355
v 0.10503 -0.02050 0.01223
v 0.10471 -0.02050 0.01402
v 0.10543 -0.02050 0.01763
v 0.10457 -0.02050 0.01819
v 0.10558 -0.02050 0.02371
v 0.10508 -0.02050 0.02454
v 0.10537 -0.01950 -0.02596
v 0.10498 -0.02000 -0.01172
v 0.10497 -0.02000 -0.00432
v 0.10510 -0.02000 0.00427
v 0.10505 -0.02000 0.01174
v 0.10517 -0.01950 0.02627
v 0.10509 -0.01900 -0.01176
v 0.10497 -0.01900 -0.00432
v 0.10528 -0.01900 0.00417
v 0.10505 -0.01900 0.01174
v 0.10503 0.01010 -0.01227
v 0.10487 0.01010 0.01223
v 0.10501 0.01124 -0.01251
v 0.10479 0.01127 0.01249
v 0.10563 -0.02600 0.01504
v 0.10588 -0.02600 0.01622
v 0.10665 -0.02598 0.02872
v 0.10619 -0.02550 0.03007
v 0.10564 -0.02300 -0.01737
v 0.10602 -0.02300 -0.01642
v 0.10595 -0.02300 -0.01540
v 0.10563 -0.02300 0.01494
v 0.10594 -0.02300 0.01625
v 0.10591 -0.02300 0.02787
v 0.10564 -0.02050 -0.01737
v 0.10602 -0.02050 -0.01642
v 0.10595 -0.02050 -0.01540
v 0.10628 -0.02050 -0.01241
v 0.10617 -0.02050 -0.00345
v 0.10653 -0.02050 -0.00043
v 0.10653 -0.02050 0.00043
v 0.10666 -0.02050 0.00345
v 0.10666 -0.02050 0.01236
v 0.10564 -0.02050 0.01477
v 0.10599 -0.02050 0.01624
v 0.10676 -0.02050 0.02157
v 0.10590 -0.02050 0.02236
v 0.10635 -0.01950 -0.02438
v 0.10638 -0.02000 -0.01190
v 0.10615 -0.02000 -0.00395
v 0.10673 -0.02000 0.00396
v 0.10578 -0.02000 0.01190
v 0.10638 -0.01900 -0.01190
v 0.10615 -0.01900 -0.00395
v 0.10673 -0.01900 0.00396
v 0.10578 -0.01900 0.01190
v 0.10591 -0.01670 0.02787
v 0.10619 -0.01670 0.03007
v 0.10625 0.01010 -0.01215
v 0.10660 0.01010 0.01196
v 0.10570 0.01010 0.01231
v 0.10645 0.01150 -0.02216
v 0.10616 0.01123 -0.01243
v 0.10660 0.01100 0.01196
v 0.10602 0.01134 0.01255
v 0.10645 0.01150 0.02216
v 0.10694 -0.02567 0.02892
v 0.10732 -0.02293 -0.02485
v 0.10735 -0.02295 0.02259
v 0.10716 -0.02260 -0.02512
v 0.10714 -0.02279 0.02278
v 0.10736 -0.02259 0.02295
v 0.10704 -0.02050 -0.02515
v 0.10742 -0.02050 -0.02024
v 0.10752 -0.02050 -0.01209
v 0.10792 -0.02050 -0.00378
v 0.10728 -0.02050 -0.00355
v 0.10721 -0.02050 -0.00187
v 0.10709 -0.02050 0.00173
v 0.10791 -0.02050 0.00378
v 0.10755 -0.02050 0.01207
v 0.10701 -0.02050 0.02107
v 0.10710 -0.02050 0.02286
v 0.10766 -0.02000 -0.01144
v 0.10757 -0.02000 -0.00417
v 0.10773 -0.01984 -0.00153
v 0.10726 -0.01978 -0.00041
v 0.10735 -0.01979 0.00071
v 0.10769 -0.02000 0.00173
v 0.10747 -0.02000 0.00413
v 0.10719 -0.02000 0.01169
v 0.10787 -0.01950 0.02158
v 0.10764 -0.01950 0.02204
v 0.10712 -0.01950 0.02301
v 0.10766 -0.01900 -0.01144
v 0.10757 -0.01900 -0.00417
v 0.10747 -0.01900 0.00413
v 0.10719 -0.01900 0.01169
v 0.10776 -0.01750 -0.00150
v 0.10727 -0.01750 -0.00041
v 0.10735 -0.01750 0.00071
v 0.10769 -0.01750 0.00173
v 0.10778 -0.01714 0.02490
v 0.10751 -0.01687 0.02537
v 0.10716 -0.01674 0.02593
v 0.10735 0.01050 -0.02259
v 0.10722 0.01010 -0.01116
v 0.10733 0.01010 0.01098
v 0.10764 0.01050 0.02204
v 0.10687 0.01150 -0.01238
v 0.10745 0.01121 -0.01118
v 0.10748 0.01124 0.01120
v 0.10907 -0.02598 0.02485
v 0.10897 -0.02550 0.02585
v 0.10865 -0.02293 -0.02467
v 0.10865 -0.02300 0.02270
v 0.10835 -0.02293 0.02319
v 0.10869 -0.02258 -0.02497
v 0.10856 -0.02260 0.02319
v 0.10843 -0.02050 -0.02508
v 0.10858 -0.02050 -0.01133
v 0.10863 -0.02050 -0.00427
v 0.10852 -0.02050 -0.00282
v 0.10865 -0.02050 0.00284
v 0.10895 -0.02050 0.00452
v 0.10908 -0.02050 0.01065
v 0.10843 -0.02050 0.01147
v 0.10864 -0.02050 0.01744
v 0.10823 -0.02050 0.02321
v 0.10815 -0.01950 -0.02102
v 0.10821 -0.02000 -0.01098
v 0.10875 -0.02000 -0.01020
v 0.10909 -0.02000 -0.00897
v 0.10850 -0.02000 -0.00478
v 0.10866 -0.01985 -0.00219
v 0.10853 -0.01979 0.00204
v 0.10890 -0.02000 0.00533
v 0.10897 -0.02000 0.00955
v 0.10835 -0.02000 0.01084
v 0.10889 -0.01950 0.01943
v 0.10850 -0.01970 0.02362
v 0.10867 -0.01900 -0.01037
v 0.10907 -0.01900 -0.00906
v 0.10850 -0.01900 -0.00478
v 0.10865 -0.01900 0.00493
v 0.10897 -0.01900 0.00955
v 0.10835 -0.01900 0.01084
v 0.10843 -0.01878 0.02375
v 0.10828 -0.01810 0.02402
v 0.10872 -0.01750 -0.00213
v 0.10849 -0.01750 0.00198
v 0.10813 -0.01770 0.02429
v 0.10897 -0.01699 0.02585
v 0.10866 -0.01677 0.02637
v 0.10831 -0.01670 0.02693
v 0.10831 0.01010 -0.00616
v 0.10873 0.01010 -0.00142
v 0.10844 0.01010 -0.00067
v 0.10837 0.01010 0.00055
v 0.10873 0.01010 0.00142
v 0.10831 0.01010 0.00618
v 0.10842 0.01150 -0.01799
v 0.10860 0.01129 -0.00621
v 0.10872 0.01100 -0.00131
v 0.10866 0.01125 -0.00055
v 0.10860 0.01120 0.00054
v 0.10872 0.01100 0.00132
v 0.10858 0.01127 0.00621
v 0.10842 0.01150 0.01799
v 0.10937 -0.02568 0.02502
v 0.10940 -0.02293 -0.02417
v 0.10993 -0.02294 -0.02345
v 0.10982 -0.02298 0.02242
v 0.10943 -0.02285 0.02293
v 0.10982 -0.02300 0.02434
v 0.10956 -0.02259 -0.02441
v 0.11020 -0.02258 -0.02359
v 0.11001 -0.02269 0.02279
v 0.10952 -0.02257 0.02304
v 0.10947 -0.02050 -0.02452
v 0.11021 -0.02050 -0.02360
v 0.10963 -0.02050 -0.01474
v 0.10938 -0.02050 -0.00993
v 0.10987 -0.02050 -0.00752
v 0.10989 -0.02050 -0.00646
v 0.10959 -0.02050 -0.00545
v 0.10932 -0.02050 -0.00299
v 0.10996 -0.02050 0.00297
v 0.10966 -0.02050 0.00561
v 0.10990 -0.02050 0.00737
v 0.10946 -0.02050 0.00966
v 0.10996 -0.02050 0.01370
v 0.10931 -0.02050 0.01568
v 0.10952 -0.02050 0.02305
v 0.10935 -0.01950 -0.01837
v 0.10983 -0.01950 -0.01715
v 0.10938 -0.02000 -0.00744
v 0.10927 -0.02000 -0.00600
v 0.10943 -0.02000 -0.00250
v 0.10961 -0.01950 -0.00200
v 0.10985 -0.01950 0.00190
v 0.10990 -0.02000 0.00247
v 0.10922 -0.02000 0.00587
v 0.10940 -0.02000 0.00730
v 0.10920 -0.02000 0.00843
v 0.11029 -0.01950 0.01589
v 0.10982 -0.01970 0.02434
v 0.10938 -0.01900 -0.00744
v 0.10927 -0.01900 -0.00600
v 0.10922 -0.01900 0.00587
v 0.10940 -0.01900 0.00730
v 0.10920 -0.01900 0.00843
v 0.10971 -0.01861 0.02454
v 0.10943 -0.01750 -0.00250
v 0.10961 -0.01750 -0.00200
v 0.10975 -0.01750 0.00192
v 0.10990 -0.01750 0.00247
v 0.10945 -0.01770 0.02501
v 0.10927 -0.01735 0.02532
v 0.10935 0.01050 -0.01837
v 0.11038 0.01050 0.01565
v 0.10935 0.01050 0.01837
v 0.10998 0.01150 -0.01364
v 0.10923 0.01150 -0.00144
v 0.10921 0.01150 -0.00114
v 0.10921 0.01150 0.00114
v 0.10923 0.01150 0.00144
v 0.10998 0.01150 0.01364
v 0.11114 -0.02573 0.01289
v 0.11103 -0.02600 0.01328
v 0.11129 -0.02578 0.02097
v 0.11120 -0.02294 -0.02084
v 0.11116 -0.02300 0.01280
v 0.11106 -0.02295 0.02136
v 0.11045 -0.02291 0.02213
v 0.11145 -0.02269 -0.02095
v 0.11124 -0.02258 0.02148
v 0.11065 -0.02260 0.02230
v 0.11113 -0.02050 -0.00901
v 0.11096 -0.02050 0.00985
v 0.11125 -0.02050 0.02149
v 0.11065 -0.02050 0.02235
v 0.11058 -0.01950 -0.01505
v 0.11105 -0.01950 -0.01354
v 0.11153 -0.01950 -0.01177
v 0.11047 -0.01950 -0.00175
v 0.11134 -0.01950 -0.00066
v 0.11142 -0.01950 0.00055
v 0.11099 -0.01950 0.00133
v 0.11141 -0.01950 0.01226
v 0.11047 -0.01750 -0.00175
v 0.11130 -0.01750 -0.00075
v 0.11142 -0.01750 0.00055
v 0.11099 -0.01750 0.00133
v 0.11153 0.01050 -0.01177
v 0.11110 0.01150 -0.00917
v 0.11110 0.01150 0.00917
v 0.11173 -0.02558 0.01304
v 0.11223 -0.02581 0.01367
v 0.11270 -0.02598 0.01459
v 0.11272 -0.02600 0.01651
v 0.11233 -0.02293 -0.01817
v 0.11224 -0.02300 0.01335
v 0.11215 -0.02295 0.01875
v 0.11240 -0.02258 -0.01878
v 0.11232 -0.02260 0.01898
v 0.11227 -0.02050 -0.01914
v 0.11189 -0.02050 -0.00314
v 0.11191 -0.02050 0.00284
v 0.11162 -0.02050 0.00593
v 0.11226 -0.02050 0.01916
v 0.11198 -0.01950 -0.00986
v 0.11261 -0.01950 -0.00609
v 0.11275 -0.01950 -0.00492
v 0.11172 -0.02000 -0.00263
v 0.11173 -0.02000 0.00235
v 0.11238 -0.01950 0.00768
v 0.11216 -0.01950 0.00893
v 0.11162 -0.01950 0.01142
v 0.11275 0.01050 -0.00492
v 0.11277 0.01050 0.00470
v 0.11216 0.01050 0.00893
v 0.11177 0.01150 -0.00461
v 0.11200 0.01150 -0.00000
v 0.11177 0.01150 0.00461
v 0.11296 -0.02569 0.01433
v 0.11319 -0.02575 0.01531
v 0.11310 -0.02576 0.01641
v 0.11328 -0.02294 -0.01543
v 0.11390 -0.02300 -0.01259
v 0.11386 -0.02298 0.01316
v 0.11302 -0.02300 0.01430
v 0.11335 -0.02300 0.01547
v 0.11313 -0.02295 0.01614
v 0.11372 -0.02260 -0.01501
v 0.11389 -0.02250 0.01453
v 0.11337 -0.02269 0.01605
v 0.11389 -0.02050 -0.01451
v 0.11389 -0.02050 0.01453
v 0.11289 -0.01950 -0.00320
v 0.11292 -0.01950 0.00277
v 0.11284 -0.01950 0.00391
v 0.11292 -0.01879 -0.00269
v 0.11295 -0.01879 0.00226
v 0.11292 -0.01750 -0.00269
v 0.11295 -0.01750 0.00226
v 0.11296 0.01050 0.00203
v 0.11417 -0.02291 -0.01266
v 0.11473 -0.02293 -0.00981
v 0.11502 -0.02300 -0.00692
v 0.11505 -0.02298 0.00750
v 0.11461 -0.02294 0.01036
v 0.11410 -0.02285 0.01323
v 0.11435 -0.02269 -0.01271
v 0.11503 -0.02258 -0.00980
v 0.11498 -0.02258 0.01004
v 0.11421 -0.02269 0.01326
v 0.11506 -0.02050 -0.00975
v 0.11506 -0.02050 0.00977
v 0.11529 -0.02291 -0.00696
v 0.11552 -0.02294 -0.00407
v 0.11562 -0.02295 -0.00117
v 0.11566 -0.02293 0.00173
v 0.11547 -0.02294 0.00463
v 0.11529 -0.02285 0.00753
v 0.11548 -0.02269 -0.00699
v 0.11576 -0.02250 -0.00489
v 0.11580 -0.02269 -0.00409
v 0.11595 -0.02269 -0.00117
v 0.11600 -0.02250 0.00001
v 0.11593 -0.02269 0.00174
v 0.11575 -0.02269 0.00465
v 0.11576 -0.02250 0.00491
v 0.11540 -0.02269 0.00755
v 0.11576 -0.02050 -0.00489
v 0.11600 -0.02050 0.00001
v 0.11576 -0.02050 0.00491
vn -1.0000 0.0000 0.0000
vn -1.0000 0.0000 0.0000
vn -1.0000 -0.0000 -0.0000
vn -1.0000 0.0000 -0.0000
vn -1.0000 -0.0000 0.0000
vn -1.0000 0.0000 0.0000
vn -1.0000 0.0000 0.0000
vn -1.0000 0.0000 0.0000
vn -1.0000 0.0000 0.0000
vn -1.0000 0.0000 -0.0000
vn -1.0000 0.0000 0.0000
vn -1.0000 0.0000 0.0000
vn -1.0000 0.0000 0.0000
vn -1.0000 0.0000 0.0000
vn -1.0000 0.0000 0.0000
vn -1.0000 0.0000 -0.0000
vn -1.0000 0.0000 0.0000
vn -1.0000 0.0000 0.0000
vn -1.0000 0.0000 0.0000
vn -1.0000 0.0000 0.0000
vn -1.0000 -0.0000 -0.0000
vn -1.0000 0.0000 -0.0000
vn -1.0000 -0.0000 0.0000
vn -1.0000 0.0000 0.0000
vn -1.0000 0.0000 0.0000
vn -1.0000 0.0000 0.0000
vn -1.0000 0.0000 0.0000
vn -0.0000 -1.0000 0.0000
vn -0.0000 -1.0000 0.0000
vn 0.0000 -1.0000 0.0000
vn 0.0000 -1.0000 0.0000
vn 0.0000 -1.0000 -0.0000
vn 0.0000 -1.0000 -0.0000
vn 0.0000 -1.0000 0.0000
vn 0.0000 -1.0000 0.0000
vn 0.0000 -1.0000 0.0000
vn -0.0000 -1.0000 -0.0000
vn 0.0000 -1.0000 0.0000
vn -0.0000 -1.0000 0.0000
vn 0.0000 -1.0000 0.0000
vn -0.0000 -1.0000 -0.0000
vn 0.0000 0.0934 -0.9956
vn 0.0000 0.0934 -0.9956
vn 0.0000 -0.3731 -0.9278
vn -0.0095 -0.3955 -0.9184
vn 0.0094 -0.8617 -0.5073
vn 0.0000 -0.8738 -0.4862
vn 0.0000 0.1653 -0.9863
vn -0.0013 0.1645 -0.9864
vn 0.0000 0.1645 0.9864
vn 0.0000 0.1645 0.9864
vn 0.0000 -0.8176 0.5758
vn -0.0153 -0.7962 0.6049
vn 0.0128 -0.2472 0.9689
vn 0.0000 -0.2150 0.9766
vn 0.0000 -0.9980 0.0633
vn 0.0000 -0.9980 0.0633
vn -0.0000 -0.9983 -0.0582
vn 0.0000 -0.9983 -0.0582
vn 0.0156 -0.9880 0.1535
vn -0.1049 -0.6247 0.7738
vn 0.0000 -0.7730 0.6345
vn 0.0000 -0.0611 0.9981
vn 0.0000 -0.0611 0.9981
vn 0.0000 0.5253 0.8509
vn 0.0000 0.5253 0.8509
vn 0.0000 0.8578 0.5140
vn -0.0263 0.9056 0.4234
vn 0.0152 0.9997 -0.0207
vn -0.0103 0.9858 -0.1678
vn 0.0425 0.8476 -0.5289
vn 0.0000 0.7465 -0.6654
vn 0.0000 0.3474 -0.9377
vn 0.0000 0.3474 -0.9377
vn -0.0000 -0.1068 -0.9943
vn 0.0000 -0.1068 -0.9943
vn -0.0000 -0.5253 -0.8509
vn 0.0000 -0.5253 -0.8509
vn -0.0000 -0.9002 -0.4355
vn 0.0292 -0.8575 -0.5137
vn -0.0100 -0.9998 -0.0155
vn 0.0000 -0.9198 0.3923
vn -0.0043 -0.9152 0.4030
vn 0.0045 -0.4913 0.8710
vn 0.0000 -0.4803 0.8771
vn 0.0000 0.1068 0.9943
vn 0.0000 0.1068 0.9943
vn 0.0000 0.5253 0.8509
vn 0.0000 0.5253 0.8509
vn 0.0000 0.9002 0.4355
vn -0.0044 0.9059 0.4235
vn 0.0045 0.9881 -0.1535
vn 0.0000 0.9858 -0.1679
vn 0.0000 0.6281 -0.7781
vn 0.0000 0.6281 -0.7781
vn 0.0000 0.0611 -0.9981
vn 0.0000 0.0611 -0.9981
vn -0.0000 -0.6575 -0.7534
vn -0.0074 -0.6729 -0.7397
vn 0.0055 -0.9474 -0.3201
vn 0.0000 -0.9541 -0.2994
vn 0.0025 -0.9871 0.1598
vn 0.0000 -0.9858 0.1679
vn 0.0000 -0.7465 0.6654
vn 0.0000 -0.7465 0.6654
vn 0.0000 -0.3474 0.9377
vn 0.0000 -0.3474 0.9377
vn 0.0000 0.1068 0.9943
vn 0.0000 0.1068 0.9943
vn 0.0000 0.6575 0.7534
vn -0.0074 0.6729 0.7397
vn 0.0055 0.9474 0.3201
vn 0.0000 0.9541 0.2994
vn 0.0000 0.9705 -0.2412
vn 0.0000 0.9705 -0.2412
vn 0.0000 0.7465 -0.6654
vn 0.0000 0.7465 -0.6654
vn 0.0000 0.3474 -0.9377
vn 0.0000 0.3474 -0.9377
vn -0.0000 -0.1068 -0.9943
vn 0.0000 -0.1068 -0.9943
vn -0.0000 -0.5253 -0.8509
vn 0.0000 -0.5253 -0.8509
vn -0.0000 -0.9029 -0.4299
vn -0.0024 -0.9059 -0.4235
vn 0.0000 -0.9200 -0.3920
vn 0.0000 -0.9200 -0.3920
vn 0.0000 -0.4920 -0.8706
vn 0.0000 -0.4920 -0.8706
vn 0.0000 0.1076 -0.9942
vn 0.0000 0.1076 -0.9942
vn 0.0000 0.5262 -0.8503
vn 0.0000 0.5262 -0.8503
vn 0.0000 0.9002 -0.4356
vn -0.0022 0.8973 -0.4414
vn 0.0021 0.9882 0.1530
vn 0.0000 0.9892 0.1469
vn -0.0000 0.7470 0.6648
vn 0.0000 0.7470 0.6648
vn -0.0000 0.2148 0.9767
vn 0.0058 0.1994 0.9799
vn -0.0057 -0.4020 0.9156
vn 0.0000 -0.4177 0.9086
vn 0.0000 -0.8578 0.5140
vn 0.0000 -0.8578 0.5140
vn 0.0000 -0.9893 0.1458
vn 0.0000 -0.9893 0.1458
vn 0.0021 -0.9882 -0.1530
vn 0.0000 -0.9892 -0.1469
vn 0.0000 -0.7470 -0.6648
vn 0.0000 -0.7470 -0.6648
vn 0.0000 -0.3481 -0.9374
vn 0.0000 -0.3481 -0.9374
vn 0.0000 0.2599 -0.9656
vn 0.0000 0.2599 -0.9656
vn 0.0000 0.7709 -0.6370
vn 0.0000 0.7709 -0.6370
vn -0.0000 0.9996 0.0296
vn 0.0000 0.9996 0.0296
vn 0.0000 0.8435 0.5371
vn 0.0000 0.8435 0.5371
vn -0.0000 0.3481 0.9374
vn 0.0000 0.3481 0.9374
vn 0.0000 -0.2599 0.9656
vn 0.0000 -0.2599 0.9656
vn 0.0000 -0.8256 0.5643
vn -0.0031 -0.8216 0.5701
vn -0.0021 -0.9882 -0.1530
vn 0.0000 -0.9872 -0.1594
vn 0.0000 -0.7470 -0.6648
vn 0.0000 -0.7470 -0.6648
vn 0.0000 -0.3481 -0.9374
vn 0.0000 -0.3481 -0.9374
vn 0.0000 0.1076 -0.9942
vn 0.0000 0.1076 -0.9942
vn 0.0000 0.5262 -0.8503
vn 0.0000 0.5262 -0.8503
vn 0.0000 0.8578 -0.5140
vn 0.0000 0.8578 -0.5140
vn 0.0000 0.9893 -0.1458
vn 0.0000 0.9893 -0.1458
vn -0.0000 0.9706 0.2408
vn 0.0000 0.9706 0.2408
vn -0.0000 0.7470 0.6648
vn 0.0000 0.7470 0.6648
vn -0.0000 0.3481 0.9374
vn 0.0000 0.3481 0.9374
vn 0.0000 -0.1076 0.9942
vn 0.0000 -0.1076 0.9942
vn 0.0000 -0.5262 0.8503
vn 0.0000 -0.5262 0.8503
vn 0.0000 -0.9002 0.4356
vn 0.0021 -0.9028 0.4300
vn -0.0090 0.0079 -0.9999
vn -0.0067 0.0000 -1.0000
vn -0.0088 -0.0098 0.9999
vn -0.0060 0.0000 1.0000
vn -0.0039 -0.2414 0.9704
vn -0.0068 -0.2835 0.9589
vn -0.0019 -0.6606 0.7507
vn -0.0023 -0.6659 0.7460
vn 0.0054 -0.9452 0.3264
vn -0.0230 -0.8052 0.5925
vn -0.0011 -0.9549 0.2971
vn 0.0000 -0.9375 0.3480
vn -0.0079 -0.9268 0.3754
vn 0.0119 -0.4575 0.8892
vn 0.0000 -0.4263 0.9046
vn 1.0000 0.0000 0.0000
vn 1.0000 0.0000 0.0000
vn 1.0000 0.0000 0.0000
vn 1.0000 0.0000 0.0000
vn 1.0000 -0.0000 0.0000
vn 1.0000 0.0000 0.0000
vn 1.0000 0.0000 0.0000
vn 1.0000 0.0000 0.0000
vn 1.0000 0.0000 0.0000
vn 1.0000 0.0000 0.0000
vn 1.0000 0.0000 0.0000
vn 1.0000 0.0000 0.0000
vn 0.0000 -0.9343 -0.3564
vn -0.0046 -0.9402 -0.3407
vn 0.0063 -0.4492 -0.8934
vn 0.0033 -0.4564 -0.8898
vn 0.0017 -0.8522 -0.5233
vn -0.0079 -0.9691 -0.2467
vn -0.0022 -0.9480 -0.3182
vn -0.0021 -0.6659 -0.7460
vn -0.0007 -0.6482 -0.7615
vn -0.0054 -0.2414 -0.9704
vn -0.0086 -0.2915 -0.9565
vn 0.9247 0.0000 -0.3808
vn 0.9198 0.0034 -0.3924
vn 0.5086 -0.0032 -0.8610
vn 0.4986 0.0000 -0.8668
vn 0.0614 0.0000 -0.9981
vn 0.0614 0.0000 -0.9981
vn 0.0000 0.0000 -1.0000
vn 0.0000 0.0000 -1.0000
vn -0.2414 0.0000 -0.9704
vn -0.2414 0.0000 -0.9704
vn -0.6666 0.0000 -0.7454
vn -0.6666 0.0000 -0.7454
vn -0.9553 0.0000 -0.2958
vn -0.9564 0.0009 -0.2920
vn -0.9999 0.0111 -0.0076
vn -0.9998 0.0000 -0.0209
vn -0.9994 -0.0000 0.0356
vn -0.9994 -0.0002 0.0354
vn -0.8938 -0.0186 0.4481
vn -0.8576 0.0000 0.5142
vn -0.4143 0.0000 0.9101
vn -0.4143 0.0000 0.9101
vn -0.0894 0.0000 0.9960
vn -0.0894 0.0000 0.9960
vn 0.0000 -0.0000 1.0000
vn 0.0000 0.0000 1.0000
vn 0.3808 -0.0000 0.9247
vn 0.3924 0.0034 0.9198
vn 0.8800 -0.0036 0.4750
vn 0.8844 -0.0008 0.4667
vn 1.0000 0.0001 0.0009
vn 1.0000 -0.0000 0.0009
vn -0.5617 0.4887 0.6676
vn -0.3078 -0.3099 0.8995
vn -0.4917 -0.4261 0.7594
vn -0.1381 -0.6616 0.7370
vn -0.2980 -0.8867 0.3536
vn -0.3407 -0.3592 0.8688
vn -0.8009 -0.1832 0.5701
vn -0.8229 -0.2246 0.5219
vn -0.0000 -0.6561 -0.7547
vn -0.0036 -0.6933 -0.7206
vn -0.0074 -0.2627 -0.9648
vn -0.0065 -0.2496 -0.9683
vn -1.0000 0.0000 -0.0000
vn -1.0000 0.0000 0.0000
vn -1.0000 0.0000 0.0000
vn -1.0000 0.0000 0.0000
vn -1.0000 0.0000 -0.0000
vn -1.0000 0.0000 0.0000
vn -1.0000 0.0000 0.0000
vn -1.0000 0.0000 0.0000
vn -1.0000 0.0000 -0.0000
vn -1.0000 0.0000 -0.0000
vn -1.0000 0.0000 -0.0000
vn -1.0000 0.0000 0.0000
vn -1.0000 0.0000 0.0000
vn -1.0000 0.0000 -0.0000
vn -1.0000 0.0000 -0.0000
vn -1.0000 0.0000 0.0000
vn -1.0000 0.0000 -0.0000
vn -1.0000 0.0000 0.0000
vn -1.0000 0.0000 0.0000
vn -1.0000 0.0000 -0.0000
vn -1.0000 0.0000 0.0000
vn -1.0000 0.0000 -0.0000
vn -1.0000 0.0000 -0.0000
vn -1.0000 0.0000 0.0000
vn -1.0000 0.0000 0.0000
vn -1.0000 0.0000 0.0000
vn -1.0000 0.0000 -0.0000
vn -1.0000 0.0000 -0.0000
vn -1.0000 0.0000 -0.0000
vn -1.0000 0.0000 -0.0000
vn -1.0000 0.0000 -0.0000
vn -1.0000 0.0000 -0.0000
vn -1.0000 0.0000 -0.0000
vn -1.0000 0.0000 -0.0000
vn -1.0000 0.0000 0.0000
vn -1.0000 0.0000 -0.0000
vn -1.0000 0.0000 0.0000
vn -1.0000 0.0000 0.0000
vn -1.0000 0.0000 -0.0000
vn -1.0000 0.0000 -0.0000
vn -1.0000 0.0000 0.0000
vn -1.0000 0.0000 -0.0000
vn -1.0000 0.0000 -0.0000
vn -1.0000 0.0000 -0.0000
vn -1.0000 0.0000 0.0000
vn -1.0000 0.0000 0.0000
vn -1.0000 0.0000 0.0000
vn -1.0000 0.0000 -0.0000
vn -1.0000 0.0000 -0.0000
vn -1.0000 0.0000 -0.0000
vn -1.0000 0.0000 0.0000
vn -1.0000 0.0000 -0.0000
vn -1.0000 0.0000 -0.0000
vn -1.0000 0.0000 0.0000
vn -1.0000 0.0000 -0.0000
vn -1.0000 0.0000 0.0000
vn -1.0000 0.0000 0.0000
vn -1.0000 0.0000 -0.0000
vn -1.0000 0.0000 0.0000
vn -1.0000 0.0000 -0.0000
vn -1.0000 0.0000 0.0000
vn -1.0000 0.0000 -0.0000
vn -1.0000 0.0000 -0.0000
vn -1.0000 0.0000 -0.0000
vn -1.0000 0.0000 -0.0000
vn -1.0000 0.0000 -0.0000
vn -1.0000 0.0000 0.0000
vn -1.0000 0.0000 0.0000
vn -1.0000 0.0000 -0.0000
vn -1.0000 0.0000 0.0000
vn -1.0000 0.0000 -0.0000
vn -1.0000 0.0000 -0.0000
vn -1.0000 0.0000 0.0000
vn -1.0000 0.0000 0.0000
vn -1.0000 0.0000 0.0000
vn -1.0000 0.0000 -0.0000
vn -1.0000 0.0000 -0.0000
vn -1.0000 0.0000 0.0000
vn -1.0000 0.0000 0.0000
vn -1.0000 0.0000 0.0000
vn -1.0000 0.0000 -0.0000
vn -1.0000 0.0000 -0.0000
vn -1.0000 0.0000 -0.0000
vn -1.0000 0.0000 -0.0000
vn -1.0000 0.0000 0.0000
vn -1.0000 0.0000 -0.0000
vn -1.0000 0.0000 -0.0000
vn -1.0000 0.0000 -0.0000
vn -1.0000 0.0000 -0.0000
vn -1.0000 0.0000 0.0000
vn -1.0000 0.0000 -0.0000
vn -1.0000 0.0000 -0.0000
vn -1.0000 0.0000 -0.0000
vn -1.0000 0.0000 -0.0000
vn -1.0000 0.0000 0.0000
vn -1.0000 0.0000 0.0000
vn -1.0000 0.0000 -0.0000
vn -1.0000 0.0000 -0.0000
vn -1.0000 0.0000 -0.0000
vn -1.0000 0.0000 -0.0000
vn -1.0000 0.0000 -0.0000
vn -1.0000 0.0000 0.0000
vn -1.0000 0.0000 0.0000
vn -1.0000 0.0000 -0.0000
vn -1.0000 0.0000 -0.0000
vn -1.0000 0.0000 -0.0000
vn -1.0000 0.0000 0.0000
vn -1.0000 0.0000 -0.0000
vn -1.0000 0.0000 0.0000
vn -1.0000 0.0000 0.0000
vn -1.0000 0.0000 -0.0000
vn -1.0000 0.0000 0.0000
vn -1.0000 0.0000 0.0000
vn -1.0000 0.0000 0.0000
vn -1.0000 0.0000 0.0000
vn -1.0000 0.0000 -0.0000
vn -1.0000 0.0000 -0.0000
vn -1.0000 0.0000 -0.0000
vn -1.0000 0.0000 0.0000
vn -1.0000 0.0000 0.0000
vn -1.0000 0.0000 -0.0000
vn -1.0000 0.0000 0.0000
vn -1.0000 0.0000 -0.0000
vn -1.0000 0.0000 0.0000
vn -1.0000 0.0000 0.0000
vn -1.0000 0.0000 -0.0000
vn -1.0000 0.0000 -0.0000
vn -1.0000 0.0000 0.0000
vn -1.0000 0.0000 0.0000
vn -1.0000 0.0000 0.0000
vn -1.0000 0.0000 -0.0000
vn -1.0000 0.0000 0.0000
vn -1.0000 0.0000 0.0000
vn -1.0000 0.0000 0.0000
vn -1.0000 0.0000 0.0000
vn -1.0000 0.0000 0.0000
vn -1.0000 0.0000 0.0000
vn -1.0000 0.0000 0.0000
vn -1.0000 0.0000 -0.0000
vn -1.0000 0.0000 0.0000
vn -1.0000 0.0000 0.0000
vn -1.0000 0.0000 0.0000
vn -1.0000 0.0000 0.0000
vn -1.0000 0.0000 -0.0000
vn -1.0000 0.0000 -0.0000
vn -1.0000 0.0000 0.0000
vn -1.0000 0.0000 0.0000
vn -1.0000 0.0000 0.0000
vn -1.0000 0.0000 0.0000
vn -1.0000 0.0000 0.0000
vn -1.0000 0.0000 0.0000
vn -1.0000 0.0000 0.0000
vn -1.0000 0.0000 0.0000
vn -1.0000 0.0000 0.0000
vn -1.0000 0.0000 0.0000
vn -1.0000 0.0000 0.0000
vn -1.0000 0.0000 0.0000
vn -1.0000 0.0000 0.0000
vn -1.0000 0.0000 -0.0000
vn -1.0000 0.0000 -0.0000
vn -1.0000 0.0000 0.0000
vn -1.0000 0.0000 0.0000
vn -1.0000 0.0000 0.0000
vn -1.0000 0.0000 0.0000
vn -1.0000 0.0000 0.0000
vn -1.0000 0.0000 0.0000
vn -1.0000 0.0000 0.0000
vn -1.0000 0.0000 0.0000
vn -1.0000 0.0000 0.0000
vn -1.0000 0.0000 -0.0000
vn -1.0000 0.0000 -0.0000
vn -0.0086 -0.2345 0.9721
vn -0.0054 -0.2747 0.9615
vn -0.0002 -0.6550 0.7556
vn -0.0058 -0.7120 0.7021
vn -0.5113 0.5643 -0.6482
vn -0.8064 -0.2212 -0.5484
vn -0.8537 -0.1468 -0.4996
vn -0.3016 -0.2895 -0.9084
vn -0.3494 -0.3573 -0.8662
vn -0.3225 -0.8622 -0.3907
vn -0.4928 -0.4388 -0.7514
vn -0.1209 -0.6792 -0.7239
vn 1.0000 0.0000 0.0000
vn 1.0000 0.0000 -0.0000
vn 1.0000 0.0000 0.0000
vn 1.0000 0.0000 0.0000
vn 1.0000 0.0000 0.0000
vn 1.0000 0.0000 0.0000
vn 1.0000 0.0000 0.0000
vn 1.0000 0.0000 0.0000
vn 1.0000 0.0000 0.0000
vn 1.0000 0.0000 0.0000
vn 1.0000 0.0000 0.0000
vn 1.0000 0.0000 0.0000
vn 1.0000 -0.0000 0.0000
vn 1.0000 0.0000 0.0000
vn 1.0000 -0.0000 0.0000
vn 1.0000 0.0000 0.0000
vn 1.0000 -0.0000 0.0000
vn 1.0000 -0.0000 0.0000
vn 1.0000 0.0000 -0.0000
vn 1.0000 -0.0000 0.0000
vn 1.0000 0.0000 0.0000
vn 1.0000 0.0000 -0.0000
vn 1.0000 0.0000 0.0000
vn 1.0000 0.0000 -0.0000
vn 1.0000 0.0000 -0.0000
vn 1.0000 0.0000 0.0000
vn 1.0000 0.0000 0.0000
vn 1.0000 0.0000 0.0000
vn 1.0000 0.0000 0.0000
vn 1.0000 0.0000 0.0000
vn 1.0000 0.0000 0.0000
vn 1.0000 0.0000 0.0000
vn 1.0000 0.0000 0.0000
vn 1.0000 0.0000 0.0000
vn 1.0000 0.0000 0.0000
vn 1.0000 -0.0000 0.0000
vn 1.0000 0.0000 0.0000
vn 1.0000 0.0000 0.0000
vn 1.0000 -0.0000 0.0000
vn 1.0000 0.0000 0.0000
vn 1.0000 -0.0000 -0.0000
vn 1.0000 -0.0000 0.0000
vn 1.0000 0.0000 -0.0000
vn 1.0000 -0.0000 0.0000
vn 1.0000 0.0000 -0.0000
vn 1.0000 0.0000 0.0000
vn 1.0000 0.0000 -0.0000
vn 1.0000 0.0000 -0.0000
vn 1.0000 0.0000 -0.0000
vn 1.0000 -0.0000 0.0000
vn 1.0000 0.0000 -0.0000
vn 1.0000 -0.0000 0.0000
vn 1.0000 0.0000 -0.0000
vn 1.0000 0.0000 0.0000
vn 1.0000 0.0000 -0.0000
vn 1.0000 0.0000 -0.0000
vn 1.0000 0.0000 0.0000
vn 1.0000 0.0000 -0.0000
vn 1.0000 0.0000 0.0000
vn 1.0000 0.0000 0.0000
vn 1.0000 0.0000 0.0000
vn 1.0000 0.0000 0.0000
vn 1.0000 0.0000 0.0000
vn 1.0000 0.0000 0.0000
vn 1.0000 0.0000 0.0000
vn 1.0000 0.0000 0.0000
vn 1.0000 0.0000 0.0000
vn 1.0000 0.0000 0.0000
vn 1.0000 -0.0000 0.0000
vn 1.0000 0.0000 0.0000
vn 1.0000 -0.0000 0.0000
vn 1.0000 0.0000 0.0000
vn 1.0000 -0.0000 0.0000
vn 1.0000 0.0000 0.0000
vn 1.0000 -0.0000 0.0000
vn -0.4461 -0.5590 -0.6989
vn -0.1687 -0.9474 -0.2719
vn -0.6775 0.3415 -0.6514
vn -0.9291 -0.0607 -0.3648
vn -0.2149 -0.7927 -0.5705
vn -0.4392 -0.0925 -0.8936
vn -0.8001 -0.0896 -0.5932
vn -0.4160 -0.0741 -0.9063
vn -0.2034 -0.5484 -0.8111
vn -0.1693 -0.7613 -0.6259
vn -0.5061 -0.6365 -0.5820
vn -0.4815 -0.5121 -0.7113
vn -0.7614 -0.2657 -0.5913
vn -0.8326 -0.2560 -0.4912
vn -0.8767 0.0106 -0.4809
vn -0.4411 -0.0090 -0.8974
vn -0.6119 -0.0558 -0.7890
vn -0.8033 -0.0015 -0.5956
vn -0.8374 0.0000 0.5466
vn -0.8363 -0.0003 0.5483
vn -0.2050 -0.0001 0.9788
vn -0.2032 -0.0004 0.9791
vn -0.2164 0.0000 -0.9763
vn -0.2164 0.0000 -0.9763
vn -0.7808 0.0021 -0.6248
vn -0.7865 0.0000 -0.6176
vn 0.5052 -0.7144 0.4842
vn 0.5956 -0.6971 0.3991
vn 0.6628 -0.7277 0.1766
vn 0.6872 -0.7134 0.1371
vn 0.2644 -0.6448 0.7171
vn 0.3803 -0.7289 0.5693
vn 0.1398 -0.6985 0.7018
vn -0.1352 -0.7222 0.6783
vn -0.0343 -0.6761 0.7360
vn -0.3932 -0.7063 0.5886
vn -0.4468 -0.7323 0.5139
vn -0.5912 -0.7026 0.3961
vn -0.7002 -0.7002 0.1397
vn -0.6605 -0.7211 0.2092
vn -0.5052 -0.7144 -0.4842
vn -0.5956 -0.6971 -0.3991
vn -0.6520 -0.7247 -0.2228
vn -0.7002 -0.7002 -0.1397
vn -0.2956 -0.6574 -0.6931
vn -0.3878 -0.7159 -0.5805
vn -0.1400 -0.6975 -0.7027
vn -0.0365 -0.7177 -0.6954
vn 0.1399 -0.6982 -0.7021
vn 0.3786 -0.7317 -0.5668
vn 0.3675 -0.7243 -0.5834
vn 0.5932 -0.7001 -0.3975
vn 0.7021 -0.6981 -0.1401
vn 0.6424 -0.7232 -0.2534
vn -0.4135 -0.7204 -0.5568
vn -0.5956 -0.6971 -0.3991
vn -0.6628 -0.7277 -0.1766
vn -0.6872 -0.7134 -0.1371
vn -0.3912 -0.7099 -0.5856
vn -0.1387 -0.7045 -0.6960
vn -0.0803 -0.7191 -0.6903
vn 0.1399 -0.6982 -0.7021
vn 0.3786 -0.7317 -0.5668
vn 0.3865 -0.7368 -0.5547
vn 0.5912 -0.7026 -0.3961
vn 0.7002 -0.7002 -0.1397
vn 0.6605 -0.7211 -0.2092
vn 0.5907 -0.7032 0.3957
vn 0.6308 -0.7326 0.2556
vn 0.7002 -0.7002 0.1397
vn 0.3508 -0.7094 0.6113
vn 0.3803 -0.7289 0.5693
vn 0.1398 -0.6985 0.7018
vn -0.1352 -0.7222 0.6783
vn -0.0343 -0.6761 0.7360
vn -0.3932 -0.7063 0.5886
vn -0.4287 -0.7241 0.5403
vn -0.5932 -0.7001 0.3975
vn -0.7021 -0.6981 0.1401
vn -0.6424 -0.7232 0.2534
vn -0.4312 -0.7595 -0.4871
vn -0.6372 -0.7190 -0.2776
vn -0.6628 -0.7277 -0.1766
vn -0.6872 -0.7134 -0.1371
vn -0.3037 -0.7082 -0.6374
vn -0.1309 -0.7091 -0.6929
vn -0.1373 -0.7114 -0.6892
vn 0.1392 -0.7020 -0.6985
vn 0.3710 -0.7442 -0.5554
vn 0.3617 -0.7375 -0.5703
vn 0.5912 -0.7026 -0.3961
vn 0.7002 -0.7002 -0.1397
vn 0.6605 -0.7211 -0.2092
vn 0.5907 -0.7032 0.3957
vn 0.6308 -0.7326 0.2556
vn 0.7002 -0.7002 0.1397
vn 0.4320 -0.7155 0.5490
vn 0.3967 -0.7001 0.5938
vn 0.1534 -0.7015 0.6959
vn 0.1400 -0.6975 0.7027
vn -0.1386 -0.7047 0.6958
vn -0.0958 -0.6885 0.7189
vn -0.3932 -0.7063 0.5886
vn -0.4287 -0.7241 0.5403
vn -0.5932 -0.7001 0.3975
vn -0.7021 -0.6981 0.1401
vn -0.6424 -0.7232 0.2534
vn 0.5052 -0.7144 0.4842
vn 0.5956 -0.6971 0.3991
vn 0.6628 -0.7277 0.1766
vn 0.6872 -0.7134 0.1371
vn 0.2644 -0.6448 0.7171
vn 0.3803 -0.7289 0.5693
vn 0.1398 -0.6985 0.7018
vn -0.1352 -0.7222 0.6783
vn -0.0343 -0.6761 0.7360
vn -0.3932 -0.7063 0.5886
vn -0.4468 -0.7323 0.5139
vn -0.5912 -0.7026 0.3961
vn -0.7002 -0.7002 0.1397
vn -0.6605 -0.7211 0.2092
vn -0.4609 -0.7186 -0.5208
vn -0.5956 -0.6971 -0.3991
vn -0.6520 -0.7247 -0.2228
vn -0.7002 -0.7002 -0.1397
vn -0.3983 -0.6971 -0.5962
vn -0.1886 -0.7114 -0.6770
vn -0.1400 -0.6975 -0.7027
vn 0.1386 -0.7047 -0.6958
vn 0.0958 -0.6885 -0.7189
vn 0.3932 -0.7063 -0.5886
vn 0.4287 -0.7241 -0.5403
vn 0.5932 -0.7001 -0.3975
vn 0.7021 -0.6981 -0.1401
vn 0.6424 -0.7232 -0.2534
vn -0.3971 0.0088 0.9177
vn -0.6368 -0.0471 0.7696
vn -0.8316 0.0098 0.5553
vn -0.1958 -0.5615 0.8040
vn -0.1921 -0.7569 0.6247
vn -0.2312 -0.9133 0.3353
vn -0.8804 -0.1069 0.4620
vn -0.8890 -0.0182 0.4575
vn -0.7009 0.2580 0.6650
vn -0.5064 -0.6384 0.5797
vn -0.1761 -0.7448 0.6436
vn -0.9127 -0.1869 0.3634
vn -0.7574 -0.2724 0.5934
vn -0.4664 -0.5643 0.6812
vn -0.4970 -0.5826 0.6430
vn -0.4718 -0.1253 0.8728
vn -0.3946 -0.0368 0.9181
vn -0.8270 -0.1047 0.5523
vn 0.0000 -1.0000 0.0000
vn -0.0111 -0.9995 -0.0304
vn -0.0000 -1.0000 -0.0040
vn 0.0000 -1.0000 0.0000
vn 0.0000 -1.0000 0.0000
vn 0.0000 -1.0000 -0.0000
vn 0.0000 -1.0000 0.0000
vn 0.0000 -1.0000 0.0000
vn 0.0000 -1.0000 0.0000
vn 0.0000 -1.0000 0.0000
vn 0.0000 -1.0000 -0.0000
vn 0.0000 -1.0000 0.0000
vn 0.0000 -1.0000 -0.0000
vn -0.0000 -1.0000 0.0000
vn 0.0000 -1.0000 0.0000
vn -0.0000 -1.0000 0.0000
vn 0.0000 -1.0000 0.0000
vn 0.0000 -1.0000 0.0000
vn 0.0000 -1.0000 0.0000
vn 0.0000 -1.0000 -0.0000
vn 0.0000 -1.0000 0.0000
vn 0.0000 -1.0000 0.0000
vn 0.0000 -1.0000 0.0000
vn 0.0000 -1.0000 0.0000
vn 0.0000 -1.0000 0.0000
vn 0.0000 -1.0000 0.0000
vn 0.0000 -1.0000 -0.0000
vn 0.0000 -1.0000 0.0000
vn 0.0000 -1.0000 0.0000
vn 0.0000 -1.0000 0.0000
vn -0.0000 -1.0000 0.0000
vn 0.0000 -1.0000 0.0000
vn -0.0000 -1.0000 0.0000
vn 0.0000 -1.0000 0.0000
vn 0.0000 -1.0000 0.0000
vn 0.0000 -1.0000 0.0000
vn 0.0000 -1.0000 0.0000
vn 0.0000 -1.0000 -0.0000
vn 0.0000 -1.0000 0.0000
vn 0.0000 -1.0000 0.0000
vn 0.0000 -1.0000 -0.0000
vn 0.0000 -1.0000 0.0000
vn 0.0000 -1.0000 0.0000
vn 0.0000 -1.0000 -0.0000
vn 0.0000 -1.0000 -0.0000
vn 0.0000 -1.0000 0.0000
vn -0.0000 -1.0000 0.0000
vn -0.0000 -1.0000 0.0000
vn -0.0000 -1.0000 0.0000
vn 0.0000 -1.0000 0.0000
vn 0.0000 -1.0000 0.0000
vn 0.0000 -1.0000 0.0000
vn 0.0000 -1.0000 0.0000
vn 0.0000 -1.0000 0.0000
vn 0.0000 -1.0000 0.0000
vn 0.0000 -1.0000 0.0000
vn 0.0000 -1.0000 0.0000
vn 0.0000 -1.0000 0.0000
vn 0.0000 -1.0000 0.0000
vn 0.0000 -1.0000 0.0000
vn 0.0000 -1.0000 0.0000
vn 0.0000 -1.0000 -0.0000
vn 0.0000 -1.0000 -0.0000
vn 0.0000 -1.0000 0.0000
vn 0.0000 -1.0000 0.0000
vn 0.0000 -1.0000 0.0000
vn 0.0000 -1.0000 0.0000
vn 0.0000 -1.0000 0.0000
vn -0.0000 -1.0000 0.0000
vn 0.0000 -1.0000 0.0000
vn 0.0000 -1.0000 0.0000
vn -0.0000 -1.0000 0.0000
vn 0.0000 -1.0000 0.0000
vn 0.0000 -1.0000 0.0000
vn 0.0000 -1.0000 0.0000
vn 0.0000 -1.0000 0.0000
vn 0.0000 -1.0000 0.0000
vn 0.0000 -1.0000 0.0000
vn 0.0000 -1.0000 0.0000
vn 0.0000 1.0000 0.0000
vn 0.0000 -1.0000 0.0000
vn 0.0000 -1.0000 0.0000
vn 0.0000 -1.0000 0.0000
vn 0.0000 -1.0000 0.0000
vn 0.0000 -1.0000 0.0000
vn 0.0000 -1.0000 0.0000
vn 0.0000 -1.0000 0.0000
vn 0.0000 -1.0000 0.0000
vn 0.0000 -1.0000 0.0000
vn 0.0000 -1.0000 0.0000
vn 0.0000 -1.0000 0.0000
vn 0.0000 -1.0000 0.0000
vn 0.0000 -1.0000 0.0000
vn 0.0000 -1.0000 0.0000
vn 0.0000 -1.0000 0.0000
vn -0.0000 -1.0000 -0.0000
vn -0.0000 -1.0000 0.0000
vn 0.0000 -1.0000 -0.0000
vn 0.0000 -1.0000 0.0000
vn 0.0000 -1.0000 -0.0000
vn 0.0000 -1.0000 -0.0000
vn 0.0000 -1.0000 0.0000
vn 0.0000 -1.0000 0.0000
vn 0.0000 -1.0000 0.0000
vn -0.0000 -1.0000 0.0000
vn 0.0000 -1.0000 0.0000
vn -0.0000 -1.0000 0.0000
vn -0.0000 -1.0000 0.0000
vn -0.0000 -1.0000 0.0000
vn 0.0000 -1.0000 0.0000
vn 0.0000 -1.0000 0.0000
vn 0.0000 -1.0000 0.0000
vn 0.0000 -1.0000 0.0000
vn 0.0000 -1.0000 0.0000
vn 0.0000 -1.0000 0.0000
vn 0.0000 -1.0000 0.0000
vn 0.0000 -1.0000 0.0000
vn 0.0000 -1.0000 0.0000
vn -0.0000 -1.0000 0.0000
vn 0.0000 -1.0000 -0.0000
vn 0.0000 -1.0000 -0.0000
vn -0.0000 -1.0000 0.0000
vn -0.0000 -1.0000 0.0000
vn 0.0000 -1.0000 0.0000
vn 0.0000 -1.0000 0.0000
vn 0.0000 -1.0000 -0.0000
vn 0.0000 -1.0000 0.0000
vn 0.0000 -1.0000 -0.0000
vn 0.0000 -1.0000 0.0000
vn 0.0000 -1.0000 0.0000
vn 0.0000 -1.0000 0.0000
vn 0.0000 -1.0000 0.0000
vn 0.0000 -1.0000 0.0000
vn 0.0000 -1.0000 0.0000
vn 0.0000 -1.0000 0.0000
vn 0.0000 -1.0000 -0.0000
vn 0.0000 -1.0000 -0.0000
vn 0.0000 -1.0000 0.0000
vn 0.0000 -1.0000 0.0000
vn 0.0000 -1.0000 0.0000
vn 0.0000 -1.0000 0.0000
vn 0.0000 -1.0000 0.0000
vn -0.0000 -1.0000 0.0000
vn 0.0000 -1.0000 0.0000
vn 0.0000 -1.0000 0.0000
vn 0.0000 -1.0000 -0.0000
vn 0.0000 -1.0000 -0.0000
vn 0.0000 -1.0000 0.0000
vn -0.0000 -1.0000 0.0000
vn 0.0000 -1.0000 0.0000
vn 0.0000 -1.0000 0.0000
vn 0.0000 -1.0000 0.0000
vn 0.0000 -1.0000 -0.0000
vn 0.0000 -1.0000 0.0000
vn -0.0000 -1.0000 0.0000
vn 0.0000 -1.0000 0.0000
vn 0.0000 -1.0000 0.0000
vn 0.0000 -1.0000 0.0000
vn 0.0000 -1.0000 0.0000
vn 0.0000 -1.0000 0.0000
vn 0.0000 -1.0000 0.0000
vn -0.0000 -1.0000 0.0000
vn 0.0000 -1.0000 0.0000
vn -0.0000 -1.0000 0.0000
vn 0.0000 -1.0000 0.0000
vn 0.0000 -1.0000 0.0000
vn 0.0000 -1.0000 -0.0000
vn 0.0000 -1.0000 0.0000
vn 0.0000 -1.0000 0.0000
vn 0.0000 -1.0000 0.0000
vn 0.0000 -1.0000 0.0000
vn 0.0000 -1.0000 0.0000
vn -0.0000 -1.0000 0.0000
vn 0.0000 -1.0000 0.0000
vn -0.0000 -1.0000 -0.0000
vn -0.0000 -1.0000 0.0000
vn 0.0000 -1.0000 -0.0000
vn 0.0000 -1.0000 0.0000
vn 0.0000 -1.0000 -0.0000
vn 0.0000 -1.0000 -0.0000
vn 0.0000 -1.0000 0.0000
vn 0.0000 -1.0000 0.0000
vn 0.0000 -1.0000 0.0000
vn 0.0000 -1.0000 0.0000
vn -0.0000 -1.0000 0.0052
vn 0.0000 -1.0000 0.0052
vn 0.0000 -1.0000 0.0000
vn 0.0021 -1.0000 -0.0047
vn 0.0004 -1.0000 -0.0049
vn 0.0000 -1.0000 -0.0051
vn 0.0003 -1.0000 -0.0043
vn 0.0006 -1.0000 -0.0053
vn 0.0000 -1.0000 0.0000
vn -0.0123 -0.9999 -0.0113
vn -0.0120 -0.9994 0.0322
vn -0.0111 -0.9998 0.0175
vn 0.0335 -0.9993 -0.0141
vn 0.0341 -0.9994 0.0073
vn 0.0009 -1.0000 0.0037
vn 0.0000 -1.0000 0.0000
vn 0.0000 -1.0000 -0.0000
vn 0.0000 -1.0000 0.0000
vn 0.0000 -1.0000 0.0000
vn 0.0112 -0.9999 -0.0067
vn -0.0000 -1.0000 0.0000
vn 0.0000 -1.0000 0.0000
vn 0.0000 -1.0000 0.0000
vn 0.0000 -1.0000 0.0000
vn 0.0000 -1.0000 0.0000
vn 0.0004 -1.0000 0.0031
vn -0.0003 -1.0000 0.0045
vn 0.0000 -1.0000 0.0039
vn -0.0000 -1.0000 0.0000
vn 0.0000 -1.0000 0.0000
vn 0.0000 -1.0000 0.0000
vn 0.0000 -1.0000 0.0000
vn 0.0000 -1.0000 0.0000
vn 0.0000 -1.0000 0.0000
vn 0.0000 -1.0000 0.0000
vn 0.0000 -1.0000 0.0000
vn 0.0000 -1.0000 0.0000
vn 0.0000 -1.0000 0.0000
vn 0.0000 -1.0000 0.0000
vn 0.0000 -1.0000 0.0000
vn 0.0000 -1.0000 0.0000
vn 0.0000 -1.0000 0.0000
vn 0.0000 -1.0000 0.0000
vn 0.0000 -1.0000 0.0000
vn -0.0000 -1.0000 0.0000
vn -0.6034 0.0175 -0.7972
vn -0.5942 0.0083 -0.8043
vn -0.9975 -0.0020 0.0700
vn -0.9975 0.0000 0.0707
vn -0.9965 0.0000 -0.0833
vn -0.9964 -0.0042 -0.0848
vn -0.8742 0.0037 0.4855
vn -0.8782 0.0000 0.4782
vn -0.3372 0.0000 0.9414
vn -0.3482 -0.0067 0.9374
vn -0.8924 -0.0000 0.4512
vn -0.2772 0.5892 0.7590
vn -0.9016 0.0051 0.4326
vn -0.8810 0.0320 0.4720
vn -0.9030 0.0193 0.4292
vn -0.8857 0.0497 0.4616
vn -0.9126 0.0340 0.4075
vn -0.9002 -0.0005 0.4354
vn -0.8964 -0.0009 0.4433
vn -0.8922 0.0000 0.4516
vn -0.8490 -0.0111 0.5283
vn -0.8357 -0.0139 0.5491
vn -0.7947 -0.0467 0.6052
vn -0.8220 -0.0624 0.5661
vn -0.8959 -0.0712 0.4385
vn -0.9161 -0.0741 0.3940
vn -0.9156 -0.1263 0.3816
vn -0.9176 -0.1269 0.3767
vn -0.8900 -0.2417 0.3867
vn -0.0294 -0.6111 0.7910
vn -0.1740 -0.3493 0.9207
vn -0.2501 -0.3798 0.8906
vn -0.2671 -0.4554 0.8493
vn -0.2781 0.0331 0.9600
vn -0.2563 -0.0793 0.9633
vn -0.1452 0.1829 0.9723
vn -0.2647 0.1077 0.9583
vn -0.2605 0.0284 0.9650
vn 0.2901 -0.2908 -0.9117
vn -0.1378 0.3435 0.9290
vn -0.1593 0.4446 0.8815
vn -0.2485 0.4938 0.8333
vn -0.1872 -0.7958 0.5759
vn -0.2192 -0.2624 0.9397
vn -0.2051 -0.2111 0.9557
vn -0.3307 -0.1465 0.9323
vn -0.3245 -0.0568 0.9442
vn -0.2072 0.1614 0.9649
vn -0.2151 0.2380 0.9471
vn -0.1424 0.2460 0.9587
vn -0.3609 0.3103 0.8795
vn -0.2003 -0.5551 0.8073
vn -0.2241 -0.6313 0.7424
vn -0.2051 -0.7243 0.6582
vn -0.2289 -0.7874 0.5724
vn -0.5913 -0.5927 0.5469
vn -0.5046 -0.6268 0.5937
vn -0.4916 -0.5931 0.6377
vn -0.4016 -0.6672 0.6274
vn -0.3845 -0.5731 0.7237
vn -0.4981 -0.4552 0.7380
vn -0.4913 -0.4341 0.7551
vn -0.4285 -0.4872 0.7609
vn -0.3999 -0.3815 0.8334
vn -0.4164 -0.3132 0.8536
vn -0.4117 -0.2845 0.8658
vn -0.5101 0.1065 0.8535
vn -0.5161 0.1652 0.8404
vn -0.4340 0.1636 0.8859
vn -0.4157 0.2773 0.8662
vn -0.4593 0.2808 0.8427
vn -0.4709 0.3371 0.8152
vn -0.3870 0.3453 0.8550
vn -0.4099 0.4585 0.7885
vn -0.4125 0.4874 0.7696
vn -0.7819 -0.0760 0.6187
vn -0.7537 -0.0207 0.6569
vn -0.6510 -0.2032 0.7314
vn -0.6860 -0.2995 0.6631
vn -0.7867 -0.1604 0.5961
vn -0.8018 -0.1892 0.5668
vn -0.7647 -0.2553 0.5917
vn -0.7728 -0.2821 0.5685
vn -0.7940 -0.2456 0.5560
vn -0.8206 -0.2867 0.4943
vn -0.7685 -0.3917 0.5060
vn -0.7773 -0.4166 0.4715
vn -0.6054 -0.0842 0.7915
vn -0.6047 -0.0795 0.7925
vn -0.7029 -0.0883 0.7058
vn -0.7013 -0.0572 0.7106
vn -0.6613 -0.0359 0.7493
vn -0.6610 0.0125 0.7503
vn -0.6565 0.0157 0.7541
vn -0.6598 0.1198 0.7419
vn -0.7864 0.0363 0.6167
vn -0.7893 0.0637 0.6108
vn -0.7834 0.0639 0.6183
vn -0.7896 0.1033 0.6048
vn -0.7691 0.1084 0.6298
vn -0.7783 0.1517 0.6093
vn -0.7632 0.1578 0.6266
vn -0.7729 0.1949 0.6038
vn -0.6460 0.2521 0.7205
vn -0.7294 0.3668 0.5774
vn 1.0000 0.0000 0.0000
vn 1.0000 0.0000 0.0000
vn 1.0000 0.0000 0.0000
vn 1.0000 0.0000 0.0000
vn 1.0000 0.0000 0.0000
vn 1.0000 0.0000 0.0000
vn 1.0000 0.0000 0.0000
vn 1.0000 0.0000 -0.0000
vn 0.0000 -0.6138 0.7894
vn -0.0000 -0.8361 -0.5486
vn -0.0078 -0.8114 -0.5845
vn 0.0000 -0.6251 -0.7805
vn -0.0063 -0.6791 -0.7340
vn -0.0059 -0.6781 -0.7349
vn -0.0019 -0.7854 -0.6190
vn 0.0000 -0.6346 -0.7728
vn -0.0093 -0.5174 -0.8557
vn -0.0024 -0.4886 -0.8725
vn -0.0002 -0.2785 -0.9604
vn -0.0098 -0.3359 -0.9418
vn -0.0000 -0.4306 -0.9025
vn -0.0000 -0.4452 -0.8954
vn 0.0002 -0.1893 -0.9819
vn -0.0063 -0.1408 -0.9900
vn 0.0007 -0.0812 -0.9967
vn -0.0000 0.1854 -0.9827
vn -0.0000 0.1284 -0.9917
vn -0.0055 0.0600 -0.9982
vn -0.0009 0.0335 -0.9994
vn -0.0082 0.4615 -0.8871
vn -0.0025 0.4125 -0.9110
vn -0.0058 0.2584 -0.9660
vn 0.0183 0.1574 -0.9874
vn -0.0053 0.2657 -0.9640
vn -0.0063 0.7668 -0.6418
vn -0.0036 0.4464 -0.8948
vn -0.0031 0.5943 -0.8042
vn -0.0072 0.6163 -0.7875
vn -0.0014 0.6491 -0.7607
vn -0.0030 0.7325 -0.6807
vn 0.0000 0.8751 0.4840
vn -0.0000 0.9542 0.2992
vn 0.0000 0.9542 0.2992
vn -0.0000 0.9947 0.1024
vn 0.0000 0.9947 0.1024
vn -0.0000 1.0000 0.0007
vn 0.0000 1.0000 0.0007
vn 0.0000 0.9949 -0.1012
vn 0.0000 0.9949 -0.1012
vn 0.0000 0.9545 -0.2981
vn 0.0000 0.9545 -0.2981
vn 0.0000 0.8756 -0.4830
vn 0.0000 0.8756 -0.4830
vn 0.0000 0.7614 -0.6483
vn -0.0038 0.7628 0.6466
vn -0.0000 0.7665 0.6423
vn -0.0000 0.8751 0.4840
vn -0.0013 0.7226 0.6912
vn -0.0004 0.6567 0.7541
vn -0.0072 0.6208 0.7839
vn -0.0022 0.4147 0.9099
vn -0.0077 0.4650 0.8853
vn -0.0038 0.4515 0.8923
vn -0.0019 0.5909 0.8067
vn -0.0083 0.2009 0.9796
vn -0.0051 0.2640 0.9645
vn -0.0055 0.2660 0.9639
vn -0.0006 0.0345 0.9994
vn -0.0057 0.0658 0.9978
vn 0.0000 0.1312 0.9914
vn 0.0000 0.1727 0.9850
vn 0.0005 -0.0745 0.9972
vn -0.0071 -0.1351 0.9908
vn -0.0001 -0.1906 0.9817
vn -0.0000 -0.4426 0.8967
vn -0.0000 -0.4220 0.9066
vn -0.0088 -0.3305 0.9438
vn -0.0016 -0.2897 0.9571
vn 0.0000 -0.5126 0.8586
vn -0.0331 -0.6091 0.7924
vn -0.0032 -0.4936 0.8697
vn -0.0008 -0.8097 0.5868
vn -0.0165 -0.8361 0.5484
vn -0.0017 -0.7768 0.6298
vn -0.0045 -0.6740 0.7388
vn -0.0095 -0.6871 0.7265
vn -0.5837 -0.5807 -0.5675
vn -0.1694 0.3485 -0.9219
vn -0.1878 0.4355 -0.8804
vn -0.8962 -0.0008 -0.4436
vn -0.8924 -0.0000 -0.4513
vn -0.3448 0.5473 -0.7626
vn -0.8999 -0.0628 -0.4315
vn -0.9131 -0.0802 -0.3997
vn -0.9078 -0.0884 -0.4099
vn -0.9225 -0.1087 -0.3703
vn -0.9188 -0.1152 -0.3775
vn -0.9296 -0.1343 -0.3432
vn -0.8714 -0.2458 -0.4245
vn -0.8922 0.0000 -0.4517
vn -0.8339 -0.0143 -0.5517
vn -0.8367 -0.0138 -0.5475
vn -0.7966 -0.0451 -0.6028
vn -0.8207 -0.0631 -0.5679
vn -0.9004 -0.0005 -0.4351
vn -0.9045 0.0029 -0.4265
vn -0.9137 0.0310 -0.4053
vn -0.8843 0.0540 -0.4638
vn -0.9055 0.0149 -0.4240
vn -0.2690 0.4886 -0.8300
vn -0.2976 0.5838 -0.7554
vn -0.1862 0.2463 -0.9511
vn -0.1076 0.2502 -0.9622
vn -0.3017 0.0289 -0.9530
vn -0.2954 0.0265 -0.9550
vn -0.3012 0.1573 -0.9405
vn -0.0873 0.1218 -0.9887
vn -0.1778 0.1649 -0.9702
vn -0.1819 -0.2258 -0.9571
vn -0.3063 -0.1493 -0.9401
vn -0.3000 -0.0576 -0.9522
vn -0.2846 -0.0652 -0.9564
vn -0.2988 -0.4448 -0.8443
vn -0.2825 -0.3717 -0.8843
vn -0.2266 -0.3328 -0.9154
vn -0.1937 -0.2691 -0.9434
vn -0.1891 -0.6468 -0.7388
vn -0.1638 -0.5661 -0.8079
vn -0.0334 -0.6180 -0.7854
vn -0.1652 -0.7341 -0.6586
vn -0.1886 -0.7961 -0.5750
vn -0.5035 0.2442 -0.8287
vn -0.5061 0.2553 -0.8238
vn -0.3842 0.3750 -0.8436
vn -0.4016 0.4684 -0.7870
vn -0.6961 0.3600 -0.6211
vn -0.5168 0.1240 -0.8471
vn -0.5132 0.0929 -0.8532
vn -0.6081 -0.0764 -0.7902
vn -0.6209 -0.1833 -0.7622
vn -0.3937 -0.1899 -0.8994
vn -0.4171 -0.3191 -0.8510
vn -0.3944 -0.3804 -0.8365
vn -0.4197 -0.4724 -0.7751
vn -0.5046 -0.4586 -0.7315
vn -0.5167 -0.4988 -0.6959
vn -0.3786 -0.5418 -0.7505
vn -0.3967 -0.6471 -0.6511
vn -0.5085 -0.6220 -0.5954
vn -0.5173 -0.6464 -0.5609
vn -0.1670 -0.8063 -0.5674
vn -0.7854 0.0652 -0.6155
vn -0.7901 0.0942 -0.6057
vn -0.7842 0.1014 -0.6121
vn -0.7912 0.1341 -0.5967
vn -0.7681 0.1669 -0.6182
vn -0.7638 0.1512 -0.6275
vn -0.6906 0.2744 -0.6691
vn -0.7747 0.3448 -0.5300
vn -0.4021 0.3143 -0.8599
vn -0.4220 0.1917 -0.8861
vn -0.7901 0.0607 -0.6100
vn -0.7918 0.0805 -0.6055
vn -0.7152 0.0552 -0.6968
vn -0.7133 0.0153 -0.7007
vn -0.7087 0.0129 -0.7054
vn -0.7090 -0.0310 -0.7045
vn -0.7119 -0.0291 -0.7017
vn -0.7152 -0.0827 -0.6941
vn -0.7827 -0.0759 -0.6178
vn -0.7928 -0.1086 -0.5998
vn -0.6938 -0.1335 -0.7076
vn -0.7211 -0.2130 -0.6593
vn -0.8037 -0.1947 -0.5623
vn -0.8068 -0.2041 -0.5544
vn -0.7600 -0.2335 -0.6065
vn -0.7762 -0.2853 -0.5622
vn -0.7589 -0.2977 -0.5791
vn -0.7772 -0.3504 -0.5226
vn -0.7604 -0.3642 -0.5378
vn -0.7788 -0.4129 -0.4722
vn 0.1658 0.0049 0.9861
vn 0.2145 0.1738 0.9611
vn 0.0000 1.0000 0.0000
vn -0.0000 1.0000 0.0000
vn 0.0000 1.0000 0.0000
vn -0.0000 1.0000 0.0000
vn 0.0000 1.0000 0.0000
vn 0.0000 1.0000 -0.0000
vn 0.0000 1.0000 0.0000
vn 0.1601 -0.0174 -0.9869
vn 0.1376 0.0573 -0.9888
vn -0.8369 0.0000 0.5474
vn -0.8369 0.0000 0.5474
vn 0.0000 -0.9711 -0.2386
vn 0.0000 -0.9711 -0.2386
vn 0.0000 -0.7499 -0.6615
vn 0.0000 -0.7499 -0.6615
vn 0.0000 -0.3546 -0.9350
vn 0.0000 -0.3546 -0.9350
vn 0.0000 0.1171 -0.9931
vn 0.0000 0.1171 -0.9931
vn 0.0000 0.5383 -0.8427
vn 0.0000 0.5383 -0.8427
vn 0.0000 0.8568 -0.5156
vn 0.0000 0.8568 -0.5156
vn 0.0000 0.9890 -0.1476
vn 0.0000 0.9890 -0.1476
vn -0.0000 0.9711 0.2386
vn 0.0000 0.9711 0.2386
vn -0.0000 0.7499 0.6615
vn 0.0000 0.7499 0.6615
vn -0.0000 0.3546 0.9350
vn 0.0000 0.3546 0.9350
vn 0.0000 -0.1171 0.9931
vn 0.0000 -0.1171 0.9931
vn 0.0000 -0.4359 0.9000
vn 0.1184 -0.5345 0.8368
vn 0.1581 -0.8732 0.4609
vn 0.1000 -0.8525 0.5130
vn 0.1137 -0.9927 -0.0393
vn 0.0000 -0.9890 0.1476
vn -0.0080 -0.9897 -0.1432
vn 0.0000 -0.9888 -0.1494
vn 0.0000 -0.7499 -0.6615
vn 0.0000 -0.7499 -0.6615
vn 0.0000 -0.3546 -0.9350
vn 0.0000 -0.3546 -0.9350
vn 0.0000 0.1171 -0.9931
vn 0.0000 0.1171 -0.9931
vn 0.0000 0.5383 -0.8427
vn 0.0000 0.5383 -0.8427
vn 0.0000 0.8815 -0.4722
vn -0.0695 0.8548 -0.5143
vn 0.2004 0.9618 0.1867
vn -0.0000 0.9890 -0.1476
vn 0.0000 0.9711 0.2386
vn 0.0000 0.9711 0.2386
vn -0.0000 0.7499 0.6615
vn 0.0000 0.7499 0.6615
vn -0.0000 0.3546 0.9350
vn 0.0000 0.3546 0.9350
vn 0.0000 -0.1171 0.9931
vn 0.0000 -0.1171 0.9931
vn 0.0000 -0.5383 0.8427
vn 0.0000 -0.5383 0.8427
vn 0.0000 -0.8971 0.4418
vn 0.0083 -0.8999 0.4359
vn 0.0000 -0.9952 -0.0981
vn 0.1491 -0.9603 -0.2359
vn 0.1583 -0.7190 -0.6767
vn 0.1343 -0.7431 -0.6555
vn 0.0111 -0.3443 -0.9388
vn 0.0000 -0.3546 -0.9350
vn 0.0000 0.1171 -0.9931
vn 0.0000 0.1171 -0.9931
vn 0.0000 0.5383 -0.8427
vn 0.0000 0.5383 -0.8427
vn 0.0000 0.8568 -0.5156
vn 0.0000 0.8568 -0.5156
vn 0.0000 0.9890 -0.1476
vn 0.0000 0.9890 -0.1476
vn -0.0000 0.9711 0.2386
vn 0.0000 0.9711 0.2386
vn -0.0000 0.7499 0.6615
vn 0.0000 0.7499 0.6615
vn -0.0000 0.3546 0.9350
vn 0.0000 0.3546 0.9350
vn 0.0000 -0.1171 0.9931
vn 0.0000 -0.1171 0.9931
vn 0.0000 -0.5383 0.8427
vn 0.0000 -0.5383 0.8427
vn 0.0000 -0.8568 0.5156
vn 0.0000 -0.8568 0.5156
vn 0.0000 -0.9890 0.1476
vn 0.0000 -0.9890 0.1476
vn -0.7858 0.0011 -0.6185
vn -0.7838 0.0000 -0.6210
vn 0.7031 0.6971 -0.1403
vn 0.6427 0.7200 -0.2618
vn 0.5932 0.7001 -0.3975
vn 0.3801 0.7292 -0.5690
vn 0.3843 0.7277 -0.5681
vn 0.1400 0.6978 -0.7025
vn -0.0316 0.7196 -0.6937
vn -0.1400 0.6979 -0.7024
vn -0.2796 0.7136 -0.6424
vn -0.4007 0.6927 -0.5997
vn -0.5004 0.7137 -0.4901
vn -0.5952 0.6976 -0.3988
vn -0.6402 0.7236 -0.2580
vn -0.6370 0.7367 -0.2269
vn -0.6551 0.7315 0.1891
vn -0.6593 0.7169 0.2267
vn -0.5905 0.7034 0.3957
vn -0.3712 0.7439 0.5557
vn -0.4819 0.6959 0.5324
vn -0.1404 0.6958 0.7044
vn -0.0265 0.7209 0.6926
vn 0.1398 0.6986 0.7017
vn 0.2442 0.7173 0.6525
vn 0.4007 0.6927 0.5997
vn 0.5004 0.7137 0.4901
vn 0.5952 0.6976 0.3988
vn 0.6672 0.7328 0.1332
vn 0.6744 0.7187 0.1696
vn 0.6928 0.6928 -0.2000
vn 0.6860 0.7146 -0.1369
vn 0.5905 0.7034 -0.3957
vn 0.3712 0.7439 -0.5557
vn 0.4130 0.7274 -0.5480
vn 0.1400 0.6978 -0.7025
vn -0.0798 0.7218 -0.6874
vn -0.1383 0.7064 -0.6941
vn -0.3928 0.7072 -0.5879
vn -0.4165 0.7176 -0.5582
vn -0.5952 0.6976 -0.3988
vn -0.6672 0.7328 -0.1332
vn -0.6744 0.7187 -0.1696
vn -0.7031 0.6971 0.1403
vn -0.6427 0.7200 0.2618
vn -0.5932 0.7001 0.3975
vn -0.3801 0.7292 0.5690
vn -0.4528 0.7003 0.5519
vn -0.1404 0.6958 0.7044
vn -0.0265 0.7209 0.6926
vn 0.1398 0.6986 0.7017
vn 0.3352 0.7258 0.6007
vn 0.3914 0.7097 0.5858
vn 0.5896 0.7046 0.3950
vn 0.6486 0.7500 0.1295
vn 0.6776 0.6776 0.2860
vn 0.6928 0.6928 -0.2000
vn 0.6860 0.7146 -0.1369
vn 0.5905 0.7034 -0.3957
vn 0.3712 0.7439 -0.5557
vn 0.3817 0.7400 -0.5539
vn 0.1393 0.7011 -0.6993
vn -0.1216 0.7158 -0.6876
vn -0.0988 0.7228 -0.6839
vn -0.4245 0.7060 -0.5669
vn -0.4584 0.7168 -0.5255
vn -0.5952 0.6976 -0.3988
vn -0.6672 0.7328 -0.1332
vn -0.6744 0.7187 -0.1696
vn -0.7031 0.6971 0.1403
vn -0.6427 0.7200 0.2618
vn -0.5932 0.7001 0.3975
vn -0.3801 0.7292 0.5690
vn -0.4528 0.7003 0.5519
vn -0.1404 0.6958 0.7044
vn -0.0937 0.7072 0.7007
vn 0.1542 0.6957 0.7015
vn 0.1395 0.7002 0.7002
vn 0.4350 0.6950 0.5725
vn 0.3914 0.7097 0.5858
vn 0.5896 0.7046 0.3950
vn 0.6486 0.7500 0.1295
vn 0.6776 0.6776 0.2860
vn 0.7031 0.6971 -0.1403
vn 0.6427 0.7200 -0.2618
vn 0.5932 0.7001 -0.3975
vn 0.3801 0.7292 -0.5690
vn 0.4528 0.7003 -0.5519
vn 0.1404 0.6958 -0.7044
vn 0.0937 0.7072 -0.7007
vn -0.1982 0.6891 -0.6971
vn -0.1375 0.7107 -0.6899
vn -0.3985 0.6967 -0.5965
vn -0.4584 0.7168 -0.5255
vn -0.5952 0.6976 -0.3988
vn -0.6672 0.7328 -0.1332
vn -0.6857 0.6857 -0.2442
vn -0.6928 0.6928 0.2000
vn -0.6860 0.7146 0.1369
vn -0.5905 0.7034 0.3957
vn -0.3977 0.7421 0.5396
vn -0.4733 0.7089 0.5229
vn -0.1067 0.7042 0.7019
vn -0.0265 0.7209 0.6926
vn 0.1398 0.6986 0.7017
vn 0.2442 0.7173 0.6525
vn 0.4007 0.6927 0.5997
vn 0.5004 0.7137 0.4901
vn 0.5952 0.6976 0.3988
vn 0.6672 0.7328 0.1332
vn 0.6744 0.7187 0.1696
vn -0.9459 0.0005 -0.3244
vn -0.9141 0.0300 -0.4044
vn -0.2609 -0.0000 -0.9654
vn -0.9010 -0.0009 -0.4338
vn -0.9085 -0.0029 -0.4179
vn -0.9176 -0.0020 -0.3975
vn -0.9278 -0.0177 -0.3726
vn -0.9165 -0.0071 -0.3999
vn -0.8968 -0.0003 -0.4425
vn -0.8931 -0.0001 -0.4498
vn -0.8916 -0.0000 -0.4529
vn -0.8919 0.0001 -0.4522
vn -0.8931 0.0001 -0.4499
vn -0.8942 0.0002 -0.4478
vn -0.8976 0.0009 -0.4407
vn -0.8985 0.0011 -0.4390
vn -0.9035 0.0036 -0.4286
vn -0.9037 0.0038 -0.4281
vn -0.9095 0.0112 -0.4155
vn -0.9120 0.0158 -0.4099
vn -0.9607 -0.0234 -0.2766
vn -0.9606 -0.0751 -0.2674
vn -0.9568 -0.0013 -0.2907
vn -0.9591 -0.0101 -0.2827
vn -0.9564 -0.0054 -0.2920
vn -0.1598 -0.0000 -0.9871
vn -0.1414 0.0172 -0.9898
vn -0.2148 -0.0065 -0.9766
vn -0.1852 0.0040 -0.9827
vn -0.2497 -0.0090 -0.9683
vn -0.2609 0.0000 -0.9654
vn -0.3670 -0.0000 -0.9302
vn -0.3670 0.0000 -0.9302
vn -0.4864 -0.0000 -0.8737
vn -0.4864 0.0000 -0.8737
vn -0.5974 -0.0000 -0.8020
vn -0.5974 0.0000 -0.8020
vn -0.6979 -0.0000 -0.7162
vn -0.6979 0.0000 -0.7162
vn -0.7840 -0.0000 -0.6208
vn -0.7840 0.0000 -0.6208
vn -0.8572 -0.0000 -0.5150
vn -0.8572 0.0000 -0.5150
vn -0.8905 -0.0000 -0.4550
vn -0.8911 0.0000 -0.4538
vn 0.9917 0.0000 -0.1285
vn 0.9917 0.0000 -0.1285
vn 0.8950 0.0000 -0.4460
vn 0.8950 0.0000 -0.4460
vn 0.5804 0.0000 -0.8143
vn 0.5804 0.0000 -0.8143
vn 0.1351 0.0000 -0.9908
vn 0.1351 0.0000 -0.9908
vn 0.9990 0.0000 -0.0436
vn 0.9990 0.0000 -0.0436
vn 0.5016 -0.0005 0.8651
vn 0.3877 -0.0312 0.9212
vn 0.6856 -0.0320 0.7272
vn 0.7775 0.0000 0.6288
vn 0.9804 0.0000 0.1968
vn 0.9804 0.0000 0.1968
vn 0.4534 -0.0214 0.8910
vn 0.4232 -0.0508 0.9046
vn 0.2182 -0.0414 0.9750
vn 0.2601 0.0000 0.9656
vn 0.1511 0.0000 0.9885
vn 0.1511 -0.0000 0.9885
vn -0.8266 0.0000 0.5628
vn -0.8266 0.0000 0.5628
vn -0.6490 0.0000 0.7608
vn -0.6490 0.0000 0.7608
vn -0.2281 0.0000 0.9736
vn -0.2281 0.0000 0.9736
vn 0.2492 0.0000 0.9685
vn 0.1891 -0.0147 0.9819
vn 0.0470 -0.0023 0.9989
vn 0.0567 0.0000 0.9984
vn -0.6047 0.0000 0.7964
vn -0.5986 0.0014 0.8010
vn 0.7756 0.0000 0.6313
vn 0.7754 -0.0003 0.6315
vn 0.6773 0.0000 0.7357
vn 0.6748 0.0033 0.7380
vn 0.5615 -0.0041 0.8274
vn 0.5708 0.0017 0.8211
vn 0.7705 0.0061 -0.6374
vn 0.7587 0.0115 -0.6513
vn 0.9935 -0.0103 0.1138
vn 0.9973 0.0010 0.0728
vn 0.8947 0.0000 0.4466
vn 0.6081 -0.0134 0.7938
vn 0.9803 -0.0310 0.1950
vn 0.9994 0.0175 -0.0289
vn 0.9611 0.0021 -0.2762
vn 0.9644 0.0000 -0.2643
vn 0.6922 0.0000 -0.7217
vn 0.6832 0.0036 -0.7302
vn 0.9420 0.0000 0.3356
vn 0.9276 -0.0252 0.3727
vn 0.9033 -0.0182 0.4287
vn 0.9182 0.0000 0.3961
vn 0.9611 -0.0000 0.2763
vn 0.0875 0.0008 0.9962
vn 0.1499 0.0178 0.9885
vn 0.4398 0.0089 0.8981
vn 0.5447 -0.0243 0.8383
vn 0.8599 -0.0492 0.5080
vn 0.7396 0.0000 0.6731
vn 0.7396 0.0000 0.6731
vn 0.1306 0.0000 0.9914
vn 0.1389 0.0016 0.9903
vn 0.9948 0.0000 -0.1017
vn 0.9948 0.0000 -0.1017
vn 0.9999 0.0000 -0.0134
vn 0.9989 0.0113 0.0447
vn 0.9983 0.0000 0.0581
vn 0.9822 0.0000 0.1880
vn 0.9822 0.0000 0.1880
vn 0.0257 0.0000 -0.9997
vn 0.0257 0.0000 -0.9997
vn 0.4892 0.0000 -0.8722
vn 0.4892 0.0000 -0.8722
vn 0.8641 0.0000 -0.5034
vn 0.8641 0.0000 -0.5034
vn 0.1803 0.0000 -0.9836
vn 0.9485 0.0000 -0.3168
vn 0.9485 0.0000 -0.3168
vn 0.8314 0.0000 -0.5556
vn 0.9606 -0.0726 -0.2682
vn 0.4812 -0.1118 -0.8694
vn -0.2025 0.0410 -0.9784
vn 0.0785 0.0311 -0.9964
vn 0.9034 0.0000 -0.4288
vn 0.9196 -0.0255 -0.3920
vn 0.9416 -0.0300 -0.3355
vn 0.9266 0.0000 -0.3760
vn 0.7153 -0.0035 0.6988
vn 0.6743 -0.0198 0.7381
vn 0.9729 -0.0396 0.2279
vn 0.9716 0.0589 -0.2291
vn 0.9667 0.0595 -0.2487
vn 0.9995 0.0000 -0.0316
vn 0.9984 0.0064 -0.0567
vn 0.9996 0.0000 -0.0277
vn 0.8237 0.0000 0.5670
vn 0.8237 0.0000 0.5670
vn 0.5613 0.0000 0.8276
vn 0.5591 -0.0004 0.8291
vn 0.6005 -0.0007 -0.7996
vn 0.6318 0.0201 -0.7749
vn 0.6606 0.0000 -0.7508
vn 0.7332 0.0000 -0.6800
vn 0.7380 0.0066 -0.6748
vn 0.7800 0.0000 -0.6258
vn 0.8255 0.0000 -0.5645
vn 0.8309 -0.0045 -0.5564
vn -0.3841 -0.0055 -0.9233
vn -0.4066 0.0000 -0.9136
vn 0.2610 0.0000 -0.9653
vn 0.2510 0.0020 -0.9680
vn 0.2123 0.0000 -0.9772
vn 0.1258 0.0219 -0.9918
vn -0.2762 0.0013 -0.9611
vn -0.2692 0.0000 -0.9631
vn -0.6902 -0.0000 -0.7236
vn -0.6902 0.0000 -0.7236
vn 0.1903 0.0001 -0.9817
vn 0.1923 -0.0018 -0.9813
vn 0.3390 0.0019 -0.9408
vn 0.3408 0.0000 -0.9401
vn 0.4432 0.0000 -0.8964
vn 0.4432 0.0000 -0.8964
vn 0.3866 0.0007 -0.9222
vn 0.3388 0.0134 -0.9408
vn 0.7774 -0.0164 -0.6288
vn 0.7409 0.0000 -0.6716
vn 0.9804 0.0000 -0.1968
vn 0.9804 0.0000 -0.1968
vn 0.9990 -0.0000 0.0436
vn 0.9990 0.0000 0.0436
vn 0.9917 -0.0000 0.1285
vn 0.9917 0.0000 0.1285
vn 0.8950 -0.0000 0.4460
vn 0.8950 0.0000 0.4460
vn 0.5804 -0.0000 0.8143
vn 0.5804 0.0000 0.8143
vn 0.1351 -0.0000 0.9908
vn 0.1538 0.0045 0.9881
vn -0.9499 0.0000 0.3126
vn 0.9662 -0.0133 0.2575
vn 0.9892 0.0338 0.1423
vn 0.7465 -0.0065 0.6654
vn 0.7220 0.0000 0.6919
vn 0.3459 0.0000 0.9383
vn 0.3474 0.0004 0.9377
vn -0.1068 0.0153 0.9942
vn -0.0465 0.0000 0.9989
vn -0.6561 0.0000 0.7547
vn -0.6637 -0.0038 0.7480
vn -0.9533 -0.0030 0.3019
vn -0.9463 -0.0000 -0.3233
vn -0.9701 0.0273 -0.2411
vn -0.7465 -0.0065 -0.6654
vn -0.7220 0.0000 -0.6919
vn -0.3923 -0.0000 -0.9198
vn -0.3474 -0.0085 -0.9377
vn -0.0524 0.0160 -0.9985
vn 0.1068 -0.0049 -0.9943
vn 0.5327 0.0356 -0.8456
vn 0.5249 0.0386 -0.8503
vn 0.8948 -0.0119 -0.4463
vn 0.9302 0.0076 -0.3670
vn 0.9529 0.0000 -0.3032
vn -0.9662 -0.0082 -0.2575
vn -0.9876 0.0331 -0.1534
vn -0.6923 -0.0120 -0.7215
vn -0.5960 0.0215 -0.8027
vn -0.1156 0.0025 -0.9933
vn -0.0432 -0.0185 -0.9989
vn 0.5712 0.0395 -0.8198
vn 0.6705 -0.0071 -0.7419
vn 0.9533 -0.0003 -0.3019
vn 0.9268 0.0000 0.3755
vn 0.9165 -0.0096 0.3998
vn 0.4977 0.0006 0.8673
vn 0.4838 -0.0047 0.8752
vn -0.1068 0.0153 0.9942
vn -0.0465 0.0000 0.9989
vn -0.6216 0.0000 0.7833
vn -0.5249 0.0386 0.8503
vn -0.9001 -0.0130 0.4355
vn -0.9302 0.0047 0.3670
vn 0.9493 0.0000 -0.3145
vn -0.9662 -0.0133 -0.2575
vn -0.9892 0.0338 -0.1423
vn -0.8702 0.0086 -0.4927
vn -0.6594 0.1007 -0.7450
vn 0.1453 0.0883 -0.9854
vn -0.1856 -0.0117 -0.9826
vn 0.5356 0.0100 -0.8444
vn 0.5591 -0.0028 -0.8291
vn 0.9533 -0.0035 -0.3019
vn 0.9268 0.0000 0.3755
vn 0.9160 -0.0101 0.4011
vn 0.6184 -0.0016 0.7859
vn 0.4821 -0.0374 0.8753
vn 0.2152 0.0050 0.9766
vn -0.1068 -0.0049 0.9943
vn -0.1321 0.0000 0.9912
vn -0.6216 0.0000 0.7833
vn -0.5249 0.0386 0.8503
vn -0.8948 -0.0119 0.4463
vn -0.9302 0.0076 0.3670
vn -0.9503 0.0000 0.3112
vn 0.9662 -0.0110 0.2575
vn 0.9885 0.0335 0.1473
vn 0.7465 -0.0065 0.6654
vn 0.7220 0.0000 0.6919
vn 0.3459 0.0000 0.9383
vn 0.3474 0.0004 0.9377
vn -0.1068 0.0153 0.9942
vn -0.0465 0.0000 0.9989
vn -0.6561 0.0000 0.7547
vn -0.6648 -0.0043 0.7470
vn -0.9533 -0.0026 0.3019
vn -0.9463 -0.0000 -0.3233
vn -0.9701 0.0273 -0.2411
vn -0.3022 -0.0418 -0.9523
vn -0.6593 -0.1018 -0.7449
vn -0.7211 -0.0923 -0.6867
vn -0.2684 0.0066 -0.9633
vn 0.1068 -0.0049 -0.9943
vn 0.1321 0.0000 -0.9912
vn 0.6216 0.0000 -0.7833
vn 0.5249 0.0386 -0.8503
vn 0.8973 -0.0124 -0.4413
vn 0.9302 0.0063 -0.3670
vn -0.7644 -0.0206 -0.6444
vn -0.7257 -0.0361 -0.6870
vn 0.0911 -0.0490 -0.9946
vn 0.0086 -0.0265 -0.9996
vn 0.8586 -0.0399 -0.5111
vn 0.8130 -0.0194 -0.5820
vn 0.9938 -0.0280 0.1075
vn 0.9906 -0.0328 0.1331
vn 0.5109 -0.0459 0.8584
vn 0.7782 0.0000 0.6281
vn 0.7473 0.0000 0.6645
vn 0.3914 -0.0507 0.9188
vn -0.2606 -0.0231 0.9652
vn -0.0862 0.0000 0.9963
vn -0.5353 0.0000 0.8447
vn -0.6035 -0.0165 0.7972
vn -0.9757 0.0075 0.2190
vn -0.9996 -0.0284 0.0091
vn -0.9911 -0.0020 -0.1331
vn -0.9927 0.0000 -0.1207
vn -0.7782 -0.0000 -0.6281
vn -0.7782 0.0000 -0.6281
vn -0.3919 -0.0000 -0.9200
vn -0.3919 0.0000 -0.9200
vn 0.2251 0.0000 -0.9743
vn 0.2345 -0.0018 -0.9721
vn 0.7659 0.0018 -0.6429
vn 0.7718 0.0000 -0.6359
vn 1.0000 0.0000 0.0000
vn 0.9999 -0.0022 0.0164
vn 0.7640 0.0050 0.6453
vn 0.7448 -0.0022 0.6673
vn 0.0679 0.0017 0.9977
vn 0.0587 0.0000 0.9983
vn -0.5280 0.0000 0.8492
vn -0.5280 0.0000 0.8492
vn -0.9028 0.0000 0.4300
vn -0.8973 0.0022 0.4414
vn -0.9697 -0.0103 0.2440
vn -0.9641 -0.0001 0.2654
vn -0.9718 -0.0446 0.2316
vn -0.9644 -0.0002 0.2646
vn -0.9593 -0.0081 0.2822
vn -0.9356 -0.0168 0.3527
vn -0.9424 -0.0102 0.3345
vn -0.9356 -0.0046 0.3530
vn -0.8840 -0.0025 0.4675
vn -0.8794 -0.0011 0.4761
vn -0.8886 0.0093 0.4585
vn -0.8860 0.0066 0.4636
vn -0.8843 0.0052 0.4668
vn -0.8819 0.0035 0.4715
vn -0.8796 0.0021 0.4757
vn -0.8765 0.0005 0.4814
vn -0.8892 -0.0045 0.4574
vn -0.8946 -0.0071 0.4468
vn -0.8901 -0.0041 0.4558
vn -0.9105 -0.0006 0.4135
vn -0.9210 -0.0004 0.3895
vn -0.9259 0.0047 0.3776
vn -0.9217 -0.0009 0.3878
vn -0.8901 0.0047 0.4558
vn -0.8943 0.0185 0.4471
vn -0.8908 0.0124 0.4542
vn -0.1812 -0.0014 0.9834
vn -0.1614 -0.0235 0.9866
vn -0.8754 0.0000 0.4834
vn -0.8223 0.0000 0.5691
vn -0.8223 0.0000 0.5691
vn -0.7401 0.0000 0.6725
vn -0.7401 0.0000 0.6725
vn -0.6450 0.0000 0.7642
vn -0.6450 0.0000 0.7642
vn -0.5386 0.0000 0.8425
vn -0.5386 0.0000 0.8425
vn -0.4229 0.0000 0.9062
vn -0.4229 0.0000 0.9062
vn -0.2871 0.0000 0.9579
vn -0.2942 -0.0012 0.9557
vn -0.3062 -0.0011 0.9520
vn 0.0000 1.0000 0.0000
vn 0.0000 1.0000 0.0000
vn 0.0000 1.0000 0.0000
vn 0.0000 1.0000 0.0000
vn 0.0000 1.0000 -0.0000
vn 0.0000 1.0000 0.0000
vn 0.0000 1.0000 0.0000
vn 0.0000 1.0000 0.0000
vn 0.0000 1.0000 0.0000
vn 0.0000 1.0000 0.0000
vn 0.0000 1.0000 0.0000
vn 0.0000 1.0000 0.0000
vn 0.0000 1.0000 0.0000
vn 0.0000 1.0000 -0.0000
vn 0.0000 1.0000 0.0000
vn 0.0000 1.0000 0.0000
vn 0.0000 1.0000 0.0000
vn 0.0000 1.0000 -0.0000
vn 0.0000 1.0000 0.0000
vn 0.0000 1.0000 -0.0000
vn 0.0000 1.0000 0.0000
vn 0.0000 1.0000 0.0000
vn 0.0000 1.0000 0.0000
vn -0.0000 1.0000 0.0000
vn 0.0000 1.0000 -0.0000
vn -0.0000 1.0000 0.0000
vn 0.0000 1.0000 0.0000
vn 0.0000 1.0000 0.0000
vn 0.0000 1.0000 0.0000
vn 0.0000 1.0000 0.0000
vn 0.0000 1.0000 0.0000
vn 0.0000 1.0000 0.0000
vn 0.0000 1.0000 0.0000
vn -0.0000 1.0000 -0.0000
vn 0.0000 1.0000 0.0000
vn 0.0000 1.0000 0.0000
vn 0.0000 1.0000 -0.0000
vn 0.0000 1.0000 0.0000
vn 0.0000 1.0000 0.0000
vn 0.0000 1.0000 0.0000
vn -0.0000 1.0000 -0.0000
vn 0.0000 1.0000 0.0000
vn 0.0000 1.0000 0.0000
vn -0.0346 0.9906 0.1323
vn 0.0000 1.0000 0.0000
vn -0.0000 1.0000 0.0000
vn 0.0000 1.0000 0.0000
vn 0.0000 1.0000 -0.0000
vn 0.0000 1.0000 0.0000
vn -0.0000 1.0000 -0.0000
vn 0.0000 1.0000 -0.0000
vn -0.0000 1.0000 0.0000
vn -0.0000 1.0000 0.0000
vn -0.0000 1.0000 0.0000
vn 0.0000 1.0000 0.0000
vn -0.0000 1.0000 0.0000
vn 0.0000 1.0000 0.0000
vn -0.0000 1.0000 0.0000
vn 0.0000 1.0000 0.0000
vn 0.0000 1.0000 0.0000
vn 0.0000 1.0000 0.0000
vn 0.0000 1.0000 0.0000
vn -0.0609 0.9977 0.0297
vn -0.0616 0.9980 -0.0123
vn 0.0568 0.9172 -0.3944
vn 0.0000 1.0000 0.0000
vn 0.0000 1.0000 0.0000
vn 0.0000 1.0000 0.0000
vn 0.0000 1.0000 0.0000
vn 0.0000 1.0000 0.0000
vn 0.0000 1.0000 0.0000
vn 0.0000 1.0000 -0.0000
vn 0.0000 1.0000 0.0000
vn 0.0000 1.0000 0.0000
vn -0.0000 1.0000 0.0000
vn 0.0000 1.0000 0.0000
vn -0.0000 1.0000 -0.0000
vn 0.0000 1.0000 0.0000
vn 0.0000 1.0000 0.0000
vn 0.0000 1.0000 0.0000
vn -0.0000 1.0000 0.0000
vn 0.0000 1.0000 0.0000
vn -0.0000 1.0000 0.0000
vn 0.0000 1.0000 0.0000
vn -0.0000 1.0000 0.0000
vn -0.0000 1.0000 0.0000
vn 0.0000 1.0000 0.0000
vn 0.0000 1.0000 0.0000
vn 0.0000 1.0000 -0.0000
vn 0.0000 1.0000 0.0000
vn 0.0000 1.0000 0.0000
vn 0.0000 1.0000 0.0000
vn 0.0000 1.0000 0.0000
vn 0.0000 1.0000 0.0000
vn 0.0000 1.0000 0.0000
vn 0.0000 1.0000 0.0000
vn 0.0000 1.0000 0.0000
vn 0.0000 1.0000 0.0000
vn 0.0000 1.0000 -0.0000
vn 0.0000 1.0000 0.0000
vn 0.0000 1.0000 0.0000
vn 0.0000 1.0000 0.0000
vn 0.0000 1.0000 0.0000
vn 0.0000 1.0000 0.0000
vn 0.0000 1.0000 0.0000
vn 0.0000 1.0000 0.0000
vn 0.0000 1.0000 0.0000
vn 0.0000 1.0000 0.0000
vn 0.0000 1.0000 0.0000
vn 0.0000 1.0000 -0.0000
vn 0.0000 1.0000 0.0000
vn 0.0000 1.0000 0.0000
vn 0.0000 1.0000 0.0000
vn -0.0000 1.0000 0.0000
vn 0.0000 1.0000 0.0000
vn 0.0000 1.0000 0.0000
vn 0.0000 1.0000 0.0000
vn 0.0000 1.0000 0.0000
vn 0.0000 1.0000 0.0000
vn 0.0000 1.0000 0.0000
vn 0.0000 1.0000 0.0000
vn 0.0000 1.0000 0.0000
vn 0.0000 1.0000 0.0000
vn 0.0080 0.9930 -0.1181
vn 0.0000 1.0000 -0.0000
vn 0.0000 1.0000 0.0000
vn -0.0000 1.0000 0.0000
vn 0.0073 1.0000 0.0049
vn 0.0000 1.0000 0.0000
vn 0.0000 1.0000 0.0000
vn -0.0000 1.0000 0.0000
vn 0.0000 1.0000 0.0000
vn -0.0000 1.0000 0.0000
vn -0.0000 1.0000 0.0000
vn 0.0000 1.0000 -0.0000
vn 0.0000 1.0000 0.0000
vn 0.0000 1.0000 -0.0000
vn 0.0000 1.0000 0.0000
vn 0.0000 1.0000 0.0000
vn 0.0000 1.0000 0.0000
vn -0.0457 0.9989 -0.0134
vn 0.0000 1.0000 -0.0000
vn 0.0000 1.0000 0.0000
vn 0.0000 1.0000 0.0000
vn 0.0000 1.0000 0.0000
vn 0.0000 1.0000 0.0000
vn 0.0000 1.0000 0.0000
vn 0.0000 1.0000 0.0000
vn -0.0786 0.9883 -0.1305
vn -0.0766 0.9969 0.0153
vn 0.0121 0.9627 0.2703
vn 0.8909 0.0000 -0.4542
vn 0.8160 0.0592 -0.5751
vn 0.9110 0.0779 -0.4049
vn 0.9782 0.0000 -0.2076
vn 0.5588 -0.0000 0.8293
vn 0.5588 0.0000 0.8293
vn 0.8812 -0.0000 0.4727
vn 0.8812 0.0000 0.4727
vn 0.9991 0.0000 -0.0423
vn 0.9991 0.0000 -0.0423
vn 0.3420 0.0000 0.9397
vn 0.3420 0.0000 0.9397
vn 0.5714 0.0000 0.8207
vn 0.5714 0.0000 0.8207
vn 0.8945 0.0000 0.4471
vn 0.8945 0.0000 0.4471
vn 0.9998 0.0000 -0.0183
vn 0.9998 0.0000 -0.0183
vn 0.9954 0.0020 0.0961
vn 0.9647 -0.0021 0.2634
vn 0.9651 0.0000 0.2618
vn 0.9061 0.0000 0.4230
vn 0.9061 0.0000 0.4230
vn 0.9765 0.0000 -0.2156
vn 0.9781 0.0050 -0.2081
vn 0.9861 0.0000 -0.1661
vn 0.9973 -0.0018 -0.0740
vn 0.9971 0.0000 -0.0760
vn 0.9955 0.0000 0.0946
vn 0.9957 0.0049 0.0927
vn 0.7643 0.0000 -0.6448
vn 0.7643 0.0000 -0.6448
vn 0.9797 0.0000 -0.2003
vn 0.9797 0.0000 -0.2003
vn 0.9610 -0.0000 0.2765
vn 0.9610 0.0000 0.2765
vn 0.5749 0.0008 -0.8182
vn 0.5746 0.0000 -0.8185
vn 0.9150 -0.0000 0.4034
vn 0.8074 -0.0511 0.5878
vn 0.9974 -0.0181 -0.0702
vn 0.9911 0.0000 -0.1333
vn 0.8205 0.0000 -0.5717
vn 0.8264 -0.0030 -0.5631
vn 0.7815 0.0000 0.6239
vn 0.7419 -0.0875 0.6648
vn 0.6359 -0.0891 0.7666
vn 0.6429 -0.0780 0.7620
vn 0.3517 -0.0513 0.9347
vn 0.4980 0.0000 0.8672
vn 0.0368 0.0000 0.9993
vn 0.0368 0.0000 0.9993
vn -0.6020 0.0000 0.7985
vn -0.6020 0.0000 0.7985
vn -0.8266 0.0000 0.5628
vn -0.8266 0.0000 0.5628
vn -0.6490 0.0000 0.7608
vn -0.6490 0.0000 0.7608
vn -0.2281 0.0000 0.9736
vn -0.2281 0.0000 0.9736
vn 0.2492 0.0000 0.9685
vn 0.2492 0.0000 0.9685
vn 0.4288 0.0000 0.9034
vn 0.4436 0.0157 0.8961
vn 0.3351 0.0157 0.9420
vn 0.3200 0.0000 0.9474
vn 0.5421 0.0005 0.8403
vn 0.5409 0.0000 0.8411
vn 0.8749 0.0000 0.4843
vn 0.8749 0.0000 0.4843
vn 0.9997 0.0000 0.0236
vn 0.9997 0.0000 0.0236
vn 1.0000 0.0000 0.0000
vn 1.0000 0.0000 0.0000
vn 1.0000 0.0000 0.0000
vn 1.0000 0.0000 0.0000
vn 1.0000 0.0000 0.0000
vn 1.0000 0.0000 -0.0000
vn 1.0000 0.0000 0.0000
vn 1.0000 0.0000 0.0000
vn 1.0000 0.0000 0.0000
vn 1.0000 0.0000 -0.0000
vn 1.0000 0.0000 0.0000
vn 1.0000 0.0000 -0.0000
vn 1.0000 0.0000 0.0000
vn 1.0000 0.0000 -0.0000
vn 1.0000 0.0000 -0.0000
vn 1.0000 -0.0000 0.0000
vn 1.0000 0.0000 0.0000
vn 1.0000 0.0000 0.0000
vn 1.0000 0.0000 -0.0000
vn 1.0000 0.0000 0.0000
vn 1.0000 0.0000 0.0000
vn 1.0000 0.0000 -0.0000
vn -1.0000 0.0000 0.0000
vn 1.0000 0.0000 0.0000
vn 1.0000 -0.0000 0.0000
vn 1.0000 0.0000 0.0000
vn 1.0000 -0.0000 0.0000
vn 1.0000 0.0000 0.0000
vn 1.0000 -0.0000 0.0000
vn 1.0000 -0.0000 0.0000
vn 1.0000 -0.0000 0.0000
vn 1.0000 0.0000 0.0000
vn 1.0000 0.0000 0.0000
vn 1.0000 0.0000 0.0000
vn 1.0000 0.0000 0.0000
vn 1.0000 -0.0000 0.0000
vn 1.0000 0.0000 0.0000
vn 1.0000 -0.0000 0.0000
vn 1.0000 0.0000 0.0000
vn 1.0000 -0.0000 0.0000
vn 1.0000 -0.0000 0.0000
vn 1.0000 0.0000 0.0000
vn 1.0000 0.0000 0.0000
vn 1.0000 0.0000 0.0000
vn 1.0000 0.0000 0.0000
vn 1.0000 0.0000 0.0000
vn 1.0000 -0.0000 0.0000
vn 1.0000 -0.0000 0.0000
vn 1.0000 0.0000 -0.0000
vn 1.0000 0.0000 0.0000
vn 1.0000 0.0000 0.0000
vn 1.0000 0.0000 0.0000
vn 1.0000 0.0000 0.0000
vn 1.0000 0.0000 0.0000
vn 1.0000 0.0000 0.0000
vn 1.0000 0.0000 0.0000
vn 1.0000 -0.0000 0.0000
vn 1.0000 0.0000 0.0000
vn 1.0000 -0.0000 0.0000
vn 1.0000 -0.0000 0.0000
vn 0.5399 0.0004 -0.8417
vn 0.5409 0.0000 -0.8411
vn 0.8749 0.0000 -0.4843
vn 0.8749 0.0000 -0.4843
vn 0.9997 0.0000 -0.0236
vn 0.9997 0.0000 -0.0236
vn 0.3352 0.0000 -0.9421
vn 0.3169 0.0188 -0.9483
vn 0.4291 0.0189 -0.9031
vn 0.4466 0.0000 -0.8947
vn 0.2123 0.0000 -0.9772
vn 0.2123 0.0000 -0.9772
vn -0.2762 -0.0000 -0.9611
vn -0.2762 0.0000 -0.9611
vn -0.6902 -0.0000 -0.7236
vn -0.6902 0.0000 -0.7236
vn -0.3966 -0.0027 -0.9180
vn -0.4040 0.0000 -0.9148
vn 0.2517 0.0000 -0.9678
vn 0.2551 -0.0010 -0.9669
vn 0.6119 0.0004 -0.7909
vn 0.6311 -0.0359 -0.7749
vn 0.7523 -0.0344 -0.6579
vn 0.7380 0.0000 -0.6748
vn 0.8255 0.0000 -0.5645
vn 0.8294 -0.0048 -0.5587
vn 0.9984 0.0068 -0.0567
vn 0.9993 0.0000 -0.0368
vn 0.8237 0.0000 0.5670
vn 0.8237 0.0000 0.5670
vn 0.5613 0.0000 0.8276
vn 0.5600 -0.0003 0.8285
vn 0.7153 -0.0029 0.6988
vn 0.7199 0.0000 0.6941
vn 0.9736 0.0000 0.2281
vn 0.9736 0.0000 0.2281
vn 0.9685 0.0000 -0.2492
vn 0.9685 0.0000 -0.2492
vn -0.9409 -0.0496 -0.3351
vn -0.9705 0.0000 -0.2412
vn -0.7464 0.0156 -0.6653
vn -0.7144 0.0000 -0.6997
vn -0.3991 -0.0000 -0.9169
vn -0.3474 0.0187 -0.9375
vn -0.0454 -0.0364 -0.9983
vn 0.1068 0.0081 -0.9942
vn 0.5244 -0.0580 -0.8495
vn 0.5584 -0.0839 -0.8253
vn 0.9024 0.0325 -0.4297
vn 0.9261 0.0066 -0.3773
vn 0.9677 -0.0650 0.2434
vn 0.9871 -0.0084 0.1598
vn 0.7464 0.0156 0.6653
vn 0.7144 0.0000 0.6997
vn 0.3505 0.0000 0.9366
vn 0.3474 0.0014 0.9377
vn -0.1068 -0.0358 0.9936
vn -0.0382 0.0000 0.9993
vn -0.6510 0.0000 0.7591
vn -0.6710 -0.0188 0.7412
vn -0.9447 0.0254 0.3270
vn -0.9608 0.0000 0.2773
vn -0.9677 -0.0650 -0.2434
vn -0.9831 -0.0230 -0.1815
vn -0.6171 0.0453 -0.7856
vn -0.5978 0.0304 -0.8011
vn -0.1152 -0.0033 -0.9933
vn -0.0469 0.0313 -0.9984
vn 0.6615 -0.0811 -0.7455
vn 0.6018 -0.0117 -0.7986
vn 0.9497 0.0180 -0.3126
vn 0.9608 0.0000 -0.2773
vn 0.9213 0.0028 0.3889
vn 0.9198 0.0000 0.3923
vn 0.4871 0.0177 0.8732
vn 0.4913 0.0145 0.8709
vn -0.1068 -0.0358 0.9936
vn -0.0382 0.0000 0.9993
vn -0.5253 0.0000 0.8509
vn -0.6330 -0.0645 0.7714
vn -0.9098 0.0364 0.4134
vn -0.9260 0.0169 0.3772
vn -0.9677 -0.0650 -0.2434
vn -0.9865 -0.0109 -0.1636
vn -0.7464 0.0156 -0.6653
vn -0.6571 -0.0261 -0.7533
vn -0.2150 0.0331 -0.9760
vn -0.1741 0.0078 -0.9847
vn 0.5340 0.0020 -0.8455
vn 0.5671 -0.0338 -0.8230
vn 0.9436 0.0269 -0.3299
vn 0.9608 0.0000 -0.2773
vn 0.9213 -0.0035 0.3889
vn 0.9232 0.0000 0.3844
vn 0.6049 0.0186 0.7961
vn 0.4968 0.0798 0.8642
vn 0.2147 -0.0101 0.9766
vn -0.1068 0.0099 0.9942
vn -0.1326 0.0000 0.9912
vn -0.5253 0.0000 0.8509
vn -0.6330 -0.0645 0.7714
vn -0.9038 0.0333 0.4266
vn -0.9261 0.0085 0.3772
vn -0.9409 -0.0496 -0.3351
vn -0.9705 0.0000 -0.2412
vn -0.7464 0.0156 -0.6653
vn -0.6571 -0.0261 -0.7533
vn -0.3474 0.0170 -0.9376
vn -0.2735 -0.0138 -0.9618
vn 0.1068 0.0099 -0.9942
vn 0.1326 0.0000 -0.9912
vn 0.5253 0.0000 -0.8509
vn 0.6330 -0.0645 -0.7714
vn 0.8969 0.0297 -0.4411
vn 0.9261 0.0000 -0.3773
vn 0.9677 -0.0650 0.2434
vn 0.9891 0.0000 0.1473
vn 0.7464 0.0156 0.6653
vn 0.7144 0.0000 0.6997
vn 0.3505 0.0000 0.9366
vn 0.3474 0.0014 0.9377
vn -0.1068 -0.0358 0.9936
vn -0.0382 0.0000 0.9993
vn -0.6629 0.0000 0.7487
vn -0.6711 -0.0081 0.7413
vn -0.9494 0.0185 0.3136
vn -0.9608 0.0000 0.2773
vn 0.9763 0.0000 -0.2164
vn 0.9763 -0.0000 -0.2164
vn 0.9763 0.0000 -0.2164
vn 0.9763 0.0000 -0.2164
vn 0.9763 0.0000 -0.2164
vn 0.0000 1.0000 0.0000
vn 0.0000 1.0000 0.0000
vn 0.0000 1.0000 0.0000
vn -0.0000 1.0000 0.0000
vn 0.0000 1.0000 0.0000
vn 0.0000 1.0000 0.0000
vn -0.0000 1.0000 0.0000
vn -0.0070 0.9997 0.0228
vn -0.0120 0.9999 -0.0029
vn -0.0119 0.9999 -0.0026
vn 0.0312 0.9970 0.0710
vn -0.0073 0.9997 0.0242
vn 0.0000 1.0000 0.0000
vn 0.0000 1.0000 0.0000
vn -0.0185 0.9969 -0.0762
vn 0.0000 1.0000 0.0000
vn 0.0000 1.0000 0.0000
vn -0.0137 0.9931 0.1166
vn -0.0113 0.9913 0.1310
vn -0.0448 0.9990 -0.0085
vn -0.0786 0.9961 -0.0403
vn 0.0002 1.0000 0.0023
vn -0.0305 0.9994 0.0149
vn 0.0000 1.0000 0.0000
vn 0.0000 1.0000 -0.0000
vn 0.0000 1.0000 -0.0000
vn 0.0000 1.0000 0.0000
vn 0.0965 0.9755 -0.1979
vn -0.0153 0.9892 0.1458
vn 0.0000 1.0000 0.0000
vn 0.0000 1.0000 0.0000
vn 0.0000 1.0000 0.0000
vn -0.0000 1.0000 0.0000
vn 0.0000 1.0000 0.0000
vn -0.0000 1.0000 0.0000
vn 0.0000 1.0000 0.0000
vn -0.0000 1.0000 0.0000
vn 0.0000 1.0000 0.0000
vn -0.0737 0.9949 0.0688
vn 0.0000 1.0000 0.0000
vn 0.0000 1.0000 0.0000
vn 0.0000 1.0000 0.0000
vn 0.0000 1.0000 0.0000
vn 0.0000 1.0000 0.0000
vn 0.0578 0.9983 -0.0104
vn 0.0000 1.0000 0.0000
vn 0.0000 1.0000 0.0000
vn -0.0000 1.0000 0.0000
vn -0.0000 1.0000 0.0000
vn 0.0000 1.0000 0.0000
vn 0.0000 1.0000 0.0000
vn 0.0000 1.0000 0.0000
vn 0.0000 1.0000 0.0000
vn 0.0000 1.0000 0.0000
vn -0.0000 1.0000 0.0000
vn 0.0000 1.0000 0.0000
vn 0.0000 1.0000 0.0000
vn 0.0000 1.0000 0.0000
vn 0.0000 1.0000 0.0000
vn 0.0000 1.0000 0.0000
vn 0.0000 1.0000 0.0000
vn 0.0000 1.0000 0.0000
vn 0.0000 1.0000 0.0000
vn 0.0000 1.0000 0.0000
vn 0.0000 1.0000 0.0000
vn 0.0000 1.0000 0.0000
vn 0.0000 1.0000 0.0000
vn 0.0000 1.0000 -0.0000
vn 0.0000 1.0000 0.0000
vn 0.0000 1.0000 0.0000
vn 0.0000 1.0000 0.0000
vn 0.0000 1.0000 0.0000
vn -0.0000 1.0000 0.0000
vn 0.0000 1.0000 -0.0000
vn -0.0656 0.9978 0.0082
vn -0.0025 0.9997 0.0236
vn 0.0000 0.9997 0.0237
vn -0.3850 -0.9200 0.0734
vn 0.0000 1.0000 0.0000
vn -0.0458 0.9988 0.0180
vn 0.0187 0.9992 -0.0357
vn -0.0000 1.0000 0.0000
vn -0.0442 0.9973 0.0594
vn -0.0513 0.9986 -0.0108
vn 0.0000 1.0000 0.0000
vn 0.0000 1.0000 0.0000
vn 0.0810 0.9956 0.0461
vn 0.0000 1.0000 0.0000
vn -0.0000 1.0000 0.0000
vn 0.0000 1.0000 0.0000
vn 0.0000 1.0000 0.0000
vn -0.0000 1.0000 0.0000
vn 0.0000 1.0000 0.0000
vn 0.0000 1.0000 0.0000
vn 0.0000 1.0000 0.0000
vn -0.0000 1.0000 0.0000
vn 0.0000 1.0000 0.0000
vn -0.0000 1.0000 0.0000
vn 0.0000 1.0000 0.0000
vn 0.0000 1.0000 0.0000
vn 0.0000 1.0000 0.0000
vn 0.0000 1.0000 0.0000
vn -0.0488 0.9987 -0.0111
vn -0.0027 0.9999 0.0130
vn 0.0000 1.0000 0.0000
vn 0.0000 1.0000 0.0000
vn -0.0000 1.0000 0.0000
vn 0.0000 1.0000 0.0000
vn 0.0000 1.0000 0.0000
vn 0.0000 1.0000 0.0000
vn 0.0421 0.8499 0.5253
vn -0.0571 0.9984 -0.0039
vn -0.0155 0.9999 -0.0048
vn 0.1483 0.9872 -0.0580
vn 0.0635 0.9979 -0.0119
vn -0.0437 0.9990 0.0082
vn -0.0433 0.9990 -0.0067
vn -0.0200 0.9987 -0.0464
vn 0.0000 1.0000 0.0000
vn 0.0000 1.0000 0.0000
vn 0.0000 1.0000 -0.0000
vn -0.0325 0.9986 -0.0405
vn -0.4350 0.9004 0.0125
vn 0.0000 1.0000 0.0000
vn 0.0000 1.0000 0.0000
vn 0.0000 1.0000 0.0000
vn 0.0000 1.0000 0.0000
vn -0.0000 1.0000 0.0000
vn 0.0000 1.0000 0.0000
vn 0.0000 1.0000 0.0000
vn 0.0000 1.0000 0.0000
vn 0.0000 1.0000 0.0000
vn 0.0000 1.0000 0.0000
vn -0.0794 0.9950 -0.0604
vn 0.0000 1.0000 0.0000
vn 0.0000 1.0000 0.0000
vn 0.0000 1.0000 0.0000
vn 0.0000 1.0000 0.0000
vn 0.0000 1.0000 0.0000
vn 0.0000 1.0000 0.0000
vn 0.0000 1.0000 0.0000
vn 0.0000 1.0000 0.0000
vn 0.0000 1.0000 0.0000
vn 0.0000 1.0000 0.0000
vn 0.0000 1.0000 0.0000
vn 0.0681 0.9964 -0.0497
vn 0.0352 0.9989 0.0308
vn -0.0717 0.9958 -0.0574
vn -0.0000 1.0000 0.0000
vn 0.0000 1.0000 -0.0000
vn 0.0000 1.0000 -0.0000
vn -0.0000 1.0000 0.0000
vn -0.0000 1.0000 0.0000
vn 0.0000 1.0000 0.0000
vn 0.0000 1.0000 0.0000
vn 0.0000 1.0000 0.0000
vn 0.0000 1.0000 0.0000
vn 0.0000 1.0000 0.0000
vn 0.0000 1.0000 0.0000
vn 0.0000 1.0000 0.0000
vn 0.0000 1.0000 0.0000
vn 0.0000 1.0000 0.0000
vn 0.0000 1.0000 0.0000
vn 0.0000 1.0000 0.0000
vn 0.0000 1.0000 0.0000
vn 0.0000 1.0000 -0.0000
vn -0.0000 1.0000 0.0000
vn 0.0000 1.0000 0.0000
vn 0.0000 1.0000 -0.0000
vn 0.0000 1.0000 0.0000
vn 0.0000 1.0000 0.0000
vn -0.0000 1.0000 0.0000
vn 0.0000 1.0000 -0.0000
vn 0.0000 1.0000 0.0000
vn 0.0000 1.0000 0.0000
vn -0.0000 1.0000 0.0000
vn 0.0000 1.0000 0.0000
vn 0.0000 1.0000 -0.0000
vn -0.0134 0.9997 -0.0224
vn 0.0127 0.9995 -0.0302
vn 0.0000 1.0000 -0.0000
vn 0.0580 0.9979 -0.0272
vn 0.0761 0.9971 0.0033
vn 0.0999 0.9950 -0.0007
vn 0.0862 0.9957 0.0341
vn 0.0159 0.9991 0.0400
vn 0.0000 1.0000 0.0000
vn 0.9762 0.0131 0.2164
vn 0.9763 -0.0000 0.2164
vn 0.9609 0.0959 0.2597
vn 0.9042 0.0082 0.4271
vn 0.9763 0.0000 0.2164
vn 0.0238 -0.7693 -0.6385
vn 0.0160 -0.7281 -0.6853
vn 0.0180 -0.8755 -0.4828
vn 0.0000 -0.9702 -0.2423
vn -0.0000 0.9805 0.1963
vn 0.0103 -0.5102 0.8600
vn 0.0134 -0.4930 0.8699
vn 0.0080 -0.2647 0.9643
vn 0.0010 -0.3018 0.9534
vn -0.0008 -0.4111 0.9116
vn 0.0000 0.0642 0.9979
vn -0.0000 0.0069 1.0000
vn 0.0079 -0.0520 0.9986
vn 0.0003 -0.0984 0.9951
vn -0.0002 -0.2005 0.9797
vn 0.0016 0.1305 0.9914
vn 0.0077 0.1631 0.9866
vn -0.0010 0.2372 0.9715
vn -0.0011 0.4473 0.8944
vn 0.0075 0.3714 0.9284
vn 0.0014 0.3441 0.9389
vn -0.0037 0.7269 0.6868
vn 0.0222 0.7702 0.6374
vn 0.0052 0.7127 0.7015
vn 0.0000 0.6682 0.7440
vn -0.0000 0.5623 0.8269
vn 0.0240 0.6194 0.7847
vn 0.0017 0.5412 0.8409
vn 0.0000 0.9477 0.3192
vn 0.0270 0.9665 0.2554
vn 0.0097 0.9473 0.3203
vn 0.0007 0.9251 0.3797
vn -0.0024 0.8572 0.5149
vn 0.0302 0.8953 0.4444
vn 0.0019 0.8455 0.5340
vn 0.0048 0.9915 0.1299
vn 0.0225 0.9979 0.0615
vn 0.0184 0.9990 0.0409
vn 0.0159 0.9997 -0.0166
vn 0.0172 0.9957 -0.0911
vn 0.0137 0.9970 -0.0763
vn -0.0000 0.9834 -0.1815
vn -0.0000 0.9232 -0.3844
vn 0.0093 0.9476 -0.3193
vn 0.0065 0.9510 -0.3092
vn 0.0000 0.9713 -0.2379
vn 0.0000 0.8945 -0.4472
vn 0.0082 0.8572 -0.5149
vn 0.0067 0.8543 -0.5197
vn 0.0000 0.6610 -0.7504
vn 0.0036 0.7108 -0.7034
vn 0.0088 0.7270 -0.6866
vn 0.0000 0.7713 -0.6365
vn -0.0000 0.8123 -0.5833
vn -0.0000 0.6304 -0.7763
vn 0.0062 0.5624 -0.8269
vn 0.0064 0.5632 -0.8263
vn 0.0000 0.3025 -0.9532
vn 0.0074 0.3720 -0.9282
vn 0.0072 0.3715 -0.9284
vn -0.0000 0.4401 -0.8980
vn 0.0000 0.4923 -0.8704
vn -0.0013 0.0661 -0.9978
vn 0.0062 0.1632 -0.9866
vn 0.0051 0.1681 -0.9858
vn -0.0000 0.2471 -0.9690
vn 0.0026 -0.0375 -0.9993
vn 0.0059 -0.0520 -0.9986
vn -0.0000 -0.1333 -0.9911
vn 0.0007 -0.2977 -0.9547
vn 0.0074 -0.2648 -0.9643
vn 0.0000 -0.1977 -0.9803
vn -0.0005 -0.4105 -0.9119
vn 0.0126 -0.4897 -0.8718
vn 0.0098 -0.5083 -0.8611
vn 0.0166 -0.9569 0.2899
vn -0.0055 -0.9996 0.0266
vn 0.0014 -0.6335 0.7738
vn 0.0130 -0.7412 0.6712
vn 0.0000 -1.0000 -0.0000
vn 0.0000 -1.0000 0.0000
vn -0.0000 -1.0000 0.0073
vn 0.0172 -0.9999 0.0000
vn 0.0000 -1.0000 0.0000
vn 0.0000 -1.0000 -0.0000
vn 0.0000 -1.0000 -0.0000
vn -0.0000 -1.0000 0.0000
vn 0.0000 -1.0000 0.0000
vn 0.0000 -1.0000 0.0000
vn 0.0000 -1.0000 -0.0000
vn 0.3602 -0.9238 0.1298
vn -0.0000 -1.0000 0.0000
vn 0.0000 -1.0000 0.0000
vn 0.0000 -1.0000 0.0000
vn 0.0000 -1.0000 0.0000
vn 0.0000 -1.0000 0.0000
vn -0.0000 -1.0000 0.0000
vn 0.0000 -1.0000 0.0000
vn 0.0000 -1.0000 0.0000
vn 0.0000 -1.0000 0.0000
vn 0.0000 -1.0000 0.0000
vn 0.0000 -1.0000 0.0000
vn 0.0000 -1.0000 0.0000
vn 0.0000 -1.0000 0.0000
vn 0.0000 -1.0000 0.0000
vn 0.0000 -1.0000 0.0000
vn -0.0000 -1.0000 0.0000
vn 0.0000 -1.0000 0.0000
vn 0.0000 -1.0000 0.0000
vn 0.0000 -1.0000 -0.0000
vn 0.0000 -1.0000 0.0000
vn 0.0000 -1.0000 -0.0000
vn -0.0000 -1.0000 0.0000
vn 0.0000 -1.0000 0.0000
vn 0.0000 -1.0000 0.0000
vn 0.0000 -1.0000 0.0000
vn 0.0000 -1.0000 0.0000
vn 0.0000 -1.0000 -0.0000
vn 0.0000 -1.0000 0.0000
vn 0.0000 -1.0000 0.0000
vn 0.0000 -1.0000 0.0000
vn 0.0000 -1.0000 0.0000
vn 0.0000 -1.0000 0.0000
vn 0.0000 -1.0000 0.0000
vn 0.0000 -1.0000 0.0000
vn -0.0000 -1.0000 0.0000
vn 0.0000 -1.0000 0.0000
vn 0.0430 -0.9984 0.0368
vn 0.0000 -1.0000 0.0000
vn 0.0000 -1.0000 0.0000
vn 0.0000 -1.0000 0.0000
vn 0.0000 -1.0000 0.0000
vn 0.0000 -1.0000 -0.0000
vn 0.0000 -1.0000 0.0000
vn -0.0000 -1.0000 0.0000
vn -0.0000 -1.0000 0.0000
vn 0.0000 -1.0000 0.0000
vn 0.0000 -1.0000 0.0000
vn 0.0000 -1.0000 0.0000
vn 0.0000 -1.0000 0.0000
vn 0.0000 -1.0000 0.0000
vn 0.0860 -0.9934 -0.0764
vn -0.0216 -0.9994 -0.0264
vn -0.0239 -0.9997 0.0000
vn -0.0105 -0.9999 -0.0097
vn -0.0087 -0.9999 0.0080
vn 0.2058 -0.9599 -0.1902
vn -0.0696 -0.9976 0.0003
vn -0.0143 -0.9996 0.0232
vn -0.0000 -1.0000 0.0000
vn 0.0000 -1.0000 0.0000
vn -0.0000 -1.0000 0.0000
vn 0.0000 -1.0000 0.0000
vn 0.0000 -1.0000 0.0000
vn 0.0000 -1.0000 0.0000
vn 0.0000 -1.0000 0.0000
vn 0.0000 -1.0000 0.0000
vn 0.0000 -1.0000 0.0000
vn 0.0000 -1.0000 0.0000
vn 0.0000 -1.0000 0.0000
vn 0.0000 -1.0000 0.0000
vn 0.0000 -1.0000 0.0000
vn 0.0000 -1.0000 0.0000
vn 0.0000 -1.0000 0.0000
vn -0.0374 -0.9984 -0.0434
vn -0.0491 -0.9978 0.0452
vn -0.0425 -0.9978 0.0515
vn 0.0000 -1.0000 0.0000
vn 0.0000 -1.0000 0.0000
vn 0.0000 -1.0000 -0.0000
vn 0.0000 -1.0000 0.0000
vn 0.0000 -1.0000 0.0000
vn 0.0000 -1.0000 -0.0000
vn 0.0000 -1.0000 0.0000
vn 0.0000 -1.0000 0.0000
vn 0.0000 -1.0000 0.0000
vn -0.0000 -1.0000 0.0000
vn 0.0000 -1.0000 0.0000
vn 0.0000 -1.0000 0.0000
vn 0.0000 -1.0000 0.0000
vn 0.0000 -1.0000 0.0000
vn 0.0000 -1.0000 -0.0000
vn 0.0000 -1.0000 0.0000
vn 0.0000 -1.0000 -0.0000
vn 0.0000 -1.0000 -0.0000
vn 0.0000 -1.0000 0.0000
vn 0.0000 -1.0000 0.0000
vn 0.0000 -1.0000 0.0000
vn 0.0000 -1.0000 0.0000
vn 0.0000 -1.0000 0.0000
vn 0.0000 -1.0000 0.0000
vn 0.0000 -1.0000 0.0000
vn 0.0000 -1.0000 0.0000
vn 0.0000 -1.0000 0.0000
vn 0.0000 -1.0000 0.0000
vn 0.0000 -1.0000 0.0000
vn 0.0000 -1.0000 0.0000
vn 0.0000 -1.0000 0.0000
vn -0.0000 -1.0000 0.0000
vn 0.0000 -1.0000 0.0000
vn 0.0000 -1.0000 0.0000
vn 0.0000 -1.0000 0.0000
vn 0.0000 -1.0000 0.0000
vn 0.0000 -1.0000 0.0000
vn 0.0000 -1.0000 0.0000
vn 0.0000 -1.0000 0.0000
vn 0.9481 0.0153 -0.3177
vn 0.9437 0.0088 -0.3308
vn 0.9388 0.0048 -0.3445
vn 0.9357 0.0029 -0.3528
vn 0.9321 0.0014 -0.3622
vn 0.9288 0.0006 -0.3707
vn 0.9265 0.0003 -0.3762
vn 0.9244 0.0001 -0.3815
vn 0.9224 0.0000 -0.3862
vn 0.9232 -0.0001 -0.3842
vn 0.9248 -0.0002 -0.3804
vn 0.9282 -0.0011 -0.3720
vn 0.9323 -0.0046 -0.3617
vn 0.9358 -0.0132 -0.3523
vn 0.9377 -0.0449 -0.3446
vn 0.9252 -0.1820 -0.3331
vn 0.9833 0.0585 -0.1723
vn 0.9805 0.0069 -0.1962
vn 0.9813 0.0338 -0.1894
vn 0.9778 0.0142 -0.2089
vn 0.9734 0.0049 -0.2292
vn 0.9691 0.0003 -0.2466
vn 0.9453 -0.0022 -0.3262
vn 0.9542 0.0287 -0.2979
vn 0.9503 0.0196 -0.3109
vn 1.0000 -0.0000 -0.0064
vn 0.9954 0.0123 -0.0951
vn 0.9929 -0.0020 -0.1187
vn 0.9977 0.0215 -0.0650
vn 0.9947 0.0934 -0.0433
vn 0.9966 0.0325 -0.0762
vn 0.9949 0.0099 0.1005
vn 0.9961 0.0314 0.0823
vn 0.9962 0.0555 0.0672
vn 0.9979 0.0340 0.0546
vn 0.9999 0.0000 0.0157
vn 0.9694 0.0005 0.2456
vn 0.9768 0.0122 0.2136
vn 0.9812 0.0389 0.1888
vn 0.9794 0.0196 0.2008
vn 0.9891 0.0000 0.1470
vn 0.9923 -0.0000 0.1236
vn 0.9285 -0.1563 0.3368
vn 0.9365 -0.0429 0.3480
vn 0.9350 -0.0149 0.3543
vn 0.9317 -0.0055 0.3633
vn 0.9277 -0.0017 0.3733
vn 0.9245 -0.0005 0.3812
vn 0.9225 -0.0001 0.3861
vn 0.9212 0.0000 0.3891
vn 0.9220 0.0001 0.3873
vn 0.9233 0.0001 0.3842
vn 0.9261 0.0004 0.3773
vn 0.9306 0.0013 0.3660
vn 0.9358 0.0037 0.3525
vn 0.9418 0.0081 0.3361
vn 0.9471 0.0157 0.3205
vn 0.9503 0.0221 0.3105
vn 0.9437 0.0059 0.3306
vn 0.9626 -0.0003 0.2710
vn 0.2871 -0.0012 -0.9579
vn 0.2817 0.0000 -0.9595
vn 0.4081 0.0000 -0.9130
vn 0.4081 0.0000 -0.9130
vn 0.5270 0.0000 -0.8498
vn 0.5270 0.0000 -0.8498
vn 0.6365 0.0000 -0.7713
vn 0.6365 0.0000 -0.7713
vn 0.7363 0.0000 -0.6766
vn 0.7360 0.0001 -0.6770
vn 0.8232 -0.0001 -0.5678
vn 0.8229 0.0000 -0.5682
vn 0.8929 0.0000 -0.4503
vn 0.8929 0.0000 -0.4503
vn 0.9216 0.0000 -0.3881
vn 0.9223 -0.0000 -0.3865
vn 0.9207 0.0000 0.3902
vn 0.8908 0.0000 0.4545
vn 0.8908 0.0000 0.4545
vn 0.8204 0.0000 0.5717
vn 0.8204 -0.0000 0.5718
vn 0.7331 0.0000 0.6801
vn 0.7331 0.0000 0.6801
vn 0.6329 0.0000 0.7742
vn 0.6329 0.0000 0.7742
vn 0.5231 0.0000 0.8522
vn 0.5231 0.0000 0.8522
vn 0.4039 0.0000 0.9148
vn 0.4039 0.0000 0.9148
vn 0.2795 0.0000 0.9602
vn 0.2795 0.0000 0.9602
vn 0.5340 0.2507 0.8075
vn 0.5388 0.0643 0.8400
vn 0.6832 0.1711 0.7099
vn 0.5905 0.0420 0.8059
vn 0.7834 0.2791 0.5554
vn 0.6979 0.2826 0.6581
vn 0.7391 0.1830 0.6482
vn 0.8654 0.0602 0.4974
vn 0.8398 0.1980 0.5055
vn 0.8235 0.4990 0.2698
vn 0.8448 0.4634 0.2676
vn 0.7826 0.2844 0.5538
vn -0.2036 0.3810 -0.9019
vn -0.2504 0.0000 -0.9681
vn 0.0118 -0.0600 -0.9981
vn -0.1849 0.2533 -0.9496
vn -0.4486 -0.0003 -0.8937
vn -0.1796 -0.8747 -0.4502
vn -0.1903 -0.1327 -0.9727
vn -0.1756 -0.0855 -0.9807
vn -0.4498 -0.0000 -0.8931
vn -0.4094 -0.0304 -0.9118
vn -0.3812 -0.0830 -0.9208
vn -0.3774 0.0094 -0.9260
vn -0.4360 0.1775 -0.8823
vn -0.3571 0.0333 -0.9335
vn -0.2526 -0.0101 -0.9675
vn -0.3104 -0.0312 -0.9501
vn -0.0189 0.1447 -0.9893
vn -0.0148 0.9998 0.0147
vn 0.0030 0.9987 0.0513
vn 0.2309 0.9711 -0.0597
vn 0.5116 0.8589 -0.0225
vn 0.6405 0.7499 -0.1656
vn 0.9160 0.3238 -0.2369
vn 0.9157 0.3259 -0.2354
vn 0.9681 0.0016 -0.2507
vn 0.9681 0.0014 -0.2504
vn -0.9714 0.0147 0.2369
vn -0.9681 0.0114 0.2504
vn 0.9681 0.0000 -0.2504
vn 0.9681 0.0000 -0.2504
vn -0.8282 0.5179 0.2142
vn -0.6410 0.7494 0.1658
vn -0.6410 0.7494 0.1658
vn -0.3953 0.9128 0.1022
vn -0.3953 0.9128 0.1022
vn -0.0556 0.9984 0.0144
vn 0.6002 0.7846 -0.1552
vn 0.8306 0.5137 -0.2148
vn 0.8306 0.5137 -0.2148
vn 0.9527 0.1778 -0.2464
vn 0.9527 0.1778 -0.2464
vn 0.4745 0.0129 0.8802
vn -0.0622 -0.3863 0.9203
vn 0.2392 -0.1404 0.9608
vn 0.1659 -0.1073 0.9803
vn 0.1944 -0.1699 0.9661
vn 0.2221 -0.4999 0.8371
vn 0.2156 0.8304 0.5137
vn 0.4911 0.0323 0.8705
vn 0.4201 0.0003 0.9075
vn 0.4311 -0.0080 0.9023
vn 0.2575 0.2911 0.9214
vn 0.1106 -0.3369 0.9350
vn 0.2398 0.0241 0.9705
vn 0.4119 0.0000 0.9112
vn 0.3588 -0.0209 0.9332
vn 0.3218 -0.0453 0.9457
vn -0.6635 0.7281 0.1720
vn 0.3573 0.0084 0.9339
vn -0.3624 -0.2423 0.9000
vn 0.1422 0.0961 0.9852
vn 0.3942 -0.1359 0.9089
vn 0.2944 0.2101 0.9323
vn 0.3199 0.1735 0.9315
vn 0.2556 0.3914 0.8840
vn 0.0611 -0.8715 0.4866
vn 0.0705 0.0000 0.9975
vn 0.0697 -0.0003 0.9976
vn 0.1076 -0.0261 0.9938
vn 0.1326 -0.0713 0.9886
vn 0.3176 -0.0803 0.9448
vn 0.3020 -0.1245 0.9451
vn 0.1308 -0.0332 0.9909
vn 0.4398 0.1159 0.8906
vn -0.9522 0.1805 0.2463
vn -0.9522 0.1805 0.2463
vn -0.8282 0.5179 0.2142
vn -0.8282 0.5179 0.2142
vn -0.6410 0.7494 0.1658
vn -0.0556 0.9984 0.0144
vn 0.2917 0.9535 -0.0754
vn 0.2917 0.9535 -0.0754
vn 0.6002 0.7846 -0.1552
vn 0.6002 0.7846 -0.1552
vn 0.8306 0.5137 -0.2148
vn -0.9681 0.0000 0.2504
vn -0.9681 0.0000 0.2504
vn 0.2309 0.9711 -0.0597
vn 0.2309 0.9711 -0.0597
vn 0.6405 0.7499 -0.1656
vn 0.6405 0.7499 -0.1656
vn 0.9153 0.3259 -0.2367
vn 0.9149 0.3285 -0.2348
vn 0.9680 0.0017 -0.2508
vn 0.9681 0.0016 -0.2504
vn -0.9522 0.0024 0.3053
vn -0.9680 0.0149 0.2504
vn 0.0201 0.9970 0.0746
vn -0.0170 0.9998 0.0044
vn -0.2676 -0.4333 -0.8606
vn 0.1890 -0.3628 -0.9125
vn -0.3669 -0.1591 -0.9165
vn -0.3181 -0.2500 -0.9145
vn -0.1202 0.0002 -0.9927
vn -0.0603 0.8234 -0.5642
vn -0.3023 0.1254 -0.9449
vn -0.4364 -0.2535 -0.8633
vn 0.0107 -0.0323 -0.9994
vn -0.1317 0.0647 -0.9892
vn -0.2297 0.2446 -0.9420
vn -0.2556 -0.2630 -0.9303
vn -0.4360 0.1775 -0.8823
vn -0.1003 -0.0000 -0.9950
vn -0.0552 -0.0180 -0.9983
vn -0.0878 -0.0301 -0.9957
vn -0.1435 -0.0655 -0.9875
vn 0.3449 0.6255 -0.6998
vn -0.5913 0.7918 0.1531
vn -0.2667 -0.2814 -0.9218
vn -0.0149 -0.0265 -0.9995
vn -0.1936 0.0151 -0.9810
vn -0.3749 0.3225 -0.8692
vn -0.1202 0.0002 -0.9927
vn -0.2504 0.0000 -0.9681
vn -0.1741 0.3907 -0.9039
vn -0.3196 0.0827 -0.9439
vn 0.0107 -0.0323 -0.9994
vn -0.1317 0.0647 -0.9892
vn -0.1320 0.0653 -0.9891
vn -0.1335 0.0413 -0.9902
vn -0.1591 0.1041 -0.9818
vn -0.2504 -0.0000 -0.9681
vn -0.2504 0.0000 -0.9681
vn -0.6200 -0.1562 -0.7689
vn -0.3262 0.0727 -0.9425
vn -0.3217 0.0799 -0.9434
vn 0.0391 0.9947 0.0949
vn -0.0289 0.9987 -0.0424
vn 0.2309 0.9711 -0.0597
vn 0.2309 0.9711 -0.0597
vn 0.6405 0.7499 -0.1656
vn 0.6405 0.7499 -0.1656
vn 0.9160 0.3238 -0.2369
vn 0.9151 0.3294 -0.2327
vn 0.9679 0.0017 -0.2514
vn 0.9681 0.0014 -0.2504
vn -0.9637 0.0116 0.2668
vn -0.9680 0.0152 0.2503
vn -0.9522 0.1805 0.2463
vn -0.3953 0.9128 0.1022
vn -0.0556 0.9984 0.0144
vn -0.0556 0.9984 0.0144
vn 0.2917 0.9535 -0.0754
vn -0.9681 0.0000 0.2504
vn -0.9681 0.0000 0.2504
vn 0.1202 0.0020 0.9927
vn 0.2504 -0.0000 0.9681
vn 0.3805 0.0890 0.9205
vn 0.3159 0.1479 0.9372
vn 0.2944 0.2101 0.9323
vn 0.1540 0.3923 0.9069
vn 0.2504 0.0000 0.9681
vn 0.2504 -0.0000 0.9681
vn 0.2504 0.0000 0.9681
vn 0.2504 -0.0000 0.9681
vn 0.2504 0.0000 0.9681
vn 0.3563 -0.2079 0.9109
vn 0.0542 -0.2733 0.9604
vn 0.2724 0.4120 0.8695
vn -0.0681 -0.0318 0.9972
vn 0.1771 0.0563 0.9826
vn 0.3580 0.1696 0.9182
vn -0.5919 0.7912 0.1538
vn 0.2504 0.0000 0.9681
vn 0.2504 0.0000 0.9681
vn 0.3805 0.0890 0.9205
vn 0.3159 0.1479 0.9372
vn 0.4417 -0.4504 0.7759
vn 0.0832 0.1538 0.9846
vn 0.1859 -0.4209 0.8879
vn 0.2504 0.0000 0.9681
vn 0.4911 0.0323 0.8705
vn 0.4201 0.0003 0.9075
vn 0.4311 -0.0080 0.9023
vn 0.3805 0.0890 0.9205
vn 0.1821 0.0892 0.9792
vn 0.1775 0.0834 0.9806
vn 0.2875 0.3881 0.8756
vn 0.2504 0.0000 0.9681
vn -0.1133 -0.1326 0.9847
vn 0.1499 0.0375 0.9880
vn 0.9681 0.0000 -0.2504
vn 0.9681 0.0000 -0.2504
vn -0.8282 0.5179 0.2142
vn -0.6410 0.7494 0.1658
vn -0.3953 0.9128 0.1022
vn -0.0556 0.9984 0.0144
vn -0.0556 0.9984 0.0144
vn 0.2917 0.9535 -0.0754
vn 0.8306 0.5137 -0.2148
vn 0.9527 0.1778 -0.2464
vn 0.9527 0.1778 -0.2464
vn 0.2309 0.9711 -0.0597
vn 0.2309 0.9711 -0.0597
vn 0.6405 0.7499 -0.1656
vn 0.6405 0.7499 -0.1656
vn 0.9160 0.3238 -0.2369
vn 0.9157 0.3259 -0.2354
vn 0.9681 0.0016 -0.2507
vn 0.9681 0.0014 -0.2504
vn -0.9771 0.0146 0.2124
vn -0.9681 0.0061 0.2504
vn -0.0345 0.9965 -0.0755
vn 0.0000 1.0000 0.0000
vn -0.2504 0.0000 -0.9681
vn -0.2112 0.1517 -0.9656
vn -0.1054 0.1259 -0.9864
vn -0.3093 0.4550 -0.8351
vn -0.2504 -0.0000 -0.9681
vn -0.2504 -0.0000 -0.9681
vn -0.1836 0.4126 -0.8922
vn -0.4177 -0.2739 -0.8663
vn -0.2504 -0.0000 -0.9681
vn -0.2504 -0.0000 -0.9681
vn -0.1435 -0.1822 -0.9727
vn -0.1335 0.0413 -0.9902
vn -0.1591 0.1041 -0.9818
vn -0.4911 0.0323 -0.8705
vn -0.4256 0.0027 -0.9049
vn -0.4433 -0.0043 -0.8964
vn -0.1090 0.2019 -0.9733
vn -0.2043 0.3862 -0.8995
vn -0.5605 0.0772 -0.8246
vn -0.2504 -0.0000 -0.9681
vn -0.0888 -0.2407 -0.9665
vn -0.3287 -0.0001 -0.9444
vn -0.2504 0.0000 -0.9681
vn -0.2722 -0.4123 -0.8694
vn -0.1780 -0.0829 -0.9805
vn -0.1987 -0.0334 -0.9795
vn -0.2972 0.0345 -0.9542
vn -0.3637 0.1653 -0.9167
vn -0.3774 0.0094 -0.9260
vn -0.2938 -0.1854 -0.9377
vn -0.0685 -0.0000 -0.9977
vn -0.0550 -0.0054 -0.9985
vn -0.1117 -0.0258 -0.9934
vn -0.1599 -0.0557 -0.9856
vn -0.0179 0.9998 0.0019
vn -0.0519 0.9960 -0.0734
vn 0.1827 0.9556 -0.2312
vn 0.5590 0.7995 -0.2196
vn 0.6039 0.7440 -0.2860
vn 0.9094 0.1173 -0.3990
vn 0.9154 0.3285 -0.2328
vn 0.9679 0.0017 -0.2514
vn 0.9681 0.0014 -0.2504
vn -0.9670 0.0145 0.2543
vn -0.9680 0.0152 0.2504
vn -0.9522 0.1805 0.2463
vn -0.9522 0.1805 0.2463
vn -0.8282 0.5178 0.2142
vn -0.8282 0.5179 0.2142
vn -0.6410 0.7494 0.1658
vn -0.6410 0.7494 0.1658
vn -0.3953 0.9128 0.1022
vn 0.2917 0.9535 -0.0754
vn 0.6002 0.7846 -0.1552
vn 0.6002 0.7846 -0.1552
vn 0.8306 0.5137 -0.2148
vn -0.9681 0.0000 0.2504
vn -0.9681 0.0000 0.2504
vn 0.0000 1.0000 0.0000
vn -0.0046 0.9989 0.0460
vn 0.2309 0.9711 -0.0597
vn -0.1918 0.9624 0.1922
vn 0.6669 0.7393 0.0934
vn 0.9668 0.0532 -0.2500
vn 0.9153 0.3259 -0.2367
vn 0.9044 0.3663 -0.2190
vn 0.9657 0.0714 -0.2497
vn 0.9689 0.0000 -0.2475
vn 0.9681 0.0016 -0.2504
vn 0.2504 -0.0000 0.9681
vn -0.0408 -0.3036 0.9519
vn 0.2401 -0.1308 0.9619
vn 0.1757 -0.0953 0.9798
vn 0.3078 -0.3681 0.8774
vn 0.2053 0.2597 0.9436
vn -0.0157 -0.9344 0.3560
vn 0.4912 0.0254 0.8707
vn 0.4360 0.0003 0.8999
vn 0.1284 0.2104 0.9691
vn 0.2504 0.0000 0.9681
vn 0.2504 0.0000 0.9681
vn 0.2504 0.0000 0.9681
vn 0.2504 0.0000 0.9681
vn 0.2504 -0.0000 0.9681
vn 0.2504 -0.0000 0.9681
vn -0.5203 -0.8040 -0.2879
vn -0.5207 -0.4635 -0.7170
vn -0.3027 -0.8847 -0.3546
vn -0.3392 -0.6117 -0.7147
vn -0.5409 -0.7407 -0.3984
vn -0.5193 -0.8049 -0.2872
vn -0.5982 -0.6273 -0.4986
vn 0.2896 -0.0064 0.9571
vn -0.9682 0.0000 0.2502
vn -0.9687 -0.0043 0.2483
vn 0.5961 -0.1710 -0.7845
vn 0.9172 -0.0207 -0.3979
vn 0.9477 -0.1629 -0.2745
vn 0.8471 -0.3956 -0.3549
vn 0.8244 -0.4549 -0.3369
vn 0.6184 -0.1813 -0.7647
vn 0.5887 -0.5158 -0.6224
vn 0.5673 -0.5030 -0.6521
vn 0.4454 -0.7688 -0.4589
vn 0.5764 -0.7512 -0.3217
vn 0.6002 -0.7236 -0.3408
vn 0.8260 -0.4534 -0.3349
vn 0.7993 -0.1890 -0.5704
vn 0.4756 -0.7978 -0.3706
vn 0.3022 -0.9229 -0.2386
vn 0.0644 -0.9964 -0.0555
vn 0.7476 -0.1264 -0.6520
vn 0.7833 -0.1898 -0.5920
vn 0.6778 -0.4840 -0.5535
vn 0.4239 -0.2268 -0.8769
vn 0.3001 -0.9185 -0.2575
vn 0.2082 -0.9768 -0.0499
vn 0.5937 0.4218 0.6853
vn 0.4805 0.6554 0.5827
vn 0.3621 0.7421 0.5640
vn 0.4173 0.7400 0.5275
vn 0.6790 0.7328 -0.0455
vn 0.5304 0.8122 0.2428
vn 0.4123 0.8646 0.2872
vn 0.2311 0.9446 0.2333
vn 0.2367 0.9444 0.2281
vn -0.1490 0.9864 0.0696
vn 0.1348 0.9132 0.3847
vn 0.2916 0.3684 0.8828
vn 0.3423 0.2644 0.9016
vn 0.1493 0.9126 0.3806
vn 0.2627 0.3714 0.8905
vn 0.4817 0.6972 0.5310
vn 0.3616 0.7087 0.6058
vn 0.9893 -0.1294 -0.0676
vn 0.9899 -0.1176 -0.0786
vn 0.8619 -0.5025 -0.0685
vn 0.8550 -0.5166 -0.0456
vn 0.2328 -0.9675 -0.0989
vn 0.5934 -0.8046 0.0242
vn 0.2656 -0.9635 -0.0322
vn 0.6080 -0.7859 -0.1125
vn 0.6373 -0.7243 -0.2631
vn 0.8050 -0.4944 -0.3280
vn 0.7929 -0.4643 -0.3946
vn 0.9795 -0.1761 0.0974
vn 0.9906 -0.1255 0.0540
vn 0.8717 -0.4828 0.0844
vn 0.6234 -0.7813 -0.0292
vn 0.8541 -0.4697 -0.2235
vn 0.9495 -0.1716 -0.2629
vn 0.9056 -0.0876 -0.4150
vn 0.9185 -0.1578 -0.3626
vn -0.2856 -0.9507 0.1211
vn -0.1868 -0.9780 0.0927
vn -0.7334 -0.6526 0.1904
vn -0.8670 -0.4400 0.2339
vn -0.9135 -0.3333 0.2333
vn -0.9653 -0.0968 0.2426
vn -0.9561 -0.1604 0.2451
vn -0.2655 -0.9609 0.0787
vn -0.1123 -0.9933 0.0262
vn -0.6422 -0.7475 0.1696
vn 0.8892 -0.4559 0.0382
vn 0.9986 0.0324 -0.0412
vn 0.6340 -0.7568 -0.1591
vn 0.4567 -0.7413 -0.4918
vn 0.3500 -0.9077 -0.2315
vn 0.4100 -0.9079 -0.0870
vn 0.4221 -0.7710 -0.4769
vn 0.2308 -0.9106 -0.3427
vn 0.3339 -0.9095 -0.2476
vn 0.2003 -0.9795 -0.0221
vn 0.1115 -0.9938 0.0048
vn 0.2096 -0.9695 -0.1271
vn 0.1124 -0.9921 -0.0552
vn 0.1332 -0.9846 -0.1133
vn 0.0633 -0.9884 -0.1382
vn 0.9717 -0.1724 -0.1614
vn 0.9990 0.0341 -0.0301
vn 0.8687 -0.4665 -0.1663
vn 0.7005 0.3406 -0.6272
vn 0.5681 0.0983 -0.8171
vn 0.6663 -0.6031 -0.4385
vn 0.6430 -0.2871 -0.7100
vn 0.6659 -0.5054 -0.5487
vn 0.4315 -0.7826 -0.4486
vn 0.4027 -0.7907 -0.4611
vn 0.4739 -0.8459 -0.2446
vn 0.5358 -0.7672 -0.3527
vn 0.5926 -0.7727 -0.2275
vn 0.5540 -0.8208 -0.1390
vn 0.5898 -0.8071 -0.0265
vn 0.6642 -0.7216 -0.1954
vn 0.7067 -0.1679 -0.6873
vn 0.6432 -0.2852 -0.7106
vn 0.8219 -0.2869 -0.4921
vn 0.7401 -0.4328 -0.5147
vn 0.8868 -0.3161 -0.3371
vn 0.6663 -0.7204 -0.1926
vn 0.8038 -0.5939 0.0352
vn 0.6323 -0.7742 0.0288
vn 0.5941 -0.8024 -0.0563
vn 0.3507 -0.9313 0.0986
vn 0.3574 -0.9332 -0.0384
vn 0.2457 -0.9665 0.0742
vn 0.2723 -0.9607 -0.0542
vn 0.2090 -0.9698 -0.1257
vn 0.2758 -0.9521 -0.1319
vn 0.2777 -0.9594 -0.0504
vn 0.1604 -0.9638 -0.2131
vn 0.2479 -0.9323 -0.2632
vn 0.9668 -0.1627 -0.1973
vn 0.0956 -0.9952 0.0220
vn 0.4350 -0.8932 0.1139
vn 0.2837 -0.9568 0.0636
vn 0.1945 -0.9783 0.0716
vn 0.7243 -0.6286 0.2834
vn 0.7552 -0.5909 0.2838
vn 0.6198 -0.7728 0.1361
vn 0.4600 -0.8816 0.1056
vn 0.7682 -0.5531 0.3225
vn 0.8901 -0.4066 0.2061
vn 0.9494 -0.0865 0.3020
vn 0.9498 -0.0851 0.3011
vn 0.0976 -0.9952 0.0096
vn 0.0975 -0.9952 0.0097
vn 0.3508 -0.9358 0.0348
vn 0.3506 -0.9359 0.0348
vn 0.6314 -0.7729 0.0627
vn 0.6313 -0.7730 0.0628
vn 0.8450 -0.5281 0.0841
vn 0.8801 -0.4713 0.0573
vn 0.9525 -0.2896 0.0946
vn 0.0979 -0.9952 0.0033
vn 0.3544 -0.9347 -0.0273
vn 0.2307 -0.9718 0.0489
vn 0.4713 -0.8818 0.0162
vn 0.6321 -0.7731 0.0528
vn 0.6831 -0.7299 0.0235
vn 0.8815 -0.4711 0.0303
vn 0.8816 -0.4711 0.0302
vn 0.0968 -0.9952 0.0159
vn 0.0967 -0.9952 0.0159
vn 0.2869 -0.9568 0.0473
vn 0.3506 -0.9358 0.0363
vn 0.4657 -0.8816 0.0769
vn 0.6316 -0.7719 0.0725
vn 0.6302 -0.7730 0.0731
vn 0.7626 -0.6344 0.1260
vn 0.9075 -0.4059 0.1081
vn 0.8300 -0.5267 0.1837
vn 0.9444 -0.2895 0.1558
vn 0.9713 -0.1583 0.1775
vn 0.9728 0.2309 0.0196
vn 0.9782 -0.1676 0.1226
vn 0.9873 -0.1555 0.0339
vn 0.9934 -0.1135 0.0159
vn 0.0976 -0.9952 -0.0093
vn 0.2953 -0.9554 0.0021
vn 0.2931 -0.9561 0.0035
vn 0.4697 -0.8817 -0.0448
vn 0.6336 -0.7731 -0.0293
vn 0.6805 -0.7298 -0.0651
vn 0.8759 -0.4751 -0.0838
vn 0.8485 -0.5272 -0.0448
vn 0.9528 -0.2896 -0.0909
vn 0.0968 -0.9952 -0.0155
vn 0.1568 -0.9865 -0.0472
vn 0.2869 -0.9568 -0.0462
vn 0.4613 -0.8808 -0.1066
vn 0.4081 -0.9106 -0.0658
vn 0.6749 -0.7298 -0.1088
vn 0.6317 -0.7719 -0.0712
vn 0.7631 -0.6344 -0.1231
vn 0.8413 -0.5282 -0.1152
vn 0.8942 -0.4168 -0.1632
vn 0.9450 -0.2895 -0.1522
vn 0.1602 -0.9866 -0.0299
vn 0.2064 -0.9766 -0.0601
vn 0.4071 -0.9106 -0.0709
vn 0.5291 -0.8352 -0.1501
vn 0.6100 -0.7715 -0.1808
vn 0.6062 -0.7752 -0.1778
vn 0.7513 -0.6342 -0.1824
vn 0.8759 -0.4156 -0.2451
vn 0.8505 -0.4878 -0.1966
vn 0.9717 -0.0907 -0.2183
vn 0.9728 -0.1436 -0.1818
vn 0.9944 -0.0504 -0.0924
vn 0.9865 -0.1480 -0.0699
vn 0.9835 -0.1782 -0.0315
vn 0.8796 -0.4752 -0.0240
vn 0.8817 -0.4711 -0.0269
vn 0.6342 -0.7730 -0.0194
vn 0.6821 -0.7286 -0.0623
vn 0.4714 -0.8818 -0.0144
vn 0.2926 -0.9554 -0.0399
vn 0.2311 -0.9729 -0.0070
vn -0.4348 -0.8952 0.0977
vn -0.4109 -0.9106 0.0436
vn -0.6647 -0.7366 0.1247
vn -0.6331 -0.7730 0.0405
vn -0.7629 -0.6327 0.1330
vn -0.8850 -0.4655 -0.0051
vn -0.8824 -0.4701 -0.0190
vn -0.9429 -0.2885 0.1668
vn -0.9835 -0.1554 0.0930
vn -0.9800 -0.0957 0.1745
vn -0.1526 -0.9882 -0.0140
vn -0.1635 -0.9865 -0.0030
vn -0.1518 -0.9881 0.0249
vn -0.1605 -0.9863 0.0382
vn -0.4157 -0.9090 -0.0323
vn -0.4485 -0.8937 0.0104
vn -0.6362 -0.7713 -0.0209
vn -0.6858 -0.7268 0.0367
vn -0.7741 -0.6326 -0.0258
vn -0.8759 -0.4713 0.1035
vn -0.8805 -0.4537 0.1374
vn -0.9571 -0.2885 -0.0288
vn -0.9924 -0.0962 0.0761
vn -0.9870 -0.1545 -0.0431
vn 0.4469 -0.0006 0.8946
vn 0.0195 -0.1330 0.9909
vn 0.1333 -0.0607 0.9892
vn 0.1738 -0.0976 0.9799
vn 0.0571 0.2844 0.9570
vn 0.3909 -0.2407 0.8884
vn 0.2574 0.3862 0.8858
vn 0.3285 0.0334 0.9439
vn 0.2477 -0.0000 0.9688
vn 0.1469 0.2244 0.9634
vn 0.3197 -0.0829 0.9439
vn 0.1834 -0.4123 0.8924
vn 0.4496 0.0000 0.8933
vn 0.3839 -0.0258 0.9230
vn 0.3379 -0.0557 0.9395
vn -0.6011 0.7841 0.1542
vn -0.2504 -0.0000 -0.9681
vn -0.2504 -0.0000 -0.9681
vn -0.4278 0.0226 -0.9036
vn -0.2504 0.0000 -0.9681
vn -0.2504 -0.0000 -0.9681
vn -0.2504 0.0000 -0.9681
vn -0.2504 -0.0000 -0.9681
vn -0.2504 0.0000 -0.9681
vn -0.2504 0.0000 -0.9681
vn -0.2504 0.0000 -0.9681
vn -0.2504 -0.0000 -0.9681
vn -0.2504 -0.0000 -0.9681
vn -0.1485 -0.2153 -0.9652
vn -0.2504 -0.0000 -0.9681
vn -0.2504 -0.0000 -0.9681
vn -0.2504 0.0000 -0.9681
vn -0.2504 -0.0000 -0.9681
vn -0.2504 -0.0000 -0.9681
vn -0.2504 0.0000 -0.9681
vn -0.6656 -0.0618 -0.7438
vn -0.6408 -0.0359 -0.7669
vn -0.6405 -0.1299 -0.7569
vn -0.7187 -0.3588 -0.5956
vn -0.2520 -0.2229 -0.9417
vn -0.2413 -0.2909 -0.9258
vn -0.2573 -0.0474 -0.9652
vn -0.1644 -0.7665 -0.6209
vn -0.2457 -0.4870 -0.8381
vn -0.0893 -0.9366 -0.3388
vn -0.2838 -0.7602 -0.5845
vn -0.2687 -0.2228 -0.9371
vn -0.4476 -0.4930 -0.7461
vn -0.8646 -0.1233 -0.4870
vn -0.0377 0.1101 -0.9932
vn -0.0831 -0.1220 -0.9890
vn -0.7735 -0.6300 -0.0694
vn -0.6023 -0.2879 -0.7445
vn -0.8999 -0.0667 -0.4310
vn -0.8462 -0.1520 -0.5108
vn -0.4295 -0.5277 -0.7328
vn -0.9148 -0.3841 -0.1248
vn -0.8445 -0.2104 -0.4924
vn -0.6113 -0.6489 -0.4530
vn -0.8638 -0.3917 -0.3169
vn -0.1921 -0.9456 0.2626
vn -0.9335 0.0087 -0.3584
vn -0.8977 -0.0042 -0.4406
vn 0.0000 1.0000 0.0000
vn 0.0000 1.0000 0.0000
vn 0.0000 1.0000 0.0000
vn 0.0000 1.0000 0.0000
vn 0.0000 1.0000 0.0000
vn 0.0000 1.0000 0.0000
vn 0.0000 1.0000 0.0000
vn 0.0000 1.0000 -0.0000
vn 0.0000 1.0000 -0.0000
vn 0.0000 1.0000 0.0000
vn 0.0000 1.0000 -0.0000
vn 0.0000 1.0000 0.0000
vn 0.0000 1.0000 0.0000
vn 0.0000 1.0000 0.0000
vn 0.0000 1.0000 0.0000
vn 0.0000 1.0000 0.0000
vn -0.0000 1.0000 0.0000
vn 0.0000 1.0000 0.0000
vn 0.0000 1.0000 -0.0000
vn 0.0000 1.0000 0.0000
vn 0.0000 1.0000 0.0000
vn -0.9522 0.1805 0.2463
vn -0.9522 0.1805 0.2463
vn -0.8282 0.5179 0.2142
vn -0.8282 0.5179 0.2142
vn -0.6410 0.7494 0.1658
vn -0.6410 0.7494 0.1658
vn -0.2864 0.9552 0.0741
vn -0.1613 0.7243 0.6703
vn -0.0208 -0.9243 0.3812
vn 0.0789 0.7563 -0.6494
vn 0.1787 0.9828 -0.0462
vn 0.6002 0.7846 -0.1552
vn 0.6002 0.7846 -0.1552
vn 0.8306 0.5137 -0.2148
vn 0.8306 0.5137 -0.2148
vn 0.9527 0.1778 -0.2464
vn -0.9681 0.0000 0.2504
vn -0.9681 0.0000 0.2504
vn -0.1865 -0.9821 -0.0261
vn -0.1525 -0.9882 -0.0152
vn 0.2532 -0.9674 -0.0000
vn -0.9297 -0.3424 -0.1356
vn -0.8765 -0.4663 -0.1195
vn -0.7579 -0.6371 -0.1403
vn -0.9767 -0.1694 -0.1316
vn -0.9790 -0.1548 -0.1325
vn -0.9904 -0.0590 -0.1248
vn -0.4402 -0.8964 -0.0523
vn -0.4423 -0.8953 -0.0529
vn -0.5639 -0.8236 -0.0603
vn -0.6776 -0.7314 -0.0771
vn -0.6682 -0.7399 -0.0777
vn -0.6668 -0.0053 -0.7452
vn -0.6898 0.0000 -0.7240
vn -0.9998 -0.0006 -0.0186
vn -0.9999 0.0000 -0.0141
vn -0.9868 0.0000 0.1618
vn -0.9875 -0.0006 0.1574
vn 0.8313 0.5139 -0.2119
vn 0.7421 0.6448 -0.1831
vn 0.5236 -0.0465 0.8507
vn 0.7554 0.0127 0.6551
vn 0.5754 0.0351 0.8171
vn 0.7054 0.1025 0.7014
vn 0.7925 0.0200 0.6095
vn 0.8290 0.0051 0.5592
vn 0.7926 -0.0177 0.6095
vn -0.9681 0.0000 0.2504
vn -0.9681 0.0000 0.2504
vn -0.9542 0.1692 0.2468
vn -0.9542 0.1692 0.2468
vn -0.8449 0.4883 0.2185
vn -0.8449 0.4883 0.2185
vn -0.6396 0.7507 0.1654
vn -0.6396 0.7507 0.1654
vn -0.3611 0.9278 0.0934
vn -0.3611 0.9278 0.0934
vn -0.0404 0.9991 0.0104
vn -0.0404 0.9991 0.0104
vn 0.2850 0.9557 -0.0737
vn 0.2850 0.9557 -0.0737
vn 0.5679 0.8099 -0.1469
vn 0.5679 0.8099 -0.1469
vn 0.7900 0.5780 -0.2043
vn 0.7900 0.5780 -0.2043
vn 0.9390 0.2434 -0.2428
vn 0.9389 0.2412 -0.2454
vn 0.9683 0.0032 -0.2498
vn 0.9681 0.0029 -0.2504
vn -0.9511 0.0000 0.3090
vn -0.6757 0.0050 0.7371
vn -0.6565 0.0000 0.7544
vn -0.9511 0.0000 0.3090
vn -0.9466 -0.0967 0.3076
vn 0.1065 -0.0233 0.9940
vn 0.2224 0.2480 0.9429
vn 0.9887 -0.1204 -0.0890
vn 0.0306 -0.4407 0.8971
vn 0.1235 -0.5476 0.8275
vn -0.6765 -0.0014 0.7365
vn -0.7853 -0.1410 0.6028
vn -0.7869 -0.4037 0.4667
vn -0.8797 -0.3298 0.3426
vn -0.2302 -0.5804 -0.7811
vn -0.5497 -0.6082 -0.5727
vn -0.4838 -0.7751 0.4063
vn -0.5206 -0.7012 0.4872
vn -0.0500 -0.7228 0.6892
vn 0.1077 -0.0151 0.9941
vn 0.0839 0.0034 0.9965
vn -0.5661 -0.8135 0.1330
vn 0.0965 -0.9204 0.3789
vn 0.2208 -0.4340 0.8735
vn 0.2105 -0.5448 0.8117
vn 0.2050 -0.8998 0.3851
vn 0.2162 -0.4328 0.8752
vn 0.4867 -0.3800 0.7865
vn 0.3095 -0.2506 0.9173
vn 0.6121 -0.2944 0.7340
vn 0.6300 -0.1463 0.7627
vn 0.2953 -0.7850 0.5447
vn 0.5443 -0.6793 0.4923
vn 0.3946 -0.5091 0.7650
vn 0.9513 -0.0071 0.3083
vn 0.9666 0.0000 0.2563
vn 0.9922 0.0000 0.1244
vn 0.9922 0.0000 0.1244
vn 0.9999 0.0000 0.0160
vn 0.9999 0.0000 0.0160
vn 0.9957 0.0000 -0.0925
vn 0.9991 -0.0150 -0.0393
vn 0.9797 -0.0121 -0.1999
vn 0.9797 -0.0120 -0.2002
vn 0.4916 -0.0039 -0.8708
vn 0.6050 -0.0113 -0.7961
vn 0.8428 -0.0181 -0.5380
vn 0.7537 -0.0050 -0.6572
vn 0.8774 -0.0028 -0.4797
vn 0.9173 -0.0119 -0.3980
vn 0.6698 -0.0181 -0.7424
vn 0.5762 -0.0040 -0.8173
vn 0.9254 -0.0309 -0.3776
vn 0.9985 -0.0170 -0.0528
vn 0.9963 -0.0170 -0.0838
vn 0.9995 -0.0118 -0.0288
vn 0.9950 -0.0121 0.0990
vn 0.9969 -0.0107 0.0779
vn 0.9976 -0.0136 -0.0682
vn 0.9973 -0.0133 -0.0721
vn 0.9301 -0.0095 -0.3671
vn 0.9014 -0.0014 -0.4330
vn -0.9542 0.1692 0.2468
vn -0.9550 0.1840 0.2327
vn -0.8411 0.4882 0.2327
vn -0.8642 0.3620 0.3493
vn -0.5994 0.7436 0.2961
vn -0.6334 0.6758 0.3769
vn -0.2974 0.9052 0.3035
vn -0.1159 0.9928 0.0300
vn -0.0404 0.9991 0.0104
vn -0.0404 0.9991 0.0104
vn 0.2850 0.9557 -0.0737
vn 0.2850 0.9557 -0.0737
vn 0.5679 0.8099 -0.1469
vn 0.5679 0.8099 -0.1469
vn 0.7900 0.5780 -0.2043
vn 0.7900 0.5780 -0.2043
vn 0.9396 0.2412 -0.2430
vn 0.9396 0.2434 -0.2404
vn 0.9608 0.1246 -0.2475
vn 0.8621 0.0031 -0.5067
vn 0.0000 1.0000 0.0000
vn 0.0000 1.0000 0.0000
vn 0.0000 1.0000 0.0000
vn 0.0000 1.0000 0.0000
vn -0.9669 -0.0516 0.2500
vn -0.9891 0.0000 0.1470
vn 0.0522 0.9986 0.0079
vn 0.1746 0.9843 0.0242
vn 0.2125 0.9769 0.0234
vn 0.8622 0.4978 0.0944
vn 0.3590 0.9304 0.0746
vn 0.2248 0.9728 0.0560
vn 0.4489 0.8920 0.0540
vn 0.6147 0.7852 0.0746
vn 0.6818 0.7279 0.0730
vn 0.7727 0.6284 0.0892
vn 0.7418 0.6644 0.0911
vn 0.8835 0.4593 0.0919
vn 0.8668 0.4891 0.0971
vn 0.9668 0.2335 0.1043
vn 0.9550 0.2758 0.1096
vn 0.9901 0.0895 0.1080
vn 0.9207 0.3662 0.1346
vn 0.0751 0.9971 -0.0137
vn 0.0000 1.0000 0.0000
vn -0.0645 0.9979 0.0018
vn 0.0000 1.0000 0.0000
vn 0.0000 1.0000 0.0000
vn 0.0030 1.0000 0.0054
vn -0.0028 0.9998 0.0187
vn 0.0002 0.9999 -0.0106
vn 0.0060 1.0000 -0.0002
vn -0.0007 1.0000 0.0073
vn 0.0035 1.0000 0.0031
vn 0.0031 1.0000 -0.0021
vn 0.0502 0.9980 -0.0373
vn -0.0187 0.9996 0.0194
vn 0.0031 1.0000 0.0005
vn 0.0033 1.0000 0.0003
vn 0.0230 0.9991 -0.0358
vn 0.0000 1.0000 0.0000
vn 0.0000 1.0000 0.0000
vn -0.9522 0.1805 0.2463
vn -0.9522 0.1805 0.2463
vn -0.8282 0.5179 0.2142
vn -0.6410 0.7494 0.1658
vn -0.3953 0.9128 0.1022
vn -0.3953 0.9128 0.1022
vn -0.0556 0.9984 0.0144
vn -0.0556 0.9984 0.0144
vn 0.0491 0.9987 -0.0127
vn 0.0063 0.6327 -0.7743
vn 0.2521 0.2530 -0.9340
vn -0.9681 0.0000 0.2504
vn -0.9670 0.0007 0.2549
vn -0.0570 0.9581 -0.2809
vn 0.9391 0.2615 0.2229
vn 0.9965 0.0615 0.0572
vn 0.2185 0.9310 -0.2925
vn 0.3922 0.8984 0.1976
vn 0.9979 0.0439 0.0471
vn 0.9670 0.2523 0.0355
vn 0.9637 0.2664 0.0196
vn 0.1469 0.9470 -0.2858
vn 0.4691 0.8829 0.0209
vn 0.6834 0.7300 0.0092
vn 0.7172 0.6941 0.0623
vn 0.8488 0.5287 0.0100
vn 0.8797 0.4728 0.0511
vn 0.2202 0.9751 -0.0273
vn 0.1902 0.9802 -0.0552
vn 0.9468 0.3038 0.1061
vn 0.9984 0.0016 0.0573
vn 0.9985 0.0026 0.0548
vn -0.9230 0.1326 0.3613
vn -0.9443 -0.2601 0.2014
vn -0.6694 0.6956 0.2608
vn -0.6932 0.6594 0.2909
vn -0.8979 0.4218 0.1258
vn -0.2484 0.9119 0.3268
vn -0.4253 0.8678 0.2571
vn -0.1476 0.9866 0.0690
vn -0.5097 0.8599 0.0285
vn -0.9069 -0.4179 -0.0539
vn 0.0026 0.9997 -0.0237
vn 0.0021 1.0000 0.0051
vn 0.9681 0.0000 -0.2504
vn 0.9681 0.0000 -0.2504
vn -0.8282 0.5178 0.2142
vn -0.6410 0.7494 0.1658
vn -0.6410 0.7494 0.1658
vn -0.3953 0.9128 0.1022
vn -0.3953 0.9128 0.1022
vn -0.0556 0.9984 0.0144
vn 0.7513 0.6307 -0.1943
vn 0.8306 0.5137 -0.2148
vn 0.8306 0.5137 -0.2148
vn 0.9527 0.1778 -0.2464
vn 0.9527 0.1778 -0.2464
vn 0.9755 0.1759 -0.1321
vn 0.3079 0.2213 0.9253
vn 0.5524 0.6530 -0.5181
vn 0.8642 0.4917 -0.1064
vn 0.8690 0.4855 -0.0952
vn 0.9594 0.2429 -0.1430
vn 0.9505 0.2585 -0.1723
vn 0.9813 0.0886 -0.1710
vn 0.9811 0.1366 -0.1368
vn 0.1360 0.9907 -0.0016
vn 0.3519 0.8980 -0.2640
vn 0.2723 0.9193 -0.2841
vn 0.9904 -0.0035 -0.1380
vn 0.9883 0.0027 -0.1524
vn -0.9050 0.1259 0.4063
vn -0.8956 0.1513 0.4183
vn -0.8056 0.4805 0.3465
vn -0.8287 0.4552 0.3257
vn -0.1548 0.9862 0.0582
vn -0.2877 0.9263 0.2434
vn 0.2104 -0.9750 -0.0718
vn -0.6200 0.7308 0.2856
vn -0.6222 0.7298 0.2833
vn -0.2892 0.9082 0.3026
vn -0.4936 0.8694 0.0219
vn -0.0031 0.9998 0.0207
vn -0.0001 1.0000 0.0000
vn -0.0031 0.9989 -0.0458
vn 0.1337 0.9904 -0.0346
vn 0.4066 0.9076 -0.1049
vn 0.6178 0.7702 -0.1583
vn 0.6791 0.7235 -0.1239
vn 0.7302 0.6568 -0.1882
vn 0.8511 0.4833 -0.2049
vn 0.8502 0.4871 -0.1997
vn 0.9375 0.2411 -0.2507
vn -0.9522 0.1805 0.2463
vn -0.9522 0.1805 0.2463
vn -0.8282 0.5178 0.2142
vn -0.8282 0.5179 0.2142
vn -0.6410 0.7494 0.1658
vn -0.0556 0.9984 0.0144
vn 0.2917 0.9535 -0.0754
vn 0.2917 0.9535 -0.0754
vn 0.6002 0.7846 -0.1552
vn -0.9681 0.0000 0.2504
vn -0.9681 0.0000 0.2504
vn -0.0000 1.0000 0.0000
vn 0.0000 1.0000 -0.0000
vn -0.8769 0.1304 0.4627
vn -0.8634 0.1681 0.4757
vn -0.7794 0.5293 0.3351
vn -0.8095 0.5007 0.3066
vn -0.4735 0.8659 0.1613
vn -0.1395 0.9877 0.0707
vn -0.5981 0.7394 0.3091
vn -0.4143 0.8914 0.1835
vn -0.1846 0.9757 0.1181
vn -0.8907 0.1402 0.4325
vn -0.7329 0.4711 0.4908
vn -0.8265 0.4211 0.3736
vn -0.0002 1.0000 0.0000
vn -0.0015 0.9998 0.0210
vn 0.1469 0.9884 -0.0380
vn 0.1469 0.9884 -0.0380
vn 0.4273 0.8973 -0.1105
vn 0.4273 0.8973 -0.1105
vn 0.6679 0.7239 -0.1727
vn 0.6680 0.7239 -0.1727
vn 0.8473 0.4838 -0.2191
vn 0.8473 0.4838 -0.2191
vn 0.9474 0.2061 -0.2450
vn 0.9474 0.2061 -0.2450
vn 0.9677 0.0315 -0.2503
vn 0.9677 0.0315 -0.2503
vn 0.9681 0.0000 -0.2504
vn 0.9681 0.0000 -0.2504
vn 0.9681 0.0000 -0.2504
vn 0.9681 0.0000 -0.2504
vn -0.9522 0.1805 0.2463
vn -0.3953 0.9128 0.1022
vn -0.0556 0.9984 0.0144
vn -0.0556 0.9984 0.0144
vn 0.2917 0.9535 -0.0754
vn 0.8306 0.5137 -0.2148
vn 0.9527 0.1778 -0.2464
vn 0.9527 0.1778 -0.2464
vn -0.9681 0.0000 0.2504
vn -0.9681 0.0000 0.2504
vn -0.0000 1.0000 0.0000
vn -0.8548 0.1326 0.5017
vn -0.8479 0.1520 0.5079
vn -0.7930 0.4032 0.4566
vn -0.7469 0.4653 0.4750
vn -0.3935 0.9069 0.1504
vn -0.1162 0.9891 0.0909
vn -0.1117 0.9888 0.0990
vn -0.1624 0.9823 0.0933
vn -0.5474 0.7449 0.3815
vn -0.6378 0.6754 0.3703
vn -0.6081 0.7226 0.3288
vn -0.2551 0.9339 0.2504
vn -0.4209 0.8794 0.2225
vn 0.0000 1.0000 0.0000
vn -0.0003 1.0000 0.0017
vn 0.1469 0.9884 -0.0380
vn 0.1469 0.9884 -0.0380
vn 0.4273 0.8973 -0.1105
vn 0.4273 0.8973 -0.1105
vn 0.6679 0.7239 -0.1727
vn 0.6680 0.7239 -0.1727
vn 0.8473 0.4838 -0.2191
vn 0.8473 0.4838 -0.2191
vn 0.9474 0.2061 -0.2450
vn 0.9474 0.2061 -0.2450
vn 0.9677 0.0315 -0.2503
vn 0.9677 0.0315 -0.2503
vn 0.9681 0.0000 -0.2504
vn 0.9681 0.0000 -0.2504
vn -0.9522 0.1805 0.2463
vn -0.8282 0.5179 0.2142
vn -0.8282 0.5179 0.2142
vn -0.6410 0.7494 0.1658
vn -0.6410 0.7494 0.1658
vn -0.3953 0.9128 0.1022
vn 0.2917 0.9535 -0.0754
vn 0.6002 0.7846 -0.1552
vn 0.6002 0.7846 -0.1552
vn 0.8306 0.5137 -0.2148
vn 0.8306 0.5137 -0.2148
vn 0.9527 0.1778 -0.2464
vn 0.0000 1.0000 -0.0000
vn -0.8226 0.1317 0.5531
vn -0.8056 0.1713 0.5671
vn -0.5997 0.6958 0.3953
vn -0.7152 0.5047 0.4836
vn -0.7632 0.4432 0.4702
vn -0.2011 0.9550 0.2178
vn -0.4041 0.8798 0.2502
vn -0.1481 0.9821 0.1161
vn -0.5429 0.7392 0.3985
vn -0.3394 0.9318 0.1291
vn -0.9040 0.1448 0.4023
vn -0.5697 0.4361 0.6966
vn -0.0107 0.9999 0.0028
vn -0.0076 0.9997 -0.0240
vn 0.1469 0.9884 -0.0380
vn 0.1469 0.9884 -0.0380
vn 0.4273 0.8973 -0.1105
vn 0.4273 0.8973 -0.1105
vn 0.8985 0.3725 -0.2324
vn 0.7334 0.6792 0.0267
vn 0.7465 0.6647 0.0290
vn 0.8473 0.4838 -0.2191
vn 0.9474 0.2061 -0.2450
vn 0.9474 0.2061 -0.2450
vn 0.9677 0.0315 -0.2503
vn 0.9677 0.0315 -0.2503
vn 0.9681 0.0000 -0.2504
vn 0.9681 0.0000 -0.2504
vn 0.8554 -0.0014 -0.5180
vn 0.8455 0.0000 -0.5339
vn 0.7688 0.0000 -0.6395
vn 0.8013 -0.0055 -0.5982
vn 0.8444 -0.1596 -0.5113
vn 0.7485 -0.2841 -0.5992
vn 0.8218 -0.0924 -0.5623
vn 0.7372 -0.4646 -0.4907
vn 0.7985 -0.3785 -0.4682
vn 0.1652 -0.9740 -0.1551
vn 0.5176 -0.7208 -0.4610
vn 0.8111 -0.3204 -0.4894
vn 0.3065 -0.9292 -0.2064
vn 0.3695 -0.9007 -0.2284
vn 0.2586 -0.9564 -0.1357
vn 0.0833 -0.9929 -0.0850
vn -0.0027 -0.9999 0.0112
vn -0.0087 -0.9999 0.0076
vn 0.0019 -0.9997 -0.0238
vn 0.0017 -0.9997 -0.0224
vn -0.0020 -1.0000 -0.0080
vn 0.0068 -1.0000 0.0036
vn 0.0051 -1.0000 -0.0008
vn 0.0064 -1.0000 0.0010
vn 0.0060 -1.0000 0.0001
vn 0.0029 -1.0000 -0.0049
vn 0.0047 -1.0000 0.0045
vn 0.0034 -0.9998 -0.0174
vn -0.0027 -1.0000 0.0004
vn 0.0016 -0.9998 0.0179
vn 0.0008 -1.0000 -0.0000
vn -0.0027 -1.0000 -0.0003
vn -0.0026 -1.0000 -0.0004
vn -0.0100 -0.9999 0.0089
vn -0.0114 -0.9999 -0.0092
vn 0.0125 -0.9998 0.0181
vn -0.0081 -0.9999 -0.0109
vn -0.8472 -0.4779 0.2323
vn -0.9619 -0.1573 0.2239
vn -0.9675 -0.0734 0.2420
vn -0.8998 -0.3805 0.2134
vn -0.6684 -0.7248 0.1672
vn -0.6548 -0.7374 0.1658
vn -0.4723 -0.8740 0.1147
vn -0.1585 -0.9874 -0.0013
vn 0.1488 -0.9881 -0.0385
vn -0.4313 -0.8953 0.1115
vn -0.4937 -0.8626 0.1106
vn -0.9681 0.0053 0.2504
vn -0.9621 0.0148 0.2723
vn -0.2504 -0.0000 -0.9681
vn -0.2504 -0.0000 -0.9681
vn -0.2504 -0.0000 -0.9681
vn 0.1754 -0.5947 -0.7846
vn -0.2702 0.2738 -0.9231
vn -0.3304 -0.2221 -0.9173
vn -0.2757 0.0298 -0.9608
vn -0.2504 -0.0000 -0.9681
vn -0.2504 0.0000 -0.9681
vn -0.2504 0.0000 -0.9681
vn -0.7138 0.1225 -0.6896
vn -0.0549 -0.2716 -0.9608
vn -0.3807 0.0597 -0.9228
vn -0.2484 0.0105 -0.9686
vn -0.1599 -0.0262 -0.9868
vn -0.3533 0.2113 -0.9113
vn -0.2974 -0.0085 -0.9547
vn -0.2868 -0.0226 -0.9577
vn -0.1698 -0.4145 -0.8941
vn -0.2504 -0.0000 -0.9681
vn -0.1939 0.2360 -0.9522
vn -0.2985 0.0303 -0.9539
vn -0.3088 -0.0563 -0.9495
vn -0.9924 0.0055 -0.1227
vn -0.9921 -0.0006 -0.1258
vn -0.9736 -0.0006 0.2281
vn -0.9742 0.0032 0.2255
vn 0.9895 -0.0043 0.1447
vn 0.9897 0.0000 0.1433
vn 0.9659 0.0112 -0.2586
vn 0.9713 0.0103 -0.2374
vn 0.9697 -0.0228 -0.2434
vn 0.9712 -0.0435 -0.2343
vn 0.9607 0.0643 -0.2702
vn 0.3337 -0.0075 0.9426
vn 0.4015 -0.0203 0.9157
vn 0.2504 -0.0000 0.9681
vn 0.2665 0.0000 0.9638
vn 0.2447 -0.0121 0.9695
vn 0.2504 -0.0000 0.9681
vn 0.2504 0.0000 0.9681
vn 0.2504 0.0000 0.9681
vn 0.2882 0.0097 0.9575
vn 0.1592 -0.3644 0.9176
vn 0.2504 0.0000 0.9681
vn 0.2563 0.0439 0.9656
vn 0.2740 -0.0256 0.9614
vn 0.2689 -0.0321 0.9626
vn 0.2945 0.0413 0.9548
vn 0.3050 0.1329 0.9430
vn 0.2765 0.0377 0.9603
vn 0.3306 -0.0392 0.9429
vn 0.2504 0.0000 0.9681
vn 0.2504 -0.0000 0.9681
vn 0.2504 0.0000 0.9681
vn 0.2504 -0.0000 0.9681
vn 0.2352 -0.0039 0.9719
vn 0.2371 -0.0097 0.9714
vn 0.2467 0.0905 0.9648
vn 0.2504 -0.0000 0.9681
vn 0.2504 0.0000 0.9681
vn 0.2504 -0.0000 0.9681
vn 0.2504 -0.0000 0.9681
vn 0.2504 -0.0000 0.9681
vn 0.2504 0.0000 0.9681
vn 0.2682 0.0324 0.9628
vn 0.2999 0.0291 0.9535
vn 0.2545 -0.0153 0.9670
vn 0.4786 0.3824 0.7904
vn 0.1641 -0.2542 0.9531
vn 0.1853 -0.8798 0.4377
vn 0.0984 -0.0226 0.9949
vn -0.4772 0.8735 0.0962
vn 0.7724 -0.6305 -0.0763
vn 0.5509 -0.8269 -0.1128
vn 0.5515 -0.8269 -0.1100
vn 0.8544 -0.5179 -0.0434
vn 0.8083 -0.5887 0.0092
vn 0.7931 -0.6090 0.0127
vn 0.8547 -0.5161 0.0563
vn 0.7827 -0.6146 0.0981
vn 0.3886 -0.9174 0.0853
vn 0.8030 -0.5865 0.1059
vn 0.9080 -0.3124 0.2792
vn 0.5965 -0.7575 -0.2653
vn 0.3281 -0.9229 -0.2015
vn 0.7100 -0.4732 -0.5216
vn 0.4133 -0.7621 -0.4984
vn 0.5976 -0.5891 -0.5440
vn 0.2757 -0.9590 -0.0662
vn 0.6056 -0.6863 -0.4027
vn 0.2753 -0.9585 -0.0738
vn 0.6709 -0.7001 -0.2442
vn 0.2712 -0.9459 -0.1782
vn 0.2521 -0.9529 -0.1685
vn 0.7505 -0.3562 -0.5567
vn 0.8028 0.2617 -0.5358
vn -0.0481 -0.9935 0.1036
vn 0.1549 -0.0862 0.9842
vn -0.1963 0.9601 -0.1990
vn 0.5805 -0.6482 0.4928
vn 0.7080 -0.5048 0.4939
vn 0.5222 -0.6456 0.5572
vn 0.3430 -0.7999 0.4924
vn 0.2955 -0.8499 0.4364
vn 0.4866 0.4787 0.7308
vn 0.3247 -0.4141 0.8503
vn 0.2410 -0.4007 0.8840
vn 0.1526 -0.9253 0.3472
vn 0.0543 -0.9850 0.1641
vn -0.2584 -0.8550 0.4496
vn -0.2943 0.1912 0.9364
vn -0.1672 -0.5323 0.8299
vn -0.4617 -0.2319 0.8562
vn -0.2592 -0.8552 0.4489
vn -0.4061 -0.4616 0.7887
vn -0.2031 -0.9045 0.3750
vn -0.9379 -0.2381 -0.2521
vn -0.7776 -0.5392 0.3234
vn -0.7844 -0.6096 0.1146
vn -0.2725 -0.9016 0.3358
vn -0.5195 -0.6669 0.5342
vn -0.5521 -0.4563 0.6979
vn -0.6298 -0.6236 0.4631
vn -0.6286 -0.6719 0.3917
vn -0.2376 -0.9625 0.1312
vn -0.2001 -0.9796 0.0196
vn -0.3876 -0.9218 -0.0071
vn -0.9036 -0.4256 0.0488
vn -0.8415 -0.5286 -0.1115
vn -0.2657 -0.9638 -0.0229
vn -0.7971 -0.0080 0.6037
vn -0.9828 -0.0229 0.1832
vn -0.1013 -0.0289 0.9944
vn 0.0989 -0.0213 0.9949
vn -0.2504 -0.0000 -0.9681
vn -0.2504 -0.0000 -0.9681
vn -0.2504 -0.0000 -0.9681
vn -0.2504 0.0000 -0.9681
vn -0.2504 -0.0000 -0.9681
vn -0.2504 -0.0000 -0.9681
vn -0.2504 0.0000 -0.9681
vn -0.2504 -0.0000 -0.9681
vn -0.2504 -0.0000 -0.9681
vn -0.2504 0.0000 -0.9681
vn -0.2504 -0.0000 -0.9681
vn -0.2504 0.0000 -0.9681
vn -0.2504 0.0000 -0.9681
vn -0.2504 -0.0001 -0.9681
vn -0.2504 0.0000 -0.9681
vn -0.2504 0.0000 -0.9681
vn -0.2504 0.0000 -0.9681
vn -0.2504 -0.0000 -0.9681
vn -0.2504 0.0000 -0.9681
vn -0.2504 -0.0000 -0.9681
vn -0.1008 0.9948 0.0132
vn -0.7372 0.6551 -0.1654
vn -0.9635 0.1967 -0.1818
vn -0.4681 0.8767 -0.1107
vn -0.0943 0.9955 0.0005
vn -0.1100 0.9939 -0.0105
vn -0.0971 0.9953 -0.0070
vn -0.1057 0.9942 -0.0173
vn -0.0990 0.9950 -0.0148
vn -0.1011 0.9946 -0.0218
vn -0.2120 0.9747 -0.0713
vn -0.1084 0.9941 0.0105
vn -0.0986 0.9951 0.0039
vn -0.1146 0.9934 -0.0032
vn -0.6825 0.6975 0.2182
vn -0.4212 0.9015 0.0996
vn -0.4740 0.8762 0.0873
vn -0.1804 0.9812 0.0684
vn -0.9478 0.1602 0.2758
vn -0.8857 0.4228 0.1920
vn -0.7657 0.5823 0.2733
vn -0.9397 0.1744 0.2942
vn -0.9408 0.1323 0.3122
vn -0.3634 0.9297 -0.0606
vn -0.3645 0.9296 -0.0546
vn -0.4709 0.8818 -0.0282
vn -0.4703 0.8819 -0.0339
vn -0.3636 0.9274 -0.0879
vn -0.3678 0.9299 0.0018
vn -0.3675 0.9300 0.0016
vn -0.4647 0.8823 0.0743
vn -0.6013 0.7893 -0.1245
vn -0.6504 0.7513 -0.1124
vn -0.6529 0.7511 -0.0981
vn -0.6580 0.7515 -0.0478
vn -0.6598 0.7515 0.0029
vn -0.6596 0.7516 0.0029
vn -0.8852 0.4377 -0.1577
vn -0.8516 0.4869 -0.1944
vn -0.8717 0.4851 -0.0695
vn -0.8034 0.5830 -0.1206
vn -0.8061 0.5833 -0.0994
vn -0.8716 0.4861 -0.0632
vn -0.8738 0.4863 0.0038
vn -0.8740 0.4859 0.0039
vn -0.3737 0.9275 -0.0024
vn -0.6512 0.7517 0.1040
vn -0.8076 0.5832 0.0876
vn -0.8631 0.4858 0.1379
vn -0.9748 0.1597 0.1557
vn -0.9723 0.1812 0.1476
vn -0.1056 0.9942 0.0186
vn -0.0978 0.9951 0.0156
vn -0.1011 0.9946 0.0244
vn -0.3533 0.9297 0.1042
vn -0.4078 0.9009 0.1487
vn -0.6413 0.7517 0.1538
vn -0.8346 0.4839 0.2631
vn -0.7901 0.5829 0.1895
vn -0.9638 0.1327 0.2312
vn -0.9617 0.1601 0.2224
vn -0.9696 0.1032 -0.2218
vn -0.9705 0.1922 -0.1456
vn -0.9777 0.1651 -0.1299
vn -0.9837 0.1651 -0.0713
vn -0.9816 0.1757 -0.0749
vn -0.9890 0.1482 0.0044
vn -0.9870 0.1607 0.0005
vn -0.9854 0.1609 0.0557
vn -0.1014 0.9948 0.0083
vn -0.3663 0.9300 0.0300
vn -0.4640 0.8822 0.0800
vn -0.6574 0.7516 0.0536
vn -0.8650 0.4842 0.1318
vn -0.8098 0.5829 0.0661
vn -0.9796 0.1842 0.0800
vn -0.9827 0.1597 0.0934
vn 0.3019 -0.0526 0.9519
vn 0.3399 0.3854 0.8579
vn 0.2367 0.0314 0.9711
vn 0.2507 0.1604 0.9547
vn 0.2331 0.2101 0.9495
vn 0.2923 0.1468 0.9450
vn -0.5100 0.4555 0.7296
vn 0.1753 0.0515 0.9832
vn 0.3164 -0.0126 0.9485
vn 0.2971 -0.0403 0.9540
vn 0.4326 0.0834 0.8977
vn 0.4818 -0.3111 0.8192
vn 0.1887 -0.0829 0.9785
vn 0.3831 0.0087 0.9237
vn 0.2984 0.0142 0.9543
vn 0.3253 0.0388 0.9448
vn 0.3187 0.0103 0.9478
vn 0.3703 0.0000 0.9289
vn 0.3752 0.0126 0.9269
vn -0.0008 -0.1319 0.9913
vn 0.3774 0.0343 0.9254
vn 0.3655 0.0670 0.9284
vn 0.4065 0.0298 0.9132
vn 0.3797 0.1194 0.9174
vn 0.5612 0.2457 0.7903
vn 0.2884 -0.0732 0.9547
vn -0.2864 0.4956 -0.8200
vn -0.2463 0.4791 -0.8425
vn -0.2155 0.3803 -0.8994
vn 0.0275 -0.0796 -0.9964
vn 0.0687 0.2168 -0.9738
vn -0.1729 0.4843 -0.8577
vn 0.1263 0.0669 -0.9897
vn 0.1313 0.1306 -0.9827
vn 0.0684 0.0301 -0.9972
vn 0.1195 -0.0082 -0.9928
vn 0.1566 0.0714 -0.9851
vn 0.0132 -0.5413 -0.8407
vn -0.2767 0.0621 -0.9589
vn -0.1600 0.3511 -0.9226
vn -0.4666 -0.0973 -0.8791
vn -0.1987 -0.0000 -0.9801
vn -0.1867 -0.0140 -0.9823
vn -0.1901 -0.0280 -0.9814
vn -0.1841 -0.0141 -0.9828
vn -0.1831 -0.0126 -0.9830
vn -0.1975 -0.0526 -0.9789
vn -0.2106 -0.0732 -0.9748
vn 0.1815 0.3155 -0.9314
vn 0.3323 -0.0983 0.9380
vn 0.3107 -0.1469 0.9391
vn 0.2076 -0.5256 0.8250
vn 0.0288 -0.0654 0.9974
vn 0.2488 -0.1100 0.9623
vn 0.1891 0.1902 0.9634
vn 0.2414 0.0149 0.9703
vn 0.2541 0.0263 0.9668
vn 0.2538 0.0250 0.9669
vn 0.5179 -0.1016 0.8494
vn 0.1067 -0.0867 0.9905
vn 0.1486 0.0364 0.9882
vn 0.0159 0.1027 0.9946
vn 0.1097 -0.0258 0.9936
vn 0.0983 -0.0724 0.9925
vn 0.1456 0.0000 0.9893
vn 0.2168 0.0309 0.9757
vn -0.1071 -0.4577 0.8826
vn 0.4826 0.0979 0.8704
vn -0.0795 -0.1725 0.9818
vn 0.0602 -0.0564 0.9966
vn 0.0964 0.0096 0.9953
vn 0.0930 0.0061 0.9956
vn 0.4250 0.8856 0.1875
vn -0.3407 0.1467 -0.9287
vn 0.1313 0.1354 -0.9821
vn -0.2416 -0.0257 -0.9700
vn -0.2513 -0.0149 -0.9678
vn -0.0648 0.4815 -0.8740
vn -0.4897 -0.0279 -0.8714
vn -0.5292 0.0000 -0.8485
vn -0.2482 0.4268 -0.8696
vn 0.0101 0.1727 -0.9849
vn 0.0050 0.1511 -0.9885
vn -0.6789 0.6948 -0.2373
vn -0.5886 -0.0665 -0.8057
vn -0.4520 -0.1343 -0.8819
vn 0.4798 -0.8189 -0.3150
vn -0.1293 0.3797 -0.9160
vn -0.3171 0.0319 -0.9479
vn -0.3161 0.0381 -0.9479
vn -0.6907 -0.3203 -0.6484
vn -0.1343 0.2057 -0.9694
vn -0.4250 -0.3747 -0.8240
vn -0.1873 -0.0724 -0.9796
vn -0.2017 -0.1084 -0.9734
vn -0.2315 -0.4002 -0.8867
vn -0.4648 0.1506 -0.8725
vn 0.2504 0.0000 0.9681
vn 0.2504 0.0000 0.9681
vn 0.2985 0.1905 0.9352
vn 0.2404 -0.2053 0.9487
vn 0.7172 -0.0009 0.6968
vn 0.7545 0.0244 0.6559
vn 0.7714 0.0766 0.6318
vn 0.5771 -0.5422 0.6107
vn 0.2979 0.0388 0.9538
vn 0.2775 -0.0212 0.9605
vn 0.2504 -0.0000 0.9681
vn 0.2555 0.0272 0.9664
vn 0.0289 0.0811 0.9963
vn 0.0248 0.4905 0.8711
vn 0.3800 0.6215 0.6851
vn 0.7106 -0.0395 0.7025
vn 0.4542 -0.3197 0.8316
vn 0.1133 0.1860 0.9760
vn 0.1276 0.3015 0.9449
vn -0.0637 -0.1774 0.9821
vn 0.1394 0.0680 0.9879
vn 0.8827 0.4394 0.1668
vn -0.1618 -0.6533 0.7396
vn 0.1932 0.0108 0.9811
vn 0.2326 0.0571 0.9709
vn -0.2504 0.0000 -0.9681
vn -0.3199 -0.0033 -0.9475
vn -0.2193 -0.0241 -0.9754
vn -0.2388 -0.0090 -0.9710
vn -0.2831 -0.0203 -0.9589
vn -0.4529 0.0240 -0.8912
vn -0.5664 -0.0865 -0.8196
vn -0.0515 0.0504 -0.9974
vn -0.2504 0.0000 -0.9681
vn -0.2504 0.0000 -0.9682
vn -0.2504 0.0000 -0.9681
vn -0.0750 -0.0000 -0.9972
vn -0.0770 0.0011 -0.9970
vn -0.0740 0.0056 -0.9972
vn -0.1748 -0.2221 -0.9592
vn -0.3788 -0.6065 -0.6990
vn -0.0059 -0.3197 -0.9475
vn -0.3164 0.0967 -0.9437
vn -0.3152 0.1030 -0.9434
vn -0.4502 -0.2006 -0.8701
vn -0.2678 -0.1309 -0.9545
vn -0.1547 0.0466 -0.9869
vn -0.2382 -0.0076 -0.9712
vn -0.2062 0.0415 -0.9776
vn 0.3437 0.0152 0.9389
vn 0.3226 0.0000 0.9465
vn 0.2991 -0.0719 0.9515
vn 0.2114 -0.2136 0.9538
vn 0.2504 0.0000 0.9681
vn 0.2504 0.0000 0.9681
vn 0.1813 0.0331 0.9829
vn 0.3315 0.3483 0.8768
vn 0.2839 -0.0485 0.9576
vn 0.2504 0.0000 0.9681
vn 0.0294 -0.1902 0.9813
vn -0.0043 -0.0640 0.9979
vn 0.2504 0.0000 0.9681
vn 0.2504 0.0000 0.9681
vn 0.4499 -0.0512 0.8916
vn 0.4294 -0.1451 0.8914
vn 0.2504 -0.0000 0.9681
vn 0.2504 -0.0000 0.9681
vn 0.2504 -0.0000 0.9681
vn 0.2504 0.0000 0.9681
vn 0.1799 0.0319 0.9832
vn 0.0937 0.0079 0.9956
vn -0.1138 -0.1246 0.9857
vn 0.1479 0.1481 0.9779
vn 0.4854 0.8564 0.1760
vn 0.2303 -0.1265 0.9649
vn -0.1683 0.0000 -0.9857
vn -0.2504 -0.0000 -0.9681
vn -0.2504 -0.0000 -0.9681
vn -0.0978 -0.1152 -0.9885
vn 0.0560 -0.0731 -0.9957
vn -0.2504 -0.0000 -0.9681
vn -0.2504 -0.0000 -0.9681
vn -0.4385 -0.0504 -0.8973
vn -0.2866 -0.2306 -0.9299
vn -0.1324 0.0447 -0.9902
vn -0.1519 -0.0144 -0.9883
vn -0.2504 -0.0000 -0.9681
vn -0.2504 0.0000 -0.9681
vn -0.2504 -0.0000 -0.9681
vn -0.2504 0.0000 -0.9681
vn -0.5250 -0.2679 -0.8078
vn -0.2504 0.0000 -0.9681
vn -0.2504 -0.0000 -0.9681
vn -0.1685 0.3291 -0.9291
vn 0.3151 0.7666 -0.5595
vn -0.1965 0.1916 -0.9616
vn -0.1720 0.2148 -0.9614
vn -0.4108 0.1152 -0.9044
vn -0.7534 -0.6059 -0.2555
vn 0.1578 -0.0000 0.9875
vn 0.1532 -0.0027 0.9882
vn 0.2012 0.1255 0.9715
vn 0.2594 0.2097 0.9427
vn 0.4068 0.0613 0.9114
vn 0.3155 -0.0412 0.9480
vn 0.2591 -0.0011 0.9659
vn 0.3032 0.0169 0.9528
vn 0.2504 0.0000 0.9681
vn 0.1004 -0.1695 0.9804
vn 0.1614 0.0794 0.9837
vn 0.2309 -0.0176 0.9728
vn 0.4500 0.1902 0.8725
vn 0.4876 0.0640 0.8707
vn 0.2504 0.0000 0.9681
vn 0.2504 -0.0000 0.9681
vn 0.0387 0.0512 0.9979
vn 0.0000 -0.1483 0.9889
vn 0.0058 -0.1529 0.9882
vn 0.1426 0.2409 0.9600
vn 0.2868 0.0270 0.9576
vn 0.2360 -0.0852 0.9680
vn 0.5095 0.0336 0.8598
vn 0.0600 -0.3022 0.9514
vn 0.1783 -0.1464 0.9730
vn -0.3706 0.0027 -0.9288
vn -0.2988 -0.0077 -0.9543
vn -0.7092 0.0863 -0.6997
vn -0.5541 -0.0811 -0.8285
vn -0.2504 0.0000 -0.9681
vn -0.2504 0.0000 -0.9681
vn -0.2504 -0.0000 -0.9681
vn -0.0515 0.0504 -0.9974
vn 0.0675 0.2679 -0.9611
vn -0.3643 -0.1059 -0.9253
vn -0.2590 -0.0169 -0.9657
vn -0.2917 0.0011 -0.9565
vn -0.2205 0.5712 -0.7906
vn -0.4387 -0.1446 -0.8869
vn -0.2926 0.0500 -0.9549
vn -0.1852 -0.0403 -0.9819
vn -0.3191 -0.3529 -0.8796
vn 0.2361 0.2420 -0.9411
vn 0.0653 0.1459 -0.9871
vn -0.3671 0.0000 -0.9302
vn -0.3607 0.0163 -0.9326
vn -0.1942 0.2367 -0.9520
vn -0.3128 -0.4215 -0.8512
vn 0.4005 0.0690 0.9137
vn 0.2504 0.0000 0.9681
vn 0.2504 0.0000 0.9681
vn 0.2504 -0.0000 0.9681
vn -0.1410 -0.0331 0.9895
vn 0.1715 0.1604 0.9720
vn -0.1317 -0.0201 0.9911
vn 0.4567 0.0086 0.8896
vn 0.4375 0.0000 0.8992
vn 0.4412 0.0064 0.8974
vn 0.4569 0.0463 0.8883
vn 0.4772 0.0106 0.8787
vn 0.4817 0.0259 0.8759
vn -0.2975 -0.0552 0.9531
vn -0.2674 0.1200 0.9561
vn 0.2504 0.0000 0.9681
vn 0.2504 0.0000 0.9681
vn 0.2504 0.0000 0.9681
vn 0.2504 0.0000 0.9681
vn 0.4297 0.1698 0.8869
vn 0.2274 0.4133 0.8817
vn 0.1627 0.1968 0.9669
vn 0.2067 0.2196 0.9534
vn 0.3288 0.1642 0.9300
vn 0.2776 0.1095 0.9544
vn -0.3992 -0.9072 -0.1327
vn -0.9094 -0.1915 -0.3693
vn -0.8249 -0.4369 -0.3587
vn -0.1547 -0.9860 -0.0625
vn -0.8426 -0.4667 -0.2686
vn -0.9242 -0.0304 -0.3807
vn -0.8515 -0.4488 -0.2712
vn -0.7676 -0.5850 -0.2617
vn -0.3423 -0.9355 -0.0874
vn 0.3266 0.8501 -0.4132
vn -0.9610 -0.2255 -0.1598
vn -0.7094 -0.5968 0.3749
vn -0.0524 -0.8709 -0.4887
vn -0.0613 -0.3979 -0.9154
vn -0.1289 -0.3682 -0.9208
vn -0.1134 -0.4247 -0.8982
vn -0.1501 -0.3945 -0.9065
vn 0.2340 -0.7173 -0.6563
vn 0.2031 -0.0093 -0.9791
vn 0.0037 -0.0005 -1.0000
vn 0.2229 -0.1121 -0.9684
vn -0.2096 -0.2608 -0.9424
vn -0.2902 0.5362 0.7926
vn 0.2582 -0.1408 -0.9558
vn 0.2656 -0.3066 -0.9140
vn -0.0158 -0.3316 -0.9433
vn -0.1691 -0.3425 -0.9242
vn -0.1429 -0.7180 -0.6812
vn -0.0078 -0.8174 -0.5760
vn 0.1666 -0.7659 -0.6210
vn 0.1747 -0.5531 -0.8146
vn 0.2940 -0.3355 -0.8950
vn -0.2378 -0.0611 -0.9694
vn -0.2420 -0.2369 -0.9409
vn -0.2139 -0.5834 -0.7835
vn -0.1734 -0.7193 -0.6727
vn -0.1606 -0.7862 -0.5968
vn -0.2558 -0.0611 -0.9648
vn -0.4121 -0.0789 -0.9077
vn -0.3686 -0.1842 -0.9111
vn -0.3348 -0.4962 -0.8011
vn -0.3294 -0.4952 -0.8039
vn -0.8296 -0.1562 -0.5360
vn -0.7556 -0.2017 -0.6232
vn -0.7103 -0.5229 -0.4713
vn -0.4447 -0.4727 -0.7608
vn -0.3326 -0.4934 -0.8037
vn -0.7132 -0.5390 -0.4482
vn -0.6135 -0.6297 -0.4765
vn -0.8149 -0.0698 -0.5753
vn -0.8313 -0.0970 -0.5472
vn -0.2466 -0.8942 -0.3736
vn -0.5138 -0.8549 -0.0723
vn -0.7619 -0.5682 -0.3110
vn -0.9145 -0.3927 0.0972
vn -0.8007 0.0049 -0.5990
vn -0.8176 -0.0006 -0.5758
vn 0.0000 1.0000 0.0000
vn 0.0000 1.0000 0.0000
vn 0.0000 1.0000 0.0000
vn 0.0000 1.0000 -0.0000
vn -0.0000 1.0000 0.0000
vn 0.0000 1.0000 0.0000
vn -0.0000 1.0000 0.0000
vn 0.0000 1.0000 0.0000
vn -0.0000 1.0000 0.0000
vn 0.0000 1.0000 0.0000
vn 0.0000 1.0000 0.0000
vn 0.0000 1.0000 -0.0000
vn -0.0000 1.0000 0.0000
vn 0.0000 1.0000 -0.0000
vn -0.0000 1.0000 0.0000
vn 0.0000 1.0000 0.0000
vn 0.0000 1.0000 -0.0000
vn 0.0000 1.0000 0.0000
vn 0.0000 1.0000 -0.0000
vn -0.0000 1.0000 0.0000
vn 0.0000 1.0000 0.0000
vn -0.0000 1.0000 0.0000
vn 0.0000 1.0000 0.0000
vn -0.0000 1.0000 -0.0000
vn 0.0000 1.0000 0.0000
vn 0.0000 1.0000 0.0000
vn 0.0000 1.0000 0.0000
vn 0.0000 1.0000 -0.0000
vn 0.0000 1.0000 0.0000
vn 0.0000 1.0000 0.0000
vn 0.0000 1.0000 -0.0000
vn 0.0000 1.0000 -0.0000
vn -0.0000 1.0000 0.0000
vn 0.0000 1.0000 -0.0000
vn -0.0000 1.0000 0.0000
vn 0.0000 1.0000 0.0000
vn -0.0000 1.0000 0.0000
vn 0.0000 1.0000 0.0000
vn 0.0000 1.0000 0.0000
vn 0.0000 1.0000 0.0000
vn 0.0000 1.0000 0.0000
vn 0.0000 1.0000 0.0000
vn -0.9522 0.1805 0.2463
vn -0.9522 0.1805 0.2463
vn -0.8282 0.5179 0.2142
vn -0.0556 0.9984 0.0144
vn 0.2917 0.9535 -0.0754
vn 0.2917 0.9535 -0.0755
vn 0.4854 0.8653 -0.1255
vn 0.3248 0.6233 -0.7113
vn -0.9681 0.0000 0.2504
vn -0.9681 0.0000 0.2504
vn -0.0000 1.0000 0.0000
vn -0.2209 -0.4277 -0.8765
vn -0.1714 -0.6775 -0.7153
vn -0.1223 -0.8621 -0.4917
vn 0.1027 -0.6429 -0.7590
vn 0.0917 -0.6096 -0.7874
vn 0.4230 -0.6454 -0.6360
vn 0.4194 -0.6063 -0.6756
vn 0.6167 -0.6400 -0.4583
vn 0.6206 -0.6262 -0.4720
vn 0.7532 -0.5700 0.3282
vn 0.7997 -0.4988 0.3340
vn 0.9364 0.1110 0.3329
vn 0.7504 -0.5944 0.2891
vn 0.7766 -0.5583 0.2920
vn 0.4350 -0.8930 0.1152
vn 0.7528 -0.6163 0.2314
vn 0.7964 -0.5555 0.2393
vn 0.9162 -0.2913 0.2753
vn 0.9699 0.0594 0.2363
vn 0.4425 -0.8932 0.0798
vn 0.7528 -0.6380 0.1623
vn 0.8160 -0.5551 0.1611
vn 0.4380 -0.8929 0.1041
vn 0.8162 -0.5548 0.1611
vn 0.7519 -0.6397 0.1594
vn 0.9587 0.2423 0.1491
vn 0.6593 -0.7506 0.0430
vn 0.6683 -0.7427 0.0420
vn 0.6698 -0.7425 -0.0044
vn 0.6267 -0.7793 0.0035
vn 0.4465 -0.8932 0.0533
vn 0.8294 -0.5547 0.0667
vn 0.6560 -0.7506 0.0792
vn 0.9682 -0.2210 0.1168
vn 0.9870 -0.1481 0.0621
vn 0.9947 0.0907 0.0481
vn 0.9589 -0.2838 0.0053
vn 0.9982 0.0356 -0.0479
vn 0.3179 -0.9475 -0.0348
vn 0.6579 -0.7508 -0.0591
vn 0.7477 -0.6590 -0.0818
vn 0.6260 -0.7793 -0.0266
vn 0.6598 -0.7507 -0.0341
vn 0.9980 -0.0377 -0.0516
vn 0.9577 -0.2679 -0.1047
vn 0.9724 0.1809 -0.1477
vn 0.3123 -0.9473 -0.0710
vn 0.7577 -0.6336 -0.1563
vn 0.7380 -0.6585 -0.1475
vn 0.3077 -0.9474 -0.0887
vn 0.7183 -0.6586 -0.2244
vn 0.7214 -0.6546 -0.2260
vn 0.3154 -0.9475 -0.0529
vn 0.7395 -0.6587 -0.1389
vn 0.7587 -0.6349 -0.1461
vn 0.8656 0.4500 -0.2198
vn 0.7007 -0.6499 -0.2944
vn 0.6207 -0.7494 -0.2306
vn 0.6791 -0.6447 -0.3510
vn 0.5949 -0.7500 -0.2891
vn 0.8384 0.3875 -0.3832
vn 0.7480 -0.6087 -0.2647
vn 0.7314 -0.6325 -0.2548
vn 0.0047 -1.0000 -0.0071
vn 0.0038 -1.0000 -0.0078
vn 0.0053 -1.0000 -0.0064
vn 0.0085 -1.0000 -0.0041
vn 0.0088 -1.0000 -0.0036
vn 0.0061 -1.0000 -0.0014
vn 0.0030 -1.0000 -0.0031
vn -0.0102 -0.9998 -0.0157
vn 0.0153 -0.9997 0.0165
vn 0.0010 -1.0000 -0.0093
vn 0.0015 -1.0000 -0.0091
vn 0.0049 -1.0000 -0.0072
vn -0.0002 -1.0000 -0.0011
vn 0.0083 -0.9999 -0.0098
vn -0.0034 -0.9999 -0.0155
vn 0.0066 -0.9999 0.0102
vn 0.0065 -1.0000 0.0040
vn 0.0070 -1.0000 0.0028
vn 0.0069 -1.0000 0.0035
vn 0.1207 -0.9788 -0.1653
vn 0.0189 -0.9994 0.0290
vn 0.1850 -0.9727 -0.1399
vn 0.0096 -1.0000 -0.0027
vn 0.0091 -0.9999 -0.0045
vn 0.0084 -1.0000 0.0006
vn 0.0083 -0.9997 -0.0236
vn 0.0000 -1.0000 0.0000
vn -0.0057 -0.9997 0.0251
vn 0.0032 -0.9982 0.0601
vn -0.0000 -1.0000 0.0000
vn -0.0040 -0.9999 0.0154
vn 0.1615 -0.9866 0.0215
vn 0.1610 -0.9848 0.0646
vn 0.1187 -0.9929 0.0051
vn 0.1182 -0.9929 -0.0111
vn -0.0420 -0.9990 -0.0129
vn -0.0074 -0.9999 0.0080
vn -0.0130 -0.9994 0.0333
vn 0.0760 -0.9949 -0.0659
vn 0.0133 -0.9999 -0.0084
vn -0.0055 -0.9997 -0.0236
vn -0.9941 0.0555 0.0931
vn 0.3483 -0.9367 -0.0360
vn -0.0800 -0.9950 -0.0594
vn -0.2369 -0.9673 -0.0903
vn -0.0000 -1.0000 0.0000
vn 0.2425 -0.9684 -0.0576
vn 0.0353 -0.9919 -0.1224
vn 0.0446 -0.9955 -0.0840
vn -0.0015 -0.9999 0.0130
vn 0.0015 -0.9999 0.0105
vn 0.0050 -1.0000 0.0083
vn -0.0416 -0.9988 0.0265
vn 0.0132 -0.9999 0.0064
vn 0.0049 -1.0000 -0.0009
vn 0.0161 -0.9999 0.0026
vn 0.3597 -0.9329 -0.0188
vn -0.0042 -1.0000 -0.0073
vn -0.0052 -1.0000 -0.0005
vn -0.0060 -1.0000 -0.0035
vn -0.0029 -1.0000 0.0018
vn 0.0000 -1.0000 -0.0000
vn -0.0145 -0.9997 0.0202
vn 0.0020 -0.9999 0.0150
vn 0.0249 -0.9997 0.0032
vn -0.0009 -1.0000 0.0052
vn -0.4397 -0.8891 0.1272
vn -0.3233 -0.9462 0.0169
vn 0.1524 -0.9882 0.0166
vn 0.0223 -0.9997 0.0128
vn 0.0177 -0.9998 0.0034
vn 0.0159 -0.9999 -0.0032
vn 0.0115 -0.9996 0.0271
vn 0.0327 -0.9992 -0.0247
vn 0.0108 -0.9999 -0.0057
vn 0.0024 -1.0000 0.0036
vn -0.0198 -0.9995 0.0250
vn 0.0194 -0.9995 -0.0245
vn 0.8149 -0.0108 0.5795
vn 0.8187 -0.0075 0.5741
vn 0.5290 -0.0176 0.8484
vn 0.5446 -0.0057 0.8386
vn 0.1531 -0.0051 0.9882
vn 0.1208 0.0100 0.9926
vn -0.1945 -0.0398 0.9801
vn -0.2942 0.0049 0.9557
vn -0.4757 -0.0207 0.8794
vn -0.4700 -0.0413 0.8817
vn -0.6083 -0.0059 0.7937
vn -0.7242 -0.0830 0.6846
vn -0.7986 -0.0169 0.6017
vn -0.8659 0.0198 0.4998
vn -0.9322 -0.0212 0.3614
vn -0.9889 -0.0041 0.1488
vn -0.9970 -0.0382 0.0671
vn -0.9953 -0.0128 -0.0960
vn -0.9618 -0.0786 -0.2621
vn -0.8858 -0.0720 -0.4584
vn -0.9491 -0.0004 0.3150
vn -0.9891 -0.0012 -0.1473
vn -0.9901 0.0009 -0.1403
vn -0.9346 -0.2141 -0.2840
vn -0.9745 -0.0756 -0.2111
vn -0.9312 -0.0004 0.3645
vn -0.9397 -0.0046 0.3418
vn -0.8844 -0.0004 0.4667
vn -0.8957 -0.0047 0.4446
vn -0.8986 -0.0035 0.4387
vn -0.9123 -0.0000 0.4096
vn -0.9119 0.0003 0.4104
vn -0.9119 0.0003 0.4104
vn -0.9305 -0.0002 0.3663
vn -0.9305 0.0004 0.3663
vn -0.8299 -0.0020 0.5579
vn -0.8269 -0.0000 0.5624
vn -0.8269 -0.0005 0.5624
vn -0.8405 -0.0046 0.5419
vn -0.8452 -0.0032 0.5345
vn -0.8624 -0.0000 0.5062
vn -0.8619 0.0004 0.5070
vn -0.8619 0.0005 0.5070
vn -0.8839 -0.0005 0.4676
vn -0.8839 -0.0000 0.4676
vn -0.9768 -0.0781 -0.1993
vn -0.9560 -0.0802 -0.2820
vn -0.9468 -0.0000 -0.3219
vn -0.9253 -0.0000 -0.3792
vn -0.9488 0.0000 0.3159
vn -0.9602 0.0000 0.2795
vn -0.9491 0.0016 0.3149
vn -0.9740 0.0218 0.2253
vn -0.9884 0.0231 0.1500
vn -0.9999 0.0040 -0.0156
vn -0.9955 -0.0087 0.0946
vn -0.9984 -0.0085 0.0564
vn -0.9988 -0.0089 0.0484
vn -0.9827 -0.0000 -0.1854
vn -0.9851 -0.0067 -0.1721
vn -0.9913 -0.0059 -0.1317
vn -0.9925 -0.0066 -0.1219
vn -0.9971 0.0000 -0.0761
vn -1.0000 0.0000 0.0005
vn -0.1153 0.0000 -0.9933
vn -0.2504 -0.0000 -0.9681
vn -0.2504 -0.0000 -0.9681
vn -0.2488 -0.0273 -0.9682
vn -0.3472 0.0999 -0.9325
vn -0.2749 0.0107 -0.9614
vn -0.2504 -0.0000 -0.9681
vn -0.2504 -0.0000 -0.9681
vn -0.2176 0.0552 -0.9745
vn -0.4138 0.0003 -0.9104
vn -0.2878 -0.0221 -0.9574
vn -0.2437 0.0030 -0.9698
vn -0.2387 0.0107 -0.9710
vn -0.1253 -0.0052 -0.9921
vn -0.1176 -0.0087 -0.9930
vn -0.1446 0.0533 -0.9881
vn -0.1535 -0.0123 -0.9881
vn -0.3309 0.0994 -0.9384
vn -0.0585 -0.0599 -0.9965
vn -0.1020 0.0158 -0.9947
vn -0.1914 0.0864 -0.9777
vn -0.2517 -0.0057 -0.9678
vn -0.2321 0.0190 -0.9725
vn -0.6073 -0.4233 -0.6723
vn -0.0376 0.6001 -0.7990
vn -0.2985 0.1073 -0.9484
vn -0.3496 0.0444 -0.9358
vn -0.2490 0.1120 -0.9620
vn -0.3113 -0.1239 -0.9422
vn -0.3584 -0.1753 -0.9170
vn -0.1781 0.1814 -0.9672
vn -0.0518 0.1126 -0.9923
vn 0.0558 -0.0112 -0.9984
vn 0.1041 -0.0405 -0.9937
vn 0.4740 0.0116 -0.8804
vn 0.5342 -0.0187 -0.8452
vn 0.7778 0.0032 -0.6285
vn 0.7911 -0.0075 -0.6116
vn 0.9183 -0.0076 0.3958
vn 0.9170 -0.0117 0.3986
vn 0.9430 -0.0052 0.3327
vn 0.9437 0.0000 0.3307
vn 0.9713 0.0000 0.2377
vn 0.9711 -0.0018 0.2385
vn 0.9886 -0.0140 0.1497
vn 0.9896 0.0000 0.1441
vn 0.9988 0.0000 0.0483
vn 0.9988 0.0000 0.0483
vn 0.9989 0.0000 -0.0479
vn 0.9989 0.0000 -0.0479
vn 0.9891 0.0000 -0.1472
vn 0.9896 -0.0086 -0.1436
vn 0.9696 -0.0060 -0.2447
vn 0.9710 -0.0237 -0.2380
vn 0.9437 0.0007 -0.3307
vn 0.9439 -0.0003 -0.3303
vn 0.9094 -0.0174 -0.4156
vn 0.9077 -0.0076 -0.4195
vn 0.4693 0.0000 -0.8830
vn 0.5231 -0.0411 -0.8513
vn 0.9912 -0.0167 0.1317
vn 0.9949 0.0000 0.1011
vn 0.9281 0.0000 0.3722
vn 0.9281 0.0000 0.3722
vn 0.5453 0.0000 0.8382
vn 0.5453 0.0000 0.8382
vn 0.2282 0.0000 0.9736
vn 0.2282 0.0000 0.9736
vn -0.1639 0.0000 0.9865
vn -0.1639 0.0000 0.9865
vn -0.6363 0.0000 0.7714
vn -0.6363 0.0000 0.7714
vn -0.9268 0.0000 0.3755
vn -0.9268 0.0000 0.3755
vn -0.9973 -0.0000 -0.0735
vn -0.9973 0.0000 -0.0735
vn -0.8608 -0.0000 -0.5089
vn -0.8608 0.0000 -0.5089
vn -0.5453 -0.0000 -0.8382
vn -0.5453 0.0000 -0.8382
vn -0.2282 -0.0000 -0.9736
vn -0.2282 0.0000 -0.9736
vn 0.1588 0.0000 -0.9873
vn 0.1588 0.0000 -0.9873
vn 0.6784 0.0039 -0.7347
vn 0.6345 0.0324 -0.7723
vn 0.9475 0.0145 -0.3193
vn 0.9260 0.0416 -0.3751
vn 0.9952 0.0172 0.0963
vn 0.9970 0.0261 0.0735
vn 0.8659 0.0326 0.4991
vn 0.8605 0.0282 0.5087
vn 0.5405 0.0304 0.8408
vn 0.5450 0.0326 0.8378
vn 0.1334 0.0304 0.9906
vn 0.2277 0.0618 0.9718
vn -0.1739 0.0124 0.9847
vn -0.1554 0.0216 0.9876
vn -0.6983 0.0055 0.7157
vn -0.6287 0.0534 0.7758
vn -0.9744 0.0176 0.2243
vn -0.9727 0.0218 0.2311
vn -0.9286 0.0165 -0.3708
vn -0.9280 0.0156 -0.3722
vn -0.5202 0.0182 -0.8539
vn -0.5450 0.0303 -0.8379
vn -0.1381 0.0283 -0.9900
vn -0.2278 0.0574 -0.9720
vn 0.1166 0.0184 -0.9930
vn 0.1621 -0.0031 -0.9868
vn 0.0000 1.0000 -0.0000
vn -0.0005 1.0000 0.0003
vn 0.0000 1.0000 0.0000
vn -0.0000 1.0000 0.0000
vn -0.0002 1.0000 0.0013
vn 0.0007 1.0000 0.0031
vn 0.0000 1.0000 0.0000
vn 0.0000 1.0000 0.0000
vn 0.0000 1.0000 0.0000
vn 0.0000 1.0000 0.0000
vn 0.0000 1.0000 0.0000
vn -0.0000 1.0000 0.0000
vn 0.0000 1.0000 0.0000
vn 0.0000 1.0000 0.0000
vn -0.0000 1.0000 0.0000
vn 0.0000 1.0000 0.0000
vn -0.0000 1.0000 0.0000
vn 0.0000 1.0000 0.0000
vn 0.0000 1.0000 0.0000
vn -0.0000 1.0000 0.0000
vn 0.0000 1.0000 0.0000
vn 0.0000 1.0000 0.0000
vn 0.0000 1.0000 -0.0000
vn 0.0000 1.0000 0.0000
vn 0.0000 1.0000 -0.0000
vn 0.0000 1.0000 0.0000
vn 0.0000 1.0000 -0.0000
vn 0.0000 1.0000 0.0000
vn 0.0000 1.0000 -0.0000
vn 0.0000 1.0000 0.0000
vn 0.0000 1.0000 -0.0000
vn 0.0000 1.0000 0.0000
vn 0.0000 1.0000 0.0000
vn 0.0000 1.0000 -0.0000
vn 0.0000 1.0000 -0.0000
vn 0.0000 1.0000 -0.0000
vn 0.0000 1.0000 0.0000
vn 0.0000 1.0000 0.0000
vn 0.0000 1.0000 0.0000
vn -0.0000 1.0000 0.0000
vn 0.0000 1.0000 0.0000
vn 0.0000 1.0000 0.0000
vn 0.0000 1.0000 -0.0000
vn -0.0000 1.0000 0.0000
vn -0.0000 1.0000 -0.0000
vn -0.0000 1.0000 -0.0000
vn -0.0000 1.0000 -0.0000
vn 0.0000 1.0000 -0.0000
vn 0.0000 1.0000 0.0000
vn -0.0000 1.0000 0.0000
vn -0.0000 1.0000 -0.0000
vn -0.0000 1.0000 -0.0000
vn 0.0000 1.0000 0.0000
vn 0.0000 1.0000 -0.0000
vn -0.0000 1.0000 0.0000
vn -0.0000 1.0000 0.0000
vn -0.0000 1.0000 0.0000
vn 0.0000 1.0000 0.0000
vn 0.0000 1.0000 0.0000
vn 0.0000 1.0000 -0.0000
vn 0.0000 1.0000 0.0000
vn -0.9578 -0.1430 0.2492
vn -0.7185 0.0000 0.6956
vn -0.9998 -0.0000 -0.0219
vn -0.9998 0.0000 -0.0219
vn 0.0000 -1.0000 0.0000
vn 0.0000 -1.0000 0.0000
vn 0.0000 -1.0000 0.0000
vn 0.0000 -1.0000 0.0000
vn 0.0000 -1.0000 0.0000
vn 0.0000 -1.0000 0.0000
vn 0.0000 -1.0000 0.0000
vn 0.0000 -1.0000 0.0000
vn 0.0000 -1.0000 0.0000
vn 0.0000 -1.0000 0.0000
vn 0.0000 -1.0000 0.0000
vn -0.0000 -1.0000 -0.0000
vn 0.0000 -1.0000 0.0000
vn -0.0000 -1.0000 -0.0000
vn -0.0000 -1.0000 0.0000
vn 0.0000 -1.0000 0.0000
vn 0.0000 -1.0000 0.0000
vn -0.0000 -1.0000 0.0000
vn 0.0000 -1.0000 0.0000
vn 0.0000 -1.0000 0.0000
vn 0.0000 -1.0000 0.0000
vn 0.0000 -1.0000 0.0000
vn 0.0000 -1.0000 0.0000
vn 0.0000 -1.0000 0.0000
vn 0.0000 -1.0000 0.0000
vn -0.0000 -1.0000 -0.0000
vn 0.0000 -1.0000 0.0000
vn -0.0000 -1.0000 0.0000
vn 0.0000 -1.0000 0.0000
vn -0.0000 -1.0000 0.0000
vn -0.0000 -1.0000 0.0000
vn 0.0000 -1.0000 0.0000
vn 0.0000 -1.0000 0.0000
vn 0.0000 -1.0000 -0.0000
vn 0.0000 -1.0000 0.0000
vn -0.0000 -1.0000 0.0000
vn 0.0000 -1.0000 0.0000
vn 0.0000 -1.0000 0.0000
vn 0.0000 -1.0000 -0.0000
vn 0.0000 -1.0000 0.0000
vn -0.0000 -1.0000 0.0000
vn 0.0000 -1.0000 0.0000
vn -0.0000 -1.0000 0.0000
vn 0.0000 -1.0000 0.0000
vn -0.0000 -1.0000 0.0000
vn 0.0000 -1.0000 0.0000
vn -0.0000 -1.0000 0.0000
vn 0.0000 -1.0000 0.0000
vn -0.0000 -1.0000 0.0000
vn 0.0000 -1.0000 0.0000
vn -0.0000 -1.0000 0.0000
vn 0.0000 -1.0000 0.0000
vn 0.0000 -1.0000 0.0000
vn 0.0000 -1.0000 0.0000
vn 0.0000 -1.0000 -0.0000
vn 0.0000 -1.0000 0.0000
vn 0.0000 -1.0000 -0.0000
vn 0.0000 -1.0000 -0.0000
vn 0.0000 -1.0000 0.0000
vn 0.0000 -1.0000 0.0000
vn 0.0000 -1.0000 0.0000
vn 0.0000 -1.0000 0.0000
vn 0.0000 -1.0000 0.0000
vn -0.0000 -1.0000 0.0000
vn 0.0000 -1.0000 0.0000
vn -0.0000 -1.0000 0.0000
vn 0.0000 -1.0000 0.0000
vn 0.0000 -1.0000 -0.0000
vn 0.0000 -1.0000 0.0000
vn 0.0000 -1.0000 -0.0000
vn 0.0000 -1.0000 0.0000
vn 0.0000 -1.0000 0.0000
vn 0.0000 -1.0000 -0.0000
vn 0.0000 -1.0000 0.0000
vn 0.0000 -1.0000 0.0000
vn -0.0000 -1.0000 0.0000
vn 0.0000 -1.0000 0.0000
vn -0.0000 -1.0000 0.0000
vn -0.0000 -1.0000 0.0000
vn -0.0000 -1.0000 0.0000
vn 0.0000 -1.0000 -0.0000
vn 0.0000 -1.0000 0.0000
vn 0.0000 -1.0000 -0.0000
vn 0.0000 -1.0000 0.0000
vn 0.0000 -1.0000 -0.0000
vn 0.0000 -1.0000 0.0000
vn 0.0000 -1.0000 0.0000
vn 0.0000 -1.0000 0.0000
vn -0.0000 -1.0000 0.0000
vn 0.0000 -1.0000 0.0000
vn 0.0000 -1.0000 0.0000
vn 0.0000 -1.0000 -0.0000
vn -0.0000 -1.0000 0.0000
vn 0.0000 -1.0000 0.0000
vn -0.0000 -1.0000 0.0000
vn 0.0000 -1.0000 0.0000
vn 0.0000 -1.0000 0.0000
vn 0.0000 -1.0000 0.0000
vn 0.0000 -1.0000 0.0000
vn 0.0000 -1.0000 0.0000
vn -0.0000 -1.0000 0.0000
vn 0.0000 -1.0000 0.0000
vn 0.0000 -1.0000 0.0000
vn -0.0000 -1.0000 0.0000
vn 0.0000 -1.0000 0.0000
vn 0.0000 -1.0000 0.0000
vn 0.0000 -1.0000 -0.0000
vn 0.0000 -1.0000 0.0000
vn 0.0000 -1.0000 0.0000
vn 0.0000 -1.0000 -0.0000
vn 0.0000 -1.0000 0.0000
vn -0.0000 -1.0000 0.0000
vn 0.0000 -1.0000 0.0000
vn 0.0000 -1.0000 0.0000
vn 0.0000 -1.0000 -0.0000
vn -0.0000 -1.0000 0.0000
vn 0.0000 -1.0000 0.0000
vn -0.0000 -1.0000 0.0000
vn 0.0000 -1.0000 0.0000
vn 0.0000 -1.0000 0.0000
vn 0.0000 -1.0000 0.0000
vn 0.0000 -1.0000 0.0000
vn 0.0000 -1.0000 0.0000
vn 0.0000 -1.0000 0.0000
vn 0.0000 -1.0000 0.0000
vn 0.0000 -1.0000 0.0000
vn -0.0000 -1.0000 -0.0000
vn 0.0000 -1.0000 0.0000
vn -0.0000 -1.0000 -0.0000
vn -0.0000 -1.0000 0.0000
vn 0.0000 -1.0000 0.0000
vn 0.0000 -1.0000 0.0000
vn -0.0000 -1.0000 0.0000
vn 0.0000 -1.0000 0.0000
vn 0.0000 -1.0000 0.0000
vn -0.0000 -1.0000 -0.0000
vn 0.0000 -1.0000 0.0000
vn 0.0000 -1.0000 0.0000
vn 0.0000 -1.0000 0.0000
vn 0.0000 -1.0000 -0.0000
vn 0.0000 -1.0000 -0.0000
vn 0.0000 -1.0000 0.0000
vn -0.0000 -1.0000 0.0000
vn -0.0000 -1.0000 0.0000
vn 0.0000 -1.0000 0.0000
vn 0.0000 -1.0000 -0.0000
vn 0.0000 -1.0000 0.0000
vn -0.0000 -1.0000 0.0000
vn 0.0000 -1.0000 0.0000
vn 0.0000 -1.0000 0.0000
vn 0.0000 -1.0000 0.0000
vn 0.0000 -1.0000 0.0000
vn 0.0000 -1.0000 -0.0000
vn 0.0000 -1.0000 0.0000
vn 0.0000 -1.0000 -0.0000
vn 0.0000 -1.0000 -0.0000
vn -0.0000 -1.0000 0.0000
vn 0.0000 -1.0000 0.0000
vn 0.0000 -1.0000 0.0000
vn 0.0000 -1.0000 0.0000
vn 0.0000 -1.0000 0.0000
vn 0.0000 -1.0000 0.0000
vn -0.0000 -1.0000 -0.0000
vn 0.0000 -1.0000 0.0000
vn 0.0000 -1.0000 0.0000
vn 0.0000 -1.0000 -0.0000
vn 0.0000 -1.0000 0.0000
vn -0.0000 -1.0000 0.0000
vn 0.0000 -1.0000 0.0000
vn 0.0000 -1.0000 0.0000
vn 0.0000 -1.0000 0.0000
vn 0.0000 -1.0000 0.0000
vn 0.0000 -1.0000 0.0000
vn 0.0000 -1.0000 -0.0000
vn 0.0000 -1.0000 0.0000
vn 0.0000 -1.0000 0.0000
vn 0.0000 -1.0000 0.0000
vn 0.0000 -1.0000 -0.0000
vn 0.0000 -1.0000 0.0000
vn 0.0000 -1.0000 -0.0000
vn -0.0000 -1.0000 0.0000
vn 0.0000 -1.0000 0.0000
vn 0.0000 -1.0000 0.0000
vn 0.0000 -1.0000 0.0000
vn 0.0000 -1.0000 0.0000
vn -0.0000 -1.0000 0.0000
vn 0.0000 -1.0000 0.0000
vn -0.0000 -1.0000 0.0000
vn -0.0000 -1.0000 0.0000
vn 0.0000 -1.0000 -0.0000
vn 0.0000 -1.0000 0.0000
vn 0.0000 -1.0000 -0.0000
vn 0.0000 -1.0000 -0.0000
vn 0.0000 -1.0000 0.0000
vn 0.0000 -1.0000 -0.0000
vn -0.0000 -1.0000 0.0000
vn 0.0000 -1.0000 0.0000
vn 0.0000 -1.0000 0.0000
vn 0.0000 -1.0000 0.0000
vn 0.0000 -1.0000 0.0000
vn -0.0000 -1.0000 0.0000
vn 0.0000 -1.0000 0.0000
vn 0.0000 -1.0000 0.0000
vn 0.0000 -1.0000 0.0000
vn 0.0000 -1.0000 0.0000
vn 0.0000 -1.0000 0.0000
vn 0.0000 -1.0000 0.0000
vn 0.0000 -1.0000 0.0000
vn -0.0000 -1.0000 0.0000
vn 0.0000 -1.0000 0.0000
vn 0.0000 -1.0000 0.0000
vn 0.0000 -1.0000 0.0000
vn 0.0000 -1.0000 0.0000
vn 0.0000 -1.0000 0.0000
vn 0.0000 -1.0000 0.0000
vn 0.0000 -1.0000 0.0000
vn 0.0000 -1.0000 0.0000
vn 0.0000 -1.0000 0.0000
vn 0.0000 -1.0000 0.0000
vn -0.0000 -1.0000 0.0000
vn 0.0000 -1.0000 0.0000
vn -0.0000 -1.0000 0.0000
vn -0.0000 -1.0000 0.0000
vn -0.9872 0.0000 -0.1594
vn -0.9872 -0.0000 -0.1594
vn -0.9872 0.0000 -0.1594
vn 0.9845 -0.0683 0.1613
vn 0.9837 -0.0195 0.1786
vn 0.9783 0.0075 0.2072
vn 0.7766 -0.0140 0.6299
vn 0.6669 -0.1152 0.7362
vn 0.1462 -0.1249 0.9813
vn 0.1926 -0.0949 0.9767
vn -0.4404 -0.1268 0.8888
vn -0.3980 -0.0937 0.9126
vn -0.8435 -0.1329 0.5204
vn -0.8578 -0.1431 0.4936
vn 0.9872 -0.0000 0.1594
vn 0.9981 -0.0513 0.0349
vn 0.9815 -0.1373 0.1335
vn -0.9451 -0.3078 -0.1099
vn -0.9757 -0.0542 -0.2124
vn -0.9752 -0.0517 -0.2151
vn -0.7430 -0.1192 -0.6585
vn -0.7295 -0.1323 -0.6711
vn -0.0814 -0.0987 -0.9918
vn -0.0351 -0.1284 -0.9911
vn 0.5333 -0.1125 -0.8384
vn 0.3682 0.0000 -0.9298
vn 0.9288 0.0000 -0.3705
vn 0.9815 -0.1898 0.0258
vn 0.9817 -0.1900 0.0137
vn 0.9823 -0.1592 -0.0985
vn -0.0151 -0.2108 -0.9774
vn -0.1746 -0.1027 -0.9793
vn 0.4015 -0.1208 -0.9079
vn 0.1125 0.0000 -0.9936
vn -0.0686 -0.2215 -0.9727
vn 0.6316 0.0000 -0.7753
vn 0.6316 0.0000 -0.7753
vn 0.6316 0.0000 -0.7753
vn -0.6316 0.0000 0.7753
vn -0.6316 0.0000 0.7753
vn -0.6316 0.0000 0.7753
vn -0.7891 0.0000 0.6142
vn -0.9281 -0.1308 0.3485
vn -0.9764 -0.1377 0.1665
vn -0.9909 -0.0991 0.0907
vn -0.8815 -0.1263 -0.4550
vn -0.9578 0.0000 -0.2873
vn -0.5250 -0.0000 -0.8511
vn 0.1926 -0.2118 -0.9581
vn -0.3556 0.0000 -0.9346
vn -0.4569 -0.0559 -0.8878
vn -0.3529 -0.1279 -0.9269
vn 0.3556 -0.0000 0.9346
vn 0.3556 0.0000 0.9346
vn 0.3556 0.0000 0.9346
vn 0.1517 0.0000 0.9884
vn -0.1480 -0.1234 0.9812
vn -0.2950 -0.1205 0.9479
vn -0.0395 0.0000 0.9992
vn -0.7357 0.0000 0.6773
vn -0.9010 -0.1750 0.3969
vn -0.9805 -0.1602 0.1137
vn -0.9851 -0.1453 0.0918
vn -0.8625 -0.1065 -0.4947
vn -0.9466 0.0000 -0.3223
vn -0.5037 -0.0000 -0.8639
vn -0.1414 -0.1120 -0.9836
vn -0.6316 0.0000 0.7753
vn -0.6316 -0.0000 0.7753
vn -0.6316 0.0000 0.7753
vn 0.6316 -0.0000 -0.7753
vn 0.6316 -0.0000 -0.7753
vn 0.6316 0.0000 -0.7753
vn 0.7802 0.0000 -0.6255
vn 0.7802 0.0000 -0.6255
vn 0.9755 0.0000 -0.2198
vn 0.9755 0.0000 -0.2198
vn 0.9644 0.0000 0.2646
vn 0.9644 0.0000 0.2646
vn 0.6900 0.0000 0.7238
vn 0.4222 -0.1736 0.8897
vn 0.2286 -0.1850 0.9558
vn 0.1063 -0.1103 0.9882
vn -0.3680 -0.1161 0.9226
vn -0.1307 0.0000 0.9914
vn -0.0589 -0.9957 0.0718
vn 0.0000 -1.0000 -0.0000
vn 0.0000 -1.0000 0.0000
vn 0.0000 -1.0000 -0.0000
vn 0.0000 -1.0000 0.0000
vn -0.0000 -1.0000 0.0000
vn 0.0000 -1.0000 0.0000
vn 0.0000 -1.0000 0.0000
vn 0.0000 -1.0000 0.0000
vn 0.0000 -1.0000 0.0000
vn -0.0000 -1.0000 0.0000
vn -0.0000 -1.0000 0.0000
vn 0.0000 -1.0000 0.0000
vn 0.0000 -1.0000 0.0000
vn 0.0000 -1.0000 0.0000
vn 0.0000 -1.0000 0.0000
vn 0.0000 -1.0000 -0.0000
vn -0.0000 -1.0000 0.0000
vn 0.0000 -1.0000 0.0000
vn 0.0340 -0.9982 -0.0492
vn 0.0000 -1.0000 0.0000
vn 0.0000 -1.0000 0.0000
vn 0.0000 -1.0000 0.0000
vn 0.0000 -1.0000 0.0000
vn 0.0000 -1.0000 0.0000
vn -0.0644 -0.9822 0.1766
vn 0.0000 -1.0000 0.0000
vn 0.0000 -1.0000 0.0000
vn 0.0000 -1.0000 -0.0000
vn 0.0000 -1.0000 -0.0000
vn 0.0000 -1.0000 0.0000
vn 0.0000 -1.0000 -0.0000
vn 0.0000 -1.0000 0.0000
vn 0.0000 -1.0000 0.0000
vn 0.0000 -1.0000 0.0000
vn 0.0000 -1.0000 0.0000
vn 0.0000 -1.0000 0.0000
vn 0.0000 -1.0000 0.0000
vn 0.0000 -1.0000 0.0000
vn -0.0000 -1.0000 -0.0000
vn 0.0000 -1.0000 0.0000
vn -0.0000 -1.0000 0.0000
vn 0.0000 -1.0000 0.0000
vn 0.0000 -1.0000 0.0000
vn 0.0615 -0.9838 -0.1686
vn 0.0000 -1.0000 0.0000
vn 0.0000 -1.0000 0.0000
vn 0.0000 -1.0000 0.0000
vn 0.0000 -1.0000 0.0000
vn 0.0000 -1.0000 0.0000
vn 0.0000 -1.0000 0.0000
vn 0.0000 -1.0000 -0.0000
vn 0.0000 -1.0000 -0.0000
vn 0.0000 -1.0000 0.0000
vn 0.0000 -1.0000 0.0000
vn 0.0000 -1.0000 0.0000
vn 0.0000 -1.0000 -0.0000
vn 0.0000 -1.0000 0.0000
vn 0.0000 -1.0000 -0.0000
vn 0.0000 -1.0000 0.0000
vn 0.0000 -1.0000 0.0000
vn 0.0000 -1.0000 0.0000
vn 0.0000 -1.0000 0.0000
vn 0.0000 -1.0000 0.0000
vn 0.0000 -1.0000 0.0000
vn 0.2027 -0.9790 0.0225
vn 0.0000 -1.0000 0.0000
vn 0.0554 -0.9984 0.0078
vn 0.0002 -1.0000 0.0022
vn 0.0024 -1.0000 0.0025
vn 0.0019 -1.0000 0.0024
vn -0.0603 -0.9977 -0.0310
vn -0.0000 -1.0000 0.0000
vn 0.0000 -1.0000 0.0000
vn -0.0000 -1.0000 0.0000
vn 0.0000 -1.0000 0.0000
vn 0.0000 -1.0000 0.0000
vn 0.0000 -1.0000 0.0000
vn 0.0000 -1.0000 -0.0000
vn 0.0000 -1.0000 0.0000
vn 0.0000 -1.0000 0.0000
vn 0.0000 -1.0000 0.0000
vn -0.0000 -1.0000 0.0000
vn 0.0000 -1.0000 0.0000
vn 0.0000 -1.0000 0.0000
vn -0.0000 -1.0000 0.0000
vn 0.0594 -0.9982 -0.0038
vn -0.1594 -0.9872 -0.0016
vn 0.0000 -1.0000 0.0000
vn 0.0000 -1.0000 0.0000
vn 0.0000 -1.0000 0.0000
vn 0.3556 -0.0000 0.9346
vn 0.4330 -0.0424 0.9004
vn 0.3793 -0.0875 0.9211
vn -0.3323 -0.0000 -0.9432
vn -0.3383 -0.0183 -0.9408
vn -0.3016 0.0171 -0.9533
vn 0.1445 -0.0327 -0.9890
vn 0.3041 -0.1438 -0.9417
vn 0.7139 -0.1992 -0.6713
vn 0.6446 -0.1371 -0.7521
vn 0.9964 -0.0849 -0.0052
vn 0.9814 0.0148 -0.1916
vn 0.8809 0.0108 0.4732
vn 0.7959 -0.1086 0.5956
vn -0.6463 0.1617 -0.7457
vn -0.4676 0.0000 -0.8840
vn 0.6375 0.0000 -0.7704
vn 0.1841 0.3033 -0.9349
vn 0.7909 0.2686 0.5499
vn 0.4449 0.0000 0.8956
vn -0.4869 0.0000 0.8735
vn -0.2816 0.2112 0.9360
vn 0.8695 0.2603 0.4198
vn 0.8221 0.1775 0.5409
vn -0.1997 0.0000 0.9799
vn -0.1997 0.0000 0.9799
vn -0.1745 0.0000 0.9847
vn -0.1745 0.0000 0.9847
vn -0.4389 0.0000 0.8985
vn -0.4389 0.0000 0.8985
vn -0.8057 0.0000 0.5924
vn -0.8057 0.0000 0.5924
vn -0.9887 0.0000 0.1499
vn -0.9887 0.0000 0.1499
vn -0.9858 -0.0000 -0.1678
vn -0.9858 0.0000 -0.1678
vn -0.8826 -0.0000 -0.4700
vn -0.8826 0.0000 -0.4700
vn -0.5821 -0.0000 -0.8131
vn -0.5821 0.0000 -0.8131
vn -0.1417 -0.0000 -0.9899
vn -0.1417 0.0000 -0.9899
vn 0.1748 0.0000 -0.9846
vn 0.1748 0.0000 -0.9846
vn 0.1998 0.0000 -0.9798
vn 0.1998 0.0000 -0.9798
vn 0.4406 0.0000 -0.8977
vn 0.4406 0.0000 -0.8977
vn 0.8067 0.0000 -0.5910
vn 0.8073 -0.0014 -0.5902
vn 0.9960 0.0013 -0.0895
vn 0.9854 0.0938 -0.1422
vn 0.9477 -0.0327 0.3176
vn 0.9376 0.0000 0.3478
vn 0.7176 0.0000 0.6965
vn 0.7176 0.0000 0.6965
vn 0.3204 0.0000 0.9473
vn 0.3204 0.0000 0.9473
vn -0.0673 0.0000 0.9977
vn -0.0673 0.0000 0.9977
vn -0.9887 0.0000 0.1498
vn -0.9887 0.0000 0.1498
vn -0.9451 -0.0000 -0.3268
vn -0.9451 0.0000 -0.3268
vn -0.6858 -0.0000 -0.7278
vn -0.6858 0.0000 -0.7278
vn -0.2844 -0.0000 -0.9587
vn -0.2844 0.0000 -0.9587
vn 0.1824 0.0000 -0.9832
vn 0.1824 0.0000 -0.9832
vn 0.5215 0.0000 -0.8532
vn 0.5186 0.0035 -0.8550
vn 0.5646 -0.0015 -0.8254
vn 0.5638 0.0000 -0.8259
vn 0.7719 0.0000 -0.6357
vn 0.7586 0.0311 -0.6508
vn 0.9744 -0.0230 -0.2238
vn 0.9783 0.0000 -0.2070
vn 0.9658 0.0000 0.2592
vn 0.9658 0.0000 0.2592
vn 0.8195 0.0000 0.5731
vn 0.7441 -0.0706 0.6643
vn 0.6755 0.0000 0.7374
vn 0.3846 0.0000 0.9231
vn 0.3846 0.0000 0.9231
vn -0.0792 0.0000 0.9969
vn -0.0792 0.0000 0.9969
vn -0.4989 0.0000 0.8666
vn -0.4966 0.0037 0.8680
vn -0.5572 0.0007 0.8304
vn -0.5576 0.0000 0.8301
vn -0.6618 0.0000 0.7497
vn -0.6618 0.0000 0.7497
vn -0.8555 0.0000 0.5179
vn -0.8555 0.0000 0.5179
vn -0.8114 0.0068 0.5845
vn -0.8136 -0.0008 0.5814
vn -0.8573 0.0055 0.5149
vn -0.9176 -0.1326 0.3747
vn -0.9714 0.0000 0.2376
vn -0.9745 -0.0000 -0.2244
vn -0.7976 -0.0320 -0.6024
vn -0.9804 0.1223 -0.1542
vn -0.7809 0.0000 -0.6246
vn -0.4423 -0.0000 -0.8969
vn -0.5071 0.0899 -0.8572
vn -0.1497 -0.0437 -0.9878
vn -0.1100 0.0000 -0.9939
vn 0.3275 0.0000 -0.9449
vn 0.3275 0.0000 -0.9449
vn 0.7351 0.0000 -0.6779
vn 0.7320 0.0073 -0.6812
vn 0.8297 -0.0009 -0.5582
vn 0.8294 0.0000 -0.5586
vn 0.9463 0.0000 -0.3233
vn 0.9463 0.0000 -0.3233
vn 0.9882 0.0000 0.1535
vn 0.9882 0.0000 0.1535
vn 0.7452 0.0000 0.6668
vn 0.7903 0.1623 0.5909
vn 0.4456 -0.0320 0.8947
vn 0.4125 0.0000 0.9109
vn 0.0149 0.0000 0.9999
vn 0.0149 0.0000 0.9999
vn -0.5112 0.0000 0.8595
vn -0.5214 -0.0218 0.8531
vn -0.9997 -0.0140 0.0204
vn -0.9996 0.0000 0.0278
vn -0.8860 -0.0000 -0.4636
vn -0.8860 0.0000 -0.4636
vn -0.5349 -0.0000 -0.8449
vn -0.5887 0.1230 -0.7990
vn -0.1498 -0.0359 -0.9881
vn -0.1176 0.0000 -0.9931
vn 0.3294 0.0000 -0.9442
vn 0.3294 0.0000 -0.9442
vn 0.7355 0.0000 -0.6775
vn 0.7355 0.0000 -0.6775
vn 0.9567 0.0000 -0.2910
vn 0.9567 0.0000 -0.2910
vn 0.9828 0.0000 -0.1849
vn 0.9828 0.0000 -0.1849
vn 0.9971 0.0000 0.0762
vn 0.8915 -0.1675 0.4209
vn 0.8475 -0.0000 0.5308
vn 0.9971 -0.0000 0.0762
vn 0.7763 0.0000 0.6303
vn 0.5240 0.0000 0.8517
vn 0.4994 -0.0362 0.8656
vn -0.9559 0.0000 0.2937
vn -0.9515 -0.0112 0.3075
vn -0.7606 0.0271 0.6486
vn -0.7721 0.0000 0.6355
vn -0.3807 0.0000 0.9247
vn -0.3807 0.0000 0.9247
vn 0.0565 -0.0000 0.9984
vn 0.0919 0.0461 0.9947
vn -0.9826 0.0000 0.1857
vn -0.9828 -0.0012 0.1849
vn -0.9831 0.0008 -0.1829
vn -0.9830 0.0000 -0.1834
vn -0.8985 -0.0000 -0.4389
vn -0.8985 0.0000 -0.4389
vn -0.5924 -0.0000 -0.8057
vn -0.6163 -0.0441 -0.7863
vn 0.9899 0.0000 -0.1417
vn -0.1525 0.0643 -0.9862
vn -0.1040 -0.0156 -0.9945
vn 0.4292 0.0094 -0.9032
vn 0.4343 0.0000 -0.9008
vn 0.7914 0.0000 -0.6113
vn 0.8125 -0.0369 -0.5817
vn 0.9776 0.0821 -0.1937
vn 0.9831 0.0000 0.1832
vn 0.9830 -0.0012 0.1838
vn -0.9936 0.0040 -0.1129
vn 0.9186 0.1151 0.3781
vn 0.9063 0.0167 0.4224
vn 0.5899 -0.0315 0.8069
vn 0.5690 -0.0013 0.8223
vn 0.1434 0.0008 0.9897
vn 0.1428 0.0000 0.9897
vn -0.3177 0.0000 0.9482
vn -0.3177 0.0000 0.9482
vn -0.7326 0.0000 0.6806
vn -0.6941 0.0832 0.7151
vn -0.9464 -0.0423 0.3201
vn -0.9580 0.0000 0.2868
vn -0.9933 -0.0000 -0.1158
vn -0.4897 0.0003 -0.8719
vn -0.5938 -0.0899 -0.7996
vn -0.7097 0.0000 -0.7045
vn 0.8773 -0.0000 0.4799
vn -0.0908 0.0003 -0.9959
vn -0.1490 0.1025 -0.9835
vn 0.3265 -0.0423 -0.9443
vn 0.3619 0.0000 -0.9322
vn 0.7278 0.0000 -0.6858
vn 0.7278 0.0000 -0.6858
vn 0.9486 0.0000 -0.3166
vn 0.9580 -0.0371 -0.2842
vn 0.9956 0.0531 0.0769
vn 0.9819 -0.0520 0.1821
vn 0.9235 0.0464 0.3807
vn 0.8301 0.0000 0.5576
vn 0.8296 -0.0016 0.5584
vn 0.6939 0.0375 0.7191
vn 0.6884 0.0218 0.7250
vn 0.2365 -0.0214 0.9714
vn 0.2238 -0.0357 0.9740
vn -0.1898 0.1024 0.9765
vn -0.2592 0.0000 0.9658
vn -0.7133 0.0000 0.7008
vn -0.9225 -0.0363 0.3844
vn -0.6624 0.1042 0.7419
vn -0.9359 0.0000 0.3523
vn -0.9969 -0.0000 -0.0792
vn -0.9969 0.0000 -0.0792
vn -0.8666 -0.0000 -0.4989
vn -0.8680 0.0037 -0.4966
vn -0.8103 -0.0008 -0.5861
vn -0.8105 0.0000 -0.5857
vn -0.5595 -0.0000 -0.8288
vn -0.5602 0.0013 -0.8284
vn -0.3825 0.0180 -0.9238
vn -0.3731 0.0000 -0.9278
vn 0.0879 0.0000 -0.9961
vn 0.1518 -0.0680 -0.9861
vn 0.8491 0.0331 -0.5272
vn 0.8708 0.0000 -0.4916
vn 0.5974 0.0000 -0.8019
vn 0.5974 0.0000 -0.8019
vn 0.3225 0.0000 -0.9466
vn 0.9821 0.0181 -0.1877
vn 0.9797 0.0000 -0.2005
vn 0.9728 0.0000 0.2316
vn 0.9728 0.0000 0.2316
vn 0.7895 0.0000 0.6138
vn 0.7895 0.0000 0.6138
vn 0.5656 0.0000 0.8247
vn 0.5648 -0.0016 0.8252
vn 0.3302 0.0248 0.9436
vn -0.1560 -0.0409 0.9869
vn 0.3779 0.1462 0.9142
vn -0.1927 0.0000 0.9813
vn -0.6619 0.0000 0.7496
vn -0.6692 -0.0180 0.7429
vn -0.9698 0.0171 0.2431
vn -0.9722 0.0000 0.2341
vn -0.9544 -0.0000 -0.2987
vn -0.9544 0.0000 -0.2987
vn -0.7269 -0.0000 -0.6867
vn -0.7269 0.0000 -0.6867
vn 0.1997 0.0000 -0.9799
vn 0.1997 0.0000 -0.9799
vn 0.1745 0.0000 -0.9847
vn 0.1745 0.0000 -0.9847
vn 0.4399 0.0000 -0.8981
vn 0.4399 0.0000 -0.8981
vn 0.8064 0.0000 -0.5913
vn 0.7966 -0.0232 -0.6041
vn 0.9877 0.0360 -0.1524
vn 0.9892 0.0237 -0.1446
vn 0.9737 -0.0082 0.2277
vn 0.9534 0.0415 0.2988
vn 0.8265 -0.0437 0.5613
vn 0.8050 0.0000 0.5932
vn 0.5241 0.0000 0.8517
vn 0.5241 0.0000 0.8517
vn 0.1242 0.0000 0.9923
vn 0.1242 0.0000 0.9923
vn -0.1748 0.0000 0.9846
vn -0.1748 0.0000 0.9846
vn -0.2269 0.0000 0.9739
vn -0.1997 0.0399 0.9791
vn -0.4392 -0.0361 0.8977
vn -0.8049 -0.0473 0.5915
vn -0.7781 0.0000 0.6282
vn -0.4678 0.0000 0.8838
vn -0.0206 0.0000 -0.9998
vn -0.9682 0.1101 0.2246
vn -0.9887 0.0000 0.1500
vn -0.9766 -0.0000 -0.2151
vn -0.9766 0.0000 -0.2151
vn -0.8508 -0.0000 -0.5255
vn -0.8338 -0.0378 -0.5508
vn -0.6178 0.0307 -0.7858
vn -0.4784 -0.0891 -0.8736
vn -0.3705 -0.0000 -0.9288
vn -0.0206 -0.0000 -0.9998
vn 0.7532 0.0000 -0.6578
vn 0.7254 0.0641 -0.6853
vn 0.9621 -0.0387 -0.2701
vn 0.9708 0.0000 -0.2397
vn 0.9771 0.0000 0.2126
vn 0.9771 0.0000 0.2126
vn 0.8460 0.0000 0.5333
vn 0.7750 -0.0706 0.6280
vn 0.7100 0.0000 0.7042
vn 0.4284 0.0000 0.9036
vn 0.4284 0.0000 0.9036
vn -0.0314 0.0000 0.9995
vn -0.0314 0.0000 0.9995
vn -0.4123 0.0000 0.9110
vn -0.4123 0.0000 0.9110
vn -0.5509 0.0000 0.8346
vn -0.5509 0.0000 0.8346
vn -0.5707 0.0000 0.8211
vn -0.5707 0.0000 0.8211
vn -0.6882 0.0000 0.7255
vn -0.6882 0.0000 0.7255
vn -0.8616 0.0000 0.5076
vn -0.8616 0.0000 0.5076
vn -0.9887 0.0000 0.1498
vn -0.9887 0.0000 0.1498
vn -0.9449 -0.0000 -0.3273
vn -0.9449 0.0000 -0.3273
vn -0.6845 -0.0000 -0.7290
vn -0.6845 0.0000 -0.7290
vn -0.2660 -0.0000 -0.9640
vn -0.2660 0.0000 -0.9640
vn 0.2569 0.0000 -0.9664
vn 0.2578 -0.0015 -0.9662
vn 0.5597 0.0003 -0.8287
vn 0.5599 0.0000 -0.8285
vn 0.5509 0.0000 -0.8346
vn 0.5509 0.0000 -0.8346
vn 0.8341 0.0000 -0.5517
vn 0.8341 0.0000 -0.5517
vn 0.8196 0.0000 -0.5729
vn 0.8196 0.0000 -0.5729
vn 0.9747 0.0000 -0.2236
vn 0.9282 0.1936 -0.3179
vn 0.9879 -0.0314 0.1521
vn 0.7476 -0.0105 0.6640
vn 0.7514 0.0000 0.6598
vn 0.9828 -0.0000 0.1847
vn 0.3088 0.0064 0.9511
vn 0.2513 -0.0693 0.9654
vn -0.1364 0.1050 0.9851
vn -0.2316 0.0000 0.9728
vn -0.6138 0.0000 0.7895
vn -0.6138 0.0000 0.7895
vn -0.8198 0.0000 0.5726
vn -0.8198 0.0000 0.5726
vn -0.8341 0.0000 0.5516
vn -0.8341 0.0000 0.5516
vn -0.8861 0.0000 0.4636
vn -0.9432 -0.0813 0.3223
vn -0.9715 0.0000 0.2372
vn -0.9985 0.0000 0.0553
vn -0.9869 -0.0399 -0.1561
vn -0.9862 -0.0319 -0.1624
vn -0.9306 0.0000 -0.3661
vn -0.7975 -0.0000 -0.6033
vn -0.7975 0.0000 -0.6033
vn -0.5088 -0.0000 -0.8609
vn -0.5088 0.0000 -0.8609
vn -0.1498 0.0000 -0.9887
vn -0.1864 -0.0537 -0.9810
vn 0.2402 0.0755 -0.9678
vn 0.2987 0.0000 -0.9544
vn 0.6867 0.0000 -0.7269
vn 0.6867 0.0000 -0.7269
vn -0.9829 -0.0017 0.1843
vn -0.9827 0.0000 0.1853
vn -0.9971 -0.0000 -0.0762
vn -0.9971 0.0000 -0.0762
vn -0.8464 -0.0000 -0.5326
vn -0.8464 0.0000 -0.5326
vn -0.5474 -0.0000 -0.8369
vn -0.5474 0.0001 -0.8369
vn -0.1499 0.0001 -0.9887
vn -0.1499 0.0000 -0.9887
vn 0.2947 0.0000 -0.9556
vn 0.2947 0.0000 -0.9556
vn 0.6818 0.0000 -0.7315
vn 0.6818 0.0000 -0.7315
vn 0.9321 0.0000 -0.3623
vn 0.9321 0.0000 -0.3623
vn 0.9842 0.0000 -0.1771
vn 0.9842 0.0000 -0.1771
vn 0.9797 0.0000 -0.2006
vn 0.9797 0.0000 -0.2006
vn 0.9996 0.0000 0.0284
vn 0.9996 0.0000 0.0284
vn 0.8719 0.0000 0.4897
vn 0.8719 0.0000 0.4897
vn 0.5555 0.0000 0.8315
vn 0.5404 -0.0242 0.8411
vn 0.1244 0.0264 0.9919
vn 0.1042 0.0000 0.9946
vn -0.3361 0.0000 0.9418
vn -0.3361 0.0000 0.9418
vn -0.6363 0.0000 0.7714
vn -0.7260 -0.0903 0.6817
vn -0.9627 0.0073 0.2704
vn -0.9541 -0.0272 0.2983
vn -0.8258 0.0274 0.5633
vn 0.9799 0.0000 0.1997
vn 0.9799 0.0000 0.1997
vn 0.9847 0.0000 0.1745
vn 0.9847 0.0000 0.1745
vn -0.9923 0.0000 0.1242
vn 0.8981 0.0000 0.4399
vn 0.8981 0.0000 0.4399
vn 0.5913 0.0000 0.8064
vn 0.6073 -0.0291 0.7939
vn 0.1865 0.0628 0.9804
vn 0.1446 0.0000 0.9895
vn -0.2277 0.0000 0.9737
vn -0.2277 0.0000 0.9737
vn -0.6414 0.0000 0.7672
vn -0.5524 0.1821 0.8134
vn -0.8517 -0.0062 0.5241
vn -0.8567 0.0000 0.5158
vn -0.9923 0.0000 0.1242
vn -0.9846 -0.0000 -0.1748
vn -0.9846 0.0000 -0.1748
vn -0.9798 -0.0000 -0.1998
vn -0.9798 0.0000 -0.1998
vn -0.8983 -0.0000 -0.4394
vn -0.8983 0.0000 -0.4394
vn -0.5920 -0.0000 -0.8059
vn -0.5922 0.0004 -0.8058
vn -0.1502 0.0004 -0.9887
vn -0.1500 0.0000 -0.9887
vn 0.2151 0.0000 -0.9766
vn 0.2151 0.0000 -0.9766
vn 0.5512 0.0000 -0.8344
vn 0.5512 0.0000 -0.8344
vn 0.8771 0.0000 -0.4803
vn 0.8771 0.0000 -0.4803
vn 0.9998 0.0000 -0.0206
vn 0.9998 0.0000 -0.0206
vn -0.8346 -0.0000 -0.5509
vn -0.8346 0.0000 -0.5509
vn -0.8211 -0.0000 -0.5707
vn -0.8211 0.0000 -0.5707
vn -0.7255 -0.0000 -0.6882
vn -0.7255 0.0000 -0.6882
vn -0.5073 -0.0000 -0.8618
vn -0.5076 0.0003 -0.8616
vn 0.8558 -0.0000 0.5173
vn -0.1500 0.0003 -0.9887
vn 0.2830 -0.0658 -0.9568
vn 0.3273 0.0000 -0.9449
vn -0.1498 0.0000 -0.9887
vn 0.6718 0.1070 -0.7330
vn 0.7290 0.0000 -0.6845
vn 0.9640 0.0000 -0.2660
vn 0.9640 0.0000 -0.2660
vn 0.9851 0.0000 0.1722
vn 0.9746 -0.0495 0.2185
vn 0.9026 0.0456 0.4280
vn 0.8211 0.0000 0.5707
vn 0.8211 0.0000 0.5707
vn 0.8346 0.0000 0.5509
vn 0.8346 0.0000 0.5509
vn 0.6576 0.0000 0.7533
vn 0.6853 0.0643 0.7254
vn 0.2701 -0.0384 0.9621
vn 0.2399 0.0000 0.9708
vn -0.2126 0.0000 0.9771
vn -0.2126 0.0000 0.9771
vn -0.7045 0.0000 0.7097
vn -0.6196 0.1771 0.7647
vn -0.9027 -0.0460 0.4279
vn -0.9255 0.0000 0.3787
vn -0.9995 -0.0000 -0.0314
vn -0.9995 0.0000 -0.0314
vn -0.9110 -0.0000 -0.4123
vn -0.9110 0.0000 -0.4123
vn 0.5887 0.0064 0.8084
vn 0.5850 0.0000 0.8110
vn 0.5729 0.0000 0.8196
vn 0.5729 0.0000 0.8196
vn 0.2563 0.0000 0.9666
vn -0.1553 -0.0410 0.9870
vn 0.3216 0.1241 0.9387
vn -0.1918 0.0000 0.9814
vn -0.6027 0.0000 0.7980
vn -0.6027 0.0000 0.7980
vn -0.8607 0.0000 0.5091
vn -0.8607 0.0000 0.5091
vn -0.9887 0.0000 0.1498
vn -0.9887 0.0000 0.1498
vn -0.9449 -0.0000 -0.3275
vn -0.9449 0.0000 -0.3275
vn -0.7384 -0.0000 -0.6744
vn -0.7384 0.0000 -0.6744
vn -0.5726 -0.0000 -0.8198
vn -0.5726 0.0000 -0.8198
vn -0.5516 -0.0000 -0.8341
vn -0.5516 0.0000 -0.8341
vn -0.3233 -0.0000 -0.9463
vn -0.3233 0.0000 -0.9463
vn 0.1535 0.0000 -0.9882
vn 0.1535 0.0000 -0.9882
vn 0.5988 0.0000 -0.8009
vn 0.5988 0.0000 -0.8009
vn 0.8786 0.0000 -0.4776
vn 0.8945 -0.0373 -0.4455
vn 0.9959 0.0651 -0.0627
vn 0.9999 0.0000 -0.0149
vn 0.8595 0.0000 0.5112
vn 0.8531 -0.0218 0.5214
vn -0.9887 0.0000 0.1499
vn -0.9572 -0.0742 -0.2798
vn -0.9442 0.0000 -0.3294
vn -0.9887 0.0000 0.1499
vn -0.6793 0.1428 -0.7198
vn -0.6199 -0.0114 -0.7846
vn -0.2489 0.0038 -0.9685
vn -0.2466 0.0000 -0.9691
vn -0.1771 -0.0000 -0.9842
vn -0.1771 0.0000 -0.9842
vn 0.0762 0.0000 -0.9971
vn 0.0762 0.0000 -0.9971
vn 0.5308 0.0000 -0.8475
vn 0.5308 0.0000 -0.8475
vn 0.8531 0.0000 -0.5217
vn 0.8657 -0.0331 -0.4994
vn 0.9901 0.0346 -0.1362
vn 0.9977 -0.0386 -0.0565
vn 0.9459 0.1026 0.3079
vn 0.9247 0.0000 0.3807
vn 0.6489 0.0000 0.7609
vn 0.6489 0.0000 0.7609
vn 0.3075 0.0000 0.9516
vn 0.3075 0.0000 0.9516
vn 0.1770 0.0000 0.9842
vn 0.1770 0.0000 0.9842
vn 0.2006 0.0000 0.9797
vn 0.2006 0.0000 0.9797
vn -0.0284 0.0000 0.9996
vn -0.0284 0.0000 0.9996
vn -0.4636 0.0000 0.8860
vn -0.4636 0.0000 0.8860
vn -0.8051 0.0000 0.5932
vn -0.8051 0.0000 0.5932
vn -0.6206 -0.7047 0.3439
vn -0.1720 -0.7059 0.6871
vn -0.1955 -0.6705 0.7157
vn -0.2437 -0.7266 0.6424
vn -0.2653 -0.7064 0.6562
vn -0.3182 -0.7063 0.6324
vn -0.3195 -0.7222 0.6135
vn -0.4100 -0.6793 0.6087
vn -0.4079 -0.6888 0.5993
vn -0.4600 -0.7198 0.5199
vn -0.4643 -0.7061 0.5346
vn -0.5107 -0.7066 0.4898
vn -0.5072 -0.7279 0.4614
vn -0.5949 -0.6645 0.4523
vn -0.5722 -0.7109 0.4090
vn -0.6240 -0.7015 0.3442
vn 0.0000 -1.0000 0.0000
vn -0.0000 -1.0000 0.0000
vn 0.0000 -1.0000 0.0000
vn 0.0000 -1.0000 -0.0000
vn -0.0000 -1.0000 -0.0000
vn -0.0000 -1.0000 0.0000
vn -0.0000 -1.0000 0.0000
vn -0.0000 -1.0000 0.0000
vn 0.0000 -1.0000 -0.0000
vn 0.1720 -0.7059 -0.6871
vn 0.6185 -0.7043 -0.3484
vn 0.1875 -0.6829 -0.7061
vn 0.2525 -0.7279 -0.6375
vn 0.2510 -0.7066 -0.6616
vn 0.3134 -0.7070 -0.6340
vn 0.3172 -0.7268 -0.6092
vn 0.4059 -0.6705 -0.6210
vn 0.4002 -0.7030 -0.5879
vn 0.4757 -0.7111 -0.5178
vn 0.5027 -0.6421 -0.5788
vn 0.5066 -0.7428 -0.4377
vn 0.5235 -0.7066 -0.4762
vn 0.5714 -0.7068 -0.4171
vn 0.5653 -0.7191 -0.4040
vn 0.6356 -0.6879 -0.3506
vn 0.0000 -1.0000 -0.0000
vn 0.0000 -1.0000 -0.0000
vn -0.0000 -1.0000 0.0000
vn 0.0000 -1.0000 0.0000
vn 0.0000 -1.0000 0.0000
vn 0.0000 -1.0000 0.0000
vn 0.0000 -1.0000 0.0000
vn 0.0000 -1.0000 0.0000
vn 0.0000 -1.0000 0.0000
vn -0.5259 -0.7068 -0.4731
vn -0.4934 -0.7271 -0.4774
vn 0.0298 -0.7058 -0.7078
vn -0.4971 -0.7069 -0.5031
vn -0.4543 -0.7068 -0.5423
vn -0.4378 -0.7216 -0.5363
vn -0.3941 -0.6821 -0.6160
vn -0.3906 -0.6864 -0.6134
vn -0.2939 -0.7224 -0.6259
vn -0.3075 -0.7067 -0.6372
vn -0.2471 -0.7071 -0.6625
vn -0.2235 -0.7281 -0.6481
vn -0.1782 -0.6661 -0.7243
vn -0.1501 -0.7092 -0.6888
vn -0.0549 -0.7023 -0.7097
vn -0.0731 -0.6559 -0.7513
vn 0.0168 -0.7288 -0.6845
vn 0.0000 -1.0000 0.0000
vn 0.0000 -1.0000 0.0000
vn 0.0000 -1.0000 0.0000
vn 0.0000 -1.0000 0.0000
vn 0.0000 -1.0000 -0.0000
vn 0.0000 -1.0000 0.0000
vn 0.0000 -1.0000 -0.0000
vn 0.0000 -1.0000 0.0000
vn -0.0000 -1.0000 0.0000
vn 0.0000 -1.0000 0.0000
vn -0.6063 -0.7049 -0.3681
vn -0.6811 -0.7059 0.1943
vn -0.6725 -0.7138 0.1956
vn -0.7101 -0.6962 0.1049
vn -0.7360 -0.6664 0.1188
vn -0.6800 -0.7330 0.0161
vn -0.7069 -0.7067 0.0295
vn -0.7059 -0.7071 -0.0412
vn -0.6860 -0.7257 -0.0526
vn -0.7264 -0.6743 -0.1332
vn -0.7020 -0.6986 -0.1385
vn -0.6651 -0.7140 -0.2188
vn -0.6732 -0.7067 -0.2178
vn -0.6513 -0.7072 -0.2752
vn -0.6222 -0.7287 -0.2863
vn -0.6340 -0.7070 -0.3133
vn -0.6046 -0.7067 -0.3675
vn -0.5977 -0.7159 -0.3608
vn -0.0000 -1.0000 -0.0000
vn 0.0000 -1.0000 0.0000
vn -0.0000 -1.0000 0.0000
vn 0.0000 -1.0000 0.0000
vn 0.0000 -1.0000 0.0000
vn 0.0000 -1.0000 0.0000
vn -0.0000 -1.0000 0.0000
vn 0.0000 -1.0000 0.0000
vn 0.0000 -1.0000 0.0000
vn 0.0000 -1.0000 0.0000
vn -0.1012 -0.7082 0.6987
vn 0.0815 -0.9273 0.3652
vn 0.5279 -0.7069 0.4708
vn 0.5047 -0.7199 0.4765
vn 0.4926 -0.7281 0.4767
vn 0.4943 -0.7069 0.5059
vn 0.4476 -0.7065 0.5482
vn 0.4476 -0.7065 0.5482
vn 0.3802 -0.7065 0.5969
vn 0.3802 -0.7065 0.5969
vn 0.3075 -0.7065 0.6374
vn 0.3075 -0.7065 0.6374
vn 0.2307 -0.7065 0.6691
vn 0.2307 -0.7065 0.6691
vn 0.1507 -0.7065 0.6915
vn 0.1507 -0.7065 0.6915
vn 0.0685 -0.7065 0.7044
vn 0.0685 -0.7065 0.7044
vn -0.0141 -0.7065 0.7076
vn 0.0000 -1.0000 0.0000
vn -0.0000 -1.0000 0.0000
vn 0.0000 -1.0000 -0.0000
vn 0.0000 -1.0000 0.0000
vn -0.0000 -1.0000 0.0000
vn 0.0000 -1.0000 0.0000
vn 0.0000 -1.0000 0.0000
vn 0.0000 -1.0000 0.0000
vn 0.0000 -1.0000 0.0000
vn 0.0000 -1.0000 0.0000
vn 0.0000 -1.0000 0.0000
vn 0.0000 -1.0000 0.0000
vn 0.6810 -0.7059 -0.1946
vn 0.6731 -0.7132 -0.1958
vn 0.7096 -0.6967 -0.1048
vn 0.7379 -0.6642 -0.1199
vn 0.6795 -0.7335 -0.0167
vn 0.7074 -0.7061 -0.0308
vn 0.7066 -0.7064 0.0406
vn 0.6878 -0.7241 0.0510
vn 0.7255 -0.6753 0.1330
vn 0.7063 -0.6945 0.1370
vn 0.6639 -0.7158 0.2167
vn 0.6746 -0.7061 0.2154
vn 0.6824 -0.7052 0.1926
vn 0.8228 -0.4513 0.3455
vn 0.8370 -0.3615 0.4108
vn 0.7483 -0.3518 0.5624
vn 0.5985 -0.7170 0.3574
vn 0.5850 -0.7069 0.3976
vn -0.0000 1.0000 0.0000
vn -0.0000 -1.0000 0.0000
vn -0.0000 -1.0000 -0.0000
vn 0.0000 -1.0000 0.0000
vn 0.0000 -1.0000 0.0000
vn 0.0000 -1.0000 0.0000
vn 0.0000 -1.0000 0.0000
vn 0.0000 -1.0000 0.0000
vn -0.0000 -1.0000 0.0000
vn -0.0000 -1.0000 0.0000
vn 0.0000 -1.0000 -0.0000
vn 0.0000 -1.0000 0.0000
vn -0.0488 0.9955 0.0815
vn 0.0000 1.0000 0.0000
vn 0.0000 1.0000 0.0000
vn 0.0000 1.0000 0.0000
vn 0.0000 1.0000 0.0000
vn 0.0000 1.0000 -0.0000
vn -0.0000 1.0000 0.0000
vn 0.0000 1.0000 0.0000
vn 0.0000 1.0000 0.0000
vn -0.6448 0.0217 -0.7641
vn -0.5713 -0.0033 -0.8207
vn -0.9495 -0.0000 -0.3138
vn -0.9413 0.1892 -0.2796
vn -0.5821 0.1988 0.7885
vn -0.9569 0.2204 0.1892
vn -0.9515 0.2334 0.2004
vn -0.6824 0.0691 0.7277
vn -0.1958 0.1935 0.9613
vn -0.2018 0.2252 0.9532
vn -0.0668 0.2269 0.9716
vn -0.0765 0.1872 0.9793
vn 0.4155 0.2788 0.8658
vn 0.2556 0.1761 0.9506
vn -0.0950 0.8631 0.4959
vn -0.3388 0.1975 0.9199
vn -0.3456 0.2014 0.9165
vn 0.1246 0.2115 0.9694
vn 0.0867 0.0000 0.9962
vn 0.1387 -0.0000 0.9903
vn 0.1893 0.2241 0.9560
vn 0.4933 0.2162 0.8426
vn 0.4386 0.1649 0.8834
vn 0.8607 0.1487 0.4868
vn 0.7929 0.0000 0.6094
vn 0.9353 -0.0000 0.3540
vn 0.9641 0.2523 0.0825
vn 0.9318 0.2265 -0.2837
vn 0.9413 0.1892 -0.2797
vn -0.8535 0.1975 0.4823
vn -0.8834 0.0000 0.4686
vn 0.1475 0.1400 0.9791
vn 0.2438 0.2613 0.9340
vn -0.3979 0.1925 0.8970
vn -0.4023 0.1883 0.8959
vn -0.7508 0.1966 0.6306
vn -0.9034 0.0000 0.4287
vn 0.5450 0.1560 0.8238
vn 0.5701 0.0520 0.8199
vn 0.6574 0.0374 0.7527
vn 0.6477 -0.0346 0.7611
vn 0.9293 0.0331 0.3679
vn 0.6067 0.2984 0.7368
vn 0.3490 0.1135 0.9302
vn 0.4273 0.2027 0.8811
vn 0.9376 0.0000 0.3477
vn 0.5663 0.2094 0.7971
vn 0.7992 -0.0000 0.6011
vn 0.7471 -0.2196 0.6274
vn 0.7407 -0.2207 0.6346
vn 0.8066 0.2405 0.5400
vn 0.9674 0.2186 0.1278
vn 0.9584 0.2751 0.0756
vn 0.8308 0.0846 -0.5501
vn 0.8553 0.0228 -0.5176
vn 0.4623 0.2265 -0.8573
vn 0.5094 -0.0080 -0.8605
vn -0.2668 0.1976 0.9433
vn -0.2830 0.1109 0.9527
vn 0.7835 0.2161 0.5826
vn 0.6527 0.0000 0.7576
vn 0.2060 0.0000 0.9785
vn 0.3536 0.2616 0.8981
vn 0.9668 0.1625 0.1974
vn 0.9865 0.0000 0.1638
vn 0.9914 -0.0000 0.1306
vn 0.9763 0.2002 0.0819
vn 0.9353 0.1731 -0.3086
vn 0.9245 0.1867 -0.3324
vn 0.5589 0.2033 -0.8039
vn 0.8549 -0.0154 -0.5186
vn 0.9947 0.0009 -0.1031
vn 0.9948 0.0000 -0.1020
vn 0.4946 -0.0000 0.8691
vn 0.8302 0.2545 0.4960
vn 0.9465 0.2247 0.2317
vn 0.9361 0.1867 0.2981
vn 0.9728 0.1968 -0.1221
vn 0.9962 0.0000 -0.0867
vn 0.9875 0.0000 -0.1575
vn 0.9641 0.1804 -0.1947
vn 0.7467 0.1529 -0.6474
vn 0.8427 0.0000 -0.5383
vn 0.3946 0.0000 -0.9189
vn 0.2681 0.1929 -0.9439
vn -0.2760 0.2265 -0.9341
vn -0.2585 0.0821 -0.9625
vn 0.4818 0.1788 0.8578
vn 0.4686 0.0000 0.8834
vn 0.3661 -0.0000 0.9306
vn 0.6259 0.2299 0.7453
vn 0.8822 0.2061 0.4234
vn 0.8891 0.2282 0.3969
vn 0.9532 0.2316 -0.1945
vn 0.9825 0.1428 -0.1193
vn 0.8223 0.1768 -0.5408
vn 0.8132 0.0000 -0.5820
vn 0.7660 0.0000 -0.6429
vn 0.7660 0.0000 -0.6429
vn 0.5640 0.2273 -0.7939
vn 0.9489 0.0000 -0.3157
vn 0.3139 0.2152 -0.9248
vn 0.3066 0.2097 -0.9284
vn 0.8823 0.2512 -0.3980
vn 0.8031 0.1041 -0.5867
vn 0.4274 0.2644 -0.8645
vn 0.9248 -0.0407 -0.3782
vn 0.6960 -0.0613 -0.7154
vn 0.6347 0.2120 -0.7431
vn 0.5462 0.2122 -0.8104
vn 0.5421 0.2241 -0.8099
vn 0.2443 0.2159 -0.9453
vn 0.3153 0.1493 -0.9372
vn -0.2814 0.2858 -0.9161
vn -0.1291 0.0960 -0.9870
vn -0.7730 0.3467 -0.5312
vn -0.6424 0.0186 -0.7661
vn -0.8594 0.2265 -0.4584
vn -0.8628 -0.0044 -0.5055
vn 0.9416 0.1789 0.2853
vn 0.9377 0.2067 0.2793
vn 0.9144 0.1847 -0.3602
vn 0.9664 0.0053 -0.2571
vn 0.3452 0.2111 -0.9145
vn 0.5540 0.3310 -0.7639
vn 0.8979 0.0023 -0.4401
vn 0.1902 0.2122 -0.9586
vn 0.1427 0.0000 -0.9898
vn 0.1387 0.0000 -0.9903
vn 0.0851 0.2121 -0.9735
vn -0.3101 0.1998 -0.9295
vn -0.3337 0.2124 -0.9184
vn -0.1039 0.8850 -0.4539
vn 0.2153 0.3019 -0.9287
vn 0.4447 0.1046 -0.8895
vn -0.0522 0.1415 -0.9886
vn -0.0745 0.2364 -0.9688
vn -0.2198 0.2380 -0.9461
vn -0.2059 0.1574 -0.9658
vn -0.6238 0.1491 -0.7672
vn -0.6633 0.2311 -0.7118
vn -0.9698 0.1771 -0.1676
vn -0.9660 0.2408 -0.0941
vn -0.9569 0.0000 0.2905
vn -0.9341 0.1805 0.3079
vn 0.8730 0.1789 -0.4537
vn 0.8609 0.2244 -0.4566
vn -0.1452 0.2237 -0.9638
vn -0.0934 0.1728 -0.9805
vn 0.3950 0.2258 -0.8905
vn 0.4401 0.1907 -0.8775
vn 0.7508 0.1966 -0.6306
vn 0.7280 0.2182 -0.6500
vn -0.5440 0.1670 -0.8223
vn -0.5350 0.1972 -0.8215
vn -0.6513 0.1970 -0.7328
vn -0.6517 0.2091 -0.7291
vn -0.9348 0.2151 -0.2827
vn -0.9109 0.1238 -0.3935
vn -0.3793 0.1206 -0.9174
vn -0.4610 0.2064 -0.8631
vn -0.7712 -0.0000 -0.6365
vn -0.4635 0.2064 -0.8617
vn -0.7658 0.0000 -0.6431
vn -0.7658 0.0000 -0.6431
vn -0.7983 0.0000 -0.6022
vn -0.8099 0.2241 -0.5421
vn -0.5603 0.0000 0.8283
vn -0.9810 0.1942 0.0004
vn -0.9883 -0.0409 -0.1470
vn -0.8894 0.0416 0.4552
vn -0.9192 0.2790 0.2779
vn -0.2596 0.1516 0.9537
vn -0.4686 0.0000 0.8834
vn -0.4686 0.0000 0.8834
vn 0.2922 0.1976 -0.9357
vn 0.2859 0.2244 -0.9316
vn -0.7835 0.2161 -0.5826
vn -0.6527 0.0000 -0.7576
vn -0.3597 -0.0000 -0.9331
vn -0.5878 0.2985 -0.7519
vn 0.0853 0.1726 -0.9813
vn 0.0356 0.2171 -0.9755
vn -0.9668 0.1625 -0.1974
vn -0.9517 0.2250 -0.2091
vn -0.9731 0.2267 -0.0400
vn -0.9961 -0.0171 -0.0870
vn -0.9243 0.0352 0.3801
vn -0.9584 0.2031 0.2007
vn -0.9774 0.2060 -0.0469
vn -0.9788 0.1971 -0.0566
vn -0.9330 0.0356 -0.3580
vn -0.9690 0.2034 -0.1399
vn -0.9997 -0.0110 0.0235
vn -0.9679 0.2367 0.0843
vn -0.9471 0.2381 0.2154
vn -0.9570 0.2012 0.2090
vn -0.6851 0.1547 0.7118
vn -0.7131 0.1069 0.6928
vn -0.0631 0.2312 0.9709
vn -0.0897 0.2034 0.9750
vn 0.2834 0.2244 0.9324
vn 0.2813 0.2039 0.9377
vn 0.0000 1.0000 0.0000
vn 0.0000 1.0000 0.0000
vn 0.0000 1.0000 0.0000
vn 0.0000 1.0000 0.0000
vn 0.0000 1.0000 0.0000
vn 0.0000 1.0000 0.0000
vn 0.0000 1.0000 0.0000
vn 0.0000 1.0000 0.0000
vn 0.0000 1.0000 0.0000
vn 0.0000 1.0000 0.0000
vn 0.0000 1.0000 0.0000
vn 0.0000 1.0000 0.0000
vn 0.0000 1.0000 0.0000
vn 0.0000 1.0000 0.0000
vn 0.0000 1.0000 0.0000
vn 0.0000 1.0000 0.0000
vn 0.0000 1.0000 0.0000
vn 0.0000 1.0000 0.0000
vn 0.0000 1.0000 0.0000
vn 0.0000 1.0000 0.0000
vn 0.0000 1.0000 0.0000
vn 0.0000 1.0000 0.0000
vn 0.0000 1.0000 0.0000
vn 0.0000 1.0000 -0.0000
vn 0.0000 1.0000 0.0000
vn 0.0000 1.0000 0.0000
vn 0.0000 1.0000 -0.0000
vn -0.0000 1.0000 0.0000
vn 0.0000 1.0000 0.0000
vn 0.0000 1.0000 0.0000
vn 0.0000 1.0000 0.0000
vn 0.0000 1.0000 0.0000
vn -0.0000 1.0000 0.0000
vn 0.0000 1.0000 0.0000
vn 0.0000 1.0000 0.0000
vn 0.0000 1.0000 0.0000
vn -0.0000 1.0000 0.0000
vn -0.0000 1.0000 0.0000
vn 0.0000 1.0000 0.0000
vn 0.0000 1.0000 -0.0000
vn 0.0000 1.0000 -0.0000
vn 0.0000 1.0000 0.0000
vn 0.0000 1.0000 0.0000
vn 0.0000 1.0000 0.0000
vn 0.0000 1.0000 0.0000
vn 0.0000 1.0000 0.0000
vn 0.0000 1.0000 0.0000
vn 0.0000 1.0000 0.0000
vn 0.0000 1.0000 -0.0000
vn 0.0000 1.0000 0.0000
vn 0.0000 1.0000 0.0000
vn 0.0000 1.0000 0.0000
vn 0.0000 1.0000 0.0000
vn -0.0000 1.0000 0.0000
vn -0.0000 1.0000 0.0000
vn 0.0000 1.0000 -0.0000
vn 0.0000 1.0000 0.0000
vn 0.0000 1.0000 0.0000
vn 0.0000 1.0000 -0.0000
vn 0.0000 1.0000 -0.0000
vn 0.0000 1.0000 0.0000
vn 0.0000 1.0000 -0.0000
vn -0.0000 1.0000 0.0000
vn 0.0000 1.0000 0.0000
vn 0.0000 1.0000 0.0000
vn -0.0000 1.0000 0.0000
vn 0.0000 1.0000 0.0000
vn 0.0000 1.0000 0.0000
vn 0.0000 1.0000 0.0000
vn 0.0000 1.0000 0.0000
vn 0.0000 1.0000 0.0000
vn 0.0000 1.0000 0.0000
vn 0.0000 1.0000 0.0000
vn 0.0000 1.0000 0.0000
vn 0.0000 1.0000 0.0000
vn 0.0000 1.0000 0.0000
vn 0.0000 1.0000 0.0000
vn -0.0000 1.0000 0.0000
vn 0.0000 1.0000 0.0000
vn 0.0000 1.0000 0.0000
vn -0.0000 1.0000 0.0000
vn 0.0000 1.0000 0.0000
vn 0.0000 1.0000 0.0000
vn 0.0000 1.0000 0.0000
vn 0.0000 1.0000 0.0000
vn 0.0000 1.0000 0.0000
vn 0.0000 1.0000 0.0000
vn 0.0000 1.0000 0.0000
vn 0.0000 1.0000 -0.0000
vn 0.0000 1.0000 -0.0000
vn -0.0000 1.0000 0.0000
vn 0.0000 1.0000 0.0000
vn -0.0000 1.0000 0.0000
vn 0.0000 1.0000 0.0000
vn 0.0000 1.0000 0.0000
vn 0.0000 1.0000 0.0000
vn -0.0000 1.0000 0.0000
vn 0.0000 1.0000 -0.0000
vn 0.0000 1.0000 0.0000
vn -0.0000 1.0000 0.0000
vn 0.0000 1.0000 0.0000
vn 0.0000 1.0000 -0.0000
vn 0.0000 1.0000 0.0000
vn 0.0000 1.0000 0.0000
vn 0.0000 1.0000 0.0000
vn 0.0000 1.0000 0.0000
vn -0.0000 1.0000 0.0000
vn -0.0000 1.0000 0.0000
vn 0.0000 1.0000 -0.0000
vn 0.0000 1.0000 0.0000
vn 0.0000 1.0000 0.0000
vn 0.0000 1.0000 0.0000
vn 0.0000 1.0000 0.0000
vn 0.0000 1.0000 0.0000
vn 0.0000 1.0000 0.0000
vn -0.0000 1.0000 0.0000
vn 0.0000 1.0000 0.0000
vn 0.0000 1.0000 0.0000
vn 0.0000 1.0000 0.0000
vn 0.0000 1.0000 0.0000
vn 0.0000 1.0000 0.0000
vn 0.0000 1.0000 0.0000
vn -0.0000 1.0000 0.0000
vn 0.0000 1.0000 0.0000
vn 0.0000 1.0000 0.0000
vn 0.0000 1.0000 0.0000
vn 0.0000 1.0000 0.0000
vn 0.0000 1.0000 0.0000
vn -0.0000 1.0000 -0.0000
vn 0.0000 1.0000 -0.0000
vn 0.0000 1.0000 0.0000
vn 0.0000 1.0000 0.0000
vn 0.0000 1.0000 0.0000
vn -0.4623 0.1630 -0.8716
vn -0.4491 0.0000 -0.8935
vn -0.9852 0.1065 0.1346
vn -0.9988 0.0000 0.0492
vn -0.9141 -0.0000 -0.4054
vn -0.9528 0.1638 -0.2557
vn -0.6273 0.2210 -0.7468
vn -0.3733 0.0000 -0.9277
vn -0.8276 0.1334 0.5453
vn -0.8191 0.0000 0.5736
vn -0.7660 0.0000 0.6429
vn -0.7660 0.0000 0.6429
vn -0.7966 0.0000 0.6045
vn -0.4380 0.2214 0.8713
vn -0.9317 0.1437 0.3337
vn -0.8942 0.2064 0.3973
vn -0.4719 0.1313 0.8718
vn -0.3705 0.2145 0.9037
vn -0.6576 0.1866 0.7299
vn -0.6499 0.2117 0.7300
vn -0.5266 0.2119 0.8233
vn -0.5331 0.1906 0.8243
vn -0.0426 0.2154 0.9756
vn -0.0295 0.2310 0.9725
vn 0.6360 0.1636 0.7541
vn 0.6342 0.1603 0.7563
vn 0.8453 0.2868 0.4509
vn 0.8583 0.1806 0.4803
vn -0.9845 0.0000 0.1752
vn -0.9845 0.0000 0.1752
vn 0.5021 -0.7332 0.4587
vn 0.5322 -0.7072 0.4655
vn 0.4727 -0.7371 0.4829
vn -0.0015 -0.7350 0.6781
vn 0.2583 -0.6495 0.7152
vn 0.3838 -0.7796 0.4949
vn -0.0410 -0.7014 0.7116
vn -0.3746 -0.7237 0.5795
vn -0.3590 -0.6406 0.6788
vn -0.5660 -0.7118 0.4159
vn -0.6812 -0.6316 0.3704
vn -0.5824 -0.7025 -0.4090
vn -0.6795 -0.7268 0.1001
vn -0.7461 -0.6647 0.0380
vn -0.6461 -0.7314 -0.2184
vn -0.6209 -0.7492 -0.2305
vn -0.5347 -0.7060 -0.4644
vn -0.5124 -0.7268 -0.4573
vn 0.6813 -0.7313 -0.0319
vn 0.6712 -0.7408 -0.0257
vn 0.6721 -0.7404 0.0113
vn 0.6769 -0.7358 0.0183
vn 0.6535 -0.6712 0.3498
vn 0.6211 -0.6932 0.3658
vn 0.4346 -0.6254 0.6480
vn 0.3515 -0.7047 0.6164
vn 0.0713 -0.7199 0.6904
vn 0.0337 -0.7402 0.6716
vn -0.1902 -0.6814 0.7067
vn -0.3817 -0.7604 0.5254
vn -0.3473 -0.6464 0.6794
vn -0.5740 -0.7290 0.3729
vn -0.5711 -0.7428 0.3494
vn -0.7127 -0.6845 0.1531
vn -0.6992 -0.7040 0.1244
vn -0.7049 -0.7082 0.0396
vn -0.7060 -0.7071 0.0402
vn 0.4615 -0.7227 -0.5145
vn 0.4655 -0.7072 -0.5322
vn 0.4038 -0.6657 0.6275
vn 0.1518 -0.7284 0.6681
vn 0.0990 -0.6972 0.7100
vn -0.1374 -0.7102 0.6904
vn -0.2037 -0.7578 0.6199
vn -0.4331 -0.7187 0.5440
vn -0.3450 -0.7060 0.6185
vn 0.4345 -0.7135 0.5496
vn 0.7227 -0.6001 0.3430
vn 0.6066 -0.6934 0.3888
vn 0.6878 -0.7191 0.0987
vn 0.6668 -0.7354 0.1203
vn 0.7192 -0.6735 -0.1710
vn 0.6393 -0.7643 -0.0843
vn 0.6591 -0.6754 -0.3308
vn 0.5103 -0.7473 -0.4256
vn 0.4895 -0.7212 -0.4901
vn -0.4630 -0.7055 0.5365
vn -0.4542 -0.7313 0.5089
vn -0.0472 -0.7071 -0.7055
vn -0.0472 -0.7072 -0.7055
vn 0.4344 -0.6716 0.6003
vn 0.1360 -0.7116 0.6893
vn 0.1497 -0.7038 0.6944
vn 0.4326 -0.6614 0.6127
vn 0.6572 -0.6845 0.3154
vn 0.6645 -0.6788 0.3123
vn 0.7020 -0.7097 -0.0592
vn 0.6580 -0.7530 -0.0002
vn 0.6838 -0.6680 -0.2937
vn 0.5945 -0.7220 -0.3540
vn 0.4140 -0.5118 -0.7527
vn 0.4471 -0.6308 -0.6342
vn 0.0963 -0.7339 -0.6725
vn 0.0711 -0.6994 -0.7111
vn 0.0396 -0.7081 0.7050
vn 0.0401 -0.7070 0.7060
vn -0.5323 -0.7071 -0.4655
vn -0.5322 -0.7072 -0.4655
vn 0.6317 -0.6660 -0.3967
vn 0.6633 -0.7347 -0.1425
vn 0.7004 -0.7071 -0.0976
vn 0.6823 -0.6914 0.2377
vn 0.6821 -0.6915 0.2378
vn 0.4760 -0.7558 -0.4496
vn 0.4035 -0.6778 -0.6146
vn 0.1584 -0.7574 -0.6335
vn 0.1213 -0.7306 -0.6719
vn -0.2370 -0.6527 -0.7196
vn 0.1313 -0.8865 -0.4437
vn -0.6272 -0.7100 -0.3202
vn -0.4747 -0.7224 -0.5029
vn -0.5016 -0.7053 -0.5010
vn 0.5363 -0.7056 0.4632
vn 0.5421 -0.6996 0.4655
vn -0.7055 -0.7071 0.0472
vn -0.7055 -0.7072 0.0472
vn 0.6735 -0.6490 -0.3537
vn 0.6513 -0.7493 -0.1198
vn 0.6897 -0.7210 -0.0669
vn 0.5596 -0.7285 -0.3951
vn 0.3856 -0.6556 -0.6492
vn 0.3307 -0.7029 -0.6298
vn 0.0379 -0.7064 -0.7068
vn 0.1044 -0.7699 -0.6295
vn -0.1985 -0.6897 -0.6963
vn -0.3257 -0.7363 -0.5931
vn -0.4053 -0.7035 -0.5838
vn -0.5200 -0.7587 -0.3925
vn -0.3168 -0.8674 -0.3837
vn -0.6890 -0.7044 -0.1704
vn -0.6600 -0.7493 -0.0539
vn -0.7089 -0.7053 0.0004
vn 0.7090 -0.7019 -0.0684
vn 0.6730 -0.7387 -0.0382
vn -0.4522 -0.7544 0.4758
vn -0.4655 -0.7072 0.5322
vn -0.4567 -0.7521 0.4753
vn -0.5953 -0.7230 0.3506
vn -0.5978 -0.7323 0.3261
vn -0.7039 -0.6900 0.1687
vn -0.6585 -0.7494 -0.0695
vn -0.6611 -0.7473 -0.0672
vn -0.6040 -0.6959 -0.3885
vn -0.9962 0.0340 0.0805
vn -0.4261 -0.7328 -0.5306
vn -0.3620 -0.6182 -0.6977
vn -0.1098 -0.7441 -0.6590
vn -0.0448 -0.8023 -0.5953
vn 0.3458 -0.7418 -0.5745
vn 0.3327 -0.7301 -0.5969
vn 0.4704 -0.7082 -0.5264
vn 0.4756 -0.6937 -0.5409
vn 0.1799 -0.7038 0.6873
vn 0.0385 -0.8171 0.5752
vn 0.0576 -0.7073 0.7046
vn 0.0119 -0.6866 0.7270
vn -0.1197 -0.7193 0.6843
vn -0.2067 -0.6905 0.6931
vn -0.4048 -0.7599 0.5086
vn -0.3615 -0.6639 0.6546
vn -0.6325 -0.7124 0.3040
vn -0.6942 -0.5806 0.4255
vn -0.0091 -0.8195 -0.5730
vn -0.3354 -0.8757 -0.3472
vn -0.6617 -0.7096 -0.2422
vn -0.5452 -0.7244 -0.4220
vn -0.5620 -0.7666 -0.3106
vn -0.6492 -0.7097 -0.2735
vn -0.7377 -0.6735 0.0475
vn -0.6826 -0.7308 0.0093
vn 0.0812 -0.7194 -0.6898
vn -0.0440 -0.7072 -0.7057
vn -0.0408 -0.7147 -0.6982
vn -0.1305 -0.7072 0.6948
vn -0.1207 -0.7223 0.6810
vn -0.1422 -0.7021 0.6978
vn -0.5990 -0.6688 0.4404
vn -0.2306 -0.7035 0.6722
vn -0.3466 -0.8182 0.4588
vn -0.3581 -0.5783 0.7330
vn -0.5672 -0.7353 0.3708
vn -0.6343 -0.7409 -0.2207
vn -0.5835 -0.8073 0.0885
vn -0.6672 -0.7153 0.2078
vn -0.5901 0.4228 -0.6877
vn -0.6659 -0.6564 -0.3546
vn -0.6920 -0.7123 -0.1178
vn -0.4654 -0.7486 -0.4723
vn -0.4501 -0.6342 -0.6286
vn -0.9383 -0.3451 0.0216
vn -0.0178 -0.7519 -0.6591
vn -0.1050 -0.6712 -0.7338
vn 0.1425 -0.5795 -0.8024
vn 0.0992 -0.6398 -0.7621
vn 0.1413 -0.7071 -0.6929
vn -0.0472 -0.7125 0.7000
vn 0.2238 -0.7157 0.6616
vn 0.2391 -0.7610 0.6031
vn 0.0140 -0.6585 0.7524
vn 0.6844 -0.6734 0.2795
vn 0.7224 -0.6375 0.2680
vn 0.5128 -0.6994 0.4978
vn 0.5163 -0.6764 0.5253
vn 0.7656 -0.6396 -0.0689
vn 0.4772 -0.8651 -0.1545
vn 0.6759 -0.7368 -0.0161
vn 0.5562 -0.7243 -0.4074
vn 0.5443 -0.7524 -0.3710
vn 0.4562 -0.6784 -0.5758
vn 0.2876 -0.7576 -0.5860
vn 0.2551 -0.7029 -0.6639
vn -0.6470 -0.7562 0.0980
vn -0.6921 -0.7026 0.1651
vn -0.7362 -0.6740 -0.0612
vn -0.5914 -0.7668 -0.2497
vn -0.6693 -0.7061 -0.2314
vn -0.5406 -0.6973 -0.4706
vn -0.4475 -0.7577 -0.4750
vn -0.3779 -0.6746 -0.6341
vn -0.1423 -0.7600 -0.6342
vn -0.2037 -0.6979 -0.6866
vn 0.0681 -0.7026 -0.7083
vn 0.1189 -0.7582 -0.6411
vn 0.2963 -0.6743 -0.6764
vn 0.3614 -0.7211 -0.5912
vn 0.3995 -0.7020 -0.5896
vn 0.3993 -0.7070 -0.5837
vn -0.2492 -0.6757 0.6938
vn -0.3485 -0.7547 0.5559
vn -0.3387 -0.7343 0.5883
vn -0.1268 -0.7269 0.6749
vn -0.0474 -0.8013 0.5963
vn 0.2306 -0.7321 0.6410
vn 0.2521 -0.7553 0.6049
vn 0.3925 -0.6830 0.6160
vn 0.4684 -0.7205 0.5114
vn 0.6468 -0.6247 0.4374
vn 0.6505 -0.6082 0.4549
vn 0.6665 -0.7237 0.1788
vn 0.7283 -0.6694 0.1466
vn 0.6746 -0.7242 -0.1428
vn 0.6637 -0.7367 -0.1296
vn 0.6416 -0.6843 -0.3466
vn 0.4946 -0.7678 -0.4073
vn 0.4963 -0.7029 -0.5095
vn -0.3942 -0.7113 0.5819
vn -0.3940 -0.7070 0.5872
vn -0.3893 -0.7071 0.5903
vn -0.4075 -0.7879 0.4616
vn -0.5637 -0.7971 0.2166
vn -0.6084 -0.7030 0.3683
vn -0.5812 -0.7113 0.3954
vn -0.5474 -0.7381 0.3943
vn -0.6271 -0.7056 0.3299
vn -0.5878 -0.7279 0.3530
vn -0.6977 -0.7011 0.1475
vn -0.7193 -0.6720 0.1760
vn -0.6767 -0.7290 -0.1029
vn -0.6054 -0.7836 -0.1394
vn -0.6363 -0.6275 -0.4486
vn -0.5691 -0.6848 -0.4552
vn -0.3458 -0.6236 -0.7011
vn -0.3473 -0.6335 -0.6914
vn 0.0106 -0.7646 -0.6444
vn -0.0856 -0.6284 -0.7731
vn 0.2442 -0.7454 -0.6203
vn 0.2323 -0.7049 -0.6702
vn 0.4809 -0.6964 -0.5327
vn 0.4792 -0.7584 -0.4419
vn 0.5896 -0.7012 -0.4009
vn 0.5868 -0.7070 -0.3947
vn -0.3252 -0.2874 0.9009
vn -0.9195 -0.3315 0.2115
vn -0.2654 -0.8547 0.4462
vn -0.1690 -0.7063 0.6874
vn 0.0113 -0.6534 0.7570
vn -0.0710 -0.7916 0.6069
vn 0.3551 -0.5090 0.7841
vn 0.1587 -0.7585 0.6320
vn 0.3774 -0.7235 0.5781
vn 0.4578 -0.7645 0.4538
vn 0.4535 -0.7935 0.4058
vn 0.6379 -0.6852 0.3515
vn 0.6805 -0.7251 0.1057
vn 0.6472 -0.7524 0.1225
vn 0.7298 -0.6784 -0.0845
vn 0.6177 -0.7576 -0.2110
vn 0.6498 -0.7029 -0.2891
vn 0.4435 -0.7666 -0.4643
vn 0.5195 -0.7079 -0.4785
vn 0.6812 -0.6562 -0.3246
vn 0.6425 -0.7409 -0.1955
vn 0.2553 -0.6833 -0.6841
vn 0.2336 -0.7049 -0.6697
vn -0.0919 -0.6241 -0.7759
vn -0.0327 -0.7069 -0.7066
vn -0.3003 -0.7257 -0.6190
vn -0.3288 -0.7887 -0.5194
vn -0.4792 -0.7039 -0.5242
vn -0.6102 -0.7007 -0.3697
vn -0.5952 -0.7407 -0.3115
vn -0.8546 -0.5149 0.0675
vn -0.8784 -0.4776 0.0179
vn -0.5897 -0.7811 -0.2054
vn 0.6939 -0.7070 -0.1370
vn 0.7096 -0.6919 -0.1335
vn 0.7130 -0.7010 0.0131
vn 0.6643 -0.7457 0.0508
vn 0.6896 -0.6688 0.2779
vn 0.6415 -0.7048 0.3028
vn 0.5222 -0.7013 0.4852
vn 0.5999 -0.6348 0.4871
vn 0.3491 -0.7457 0.5675
vn 0.4001 -0.8601 0.3163
vn -0.0874 -0.8703 0.4847
vn 0.0627 -0.7318 0.6786
vn -0.1963 -0.6786 0.7078
vn -0.2505 -0.7531 0.6084
vn -0.4447 -0.6613 0.6041
vn -0.4951 -0.7673 0.4076
vn -0.6080 -0.6910 0.3909
vn -0.6789 -0.7040 0.2086
vn -0.6720 -0.7150 0.1928
vn -0.6913 -0.7103 0.1329
vn -0.6949 -0.7070 0.1313
vn -0.6945 -0.7072 -0.1322
vn -0.6894 -0.7129 -0.1283
vn 0.5459 -0.7241 -0.4216
vn 0.6918 -0.6886 -0.2174
vn 0.6274 -0.7687 -0.1243
vn 0.7125 -0.7009 -0.0323
vn 0.1656 -0.8306 -0.5316
vn 0.3994 -0.7013 -0.5904
vn 0.5480 -0.7100 -0.4423
vn 0.3058 -0.7016 -0.6436
vn 0.0024 -0.7060 -0.7082
vn -0.0933 -0.7924 -0.6029
vn -0.2163 -0.7061 -0.6743
vn -0.4382 -0.7038 -0.5592
vn -0.3883 -0.7430 -0.5451
vn -0.5790 -0.6822 -0.4466
vn -0.5866 -0.7575 -0.2865
vn -0.6662 -0.7017 -0.2526
vn 0.6954 -0.7069 0.1296
vn 0.6998 -0.7017 0.1334
vn 0.5276 -0.6808 0.5080
vn 0.5424 -0.8012 0.2528
vn 0.5880 -0.7701 0.2474
vn -0.6119 -0.6823 0.4001
vn -0.4609 -0.7773 0.4282
vn -0.4325 -0.6703 0.6030
vn -0.2142 -0.7385 0.6393
vn -0.1827 -0.6878 0.7025
vn 0.1001 -0.7162 0.6907
vn 0.0646 -0.7567 0.6505
vn 0.3240 -0.6770 0.6608
vn 0.3756 -0.7511 0.5429
vn -0.6429 -0.7625 -0.0732
vn -0.9148 -0.2968 0.2739
vn -0.9198 -0.3028 0.2495
vn -0.6748 -0.7338 -0.0787
vn -0.0596 -0.7556 -0.6524
vn 0.1848 -0.6360 -0.7492
vn 0.2466 -0.7320 -0.6351
vn 0.4435 -0.6803 -0.5836
vn 0.4723 -0.7608 -0.4450
vn 0.5908 -0.6904 -0.4175
vn 0.6605 -0.7178 -0.2205
vn 0.6578 -0.7198 -0.2217
vn 0.7331 -0.6778 0.0566
vn 0.6366 -0.7710 -0.0146
vn 0.6895 -0.6836 0.2393
vn 0.6442 -0.7172 0.2656
vn -0.5478 -0.7416 -0.3873
vn -0.4351 -0.7900 -0.4319
vn -0.2404 -0.7591 -0.6050
vn -0.3608 -0.6755 -0.6431
vn -0.0918 -0.7215 -0.6863
vn 0.5959 -0.6962 0.4002
vn 0.6165 -0.6517 0.4419
vn 0.4262 -0.6680 0.6100
vn 0.1569 -0.7171 0.6791
vn 0.1633 -0.7242 0.6700
vn -0.5852 -0.6930 0.4211
vn -0.4489 -0.7771 0.4411
vn -0.4185 -0.6873 0.5937
vn -0.1327 -0.7185 0.6827
vn -0.1785 -0.8340 0.5221
vn -0.0383 -0.7206 0.6923
vn 0.4317 -0.7790 0.4548
vn -0.5883 -0.7343 -0.3387
vn -0.6491 -0.7324 0.2056
vn -0.6800 -0.6871 0.2559
vn -0.6995 -0.7132 -0.0452
vn -0.6860 -0.7255 -0.0545
vn -0.6996 -0.6494 -0.2980
vn -0.5819 -0.7113 -0.3942
vn -0.5466 -0.7382 -0.3954
vn -0.3956 -0.7109 -0.5815
vn -0.3957 -0.7070 -0.5861
vn 0.4594 -0.7065 0.5384
vn 0.5343 -0.7362 0.4154
vn 0.6168 -0.6702 0.4128
vn 0.7102 -0.6834 0.1691
vn 0.7401 -0.6549 0.1526
vn 0.6604 -0.7387 -0.1352
vn 0.6530 -0.7468 -0.1260
vn 0.6250 -0.7072 -0.3304
vn 0.6038 -0.7205 -0.3409
vn 0.5139 -0.6873 -0.5133
vn 0.3858 -0.7635 -0.5179
vn 0.2648 -0.5708 -0.7772
vn 0.3155 -0.7239 -0.6136
vn 0.0652 -0.6707 -0.7389
vn 0.1109 -0.7430 -0.6600
vn -0.0935 -0.6829 -0.7245
vn -0.2421 -0.7744 -0.5846
vn -0.2707 -0.7518 -0.6013
vn 0.4001 -0.7069 0.5833
vn 0.4005 -0.7017 0.5892
vn -0.2438 -0.8282 0.5046
vn -0.1097 -0.7183 0.6871
vn 0.0842 -0.7221 0.6867
vn 0.1894 -0.8192 0.5413
vn 0.2639 -0.7618 0.5916
vn -0.4368 -0.7675 0.4692
vn -0.4107 -0.7843 0.4651
vn -0.1699 -0.4721 0.8650
vn -0.6117 -0.7023 0.3641
vn -0.6219 -0.7675 0.1559
vn -0.6001 -0.7888 0.1333
vn -0.7376 -0.6684 -0.0961
vn -0.5327 -0.8003 -0.2753
vn -0.7764 -0.5815 -0.2430
vn -0.4385 -0.7631 -0.4748
vn -0.5216 -0.6965 -0.4927
vn 0.1322 -0.7072 -0.6945
vn 0.1203 -0.7244 -0.6788
vn 0.1412 -0.7071 -0.6929
vn 0.0869 -0.7143 0.6944
vn 0.0569 -0.7492 0.6599
vn 0.4082 -0.6271 0.6634
vn 0.2393 -0.7864 0.5695
vn 0.4585 -0.6834 0.5681
vn 0.5480 -0.7325 0.4038
vn 0.5856 -0.7072 0.3961
vn 0.6884 -0.7117 0.1398
vn 0.7737 -0.5854 0.2424
vn 0.6775 -0.7281 -0.1046
vn 0.7188 -0.6796 -0.1465
vn 0.5543 -0.7184 -0.4203
vn 0.5451 -0.7430 -0.3883
vn 0.4462 -0.6829 -0.5785
vn 0.2869 -0.7581 -0.5857
vn 0.2526 -0.7017 -0.6662
vn -0.1253 -0.6974 0.7057
vn -0.1310 -0.6911 0.7108
vn -0.1554 -0.7284 0.6672
vn -0.2330 -0.7045 0.6704
vn -0.3495 -0.7665 0.5387
vn -0.3344 -0.6993 0.6318
vn -0.5172 -0.7045 0.4860
vn -0.5215 -0.7421 0.4210
vn -0.6182 -0.7045 0.3485
vn -0.6216 -0.7683 0.1528
vn -0.6129 -0.7773 0.1422
vn -0.7289 -0.6836 -0.0372
vn -0.6759 -0.7218 -0.1489
vn -0.6935 -0.6770 -0.2464
vn -0.5669 -0.7456 -0.3502
vn -0.5733 -0.7101 -0.4087
vn -0.4420 -0.6990 -0.5622
vn 0.0990 -0.7061 -0.7011
vn -0.0136 -0.7510 -0.6602
vn -0.0491 -0.7195 -0.6927
vn -0.2696 -0.6859 -0.6759
vn -0.2513 -0.7002 -0.6683
vn -0.4427 -0.7045 -0.5547
vn 0.6169 -0.6933 -0.3724
vn 0.6777 -0.7272 -0.1093
vn 0.7550 -0.6286 -0.1866
vn 0.6888 -0.7093 0.1499
vn 0.7106 -0.6814 0.1753
vn 0.5947 -0.7112 0.3749
vn 0.5885 -0.6736 0.4472
vn 0.4924 -0.7205 0.4884
vn 0.4215 -0.6830 0.5965
vn 0.2807 -0.7553 0.5922
vn 0.0138 -0.7612 0.6484
vn -0.0220 -0.7143 0.6995
vn 0.2293 -0.6926 0.6839
vn -0.2157 -0.6757 0.7049
vn -0.3215 -0.7547 0.5719
vn -0.2931 -0.7033 0.6477
vn 0.4744 -0.7768 -0.4142
vn 0.4713 -0.7029 -0.5326
vn -0.3896 -0.7071 0.5901
vn -0.4332 -0.6724 0.6001
vn -0.4343 -0.6488 0.6248
vn -0.4890 -0.7036 0.5155
vn -0.6275 -0.6332 0.4530
vn -0.6122 -0.7036 0.3607
vn -0.6481 -0.7552 0.0982
vn -0.6928 -0.7025 0.1630
vn -0.7369 -0.6726 -0.0679
vn -0.5330 -0.7906 -0.3015
vn -0.8215 -0.4941 -0.2846
vn -0.4713 -0.7252 -0.5020
vn -0.4620 -0.6124 -0.6415
vn -0.1182 -0.7738 -0.6223
vn -0.1909 -0.6965 -0.6917
vn 0.0956 -0.7024 -0.7053
vn 0.1613 -0.7784 -0.6067
vn 0.3213 -0.6867 -0.6521
vn 0.3910 -0.7156 -0.5788
vn 0.3922 -0.7148 -0.5790
vn 0.3896 -0.7071 -0.5901
vn 0.5846 -0.7072 -0.3977
vn 0.5651 -0.7244 -0.3950
vn 0.5898 -0.7071 -0.3901
vn -0.4226 -0.7252 0.5436
vn -0.1363 0.1082 0.9847
vn -0.2311 -0.8878 0.3979
vn -0.0707 -0.7459 0.6624
vn -0.0906 -0.7476 0.6580
vn 0.1326 -0.9031 0.4083
vn 0.4786 -0.7895 0.3842
vn 0.4751 -0.7747 0.4172
vn 0.9760 0.1174 0.1835
vn 0.4476 -0.8464 0.2885
vn 0.6855 -0.7189 0.1152
vn 0.6530 -0.7527 -0.0842
vn 0.5803 -0.8034 -0.1331
vn 0.6497 -0.7017 -0.2925
vn -0.6542 -0.6027 0.4569
vn -0.6308 -0.6284 0.4552
vn -0.6107 -0.6812 0.4038
vn -0.6278 -0.7057 0.3285
vn -0.5995 -0.6595 -0.4535
vn -0.7395 -0.6485 0.1806
vn -0.7195 -0.6680 0.1897
vn -0.7058 -0.7074 0.0391
vn -0.7034 -0.7012 -0.1162
vn -0.7039 -0.7008 -0.1159
vn -0.6577 -0.7074 -0.2588
vn -0.5325 -0.7856 -0.3151
vn -0.4646 -0.6609 -0.5894
vn -0.3508 -0.7242 -0.5936
vn -0.2160 -0.6719 -0.7084
vn -0.1254 -0.7410 -0.6597
vn 0.0542 -0.6816 -0.7298
vn 0.2370 -0.8341 -0.4981
vn 0.1973 -0.5735 -0.7951
vn 0.4776 -0.7544 -0.4503
vn 0.4927 -0.6965 -0.5216
vn -0.6583 -0.7297 0.1849
vn -0.6928 -0.7069 0.1427
vn -0.7263 -0.6738 0.1362
vn 0.5028 -0.8420 -0.1954
vn 0.6968 -0.4557 -0.5539
vn 0.1549 -0.6980 -0.6991
vn 0.2776 -0.8213 -0.4984
vn 0.2414 -0.5736 -0.7827
vn 0.4498 -0.7516 -0.4825
vn 0.5105 -0.7097 -0.4855
vn 0.6493 -0.6962 -0.3061
vn -0.0617 -0.7098 -0.7017
vn -0.0988 -0.7525 -0.6512
vn -0.2427 -0.6975 -0.6742
vn -0.3932 -0.7211 -0.5704
vn -0.3879 -0.7054 -0.5932
vn -0.6719 -0.6082 -0.4228
vn -0.5024 -0.7637 -0.4054
vn -0.7044 -0.6779 -0.2103
vn -0.6509 -0.7576 -0.0498
vn -0.7112 -0.7029 0.0093
vn 0.7171 -0.6966 0.0196
vn 0.4904 -0.8657 -0.1004
vn 0.4993 -0.8617 -0.0898
vn -0.4513 -0.7050 0.5471
vn -0.4361 -0.6641 0.6072
vn -0.2232 -0.7475 0.6257
vn -0.1824 -0.6846 0.7058
vn 0.0863 -0.7206 0.6879
vn 0.0436 -0.7665 0.6407
vn 0.3425 -0.6798 0.6485
vn 0.3676 -0.7497 0.5503
vn 0.5656 -0.6639 0.4892
vn 0.5655 -0.7611 0.3176
vn 0.7025 -0.6661 0.2504
vn 0.6660 -0.7457 0.0189
vn 0.7128 -0.7010 -0.0211
vn -0.5876 -0.7029 0.4008
vn -0.6692 -0.6365 0.3836
vn 0.6945 -0.7072 0.1322
vn 0.6788 -0.7244 0.1203
vn 0.6929 -0.7071 0.1412
vn 0.3136 -0.6751 0.6678
vn 0.0547 -0.8017 0.5952
vn 0.1308 -0.7145 0.6873
vn -0.1826 -0.6885 0.7019
vn -0.1697 -0.6668 0.7257
vn -0.3933 -0.7380 0.5483
vn -0.3907 -0.7931 0.4674
vn -0.6015 -0.6954 0.3932
vn 0.6464 -0.6942 0.3166
vn 0.3998 -0.7530 0.5226
vn 0.5390 -0.6671 0.5143
vn 0.6041 -0.7564 0.2509
vn -0.7141 -0.6933 0.0971
vn -0.7277 -0.6798 0.0911
vn -0.6011 -0.7125 0.3619
vn -0.6963 -0.7070 -0.1236
vn -0.7050 -0.6964 -0.1344
vn -0.6929 -0.7071 -0.1413
vn 0.7167 -0.6972 -0.0148
vn 0.6345 -0.6559 -0.4089
vn 0.6073 -0.7216 -0.3325
vn 0.7685 -0.6280 -0.1224
vn 0.5529 -0.8288 0.0861
vn 0.3188 -0.7467 -0.5838
vn 0.4222 -0.6429 -0.6391
vn 0.1546 -0.6952 -0.7020
vn 0.0608 -0.6127 -0.7880
vn -0.0977 -0.7605 -0.6419
vn -0.2225 -0.6908 -0.6879
vn -0.4086 -0.7233 -0.5567
vn -0.3710 -0.7524 -0.5442
vn -0.5764 -0.6776 -0.4567
vn -0.5870 -0.7569 -0.2872
vn -0.6639 -0.7029 -0.2551
vn -0.6477 -0.7033 -0.2931
vn -0.6501 -0.7301 0.2107
vn -0.6885 -0.6683 0.2817
vn -0.6834 -0.7297 -0.0225
vn -0.6847 -0.7285 -0.0215
vn -0.7106 -0.6516 -0.2653
vn -0.5901 -0.7071 -0.3896
vn -0.5931 -0.6977 -0.4018
vn -0.5806 -0.7071 -0.4036
vn 0.6571 -0.7450 0.1149
vn 0.6790 -0.6809 0.2744
vn 0.6310 -0.7157 0.2992
vn 0.6628 -0.7261 -0.1829
vn 0.6530 -0.7341 -0.1866
vn 0.7295 -0.6833 0.0306
vn 0.1000 -0.9291 -0.3561
vn 0.6361 -0.7153 -0.2894
vn -0.1104 -0.6778 -0.7269
vn 0.2102 -0.6716 -0.7105
vn 0.2129 -0.6688 -0.7123
vn 0.4426 -0.7555 -0.4830
vn -0.5155 -0.7036 -0.4890
vn -0.5151 -0.6949 -0.5018
vn -0.3563 -0.7113 -0.6058
vn -0.3442 -0.6895 -0.6373
vn -0.0768 -0.7214 -0.6882
vn 0.5854 -0.7012 0.4069
vn 0.5818 -0.7128 0.3916
vn 0.5901 -0.7071 0.3896
vn 0.3767 -0.7000 0.6067
vn 0.1006 -0.7113 0.6956
vn 0.1953 -0.5824 0.7891
vn -0.1474 -0.7207 0.6774
vn -0.1123 -0.6630 0.7401
vn -0.3886 -0.6358 0.6669
vn -0.4300 -0.7922 0.4331
vn -0.5760 -0.7020 0.4188
vn 0.4139 -0.7769 0.4744
vn 0.5332 -0.7030 0.4706
vn 0.3977 -0.7072 0.5846
vn 0.3950 -0.7244 0.5651
vn 0.3982 -0.7364 0.5469
vn 0.2932 -0.7018 0.6492
vn 0.1570 -0.7905 0.5920
vn 0.0875 -0.7224 0.6859
vn -0.1069 -0.7171 0.6887
vn -0.2786 -0.8498 0.4476
vn -0.1909 0.1005 0.9765
vn -0.4176 -0.7209 0.5530
vn -0.6114 -0.7038 0.3617
vn -0.6267 -0.6351 0.4516
vn -0.6484 -0.7549 0.0983
vn -0.6933 -0.7021 0.1626
vn -0.7371 -0.6721 -0.0704
vn -0.5308 -0.7925 -0.3004
vn -0.8169 -0.5025 -0.2831
vn -0.5249 -0.7033 -0.4794
vn -0.4655 -0.5822 -0.6666
vn -0.4591 -0.6487 -0.6070
vn -0.3900 -0.7071 -0.5898
vn 0.3994 -0.7359 0.5467
vn 0.5269 -0.7105 0.4665
vn 0.5220 -0.7944 0.3105
vn 0.6279 -0.7255 0.2817
vn 0.7675 -0.6392 -0.0483
vn 0.5476 -0.8343 0.0640
vn 0.6939 -0.7079 -0.1316
vn 0.6210 -0.7092 -0.3337
vn 0.6164 -0.7126 -0.3350
vn 0.5034 -0.6960 -0.5120
vn 0.3889 -0.7605 -0.5200
vn 0.3129 -0.6215 -0.7183
vn 0.1042 -0.7341 -0.6710
vn -0.0007 -0.6143 -0.7891
vn -0.2110 -0.7576 -0.6177
vn -0.2891 -0.7029 -0.6498
vn -0.5216 -0.7267 -0.4470
vn -0.6654 -0.7092 -0.2332
vn -0.6500 -0.7358 -0.1900
vn -0.7617 -0.6473 0.0295
vn -0.6735 -0.7321 0.1021
vn -0.4058 -0.8065 -0.4300
vn -0.3819 -0.7545 -0.5337
vn -0.2414 -0.7065 -0.6653
vn -0.1335 -0.7070 -0.6945
vn -0.1285 -0.6879 -0.7143
vn -0.1669 -0.7418 -0.6495
vn 0.2936 -0.6598 0.6917
vn 0.2153 -0.7139 0.6664
vn 0.4462 -0.7612 0.4706
vn 0.4541 -0.7143 0.5325
vn 0.6296 -0.6926 0.3520
vn 0.5892 -0.7849 0.1918
vn 0.6670 -0.7302 0.1479
vn 0.7060 -0.7055 -0.0621
vn 0.6718 -0.7350 -0.0924
vn 0.6634 -0.6618 -0.3492
vn 0.5958 -0.7157 -0.3643
vn 0.4278 -0.5922 -0.6829
vn 0.4069 -0.7652 -0.4988
vn 0.2102 -0.6784 -0.7039
vn 0.0498 -0.7576 -0.6508
vn -0.0093 -0.7029 -0.7112
vn 0.1356 -0.7070 0.6941
vn 0.1393 -0.7195 0.6804
vn 0.1262 -0.7012 0.7017
vn -0.7119 -0.4670 0.5245
vn 0.0283 -0.7017 0.7119
vn -0.0188 -0.7506 0.6605
vn -0.2257 -0.6684 0.7087
vn -0.3067 -0.7499 0.5861
vn -0.4536 -0.6684 0.5895
vn -0.5622 -0.7782 0.2801
vn -0.8747 0.0000 0.4847
vn -0.1316 0.0052 0.9913
vn -0.1002 0.0000 0.9950
vn -0.0957 0.0101 0.9954
vn -0.1006 0.0112 0.9949
vn -0.1006 -0.0005 0.9949
vn -0.1919 0.0001 0.9814
vn -0.2716 -0.0054 0.9624
vn -0.2542 0.0050 0.9671
vn -0.9091 0.0342 0.4151
vn -0.8768 -0.0063 0.4808
vn -0.9800 -0.0142 0.1985
vn -0.9856 -0.0379 -0.1647
vn -0.8747 0.0000 0.4847
vn -0.7961 0.0000 0.6052
vn -0.7961 0.0000 0.6052
vn -0.7217 0.0000 0.6922
vn -0.6865 0.0105 0.7270
vn -0.6626 0.0000 0.7490
vn -0.5587 0.0000 0.8294
vn -0.5587 0.0000 0.8294
vn -0.4494 0.0000 0.8933
vn -0.4158 0.0109 0.9094
vn -0.3748 0.0000 0.9271
vn -0.2635 0.0000 0.9647
vn -0.9937 -0.0194 0.1101
vn 0.8713 0.0000 -0.4908
vn 0.0421 0.0000 -0.9991
vn -0.7970 -0.0547 0.6015
vn -0.9357 0.0009 0.3529
vn -0.9365 -0.0000 0.3505
vn -0.9599 -0.0247 0.2792
vn -0.7434 0.0000 -0.6688
vn 0.0868 0.0119 -0.9962
vn 0.1285 0.0040 -0.9917
vn 0.0868 -0.0028 -0.9962
vn 0.2483 0.0023 -0.9687
vn 0.2245 0.0158 -0.9744
vn 0.9061 0.0381 -0.4213
vn 0.8756 0.0000 -0.4829
vn 0.9173 0.0000 -0.3982
vn 0.9173 0.0000 -0.3982
vn 0.8713 0.0000 -0.4908
vn 0.8077 0.0000 -0.5896
vn 0.7876 0.0106 -0.6160
vn 0.7567 0.0000 -0.6537
vn 0.6765 0.0000 -0.7364
vn 0.6765 0.0000 -0.7364
vn 0.5471 0.0000 -0.8370
vn 0.5471 0.0000 -0.8370
vn 0.4431 0.0000 -0.8964
vn 0.4031 0.0109 -0.9151
vn 0.3682 0.0000 -0.9297
vn 0.2566 0.0000 -0.9665
vn 0.0421 0.0000 -0.9991
vn -0.0771 -0.0000 -0.9970
vn -0.0771 0.0000 -0.9970
vn -0.2389 -0.0000 -0.9710
vn -0.2389 0.0000 -0.9710
vn -0.3495 -0.0000 -0.9369
vn -0.3786 0.0069 -0.9255
vn -0.4250 -0.0097 -0.9051
vn -0.5390 -0.0110 -0.8423
vn -0.5563 0.0000 -0.8310
vn -0.6422 -0.0000 -0.7665
vn -0.6693 0.0108 -0.7429
vn -0.7028 0.0000 -0.7114
vn -0.7434 -0.0000 -0.6688
vn -0.7623 0.0047 -0.6472
vn -0.7922 -0.0051 -0.6103
vn -0.8128 0.0010 -0.5826
vn -0.8268 -0.0000 -0.5626
vn -0.8379 -0.0003 -0.5458
vn -0.8561 -0.0107 -0.5167
vn -0.8965 -0.0075 -0.4431
vn -0.8965 -0.0075 -0.4430
vn -0.9211 -0.0106 -0.3892
vn -0.9355 -0.0056 -0.3532
vn -0.9497 -0.0216 -0.3124
vn -0.9833 -0.0231 -0.1804
vn -0.9905 0.0000 -0.1373
vn -0.9983 -0.0000 -0.0583
vn -0.9998 0.0110 -0.0173
vn -0.9997 0.0000 0.0237
vn -0.9893 0.0000 0.1462
vn 0.9866 0.0000 -0.1632
vn 0.8271 0.0000 0.5621
vn 0.9341 0.0000 -0.3570
vn 0.9521 0.0107 -0.3057
vn 0.9602 -0.0000 -0.2793
vn 0.9602 0.0000 -0.2793
vn 0.7463 -0.0000 0.6656
vn 0.7271 0.0000 0.6865
vn 0.7271 0.0000 0.6865
vn 0.7463 0.0000 0.6656
vn 0.7650 0.0038 0.6440
vn 0.7922 -0.0051 0.6102
vn 0.8145 0.0016 0.5801
vn 0.8273 0.0002 0.5617
vn 0.8586 -0.0009 0.5127
vn 0.8654 0.0035 0.5011
vn 0.8977 -0.0099 0.4406
vn 0.9220 -0.0102 0.3871
vn 0.9417 0.0001 0.3363
vn 0.9506 -0.0092 0.3103
vn 0.9773 -0.0088 0.2117
vn 0.9834 -0.0211 0.1802
vn 0.9992 0.0000 0.0404
vn 0.9984 0.0000 0.0573
vn 0.9995 0.0068 0.0325
vn 0.9997 -0.0084 -0.0246
vn 0.9892 -0.0091 -0.1461
vn -0.9239 0.0000 0.3827
vn -0.9239 0.0000 0.3827
vn 0.3827 0.0000 0.9239
vn 0.3827 -0.0000 0.9239
vn 0.3827 -0.0000 0.9239
vn 0.3827 -0.0000 0.9239
vn 0.8973 0.0104 -0.4412
vn 0.9239 0.0000 -0.3827
vn 0.7457 -0.0000 0.6663
vn 0.7527 -0.0051 0.6583
vn 0.7568 0.0014 0.6536
vn -0.7528 0.0000 -0.6583
vn -0.7528 -0.0000 -0.6583
vn -0.7528 -0.0000 -0.6583
vn -0.4552 -0.0000 -0.8904
vn -0.4552 0.0000 -0.8904
vn -0.3487 -0.0000 -0.9372
vn -0.3307 -0.0094 -0.9437
vn 0.2457 -0.0174 -0.9692
vn 0.2875 -0.0422 -0.9569
vn 0.6679 -0.0398 -0.7432
vn 0.6921 -0.0217 -0.7214
vn 0.9601 -0.0458 -0.2757
vn 0.9954 0.0372 -0.0885
vn 0.9894 0.0307 0.1421
vn 0.9788 -0.0053 0.2046
vn 0.9984 -0.0000 -0.0561
vn 0.9786 -0.0673 -0.1944
vn 0.9722 -0.0383 -0.2311
vn -0.9978 0.0000 0.0668
vn -0.9978 -0.0000 0.0668
vn -0.9978 0.0000 0.0668
vn 0.9988 -0.0269 0.0409
vn -0.9967 -0.0000 -0.0814
vn -0.9967 0.0000 -0.0814
vn -0.7982 -0.0000 -0.6024
vn -0.8428 0.0480 -0.5361
vn -0.3201 -0.0374 -0.9466
vn -0.1609 0.0132 -0.9869
vn 0.1040 0.0023 -0.9946
vn 0.0992 -0.0006 -0.9951
vn 0.1553 -0.0008 -0.9879
vn 0.1605 -0.0029 -0.9870
vn 0.8888 0.0019 -0.4584
vn 0.9218 -0.0360 -0.3860
vn 0.9988 -0.0271 0.0412
vn 0.0547 -0.0214 -0.9983
vn 0.0140 0.0063 -0.9999
vn 0.2385 0.0106 -0.9711
vn 0.2621 0.0000 -0.9651
vn 0.6663 0.0000 -0.7457
vn 0.6663 -0.0000 -0.7457
vn 0.6663 0.0000 -0.7457
vn -0.7008 0.0000 0.7134
vn -0.6890 -0.0428 0.7235
vn -0.7190 -0.0037 0.6950
vn -0.8945 -0.0465 0.4447
vn -0.9493 -0.0016 0.3144
vn -0.9842 -0.0012 -0.1773
vn -0.9840 -0.0018 -0.1782
vn -0.9979 0.0001 0.0646
vn -0.9979 0.0000 0.0644
vn -0.5385 -0.0000 -0.8426
vn -0.4888 -0.0303 -0.8719
vn -0.0561 0.0000 -0.9984
vn -0.0600 -0.0019 -0.9982
vn -0.0622 0.0004 -0.9981
vn 0.0668 0.0000 0.9978
vn -0.0688 0.3113 0.9478
vn 0.3819 0.0000 0.9242
vn 0.0815 0.0000 0.9967
vn -0.3564 -0.0690 0.9318
vn -0.5693 0.0071 0.8221
vn -0.2691 0.0034 0.9631
vn -0.2759 0.0000 0.9612
vn -0.8526 0.0000 0.5226
vn -0.8667 -0.0117 0.4988
vn -0.9978 0.0168 0.0642
vn -0.9996 0.0000 0.0298
vn -0.8080 -0.0000 -0.5891
vn -0.7717 -0.0350 -0.6351
vn -0.6047 -0.0564 -0.7944
vn -0.4181 0.0227 -0.9081
vn -0.6784 0.7071 -0.1995
vn -0.3534 0.8386 0.4145
vn 0.1374 0.7077 0.6930
vn 0.0616 0.7055 0.7061
vn 0.5319 0.7310 0.4274
vn 0.7657 0.6321 0.1193
vn -0.6247 0.7071 0.3313
vn -0.5492 0.6994 0.4574
vn 0.6131 0.3076 0.7277
vn 0.6296 0.5245 0.5731
vn 0.2726 0.9519 0.1396
vn 0.2299 0.9566 0.1790
vn 0.5329 0.8051 -0.2604
vn 0.5251 0.6608 -0.5363
vn 0.3151 0.7446 -0.5885
vn -0.1635 0.8099 0.5633
vn 0.1710 0.7361 0.6549
vn 0.5995 0.6283 0.4959
vn 0.6936 0.7048 0.1489
vn 0.7040 0.7077 0.0600
vn 0.4748 0.8787 -0.0492
vn 0.4998 0.8655 -0.0331
vn 0.6925 0.7077 -0.1397
vn 0.7061 0.7054 -0.0616
vn 0.5955 0.7165 -0.3635
vn 0.4238 0.6887 -0.5883
vn 0.1728 0.8065 -0.5654
vn -0.1715 0.7959 -0.5806
vn 0.3313 0.7071 0.6247
vn 0.4510 0.7002 0.5534
vn 0.5906 0.7065 -0.3900
vn 0.5312 0.7060 -0.4684
vn 0.6636 0.4996 -0.5569
vn 0.4827 0.7048 -0.5199
vn -0.5351 0.6611 -0.5260
vn -0.6103 0.7225 -0.3249
vn 0.6430 0.7524 -0.1431
vn 0.5216 0.6858 -0.5076
vn 0.1378 0.7055 -0.6952
vn 0.0614 0.7077 -0.7038
vn -0.3735 0.8363 -0.4013
vn -0.6782 0.7071 0.2002
vn -0.3420 0.6875 -0.6405
vn -0.5419 0.7066 -0.4551
vn -0.5419 0.7066 -0.4551
vn -0.5880 0.7066 -0.3936
vn -0.6180 0.7108 0.3359
vn -0.4513 0.7002 0.5532
vn -0.6657 0.7462 -0.0020
vn -0.5466 0.8284 -0.1223
vn -0.3313 0.7071 0.6247
vn -0.3313 0.7071 0.6247
vn -0.6674 0.1299 -0.7333
vn -0.6944 0.7172 -0.0595
vn -0.7073 0.7053 0.0479
vn -0.6327 0.7199 0.2854
vn -0.6356 0.7178 -0.2843
vn -0.7073 0.7053 -0.0479
vn -0.6934 0.7181 0.0595
vn -0.3487 0.8580 0.3771
vn -0.3313 0.7071 -0.6247
vn -0.3313 0.7071 -0.6247
vn -0.6599 0.7501 0.0431
vn -0.7516 0.6514 0.1036
vn -0.6780 0.6682 -0.3064
vn -0.4486 0.7005 -0.5550
vn -0.5903 0.7065 0.3904
vn -0.5420 0.7066 0.4549
vn -0.5420 0.7066 0.4549
vn -0.3566 0.6905 0.6293
vn 0.3355 0.8354 0.4354
vn -0.9627 -0.0189 0.2699
vn -0.9513 0.0000 0.3083
vn -0.8925 -0.0000 -0.4510
vn -0.8803 -0.0140 -0.4743
vn -0.7457 0.0000 -0.6663
vn -0.7799 -0.0258 -0.6254
vn -0.7845 -0.0180 -0.6198
vn 0.6917 0.0000 0.7222
vn 0.7100 -0.0613 0.7015
vn 0.5757 0.0573 0.8157
vn 0.0493 -0.0265 0.9984
vn 0.6470 -0.0103 0.7624
vn 0.7122 0.0525 0.7000
vn 0.0351 -0.0191 0.9992
vn -0.4783 -0.0393 0.8773
vn -0.6259 0.0316 0.7793
vn -0.7075 0.0300 0.7060
vn -0.7811 -0.0216 0.6240
vn -0.9984 -0.0000 0.0561
vn -0.9984 -0.0000 0.0561
vn -0.9984 0.0000 0.0561
vn 0.9999 -0.0000 0.0152
vn 0.9983 -0.0570 -0.0103
vn 0.9887 0.0465 0.1425
vn 0.9983 0.0442 0.0373
vn 0.9891 -0.0164 0.1464
vn 0.9556 -0.0169 0.2941
vn 0.9656 0.0000 0.2600
vn 0.2275 0.0000 0.9738
vn 0.1961 -0.0160 0.9804
vn 0.1416 -0.0175 0.9898
vn 0.1394 -0.0188 0.9901
vn -0.4685 -0.0164 0.8833
vn -0.4563 -0.0102 0.8898
vn -0.7433 -0.0096 0.6689
vn -0.7314 0.0000 0.6820
vn -0.6663 0.0000 0.7457
vn -0.6247 -0.0262 0.7805
vn -0.6164 -0.0146 0.7873
vn 0.7299 0.0000 -0.6835
vn 0.7076 -0.0704 -0.7031
vn 0.8006 0.0344 -0.5982
vn 0.5095 0.0351 -0.8597
vn 0.5723 0.0000 -0.8200
vn 0.9999 0.0000 -0.0101
vn 0.9998 -0.0112 0.0173
vn 0.9967 -0.0119 0.0807
vn 0.9893 -0.0384 0.1406
vn 0.9585 -0.0333 0.2830
vn 0.7373 -0.1454 0.6597
vn 0.4485 -0.0047 0.8938
vn 0.2969 -0.0147 0.9548
vn 0.2184 0.0195 0.9757
vn -0.2335 0.0149 0.9722
vn -0.2776 -0.0116 0.9606
vn 0.0561 0.0000 0.9984
vn 0.0561 -0.0000 0.9984
vn 0.0561 0.0000 0.9984
vn -0.0668 0.0000 -0.9978
vn -0.0669 -0.0000 -0.9978
vn -0.0668 -0.0000 -0.9978
vn 0.4613 -0.0000 0.8873
vn 0.2950 0.0000 -0.9555
vn 0.3280 -0.0218 -0.9444
vn 0.3604 -0.0210 -0.9326
vn 0.3016 0.0000 -0.9534
vn 0.9471 0.0000 -0.3210
vn 0.9473 -0.0003 -0.3204
vn 0.9975 -0.0001 -0.0704
vn 0.9970 -0.0033 -0.0769
vn 0.9224 -0.0040 0.3863
vn 0.9138 -0.0150 0.4059
vn 0.5824 -0.0164 0.8127
vn 0.5454 -0.0378 0.8373
vn 0.3599 -0.0356 0.9323
vn 0.0000 -1.0000 -0.0000
vn 0.0000 -1.0000 -0.0000
vn -0.0000 -1.0000 0.0000
vn 0.0000 -1.0000 -0.0000
vn 0.0000 -1.0000 0.0000
vn 0.0000 -1.0000 0.0000
vn 0.0000 -1.0000 0.0003
vn 0.0001 -1.0000 0.0003
vn -0.0001 -1.0000 0.0001
vn -0.0001 -1.0000 0.0000
vn -0.0000 -1.0000 0.0001
vn -0.0003 -1.0000 0.0003
vn 0.0001 -1.0000 -0.0001
vn 0.0002 -1.0000 -0.0001
vn -0.0001 -1.0000 -0.0004
vn -0.0002 -1.0000 -0.0006
vn -0.0002 -1.0000 -0.0001
vn -0.0002 -1.0000 0.0001
vn -0.0001 -1.0000 0.0005
vn 0.0000 -1.0000 -0.0001
vn 0.0003 -1.0000 0.0001
vn 0.0002 -1.0000 -0.0002
vn 0.0000 -1.0000 0.0000
vn 0.0003 -1.0000 -0.0002
vn 0.0002 -1.0000 -0.0003
vn 0.0003 -1.0000 -0.0002
vn 0.0000 -1.0000 0.0000
vn -0.0004 -1.0000 0.0002
vn 0.0000 -1.0000 -0.0003
vn -0.0013 -1.0000 0.0002
vn -0.0007 -1.0000 -0.0014
vn -0.0001 -1.0000 -0.0014
vn 0.0040 -0.9998 0.0177
vn -0.0020 -0.9999 0.0164
vn 0.0000 -1.0000 0.0000
vn 0.0000 -1.0000 0.0000
vn 0.0000 -1.0000 0.0000
vn 0.0000 -1.0000 0.0000
vn 0.0000 -1.0000 0.0000
vn 0.1269 -0.9808 0.1478
vn 0.0734 -0.9970 -0.0263
vn -0.3117 0.9457 0.0922
vn -0.0776 -0.9968 0.0193
vn -0.0001 -1.0000 -0.0001
vn 0.0003 -1.0000 0.0003
vn 0.0000 -1.0000 -0.0003
vn 0.0052 -1.0000 -0.0058
vn -0.0006 -1.0000 0.0001
vn -0.0162 0.9989 -0.0443
vn -0.0001 -1.0000 0.0000
vn 0.0002 -1.0000 0.0013
vn -0.0001 -1.0000 -0.0000
vn -0.0001 -1.0000 -0.0000
vn -0.0001 -1.0000 -0.0001
vn -0.0002 -1.0000 -0.0004
vn -0.0005 -1.0000 -0.0000
vn 0.0008 -1.0000 0.0002
vn 0.0004 -1.0000 -0.0001
vn 0.0002 -1.0000 -0.0003
vn 0.0002 -1.0000 -0.0003
vn 0.0002 -1.0000 -0.0003
vn 0.0001 -1.0000 -0.0003
vn 0.0002 -1.0000 -0.0002
vn 0.0000 -1.0000 -0.0001
vn 0.0001 -1.0000 -0.0002
vn 0.0002 -1.0000 -0.0003
vn -0.0086 -0.9999 0.0135
vn -0.0046 -0.9999 0.0141
vn -0.0659 -0.9932 0.0963
vn -0.0324 -0.9984 0.0454
vn 0.0963 -0.9945 -0.0420
vn 0.0657 -0.9978 0.0011
vn 0.0396 -0.9990 0.0207
vn 0.0637 -0.9971 0.0405
vn 0.1164 -0.9926 -0.0341
vn 0.0009 -1.0000 0.0005
vn -0.0402 -0.9915 0.1240
vn 0.0368 -0.9978 0.0549
vn 0.0000 -1.0000 0.0000
vn 0.0000 -1.0000 0.0000
vn 0.0000 -1.0000 0.0000
vn -0.0003 -1.0000 0.0003
vn -0.0000 -1.0000 0.0000
vn -0.0000 -1.0000 0.0000
vn 0.0000 -1.0000 0.0000
vn 0.0000 -1.0000 0.0000
vn -0.0006 -1.0000 0.0002
vn 0.0002 -1.0000 -0.0001
vn -0.0025 -1.0000 0.0010
vn 0.0000 -1.0000 -0.0000
vn 0.0000 -1.0000 0.0000
vn 0.0000 -1.0000 0.0000
vn 0.0000 -1.0000 0.0000
vn -0.0000 -1.0000 -0.0001
vn -0.0030 -1.0000 -0.0077
vn -0.0007 -1.0000 -0.0015
vn -0.0005 -1.0000 -0.0001
vn -0.0008 -1.0000 0.0004
vn 0.0001 -1.0000 0.0003
vn 0.0002 -1.0000 -0.0003
vn 0.0002 -1.0000 -0.0004
vn -0.0000 -1.0000 -0.0000
vn -0.0001 -1.0000 -0.0000
vn -0.0005 -1.0000 0.0003
vn 0.0004 -1.0000 0.0004
vn -0.0000 -1.0000 0.0001
vn 0.0002 -1.0000 -0.0000
vn -0.0000 -1.0000 -0.0001
vn -0.0000 -1.0000 -0.0001
vn -0.0000 -1.0000 -0.0001
vn -0.0001 -1.0000 -0.0000
vn -0.0004 -1.0000 0.0000
vn -0.0000 -1.0000 0.0001
vn -0.0001 -1.0000 0.0006
vn -0.0008 -1.0000 0.0001
vn -0.0007 -1.0000 0.0002
vn -0.0002 -1.0000 0.0004
vn 0.0000 -1.0000 0.0008
vn -0.0000 -1.0000 -0.0000
vn -0.0001 -1.0000 -0.0002
vn -0.0001 -1.0000 -0.0001
vn -0.0002 -1.0000 -0.0004
vn -0.0001 -1.0000 -0.0002
vn -0.0001 -1.0000 -0.0005
vn -0.0002 -1.0000 -0.0007
vn 0.0002 -1.0000 0.0005
vn -0.0000 -1.0000 -0.0022
vn 0.0001 -1.0000 -0.0003
vn -0.0011 -1.0000 -0.0048
vn -0.0000 -1.0000 -0.0001
vn -0.0021 -1.0000 -0.0050
vn 0.0017 -1.0000 0.0042
vn 0.0000 -1.0000 0.0000
vn -0.0002 -1.0000 0.0004
vn -0.0004 -1.0000 -0.0004
vn -0.0002 -1.0000 0.0000
vn -0.0003 -1.0000 0.0006
vn -0.0000 -1.0000 -0.0000
vn 0.0003 -1.0000 0.0000
vn -0.0002 -1.0000 -0.0001
vn -0.0003 -1.0000 -0.0003
vn -0.0002 -1.0000 -0.0003
vn 0.0000 -1.0000 -0.0005
vn -0.0001 -1.0000 -0.0002
vn 0.0003 -1.0000 0.0001
vn 0.0000 -1.0000 0.0001
vn -0.0004 -1.0000 -0.0001
vn -0.0001 -1.0000 -0.0001
vn -0.0001 -1.0000 -0.0001
vn 0.0006 -1.0000 -0.0004
vn 0.0005 -1.0000 -0.0004
vn -0.0007 -1.0000 -0.0014
vn -0.0008 -1.0000 0.0003
vn -0.0002 -1.0000 0.0001
vn 0.0000 -1.0000 0.0001
vn -0.0004 -1.0000 0.0002
vn -0.0001 -1.0000 0.0003
vn -0.0004 -1.0000 0.0002
vn 0.0001 -1.0000 -0.0009
vn -0.0001 -1.0000 -0.0004
vn -0.0004 -1.0000 -0.0003
vn -0.0004 -1.0000 -0.0002
vn -0.0004 -1.0000 -0.0002
vn -0.0004 -1.0000 -0.0002
vn -0.0003 -1.0000 -0.0003
vn -0.0003 -1.0000 -0.0001
vn -0.0001 -1.0000 -0.0000
vn -0.0001 -1.0000 -0.0001
vn -0.0001 -1.0000 -0.0001
vn -0.0003 -1.0000 0.0001
vn -0.0008 -1.0000 -0.0004
vn -0.0008 -1.0000 0.0005
vn -0.0003 -1.0000 -0.0003
vn -0.0003 -1.0000 0.0004
vn -0.0003 -1.0000 0.0004
vn -0.0001 -1.0000 0.0003
vn 0.0000 -1.0000 0.0004
vn -0.0000 -1.0000 -0.0000
vn -0.0000 -1.0000 -0.0000
vn -0.0000 -1.0000 -0.0000
vn -0.0000 -1.0000 -0.0000
vn -0.0001 -1.0000 -0.0001
vn -0.0004 -1.0000 0.0001
vn 0.0004 -1.0000 0.0002
vn -0.0001 -1.0000 0.0000
vn -0.0001 -1.0000 -0.0001
vn -0.0003 -1.0000 0.0005
vn -0.0001 -1.0000 0.0001
vn 0.0005 -1.0000 -0.0003
vn -0.0003 -1.0000 -0.0001
vn -0.0004 -1.0000 -0.0004
vn -0.0005 -1.0000 -0.0001
vn -0.0005 -1.0000 -0.0001
vn -0.0004 -1.0000 0.0001
vn -0.0001 -1.0000 -0.0000
vn -0.0004 -1.0000 0.0004
vn 0.0005 -1.0000 -0.0006
vn -0.0002 -1.0000 -0.0002
vn 0.0003 -1.0000 0.0006
vn 0.0006 -1.0000 0.0009
vn -0.0001 -1.0000 -0.0000
vn 0.0000 -1.0000 0.0000
vn -0.0006 -1.0000 -0.0001
vn -0.0001 -1.0000 0.0005
vn -0.0002 -1.0000 0.0002
vn -0.0001 -1.0000 -0.0000
vn 0.0002 -1.0000 0.0003
vn -0.0003 -1.0000 -0.0004
vn 0.0000 -1.0000 -0.0000
vn -0.0000 -1.0000 -0.0000
vn -0.0004 -1.0000 -0.0001
vn 0.0000 -1.0000 0.0000
vn 0.0000 -1.0000 0.0000
vn 0.0007 -1.0000 -0.0009
vn 0.0001 -1.0000 -0.0005
vn 0.0002 -1.0000 -0.0005
vn -0.0001 -1.0000 0.0001
vn -0.0003 -1.0000 0.0002
vn 0.0002 -1.0000 0.0003
vn 0.0001 -1.0000 0.0003
vn -0.0001 -1.0000 0.0003
vn 0.0006 -1.0000 -0.0004
vn 0.0000 -1.0000 -0.0001
vn -0.0003 -1.0000 -0.0002
vn -0.0000 -1.0000 0.0000
vn 0.0000 -1.0000 0.0000
vn 0.0000 -1.0000 0.0000
vn 0.0000 -1.0000 0.0000
vn 0.0004 -1.0000 -0.0001
vn 0.0004 -1.0000 -0.0001
vn -0.0004 -1.0000 -0.0001
vn 0.0000 -1.0000 -0.0000
vn 0.0000 -1.0000 0.0000
vn 0.0000 -1.0000 0.0000
vn 0.0000 -1.0000 -0.0000
vn 0.0003 -1.0000 -0.0005
vn 0.0002 -1.0000 -0.0003
vn -0.0002 -1.0000 -0.0000
vn 0.0000 -1.0000 -0.0000
vn -0.0002 -1.0000 -0.0001
vn 0.0001 -1.0000 0.0004
vn -0.0004 -1.0000 0.0005
vn 0.0004 -1.0000 -0.0001
vn -0.0002 -1.0000 -0.0000
vn -0.0002 -1.0000 -0.0001
vn -0.0004 -1.0000 0.0005
vn -0.0001 -1.0000 0.0001
vn 0.0005 -1.0000 -0.0000
vn 0.0000 -1.0000 -0.0000
vn 0.0000 -1.0000 0.0000
vn -0.0004 -1.0000 -0.0006
vn -0.0001 -1.0000 0.0000
vn -0.0000 -1.0000 -0.0000
vn 0.0000 -1.0000 0.0000
vn -0.0006 -1.0000 -0.0001
vn 0.0000 -1.0000 0.0000
vn -0.0003 -1.0000 -0.0007
vn -0.0002 -1.0000 0.0002
vn 0.0009 -1.0000 0.0004
vn -0.0000 -1.0000 -0.0003
vn -0.0003 -1.0000 -0.0005
vn -0.0003 -1.0000 -0.0005
vn -0.0000 -1.0000 -0.0000
vn 0.0006 -1.0000 0.0009
vn -0.0001 -1.0000 0.0007
vn -0.0001 -1.0000 0.0004
vn 0.0000 -1.0000 0.0000
vn 0.0000 -1.0000 0.0000
vn 0.0000 -1.0000 -0.0000
vn -0.0005 -1.0000 -0.0012
vn -0.0013 -1.0000 -0.0027
vn 0.0005 -1.0000 0.0016
vn 0.0000 -1.0000 0.0003
vn -0.0003 -1.0000 0.0003
vn -0.0002 -1.0000 0.0004
vn -0.0001 -1.0000 0.0004
vn 0.0001 -1.0000 0.0004
vn -0.0001 -1.0000 0.0002
vn -0.0011 -1.0000 0.0006
vn -0.0006 -1.0000 0.0004
vn -0.0000 -1.0000 0.0001
vn -0.0000 -1.0000 0.0001
vn -0.0000 -1.0000 0.0001
vn -0.0001 -1.0000 0.0001
vn 0.0001 -1.0000 0.0001
vn 0.0013 -1.0000 -0.0006
vn -0.0135 0.9999 0.0053
vn -0.0010 -1.0000 0.0006
vn 0.0004 -1.0000 0.0002
vn -0.0000 -1.0000 0.0002
vn 0.0009 -1.0000 -0.0001
vn 0.0012 -1.0000 -0.0012
vn 0.0012 -1.0000 -0.0012
vn 0.0000 -1.0000 0.0001
vn -0.0008 -1.0000 -0.0002
vn -0.0010 -1.0000 0.0016
vn -0.0005 -1.0000 0.0013
vn 0.0002 -1.0000 -0.0000
vn 0.0000 -1.0000 -0.0000
vn 0.0000 -1.0000 0.0000
vn -0.0002 -1.0000 0.0004
vn -0.0007 -1.0000 0.0012
vn -0.0002 -1.0000 0.0001
vn 0.0000 -1.0000 0.0000
vn -0.0000 -1.0000 0.0000
vn 0.0007 -1.0000 0.0010
vn -0.0003 -1.0000 0.0005
vn -0.0001 -1.0000 0.0004
vn -0.0002 -1.0000 0.0002
vn -0.0002 -1.0000 0.0001
vn -0.0001 -1.0000 -0.0003
vn -0.0002 -1.0000 0.0005
vn -0.0001 -1.0000 0.0005
vn -0.0001 -1.0000 0.0005
vn 0.0002 -1.0000 0.0010
vn -0.0002 -1.0000 0.0002
vn -0.0001 -1.0000 0.0004
vn -0.0002 -1.0000 -0.0006
vn 0.0005 -1.0000 0.0015
vn -0.0004 -1.0000 -0.0019
vn 0.0002 -1.0000 0.0006
vn 0.0005 -1.0000 -0.0001
vn -0.0002 -1.0000 0.0003
vn 0.0053 -1.0000 -0.0032
vn -0.0013 -0.9999 -0.0143
vn -0.0000 -1.0000 -0.0001
vn 0.0000 -1.0000 0.0003
vn 0.0001 -1.0000 0.0001
vn 0.0002 -1.0000 0.0006
vn 0.0001 -1.0000 0.0005
vn 0.0001 -1.0000 0.0004
vn 0.0002 -1.0000 0.0004
vn 0.0003 -1.0000 0.0005
vn 0.0003 -1.0000 0.0006
vn 0.0003 -1.0000 -0.0002
vn -0.0014 -1.0000 0.0007
vn 0.0015 -1.0000 -0.0005
vn 0.0013 -1.0000 -0.0004
vn -0.0003 -1.0000 0.0001
vn 0.0003 -1.0000 0.0001
vn 0.0005 -1.0000 0.0003
vn -0.0003 -1.0000 -0.0006
vn 0.0000 -1.0000 -0.0001
vn 0.0003 -1.0000 0.0004
vn 0.0003 -1.0000 -0.0001
vn -0.0211 -0.9998 -0.0027
vn -0.0193 -0.9998 0.0043
vn -0.0191 -0.9998 -0.0063
vn 0.0001 -1.0000 0.0000
vn -0.0003 -1.0000 0.0015
vn 0.0001 -1.0000 0.0006
vn 0.0003 -1.0000 0.0004
vn 0.0003 -1.0000 0.0004
vn 0.0003 -1.0000 0.0003
vn 0.0000 -1.0000 0.0000
vn 0.0000 -1.0000 0.0000
vn -0.0002 -1.0000 0.0002
vn -0.0004 -1.0000 0.0002
vn -0.0002 -1.0000 0.0002
vn -0.0020 -1.0000 -0.0041
vn -0.0001 -1.0000 -0.0003
vn 0.0000 -1.0000 -0.0000
vn 0.0008 -1.0000 0.0001
vn 0.0002 -1.0000 0.0001
vn -0.0003 -1.0000 -0.0001
vn 0.0005 -1.0000 0.0023
vn -0.0000 -1.0000 -0.0000
vn 0.0001 -1.0000 0.0001
vn 0.0000 -1.0000 0.0000
vn 0.0001 -1.0000 -0.0002
vn -0.0000 -1.0000 -0.0000
vn -0.0004 -1.0000 -0.0005
vn -0.0669 -0.9978 0.0020
vn 0.0420 -0.9991 -0.0011
vn -0.0054 -0.9968 -0.0802
vn -0.0000 -1.0000 -0.0000
vn 0.0000 -1.0000 0.0000
vn -0.0000 -1.0000 0.0000
vn 0.0002 -1.0000 0.0001
vn 0.0002 -1.0000 0.0001
vn 0.0002 -1.0000 0.0001
vn 0.0002 -1.0000 -0.0001
vn 0.0002 -1.0000 0.0000
vn -0.0005 -1.0000 -0.0004
vn -0.0002 -1.0000 0.0000
vn 0.0000 -1.0000 0.0000
vn -0.0001 -1.0000 -0.0000
vn 0.0003 -1.0000 0.0000
vn 0.0002 -1.0000 0.0001
vn -0.0001 -1.0000 0.0005
vn 0.0004 -1.0000 0.0003
vn 0.0002 -1.0000 0.0002
vn -0.0011 -1.0000 0.0000
vn -0.0004 -1.0000 0.0002
vn 0.0000 -1.0000 0.0005
vn 0.0009 -1.0000 0.0017
vn 0.0003 -1.0000 0.0003
vn 0.0003 -1.0000 0.0000
vn 0.0004 -1.0000 0.0002
vn 0.0004 -1.0000 0.0000
vn 0.0005 -1.0000 0.0001
vn 0.0003 -1.0000 -0.0001
vn 0.0064 -1.0000 -0.0008
vn -0.0001 -1.0000 0.0003
vn -0.0002 -1.0000 0.0005
vn -0.0001 -1.0000 0.0001
vn -0.0000 -1.0000 0.0000
vn 0.0000 -1.0000 0.0000
vn 0.0000 -1.0000 0.0000
vn 0.0000 -1.0000 0.0000
vn 0.0000 -1.0000 0.0000
vn -0.0001 -1.0000 0.0008
vn -0.0003 -1.0000 0.0010
vn 0.0018 -1.0000 0.0001
vn 0.0001 -1.0000 0.0001
vn -0.0982 -0.9923 0.0759
vn 0.0072 -0.9999 0.0114
vn -0.0135 -0.9960 -0.0889
vn -0.0811 -0.9967 -0.0028
vn 0.0000 -1.0000 0.0000
vn 0.0000 -1.0000 0.0000
vn 0.0004 -1.0000 0.0008
vn -0.0000 -1.0000 -0.0001
vn -0.0000 -1.0000 -0.0000
vn 0.0000 -1.0000 0.0001
vn 0.0003 -1.0000 -0.0001
vn 0.0002 -1.0000 -0.0000
vn 0.0001 -1.0000 0.0000
vn 0.0000 -1.0000 0.0000
vn -0.0007 -1.0000 -0.0001
vn -0.0002 -1.0000 0.0001
vn 0.0002 -1.0000 0.0002
vn 0.0004 -1.0000 0.0002
vn 0.0003 -1.0000 0.0000
vn 0.0003 -1.0000 -0.0000
vn 0.0003 -1.0000 -0.0001
vn 0.0002 -1.0000 -0.0000
vn 0.0000 -1.0000 -0.0002
vn 0.0217 -0.9997 0.0092
vn 0.0237 -0.9997 -0.0008
vn 0.0193 -0.9998 0.0066
vn 0.0136 -0.9999 0.0090
vn 0.0001 -1.0000 -0.0003
vn -0.0009 -1.0000 -0.0002
vn -0.0004 -1.0000 0.0001
vn -0.0005 -1.0000 -0.0001
vn 0.0003 -1.0000 0.0005
vn 0.0000 -1.0000 0.0000
vn 0.0003 -1.0000 -0.0001
vn 0.0000 -1.0000 -0.0001
vn -0.0508 -0.9949 0.0875
vn 0.0000 -1.0000 0.0000
vn 0.0000 -1.0000 0.0000
vn -0.0000 -1.0000 0.0000
vn 0.0002 -1.0000 0.0002
vn 0.0061 -0.9999 0.0140
vn 0.1250 0.9456 0.3004
vn 0.0272 -0.9992 0.0280
vn -0.0000 -1.0000 0.0000
vn 0.0000 -1.0000 -0.0000
vn 0.0000 -1.0000 0.0000
vn 0.0000 -1.0000 0.0000
vn 0.0000 -1.0000 -0.0000
vn 0.0000 -1.0000 0.0000
vn 0.0000 -1.0000 0.0000
vn 0.0000 -1.0000 0.0000
vn 0.0000 -1.0000 0.0000
vn 0.0000 -1.0000 0.0000
vn 0.0003 -1.0000 -0.0001
vn 0.0000 -1.0000 0.0000
vn 0.0000 -1.0000 -0.0000
vn 0.0002 -1.0000 -0.0002
vn 0.0002 -1.0000 -0.0002
vn 0.0864 -0.9932 0.0783
vn 0.0283 -0.9766 -0.2131
vn 0.0000 -1.0000 0.0000
vn 0.0000 -1.0000 0.0000
vn 0.0001 -1.0000 -0.0000
vn -0.0519 -0.9981 0.0339
vn 0.0001 -1.0000 0.0002
vn 0.0000 -1.0000 0.0002
vn 0.0004 -1.0000 0.0001
vn -0.0279 -0.9988 0.0390
vn -0.0132 -0.9986 0.0506
vn 0.0086 -0.9962 0.0862
vn 0.0005 -1.0000 -0.0002
vn 0.0003 -1.0000 -0.0001
vn -0.0335 -0.9994 0.0091
vn -0.0970 -0.9951 -0.0185
vn 0.0614 -0.9932 0.0988
vn -0.0000 -1.0000 -0.0000
vn 0.0022 -1.0000 -0.0009
vn 0.0023 -1.0000 -0.0009
vn 0.0017 -1.0000 -0.0014
vn 0.0014 -1.0000 -0.0023
vn -0.0002 -1.0000 -0.0025
vn -0.0025 -1.0000 -0.0048
vn 0.0038 -1.0000 -0.0065
vn 0.0311 -0.9972 0.0681
vn 0.0169 -0.9973 0.0715
vn 0.0000 -1.0000 0.0000
vn -0.0004 -1.0000 -0.0000
vn -0.0001 -1.0000 0.0001
vn 0.0002 -1.0000 0.0003
vn 0.0004 -1.0000 -0.0001
vn 0.0002 -1.0000 0.0000
vn -0.0212 -0.9998 -0.0039
vn -0.0481 -0.9963 -0.0708
vn -0.0415 -0.9981 -0.0450
vn -0.0405 -0.9896 -0.1379
vn 0.0000 -1.0000 0.0000
vn -0.0000 -1.0000 -0.0000
vn 0.0005 -1.0000 0.0012
vn -0.0003 -1.0000 0.0001
vn 0.0001 -1.0000 -0.0000
vn 0.0000 -1.0000 -0.0000
vn 0.0000 -1.0000 0.0000
vn -0.0004 -1.0000 -0.0000
vn 0.0000 -1.0000 0.0000
vn 0.0000 -1.0000 -0.0000
vn 0.0000 -1.0000 0.0000
vn -0.0000 -1.0000 0.0000
vn -0.0000 -1.0000 0.0000
vn 0.0000 -1.0000 0.0000
vn 0.0000 -1.0000 0.0000
vn 0.0000 -1.0000 -0.0000
vn 0.0000 -1.0000 0.0000
vn 0.0000 -1.0000 0.0000
vn 0.0000 -1.0000 0.0000
vn 0.0000 -1.0000 0.0000
vn 0.0002 -1.0000 -0.0005
vn -0.0001 -1.0000 -0.0003
vn -0.0039 -1.0000 0.0014
vn -0.0002 -1.0000 -0.0001
vn -0.0006 -1.0000 -0.0023
vn 0.0015 -1.0000 0.0003
vn -0.0000 -1.0000 -0.0000
vn 0.0000 -1.0000 -0.0000
vn -0.0000 -1.0000 0.0005
vn -0.0001 -1.0000 -0.0000
vn -0.0002 -1.0000 0.0001
vn -0.0001 -1.0000 -0.0000
vn 0.0009 -1.0000 0.0001
vn -0.0004 -1.0000 -0.0020
vn 0.0003 -1.0000 -0.0002
vn 0.0001 -1.0000 -0.0002
vn -0.0000 -1.0000 0.0000
vn 0.0000 -1.0000 0.0000
vn 0.0000 -1.0000 0.0000
vn -0.0613 -0.9871 -0.1479
vn -0.0153 -0.9998 0.0081
vn -0.0276 -0.9962 -0.0831
vn -0.0763 -0.9965 0.0347
vn 0.0113 -0.9999 0.0061
vn -0.0094 -0.9972 -0.0742
vn -0.0218 -0.9997 -0.0148
vn -0.0234 -0.9996 -0.0185
vn -0.0074 -0.9986 -0.0531
vn -0.0003 -1.0000 0.0003
vn 0.0000 -1.0000 -0.0000
vn -0.0000 -1.0000 -0.0000
vn -0.0000 -1.0000 -0.0000
vn -0.0004 -1.0000 0.0001
vn -0.0000 -1.0000 -0.0000
vn -0.0000 -1.0000 0.0000
vn -0.0000 -1.0000 -0.0000
vn -0.0111 0.9996 -0.0258
vn 0.0018 -1.0000 0.0053
vn 0.0000 -1.0000 0.0000
vn 0.0000 -1.0000 0.0000
vn 0.0000 -1.0000 0.0000
vn 0.0000 -1.0000 0.0000
vn 0.0000 -1.0000 -0.0000
vn 0.0000 -1.0000 0.0000
vn 0.0000 -1.0000 0.0000
vn 0.0000 -1.0000 0.0000
vn 0.0000 -1.0000 0.0000
vn 0.0000 -1.0000 0.0000
vn -0.0001 -1.0000 0.0002
vn -0.0001 -1.0000 0.0001
vn 0.0000 -1.0000 0.0000
vn -0.0294 -0.9970 -0.0711
vn -0.0253 -0.9996 0.0123
vn 0.0000 -1.0000 0.0000
vn 0.0000 -1.0000 0.0000
vn -0.0000 -1.0000 0.0000
vn -0.0000 -1.0000 -0.0000
vn 0.0000 -1.0000 -0.0000
vn 0.0000 -1.0000 0.0000
vn 0.0000 -1.0000 0.0000
vn 0.0000 -1.0000 0.0000
vn -0.0000 -1.0000 0.0000
vn 0.0000 -1.0000 0.0000
vn -0.0055 -0.9995 -0.0315
vn -0.0120 -0.9995 -0.0289
vn -0.0117 -0.9999 0.0049
vn 0.0003 -1.0000 -0.0001
vn 0.0002 -1.0000 -0.0004
vn -0.0000 -1.0000 0.0004
vn -0.0000 -1.0000 0.0000
vn 0.0000 -1.0000 0.0000
vn 0.0000 -1.0000 0.0000
vn 0.0000 -1.0000 0.0000
vn 0.0000 -1.0000 0.0000
vn 0.0000 -1.0000 0.0000
vn 0.0000 -1.0000 0.0000
vn 0.0000 -1.0000 0.0000
vn 0.0104 -0.9965 -0.0830
vn 0.6397 0.7067 -0.3022
vn 0.6389 0.7075 -0.3022
vn 0.5999 0.7050 -0.3781
vn 0.6566 0.6434 -0.3936
vn 0.5522 0.7262 -0.4095
vn 0.5696 0.6621 -0.4870
vn 0.5210 0.7110 -0.4722
vn 0.4703 0.6997 -0.5379
vn 0.5090 0.6524 -0.5616
vn 0.3905 0.7383 -0.5499
vn 0.4215 0.7067 -0.5683
vn 0.3668 0.7068 -0.6050
vn 0.3599 0.7141 -0.6004
vn 0.2989 0.6946 -0.6544
vn 0.3209 0.6607 -0.6785
vn 0.2167 0.7350 -0.6425
vn 0.2384 0.7067 -0.6662
vn 0.1769 0.7068 -0.6849
vn 0.1694 0.7169 -0.6763
vn 0.1000 0.6896 -0.7172
vn 0.1091 0.6684 -0.7358
vn 0.0225 0.7317 -0.6813
vn 0.0347 0.7067 -0.7067
vn -0.0279 0.7068 -0.7068
vn -0.0341 0.7193 -0.6939
vn -0.1098 0.6851 -0.7201
vn -0.1082 0.6754 -0.7295
vn -0.1756 0.7283 -0.6624
vn -0.1719 0.7067 -0.6863
vn -0.2303 0.7069 -0.6688
vn -0.2333 0.7213 -0.6522
vn -0.3129 0.6808 -0.6623
vn -0.3127 0.6819 -0.6612
vn -0.3609 0.7248 -0.5868
vn -0.3637 0.7067 -0.6069
vn -0.4132 0.7069 -0.5741
vn -0.4116 0.7230 -0.5549
vn -0.4916 0.6769 -0.5479
vn -0.4875 0.6878 -0.5379
vn -0.5174 0.7213 -0.4604
vn -0.5242 0.7067 -0.4752
vn -0.5611 0.7069 -0.4307
vn -0.5538 0.7243 -0.4107
vn -0.6305 0.6733 -0.3862
vn -0.6182 0.6932 -0.3705
vn -0.6315 0.7178 -0.2934
vn -0.6396 0.7067 -0.3025
vn -0.6613 0.7069 -0.2508
vn -0.6482 0.7253 -0.2319
vn -0.7175 0.6700 -0.1906
vn -0.6945 0.6982 -0.1740
vn -0.6929 0.7141 -0.0995
vn -0.6999 0.7067 -0.1038
vn -0.7055 0.7070 -0.0496
vn -0.6869 0.7259 -0.0337
vn -0.7446 0.6671 0.0226
vn -0.7107 0.7026 0.0349
vn -0.6916 0.7118 0.1225
vn -0.7670 0.6315 0.1138
vn -0.6668 0.7263 0.1670
vn -0.7092 0.6646 0.2352
vn -0.6662 0.7067 0.2384
vn -0.1663 -0.5238 -0.8355
vn -0.1666 -0.5234 -0.8357
vn -0.0000 -1.0000 0.0000
vn 0.0000 -1.0000 0.0000
vn -0.0000 -1.0000 0.0000
vn 0.0000 -1.0000 0.0000
vn 0.0000 -1.0000 0.0000
vn 0.0000 -1.0000 0.0000
vn 0.0000 -1.0000 0.0000
vn -0.0000 -1.0000 0.0000
vn 0.0000 -1.0000 -0.0000
vn 0.0000 -1.0000 0.0000
vn 0.0000 -1.0000 0.0000
vn 0.8597 -0.5019 0.0952
vn 0.8602 -0.5008 0.0958
vn 0.4103 -0.7010 -0.5833
vn 0.4476 -0.7071 -0.5473
vn 0.4365 -0.7168 -0.5437
vn 0.4141 -0.6978 -0.5845
vn 0.3803 -0.7102 -0.5924
vn 0.3698 -0.6943 -0.6174
vn 0.3365 -0.7211 -0.6056
vn 0.2841 -0.7212 -0.6318
vn 0.3025 -0.7064 -0.6399
vn 0.3283 -0.7075 -0.6258
vn 0.0508 -0.7078 -0.7046
vn 0.0650 -0.7151 -0.6960
vn 0.0871 -0.6937 -0.7150
vn 0.1113 -0.7163 -0.6889
vn 0.1316 -0.7022 -0.6997
vn 0.1422 -0.7071 -0.6927
vn 0.1582 -0.7071 -0.6892
vn 0.1740 -0.7201 -0.6717
vn 0.1702 -0.7238 -0.6687
vn 0.2294 -0.6794 -0.6970
vn 0.2070 -0.7087 -0.6745
vn 0.2496 -0.7060 -0.6627
vn 0.2374 -0.7155 -0.6570
vn 0.2693 -0.6995 -0.6620
vn -0.4806 -0.5663 -0.6696
vn -0.7088 -0.5235 -0.4728
vn -0.0000 -1.0000 -0.0000
vn 0.0000 -1.0000 0.0000
vn 0.0000 -1.0000 -0.0000
vn -0.0000 -1.0000 0.0000
vn 0.0000 -1.0000 0.0000
vn 0.0000 -1.0000 -0.0000
vn 0.0000 -1.0000 0.0000
vn 0.0000 -1.0000 0.0000
vn 0.0000 -1.0000 0.0000
vn 0.0000 -1.0000 0.0000
vn 0.0000 -1.0000 -0.0000
vn 0.4202 -0.5460 -0.7248
vn 0.6762 -0.5012 -0.5400
vn -0.0701 -0.7102 -0.7005
vn -0.0755 -0.7191 -0.6908
vn -0.1232 -0.6929 -0.7104
vn -0.1234 -0.6934 -0.7099
vn -0.1498 -0.7103 -0.6878
vn -0.1772 -0.6980 -0.6938
vn -0.1903 -0.7211 -0.6662
vn -0.2103 -0.7075 -0.6747
vn -0.2386 -0.7064 -0.6664
vn -0.2459 -0.7212 -0.6476
vn -0.2861 -0.6935 -0.6613
vn -0.2921 -0.7060 -0.6451
vn -0.3285 -0.7086 -0.6245
vn -0.3275 -0.6868 -0.6489
vn -0.3519 -0.7198 -0.5984
vn -0.3520 -0.7201 -0.5980
vn -0.3973 -0.6944 -0.6000
vn -0.4007 -0.7210 -0.5654
vn -0.4233 -0.7071 -0.5665
vn -0.4442 -0.7070 -0.5503
vn -0.4423 -0.6976 -0.5636
vn -0.4513 -0.7127 -0.5370
vn -0.4625 -0.7067 -0.5354
vn -0.8356 -0.5237 0.1660
vn -0.8355 -0.5235 0.1668
vn 0.0000 -1.0000 0.0000
vn 0.0000 -1.0000 0.0000
vn 0.0000 -1.0000 0.0000
vn 0.0000 -1.0000 0.0000
vn 0.0000 -1.0000 0.0000
vn 0.0000 -1.0000 0.0000
vn 0.0000 -1.0000 0.0000
vn -0.0000 -1.0000 0.0000
vn -0.0000 -1.0000 0.0000
vn 0.0000 -1.0000 -0.0000
vn 0.0942 -0.5016 -0.8600
vn 0.0968 -0.5010 -0.8600
vn -0.6968 -0.7011 -0.1512
vn -0.5833 -0.7009 -0.4104
vn -0.5457 -0.7074 -0.4493
vn -0.5418 -0.7192 -0.4351
vn -0.5690 -0.7046 -0.4240
vn -0.5789 -0.7124 -0.3966
vn -0.5923 -0.7103 -0.3804
vn -0.6174 -0.6943 -0.3698
vn -0.6056 -0.7211 -0.3365
vn -0.6213 -0.7106 -0.3302
vn -0.6297 -0.7073 -0.3213
vn -0.6399 -0.7064 -0.3025
vn -0.6318 -0.7212 -0.2841
vn -0.6699 -0.6935 -0.2653
vn -0.6627 -0.7060 -0.2496
vn -0.6745 -0.7087 -0.2070
vn -0.6970 -0.6794 -0.2294
vn -0.6687 -0.7238 -0.1702
vn -0.6789 -0.7110 -0.1832
vn -0.6920 -0.7049 -0.1557
vn -0.6867 -0.7169 -0.1207
vn -0.6831 -0.7210 -0.1165
vn -0.7150 -0.6937 -0.0871
vn -0.6960 -0.7151 -0.0650
vn -0.7055 -0.7070 -0.0493
vn -0.5250 -0.5075 0.6832
vn -0.5136 -0.5603 0.6498
vn -0.0000 -1.0000 0.0000
vn 0.0000 -1.0000 0.0000
vn -0.0000 -1.0000 0.0000
vn 0.0000 -1.0000 0.0000
vn 0.0000 -1.0000 0.0000
vn 0.0000 -1.0000 0.0000
vn 0.0000 -1.0000 0.0000
vn 0.0000 -1.0000 0.0000
vn 0.0000 -1.0000 -0.0000
vn 0.0000 -1.0000 0.0000
vn 0.0000 -1.0000 -0.0000
vn 0.0000 -1.0000 0.0000
vn 0.0000 -1.0000 0.0000
vn 0.0000 -1.0000 0.0000
vn -0.5413 -0.5016 -0.6748
vn -0.5399 -0.5012 -0.6762
vn -0.6584 -0.7250 0.2022
vn -0.6825 -0.7093 0.1765
vn -0.6964 -0.7015 0.1516
vn -0.6834 -0.7128 0.1576
vn -0.7025 -0.7011 0.1221
vn -0.7089 -0.6952 0.1187
vn -0.6907 -0.7192 0.0755
vn -0.6848 -0.7245 0.0788
vn -0.7043 -0.7074 0.0599
vn -0.6945 -0.6916 0.1984
vn -0.6554 -0.7147 0.2442
vn -0.6606 -0.7070 0.2526
vn 0.0917 0.9956 -0.0215
vn 0.0071 0.9966 -0.0818
vn -0.1398 0.9613 -0.2375
vn -0.0382 0.9977 -0.0558
vn 0.0579 0.9978 -0.0312
vn 0.0397 0.9991 -0.0142
vn 0.0432 0.9989 -0.0204
vn 0.0679 0.9964 -0.0506
vn 0.0926 0.9957 0.0045
vn 0.0317 0.9978 0.0580
vn 0.0000 1.0000 0.0000
vn 0.0499 0.9980 -0.0388
vn 0.0833 0.9963 0.0209
vn 0.0768 0.9967 0.0275
vn -0.2092 0.9756 0.0666
vn -0.0000 1.0000 0.0000
vn 0.2480 0.9687 0.0058
vn 0.1691 0.9844 -0.0485
vn -0.0143 0.9976 -0.0685
vn 0.1888 0.9760 -0.1089
vn -0.0182 0.9991 -0.0384
vn -0.0488 0.9987 0.0135
vn -0.0224 0.9978 -0.0627
vn 0.2063 0.9675 -0.1462
vn -0.3961 0.8742 0.2808
vn 0.0300 0.9917 0.1252
vn 0.0163 0.9988 0.0456
vn 0.0175 0.9992 0.0369
vn -0.0449 0.9889 0.1413
vn -0.0000 1.0000 0.0000
vn 0.3000 0.9483 -0.1039
vn -0.0290 0.9907 0.1328
vn 0.0000 1.0000 0.0000
vn 0.2600 0.9621 -0.0817
vn -0.0284 0.9978 0.0602
vn -0.0031 0.9974 0.0716
vn -0.3438 0.9342 -0.0950
vn -0.0578 0.9979 -0.0284
vn -0.0065 0.9992 -0.0384
vn 0.0214 0.9989 0.0420
vn 0.0157 0.9994 0.0300
vn 0.0114 0.9995 0.0288
vn 0.0448 0.9986 -0.0285
vn 0.0535 0.9968 -0.0590
vn 0.0472 0.9959 -0.0771
vn 0.0434 0.9973 -0.0586
vn 0.0404 0.9969 -0.0675
vn 0.0809 0.9944 0.0679
vn 0.0000 1.0000 0.0000
vn -0.2501 0.9627 0.1036
vn -0.5479 0.8158 0.1852
vn 0.0693 0.9966 -0.0447
vn 0.2718 0.3751 0.8862
vn 0.0000 1.0000 0.0000
vn 0.1167 0.9914 -0.0596
vn 0.0000 1.0000 0.0000
vn -0.0411 0.9964 0.0740
vn 0.0910 0.9958 -0.0135
vn 0.0964 0.9950 -0.0242
vn 0.0759 0.9939 -0.0797
vn 0.0342 0.9920 0.1219
vn -0.1092 0.9494 -0.2943
vn 0.0439 0.9988 0.0234
vn -0.0704 0.9973 -0.0211
vn 0.0325 0.9947 0.0976
vn 0.1619 0.9851 0.0574
vn -0.0223 0.9997 -0.0079
vn 0.0147 0.9990 -0.0411
vn 0.0080 0.9992 -0.0386
vn 0.0225 0.9986 -0.0477
vn -0.0278 0.9977 -0.0617
vn 0.1299 0.9910 0.0323
vn 0.0225 0.9992 0.0328
vn -0.0540 0.9796 0.1934
vn 0.0580 0.9846 -0.1648
vn -0.0077 0.9934 -0.1144
vn 0.0483 0.9979 -0.0437
vn 0.0416 0.9991 0.0119
vn 0.0000 1.0000 0.0000
vn 0.0093 0.9969 -0.0779
vn 0.0886 0.9947 -0.0531
vn 0.0852 0.9921 0.0922
vn -0.1333 0.9445 0.3003
vn -0.0200 0.9986 -0.0486
vn -0.0728 0.9954 0.0623
vn 0.4443 0.8600 0.2510
vn 0.1542 0.8468 -0.5091
vn 0.0772 0.9800 -0.1835
vn 0.0000 1.0000 0.0000
vn -0.0361 0.9552 0.2937
vn 0.1797 0.9408 -0.2874
vn -0.0218 0.9992 0.0348
vn -0.4262 0.8989 -0.1018
vn 0.0000 1.0000 -0.0000
vn 0.0371 0.9992 0.0154
vn -0.0513 0.9972 0.0539
vn 0.0000 1.0000 -0.0000
vn 0.0812 0.9766 0.1993
vn 0.2429 0.9678 0.0659
vn 0.0394 0.9990 -0.0187
vn 0.0000 1.0000 0.0000
vn 0.2469 0.9690 -0.0112
vn 0.0655 0.9959 -0.0620
vn 0.0204 0.9993 -0.0320
vn 0.0348 0.9994 0.0010
vn 0.0185 0.9992 0.0350
vn -0.2771 0.9568 0.0878
vn 0.0159 0.9997 0.0175
vn 0.0414 0.9989 0.0210
vn 0.0335 0.9984 0.0451
vn 0.0719 0.9964 0.0455
vn 0.0560 0.9941 0.0934
vn -0.1105 0.9900 0.0872
vn 0.0553 0.9926 0.1082
vn 0.0000 1.0000 0.0000
vn -0.0577 0.9978 -0.0321
vn 0.0107 0.9973 0.0721
vn 0.0191 0.9969 0.0763
vn 0.0000 1.0000 -0.0000
vn -0.0222 0.9990 0.0394
vn -0.2039 0.9739 0.0997
vn 0.0074 1.0000 -0.0009
vn 0.3019 0.9484 -0.0968
vn 0.0144 0.9993 0.0331
vn -0.0368 0.9911 -0.1281
vn -0.0033 0.9977 -0.0672
vn 0.0092 0.9981 -0.0609
vn -0.0142 0.9953 -0.0958
vn -0.0255 0.9945 -0.1017
vn -0.0552 0.9963 0.0653
vn -0.0535 0.9968 0.0590
vn -0.0480 0.9960 0.0750
vn -0.0450 0.9971 0.0606
vn -0.0423 0.9966 0.0705
vn 0.0550 0.9894 0.1346
vn 0.0726 0.9965 0.0423
vn 0.1680 0.9854 0.0281
vn -0.0049 0.9950 0.0996
vn -0.0207 0.9965 0.0813
vn -0.0114 0.9970 0.0767
vn -0.0083 0.9967 0.0804
vn -0.0219 0.9959 0.0876
vn -0.2186 0.9680 -0.1235
vn -0.3166 0.9432 -0.1004
vn 0.0000 1.0000 -0.0000
vn 0.0000 1.0000 0.0000
vn 0.0000 1.0000 -0.0000
vn -0.0109 0.9958 0.0914
vn -0.1022 0.9929 0.0612
vn 0.0196 0.0262 -0.9995
vn 0.0000 1.0000 0.0000
vn -0.0672 0.9977 0.0033
vn -0.1028 0.9926 0.0653
vn -0.0732 0.9962 0.0466
vn -0.0550 0.9963 0.0657
vn -0.0645 0.9979 -0.0021
vn -0.0872 0.9961 0.0129
vn -0.0928 0.9954 0.0233
vn 0.0242 0.9986 -0.0467
vn 0.0000 1.0000 0.0000
vn -0.1198 0.9483 0.2939
vn -0.0000 1.0000 0.0000
vn 0.0000 1.0000 -0.0000
vn 0.0625 0.9979 -0.0184
vn -0.0586 0.9973 -0.0434
vn -0.0675 0.9969 -0.0404
vn -0.0250 0.9935 -0.1106
vn -0.1123 0.9935 -0.0158
vn -0.1338 0.9351 -0.3281
vn 0.0000 1.0000 0.0000
vn 0.0000 1.0000 0.0000
vn -0.0506 0.9979 0.0407
vn -0.0767 0.9970 -0.0114
vn -0.0776 0.9969 -0.0106
vn -0.0833 0.9963 -0.0209
vn -0.0768 0.9967 -0.0275
vn 0.0305 0.9986 -0.0425
vn -0.0317 0.9994 -0.0150
vn -0.0304 0.9994 -0.0151
vn -0.0530 0.9969 -0.0585
vn -0.0594 0.9965 -0.0592
vn -0.0545 0.9958 -0.0735
vn -0.0421 0.9965 -0.0727
vn -0.0426 0.9966 -0.0711
vn -0.0068 0.9974 -0.0715
vn 0.0107 0.9961 -0.0874
vn 0.0041 0.9964 -0.0844
vn 0.0530 0.9982 -0.0290
vn 0.0000 1.0000 0.0000
vn -0.0405 0.9978 -0.0521
vn 0.0206 0.9964 -0.0821
vn 0.0817 0.9966 -0.0099
vn -0.0920 0.9764 0.1956
vn 0.0953 0.9950 0.0307
vn 0.0000 1.0000 0.0000
vn -0.0434 0.9990 0.0127
vn 0.0428 0.9986 0.0317
vn 0.0496 0.9983 0.0297
vn -0.1001 0.9932 -0.0597
vn -0.0808 0.9960 0.0374
vn -0.5485 -0.7053 0.4490
vn -0.5433 -0.7101 0.4479
vn -0.5663 -0.7066 0.4243
vn -0.5764 -0.7138 0.3978
vn -0.5774 -0.7129 0.3979
vn -0.6103 -0.7025 0.3661
vn -0.5975 -0.7126 0.3678
vn -0.6265 -0.7011 0.3407
vn -0.6335 -0.6953 0.3395
vn -0.6302 -0.7191 0.2928
vn -0.6451 -0.7069 0.2900
vn 0.1663 -0.5238 0.8355
vn 0.1666 -0.5234 0.8357
vn 0.0000 -1.0000 0.0000
vn 0.0000 -1.0000 0.0000
vn 0.0000 -1.0000 0.0000
vn 0.0000 -1.0000 0.0000
vn 0.0000 -1.0000 0.0000
vn 0.0000 -1.0000 0.0000
vn 0.0000 -1.0000 0.0000
vn 0.0000 -1.0000 0.0000
vn 0.0000 -1.0000 0.0000
vn -0.0000 -1.0000 0.0000
vn -0.8599 -0.5016 -0.0944
vn -0.8600 -0.5012 -0.0964
vn -0.0709 -0.3399 0.9378
vn -0.2636 -0.5130 0.8169
vn -0.0887 -0.6952 0.7133
vn -0.1164 -0.7210 0.6831
vn -0.1307 -0.7070 0.6950
vn -0.1582 -0.7071 0.6892
vn -0.1693 -0.7163 0.6770
vn -0.1727 -0.7137 0.6789
vn -0.2023 -0.7004 0.6845
vn -0.2841 -0.7212 0.6318
vn -0.2294 -0.6794 0.6970
vn -0.2116 -0.7029 0.6791
vn -0.2490 -0.7077 0.6611
vn -0.2667 -0.6955 0.6672
vn -0.3025 -0.7064 0.6399
vn -0.3283 -0.7075 0.6258
vn -0.3365 -0.7211 0.6056
vn -0.3698 -0.6943 0.6175
vn -0.3804 -0.7104 0.5922
vn -0.4494 -0.7072 0.5459
vn -0.4350 -0.7191 0.5418
vn -0.4106 -0.7008 0.5834
vn -0.4098 -0.7014 0.5832
vn -0.4278 -0.7095 0.5600
vn 0.5476 -0.6115 0.5711
vn 0.8207 -0.1809 0.5421
vn 0.0000 -1.0000 0.0000
vn 0.0000 -1.0000 0.0000
vn 0.0000 -1.0000 0.0000
vn 0.0000 -1.0000 0.0000
vn 0.0000 -1.0000 0.0000
vn 0.0000 -1.0000 0.0000
vn -0.0000 -1.0000 0.0000
vn -0.0000 -1.0000 0.0000
vn 0.0000 -1.0000 0.0000
vn 0.0000 -1.0000 -0.0000
vn -0.6752 -0.5019 0.5406
vn -0.6763 -0.5004 0.5405
vn 0.0514 -0.7076 0.7048
vn 0.0628 -0.7109 0.7005
vn 0.0729 -0.7032 0.7073
vn 0.0930 -0.7098 0.6982
vn 0.1190 -0.6953 0.7088
vn 0.1222 -0.7008 0.7029
vn 0.1501 -0.7105 0.6875
vn 0.1498 -0.7102 0.6879
vn 0.1794 -0.7019 0.6893
vn 0.1903 -0.7211 0.6662
vn 0.2103 -0.7075 0.6747
vn 0.2386 -0.7064 0.6664
vn 0.2435 -0.7165 0.6537
vn 0.2775 -0.6995 0.6585
vn 0.2861 -0.6935 0.6613
vn 0.2921 -0.7060 0.6451
vn 0.3264 -0.7085 0.6257
vn 0.3250 -0.6926 0.6440
vn 0.3509 -0.7173 0.6020
vn 0.3517 -0.7205 0.5976
vn 0.4309 -0.6669 0.6080
vn 0.3700 -0.7388 0.5633
vn 0.4642 -0.7069 0.5337
vn 0.4462 -0.7151 0.5382
vn 0.4454 -0.7070 0.5493
vn 0.4233 -0.7071 0.5665
vn 0.8355 -0.5238 -0.1663
vn 0.8357 -0.5234 -0.1666
vn 0.0000 -1.0000 0.0000
vn -0.0000 1.0000 -0.0000
vn -0.0000 1.0000 -0.0000
vn -0.0000 -1.0000 -0.0000
vn 0.0000 1.0000 -0.0000
vn 0.0000 -1.0000 -0.0000
vn 0.0000 -1.0000 0.0000
vn 0.0000 -1.0000 -0.0000
vn 0.0000 -1.0000 0.0000
vn 0.0000 -1.0000 -0.0000
vn 0.0000 -1.0000 0.0000
vn -0.0000 -1.0000 0.0000
vn -0.0952 -0.5019 0.8597
vn -0.0958 -0.5008 0.8602
vn 0.5459 -0.7072 0.4494
vn 0.5418 -0.7191 0.4350
vn 0.5690 -0.7046 0.4240
vn 0.5790 -0.7124 0.3966
vn 0.5834 -0.7008 0.4106
vn 0.5922 -0.7104 0.3804
vn 0.6174 -0.6943 0.3698
vn 0.6173 -0.6947 0.3693
vn 0.5817 -0.8015 0.1382
vn 0.5163 -0.8112 0.2744
vn 0.4917 -0.6868 0.5353
vn 0.6299 -0.7071 0.3213
vn 0.6301 -0.7072 0.3207
vn 0.6399 -0.7064 0.3025
vn 0.6318 -0.7212 0.2841
vn 0.6699 -0.6935 0.2653
vn 0.6627 -0.7060 0.2496
vn 0.6745 -0.7087 0.2070
vn 0.6969 -0.6795 0.2294
vn 0.6687 -0.7238 0.1702
vn 0.6717 -0.7201 0.1740
vn 0.6968 -0.7011 0.1512
vn 0.6867 -0.7169 0.1207
vn 0.6831 -0.7210 0.1164
vn 0.7150 -0.6937 0.0871
vn 0.6960 -0.7151 0.0650
vn 0.7055 -0.7070 0.0493
vn 0.4731 -0.5237 -0.7085
vn 0.4730 -0.5234 -0.7087
vn 0.0000 -1.0000 0.0000
vn 0.0000 -1.0000 0.0000
vn 0.0000 -1.0000 0.0000
vn 0.0000 -1.0000 0.0000
vn 0.0000 -1.0000 0.0000
vn 0.0000 -1.0000 0.0000
vn 0.0000 -1.0000 -0.0000
vn 0.0000 -1.0000 0.0000
vn 0.0000 -1.0000 -0.0000
vn 0.0000 -1.0000 0.0000
vn 0.0000 -1.0000 0.0000
vn 0.5406 -0.5019 0.6752
vn 0.5405 -0.5008 0.6760
vn 0.7043 -0.7074 -0.0599
vn 0.6750 -0.7071 -0.2107
vn 0.6600 -0.7311 -0.1727
vn 0.6424 -0.7460 -0.1757
vn 0.6828 -0.7133 -0.1579
vn 0.7186 -0.6891 -0.0937
vn 0.6318 -0.7678 -0.1065
vn 0.6845 -0.7247 -0.0791
vn 0.6270 -0.7371 -0.2520
vn 0.6312 -0.7337 -0.2514
vn 0.6662 -0.7070 -0.2373
vn 0.5869 -0.7070 -0.3945
vn 0.6021 -0.7070 -0.3709
vn 0.5938 -0.7335 -0.3308
vn 0.6180 -0.7126 -0.3320
vn 0.6481 -0.7034 -0.2918
vn 0.5570 -0.7275 -0.4006
vn 0.5475 -0.7349 -0.4002
vn 0.5585 -0.7038 -0.4391
vn 0.5357 -0.7087 -0.4591
vn 0.5352 -0.7068 -0.4626
vn 0.8119 0.0000 -0.5838
vn -1.0000 0.0060 0.0045
vn -0.9981 -0.0000 0.0614
vn -0.9964 0.0059 0.0846
vn -0.9968 0.0000 0.0794
vn -0.9975 0.0121 -0.0693
vn -0.9979 0.0000 -0.0642
vn -0.9916 0.0469 -0.1207
vn -0.9675 0.1873 -0.1700
vn -0.9995 -0.0006 0.0303
vn -0.9975 0.0002 -0.0701
vn -0.9933 -0.0038 -0.1157
vn -0.9898 0.0000 -0.1422
vn -0.9773 0.0000 -0.2120
vn -0.8830 0.0000 -0.4694
vn -0.8908 -0.0000 -0.4545
vn -0.9069 0.0006 -0.4213
vn -0.9041 0.0014 -0.4274
vn -0.9350 -0.0016 -0.3545
vn -0.9297 0.0004 -0.3682
vn -0.9665 -0.0006 -0.2568
vn -0.9559 0.0085 -0.2934
vn -0.9691 0.0030 -0.2466
vn -0.8579 0.0019 -0.5138
vn -0.8527 0.0035 -0.5223
vn -0.8250 0.0000 -0.5652
vn -0.7492 0.0000 -0.6624
vn -0.7720 0.0089 -0.6356
vn -0.6536 0.0146 -0.7567
vn -0.6578 0.0000 -0.7532
vn -0.6559 0.0023 -0.7548
vn -0.6678 0.0045 -0.7443
vn -0.6968 -0.0000 -0.7172
vn -0.7471 -0.0000 -0.6647
vn -0.7330 0.0029 -0.6803
vn -0.7932 -0.0039 -0.6089
vn -0.7698 0.0030 -0.6383
vn -0.8018 -0.0000 -0.5976
vn -0.5069 0.0001 -0.8620
vn -0.5239 0.0011 -0.8518
vn -0.5521 -0.0012 -0.8338
vn -0.5842 0.0010 -0.8116
vn -0.5986 -0.0000 -0.8011
vn -0.6281 -0.0000 -0.7781
vn -0.2563 -0.0006 -0.9666
vn -0.2474 0.0006 -0.9689
vn -0.2976 -0.0002 -0.9547
vn -0.3256 0.0010 -0.9455
vn -0.3371 0.0000 -0.9415
vn -0.4271 -0.0000 -0.9042
vn -0.3970 0.0076 -0.9178
vn -0.4655 -0.0003 -0.8851
vn 0.0557 -0.0000 -0.9984
vn 0.0558 0.0000 -0.9984
vn 0.0330 0.0008 -0.9995
vn -0.0045 -0.0023 -1.0000
vn -0.0394 0.0011 -0.9992
vn -0.0658 -0.0000 -0.9978
vn -0.0660 0.0001 -0.9978
vn -0.0995 -0.0002 -0.9950
vn -0.1508 0.0037 -0.9886
vn -0.1708 0.0006 -0.9853
vn 0.1381 0.0038 -0.9904
vn 0.1209 0.0012 -0.9927
vn 0.0719 -0.0000 -0.9974
vn 0.3769 0.0000 -0.9263
vn 0.3398 0.0000 -0.9405
vn 0.3196 0.0006 -0.9476
vn 0.2934 -0.0012 -0.9560
vn 0.2466 0.0016 -0.9691
vn 0.2501 0.0013 -0.9682
vn 0.2237 0.0000 -0.9747
vn 0.1849 0.0000 -0.9828
vn 0.4274 0.0054 -0.9041
vn 0.4155 0.0031 -0.9096
vn 0.4646 0.0000 -0.8855
vn 0.5138 -0.0001 -0.8579
vn 0.5184 0.0006 -0.8551
vn 0.5781 -0.0005 -0.8160
vn 0.5790 -0.0004 -0.8153
vn 0.6624 0.0000 -0.7492
vn 0.7565 0.0143 -0.6538
vn 0.7532 0.0000 -0.6578
vn 0.6331 0.0097 -0.7740
vn 0.6370 0.0004 -0.7709
vn 0.6889 0.0103 -0.7248
vn 0.6582 0.0000 -0.7528
vn 0.7255 0.0000 -0.6882
vn 0.7601 0.0037 -0.6498
vn 0.7563 0.0047 -0.6542
vn 0.7861 0.0000 -0.6181
vn 0.8300 0.0012 -0.5578
vn 0.8460 0.0041 -0.5332
vn 0.8514 0.0028 -0.5245
vn 0.9042 0.0000 -0.4271
vn 0.9119 0.0029 -0.4105
vn 0.8809 -0.0013 -0.4733
vn -0.9341 0.0000 0.3571
vn -0.9492 0.0040 0.3148
vn -0.9559 0.0008 0.2936
vn -0.9934 0.0000 0.1143
vn -0.9863 0.0019 0.1652
vn -0.9847 0.0035 0.1744
vn -0.9744 0.0000 0.2248
vn -0.9682 0.0000 0.2504
vn -0.6397 0.7067 0.3022
vn -0.6389 0.7075 0.3022
vn -0.5999 0.7050 0.3781
vn -0.6566 0.6434 0.3936
vn -0.5522 0.7262 0.4095
vn -0.5696 0.6621 0.4870
vn -0.5210 0.7110 0.4722
vn -0.4703 0.6997 0.5379
vn -0.5090 0.6524 0.5616
vn -0.3905 0.7383 0.5499
vn -0.4215 0.7067 0.5683
vn -0.3668 0.7068 0.6050
vn -0.3599 0.7141 0.6004
vn -0.2989 0.6946 0.6544
vn -0.3209 0.6607 0.6785
vn -0.2167 0.7350 0.6425
vn -0.2384 0.7067 0.6662
vn -0.1769 0.7068 0.6849
vn -0.1694 0.7169 0.6763
vn -0.1000 0.6896 0.7172
vn -0.1091 0.6684 0.7358
vn -0.0225 0.7317 0.6813
vn -0.0347 0.7067 0.7067
vn 0.0279 0.7068 0.7068
vn 0.0341 0.7193 0.6939
vn 0.1098 0.6851 0.7201
vn 0.1082 0.6754 0.7295
vn 0.1756 0.7283 0.6624
vn 0.1719 0.7067 0.6863
vn 0.2303 0.7069 0.6688
vn 0.2333 0.7213 0.6522
vn 0.3129 0.6808 0.6623
vn 0.3127 0.6819 0.6612
vn 0.3609 0.7248 0.5868
vn 0.3637 0.7067 0.6069
vn 0.4132 0.7069 0.5741
vn 0.4116 0.7230 0.5549
vn 0.4916 0.6769 0.5479
vn 0.4875 0.6878 0.5379
vn 0.5174 0.7213 0.4604
vn 0.5242 0.7067 0.4752
vn 0.5611 0.7069 0.4307
vn 0.5538 0.7243 0.4107
vn 0.6305 0.6733 0.3862
vn 0.6182 0.6932 0.3705
vn 0.6315 0.7178 0.2934
vn 0.6396 0.7067 0.3025
vn 0.6613 0.7069 0.2508
vn 0.6482 0.7253 0.2319
vn 0.7175 0.6700 0.1906
vn 0.6945 0.6982 0.1740
vn 0.6929 0.7141 0.0995
vn 0.6999 0.7067 0.1038
vn 0.7055 0.7070 0.0496
vn 0.6869 0.7259 0.0337
vn 0.7446 0.6671 -0.0226
vn 0.7107 0.7026 -0.0349
vn 0.6916 0.7118 -0.1225
vn 0.7670 0.6315 -0.1138
vn 0.6668 0.7263 -0.1670
vn 0.7092 0.6646 -0.2352
vn 0.6662 0.7067 -0.2384
vn 0.9290 0.0000 -0.3700
vn 0.9420 0.0016 -0.3355
vn 0.9492 0.0042 -0.3148
vn 0.9546 0.0022 -0.2980
vn 0.9847 0.0034 -0.1744
vn 0.9743 0.0000 -0.2254
vn 0.9646 0.0000 -0.2638
vn 1.0000 0.0060 -0.0045
vn 0.9981 -0.0000 -0.0614
vn 0.9964 0.0059 -0.0846
vn 0.9968 0.0000 -0.0794
vn 0.9934 0.0000 -0.1148
vn 0.9861 0.0020 -0.1663
vn 0.9975 0.0121 0.0693
vn 0.9979 0.0000 0.0642
vn 0.9916 0.0469 0.1207
vn 0.9675 0.1873 0.1700
vn 0.9995 -0.0006 -0.0303
vn 0.9975 0.0002 0.0701
vn 0.9933 -0.0038 0.1157
vn 0.9898 -0.0000 0.1422
vn 0.9773 -0.0000 0.2120
vn 0.9691 0.0030 0.2466
vn 0.9559 0.0085 0.2934
vn 0.9665 -0.0006 0.2568
vn 0.9297 0.0004 0.3682
vn 0.9350 -0.0016 0.3545
vn 0.9041 0.0014 0.4274
vn 0.9069 0.0006 0.4213
vn 0.8908 0.0000 0.4545
vn 0.8018 0.0000 0.5976
vn 0.8250 0.0000 0.5652
vn 0.8527 0.0035 0.5223
vn 0.8579 0.0019 0.5138
vn 0.8830 0.0000 0.4694
vn 0.7492 -0.0000 0.6624
vn 0.7720 0.0089 0.6356
vn 0.6562 0.0121 0.7545
vn 0.6602 0.0000 0.7511
vn 0.7698 0.0030 0.6383
vn 0.7932 -0.0039 0.6089
vn 0.7330 0.0029 0.6803
vn 0.7471 -0.0000 0.6647
vn 0.6968 -0.0000 0.7172
vn 0.6678 0.0045 0.7443
vn 0.6578 0.0026 0.7532
vn 0.5036 -0.0000 0.8639
vn 0.5239 0.0009 0.8518
vn 0.5490 -0.0015 0.8358
vn 0.5842 0.0010 0.8116
vn 0.5986 0.0000 0.8011
vn 0.6298 0.0000 0.7767
vn 0.2563 0.0000 0.9666
vn 0.2519 0.0005 0.9678
vn 0.2976 -0.0002 0.9547
vn 0.3256 0.0010 0.9455
vn 0.3371 0.0000 0.9415
vn 0.4271 -0.0000 0.9042
vn 0.3970 0.0076 0.9178
vn 0.4626 0.0000 0.8866
vn -0.0555 -0.0000 0.9985
vn -0.0754 -0.0001 0.9972
vn -0.0556 0.0000 0.9985
vn -0.0330 0.0008 0.9995
vn 0.0045 -0.0023 1.0000
vn 0.0394 0.0011 0.9992
vn 0.0614 -0.0000 0.9981
vn 0.0727 0.0029 0.9973
vn 0.0675 0.0000 0.9977
vn 0.1026 0.0000 0.9947
vn 0.1508 0.0037 0.9886
vn 0.1656 0.0014 0.9862
vn 0.2134 0.0000 0.9770
vn -0.1381 0.0038 0.9904
vn -0.1234 0.0016 0.9924
vn -0.3711 -0.0006 0.9286
vn -0.3196 0.0004 0.9476
vn -0.2974 -0.0015 0.9547
vn -0.2466 0.0016 0.9691
vn -0.2501 0.0013 0.9682
vn -0.2237 0.0000 0.9747
vn -0.1849 0.0000 0.9828
vn -0.4274 0.0054 0.9041
vn -0.4155 0.0031 0.9096
vn -0.4646 0.0000 0.8855
vn -0.5138 -0.0001 0.8579
vn -0.5184 0.0006 0.8551
vn -0.5750 -0.0004 0.8182
vn -0.5790 0.0000 0.8153
vn -0.6071 0.0000 0.7946
vn -0.6624 0.0000 0.7492
vn -0.7712 0.0309 0.6358
vn -0.7683 0.0000 0.6401
vn -0.6356 0.0089 0.7720
vn -0.6393 0.0008 0.7690
vn -0.6889 0.0103 0.7248
vn -0.6582 0.0000 0.7528
vn -0.7255 0.0000 0.6882
vn -0.7601 0.0037 0.6498
vn -0.7686 0.0013 0.6397
vn -0.8003 0.0000 0.5996
vn -0.8234 0.0000 0.5674
vn -0.8460 0.0041 0.5332
vn -0.8516 0.0027 0.5242
vn -0.8814 -0.0013 0.4724
vn -0.9042 0.0018 0.4271
vn -0.9121 0.0000 0.4101
vn 0.4579 0.0057 -0.8890
vn 0.6056 -0.1936 -0.7719
vn 0.9530 -0.2558 -0.1625
vn 0.9549 -0.2210 -0.1983
vn 0.7885 -0.2280 0.5712
vn 0.8762 -0.0529 0.4791
vn 0.1709 -0.2294 0.9582
vn 0.2145 -0.1720 0.9614
vn -0.6887 -0.2414 0.6837
vn -0.5265 0.0000 0.8502
vn -0.9239 0.0000 0.3827
vn -0.9239 0.0000 0.3827
vn -0.9984 0.0000 -0.0561
vn -0.9984 0.0000 -0.0561
vn -0.7391 0.0000 -0.6736
vn -0.7354 -0.0062 -0.6776
vn -0.0779 0.0308 -0.9965
vn -0.0364 -0.0171 -0.9992
vn 0.0000 -1.0000 -0.0000
vn 0.0000 -1.0000 0.0000
vn 0.0000 -1.0000 0.0000
vn 0.0000 -1.0000 0.0000
vn 0.0000 -1.0000 0.0000
vn -0.0000 -1.0000 0.0000
vn 0.0000 -1.0000 -0.0000
vn -0.5766 0.0293 -0.8165
vn -0.4116 -0.2143 -0.8858
vn 0.5573 -0.2091 -0.8035
vn 0.2768 0.0000 -0.9609
vn 0.6260 0.0000 -0.7798
vn 0.7444 -0.1694 -0.6459
vn 0.9810 -0.1571 -0.1137
vn 0.9365 -0.3446 0.0653
vn 0.7299 -0.0755 0.6793
vn 0.5200 -0.3182 0.7927
vn -0.2577 -0.1373 0.9564
vn -0.1170 0.0000 0.9931
vn -0.6428 0.0000 0.7660
vn -0.6428 0.0000 0.7660
vn -0.4159 0.0000 0.9094
vn -0.8204 -0.4251 0.3825
vn -0.8696 -0.2052 -0.4492
vn -0.9524 0.0112 -0.3048
vn 0.0000 -1.0000 0.0000
vn 0.0000 -1.0000 0.0000
vn 0.0000 -1.0000 0.0000
vn 0.0000 -1.0000 0.0000
vn 0.0000 -1.0000 0.0000
vn -0.0000 -1.0000 0.0000
vn -0.0000 -1.0000 0.0000
vn -0.3225 -0.0117 0.9465
vn -0.3141 0.0000 0.9494
vn -0.9397 0.0000 0.3421
vn -0.9429 -0.0122 0.3328
vn -0.9160 0.0094 -0.4012
vn -0.8428 -0.1661 -0.5120
vn -0.2290 -0.1761 -0.9574
vn -0.1971 -0.2121 -0.9572
vn 0.7212 -0.1887 -0.6665
vn 0.6237 0.0179 -0.7814
vn 0.9977 -0.0164 0.0662
vn 0.9977 0.0680 0.0026
vn 0.5553 -0.0647 0.8291
vn 0.6000 0.0110 0.7999
vn 0.0000 -1.0000 0.0000
vn 0.0000 -1.0000 0.0000
vn 0.0000 -1.0000 -0.0000
vn 0.0000 -1.0000 0.0000
vn 0.0000 -1.0000 0.0000
vn 0.2262 0.0052 0.9741
vn 0.2075 -0.0215 0.9780
vn -0.7493 -0.3755 0.5454
vn -0.3827 0.0000 0.9239
vn -0.5256 0.0000 0.8508
vn -0.7663 -0.2588 0.5880
vn -0.9609 -0.2038 0.1876
vn -0.9582 -0.2568 0.1262
vn -0.6972 -0.2694 -0.6643
vn -0.9239 0.0000 -0.3827
vn -0.8696 0.0000 -0.4937
vn -0.5817 -0.2950 -0.7581
vn 0.1526 -0.1765 -0.9724
vn -0.0512 0.0109 -0.9986
vn 0.6351 -0.0147 -0.7723
vn 0.6400 -0.0230 -0.7680
vn 0.9997 0.0224 -0.0101
vn 0.9997 -0.0120 0.0194
vn 0.7639 0.0077 0.6452
vn 0.7539 -0.0058 0.6570
vn -0.0000 -1.0000 0.0000
vn 0.0000 -1.0000 0.0000
vn 0.0000 -1.0000 -0.0000
vn 0.0000 -1.0000 0.0000
vn 0.0000 -1.0000 -0.0000
vn 0.0000 -1.0000 -0.0000
vn 0.0000 -1.0000 0.0000
vn 0.0000 -1.0000 0.0000
vn 0.8657 -0.0000 0.5006
vn 0.8657 0.0000 0.5006
vn 0.3307 -0.0000 0.9437
vn 0.3483 0.0091 0.9373
vn -0.2877 0.0178 0.9576
vn -0.2455 0.0420 0.9685
vn -0.8043 -0.0117 -0.5941
vn -0.8031 -0.0134 -0.5957
vn -0.3070 0.0163 -0.9516
vn -0.2856 0.0000 -0.9584
vn 0.3829 0.0000 -0.9238
vn 0.3829 0.0000 -0.9238
vn 0.7934 0.0000 -0.6087
vn 0.7934 0.0000 -0.6087
vn 0.9809 0.0000 -0.1946
vn 0.9809 0.0000 -0.1946
vn 0.9806 -0.0000 0.1959
vn 0.9806 0.0000 0.1959
vn 0.0519 -0.9979 -0.0398
vn 0.0567 -0.9983 -0.0112
vn 0.0563 -0.9984 0.0112
vn 0.0922 -0.9818 -0.1660
vn -0.0601 -0.9776 -0.2019
vn 0.0337 -0.9961 -0.0813
vn 0.1773 -0.9763 -0.1239
vn 0.0187 -0.9991 -0.0381
vn 0.0173 -0.9967 -0.0797
vn 0.3146 0.0000 -0.9492
vn 0.4070 -0.0497 -0.9121
vn 0.9840 0.0012 0.1782
vn 0.9842 0.0018 0.1773
vn 0.7811 0.0051 0.6244
vn 0.8011 0.0309 0.5978
vn -0.0140 0.0223 0.9997
vn -0.0575 -0.0071 0.9983
vn -0.7085 -0.0185 0.7055
vn -0.6886 0.0000 0.7251
vn -0.9772 0.0000 0.2124
vn -0.9820 -0.0152 0.1882
vn -0.9320 0.0156 -0.3620
vn -0.9225 0.0000 -0.3861
vn -0.4718 0.0000 -0.8817
vn -0.4718 0.0000 -0.8817
vn 0.0591 0.0000 -0.9983
vn 0.0591 0.0000 -0.9983
vn 0.0000 -1.0000 0.0000
vn 0.0033 -0.9985 -0.0552
vn -0.4227 -0.8585 0.2903
vn -0.2461 -0.9681 0.0472
vn -0.0644 -0.9962 -0.0585
vn -0.0839 -0.9753 -0.2045
vn -0.0123 -0.9981 -0.0607
vn -0.2124 -0.9767 0.0296
vn -0.4840 -0.0592 -0.8731
vn -0.6197 0.0000 -0.7848
vn -0.7715 0.0000 -0.6362
vn -0.7782 0.0045 -0.6280
vn 0.7810 -0.0280 -0.6239
vn 0.7129 0.0218 -0.7009
vn 0.9924 0.0133 0.1222
vn 0.9890 0.0000 0.1481
vn 0.9981 -0.0000 0.0621
vn 0.9983 0.0023 0.0576
vn 0.3982 0.0261 0.9169
vn 0.3555 0.0000 0.9347
vn 0.0572 -0.0000 0.9984
vn 0.0572 0.0000 0.9984
vn -0.5000 0.0000 0.8660
vn -0.5000 0.0000 0.8660
vn -0.8817 0.0000 0.4718
vn -0.8817 0.0000 0.4718
vn -0.9998 0.0000 0.0218
vn -0.9999 -0.0154 0.0023
vn 0.0053 -0.9913 0.1315
vn -0.0450 -0.9593 0.2786
vn -0.3810 -0.8681 -0.3182
vn 0.0000 -1.0000 -0.0000
vn 0.0000 -1.0000 -0.0000
vn 0.0000 -1.0000 0.0000
vn -0.6447 0.3314 -0.6889
vn -0.0345 -0.9856 -0.1653
vn 0.0319 -0.9841 0.1750
vn -0.0201 -0.9349 0.3543
vn -0.8567 -0.0334 0.5148
vn -0.8339 0.0034 0.5518
vn -0.9900 0.0124 -0.1407
vn -0.9958 0.0402 -0.0823
vn -0.6063 0.0047 -0.7952
vn -0.5953 0.0000 -0.8035
vn -0.8415 0.0000 -0.5402
vn -0.8079 -0.0241 -0.5889
vn 0.2776 -0.0143 -0.9606
vn 0.2353 0.0111 -0.9719
vn 0.9045 0.0154 -0.4261
vn 0.9218 0.0000 -0.3876
vn 0.9240 0.0000 -0.3825
vn 0.9240 0.0000 -0.3825
vn 0.9984 -0.0000 0.0563
vn 0.9984 0.0000 0.0563
vn 0.7939 -0.0000 0.6080
vn 0.7939 0.0000 0.6080
vn 0.3410 -0.0000 0.9401
vn 0.3410 0.0000 0.9401
vn -0.1619 0.0000 0.9868
vn -0.2103 -0.0316 0.9771
vn 0.0000 -1.0000 0.0000
vn 0.0233 -0.9977 0.0642
vn 0.1132 -0.9915 0.0636
vn 0.0104 -0.9994 0.0328
vn 0.0669 -0.9964 0.0512
vn -0.1113 -0.9789 0.1715
vn 0.8691 -0.4721 -0.1475
vn 0.0586 -0.9976 0.0360
vn 0.1166 -0.9908 0.0693
vn -0.6694 0.3841 -0.6359
vn -0.9826 0.0320 0.1829
vn -0.9857 0.0132 0.1678
vn -0.9176 -0.0039 -0.3975
vn -0.8251 -0.1928 -0.5311
vn -0.1875 -0.2456 -0.9511
vn -0.2263 -0.2058 -0.9521
vn 0.3897 -0.2233 -0.8935
vn 0.3542 -0.1767 -0.9183
vn 0.8368 -0.2605 -0.4815
vn 0.7993 -0.1990 -0.5670
vn 0.9665 -0.1707 0.1917
vn 0.9994 0.0105 0.0325
vn 0.5992 -0.0152 0.8005
vn 0.5963 -0.0206 0.8025
vn -0.4050 0.0221 0.9141
vn -0.4392 -0.0314 0.8979
vn 0.0000 -1.0000 0.0000
vn 0.0000 -1.0000 0.0000
vn 0.0000 -1.0000 0.0000
vn -0.0000 -1.0000 0.0000
vn 0.0000 -1.0000 0.0000
vn -0.0000 -1.0000 0.0000
vn -0.9835 -0.1515 0.0987
vn -0.9434 -0.3105 -0.1167
vn -0.6651 -0.0741 -0.7431
vn -0.7457 0.0000 -0.6663
vn -0.3827 0.0000 -0.9239
vn -0.3827 0.0000 -0.9239
vn 0.0561 0.0000 -0.9984
vn 0.0561 0.0000 -0.9984
vn 0.4838 0.0000 -0.8752
vn 0.4838 0.0000 -0.8752
vn 0.8156 0.0000 -0.5786
vn 0.8156 0.0000 -0.5786
vn 0.9518 0.0000 -0.3069
vn 0.9710 -0.2019 -0.1278
vn 0.5446 -0.3760 0.7497
vn 0.9239 0.0000 0.3827
vn 0.8410 -0.0000 0.5410
vn 0.5887 -0.2548 0.7672
vn 0.0348 -0.1865 0.9818
vn -0.0161 -0.2388 0.9709
vn -0.7737 -0.1651 0.6117
vn -0.7505 -0.0904 0.6547
vn 0.0000 -1.0000 0.0000
vn 0.0000 -1.0000 0.0000
vn 0.0000 -1.0000 0.0000
vn 0.0000 -1.0000 0.0000
vn -0.0000 -1.0000 0.0000
vn -0.0000 -1.0000 0.0000
vn 0.0000 -1.0000 0.0000
vn -0.0000 -1.0000 0.0000
vn 0.0000 -1.0000 0.0000
vn -0.9988 0.0271 -0.0409
vn -0.9988 0.0269 -0.0412
vn -0.7389 -0.0087 -0.6738
vn -0.7513 0.0089 -0.6600
vn -0.0922 -0.0060 -0.9957
vn -0.1011 0.0000 -0.9949
vn 0.4838 0.0000 -0.8752
vn 0.4838 0.0000 -0.8752
vn 0.8156 0.0000 -0.5786
vn 0.8156 0.0000 -0.5786
vn 0.9991 -0.0000 0.0418
vn 0.9985 -0.0095 0.0545
vn 0.7952 0.0074 0.6063
vn 0.7631 -0.0360 0.6453
vn -0.6476 0.0028 0.7620
vn -0.6156 0.0378 0.7871
vn -0.0060 -0.9983 -0.0587
vn 0.0580 -0.9950 -0.0813
vn 0.0995 -0.9866 -0.1295
vn -0.0679 -0.9700 0.2333
vn 0.2172 -0.9760 0.0118
vn 0.0724 -0.9961 -0.0513
vn 0.0328 -0.9977 -0.0593
vn -0.1468 0.0000 -0.9892
vn -0.1493 0.0018 -0.9888
vn 0.7556 -0.0094 -0.6550
vn 0.7479 0.0000 -0.6639
vn 0.9957 0.0000 -0.0922
vn 0.9957 0.0000 -0.0922
vn 0.9689 -0.0000 0.2475
vn 0.9644 -0.0079 0.2642
vn -0.1806 -0.0191 0.9834
vn -0.1636 -0.0065 0.9865
vn -0.6769 0.0099 0.7360
vn -0.6869 0.0000 0.7268
vn -0.9914 0.0000 0.1305
vn -0.9914 0.0000 0.1305
vn -0.9239 0.0000 -0.3827
vn -0.9842 0.1680 -0.0564
vn -0.5816 0.2953 -0.7580
vn -0.0131 0.0000 -0.9999
vn 0.0000 -1.0000 0.0000
vn 0.0430 -0.9937 0.1037
vn -0.1450 -0.9775 0.1534
vn -0.1344 -0.9823 0.1302
vn -0.0171 -0.9523 -0.3047
vn -0.7332 -0.6731 0.0965
vn 0.2264 -0.9695 0.0938
vn -0.1411 -0.9883 -0.0584
vn -0.9882 -0.0466 -0.1462
vn -0.9992 0.0159 -0.0368
vn -0.7153 0.0158 -0.6986
vn -0.7006 -0.0021 -0.7135
vn -0.1394 0.0176 -0.9901
vn -0.1415 0.0188 -0.9898
vn 0.4563 0.0165 -0.8897
vn 0.4686 0.0102 -0.8833
vn 0.9242 0.0080 -0.3818
vn 0.9307 0.0000 -0.3658
vn 0.9914 0.0000 -0.1305
vn 0.9914 0.0000 -0.1305
vn 0.9239 -0.0000 0.3827
vn 0.9239 0.0000 0.3827
vn 0.6088 -0.0000 0.7934
vn 0.6088 0.0000 0.7934
vn -0.0308 0.0000 0.9995
vn -0.0545 -0.0173 0.9984
vn -0.6357 0.0153 0.7718
vn -0.6557 -0.0093 0.7549
vn -0.0743 -0.9944 0.0753
vn 0.0467 -0.9984 0.0308
vn -0.0000 -1.0000 0.0000
vn 0.0000 -1.0000 0.0000
vn 0.3260 -0.9357 0.1350
vn -0.0180 -0.9972 0.0724
vn -0.0109 -0.9796 0.2005
vn 0.0794 -0.9968 -0.0062
vn 0.1448 0.0241 -0.9892
vn 0.2021 0.0000 -0.9794
vn 0.2768 0.0000 -0.9609
vn 0.2768 0.0000 -0.9609
vn 0.7693 0.0000 -0.6389
vn 0.7812 -0.0124 -0.6242
vn 0.9957 0.0132 -0.0922
vn 0.9975 0.0000 -0.0707
vn 0.8752 -0.0000 0.4838
vn 0.8752 0.0000 0.4838
vn 0.4255 -0.0000 0.9050
vn 0.4477 0.0169 0.8940
vn 0.0499 -0.0042 0.9987
vn 0.0998 0.0299 0.9946
vn -0.7424 0.0076 0.6699
vn -0.7485 0.0006 0.6632
vn -0.9139 0.0040 -0.4059
vn -0.9220 0.0149 -0.3868
vn -0.5458 0.0163 -0.8378
vn -0.5819 0.0380 -0.8123
vn 0.0698 -0.9975 -0.0049
vn -0.1320 -0.9912 0.0032
vn 0.0097 -0.9996 0.0275
vn 0.0560 -0.9974 -0.0448
vn 0.0244 -0.9961 -0.0847
vn 0.3119 -0.9362 0.1619
vn 0.1937 -0.9652 -0.1759
vn 0.0580 -0.9916 0.1158
vn 0.0714 -0.9967 0.0395
vn -0.8569 0.0111 0.5154
vn -0.2291 0.0134 0.9733
vn 0.5369 0.0157 0.8435
vn 0.9787 0.0199 0.2044
vn 0.2782 0.0000 -0.9605
vn -0.4936 0.0072 -0.8697
vn -0.9672 0.0097 -0.2537
vn -0.9313 0.1247 -0.3424
vn -0.9503 0.0000 -0.3114
vn -0.9007 0.0000 -0.4344
vn -0.8661 0.0676 -0.4952
vn -0.4033 0.0927 -0.9104
vn -0.4290 0.0000 -0.9033
vn -0.3175 0.0000 -0.9483
vn -0.2381 0.0470 -0.9701
vn 0.3591 -0.0149 -0.9332
vn 0.3858 0.0868 -0.9185
vn 0.2934 0.0071 -0.9559
vn 0.5396 0.0127 -0.8418
vn 0.9569 0.0024 -0.2903
vn 0.9237 0.0204 -0.3826
vn 0.9252 0.0346 -0.3780
vn 0.8864 0.0009 -0.4630
vn 0.9767 0.0178 0.2137
vn 0.9528 0.0000 0.3036
vn 0.9230 -0.0000 0.3848
vn 0.9121 0.0628 0.4052
vn 0.8835 0.0071 0.4685
vn 0.4726 0.1588 0.8668
vn 0.5182 -0.0000 0.8553
vn 0.3688 -0.0000 0.9295
vn 0.3343 0.0815 0.9389
vn 0.2850 0.0158 0.9584
vn -0.3036 0.1630 0.9387
vn -0.2629 0.0000 0.9648
vn -0.4113 0.0000 0.9115
vn -0.4503 0.0788 0.8894
vn -0.9549 0.0782 0.2864
vn -0.9398 0.0000 0.3418
vn -0.8804 0.0000 0.4742
vn -0.8898 0.1471 0.4319
vn -0.9664 0.0000 -0.2572
vn -0.9935 -0.0000 -0.1138
vn -0.9935 0.0000 -0.1138
vn -0.9961 0.0000 0.0886
vn -0.9961 0.0000 0.0886
vn -0.9704 0.0000 0.2415
vn -0.9677 0.0117 0.2517
vn -0.4904 0.0000 -0.8715
vn -0.6020 -0.0000 -0.7985
vn -0.6020 0.0000 -0.7985
vn -0.7504 -0.0000 -0.6609
vn -0.7504 0.0000 -0.6609
vn -0.8503 -0.0000 -0.5262
vn -0.8558 0.0146 -0.5170
vn 0.2782 0.0000 -0.9605
vn 0.1639 0.0000 -0.9865
vn 0.1639 0.0000 -0.9865
vn -0.0380 -0.0000 -0.9993
vn -0.0380 0.0000 -0.9993
vn -0.2168 -0.0000 -0.9762
vn -0.2273 0.0176 -0.9737
vn 0.8819 0.0000 -0.4714
vn 0.8285 -0.0023 -0.5599
vn 0.8279 0.0000 -0.5608
vn 0.6981 0.0000 -0.7160
vn 0.6981 0.0000 -0.7160
vn 0.5476 0.0000 -0.8367
vn 0.5359 0.0259 -0.8439
vn 0.9782 0.0000 0.2077
vn 0.9999 0.0000 0.0127
vn 0.9999 0.0000 0.0127
vn 0.9820 0.0000 -0.1889
vn 0.9820 0.0000 -0.1889
vn 0.9553 0.0000 -0.2957
vn 0.5344 0.0000 0.8452
vn 0.6797 0.0000 0.7335
vn 0.6797 0.0000 0.7335
vn 0.8135 0.0000 0.5816
vn 0.8135 0.0000 0.5816
vn 0.8759 0.0000 0.4825
vn 0.8759 0.0000 0.4825
vn -0.2321 0.0000 0.9727
vn -0.0633 0.0000 0.9980
vn -0.0633 0.0000 0.9980
vn 0.1389 0.0000 0.9903
vn 0.1389 0.0000 0.9903
vn 0.2660 0.0000 0.9640
vn 0.2660 0.0000 0.9640
vn -0.8585 0.0000 0.5128
vn -0.7669 0.0000 0.6417
vn -0.7669 0.0000 0.6417
vn -0.6221 0.0000 0.7830
vn -0.6221 0.0000 0.7830
vn -0.5045 0.0000 0.8634
vn -0.4955 0.0088 0.8686
vn -0.0129 0.9999 -0.0042
vn -0.0139 0.9999 -0.0016
vn -0.0134 0.9999 0.0022
vn -0.0132 0.9999 0.0012
vn -0.0158 0.9999 -0.0067
vn -0.0158 0.9999 0.0047
vn -0.0229 0.9997 -0.0083
vn -0.0207 0.9998 0.0031
vn -0.0356 0.9990 0.0276
vn -0.0183 0.9998 -0.0104
vn -0.0027 0.9997 -0.0225
vn -0.0113 0.9999 -0.0100
vn -0.0024 0.9999 -0.0145
vn -0.0073 0.9999 -0.0096
vn -0.0201 0.9998 -0.0058
vn -0.0071 0.9999 -0.0149
vn -0.0003 0.9999 -0.0157
vn -0.0036 0.9999 -0.0146
vn 0.0061 0.9999 -0.0130
vn -0.0005 0.9999 -0.0120
vn -0.0037 0.9999 -0.0132
vn 0.0022 0.9999 -0.0130
vn -0.0028 0.9999 -0.0159
vn 0.0054 0.9999 -0.0141
vn 0.0059 0.9999 -0.0137
vn 0.0082 0.9999 -0.0127
vn 0.0088 0.9999 -0.0120
vn 0.0106 0.9999 -0.0109
vn 0.0111 0.9999 -0.0098
vn 0.0126 0.9999 -0.0085
vn 0.0117 0.9999 -0.0111
vn 0.0153 0.9999 -0.0063
vn 0.0154 0.9999 -0.0058
vn 0.0160 0.9999 -0.0031
vn 0.0135 0.9999 0.0072
vn 0.0131 0.9999 0.0002
vn 0.0157 0.9999 -0.0057
vn 0.0147 0.9999 0.0032
vn 0.0146 0.9999 0.0033
vn 0.0138 0.9999 0.0061
vn 0.0529 0.9981 -0.0330
vn 0.0167 0.9998 0.0120
vn -0.0010 0.9998 0.0204
vn 0.0100 0.9999 0.0108
vn 0.0010 0.9999 0.0132
vn 0.0061 0.9999 0.0101
vn 0.0281 0.9996 0.0086
vn 0.0223 0.9997 0.0107
vn 0.0072 0.9998 0.0202
vn -0.0244 0.9995 0.0219
vn -0.0123 0.9998 0.0171
vn -0.0132 0.9999 0.0071
vn -0.0114 0.9999 0.0100
vn -0.0115 0.9999 0.0096
vn -0.0090 0.9999 0.0123
vn -0.0093 0.9999 0.0117
vn -0.0061 0.9999 0.0140
vn -0.0067 0.9999 0.0132
vn 0.0024 0.9998 0.0178
vn -0.0034 0.9999 0.0125
vn 0.0065 0.9999 0.0154
vn -0.0007 0.9999 0.0108
vn 0.0016 0.9999 0.0111
vn 0.0000 1.0000 0.0000
vn 0.0000 1.0000 0.0000
vn 0.0000 1.0000 0.0000
vn 0.0000 1.0000 0.0000
vn 0.0000 1.0000 0.0000
vn 0.0000 1.0000 0.0000
vn -0.0000 1.0000 0.0000
vn 0.0000 1.0000 0.0000
vn -0.0000 1.0000 0.0000
vn 0.0000 1.0000 0.0000
vn 0.0000 1.0000 0.0000
vn 0.0000 1.0000 0.0000
vn 0.0000 1.0000 0.0000
vn -0.0000 1.0000 0.0000
vn -0.0000 1.0000 0.0000
vn 0.0000 1.0000 0.0000
vn 0.0000 1.0000 0.0000
vn 0.0000 1.0000 0.0000
vn 0.0000 1.0000 0.0000
vn 0.0000 1.0000 0.0000
vn 0.0000 1.0000 0.0000
vn 0.0000 1.0000 0.0000
vn -0.0000 1.0000 0.0000
vn 0.0000 1.0000 0.0000
vn 0.0000 1.0000 -0.0000
vn 0.0000 1.0000 -0.0000
vn 0.7275 0.0000 -0.6861
vn 0.7210 0.0044 -0.6929
vn 0.2119 -0.0043 -0.9773
vn 0.2032 0.0000 -0.9791
vn -0.3827 -0.0000 -0.9239
vn -0.3827 0.0000 -0.9239
vn -0.8360 -0.0000 -0.5487
vn -0.8409 0.0043 -0.5412
vn -0.9998 -0.0044 0.0199
vn -0.9996 0.0000 0.0293
vn -0.7934 0.0000 0.6088
vn -0.7934 0.0000 0.6088
vn -0.3827 0.0000 0.9239
vn -0.3827 0.0000 0.9239
vn 0.1305 0.0000 0.9914
vn 0.1305 0.0000 0.9914
vn 0.6088 0.0000 0.7934
vn 0.6088 0.0000 0.7934
vn 0.9239 0.0000 0.3827
vn 0.9239 0.0000 0.3827
vn 0.9914 0.0000 -0.1305
vn 0.9914 0.0000 -0.1305
vn 0.8156 0.0000 -0.5786
vn 0.8156 0.0000 -0.5786
vn 0.4838 0.0000 -0.8752
vn 0.4838 0.0000 -0.8752
vn 0.0561 0.0000 -0.9984
vn 0.0561 0.0000 -0.9984
vn -0.5151 -0.0000 -0.8571
vn -0.5313 0.0092 -0.8472
vn -0.9094 -0.0098 -0.4159
vn -0.9182 0.0000 -0.3962
vn -0.9408 0.0000 0.3391
vn -0.9365 0.0062 0.3506
vn -0.5358 -0.0073 0.8443
vn -0.5242 0.0000 0.8516
vn 0.1305 0.0000 0.9914
vn 0.1305 0.0000 0.9914
vn 0.6088 0.0000 0.7934
vn 0.6088 0.0000 0.7934
vn 0.9239 0.0000 0.3827
vn 0.9239 0.0000 0.3827
vn 0.9914 0.0000 -0.1305
vn 0.9914 0.0000 -0.1305
vn 0.6079 0.0081 -0.7940
vn 0.6205 0.0000 -0.7842
vn 0.0561 0.0000 -0.9984
vn 0.0561 0.0000 -0.9984
vn -0.5151 -0.0000 -0.8571
vn -0.5366 0.0122 -0.8438
vn -0.9093 -0.0133 -0.4159
vn -0.9215 0.0000 -0.3883
vn -0.9408 0.0000 0.3391
vn -0.9302 0.0151 0.3668
vn -0.5357 -0.0188 0.8442
vn -0.5040 0.0000 0.8637
vn 0.1305 0.0000 0.9914
vn 0.1305 0.0000 0.9914
vn 0.6088 0.0000 0.7934
vn 0.6088 0.0000 0.7934
vn 0.9239 0.0000 0.3827
vn 0.9239 0.0000 0.3827
vn 0.9623 0.0000 -0.2720
vn 0.9670 -0.0097 -0.2545
vn -0.0000 1.0000 -0.0000
vn 0.0000 1.0000 0.0000
vn -0.0000 1.0000 0.0000
vn 0.0000 1.0000 0.0000
vn -0.0000 1.0000 0.0000
vn 0.0000 1.0000 0.0000
vn 0.0000 1.0000 0.0000
vn 0.0000 1.0000 0.0000
vn 0.0000 1.0000 0.0000
vn 0.0000 1.0000 0.0000
vn 0.0000 1.0000 0.0000
vn 0.0000 1.0000 0.0000
vn 0.0000 1.0000 0.0000
vn 0.0000 1.0000 0.0000
vn 0.0000 1.0000 0.0000
vn 0.0000 1.0000 0.0000
vn 0.0000 1.0000 0.0000
vn 0.0000 1.0000 -0.0000
vn 0.0000 1.0000 0.0000
vn 0.0000 1.0000 0.0000
vn 0.0000 1.0000 -0.0000
vn 0.0000 1.0000 0.0000
vn 0.0000 1.0000 0.0000
vn 0.0000 1.0000 0.0000
vn 0.0000 1.0000 0.0000
vn -0.0000 1.0000 0.0000
vn 0.0000 1.0000 0.0000
vn 0.0000 1.0000 -0.0000
vn 0.0000 1.0000 0.0000
vn -0.0000 1.0000 -0.0000
vn 0.0000 1.0000 0.0000
vn 0.0000 1.0000 0.0000
vn -0.0000 1.0000 0.0000
vn 0.0000 1.0000 0.0000
vn -0.0000 1.0000 0.0000
vn -0.0000 1.0000 0.0000
vn 0.0000 1.0000 0.0000
vn 0.0000 1.0000 0.0000
vn -0.0000 1.0000 0.0000
vn 0.0000 1.0000 0.0000
vn 0.0000 1.0000 -0.0000
vn 0.0000 1.0000 0.0000
vn 0.0000 1.0000 0.0000
vn 0.0000 1.0000 0.0000
vn 0.0000 1.0000 0.0000
vn 0.0000 1.0000 0.0000
vn 0.0000 1.0000 0.0000
vn 0.0000 1.0000 0.0000
vn 0.0000 1.0000 0.0000
vn 0.0000 1.0000 0.0000
vn 0.0000 1.0000 0.0000
vn 0.0000 1.0000 0.0000
vn 0.0000 1.0000 0.0000
vn 0.0000 1.0000 0.0000
vn 0.0000 1.0000 0.0000
vn -0.0000 1.0000 0.0000
vn -0.0000 1.0000 0.0000
vn 0.0000 1.0000 0.0000
vn 0.0000 1.0000 0.0000
vn 0.0000 1.0000 0.0000
vn 0.0000 1.0000 0.0000
vn 0.0000 1.0000 0.0000
vn 0.0000 1.0000 0.0000
vn 0.0000 1.0000 0.0000
vn 0.0000 1.0000 0.0000
vn 0.0000 1.0000 0.0000
vn 0.0000 1.0000 0.0000
vn 0.0000 1.0000 0.0000
vn 0.7362 0.5408 -0.4069
vn 0.7687 0.4902 -0.4109
vn 0.6671 0.5497 -0.5028
vn 0.5479 0.7055 -0.4496
vn 0.3282 0.6891 -0.6461
vn 0.5148 0.5843 -0.6273
vn 0.4881 0.7023 -0.5182
vn 0.2502 0.6975 -0.6715
vn 0.3780 0.5974 -0.7072
vn 0.3808 0.7020 -0.6019
vn 0.1400 0.7004 -0.6999
vn 0.2316 0.6030 -0.7634
vn 0.2641 0.7012 -0.6622
vn 0.0695 0.7055 -0.7053
vn 0.0458 0.5382 -0.8415
vn 0.1580 0.6983 -0.6982
vn -0.0695 0.7054 -0.7054
vn -0.1197 0.5365 -0.8354
vn 0.0680 0.6918 -0.7189
vn -0.2058 0.7054 -0.6783
vn -0.2729 0.5559 -0.7851
vn -0.0061 0.6798 -0.7333
vn -0.3341 0.7054 -0.6251
vn -0.4167 0.5644 -0.7127
vn -0.2779 0.7007 -0.6571
vn -0.4497 0.7054 -0.5479
vn -0.5642 0.5354 -0.6285
vn -0.3561 0.6941 -0.6256
vn -0.5479 0.7054 -0.4497
vn -0.6617 0.5581 -0.5006
vn -0.4390 0.6868 -0.5793
vn -0.6416 0.7033 -0.3060
vn -0.7042 0.6021 -0.3764
vn -0.7805 0.5579 -0.2821
vn -0.7640 0.6021 -0.2318
vn -0.6666 0.7023 -0.2498
vn -0.7153 0.6986 0.0142
vn -0.8008 0.5937 -0.0789
vn -0.7011 0.7010 -0.1302
vn -0.7055 0.7053 0.0695
vn -0.8383 0.5317 0.1209
vn -0.7148 0.6993 -0.0089
vn -0.6783 0.7054 0.2058
vn -0.7759 0.5716 0.2668
vn -0.7824 0.5543 0.2838
vn -0.7284 0.5521 0.4058
vn -0.7687 0.4902 0.4109
vn -0.6671 0.5497 0.5028
vn -0.5479 0.7055 0.4496
vn -0.3282 0.6891 0.6461
vn -0.5148 0.5843 0.6273
vn -0.4881 0.7023 0.5182
vn -0.2502 0.6975 0.6715
vn -0.3780 0.5974 0.7072
vn -0.3808 0.7020 0.6019
vn -0.1400 0.7004 0.6999
vn -0.2316 0.6030 0.7634
vn -0.2641 0.7012 0.6622
vn -0.0695 0.7055 0.7053
vn -0.0458 0.5382 0.8415
vn -0.1580 0.6983 0.6982
vn 0.0695 0.7054 0.7054
vn 0.1215 0.5294 0.8396
vn -0.0749 0.6908 0.7192
vn 0.2058 0.7054 0.6783
vn 0.2565 0.5969 0.7602
vn 0.4011 0.5254 0.7504
vn 0.3211 0.6696 0.6697
vn 0.2854 0.7015 0.6530
vn 0.4497 0.7054 0.5479
vn 0.5642 0.5354 0.6285
vn 0.3561 0.6941 0.6256
vn 0.5479 0.7054 0.4497
vn 0.6617 0.5581 0.5006
vn 0.4390 0.6868 0.5793
vn 0.6416 0.7033 0.3060
vn 0.7042 0.6021 0.3764
vn 0.7842 0.5552 0.2769
vn 0.7706 0.5928 0.2338
vn 0.6653 0.7019 0.2542
vn 0.7148 0.6993 -0.0078
vn 0.7951 0.6014 0.0783
vn 0.7016 0.7014 0.1256
vn 0.7055 0.7053 -0.0695
vn 0.8383 0.5317 -0.1209
vn 0.7148 0.6993 0.0089
vn 0.6783 0.7054 -0.2058
vn 0.7759 0.5716 -0.2668
vn 0.7863 0.5430 -0.2947
vn 0.9033 -0.3789 -0.2009
vn 0.9245 -0.3811 0.0064
vn 0.9039 -0.3751 0.2057
vn 0.8355 -0.2762 0.4750
vn 0.7023 -0.3133 0.6393
vn 0.5209 -0.3933 0.7576
vn 0.2459 -0.3241 0.9135
vn -0.1780 -0.3822 0.9068
vn 0.0241 -0.3380 0.9408
vn -0.3681 -0.3873 0.8453
vn -0.5521 -0.3488 0.7573
vn -0.7219 -0.2747 0.6351
vn -0.9034 -0.3789 0.2009
vn -0.9278 -0.3730 -0.0050
vn -0.9045 -0.3719 -0.2087
vn -0.8355 -0.2762 -0.4750
vn -0.7023 -0.3133 -0.6393
vn -0.5263 -0.3780 -0.7616
vn -0.4123 -0.1403 -0.9002
vn -0.2364 -0.2939 -0.9261
vn 0.1780 -0.3822 -0.9068
vn -0.0250 -0.3424 -0.9392
vn 0.3681 -0.3873 -0.8453
vn 0.5521 -0.3489 -0.7573
vn 0.7219 -0.2747 -0.6351
vn 0.6935 -0.4638 -0.5513
vn 0.7545 0.2237 -0.6170
vn 0.8695 0.4190 -0.2617
vn 0.3427 0.2800 -0.8967
vn 0.4484 0.2654 -0.8535
vn 0.6757 0.5379 -0.5042
vn 0.2238 0.9710 -0.0844
vn 0.8730 0.4195 -0.2488
vn 0.2523 0.9655 -0.0650
vn 0.4867 0.8639 -0.1297
vn 0.2664 0.9605 -0.0800
vn 0.9662 -0.0469 -0.2533
vn 0.8516 0.4638 -0.2442
vn 0.9716 0.2084 -0.1122
vn 0.7174 0.5839 -0.3799
vn 0.6280 0.7107 -0.3171
vn 0.9679 0.0097 -0.2512
vn 0.9674 0.0000 -0.2531
vn 0.1184 0.8648 -0.4879
vn -0.0503 0.7771 -0.6274
vn 0.5531 0.4981 -0.6678
vn 0.4132 0.3629 -0.8352
vn 0.3444 0.8100 -0.4746
vn -0.0720 0.4283 -0.9008
vn -0.0377 0.4569 -0.8887
vn 0.7330 0.3927 -0.5554
vn -0.0105 0.9998 -0.0184
vn -0.0060 0.9998 -0.0198
vn 0.0000 1.0000 0.0000
vn 0.0000 1.0000 0.0000
vn -0.0352 0.9994 0.0034
vn -0.0137 0.9998 -0.0166
vn -0.0122 0.9998 -0.0177
vn 0.8243 0.5240 -0.2143
vn 0.7399 0.6453 -0.1901
vn 0.1840 0.9817 -0.0492
vn -0.9277 -0.1245 -0.3520
vn -0.0604 0.0320 -0.9977
vn -0.5578 -0.8229 -0.1076
vn -0.9428 -0.3331 -0.0133
vn -0.9886 0.0239 -0.1489
vn -0.9225 -0.3730 -0.0994
vn -0.7277 -0.3738 0.5751
vn -0.6799 -0.6241 -0.3850
vn -0.6954 -0.5997 -0.3960
vn -0.4732 -0.6276 -0.6182
vn 0.1673 -0.5671 -0.8065
vn -0.1571 -0.5530 -0.8182
vn 0.3002 -0.2946 -0.9073
vn 0.0901 -0.4826 -0.8712
vn -0.0413 -0.7412 -0.6700
vn 0.3638 -0.5655 -0.7402
vn 0.1812 -0.7999 -0.5721
vn -0.9081 0.3643 -0.2064
vn -0.9438 0.2447 -0.2220
vn -0.9870 0.0955 -0.1293
vn -0.5703 0.8214 -0.0046
vn -0.8445 0.5331 0.0515
vn -0.2217 0.9462 -0.2358
vn -0.4964 0.8513 -0.1701
vn -0.5882 0.6163 -0.5236
vn -0.8697 0.1831 -0.4584
vn -0.8517 0.0912 -0.5160
vn 0.0331 0.0000 -0.9995
vn 0.0053 0.1114 -0.9938
vn -0.1172 -0.0086 -0.9931
vn -0.1108 -0.0076 -0.9938
vn 0.0963 0.2073 -0.9735
vn -0.0112 0.0085 -0.9999
vn 0.1174 -0.0017 -0.9931
vn 0.0921 0.0049 -0.9957
vn -0.0140 -0.1375 -0.9904
vn -0.0436 0.0051 -0.9990
vn -0.1313 -0.1569 -0.9788
vn -0.1531 0.0022 -0.9882
vn -0.1614 -0.0086 -0.9869
vn -0.3690 -0.0791 -0.9261
vn -0.2706 -0.0817 -0.9592
vn -0.1384 0.0045 -0.9904
vn -0.2674 -0.0007 -0.9636
vn -0.2216 -0.2793 -0.9343
vn -0.1825 -0.2539 -0.9499
vn -0.7726 -0.1047 -0.6262
vn -0.0837 -0.0473 -0.9954
vn -0.9033 0.3595 0.2342
vn -0.9335 0.2598 0.2472
vn -0.7046 0.6855 0.1834
vn -0.8363 0.4944 0.2371
vn -0.5313 0.8351 0.1425
vn -0.3753 0.9209 0.1053
vn -0.2002 0.9784 0.0518
vn -0.3734 -0.8359 0.4023
vn -0.5249 -0.5271 -0.6683
vn 0.5125 -0.5726 -0.6400
vn 0.4936 -0.4173 -0.7630
vn 0.5313 -0.5606 -0.6352
vn -0.2137 -0.9183 -0.3333
vn 0.9843 0.1764 -0.0096
vn 0.8856 0.4643 0.0053
vn 0.6821 0.7312 0.0022
vn 0.6337 0.7736 -0.0030
vn 0.7297 0.0002 -0.6838
vn 0.7582 -0.0103 -0.6520
vn -0.0663 0.2463 -0.9669
vn -0.0068 0.0015 -1.0000
vn -0.0698 0.3021 -0.9507
vn -0.0295 0.5526 -0.8329
vn -0.0288 0.5850 -0.8105
vn -0.0146 0.6571 -0.7536
vn -0.0223 0.8307 -0.5563
vn 0.0424 0.9782 -0.2033
vn -0.0317 0.9187 -0.3936
vn -0.0081 0.9307 -0.3657
vn -0.0672 0.9513 -0.3008
vn -0.0582 0.9513 -0.3027
vn -0.1135 0.9480 -0.2973
vn -0.0979 0.9530 -0.2868
vn -0.0893 0.9530 -0.2895
vn -0.2559 0.7485 -0.6118
vn -0.2505 0.5634 -0.7873
vn -0.2053 0.7835 -0.5865
vn 0.0173 0.9913 -0.1303
vn -0.3339 0.3487 -0.8757
vn -0.2267 0.4712 -0.8524
vn -0.1702 0.7493 -0.6400
vn -0.1716 0.7470 -0.6423
vn -0.0789 0.9499 -0.3026
vn -0.0812 0.9486 -0.3058
vn -0.2461 0.2971 -0.9226
vn -0.2506 0.2297 -0.9404
vn -0.3447 0.2295 -0.9102
vn -0.3482 0.2882 -0.8920
vn -0.1424 0.3022 -0.9426
vn -0.1409 0.4712 -0.8707
vn -0.0907 0.7465 -0.6592
vn -0.1693 0.5843 -0.7937
vn -0.0889 0.8310 -0.5491
vn -0.0711 0.9585 -0.2762
vn -0.0272 0.9808 -0.1932
vn -0.1529 0.2926 -0.9439
vn -0.1555 0.2330 -0.9600
vn -0.2500 0.2330 -0.9398
vn -0.2267 0.4713 -0.8523
vn -0.3143 0.4711 -0.8242
vn -0.1163 -0.9737 0.1957
vn -0.3728 0.1920 -0.9078
vn -0.2668 0.2870 -0.9200
vn -0.1910 0.5677 -0.8008
vn 0.9818 0.0445 -0.1847
vn -0.3016 0.1865 -0.9350
vn 0.0841 0.3977 -0.9137
vn -0.0873 0.4116 -0.9072
vn 0.2068 0.7527 -0.6250
vn 0.5544 0.6929 -0.4610
vn -0.4015 0.0364 -0.9151
vn -0.2599 0.1397 -0.9555
vn -0.2893 0.1418 -0.9467
vn 0.0388 0.4025 -0.9146
vn -0.2430 0.0547 -0.9685
vn 0.0593 0.2620 -0.9633
vn 0.0752 0.2439 -0.9669
vn 0.5529 0.1700 -0.8157
vn 0.3074 0.4820 -0.8205
vn 0.7021 0.5526 -0.4492
vn 0.6180 0.6364 -0.4615
vn 0.5565 0.6825 -0.4739
vn 0.8388 0.0073 -0.5443
vn 0.8359 0.0060 -0.5488
vn 0.4476 0.0009 -0.8942
vn 0.5608 0.0324 -0.8273
vn 0.0614 -0.0073 -0.9981
vn -0.0324 0.0169 -0.9993
vn -0.0512 0.0166 -0.9986
vn -0.2966 0.1866 -0.9366
vn -0.6750 0.1523 -0.7219
vn -0.6354 0.1475 -0.7579
vn -0.6135 0.2294 -0.7557
vn -0.6520 0.1523 -0.7428
vn -0.5427 0.1002 -0.8339
vn -0.5576 0.1820 -0.8099
vn -0.5854 0.0453 -0.8095
vn -0.4943 0.0391 -0.8684
vn -0.4668 0.2218 -0.8561
vn -0.5199 0.0826 -0.8502
vn -0.2470 0.8377 -0.4870
vn -0.2271 0.9463 -0.2301
vn -0.1709 0.9791 -0.1100
vn -0.1253 0.9805 -0.1516
vn -0.1253 0.9805 -0.1515
vn -0.1115 0.9805 -0.1619
vn -0.1115 0.9805 -0.1620
vn -0.0973 0.9805 -0.1709
vn -0.1063 0.9732 -0.2038
vn -0.0379 0.9759 -0.2147
vn -0.5801 0.6127 -0.5367
vn -0.3929 0.8290 -0.3980
vn -0.3564 0.8290 -0.4310
vn -0.3563 0.8291 -0.4309
vn -0.3171 0.8291 -0.4606
vn -0.3171 0.8290 -0.4606
vn -0.2653 0.8287 -0.4928
vn -0.3103 0.7845 -0.5368
vn -0.6318 0.4554 -0.6272
vn -0.6154 0.4942 -0.6141
vn -0.5653 0.4946 -0.6602
vn -0.5321 0.5504 -0.6434
vn -0.4734 0.5504 -0.6877
vn -0.4734 0.5504 -0.6877
vn -0.3768 0.5491 -0.7460
vn -0.4419 0.4298 -0.7874
vn -0.3414 0.6336 -0.6943
vn -0.4745 0.2822 -0.8338
vn -0.5440 0.2823 -0.7902
vn -0.5441 0.2819 -0.7902
vn -0.6114 0.2819 -0.7394
vn -0.6846 0.2073 -0.6988
vn -0.7112 0.0931 -0.6968
vn -0.4245 -0.0132 -0.9053
vn -0.5369 -0.0025 -0.8436
vn -0.8564 -0.4571 -0.2400
vn -0.8054 -0.5506 -0.2196
vn 0.1010 -0.1946 -0.9757
vn -0.0924 -0.4143 -0.9054
vn -0.7180 -0.5816 -0.3825
vn -0.4807 -0.6040 -0.6357
vn -0.1284 -0.8525 -0.5067
vn 0.0022 -0.4401 -0.8980
vn -0.7237 -0.5619 -0.4007
vn -0.5981 -0.4843 -0.6385
vn -0.4904 -0.6072 -0.6252
vn -0.1231 -0.8603 -0.4947
vn -0.1237 -0.4684 -0.8748
vn -0.3882 0.0816 -0.9180
vn 0.0784 -0.8297 -0.5526
vn 0.0826 -0.8152 -0.5733
vn 0.1893 -0.4251 -0.8851
vn 0.1724 -0.1954 -0.9655
vn 0.0568 -0.4445 -0.8940
vn 0.0776 -0.6154 -0.7844
vn -0.5431 -0.8396 -0.0054
vn -0.9986 -0.0521 -0.0006
vn -0.9801 -0.1816 -0.0798
vn -1.0000 -0.0093 -0.0005
vn -0.9639 0.2637 0.0360
vn -0.9533 -0.3020 -0.0067
vn -0.9998 -0.0005 0.0201
vn -0.9997 -0.0197 0.0113
vn -0.9910 -0.1324 -0.0220
vn -0.9630 0.0527 0.2641
vn -0.6778 -0.7131 0.1791
vn -0.7346 -0.6487 0.1987
vn 0.0557 0.9984 -0.0010
vn 0.0000 1.0000 0.0000
vn -0.0000 1.0000 0.0000
vn 0.0248 0.9997 -0.0017
vn 0.0463 0.9989 -0.0104
vn 0.0722 0.9974 0.0032
vn 0.0000 1.0000 -0.0000
vn -0.0000 1.0000 0.0000
vn 0.0000 1.0000 -0.0000
vn 0.0000 1.0000 0.0000
vn 0.0000 1.0000 0.0000
vn 0.0000 1.0000 0.0000
vn -0.0000 1.0000 0.0000
vn 0.0000 1.0000 0.0000
vn 0.0000 1.0000 0.0000
vn -0.8767 0.0033 -0.4811
vn -0.9243 0.0184 -0.3811
vn -0.3149 -0.9480 0.0464
vn -0.5775 -0.7519 0.3180
vn -0.5393 -0.7576 0.3676
vn -0.8046 -0.4606 0.3749
vn -0.9221 -0.1822 0.3415
vn -0.6098 -0.7768 0.1572
vn -0.6037 -0.7820 0.1552
vn -0.3090 -0.9479 0.0772
vn -0.2275 -0.9725 0.0498
vn -0.2560 -0.9649 0.0580
vn -0.8745 -0.4286 0.2270
vn -0.8682 -0.4421 0.2255
vn -0.9561 -0.1588 0.2462
vn -0.9572 -0.1521 0.2462
vn -0.8215 -0.5311 0.2077
vn -0.2123 -0.5404 -0.8142
vn -0.0164 -0.9999 -0.0013
vn 0.2096 -0.9765 -0.0501
vn 0.4427 -0.8890 -0.1169
vn 0.3877 -0.9158 -0.1053
vn 0.1312 -0.9909 -0.0292
vn 0.6632 -0.7278 -0.1745
vn 0.6648 -0.7262 -0.1751
vn 0.8472 -0.4835 -0.2204
vn 0.9070 -0.3420 -0.2456
vn 0.9481 -0.1899 -0.2551
vn 0.9456 -0.2037 -0.2537
vn 0.0000 1.0000 -0.0000
vn 0.0685 0.9973 -0.0272
vn 0.0000 1.0000 0.0000
vn 0.0000 1.0000 0.0000
vn 0.0000 1.0000 -0.0000
vn -0.6420 0.0241 0.7663
vn -0.9684 0.0122 0.2491
vn 0.6426 -0.0083 -0.7662
vn 0.9679 -0.0344 -0.2490
vn 0.5703 0.0000 -0.8215
vn 0.3118 -0.0129 -0.9501
vn 0.7853 -0.5848 -0.2031
vn 0.9442 -0.2032 -0.2592
vn 0.7082 -0.6813 -0.1852
vn -0.8823 -0.3010 -0.3617
vn -0.1496 -0.9821 -0.1146
vn -0.5408 -0.7954 -0.2736
vn -0.3852 -0.4546 -0.8031
vn -0.6432 -0.5880 -0.4904
vn 0.0017 -0.7800 -0.6258
vn -0.0925 -0.6405 -0.7624
vn 0.1500 -0.8292 -0.5384
vn 0.2909 -0.8200 -0.4929
vn 0.3277 -0.7757 -0.5393
vn 0.4729 -0.7902 -0.3898
vn 0.6348 -0.7503 -0.1846
vn -0.8760 0.0000 -0.4823
vn -0.9953 -0.0012 -0.0968
vn -0.9917 0.0019 -0.1289
vn -0.8553 -0.0025 -0.5182
vn -0.9895 0.0236 0.1427
vn -0.9642 -0.1075 0.2422
vn -0.9543 0.0437 0.2955
vn -0.9681 0.0001 0.2504
vn -0.8831 -0.0503 -0.4665
vn -0.9754 0.0312 -0.2180
vn -0.2948 0.0083 -0.9555
vn -0.4752 0.0580 -0.8780
vn -0.1629 -0.2687 0.9493
vn -0.7720 0.0589 -0.6328
vn -0.9158 0.0245 -0.4009
vn -0.9195 0.0356 -0.3915
vn -0.6446 0.0029 -0.7645
vn -0.8102 0.0414 -0.5846
vn -0.8264 0.0089 -0.5630
vn -0.8324 0.0047 -0.5542
vn -0.9574 0.0571 -0.2831
vn -0.3824 -0.4618 -0.8003
vn -0.0577 -0.3992 -0.9150
vn 0.4621 -0.0712 -0.8840
vn 0.4728 -0.0737 -0.8781
vn 0.2530 -0.0714 -0.9648
vn 0.2671 -0.0340 -0.9631
vn -0.9219 0.0224 -0.3868
vn -0.9283 0.0304 -0.3707
vn -0.5455 0.0355 -0.8374
vn -0.5201 0.0253 -0.8537
vn -0.0911 0.0231 -0.9956
vn -0.1380 0.0397 -0.9896
vn 0.3768 -0.0115 -0.9262
vn 0.3514 0.0000 -0.9362
vn 0.7424 0.0000 -0.6699
vn 0.6399 0.0429 -0.7672
vn 0.9635 0.0166 -0.2671
vn 0.9470 0.0379 -0.3191
vn 0.9923 0.0152 0.1228
vn 0.9951 0.0222 0.0963
vn 0.8717 0.0271 0.4893
vn 0.8662 0.0234 0.4992
vn 0.5456 0.0254 0.8376
vn 0.5406 0.0233 0.8410
vn 0.0911 0.0213 0.9956
vn 0.1334 0.0362 0.9904
vn -0.3768 -0.0106 0.9262
vn -0.1735 0.0758 0.9819
vn -0.7424 -0.0034 0.6699
vn -0.6982 0.0241 0.7155
vn -0.9783 0.0080 0.2070
vn -0.9744 0.0157 0.2243
vn 0.9969 0.0421 -0.0661
vn 0.9995 -0.0322 0.0051
vn 0.9999 0.0004 -0.0109
vn 0.9998 -0.0158 -0.0090
vn -0.0210 0.0038 -0.9998
vn -0.0137 0.0000 -0.9999
vn -0.0204 0.0117 -0.9997
vn -0.0345 0.0483 -0.9982
vn -0.0121 0.0274 -0.9996
vn -0.0192 0.0384 -0.9991
vn -0.0438 0.0921 -0.9948
vn -0.0068 0.0010 -1.0000
vn -0.0081 0.0000 -1.0000
vn -0.1010 0.0000 -0.9949
vn -0.1165 -0.0024 -0.9932
vn -0.1288 0.0000 -0.9917
vn -0.2000 0.0000 -0.9798
vn -0.2158 -0.0024 -0.9764
vn -0.2276 0.0000 -0.9738
vn -0.2964 0.0000 -0.9551
vn -0.3129 -0.0025 -0.9498
vn -0.3244 0.0000 -0.9459
vn -0.4861 0.0012 -0.8739
vn -0.4183 -0.0012 -0.9083
vn -0.4357 0.0000 -0.9001
vn -0.3965 -0.0055 -0.9180
vn -0.4068 -0.0031 -0.9135
vn -0.3869 -0.0000 -0.9221
vn -0.4757 -0.0277 -0.8792
vn -0.5205 -0.0678 -0.8512
vn -0.4965 0.0013 -0.8680
vn -0.9584 0.2778 0.0658
vn -0.4698 -0.0009 -0.8828
vn -0.5454 0.0000 -0.8382
vn -0.5812 -0.0019 -0.8137
vn -0.5860 -0.0008 -0.8103
vn -0.6830 -0.0001 -0.7304
vn -0.6597 -0.0028 -0.7515
vn -0.6600 -0.0027 -0.7512
vn -0.6303 0.0005 -0.7764
vn -0.7494 -0.0205 -0.6618
vn -0.7149 0.0001 -0.6992
vn -0.7143 0.0000 -0.6998
vn -0.7322 0.0000 -0.6811
vn -0.7970 0.0000 -0.6040
vn -0.7970 0.0000 -0.6040
vn -0.8396 0.0000 -0.5432
vn -0.8534 0.0096 -0.5212
vn -0.8584 0.0144 -0.5127
vn -0.8604 0.0168 -0.5093
vn -0.8610 0.0177 -0.5083
vn -0.8596 0.0150 -0.5108
vn -0.8561 0.0072 -0.5167
vn -0.8823 0.1014 -0.4596
vn -0.8748 0.0078 -0.4844
vn -0.7906 0.0634 -0.6090
vn -0.6836 -0.0096 -0.7298
vn -0.4056 0.0098 -0.9140
vn -0.3895 0.0000 -0.9210
vn -0.1016 0.0000 -0.9948
vn -0.0080 0.0311 -0.9995
vn 0.1030 0.0000 -0.9947
vn -0.4029 -0.0011 -0.9152
vn -0.3541 -0.0148 -0.9351
vn -0.1317 0.0000 -0.9913
vn -0.2449 0.0000 -0.9695
vn -0.2449 0.0000 -0.9695
vn -0.3488 0.0000 -0.9372
vn -0.2033 0.0278 -0.9787
vn 0.0216 -0.0000 -0.9998
vn 0.0248 -0.0012 -0.9997
vn 0.2344 -0.1097 -0.9659
vn 0.0052 0.0077 -1.0000
vn -0.0198 0.0316 -0.9993
vn -0.0402 0.0000 -0.9992
vn -0.1317 0.0000 -0.9913
vn 0.1757 0.0000 -0.9844
vn 0.1757 0.0000 -0.9844
vn -0.4299 -0.0350 -0.9022
vn 0.6641 -0.1775 -0.7262
vn 0.1062 0.0000 -0.9943
vn 0.2184 0.2150 -0.9519
vn -0.1069 0.0440 -0.9933
vn -0.9120 -0.0837 -0.4016
vn -0.9724 0.0000 -0.2332
vn -0.5458 -0.0000 -0.8379
vn -0.2331 -0.1330 -0.9633
vn -0.0902 -0.1348 -0.9868
vn -0.3995 0.0000 -0.9167
vn 0.3768 0.0000 -0.9263
vn 0.6462 -0.1208 -0.7535
vn 0.7370 -0.1204 -0.6651
vn 0.4853 0.0000 -0.8743
vn 0.9637 0.0000 -0.2671
vn 0.9906 -0.1276 0.0492
vn 0.9436 -0.1355 0.3022
vn 0.9935 -0.0377 0.1075
vn 0.6578 -0.0638 0.7505
vn 0.6295 -0.0842 0.7724
vn 0.0909 -0.0599 0.9941
vn 0.2598 0.0000 0.9657
vn -0.3768 0.0000 0.9263
vn -0.3768 0.0000 0.9263
vn -0.7424 0.0000 0.6699
vn -0.9184 -0.1228 0.3761
vn -0.9754 -0.1208 0.1844
vn -0.9704 -0.1044 0.2178
vn -0.9617 -0.0166 -0.2735
vn -0.9629 -0.0015 -0.2699
vn -0.1934 -0.9773 0.0862
vn -0.3415 -0.3499 0.8723
vn -0.7600 -0.5742 0.3045
vn -0.7160 -0.4400 0.5420
vn -0.8633 -0.4306 0.2632
vn -0.8711 -0.4909 -0.0148
vn -0.7966 -0.6037 0.0326
vn -0.2016 -0.9050 0.3747
vn -0.2604 -0.5248 0.8104
vn -0.9425 0.1024 0.3181
vn 0.3862 0.8230 -0.4165
vn -0.4552 -0.6557 0.6024
vn -0.4701 -0.6654 0.5799
vn -0.0129 -0.9997 -0.0197
vn -0.0287 -0.9995 -0.0126
vn -0.0724 -0.9974 0.0002
vn -0.0481 -0.9988 0.0091
vn -0.0240 -0.9995 0.0216
vn -0.0908 -0.9954 -0.0299
vn 0.0120 -0.9995 -0.0295
vn 0.0370 -0.9990 -0.0235
vn -0.0004 -1.0000 -0.0041
vn -0.0625 -0.9980 -0.0025
vn -0.0147 -0.9998 -0.0167
vn -0.0589 -0.9982 0.0113
vn -0.0129 -0.9995 -0.0282
vn -0.0323 -0.9994 -0.0124
vn -0.0300 -0.9995 -0.0096
vn -0.0203 -0.9998 0.0056
vn -0.0139 -0.9997 0.0222
vn -0.0024 -0.9996 -0.0266
vn -0.0376 -0.9993 0.0040
vn -0.0017 -1.0000 0.0042
vn -0.0288 -0.9995 0.0090
vn 0.0274 -0.9984 0.0492
vn -0.0178 -0.9997 0.0161
vn -0.0359 -0.9990 -0.0262
vn -0.0353 -0.9992 0.0190
vn -0.0051 -1.0000 0.0044
vn -0.0069 -1.0000 0.0058
vn 0.0011 -1.0000 0.0045
vn 0.0011 -1.0000 0.0046
vn 0.0006 -1.0000 0.0047
vn 0.0090 -1.0000 -0.0006
vn 0.0000 -1.0000 0.0000
vn 0.0099 0.7849 -0.6196
vn -0.7531 -0.1362 0.6437
vn -0.7854 -0.3026 0.5400
vn -0.8145 -0.0965 0.5720
vn -0.8698 -0.3891 0.3035
vn -0.9685 -0.0281 0.2475
vn -0.9684 0.0183 0.2486
vn -0.9691 -0.0035 0.2465
vn -0.9679 -0.0223 0.2503
vn -0.3393 -0.1528 0.9282
vn -0.8806 -0.0911 0.4651
vn -0.4673 0.7620 -0.4484
vn 0.2515 -0.8196 0.5148
vn -0.5319 -0.1725 0.8291
vn 0.2232 -0.2464 0.9431
vn 0.3227 -0.5775 0.7499
vn 0.2125 -0.4803 0.8510
vn 0.2239 -0.2457 0.9431
vn -0.0553 -0.2103 0.9761
vn 0.2625 -0.6475 0.7154
vn 0.0685 -0.5215 0.8505
vn -0.0713 -0.3959 0.9155
vn -0.0871 -0.2305 0.9692
vn -0.3275 -0.1682 0.9298
vn 0.0523 -0.8335 0.5500
vn -0.0320 -0.6643 0.7468
vn -0.0258 -0.6686 0.7431
vn -0.0132 -0.6943 0.7196
vn -0.2176 -0.5861 0.7805
vn -0.2452 -0.5077 0.8259
vn -0.3959 -0.3915 0.8307
vn 0.0202 -0.9728 0.2308
vn 0.0123 -0.9102 0.4141
vn -0.0071 -0.8966 0.4428
vn -0.1964 -0.8607 0.4697
vn -0.2406 -0.7833 0.5731
vn -0.3543 -0.7066 0.6126
vn -0.3711 -0.6619 0.6513
vn -0.4744 -0.5668 0.6736
vn -0.5056 -0.4061 0.7612
vn -0.5264 -0.3873 0.7569
vn -0.6173 -0.1255 0.7766
vn -0.6637 -0.3163 0.6778
vn -0.0242 -0.9804 0.1957
vn -0.2295 -0.9556 0.1848
vn -0.3024 -0.8918 0.3367
vn -0.5646 -0.7474 0.3502
vn -0.5606 -0.7580 0.3334
vn -0.6493 -0.6174 0.4441
vn -0.7554 -0.4755 0.4509
vn -0.7541 -0.4579 0.4707
vn -0.7937 -0.2072 0.5719
vn -0.0201 -0.9998 0.0013
vn -0.0034 -1.0000 -0.0047
vn -0.0082 -1.0000 0.0014
vn 0.0016 -1.0000 -0.0077
vn -0.0032 -1.0000 -0.0045
vn -0.0092 -1.0000 -0.0018
vn 0.5232 -0.8466 0.0971
vn 0.6741 -0.7132 0.1923
vn 0.4323 -0.8625 0.2630
vn 0.5533 -0.8294 0.0774
vn 0.8948 -0.4407 -0.0719
vn 0.9562 -0.2296 -0.1815
vn 0.9784 -0.1660 -0.1230
vn 0.8557 -0.4955 -0.1493
vn 0.7344 -0.6664 0.1287
vn 0.7143 -0.6874 -0.1314
vn 0.6920 -0.7203 -0.0479
vn 0.4257 -0.9014 0.0790
vn 0.4689 -0.8833 -0.0037
vn 0.9542 -0.1901 0.2310
vn 0.8233 -0.0188 0.5673
vn 0.8688 -0.1902 0.4573
vn 0.9751 -0.1866 0.1201
vn 0.9801 -0.1763 -0.0908
vn 0.8916 -0.4435 0.0919
vn 0.8481 -0.5033 0.1656
vn 0.5204 -0.7451 0.4171
vn 0.7214 -0.5520 0.4182
vn 0.9745 -0.1984 0.1047
vn 0.7337 -0.3604 0.5760
vn 0.9022 -0.3549 0.2451
vn 0.6776 -0.5555 0.4820
vn 0.7466 -0.5315 0.4000
vn 0.6088 -0.1708 0.7747
vn 0.9662 -0.0006 -0.2577
vn 0.9594 -0.0633 -0.2749
vn 0.9683 0.0000 -0.2497
vn 0.9681 -0.0008 -0.2504
vn -0.7542 0.4785 -0.4497
vn 0.8553 -0.3504 0.3817
vn 0.7250 -0.5539 0.4094
vn 0.7802 -0.6174 0.1004
vn 0.7958 -0.5943 0.1164
vn 0.8047 -0.5824 -0.1148
vn 0.7629 -0.6420 -0.0768
vn -0.0007 -1.0000 -0.0072
vn -0.1550 -0.9878 -0.0129
vn -0.0518 -0.9955 -0.0796
vn -0.0054 -0.9958 -0.0911
vn 0.0029 -1.0000 -0.0072
vn 0.0564 -0.9973 -0.0465
vn -0.0060 -0.9978 -0.0659
vn 0.0271 -0.9974 -0.0667
vn -0.0100 -0.9984 -0.0560
vn 0.0000 -1.0000 0.0000
vn 0.0385 -0.4418 -0.8963
vn 0.0000 -1.0000 0.0000
vn 0.0671 -0.9598 0.2724
vn 0.0334 -0.9994 -0.0118
vn 0.0084 -0.9999 -0.0075
vn 0.0255 -0.9996 -0.0094
vn 0.0244 -0.9997 -0.0068
vn 0.0356 -0.9994 0.0020
vn 0.0315 -0.9995 -0.0046
vn 0.0022 -1.0000 0.0013
vn 0.0013 -1.0000 0.0019
vn 0.0492 -0.9985 -0.0224
vn 0.0068 -0.9987 0.0504
vn 0.0000 -1.0000 0.0000
vn 0.0996 -0.9795 0.1750
vn -0.0374 -0.9852 -0.1673
vn -0.0271 -0.9967 -0.0768
vn 0.0288 -0.9995 0.0162
vn 0.0246 -0.9997 0.0030
vn 0.2506 -0.0340 -0.9675
vn 0.4563 0.0179 -0.8897
vn 0.7691 -0.0756 -0.6347
vn 0.7701 -0.0754 -0.6335
vn 0.6672 -0.0217 -0.7446
vn 0.9747 -0.0224 -0.2226
vn 0.9601 -0.0432 -0.2764
vn 0.9950 -0.0650 0.0760
vn 0.9481 0.0217 0.3173
vn -0.0000 1.0000 -0.0000
vn -0.1157 0.9932 -0.0113
vn -0.0076 0.9984 -0.0562
vn -0.0126 0.9999 -0.0050
vn -0.0244 0.9997 0.0012
vn 0.0000 1.0000 0.0000
vn 0.0000 1.0000 0.0000
vn 0.0000 1.0000 -0.0000
vn 0.0000 1.0000 0.0000
vn 0.0000 1.0000 0.0000
vn 0.2357 0.9660 -0.1065
vn 0.0000 1.0000 0.0000
vn 0.1244 0.9892 -0.0770
vn 0.0254 0.9996 0.0146
vn 0.0357 0.9993 0.0103
vn 0.0358 0.9994 0.0035
vn 0.0191 0.9988 0.0445
vn -0.0059 1.0000 -0.0031
vn -0.0056 1.0000 -0.0037
vn 0.0000 1.0000 0.0000
vn 0.0000 1.0000 0.0000
vn -0.0795 0.9967 0.0183
vn 0.0682 0.9972 -0.0304
vn -0.0203 0.9998 0.0091
vn 0.0000 1.0000 0.0000
vn 0.0000 1.0000 0.0000
vn 0.0000 1.0000 0.0000
vn -0.0000 1.0000 0.0000
vn 0.0000 1.0000 0.0000
vn 0.0000 1.0000 -0.0000
vn 0.0000 1.0000 0.0000
vn 0.0000 1.0000 -0.0000
vn 0.0045 0.9978 -0.0668
vn 0.4772 0.0000 -0.8788
vn 0.6154 0.0757 -0.7846
vn 0.4670 0.2054 -0.8601
vn 0.4993 0.1620 -0.8511
vn 0.4339 0.4161 -0.7991
vn 0.4448 0.5106 -0.7358
vn 0.3784 0.6092 -0.6969
vn 0.3309 0.7205 -0.6094
vn 0.2717 0.7796 -0.5642
vn 0.2505 0.8570 -0.4504
vn 0.0529 0.9938 -0.0974
vn 0.0769 0.9805 -0.1810
vn 0.1743 0.9411 -0.2896
vn 0.2064 0.8927 -0.4007
vn -0.0000 1.0000 -0.0000
vn 0.0000 1.0000 0.0000
vn -0.0000 1.0000 -0.0000
vn 0.0000 1.0000 0.0000
vn -0.0000 1.0000 -0.0000
vn 0.0000 1.0000 0.0000
vn -0.0000 1.0000 -0.0000
vn 0.0000 1.0000 0.0000
vn -0.0000 1.0000 -0.0000
vn 0.0000 1.0000 0.0000
vn -0.0000 1.0000 -0.0000
vn 0.0000 1.0000 0.0000
vn -0.0000 1.0000 -0.0000
vn 0.0000 1.0000 0.0000
vn -0.0000 1.0000 -0.0000
vn 0.0000 1.0000 0.0000
vn -0.0000 1.0000 -0.0000
vn 0.0000 1.0000 -0.0000
vn -0.0000 1.0000 0.0000
vn 0.0000 1.0000 -0.0000
vn 0.0245 0.9997 -0.0031
vn -0.0202 0.9997 -0.0136
vn -0.9790 0.2037 -0.0085
vn -0.9790 0.2037 -0.0086
vn -0.7799 0.6258 -0.0068
vn -0.7800 0.6258 -0.0068
vn -0.6230 0.7822 -0.0054
vn -0.6231 0.7822 -0.0054
vn -0.2987 0.9543 -0.0026
vn -0.2987 0.9543 -0.0026
vn -0.1119 0.9937 -0.0010
vn -0.1119 0.9937 -0.0010
vn -1.0000 -0.0000 -0.0087
vn -1.0000 -0.0000 -0.0087
vn -0.0000 1.0000 0.0000
vn 0.0000 1.0000 0.0000
vn 0.0000 1.0000 0.0000
vn -0.0000 1.0000 0.0000
vn 0.0000 1.0000 0.0000
vn -0.0000 1.0000 0.0000
vn -0.0000 1.0000 0.0000
vn -0.0000 1.0000 0.0000
vn 0.0000 1.0000 0.0000
vn 0.0000 1.0000 -0.0000
vn 0.0000 1.0000 0.0000
vn 0.0000 1.0000 -0.0000
vn 0.0000 1.0000 0.0000
vn -0.0000 1.0000 0.0000
vn -0.0000 1.0000 0.0000
vn -0.0000 1.0000 0.0000
vn -0.0000 1.0000 0.0000
vn 0.0000 1.0000 0.0000
vn 0.0000 1.0000 0.0000
vn 0.0000 1.0000 0.0000
vn 0.0000 1.0000 0.0000
vn 0.0000 1.0000 0.0000
vn 0.0000 1.0000 0.0000
vn 0.0000 1.0000 0.0000
vn 0.0000 1.0000 0.0000
vn 0.0000 1.0000 0.0000
vn 0.0000 1.0000 0.0000
vn 0.0000 1.0000 0.0000
vn -0.0000 1.0000 0.0000
vn 0.0000 1.0000 0.0000
vn 0.0000 1.0000 0.0000
vn 0.0000 1.0000 0.0000
vn -0.3646 0.0000 0.9312
vn -0.2761 -0.0410 0.9602
vn -0.5973 -0.1346 0.7906
vn -0.8624 -0.0360 0.5050
vn -0.7974 0.0000 0.6035
vn -0.9283 0.0000 0.3720
vn -0.9417 0.0169 0.3362
vn -0.9986 -0.0330 0.0408
vn -0.9977 0.0157 -0.0656
vn -0.1518 -0.5266 0.8364
vn -0.0950 -0.8311 0.5479
vn -0.0761 -0.4004 0.9132
vn -0.0792 -0.4027 0.9119
vn -0.0918 -0.8312 0.5483
vn -0.1643 -0.4813 0.8610
vn -0.0999 -0.1718 0.9800
vn -0.0313 -0.9337 0.3568
vn -0.0282 -0.9604 0.2772
vn -0.0226 -0.5264 0.8499
vn -0.0190 -0.5404 0.8412
vn 0.0071 -0.2367 0.9715
vn -0.0145 -0.0953 0.9953
vn -0.0297 -0.2924 0.9558
vn 0.0507 -0.9738 0.2218
vn 0.0033 -0.9732 0.2300
vn 0.0677 -0.9338 0.3513
vn -0.0509 -0.9320 0.3590
vn -0.0498 -0.9746 0.2183
vn 0.1205 -0.1925 0.9739
vn 0.1197 -0.2332 0.9650
vn 0.1187 -0.2370 0.9642
vn 0.1077 -0.4711 0.8755
vn 0.0925 -0.5281 0.8442
vn 0.0944 -0.6342 0.7674
vn 0.0609 -0.7721 0.6326
vn 0.2184 -0.2001 0.9551
vn 0.2167 -0.2339 0.9478
vn 0.2169 -0.2332 0.9479
vn 0.1967 -0.4713 0.8598
vn 0.1968 -0.4711 0.8598
vn 0.1725 -0.6342 0.7537
vn 0.1725 -0.6342 0.7537
vn 0.1417 -0.7725 0.6190
vn 0.1416 -0.7726 0.6189
vn 0.1053 -0.8815 0.4603
vn 0.0120 -0.9952 0.0974
vn -0.0330 -0.9944 0.1006
vn 0.0609 -0.9738 0.2190
vn 0.0508 -0.9737 0.2219
vn 0.1053 -0.8815 0.4602
vn 0.0577 -0.8815 0.4686
vn 0.0618 -0.7704 0.6345
vn 0.0295 -0.7704 0.6368
vn -0.0222 -0.5173 0.8555
vn 0.3145 -0.2111 0.9255
vn 0.3131 -0.2312 0.9211
vn 0.3123 -0.2338 0.9208
vn 0.2731 -0.5263 0.8052
vn 0.2990 -0.4708 0.8300
vn 0.2469 -0.6342 0.7327
vn 0.2225 -0.7507 0.6220
vn 0.2064 -0.7725 0.6005
vn 0.1380 -0.8817 0.4512
vn 0.0987 -0.9516 0.2912
vn 0.0890 -0.9608 0.2624
vn 0.3699 -0.1233 0.9209
vn 0.3442 -0.1029 0.9332
vn 0.3564 -0.1201 0.9266
vn 0.2936 -0.0657 0.9537
vn 0.3859 -0.0056 0.9225
vn 0.3878 -0.0074 0.9217
vn -0.5460 -0.8110 0.2100
vn -0.6019 -0.7477 0.2806
vn 0.3586 -0.1171 0.9261
vn 0.3631 -0.1253 0.9233
vn 0.3494 -0.2595 0.9003
vn 0.1750 -0.1269 0.9764
vn 0.2679 -0.1569 0.9506
vn 0.2402 -0.1055 0.9650
vn 0.2418 -0.0806 0.9670
vn 0.1718 0.0054 0.9851
vn 0.2921 -0.3343 0.8961
vn 0.3140 -0.4200 0.8515
vn 0.1402 -0.2810 0.9494
vn 0.1686 -0.3023 0.9382
vn -0.0091 -0.0973 0.9952
vn -0.0097 -0.0924 0.9957
vn -0.1161 -0.1918 0.9745
vn 0.1806 -0.5090 0.8416
vn 0.0965 -0.5374 0.8378
vn 0.1166 -0.5747 0.8100
vn -0.2543 -0.2590 0.9318
vn -0.2791 -0.1715 0.9448
vn -0.4048 -0.3785 0.8323
vn -0.2033 -0.5622 0.8016
vn -0.3002 -0.4294 0.8518
vn 0.1770 -0.7543 0.6322
vn 0.2137 -0.5292 0.8212
vn 0.3553 -0.3470 0.8680
vn 0.2845 -0.2308 0.9305
vn 0.3737 -0.1197 0.9198
vn -0.6905 -0.0895 0.7178
vn -0.2822 -0.7229 0.6307
vn -0.1953 -0.8119 0.5502
vn 0.1158 -0.9597 0.2559
vn -0.4336 -0.7446 0.5075
vn -0.3565 -0.8382 0.4127
vn -0.7371 -0.4175 0.5314
vn -0.4733 -0.8485 0.2367
vn 0.3122 -0.0001 0.9500
vn 0.3878 -0.0141 0.9216
vn 0.2187 -0.0018 0.9758
vn 0.1718 -0.0206 0.9849
vn -0.1183 -0.0197 0.9928
vn -0.0526 0.0043 0.9986
vn -0.5551 -0.0120 0.8317
vn -0.4047 0.0103 0.9144
vn -0.3406 -0.0139 0.9401
vn -0.7276 0.0004 0.6860
vn -0.6929 -0.0143 0.7209
vn -0.8844 -0.0115 0.4665
vn -0.8811 -0.0141 0.4727
vn 0.6292 -0.1299 0.7663
vn 0.5495 -0.1324 0.8250
vn 0.4890 -0.1288 0.8627
vn 0.3223 -0.8924 0.3159
vn 0.3791 -0.8364 0.3959
vn 0.1672 -0.9697 0.1781
vn 0.1587 -0.9745 0.1586
vn 0.1322 -0.9841 0.1186
vn 0.1372 -0.9679 0.2107
vn 0.2596 -0.8246 0.5027
vn 0.1839 -0.8797 0.4385
vn 0.4508 -0.4009 0.7975
vn 0.2181 -0.5849 0.7812
vn 0.4096 -0.1437 0.9009
vn 0.3236 -0.2395 0.9154
vn 0.5740 -0.1720 0.8006
vn 0.6717 -0.1326 0.7288
vn 0.6832 -0.1325 0.7181
vn 0.6928 -0.1495 0.7055
vn 0.7127 -0.0415 0.7003
vn 0.6426 -0.4006 0.6531
vn 0.7164 -0.2326 0.6578
vn 0.6482 -0.5682 0.5070
vn 0.4806 -0.7488 0.4564
vn 0.5352 -0.6453 0.5452
vn 0.5827 -0.5784 0.5709
vn 0.0372 -0.9974 0.0622
vn 0.1188 -0.9673 0.2241
vn 0.1453 -0.9581 0.2468
vn 0.2906 -0.8197 0.4937
vn 0.2702 -0.8360 0.4776
vn 0.3859 -0.6472 0.6574
vn 0.3875 -0.6451 0.6585
vn 0.4647 -0.4007 0.7896
vn 0.4649 -0.4004 0.7897
vn 0.5004 -0.1649 0.8500
vn 0.5256 -0.1323 0.8404
vn 0.0420 -0.9974 0.0592
vn 0.1180 -0.9836 0.1364
vn 0.1657 -0.9581 0.2337
vn 0.3542 -0.8344 0.4222
vn 0.2692 -0.8851 0.3796
vn 0.4420 -0.6451 0.6233
vn 0.4420 -0.6451 0.6233
vn 0.5300 -0.4004 0.7475
vn 0.5301 -0.4003 0.7475
vn 0.5712 -0.1573 0.8056
vn 0.6004 -0.1324 0.7887
vn 0.1098 -0.9836 0.1427
vn 0.1633 -0.9697 0.1817
vn 0.2779 -0.8852 0.3729
vn 0.3551 -0.8362 0.4180
vn 0.4947 -0.6451 0.5823
vn 0.4948 -0.6451 0.5823
vn 0.5933 -0.4003 0.6984
vn 0.5932 -0.4005 0.6983
vn 0.6382 -0.1685 0.7513
vn 0.6598 -0.1364 0.7389
vn 0.9957 0.0018 -0.0931
vn 0.9671 -0.0007 -0.2544
vn 0.9950 0.0012 -0.1002
vn 0.9972 -0.0029 0.0754
vn 0.9480 -0.0015 0.3184
vn 0.9895 0.0013 0.1447
vn 0.9176 -0.0033 0.3975
vn 0.8934 0.0029 0.4493
vn 0.8211 -0.0010 0.5708
vn 0.8283 -0.0000 0.5602
vn 0.7786 -0.3393 0.5279
vn 0.7940 -0.3165 0.5190
vn 0.5363 -0.7463 0.3941
vn 0.2532 -0.9454 0.2054
vn 0.6825 -0.5133 0.5203
vn 0.7527 -0.4608 0.4702
vn 0.5575 -0.7529 0.3497
vn 0.5646 -0.7462 0.3528
vn 0.5871 -0.7530 0.2973
vn 0.5650 -0.7951 0.2203
vn -0.0414 0.0691 0.9968
vn 0.4931 0.0000 0.8700
vn 0.7133 0.0000 0.7009
vn 0.6893 0.0002 0.7245
vn 0.6777 0.0000 0.7353
vn 0.7057 0.0019 0.7085
vn 0.7482 0.0256 0.6630
vn 0.5827 0.0000 0.8127
vn 0.6057 0.0000 0.7957
vn 0.6381 0.0016 0.7699
vn 0.6346 0.0025 0.7729
vn 0.6660 0.0000 0.7459
vn 0.5543 0.0033 0.8323
vn 0.5587 0.0025 0.8293
vn 0.5303 0.0000 0.8478
vn 0.5501 -0.0211 0.8348
vn 0.4625 0.0028 0.8866
vn 0.4749 -0.0001 0.8800
vn -0.2737 0.1723 -0.9463
vn 0.4957 0.0027 0.8685
vn 0.3982 0.0020 0.9173
vn 0.3298 0.0147 0.9439
vn 0.3843 0.0006 0.9232
vn 0.3797 0.0000 0.9251
vn 0.4102 0.0006 0.9120
vn 0.4405 -0.0007 0.8977
vn 0.4739 -0.0004 0.8806
vn 0.4350 0.0141 0.9003
vn 0.2919 -0.0000 0.9565
vn 0.2910 0.0002 0.9567
vn 0.2890 0.0000 0.9573
vn 0.1950 -0.0000 0.9808
vn 0.1948 0.0001 0.9808
vn 0.1942 0.0000 0.9810
vn 0.0339 -0.0711 0.9969
vn 0.0183 -0.0373 0.9991
vn 0.0115 -0.0265 0.9996
vn 0.0257 -0.0409 0.9988
vn 0.0112 -0.0096 0.9999
vn 0.0952 -0.0000 0.9955
vn 0.0967 -0.0004 0.9953
vn 0.1013 0.0000 0.9949
vn 0.0045 -0.0000 1.0000
vn 0.0045 0.0000 1.0000
vn 0.5741 -0.1021 0.8124
vn -0.0730 -0.0964 0.9927
vn -0.0779 -0.0593 0.9952
vn -0.1014 0.0000 0.9948
vn -0.0450 0.0000 0.9990
vn -0.0475 0.0009 0.9989
vn -0.1272 0.0000 0.9919
vn -0.1786 0.0000 0.9839
vn -0.1786 0.0000 0.9839
vn 0.8562 -0.0167 0.5163
vn 0.8517 -0.0137 0.5238
vn 0.8290 -0.0024 0.5593
vn 0.8729 -0.0015 0.4878
vn 0.8696 -0.0007 0.4937
vn 0.8647 0.0001 0.5023
vn 0.8352 0.0001 0.5499
vn 0.9290 0.0269 0.3691
vn 0.9363 -0.0087 0.3510
vn 0.9227 0.0220 0.3850
vn 0.9037 0.0145 0.4278
vn 0.9220 -0.0566 0.3831
vn 0.8942 -0.0358 0.4462
vn 0.8706 0.0000 0.4921
vn 0.8734 -0.0017 0.4871
vn 0.7111 -0.0023 0.7031
vn 0.7113 -0.0023 0.7029
vn 0.8528 0.0077 0.5221
vn 0.7773 -0.0104 0.6290
vn 0.7615 0.0000 0.6482
vn 0.8375 0.0000 0.5464
f 261//1 254//1 262//1
f 254//2 255//2 256//2
f 263//3 262//3 260//3
f 260//4 262//4 254//4
f 260//5 254//5 258//5
f 258//6 254//6 256//6
f 253//7 254//7 257//7
f 257//8 254//8 261//8
f 257//9 261//9 259//9
f 196//10 195//10 180//10
f 180//11 181//11 186//11
f 179//12 180//12 185//12
f 185//13 180//13 195//13
f 185//14 195//14 190//14
f 190//15 195//15 194//15
f 191//16 196//16 180//16
f 191//17 180//17 186//17
f 182//18 183//18 199//18
f 183//19 184//19 188//19
f 199//20 198//20 197//20
f 200//21 199//21 193//21
f 193//22 199//22 183//22
f 193//23 183//23 189//23
f 189//24 183//24 188//24
f 187//25 182//25 199//25
f 187//26 199//26 192//26
f 192//27 199//27 197//27
f 378//28 379//28 360//28
f 360//29 379//29 359//29
f 359//30 379//30 346//30
f 347//31 271//31 270//31
f 347//32 270//32 348//32
f 348//33 270//33 362//33
f 269//34 268//34 346//34
f 269//35 346//35 379//35
f 269//36 379//36 270//36
f 382//37 361//37 381//37
f 381//38 361//38 362//38
f 381//39 362//39 270//39
f 381//40 270//40 380//40
f 380//41 270//41 379//41
f 7//42 148//42 147//42
f 7//43 147//43 6//43
f 6//44 147//44 145//44
f 6//45 145//45 4//45
f 4//46 145//46 142//46
f 4//47 142//47 1//47
f 7//48 9//48 148//48
f 148//49 9//49 150//49
f 149//50 151//50 8//50
f 8//51 151//51 10//51
f 3//52 144//52 146//52
f 3//53 146//53 5//53
f 5//54 146//54 149//54
f 5//55 149//55 8//55
f 144//56 3//56 2//56
f 144//57 2//57 143//57
f 143//58 2//58 1//58
f 143//59 1//59 142//59
f 261//60 132//60 131//60
f 261//61 131//61 128//61
f 261//62 128//62 259//62
f 259//63 128//63 125//63
f 259//64 125//64 257//64
f 257//65 125//65 121//65
f 257//66 121//66 253//66
f 253//67 121//67 122//67
f 253//68 122//68 254//68
f 254//69 122//69 123//69
f 254//70 123//70 255//70
f 255//71 123//71 124//71
f 255//72 124//72 256//72
f 256//73 124//73 126//73
f 256//74 126//74 258//74
f 258//75 126//75 129//75
f 258//76 129//76 260//76
f 260//77 129//77 133//77
f 260//78 133//78 263//78
f 263//79 133//79 132//79
f 263//80 132//80 262//80
f 262//81 132//81 261//81
f 195//82 70//82 69//82
f 195//83 69//83 194//83
f 194//84 69//84 64//84
f 194//85 64//85 190//85
f 190//86 64//86 59//86
f 190//87 59//87 185//87
f 185//88 59//88 52//88
f 185//89 52//89 179//89
f 179//90 52//90 53//90
f 179//91 53//91 180//91
f 180//92 53//92 54//92
f 180//93 54//93 181//93
f 181//94 54//94 60//94
f 181//95 60//95 186//95
f 186//96 60//96 65//96
f 186//97 65//97 191//97
f 191//98 65//98 71//98
f 191//99 71//99 196//99
f 196//100 71//100 70//100
f 196//101 70//101 195//101
f 199//102 74//102 73//102
f 199//103 73//103 198//103
f 198//104 73//104 72//104
f 198//105 72//105 197//105
f 197//106 72//106 66//106
f 197//107 66//107 192//107
f 192//108 66//108 61//108
f 192//109 61//109 187//109
f 187//110 61//110 55//110
f 187//111 55//111 182//111
f 182//112 55//112 56//112
f 182//113 56//113 183//113
f 183//114 56//114 57//114
f 183//115 57//115 184//115
f 184//116 57//116 62//116
f 184//117 62//117 188//117
f 188//118 62//118 63//118
f 188//119 63//119 189//119
f 189//120 63//120 67//120
f 189//121 67//121 193//121
f 193//122 67//122 75//122
f 193//123 75//123 200//123
f 200//124 75//124 74//124
f 200//125 74//125 199//125
f 111//126 242//126 235//126
f 111//127 235//127 106//127
f 106//128 235//128 227//128
f 106//129 227//129 100//129
f 100//130 227//130 220//130
f 100//131 220//131 95//131
f 95//132 220//132 210//132
f 95//133 210//133 89//133
f 89//134 210//134 209//134
f 89//135 209//135 88//135
f 88//136 209//136 208//136
f 88//137 208//137 87//137
f 87//138 208//138 219//138
f 87//139 219//139 94//139
f 94//140 219//140 226//140
f 94//141 226//141 99//141
f 99//142 226//142 234//142
f 99//143 234//143 105//143
f 105//144 234//144 241//144
f 105//145 241//145 110//145
f 110//146 241//146 242//146
f 110//147 242//147 111//147
f 42//148 174//148 175//148
f 42//149 175//149 43//149
f 43//150 175//150 172//150
f 43//151 172//151 41//151
f 41//152 172//152 168//152
f 41//153 168//153 38//153
f 38//154 168//154 164//154
f 38//155 164//155 35//155
f 35//156 164//156 161//156
f 35//157 161//157 32//157
f 32//158 161//158 160//158
f 32//159 160//159 31//159
f 31//160 160//160 163//160
f 31//161 163//161 34//161
f 34//162 163//162 167//162
f 34//163 167//163 37//163
f 37//164 167//164 171//164
f 37//165 171//165 40//165
f 40//166 171//166 174//166
f 40//167 174//167 42//167
f 112//168 245//168 238//168
f 112//169 238//169 108//169
f 108//170 238//170 239//170
f 108//171 239//171 109//171
f 109//172 239//172 231//172
f 109//173 231//173 103//173
f 103//174 231//174 224//174
f 103//175 224//175 97//175
f 97//176 224//176 216//176
f 97//177 216//177 93//177
f 93//178 216//178 215//178
f 93//179 215//179 92//179
f 92//180 215//180 214//180
f 92//181 214//181 91//181
f 91//182 214//182 213//182
f 91//183 213//183 90//183
f 90//184 213//184 223//184
f 90//185 223//185 96//185
f 96//186 223//186 229//186
f 96//187 229//187 101//187
f 101//188 229//188 230//188
f 101//189 230//189 102//189
f 102//190 230//190 237//190
f 102//191 237//191 107//191
f 107//192 237//192 245//192
f 107//193 245//193 112//193
f 376//194 23//194 383//194
f 383//195 23//195 25//195
f 384//196 26//196 377//196
f 377//197 26//197 24//197
f 22//198 375//198 24//198
f 24//199 375//199 377//199
f 375//200 22//200 358//200
f 358//201 22//201 21//201
f 358//202 21//202 18//202
f 358//203 18//203 356//203
f 18//204 355//204 356//204
f 155//205 17//205 16//205
f 155//206 16//206 154//206
f 154//207 16//207 10//207
f 154//208 10//208 151//208
f 155//209 154//209 152//209
f 152//210 154//210 153//210
f 149//211 148//211 151//211
f 151//212 148//212 150//212
f 151//213 150//213 154//213
f 154//214 150//214 153//214
f 149//215 146//215 148//215
f 148//216 146//216 144//216
f 144//217 143//217 148//217
f 148//218 143//218 142//218
f 148//219 142//219 147//219
f 147//220 142//220 145//220
f 12//221 152//221 153//221
f 12//222 153//222 13//222
f 13//223 153//223 150//223
f 13//224 150//224 9//224
f 357//225 349//225 20//225
f 20//226 349//226 350//226
f 20//227 350//227 11//227
f 357//228 20//228 19//228
f 357//229 19//229 372//229
f 372//230 19//230 23//230
f 372//231 23//231 376//231
f 266//232 270//232 271//232
f 266//233 271//233 267//233
f 267//234 271//234 347//234
f 267//235 347//235 344//235
f 344//236 347//236 348//236
f 344//237 348//237 345//237
f 345//238 348//238 354//238
f 354//239 348//239 362//239
f 354//240 362//240 361//240
f 354//241 361//241 353//241
f 353//242 361//242 382//242
f 353//243 382//243 369//243
f 369//244 382//244 381//244
f 369//245 381//245 368//245
f 379//246 366//246 367//246
f 379//247 367//247 380//247
f 380//248 367//248 368//248
f 380//249 368//249 381//249
f 366//250 379//250 378//250
f 366//251 378//251 365//251
f 365//252 378//252 360//252
f 365//253 360//253 352//253
f 352//254 360//254 359//254
f 352//255 359//255 351//255
f 351//256 359//256 343//256
f 343//257 359//257 346//257
f 343//258 346//258 268//258
f 343//259 268//259 264//259
f 264//260 268//260 269//260
f 264//261 269//261 265//261
f 265//262 269//262 266//262
f 266//263 269//263 270//263
f 408//264 407//264 384//264
f 384//265 407//265 387//265
f 412//266 388//266 387//266
f 387//267 388//267 390//267
f 387//268 411//268 412//268
f 387//269 407//269 411//269
f 411//270 407//270 408//270
f 411//271 408//271 412//271
f 389//272 386//272 29//272
f 29//273 386//273 27//273
f 27//274 386//274 383//274
f 27//275 383//275 25//275
f 87//276 94//276 79//276
f 139//277 118//277 119//277
f 129//278 126//278 139//278
f 138//279 115//279 116//279
f 39//280 33//280 45//280
f 11//281 12//281 46//281
f 8//282 10//282 15//282
f 15//283 10//283 16//283
f 14//284 13//284 9//284
f 3//285 5//285 8//285
f 3//286 8//286 15//286
f 3//287 15//287 2//287
f 2//288 15//288 14//288
f 2//289 14//289 1//289
f 1//290 14//290 9//290
f 6//291 4//291 1//291
f 6//292 1//292 7//292
f 7//293 1//293 9//293
f 45//294 33//294 46//294
f 46//295 33//295 29//295
f 46//296 29//296 27//296
f 23//297 19//297 20//297
f 46//298 27//298 25//298
f 46//299 25//299 11//299
f 11//300 25//300 23//300
f 11//301 23//301 20//301
f 79//302 68//302 45//302
f 45//303 68//303 51//303
f 45//304 51//304 39//304
f 99//305 98//305 94//305
f 94//306 98//306 85//306
f 94//307 85//307 79//307
f 79//308 85//308 77//308
f 79//309 77//309 68//309
f 138//310 136//310 115//310
f 115//311 136//311 134//311
f 115//312 134//312 114//312
f 114//313 134//313 127//313
f 114//314 127//314 113//314
f 138//315 128//315 131//315
f 118//316 139//316 117//316
f 117//317 139//317 126//317
f 117//318 126//318 124//318
f 138//319 131//319 140//319
f 140//320 131//320 132//320
f 140//321 132//321 141//321
f 141//322 132//322 139//322
f 139//323 132//323 133//323
f 139//324 133//324 129//324
f 122//325 116//325 123//325
f 123//326 116//326 117//326
f 123//327 117//327 124//327
f 122//328 121//328 116//328
f 116//329 121//329 125//329
f 116//330 125//330 138//330
f 138//331 125//331 128//331
f 119//332 120//332 130//332
f 130//333 135//333 119//333
f 119//334 135//334 137//334
f 119//335 137//335 139//335
f 102//336 107//336 119//336
f 93//337 78//337 97//337
f 97//338 78//338 86//338
f 97//339 86//339 103//339
f 103//340 86//340 104//340
f 103//341 104//341 109//341
f 109//342 104//342 120//342
f 84//343 96//343 101//343
f 92//344 91//344 84//344
f 84//345 91//345 90//345
f 84//346 90//346 96//346
f 102//347 119//347 101//347
f 107//348 112//348 119//348
f 119//349 112//349 120//349
f 120//350 112//350 108//350
f 120//351 108//351 109//351
f 73//352 74//352 84//352
f 84//353 74//353 78//353
f 84//354 78//354 92//354
f 92//355 78//355 93//355
f 63//356 58//356 67//356
f 67//357 58//357 76//357
f 67//358 76//358 75//358
f 75//359 76//359 78//359
f 75//360 78//360 74//360
f 63//361 62//361 58//361
f 58//362 62//362 57//362
f 58//363 57//363 50//363
f 50//364 57//364 56//364
f 50//365 56//365 55//365
f 30//366 36//366 50//366
f 50//367 36//367 44//367
f 50//368 44//368 58//368
f 24//369 26//369 49//369
f 49//370 26//370 28//370
f 49//371 28//371 50//371
f 50//372 28//372 30//372
f 21//373 22//373 18//373
f 18//374 22//374 24//374
f 18//375 24//375 49//375
f 18//376 49//376 17//376
f 17//377 49//377 16//377
f 105//378 114//378 99//378
f 99//379 114//379 113//379
f 99//380 113//380 98//380
f 115//381 106//381 100//381
f 105//382 110//382 114//382
f 114//383 110//383 111//383
f 114//384 111//384 115//384
f 115//385 111//385 106//385
f 95//386 89//386 80//386
f 80//387 89//387 88//387
f 80//388 88//388 79//388
f 79//389 88//389 87//389
f 31//390 34//390 14//390
f 14//391 34//391 37//391
f 14//392 37//392 13//392
f 15//393 38//393 35//393
f 15//394 35//394 32//394
f 15//395 32//395 14//395
f 14//396 32//396 31//396
f 15//397 16//397 49//397
f 15//398 49//398 38//398
f 38//399 49//399 48//399
f 38//400 48//400 41//400
f 41//401 48//401 43//401
f 12//402 13//402 46//402
f 46//403 13//403 37//403
f 46//404 37//404 47//404
f 47//405 37//405 40//405
f 47//406 40//406 42//406
f 47//407 42//407 48//407
f 48//408 42//408 43//408
f 66//409 49//409 61//409
f 61//410 49//410 50//410
f 61//411 50//411 55//411
f 73//412 84//412 72//412
f 72//413 84//413 83//413
f 72//414 83//414 66//414
f 53//415 52//415 45//415
f 80//416 71//416 65//416
f 71//417 80//417 70//417
f 70//418 80//418 79//418
f 70//419 79//419 69//419
f 46//420 60//420 54//420
f 46//421 54//421 45//421
f 45//422 54//422 53//422
f 52//423 59//423 45//423
f 45//424 59//424 64//424
f 45//425 64//425 79//425
f 79//426 64//426 69//426
f 66//427 83//427 49//427
f 49//428 83//428 82//428
f 49//429 82//429 48//429
f 48//430 82//430 81//430
f 48//431 81//431 47//431
f 47//432 81//432 80//432
f 47//433 80//433 46//433
f 46//434 80//434 65//434
f 46//435 65//435 60//435
f 101//436 119//436 84//436
f 84//437 119//437 118//437
f 84//438 118//438 83//438
f 83//439 118//439 117//439
f 83//440 117//440 82//440
f 82//441 117//441 116//441
f 82//442 116//442 81//442
f 81//443 116//443 115//443
f 81//444 115//444 80//444
f 80//445 115//445 100//445
f 80//446 100//446 95//446
f 384//447 387//447 26//447
f 26//448 387//448 28//448
f 390//449 30//449 387//449
f 387//450 30//450 28//450
f 405//451 383//451 406//451
f 405//452 406//452 409//452
f 409//453 406//453 410//453
f 406//454 383//454 386//454
f 406//455 386//455 410//455
f 410//456 386//456 409//456
f 409//457 386//457 385//457
f 385//458 386//458 389//458
f 220//459 221//459 210//459
f 210//460 221//460 211//460
f 210//461 211//461 209//461
f 209//462 211//462 203//462
f 209//463 203//463 202//463
f 209//464 202//464 208//464
f 208//465 202//465 201//465
f 208//466 201//466 219//466
f 219//467 201//467 207//467
f 219//468 207//468 226//468
f 226//469 207//469 218//469
f 226//470 218//470 233//470
f 226//471 233//471 234//471
f 234//472 233//472 240//472
f 234//473 240//473 241//473
f 241//474 240//474 247//474
f 241//475 247//475 242//475
f 242//476 247//476 248//476
f 242//477 248//477 235//477
f 235//478 248//478 249//478
f 235//479 249//479 243//479
f 235//480 243//480 227//480
f 227//481 243//481 228//481
f 227//482 228//482 220//482
f 220//483 228//483 221//483
f 164//484 165//484 162//484
f 164//485 162//485 161//485
f 161//486 162//486 158//486
f 161//487 158//487 160//487
f 160//488 158//488 157//488
f 160//489 157//489 156//489
f 160//490 156//490 163//490
f 163//491 156//491 159//491
f 163//492 159//492 167//492
f 167//493 159//493 166//493
f 167//494 166//494 171//494
f 171//495 166//495 170//495
f 171//496 170//496 173//496
f 171//497 173//497 174//497
f 174//498 173//498 177//498
f 174//499 177//499 175//499
f 175//500 177//500 178//500
f 175//501 178//501 172//501
f 172//502 178//502 176//502
f 172//503 176//503 168//503
f 168//504 176//504 169//504
f 168//505 169//505 164//505
f 164//506 169//506 165//506
f 245//507 251//507 238//507
f 238//508 251//508 252//508
f 238//509 252//509 239//509
f 239//510 252//510 246//510
f 239//511 246//511 231//511
f 231//512 246//512 232//512
f 231//513 232//513 224//513
f 224//514 232//514 225//514
f 224//515 225//515 216//515
f 216//516 225//516 217//516
f 216//517 217//517 215//517
f 215//518 217//518 206//518
f 215//519 206//519 214//519
f 214//520 206//520 205//520
f 214//521 205//521 213//521
f 213//522 205//522 204//522
f 213//523 204//523 223//523
f 223//524 204//524 212//524
f 223//525 212//525 229//525
f 229//526 212//526 222//526
f 229//527 222//527 230//527
f 230//528 222//528 236//528
f 230//529 236//529 237//529
f 237//530 236//530 244//530
f 237//531 244//531 245//531
f 245//532 244//532 250//532
f 245//533 250//533 251//533
f 373//534 372//534 398//534
f 349//535 364//535 350//535
f 364//536 363//536 394//536
f 397//537 393//537 394//537
f 357//538 364//538 349//538
f 398//539 376//539 402//539
f 398//540 402//540 401//540
f 398//541 372//541 376//541
f 373//542 357//542 372//542
f 364//543 357//543 373//543
f 364//544 373//544 363//544
f 363//545 373//545 398//545
f 363//546 398//546 394//546
f 394//547 398//547 397//547
f 397//548 398//548 401//548
f 376//549 383//549 402//549
f 402//550 383//550 405//550
f 402//551 405//551 401//551
f 1698//552 1705//552 1697//552
f 1697//553 1705//553 1704//553
f 909//554 923//554 846//554
f 846//555 923//555 863//555
f 847//556 867//556 910//556
f 910//557 867//557 926//557
f 1700//558 1711//558 1699//558
f 1699//559 1711//559 1710//559
f 854//560 855//560 804//560
f 804//561 855//561 744//561
f 744//562 855//562 856//562
f 744//563 856//563 745//563
f 854//564 804//564 915//564
f 915//565 804//565 848//565
f 915//566 848//566 911//566
f 915//567 911//567 1077//567
f 915//568 1077//568 972//568
f 972//569 1077//569 1149//569
f 972//570 1149//570 1082//570
f 1082//571 1149//571 1150//571
f 1214//572 1083//572 1150//572
f 1150//573 1083//573 1082//573
f 973//574 1084//574 1152//574
f 1152//575 1084//575 1151//575
f 1151//576 1084//576 1083//576
f 1151//577 1083//577 1214//577
f 973//578 1152//578 974//578
f 974//579 1152//579 1078//579
f 974//580 1078//580 912//580
f 974//581 912//581 916//581
f 916//582 912//582 849//582
f 916//583 849//583 805//583
f 916//584 805//584 857//584
f 857//585 805//585 746//585
f 745//586 856//586 746//586
f 746//587 856//587 857//587
f 971//588 1081//588 1146//588
f 1146//589 1081//589 1145//589
f 1145//590 1081//590 1080//590
f 1145//591 1080//591 1211//591
f 971//592 1146//592 1073//592
f 971//593 1073//593 908//593
f 971//594 908//594 914//594
f 914//595 908//595 845//595
f 914//596 845//596 801//596
f 914//597 801//597 853//597
f 853//598 801//598 739//598
f 738//599 852//599 739//599
f 739//600 852//600 853//600
f 800//601 851//601 737//601
f 737//602 851//602 852//602
f 737//603 852//603 738//603
f 851//604 800//604 913//604
f 913//605 800//605 844//605
f 913//606 844//606 907//606
f 913//607 907//607 1072//607
f 913//608 1072//608 970//608
f 970//609 1072//609 1143//609
f 970//610 1143//610 1079//610
f 1079//611 1143//611 1144//611
f 1211//612 1080//612 1144//612
f 1144//613 1080//613 1079//613
f 1971//614 2006//614 2060//614
f 2060//615 2006//615 2059//615
f 2059//616 2006//616 2005//616
f 2059//617 2005//617 2102//617
f 1971//618 2060//618 2001//618
f 1971//619 2001//619 1924//619
f 1924//620 2001//620 1919//620
f 1924//621 1919//621 1863//621
f 1924//622 1863//622 1834//622
f 1924//623 1834//623 1870//623
f 1870//624 1834//624 1777//624
f 1776//625 1869//625 1777//625
f 1777//626 1869//626 1870//626
f 1833//627 1868//627 1775//627
f 1775//628 1868//628 1869//628
f 1775//629 1869//629 1776//629
f 1868//630 1833//630 1923//630
f 1923//631 1833//631 1862//631
f 1923//632 1862//632 1922//632
f 1922//633 1862//633 1918//633
f 1922//634 1918//634 2000//634
f 1922//635 2000//635 1970//635
f 1970//636 2000//636 2057//636
f 1970//637 2057//637 2004//637
f 2004//638 2057//638 2058//638
f 2102//639 2005//639 2058//639
f 2058//640 2005//640 2004//640
f 1871//641 1872//641 1836//641
f 1836//642 1872//642 1779//642
f 1779//643 1872//643 1873//643
f 1779//644 1873//644 1780//644
f 1871//645 1836//645 1925//645
f 1925//646 1836//646 1866//646
f 1925//647 1866//647 1920//647
f 1925//648 1920//648 2002//648
f 1925//649 2002//649 1972//649
f 1972//650 2002//650 2061//650
f 1972//651 2061//651 2007//651
f 2007//652 2061//652 2062//652
f 2103//653 2008//653 2062//653
f 2062//654 2008//654 2007//654
f 1973//655 2009//655 2064//655
f 2064//656 2009//656 2063//656
f 2063//657 2009//657 2008//657
f 2063//658 2008//658 2103//658
f 1973//659 2064//659 2003//659
f 1973//660 2003//660 1927//660
f 1927//661 2003//661 1921//661
f 1927//662 1921//662 1867//662
f 1927//663 1867//663 1926//663
f 1926//664 1867//664 1837//664
f 1926//665 1837//665 1874//665
f 1874//666 1837//666 1781//666
f 1780//667 1873//667 1781//667
f 1781//668 1873//668 1874//668
f 384//669 377//669 403//669
f 384//670 403//670 408//670
f 408//671 403//671 404//671
f 375//672 358//672 374//672
f 358//673 356//673 370//673
f 356//674 355//674 370//674
f 396//675 400//675 399//675
f 399//676 400//676 404//676
f 395//677 371//677 370//677
f 370//678 371//678 374//678
f 370//679 374//679 358//679
f 396//680 399//680 395//680
f 395//681 399//681 371//681
f 371//682 399//682 375//682
f 371//683 375//683 374//683
f 377//684 375//684 399//684
f 377//685 399//685 403//685
f 403//686 399//686 404//686
f 2299//687 2340//687 2386//687
f 395//688 370//688 540//688
f 152//689 12//689 11//689
f 1564//690 1565//690 1282//690
f 2438//691 2439//691 2387//691
f 2147//692 2145//692 2222//692
f 2298//693 2257//693 2145//693
f 2145//694 2257//694 2258//694
f 2145//695 2258//695 2222//695
f 2386//696 2340//696 2385//696
f 2386//697 2385//697 2437//697
f 2437//698 2385//698 2436//698
f 2340//699 2339//699 2385//699
f 2385//700 2339//700 2337//700
f 2337//701 2339//701 2298//701
f 2337//702 2298//702 2145//702
f 1419//703 1481//703 1644//703
f 1419//704 1644//704 1645//704
f 1921//705 2003//705 2147//705
f 1645//706 1644//706 1670//706
f 1645//707 1670//707 1700//707
f 2062//708 2145//708 2103//708
f 2103//709 2145//709 2063//709
f 2063//710 2145//710 2147//710
f 2063//711 2147//711 2064//711
f 2064//712 2147//712 2003//712
f 2062//713 2061//713 2145//713
f 2145//714 2061//714 2002//714
f 2145//715 2002//715 1969//715
f 1969//716 2002//716 1920//716
f 1969//717 1920//717 1865//717
f 1865//718 1920//718 1866//718
f 1779//719 1780//719 1700//719
f 1700//720 1780//720 1781//720
f 1700//721 1781//721 1645//721
f 1645//722 1781//722 1837//722
f 1645//723 1837//723 1867//723
f 1836//724 1778//724 1866//724
f 1866//725 1778//725 1865//725
f 1779//726 1700//726 1699//726
f 1779//727 1699//727 1836//727
f 1836//728 1699//728 1742//728
f 1836//729 1742//729 1778//729
f 850//730 678//730 1155//730
f 1419//731 1156//731 1481//731
f 1481//732 1156//732 850//732
f 1481//733 850//733 1216//733
f 1216//734 850//734 1155//734
f 911//735 848//735 540//735
f 540//736 848//736 804//736
f 804//737 744//737 426//737
f 426//738 744//738 745//738
f 426//739 745//739 541//739
f 541//740 745//740 746//740
f 541//741 746//741 805//741
f 805//742 849//742 541//742
f 541//743 849//743 1154//743
f 541//744 1154//744 678//744
f 678//745 1154//745 1155//745
f 849//746 912//746 1154//746
f 1154//747 912//747 1078//747
f 1154//748 1078//748 1153//748
f 1289//749 1152//749 1288//749
f 1288//750 1152//750 1151//750
f 1288//751 1151//751 1287//751
f 1287//752 1151//752 1214//752
f 1287//753 1214//753 1213//753
f 1213//754 1214//754 1150//754
f 1213//755 1150//755 1148//755
f 1148//756 1150//756 1149//756
f 1148//757 1149//757 1077//757
f 1289//758 1215//758 1152//758
f 1152//759 1215//759 1078//759
f 1078//760 1215//760 1153//760
f 539//761 802//761 740//761
f 540//762 742//762 743//762
f 540//763 743//763 803//763
f 910//764 969//764 847//764
f 803//765 847//765 540//765
f 540//766 847//766 969//766
f 540//767 969//767 911//767
f 911//768 969//768 1075//768
f 911//769 1075//769 1077//769
f 1077//770 1075//770 1076//770
f 1077//771 1076//771 1148//771
f 539//772 740//772 741//772
f 539//773 741//773 540//773
f 540//774 741//774 677//774
f 540//775 677//775 742//775
f 1142//776 1210//776 1284//776
f 1284//777 1210//777 1283//777
f 1357//778 1141//778 799//778
f 799//779 1141//779 1142//779
f 1142//780 1211//780 1144//780
f 1142//781 1144//781 1143//781
f 737//782 474//782 800//782
f 800//783 474//783 618//783
f 800//784 618//784 844//784
f 844//785 618//785 799//785
f 844//786 799//786 907//786
f 907//787 799//787 1142//787
f 907//788 1142//788 1072//788
f 1072//789 1142//789 1143//789
f 1286//790 1212//790 1145//790
f 845//791 802//791 801//791
f 801//792 802//792 539//792
f 801//793 539//793 739//793
f 739//794 539//794 738//794
f 908//795 846//795 845//795
f 845//796 846//796 802//796
f 1145//797 1212//797 1146//797
f 1146//798 1212//798 1147//798
f 1146//799 1147//799 1073//799
f 1073//800 1147//800 1074//800
f 1073//801 1074//801 908//801
f 908//802 1074//802 968//802
f 908//803 968//803 846//803
f 1145//804 1211//804 1286//804
f 1286//805 1211//805 1142//805
f 1286//806 1142//806 1285//806
f 1285//807 1142//807 1284//807
f 968//808 909//808 846//808
f 1669//809 1643//809 1565//809
f 799//810 967//810 1357//810
f 1357//811 967//811 1282//811
f 1357//812 1282//812 1566//812
f 1566//813 1282//813 1565//813
f 1566//814 1565//814 1643//814
f 1741//815 1834//815 1835//815
f 1835//816 1834//816 1863//816
f 1835//817 1863//817 1864//817
f 1697//818 1777//818 1698//818
f 1698//819 1777//819 1834//819
f 1698//820 1834//820 1740//820
f 1740//821 1834//821 1741//821
f 2255//822 2144//822 2336//822
f 2336//823 2144//823 2384//823
f 2383//824 2431//824 2432//824
f 2383//825 2432//825 2384//825
f 2384//826 2432//826 2433//826
f 2384//827 2433//827 2434//827
f 2295//828 2294//828 2384//828
f 2383//829 2333//829 2332//829
f 2332//830 2333//830 2293//830
f 2253//831 2143//831 2189//831
f 2253//832 2189//832 2293//832
f 2293//833 2189//833 2292//833
f 2293//834 2292//834 2332//834
f 2295//835 2384//835 2254//835
f 2254//836 2384//836 2144//836
f 2294//837 2335//837 2384//837
f 2384//838 2335//838 2334//838
f 2384//839 2334//839 2383//839
f 2383//840 2334//840 2333//840
f 2253//841 2220//841 2143//841
f 2143//842 2220//842 2144//842
f 2144//843 2220//843 2221//843
f 2144//844 2221//844 2254//844
f 1863//845 1919//845 1864//845
f 1864//846 1919//846 2001//846
f 1864//847 2001//847 2060//847
f 2255//848 2060//848 2059//848
f 2255//849 2059//849 2144//849
f 2144//850 2059//850 2102//850
f 2144//851 2102//851 2143//851
f 2143//852 2102//852 2058//852
f 2058//853 2057//853 2143//853
f 2143//854 2057//854 2000//854
f 2143//855 2000//855 1968//855
f 1968//856 2000//856 1918//856
f 1968//857 1918//857 1696//857
f 1777//858 1697//858 1669//858
f 1777//859 1669//859 1776//859
f 1776//860 1669//860 1565//860
f 1776//861 1565//861 1775//861
f 1775//862 1565//862 1564//862
f 1775//863 1564//863 1833//863
f 1833//864 1564//864 1696//864
f 1833//865 1696//865 1862//865
f 1862//866 1696//866 1918//866
f 737//867 738//867 474//867
f 474//868 738//868 539//868
f 474//869 539//869 393//869
f 393//870 539//870 394//870
f 355//871 18//871 155//871
f 155//872 18//872 17//872
f 353//873 369//873 540//873
f 350//874 365//874 352//874
f 352//875 351//875 350//875
f 350//876 351//876 343//876
f 350//877 343//877 11//877
f 11//878 343//878 152//878
f 152//879 343//879 264//879
f 366//880 364//880 539//880
f 539//881 364//881 394//881
f 540//882 370//882 353//882
f 366//883 350//883 364//883
f 370//884 355//884 353//884
f 353//885 355//885 354//885
f 369//886 368//886 540//886
f 540//887 368//887 539//887
f 539//888 368//888 367//888
f 539//889 367//889 366//889
f 365//890 350//890 366//890
f 264//891 265//891 152//891
f 152//892 265//892 155//892
f 155//893 265//893 266//893
f 155//894 266//894 267//894
f 155//895 267//895 344//895
f 155//896 344//896 355//896
f 355//897 344//897 345//897
f 355//898 345//898 354//898
f 804//899 426//899 540//899
f 540//900 426//900 396//900
f 540//901 396//901 395//901
f 1867//902 1921//902 1645//902
f 1645//903 1921//903 2147//903
f 1645//904 2147//904 1838//904
f 1838//905 2147//905 2104//905
f 2222//906 2223//906 2147//906
f 2147//907 2223//907 2104//907
f 2104//908 2223//908 2259//908
f 2104//909 2259//909 2300//909
f 2437//910 2438//910 2386//910
f 2386//911 2438//911 2387//911
f 2386//912 2387//912 2299//912
f 2299//913 2387//913 2342//913
f 2299//914 2342//914 2300//914
f 2299//915 2300//915 2259//915
f 1134//916 1130//916 1059//916
f 1134//917 1059//917 1063//917
f 1061//918 1065//918 1064//918
f 1061//919 1064//919 1060//919
f 1060//920 1064//920 1063//920
f 1060//921 1063//921 1059//921
f 1065//922 1061//922 1062//922
f 1065//923 1062//923 1066//923
f 1066//924 1062//924 1131//924
f 1066//925 1131//925 1135//925
f 660//926 654//926 657//926
f 425//927 423//927 470//927
f 597//928 601//928 606//928
f 606//929 601//929 616//929
f 606//930 616//930 534//930
f 534//931 616//931 536//931
f 534//932 536//932 538//932
f 668//933 593//933 597//933
f 660//934 666//934 668//934
f 650//935 654//935 646//935
f 650//936 646//936 643//936
f 643//937 646//937 581//937
f 643//938 581//938 577//938
f 577//939 581//939 571//939
f 498//940 494//940 490//940
f 490//941 494//941 449//941
f 449//942 442//942 431//942
f 431//943 442//943 412//943
f 431//944 412//944 408//944
f 460//945 459//945 421//945
f 505//946 464//946 503//946
f 503//947 464//947 462//947
f 503//948 462//948 460//948
f 587//949 511//949 585//949
f 585//950 511//950 509//950
f 516//951 517//951 587//951
f 587//952 517//952 513//952
f 587//953 513//953 511//953
f 466//954 521//954 519//954
f 519//955 523//955 466//955
f 466//956 523//956 468//956
f 470//957 423//957 468//957
f 392//958 390//958 388//958
f 505//959 580//959 507//959
f 507//960 580//960 583//960
f 507//961 583//961 509//961
f 509//962 583//962 585//962
f 587//963 589//963 516//963
f 516//964 589//964 521//964
f 516//965 521//965 519//965
f 519//966 521//966 523//966
f 460//967 421//967 456//967
f 456//968 421//968 418//968
f 418//969 392//969 416//969
f 416//970 392//970 388//970
f 416//971 388//971 412//971
f 412//972 414//972 416//972
f 416//973 414//973 453//973
f 416//974 453//974 418//974
f 418//975 453//975 457//975
f 418//976 457//976 456//976
f 456//977 457//977 501//977
f 456//978 501//978 460//978
f 460//979 501//979 503//979
f 503//980 575//980 505//980
f 505//981 575//981 581//981
f 587//982 591//982 589//982
f 589//983 591//983 596//983
f 589//984 596//984 521//984
f 521//985 596//985 529//985
f 521//986 529//986 523//986
f 523//987 529//987 533//987
f 523//988 533//988 468//988
f 468//989 533//989 470//989
f 470//990 473//990 425//990
f 581//991 575//991 571//991
f 571//992 575//992 503//992
f 571//993 503//993 566//993
f 566//994 503//994 501//994
f 566//995 501//995 498//995
f 498//996 501//996 457//996
f 498//997 457//997 494//997
f 494//998 457//998 453//998
f 494//999 453//999 449//999
f 449//1000 453//1000 414//1000
f 449//1001 414//1001 442//1001
f 442//1002 414//1002 412//1002
f 580//1003 505//1003 581//1003
f 580//1004 581//1004 583//1004
f 583//1005 581//1005 646//1005
f 583//1006 646//1006 585//1006
f 585//1007 646//1007 654//1007
f 585//1008 654//1008 587//1008
f 587//1009 654//1009 660//1009
f 587//1010 660//1010 591//1010
f 660//1011 668//1011 591//1011
f 591//1012 668//1012 597//1012
f 591//1013 597//1013 596//1013
f 596//1014 597//1014 606//1014
f 596//1015 606//1015 529//1015
f 529//1016 606//1016 534//1016
f 529//1017 534//1017 533//1017
f 533//1018 534//1018 538//1018
f 533//1019 538//1019 470//1019
f 470//1020 538//1020 473//1020
f 337//1021 339//1021 341//1021
f 333//1022 342//1022 340//1022
f 342//1023 333//1023 341//1023
f 341//1024 333//1024 335//1024
f 341//1025 335//1025 337//1025
f 340//1026 338//1026 333//1026
f 333//1027 338//1027 336//1027
f 333//1028 336//1028 334//1028
f 421//1029 459//1029 44//1029
f 389//1030 29//1030 391//1030
f 391//1031 29//1031 33//1031
f 419//1032 420//1032 39//1032
f 39//1033 420//1033 417//1033
f 39//1034 417//1034 33//1034
f 33//1035 417//1035 391//1035
f 419//1036 39//1036 458//1036
f 458//1037 39//1037 51//1037
f 458//1038 51//1038 461//1038
f 68//1039 506//1039 504//1039
f 68//1040 504//1040 51//1040
f 51//1041 504//1041 463//1041
f 51//1042 463//1042 461//1042
f 506//1043 68//1043 508//1043
f 508//1044 68//1044 77//1044
f 508//1045 77//1045 510//1045
f 515//1046 514//1046 85//1046
f 85//1047 514//1047 512//1047
f 85//1048 512//1048 77//1048
f 77//1049 512//1049 510//1049
f 467//1050 465//1050 98//1050
f 98//1051 465//1051 520//1051
f 98//1052 520//1052 85//1052
f 85//1053 520//1053 518//1053
f 85//1054 518//1054 515//1054
f 335//1055 333//1055 127//1055
f 467//1056 98//1056 113//1056
f 467//1057 113//1057 422//1057
f 422//1058 113//1058 127//1058
f 422//1059 127//1059 424//1059
f 424//1060 127//1060 333//1060
f 135//1061 338//1061 137//1061
f 137//1062 338//1062 340//1062
f 137//1063 340//1063 139//1063
f 139//1064 340//1064 342//1064
f 139//1065 342//1065 141//1065
f 141//1066 342//1066 341//1066
f 141//1067 341//1067 140//1067
f 140//1068 341//1068 339//1068
f 140//1069 339//1069 138//1069
f 138//1070 339//1070 337//1070
f 138//1071 337//1071 136//1071
f 136//1072 337//1072 335//1072
f 136//1073 335//1073 134//1073
f 134//1074 335//1074 127//1074
f 130//1075 334//1075 135//1075
f 135//1076 334//1076 336//1076
f 135//1077 336//1077 338//1077
f 425//1078 334//1078 130//1078
f 425//1079 130//1079 423//1079
f 423//1080 130//1080 120//1080
f 521//1081 466//1081 104//1081
f 104//1082 466//1082 468//1082
f 104//1083 468//1083 120//1083
f 120//1084 468//1084 423//1084
f 521//1085 104//1085 519//1085
f 519//1086 104//1086 86//1086
f 519//1087 86//1087 516//1087
f 78//1088 511//1088 513//1088
f 78//1089 513//1089 86//1089
f 86//1090 513//1090 517//1090
f 86//1091 517//1091 516//1091
f 511//1092 78//1092 509//1092
f 509//1093 78//1093 76//1093
f 509//1094 76//1094 507//1094
f 462//1095 464//1095 58//1095
f 58//1096 464//1096 505//1096
f 58//1097 505//1097 76//1097
f 76//1098 505//1098 507//1098
f 44//1099 459//1099 58//1099
f 58//1100 459//1100 460//1100
f 58//1101 460//1101 462//1101
f 36//1102 30//1102 390//1102
f 390//1103 392//1103 36//1103
f 36//1104 392//1104 418//1104
f 36//1105 418//1105 44//1105
f 44//1106 418//1106 421//1106
f 413//1107 409//1107 385//1107
f 520//1108 465//1108 522//1108
f 522//1109 465//1109 467//1109
f 663//1110 658//1110 667//1110
f 651//1111 658//1111 655//1111
f 469//1112 424//1112 472//1112
f 495//1113 488//1113 491//1113
f 491//1114 488//1114 443//1114
f 491//1115 443//1115 444//1115
f 444//1116 443//1116 430//1116
f 444//1117 430//1117 432//1117
f 432//1118 430//1118 405//1118
f 432//1119 405//1119 409//1119
f 651//1120 647//1120 644//1120
f 644//1121 647//1121 641//1121
f 644//1122 641//1122 578//1122
f 578//1123 641//1123 576//1123
f 578//1124 576//1124 568//1124
f 594//1125 592//1125 667//1125
f 602//1126 598//1126 594//1126
f 537//1127 535//1127 531//1127
f 531//1128 535//1128 607//1128
f 531//1129 607//1129 602//1129
f 469//1130 467//1130 422//1130
f 469//1131 422//1131 424//1131
f 588//1132 515//1132 520//1132
f 520//1133 515//1133 518//1133
f 584//1134 510//1134 586//1134
f 586//1135 510//1135 512//1135
f 586//1136 512//1136 588//1136
f 588//1137 512//1137 514//1137
f 588//1138 514//1138 515//1138
f 579//1139 506//1139 582//1139
f 582//1140 506//1140 508//1140
f 582//1141 508//1141 584//1141
f 584//1142 508//1142 510//1142
f 458//1143 461//1143 502//1143
f 502//1144 461//1144 463//1144
f 502//1145 463//1145 504//1145
f 579//1146 504//1146 506//1146
f 455//1147 417//1147 420//1147
f 455//1148 420//1148 458//1148
f 458//1149 420//1149 419//1149
f 391//1150 417//1150 415//1150
f 391//1151 415//1151 389//1151
f 595//1152 522//1152 524//1152
f 524//1153 522//1153 467//1153
f 524//1154 467//1154 532//1154
f 532//1155 467//1155 469//1155
f 469//1156 472//1156 471//1156
f 520//1157 590//1157 588//1157
f 588//1158 590//1158 586//1158
f 582//1159 578//1159 579//1159
f 579//1160 578//1160 572//1160
f 579//1161 572//1161 504//1161
f 504//1162 572//1162 502//1162
f 502//1163 499//1163 458//1163
f 458//1164 499//1164 454//1164
f 458//1165 454//1165 455//1165
f 455//1166 454//1166 450//1166
f 455//1167 450//1167 417//1167
f 417//1168 450//1168 413//1168
f 417//1169 413//1169 415//1169
f 415//1170 413//1170 385//1170
f 415//1171 385//1171 389//1171
f 667//1172 595//1172 594//1172
f 594//1173 595//1173 524//1173
f 594//1174 524//1174 602//1174
f 602//1175 524//1175 532//1175
f 602//1176 532//1176 531//1176
f 531//1177 532//1177 469//1177
f 531//1178 469//1178 537//1178
f 537//1179 469//1179 471//1179
f 520//1180 522//1180 595//1180
f 520//1181 595//1181 590//1181
f 590//1182 595//1182 667//1182
f 590//1183 667//1183 586//1183
f 586//1184 667//1184 658//1184
f 586//1185 658//1185 584//1185
f 584//1186 658//1186 651//1186
f 584//1187 651//1187 582//1187
f 651//1188 644//1188 582//1188
f 582//1189 644//1189 578//1189
f 578//1190 568//1190 572//1190
f 572//1191 568//1191 563//1191
f 572//1192 563//1192 502//1192
f 502//1193 563//1193 495//1193
f 502//1194 495//1194 499//1194
f 499//1195 495//1195 491//1195
f 499//1196 491//1196 454//1196
f 454//1197 491//1197 444//1197
f 454//1198 444//1198 450//1198
f 450//1199 444//1199 432//1199
f 450//1200 432//1200 413//1200
f 413//1201 432//1201 409//1201
f 1131//1202 1468//1202 1135//1202
f 1135//1203 1468//1203 1473//1203
f 1135//1204 1473//1204 1066//1204
f 1065//1205 1066//1205 1473//1205
f 1065//1206 1473//1206 1064//1206
f 1064//1207 1473//1207 1472//1207
f 1134//1208 1063//1208 1064//1208
f 1134//1209 1064//1209 1471//1209
f 1471//1210 1064//1210 1472//1210
f 1134//1211 1471//1211 1130//1211
f 1130//1212 1471//1212 1467//1212
f 1736//1213 1735//1213 1728//1213
f 1728//1214 1735//1214 1727//1214
f 248//1215 327//1215 328//1215
f 248//1216 328//1216 249//1216
f 249//1217 328//1217 322//1217
f 249//1218 322//1218 243//1218
f 243//1219 322//1219 317//1219
f 243//1220 317//1220 228//1220
f 228//1221 317//1221 313//1221
f 228//1222 313//1222 221//1222
f 221//1223 313//1223 308//1223
f 221//1224 308//1224 211//1224
f 211//1225 308//1225 303//1225
f 211//1226 303//1226 203//1226
f 203//1227 303//1227 302//1227
f 203//1228 302//1228 202//1228
f 202//1229 302//1229 301//1229
f 202//1230 301//1230 201//1230
f 201//1231 301//1231 307//1231
f 201//1232 307//1232 207//1232
f 207//1233 307//1233 312//1233
f 207//1234 312//1234 218//1234
f 218//1235 312//1235 319//1235
f 218//1236 319//1236 233//1236
f 233//1237 319//1237 321//1237
f 233//1238 321//1238 240//1238
f 240//1239 321//1239 326//1239
f 240//1240 326//1240 247//1240
f 247//1241 326//1241 327//1241
f 247//1242 327//1242 248//1242
f 177//1243 291//1243 292//1243
f 177//1244 292//1244 178//1244
f 178//1245 292//1245 289//1245
f 178//1246 289//1246 176//1246
f 176//1247 289//1247 284//1247
f 176//1248 284//1248 169//1248
f 169//1249 284//1249 281//1249
f 169//1250 281//1250 165//1250
f 165//1251 281//1251 279//1251
f 165//1252 279//1252 162//1252
f 162//1253 279//1253 275//1253
f 162//1254 275//1254 158//1254
f 158//1255 275//1255 274//1255
f 158//1256 274//1256 157//1256
f 157//1257 274//1257 273//1257
f 157//1258 273//1258 156//1258
f 156//1259 273//1259 278//1259
f 156//1260 278//1260 159//1260
f 159//1261 278//1261 283//1261
f 159//1262 283//1262 166//1262
f 166//1263 283//1263 286//1263
f 166//1264 286//1264 170//1264
f 170//1265 286//1265 288//1265
f 170//1266 288//1266 173//1266
f 173//1267 288//1267 291//1267
f 173//1268 291//1268 177//1268
f 251//1269 330//1269 332//1269
f 251//1270 332//1270 252//1270
f 252//1271 332//1271 324//1271
f 252//1272 324//1272 246//1272
f 246//1273 324//1273 318//1273
f 246//1274 318//1274 232//1274
f 232//1275 318//1275 315//1275
f 232//1276 315//1276 225//1276
f 225//1277 315//1277 310//1277
f 225//1278 310//1278 217//1278
f 217//1279 310//1279 306//1279
f 217//1280 306//1280 206//1280
f 206//1281 306//1281 305//1281
f 206//1282 305//1282 205//1282
f 205//1283 305//1283 304//1283
f 205//1284 304//1284 204//1284
f 204//1285 304//1285 309//1285
f 204//1286 309//1286 212//1286
f 212//1287 309//1287 314//1287
f 212//1288 314//1288 222//1288
f 222//1289 314//1289 320//1289
f 222//1290 320//1290 236//1290
f 236//1291 320//1291 323//1291
f 236//1292 323//1292 244//1292
f 244//1293 323//1293 329//1293
f 244//1294 329//1294 250//1294
f 250//1295 329//1295 330//1295
f 250//1296 330//1296 251//1296
f 1738//1297 1737//1297 1730//1297
f 1730//1298 1737//1298 1729//1298
f 900//1299 797//1299 798//1299
f 900//1300 798//1300 901//1300
f 901//1301 798//1301 843//1301
f 901//1302 843//1302 905//1302
f 901//1303 905//1303 960//1303
f 960//1304 905//1304 964//1304
f 960//1305 964//1305 1057//1305
f 1057//1306 964//1306 1133//1306
f 1057//1307 1133//1307 1056//1307
f 1056//1308 1133//1308 1196//1308
f 1056//1309 1196//1309 1127//1309
f 1127//1310 1196//1310 1195//1310
f 1127//1311 1195//1311 1269//1311
f 1127//1312 1269//1312 1126//1312
f 1126//1313 1269//1313 1125//1313
f 1125//1314 1269//1314 1194//1314
f 1125//1315 1194//1315 1193//1315
f 1125//1316 1193//1316 1132//1316
f 1125//1317 1132//1317 1055//1317
f 1055//1318 1132//1318 963//1318
f 1055//1319 963//1319 959//1319
f 959//1320 963//1320 904//1320
f 959//1321 904//1321 898//1321
f 898//1322 904//1322 842//1322
f 898//1323 842//1323 899//1323
f 899//1324 842//1324 796//1324
f 899//1325 796//1325 797//1325
f 899//1326 797//1326 900//1326
f 896//1327 794//1327 897//1327
f 897//1328 794//1328 795//1328
f 897//1329 795//1329 841//1329
f 897//1330 841//1330 903//1330
f 897//1331 903//1331 958//1331
f 958//1332 903//1332 962//1332
f 958//1333 962//1333 1054//1333
f 1054//1334 962//1334 1129//1334
f 1054//1335 1129//1335 1192//1335
f 1054//1336 1192//1336 1124//1336
f 1124//1337 1192//1337 1191//1337
f 1124//1338 1191//1338 1265//1338
f 1124//1339 1265//1339 1123//1339
f 1123//1340 1265//1340 1190//1340
f 1123//1341 1190//1341 1122//1341
f 1122//1342 1190//1342 1189//1342
f 1122//1343 1189//1343 1128//1343
f 1122//1344 1128//1344 1053//1344
f 1053//1345 1128//1345 961//1345
f 1053//1346 961//1346 957//1346
f 957//1347 961//1347 902//1347
f 957//1348 902//1348 895//1348
f 895//1349 902//1349 840//1349
f 895//1350 840//1350 793//1350
f 895//1351 793//1351 794//1351
f 895//1352 794//1352 896//1352
f 1901//1353 1822//1353 1902//1353
f 1902//1354 1822//1354 1823//1354
f 1902//1355 1823//1355 1853//1355
f 1902//1356 1853//1356 1911//1356
f 1902//1357 1911//1357 1951//1357
f 1951//1358 1911//1358 1957//1358
f 1951//1359 1957//1359 1988//1359
f 1988//1360 1957//1360 2039//1360
f 1988//1361 2039//1361 2086//1361
f 1988//1362 2086//1362 2032//1362
f 2032//1363 2086//1363 2085//1363
f 2032//1364 2085//1364 2130//1364
f 2032//1365 2130//1365 2031//1365
f 2031//1366 2130//1366 2084//1366
f 2031//1367 2084//1367 2030//1367
f 2030//1368 2084//1368 2083//1368
f 2030//1369 2083//1369 2038//1369
f 2030//1370 2038//1370 1987//1370
f 1987//1371 2038//1371 1956//1371
f 1987//1372 1956//1372 1949//1372
f 1949//1373 1956//1373 1950//1373
f 1950//1374 1956//1374 1910//1374
f 1950//1375 1910//1375 1900//1375
f 1900//1376 1910//1376 1852//1376
f 1900//1377 1852//1377 1821//1377
f 1900//1378 1821//1378 1822//1378
f 1900//1379 1822//1379 1901//1379
f 1908//1380 1829//1380 1830//1380
f 1908//1381 1830//1381 1909//1381
f 1909//1382 1830//1382 1858//1382
f 1909//1383 1858//1383 1917//1383
f 1909//1384 1917//1384 1954//1384
f 1954//1385 1917//1385 1962//1385
f 1954//1386 1962//1386 1955//1386
f 1955//1387 1962//1387 1992//1387
f 1992//1388 1962//1388 2046//1388
f 1992//1389 2046//1389 2093//1389
f 1992//1390 2093//1390 2037//1390
f 2037//1391 2093//1391 2092//1391
f 2037//1392 2092//1392 2133//1392
f 2037//1393 2133//1393 2036//1393
f 2036//1394 2133//1394 2035//1394
f 2035//1395 2133//1395 2091//1395
f 2035//1396 2091//1396 2090//1396
f 2035//1397 2090//1397 2045//1397
f 2035//1398 2045//1398 1991//1398
f 1991//1399 2045//1399 1961//1399
f 1991//1400 1961//1400 1953//1400
f 1953//1401 1961//1401 1916//1401
f 1953//1402 1916//1402 1906//1402
f 1906//1403 1916//1403 1857//1403
f 1906//1404 1857//1404 1907//1404
f 1907//1405 1857//1405 1828//1405
f 1907//1406 1828//1406 1829//1406
f 1907//1407 1829//1407 1908//1407
f 443//1408 488//1408 474//1408
f 535//1409 537//1409 676//1409
f 2129//1410 2105//1410 1968//1410
f 568//1411 576//1411 618//1411
f 568//1412 618//1412 563//1412
f 474//1413 488//1413 618//1413
f 618//1414 488//1414 495//1414
f 618//1415 495//1415 563//1415
f 576//1416 641//1416 618//1416
f 618//1417 641//1417 647//1417
f 618//1418 647//1418 651//1418
f 655//1419 658//1419 676//1419
f 676//1420 658//1420 663//1420
f 676//1421 663//1421 667//1421
f 667//1422 592//1422 676//1422
f 676//1423 592//1423 594//1423
f 676//1424 594//1424 598//1424
f 598//1425 602//1425 676//1425
f 676//1426 602//1426 607//1426
f 676//1427 607//1427 535//1427
f 393//1428 397//1428 474//1428
f 474//1429 397//1429 401//1429
f 401//1430 405//1430 474//1430
f 474//1431 405//1431 430//1431
f 474//1432 430//1432 443//1432
f 2301//1433 2292//1433 2149//1433
f 2149//1434 2292//1434 2189//1434
f 2149//1435 2189//1435 2105//1435
f 2105//1436 2189//1436 2143//1436
f 2105//1437 2143//1437 1968//1437
f 2129//1438 1968//1438 1993//1438
f 1993//1439 1968//1439 1696//1439
f 1993//1440 1696//1440 1734//1440
f 1734//1441 1696//1441 1564//1441
f 1734//1442 1564//1442 1598//1442
f 1598//1443 1564//1443 1282//1443
f 1598//1444 1282//1444 1342//1444
f 1342//1445 1282//1445 967//1445
f 1342//1446 967//1446 1058//1446
f 1058//1447 967//1447 799//1447
f 1058//1448 799//1448 839//1448
f 839//1449 799//1449 618//1449
f 839//1450 618//1450 676//1450
f 676//1451 618//1451 651//1451
f 676//1452 651//1452 655//1452
f 2443//1453 2432//1453 2431//1453
f 2443//1454 2431//1454 2442//1454
f 2442//1455 2431//1455 2383//1455
f 2442//1456 2383//1456 2389//1456
f 2389//1457 2383//1457 2332//1457
f 2389//1458 2332//1458 2343//1458
f 2343//1459 2332//1459 2292//1459
f 2343//1460 2292//1460 2301//1460
f 2445//1461 2433//1461 2443//1461
f 2443//1462 2433//1462 2432//1462
f 2347//1463 2336//1463 2384//1463
f 2347//1464 2384//1464 2394//1464
f 2394//1465 2384//1465 2434//1465
f 2394//1466 2434//1466 2446//1466
f 2446//1467 2434//1467 2433//1467
f 2446//1468 2433//1468 2445//1468
f 1879//1469 1864//1469 2060//1469
f 1879//1470 2060//1470 2068//1470
f 2068//1471 2060//1471 2255//1471
f 2068//1472 2255//1472 2264//1472
f 2264//1473 2255//1473 2336//1473
f 2264//1474 2336//1474 2347//1474
f 1705//1475 1698//1475 1740//1475
f 1705//1476 1740//1476 1745//1476
f 1745//1477 1740//1477 1741//1477
f 1745//1478 1741//1478 1746//1478
f 1746//1479 1741//1479 1835//1479
f 1746//1480 1835//1480 1842//1480
f 1842//1481 1835//1481 1864//1481
f 1842//1482 1864//1482 1879//1482
f 1647//1483 1643//1483 1669//1483
f 1647//1484 1669//1484 1672//1484
f 1672//1485 1669//1485 1697//1485
f 1672//1486 1697//1486 1704//1486
f 1358//1487 1159//1487 1357//1487
f 1357//1488 1159//1488 1141//1488
f 1358//1489 1357//1489 1569//1489
f 1569//1490 1357//1490 1566//1490
f 1569//1491 1566//1491 1643//1491
f 1569//1492 1643//1492 1647//1492
f 1218//1493 1210//1493 1142//1493
f 1218//1494 1142//1494 1160//1494
f 1160//1495 1142//1495 1141//1495
f 1160//1496 1141//1496 1159//1496
f 1297//1497 1286//1497 1285//1497
f 1297//1498 1285//1498 1296//1498
f 1296//1499 1285//1499 1284//1499
f 1296//1500 1284//1500 1295//1500
f 1295//1501 1284//1501 1283//1501
f 1295//1502 1283//1502 1294//1502
f 1294//1503 1283//1503 1210//1503
f 1294//1504 1210//1504 1218//1504
f 1162//1505 1147//1505 1212//1505
f 1162//1506 1212//1506 1220//1506
f 1220//1507 1212//1507 1286//1507
f 1220//1508 1286//1508 1297//1508
f 1147//1509 1162//1509 1090//1509
f 923//1510 909//1510 968//1510
f 923//1511 968//1511 985//1511
f 985//1512 968//1512 1090//1512
f 1090//1513 968//1513 1074//1513
f 1090//1514 1074//1514 1147//1514
f 749//1515 740//1515 802//1515
f 749//1516 802//1516 809//1516
f 809//1517 802//1517 846//1517
f 809//1518 846//1518 863//1518
f 687//1519 756//1519 677//1519
f 677//1520 756//1520 742//1520
f 687//1521 677//1521 686//1521
f 686//1522 677//1522 741//1522
f 686//1523 741//1523 750//1523
f 750//1524 741//1524 740//1524
f 750//1525 740//1525 749//1525
f 867//1526 847//1526 803//1526
f 867//1527 803//1527 815//1527
f 815//1528 803//1528 743//1528
f 815//1529 743//1529 757//1529
f 757//1530 743//1530 742//1530
f 757//1531 742//1531 756//1531
f 910//1532 926//1532 994//1532
f 1163//1533 1148//1533 1076//1533
f 1163//1534 1076//1534 1093//1534
f 1093//1535 1076//1535 1075//1535
f 1093//1536 1075//1536 1092//1536
f 1092//1537 1075//1537 969//1537
f 1092//1538 969//1538 994//1538
f 994//1539 969//1539 910//1539
f 1298//1540 1287//1540 1213//1540
f 1298//1541 1213//1541 1222//1541
f 1222//1542 1213//1542 1148//1542
f 1222//1543 1148//1543 1163//1543
f 1224//1544 1215//1544 1289//1544
f 1224//1545 1289//1545 1300//1545
f 1300//1546 1289//1546 1288//1546
f 1300//1547 1288//1547 1299//1547
f 1299//1548 1288//1548 1287//1548
f 1299//1549 1287//1549 1298//1549
f 1167//1550 1155//1550 1154//1550
f 1167//1551 1154//1551 1166//1551
f 1166//1552 1154//1552 1153//1552
f 1166//1553 1153//1553 1165//1553
f 1165//1554 1153//1554 1215//1554
f 1165//1555 1215//1555 1224//1555
f 1650//1556 1644//1556 1576//1556
f 1576//1557 1644//1557 1481//1557
f 1576//1558 1481//1558 1488//1558
f 1488//1559 1481//1559 1301//1559
f 1301//1560 1481//1560 1216//1560
f 1301//1561 1216//1561 1225//1561
f 1225//1562 1216//1562 1155//1562
f 1225//1563 1155//1563 1167//1563
f 1711//1564 1700//1564 1670//1564
f 1711//1565 1670//1565 1676//1565
f 1676//1566 1670//1566 1644//1566
f 1676//1567 1644//1567 1650//1567
f 1880//1568 1865//1568 1778//1568
f 1880//1569 1778//1569 1786//1569
f 1786//1570 1778//1570 1742//1570
f 1786//1571 1742//1571 1749//1571
f 1749//1572 1742//1572 1699//1572
f 1749//1573 1699//1573 1710//1573
f 2337//1574 2145//1574 2349//1574
f 2349//1575 2145//1575 2154//1575
f 2154//1576 2145//1576 1969//1576
f 2154//1577 1969//1577 1978//1577
f 1978//1578 1969//1578 1865//1578
f 1978//1579 1865//1579 1880//1579
f 2337//1580 2349//1580 2395//1580
f 2337//1581 2395//1581 2385//1581
f 2385//1582 2395//1582 2448//1582
f 2385//1583 2448//1583 2436//1583
f 2436//1584 2448//1584 2449//1584
f 2436//1585 2449//1585 2437//1585
f 2438//1586 2437//1586 2451//1586
f 2451//1587 2437//1587 2449//1587
f 2438//1588 2451//1588 2452//1588
f 2438//1589 2452//1589 2439//1589
f 2439//1590 2452//1590 2402//1590
f 2439//1591 2402//1591 2387//1591
f 2387//1592 2402//1592 2353//1592
f 2387//1593 2353//1593 2342//1593
f 2342//1594 2353//1594 2310//1594
f 2342//1595 2310//1595 2300//1595
f 1083//1596 1095//1596 1094//1596
f 871//1597 856//1597 855//1597
f 871//1598 855//1598 870//1598
f 870//1599 855//1599 869//1599
f 855//1600 854//1600 869//1600
f 869//1601 854//1601 915//1601
f 869//1602 915//1602 928//1602
f 928//1603 915//1603 997//1603
f 915//1604 972//1604 997//1604
f 997//1605 972//1605 1082//1605
f 997//1606 1082//1606 1094//1606
f 1094//1607 1082//1607 1083//1607
f 1095//1608 1083//1608 1084//1608
f 1095//1609 1084//1609 1096//1609
f 1096//1610 1084//1610 998//1610
f 1084//1611 973//1611 998//1611
f 998//1612 973//1612 974//1612
f 998//1613 974//1613 999//1613
f 999//1614 974//1614 916//1614
f 999//1615 916//1615 930//1615
f 930//1616 916//1616 857//1616
f 930//1617 857//1617 872//1617
f 872//1618 857//1618 871//1618
f 871//1619 857//1619 856//1619
f 852//1620 860//1620 861//1620
f 1088//1621 1080//1621 1081//1621
f 1088//1622 1081//1622 1089//1622
f 1089//1623 1081//1623 982//1623
f 1081//1624 971//1624 982//1624
f 982//1625 971//1625 914//1625
f 982//1626 914//1626 921//1626
f 921//1627 914//1627 853//1627
f 921//1628 853//1628 861//1628
f 861//1629 853//1629 852//1629
f 860//1630 852//1630 851//1630
f 860//1631 851//1631 859//1631
f 859//1632 851//1632 913//1632
f 859//1633 913//1633 920//1633
f 920//1634 913//1634 980//1634
f 913//1635 970//1635 980//1635
f 980//1636 970//1636 1079//1636
f 980//1637 1079//1637 1087//1637
f 1087//1638 1079//1638 1088//1638
f 1088//1639 1079//1639 1080//1639
f 1869//1640 1877//1640 1878//1640
f 2011//1641 2005//1641 2006//1641
f 2011//1642 2006//1642 2012//1642
f 2012//1643 2006//1643 1976//1643
f 2006//1644 1971//1644 1976//1644
f 1976//1645 1971//1645 1930//1645
f 1971//1646 1924//1646 1930//1646
f 1930//1647 1924//1647 1870//1647
f 1930//1648 1870//1648 1878//1648
f 1878//1649 1870//1649 1869//1649
f 1877//1650 1869//1650 1868//1650
f 1877//1651 1868//1651 1876//1651
f 1876//1652 1868//1652 1923//1652
f 1876//1653 1923//1653 1929//1653
f 1923//1654 1922//1654 1929//1654
f 1929//1655 1922//1655 1975//1655
f 1922//1656 1970//1656 1975//1656
f 1975//1657 1970//1657 2004//1657
f 1975//1658 2004//1658 2010//1658
f 2010//1659 2004//1659 2011//1659
f 2011//1660 2004//1660 2005//1660
f 2008//1661 2014//1661 2013//1661
f 1883//1662 1873//1662 1872//1662
f 1883//1663 1872//1663 1882//1663
f 1882//1664 1872//1664 1881//1664
f 1872//1665 1871//1665 1881//1665
f 1881//1666 1871//1666 1925//1666
f 1881//1667 1925//1667 1931//1667
f 1931//1668 1925//1668 1979//1668
f 1925//1669 1972//1669 1979//1669
f 1979//1670 1972//1670 2007//1670
f 1979//1671 2007//1671 2013//1671
f 2013//1672 2007//1672 2008//1672
f 2014//1673 2008//1673 2009//1673
f 2014//1674 2009//1674 2015//1674
f 2015//1675 2009//1675 1980//1675
f 2009//1676 1973//1676 1980//1676
f 1980//1677 1973//1677 1934//1677
f 1973//1678 1927//1678 1934//1678
f 1934//1679 1927//1679 1933//1679
f 1927//1680 1926//1680 1933//1680
f 1933//1681 1926//1681 1874//1681
f 1933//1682 1874//1682 1884//1682
f 1884//1683 1874//1683 1883//1683
f 1883//1684 1874//1684 1873//1684
f 2352//1685 2340//1685 2299//1685
f 2352//1686 2299//1686 2308//1686
f 2308//1687 2299//1687 2259//1687
f 2308//1688 2259//1688 2269//1688
f 2269//1689 2259//1689 2223//1689
f 2269//1690 2223//1690 2231//1690
f 2231//1691 2223//1691 2222//1691
f 2231//1692 2222//1692 2230//1692
f 2230//1693 2222//1693 2258//1693
f 2230//1694 2258//1694 2268//1694
f 2268//1695 2258//1695 2257//1695
f 2268//1696 2257//1696 2267//1696
f 2267//1697 2257//1697 2298//1697
f 2267//1698 2298//1698 2307//1698
f 2307//1699 2298//1699 2339//1699
f 2307//1700 2339//1700 2351//1700
f 2351//1701 2339//1701 2340//1701
f 2351//1702 2340//1702 2352//1702
f 2345//1703 2334//1703 2335//1703
f 2345//1704 2335//1704 2346//1704
f 2346//1705 2335//1705 2294//1705
f 2346//1706 2294//1706 2303//1706
f 2303//1707 2294//1707 2295//1707
f 2303//1708 2295//1708 2304//1708
f 2304//1709 2295//1709 2254//1709
f 2304//1710 2254//1710 2263//1710
f 2263//1711 2254//1711 2221//1711
f 2263//1712 2221//1712 2227//1712
f 2227//1713 2221//1713 2220//1713
f 2227//1714 2220//1714 2226//1714
f 2226//1715 2220//1715 2253//1715
f 2226//1716 2253//1716 2262//1716
f 2262//1717 2253//1717 2293//1717
f 2262//1718 2293//1718 2302//1718
f 2302//1719 2293//1719 2333//1719
f 2302//1720 2333//1720 2344//1720
f 2344//1721 2333//1721 2334//1721
f 2344//1722 2334//1722 2345//1722
f 400//1723 396//1723 426//1723
f 426//1724 449//1724 431//1724
f 400//1725 426//1725 404//1725
f 404//1726 426//1726 431//1726
f 404//1727 431//1727 408//1727
f 449//1728 426//1728 490//1728
f 490//1729 426//1729 541//1729
f 490//1730 541//1730 498//1730
f 650//1731 643//1731 678//1731
f 650//1732 678//1732 654//1732
f 597//1733 593//1733 736//1733
f 736//1734 593//1734 668//1734
f 736//1735 668//1735 666//1735
f 666//1736 660//1736 736//1736
f 736//1737 660//1737 657//1737
f 736//1738 657//1738 654//1738
f 643//1739 577//1739 678//1739
f 678//1740 577//1740 571//1740
f 678//1741 571//1741 541//1741
f 541//1742 571//1742 566//1742
f 541//1743 566//1743 498//1743
f 538//1744 536//1744 617//1744
f 617//1745 536//1745 616//1745
f 617//1746 616//1746 736//1746
f 736//1747 616//1747 601//1747
f 736//1748 601//1748 597//1748
f 2300//1749 2310//1749 2104//1749
f 2104//1750 2310//1750 2110//1750
f 654//1751 678//1751 736//1751
f 736//1752 678//1752 850//1752
f 736//1753 850//1753 906//1753
f 906//1754 850//1754 1156//1754
f 906//1755 1156//1755 1200//1755
f 1200//1756 1156//1756 1419//1756
f 1200//1757 1419//1757 1470//1757
f 1470//1758 1419//1758 1645//1758
f 1470//1759 1645//1759 1667//1759
f 1667//1760 1645//1760 1838//1760
f 1667//1761 1838//1761 1859//1761
f 1859//1762 1838//1762 2104//1762
f 1859//1763 2104//1763 2134//1763
f 2134//1764 2104//1764 2110//1764
f 1517//1765 1468//1765 1131//1765
f 1859//1766 1962//1766 1917//1766
f 842//1767 904//1767 1062//1767
f 1062//1768 904//1768 963//1768
f 1062//1769 963//1769 1132//1769
f 842//1770 1062//1770 796//1770
f 796//1771 1062//1771 1061//1771
f 1859//1772 1917//1772 1667//1772
f 1667//1773 1917//1773 1858//1773
f 1667//1774 1858//1774 1830//1774
f 1131//1775 1266//1775 1343//1775
f 1131//1776 1343//1776 1404//1776
f 1738//1777 1829//1777 1828//1777
f 1131//1778 1062//1778 1266//1778
f 1266//1779 1062//1779 1132//1779
f 1266//1780 1132//1780 1267//1780
f 1267//1781 1132//1781 1193//1781
f 1267//1782 1193//1782 1268//1782
f 1268//1783 1193//1783 1194//1783
f 1268//1784 1194//1784 1269//1784
f 1061//1785 1060//1785 796//1785
f 796//1786 1060//1786 1059//1786
f 796//1787 1059//1787 962//1787
f 962//1788 1059//1788 1129//1788
f 1129//1789 1059//1789 1130//1789
f 1129//1790 1130//1790 1192//1790
f 902//1791 961//1791 1263//1791
f 1263//1792 961//1792 1128//1792
f 1735//1793 1823//1793 1692//1793
f 1692//1794 1823//1794 1822//1794
f 1692//1795 1822//1795 1821//1795
f 1852//1796 1910//1796 1993//1796
f 1993//1797 1910//1797 1956//1797
f 1993//1798 1956//1798 2129//1798
f 1197//1799 1133//1799 1198//1799
f 1198//1800 1133//1800 964//1800
f 1198//1801 964//1801 1199//1801
f 1404//1802 1469//1802 1131//1802
f 1131//1803 1469//1803 1518//1803
f 1131//1804 1518//1804 1517//1804
f 1192//1805 1130//1805 1191//1805
f 906//1806 1199//1806 964//1806
f 906//1807 964//1807 736//1807
f 424//1808 795//1808 472//1808
f 472//1809 795//1809 794//1809
f 472//1810 794//1810 471//1810
f 1263//1811 839//1811 676//1811
f 2085//1812 2086//1812 2183//1812
f 2183//1813 2086//1813 2039//1813
f 1962//1814 1859//1814 2046//1814
f 2046//1815 1859//1815 2134//1815
f 2046//1816 2134//1816 2093//1816
f 2093//1817 2134//1817 2092//1817
f 2092//1818 2134//1818 2212//1818
f 2092//1819 2212//1819 2133//1819
f 1130//1820 1467//1820 1556//1820
f 1130//1821 1556//1821 1191//1821
f 1191//1822 1556//1822 1600//1822
f 1191//1823 1600//1823 1265//1823
f 902//1824 1263//1824 840//1824
f 840//1825 1263//1825 676//1825
f 840//1826 676//1826 793//1826
f 793//1827 676//1827 537//1827
f 793//1828 537//1828 794//1828
f 794//1829 537//1829 471//1829
f 2039//1830 1957//1830 1912//1830
f 1912//1831 1957//1831 1911//1831
f 1912//1832 1911//1832 1854//1832
f 1854//1833 1911//1833 1853//1833
f 1854//1834 1853//1834 1773//1834
f 1823//1835 1735//1835 1736//1835
f 1823//1836 1736//1836 1853//1836
f 1853//1837 1736//1837 1772//1837
f 1853//1838 1772//1838 1773//1838
f 1598//1839 1665//1839 1734//1839
f 1734//1840 1665//1840 1692//1840
f 1734//1841 1692//1841 1993//1841
f 1993//1842 1692//1842 1821//1842
f 1993//1843 1821//1843 1852//1843
f 2085//1844 2183//1844 2209//1844
f 2085//1845 2209//1845 2130//1845
f 2130//1846 2209//1846 2208//1846
f 2130//1847 2208//1847 2084//1847
f 2084//1848 2208//1848 2207//1848
f 2084//1849 2207//1849 2083//1849
f 2083//1850 2207//1850 2129//1850
f 2083//1851 2129//1851 2038//1851
f 2038//1852 2129//1852 1956//1852
f 1915//1853 1827//1853 1916//1853
f 1916//1854 1827//1854 1857//1854
f 1915//1855 1916//1855 1961//1855
f 1915//1856 1961//1856 2045//1856
f 2184//1857 2045//1857 2090//1857
f 2184//1858 2090//1858 2091//1858
f 2212//1859 2211//1859 2133//1859
f 2133//1860 2211//1860 2210//1860
f 2133//1861 2210//1861 2091//1861
f 2091//1862 2210//1862 2184//1862
f 1829//1863 1738//1863 1830//1863
f 1830//1864 1738//1864 1693//1864
f 1830//1865 1693//1865 1667//1865
f 1667//1866 1693//1866 1666//1866
f 1667//1867 1666//1867 1470//1867
f 1470//1868 1666//1868 1200//1868
f 1200//1869 1666//1869 1519//1869
f 1200//1870 1519//1870 906//1870
f 906//1871 1519//1871 1271//1871
f 906//1872 1271//1872 1199//1872
f 1344//1873 1269//1873 1195//1873
f 1344//1874 1195//1874 1345//1874
f 1345//1875 1195//1875 1196//1875
f 1345//1876 1196//1876 1346//1876
f 1197//1877 1270//1877 1133//1877
f 1133//1878 1270//1878 1196//1878
f 1196//1879 1270//1879 1346//1879
f 1600//1880 1640//1880 1265//1880
f 1265//1881 1640//1881 1639//1881
f 1265//1882 1639//1882 1190//1882
f 1190//1883 1639//1883 1599//1883
f 1190//1884 1599//1884 1189//1884
f 1189//1885 1599//1885 1264//1885
f 1189//1886 1264//1886 1128//1886
f 1128//1887 1264//1887 1263//1887
f 795//1888 424//1888 333//1888
f 795//1889 333//1889 841//1889
f 841//1890 333//1890 334//1890
f 841//1891 334//1891 903//1891
f 903//1892 334//1892 425//1892
f 1263//1893 1262//1893 839//1893
f 839//1894 1262//1894 1261//1894
f 839//1895 1261//1895 1058//1895
f 1058//1896 1261//1896 1466//1896
f 1058//1897 1466//1897 1342//1897
f 1342//1898 1466//1898 1598//1898
f 1598//1899 1466//1899 1638//1899
f 1598//1900 1638//1900 1665//1900
f 1827//1901 1774//1901 1857//1901
f 1857//1902 1774//1902 1737//1902
f 1857//1903 1737//1903 1828//1903
f 1828//1904 1737//1904 1738//1904
f 903//1905 425//1905 473//1905
f 903//1906 473//1906 962//1906
f 962//1907 473//1907 797//1907
f 962//1908 797//1908 796//1908
f 964//1909 905//1909 736//1909
f 736//1910 905//1910 843//1910
f 736//1911 843//1911 617//1911
f 617//1912 843//1912 798//1912
f 617//1913 798//1913 538//1913
f 538//1914 798//1914 797//1914
f 538//1915 797//1915 473//1915
f 1344//1916 1337//1916 1254//1916
f 1344//1917 1254//1917 1269//1917
f 1269//1918 1254//1918 1253//1918
f 1269//1919 1253//1919 1268//1919
f 1336//1920 1343//1920 1266//1920
f 1336//1921 1266//1921 1251//1921
f 1251//1922 1266//1922 1267//1922
f 1251//1923 1267//1923 1252//1923
f 1252//1924 1267//1924 1268//1924
f 1252//1925 1268//1925 1253//1925
f 1343//1926 1336//1926 1404//1926
f 1404//1927 1336//1927 1398//1927
f 1404//1928 1398//1928 1462//1928
f 1404//1929 1462//1929 1469//1929
f 1469//1930 1462//1930 1514//1930
f 1469//1931 1514//1931 1518//1931
f 1518//1932 1514//1932 1513//1932
f 1518//1933 1513//1933 1517//1933
f 1460//1934 1459//1934 1467//1934
f 1467//1935 1459//1935 1552//1935
f 1467//1936 1552//1936 1556//1936
f 1556//1937 1552//1937 1597//1937
f 1556//1938 1597//1938 1600//1938
f 1517//1939 1513//1939 1468//1939
f 1468//1940 1513//1940 1461//1940
f 1468//1941 1461//1941 1473//1941
f 1473//1942 1461//1942 1460//1942
f 1473//1943 1460//1943 1472//1943
f 1472//1944 1460//1944 1467//1944
f 1472//1945 1467//1945 1471//1945
f 1596//1946 1599//1946 1639//1946
f 1596//1947 1639//1947 1634//1947
f 1634//1948 1639//1948 1640//1948
f 1634//1949 1640//1949 1635//1949
f 1635//1950 1640//1950 1600//1950
f 1635//1951 1600//1951 1597//1951
f 1250//1952 1264//1952 1596//1952
f 1596//1953 1264//1953 1599//1953
f 1247//1954 1261//1954 1262//1954
f 1247//1955 1262//1955 1248//1955
f 1248//1956 1262//1956 1263//1956
f 1248//1957 1263//1957 1249//1957
f 1249//1958 1263//1958 1264//1958
f 1249//1959 1264//1959 1250//1959
f 1261//1960 1247//1960 1456//1960
f 1261//1961 1456//1961 1466//1961
f 1466//1962 1456//1962 1633//1962
f 1466//1963 1633//1963 1638//1963
f 1638//1964 1633//1964 1662//1964
f 1638//1965 1662//1965 1665//1965
f 1665//1966 1662//1966 1689//1966
f 1665//1967 1689//1967 1692//1967
f 1692//1968 1689//1968 1727//1968
f 1692//1969 1727//1969 1735//1969
f 1736//1970 1728//1970 1765//1970
f 1736//1971 1765//1971 1772//1971
f 1772//1972 1765//1972 1766//1972
f 1772//1973 1766//1973 1773//1973
f 1773//1974 1766//1974 1848//1974
f 1773//1975 1848//1975 1854//1975
f 1854//1976 1848//1976 1893//1976
f 1854//1977 1893//1977 1912//1977
f 1912//1978 1893//1978 2024//1978
f 1912//1979 2024//1979 2039//1979
f 2039//1980 2024//1980 2175//1980
f 2039//1981 2175//1981 2183//1981
f 2183//1982 2175//1982 2202//1982
f 2183//1983 2202//1983 2209//1983
f 2209//1984 2202//1984 2201//1984
f 2209//1985 2201//1985 2208//1985
f 2208//1986 2201//1986 2200//1986
f 2208//1987 2200//1987 2207//1987
f 303//1988 314//1988 309//1988
f 302//1989 287//1989 293//1989
f 329//1990 317//1990 322//1990
f 298//1991 296//1991 289//1991
f 289//1992 296//1992 294//1992
f 289//1993 294//1993 284//1993
f 302//1994 293//1994 301//1994
f 321//1995 319//1995 311//1995
f 311//1996 319//1996 312//1996
f 311//1997 312//1997 299//1997
f 299//1998 312//1998 307//1998
f 299//1999 307//1999 297//1999
f 297//2000 307//2000 301//2000
f 297//2001 301//2001 295//2001
f 295//2002 301//2002 293//2002
f 322//2003 328//2003 331//2003
f 331//2004 328//2004 327//2004
f 331//2005 327//2005 326//2005
f 325//2006 326//2006 321//2006
f 283//2007 278//2007 272//2007
f 272//2008 278//2008 273//2008
f 272//2009 273//2009 275//2009
f 275//2010 273//2010 274//2010
f 276//2011 275//2011 279//2011
f 276//2012 279//2012 280//2012
f 280//2013 279//2013 281//2013
f 280//2014 281//2014 285//2014
f 285//2015 281//2015 284//2015
f 285//2016 284//2016 290//2016
f 290//2017 284//2017 294//2017
f 289//2018 292//2018 309//2018
f 309//2019 292//2019 291//2019
f 309//2020 291//2020 287//2020
f 309//2021 287//2021 303//2021
f 303//2022 287//2022 302//2022
f 272//2023 277//2023 283//2023
f 283//2024 277//2024 282//2024
f 283//2025 282//2025 286//2025
f 286//2026 282//2026 287//2026
f 286//2027 287//2027 288//2027
f 288//2028 287//2028 291//2028
f 298//2029 310//2029 300//2029
f 300//2030 310//2030 315//2030
f 300//2031 315//2031 316//2031
f 316//2032 315//2032 318//2032
f 316//2033 318//2033 324//2033
f 329//2034 322//2034 330//2034
f 330//2035 322//2035 331//2035
f 330//2036 331//2036 332//2036
f 309//2037 304//2037 289//2037
f 289//2038 304//2038 305//2038
f 289//2039 305//2039 298//2039
f 298//2040 305//2040 306//2040
f 298//2041 306//2041 310//2041
f 303//2042 308//2042 314//2042
f 314//2043 308//2043 313//2043
f 314//2044 313//2044 320//2044
f 320//2045 313//2045 317//2045
f 320//2046 317//2046 323//2046
f 323//2047 317//2047 329//2047
f 2178//2048 2184//2048 2210//2048
f 2178//2049 2210//2049 2203//2049
f 2203//2050 2210//2050 2211//2050
f 2203//2051 2211//2051 2204//2051
f 2204//2052 2211//2052 2212//2052
f 2204//2053 2212//2053 2205//2053
f 2184//2054 2178//2054 2025//2054
f 2184//2055 2025//2055 2045//2055
f 2045//2056 2025//2056 1894//2056
f 2045//2057 1894//2057 1915//2057
f 1915//2058 1894//2058 1813//2058
f 1915//2059 1813//2059 1827//2059
f 1827//2060 1813//2060 1767//2060
f 1827//2061 1767//2061 1774//2061
f 1774//2062 1767//2062 1729//2062
f 1774//2063 1729//2063 1737//2063
f 1738//2064 1730//2064 1690//2064
f 1738//2065 1690//2065 1693//2065
f 1693//2066 1690//2066 1663//2066
f 1693//2067 1663//2067 1666//2067
f 1666//2068 1663//2068 1515//2068
f 1666//2069 1515//2069 1519//2069
f 1519//2070 1515//2070 1257//2070
f 1519//2071 1257//2071 1271//2071
f 1271//2072 1257//2072 1187//2072
f 1271//2073 1187//2073 1199//2073
f 1199//2074 1187//2074 1186//2074
f 1199//2075 1186//2075 1198//2075
f 1198//2076 1186//2076 1185//2076
f 1198//2077 1185//2077 1197//2077
f 1197//2078 1185//2078 1255//2078
f 1197//2079 1255//2079 1270//2079
f 1270//2080 1255//2080 1339//2080
f 1270//2081 1339//2081 1346//2081
f 1346//2082 1339//2082 1338//2082
f 1346//2083 1338//2083 1345//2083
f 1345//2084 1338//2084 1337//2084
f 1345//2085 1337//2085 1344//2085
f 1127//2086 1126//2086 1118//2086
f 1118//2087 1126//2087 1117//2087
f 1127//2088 1118//2088 1047//2088
f 1127//2089 1047//2089 1056//2089
f 1056//2090 1047//2090 1057//2090
f 1057//2091 1047//2091 1048//2091
f 1057//2092 1048//2092 960//2092
f 960//2093 1048//2093 955//2093
f 960//2094 955//2094 894//2094
f 960//2095 894//2095 901//2095
f 901//2096 894//2096 893//2096
f 901//2097 893//2097 900//2097
f 899//2098 900//2098 892//2098
f 892//2099 900//2099 893//2099
f 899//2100 892//2100 891//2100
f 899//2101 891//2101 898//2101
f 898//2102 891//2102 959//2102
f 959//2103 891//2103 954//2103
f 959//2104 954//2104 1046//2104
f 959//2105 1046//2105 1055//2105
f 1055//2106 1046//2106 1116//2106
f 1055//2107 1116//2107 1125//2107
f 1125//2108 1116//2108 1117//2108
f 1125//2109 1117//2109 1126//2109
f 1124//2110 1123//2110 1115//2110
f 1115//2111 1123//2111 1114//2111
f 1124//2112 1115//2112 1045//2112
f 1124//2113 1045//2113 1054//2113
f 1054//2114 1045//2114 958//2114
f 958//2115 1045//2115 951//2115
f 958//2116 951//2116 888//2116
f 958//2117 888//2117 897//2117
f 897//2118 888//2118 887//2118
f 897//2119 887//2119 896//2119
f 895//2120 896//2120 886//2120
f 886//2121 896//2121 887//2121
f 895//2122 886//2122 957//2122
f 957//2123 886//2123 950//2123
f 957//2124 950//2124 1044//2124
f 957//2125 1044//2125 1053//2125
f 1053//2126 1044//2126 1113//2126
f 1053//2127 1113//2127 1122//2127
f 1122//2128 1113//2128 1114//2128
f 1122//2129 1114//2129 1123//2129
f 2032//2130 2031//2130 2023//2130
f 2023//2131 2031//2131 2022//2131
f 2032//2132 2023//2132 1984//2132
f 2032//2133 1984//2133 1988//2133
f 1988//2134 1984//2134 1942//2134
f 1988//2135 1942//2135 1951//2135
f 1951//2136 1942//2136 1892//2136
f 1951//2137 1892//2137 1902//2137
f 1902//2138 1892//2138 1891//2138
f 1902//2139 1891//2139 1901//2139
f 1900//2140 1901//2140 1890//2140
f 1890//2141 1901//2141 1891//2141
f 1900//2142 1890//2142 1950//2142
f 1950//2143 1890//2143 1941//2143
f 1950//2144 1941//2144 1949//2144
f 1949//2145 1941//2145 1983//2145
f 1949//2146 1983//2146 1987//2146
f 1987//2147 1983//2147 2021//2147
f 1987//2148 2021//2148 2030//2148
f 2030//2149 2021//2149 2022//2149
f 2030//2150 2022//2150 2031//2150
f 2037//2151 2036//2151 2028//2151
f 2028//2152 2036//2152 2027//2152
f 2037//2153 2028//2153 1986//2153
f 2037//2154 1986//2154 1992//2154
f 1992//2155 1986//2155 1947//2155
f 1992//2156 1947//2156 1955//2156
f 1955//2157 1947//2157 1946//2157
f 1955//2158 1946//2158 1954//2158
f 1954//2159 1946//2159 1898//2159
f 1954//2160 1898//2160 1909//2160
f 1909//2161 1898//2161 1897//2161
f 1909//2162 1897//2162 1908//2162
f 1907//2163 1908//2163 1896//2163
f 1896//2164 1908//2164 1897//2164
f 1907//2165 1896//2165 1895//2165
f 1907//2166 1895//2166 1906//2166
f 1906//2167 1895//2167 1953//2167
f 1953//2168 1895//2168 1945//2168
f 1953//2169 1945//2169 1985//2169
f 1953//2170 1985//2170 1991//2170
f 1991//2171 1985//2171 2026//2171
f 1991//2172 2026//2172 2035//2172
f 2035//2173 2026//2173 2027//2173
f 2035//2174 2027//2174 2036//2174
f 2207//2175 2200//2175 2129//2175
f 2129//2176 2200//2176 2173//2176
f 2173//2177 2151//2177 2129//2177
f 2129//2178 2151//2178 2150//2178
f 2129//2179 2150//2179 2105//2179
f 2347//2180 2394//2180 2393//2180
f 2443//2181 2442//2181 2389//2181
f 2150//2182 2149//2182 2105//2182
f 1701//2183 2153//2183 1928//2183
f 1935//2184 2156//2184 1713//2184
f 2402//2185 2452//2185 2451//2185
f 2110//2186 2310//2186 2160//2186
f 2160//2187 2310//2187 2401//2187
f 2308//2188 2159//2188 2401//2188
f 2401//2189 2159//2189 2160//2189
f 2308//2190 2269//2190 2159//2190
f 2159//2191 2269//2191 1935//2191
f 2230//2192 2156//2192 2231//2192
f 2231//2193 2156//2193 1935//2193
f 2231//2194 1935//2194 2269//2194
f 2230//2195 2268//2195 2156//2195
f 2156//2196 2268//2196 2267//2196
f 2156//2197 2267//2197 2397//2197
f 2397//2198 2267//2198 2307//2198
f 2397//2199 2307//2199 2351//2199
f 2397//2200 2351//2200 2352//2200
f 2397//2201 2352//2201 2401//2201
f 2401//2202 2352//2202 2308//2202
f 1676//2203 1650//2203 1543//2203
f 2014//2204 2015//2204 2156//2204
f 1710//2205 1711//2205 1882//2205
f 1882//2206 1711//2206 1883//2206
f 2015//2207 1980//2207 2156//2207
f 2156//2208 1980//2208 1934//2208
f 2156//2209 1934//2209 1713//2209
f 1713//2210 1934//2210 1933//2210
f 1713//2211 1933//2211 1884//2211
f 1543//2212 1713//2212 1676//2212
f 1676//2213 1713//2213 1884//2213
f 1676//2214 1884//2214 1711//2214
f 1711//2215 1884//2215 1883//2215
f 1710//2216 1882//2216 1749//2216
f 1749//2217 1882//2217 1881//2217
f 1749//2218 1881//2218 1786//2218
f 2013//2219 2154//2219 1979//2219
f 1979//2220 2154//2220 1978//2220
f 1979//2221 1978//2221 1931//2221
f 1931//2222 1978//2222 1880//2222
f 1931//2223 1880//2223 1881//2223
f 1881//2224 1880//2224 1786//2224
f 476//2225 757//2225 756//2225
f 476//2226 756//2226 429//2226
f 429//2227 756//2227 428//2227
f 999//2228 1167//2228 998//2228
f 998//2229 1167//2229 1166//2229
f 1543//2230 1650//2230 1576//2230
f 1543//2231 1576//2231 1304//2231
f 1304//2232 1576//2232 1488//2232
f 1304//2233 1488//2233 1004//2233
f 1004//2234 1488//2234 1301//2234
f 1004//2235 1301//2235 1225//2235
f 1004//2236 1225//2236 1167//2236
f 1004//2237 1167//2237 999//2237
f 1004//2238 999//2238 759//2238
f 759//2239 999//2239 930//2239
f 759//2240 930//2240 629//2240
f 930//2241 872//2241 629//2241
f 629//2242 872//2242 871//2242
f 629//2243 871//2243 476//2243
f 1165//2244 1095//2244 1166//2244
f 1166//2245 1095//2245 1096//2245
f 1166//2246 1096//2246 998//2246
f 867//2247 815//2247 869//2247
f 869//2248 815//2248 757//2248
f 869//2249 757//2249 870//2249
f 870//2250 757//2250 476//2250
f 870//2251 476//2251 871//2251
f 867//2252 869//2252 926//2252
f 926//2253 869//2253 928//2253
f 926//2254 928//2254 994//2254
f 994//2255 928//2255 997//2255
f 994//2256 997//2256 1092//2256
f 1300//2257 1299//2257 1298//2257
f 1165//2258 1224//2258 1095//2258
f 1224//2259 1300//2259 1095//2259
f 1095//2260 1300//2260 1298//2260
f 1095//2261 1298//2261 1094//2261
f 1094//2262 1298//2262 1222//2262
f 1094//2263 1222//2263 1163//2263
f 1094//2264 1163//2264 997//2264
f 997//2265 1163//2265 1093//2265
f 997//2266 1093//2266 1092//2266
f 806//2267 1160//2267 1159//2267
f 806//2268 1159//2268 975//2268
f 975//2269 1159//2269 1358//2269
f 756//2270 687//2270 428//2270
f 428//2271 687//2271 686//2271
f 428//2272 686//2272 427//2272
f 921//2273 861//2273 809//2273
f 686//2274 750//2274 427//2274
f 427//2275 750//2275 749//2275
f 427//2276 749//2276 475//2276
f 475//2277 749//2277 619//2277
f 619//2278 749//2278 809//2278
f 619//2279 809//2279 861//2279
f 1218//2280 1160//2280 980//2280
f 809//2281 863//2281 921//2281
f 921//2282 863//2282 982//2282
f 982//2283 863//2283 923//2283
f 861//2284 860//2284 619//2284
f 619//2285 860//2285 859//2285
f 619//2286 859//2286 806//2286
f 806//2287 859//2287 1160//2287
f 1160//2288 859//2288 920//2288
f 1160//2289 920//2289 980//2289
f 1297//2290 1296//2290 1087//2290
f 923//2291 985//2291 982//2291
f 982//2292 985//2292 1090//2292
f 982//2293 1090//2293 1162//2293
f 982//2294 1162//2294 1089//2294
f 1089//2295 1162//2295 1220//2295
f 1089//2296 1220//2296 1088//2296
f 1088//2297 1220//2297 1297//2297
f 1088//2298 1297//2298 1087//2298
f 1218//2299 980//2299 1087//2299
f 1218//2300 1087//2300 1294//2300
f 1294//2301 1087//2301 1296//2301
f 1294//2302 1296//2302 1295//2302
f 1569//2303 1531//2303 1358//2303
f 1358//2304 1531//2304 1290//2304
f 1358//2305 1290//2305 975//2305
f 1531//2306 1569//2306 1647//2306
f 1531//2307 1647//2307 1701//2307
f 1701//2308 1647//2308 1672//2308
f 1704//2309 1878//2309 1672//2309
f 1672//2310 1878//2310 1877//2310
f 1672//2311 1877//2311 1701//2311
f 1701//2312 1877//2312 1876//2312
f 1879//2313 1930//2313 1842//2313
f 1842//2314 1930//2314 1878//2314
f 1842//2315 1878//2315 1746//2315
f 1878//2316 1704//2316 1705//2316
f 1878//2317 1705//2317 1745//2317
f 1878//2318 1745//2318 1746//2318
f 1876//2319 1929//2319 1701//2319
f 1701//2320 1929//2320 1975//2320
f 1701//2321 1975//2321 2153//2321
f 2153//2322 1975//2322 2010//2322
f 2264//2323 2011//2323 2012//2323
f 2264//2324 2012//2324 2068//2324
f 2068//2325 2012//2325 1976//2325
f 2068//2326 1976//2326 1879//2326
f 1879//2327 1976//2327 1930//2327
f 2149//2328 2150//2328 2301//2328
f 2263//2329 2153//2329 2304//2329
f 2304//2330 2153//2330 2393//2330
f 2304//2331 2393//2331 2303//2331
f 1928//2332 2226//2332 2151//2332
f 2151//2333 2226//2333 2262//2333
f 2344//2334 2389//2334 2302//2334
f 2302//2335 2389//2335 2343//2335
f 2302//2336 2343//2336 2262//2336
f 2262//2337 2343//2337 2301//2337
f 2262//2338 2301//2338 2151//2338
f 2151//2339 2301//2339 2150//2339
f 2153//2340 2263//2340 2227//2340
f 2153//2341 2227//2341 1928//2341
f 1928//2342 2227//2342 2226//2342
f 2393//2343 2345//2343 2346//2343
f 2393//2344 2346//2344 2303//2344
f 2443//2345 2389//2345 2445//2345
f 2344//2346 2345//2346 2389//2346
f 2389//2347 2345//2347 2393//2347
f 2389//2348 2393//2348 2445//2348
f 2445//2349 2393//2349 2394//2349
f 2445//2350 2394//2350 2446//2350
f 2010//2351 2011//2351 2153//2351
f 2153//2352 2011//2352 2264//2352
f 2153//2353 2264//2353 2393//2353
f 2393//2354 2264//2354 2347//2354
f 2013//2355 2014//2355 2154//2355
f 2154//2356 2014//2356 2156//2356
f 2154//2357 2156//2357 2349//2357
f 2349//2358 2156//2358 2397//2358
f 2349//2359 2397//2359 2395//2359
f 2448//2360 2395//2360 2449//2360
f 2449//2361 2395//2361 2397//2361
f 2449//2362 2397//2362 2451//2362
f 2451//2363 2397//2363 2401//2363
f 2451//2364 2401//2364 2402//2364
f 2402//2365 2401//2365 2310//2365
f 2402//2366 2310//2366 2353//2366
f 2134//2367 2110//2367 2160//2367
f 2205//2368 2212//2368 2180//2368
f 2180//2369 2212//2369 2134//2369
f 2134//2370 2160//2370 2180//2370
f 2180//2371 2160//2371 2159//2371
f 605//2372 324//2372 615//2372
f 615//2373 324//2373 332//2373
f 615//2374 332//2374 331//2374
f 615//2375 331//2375 614//2375
f 435//2376 434//2376 272//2376
f 603//2377 321//2377 599//2377
f 599//2378 321//2378 311//2378
f 299//2379 664//2379 311//2379
f 311//2380 664//2380 669//2380
f 311//2381 669//2381 599//2381
f 648//2382 652//2382 297//2382
f 297//2383 652//2383 656//2383
f 297//2384 656//2384 299//2384
f 299//2385 656//2385 661//2385
f 299//2386 661//2386 664//2386
f 648//2387 297//2387 645//2387
f 645//2388 297//2388 295//2388
f 645//2389 295//2389 639//2389
f 293//2390 569//2390 573//2390
f 293//2391 573//2391 295//2391
f 295//2392 573//2392 639//2392
f 282//2393 492//2393 287//2393
f 287//2394 492//2394 496//2394
f 496//2395 500//2395 287//2395
f 287//2396 500//2396 560//2396
f 287//2397 560//2397 293//2397
f 293//2398 560//2398 564//2398
f 293//2399 564//2399 569//2399
f 272//2400 434//2400 277//2400
f 277//2401 434//2401 433//2401
f 277//2402 433//2402 446//2402
f 446//2403 445//2403 277//2403
f 277//2404 445//2404 282//2404
f 282//2405 445//2405 451//2405
f 282//2406 451//2406 492//2406
f 435//2407 272//2407 436//2407
f 436//2408 272//2408 275//2408
f 436//2409 275//2409 437//2409
f 437//2410 275//2410 438//2410
f 438//2411 275//2411 439//2411
f 439//2412 275//2412 276//2412
f 439//2413 276//2413 440//2413
f 448//2414 447//2414 280//2414
f 280//2415 447//2415 276//2415
f 276//2416 447//2416 441//2416
f 276//2417 441//2417 440//2417
f 448//2418 280//2418 452//2418
f 452//2419 280//2419 285//2419
f 452//2420 285//2420 489//2420
f 290//2421 562//2421 561//2421
f 561//2422 497//2422 290//2422
f 290//2423 497//2423 285//2423
f 285//2424 497//2424 493//2424
f 285//2425 493//2425 489//2425
f 562//2426 290//2426 565//2426
f 565//2427 290//2427 294//2427
f 565//2428 294//2428 567//2428
f 640//2429 638//2429 296//2429
f 296//2430 638//2430 574//2430
f 296//2431 574//2431 294//2431
f 294//2432 574//2432 570//2432
f 294//2433 570//2433 567//2433
f 298//2434 653//2434 649//2434
f 298//2435 649//2435 296//2435
f 296//2436 649//2436 642//2436
f 296//2437 642//2437 640//2437
f 653//2438 298//2438 659//2438
f 659//2439 298//2439 300//2439
f 659//2440 300//2440 662//2440
f 316//2441 670//2441 665//2441
f 316//2442 665//2442 300//2442
f 300//2443 665//2443 662//2443
f 670//2444 316//2444 600//2444
f 600//2445 316//2445 324//2445
f 600//2446 324//2446 605//2446
f 609//2447 326//2447 608//2447
f 608//2448 326//2448 325//2448
f 608//2449 325//2449 321//2449
f 608//2450 321//2450 603//2450
f 1985//2451 1945//2451 2025//2451
f 1044//2452 950//2452 1040//2452
f 331//2453 326//2453 614//2453
f 614//2454 326//2454 609//2454
f 1040//2455 950//2455 832//2455
f 792//2456 675//2456 1186//2456
f 891//2457 614//2457 954//2457
f 954//2458 614//2458 609//2458
f 954//2459 609//2459 672//2459
f 1118//2460 1252//2460 1253//2460
f 1727//2461 1689//2461 1892//2461
f 1248//2462 1249//2462 1113//2462
f 2025//2463 1945//2463 1894//2463
f 1894//2464 1945//2464 1895//2464
f 1940//2465 1689//2465 1724//2465
f 1724//2466 1689//2466 1662//2466
f 1724//2467 1662//2467 1551//2467
f 1250//2468 1114//2468 1249//2468
f 1249//2469 1114//2469 1113//2469
f 1897//2470 1898//2470 1948//2470
f 1940//2471 1890//2471 1689//2471
f 1689//2472 1890//2472 1891//2472
f 1689//2473 1891//2473 1892//2473
f 2173//2474 1983//2474 1940//2474
f 1940//2475 1983//2475 1941//2475
f 1940//2476 1941//2476 1890//2476
f 2205//2477 2027//2477 2204//2477
f 2204//2478 2027//2478 2026//2478
f 2204//2479 2026//2479 2203//2479
f 1985//2480 2025//2480 2026//2480
f 2026//2481 2025//2481 2178//2481
f 2026//2482 2178//2482 2203//2482
f 2201//2483 2022//2483 2200//2483
f 2200//2484 2022//2484 2173//2484
f 2173//2485 2022//2485 2021//2485
f 2173//2486 2021//2486 1983//2486
f 888//2487 951//2487 1251//2487
f 1251//2488 951//2488 1045//2488
f 1251//2489 1045//2489 1336//2489
f 1118//2490 1253//2490 1254//2490
f 1118//2491 1254//2491 1047//2491
f 1047//2492 1254//2492 1337//2492
f 1730//2493 1896//2493 1897//2493
f 1730//2494 1897//2494 1948//2494
f 1730//2495 1948//2495 1690//2495
f 1690//2496 1948//2496 1733//2496
f 1690//2497 1733//2497 1663//2497
f 1663//2498 1733//2498 1553//2498
f 1663//2499 1553//2499 1515//2499
f 1898//2500 1946//2500 1948//2500
f 1948//2501 1946//2501 1947//2501
f 1948//2502 1947//2502 2180//2502
f 2180//2503 1947//2503 1986//2503
f 2180//2504 1986//2504 2205//2504
f 2205//2505 1986//2505 2028//2505
f 2205//2506 2028//2506 2027//2506
f 2201//2507 2202//2507 2022//2507
f 2022//2508 2202//2508 2175//2508
f 2022//2509 2175//2509 2023//2509
f 2023//2510 2175//2510 1984//2510
f 1984//2511 2175//2511 2024//2511
f 1984//2512 2024//2512 1942//2512
f 1551//2513 1662//2513 1633//2513
f 1551//2514 1633//2514 1332//2514
f 1332//2515 1633//2515 1456//2515
f 1332//2516 1456//2516 1040//2516
f 1040//2517 1456//2517 1247//2517
f 1040//2518 1247//2518 1248//2518
f 1040//2519 1248//2519 1044//2519
f 1044//2520 1248//2520 1113//2520
f 950//2521 886//2521 832//2521
f 832//2522 886//2522 887//2522
f 891//2523 892//2523 614//2523
f 614//2524 892//2524 893//2524
f 614//2525 893//2525 675//2525
f 675//2526 893//2526 894//2526
f 675//2527 894//2527 1186//2527
f 1186//2528 894//2528 955//2528
f 1186//2529 955//2529 1048//2529
f 1047//2530 1255//2530 1048//2530
f 1048//2531 1255//2531 1185//2531
f 1048//2532 1185//2532 1186//2532
f 1186//2533 1187//2533 792//2533
f 792//2534 1187//2534 1052//2534
f 1052//2535 1187//2535 1257//2535
f 1052//2536 1257//2536 1515//2536
f 1052//2537 1515//2537 1341//2537
f 1341//2538 1515//2538 1553//2538
f 1730//2539 1729//2539 1896//2539
f 1896//2540 1729//2540 1767//2540
f 1896//2541 1767//2541 1895//2541
f 1895//2542 1767//2542 1813//2542
f 1895//2543 1813//2543 1894//2543
f 1766//2544 1765//2544 1892//2544
f 1892//2545 1765//2545 1728//2545
f 1892//2546 1728//2546 1727//2546
f 1942//2547 2024//2547 1893//2547
f 1942//2548 1893//2548 1892//2548
f 1892//2549 1893//2549 1848//2549
f 1892//2550 1848//2550 1766//2550
f 672//2551 832//2551 954//2551
f 954//2552 832//2552 887//2552
f 954//2553 887//2553 1046//2553
f 1046//2554 887//2554 888//2554
f 1046//2555 888//2555 1116//2555
f 1116//2556 888//2556 1251//2556
f 1116//2557 1251//2557 1252//2557
f 1116//2558 1252//2558 1117//2558
f 1117//2559 1252//2559 1118//2559
f 1114//2560 1250//2560 1596//2560
f 1114//2561 1596//2561 1634//2561
f 1634//2562 1635//2562 1114//2562
f 1114//2563 1635//2563 1597//2563
f 1114//2564 1597//2564 1115//2564
f 1115//2565 1597//2565 1552//2565
f 1115//2566 1552//2566 1045//2566
f 1045//2567 1552//2567 1459//2567
f 1045//2568 1459//2568 1460//2568
f 1045//2569 1460//2569 1336//2569
f 1337//2570 1338//2570 1047//2570
f 1047//2571 1338//2571 1339//2571
f 1047//2572 1339//2572 1255//2572
f 1513//2573 1514//2573 1462//2573
f 1460//2574 1461//2574 1336//2574
f 1336//2575 1461//2575 1513//2575
f 1336//2576 1513//2576 1398//2576
f 1398//2577 1513//2577 1462//2577
f 562//2578 565//2578 629//2578
f 565//2579 567//2579 629//2579
f 629//2580 567//2580 570//2580
f 629//2581 570//2581 574//2581
f 574//2582 638//2582 629//2582
f 629//2583 638//2583 640//2583
f 629//2584 640//2584 642//2584
f 642//2585 649//2585 629//2585
f 629//2586 649//2586 653//2586
f 659//2587 662//2587 675//2587
f 675//2588 662//2588 665//2588
f 675//2589 665//2589 670//2589
f 670//2590 600//2590 675//2590
f 675//2591 600//2591 605//2591
f 675//2592 605//2592 615//2592
f 675//2593 615//2593 614//2593
f 448//2594 476//2594 447//2594
f 447//2595 476//2595 429//2595
f 448//2596 452//2596 476//2596
f 476//2597 452//2597 489//2597
f 476//2598 489//2598 493//2598
f 493//2599 497//2599 476//2599
f 476//2600 497//2600 629//2600
f 629//2601 497//2601 561//2601
f 629//2602 561//2602 562//2602
f 428//2603 437//2603 438//2603
f 440//2604 441//2604 429//2604
f 429//2605 441//2605 447//2605
f 428//2606 438//2606 429//2606
f 429//2607 438//2607 439//2607
f 429//2608 439//2608 440//2608
f 433//2609 434//2609 427//2609
f 427//2610 434//2610 435//2610
f 427//2611 435//2611 428//2611
f 428//2612 435//2612 436//2612
f 428//2613 436//2613 437//2613
f 496//2614 492//2614 475//2614
f 475//2615 492//2615 451//2615
f 451//2616 445//2616 475//2616
f 475//2617 445//2617 427//2617
f 427//2618 445//2618 446//2618
f 427//2619 446//2619 433//2619
f 609//2620 608//2620 672//2620
f 608//2621 603//2621 672//2621
f 672//2622 603//2622 599//2622
f 672//2623 599//2623 669//2623
f 669//2624 664//2624 672//2624
f 672//2625 664//2625 661//2625
f 672//2626 661//2626 656//2626
f 656//2627 652//2627 619//2627
f 619//2628 652//2628 648//2628
f 619//2629 648//2629 645//2629
f 645//2630 639//2630 619//2630
f 619//2631 639//2631 573//2631
f 573//2632 569//2632 619//2632
f 619//2633 569//2633 564//2633
f 564//2634 560//2634 619//2634
f 619//2635 560//2635 500//2635
f 619//2636 500//2636 475//2636
f 475//2637 500//2637 496//2637
f 2180//2638 2159//2638 1935//2638
f 2180//2639 1935//2639 1948//2639
f 1948//2640 1935//2640 1713//2640
f 1948//2641 1713//2641 1733//2641
f 1733//2642 1713//2642 1543//2642
f 1733//2643 1543//2643 1553//2643
f 1553//2644 1543//2644 1304//2644
f 1553//2645 1304//2645 1341//2645
f 1341//2646 1304//2646 1004//2646
f 1341//2647 1004//2647 1052//2647
f 1052//2648 1004//2648 759//2648
f 1052//2649 759//2649 792//2649
f 792//2650 759//2650 629//2650
f 792//2651 629//2651 675//2651
f 675//2652 629//2652 653//2652
f 675//2653 653//2653 659//2653
f 656//2654 619//2654 672//2654
f 672//2655 619//2655 806//2655
f 672//2656 806//2656 832//2656
f 832//2657 806//2657 975//2657
f 832//2658 975//2658 1040//2658
f 1040//2659 975//2659 1290//2659
f 1040//2660 1290//2660 1332//2660
f 1332//2661 1290//2661 1531//2661
f 1332//2662 1531//2662 1551//2662
f 1551//2663 1531//2663 1701//2663
f 1551//2664 1701//2664 1724//2664
f 1724//2665 1701//2665 1928//2665
f 1724//2666 1928//2666 1940//2666
f 1940//2667 1928//2667 2151//2667
f 1940//2668 2151//2668 2173//2668
f 3452//2669 3461//2669 3352//2669
f 3352//2670 3461//2670 3361//2670
f 3361//2671 3369//2671 3362//2671
f 3361//2672 3362//2672 3352//2672
f 3452//2673 3460//2673 3461//2673
f 3361//2674 3461//2674 3474//2674
f 3361//2675 3474//2675 3369//2675
f 3368//2676 3376//2676 3369//2676
f 3368//2677 3369//2677 3473//2677
f 3473//2678 3369//2678 3474//2678
f 3473//2679 3474//2679 3460//2679
f 3460//2680 3474//2680 3461//2680
f 3241//2681 2985//2681 3091//2681
f 2904//2682 3001//2682 2985//2682
f 2985//2683 3001//2683 3054//2683
f 2985//2684 3054//2684 3091//2684
f 2841//2685 2857//2685 2935//2685
f 3091//2686 3122//2686 3241//2686
f 3241//2687 3122//2687 3142//2687
f 3241//2688 3142//2688 3151//2688
f 2935//2689 2930//2689 2841//2689
f 2841//2690 2930//2690 2927//2690
f 2841//2691 2927//2691 3001//2691
f 2841//2692 3001//2692 2837//2692
f 2837//2693 3001//2693 2904//2693
f 3217//2694 3279//2694 3205//2694
f 3205//2695 3279//2695 3241//2695
f 3205//2696 3241//2696 3201//2696
f 3201//2697 3241//2697 3151//2697
f 3241//2698 3240//2698 2985//2698
f 2985//2699 3240//2699 2903//2699
f 2985//2700 2903//2700 2904//2700
f 2904//2701 2903//2701 2836//2701
f 2904//2702 2836//2702 2837//2702
f 2837//2703 2836//2703 2840//2703
f 2837//2704 2840//2704 2841//2704
f 2841//2705 2840//2705 2857//2705
f 2857//2706 2840//2706 2856//2706
f 3241//2707 3279//2707 3240//2707
f 3240//2708 3279//2708 3278//2708
f 2930//2709 2935//2709 2931//2709
f 2931//2710 2935//2710 2936//2710
f 3201//2711 3151//2711 3152//2711
f 3152//2712 3151//2712 3142//2712
f 3152//2713 3142//2713 3143//2713
f 3143//2714 3142//2714 3122//2714
f 3143//2715 3122//2715 3123//2715
f 3123//2716 3122//2716 3091//2716
f 3054//2717 3001//2717 3002//2717
f 3002//2718 3001//2718 2927//2718
f 3002//2719 2927//2719 2928//2719
f 2928//2720 2927//2720 2930//2720
f 2928//2721 2930//2721 2931//2721
f 3240//2722 3278//2722 3216//2722
f 2840//2723 2836//2723 2903//2723
f 3000//2724 2840//2724 2903//2724
f 3000//2725 2903//2725 2997//2725
f 2997//2726 2903//2726 3053//2726
f 3053//2727 2903//2727 3240//2727
f 3053//2728 3240//2728 3090//2728
f 2934//2729 2856//2729 2929//2729
f 2929//2730 2856//2730 2840//2730
f 2929//2731 2840//2731 2926//2731
f 2926//2732 2840//2732 3000//2732
f 3240//2733 3150//2733 3121//2733
f 3240//2734 3121//2734 3090//2734
f 3216//2735 3204//2735 3240//2735
f 3240//2736 3204//2736 3158//2736
f 3240//2737 3158//2737 3150//2737
f 3241//2738 3242//2738 3333//2738
f 3241//2739 3279//2739 3217//2739
f 2841//2740 2837//2740 2905//2740
f 3002//2741 2841//2741 2905//2741
f 3002//2742 2905//2742 3054//2742
f 3054//2743 2905//2743 2986//2743
f 3054//2744 2986//2744 3091//2744
f 3091//2745 2986//2745 3241//2745
f 3091//2746 3241//2746 3123//2746
f 2936//2747 2857//2747 2931//2747
f 2931//2748 2857//2748 2841//2748
f 2931//2749 2841//2749 2928//2749
f 2928//2750 2841//2750 3002//2750
f 3241//2751 3152//2751 3143//2751
f 3241//2752 3143//2752 3123//2752
f 3217//2753 3205//2753 3241//2753
f 3241//2754 3201//2754 3152//2754
f 3204//2755 3203//2755 3157//2755
f 3204//2756 3157//2756 3158//2756
f 3158//2757 3157//2757 3149//2757
f 3158//2758 3149//2758 3150//2758
f 3150//2759 3149//2759 3121//2759
f 3090//2760 3052//2760 3053//2760
f 3053//2761 3052//2761 2996//2761
f 3053//2762 2996//2762 2997//2762
f 2997//2763 2996//2763 2920//2763
f 2997//2764 2920//2764 3000//2764
f 3000//2765 2920//2765 2926//2765
f 3204//2766 3216//2766 3203//2766
f 3203//2767 3216//2767 3215//2767
f 2987//2768 2986//2768 2905//2768
f 2987//2769 2905//2769 2906//2769
f 2906//2770 2905//2770 2837//2770
f 2906//2771 2837//2771 2912//2771
f 2912//2772 2837//2772 2841//2772
f 2912//2773 2841//2773 2842//2773
f 2842//2774 2841//2774 2858//2774
f 2858//2775 2841//2775 2857//2775
f 3333//2776 3388//2776 3241//2776
f 3241//2777 3388//2777 3279//2777
f 3242//2778 3241//2778 2987//2778
f 2987//2779 3241//2779 2986//2779
f 3186//2780 2903//2780 3052//2780
f 2834//2781 2920//2781 2903//2781
f 2903//2782 2920//2782 2996//2782
f 2903//2783 2996//2783 3052//2783
f 2839//2784 2855//2784 2934//2784
f 3052//2785 3090//2785 3186//2785
f 3186//2786 3090//2786 3121//2786
f 3186//2787 3121//2787 3149//2787
f 2934//2788 2929//2788 2839//2788
f 2839//2789 2929//2789 2926//2789
f 2839//2790 2926//2790 2920//2790
f 2839//2791 2920//2791 2836//2791
f 2836//2792 2920//2792 2834//2792
f 3215//2793 3278//2793 3203//2793
f 3203//2794 3278//2794 3240//2794
f 3203//2795 3240//2795 3157//2795
f 3157//2796 3240//2796 3149//2796
f 3240//2797 3186//2797 3149//2797
f 3185//2798 3186//2798 3240//2798
f 3242//2799 2987//2799 3092//2799
f 2906//2800 3003//2800 2987//2800
f 2987//2801 3003//2801 3055//2801
f 2987//2802 3055//2802 3092//2802
f 2842//2803 2858//2803 3013//2803
f 3092//2804 3124//2804 3242//2804
f 3242//2805 3124//2805 3144//2805
f 3242//2806 3144//2806 3196//2806
f 3013//2807 3008//2807 2842//2807
f 2842//2808 3008//2808 3006//2808
f 2842//2809 3006//2809 3003//2809
f 2842//2810 3003//2810 2912//2810
f 2912//2811 3003//2811 2906//2811
f 3218//2812 3388//2812 3206//2812
f 3206//2813 3388//2813 3333//2813
f 3206//2814 3333//2814 3202//2814
f 3202//2815 3333//2815 3196//2815
f 3333//2816 3242//2816 3196//2816
f 3186//2817 3185//2817 2903//2817
f 2903//2818 3185//2818 2902//2818
f 2903//2819 2902//2819 2833//2819
f 2903//2820 2833//2820 2834//2820
f 2834//2821 2833//2821 2835//2821
f 2834//2822 2835//2822 2836//2822
f 2836//2823 2835//2823 2795//2823
f 2836//2824 2795//2824 2839//2824
f 2839//2825 2795//2825 2855//2825
f 2855//2826 2795//2826 2800//2826
f 3240//2827 3278//2827 3185//2827
f 3185//2828 3278//2828 3214//2828
f 3207//2829 3206//2829 3202//2829
f 3144//2830 3124//2830 3125//2830
f 3125//2831 3124//2831 3092//2831
f 3125//2832 3092//2832 3093//2832
f 3093//2833 3092//2833 3055//2833
f 3207//2834 3219//2834 3206//2834
f 3206//2835 3219//2835 3218//2835
f 3185//2836 3214//2836 3169//2836
f 2795//2837 2835//2837 2833//2837
f 2919//2838 2795//2838 2833//2838
f 2919//2839 2833//2839 2995//2839
f 2995//2840 2833//2840 2902//2840
f 2995//2841 2902//2841 3051//2841
f 3051//2842 2902//2842 3185//2842
f 3051//2843 3185//2843 3089//2843
f 2854//2844 2800//2844 2851//2844
f 2851//2845 2800//2845 2795//2845
f 2851//2846 2795//2846 2925//2846
f 2925//2847 2795//2847 2919//2847
f 3185//2848 3148//2848 3120//2848
f 3185//2849 3120//2849 3089//2849
f 3169//2850 3161//2850 3185//2850
f 3185//2851 3161//2851 3156//2851
f 3185//2852 3156//2852 3148//2852
f 3243//2853 3335//2853 3334//2853
f 3334//2854 3389//2854 3219//2854
f 2843//2855 2913//2855 2907//2855
f 3003//2856 2843//2856 2907//2856
f 3003//2857 2907//2857 3055//2857
f 3055//2858 2907//2858 2987//2858
f 3055//2859 2987//2859 3093//2859
f 3093//2860 2987//2860 3243//2860
f 3093//2861 3243//2861 3125//2861
f 3013//2862 2859//2862 3008//2862
f 3008//2863 2859//2863 2843//2863
f 3008//2864 2843//2864 3006//2864
f 3006//2865 2843//2865 3003//2865
f 3334//2866 3196//2866 3243//2866
f 3243//2867 3196//2867 3144//2867
f 3243//2868 3144//2868 3125//2868
f 3219//2869 3207//2869 3334//2869
f 3334//2870 3207//2870 3202//2870
f 3334//2871 3202//2871 3196//2871
f 2850//2872 2853//2872 2851//2872
f 2851//2873 2853//2873 2854//2873
f 3156//2874 3131//2874 3148//2874
f 3148//2875 3131//2875 3120//2875
f 3120//2876 3088//2876 3089//2876
f 3089//2877 3088//2877 3050//2877
f 3089//2878 3050//2878 3051//2878
f 3051//2879 3050//2879 2995//2879
f 2919//2880 2848//2880 2925//2880
f 2925//2881 2848//2881 2850//2881
f 2925//2882 2850//2882 2851//2882
f 2988//2883 2987//2883 2907//2883
f 2988//2884 2907//2884 2989//2884
f 2989//2885 2907//2885 2913//2885
f 2989//2886 2913//2886 2914//2886
f 2914//2887 2913//2887 2843//2887
f 2914//2888 2843//2888 2921//2888
f 2921//2889 2843//2889 2937//2889
f 2937//2890 2843//2890 2859//2890
f 3335//2891 3390//2891 3334//2891
f 3334//2892 3390//2892 3389//2892
f 3335//2893 3243//2893 2988//2893
f 2988//2894 3243//2894 2987//2894
f 3184//2895 2901//2895 3050//2895
f 2832//2896 2919//2896 2901//2896
f 2901//2897 2919//2897 2995//2897
f 2901//2898 2995//2898 3050//2898
f 2794//2899 2799//2899 2853//2899
f 3050//2900 3088//2900 3184//2900
f 3184//2901 3088//2901 3120//2901
f 3184//2902 3120//2902 3131//2902
f 2853//2903 2850//2903 2794//2903
f 2794//2904 2850//2904 2848//2904
f 2794//2905 2848//2905 2919//2905
f 2794//2906 2919//2906 2792//2906
f 2792//2907 2919//2907 2832//2907
f 3169//2908 3213//2908 3161//2908
f 3161//2909 3213//2909 3184//2909
f 3161//2910 3184//2910 3156//2910
f 3156//2911 3184//2911 3131//2911
f 3335//2912 2988//2912 3126//2912
f 2989//2913 3057//2913 2988//2913
f 2988//2914 3057//2914 3094//2914
f 2988//2915 3094//2915 3126//2915
f 2921//2916 2937//2916 3014//2916
f 3126//2917 3145//2917 3335//2917
f 3335//2918 3145//2918 3190//2918
f 3335//2919 3190//2919 3197//2919
f 3014//2920 3009//2920 2921//2920
f 2921//2921 3009//2921 3007//2921
f 2921//2922 3007//2922 3057//2922
f 2921//2923 3057//2923 2914//2923
f 2914//2924 3057//2924 2989//2924
f 3280//2925 3390//2925 3267//2925
f 3267//2926 3390//2926 3335//2926
f 3267//2927 3335//2927 3265//2927
f 3265//2928 3335//2928 3197//2928
f 3184//2929 3183//2929 2901//2929
f 2901//2930 3183//2930 2831//2930
f 2901//2931 2831//2931 2832//2931
f 2832//2932 2831//2932 2791//2932
f 2832//2933 2791//2933 2792//2933
f 2792//2934 2791//2934 2793//2934
f 2792//2935 2793//2935 2794//2935
f 2794//2936 2793//2936 2799//2936
f 2799//2937 2793//2937 2798//2937
f 3184//2938 3213//2938 3183//2938
f 3183//2939 3213//2939 3212//2939
f 3268//2940 3267//2940 3265//2940
f 3268//2941 3265//2941 3266//2941
f 3266//2942 3265//2942 3197//2942
f 3266//2943 3197//2943 3198//2943
f 3198//2944 3197//2944 3190//2944
f 3198//2945 3190//2945 3191//2945
f 3191//2946 3190//2946 3145//2946
f 3126//2947 3094//2947 3095//2947
f 3095//2948 3094//2948 3057//2948
f 3095//2949 3057//2949 3058//2949
f 3058//2950 3057//2950 3007//2950
f 3268//2951 3281//2951 3267//2951
f 3267//2952 3281//2952 3280//2952
f 3047//2953 3336//2953 3046//2953
f 3046//2954 3336//2954 3335//2954
f 3047//2955 3046//2955 2989//2955
f 3047//2956 2989//2956 2990//2956
f 2990//2957 2989//2957 2914//2957
f 2990//2958 2914//2958 2998//2958
f 2998//2959 2914//2959 2921//2959
f 2998//2960 2921//2960 3004//2960
f 3004//2961 2921//2961 2922//2961
f 2922//2962 2921//2962 2938//2962
f 2938//2963 2921//2963 2937//2963
f 3183//2964 3212//2964 3168//2964
f 2793//2965 2791//2965 2831//2965
f 2918//2966 2793//2966 2831//2966
f 2918//2967 2831//2967 2994//2967
f 2994//2968 2831//2968 3049//2968
f 3049//2969 2831//2969 3183//2969
f 3049//2970 3183//2970 3087//2970
f 2852//2971 2798//2971 2849//2971
f 2849//2972 2798//2972 2793//2972
f 2849//2973 2793//2973 2847//2973
f 2847//2974 2793//2974 2918//2974
f 3183//2975 3130//2975 3119//2975
f 3183//2976 3119//2976 3087//2976
f 3168//2977 3160//2977 3183//2977
f 3183//2978 3160//2978 3155//2978
f 3183//2979 3155//2979 3130//2979
f 3331//2980 3442//2980 3443//2980
f 3331//2981 3443//2981 3324//2981
f 3433//2982 3538//2982 3434//2982
f 3434//2983 3324//2983 3443//2983
f 3434//2984 3443//2984 3433//2984
f 3433//2985 3443//2985 3442//2985
f 3330//2986 3442//2986 3331//2986
f 3344//2987 3452//2987 3352//2987
f 2860//2988 2751//2988 2844//2988
f 2844//2989 2751//2989 2747//2989
f 4430//2990 4442//2990 4544//2990
f 4545//2991 4670//2991 4663//2991
f 4663//2992 4670//2992 4664//2992
f 4663//2993 4664//2993 4536//2993
f 4536//2994 4664//2994 4528//2994
f 4544//2995 4535//2995 4430//2995
f 4430//2996 4535//2996 4424//2996
f 4424//2997 4535//2997 4425//2997
f 4424//2998 4425//2998 4297//2998
f 4528//2999 4408//2999 4425//2999
f 4528//3000 4425//3000 4527//3000
f 4528//3001 4527//3001 4536//3001
f 4663//3002 4536//3002 4545//3002
f 4425//3003 4408//3003 4297//3003
f 4297//3004 4408//3004 4298//3004
f 4198//3005 4298//3005 4299//3005
f 4544//3006 4545//3006 4535//3006
f 4535//3007 4545//3007 4536//3007
f 4535//3008 4536//3008 4425//3008
f 4425//3009 4536//3009 4527//3009
f 4408//3010 4409//3010 4298//3010
f 4298//3011 4409//3011 4299//3011
f 3554//3012 3460//3012 3452//3012
f 3452//3013 3555//3013 3554//3013
f 3554//3014 3555//3014 3620//3014
f 3554//3015 3620//3015 3619//3015
f 3568//3016 3460//3016 3554//3016
f 3631//3017 3554//3017 3619//3017
f 3631//3018 3619//3018 3618//3018
f 3618//3019 3619//3019 3679//3019
f 3618//3020 3679//3020 3678//3020
f 3452//3021 3344//3021 3345//3021
f 3332//3022 3445//3022 3444//3022
f 3332//3023 3444//3023 3452//3023
f 3332//3024 3452//3024 3345//3024
f 3444//3025 3445//3025 3544//3025
f 3444//3026 3544//3026 3452//3026
f 3452//3027 3544//3027 3555//3027
f 3555//3028 3544//3028 3620//3028
f 4335//3029 4336//3029 4323//3029
f 4323//3030 4336//3030 4324//3030
f 4323//3031 4324//3031 4201//3031
f 4201//3032 4324//3032 4202//3032
f 4102//3033 3999//3033 4101//3033
f 4102//3034 4101//3034 4202//3034
f 3999//3035 3998//3035 4101//3035
f 4101//3036 4100//3036 4201//3036
f 4201//3037 4100//3037 4200//3037
f 4201//3038 4200//3038 4322//3038
f 4322//3039 4200//3039 4216//3039
f 4336//3040 4337//3040 4324//3040
f 4324//3041 4337//3041 4325//3041
f 4324//3042 4325//3042 4202//3042
f 4202//3043 4101//3043 4201//3043
f 4323//3044 4201//3044 4322//3044
f 4323//3045 4322//3045 4335//3045
f 4335//3046 4322//3046 4216//3046
f 4335//3047 4216//3047 4223//3047
f 2829//3048 2990//3048 2790//3048
f 2790//3049 2990//3049 2908//3049
f 2790//3050 2908//3050 2743//3050
f 2743//3051 2908//3051 2838//3051
f 2743//3052 2838//3052 2745//3052
f 2745//3053 2838//3053 2844//3053
f 2745//3054 2844//3054 2747//3054
f 2899//3055 3083//3055 2829//3055
f 2829//3056 3083//3056 3044//3056
f 2829//3057 3044//3057 2990//3057
f 4202//3058 4325//3058 4203//3058
f 4326//3059 4338//3059 4339//3059
f 4309//3060 4205//3060 4204//3060
f 4310//3061 4309//3061 4424//3061
f 4196//3062 4105//3062 4195//3062
f 4195//3063 4105//3063 4104//3063
f 4424//3064 4297//3064 4296//3064
f 4296//3065 4297//3065 4197//3065
f 4296//3066 4197//3066 4196//3066
f 3999//3067 4102//3067 4000//3067
f 3999//3068 4000//3068 4001//3068
f 4002//3069 4105//3069 4106//3069
f 4002//3070 4106//3070 4107//3070
f 4107//3071 4197//3071 4198//3071
f 4198//3072 4197//3072 4298//3072
f 4325//3073 4337//3073 4326//3073
f 4326//3074 4337//3074 4338//3074
f 4203//3075 4325//3075 4326//3075
f 4429//3076 4326//3076 4339//3076
f 4429//3077 4339//3077 4442//3077
f 4310//3078 4205//3078 4309//3078
f 4327//3079 4430//3079 4309//3079
f 4309//3080 4430//3080 4424//3080
f 4424//3081 4296//3081 4310//3081
f 4310//3082 4296//3082 4196//3082
f 4310//3083 4196//3083 4195//3083
f 4310//3084 4195//3084 4205//3084
f 4205//3085 4195//3085 4104//3085
f 4205//3086 4104//3086 4204//3086
f 4204//3087 4104//3087 4103//3087
f 4204//3088 4103//3088 4203//3088
f 4442//3089 4430//3089 4429//3089
f 4429//3090 4430//3090 4327//3090
f 4429//3091 4327//3091 4326//3091
f 4326//3092 4327//3092 4309//3092
f 4326//3093 4309//3093 4203//3093
f 4203//3094 4309//3094 4204//3094
f 4203//3095 4204//3095 4202//3095
f 4202//3096 4203//3096 4103//3096
f 4202//3097 4103//3097 4102//3097
f 4102//3098 4103//3098 4000//3098
f 4000//3099 4103//3099 4104//3099
f 4000//3100 4104//3100 4001//3100
f 4001//3101 4104//3101 4002//3101
f 4002//3102 4104//3102 4105//3102
f 4105//3103 4196//3103 4106//3103
f 4106//3104 4196//3104 4107//3104
f 4107//3105 4196//3105 4197//3105
f 4197//3106 4297//3106 4298//3106
f 4664//3107 4670//3107 4756//3107
f 4303//3108 4417//3108 4304//3108
f 4418//3109 4526//3109 4419//3109
f 4418//3110 4419//3110 4417//3110
f 4417//3111 4419//3111 4304//3111
f 4662//3112 4531//3112 4530//3112
f 4530//3113 4531//3113 4526//3113
f 4530//3114 4526//3114 4525//3114
f 4525//3115 4526//3115 4418//3115
f 4662//3116 4669//3116 4531//3116
f 4662//3117 4668//3117 4669//3117
f 4669//3118 4668//3118 4672//3118
f 4672//3119 4668//3119 4671//3119
f 4302//3120 4414//3120 4416//3120
f 4416//3121 4414//3121 4415//3121
f 4416//3122 4415//3122 4524//3122
f 4524//3123 4415//3123 4523//3123
f 4524//3124 4523//3124 4661//3124
f 4661//3125 4523//3125 4660//3125
f 4661//3126 4660//3126 4667//3126
f 4667//3127 4660//3127 4754//3127
f 4667//3128 4754//3128 4755//3128
f 4414//3129 4413//3129 4415//3129
f 4415//3130 4413//3130 4523//3130
f 4523//3131 4413//3131 4522//3131
f 4523//3132 4522//3132 4655//3132
f 4523//3133 4655//3133 4660//3133
f 4660//3134 4655//3134 4659//3134
f 4660//3135 4659//3135 4754//3135
f 4754//3136 4659//3136 4753//3136
f 4303//3137 4302//3137 4417//3137
f 4417//3138 4302//3138 4416//3138
f 4417//3139 4416//3139 4418//3139
f 4418//3140 4416//3140 4524//3140
f 4418//3141 4524//3141 4525//3141
f 4525//3142 4524//3142 4530//3142
f 4530//3143 4524//3143 4661//3143
f 4530//3144 4661//3144 4662//3144
f 4662//3145 4661//3145 4668//3145
f 4668//3146 4661//3146 4667//3146
f 4668//3147 4667//3147 4755//3147
f 4668//3148 4755//3148 4671//3148
f 4671//3149 4755//3149 4754//3149
f 4671//3150 4754//3150 4758//3150
f 4758//3151 4754//3151 4753//3151
f 4758//3152 4753//3152 4757//3152
f 4412//3153 4301//3153 4411//3153
f 4412//3154 4411//3154 4521//3154
f 4521//3155 4411//3155 4520//3155
f 4521//3156 4520//3156 4519//3156
f 4521//3157 4519//3157 4658//3157
f 4658//3158 4519//3158 4657//3158
f 4658//3159 4657//3159 4752//3159
f 4752//3160 4657//3160 4666//3160
f 4752//3161 4666//3161 4751//3161
f 4301//3162 4300//3162 4411//3162
f 4411//3163 4300//3163 4410//3163
f 4411//3164 4410//3164 4520//3164
f 4520//3165 4410//3165 4519//3165
f 4519//3166 4410//3166 4518//3166
f 4519//3167 4518//3167 4657//3167
f 4657//3168 4518//3168 4529//3168
f 4657//3169 4529//3169 4656//3169
f 4657//3170 4656//3170 4666//3170
f 4666//3171 4656//3171 4665//3171
f 4666//3172 4665//3172 4751//3172
f 4300//3173 4299//3173 4410//3173
f 4410//3174 4299//3174 4409//3174
f 4410//3175 4409//3175 4518//3175
f 4518//3176 4409//3176 4408//3176
f 4518//3177 4408//3177 4529//3177
f 4529//3178 4408//3178 4528//3178
f 4529//3179 4528//3179 4656//3179
f 4656//3180 4528//3180 4665//3180
f 4665//3181 4528//3181 4664//3181
f 4665//3182 4664//3182 4756//3182
f 4665//3183 4756//3183 4751//3183
f 4751//3184 4756//3184 4757//3184
f 4751//3185 4757//3185 4752//3185
f 4752//3186 4757//3186 4753//3186
f 4752//3187 4753//3187 4658//3187
f 4658//3188 4753//3188 4659//3188
f 4658//3189 4659//3189 4521//3189
f 4521//3190 4659//3190 4655//3190
f 4521//3191 4655//3191 4522//3191
f 4521//3192 4522//3192 4412//3192
f 4412//3193 4522//3193 4413//3193
f 3610//3194 3611//3194 3542//3194
f 3542//3195 3611//3195 3537//3195
f 3542//3196 3537//3196 3439//3196
f 3439//3197 3537//3197 3440//3197
f 3439//3198 3440//3198 3451//3198
f 3439//3199 3451//3199 3349//3199
f 3349//3200 3451//3200 3342//3200
f 3349//3201 3342//3201 3350//3201
f 3349//3202 3350//3202 3358//3202
f 3358//3203 3350//3203 3359//3203
f 3612//3204 3611//3204 3669//3204
f 3669//3205 3611//3205 3668//3205
f 3667//3206 3668//3206 3610//3206
f 3610//3207 3668//3207 3611//3207
f 3611//3208 3612//3208 3537//3208
f 3537//3209 3612//3209 3543//3209
f 3537//3210 3543//3210 3440//3210
f 3440//3211 3543//3211 3441//3211
f 3440//3212 3441//3212 3451//3212
f 3451//3213 3441//3213 3342//3213
f 3342//3214 3441//3214 3351//3214
f 3342//3215 3351//3215 3350//3215
f 3350//3216 3351//3216 3359//3216
f 3359//3217 3351//3217 3360//3217
f 3335//3218 3390//3218 3281//3218
f 2921//3219 2914//3219 2989//3219
f 3058//3220 2921//3220 2989//3220
f 3058//3221 2989//3221 3095//3221
f 3095//3222 2989//3222 3046//3222
f 3095//3223 3046//3223 3126//3223
f 3126//3224 3046//3224 3335//3224
f 3014//3225 2937//3225 3009//3225
f 3009//3226 2937//3226 2921//3226
f 3007//3227 2921//3227 3058//3227
f 3335//3228 3198//3228 3191//3228
f 3335//3229 3191//3229 3145//3229
f 3281//3230 3268//3230 3335//3230
f 3335//3231 3268//3231 3266//3231
f 3335//3232 3266//3232 3198//3232
f 3335//3233 3336//3233 3446//3233
f 2938//3234 3015//3234 2922//3234
f 2922//3235 3015//3235 3010//3235
f 3047//3236 2990//3236 3059//3236
f 3059//3237 3096//3237 3047//3237
f 3047//3238 3096//3238 3127//3238
f 3047//3239 3127//3239 3336//3239
f 3336//3240 3127//3240 3146//3240
f 3336//3241 3146//3241 3192//3241
f 2922//3242 3010//3242 3060//3242
f 2922//3243 3060//3243 3004//3243
f 3004//3244 3060//3244 3059//3244
f 3004//3245 3059//3245 2998//3245
f 2998//3246 3059//3246 2990//3246
f 3391//3247 3502//3247 3371//3247
f 3371//3248 3502//3248 3446//3248
f 3192//3249 3256//3249 3446//3249
f 3446//3250 3256//3250 3363//3250
f 3446//3251 3363//3251 3371//3251
f 3446//3252 3336//3252 3192//3252
f 3263//3253 3254//3253 3264//3253
f 3264//3254 3254//3254 3255//3254
f 3255//3255 3254//3255 3248//3255
f 3343//3256 3331//3256 3248//3256
f 2900//3257 3331//3257 2898//3257
f 2898//3258 3331//3258 3324//3258
f 3324//3259 3434//3259 2898//3259
f 2898//3260 3434//3260 2899//3260
f 2899//3261 3434//3261 3538//3261
f 2899//3262 3538//3262 3613//3262
f 2898//3263 2899//3263 2829//3263
f 2900//3264 2898//3264 2830//3264
f 2830//3265 2898//3265 2829//3265
f 2830//3266 2829//3266 2831//3266
f 2744//3267 2791//3267 2789//3267
f 2829//3268 2789//3268 2831//3268
f 2790//3269 2743//3269 2742//3269
f 2744//3270 2789//3270 2742//3270
f 2745//3271 2747//3271 2746//3271
f 2745//3272 2746//3272 2744//3272
f 2789//3273 2829//3273 2788//3273
f 2743//3274 2745//3274 2742//3274
f 2742//3275 2745//3275 2744//3275
f 2742//3276 2789//3276 2790//3276
f 2790//3277 2789//3277 2788//3277
f 2790//3278 2788//3278 2829//3278
f 2747//3279 2751//3279 2750//3279
f 2747//3280 2750//3280 2746//3280
f 2857//3281 2856//3281 2751//3281
f 2859//3282 3013//3282 2858//3282
f 2857//3283 2936//3283 2935//3283
f 2856//3284 2934//3284 2855//3284
f 2856//3285 2855//3285 2751//3285
f 3065//3286 3015//3286 2939//3286
f 2939//3287 3015//3287 2938//3287
f 2857//3288 2751//3288 2858//3288
f 2858//3289 2751//3289 2860//3289
f 2858//3290 2860//3290 2859//3290
f 2859//3291 2860//3291 2937//3291
f 2854//3292 2853//3292 2800//3292
f 2800//3293 2853//3293 2799//3293
f 2798//3294 2852//3294 2750//3294
f 2855//3295 2800//3295 2751//3295
f 2751//3296 2800//3296 2799//3296
f 2751//3297 2799//3297 2798//3297
f 2751//3298 2798//3298 2750//3298
f 2937//3299 2860//3299 2938//3299
f 2938//3300 2860//3300 2861//3300
f 2938//3301 2861//3301 2939//3301
f 3160//3302 3159//3302 3154//3302
f 3160//3303 3154//3303 3155//3303
f 3155//3304 3154//3304 3129//3304
f 3155//3305 3129//3305 3130//3305
f 3130//3306 3129//3306 3086//3306
f 3130//3307 3086//3307 3119//3307
f 3119//3308 3086//3308 3049//3308
f 3119//3309 3049//3309 3087//3309
f 3087//3310 3049//3310 2993//3310
f 3049//3311 2993//3311 2911//3311
f 3049//3312 2911//3312 2994//3312
f 2994//3313 2911//3313 2917//3313
f 2994//3314 2917//3314 2918//3314
f 2918//3315 2917//3315 2846//3315
f 2918//3316 2846//3316 2847//3316
f 2847//3317 2846//3317 2849//3317
f 3160//3318 3168//3318 3159//3318
f 3159//3319 3168//3319 3167//3319
f 3669//3320 3613//3320 3538//3320
f 3669//3321 3538//3321 3612//3321
f 3330//3322 3331//3322 3441//3322
f 3441//3323 3331//3323 3343//3323
f 3441//3324 3343//3324 3351//3324
f 3351//3325 3343//3325 3248//3325
f 3351//3326 3248//3326 3254//3326
f 3351//3327 3254//3327 3360//3327
f 3360//3328 3254//3328 3263//3328
f 3612//3329 3538//3329 3433//3329
f 3612//3330 3433//3330 3543//3330
f 3543//3331 3433//3331 3442//3331
f 3543//3332 3442//3332 3441//3332
f 3441//3333 3442//3333 3330//3333
f 3276//3334 3263//3334 3264//3334
f 3276//3335 3264//3335 3277//3335
f 3360//3336 3385//3336 3384//3336
f 3360//3337 3384//3337 3359//3337
f 3359//3338 3384//3338 3383//3338
f 3359//3339 3383//3339 3358//3339
f 3545//3340 3332//3340 3345//3340
f 3545//3341 3345//3341 3556//3341
f 3344//3342 3352//3342 3353//3342
f 3353//3343 3345//3343 3344//3343
f 3352//3344 3362//3344 3353//3344
f 3369//3345 3376//3345 3362//3345
f 3362//3346 3376//3346 3370//3346
f 3376//3347 3386//3347 3387//3347
f 3387//3348 3370//3348 3376//3348
f 3372//3349 3392//3349 3371//3349
f 3371//3350 3392//3350 3391//3350
f 3372//3351 3371//3351 3363//3351
f 3372//3352 3363//3352 3364//3352
f 3364//3353 3363//3353 3256//3353
f 3364//3354 3256//3354 3257//3354
f 3257//3355 3256//3355 3192//3355
f 3257//3356 3192//3356 3249//3356
f 3249//3357 3192//3357 3146//3357
f 3249//3358 3146//3358 3193//3358
f 3193//3359 3146//3359 3127//3359
f 3193//3360 3127//3360 3128//3360
f 3128//3361 3127//3361 3096//3361
f 3128//3362 3096//3362 3097//3362
f 3097//3363 3096//3363 3059//3363
f 3097//3364 3059//3364 3098//3364
f 3098//3365 3059//3365 3060//3365
f 3098//3366 3060//3366 3061//3366
f 3061//3367 3060//3367 3010//3367
f 3061//3368 3010//3368 3062//3368
f 3010//3369 3015//3369 3062//3369
f 3062//3370 3015//3370 3065//3370
f 2860//3371 2844//3371 2845//3371
f 2923//3372 2939//3372 2845//3372
f 2845//3373 2939//3373 2861//3373
f 2845//3374 2861//3374 2860//3374
f 2845//3375 2844//3375 2838//3375
f 2999//3376 2923//3376 2915//3376
f 3048//3377 2991//3377 3045//3377
f 3048//3378 3045//3378 3044//3378
f 3048//3379 3044//3379 3085//3379
f 3085//3380 3044//3380 3083//3380
f 2923//3381 2845//3381 2915//3381
f 2915//3382 2845//3382 2838//3382
f 2915//3383 2838//3383 2908//3383
f 2915//3384 2908//3384 2909//3384
f 3044//3385 2983//3385 2990//3385
f 2990//3386 2983//3386 2908//3386
f 2991//3387 2909//3387 2908//3387
f 2991//3388 2908//3388 2983//3388
f 2991//3389 2983//3389 3044//3389
f 2999//3390 2915//3390 2909//3390
f 2999//3391 2909//3391 2991//3391
f 3045//3392 2991//3392 3044//3392
f 3083//3393 4304//3393 4305//3393
f 3083//3394 4305//3394 4321//3394
f 3083//3395 4321//3395 3085//3395
f 4304//3396 4419//3396 4305//3396
f 4305//3397 4420//3397 4321//3397
f 4531//3398 4426//3398 4420//3398
f 4420//3399 4426//3399 4321//3399
f 4531//3400 4669//3400 4539//3400
f 4539//3401 4669//3401 4672//3401
f 4420//3402 4305//3402 4419//3402
f 4420//3403 4419//3403 4531//3403
f 4531//3404 4419//3404 4526//3404
f 4692//3405 4672//3405 4671//3405
f 4692//3406 4671//3406 4691//3406
f 4691//3407 4671//3407 4758//3407
f 4691//3408 4758//3408 4771//3408
f 4771//3409 4758//3409 4757//3409
f 4771//3410 4757//3410 4768//3410
f 4768//3411 4757//3411 4756//3411
f 4768//3412 4756//3412 4766//3412
f 4766//3413 4756//3413 4670//3413
f 4766//3414 4670//3414 4689//3414
f 4442//3415 4472//3415 4580//3415
f 4442//3416 4580//3416 4544//3416
f 4544//3417 4580//3417 4581//3417
f 4544//3418 4581//3418 4545//3418
f 4545//3419 4581//3419 4689//3419
f 4545//3420 4689//3420 4670//3420
f 4364//3421 4472//3421 4339//3421
f 4339//3422 4472//3422 4442//3422
f 4364//3423 4339//3423 4363//3423
f 4363//3424 4339//3424 4338//3424
f 4363//3425 4338//3425 4362//3425
f 4362//3426 4338//3426 4337//3426
f 4362//3427 4337//3427 4336//3427
f 4362//3428 4336//3428 4361//3428
f 4361//3429 4336//3429 4335//3429
f 4361//3430 4335//3430 4360//3430
f 4360//3431 4335//3431 4223//3431
f 4360//3432 4223//3432 4255//3432
f 4032//3433 4031//3433 4025//3433
f 4032//3434 4025//3434 4026//3434
f 4026//3435 4025//3435 3932//3435
f 4026//3436 3932//3436 4020//3436
f 4020//3437 3932//3437 3854//3437
f 4020//3438 3854//3438 3925//3438
f 3925//3439 3854//3439 3804//3439
f 3925//3440 3804//3440 3855//3440
f 3855//3441 3804//3441 3738//3441
f 3855//3442 3738//3442 3805//3442
f 3805//3443 3738//3443 3689//3443
f 3805//3444 3689//3444 3739//3444
f 3739//3445 3689//3445 3635//3445
f 3739//3446 3635//3446 3693//3446
f 3693//3447 3635//3447 3640//3447
f 3693//3448 3640//3448 3641//3448
f 3641//3449 3640//3449 3581//3449
f 3641//3450 3581//3450 3645//3450
f 3581//3451 3588//3451 3645//3451
f 3645//3452 3588//3452 3650//3452
f 4039//3453 4460//3453 4038//3453
f 4038//3454 4460//3454 4459//3454
f 4039//3455 4562//3455 4461//3455
f 4039//3456 4461//3456 4460//3456
f 4032//3457 4039//3457 4031//3457
f 4031//3458 4039//3458 4038//3458
f 3727//3459 3726//3459 3678//3459
f 3678//3460 3726//3460 3677//3460
f 3678//3461 3677//3461 3618//3461
f 3618//3462 3677//3462 3688//3462
f 3618//3463 3688//3463 3631//3463
f 3631//3464 3688//3464 3630//3464
f 3631//3465 3630//3465 3554//3465
f 3554//3466 3630//3466 3553//3466
f 3554//3467 3553//3467 3568//3467
f 3568//3468 3553//3468 3567//3468
f 3568//3469 3567//3469 3460//3469
f 3460//3470 3567//3470 3472//3470
f 3460//3471 3472//3471 3473//3471
f 3473//3472 3472//3472 3483//3472
f 3473//3473 3483//3473 3368//3473
f 3368//3474 3483//3474 3489//3474
f 3368//3475 3489//3475 3376//3475
f 3445//3476 3332//3476 3545//3476
f 4313//3477 4210//3477 3727//3477
f 3545//3478 3544//3478 3445//3478
f 4210//3479 4209//3479 3727//3479
f 3727//3480 4209//3480 4208//3480
f 3727//3481 4208//3481 3726//3481
f 3726//3482 4208//3482 4207//3482
f 3726//3483 4207//3483 4113//3483
f 3544//3484 3545//3484 4213//3484
f 4213//3485 3620//3485 3544//3485
f 4213//3486 3619//3486 3620//3486
f 4212//3487 3679//3487 4213//3487
f 4213//3488 3679//3488 3619//3488
f 3678//3489 3679//3489 4212//3489
f 4212//3490 4211//3490 3678//3490
f 3678//3491 4211//3491 4317//3491
f 3678//3492 4317//3492 3727//3492
f 3727//3493 4317//3493 4315//3493
f 3727//3494 4315//3494 4313//3494
f 4030//3495 4029//3495 3938//3495
f 4030//3496 3938//3496 4024//3496
f 4024//3497 3938//3497 3931//3497
f 3931//3498 3852//3498 3924//3498
f 3924//3499 3852//3499 3802//3499
f 3924//3500 3802//3500 3853//3500
f 3853//3501 3802//3501 3736//3501
f 3853//3502 3736//3502 3803//3502
f 3803//3503 3736//3503 3688//3503
f 3803//3504 3688//3504 3737//3504
f 3737//3505 3688//3505 3692//3505
f 4029//3506 4030//3506 4036//3506
f 4036//3507 4030//3507 4037//3507
f 4036//3508 4037//3508 4346//3508
f 3482//3509 3471//3509 3576//3509
f 3487//3510 3488//3510 3482//3510
f 3725//3511 3687//3511 3688//3511
f 3629//3512 3687//3512 3686//3512
f 3481//3513 3487//3513 3482//3513
f 3481//3514 3482//3514 3575//3514
f 3575//3515 3482//3515 3576//3515
f 3688//3516 3687//3516 3630//3516
f 3630//3517 3687//3517 3629//3517
f 3630//3518 3629//3518 3566//3518
f 3566//3519 3629//3519 3565//3519
f 3566//3520 3565//3520 3576//3520
f 3576//3521 3565//3521 3575//3521
f 3725//3522 3724//3522 3687//3522
f 3687//3523 3724//3523 3676//3523
f 3687//3524 3676//3524 3686//3524
f 3500//3525 3488//3525 3487//3525
f 3500//3526 3487//3526 3499//3526
f 4342//3527 4341//3527 4340//3527
f 4340//3528 4341//3528 4339//3528
f 4220//3529 4328//3529 4219//3529
f 4219//3530 4328//3530 4339//3530
f 4339//3531 4328//3531 4340//3531
f 4219//3532 4112//3532 4206//3532
f 4219//3533 4206//3533 4220//3533
f 4112//3534 4111//3534 4009//3534
f 4112//3535 4219//3535 4111//3535
f 4341//3536 4338//3536 4339//3536
f 4009//3537 3724//3537 4112//3537
f 4112//3538 3724//3538 3725//3538
f 3587//3539 3648//3539 3580//3539
f 3580//3540 3648//3540 3643//3540
f 3937//3541 3929//3541 3930//3541
f 3930//3542 3929//3542 3850//3542
f 3930//3543 3850//3543 3851//3543
f 3851//3544 3850//3544 3800//3544
f 3851//3545 3800//3545 3801//3545
f 3801//3546 3800//3546 3735//3546
f 3686//3547 3633//3547 3634//3547
f 3634//3548 3633//3548 3637//3548
f 3634//3549 3637//3549 3638//3549
f 3638//3550 3637//3550 3580//3550
f 3638//3551 3580//3551 3643//3551
f 3470//3552 3575//3552 3469//3552
f 3676//3553 3724//3553 3686//3553
f 3628//3554 3552//3554 3564//3554
f 3469//3555 3575//3555 3564//3555
f 3564//3556 3575//3556 3565//3556
f 3470//3557 3469//3557 3481//3557
f 3481//3558 3469//3558 3480//3558
f 3481//3559 3480//3559 3486//3559
f 3481//3560 3486//3560 3487//3560
f 3724//3561 3723//3561 3675//3561
f 3724//3562 3675//3562 3686//3562
f 3686//3563 3675//3563 3628//3563
f 3499//3564 3487//3564 3486//3564
f 3499//3565 3486//3565 3498//3565
f 4341//3566 4229//3566 4226//3566
f 4226//3567 4229//3567 4225//3567
f 4226//3568 4225//3568 4218//3568
f 4218//3569 4225//3569 4217//3569
f 4009//3570 4110//3570 4008//3570
f 4008//3571 4110//3571 4119//3571
f 4009//3572 4008//3572 4007//3572
f 4217//3573 4119//3573 4218//3573
f 4217//3574 4118//3574 4119//3574
f 4119//3575 4118//3575 4008//3575
f 4008//3576 4118//3576 4007//3576
f 4008//3577 3722//3577 4009//3577
f 4009//3578 3722//3578 3723//3578
f 4009//3579 3723//3579 3724//3579
f 3723//3580 3722//3580 3675//3580
f 3675//3581 3627//3581 3628//3581
f 3628//3582 3627//3582 3552//3582
f 3552//3583 3627//3583 3563//3583
f 3552//3584 3563//3584 3564//3584
f 3564//3585 3563//3585 3468//3585
f 3564//3586 3468//3586 3469//3586
f 3469//3587 3468//3587 3480//3587
f 3943//3588 3942//3588 3935//3588
f 3943//3589 3935//3589 3936//3589
f 3936//3590 3935//3590 3859//3590
f 3936//3591 3859//3591 3860//3591
f 3860//3592 3859//3592 3849//3592
f 3799//3593 3733//3593 3734//3593
f 3734//3594 3733//3594 3684//3594
f 3734//3595 3684//3595 3685//3595
f 3685//3596 3684//3596 3632//3596
f 3942//3597 3943//3597 3948//3597
f 3948//3598 3943//3598 3949//3598
f 3948//3599 3949//3599 4233//3599
f 4233//3600 3949//3600 4234//3600
f 4228//3601 4127//3601 4224//3601
f 4224//3602 4127//3602 4124//3602
f 4224//3603 4124//3603 4118//3603
f 4118//3604 4124//3604 4117//3604
f 4015//3605 4007//3605 4118//3605
f 3918//3606 4007//3606 3917//3606
f 4117//3607 4015//3607 4118//3607
f 4007//3608 4015//3608 4006//3608
f 4007//3609 4006//3609 3917//3609
f 4127//3610 4123//3610 4124//3610
f 4124//3611 4123//3611 4117//3611
f 4117//3612 4123//3612 4116//3612
f 3722//3613 3918//3613 3721//3613
f 3721//3614 3918//3614 3917//3614
f 3722//3615 3721//3615 3617//3615
f 3722//3616 3617//3616 3674//3616
f 3674//3617 3617//3617 3551//3617
f 3674//3618 3551//3618 3627//3618
f 3627//3619 3551//3619 3459//3619
f 3627//3620 3459//3620 3563//3620
f 3563//3621 3459//3621 3467//3621
f 3563//3622 3467//3622 3468//3622
f 3468//3623 3467//3623 3478//3623
f 3468//3624 3478//3624 3479//3624
f 3479//3625 3478//3625 3484//3625
f 3479//3626 3484//3626 3485//3626
f 3485//3627 3484//3627 3497//3627
f 3497//3628 3484//3628 3496//3628
f 3584//3629 3585//3629 3577//3629
f 3577//3630 3585//3630 3578//3630
f 3941//3631 3870//3631 3865//3631
f 3798//3632 3731//3632 3732//3632
f 3732//3633 3731//3633 3682//3633
f 3732//3634 3682//3634 3683//3634
f 3683//3635 3682//3635 3626//3635
f 3562//3636 3572//3636 3573//3636
f 3573//3637 3572//3637 3577//3637
f 3573//3638 3577//3638 3578//3638
f 3870//3639 3941//3639 3874//3639
f 3874//3640 3941//3640 3947//3640
f 3874//3641 3947//3641 4129//3641
f 4127//3642 4023//3642 4123//3642
f 4123//3643 4023//3643 4019//3643
f 4123//3644 4019//3644 4116//3644
f 4116//3645 4019//3645 4013//3645
f 3923//3646 3916//3646 4014//3646
f 3917//3647 3916//3647 3846//3647
f 3846//3648 3916//3648 3915//3648
f 3846//3649 3915//3649 3845//3649
f 4013//3650 3923//3650 4014//3650
f 4013//3651 4014//3651 4116//3651
f 3923//3652 4013//3652 3922//3652
f 3923//3653 3922//3653 3916//3653
f 3916//3654 3922//3654 3915//3654
f 3720//3655 3846//3655 3673//3655
f 3673//3656 3846//3656 3845//3656
f 3720//3657 3673//3657 3616//3657
f 3720//3658 3616//3658 3617//3658
f 3617//3659 3616//3659 3550//3659
f 3617//3660 3550//3660 3551//3660
f 3551//3661 3550//3661 3457//3661
f 3551//3662 3457//3662 3458//3662
f 3458//3663 3457//3663 3357//3663
f 3458//3664 3357//3664 3466//3664
f 3466//3665 3357//3665 3366//3665
f 3466//3666 3366//3666 3367//3666
f 3367//3667 3366//3667 3374//3667
f 3367//3668 3374//3668 3375//3668
f 3375//3669 3374//3669 3382//3669
f 3382//3670 3374//3670 3381//3670
f 3869//3671 3863//3671 3864//3671
f 3864//3672 3863//3672 3807//3672
f 3864//3673 3807//3673 3808//3673
f 3808//3674 3807//3674 3796//3674
f 3808//3675 3796//3675 3797//3675
f 3797//3676 3796//3676 3730//3676
f 3681//3677 3624//3677 3625//3677
f 3625//3678 3624//3678 3560//3678
f 3625//3679 3560//3679 3561//3679
f 3561//3680 3560//3680 3465//3680
f 3561//3681 3465//3681 3571//3681
f 3571//3682 3465//3682 3477//3682
f 4033//3683 3873//3683 4034//3683
f 4022//3684 3934//3684 4018//3684
f 4018//3685 3934//3685 3928//3685
f 3922//3686 4013//3686 3921//3686
f 3921//3687 4013//3687 3928//3687
f 3928//3688 4013//3688 4018//3688
f 3848//3689 3844//3689 3915//3689
f 3848//3690 3915//3690 3922//3690
f 3844//3691 3843//3691 3794//3691
f 3922//3692 3921//3692 3848//3692
f 3844//3693 3848//3693 3843//3693
f 3934//3694 3927//3694 3928//3694
f 3928//3695 3927//3695 3921//3695
f 3673//3696 3844//3696 3672//3696
f 3672//3697 3844//3697 3794//3697
f 3673//3698 3672//3698 3614//3698
f 3673//3699 3614//3699 3615//3699
f 3615//3700 3614//3700 3450//3700
f 3615//3701 3450//3701 3549//3701
f 3549//3702 3450//3702 3456//3702
f 3549//3703 3456//3703 3457//3703
f 3457//3704 3456//3704 3356//3704
f 3457//3705 3356//3705 3357//3705
f 3357//3706 3356//3706 3365//3706
f 3357//3707 3365//3707 3366//3707
f 3366//3708 3365//3708 3373//3708
f 3366//3709 3373//3709 3374//3709
f 3374//3710 3373//3710 3381//3710
f 3381//3711 3373//3711 3380//3711
f 4255//3712 4223//3712 4222//3712
f 4255//3713 4222//3713 4254//3713
f 4254//3714 4222//3714 4122//3714
f 4254//3715 4122//3715 4141//3715
f 4222//3716 4223//3716 4216//3716
f 4222//3717 4216//3717 4122//3717
f 4122//3718 4216//3718 4115//3718
f 4115//3719 4216//3719 4200//3719
f 4115//3720 4200//3720 4109//3720
f 4109//3721 4200//3721 4005//3721
f 4005//3722 4200//3722 4100//3722
f 4005//3723 4100//3723 3997//3723
f 3997//3724 4100//3724 4101//3724
f 3997//3725 4101//3725 3911//3725
f 3911//3726 4101//3726 3998//3726
f 3911//3727 3998//3727 3838//3727
f 3083//3728 2899//3728 3613//3728
f 3083//3729 3613//3729 4304//3729
f 3838//3730 3998//3730 3609//3730
f 3609//3731 3998//3731 3999//3731
f 3609//3732 3999//3732 3667//3732
f 3667//3733 3999//3733 4001//3733
f 3667//3734 4001//3734 3668//3734
f 3668//3735 4001//3735 4002//3735
f 3668//3736 4002//3736 3669//3736
f 3669//3737 4002//3737 4107//3737
f 3669//3738 4107//3738 3613//3738
f 3613//3739 4413//3739 4414//3739
f 4300//3740 4301//3740 3613//3740
f 3613//3741 4301//3741 4412//3741
f 3613//3742 4412//3742 4413//3742
f 4414//3743 4302//3743 3613//3743
f 3613//3744 4302//3744 4303//3744
f 3613//3745 4303//3745 4304//3745
f 3613//3746 4107//3746 4198//3746
f 4198//3747 4299//3747 3613//3747
f 3613//3748 4299//3748 4300//3748
f 3239//3749 3439//3749 3349//3749
f 3358//3750 3262//3750 3349//3750
f 3349//3751 3262//3751 3253//3751
f 3349//3752 3253//3752 3239//3752
f 3439//3753 3239//3753 3329//3753
f 3439//3754 3329//3754 3542//3754
f 3609//3755 3667//3755 3536//3755
f 3536//3756 3667//3756 3610//3756
f 3536//3757 3610//3757 3432//3757
f 3432//3758 3610//3758 3542//3758
f 3432//3759 3542//3759 3329//3759
f 3502//3760 3390//3760 3446//3760
f 3446//3761 3390//3761 3335//3761
f 2900//3762 2830//3762 2911//3762
f 2911//3763 2830//3763 2917//3763
f 2911//3764 2993//3764 2900//3764
f 2900//3765 2993//3765 3049//3765
f 2900//3766 3049//3766 3331//3766
f 3331//3767 3049//3767 3086//3767
f 3331//3768 3086//3768 3129//3768
f 3167//3769 3277//3769 3159//3769
f 3159//3770 3277//3770 3264//3770
f 3159//3771 3264//3771 3154//3771
f 2830//3772 2831//3772 2917//3772
f 2917//3773 2831//3773 2789//3773
f 2917//3774 2789//3774 2791//3774
f 2750//3775 2852//3775 2746//3775
f 2746//3776 2852//3776 2849//3776
f 2746//3777 2849//3777 2846//3777
f 2746//3778 2846//3778 2744//3778
f 2744//3779 2846//3779 2917//3779
f 2744//3780 2917//3780 2791//3780
f 3264//3781 3255//3781 3154//3781
f 3154//3782 3255//3782 3248//3782
f 3154//3783 3248//3783 3129//3783
f 3129//3784 3248//3784 3331//3784
f 3276//3785 3385//3785 3263//3785
f 3263//3786 3385//3786 3360//3786
f 3358//3787 3383//3787 3262//3787
f 3262//3788 3383//3788 3275//3788
f 3376//3789 3489//3789 3386//3789
f 3386//3790 3489//3790 3501//3790
f 3370//3791 3387//3791 3588//3791
f 3556//3792 3345//3792 3353//3792
f 3556//3793 3353//3793 3588//3793
f 3588//3794 3353//3794 3362//3794
f 3588//3795 3362//3795 3370//3795
f 4672//3796 4692//3796 4562//3796
f 4562//3797 4692//3797 4582//3797
f 3805//3798 3085//3798 4321//3798
f 3065//3799 2939//3799 3062//3799
f 3062//3800 2939//3800 2923//3800
f 3805//3801 3739//3801 3085//3801
f 3085//3802 3739//3802 3693//3802
f 3085//3803 3693//3803 3641//3803
f 4020//3804 3925//3804 4321//3804
f 4321//3805 3925//3805 3855//3805
f 4321//3806 3855//3806 3805//3806
f 3098//3807 2991//3807 3048//3807
f 4562//3808 4039//3808 4672//3808
f 4672//3809 4039//3809 4032//3809
f 4672//3810 4032//3810 4026//3810
f 4672//3811 4026//3811 4539//3811
f 3098//3812 3048//3812 3097//3812
f 3097//3813 3048//3813 3085//3813
f 3097//3814 3085//3814 3128//3814
f 3128//3815 3085//3815 3193//3815
f 3193//3816 3085//3816 3641//3816
f 3193//3817 3641//3817 3249//3817
f 3062//3818 2923//3818 3061//3818
f 3061//3819 2923//3819 3098//3819
f 3098//3820 2923//3820 2999//3820
f 3650//3821 3392//3821 3645//3821
f 3645//3822 3392//3822 3372//3822
f 3645//3823 3372//3823 3364//3823
f 3645//3824 3364//3824 3641//3824
f 3641//3825 3364//3825 3257//3825
f 3641//3826 3257//3826 3249//3826
f 3098//3827 2999//3827 2991//3827
f 4020//3828 4321//3828 4026//3828
f 4026//3829 4321//3829 4426//3829
f 4426//3830 4531//3830 4026//3830
f 4026//3831 4531//3831 4539//3831
f 4582//3832 4692//3832 4693//3832
f 4693//3833 4474//3833 4582//3833
f 4766//3834 4689//3834 4690//3834
f 4768//3835 4766//3835 4767//3835
f 4766//3836 4690//3836 4765//3836
f 4765//3837 4690//3837 4689//3837
f 4767//3838 4769//3838 4768//3838
f 4768//3839 4769//3839 4770//3839
f 4768//3840 4770//3840 4771//3840
f 4771//3841 4770//3841 4772//3841
f 4771//3842 4772//3842 4691//3842
f 4692//3843 4773//3843 4774//3843
f 4772//3844 4773//3844 4691//3844
f 4691//3845 4773//3845 4692//3845
f 4689//3846 4581//3846 4688//3846
f 4580//3847 4687//3847 4688//3847
f 4580//3848 4688//3848 4581//3848
f 4471//3849 4580//3849 4472//3849
f 4471//3850 4472//3850 4364//3850
f 4470//3851 4471//3851 4363//3851
f 4364//3852 4363//3852 4471//3852
f 4362//3853 4470//3853 4363//3853
f 4359//3854 4360//3854 4255//3854
f 4253//3855 4358//3855 4359//3855
f 4253//3856 4359//3856 4141//3856
f 4255//3857 4141//3857 4359//3857
f 4141//3858 4255//3858 4254//3858
f 4849//3859 4896//3859 4897//3859
f 4899//3860 4897//3860 4959//3860
f 4953//3861 5015//3861 5014//3861
f 5015//3862 5014//3862 5018//3862
f 5018//3863 5014//3863 5017//3863
f 5018//3864 4958//3864 5015//3864
f 5015//3865 4958//3865 4954//3865
f 5015//3866 4954//3866 4953//3866
f 5018//3867 4959//3867 4958//3867
f 4958//3868 4959//3868 4954//3868
f 4954//3869 4959//3869 4897//3869
f 4954//3870 4897//3870 4953//3870
f 4953//3871 4897//3871 4896//3871
f 4849//3872 4897//3872 4851//3872
f 4851//3873 4897//3873 4899//3873
f 4851//3874 4899//3874 4852//3874
f 4852//3875 4373//3875 4851//3875
f 4851//3876 4373//3876 4849//3876
f 4849//3877 4373//3877 4369//3877
f 4849//3878 4369//3878 4480//3878
f 4261//3879 4260//3879 4256//3879
f 4263//3880 4262//3880 4258//3880
f 4258//3881 4262//3881 4257//3881
f 4368//3882 4480//3882 4369//3882
f 4368//3883 4369//3883 4372//3883
f 4372//3884 4369//3884 4373//3884
f 4372//3885 4263//3885 4368//3885
f 4368//3886 4263//3886 4258//3886
f 4368//3887 4258//3887 4367//3887
f 4257//3888 4366//3888 4258//3888
f 4258//3889 4366//3889 4367//3889
f 4262//3890 4261//3890 4257//3890
f 4257//3891 4261//3891 4256//3891
f 4257//3892 4256//3892 4366//3892
f 4473//3893 4460//3893 4461//3893
f 4473//3894 4461//3894 4474//3894
f 4474//3895 4461//3895 4562//3895
f 4474//3896 4562//3896 4582//3896
f 3556//3897 3588//3897 3581//3897
f 3804//3898 4213//3898 3738//3898
f 3738//3899 4213//3899 3545//3899
f 3545//3900 3635//3900 3689//3900
f 3545//3901 3689//3901 3738//3901
f 3556//3902 3581//3902 3640//3902
f 3556//3903 3640//3903 3635//3903
f 3556//3904 3635//3904 3545//3904
f 4038//3905 4459//3905 4031//3905
f 4031//3906 4459//3906 4452//3906
f 4437//3907 4438//3907 4025//3907
f 4438//3908 4332//3908 4025//3908
f 4025//3909 4332//3909 4320//3909
f 4452//3910 4446//3910 4031//3910
f 4031//3911 4446//3911 4025//3911
f 4025//3912 4446//3912 4437//3912
f 3804//3913 3854//3913 4213//3913
f 4213//3914 3854//3914 3932//3914
f 4213//3915 3932//3915 4025//3915
f 4213//3916 4025//3916 4320//3916
f 4209//3917 4210//3917 4312//3917
f 4438//3918 4437//3918 4436//3918
f 4446//3919 4452//3919 4560//3919
f 4320//3920 4332//3920 4331//3920
f 4314//3921 4317//3921 4316//3921
f 4316//3922 4317//3922 4211//3922
f 4316//3923 4211//3923 4318//3923
f 4318//3924 4211//3924 4212//3924
f 4318//3925 4212//3925 4319//3925
f 4319//3926 4212//3926 4213//3926
f 4319//3927 4213//3927 4320//3927
f 4210//3928 4313//3928 4314//3928
f 4314//3929 4313//3929 4315//3929
f 4314//3930 4315//3930 4317//3930
f 4328//3931 4220//3931 4329//3931
f 4329//3932 4220//3932 4207//3932
f 4207//3933 4220//3933 4206//3933
f 4207//3934 4206//3934 4113//3934
f 4443//3935 4451//3935 4450//3935
f 4328//3936 4329//3936 4340//3936
f 4340//3937 4329//3937 4443//3937
f 4340//3938 4443//3938 4450//3938
f 4340//3939 4450//3939 4342//3939
f 4319//3940 4320//3940 4331//3940
f 4319//3941 4331//3941 4318//3941
f 4318//3942 4331//3942 4435//3942
f 4318//3943 4435//3943 4316//3943
f 4316//3944 4435//3944 4434//3944
f 4316//3945 4434//3945 4314//3945
f 4314//3946 4434//3946 4433//3946
f 4311//3947 4312//3947 4432//3947
f 4332//3948 4438//3948 4331//3948
f 4331//3949 4438//3949 4436//3949
f 4331//3950 4436//3950 4435//3950
f 4434//3951 4435//3951 4538//3951
f 4434//3952 4538//3952 4433//3952
f 4433//3953 4538//3953 4537//3953
f 4437//3954 4446//3954 4436//3954
f 4436//3955 4446//3955 4445//3955
f 4436//3956 4445//3956 4435//3956
f 4435//3957 4445//3957 4549//3957
f 4435//3958 4549//3958 4538//3958
f 4538//3959 4549//3959 4548//3959
f 4538//3960 4548//3960 4537//3960
f 4537//3961 4548//3961 4547//3961
f 4311//3962 4432//3962 4330//3962
f 4330//3963 4432//3963 4431//3963
f 4431//3964 4432//3964 4546//3964
f 4431//3965 4546//3965 4444//3965
f 4444//3966 4546//3966 4555//3966
f 4444//3967 4555//3967 4554//3967
f 4209//3968 4312//3968 4208//3968
f 4208//3969 4312//3969 4311//3969
f 4208//3970 4311//3970 4207//3970
f 4207//3971 4311//3971 4330//3971
f 4207//3972 4330//3972 4329//3972
f 4329//3973 4330//3973 4431//3973
f 4329//3974 4431//3974 4444//3974
f 4329//3975 4444//3975 4443//3975
f 4443//3976 4444//3976 4554//3976
f 4443//3977 4554//3977 4451//3977
f 4445//3978 4446//3978 4560//3978
f 4445//3979 4560//3979 4549//3979
f 4549//3980 4560//3980 4559//3980
f 4549//3981 4559//3981 4548//3981
f 4548//3982 4559//3982 4558//3982
f 4548//3983 4558//3983 4547//3983
f 4547//3984 4558//3984 4557//3984
f 4547//3985 4557//3985 4556//3985
f 4210//3986 4314//3986 4312//3986
f 4312//3987 4314//3987 4433//3987
f 4312//3988 4433//3988 4432//3988
f 4432//3989 4433//3989 4537//3989
f 4432//3990 4537//3990 4547//3990
f 4432//3991 4547//3991 4546//3991
f 4546//3992 4547//3992 4556//3992
f 4546//3993 4556//3993 4555//3993
f 4220//3994 4328//3994 4024//3994
f 3931//3995 3924//3995 4113//3995
f 4113//3996 3924//3996 3853//3996
f 4113//3997 3853//3997 3726//3997
f 3726//3998 3853//3998 3803//3998
f 3726//3999 3803//3999 3737//3999
f 3737//4000 3688//4000 3677//4000
f 3737//4001 3677//4001 3726//4001
f 4024//4002 4328//4002 4030//4002
f 4030//4003 4328//4003 4340//4003
f 3639//4004 3553//4004 3692//4004
f 3692//4005 3553//4005 3630//4005
f 3692//4006 3630//4006 3688//4006
f 3644//4007 3649//4007 3501//4007
f 4346//4008 4037//4008 4342//4008
f 4342//4009 4037//4009 4030//4009
f 4342//4010 4030//4010 4340//4010
f 3501//4011 3489//4011 3644//4011
f 3644//4012 3489//4012 3483//4012
f 3931//4013 4113//4013 4024//4013
f 3483//4014 3472//4014 3644//4014
f 3644//4015 3472//4015 3567//4015
f 3644//4016 3567//4016 3639//4016
f 3639//4017 3567//4017 3553//4017
f 4113//4018 4206//4018 4024//4018
f 4024//4019 4206//4019 4220//4019
f 3688//4020 3736//4020 3725//4020
f 3725//4021 3736//4021 3802//4021
f 3725//4022 3802//4022 4112//4022
f 3692//4023 3630//4023 3566//4023
f 3692//4024 3566//4024 3639//4024
f 3471//4025 3644//4025 3576//4025
f 3576//4026 3644//4026 3639//4026
f 3576//4027 3639//4027 3566//4027
f 3500//4028 3649//4028 3488//4028
f 3488//4029 3649//4029 3644//4029
f 3488//4030 3644//4030 3482//4030
f 3482//4031 3644//4031 3471//4031
f 3802//4032 3852//4032 4112//4032
f 4112//4033 3852//4033 3931//4033
f 4112//4034 3931//4034 3938//4034
f 4036//4035 4346//4035 4029//4035
f 4029//4036 4346//4036 4342//4036
f 4029//4037 4342//4037 4340//4037
f 4029//4038 4340//4038 4328//4038
f 4029//4039 4328//4039 3938//4039
f 3938//4040 4328//4040 4220//4040
f 4220//4041 4206//4041 3938//4041
f 3938//4042 4206//4042 4112//4042
f 3930//4043 3851//4043 4009//4043
f 4009//4044 3851//4044 3801//4044
f 4009//4045 3801//4045 3724//4045
f 3724//4046 3801//4046 3735//4046
f 3724//4047 3735//4047 3676//4047
f 3676//4048 3735//4048 3686//4048
f 4345//4049 3950//4049 4341//4049
f 4341//4050 3950//4050 3944//4050
f 4341//4051 3944//4051 4338//4051
f 3629//4052 3686//4052 3634//4052
f 3638//4053 3565//4053 3634//4053
f 3634//4054 3565//4054 3629//4054
f 3481//4055 3575//4055 3643//4055
f 3643//4056 3575//4056 3638//4056
f 3638//4057 3575//4057 3565//4057
f 3648//4058 3499//4058 3643//4058
f 3643//4059 3499//4059 3487//4059
f 3643//4060 3487//4060 3481//4060
f 3930//4061 4009//4061 3937//4061
f 3937//4062 4009//4062 4111//4062
f 3937//4063 4111//4063 4219//4063
f 3937//4064 4219//4064 3944//4064
f 3944//4065 4219//4065 4339//4065
f 3944//4066 4339//4066 4338//4066
f 3470//4067 3481//4067 3580//4067
f 3633//4068 3686//4068 3628//4068
f 3950//4069 4345//4069 3944//4069
f 3944//4070 4345//4070 4341//4070
f 4218//4071 4119//4071 3937//4071
f 3499//4072 3587//4072 3487//4072
f 3487//4073 3587//4073 3580//4073
f 3487//4074 3580//4074 3481//4074
f 3633//4075 3628//4075 3564//4075
f 3633//4076 3564//4076 3637//4076
f 3637//4077 3564//4077 3565//4077
f 3637//4078 3565//4078 3580//4078
f 3580//4079 3565//4079 3575//4079
f 3580//4080 3575//4080 3470//4080
f 4341//4081 4226//4081 3944//4081
f 3944//4082 4226//4082 3937//4082
f 3937//4083 4226//4083 4218//4083
f 4119//4084 4110//4084 3937//4084
f 3937//4085 4110//4085 3929//4085
f 3929//4086 4110//4086 4009//4086
f 3929//4087 4009//4087 3850//4087
f 3850//4088 4009//4088 3800//4088
f 3800//4089 4009//4089 3724//4089
f 3800//4090 3724//4090 3735//4090
f 4234//4091 3949//4091 4229//4091
f 4229//4092 3949//4092 3943//4092
f 4229//4093 3943//4093 4225//4093
f 4007//4094 4118//4094 3936//4094
f 3586//4095 3498//4095 3579//4095
f 3579//4096 3498//4096 3486//4096
f 3486//4097 3480//4097 3579//4097
f 3579//4098 3480//4098 3468//4098
f 3579//4099 3468//4099 3574//4099
f 3574//4100 3468//4100 3563//4100
f 3574//4101 3563//4101 3632//4101
f 3632//4102 3563//4102 3627//4102
f 3632//4103 3627//4103 3685//4103
f 3685//4104 3627//4104 3675//4104
f 3685//4105 3675//4105 3734//4105
f 3734//4106 3675//4106 3722//4106
f 3734//4107 3722//4107 3799//4107
f 3799//4108 3722//4108 4008//4108
f 3799//4109 4008//4109 3849//4109
f 3849//4110 4008//4110 3860//4110
f 3860//4111 4008//4111 3936//4111
f 3936//4112 4008//4112 4007//4112
f 4118//4113 4217//4113 3936//4113
f 3936//4114 4217//4114 3943//4114
f 3943//4115 4217//4115 4225//4115
f 3942//4116 3948//4116 4233//4116
f 3468//4117 3579//4117 3563//4117
f 3563//4118 3579//4118 3574//4118
f 3563//4119 3574//4119 3627//4119
f 3627//4120 3574//4120 3632//4120
f 3627//4121 3632//4121 3674//4121
f 3674//4122 3632//4122 3684//4122
f 3674//4123 3684//4123 3722//4123
f 4224//4124 3935//4124 3942//4124
f 4224//4125 3942//4125 4228//4125
f 4228//4126 3942//4126 4233//4126
f 3497//4127 3586//4127 3485//4127
f 3485//4128 3586//4128 3579//4128
f 3485//4129 3579//4129 3479//4129
f 3479//4130 3579//4130 3468//4130
f 3684//4131 3733//4131 3722//4131
f 3722//4132 3733//4132 3799//4132
f 3722//4133 3799//4133 3918//4133
f 3918//4134 3799//4134 3849//4134
f 3918//4135 3849//4135 3859//4135
f 4224//4136 4118//4136 3935//4136
f 3935//4137 4118//4137 4007//4137
f 3935//4138 4007//4138 3859//4138
f 3859//4139 4007//4139 3918//4139
f 4129//4140 3947//4140 4127//4140
f 4127//4141 3947//4141 3941//4141
f 4127//4142 3941//4142 4123//4142
f 4123//4143 3941//4143 3865//4143
f 3585//4144 3496//4144 3578//4144
f 3578//4145 3496//4145 3484//4145
f 3858//4146 3798//4146 3917//4146
f 3917//4147 3798//4147 3732//4147
f 3917//4148 3732//4148 3721//4148
f 3721//4149 3732//4149 3683//4149
f 3721//4150 3683//4150 3617//4150
f 3617//4151 3683//4151 3626//4151
f 3617//4152 3626//4152 3551//4152
f 3551//4153 3626//4153 3562//4153
f 3551//4154 3562//4154 3459//4154
f 3459//4155 3562//4155 3573//4155
f 3459//4156 3573//4156 3467//4156
f 3467//4157 3573//4157 3578//4157
f 3467//4158 3578//4158 3478//4158
f 3478//4159 3578//4159 3484//4159
f 3858//4160 3917//4160 3865//4160
f 3865//4161 3917//4161 4006//4161
f 3865//4162 4006//4162 4015//4162
f 4015//4163 4117//4163 3865//4163
f 3865//4164 4117//4164 4116//4164
f 3865//4165 4116//4165 4123//4165
f 3870//4166 3874//4166 4129//4166
f 3466//4167 3577//4167 3458//4167
f 3458//4168 3577//4168 3572//4168
f 3458//4169 3572//4169 3551//4169
f 3551//4170 3572//4170 3562//4170
f 3551//4171 3562//4171 3617//4171
f 3617//4172 3562//4172 3626//4172
f 3617//4173 3626//4173 3720//4173
f 4123//4174 3865//4174 3870//4174
f 4123//4175 3870//4175 4127//4175
f 4127//4176 3870//4176 4129//4176
f 3382//4177 3584//4177 3375//4177
f 3375//4178 3584//4178 3577//4178
f 3375//4179 3577//4179 3367//4179
f 3367//4180 3577//4180 3466//4180
f 3626//4181 3682//4181 3720//4181
f 3720//4182 3682//4182 3731//4182
f 3720//4183 3731//4183 3846//4183
f 3846//4184 3731//4184 3798//4184
f 3846//4185 3798//4185 3917//4185
f 3865//4186 4116//4186 4014//4186
f 3865//4187 4014//4187 3916//4187
f 3865//4188 3916//4188 3858//4188
f 3858//4189 3916//4189 3917//4189
f 4034//4190 3873//4190 4023//4190
f 4023//4191 3873//4191 3869//4191
f 4023//4192 3869//4192 4019//4192
f 4019//4193 3869//4193 3864//4193
f 3845//4194 3915//4194 3808//4194
f 3808//4195 3915//4195 3864//4195
f 3495//4196 3381//4196 3477//4196
f 3477//4197 3381//4197 3374//4197
f 3808//4198 3797//4198 3845//4198
f 3845//4199 3797//4199 3730//4199
f 3845//4200 3730//4200 3673//4200
f 3673//4201 3730//4201 3681//4201
f 3673//4202 3681//4202 3616//4202
f 3616//4203 3681//4203 3625//4203
f 3616//4204 3625//4204 3550//4204
f 3550//4205 3625//4205 3561//4205
f 3550//4206 3561//4206 3457//4206
f 3457//4207 3561//4207 3571//4207
f 3457//4208 3571//4208 3357//4208
f 3357//4209 3571//4209 3477//4209
f 3357//4210 3477//4210 3366//4210
f 3366//4211 3477//4211 3374//4211
f 3915//4212 3922//4212 3864//4212
f 3864//4213 3922//4213 4013//4213
f 3864//4214 4013//4214 4019//4214
f 3869//4215 3873//4215 4033//4215
f 3357//4216 3477//4216 3457//4216
f 3457//4217 3477//4217 3465//4217
f 3457//4218 3465//4218 3549//4218
f 3549//4219 3465//4219 3560//4219
f 3549//4220 3560//4220 3615//4220
f 3615//4221 3560//4221 3624//4221
f 3615//4222 3624//4222 3673//4222
f 3673//4223 3624//4223 3681//4223
f 3673//4224 3681//4224 3844//4224
f 3381//4225 3495//4225 3374//4225
f 3374//4226 3495//4226 3477//4226
f 3681//4227 3730//4227 3844//4227
f 3844//4228 3730//4228 3796//4228
f 3844//4229 3796//4229 3807//4229
f 3863//4230 3922//4230 3807//4230
f 3807//4231 3922//4231 3915//4231
f 3807//4232 3915//4232 3844//4232
f 3863//4233 4013//4233 3922//4233
f 4033//4234 4022//4234 3869//4234
f 3869//4235 4022//4235 4018//4235
f 3869//4236 4018//4236 3863//4236
f 3863//4237 4018//4237 4013//4237
f 3945//4238 3872//4238 3934//4238
f 3934//4239 3872//4239 3868//4239
f 3934//4240 3868//4240 3927//4240
f 3927//4241 3868//4241 3862//4241
f 3862//4242 3806//4242 3848//4242
f 3729//4243 3843//4243 3806//4243
f 3806//4244 3843//4244 3848//4244
f 3494//4245 3380//4245 3476//4245
f 3476//4246 3380//4246 3373//4246
f 3373//4247 3365//4247 3476//4247
f 3476//4248 3365//4248 3356//4248
f 3476//4249 3356//4249 3464//4249
f 3464//4250 3356//4250 3456//4250
f 3464//4251 3456//4251 3559//4251
f 3559//4252 3456//4252 3450//4252
f 3559//4253 3450//4253 3548//4253
f 3548//4254 3450//4254 3614//4254
f 3548//4255 3614//4255 3623//4255
f 3623//4256 3614//4256 3672//4256
f 3623//4257 3672//4257 3680//4257
f 3680//4258 3672//4258 3794//4258
f 3680//4259 3794//4259 3729//4259
f 3729//4260 3794//4260 3843//4260
f 3862//4261 3848//4261 3921//4261
f 3862//4262 3921//4262 3927//4262
f 4365//4263 4476//4263 4366//4263
f 4260//4264 4370//4264 4256//4264
f 4256//4265 4370//4265 4365//4265
f 4256//4266 4365//4266 4366//4266
f 4485//4267 4370//4267 4371//4267
f 4371//4268 4370//4268 4260//4268
f 4370//4269 4485//4269 4365//4269
f 4485//4270 4474//4270 4365//4270
f 4474//4271 4476//4271 4365//4271
f 4473//4272 4474//4272 4582//4272
f 4484//4273 4473//4273 4485//4273
f 4485//4274 4473//4274 4474//4274
f 4140//4275 4252//4275 4253//4275
f 4141//4276 4144//4276 4143//4276
f 4141//4277 4143//4277 4140//4277
f 4252//4278 4140//4278 4259//4278
f 4259//4279 4140//4279 4143//4279
f 4253//4280 4141//4280 4140//4280
f 4141//4281 4122//4281 4017//4281
f 4141//4282 4017//4282 4050//4282
f 4017//4283 4122//4283 4012//4283
f 3837//4284 3842//4284 3914//4284
f 4109//4285 4005//4285 3997//4285
f 4012//4286 4122//4286 4115//4286
f 4012//4287 4115//4287 4005//4287
f 3914//4288 4005//4288 3910//4288
f 3914//4289 3910//4289 3837//4289
f 3837//4290 3910//4290 3838//4290
f 3911//4291 3838//4291 3910//4291
f 3911//4292 3910//4292 3997//4292
f 3997//4293 3910//4293 4005//4293
f 4109//4294 4005//4294 4115//4294
f 3535//4295 3540//4295 3837//4295
f 3837//4296 3540//4296 3842//4296
f 3535//4297 3837//4297 3536//4297
f 3536//4298 3837//4298 3838//4298
f 3536//4299 3838//4299 3609//4299
f 3541//4300 3540//4300 3535//4300
f 3252//4301 3341//4301 3246//4301
f 3246//4302 3341//4302 3328//4302
f 3438//4303 3541//4303 3536//4303
f 3536//4304 3541//4304 3535//4304
f 3253//4305 3252//4305 3247//4305
f 3247//4306 3252//4306 3246//4306
f 3247//4307 3246//4307 3328//4307
f 3431//4308 3328//4308 3438//4308
f 3431//4309 3438//4309 3536//4309
f 3329//4310 3247//4310 3328//4310
f 3329//4311 3328//4311 3431//4311
f 3261//4312 3252//4312 3262//4312
f 3262//4313 3252//4313 3253//4313
f 3431//4314 3536//4314 3432//4314
f 3431//4315 3432//4315 3329//4315
f 3247//4316 3329//4316 3239//4316
f 3247//4317 3239//4317 3253//4317
f 3274//4318 3261//4318 3275//4318
f 3261//4319 3262//4319 3275//4319
f 3502//4320 3391//4320 3392//4320
f 3499//4321 3648//4321 3587//4321
f 3390//4322 3280//4322 3281//4322
f 3213//4323 3169//4323 3214//4323
f 3214//4324 3278//4324 3387//4324
f 3392//4325 3650//4325 3502//4325
f 3502//4326 3650//4326 3588//4326
f 3502//4327 3588//4327 3390//4327
f 3390//4328 3588//4328 3387//4328
f 3500//4329 3499//4329 3276//4329
f 3498//4330 3586//4330 3497//4330
f 3387//4331 3279//4331 3388//4331
f 3218//4332 3219//4332 3388//4332
f 3388//4333 3219//4333 3389//4333
f 3388//4334 3389//4334 3387//4334
f 3387//4335 3389//4335 3390//4335
f 3496//4336 3275//4336 3497//4336
f 3497//4337 3275//4337 3383//4337
f 3497//4338 3383//4338 3498//4338
f 3215//4339 3216//4339 3278//4339
f 3387//4340 3278//4340 3279//4340
f 3167//4341 3168//4341 3277//4341
f 3277//4342 3168//4342 3212//4342
f 3277//4343 3212//4343 3276//4343
f 3214//4344 3387//4344 3501//4344
f 3501//4345 3387//4345 3386//4345
f 3498//4346 3383//4346 3384//4346
f 3498//4347 3384//4347 3499//4347
f 3499//4348 3384//4348 3385//4348
f 3499//4349 3385//4349 3276//4349
f 3381//4350 3275//4350 3382//4350
f 3382//4351 3275//4351 3496//4351
f 3382//4352 3496//4352 3584//4352
f 3584//4353 3496//4353 3585//4353
f 3275//4354 3381//4354 3274//4354
f 3274//4355 3381//4355 3380//4355
f 3274//4356 3380//4356 3494//4356
f 3649//4357 3500//4357 3501//4357
f 3501//4358 3500//4358 3276//4358
f 3501//4359 3276//4359 3214//4359
f 3214//4360 3276//4360 3213//4360
f 3213//4361 3276//4361 3212//4361
f 3868//4362 3867//4362 3810//4362
f 3868//4363 3810//4363 3862//4363
f 3862//4364 3810//4364 3806//4364
f 3680//4365 3622//4365 3623//4365
f 3623//4366 3622//4366 3547//4366
f 3623//4367 3547//4367 3548//4367
f 3548//4368 3547//4368 3456//4368
f 3548//4369 3456//4369 3559//4369
f 3867//4370 3868//4370 3871//4370
f 3871//4371 3868//4371 3872//4371
f 3871//4372 3872//4372 3945//4372
f 4259//4373 4850//4373 4252//4373
f 4252//4374 4850//4374 4848//4374
f 4252//4375 4848//4375 4253//4375
f 4895//4376 4848//4376 4898//4376
f 4898//4377 4848//4377 4850//4377
f 4951//4378 4895//4378 4956//4378
f 4956//4379 4895//4379 4898//4379
f 4952//4380 4951//4380 4957//4380
f 4957//4381 4951//4381 4956//4381
f 5046//4382 5017//4382 5044//4382
f 5044//4383 5017//4383 5014//4383
f 5076//4384 5046//4384 5077//4384
f 5077//4385 5046//4385 5074//4385
f 5074//4386 5046//4386 5044//4386
f 5074//4387 5071//4387 5093//4387
f 5074//4388 5093//4388 5077//4388
f 5077//4389 5093//4389 5097//4389
f 5077//4390 5097//4390 5076//4390
f 5076//4391 5097//4391 5096//4391
f 5092//4392 5091//4392 5105//4392
f 5092//4393 5105//4393 5096//4393
f 5096//4394 5105//4394 5114//4394
f 5071//4395 5092//4395 5093//4395
f 5093//4396 5092//4396 5097//4396
f 5097//4397 5092//4397 5096//4397
f 5096//4398 5114//4398 5113//4398
f 5104//4399 5103//4399 5112//4399
f 5112//4400 5103//4400 5111//4400
f 5103//4401 5102//4401 5111//4401
f 5111//4402 5102//4402 5109//4402
f 5091//4403 5104//4403 5105//4403
f 5105//4404 5104//4404 5114//4404
f 5114//4405 5104//4405 5112//4405
f 5114//4406 5112//4406 5113//4406
f 5113//4407 5112//4407 5111//4407
f 5113//4408 5111//4408 5110//4408
f 5110//4409 5111//4409 5109//4409
f 5110//4410 5109//4410 5107//4410
f 5101//4411 5090//4411 5100//4411
f 5101//4412 5100//4412 5108//4412
f 5108//4413 5100//4413 5106//4413
f 5102//4414 5101//4414 5109//4414
f 5109//4415 5101//4415 5108//4415
f 5109//4416 5108//4416 5107//4416
f 5107//4417 5108//4417 5106//4417
f 5107//4418 5106//4418 5095//4418
f 5089//4419 5070//4419 5088//4419
f 5089//4420 5088//4420 5095//4420
f 5095//4421 5088//4421 5094//4421
f 5070//4422 5069//4422 5088//4422
f 5088//4423 5069//4423 5094//4423
f 5094//4424 5069//4424 5075//4424
f 5090//4425 5089//4425 5100//4425
f 5100//4426 5089//4426 5106//4426
f 5106//4427 5089//4427 5095//4427
f 5095//4428 5094//4428 5075//4428
f 5042//4429 5012//4429 5045//4429
f 5045//4430 5012//4430 5016//4430
f 4957//4431 5016//4431 4952//4431
f 4952//4432 5016//4432 5012//4432
f 5016//4433 4957//4433 5045//4433
f 5045//4434 5075//4434 5042//4434
f 5042//4435 5075//4435 5069//4435
f 4895//4436 4951//4436 4762//4436
f 4762//4437 4951//4437 4952//4437
f 4762//4438 4952//4438 4809//4438
f 4809//4439 4952//4439 5012//4439
f 4809//4440 5012//4440 4810//4440
f 4813//4441 4812//4441 5092//4441
f 4775//4442 5104//4442 4812//4442
f 4812//4443 5104//4443 5091//4443
f 4812//4444 5091//4444 5092//4444
f 4895//4445 4762//4445 4848//4445
f 4848//4446 4762//4446 4685//4446
f 4848//4447 4685//4447 4253//4447
f 4253//4448 4685//4448 4577//4448
f 4253//4449 4577//4449 4358//4449
f 5092//4450 5071//4450 4813//4450
f 4813//4451 5071//4451 5074//4451
f 4813//4452 5074//4452 5044//4452
f 4813//4453 5044//4453 4776//4453
f 4776//4454 5044//4454 5014//4454
f 4358//4455 4577//4455 4359//4455
f 4359//4456 4577//4456 4578//4456
f 4359//4457 4578//4457 4360//4457
f 5012//4458 5042//4458 4810//4458
f 4810//4459 5042//4459 5069//4459
f 4810//4460 5069//4460 4811//4460
f 4811//4461 5069//4461 5070//4461
f 4811//4462 5070//4462 4763//4462
f 4763//4463 5070//4463 5089//4463
f 4368//4464 4367//4464 4479//4464
f 4479//4465 4367//4465 4478//4465
f 4849//4466 4480//4466 4586//4466
f 4469//4467 4470//4467 4362//4467
f 4469//4468 4362//4468 4578//4468
f 4578//4469 4362//4469 4361//4469
f 4578//4470 4361//4470 4360//4470
f 4368//4471 4479//4471 4480//4471
f 4480//4472 4479//4472 4586//4472
f 5014//4473 5015//4473 4776//4473
f 4776//4474 5015//4474 4953//4474
f 4776//4475 4953//4475 4896//4475
f 4764//4476 4766//4476 4686//4476
f 4686//4477 4766//4477 4765//4477
f 4686//4478 4765//4478 4689//4478
f 4689//4479 4688//4479 4686//4479
f 4686//4480 4688//4480 4687//4480
f 4686//4481 4687//4481 4579//4481
f 4579//4482 4687//4482 4580//4482
f 4579//4483 4580//4483 4471//4483
f 4579//4484 4471//4484 4470//4484
f 4586//4485 4696//4485 4849//4485
f 4849//4486 4696//4486 4777//4486
f 4849//4487 4777//4487 4776//4487
f 4849//4488 4776//4488 4896//4488
f 4775//4489 5102//4489 5103//4489
f 4775//4490 5103//4490 5104//4490
f 4769//4491 4767//4491 5102//4491
f 4692//4492 4774//4492 4775//4492
f 4367//4493 4366//4493 4478//4493
f 4478//4494 4366//4494 4477//4494
f 4477//4495 4366//4495 4584//4495
f 4584//4496 4366//4496 4476//4496
f 4584//4497 4476//4497 4583//4497
f 4583//4498 4476//4498 4474//4498
f 4583//4499 4474//4499 4695//4499
f 4695//4500 4474//4500 4693//4500
f 4695//4501 4693//4501 4775//4501
f 4775//4502 4693//4502 4692//4502
f 4774//4503 4773//4503 4775//4503
f 4775//4504 4773//4504 4772//4504
f 4775//4505 4772//4505 5102//4505
f 5102//4506 4772//4506 4770//4506
f 5102//4507 4770//4507 4769//4507
f 4767//4508 4766//4508 5102//4508
f 5102//4509 4766//4509 4764//4509
f 5102//4510 4764//4510 5101//4510
f 5101//4511 4764//4511 4763//4511
f 5101//4512 4763//4512 5090//4512
f 5090//4513 4763//4513 5089//4513
f 5018//4514 5017//4514 5022//4514
f 5022//4515 5017//4515 5021//4515
f 5018//4516 5022//4516 4974//4516
f 5018//4517 4974//4517 4959//4517
f 4959//4518 4974//4518 4899//4518
f 4899//4519 4974//4519 4909//4519
f 4899//4520 4909//4520 4852//4520
f 4852//4521 4909//4521 4863//4521
f 4852//4522 4863//4522 4373//4522
f 4373//4523 4863//4523 4381//4523
f 4372//4524 4373//4524 4380//4524
f 4380//4525 4373//4525 4381//4525
f 4372//4526 4380//4526 4263//4526
f 4263//4527 4380//4527 4270//4527
f 4263//4528 4270//4528 4262//4528
f 4262//4529 4270//4529 4269//4529
f 4262//4530 4269//4530 4261//4530
f 4261//4531 4269//4531 4268//4531
f 4261//4532 4268//4532 4260//4532
f 4260//4533 4268//4533 4379//4533
f 4346//4534 4342//4534 4450//4534
f 4459//4535 4460//4535 4601//4535
f 4601//4536 4460//4536 4473//4536
f 4601//4537 4473//4537 4484//4537
f 4601//4538 4484//4538 4493//4538
f 4345//4539 4341//4539 4342//4539
f 4377//4540 4346//4540 4491//4540
f 4129//4541 4127//4541 4228//4541
f 4149//4542 4233//4542 4377//4542
f 4377//4543 4233//4543 4234//4543
f 4229//4544 4341//4544 4234//4544
f 4234//4545 4341//4545 4345//4545
f 4234//4546 4345//4546 4377//4546
f 4377//4547 4345//4547 4346//4547
f 4346//4548 4345//4548 4342//4548
f 3934//4549 4022//4549 3945//4549
f 3945//4550 4022//4550 4033//4550
f 3964//4551 3945//4551 4033//4551
f 3964//4552 4033//4552 4149//4552
f 4149//4553 4033//4553 4034//4553
f 4023//4554 4127//4554 4034//4554
f 4034//4555 4127//4555 4129//4555
f 4034//4556 4129//4556 4149//4556
f 4149//4557 4129//4557 4233//4557
f 4233//4558 4129//4558 4228//4558
f 4484//4559 4485//4559 4493//4559
f 4493//4560 4485//4560 4379//4560
f 4379//4561 4485//4561 4371//4561
f 4379//4562 4371//4562 4260//4562
f 4346//4563 4450//4563 4491//4563
f 4491//4564 4450//4564 4451//4564
f 4491//4565 4451//4565 4596//4565
f 4451//4566 4554//4566 4596//4566
f 4596//4567 4554//4567 4555//4567
f 4596//4568 4555//4568 4598//4568
f 4555//4569 4556//4569 4598//4569
f 4598//4570 4556//4570 4557//4570
f 4598//4571 4557//4571 4599//4571
f 4452//4572 4459//4572 4560//4572
f 4560//4573 4459//4573 4601//4573
f 4560//4574 4601//4574 4559//4574
f 4559//4575 4601//4575 4599//4575
f 4559//4576 4599//4576 4558//4576
f 4558//4577 4599//4577 4557//4577
f 3867//4578 3871//4578 3945//4578
f 3547//4579 3622//4579 3540//4579
f 3540//4580 3622//4580 3842//4580
f 3964//4581 4853//4581 4850//4581
f 3438//4582 3456//4582 3547//4582
f 3438//4583 3547//4583 3541//4583
f 3541//4584 3547//4584 3540//4584
f 3810//4585 3867//4585 4017//4585
f 4017//4586 3867//4586 3945//4586
f 4017//4587 3945//4587 4050//4587
f 4050//4588 3945//4588 3964//4588
f 4850//4589 4259//4589 3964//4589
f 3964//4590 4259//4590 4143//4590
f 3274//4591 3494//4591 3261//4591
f 3261//4592 3494//4592 3476//4592
f 3261//4593 3476//4593 3464//4593
f 3261//4594 3464//4594 3252//4594
f 3438//4595 3328//4595 3456//4595
f 3456//4596 3328//4596 3341//4596
f 3456//4597 3341//4597 3464//4597
f 3464//4598 3341//4598 3252//4598
f 3810//4599 4017//4599 4012//4599
f 3964//4600 4143//4600 4144//4600
f 4144//4601 4141//4601 3964//4601
f 3622//4602 3680//4602 3842//4602
f 3842//4603 3680//4603 3729//4603
f 3842//4604 3729//4604 3806//4604
f 3842//4605 3806//4605 3914//4605
f 3810//4606 4012//4606 4005//4606
f 3810//4607 4005//4607 3806//4607
f 3806//4608 4005//4608 3914//4608
f 3964//4609 4141//4609 4050//4609
f 4850//4610 4853//4610 4900//4610
f 4850//4611 4900//4611 4898//4611
f 4898//4612 4900//4612 4960//4612
f 4898//4613 4960//4613 4956//4613
f 4956//4614 4960//4614 4961//4614
f 4956//4615 4961//4615 4957//4615
f 5021//4616 5017//4616 5046//4616
f 5021//4617 5046//4617 5051//4617
f 5051//4618 5046//4618 5076//4618
f 5051//4619 5076//4619 5079//4619
f 5079//4620 5076//4620 5096//4620
f 5079//4621 5096//4621 5099//4621
f 5099//4622 5096//4622 5113//4622
f 5099//4623 5113//4623 5117//4623
f 5117//4624 5113//4624 5110//4624
f 5117//4625 5110//4625 5116//4625
f 5116//4626 5110//4626 5107//4626
f 5116//4627 5107//4627 5115//4627
f 5115//4628 5107//4628 5095//4628
f 5115//4629 5095//4629 5098//4629
f 5098//4630 5095//4630 5075//4630
f 5098//4631 5075//4631 5078//4631
f 5078//4632 5075//4632 5045//4632
f 5078//4633 5045//4633 5047//4633
f 5047//4634 5045//4634 4957//4634
f 5047//4635 4957//4635 4961//4635
f 4591//4636 4579//4636 4470//4636
f 4591//4637 4470//4637 4490//4637
f 4490//4638 4470//4638 4469//4638
f 4490//4639 4469//4639 4489//4639
f 4489//4640 4469//4640 4578//4640
f 4489//4641 4578//4641 4590//4641
f 4590//4642 4578//4642 4577//4642
f 4590//4643 4577//4643 4589//4643
f 4589//4644 4577//4644 4685//4644
f 4589//4645 4685//4645 4700//4645
f 4700//4646 4685//4646 4762//4646
f 4700//4647 4762//4647 4779//4647
f 4779//4648 4762//4648 4809//4648
f 4779//4649 4809//4649 4815//4649
f 4815//4650 4809//4650 4810//4650
f 4815//4651 4810//4651 4816//4651
f 4816//4652 4810//4652 4811//4652
f 4816//4653 4811//4653 4817//4653
f 4817//4654 4811//4654 4763//4654
f 4817//4655 4763//4655 4780//4655
f 4780//4656 4763//4656 4764//4656
f 4780//4657 4764//4657 4781//4657
f 4781//4658 4764//4658 4686//4658
f 4781//4659 4686//4659 4702//4659
f 4702//4660 4686//4660 4579//4660
f 4702//4661 4579//4661 4591//4661
f 4609//4662 4586//4662 4479//4662
f 4609//4663 4479//4663 4496//4663
f 4496//4664 4479//4664 4478//4664
f 4496//4665 4478//4665 4495//4665
f 4495//4666 4478//4666 4477//4666
f 4495//4667 4477//4667 4494//4667
f 4494//4668 4477//4668 4584//4668
f 4494//4669 4584//4669 4607//4669
f 4607//4670 4584//4670 4583//4670
f 4607//4671 4583//4671 4606//4671
f 4606//4672 4583//4672 4695//4672
f 4606//4673 4695//4673 4709//4673
f 4709//4674 4695//4674 4775//4674
f 4709//4675 4775//4675 4786//4675
f 4786//4676 4775//4676 4812//4676
f 4786//4677 4812//4677 4824//4677
f 4824//4678 4812//4678 4813//4678
f 4824//4679 4813//4679 4825//4679
f 4825//4680 4813//4680 4776//4680
f 4825//4681 4776//4681 4787//4681
f 4787//4682 4776//4682 4777//4682
f 4787//4683 4777//4683 4788//4683
f 4788//4684 4777//4684 4696//4684
f 4788//4685 4696//4685 4711//4685
f 4711//4686 4696//4686 4586//4686
f 4711//4687 4586//4687 4609//4687
f 4788//4688 4711//4688 4863//4688
f 4863//4689 4711//4689 4381//4689
f 4377//4690 4489//4690 4149//4690
f 4149//4691 4489//4691 3964//4691
f 4711//4692 4609//4692 4381//4692
f 4381//4693 4609//4693 4380//4693
f 4380//4694 4609//4694 4496//4694
f 4380//4695 4496//4695 4270//4695
f 4270//4696 4496//4696 4495//4696
f 4489//4697 4590//4697 3964//4697
f 3964//4698 4590//4698 4589//4698
f 3964//4699 4589//4699 4853//4699
f 4974//4700 5022//4700 4787//4700
f 4787//4701 5022//4701 5021//4701
f 4787//4702 5021//4702 4825//4702
f 4825//4703 5021//4703 5051//4703
f 4825//4704 5051//4704 5079//4704
f 4825//4705 5079//4705 4824//4705
f 4824//4706 5079//4706 5099//4706
f 4788//4707 4863//4707 4787//4707
f 4787//4708 4863//4708 4909//4708
f 4787//4709 4909//4709 4974//4709
f 4960//4710 4779//4710 4961//4710
f 4961//4711 4779//4711 4815//4711
f 4961//4712 4815//4712 5047//4712
f 5047//4713 4815//4713 4816//4713
f 5047//4714 4816//4714 5078//4714
f 5078//4715 4816//4715 4817//4715
f 5078//4716 4817//4716 5098//4716
f 5098//4717 4817//4717 4780//4717
f 5098//4718 4780//4718 5115//4718
f 4589//4719 4700//4719 4853//4719
f 4853//4720 4700//4720 4779//4720
f 4853//4721 4779//4721 4900//4721
f 4900//4722 4779//4722 4960//4722
f 5115//4723 4780//4723 5116//4723
f 5116//4724 4780//4724 4781//4724
f 5116//4725 4781//4725 5117//4725
f 4702//4726 4786//4726 4824//4726
f 4702//4727 4824//4727 4781//4727
f 4781//4728 4824//4728 5099//4728
f 4781//4729 5099//4729 5117//4729
f 4598//4730 4599//4730 4709//4730
f 4709//4731 4599//4731 4601//4731
f 4709//4732 4601//4732 4606//4732
f 4606//4733 4601//4733 4493//4733
f 4606//4734 4493//4734 4607//4734
f 4607//4735 4493//4735 4379//4735
f 4607//4736 4379//4736 4494//4736
f 4494//4737 4379//4737 4268//4737
f 4494//4738 4268//4738 4495//4738
f 4495//4739 4268//4739 4269//4739
f 4495//4740 4269//4740 4270//4740
f 4709//4741 4786//4741 4598//4741
f 4598//4742 4786//4742 4702//4742
f 4598//4743 4702//4743 4596//4743
f 4596//4744 4702//4744 4591//4744
f 4596//4745 4591//4745 4491//4745
f 4491//4746 4591//4746 4377//4746
f 4377//4747 4591//4747 4490//4747
f 4377//4748 4490//4748 4489//4748
f 2379//4749 2372//4749 2416//4749
f 2379//4750 2416//4750 2423//4750
f 2423//4751 2416//4751 2417//4751
f 2423//4752 2417//4752 2424//4752
f 2197//4753 2235//4753 2198//4753
f 2198//4754 2235//4754 2236//4754
f 2198//4755 2166//4755 2117//4755
f 2235//4756 2273//4756 2236//4756
f 2236//4757 2273//4757 2274//4757
f 2236//4758 2274//4758 2275//4758
f 2275//4759 2274//4759 2314//4759
f 2165//4760 2197//4760 2115//4760
f 2115//4761 2197//4761 2198//4761
f 2115//4762 2198//4762 2116//4762
f 2116//4763 2198//4763 2117//4763
f 2362//4764 2315//4764 2361//4764
f 2361//4765 2315//4765 2275//4765
f 2361//4766 2275//4766 2360//4766
f 2360//4767 2275//4767 2314//4767
f 2360//4768 2314//4768 2359//4768
f 1720//4769 1660//4769 1629//4769
f 1720//4770 1629//4770 1684//4770
f 1761//4771 1721//4771 1685//4771
f 1629//4772 1593//4772 1592//4772
f 1659//4773 1684//4773 1628//4773
f 1628//4774 1684//4774 1629//4774
f 1628//4775 1629//4775 1591//4775
f 1591//4776 1629//4776 1592//4776
f 1804//4777 1805//4777 1806//4777
f 1806//4778 1761//4778 1804//4778
f 1804//4779 1761//4779 1685//4779
f 1804//4780 1685//4780 1803//4780
f 1803//4781 1685//4781 1660//4781
f 1803//4782 1660//4782 1760//4782
f 1760//4783 1660//4783 1720//4783
f 1381//4784 1321//4784 1237//4784
f 1033//4785 1032//4785 1034//4785
f 1034//4786 1032//4786 1105//4786
f 1034//4787 1105//4787 1179//4787
f 1445//4788 1382//4788 1381//4788
f 1381//4789 1382//4789 1383//4789
f 1381//4790 1383//4790 1321//4790
f 1237//4791 1180//4791 1381//4791
f 1381//4792 1180//4792 1106//4792
f 1381//4793 1106//4793 1320//4793
f 1320//4794 1106//4794 1034//4794
f 1320//4795 1034//4795 1179//4795
f 1320//4796 1179//4796 1236//4796
f 1031//4797 718//4797 1030//4797
f 1030//4798 718//4798 717//4798
f 1030//4799 717//4799 1029//4799
f 1029//4800 717//4800 716//4800
f 1029//4801 716//4801 945//4801
f 716//4802 715//4802 714//4802
f 944//4803 945//4803 882//4803
f 882//4804 945//4804 716//4804
f 882//4805 716//4805 771//4805
f 771//4806 716//4806 714//4806
f 827//4807 772//4807 883//4807
f 883//4808 772//4808 718//4808
f 883//4809 718//4809 946//4809
f 946//4810 718//4810 1031//4810
f 1026//4811 1027//4811 710//4811
f 710//4812 770//4812 825//4812
f 710//4813 1027//4813 1028//4813
f 710//4814 1028//4814 711//4814
f 711//4815 1028//4815 943//4815
f 1025//4816 1026//4816 942//4816
f 942//4817 1026//4817 710//4817
f 942//4818 710//4818 880//4818
f 880//4819 710//4819 825//4819
f 713//4820 712//4820 826//4820
f 826//4821 712//4821 711//4821
f 826//4822 711//4822 943//4822
f 826//4823 943//4823 881//4823
f 1021//4824 1103//4824 1380//4824
f 1380//4825 1103//4825 1444//4825
f 1024//4826 1023//4826 1022//4826
f 1103//4827 1177//4827 1234//4827
f 1443//4828 1444//4828 1379//4828
f 1379//4829 1444//4829 1103//4829
f 1379//4830 1103//4830 1318//4830
f 1318//4831 1103//4831 1234//4831
f 1235//4832 1178//4832 1104//4832
f 1104//4833 1024//4833 1235//4833
f 1235//4834 1024//4834 1022//4834
f 1235//4835 1022//4835 1319//4835
f 1319//4836 1022//4836 1021//4836
f 1319//4837 1021//4837 1380//4837
f 1719//4838 1589//4838 1588//4838
f 1718//4839 1758//4839 1658//4839
f 1658//4840 1758//4840 1800//4840
f 1800//4841 1801//4841 1658//4841
f 1658//4842 1801//4842 1802//4842
f 1658//4843 1802//4843 1759//4843
f 1683//4844 1627//4844 1719//4844
f 1719//4845 1627//4845 1590//4845
f 1719//4846 1590//4846 1589//4846
f 1759//4847 1719//4847 1658//4847
f 1658//4848 1719//4848 1626//4848
f 1626//4849 1719//4849 1588//4849
f 1626//4850 1588//4850 1587//4850
f 2815//4851 2814//4851 2883//4851
f 2730//4852 2657//4852 2699//4852
f 2959//4853 2960//4853 2883//4853
f 2883//4854 2960//4854 3031//4854
f 2883//4855 3031//4855 2961//4855
f 2961//4856 2962//4856 2883//4856
f 2883//4857 2962//4857 2884//4857
f 2883//4858 2884//4858 2815//4858
f 2700//4859 2659//4859 2730//4859
f 2730//4860 2659//4860 2658//4860
f 2730//4861 2658//4861 2657//4861
f 2815//4862 2766//4862 2814//4862
f 2814//4863 2766//4863 2730//4863
f 2814//4864 2730//4864 2765//4864
f 2765//4865 2730//4865 2699//4865
f 2765//4866 2699//4866 2729//4866
f 3604//4867 3522//4867 3712//4867
f 3712//4868 3522//4868 3663//4868
f 3663//4869 3522//4869 3416//4869
f 3663//4870 3416//4870 3603//4870
f 3712//4871 3713//4871 3604//4871
f 3604//4872 3713//4872 3772//4872
f 3604//4873 3772//4873 3773//4873
f 3416//4874 3308//4874 3307//4874
f 3521//4875 3603//4875 3415//4875
f 3415//4876 3603//4876 3416//4876
f 3415//4877 3416//4877 3306//4877
f 3306//4878 3416//4878 3307//4878
f 3714//4879 3664//4879 3775//4879
f 3775//4880 3664//4880 3604//4880
f 3775//4881 3604//4881 3774//4881
f 3774//4882 3604//4882 3773//4882
f 4171//4883 4627//4883 4628//4883
f 4080//4884 4169//4884 4281//4884
f 4732//4885 4629//4885 4628//4885
f 4628//4886 4629//4886 4630//4886
f 4628//4887 4630//4887 4508//4887
f 4508//4888 4392//4888 4628//4888
f 4628//4889 4392//4889 4282//4889
f 4628//4890 4282//4890 4171//4890
f 4079//4891 4078//4891 4080//4891
f 4080//4892 4078//4892 4169//4892
f 4171//4893 4170//4893 4627//4893
f 4627//4894 4170//4894 4080//4894
f 4627//4895 4080//4895 4507//4895
f 4507//4896 4080//4896 4281//4896
f 4507//4897 4281//4897 4391//4897
f 4735//4898 4734//4898 4923//4898
f 4923//4899 4734//4899 4632//4899
f 4923//4900 4632//4900 4922//4900
f 4632//4901 4631//4901 4733//4901
f 4923//4902 4988//4902 4735//4902
f 4735//4903 4988//4903 4989//4903
f 4735//4904 4989//4904 4924//4904
f 4798//4905 4736//4905 4834//4905
f 4834//4906 4736//4906 4735//4906
f 4834//4907 4735//4907 4876//4907
f 4876//4908 4735//4908 4924//4908
f 4875//4909 4922//4909 4833//4909
f 4833//4910 4922//4910 4632//4910
f 4833//4911 4632//4911 4797//4911
f 4797//4912 4632//4912 4733//4912
f 4633//4913 4992//4913 4926//4913
f 4738//4914 4877//4914 4925//4914
f 4927//4915 4878//4915 4926//4915
f 4926//4916 4878//4916 4836//4916
f 4926//4917 4836//4917 4800//4917
f 4800//4918 4740//4918 4926//4918
f 4926//4919 4740//4919 4634//4919
f 4926//4920 4634//4920 4633//4920
f 4737//4921 4799//4921 4738//4921
f 4738//4922 4799//4922 4835//4922
f 4738//4923 4835//4923 4877//4923
f 4633//4924 4739//4924 4992//4924
f 4992//4925 4739//4925 4738//4925
f 4992//4926 4738//4926 4991//4926
f 4991//4927 4738//4927 4925//4927
f 4991//4928 4925//4928 4990//4928
f 4081//4929 4173//4929 4637//4929
f 4637//4930 4173//4930 4636//4930
f 4636//4931 4173//4931 4172//4931
f 4636//4932 4172//4932 4742//4932
f 4637//4933 4510//4933 4081//4933
f 4081//4934 4510//4934 4511//4934
f 4081//4935 4511//4935 4082//4935
f 4082//4936 4511//4936 4394//4936
f 4172//4937 4283//4937 4393//4937
f 4741//4938 4742//4938 4635//4938
f 4635//4939 4742//4939 4172//4939
f 4635//4940 4172//4940 4509//4940
f 4509//4941 4172//4941 4393//4941
f 4084//4942 4083//4942 4174//4942
f 4174//4943 4083//4943 4082//4943
f 4174//4944 4082//4944 4284//4944
f 4284//4945 4082//4945 4394//4945
f 3605//4946 3777//4946 3778//4946
f 3606//4947 3524//4947 3666//4947
f 3666//4948 3524//4948 3418//4948
f 3666//4949 3418//4949 3310//4949
f 3665//4950 3715//4950 3605//4950
f 3605//4951 3715//4951 3776//4951
f 3605//4952 3776//4952 3777//4952
f 3778//4953 3779//4953 3605//4953
f 3605//4954 3779//4954 3780//4954
f 3605//4955 3780//4955 3523//4955
f 3523//4956 3780//4956 3716//4956
f 3523//4957 3716//4957 3417//4957
f 3417//4958 3716//4958 3666//4958
f 3417//4959 3666//4959 3310//4959
f 3417//4960 3310//4960 3309//4960
f 2885//4961 2886//4961 2816//4961
f 2816//4962 2886//4962 2767//4962
f 2767//4963 2886//4963 2817//4963
f 2767//4964 2817//4964 2731//4964
f 2731//4965 2817//4965 2768//4965
f 2731//4966 2768//4966 2701//4966
f 2768//4967 2732//4967 2702//4967
f 2660//4968 2701//4968 2661//4968
f 2661//4969 2701//4969 2768//4969
f 2661//4970 2768//4970 2662//4970
f 2662//4971 2768//4971 2702//4971
f 3032//4972 2965//4972 2964//4972
f 2964//4973 2965//4973 2886//4973
f 2964//4974 2886//4974 2963//4974
f 2963//4975 2886//4975 2885//4975
f 2377//4976 2381//4976 2373//4976
f 2373//4977 2381//4977 2424//4977
f 2373//4978 2424//4978 2417//4978
f 2245//4979 2243//4979 2244//4979
f 2244//4980 2243//4980 2242//4980
f 2244//4981 2242//4981 2241//4981
f 2244//4982 2241//4982 2281//4982
f 2244//4983 2281//4983 2286//4983
f 2286//4984 2281//4984 2322//4984
f 2286//4985 2322//4985 2325//4985
f 2325//4986 2322//4986 2371//4986
f 2325//4987 2371//4987 2378//4987
f 2378//4988 2371//4988 2372//4988
f 2378//4989 2372//4989 2379//4989
f 2589//4990 2592//4990 2583//4990
f 2583//4991 2592//4991 2593//4991
f 2583//4992 2593//4992 2584//4992
f 2715//4993 2711//4993 2717//4993
f 2717//4994 2711//4994 2709//4994
f 2717//4995 2709//4995 2710//4995
f 2717//4996 2710//4996 2674//4996
f 2717//4997 2674//4997 2687//4997
f 2687//4998 2674//4998 2629//4998
f 2687//4999 2629//4999 2637//4999
f 2637//5000 2629//5000 2586//5000
f 2637//5001 2586//5001 2595//5001
f 2595//5002 2586//5002 2585//5002
f 2595//5003 2585//5003 2594//5003
f 2594//5004 2585//5004 2584//5004
f 2594//5005 2584//5005 2593//5005
f 1563//5006 1558//5006 1520//5006
f 1563//5007 1520//5007 1530//5007
f 1530//5008 1520//5008 1475//5008
f 1530//5009 1475//5009 1480//5009
f 1411//5010 1414//5010 1405//5010
f 1405//5011 1414//5011 1480//5011
f 1405//5012 1480//5012 1474//5012
f 1474//5013 1480//5013 1475//5013
f 1527//5014 1522//5014 1609//5014
f 1609//5015 1522//5015 1557//5015
f 1609//5016 1557//5016 1601//5016
f 1609//5017 1601//5017 1602//5017
f 1609//5018 1602//5018 1610//5018
f 1610//5019 1602//5019 1611//5019
f 1602//5020 1603//5020 1611//5020
f 1611//5021 1603//5021 1604//5021
f 1611//5022 1604//5022 1612//5022
f 1612//5023 1604//5023 1558//5023
f 1612//5024 1558//5024 1563//5024
f 1206//5025 1209//5025 1273//5025
f 1273//5026 1209//5026 1356//5026
f 1273//5027 1356//5027 1349//5027
f 1140//5028 1139//5028 1278//5028
f 1278//5029 1139//5029 1202//5029
f 1278//5030 1202//5030 1272//5030
f 1278//5031 1272//5031 1348//5031
f 1278//5032 1348//5032 1354//5032
f 1354//5033 1348//5033 1406//5033
f 1354//5034 1406//5034 1415//5034
f 1415//5035 1406//5035 1407//5035
f 1415//5036 1407//5036 1416//5036
f 1416//5037 1407//5037 1417//5037
f 1407//5038 1408//5038 1417//5038
f 1417//5039 1408//5039 1409//5039
f 1417//5040 1409//5040 1418//5040
f 1418//5041 1409//5041 1349//5041
f 1418//5042 1349//5042 1356//5042
f 3955//5043 3958//5043 3952//5043
f 3952//5044 3958//5044 3879//5044
f 3952//5045 3879//5045 3875//5045
f 3823//5046 3819//5046 3754//5046
f 3754//5047 3819//5047 3815//5047
f 3754//5048 3815//5048 3745//5048
f 3754//5049 3745//5049 3699//5049
f 3754//5050 3699//5050 3703//5050
f 3703//5051 3699//5051 3698//5051
f 3703//5052 3698//5052 3702//5052
f 3702//5053 3698//5053 3697//5053
f 3702//5054 3697//5054 3701//5054
f 3701//5055 3697//5055 3744//5055
f 3701//5056 3744//5056 3751//5056
f 3751//5057 3744//5057 3821//5057
f 3744//5058 3814//5058 3821//5058
f 3821//5059 3814//5059 3875//5059
f 3821//5060 3875//5060 3879//5060
f 3950//5061 3951//5061 2674//5061
f 2416//5062 2372//5062 2675//5062
f 2675//5063 2372//5063 2629//5063
f 2372//5064 2371//5064 2629//5064
f 2629//5065 2371//5065 2322//5065
f 1272//5066 1202//5066 1138//5066
f 3697//5067 3698//5067 2675//5067
f 2675//5068 3698//5068 3699//5068
f 2675//5069 3699//5069 2862//5069
f 1520//5070 1406//5070 1348//5070
f 1520//5071 1348//5071 1475//5071
f 1475//5072 1348//5072 1474//5072
f 1520//5073 1558//5073 1406//5073
f 1406//5074 1558//5074 1604//5074
f 1406//5075 1604//5075 2478//5075
f 2478//5076 1604//5076 1603//5076
f 1601//5077 1557//5077 1641//5077
f 4130//5078 4035//5078 2710//5078
f 2710//5079 4035//5079 2674//5079
f 2674//5080 4035//5080 3950//5080
f 2710//5081 2709//5081 2933//5081
f 4131//5082 4235//5082 4347//5082
f 3745//5083 3815//5083 3651//5083
f 2416//5084 2675//5084 2417//5084
f 2417//5085 2675//5085 2548//5085
f 2417//5086 2548//5086 2373//5086
f 1349//5087 1409//5087 1605//5087
f 1605//5088 1409//5088 1408//5088
f 1605//5089 1408//5089 2629//5089
f 1138//5090 1068//5090 1272//5090
f 1272//5091 1068//5091 1067//5091
f 1272//5092 1067//5092 1348//5092
f 1348//5093 1067//5093 1137//5093
f 1348//5094 1137//5094 1136//5094
f 1641//5095 1739//5095 1601//5095
f 1601//5096 1739//5096 1860//5096
f 1601//5097 1860//5097 1602//5097
f 1602//5098 1860//5098 1998//5098
f 1602//5099 1998//5099 2135//5099
f 3651//5100 3393//5100 3745//5100
f 3745//5101 3393//5101 3170//5101
f 3745//5102 3170//5102 3699//5102
f 3699//5103 3170//5103 3066//5103
f 3699//5104 3066//5104 2862//5104
f 2583//5105 2584//5105 2478//5105
f 2478//5106 2584//5106 2585//5106
f 2478//5107 2585//5107 1406//5107
f 1406//5108 2585//5108 2586//5108
f 1406//5109 2586//5109 1407//5109
f 1407//5110 2586//5110 2629//5110
f 1407//5111 2629//5111 1408//5111
f 2241//5112 1605//5112 2281//5112
f 2281//5113 1605//5113 2629//5113
f 2281//5114 2629//5114 2322//5114
f 2241//5115 2242//5115 2136//5115
f 1136//5116 1201//5116 1348//5116
f 1348//5117 1201//5117 1347//5117
f 1348//5118 1347//5118 1474//5118
f 1603//5119 1602//5119 2478//5119
f 2478//5120 1602//5120 2280//5120
f 2280//5121 1602//5121 2135//5121
f 2933//5122 3101//5122 2710//5122
f 2710//5123 3101//5123 3211//5123
f 2710//5124 3211//5124 3493//5124
f 2710//5125 3493//5125 3696//5125
f 3952//5126 3875//5126 4131//5126
f 4131//5127 3875//5127 3814//5127
f 4131//5128 3814//5128 4037//5128
f 4037//5129 3814//5129 3744//5129
f 3744//5130 3697//5130 4037//5130
f 4037//5131 3697//5131 2675//5131
f 4037//5132 2675//5132 3951//5132
f 3951//5133 2675//5133 2629//5133
f 3951//5134 2629//5134 2674//5134
f 4347//5135 4456//5135 4131//5135
f 4131//5136 4456//5136 4457//5136
f 4131//5137 4457//5137 4458//5137
f 4131//5138 4458//5138 4348//5138
f 2136//5139 1966//5139 2241//5139
f 2241//5140 1966//5140 1831//5140
f 2241//5141 1831//5141 1694//5141
f 2241//5142 1694//5142 1605//5142
f 3696//5143 3813//5143 2710//5143
f 2710//5144 3813//5144 3946//5144
f 2710//5145 3946//5145 4130//5145
f 4348//5146 4236//5146 4131//5146
f 4131//5147 4236//5147 4133//5147
f 4131//5148 4133//5148 3952//5148
f 1349//5149 1605//5149 1521//5149
f 1349//5150 1521//5150 1410//5150
f 1349//5151 1410//5151 1273//5151
f 4239//5152 4243//5152 4130//5152
f 4130//5153 4243//5153 4046//5153
f 4130//5154 4046//5154 4035//5154
f 4353//5155 4350//5155 4139//5155
f 4139//5156 4350//5156 4235//5156
f 4139//5157 4235//5157 4131//5157
f 4139//5158 4131//5158 4037//5158
f 4139//5159 4037//5159 4049//5159
f 4049//5160 4037//5160 3951//5160
f 4049//5161 3951//5161 3957//5161
f 3957//5162 3951//5162 3950//5162
f 3957//5163 3950//5163 3956//5163
f 3956//5164 3950//5164 4035//5164
f 3956//5165 4035//5165 4046//5165
f 2504//5166 2506//5166 2541//5166
f 2504//5167 2541//5167 2535//5167
f 2535//5168 2541//5168 2542//5168
f 2535//5169 2542//5169 2536//5169
f 2533//5170 2539//5170 2540//5170
f 2533//5171 2540//5171 2534//5171
f 2534//5172 2540//5172 2505//5172
f 2534//5173 2505//5173 2503//5173
f 1450//5174 1456//5174 1457//5174
f 1450//5175 1457//5175 1451//5175
f 2235//5176 2232//5176 2270//5176
f 2235//5177 2270//5177 2273//5177
f 2273//5178 2270//5178 2271//5178
f 2273//5179 2271//5179 2274//5179
f 2274//5180 2271//5180 2312//5180
f 2274//5181 2312//5181 2314//5181
f 2314//5182 2312//5182 2354//5182
f 2314//5183 2354//5183 2359//5183
f 2359//5184 2354//5184 2355//5184
f 2359//5185 2355//5185 2360//5185
f 2360//5186 2355//5186 2356//5186
f 2360//5187 2356//5187 2361//5187
f 2361//5188 2356//5188 2357//5188
f 2361//5189 2357//5189 2362//5189
f 2362//5190 2357//5190 2313//5190
f 2362//5191 2313//5191 2315//5191
f 2315//5192 2313//5192 2272//5192
f 2315//5193 2272//5193 2275//5193
f 2275//5194 2272//5194 2233//5194
f 2275//5195 2233//5195 2236//5195
f 2236//5196 2233//5196 2196//5196
f 2236//5197 2196//5197 2198//5197
f 2198//5198 2196//5198 2163//5198
f 2198//5199 2163//5199 2166//5199
f 2166//5200 2163//5200 2113//5200
f 2166//5201 2113//5201 2117//5201
f 2117//5202 2113//5202 2112//5202
f 2117//5203 2112//5203 2116//5203
f 2116//5204 2112//5204 2115//5204
f 2112//5205 2111//5205 2115//5205
f 2115//5206 2111//5206 2162//5206
f 2115//5207 2162//5207 2165//5207
f 2165//5208 2162//5208 2195//5208
f 2165//5209 2195//5209 2197//5209
f 2197//5210 2195//5210 2232//5210
f 2197//5211 2232//5211 2235//5211
f 1804//5212 1796//5212 1797//5212
f 1804//5213 1797//5213 1805//5213
f 1805//5214 1797//5214 1798//5214
f 1805//5215 1798//5215 1806//5215
f 1806//5216 1798//5216 1756//5216
f 1806//5217 1756//5217 1761//5217
f 1761//5218 1756//5218 1717//5218
f 1761//5219 1717//5219 1721//5219
f 1721//5220 1717//5220 1681//5220
f 1721//5221 1681//5221 1685//5221
f 1685//5222 1681//5222 1657//5222
f 1685//5223 1657//5223 1660//5223
f 1660//5224 1657//5224 1624//5224
f 1660//5225 1624//5225 1629//5225
f 1629//5226 1624//5226 1586//5226
f 1629//5227 1586//5227 1593//5227
f 1593//5228 1586//5228 1592//5228
f 1586//5229 1585//5229 1592//5229
f 1592//5230 1585//5230 1584//5230
f 1592//5231 1584//5231 1591//5231
f 1591//5232 1584//5232 1583//5232
f 1591//5233 1583//5233 1628//5233
f 1583//5234 1623//5234 1628//5234
f 1628//5235 1623//5235 1656//5235
f 1628//5236 1656//5236 1659//5236
f 1659//5237 1656//5237 1680//5237
f 1659//5238 1680//5238 1684//5238
f 1684//5239 1680//5239 1716//5239
f 1684//5240 1716//5240 1720//5240
f 1720//5241 1716//5241 1755//5241
f 1720//5242 1755//5242 1760//5242
f 1760//5243 1755//5243 1795//5243
f 1760//5244 1795//5244 1803//5244
f 1803//5245 1795//5245 1796//5245
f 1803//5246 1796//5246 1804//5246
f 1320//5247 1312//5247 1371//5247
f 1320//5248 1371//5248 1381//5248
f 1381//5249 1371//5249 1372//5249
f 1381//5250 1372//5250 1445//5250
f 1445//5251 1372//5251 1439//5251
f 1445//5252 1439//5252 1373//5252
f 1373//5253 1383//5253 1382//5253
f 1373//5254 1382//5254 1445//5254
f 1373//5255 1374//5255 1383//5255
f 1383//5256 1374//5256 1313//5256
f 1383//5257 1313//5257 1321//5257
f 1321//5258 1313//5258 1237//5258
f 1313//5259 1232//5259 1237//5259
f 1237//5260 1232//5260 1174//5260
f 1237//5261 1174//5261 1180//5261
f 1180//5262 1174//5262 1102//5262
f 1180//5263 1102//5263 1106//5263
f 1106//5264 1102//5264 1019//5264
f 1106//5265 1019//5265 1034//5265
f 1034//5266 1019//5266 1018//5266
f 1034//5267 1018//5267 1033//5267
f 1033//5268 1018//5268 1017//5268
f 1033//5269 1017//5269 1032//5269
f 1032//5270 1017//5270 1101//5270
f 1032//5271 1101//5271 1105//5271
f 1105//5272 1101//5272 1179//5272
f 1101//5273 1173//5273 1179//5273
f 1179//5274 1173//5274 1231//5274
f 1179//5275 1231//5275 1236//5275
f 1236//5276 1231//5276 1312//5276
f 1236//5277 1312//5277 1320//5277
f 1030//5278 1015//5278 1016//5278
f 1030//5279 1016//5279 1031//5279
f 1031//5280 1016//5280 940//5280
f 1031//5281 940//5281 946//5281
f 946//5282 940//5282 878//5282
f 946//5283 878//5283 883//5283
f 883//5284 878//5284 827//5284
f 878//5285 823//5285 827//5285
f 827//5286 823//5286 768//5286
f 827//5287 768//5287 772//5287
f 772//5288 768//5288 708//5288
f 772//5289 708//5289 718//5289
f 718//5290 708//5290 707//5290
f 718//5291 707//5291 717//5291
f 717//5292 707//5292 706//5292
f 717//5293 706//5293 716//5293
f 716//5294 706//5294 705//5294
f 704//5295 714//5295 705//5295
f 705//5296 714//5296 715//5296
f 705//5297 715//5297 716//5297
f 704//5298 703//5298 714//5298
f 714//5299 703//5299 767//5299
f 714//5300 767//5300 771//5300
f 1014//5301 1029//5301 939//5301
f 939//5302 1029//5302 945//5302
f 939//5303 945//5303 944//5303
f 939//5304 944//5304 938//5304
f 938//5305 944//5305 882//5305
f 938//5306 882//5306 877//5306
f 877//5307 882//5307 771//5307
f 877//5308 771//5308 767//5308
f 1029//5309 1014//5309 1015//5309
f 1029//5310 1015//5310 1030//5310
f 1027//5311 1012//5311 1013//5311
f 1027//5312 1013//5312 1028//5312
f 943//5313 1028//5313 937//5313
f 937//5314 1028//5314 1013//5314
f 943//5315 937//5315 881//5315
f 881//5316 937//5316 876//5316
f 696//5317 711//5317 712//5317
f 881//5318 876//5318 820//5318
f 881//5319 820//5319 826//5319
f 826//5320 820//5320 698//5320
f 826//5321 698//5321 713//5321
f 713//5322 698//5322 697//5322
f 713//5323 697//5323 712//5323
f 712//5324 697//5324 696//5324
f 711//5325 696//5325 695//5325
f 711//5326 695//5326 710//5326
f 1012//5327 1027//5327 1026//5327
f 770//5328 710//5328 762//5328
f 762//5329 710//5329 695//5329
f 770//5330 762//5330 825//5330
f 825//5331 762//5331 819//5331
f 825//5332 819//5332 875//5332
f 825//5333 875//5333 880//5333
f 880//5334 875//5334 936//5334
f 880//5335 936//5335 942//5335
f 942//5336 936//5336 1010//5336
f 942//5337 1010//5337 1025//5337
f 1025//5338 1010//5338 1026//5338
f 1026//5339 1010//5339 1011//5339
f 1026//5340 1011//5340 1012//5340
f 1230//5341 1235//5341 1311//5341
f 1311//5342 1235//5342 1319//5342
f 1311//5343 1319//5343 1310//5343
f 1006//5344 1021//5344 1022//5344
f 1235//5345 1230//5345 1172//5345
f 1235//5346 1172//5346 1178//5346
f 1178//5347 1172//5347 1104//5347
f 1172//5348 1100//5348 1104//5348
f 1104//5349 1100//5349 1009//5349
f 1104//5350 1009//5350 1024//5350
f 1024//5351 1009//5351 1008//5351
f 1024//5352 1008//5352 1023//5352
f 1023//5353 1008//5353 1007//5353
f 1023//5354 1007//5354 1022//5354
f 1022//5355 1007//5355 1006//5355
f 1021//5356 1006//5356 1099//5356
f 1021//5357 1099//5357 1103//5357
f 1177//5358 1103//5358 1171//5358
f 1171//5359 1103//5359 1099//5359
f 1177//5360 1171//5360 1229//5360
f 1177//5361 1229//5361 1234//5361
f 1234//5362 1229//5362 1309//5362
f 1234//5363 1309//5363 1318//5363
f 1318//5364 1309//5364 1369//5364
f 1369//5365 1443//5365 1379//5365
f 1369//5366 1379//5366 1318//5366
f 1369//5367 1437//5367 1443//5367
f 1443//5368 1437//5368 1438//5368
f 1443//5369 1438//5369 1444//5369
f 1444//5370 1438//5370 1370//5370
f 1444//5371 1370//5371 1380//5371
f 1380//5372 1370//5372 1310//5372
f 1380//5373 1310//5373 1319//5373
f 1759//5374 1754//5374 1715//5374
f 1759//5375 1715//5375 1719//5375
f 1719//5376 1715//5376 1679//5376
f 1719//5377 1679//5377 1683//5377
f 1683//5378 1679//5378 1655//5378
f 1683//5379 1655//5379 1627//5379
f 1581//5380 1589//5380 1590//5380
f 1581//5381 1590//5381 1582//5381
f 1582//5382 1590//5382 1627//5382
f 1582//5383 1627//5383 1622//5383
f 1622//5384 1627//5384 1655//5384
f 1589//5385 1581//5385 1588//5385
f 1581//5386 1580//5386 1588//5386
f 1588//5387 1580//5387 1579//5387
f 1588//5388 1579//5388 1587//5388
f 1587//5389 1579//5389 1621//5389
f 1587//5390 1621//5390 1626//5390
f 1626//5391 1621//5391 1654//5391
f 1626//5392 1654//5392 1658//5392
f 1658//5393 1654//5393 1714//5393
f 1714//5394 1758//5394 1718//5394
f 1714//5395 1718//5395 1658//5395
f 1714//5396 1753//5396 1758//5396
f 1758//5397 1753//5397 1792//5397
f 1758//5398 1792//5398 1800//5398
f 1800//5399 1792//5399 1793//5399
f 1800//5400 1793//5400 1801//5400
f 1801//5401 1793//5401 1794//5401
f 1801//5402 1794//5402 1802//5402
f 1802//5403 1794//5403 1754//5403
f 1802//5404 1754//5404 1759//5404
f 2815//5405 2811//5405 2762//5405
f 2815//5406 2762//5406 2766//5406
f 2766//5407 2762//5407 2725//5407
f 2766//5408 2725//5408 2730//5408
f 2700//5409 2730//5409 2696//5409
f 2696//5410 2730//5410 2725//5410
f 2700//5411 2696//5411 2659//5411
f 2659//5412 2696//5412 2652//5412
f 2659//5413 2652//5413 2651//5413
f 2659//5414 2651//5414 2658//5414
f 2658//5415 2651//5415 2657//5415
f 2651//5416 2650//5416 2657//5416
f 2657//5417 2650//5417 2699//5417
f 2650//5418 2695//5418 2699//5418
f 2699//5419 2695//5419 2724//5419
f 2699//5420 2724//5420 2729//5420
f 2729//5421 2724//5421 2761//5421
f 2729//5422 2761//5422 2765//5422
f 2765//5423 2761//5423 2810//5423
f 2765//5424 2810//5424 2814//5424
f 2814//5425 2810//5425 2877//5425
f 2814//5426 2877//5426 2883//5426
f 2883//5427 2877//5427 2959//5427
f 2952//5428 2960//5428 2959//5428
f 2952//5429 2959//5429 2951//5429
f 2951//5430 2959//5430 2877//5430
f 2811//5431 2815//5431 2884//5431
f 2960//5432 2952//5432 3029//5432
f 2960//5433 3029//5433 3031//5433
f 3031//5434 3029//5434 2953//5434
f 3031//5435 2953//5435 2961//5435
f 2961//5436 2953//5436 2954//5436
f 2961//5437 2954//5437 2962//5437
f 2962//5438 2954//5438 2878//5438
f 2962//5439 2878//5439 2884//5439
f 2884//5440 2878//5440 2879//5440
f 2884//5441 2879//5441 2811//5441
f 3416//5442 3411//5442 3303//5442
f 3416//5443 3303//5443 3308//5443
f 3308//5444 3303//5444 3307//5444
f 3303//5445 3302//5445 3307//5445
f 3307//5446 3302//5446 3301//5446
f 3307//5447 3301//5447 3306//5447
f 3306//5448 3301//5448 3410//5448
f 3306//5449 3410//5449 3415//5449
f 3410//5450 3409//5450 3415//5450
f 3415//5451 3409//5451 3517//5451
f 3415//5452 3517//5452 3521//5452
f 3521//5453 3517//5453 3598//5453
f 3521//5454 3598//5454 3603//5454
f 3603//5455 3598//5455 3658//5455
f 3603//5456 3658//5456 3663//5456
f 3663//5457 3658//5457 3707//5457
f 3663//5458 3707//5458 3712//5458
f 3712//5459 3707//5459 3708//5459
f 3712//5460 3708//5460 3713//5460
f 3713//5461 3708//5461 3763//5461
f 3713//5462 3763//5462 3772//5462
f 3772//5463 3763//5463 3764//5463
f 3772//5464 3764//5464 3773//5464
f 3773//5465 3764//5465 3765//5465
f 3773//5466 3765//5466 3774//5466
f 3774//5467 3765//5467 3766//5467
f 3774//5468 3766//5468 3775//5468
f 3775//5469 3766//5469 3709//5469
f 3775//5470 3709//5470 3714//5470
f 3714//5471 3709//5471 3659//5471
f 3714//5472 3659//5472 3664//5472
f 3664//5473 3659//5473 3599//5473
f 3664//5474 3599//5474 3604//5474
f 3604//5475 3599//5475 3518//5475
f 3604//5476 3518//5476 3522//5476
f 3522//5477 3518//5477 3411//5477
f 3522//5478 3411//5478 3416//5478
f 4171//5479 4161//5479 4160//5479
f 4171//5480 4160//5480 4170//5480
f 4170//5481 4160//5481 4067//5481
f 4170//5482 4067//5482 4080//5482
f 4080//5483 4067//5483 4066//5483
f 4080//5484 4066//5484 4079//5484
f 4079//5485 4066//5485 4078//5485
f 4159//5486 4169//5486 4078//5486
f 4159//5487 4078//5487 4065//5487
f 4065//5488 4078//5488 4066//5488
f 4169//5489 4159//5489 4276//5489
f 4169//5490 4276//5490 4281//5490
f 4281//5491 4276//5491 4385//5491
f 4281//5492 4385//5492 4391//5492
f 4391//5493 4385//5493 4501//5493
f 4391//5494 4501//5494 4507//5494
f 4507//5495 4501//5495 4613//5495
f 4507//5496 4613//5496 4627//5496
f 4627//5497 4613//5497 4614//5497
f 4627//5498 4614//5498 4628//5498
f 4628//5499 4614//5499 4615//5499
f 4628//5500 4615//5500 4732//5500
f 4615//5501 4719//5501 4732//5501
f 4732//5502 4719//5502 4720//5502
f 4732//5503 4720//5503 4629//5503
f 4629//5504 4720//5504 4616//5504
f 4616//5505 4617//5505 4629//5505
f 4629//5506 4617//5506 4618//5506
f 4629//5507 4618//5507 4630//5507
f 4630//5508 4618//5508 4502//5508
f 4630//5509 4502//5509 4508//5509
f 4508//5510 4502//5510 4392//5510
f 4392//5511 4502//5511 4386//5511
f 4392//5512 4386//5512 4277//5512
f 4392//5513 4277//5513 4282//5513
f 4282//5514 4277//5514 4161//5514
f 4282//5515 4161//5515 4171//5515
f 4923//5516 4913//5516 4977//5516
f 4923//5517 4977//5517 4988//5517
f 4988//5518 4977//5518 4978//5518
f 4988//5519 4978//5519 4989//5519
f 4989//5520 4978//5520 4914//5520
f 4989//5521 4914//5521 4924//5521
f 4924//5522 4914//5522 4865//5522
f 4924//5523 4865//5523 4876//5523
f 4876//5524 4865//5524 4830//5524
f 4876//5525 4830//5525 4834//5525
f 4834//5526 4830//5526 4793//5526
f 4834//5527 4793//5527 4798//5527
f 4798//5528 4793//5528 4724//5528
f 4798//5529 4724//5529 4736//5529
f 4736//5530 4724//5530 4723//5530
f 4736//5531 4723//5531 4735//5531
f 4735//5532 4723//5532 4722//5532
f 4735//5533 4722//5533 4734//5533
f 4734//5534 4722//5534 4620//5534
f 4734//5535 4620//5535 4632//5535
f 4632//5536 4620//5536 4619//5536
f 4632//5537 4619//5537 4631//5537
f 4631//5538 4619//5538 4721//5538
f 4631//5539 4721//5539 4733//5539
f 4733//5540 4721//5540 4792//5540
f 4733//5541 4792//5541 4797//5541
f 4797//5542 4792//5542 4829//5542
f 4797//5543 4829//5543 4833//5543
f 4833//5544 4829//5544 4864//5544
f 4833//5545 4864//5545 4875//5545
f 4875//5546 4864//5546 4911//5546
f 4875//5547 4911//5547 4922//5547
f 4913//5548 4923//5548 4912//5548
f 4912//5549 4923//5549 4922//5549
f 4912//5550 4922//5550 4911//5550
f 4633//5551 4621//5551 4727//5551
f 4633//5552 4727//5552 4739//5552
f 4739//5553 4727//5553 4726//5553
f 4739//5554 4726//5554 4738//5554
f 4984//5555 4991//5555 4990//5555
f 4737//5556 4738//5556 4725//5556
f 4725//5557 4738//5557 4726//5557
f 4737//5558 4725//5558 4799//5558
f 4799//5559 4725//5559 4794//5559
f 4799//5560 4794//5560 4831//5560
f 4799//5561 4831//5561 4835//5561
f 4835//5562 4831//5562 4870//5562
f 4835//5563 4870//5563 4877//5563
f 4877//5564 4870//5564 4917//5564
f 4877//5565 4917//5565 4925//5565
f 4925//5566 4917//5566 4990//5566
f 4990//5567 4917//5567 4983//5567
f 4990//5568 4983//5568 4984//5568
f 4991//5569 4984//5569 4985//5569
f 4991//5570 4985//5570 4992//5570
f 4992//5571 4985//5571 4918//5571
f 4992//5572 4918//5572 4926//5572
f 4926//5573 4918//5573 4919//5573
f 4926//5574 4919//5574 4927//5574
f 4927//5575 4919//5575 4871//5575
f 4927//5576 4871//5576 4878//5576
f 4878//5577 4871//5577 4832//5577
f 4878//5578 4832//5578 4836//5578
f 4836//5579 4832//5579 4795//5579
f 4836//5580 4795//5580 4800//5580
f 4800//5581 4795//5581 4728//5581
f 4800//5582 4728//5582 4740//5582
f 4740//5583 4728//5583 4622//5583
f 4740//5584 4622//5584 4634//5584
f 4634//5585 4622//5585 4621//5585
f 4634//5586 4621//5586 4633//5586
f 4636//5587 4624//5587 4625//5587
f 4636//5588 4625//5588 4637//5588
f 4637//5589 4625//5589 4504//5589
f 4637//5590 4504//5590 4510//5590
f 4510//5591 4504//5591 4505//5591
f 4510//5592 4505//5592 4511//5592
f 4511//5593 4505//5593 4388//5593
f 4511//5594 4388//5594 4394//5594
f 4068//5595 4081//5595 4082//5595
f 4394//5596 4388//5596 4279//5596
f 4164//5597 4174//5597 4279//5597
f 4279//5598 4174//5598 4284//5598
f 4279//5599 4284//5599 4394//5599
f 4174//5600 4164//5600 4071//5600
f 4174//5601 4071//5601 4084//5601
f 4084//5602 4071//5602 4070//5602
f 4084//5603 4070//5603 4083//5603
f 4083//5604 4070//5604 4069//5604
f 4083//5605 4069//5605 4082//5605
f 4082//5606 4069//5606 4068//5606
f 4081//5607 4068//5607 4163//5607
f 4081//5608 4163//5608 4173//5608
f 4173//5609 4163//5609 4162//5609
f 4173//5610 4162//5610 4172//5610
f 4172//5611 4162//5611 4278//5611
f 4172//5612 4278//5612 4283//5612
f 4283//5613 4278//5613 4393//5613
f 4278//5614 4387//5614 4393//5614
f 4393//5615 4387//5615 4503//5615
f 4393//5616 4503//5616 4509//5616
f 4509//5617 4503//5617 4623//5617
f 4509//5618 4623//5618 4635//5618
f 4635//5619 4623//5619 4741//5619
f 4623//5620 4729//5620 4741//5620
f 4741//5621 4729//5621 4730//5621
f 4741//5622 4730//5622 4742//5622
f 4742//5623 4730//5623 4624//5623
f 4742//5624 4624//5624 4636//5624
f 3417//5625 3412//5625 3519//5625
f 3417//5626 3519//5626 3523//5626
f 3523//5627 3519//5627 3600//5627
f 3523//5628 3600//5628 3605//5628
f 3605//5629 3600//5629 3660//5629
f 3660//5630 3715//5630 3665//5630
f 3660//5631 3665//5631 3605//5631
f 3660//5632 3710//5632 3715//5632
f 3715//5633 3710//5633 3767//5633
f 3715//5634 3767//5634 3776//5634
f 3776//5635 3767//5635 3768//5635
f 3776//5636 3768//5636 3777//5636
f 3777//5637 3768//5637 3769//5637
f 3777//5638 3769//5638 3778//5638
f 3778//5639 3769//5639 3770//5639
f 3778//5640 3770//5640 3779//5640
f 3779//5641 3770//5641 3771//5641
f 3779//5642 3771//5642 3780//5642
f 3780//5643 3771//5643 3711//5643
f 3780//5644 3711//5644 3716//5644
f 3716//5645 3711//5645 3661//5645
f 3716//5646 3661//5646 3666//5646
f 3666//5647 3661//5647 3601//5647
f 3666//5648 3601//5648 3606//5648
f 3606//5649 3601//5649 3520//5649
f 3606//5650 3520//5650 3524//5650
f 3524//5651 3520//5651 3413//5651
f 3524//5652 3413//5652 3418//5652
f 3418//5653 3413//5653 3305//5653
f 3418//5654 3305//5654 3310//5654
f 3310//5655 3305//5655 3304//5655
f 3310//5656 3304//5656 3309//5656
f 3309//5657 3304//5657 3412//5657
f 3309//5658 3412//5658 3417//5658
f 2964//5659 2956//5659 3030//5659
f 2957//5660 2965//5660 3030//5660
f 3030//5661 2965//5661 3032//5661
f 3030//5662 3032//5662 2964//5662
f 2965//5663 2957//5663 2881//5663
f 2965//5664 2881//5664 2886//5664
f 2886//5665 2881//5665 2813//5665
f 2886//5666 2813//5666 2817//5666
f 2817//5667 2813//5667 2764//5667
f 2817//5668 2764//5668 2768//5668
f 2768//5669 2764//5669 2727//5669
f 2768//5670 2727//5670 2732//5670
f 2732//5671 2727//5671 2698//5671
f 2732//5672 2698//5672 2702//5672
f 2702//5673 2698//5673 2655//5673
f 2702//5674 2655//5674 2662//5674
f 2662//5675 2655//5675 2654//5675
f 2662//5676 2654//5676 2661//5676
f 2661//5677 2654//5677 2653//5677
f 2661//5678 2653//5678 2660//5678
f 2660//5679 2653//5679 2697//5679
f 2660//5680 2697//5680 2701//5680
f 2701//5681 2697//5681 2726//5681
f 2701//5682 2726//5682 2731//5682
f 2731//5683 2726//5683 2763//5683
f 2731//5684 2763//5684 2767//5684
f 2767//5685 2763//5685 2812//5685
f 2767//5686 2812//5686 2816//5686
f 2816//5687 2812//5687 2880//5687
f 2816//5688 2880//5688 2885//5688
f 2885//5689 2880//5689 2955//5689
f 2885//5690 2955//5690 2963//5690
f 2963//5691 2955//5691 2956//5691
f 2963//5692 2956//5692 2964//5692
f 1353//5693 1206//5693 1273//5693
f 2242//5694 2243//5694 2136//5694
f 2136//5695 2243//5695 2050//5695
f 2136//5696 2050//5696 1966//5696
f 2050//5697 1967//5697 1966//5697
f 1966//5698 1967//5698 1832//5698
f 1966//5699 1832//5699 1831//5699
f 1831//5700 1832//5700 1668//5700
f 1831//5701 1668//5701 1694//5701
f 1694//5702 1668//5702 1608//5702
f 1694//5703 1608//5703 1605//5703
f 1605//5704 1608//5704 1526//5704
f 1605//5705 1526//5705 1521//5705
f 1521//5706 1526//5706 1353//5706
f 1521//5707 1353//5707 1410//5707
f 1410//5708 1353//5708 1273//5708
f 2381//5709 2245//5709 2326//5709
f 2326//5710 2245//5710 2288//5710
f 2381//5711 2326//5711 2380//5711
f 2381//5712 2380//5712 2424//5712
f 2424//5713 2380//5713 2423//5713
f 2423//5714 2380//5714 2379//5714
f 2288//5715 2245//5715 2287//5715
f 2287//5716 2245//5716 2244//5716
f 2287//5717 2244//5717 2286//5717
f 2933//5718 2709//5718 2711//5718
f 4040//5719 4239//5719 4130//5719
f 2711//5720 3017//5720 2933//5720
f 2933//5721 3017//5721 3105//5721
f 2933//5722 3105//5722 3101//5722
f 3101//5723 3105//5723 3223//5723
f 3101//5724 3223//5724 3211//5724
f 3211//5725 3223//5725 3590//5725
f 3211//5726 3590//5726 3493//5726
f 3493//5727 3590//5727 3816//5727
f 3493//5728 3816//5728 3696//5728
f 3696//5729 3816//5729 3876//5729
f 3696//5730 3876//5730 3813//5730
f 3813//5731 3876//5731 4040//5731
f 3813//5732 4040//5732 3946//5732
f 3946//5733 4040//5733 4130//5733
f 2635//5734 2592//5734 2684//5734
f 2684//5735 2592//5735 2715//5735
f 2635//5736 2636//5736 2592//5736
f 2592//5737 2636//5737 2593//5737
f 2595//5738 2594//5738 2637//5738
f 2717//5739 2687//5739 2686//5739
f 2715//5740 2717//5740 2716//5740
f 2715//5741 2716//5741 2685//5741
f 2715//5742 2685//5742 2684//5742
f 1557//5743 1522//5743 1559//5743
f 1557//5744 1559//5744 1641//5744
f 2510//5745 2589//5745 2583//5745
f 1559//5746 1642//5746 1641//5746
f 1641//5747 1642//5747 1695//5747
f 1641//5748 1695//5748 1739//5748
f 1739//5749 1695//5749 1861//5749
f 1739//5750 1861//5750 1860//5750
f 1860//5751 1861//5751 1999//5751
f 1860//5752 1999//5752 1998//5752
f 1998//5753 1999//5753 2097//5753
f 1998//5754 2097//5754 2135//5754
f 2135//5755 2097//5755 2282//5755
f 2135//5756 2282//5756 2280//5756
f 2280//5757 2282//5757 2510//5757
f 2280//5758 2510//5758 2478//5758
f 2478//5759 2510//5759 2583//5759
f 1527//5760 1528//5760 1414//5760
f 1528//5761 1478//5761 1414//5761
f 1414//5762 1478//5762 1479//5762
f 1414//5763 1479//5763 1480//5763
f 1480//5764 1479//5764 1529//5764
f 1480//5765 1529//5765 1530//5765
f 1612//5766 1563//5766 1611//5766
f 1609//5767 1610//5767 1562//5767
f 1609//5768 1562//5768 1527//5768
f 1527//5769 1562//5769 1528//5769
f 1405//5770 1474//5770 1347//5770
f 1138//5771 1202//5771 1139//5771
f 1139//5772 1071//5772 1138//5772
f 1138//5773 1071//5773 966//5773
f 1138//5774 966//5774 1068//5774
f 1068//5775 966//5775 965//5775
f 1068//5776 965//5776 1067//5776
f 1067//5777 965//5777 1070//5777
f 1067//5778 1070//5778 1137//5778
f 1137//5779 1070//5779 1069//5779
f 1137//5780 1069//5780 1136//5780
f 1136//5781 1069//5781 1204//5781
f 1136//5782 1204//5782 1201//5782
f 1201//5783 1204//5783 1203//5783
f 1201//5784 1203//5784 1347//5784
f 1347//5785 1203//5785 1274//5785
f 1347//5786 1274//5786 1405//5786
f 1405//5787 1274//5787 1411//5787
f 1418//5788 1356//5788 1417//5788
f 1415//5789 1416//5789 1355//5789
f 1415//5790 1355//5790 1354//5790
f 1140//5791 1279//5791 1207//5791
f 1208//5792 1207//5792 1280//5792
f 1208//5793 1280//5793 1209//5793
f 1354//5794 1279//5794 1278//5794
f 1278//5795 1279//5795 1140//5795
f 1280//5796 1281//5796 1209//5796
f 1209//5797 1281//5797 1356//5797
f 2377//5798 2373//5798 2481//5798
f 2481//5799 2373//5799 2549//5799
f 3819//5800 3820//5800 3815//5800
f 3815//5801 3820//5801 3750//5801
f 3815//5802 3750//5802 3651//5802
f 3750//5803 3700//5803 3651//5803
f 3651//5804 3700//5804 3506//5804
f 3651//5805 3506//5805 3393//5805
f 3393//5806 3506//5806 3224//5806
f 3393//5807 3224//5807 3170//5807
f 3170//5808 3224//5808 3106//5808
f 3170//5809 3106//5809 3066//5809
f 3066//5810 3106//5810 2865//5810
f 3066//5811 2865//5811 2862//5811
f 2862//5812 2865//5812 2714//5812
f 2862//5813 2714//5813 2675//5813
f 2675//5814 2714//5814 2549//5814
f 2675//5815 2549//5815 2548//5815
f 2548//5816 2549//5816 2373//5816
f 3958//5817 3880//5817 3879//5817
f 3879//5818 3880//5818 3821//5818
f 3823//5819 3822//5819 3881//5819
f 3823//5820 3881//5820 3958//5820
f 3958//5821 3881//5821 3880//5821
f 3701//5822 3751//5822 3752//5822
f 3701//5823 3752//5823 3702//5823
f 3702//5824 3752//5824 3703//5824
f 3703//5825 3752//5825 3753//5825
f 3703//5826 3753//5826 3754//5826
f 3754//5827 3753//5827 3823//5827
f 3823//5828 3753//5828 3822//5828
f 4347//5829 4235//5829 4350//5829
f 4350//5830 4462//5830 4347//5830
f 4347//5831 4462//5831 4563//5831
f 4347//5832 4563//5832 4456//5832
f 4456//5833 4563//5833 4564//5833
f 4456//5834 4564//5834 4457//5834
f 4457//5835 4564//5835 4565//5835
f 4457//5836 4565//5836 4458//5836
f 4458//5837 4565//5837 4463//5837
f 4458//5838 4463//5838 4348//5838
f 4348//5839 4463//5839 4351//5839
f 4348//5840 4351//5840 4236//5840
f 4236//5841 4351//5841 4133//5841
f 4351//5842 4242//5842 4133//5842
f 4133//5843 4242//5843 4136//5843
f 4133//5844 4136//5844 3952//5844
f 3952//5845 4136//5845 4045//5845
f 3952//5846 4045//5846 3955//5846
f 4049//5847 4139//5847 4048//5847
f 4048//5848 4049//5848 3957//5848
f 4047//5849 3956//5849 4046//5849
f 4049//5850 4138//5850 4139//5850
f 4139//5851 4138//5851 4353//5851
f 4138//5852 4246//5852 4353//5852
f 4353//5853 4246//5853 4352//5853
f 4352//5854 4246//5854 4245//5854
f 4352//5855 4245//5855 4244//5855
f 4244//5856 4245//5856 4243//5856
f 4137//5857 4046//5857 4243//5857
f 4137//5858 4243//5858 4245//5858
f 2420//5859 2481//5859 2549//5859
f 2865//5860 3106//5860 3749//5860
f 3749//5861 3106//5861 3224//5861
f 3224//5862 3506//5862 3749//5862
f 3749//5863 3506//5863 3700//5863
f 3749//5864 3700//5864 3750//5864
f 2420//5865 2549//5865 3749//5865
f 3749//5866 2549//5866 2714//5866
f 3749//5867 2714//5867 2865//5867
f 720//5868 701//5868 702//5868
f 720//5869 702//5869 721//5869
f 2890//5870 3040//5870 2888//5870
f 2888//5871 3040//5871 3035//5871
f 2969//5872 2966//5872 3034//5872
f 3035//5873 3040//5873 3039//5873
f 3035//5874 3039//5874 3034//5874
f 3034//5875 3039//5875 2969//5875
f 2733//5876 2966//5876 2969//5876
f 2969//5877 2735//5877 2733//5877
f 2733//5878 2735//5878 2576//5878
f 2733//5879 2576//5879 2573//5879
f 2539//5880 2533//5880 2573//5880
f 2539//5881 2573//5881 2576//5881
f 2540//5882 2539//5882 2505//5882
f 2474//5883 2472//5883 2505//5883
f 2505//5884 2472//5884 2503//5884
f 2472//5885 2474//5885 2319//5885
f 2472//5886 2319//5886 2316//5886
f 2316//5887 2319//5887 2174//5887
f 2316//5888 2174//5888 2168//5888
f 2168//5889 2174//5889 2121//5889
f 2168//5890 2121//5890 2118//5890
f 2118//5891 2121//5891 2122//5891
f 2118//5892 2122//5892 2119//5892
f 2119//5893 2122//5893 2078//5893
f 2119//5894 2078//5894 2075//5894
f 2169//5895 2075//5895 2176//5895
f 2176//5896 2075//5896 2078//5896
f 1943//5897 1812//5897 1937//5897
f 1937//5898 1812//5898 1808//5898
f 1726//5899 1722//5899 1762//5899
f 1726//5900 1762//5900 1764//5900
f 1764//5901 1762//5901 1807//5901
f 1764//5902 1807//5902 1811//5902
f 1811//5903 1807//5903 1808//5903
f 1811//5904 1808//5904 1812//5904
f 1630//5905 1722//5905 1726//5905
f 1726//5906 1633//5906 1630//5906
f 1630//5907 1633//5907 1512//5907
f 1630//5908 1512//5908 1509//5908
f 1509//5909 1512//5909 1450//5909
f 1450//5910 1512//5910 1456//5910
f 1457//5911 1395//5911 1451//5911
f 1451//5912 1395//5912 1391//5912
f 1396//5913 1392//5913 1395//5913
f 1395//5914 1392//5914 1391//5914
f 1392//5915 1396//5915 1248//5915
f 1392//5916 1248//5916 1241//5916
f 1241//5917 1248//5917 1041//5917
f 1241//5918 1041//5918 1035//5918
f 1042//5919 1036//5919 1035//5919
f 1042//5920 1035//5920 1041//5920
f 1036//5921 1042//5921 1111//5921
f 1036//5922 1111//5922 1108//5922
f 1452//5923 1108//5923 1458//5923
f 1458//5924 1108//5924 1111//5924
f 1334//5925 889//5925 1330//5925
f 1330//5926 889//5926 884//5926
f 785//5927 778//5927 830//5927
f 785//5928 830//5928 835//5928
f 835//5929 830//5929 884//5929
f 835//5930 884//5930 889//5930
f 779//5931 778//5931 785//5931
f 785//5932 786//5932 779//5932
f 779//5933 786//5933 730//5933
f 779//5934 730//5934 723//5934
f 723//5935 730//5935 731//5935
f 723//5936 731//5936 724//5936
f 724//5937 731//5937 787//5937
f 724//5938 787//5938 780//5938
f 780//5939 787//5939 788//5939
f 780//5940 788//5940 781//5940
f 781//5941 788//5941 732//5941
f 781//5942 732//5942 725//5942
f 725//5943 732//5943 733//5943
f 725//5944 733//5944 726//5944
f 726//5945 733//5945 789//5945
f 726//5946 789//5946 782//5946
f 782//5947 789//5947 790//5947
f 782//5948 790//5948 783//5948
f 783//5949 790//5949 836//5949
f 783//5950 836//5950 831//5950
f 831//5951 836//5951 890//5951
f 831//5952 890//5952 885//5952
f 1331//5953 885//5953 1335//5953
f 1335//5954 885//5954 890//5954
f 1463//5955 1120//5955 1453//5955
f 1453//5956 1120//5956 1109//5956
f 1109//5957 1120//5957 1049//5957
f 1109//5958 1049//5958 1037//5958
f 1037//5959 1049//5959 1050//5959
f 1037//5960 1050//5960 1038//5960
f 1038//5961 1050//5961 1051//5961
f 1038//5962 1051//5962 1039//5962
f 1245//5963 1039//5963 1051//5963
f 1051//5964 1256//5964 1245//5964
f 1245//5965 1256//5965 1400//5965
f 1245//5966 1400//5966 1393//5966
f 1394//5967 1393//5967 1401//5967
f 1401//5968 1393//5968 1400//5968
f 1394//5969 1401//5969 1454//5969
f 1454//5970 1401//5970 1464//5970
f 1465//5971 1455//5971 1464//5971
f 1464//5972 1455//5972 1454//5972
f 1455//5973 1465//5973 1515//5973
f 1455//5974 1515//5974 1510//5974
f 1510//5975 1515//5975 1636//5975
f 1510//5976 1636//5976 1631//5976
f 1631//5977 1636//5977 1731//5977
f 1631//5978 1731//5978 1723//5978
f 1723//5979 1731//5979 1768//5979
f 1723//5980 1768//5980 1763//5980
f 1763//5981 1768//5981 1815//5981
f 1763//5982 1815//5982 1810//5982
f 1810//5983 1815//5983 1814//5983
f 1810//5984 1814//5984 1809//5984
f 1938//5985 1809//5985 1944//5985
f 1944//5986 1809//5986 1814//5986
f 2177//5987 2080//5987 2170//5987
f 2170//5988 2080//5988 2076//5988
f 2076//5989 2080//5989 2124//5989
f 2076//5990 2124//5990 2120//5990
f 2179//5991 2171//5991 2125//5991
f 2125//5992 2171//5992 2120//5992
f 2125//5993 2120//5993 2124//5993
f 2318//5994 2171//5994 2179//5994
f 2179//5995 2320//5995 2318//5995
f 2318//5996 2320//5996 2475//5996
f 2318//5997 2475//5997 2473//5997
f 2475//5998 2506//5998 2473//5998
f 2473//5999 2506//5999 2504//5999
f 2506//6000 2542//6000 2541//6000
f 2536//6001 2542//6001 2577//6001
f 2536//6002 2577//6002 2575//6002
f 2575//6003 2577//6003 2736//6003
f 2575//6004 2736//6004 2734//6004
f 2734//6005 2736//6005 2972//6005
f 2734//6006 2972//6006 2967//6006
f 2967//6007 2972//6007 3042//6007
f 2967//6008 3042//6008 3037//6008
f 3037//6009 3042//6009 3041//6009
f 3037//6010 3041//6010 3036//6010
f 2889//6011 3036//6011 2891//6011
f 2891//6012 3036//6012 3041//6012
f 3140//6013 3316//6013 3138//6013
f 3138//6014 3316//6014 3312//6014
f 3532//6015 3529//6015 3421//6015
f 3532//6016 3421//6016 3423//6016
f 3423//6017 3421//6017 3313//6017
f 3423//6018 3313//6018 3317//6018
f 3317//6019 3313//6019 3312//6019
f 3317//6020 3312//6020 3316//6020
f 3787//6021 3529//6021 3532//6021
f 3532//6022 3790//6022 3787//6022
f 3787//6023 3790//6023 3993//6023
f 3787//6024 3993//6024 3986//6024
f 3986//6025 3993//6025 3992//6025
f 3986//6026 3992//6026 3985//6026
f 3985//6027 3992//6027 4099//6027
f 3985//6028 4099//6028 4093//6028
f 4098//6029 4092//6029 4099//6029
f 4099//6030 4092//6030 4093//6030
f 4092//6031 4098//6031 4404//6031
f 4092//6032 4404//6032 4401//6032
f 4401//6033 4404//6033 4654//6033
f 4401//6034 4654//6034 4645//6034
f 4516//6035 4513//6035 4643//6035
f 4645//6036 4654//6036 4653//6036
f 4645//6037 4653//6037 4644//6037
f 4644//6038 4653//6038 4643//6038
f 4643//6039 4653//6039 4652//6039
f 4643//6040 4652//6040 4516//6040
f 3983//6041 4513//6041 3991//6041
f 3991//6042 4513//6042 4516//6042
f 4190//6043 4804//6043 4186//6043
f 4186//6044 4804//6044 4802//6044
f 4892//6045 4888//6045 4840//6045
f 4892//6046 4840//6046 4844//6046
f 4844//6047 4840//6047 4841//6047
f 4844//6048 4841//6048 4845//6048
f 4845//6049 4841//6049 4802//6049
f 4845//6050 4802//6050 4804//6050
f 4941//6051 4888//6051 4892//6051
f 4892//6052 4948//6052 4941//6052
f 4941//6053 4948//6053 4947//6053
f 4941//6054 4947//6054 4940//6054
f 4940//6055 4947//6055 4939//6055
f 4946//6056 4939//6056 4947//6056
f 4939//6057 4946//6057 4945//6057
f 4939//6058 4945//6058 4938//6058
f 4944//6059 4937//6059 4938//6059
f 4944//6060 4938//6060 4945//6060
f 4937//6061 4944//6061 4943//6061
f 4937//6062 4943//6062 4936//6062
f 4936//6063 4943//6063 4891//6063
f 4936//6064 4891//6064 4887//6064
f 4887//6065 4891//6065 4843//6065
f 4887//6066 4843//6066 4839//6066
f 4839//6067 4843//6067 4803//6067
f 4839//6068 4803//6068 4801//6068
f 4185//6069 4801//6069 4189//6069
f 4189//6070 4801//6070 4803//6070
f 1455//6071 1846//6071 1454//6071
f 1454//6072 1846//6072 1661//6072
f 1549//6073 1039//6073 1245//6073
f 1549//6074 1245//6074 1393//6074
f 1723//6075 1763//6075 1810//6075
f 1109//6076 1037//6076 1038//6076
f 1454//6077 1661//6077 1549//6077
f 1454//6078 1549//6078 1393//6078
f 1454//6079 1393//6079 1394//6079
f 1938//6080 1846//6080 1809//6080
f 1809//6081 1846//6081 1455//6081
f 1809//6082 1455//6082 1510//6082
f 1510//6083 1631//6083 1809//6083
f 1809//6084 1631//6084 1723//6084
f 1809//6085 1723//6085 1810//6085
f 1549//6086 1453//6086 1039//6086
f 1039//6087 1453//6087 1109//6087
f 1039//6088 1109//6088 1038//6088
f 2734//6089 2967//6089 2820//6089
f 2536//6090 2820//6090 2574//6090
f 2536//6091 2574//6091 2535//6091
f 2535//6092 2574//6092 2317//6092
f 2535//6093 2317//6093 2504//6093
f 2889//6094 2820//6094 3036//6094
f 3036//6095 2820//6095 2967//6095
f 3036//6096 2967//6096 3037//6096
f 2317//6097 2318//6097 2473//6097
f 2536//6098 2575//6098 2820//6098
f 2820//6099 2575//6099 2734//6099
f 2504//6100 2317//6100 2473//6100
f 2076//6101 2120//6101 2171//6101
f 2076//6102 2171//6102 2318//6102
f 2076//6103 2318//6103 2170//6103
f 2170//6104 2318//6104 2317//6104
f 4401//6105 4645//6105 3984//6105
f 3986//6106 3985//6106 3420//6106
f 3420//6107 3985//6107 3786//6107
f 3786//6108 3985//6108 3984//6108
f 3984//6109 3985//6109 4093//6109
f 3983//6110 3984//6110 4513//6110
f 4513//6111 3984//6111 4645//6111
f 4513//6112 4645//6112 4643//6112
f 4643//6113 4645//6113 4644//6113
f 3984//6114 4093//6114 4092//6114
f 3984//6115 4092//6115 4401//6115
f 3312//6116 3313//6116 3421//6116
f 3986//6117 3420//6117 3787//6117
f 3787//6118 3420//6118 3529//6118
f 3420//6119 3138//6119 3529//6119
f 3529//6120 3138//6120 3312//6120
f 3529//6121 3312//6121 3421//6121
f 4400//6122 4939//6122 4399//6122
f 4399//6123 4939//6123 4938//6123
f 4399//6124 4938//6124 4293//6124
f 4185//6125 4293//6125 4801//6125
f 4801//6126 4293//6126 4839//6126
f 4293//6127 4938//6127 4937//6127
f 4887//6128 4839//6128 4293//6128
f 4887//6129 4293//6129 4936//6129
f 4936//6130 4293//6130 4937//6130
f 4939//6131 4400//6131 4186//6131
f 4939//6132 4186//6132 4940//6132
f 4802//6133 4841//6133 4840//6133
f 4840//6134 4888//6134 4802//6134
f 4802//6135 4888//6135 4186//6135
f 4186//6136 4888//6136 4941//6136
f 4186//6137 4941//6137 4940//6137
f 4512//6138 4642//6138 4641//6138
f 3785//6139 3981//6139 3528//6139
f 3528//6140 3981//6140 3137//6140
f 4640//6141 4398//6141 3982//6141
f 4512//6142 4641//6142 3982//6142
f 3982//6143 4641//6143 4640//6143
f 4398//6144 4091//6144 3982//6144
f 3982//6145 4091//6145 4090//6145
f 3982//6146 4090//6146 3785//6146
f 3785//6147 4090//6147 3981//6147
f 3137//6148 3981//6148 3980//6148
f 3137//6149 3980//6149 3311//6149
f 3980//6150 3784//6150 3311//6150
f 3311//6151 3784//6151 3527//6151
f 3311//6152 3527//6152 3419//6152
f 2075//6153 2169//6153 2363//6153
f 2966//6154 2733//6154 2819//6154
f 2819//6155 2733//6155 2573//6155
f 2363//6156 2503//6156 2075//6156
f 2075//6157 2503//6157 2472//6157
f 2168//6158 2118//6158 2119//6158
f 2503//6159 2363//6159 2534//6159
f 2534//6160 2363//6160 2625//6160
f 2534//6161 2625//6161 2533//6161
f 2533//6162 2625//6162 2819//6162
f 2533//6163 2819//6163 2573//6163
f 2472//6164 2316//6164 2075//6164
f 2075//6165 2316//6165 2168//6165
f 2075//6166 2168//6166 2119//6166
f 2819//6167 2888//6167 2966//6167
f 2966//6168 2888//6168 3035//6168
f 2966//6169 3035//6169 3034//6169
f 1108//6170 1452//6170 1548//6170
f 1548//6171 1451//6171 1391//6171
f 1722//6172 1630//6172 1888//6172
f 1888//6173 1630//6173 1509//6173
f 1808//6174 1807//6174 1762//6174
f 1451//6175 1548//6175 1687//6175
f 1451//6176 1687//6176 1888//6176
f 1451//6177 1888//6177 1450//6177
f 1450//6178 1888//6178 1509//6178
f 1391//6179 1392//6179 1548//6179
f 1548//6180 1392//6180 1241//6180
f 1548//6181 1241//6181 1108//6181
f 1108//6182 1241//6182 1035//6182
f 1108//6183 1035//6183 1036//6183
f 1888//6184 1937//6184 1722//6184
f 1722//6185 1937//6185 1808//6185
f 1722//6186 1808//6186 1762//6186
f 885//6187 1331//6187 1244//6187
f 1244//6188 1243//6188 780//6188
f 780//6189 1243//6189 1242//6189
f 780//6190 1242//6190 724//6190
f 724//6191 1242//6191 1330//6191
f 782//6192 783//6192 885//6192
f 782//6193 885//6193 726//6193
f 783//6194 831//6194 885//6194
f 780//6195 781//6195 1244//6195
f 1244//6196 781//6196 725//6196
f 1244//6197 725//6197 885//6197
f 885//6198 725//6198 726//6198
f 830//6199 778//6199 884//6199
f 884//6200 778//6200 1330//6200
f 1330//6201 778//6201 779//6201
f 1330//6202 779//6202 723//6202
f 1330//6203 723//6203 724//6203
f 3990//6204 4515//6204 3982//6204
f 3982//6205 4515//6205 4512//6205
f 4647//6206 4640//6206 4641//6206
f 4647//6207 4641//6207 4648//6207
f 4648//6208 4641//6208 4642//6208
f 4648//6209 4642//6209 4649//6209
f 4649//6210 4642//6210 4512//6210
f 4649//6211 4512//6211 4515//6211
f 4398//6212 4640//6212 4647//6212
f 4647//6213 4403//6213 4398//6213
f 4398//6214 4403//6214 4095//6214
f 4398//6215 4095//6215 4091//6215
f 4095//6216 4094//6216 4091//6216
f 4091//6217 4094//6217 4090//6217
f 3981//6218 3989//6218 3988//6218
f 3981//6219 3988//6219 3980//6219
f 3989//6220 3981//6220 4090//6220
f 3989//6221 4090//6221 4094//6221
f 3980//6222 3988//6222 3789//6222
f 3980//6223 3789//6223 3784//6223
f 3784//6224 3789//6224 3531//6224
f 3784//6225 3531//6225 3527//6225
f 3527//6226 3531//6226 3422//6226
f 3527//6227 3422//6227 3419//6227
f 3419//6228 3422//6228 3315//6228
f 3419//6229 3315//6229 3311//6229
f 3137//6230 3311//6230 3139//6230
f 3139//6231 3311//6231 3315//6231
f 2619//6232 2610//6232 2611//6232
f 2619//6233 2611//6233 2620//6233
f 1315//6234 1233//6234 1227//6234
f 1227//6235 1233//6235 1169//6235
f 1315//6236 1227//6236 1303//6236
f 1365//6237 1440//6237 1375//6237
f 1365//6238 1375//6238 1303//6238
f 1303//6239 1375//6239 1315//6239
f 1440//6240 1365//6240 1431//6240
f 1431//6241 1487//6241 1440//6241
f 1440//6242 1487//6242 1495//6242
f 1495//6243 1487//6243 1496//6243
f 1496//6244 1487//6244 1538//6244
f 1540//6245 1489//6245 1498//6245
f 1545//6246 1496//6246 1538//6246
f 1538//6247 1539//6247 1545//6247
f 1545//6248 1539//6248 1540//6248
f 1545//6249 1540//6249 1498//6249
f 1442//6250 1498//6250 1432//6250
f 1432//6251 1498//6251 1489//6251
f 2458//6252 2459//6252 2400//6252
f 2400//6253 2459//6253 2401//6253
f 2399//6254 2457//6254 2400//6254
f 2400//6255 2457//6255 2458//6255
f 2399//6256 2450//6256 2457//6256
f 2457//6257 2450//6257 2456//6257
f 2456//6258 2450//6258 2492//6258
f 2456//6259 2492//6259 2495//6259
f 2495//6260 2492//6260 2519//6260
f 2495//6261 2519//6261 2522//6261
f 2519//6262 2553//6262 2522//6262
f 2522//6263 2553//6263 2554//6263
f 2522//6264 2554//6264 2559//6264
f 2559//6265 2554//6265 2603//6265
f 2559//6266 2603//6266 2610//6266
f 2610//6267 2603//6267 2604//6267
f 2610//6268 2604//6268 2611//6268
f 2612//6269 2611//6269 2605//6269
f 2605//6270 2611//6270 2604//6270
f 3972//6271 4074//6271 3891//6271
f 3891//6272 4074//6272 4060//6272
f 3887//6273 3967//6273 3970//6273
f 3970//6274 3967//6274 4072//6274
f 4072//6275 3967//6275 4059//6275
f 4072//6276 4059//6276 4153//6276
f 4072//6277 4153//6277 4165//6277
f 4273//6278 4165//6278 4154//6278
f 4154//6279 4165//6279 4153//6279
f 3887//6280 3970//6280 3897//6280
f 3887//6281 3897//6281 3898//6281
f 3887//6282 3898//6282 3888//6282
f 3888//6283 3898//6283 3899//6283
f 3888//6284 3899//6284 3832//6284
f 3832//6285 3899//6285 3900//6285
f 3832//6286 3900//6286 3889//6286
f 3889//6287 3900//6287 3890//6287
f 3890//6288 3900//6288 3972//6288
f 3890//6289 3972//6289 3891//6289
f 4389//6290 4165//6290 4383//6290
f 4383//6291 4165//6291 4273//6291
f 4982//6292 5056//6292 4968//6292
f 4968//6293 5056//6293 5049//6293
f 4903//6294 4915//6294 4858//6294
f 4967//6295 4979//6295 4915//6295
f 4967//6296 4915//6296 4903//6296
f 4915//6297 4866//6297 4858//6297
f 4858//6298 4866//6298 4867//6298
f 4858//6299 4867//6299 4820//6299
f 4820//6300 4867//6300 4868//6300
f 4820//6301 4868//6301 4821//6301
f 4821//6302 4868//6302 4859//6302
f 4859//6303 4868//6303 4869//6303
f 4859//6304 4869//6304 4916//6304
f 4859//6305 4916//6305 4904//6305
f 4904//6306 4916//6306 4982//6306
f 4904//6307 4982//6307 4968//6307
f 5055//6308 4979//6308 5048//6308
f 5048//6309 4979//6309 4967//6309
f 4275//6310 4384//6310 4264//6310
f 4264//6311 4384//6311 4374//6311
f 3884//6312 3883//6312 3896//6312
f 3896//6313 3883//6313 3895//6313
f 3895//6314 3883//6314 3828//6314
f 3895//6315 3828//6315 3882//6315
f 3895//6316 3882//6316 3894//6316
f 3884//6317 3896//6317 3969//6317
f 3884//6318 3969//6318 3960//6318
f 3960//6319 3969//6319 4064//6319
f 3960//6320 4064//6320 4051//6320
f 4051//6321 4064//6321 4158//6321
f 4051//6322 4158//6322 4146//6322
f 4146//6323 4158//6323 4145//6323
f 4145//6324 4158//6324 4275//6324
f 4145//6325 4275//6325 4264//6325
f 4062//6326 3894//6326 3959//6326
f 3959//6327 3894//6327 3882//6327
f 2608//6328 2607//6328 2599//6328
f 2599//6329 2607//6329 2598//6329
f 2392//6330 2454//6330 2444//6330
f 2391//6331 2453//6331 2392//6331
f 2392//6332 2453//6332 2454//6332
f 2454//6333 2455//6333 2444//6333
f 2444//6334 2455//6334 2488//6334
f 2488//6335 2455//6335 2494//6335
f 2488//6336 2494//6336 2521//6336
f 2488//6337 2521//6337 2516//6337
f 2516//6338 2521//6338 2551//6338
f 2521//6339 2558//6339 2551//6339
f 2551//6340 2558//6340 2550//6340
f 2550//6341 2558//6341 2609//6341
f 2550//6342 2609//6342 2601//6342
f 2601//6343 2609//6343 2600//6343
f 2600//6344 2609//6344 2608//6344
f 2600//6345 2608//6345 2599//6345
f 2404//6346 2453//6346 2390//6346
f 2390//6347 2453//6347 2391//6347
f 1491//6348 1434//6348 1483//6348
f 1483//6349 1434//6349 1420//6349
f 1483//6350 1484//6350 1491//6350
f 1491//6351 1484//6351 1534//6351
f 1492//6352 1491//6352 1534//6352
f 1534//6353 1535//6353 1492//6353
f 1492//6354 1535//6354 1536//6354
f 1492//6355 1536//6355 1493//6355
f 1493//6356 1536//6356 1485//6356
f 1493//6357 1485//6357 1494//6357
f 1494//6358 1485//6358 1436//6358
f 1436//6359 1485//6359 1421//6359
f 1436//6360 1421//6360 1359//6360
f 1436//6361 1359//6361 1368//6361
f 1368//6362 1359//6362 1291//6362
f 1368//6363 1291//6363 1308//6363
f 1228//6364 1308//6364 1157//6364
f 1157//6365 1308//6365 1291//6365
f 631//6366 550//6366 624//6366
f 624//6367 550//6367 544//6367
f 699//6368 631//6368 624//6368
f 624//6369 685//6369 699//6369
f 699//6370 685//6370 700//6370
f 685//6371 752//6371 700//6371
f 700//6372 752//6372 753//6372
f 700//6373 753//6373 763//6373
f 763//6374 753//6374 811//6374
f 763//6375 811//6375 821//6375
f 702//6376 701//6376 755//6376
f 755//6377 701//6377 766//6377
f 755//6378 766//6378 754//6378
f 754//6379 766//6379 813//6379
f 813//6380 766//6380 822//6380
f 813//6381 822//6381 812//6381
f 812//6382 822//6382 821//6382
f 812//6383 821//6383 811//6383
f 755//6384 688//6384 702//6384
f 553//6385 702//6385 545//6385
f 545//6386 702//6386 688//6386
f 2266//6387 2271//6387 2229//6387
f 2229//6388 2271//6388 2270//6388
f 2229//6389 2270//6389 2232//6389
f 2396//6390 2354//6390 2312//6390
f 2266//6391 2306//6391 2271//6391
f 2271//6392 2306//6392 2350//6392
f 2271//6393 2350//6393 2312//6393
f 2312//6394 2350//6394 2396//6394
f 2398//6395 2355//6395 2397//6395
f 2397//6396 2355//6396 2354//6396
f 2397//6397 2354//6397 2396//6397
f 2351//6398 2357//6398 2398//6398
f 2398//6399 2357//6399 2356//6399
f 2398//6400 2356//6400 2355//6400
f 2308//6401 2313//6401 2352//6401
f 2352//6402 2313//6402 2357//6402
f 2352//6403 2357//6403 2351//6403
f 2308//6404 2269//6404 2313//6404
f 2313//6405 2269//6405 2272//6405
f 2272//6406 2269//6406 2233//6406
f 2233//6407 2269//6407 2194//6407
f 2233//6408 2194//6408 2196//6408
f 2232//6409 2195//6409 2229//6409
f 2162//6410 2155//6410 2195//6410
f 2195//6411 2155//6411 2193//6411
f 2195//6412 2193//6412 2229//6412
f 2112//6413 2070//6413 2107//6413
f 2112//6414 2107//6414 2111//6414
f 2111//6415 2107//6415 2162//6415
f 2162//6416 2107//6416 2155//6416
f 2113//6417 2108//6417 2112//6417
f 2112//6418 2108//6418 2071//6418
f 2112//6419 2071//6419 2070//6419
f 2108//6420 2113//6420 2163//6420
f 2108//6421 2163//6421 2109//6421
f 2109//6422 2163//6422 2157//6422
f 2157//6423 2163//6423 2196//6423
f 2157//6424 2196//6424 2194//6424
f 1797//6425 1796//6425 1844//6425
f 1844//6426 1796//6426 1787//6426
f 1844//6427 1845//6427 1797//6427
f 1797//6428 1845//6428 1788//6428
f 1797//6429 1788//6429 1798//6429
f 1798//6430 1788//6430 1789//6430
f 1798//6431 1789//6431 1756//6431
f 1789//6432 1750//6432 1756//6432
f 1756//6433 1750//6433 1712//6433
f 1756//6434 1712//6434 1717//6434
f 1717//6435 1712//6435 1677//6435
f 1717//6436 1677//6436 1681//6436
f 1681//6437 1677//6437 1651//6437
f 1681//6438 1651//6438 1657//6438
f 1657//6439 1651//6439 1619//6439
f 1657//6440 1619//6440 1624//6440
f 1675//6441 1708//6441 1680//6441
f 1680//6442 1708//6442 1709//6442
f 1680//6443 1709//6443 1716//6443
f 1675//6444 1680//6444 1649//6444
f 1649//6445 1680//6445 1656//6445
f 1649//6446 1656//6446 1618//6446
f 1618//6447 1656//6447 1623//6447
f 1618//6448 1623//6448 1574//6448
f 1574//6449 1623//6449 1583//6449
f 1574//6450 1583//6450 1575//6450
f 1575//6451 1583//6451 1584//6451
f 1575//6452 1584//6452 1585//6452
f 1575//6453 1585//6453 1541//6453
f 1541//6454 1585//6454 1586//6454
f 1541//6455 1586//6455 1577//6455
f 1577//6456 1586//6456 1578//6456
f 1578//6457 1586//6457 1624//6457
f 1578//6458 1624//6458 1619//6458
f 1716//6459 1709//6459 1748//6459
f 1716//6460 1748//6460 1755//6460
f 1755//6461 1748//6461 1786//6461
f 1755//6462 1786//6462 1795//6462
f 1795//6463 1786//6463 1787//6463
f 1795//6464 1787//6464 1796//6464
f 1427//6465 1371//6465 1363//6465
f 1363//6466 1371//6466 1312//6466
f 1428//6467 1372//6467 1427//6467
f 1427//6468 1372//6468 1371//6468
f 1372//6469 1428//6469 1429//6469
f 1372//6470 1429//6470 1439//6470
f 1439//6471 1429//6471 1430//6471
f 1439//6472 1430//6472 1373//6472
f 1373//6473 1430//6473 1364//6473
f 1373//6474 1364//6474 1374//6474
f 1374//6475 1364//6475 1313//6475
f 1313//6476 1364//6476 1302//6476
f 1313//6477 1302//6477 1226//6477
f 1313//6478 1226//6478 1232//6478
f 1232//6479 1226//6479 1168//6479
f 1232//6480 1168//6480 1174//6480
f 1174//6481 1168//6481 1098//6481
f 1174//6482 1098//6482 1102//6482
f 1102//6483 1098//6483 1002//6483
f 1102//6484 1002//6484 1019//6484
f 1363//6485 1312//6485 1300//6485
f 1300//6486 1312//6486 1299//6486
f 1299//6487 1312//6487 1231//6487
f 1299//6488 1231//6488 1223//6488
f 1223//6489 1231//6489 1173//6489
f 1223//6490 1173//6490 1164//6490
f 1164//6491 1173//6491 1101//6491
f 1164//6492 1101//6492 1097//6492
f 1097//6493 1101//6493 1000//6493
f 1000//6494 1101//6494 1001//6494
f 1001//6495 1101//6495 1017//6495
f 1001//6496 1017//6496 931//6496
f 931//6497 1017//6497 1018//6497
f 931//6498 1018//6498 932//6498
f 932//6499 1018//6499 933//6499
f 933//6500 1018//6500 1019//6500
f 933//6501 1019//6501 1002//6501
f 692//6502 708//6502 758//6502
f 758//6503 708//6503 768//6503
f 692//6504 691//6504 708//6504
f 708//6505 691//6505 707//6505
f 758//6506 768//6506 816//6506
f 816//6507 768//6507 823//6507
f 816//6508 823//6508 878//6508
f 816//6509 878//6509 868//6509
f 868//6510 878//6510 927//6510
f 927//6511 878//6511 940//6511
f 927//6512 940//6512 996//6512
f 996//6513 940//6513 995//6513
f 995//6514 940//6514 1016//6514
f 995//6515 1016//6515 994//6515
f 994//6516 1016//6516 1015//6516
f 994//6517 1015//6517 993//6517
f 626//6518 706//6518 691//6518
f 691//6519 706//6519 707//6519
f 706//6520 626//6520 625//6520
f 706//6521 625//6521 705//6521
f 705//6522 625//6522 690//6522
f 705//6523 690//6523 704//6523
f 704//6524 690//6524 689//6524
f 704//6525 689//6525 703//6525
f 703//6526 689//6526 767//6526
f 767//6527 689//6527 755//6527
f 767//6528 755//6528 814//6528
f 767//6529 814//6529 877//6529
f 877//6530 814//6530 866//6530
f 877//6531 866//6531 938//6531
f 938//6532 866//6532 925//6532
f 938//6533 925//6533 939//6533
f 939//6534 925//6534 991//6534
f 1014//6535 939//6535 992//6535
f 992//6536 939//6536 991//6536
f 993//6537 1015//6537 992//6537
f 992//6538 1015//6538 1014//6538
f 987//6539 1013//6539 986//6539
f 986//6540 1013//6540 1012//6540
f 698//6541 683//6541 697//6541
f 697//6542 683//6542 623//6542
f 697//6543 623//6543 696//6543
f 696//6544 623//6544 622//6544
f 810//6545 751//6545 698//6545
f 698//6546 751//6546 684//6546
f 698//6547 684//6547 683//6547
f 698//6548 820//6548 810//6548
f 810//6549 820//6549 865//6549
f 820//6550 876//6550 865//6550
f 865//6551 876//6551 864//6551
f 864//6552 876//6552 937//6552
f 864//6553 937//6553 924//6553
f 924//6554 937//6554 988//6554
f 988//6555 937//6555 1013//6555
f 988//6556 1013//6556 987//6556
f 696//6557 622//6557 695//6557
f 695//6558 622//6558 682//6558
f 748//6559 762//6559 681//6559
f 681//6560 762//6560 695//6560
f 681//6561 695//6561 682//6561
f 984//6562 1010//6562 983//6562
f 983//6563 1010//6563 936//6563
f 983//6564 936//6564 922//6564
f 922//6565 936//6565 875//6565
f 922//6566 875//6566 862//6566
f 862//6567 875//6567 819//6567
f 862//6568 819//6568 808//6568
f 808//6569 819//6569 748//6569
f 748//6570 819//6570 762//6570
f 1010//6571 984//6571 985//6571
f 1010//6572 985//6572 1011//6572
f 1011//6573 985//6573 986//6573
f 1011//6574 986//6574 1012//6574
f 1230//6575 1161//6575 1172//6575
f 1172//6576 1161//6576 1086//6576
f 1172//6577 1086//6577 1100//6577
f 1100//6578 1086//6578 979//6578
f 1100//6579 979//6579 1009//6579
f 1009//6580 979//6580 978//6580
f 1009//6581 978//6581 1008//6581
f 1008//6582 978//6582 919//6582
f 1008//6583 919//6583 1007//6583
f 919//6584 918//6584 1007//6584
f 1007//6585 918//6585 977//6585
f 1007//6586 977//6586 1006//6586
f 1310//6587 1361//6587 1295//6587
f 1310//6588 1295//6588 1311//6588
f 1311//6589 1295//6589 1219//6589
f 1311//6590 1219//6590 1230//6590
f 1230//6591 1219//6591 1161//6591
f 1006//6592 977//6592 1099//6592
f 1099//6593 977//6593 1085//6593
f 1085//6594 1158//6594 1171//6594
f 1217//6595 1229//6595 1158//6595
f 1158//6596 1229//6596 1171//6596
f 1422//6597 1369//6597 1360//6597
f 1360//6598 1369//6598 1309//6598
f 1360//6599 1309//6599 1293//6599
f 1293//6600 1309//6600 1229//6600
f 1293//6601 1229//6601 1292//6601
f 1292//6602 1229//6602 1217//6602
f 1085//6603 1171//6603 1099//6603
f 1425//6604 1370//6604 1438//6604
f 1369//6605 1422//6605 1423//6605
f 1369//6606 1423//6606 1437//6606
f 1437//6607 1423//6607 1424//6607
f 1437//6608 1424//6608 1438//6608
f 1438//6609 1424//6609 1425//6609
f 1370//6610 1425//6610 1361//6610
f 1370//6611 1361//6611 1310//6611
f 1706//6612 1715//6612 1747//6612
f 1747//6613 1715//6613 1754//6613
f 1614//6614 1621//6614 1567//6614
f 1567//6615 1621//6615 1579//6615
f 1567//6616 1579//6616 1568//6616
f 1568//6617 1579//6617 1580//6617
f 1568//6618 1580//6618 1533//6618
f 1533//6619 1580//6619 1581//6619
f 1533//6620 1581//6620 1570//6620
f 1570//6621 1581//6621 1571//6621
f 1571//6622 1581//6622 1582//6622
f 1571//6623 1582//6623 1615//6623
f 1582//6624 1622//6624 1615//6624
f 1615//6625 1622//6625 1655//6625
f 1615//6626 1655//6626 1616//6626
f 1616//6627 1655//6627 1679//6627
f 1616//6628 1679//6628 1648//6628
f 1648//6629 1679//6629 1673//6629
f 1673//6630 1679//6630 1715//6630
f 1673//6631 1715//6631 1706//6631
f 1621//6632 1614//6632 1654//6632
f 1654//6633 1614//6633 1646//6633
f 1714//6634 1743//6634 1744//6634
f 1743//6635 1714//6635 1703//6635
f 1703//6636 1714//6636 1671//6636
f 1671//6637 1714//6637 1654//6637
f 1671//6638 1654//6638 1646//6638
f 1783//6639 1792//6639 1744//6639
f 1744//6640 1792//6640 1753//6640
f 1744//6641 1753//6641 1714//6641
f 1792//6642 1783//6642 1784//6642
f 1793//6643 1792//6643 1840//6643
f 1840//6644 1792//6644 1784//6644
f 1840//6645 1841//6645 1793//6645
f 1793//6646 1841//6646 1785//6646
f 1793//6647 1785//6647 1794//6647
f 1794//6648 1785//6648 1747//6648
f 1794//6649 1747//6649 1754//6649
f 2720//6650 2725//6650 2756//6650
f 2756//6651 2725//6651 2762//6651
f 2756//6652 2762//6652 2811//6652
f 2755//6653 2761//6653 2724//6653
f 2755//6654 2724//6654 2719//6654
f 2719//6655 2724//6655 2695//6655
f 2719//6656 2695//6656 2689//6656
f 2689//6657 2695//6657 2639//6657
f 2639//6658 2695//6658 2650//6658
f 2639//6659 2650//6659 2640//6659
f 2640//6660 2650//6660 2641//6660
f 2650//6661 2651//6661 2641//6661
f 2641//6662 2651//6662 2652//6662
f 2641//6663 2652//6663 2642//6663
f 2642//6664 2652//6664 2696//6664
f 2642//6665 2696//6665 2643//6665
f 2643//6666 2696//6666 2690//6666
f 2690//6667 2696//6667 2725//6667
f 2690//6668 2725//6668 2720//6668
f 2761//6669 2755//6669 2810//6669
f 2810//6670 2755//6670 2870//6670
f 2810//6671 2870//6671 2877//6671
f 2877//6672 2870//6672 2871//6672
f 2877//6673 2871//6673 2943//6673
f 2877//6674 2943//6674 2951//6674
f 2951//6675 2943//6675 2944//6675
f 2951//6676 2944//6676 2952//6676
f 2952//6677 2944//6677 3019//6677
f 2952//6678 3019//6678 3020//6678
f 2952//6679 3020//6679 3029//6679
f 3029//6680 3020//6680 3021//6680
f 3029//6681 3021//6681 2953//6681
f 2953//6682 3021//6682 3022//6682
f 2953//6683 3022//6683 2954//6683
f 2954//6684 3022//6684 2945//6684
f 2954//6685 2945//6685 2878//6685
f 2756//6686 2811//6686 2807//6686
f 2807//6687 2811//6687 2879//6687
f 2807//6688 2879//6688 2872//6688
f 2872//6689 2879//6689 2878//6689
f 2872//6690 2878//6690 2946//6690
f 2946//6691 2878//6691 2945//6691
f 3294//6692 3293//6692 3303//6692
f 3303//6693 3293//6693 3292//6693
f 3303//6694 3292//6694 3302//6694
f 3302//6695 3292//6695 3301//6695
f 3301//6696 3292//6696 3291//6696
f 3301//6697 3291//6697 3410//6697
f 3410//6698 3291//6698 3403//6698
f 3410//6699 3403//6699 3409//6699
f 3409//6700 3403//6700 3402//6700
f 3409//6701 3402//6701 3517//6701
f 3592//6702 3598//6702 3511//6702
f 3511//6703 3598//6703 3517//6703
f 3511//6704 3517//6704 3402//6704
f 3592//6705 3653//6705 3598//6705
f 3598//6706 3653//6706 3654//6706
f 3598//6707 3654//6707 3658//6707
f 3294//6708 3303//6708 3411//6708
f 3294//6709 3411//6709 3404//6709
f 3658//6710 3654//6710 3707//6710
f 3707//6711 3654//6711 3756//6711
f 3707//6712 3756//6712 3708//6712
f 3708//6713 3756//6713 3763//6713
f 3763//6714 3756//6714 3825//6714
f 3763//6715 3825//6715 3764//6715
f 3765//6716 3764//6716 3826//6716
f 3826//6717 3764//6717 3825//6717
f 3826//6718 3827//6718 3765//6718
f 3765//6719 3827//6719 3757//6719
f 3765//6720 3757//6720 3766//6720
f 3766//6721 3757//6721 3709//6721
f 3757//6722 3704//6722 3709//6722
f 3709//6723 3704//6723 3655//6723
f 3709//6724 3655//6724 3659//6724
f 3659//6725 3655//6725 3593//6725
f 3659//6726 3593//6726 3599//6726
f 3599//6727 3593//6727 3512//6727
f 3599//6728 3512//6728 3518//6728
f 3518//6729 3512//6729 3404//6729
f 3518//6730 3404//6730 3411//6730
f 4053//6731 4067//6731 4147//6731
f 4147//6732 4067//6732 4160//6732
f 4147//6733 4160//6733 4161//6733
f 4487//6734 4501//6734 4385//6734
f 4487//6735 4385//6735 4276//6735
f 4487//6736 4276//6736 4375//6736
f 4375//6737 4276//6737 4265//6737
f 4265//6738 4276//6738 4146//6738
f 4276//6739 4159//6739 4146//6739
f 4146//6740 4159//6740 4052//6740
f 4159//6741 4065//6741 4052//6741
f 4052//6742 4065//6742 4066//6742
f 4052//6743 4066//6743 3961//6743
f 3961//6744 4066//6744 3962//6744
f 3962//6745 4066//6745 3963//6745
f 3963//6746 4066//6746 4067//6746
f 3963//6747 4067//6747 4053//6747
f 4501//6748 4487//6748 4613//6748
f 4613//6749 4487//6749 4697//6749
f 4613//6750 4697//6750 4614//6750
f 4615//6751 4614//6751 4697//6751
f 4618//6752 4617//6752 4699//6752
f 4615//6753 4697//6753 4719//6753
f 4719//6754 4697//6754 4698//6754
f 4719//6755 4698//6755 4720//6755
f 4720//6756 4698//6756 4699//6756
f 4720//6757 4699//6757 4616//6757
f 4616//6758 4699//6758 4617//6758
f 4699//6759 4588//6759 4618//6759
f 4618//6760 4588//6760 4488//6760
f 4618//6761 4488//6761 4502//6761
f 4502//6762 4488//6762 4376//6762
f 4502//6763 4376//6763 4386//6763
f 4386//6764 4376//6764 4266//6764
f 4386//6765 4266//6765 4148//6765
f 4386//6766 4148//6766 4277//6766
f 4277//6767 4148//6767 4147//6767
f 4277//6768 4147//6768 4161//6768
f 4913//6769 4912//6769 4963//6769
f 4964//6770 4977//6770 4963//6770
f 4963//6771 4977//6771 4913//6771
f 4723//6772 4724//6772 4596//6772
f 4596//6773 4724//6773 4597//6773
f 4819//6774 4783//6774 4830//6774
f 4830//6775 4783//6775 4705//6775
f 4830//6776 4705//6776 4793//6776
f 4793//6777 4705//6777 4724//6777
f 4724//6778 4705//6778 4704//6778
f 4724//6779 4704//6779 4597//6779
f 4819//6780 4830//6780 4857//6780
f 4857//6781 4830//6781 4865//6781
f 4857//6782 4865//6782 4856//6782
f 4856//6783 4865//6783 4902//6783
f 4902//6784 4865//6784 4914//6784
f 4902//6785 4914//6785 4978//6785
f 4902//6786 4978//6786 4966//6786
f 4966//6787 4978//6787 4965//6787
f 4965//6788 4978//6788 4977//6788
f 4965//6789 4977//6789 4964//6789
f 4595//6790 4620//6790 4596//6790
f 4596//6791 4620//6791 4722//6791
f 4596//6792 4722//6792 4723//6792
f 4901//6793 4911//6793 4864//6793
f 4901//6794 4864//6794 4855//6794
f 4855//6795 4864//6795 4829//6795
f 4855//6796 4829//6796 4818//6796
f 4818//6797 4829//6797 4792//6797
f 4818//6798 4792//6798 4782//6798
f 4782//6799 4792//6799 4703//6799
f 4703//6800 4792//6800 4721//6800
f 4703//6801 4721//6801 4593//6801
f 4593//6802 4721//6802 4619//6802
f 4593//6803 4619//6803 4594//6803
f 4594//6804 4619//6804 4620//6804
f 4594//6805 4620//6805 4595//6805
f 4911//6806 4901//6806 4912//6806
f 4912//6807 4901//6807 4963//6807
f 4602//6808 4726//6808 4603//6808
f 4603//6809 4726//6809 4727//6809
f 4603//6810 4727//6810 4621//6810
f 4706//6811 4784//6811 4794//6811
f 4794//6812 4784//6812 4822//6812
f 4794//6813 4822//6813 4831//6813
f 4831//6814 4822//6814 4860//6814
f 4831//6815 4860//6815 4870//6815
f 4870//6816 4860//6816 4905//6816
f 4870//6817 4905//6817 4917//6817
f 4917//6818 4905//6818 4969//6818
f 4725//6819 4726//6819 4602//6819
f 4706//6820 4794//6820 4725//6820
f 4706//6821 4725//6821 4707//6821
f 4707//6822 4725//6822 4602//6822
f 4970//6823 4984//6823 4969//6823
f 4969//6824 4984//6824 4983//6824
f 4969//6825 4983//6825 4917//6825
f 4984//6826 4970//6826 4985//6826
f 4985//6827 4970//6827 4971//6827
f 4985//6828 4971//6828 4918//6828
f 4603//6829 4621//6829 4622//6829
f 4708//6830 4605//6830 4728//6830
f 4728//6831 4605//6831 4622//6831
f 4622//6832 4605//6832 4604//6832
f 4622//6833 4604//6833 4603//6833
f 4708//6834 4728//6834 4785//6834
f 4785//6835 4728//6835 4795//6835
f 4785//6836 4795//6836 4832//6836
f 4785//6837 4832//6837 4823//6837
f 4823//6838 4832//6838 4871//6838
f 4823//6839 4871//6839 4861//6839
f 4861//6840 4871//6840 4919//6840
f 4861//6841 4919//6841 4907//6841
f 4907//6842 4919//6842 4906//6842
f 4906//6843 4919//6843 4918//6843
f 4906//6844 4918//6844 4971//6844
f 4715//6845 4624//6845 4730//6845
f 4623//6846 4712//6846 4713//6846
f 4623//6847 4713//6847 4729//6847
f 4729//6848 4713//6848 4714//6848
f 4729//6849 4714//6849 4730//6849
f 4730//6850 4714//6850 4715//6850
f 4624//6851 4715//6851 4625//6851
f 4625//6852 4715//6852 4611//6852
f 4625//6853 4611//6853 4504//6853
f 4070//6854 3965//6854 4069//6854
f 4069//6855 3965//6855 4056//6855
f 4069//6856 4056//6856 4068//6856
f 4071//6857 4057//6857 4070//6857
f 4070//6858 4057//6858 3966//6858
f 4070//6859 3966//6859 3965//6859
f 4152//6860 4058//6860 4071//6860
f 4071//6861 4058//6861 4057//6861
f 4388//6862 4272//6862 4279//6862
f 4279//6863 4272//6863 4164//6863
f 4164//6864 4272//6864 4152//6864
f 4164//6865 4152//6865 4071//6865
f 4504//6866 4611//6866 4505//6866
f 4505//6867 4611//6867 4498//6867
f 4505//6868 4498//6868 4388//6868
f 4388//6869 4498//6869 4382//6869
f 4388//6870 4382//6870 4272//6870
f 4068//6871 4056//6871 4163//6871
f 4163//6872 4056//6872 4151//6872
f 4163//6873 4151//6873 4162//6873
f 4150//6874 4271//6874 4278//6874
f 4278//6875 4271//6875 4381//6875
f 4278//6876 4381//6876 4387//6876
f 4497//6877 4503//6877 4387//6877
f 4497//6878 4387//6878 4381//6878
f 4503//6879 4497//6879 4610//6879
f 4503//6880 4610//6880 4623//6880
f 4623//6881 4610//6881 4712//6881
f 4150//6882 4278//6882 4162//6882
f 4150//6883 4162//6883 4151//6883
f 3513//6884 3600//6884 3405//6884
f 3405//6885 3600//6885 3519//6885
f 3405//6886 3519//6886 3412//6886
f 3600//6887 3513//6887 3595//6887
f 3600//6888 3595//6888 3660//6888
f 3660//6889 3595//6889 3656//6889
f 3656//6890 3705//6890 3660//6890
f 3660//6891 3705//6891 3760//6891
f 3660//6892 3760//6892 3710//6892
f 3710//6893 3760//6893 3767//6893
f 3833//6894 3768//6894 3767//6894
f 3833//6895 3767//6895 3760//6895
f 3769//6896 3768//6896 3834//6896
f 3834//6897 3768//6897 3833//6897
f 3834//6898 3835//6898 3769//6898
f 3769//6899 3835//6899 3761//6899
f 3769//6900 3761//6900 3770//6900
f 3770//6901 3761//6901 3771//6901
f 3771//6902 3761//6902 3711//6902
f 3711//6903 3761//6903 3657//6903
f 3711//6904 3657//6904 3661//6904
f 3405//6905 3412//6905 3406//6905
f 3406//6906 3412//6906 3295//6906
f 3295//6907 3412//6907 3304//6907
f 3295//6908 3304//6908 3296//6908
f 3296//6909 3304//6909 3305//6909
f 3296//6910 3305//6910 3297//6910
f 3297//6911 3305//6911 3298//6911
f 3298//6912 3305//6912 3299//6912
f 3299//6913 3305//6913 3413//6913
f 3299//6914 3413//6914 3407//6914
f 3407//6915 3413//6915 3520//6915
f 3407//6916 3520//6916 3514//6916
f 3514//6917 3520//6917 3601//6917
f 3514//6918 3601//6918 3596//6918
f 3596//6919 3601//6919 3661//6919
f 3596//6920 3661//6920 3657//6920
f 2957//6921 3027//6921 2948//6921
f 3027//6922 2957//6922 3026//6922
f 3026//6923 2957//6923 3030//6923
f 3026//6924 3030//6924 3025//6924
f 3025//6925 3030//6925 2956//6925
f 2948//6926 2881//6926 2957//6926
f 2948//6927 2874//6927 2881//6927
f 2881//6928 2874//6928 2875//6928
f 2758//6929 2764//6929 2875//6929
f 2875//6930 2764//6930 2813//6930
f 2875//6931 2813//6931 2881//6931
f 2692//6932 2722//6932 2697//6932
f 2697//6933 2722//6933 2726//6933
f 2692//6934 2697//6934 2644//6934
f 2644//6935 2697//6935 2653//6935
f 2644//6936 2653//6936 2645//6936
f 2645//6937 2653//6937 2654//6937
f 2645//6938 2654//6938 2646//6938
f 2646//6939 2654//6939 2647//6939
f 2647//6940 2654//6940 2655//6940
f 2647//6941 2655//6941 2648//6941
f 2648//6942 2655//6942 2698//6942
f 2648//6943 2698//6943 2727//6943
f 2648//6944 2727//6944 2693//6944
f 2693//6945 2727//6945 2723//6945
f 2723//6946 2727//6946 2764//6946
f 2723//6947 2764//6947 2758//6947
f 2757//6948 2812//6948 2722//6948
f 2722//6949 2812//6949 2763//6949
f 2722//6950 2763//6950 2726//6950
f 3025//6951 2956//6951 2955//6951
f 2812//6952 2757//6952 2808//6952
f 2812//6953 2808//6953 2880//6953
f 2880//6954 2808//6954 2873//6954
f 2880//6955 2873//6955 2955//6955
f 2955//6956 2873//6956 2947//6956
f 2955//6957 2947//6957 3025//6957
f 1209//6958 1206//6958 1353//6958
f 2348//6959 2245//6959 2381//6959
f 2377//6960 2481//6960 2381//6960
f 2381//6961 2481//6961 2489//6961
f 2381//6962 2489//6962 2348//6962
f 2348//6963 2265//6963 2245//6963
f 2245//6964 2265//6964 2228//6964
f 2245//6965 2228//6965 2069//6965
f 2245//6966 2069//6966 2243//6966
f 1208//6967 1209//6967 1362//6967
f 1362//6968 1222//6968 1208//6968
f 1208//6969 1222//6969 1221//6969
f 1208//6970 1221//6970 1207//6970
f 1209//6971 1353//6971 1362//6971
f 1362//6972 1353//6972 1526//6972
f 1362//6973 1526//6973 1537//6973
f 1537//6974 1526//6974 1608//6974
f 1537//6975 1608//6975 1674//6975
f 1608//6976 1668//6976 1674//6976
f 1674//6977 1668//6977 1832//6977
f 1674//6978 1832//6978 1843//6978
f 1843//6979 1832//6979 1967//6979
f 1843//6980 1967//6980 2069//6980
f 2069//6981 1967//6981 2050//6981
f 2069//6982 2050//6982 2243//6982
f 1071//6983 1092//6983 990//6983
f 4243//6984 4239//6984 4040//6984
f 2592//6985 2589//6985 2510//6985
f 1207//6986 1221//6986 1140//6986
f 1140//6987 1221//6987 1092//6987
f 1140//6988 1092//6988 1139//6988
f 1139//6989 1092//6989 1071//6989
f 1559//6990 1522//6990 1527//6990
f 2592//6991 2517//6991 2691//6991
f 2592//6992 2691//6992 2715//6992
f 2715//6993 2691//6993 2721//6993
f 2715//6994 2721//6994 3023//6994
f 2715//6995 3023//6995 2711//6995
f 4244//6996 4243//6996 4054//6996
f 4054//6997 4267//6997 4244//6997
f 4244//6998 4267//6998 4378//6998
f 4244//6999 4378//6999 4352//6999
f 4243//7000 4040//7000 4054//7000
f 4054//7001 4040//7001 3876//7001
f 4054//7002 3876//7002 3829//7002
f 3876//7003 3816//7003 3829//7003
f 3829//7004 3816//7004 3590//7004
f 3829//7005 3590//7005 3594//7005
f 3594//7006 3590//7006 3223//7006
f 3594//7007 3223//7007 3228//7007
f 3228//7008 3223//7008 3105//7008
f 3228//7009 3105//7009 3023//7009
f 3023//7010 3105//7010 3017//7010
f 3023//7011 3017//7011 2711//7011
f 2592//7012 2510//7012 2517//7012
f 2517//7013 2510//7013 2282//7013
f 2517//7014 2282//7014 2305//7014
f 2305//7015 2282//7015 2097//7015
f 2305//7016 2097//7016 2106//7016
f 2106//7017 2097//7017 1999//7017
f 2106//7018 1999//7018 1879//7018
f 1999//7019 1861//7019 1879//7019
f 1879//7020 1861//7020 1695//7020
f 1879//7021 1695//7021 1707//7021
f 1707//7022 1695//7022 1642//7022
f 1707//7023 1642//7023 1573//7023
f 1642//7024 1559//7024 1573//7024
f 1573//7025 1559//7025 1527//7025
f 1573//7026 1527//7026 1486//7026
f 1486//7027 1527//7027 1414//7027
f 1486//7028 1414//7028 1426//7028
f 1426//7029 1414//7029 1411//7029
f 1426//7030 1411//7030 1296//7030
f 1296//7031 1411//7031 1274//7031
f 1296//7032 1274//7032 1220//7032
f 1274//7033 1203//7033 1220//7033
f 1220//7034 1203//7034 1204//7034
f 1220//7035 1204//7035 1090//7035
f 1204//7036 1069//7036 1090//7036
f 1090//7037 1069//7037 1070//7037
f 1090//7038 1070//7038 1091//7038
f 1091//7039 1070//7039 965//7039
f 1091//7040 965//7040 990//7040
f 990//7041 965//7041 966//7041
f 990//7042 966//7042 1071//7042
f 4462//7043 4492//7043 4598//7043
f 3958//7044 3955//7044 4045//7044
f 4352//7045 4378//7045 4353//7045
f 4353//7046 4378//7046 4492//7046
f 4353//7047 4492//7047 4350//7047
f 4350//7048 4492//7048 4462//7048
f 3820//7049 3819//7049 3823//7049
f 3759//7050 3750//7050 3820//7050
f 3759//7051 3820//7051 3830//7051
f 3830//7052 3820//7052 3823//7052
f 3830//7053 3823//7053 3885//7053
f 3885//7054 3823//7054 3958//7054
f 3885//7055 3958//7055 4055//7055
f 4055//7056 3958//7056 4045//7056
f 4055//7057 4045//7057 4136//7057
f 4055//7058 4136//7058 4268//7058
f 4136//7059 4242//7059 4268//7059
f 4268//7060 4242//7060 4351//7060
f 4268//7061 4351//7061 4493//7061
f 4493//7062 4351//7062 4463//7062
f 4493//7063 4463//7063 4601//7063
f 4601//7064 4463//7064 4565//7064
f 4601//7065 4565//7065 4600//7065
f 4600//7066 4565//7066 4564//7066
f 4600//7067 4564//7067 4598//7067
f 4598//7068 4564//7068 4563//7068
f 4598//7069 4563//7069 4462//7069
f 3759//7070 3758//7070 3750//7070
f 3750//7071 3758//7071 3749//7071
f 2420//7072 3749//7072 3758//7072
f 3758//7073 3024//7073 2420//7073
f 2420//7074 3024//7074 2518//7074
f 2420//7075 2518//7075 2447//7075
f 2481//7076 2420//7076 2489//7076
f 2489//7077 2420//7077 2447//7077
f 4077//7078 4085//7078 4062//7078
f 4062//7079 4085//7079 3902//7079
f 4062//7080 3902//7080 3894//7080
f 4396//7081 4390//7081 4287//7081
f 4287//7082 4390//7082 4384//7082
f 4287//7083 4384//7083 4275//7083
f 4287//7084 4275//7084 4158//7084
f 4287//7085 4158//7085 4179//7085
f 4179//7086 4158//7086 4064//7086
f 4179//7087 4064//7087 4087//7087
f 4087//7088 4064//7088 3969//7088
f 4087//7089 3969//7089 3974//7089
f 3974//7090 3969//7090 3904//7090
f 3969//7091 3896//7091 3904//7091
f 3904//7092 3896//7092 3903//7092
f 3896//7093 3895//7093 3903//7093
f 3903//7094 3895//7094 3894//7094
f 3903//7095 3894//7095 3902//7095
f 2406//7096 2407//7096 2404//7096
f 2404//7097 2407//7097 2465//7097
f 2404//7098 2465//7098 2453//7098
f 2616//7099 2614//7099 2617//7099
f 2617//7100 2614//7100 2607//7100
f 2617//7101 2607//7101 2608//7101
f 2453//7102 2465//7102 2466//7102
f 2617//7103 2608//7103 2609//7103
f 2617//7104 2609//7104 2618//7104
f 2618//7105 2609//7105 2558//7105
f 2618//7106 2558//7106 2566//7106
f 2566//7107 2558//7107 2525//7107
f 2558//7108 2521//7108 2525//7108
f 2525//7109 2521//7109 2498//7109
f 2521//7110 2494//7110 2498//7110
f 2498//7111 2494//7111 2455//7111
f 2498//7112 2455//7112 2467//7112
f 2467//7113 2455//7113 2454//7113
f 2467//7114 2454//7114 2466//7114
f 2466//7115 2454//7115 2453//7115
f 1447//7116 1436//7116 1368//7116
f 1447//7117 1368//7117 1387//7117
f 1387//7118 1368//7118 1308//7118
f 1387//7119 1308//7119 1325//7119
f 1176//7120 1182//7120 1228//7120
f 1228//7121 1182//7121 1325//7121
f 1228//7122 1325//7122 1308//7122
f 1385//7123 1378//7123 1500//7123
f 1500//7124 1378//7124 1434//7124
f 1500//7125 1434//7125 1491//7125
f 1500//7126 1491//7126 1501//7126
f 1491//7127 1492//7127 1501//7127
f 1501//7128 1492//7128 1493//7128
f 1501//7129 1493//7129 1502//7129
f 1502//7130 1493//7130 1494//7130
f 1502//7131 1494//7131 1503//7131
f 1503//7132 1494//7132 1436//7132
f 1503//7133 1436//7133 1447//7133
f 485//7134 487//7134 553//7134
f 553//7135 487//7135 721//7135
f 553//7136 721//7136 702//7136
f 486//7137 484//7137 635//7137
f 635//7138 484//7138 550//7138
f 635//7139 550//7139 631//7139
f 635//7140 631//7140 699//7140
f 635//7141 699//7141 719//7141
f 699//7142 700//7142 719//7142
f 719//7143 700//7143 763//7143
f 719//7144 763//7144 773//7144
f 773//7145 763//7145 821//7145
f 773//7146 821//7146 828//7146
f 828//7147 821//7147 822//7147
f 828//7148 822//7148 829//7148
f 829//7149 822//7149 766//7149
f 829//7150 766//7150 776//7150
f 776//7151 766//7151 720//7151
f 720//7152 766//7152 701//7152
f 2970//7153 3040//7153 2890//7153
f 3039//7154 3038//7154 2969//7154
f 2174//7155 2319//7155 2276//7155
f 2276//7156 2319//7156 2474//7156
f 2121//7157 2077//7157 2122//7157
f 2122//7158 2077//7158 2078//7158
f 1943//7159 1847//7159 1812//7159
f 1811//7160 1812//7160 1847//7160
f 1633//7161 1456//7161 1512//7161
f 1396//7162 1395//7162 1184//7162
f 1396//7163 1184//7163 1248//7163
f 1248//7164 1184//7164 1041//7164
f 1042//7165 1043//7165 1111//7165
f 1111//7166 1043//7166 1112//7166
f 1458//7167 1111//7167 1112//7167
f 1334//7168 952//7168 889//7168
f 889//7169 834//7169 835//7169
f 835//7170 834//7170 785//7170
f 785//7171 729//7171 786//7171
f 786//7172 729//7172 730//7172
f 788//7173 787//7173 732//7173
f 732//7174 787//7174 731//7174
f 790//7175 789//7175 734//7175
f 734//7176 789//7176 733//7176
f 790//7177 791//7177 836//7177
f 836//7178 791//7178 837//7178
f 836//7179 837//7179 890//7179
f 1335//7180 890//7180 953//7180
f 1463//7181 1119//7181 1120//7181
f 1120//7182 1119//7182 1049//7182
f 1051//7183 1188//7183 1256//7183
f 1256//7184 1188//7184 1401//7184
f 1256//7185 1401//7185 1400//7185
f 1515//7186 1465//7186 1636//7186
f 1814//7187 1815//7187 1849//7187
f 1944//7188 1814//7188 1849//7188
f 2080//7189 2081//7189 2124//7189
f 2081//7190 2125//7190 2124//7190
f 2179//7191 2277//7191 2320//7191
f 2320//7192 2277//7192 2475//7192
f 2972//7193 3043//7193 3042//7193
f 2891//7194 3041//7194 2971//7194
f 4099//7195 4192//7195 4098//7195
f 4098//7196 4192//7196 4405//7196
f 4098//7197 4405//7197 4404//7197
f 4404//7198 4405//7198 4654//7198
f 4748//7199 4652//7199 4653//7199
f 4652//7200 4651//7200 4516//7200
f 4748//7201 4653//7201 4749//7201
f 4749//7202 4653//7202 4654//7202
f 3991//7203 4516//7203 4097//7203
f 4097//7204 4516//7204 4651//7204
f 4844//7205 4845//7205 4892//7205
f 4948//7206 5007//7206 4947//7206
f 4947//7207 5007//7207 5006//7207
f 4947//7208 5006//7208 4946//7208
f 4945//7209 5005//7209 4944//7209
f 4944//7210 5005//7210 5004//7210
f 4943//7211 4944//7211 5004//7211
f 4891//7212 4890//7212 4843//7212
f 4096//7213 4650//7213 3990//7213
f 3990//7214 4650//7214 4515//7214
f 4746//7215 4647//7215 4747//7215
f 4747//7216 4647//7216 4648//7216
f 4747//7217 4648//7217 4649//7217
f 4649//7218 4515//7218 4650//7218
f 4647//7219 4402//7219 4403//7219
f 4403//7220 4402//7220 4188//7220
f 4403//7221 4188//7221 4095//7221
f 4095//7222 4188//7222 4094//7222
f 3422//7223 3314//7223 3315//7223
f 1505//7224 1496//7224 1545//7224
f 1505//7225 1545//7225 1547//7225
f 1547//7226 1545//7226 1498//7226
f 1547//7227 1498//7227 1507//7227
f 1384//7228 1390//7228 1442//7228
f 1442//7229 1390//7229 1507//7229
f 1442//7230 1507//7230 1498//7230
f 1183//7231 1181//7231 1327//7231
f 1327//7232 1181//7232 1233//7232
f 1327//7233 1233//7233 1315//7233
f 1448//7234 1388//7234 1375//7234
f 1375//7235 1388//7235 1327//7235
f 1375//7236 1327//7236 1315//7236
f 1448//7237 1375//7237 1440//7237
f 1448//7238 1440//7238 1504//7238
f 1440//7239 1495//7239 1504//7239
f 1504//7240 1495//7240 1496//7240
f 1504//7241 1496//7241 1505//7241
f 2615//7242 2621//7242 2612//7242
f 2612//7243 2621//7243 2620//7243
f 2612//7244 2620//7244 2611//7244
f 2471//7245 2462//7245 2470//7245
f 2470//7246 2462//7246 2459//7246
f 2470//7247 2459//7247 2458//7247
f 2470//7248 2458//7248 2457//7248
f 2470//7249 2457//7249 2469//7249
f 2469//7250 2457//7250 2456//7250
f 2469//7251 2456//7251 2468//7251
f 2468//7252 2456//7252 2495//7252
f 2468//7253 2495//7253 2499//7253
f 2499//7254 2495//7254 2522//7254
f 2499//7255 2522//7255 2526//7255
f 2526//7256 2522//7256 2559//7256
f 2526//7257 2559//7257 2567//7257
f 2567//7258 2559//7258 2610//7258
f 2567//7259 2610//7259 2619//7259
f 4395//7260 4397//7260 4389//7260
f 4389//7261 4397//7261 4180//7261
f 4389//7262 4180//7262 4165//7262
f 4184//7263 4175//7263 3977//7263
f 3977//7264 4175//7264 4074//7264
f 3977//7265 4074//7265 3972//7265
f 3977//7266 3972//7266 3900//7266
f 3977//7267 3900//7267 3907//7267
f 3907//7268 3900//7268 3899//7268
f 3907//7269 3899//7269 3906//7269
f 3906//7270 3899//7270 3898//7270
f 3906//7271 3898//7271 3905//7271
f 3905//7272 3898//7272 3897//7272
f 3905//7273 3897//7273 3975//7273
f 3897//7274 3970//7274 3975//7274
f 3975//7275 3970//7275 4088//7275
f 3970//7276 4072//7276 4088//7276
f 4088//7277 4072//7277 4165//7277
f 4088//7278 4165//7278 4180//7278
f 5083//7279 5085//7279 5055//7279
f 5055//7280 5085//7280 4994//7280
f 5055//7281 4994//7281 4979//7281
f 5086//7282 5084//7282 4997//7282
f 4997//7283 5084//7283 5056//7283
f 4997//7284 5056//7284 4982//7284
f 4979//7285 4994//7285 4930//7285
f 4997//7286 4982//7286 4916//7286
f 4997//7287 4916//7287 4931//7287
f 4931//7288 4916//7288 4869//7288
f 4931//7289 4869//7289 4882//7289
f 4882//7290 4869//7290 4868//7290
f 4882//7291 4868//7291 4881//7291
f 4881//7292 4868//7292 4880//7292
f 4868//7293 4867//7293 4880//7293
f 4880//7294 4867//7294 4866//7294
f 4880//7295 4866//7295 4879//7295
f 4879//7296 4866//7296 4915//7296
f 4879//7297 4915//7297 4930//7297
f 4930//7298 4915//7298 4979//7298
f 1573//7299 1485//7299 1572//7299
f 990//7300 989//7300 1091//7300
f 2069//7301 1932//7301 1843//7301
f 2489//7302 2447//7302 2518//7302
f 689//7303 690//7303 688//7303
f 1485//7304 1536//7304 1572//7304
f 1483//7305 1420//7305 1482//7305
f 2192//7306 2261//7306 1875//7306
f 2601//7307 2600//7307 2639//7307
f 3652//7308 3135//7308 3134//7308
f 3882//7309 3824//7309 3959//7309
f 4783//7310 4858//7310 4820//7310
f 1489//7311 1542//7311 1432//7311
f 1227//7312 1169//7312 1003//7312
f 1001//7313 817//7313 1000//7313
f 1001//7314 931//7314 817//7314
f 817//7315 931//7315 932//7315
f 817//7316 932//7316 873//7316
f 873//7317 932//7317 933//7317
f 873//7318 933//7318 934//7318
f 934//7319 933//7319 1002//7319
f 934//7320 1002//7320 1003//7320
f 1364//7321 1430//7321 1617//7321
f 1002//7322 1098//7322 1003//7322
f 1003//7323 1098//7323 1168//7323
f 1003//7324 1168//7324 1227//7324
f 1227//7325 1168//7325 1226//7325
f 1227//7326 1226//7326 1303//7326
f 1303//7327 1226//7327 1302//7327
f 1303//7328 1302//7328 1365//7328
f 1365//7329 1302//7329 1364//7329
f 1364//7330 1431//7330 1365//7330
f 1097//7331 1222//7331 1164//7331
f 1164//7332 1222//7332 1223//7332
f 1430//7333 1429//7333 1537//7333
f 1537//7334 1429//7334 1428//7334
f 1537//7335 1428//7335 1362//7335
f 1362//7336 1428//7336 1427//7336
f 1427//7337 1363//7337 1362//7337
f 1362//7338 1363//7338 1300//7338
f 1362//7339 1300//7339 1222//7339
f 1222//7340 1300//7340 1299//7340
f 1222//7341 1299//7341 1223//7341
f 1617//7342 1649//7342 1538//7342
f 1617//7343 1538//7343 1487//7343
f 1617//7344 1487//7344 1364//7344
f 1364//7345 1487//7345 1431//7345
f 1542//7346 1489//7346 1577//7346
f 1649//7347 1618//7347 1539//7347
f 1649//7348 1539//7348 1538//7348
f 1618//7349 1574//7349 1539//7349
f 1539//7350 1574//7350 1575//7350
f 1539//7351 1575//7351 1540//7351
f 1540//7352 1575//7352 1489//7352
f 1489//7353 1575//7353 1541//7353
f 1489//7354 1541//7354 1577//7354
f 1577//7355 1578//7355 1542//7355
f 1542//7356 1578//7356 1619//7356
f 1542//7357 1619//7357 1620//7357
f 1620//7358 1619//7358 1651//7358
f 1620//7359 1651//7359 1652//7359
f 1652//7360 1651//7360 1677//7360
f 1652//7361 1677//7361 1751//7361
f 1751//7362 1677//7362 1712//7362
f 1751//7363 1712//7363 1790//7363
f 1885//7364 1791//7364 1981//7364
f 1981//7365 1791//7365 1980//7365
f 1981//7366 1980//7366 2016//7366
f 2401//7367 2309//7367 2269//7367
f 2269//7368 2308//7368 2401//7368
f 2401//7369 2352//7369 2400//7369
f 2400//7370 2352//7370 2399//7370
f 2397//7371 2491//7371 2492//7371
f 2352//7372 2351//7372 2399//7372
f 2399//7373 2351//7373 2398//7373
f 2399//7374 2398//7374 2450//7374
f 2450//7375 2398//7375 2397//7375
f 2450//7376 2397//7376 2492//7376
f 2602//7377 2553//7377 2491//7377
f 2491//7378 2553//7378 2519//7378
f 2491//7379 2519//7379 2492//7379
f 2605//7380 2604//7380 2694//7380
f 2694//7381 2604//7381 2603//7381
f 2694//7382 2603//7382 2602//7382
f 2602//7383 2603//7383 2554//7383
f 2602//7384 2554//7384 2553//7384
f 2646//7385 2647//7385 2602//7385
f 2602//7386 2647//7386 2694//7386
f 2694//7387 2647//7387 2648//7387
f 2947//7388 2873//7388 3110//7388
f 3110//7389 2873//7389 2808//7389
f 3110//7390 2808//7390 2757//7390
f 2757//7391 2722//7391 3110//7391
f 3110//7392 2722//7392 2602//7392
f 2602//7393 2722//7393 2692//7393
f 2602//7394 2692//7394 2644//7394
f 2602//7395 2644//7395 2645//7395
f 2602//7396 2645//7396 2646//7396
f 3230//7397 3111//7397 3027//7397
f 3027//7398 3026//7398 3230//7398
f 3230//7399 3026//7399 3025//7399
f 3230//7400 3025//7400 3110//7400
f 3110//7401 3025//7401 2947//7401
f 2648//7402 2693//7402 2694//7402
f 2694//7403 2693//7403 2723//7403
f 2694//7404 2723//7404 2759//7404
f 2759//7405 2723//7405 2758//7405
f 2759//7406 2758//7406 2809//7406
f 2809//7407 2758//7407 2875//7407
f 2809//7408 2875//7408 2949//7408
f 2875//7409 2874//7409 2949//7409
f 2949//7410 2874//7410 2948//7410
f 2949//7411 2948//7411 3111//7411
f 3111//7412 2948//7412 3027//7412
f 3832//7413 3889//7413 3833//7413
f 3833//7414 3889//7414 3834//7414
f 3889//7415 3890//7415 3834//7415
f 3834//7416 3890//7416 3891//7416
f 3834//7417 3891//7417 3835//7417
f 3835//7418 3891//7418 4060//7418
f 3835//7419 4060//7419 3761//7419
f 3761//7420 4060//7420 3892//7420
f 3405//7421 3406//7421 3110//7421
f 3110//7422 3406//7422 3295//7422
f 3110//7423 3295//7423 3296//7423
f 3760//7424 3705//7424 3888//7424
f 3888//7425 3705//7425 3656//7425
f 3888//7426 3656//7426 3887//7426
f 3887//7427 3656//7427 3595//7427
f 3887//7428 3595//7428 3886//7428
f 3886//7429 3595//7429 3110//7429
f 3110//7430 3595//7430 3513//7430
f 3110//7431 3513//7431 3405//7431
f 3832//7432 3833//7432 3760//7432
f 3832//7433 3760//7433 3888//7433
f 3296//7434 3297//7434 3110//7434
f 3110//7435 3297//7435 3298//7435
f 3110//7436 3298//7436 3230//7436
f 3230//7437 3298//7437 3299//7437
f 3230//7438 3299//7438 3407//7438
f 3761//7439 3892//7439 3657//7439
f 3657//7440 3892//7440 3706//7440
f 3657//7441 3706//7441 3596//7441
f 3596//7442 3706//7442 3515//7442
f 3596//7443 3515//7443 3514//7443
f 3514//7444 3515//7444 3408//7444
f 3514//7445 3408//7445 3407//7445
f 3407//7446 3408//7446 3229//7446
f 3407//7447 3229//7447 3230//7447
f 4153//7448 4059//7448 4058//7448
f 4058//7449 4059//7449 3967//7449
f 4058//7450 3967//7450 3886//7450
f 3886//7451 3967//7451 3887//7451
f 4272//7452 4382//7452 4383//7452
f 4383//7453 4382//7453 4612//7453
f 4383//7454 4273//7454 4272//7454
f 4272//7455 4273//7455 4154//7455
f 4272//7456 4154//7456 4152//7456
f 4382//7457 4498//7457 4612//7457
f 4612//7458 4498//7458 4611//7458
f 4612//7459 4611//7459 4716//7459
f 4716//7460 4611//7460 4715//7460
f 4716//7461 4715//7461 4790//7461
f 4790//7462 4715//7462 4789//7462
f 4714//7463 4827//7463 4789//7463
f 4714//7464 4789//7464 4715//7464
f 4710//7465 4972//7465 4973//7465
f 4973//7466 4908//7466 4710//7466
f 4710//7467 4908//7467 4862//7467
f 4710//7468 4862//7468 4827//7468
f 4827//7469 4862//7469 4826//7469
f 4904//7470 4969//7470 4905//7470
f 4604//7471 4605//7471 4493//7471
f 4904//7472 4905//7472 4860//7472
f 4904//7473 4860//7473 4859//7473
f 4859//7474 4860//7474 4822//7474
f 4859//7475 4822//7475 4784//7475
f 4706//7476 4707//7476 4601//7476
f 4601//7477 4707//7477 4602//7477
f 4601//7478 4602//7478 4493//7478
f 4493//7479 4602//7479 4603//7479
f 4493//7480 4603//7480 4604//7480
f 4605//7481 4708//7481 4608//7481
f 4608//7482 4708//7482 4785//7482
f 4710//7483 4608//7483 4972//7483
f 4972//7484 4608//7484 4823//7484
f 4972//7485 4823//7485 4861//7485
f 4861//7486 4907//7486 4972//7486
f 4972//7487 4907//7487 4906//7487
f 4972//7488 4906//7488 5020//7488
f 5020//7489 4906//7489 4971//7489
f 5020//7490 4971//7490 5050//7490
f 5050//7491 4971//7491 4970//7491
f 5050//7492 4970//7492 4969//7492
f 4608//7493 4785//7493 4823//7493
f 4969//7494 4904//7494 5050//7494
f 5050//7495 4904//7495 4968//7495
f 5050//7496 4968//7496 5049//7496
f 4784//7497 4706//7497 4859//7497
f 4859//7498 4706//7498 4601//7498
f 4859//7499 4601//7499 4600//7499
f 4592//7500 4593//7500 4594//7500
f 4704//7501 4705//7501 4598//7501
f 4705//7502 4783//7502 4598//7502
f 4598//7503 4783//7503 4820//7503
f 4598//7504 4820//7504 4600//7504
f 4600//7505 4820//7505 4821//7505
f 4600//7506 4821//7506 4859//7506
f 4492//7507 4596//7507 4598//7507
f 4598//7508 4596//7508 4597//7508
f 4598//7509 4597//7509 4704//7509
f 4901//7510 4962//7510 4963//7510
f 4963//7511 4962//7511 5019//7511
f 4783//7512 4819//7512 4858//7512
f 4858//7513 4819//7513 4857//7513
f 4858//7514 4857//7514 4903//7514
f 4903//7515 4857//7515 4856//7515
f 4903//7516 4856//7516 4902//7516
f 4903//7517 4902//7517 4967//7517
f 4967//7518 4902//7518 4966//7518
f 4967//7519 4966//7519 5048//7519
f 5048//7520 4966//7520 4965//7520
f 5048//7521 4965//7521 5019//7521
f 5019//7522 4965//7522 4964//7522
f 5019//7523 4964//7523 4963//7523
f 4697//7524 4778//7524 4698//7524
f 4698//7525 4778//7525 4854//7525
f 4698//7526 4854//7526 4699//7526
f 4486//7527 4487//7527 4374//7527
f 4374//7528 4487//7528 4375//7528
f 4374//7529 4375//7529 4264//7529
f 4701//7530 4588//7530 4854//7530
f 4854//7531 4588//7531 4699//7531
f 4778//7532 4697//7532 4487//7532
f 4778//7533 4487//7533 4486//7533
f 4264//7534 4375//7534 4145//7534
f 4145//7535 4375//7535 4265//7535
f 4145//7536 4265//7536 4146//7536
f 4490//7537 4378//7537 4267//7537
f 3829//7538 3884//7538 3960//7538
f 4146//7539 4052//7539 4051//7539
f 4051//7540 4052//7540 3960//7540
f 3960//7541 4052//7541 3961//7541
f 3960//7542 3961//7542 3829//7542
f 3961//7543 3962//7543 3829//7543
f 3829//7544 3962//7544 3963//7544
f 3829//7545 3963//7545 4054//7545
f 3963//7546 4053//7546 4054//7546
f 4054//7547 4053//7547 4147//7547
f 4054//7548 4147//7548 4267//7548
f 3704//7549 3828//7549 3883//7549
f 3826//7550 3825//7550 3882//7550
f 3826//7551 3882//7551 3827//7551
f 3594//7552 3593//7552 3655//7552
f 3292//7553 3293//7553 3228//7553
f 3655//7554 3704//7554 3594//7554
f 3594//7555 3704//7555 3883//7555
f 3594//7556 3883//7556 3829//7556
f 3829//7557 3883//7557 3884//7557
f 3291//7558 3292//7558 3135//7558
f 3704//7559 3757//7559 3828//7559
f 3828//7560 3757//7560 3882//7560
f 3882//7561 3757//7561 3827//7561
f 3652//7562 3592//7562 3511//7562
f 3293//7563 3294//7563 3228//7563
f 3228//7564 3294//7564 3404//7564
f 3228//7565 3404//7565 3594//7565
f 3594//7566 3404//7566 3512//7566
f 3594//7567 3512//7567 3593//7567
f 3652//7568 3511//7568 3402//7568
f 3652//7569 3402//7569 3135//7569
f 3135//7570 3402//7570 3403//7570
f 3135//7571 3403//7571 3291//7571
f 3755//7572 3756//7572 3654//7572
f 3755//7573 3654//7573 3652//7573
f 3652//7574 3654//7574 3653//7574
f 3652//7575 3653//7575 3592//7575
f 3824//7576 3882//7576 3755//7576
f 3755//7577 3882//7577 3825//7577
f 3755//7578 3825//7578 3756//7578
f 3134//7579 3073//7579 3133//7579
f 3133//7580 3172//7580 3134//7580
f 3134//7581 3172//7581 3401//7581
f 3134//7582 3401//7582 3652//7582
f 2601//7583 2640//7583 2641//7583
f 2601//7584 2641//7584 2642//7584
f 2601//7585 2642//7585 2691//7585
f 2642//7586 2643//7586 2691//7586
f 2691//7587 2643//7587 2690//7587
f 2691//7588 2690//7588 2721//7588
f 2945//7589 3022//7589 3134//7589
f 3022//7590 3021//7590 3134//7590
f 3134//7591 3021//7591 3020//7591
f 3134//7592 3020//7592 3073//7592
f 3073//7593 3020//7593 3019//7593
f 2872//7594 2946//7594 3023//7594
f 3023//7595 2946//7595 2945//7595
f 2690//7596 2720//7596 2721//7596
f 2721//7597 2720//7597 2756//7597
f 2721//7598 2756//7598 3023//7598
f 3023//7599 2756//7599 2807//7599
f 3023//7600 2807//7600 2872//7600
f 3292//7601 3228//7601 3135//7601
f 3135//7602 3228//7602 3023//7602
f 3135//7603 3023//7603 3134//7603
f 3134//7604 3023//7604 2945//7604
f 2871//7605 2869//7605 2943//7605
f 2943//7606 2869//7606 3073//7606
f 2943//7607 3073//7607 2944//7607
f 2944//7608 3073//7608 3019//7608
f 2639//7609 2600//7609 2689//7609
f 2871//7610 2870//7610 2869//7610
f 2869//7611 2870//7611 2755//7611
f 2869//7612 2755//7612 2806//7612
f 2806//7613 2755//7613 2719//7613
f 2598//7614 2718//7614 2599//7614
f 2599//7615 2718//7615 2806//7615
f 2599//7616 2806//7616 2600//7616
f 2600//7617 2806//7617 2719//7617
f 2600//7618 2719//7618 2689//7618
f 2639//7619 2640//7619 2601//7619
f 2550//7620 2601//7620 2691//7620
f 2550//7621 2691//7621 2551//7621
f 2392//7622 2444//7622 1976//7622
f 2392//7623 1976//7623 1875//7623
f 2392//7624 1875//7624 2391//7624
f 2391//7625 1875//7625 2261//7625
f 2391//7626 2261//7626 2390//7626
f 1839//7627 1974//7627 1875//7627
f 1875//7628 1974//7628 2152//7628
f 1875//7629 2152//7629 2192//7629
f 1613//7630 1702//7630 1875//7630
f 1875//7631 1702//7631 1782//7631
f 1875//7632 1782//7632 1839//7632
f 1568//7633 1533//7633 1482//7633
f 1482//7634 1533//7634 1570//7634
f 1482//7635 1570//7635 1572//7635
f 1572//7636 1570//7636 1571//7636
f 1572//7637 1571//7637 1615//7637
f 1783//7638 1744//7638 1875//7638
f 1744//7639 1743//7639 1875//7639
f 1875//7640 1743//7640 1703//7640
f 1875//7641 1703//7641 1613//7641
f 1532//7642 1567//7642 1482//7642
f 1482//7643 1567//7643 1568//7643
f 1841//7644 1840//7644 1976//7644
f 1976//7645 1840//7645 1784//7645
f 1976//7646 1784//7646 1875//7646
f 1875//7647 1784//7647 1783//7647
f 1703//7648 1671//7648 1613//7648
f 1613//7649 1671//7649 1646//7649
f 1613//7650 1646//7650 1532//7650
f 1532//7651 1646//7651 1614//7651
f 1532//7652 1614//7652 1567//7652
f 1536//7653 1535//7653 1572//7653
f 1572//7654 1535//7654 1534//7654
f 1572//7655 1534//7655 1482//7655
f 1482//7656 1534//7656 1484//7656
f 1482//7657 1484//7657 1483//7657
f 917//7658 1291//7658 1158//7658
f 976//7659 1157//7659 1291//7659
f 1291//7660 917//7660 976//7660
f 978//7661 979//7661 981//7661
f 979//7662 1086//7662 981//7662
f 981//7663 1086//7663 1161//7663
f 1158//7664 1085//7664 917//7664
f 917//7665 1085//7665 858//7665
f 858//7666 1085//7666 977//7666
f 1423//7667 1486//7667 1424//7667
f 858//7668 977//7668 918//7668
f 858//7669 918//7669 807//7669
f 807//7670 918//7670 919//7670
f 1296//7671 1219//7671 1295//7671
f 1296//7672 1295//7672 1426//7672
f 1426//7673 1295//7673 1361//7673
f 1426//7674 1361//7674 1486//7674
f 1486//7675 1361//7675 1425//7675
f 1486//7676 1425//7676 1424//7676
f 680//7677 679//7677 747//7677
f 747//7678 679//7678 807//7678
f 680//7679 747//7679 620//7679
f 620//7680 747//7680 808//7680
f 620//7681 808//7681 621//7681
f 865//7682 864//7682 753//7682
f 753//7683 864//7683 811//7683
f 752//7684 810//7684 753//7684
f 753//7685 810//7685 865//7685
f 543//7686 623//7686 624//7686
f 543//7687 624//7687 544//7687
f 685//7688 684//7688 752//7688
f 752//7689 684//7689 751//7689
f 752//7690 751//7690 810//7690
f 623//7691 683//7691 624//7691
f 624//7692 683//7692 684//7692
f 624//7693 684//7693 685//7693
f 808//7694 748//7694 621//7694
f 621//7695 748//7695 681//7695
f 621//7696 681//7696 542//7696
f 542//7697 681//7697 682//7697
f 542//7698 682//7698 543//7698
f 543//7699 682//7699 622//7699
f 543//7700 622//7700 623//7700
f 812//7701 811//7701 814//7701
f 868//7702 927//7702 1221//7702
f 1221//7703 927//7703 996//7703
f 689//7704 688//7704 755//7704
f 814//7705 811//7705 866//7705
f 866//7706 811//7706 989//7706
f 866//7707 989//7707 925//7707
f 925//7708 989//7708 990//7708
f 925//7709 990//7709 991//7709
f 755//7710 754//7710 814//7710
f 814//7711 754//7711 813//7711
f 814//7712 813//7712 812//7712
f 996//7713 995//7713 1221//7713
f 1221//7714 995//7714 994//7714
f 1221//7715 994//7715 1092//7715
f 1092//7716 994//7716 993//7716
f 1092//7717 993//7717 990//7717
f 990//7718 993//7718 992//7718
f 990//7719 992//7719 991//7719
f 1000//7720 817//7720 1097//7720
f 1097//7721 817//7721 693//7721
f 1097//7722 693//7722 929//7722
f 929//7723 693//7723 816//7723
f 929//7724 816//7724 868//7724
f 546//7725 545//7725 690//7725
f 690//7726 545//7726 688//7726
f 628//7727 627//7727 692//7727
f 692//7728 758//7728 628//7728
f 628//7729 758//7729 693//7729
f 693//7730 758//7730 816//7730
f 690//7731 625//7731 546//7731
f 546//7732 625//7732 626//7732
f 546//7733 626//7733 547//7733
f 547//7734 626//7734 691//7734
f 547//7735 691//7735 627//7735
f 627//7736 691//7736 692//7736
f 2107//7737 2070//7737 1980//7737
f 2070//7738 2071//7738 1980//7738
f 1980//7739 2071//7739 2072//7739
f 1980//7740 2072//7740 2016//7740
f 2016//7741 2072//7741 2073//7741
f 2071//7742 2108//7742 2072//7742
f 2072//7743 2108//7743 2109//7743
f 2072//7744 2109//7744 2073//7744
f 2073//7745 2109//7745 2157//7745
f 2073//7746 2157//7746 2158//7746
f 2158//7747 2157//7747 2194//7747
f 2158//7748 2194//7748 2309//7748
f 2309//7749 2194//7749 2269//7749
f 2350//7750 2306//7750 2348//7750
f 2348//7751 2306//7751 2266//7751
f 2348//7752 2266//7752 2265//7752
f 2229//7753 2193//7753 2228//7753
f 2228//7754 2193//7754 2155//7754
f 2228//7755 2155//7755 1980//7755
f 1980//7756 2155//7756 2107//7756
f 2265//7757 2266//7757 2228//7757
f 2228//7758 2266//7758 2229//7758
f 1712//7759 1750//7759 1790//7759
f 1790//7760 1750//7760 1789//7760
f 1790//7761 1789//7761 1932//7761
f 1932//7762 1789//7762 1788//7762
f 1788//7763 1845//7763 1932//7763
f 1932//7764 1845//7764 1844//7764
f 1932//7765 1844//7765 1843//7765
f 1843//7766 1844//7766 1787//7766
f 1708//7767 1675//7767 1674//7767
f 1430//7768 1537//7768 1617//7768
f 1617//7769 1537//7769 1674//7769
f 1617//7770 1674//7770 1649//7770
f 1649//7771 1674//7771 1675//7771
f 1787//7772 1786//7772 1843//7772
f 1843//7773 1786//7773 1748//7773
f 1843//7774 1748//7774 1674//7774
f 1674//7775 1748//7775 1709//7775
f 1674//7776 1709//7776 1708//7776
f 984//7777 983//7777 982//7777
f 811//7778 864//7778 989//7778
f 989//7779 864//7779 924//7779
f 989//7780 924//7780 1091//7780
f 983//7781 922//7781 982//7781
f 982//7782 922//7782 862//7782
f 982//7783 862//7783 808//7783
f 924//7784 988//7784 1091//7784
f 1091//7785 988//7785 987//7785
f 1091//7786 987//7786 1090//7786
f 1090//7787 987//7787 986//7787
f 1090//7788 986//7788 985//7788
f 1421//7789 1422//7789 1359//7789
f 1359//7790 1422//7790 1360//7790
f 1360//7791 1293//7791 1359//7791
f 1359//7792 1293//7792 1292//7792
f 1359//7793 1292//7793 1291//7793
f 1291//7794 1292//7794 1217//7794
f 1291//7795 1217//7795 1158//7795
f 2444//7796 2488//7796 1976//7796
f 1976//7797 2488//7797 1977//7797
f 1976//7798 1977//7798 1841//7798
f 1841//7799 1977//7799 1785//7799
f 1572//7800 1616//7800 1573//7800
f 1573//7801 1616//7801 1648//7801
f 1573//7802 1648//7802 1707//7802
f 1648//7803 1673//7803 1707//7803
f 1707//7804 1673//7804 1706//7804
f 1707//7805 1706//7805 1879//7805
f 1706//7806 1747//7806 1879//7806
f 1879//7807 1747//7807 1785//7807
f 1879//7808 1785//7808 2106//7808
f 2106//7809 1785//7809 1977//7809
f 2106//7810 1977//7810 2516//7810
f 2516//7811 1977//7811 2488//7811
f 1423//7812 1422//7812 1486//7812
f 1486//7813 1422//7813 1421//7813
f 1486//7814 1421//7814 1573//7814
f 1573//7815 1421//7815 1485//7815
f 1616//7816 1572//7816 1615//7816
f 4147//7817 4148//7817 4267//7817
f 4267//7818 4148//7818 4266//7818
f 4267//7819 4266//7819 4490//7819
f 4490//7820 4266//7820 4376//7820
f 4490//7821 4376//7821 4701//7821
f 4701//7822 4376//7822 4488//7822
f 4701//7823 4488//7823 4588//7823
f 4901//7824 4855//7824 4962//7824
f 4962//7825 4855//7825 4818//7825
f 4962//7826 4818//7826 4782//7826
f 4592//7827 4782//7827 4703//7827
f 4592//7828 4703//7828 4593//7828
f 3965//7829 3966//7829 3885//7829
f 3965//7830 3885//7830 4056//7830
f 3966//7831 4057//7831 3885//7831
f 3885//7832 4057//7832 3831//7832
f 4381//7833 4271//7833 4710//7833
f 4710//7834 4610//7834 4497//7834
f 4056//7835 3885//7835 4055//7835
f 4056//7836 4055//7836 4151//7836
f 4151//7837 4055//7837 4150//7837
f 4714//7838 4713//7838 4827//7838
f 4827//7839 4713//7839 4712//7839
f 4827//7840 4712//7840 4710//7840
f 4710//7841 4712//7841 4610//7841
f 4710//7842 4497//7842 4381//7842
f 4154//7843 4153//7843 4152//7843
f 4152//7844 4153//7844 4058//7844
f 2489//7845 2396//7845 2348//7845
f 2348//7846 2396//7846 2350//7846
f 868//7847 1221//7847 929//7847
f 929//7848 1221//7848 1222//7848
f 929//7849 1222//7849 1097//7849
f 985//7850 984//7850 1090//7850
f 1090//7851 984//7851 982//7851
f 1090//7852 982//7852 1220//7852
f 1220//7853 982//7853 981//7853
f 1220//7854 981//7854 1296//7854
f 1296//7855 981//7855 1161//7855
f 1296//7856 1161//7856 1219//7856
f 2551//7857 2691//7857 2516//7857
f 2516//7858 2691//7858 2517//7858
f 2516//7859 2517//7859 2305//7859
f 2516//7860 2305//7860 2106//7860
f 4493//7861 4605//7861 4608//7861
f 4493//7862 4608//7862 4268//7862
f 4268//7863 4608//7863 4710//7863
f 4268//7864 4710//7864 4055//7864
f 4055//7865 4710//7865 4271//7865
f 4055//7866 4271//7866 4150//7866
f 3024//7867 3758//7867 3074//7867
f 3074//7868 3758//7868 3759//7868
f 3074//7869 3759//7869 3831//7869
f 3831//7870 3759//7870 3830//7870
f 3831//7871 3830//7871 3885//7871
f 3024//7872 3074//7872 2518//7872
f 2518//7873 3074//7873 2552//7873
f 2518//7874 2552//7874 2489//7874
f 2489//7875 2552//7875 2490//7875
f 2489//7876 2490//7876 2396//7876
f 919//7877 978//7877 807//7877
f 807//7878 978//7878 981//7878
f 807//7879 981//7879 747//7879
f 747//7880 981//7880 982//7880
f 747//7881 982//7881 808//7881
f 4854//7882 4962//7882 4701//7882
f 4701//7883 4962//7883 4782//7883
f 4701//7884 4782//7884 4490//7884
f 4490//7885 4782//7885 4592//7885
f 4490//7886 4592//7886 4378//7886
f 4378//7887 4592//7887 4594//7887
f 4378//7888 4594//7888 4492//7888
f 4492//7889 4594//7889 4595//7889
f 4492//7890 4595//7890 4596//7890
f 2069//7891 2228//7891 1932//7891
f 1932//7892 2228//7892 1980//7892
f 1932//7893 1980//7893 1790//7893
f 1790//7894 1980//7894 1791//7894
f 1790//7895 1791//7895 1751//7895
f 1751//7896 1791//7896 1885//7896
f 4057//7897 4058//7897 3831//7897
f 3831//7898 4058//7898 3886//7898
f 3831//7899 3886//7899 3074//7899
f 3074//7900 3886//7900 3110//7900
f 3074//7901 3110//7901 2552//7901
f 2552//7902 3110//7902 2602//7902
f 2552//7903 2602//7903 2490//7903
f 2490//7904 2602//7904 2491//7904
f 2490//7905 2491//7905 2396//7905
f 2396//7906 2491//7906 2397//7906
f 4942//7907 5000//7907 4886//7907
f 4942//7908 4886//7908 4842//7908
f 4842//7909 4886//7909 4743//7909
f 4842//7910 4743//7910 4745//7910
f 4745//7911 4743//7911 4514//7911
f 4514//7912 4743//7912 4292//7912
f 4514//7913 4292//7913 4187//7913
f 4187//7914 4292//7914 3908//7914
f 4187//7915 3908//7915 3987//7915
f 3987//7916 3908//7916 3783//7916
f 3987//7917 3783//7917 3717//7917
f 3717//7918 3783//7918 3607//7918
f 3717//7919 3607//7919 3530//7919
f 3530//7920 3607//7920 3176//7920
f 3530//7921 3176//7921 3232//7921
f 3232//7922 3176//7922 3077//7922
f 3232//7923 3077//7923 3079//7923
f 3079//7924 3077//7924 2887//7924
f 3079//7925 2887//7925 2821//7925
f 2821//7926 2887//7926 2624//7926
f 2821//7927 2624//7927 2703//7927
f 2703//7928 2624//7928 2532//7928
f 2703//7929 2532//7929 2538//7929
f 2538//7930 2532//7930 2408//7930
f 2538//7931 2408//7931 2364//7931
f 2364//7932 2408//7932 2167//7932
f 2364//7933 2167//7933 2199//7933
f 2199//7934 2167//7934 2018//7934
f 2199//7935 2018//7935 2020//7935
f 2020//7936 2018//7936 1887//7936
f 2020//7937 1887//7937 1889//7937
f 1889//7938 1887//7938 1686//7938
f 1889//7939 1686//7939 1725//7939
f 1725//7940 1686//7940 1594//7940
f 1725//7941 1594//7941 1632//7941
f 1632//7942 1594//7942 1508//7942
f 1632//7943 1508//7943 1511//7943
f 1511//7944 1508//7944 1240//7944
f 1511//7945 1240//7945 1333//7945
f 1333//7946 1240//7946 1107//7946
f 1333//7947 1107//7947 1110//7947
f 1110//7948 1107//7948 947//7948
f 1110//7949 947//7949 949//7949
f 949//7950 947//7950 777//7950
f 949//7951 777//7951 833//7951
f 833//7952 777//7952 722//7952
f 833//7953 722//7953 728//7953
f 728//7954 722//7954 671//7954
f 728//7955 671//7955 673//7955
f 673//7956 671//7956 525//7956
f 673//7957 525//7957 610//7957
f 610//7958 525//7958 526//7958
f 610//7959 526//7959 611//7959
f 611//7960 526//7960 527//7960
f 611//7961 527//7961 530//7961
f 530//7962 527//7962 528//7962
f 530//7963 528//7963 612//7963
f 612//7964 528//7964 604//7964
f 612//7965 604//7965 613//7965
f 613//7966 604//7966 674//7966
f 674//7967 604//7967 727//7967
f 674//7968 727//7968 735//7968
f 4390//7969 4499//7969 4384//7969
f 4384//7970 4499//7970 4374//7970
f 4396//7971 4177//7971 4285//7971
f 4285//7972 4177//7972 4176//7972
f 4285//7973 4176//7973 4085//7973
f 4176//7974 4086//7974 4085//7974
f 4085//7975 4086//7975 3973//7975
f 4085//7976 3973//7976 3902//7976
f 3902//7977 3973//7977 3903//7977
f 4287//7978 4179//7978 4178//7978
f 4287//7979 4178//7979 4396//7979
f 4396//7980 4178//7980 4286//7980
f 4396//7981 4286//7981 4177//7981
f 4077//7982 4062//7982 4061//7982
f 4061//7983 4062//7983 3959//7983
f 3824//7984 3755//7984 3762//7984
f 4061//7985 3959//7985 3893//7985
f 3893//7986 3959//7986 3824//7986
f 3893//7987 3824//7987 3762//7987
f 3762//7988 3755//7988 3652//7988
f 3762//7989 3652//7989 3597//7989
f 3597//7990 3652//7990 3401//7990
f 3172//7991 3300//7991 3401//7991
f 3401//7992 3300//7992 3516//7992
f 3401//7993 3516//7993 3597//7993
f 2598//7994 2606//7994 2649//7994
f 2598//7995 2649//7995 2718//7995
f 2718//7996 2649//7996 2760//7996
f 2718//7997 2760//7997 2806//7997
f 2806//7998 2760//7998 2876//7998
f 2806//7999 2876//7999 2869//7999
f 2869//8000 2876//8000 2950//8000
f 2869//8001 2950//8001 3073//8001
f 3073//8002 2950//8002 3028//8002
f 3073//8003 3028//8003 3133//8003
f 3133//8004 3028//8004 3136//8004
f 3133//8005 3136//8005 3172//8005
f 3172//8006 3136//8006 3173//8006
f 3172//8007 3173//8007 3300//8007
f 2606//8008 2598//8008 2614//8008
f 2614//8009 2598//8009 2607//8009
f 2566//8010 2525//8010 2565//8010
f 2566//8011 2565//8011 2618//8011
f 2618//8012 2565//8012 2617//8012
f 2617//8013 2565//8013 2564//8013
f 2617//8014 2564//8014 2616//8014
f 2564//8015 2563//8015 2616//8015
f 2616//8016 2563//8016 2524//8016
f 2616//8017 2524//8017 2407//8017
f 2407//8018 2524//8018 2497//8018
f 2498//8019 2467//8019 2466//8019
f 2465//8020 2407//8020 2497//8020
f 2403//8021 2406//8021 2390//8021
f 2390//8022 2406//8022 2404//8022
f 2403//8023 2390//8023 2311//8023
f 2311//8024 2390//8024 2261//8024
f 2311//8025 2261//8025 2161//8025
f 2161//8026 2261//8026 2192//8026
f 2161//8027 2192//8027 2152//8027
f 2161//8028 2152//8028 2017//8028
f 2017//8029 2152//8029 1974//8029
f 2017//8030 1974//8030 1982//8030
f 1982//8031 1974//8031 1886//8031
f 1886//8032 1974//8032 1839//8032
f 1886//8033 1839//8033 1752//8033
f 1752//8034 1839//8034 1782//8034
f 1752//8035 1782//8035 1678//8035
f 1678//8036 1782//8036 1702//8036
f 1678//8037 1702//8037 1653//8037
f 1653//8038 1702//8038 1613//8038
f 1653//8039 1613//8039 1544//8039
f 1544//8040 1613//8040 1532//8040
f 1544//8041 1532//8041 1490//8041
f 1490//8042 1532//8042 1433//8042
f 1433//8043 1532//8043 1482//8043
f 1433//8044 1482//8044 1420//8044
f 1433//8045 1420//8045 1366//8045
f 1366//8046 1420//8046 1378//8046
f 1378//8047 1420//8047 1434//8047
f 1447//8048 1502//8048 1503//8048
f 1385//8049 1386//8049 1238//8049
f 1238//8050 1386//8050 1322//8050
f 1238//8051 1322//8051 1182//8051
f 1500//8052 1446//8052 1385//8052
f 1385//8053 1446//8053 1386//8053
f 1324//8054 1387//8054 1325//8054
f 1324//8055 1325//8055 1323//8055
f 1323//8056 1325//8056 1182//8056
f 1323//8057 1182//8057 1322//8057
f 1170//8058 1176//8058 1157//8058
f 1157//8059 1176//8059 1228//8059
f 477//8060 549//8060 542//8060
f 976//8061 917//8061 874//8061
f 1170//8062 1157//8062 1005//8062
f 1005//8063 1157//8063 976//8063
f 1005//8064 976//8064 935//8064
f 935//8065 976//8065 874//8065
f 874//8066 917//8066 858//8066
f 874//8067 858//8067 818//8067
f 818//8068 858//8068 807//8068
f 818//8069 807//8069 760//8069
f 760//8070 807//8070 761//8070
f 761//8071 807//8071 694//8071
f 694//8072 807//8072 679//8072
f 694//8073 679//8073 630//8073
f 630//8074 679//8074 680//8074
f 630//8075 680//8075 548//8075
f 548//8076 680//8076 620//8076
f 548//8077 620//8077 549//8077
f 549//8078 620//8078 621//8078
f 549//8079 621//8079 542//8079
f 477//8080 542//8080 478//8080
f 478//8081 542//8081 543//8081
f 478//8082 543//8082 479//8082
f 479//8083 543//8083 544//8083
f 479//8084 544//8084 480//8084
f 484//8085 480//8085 550//8085
f 550//8086 480//8086 544//8086
f 719//8087 636//8087 635//8087
f 635//8088 636//8088 486//8088
f 636//8089 557//8089 486//8089
f 486//8090 557//8090 558//8090
f 486//8091 558//8091 487//8091
f 558//8092 559//8092 487//8092
f 487//8093 559//8093 637//8093
f 487//8094 637//8094 721//8094
f 721//8095 637//8095 720//8095
f 774//8096 719//8096 773//8096
f 774//8097 773//8097 828//8097
f 774//8098 828//8098 775//8098
f 775//8099 828//8099 829//8099
f 775//8100 829//8100 776//8100
f 481//8101 485//8101 545//8101
f 545//8102 485//8102 553//8102
f 634//8103 556//8103 627//8103
f 627//8104 556//8104 555//8104
f 627//8105 555//8105 547//8105
f 547//8106 555//8106 554//8106
f 547//8107 554//8107 546//8107
f 546//8108 554//8108 483//8108
f 546//8109 483//8109 545//8109
f 545//8110 483//8110 482//8110
f 545//8111 482//8111 481//8111
f 627//8112 628//8112 634//8112
f 634//8113 628//8113 693//8113
f 634//8114 693//8114 709//8114
f 1464//8115 1401//8115 1340//8115
f 1399//8116 1335//8116 953//8116
f 791//8117 790//8117 674//8117
f 2079//8118 1944//8118 1849//8118
f 1049//8119 674//8119 1050//8119
f 1050//8120 674//8120 735//8120
f 1050//8121 735//8121 838//8121
f 530//8122 731//8122 730//8122
f 530//8123 730//8123 611//8123
f 611//8124 730//8124 729//8124
f 611//8125 729//8125 610//8125
f 610//8126 729//8126 785//8126
f 610//8127 785//8127 673//8127
f 673//8128 785//8128 728//8128
f 728//8129 785//8129 834//8129
f 728//8130 834//8130 833//8130
f 833//8131 834//8131 889//8131
f 2123//8132 2176//8132 2078//8132
f 3041//8133 3533//8133 3423//8133
f 3316//8134 3140//8134 3113//8134
f 3533//8135 3041//8135 3233//8135
f 3233//8136 3041//8136 3042//8136
f 3233//8137 3042//8137 3080//8137
f 3080//8138 3042//8138 3043//8138
f 3080//8139 3043//8139 2972//8139
f 733//8140 732//8140 530//8140
f 2078//8141 1725//8141 1764//8141
f 1725//8142 2078//8142 1889//8142
f 1889//8143 2078//8143 2077//8143
f 1889//8144 2077//8144 2020//8144
f 2020//8145 2077//8145 2121//8145
f 2020//8146 2121//8146 2174//8146
f 3079//8147 3314//8147 3232//8147
f 3232//8148 3314//8148 3422//8148
f 3232//8149 3422//8149 3530//8149
f 3530//8150 3422//8150 3531//8150
f 4942//8151 4843//8151 4890//8151
f 4652//8152 4845//8152 4804//8152
f 3423//8153 3317//8153 3041//8153
f 3041//8154 3317//8154 3316//8154
f 3041//8155 3316//8155 3113//8155
f 3041//8156 3113//8156 2971//8156
f 1465//8157 1340//8157 1636//8157
f 1636//8158 1340//8158 1516//8158
f 1636//8159 1516//8159 1731//8159
f 1731//8160 1516//8160 1637//8160
f 1731//8161 1637//8161 1732//8161
f 1463//8162 1399//8162 1119//8162
f 1119//8163 1399//8163 953//8163
f 1119//8164 953//8164 1049//8164
f 1049//8165 953//8165 890//8165
f 1049//8166 890//8166 674//8166
f 674//8167 890//8167 837//8167
f 674//8168 837//8168 791//8168
f 733//8169 530//8169 734//8169
f 734//8170 530//8170 612//8170
f 734//8171 612//8171 790//8171
f 790//8172 612//8172 613//8172
f 790//8173 613//8173 674//8173
f 1397//8174 1458//8174 1112//8174
f 1764//8175 1811//8175 2078//8175
f 2078//8176 1811//8176 1847//8176
f 2078//8177 1847//8177 1943//8177
f 2078//8178 1943//8178 2123//8178
f 2474//8179 2505//8179 2538//8179
f 2125//8180 2081//8180 2029//8180
f 2029//8181 2081//8181 1815//8181
f 2029//8182 1815//8182 1899//8182
f 1899//8183 1815//8183 1768//8183
f 1899//8184 1768//8184 1732//8184
f 1732//8185 1768//8185 1731//8185
f 2177//8186 2079//8186 2080//8186
f 2080//8187 2079//8187 1849//8187
f 2080//8188 1849//8188 1815//8188
f 2080//8189 1815//8189 2081//8189
f 1340//8190 1465//8190 1464//8190
f 1340//8191 1401//8191 1121//8191
f 1121//8192 1401//8192 1188//8192
f 1121//8193 1188//8193 956//8193
f 956//8194 1188//8194 1051//8194
f 956//8195 1051//8195 838//8195
f 838//8196 1051//8196 1050//8196
f 3040//8197 3315//8197 3314//8197
f 3040//8198 3314//8198 3039//8198
f 3039//8199 3314//8199 3079//8199
f 3039//8200 3079//8200 3038//8200
f 4804//8201 4190//8201 4191//8201
f 4652//8202 4748//8202 4846//8202
f 4846//8203 4748//8203 4749//8203
f 4846//8204 4749//8204 4654//8204
f 1042//8205 833//8205 1043//8205
f 1043//8206 833//8206 889//8206
f 1043//8207 889//8207 952//8207
f 1043//8208 952//8208 1112//8208
f 1112//8209 952//8209 1334//8209
f 1112//8210 1334//8210 1397//8210
f 4942//8211 4890//8211 5003//8211
f 5003//8212 4890//8212 4891//8212
f 4652//8213 4804//8213 4651//8213
f 4651//8214 4804//8214 4191//8214
f 4651//8215 4191//8215 4097//8215
f 2543//8216 2577//8216 2542//8216
f 530//8217 732//8217 731//8217
f 3040//8218 2970//8218 3315//8218
f 3315//8219 2970//8219 3139//8219
f 4650//8220 4096//8220 4189//8220
f 4192//8221 4099//8221 4193//8221
f 1333//8222 1456//8222 1511//8222
f 1511//8223 1456//8223 1633//8223
f 1511//8224 1633//8224 1632//8224
f 1632//8225 1633//8225 1726//8225
f 1632//8226 1726//8226 1725//8226
f 1725//8227 1726//8227 1764//8227
f 2474//8228 2538//8228 2276//8228
f 2276//8229 2538//8229 2364//8229
f 2276//8230 2364//8230 2174//8230
f 2174//8231 2364//8231 2199//8231
f 2174//8232 2199//8232 2020//8232
f 4842//8233 4747//8233 4942//8233
f 4942//8234 4747//8234 4843//8234
f 4843//8235 4747//8235 4649//8235
f 4843//8236 4649//8236 4803//8236
f 4803//8237 4649//8237 4650//8237
f 4803//8238 4650//8238 4189//8238
f 2577//8239 2543//8239 2736//8239
f 2736//8240 2543//8240 2704//8240
f 2736//8241 2704//8241 2972//8241
f 2972//8242 2704//8242 2822//8242
f 2972//8243 2822//8243 3080//8243
f 3988//8244 4187//8244 3789//8244
f 3789//8245 4187//8245 3987//8245
f 3789//8246 3987//8246 3531//8246
f 3531//8247 3987//8247 3717//8247
f 3531//8248 3717//8248 3530//8248
f 833//8249 1042//8249 1041//8249
f 1333//8250 1395//8250 1457//8250
f 2539//8251 2576//8251 2538//8251
f 2538//8252 2576//8252 2703//8252
f 2703//8253 2576//8253 2735//8253
f 2703//8254 2735//8254 2821//8254
f 2821//8255 2735//8255 2969//8255
f 2821//8256 2969//8256 3079//8256
f 3079//8257 2969//8257 3038//8257
f 4187//8258 4094//8258 4188//8258
f 4187//8259 4188//8259 4514//8259
f 4514//8260 4188//8260 4402//8260
f 4514//8261 4402//8261 4745//8261
f 4745//8262 4402//8262 4647//8262
f 4745//8263 4647//8263 4842//8263
f 4842//8264 4647//8264 4746//8264
f 4842//8265 4746//8265 4747//8265
f 5064//8266 5063//8266 4943//8266
f 2539//8267 2538//8267 2505//8267
f 3989//8268 4094//8268 4187//8268
f 3989//8269 4187//8269 3988//8269
f 4943//8270 5063//8270 4891//8270
f 4891//8271 5063//8271 5036//8271
f 4891//8272 5036//8272 5003//8272
f 4943//8273 5004//8273 5064//8273
f 5064//8274 5004//8274 5005//8274
f 5064//8275 5005//8275 4945//8275
f 4192//8276 4193//8276 4405//8276
f 4405//8277 4193//8277 4517//8277
f 4405//8278 4517//8278 4654//8278
f 4654//8279 4517//8279 4750//8279
f 4654//8280 4750//8280 4846//8280
f 3992//8281 3993//8281 4193//8281
f 3992//8282 4193//8282 4099//8282
f 4946//8283 5006//8283 5064//8283
f 5064//8284 5006//8284 5007//8284
f 5064//8285 5007//8285 5065//8285
f 5065//8286 5007//8286 4948//8286
f 5065//8287 4948//8287 5037//8287
f 5037//8288 4948//8288 4892//8288
f 5037//8289 4892//8289 5008//8289
f 5008//8290 4892//8290 4949//8290
f 4949//8291 4892//8291 4845//8291
f 4949//8292 4845//8292 4846//8292
f 4846//8293 4845//8293 4652//8293
f 4193//8294 3993//8294 3994//8294
f 3994//8295 3993//8295 3790//8295
f 3994//8296 3790//8296 3718//8296
f 3718//8297 3790//8297 3532//8297
f 3718//8298 3532//8298 3533//8298
f 3533//8299 3532//8299 3423//8299
f 2543//8300 2506//8300 2475//8300
f 2543//8301 2475//8301 2365//8301
f 2365//8302 2475//8302 2277//8302
f 2365//8303 2277//8303 2206//8303
f 2206//8304 2277//8304 2179//8304
f 2206//8305 2179//8305 2029//8305
f 2029//8306 2179//8306 2125//8306
f 1457//8307 1456//8307 1333//8307
f 1395//8308 1333//8308 1184//8308
f 1184//8309 1333//8309 1110//8309
f 1184//8310 1110//8310 1041//8310
f 1041//8311 1110//8311 949//8311
f 1041//8312 949//8312 833//8312
f 2542//8313 2506//8313 2543//8313
f 5064//8314 4945//8314 4946//8314
f 1003//8315 1169//8315 1175//8315
f 1175//8316 1020//8316 1003//8316
f 1003//8317 1020//8317 941//8317
f 1003//8318 941//8318 934//8318
f 934//8319 941//8319 879//8319
f 934//8320 879//8320 873//8320
f 873//8321 879//8321 824//8321
f 873//8322 824//8322 817//8322
f 817//8323 824//8323 769//8323
f 817//8324 769//8324 693//8324
f 693//8325 769//8325 709//8325
f 1181//8326 1175//8326 1233//8326
f 1233//8327 1175//8327 1169//8327
f 1388//8328 1326//8328 1327//8328
f 1327//8329 1328//8329 1183//8329
f 1183//8330 1328//8330 1239//8330
f 1239//8331 1328//8331 1329//8331
f 1239//8332 1329//8332 1390//8332
f 1506//8333 1505//8333 1547//8333
f 1506//8334 1547//8334 1507//8334
f 1449//8335 1507//8335 1390//8335
f 1449//8336 1390//8336 1389//8336
f 1389//8337 1390//8337 1329//8337
f 1377//8338 1384//8338 1432//8338
f 1432//8339 1384//8339 1442//8339
f 2401//8340 2405//8340 2358//8340
f 2401//8341 2358//8341 2309//8341
f 2309//8342 2358//8342 2234//8342
f 2309//8343 2234//8343 2158//8343
f 2234//8344 2164//8344 2158//8344
f 2158//8345 2164//8345 2114//8345
f 2158//8346 2114//8346 2073//8346
f 2073//8347 2114//8347 2074//8347
f 2073//8348 2074//8348 2016//8348
f 1751//8349 1885//8349 1799//8349
f 2016//8350 2074//8350 1981//8350
f 1981//8351 2074//8351 1936//8351
f 1981//8352 1936//8352 1885//8352
f 1885//8353 1936//8353 1799//8353
f 1799//8354 1757//8354 1751//8354
f 1751//8355 1757//8355 1682//8355
f 1751//8356 1682//8356 1652//8356
f 1652//8357 1682//8357 1625//8357
f 1652//8358 1625//8358 1620//8358
f 1377//8359 1432//8359 1499//8359
f 1499//8360 1432//8360 1542//8360
f 1620//8361 1625//8361 1542//8361
f 1542//8362 1625//8362 1546//8362
f 1542//8363 1546//8363 1499//8363
f 2462//8364 2405//8364 2459//8364
f 2459//8365 2405//8365 2401//8365
f 2470//8366 2500//8366 2471//8366
f 2471//8367 2500//8367 2621//8367
f 2500//8368 2527//8368 2621//8368
f 2621//8369 2527//8369 2570//8369
f 2621//8370 2570//8370 2620//8370
f 2620//8371 2570//8371 2569//8371
f 2620//8372 2569//8372 2619//8372
f 2619//8373 2569//8373 2568//8373
f 2499//8374 2469//8374 2468//8374
f 2568//8375 2567//8375 2619//8375
f 2615//8376 2612//8376 2613//8376
f 2613//8377 2612//8377 2605//8377
f 2613//8378 2605//8378 2656//8378
f 2656//8379 2605//8379 2694//8379
f 2656//8380 2694//8380 2728//8380
f 2728//8381 2694//8381 2759//8381
f 2728//8382 2759//8382 2882//8382
f 2882//8383 2759//8383 2809//8383
f 2882//8384 2809//8384 2958//8384
f 2958//8385 2809//8385 2949//8385
f 2958//8386 2949//8386 3075//8386
f 3075//8387 2949//8387 3111//8387
f 3075//8388 3111//8388 3112//8388
f 3112//8389 3111//8389 3174//8389
f 3111//8390 3230//8390 3174//8390
f 3174//8391 3230//8391 3229//8391
f 3174//8392 3229//8392 3414//8392
f 3414//8393 3229//8393 3408//8393
f 3414//8394 3408//8394 3602//8394
f 3602//8395 3408//8395 3515//8395
f 3602//8396 3515//8396 3662//8396
f 3515//8397 3706//8397 3662//8397
f 3662//8398 3706//8398 3892//8398
f 3662//8399 3892//8399 3836//8399
f 4060//8400 4075//8400 4076//8400
f 4060//8401 4076//8401 3892//8401
f 3892//8402 4076//8402 3901//8402
f 3892//8403 3901//8403 3836//8403
f 4175//8404 4075//8404 4074//8404
f 4074//8405 4075//8405 4060//8405
f 3977//8406 3907//8406 3906//8406
f 3906//8407 3907//8407 3905//8407
f 3905//8408 3906//8408 3976//8408
f 3976//8409 3905//8409 3975//8409
f 4181//8410 4180//8410 4288//8410
f 4288//8411 4180//8411 4397//8411
f 3977//8412 4089//8412 4184//8412
f 4184//8413 4089//8413 4183//8413
f 4184//8414 4183//8414 4289//8414
f 4289//8415 4183//8415 4397//8415
f 4397//8416 4183//8416 4182//8416
f 4397//8417 4182//8417 4288//8417
f 4395//8418 4389//8418 4506//8418
f 4506//8419 4389//8419 4383//8419
f 4506//8420 4383//8420 4626//8420
f 4626//8421 4383//8421 4612//8421
f 4626//8422 4612//8422 4731//8422
f 4731//8423 4612//8423 4796//8423
f 4612//8424 4716//8424 4796//8424
f 4796//8425 4716//8425 4790//8425
f 4796//8426 4790//8426 4874//8426
f 4790//8427 4789//8427 4874//8427
f 4874//8428 4789//8428 4827//8428
f 4874//8429 4827//8429 4873//8429
f 4873//8430 4827//8430 4826//8430
f 4873//8431 4826//8431 4872//8431
f 4872//8432 4826//8432 4862//8432
f 4872//8433 4862//8433 4920//8433
f 4920//8434 4862//8434 4908//8434
f 4920//8435 4908//8435 4986//8435
f 4986//8436 4908//8436 4973//8436
f 4986//8437 4973//8437 5030//8437
f 5030//8438 4973//8438 4972//8438
f 5030//8439 4972//8439 5059//8439
f 5059//8440 4972//8440 5020//8440
f 5059//8441 5020//8441 5058//8441
f 5058//8442 5020//8442 5057//8442
f 5057//8443 5020//8443 5050//8443
f 5057//8444 5050//8444 5082//8444
f 5082//8445 5050//8445 5049//8445
f 5082//8446 5049//8446 5081//8446
f 5084//8447 5081//8447 5056//8447
f 5056//8448 5081//8448 5049//8448
f 5032//8449 5085//8449 5033//8449
f 5033//8450 5085//8450 5086//8450
f 5085//8451 5032//8451 5031//8451
f 5085//8452 5031//8452 4994//8452
f 4994//8453 5031//8453 4995//8453
f 4994//8454 4995//8454 4930//8454
f 4882//8455 4881//8455 4931//8455
f 4931//8456 4996//8456 4997//8456
f 4997//8457 4996//8457 5086//8457
f 5086//8458 4996//8458 5034//8458
f 5086//8459 5034//8459 5033//8459
f 5083//8460 5055//8460 5080//8460
f 5080//8461 5055//8461 5048//8461
f 5054//8462 5080//8462 5048//8462
f 4962//8463 5023//8463 5024//8463
f 4962//8464 5024//8464 5019//8464
f 5024//8465 5025//8465 5019//8465
f 5019//8466 5025//8466 5052//8466
f 5019//8467 5052//8467 5048//8467
f 5048//8468 5052//8468 5053//8468
f 5048//8469 5053//8469 5054//8469
f 4854//8470 4975//8470 4962//8470
f 4962//8471 4975//8471 4976//8471
f 4962//8472 4976//8472 5023//8472
f 4718//8473 4791//8473 4778//8473
f 4778//8474 4791//8474 4828//8474
f 4778//8475 4828//8475 4854//8475
f 4854//8476 4828//8476 4910//8476
f 4854//8477 4910//8477 4975//8477
f 4718//8478 4778//8478 4717//8478
f 4717//8479 4778//8479 4486//8479
f 4717//8480 4486//8480 4500//8480
f 4500//8481 4486//8481 4374//8481
f 4500//8482 4374//8482 4499//8482
f 4718//8483 4717//8483 4743//8483
f 486//8484 487//8484 528//8484
f 485//8485 481//8485 487//8485
f 487//8486 481//8486 482//8486
f 487//8487 482//8487 528//8487
f 480//8488 484//8488 479//8488
f 479//8489 484//8489 486//8489
f 479//8490 486//8490 478//8490
f 478//8491 486//8491 477//8491
f 528//8492 527//8492 486//8492
f 486//8493 527//8493 526//8493
f 486//8494 526//8494 477//8494
f 477//8495 526//8495 525//8495
f 477//8496 525//8496 549//8496
f 818//8497 760//8497 777//8497
f 777//8498 760//8498 761//8498
f 777//8499 761//8499 722//8499
f 722//8500 761//8500 694//8500
f 722//8501 694//8501 671//8501
f 671//8502 694//8502 630//8502
f 671//8503 630//8503 525//8503
f 525//8504 630//8504 548//8504
f 525//8505 548//8505 549//8505
f 818//8506 777//8506 874//8506
f 874//8507 777//8507 947//8507
f 874//8508 947//8508 935//8508
f 1176//8509 1170//8509 1182//8509
f 1182//8510 1170//8510 1005//8510
f 1366//8511 1378//8511 1433//8511
f 1433//8512 1378//8512 1385//8512
f 1508//8513 1433//8513 1385//8513
f 1508//8514 1385//8514 1240//8514
f 1240//8515 1385//8515 1238//8515
f 1240//8516 1238//8516 1107//8516
f 1107//8517 1238//8517 1182//8517
f 1107//8518 1182//8518 947//8518
f 947//8519 1182//8519 1005//8519
f 947//8520 1005//8520 935//8520
f 1686//8521 1678//8521 1653//8521
f 1686//8522 1653//8522 1594//8522
f 1594//8523 1653//8523 1544//8523
f 1594//8524 1544//8524 1508//8524
f 1508//8525 1544//8525 1490//8525
f 1508//8526 1490//8526 1433//8526
f 2018//8527 2167//8527 2161//8527
f 2161//8528 2017//8528 2018//8528
f 2018//8529 2017//8529 1982//8529
f 2018//8530 1982//8530 1887//8530
f 1887//8531 1982//8531 1886//8531
f 1887//8532 1886//8532 1686//8532
f 1686//8533 1886//8533 1752//8533
f 1686//8534 1752//8534 1678//8534
f 2606//8535 2614//8535 2616//8535
f 2606//8536 2616//8536 2624//8536
f 2624//8537 2616//8537 2532//8537
f 2532//8538 2616//8538 2407//8538
f 2532//8539 2407//8539 2408//8539
f 2406//8540 2403//8540 2407//8540
f 2407//8541 2403//8541 2408//8541
f 2408//8542 2403//8542 2311//8542
f 2408//8543 2311//8543 2167//8543
f 2167//8544 2311//8544 2161//8544
f 2887//8545 2760//8545 2624//8545
f 2624//8546 2760//8546 2649//8546
f 2624//8547 2649//8547 2606//8547
f 3300//8548 3173//8548 3176//8548
f 3176//8549 3173//8549 3136//8549
f 3176//8550 3136//8550 3077//8550
f 3136//8551 3028//8551 3077//8551
f 3077//8552 3028//8552 2950//8552
f 3077//8553 2950//8553 2887//8553
f 2887//8554 2950//8554 2876//8554
f 2887//8555 2876//8555 2760//8555
f 3300//8556 3176//8556 3516//8556
f 3516//8557 3176//8557 3607//8557
f 3516//8558 3607//8558 3597//8558
f 3597//8559 3607//8559 3762//8559
f 3762//8560 3607//8560 3783//8560
f 3762//8561 3783//8561 3893//8561
f 3893//8562 3783//8562 3908//8562
f 4085//8563 4077//8563 4061//8563
f 4499//8564 4390//8564 4500//8564
f 4500//8565 4390//8565 4396//8565
f 4061//8566 3893//8566 4085//8566
f 4085//8567 3893//8567 3908//8567
f 4085//8568 3908//8568 4285//8568
f 4285//8569 3908//8569 4292//8569
f 4285//8570 4292//8570 4396//8570
f 4396//8571 4292//8571 4743//8571
f 4396//8572 4743//8572 4500//8572
f 4500//8573 4743//8573 4717//8573
f 4718//8574 4743//8574 4791//8574
f 4791//8575 4743//8575 4886//8575
f 4791//8576 4886//8576 4828//8576
f 5000//8577 4975//8577 4886//8577
f 4886//8578 4975//8578 4910//8578
f 4886//8579 4910//8579 4828//8579
f 709//8580 727//8580 634//8580
f 634//8581 727//8581 604//8581
f 634//8582 604//8582 556//8582
f 482//8583 483//8583 528//8583
f 528//8584 483//8584 554//8584
f 528//8585 554//8585 604//8585
f 604//8586 554//8586 555//8586
f 604//8587 555//8587 556//8587
f 735//8588 727//8588 784//8588
f 735//8589 784//8589 838//8589
f 838//8590 784//8590 948//8590
f 838//8591 948//8591 956//8591
f 956//8592 948//8592 1121//8592
f 1121//8593 948//8593 1246//8593
f 1121//8594 1246//8594 1340//8594
f 1340//8595 1246//8595 1550//8595
f 1340//8596 1550//8596 1516//8596
f 1516//8597 1550//8597 1595//8597
f 1516//8598 1595//8598 1637//8598
f 1637//8599 1595//8599 1688//8599
f 1637//8600 1688//8600 1732//8600
f 1732//8601 1688//8601 1939//8601
f 1732//8602 1939//8602 1899//8602
f 1899//8603 1939//8603 2019//8603
f 1899//8604 2019//8604 2029//8604
f 2029//8605 2019//8605 2172//8605
f 2029//8606 2172//8606 2206//8606
f 2206//8607 2172//8607 2409//8607
f 2206//8608 2409//8608 2365//8608
f 2365//8609 2409//8609 2537//8609
f 2365//8610 2537//8610 2543//8610
f 2543//8611 2537//8611 2663//8611
f 2543//8612 2663//8612 2704//8612
f 2704//8613 2663//8613 2968//8613
f 2704//8614 2968//8614 2822//8614
f 2822//8615 2968//8615 3078//8615
f 2822//8616 3078//8616 3080//8616
f 3080//8617 3078//8617 3177//8617
f 3080//8618 3177//8618 3233//8618
f 3233//8619 3177//8619 3608//8619
f 3233//8620 3608//8620 3533//8620
f 3533//8621 3608//8621 3788//8621
f 3533//8622 3788//8622 3718//8622
f 3718//8623 3788//8623 3909//8623
f 3718//8624 3909//8624 3994//8624
f 3994//8625 3909//8625 4294//8625
f 3994//8626 4294//8626 4193//8626
f 4193//8627 4294//8627 4646//8627
f 4193//8628 4646//8628 4517//8628
f 4517//8629 4646//8629 4744//8629
f 4517//8630 4744//8630 4750//8630
f 4750//8631 4744//8631 4889//8631
f 4750//8632 4889//8632 4846//8632
f 4846//8633 4889//8633 5002//8633
f 4846//8634 5002//8634 4949//8634
f 4949//8635 5002//8635 5001//8635
f 4949//8636 5001//8636 5008//8636
f 5008//8637 5001//8637 5062//8637
f 5008//8638 5062//8638 5037//8638
f 5037//8639 5062//8639 5061//8639
f 5037//8640 5061//8640 5065//8640
f 5065//8641 5061//8641 5087//8641
f 5065//8642 5087//8642 5064//8642
f 5064//8643 5087//8643 5060//8643
f 5064//8644 5060//8644 5063//8644
f 5063//8645 5060//8645 5035//8645
f 5063//8646 5035//8646 5036//8646
f 5036//8647 5035//8647 5003//8647
f 5003//8648 5035//8648 5000//8648
f 5003//8649 5000//8649 4942//8649
f 4976//8650 4975//8650 5000//8650
f 4976//8651 5000//8651 5023//8651
f 5023//8652 5000//8652 5035//8652
f 5023//8653 5035//8653 5024//8653
f 5060//8654 5052//8654 5035//8654
f 5035//8655 5052//8655 5025//8655
f 5035//8656 5025//8656 5024//8656
f 5086//8657 5085//8657 5060//8657
f 5083//8658 5080//8658 5085//8658
f 5085//8659 5080//8659 5054//8659
f 5085//8660 5054//8660 5060//8660
f 5060//8661 5054//8661 5053//8661
f 5060//8662 5053//8662 5052//8662
f 5081//8663 5084//8663 5082//8663
f 5082//8664 5084//8664 5086//8664
f 5082//8665 5086//8665 5057//8665
f 5057//8666 5086//8666 5058//8666
f 5060//8667 5087//8667 5086//8667
f 5086//8668 5087//8668 5061//8668
f 5086//8669 5061//8669 5058//8669
f 5058//8670 5061//8670 5062//8670
f 5058//8671 5062//8671 5059//8671
f 5059//8672 5062//8672 5030//8672
f 5030//8673 5062//8673 4986//8673
f 4986//8674 5062//8674 5001//8674
f 4986//8675 5001//8675 4920//8675
f 4920//8676 5001//8676 5002//8676
f 4920//8677 5002//8677 4872//8677
f 4872//8678 5002//8678 4889//8678
f 4872//8679 4889//8679 4873//8679
f 4626//8680 4731//8680 4744//8680
f 4744//8681 4731//8681 4796//8681
f 4744//8682 4796//8682 4889//8682
f 4889//8683 4796//8683 4874//8683
f 4889//8684 4874//8684 4873//8684
f 4395//8685 4506//8685 4397//8685
f 4397//8686 4506//8686 4626//8686
f 4075//8687 4175//8687 4076//8687
f 4076//8688 4175//8688 4184//8688
f 4626//8689 4744//8689 4397//8689
f 4397//8690 4744//8690 4646//8690
f 4397//8691 4646//8691 4289//8691
f 4289//8692 4646//8692 4294//8692
f 4289//8693 4294//8693 4184//8693
f 4184//8694 4294//8694 3909//8694
f 4184//8695 3909//8695 4076//8695
f 3602//8696 3662//8696 3608//8696
f 3608//8697 3662//8697 3788//8697
f 3788//8698 3662//8698 3836//8698
f 3788//8699 3836//8699 3909//8699
f 3909//8700 3836//8700 3901//8700
f 3909//8701 3901//8701 4076//8701
f 3078//8702 2968//8702 2958//8702
f 2958//8703 3075//8703 3078//8703
f 3078//8704 3075//8704 3112//8704
f 3078//8705 3112//8705 3177//8705
f 3177//8706 3112//8706 3174//8706
f 3177//8707 3174//8707 3608//8707
f 3608//8708 3174//8708 3414//8708
f 3608//8709 3414//8709 3602//8709
f 2405//8710 2462//8710 2471//8710
f 2358//8711 2405//8711 2409//8711
f 2409//8712 2405//8712 2471//8712
f 2409//8713 2471//8713 2537//8713
f 2537//8714 2471//8714 2621//8714
f 2537//8715 2621//8715 2663//8715
f 2615//8716 2613//8716 2621//8716
f 2621//8717 2613//8717 2656//8717
f 2621//8718 2656//8718 2663//8718
f 2663//8719 2656//8719 2728//8719
f 2663//8720 2728//8720 2968//8720
f 2968//8721 2728//8721 2882//8721
f 2968//8722 2882//8722 2958//8722
f 2172//8723 2234//8723 2409//8723
f 2409//8724 2234//8724 2358//8724
f 1799//8725 1936//8725 1939//8725
f 1939//8726 1936//8726 2019//8726
f 1936//8727 2074//8727 2019//8727
f 2019//8728 2074//8728 2114//8728
f 2019//8729 2114//8729 2172//8729
f 2172//8730 2114//8730 2164//8730
f 2172//8731 2164//8731 2234//8731
f 1799//8732 1939//8732 1757//8732
f 1757//8733 1939//8733 1688//8733
f 1757//8734 1688//8734 1682//8734
f 1682//8735 1688//8735 1625//8735
f 1625//8736 1688//8736 1595//8736
f 1625//8737 1595//8737 1546//8737
f 1546//8738 1595//8738 1550//8738
f 1546//8739 1550//8739 1499//8739
f 1390//8740 1384//8740 1377//8740
f 1175//8741 1181//8741 1020//8741
f 1020//8742 1181//8742 1183//8742
f 1377//8743 1499//8743 1390//8743
f 1390//8744 1499//8744 1550//8744
f 1390//8745 1550//8745 1239//8745
f 1239//8746 1550//8746 1246//8746
f 1239//8747 1246//8747 1183//8747
f 1183//8748 1246//8748 948//8748
f 1183//8749 948//8749 1020//8749
f 1020//8750 948//8750 941//8750
f 941//8751 948//8751 879//8751
f 879//8752 948//8752 784//8752
f 879//8753 784//8753 824//8753
f 824//8754 784//8754 769//8754
f 769//8755 784//8755 727//8755
f 769//8756 727//8756 709//8756
f 1560//8757 1562//8757 1610//8757
f 1560//8758 1610//8758 1606//8758
f 1606//8759 1610//8759 1611//8759
f 1606//8760 1611//8760 1607//8760
f 1607//8761 1611//8761 1563//8761
f 1607//8762 1563//8762 1561//8762
f 1561//8763 1563//8763 1530//8763
f 1561//8764 1530//8764 1525//8764
f 1525//8765 1530//8765 1529//8765
f 1525//8766 1529//8766 1524//8766
f 1524//8767 1529//8767 1479//8767
f 1524//8768 1479//8768 1477//8768
f 1477//8769 1479//8769 1478//8769
f 1477//8770 1478//8770 1476//8770
f 1476//8771 1478//8771 1528//8771
f 1476//8772 1528//8772 1523//8772
f 1523//8773 1528//8773 1562//8773
f 1523//8774 1562//8774 1560//8774
f 1525//8775 1523//8775 1560//8775
f 1476//8776 1523//8776 1477//8776
f 1477//8777 1523//8777 1524//8777
f 1524//8778 1523//8778 1525//8778
f 1560//8779 1606//8779 1607//8779
f 1561//8780 1525//8780 1560//8780
f 1561//8781 1560//8781 1607//8781
f 1275//8782 1279//8782 1354//8782
f 1275//8783 1354//8783 1350//8783
f 1350//8784 1354//8784 1355//8784
f 1350//8785 1355//8785 1351//8785
f 1351//8786 1355//8786 1416//8786
f 1351//8787 1416//8787 1412//8787
f 1412//8788 1416//8788 1417//8788
f 1412//8789 1417//8789 1413//8789
f 1413//8790 1417//8790 1356//8790
f 1413//8791 1356//8791 1352//8791
f 1352//8792 1356//8792 1281//8792
f 1352//8793 1281//8793 1277//8793
f 1277//8794 1281//8794 1280//8794
f 1277//8795 1280//8795 1276//8795
f 1276//8796 1280//8796 1207//8796
f 1276//8797 1207//8797 1205//8797
f 1205//8798 1207//8798 1279//8798
f 1205//8799 1279//8799 1275//8799
f 1352//8800 1277//8800 1275//8800
f 1413//8801 1275//8801 1350//8801
f 1275//8802 1413//8802 1352//8802
f 1277//8803 1276//8803 1275//8803
f 1275//8804 1276//8804 1205//8804
f 1412//8805 1413//8805 1351//8805
f 1351//8806 1413//8806 1350//8806
f 3818//8807 3822//8807 3753//8807
f 3818//8808 3753//8808 3748//8808
f 3748//8809 3753//8809 3752//8809
f 3748//8810 3752//8810 3747//8810
f 3747//8811 3752//8811 3751//8811
f 3747//8812 3751//8812 3746//8812
f 3746//8813 3751//8813 3821//8813
f 3746//8814 3821//8814 3817//8814
f 3817//8815 3821//8815 3880//8815
f 3817//8816 3880//8816 3877//8816
f 3877//8817 3880//8817 3881//8817
f 3877//8818 3881//8818 3878//8818
f 3878//8819 3881//8819 3822//8819
f 3878//8820 3822//8820 3818//8820
f 3817//8821 3818//8821 3748//8821
f 3818//8822 3817//8822 3878//8822
f 3878//8823 3817//8823 3877//8823
f 3747//8824 3746//8824 3817//8824
f 3747//8825 3817//8825 3748//8825
f 4135//8826 4138//8826 4049//8826
f 4135//8827 4049//8827 4044//8827
f 4044//8828 4049//8828 4048//8828
f 4044//8829 4048//8829 4043//8829
f 4043//8830 4048//8830 3957//8830
f 4043//8831 3957//8831 3954//8831
f 3954//8832 3957//8832 3956//8832
f 3954//8833 3956//8833 3953//8833
f 3953//8834 3956//8834 4047//8834
f 3953//8835 4047//8835 4042//8835
f 4042//8836 4047//8836 4046//8836
f 4042//8837 4046//8837 4041//8837
f 4041//8838 4046//8838 4137//8838
f 4041//8839 4137//8839 4134//8839
f 4134//8840 4137//8840 4245//8840
f 4134//8841 4245//8841 4240//8841
f 4240//8842 4245//8842 4246//8842
f 4240//8843 4246//8843 4241//8843
f 4241//8844 4246//8844 4138//8844
f 4241//8845 4138//8845 4135//8845
f 4240//8846 4241//8846 4042//8846
f 4042//8847 4241//8847 4135//8847
f 3954//8848 3953//8848 4043//8848
f 4043//8849 3953//8849 4042//8849
f 4043//8850 4042//8850 4044//8850
f 4044//8851 4042//8851 4135//8851
f 4134//8852 4240//8852 4041//8852
f 4041//8853 4240//8853 4042//8853
f 4157//8854 4178//8854 4179//8854
f 4157//8855 4179//8855 4158//8855
f 4158//8856 4179//8856 4087//8856
f 4158//8857 4087//8857 4064//8857
f 4064//8858 4087//8858 3974//8858
f 4064//8859 3974//8859 3969//8859
f 3895//8860 3903//8860 3973//8860
f 3895//8861 3973//8861 3968//8861
f 3968//8862 3973//8862 4086//8862
f 3968//8863 4086//8863 4063//8863
f 4063//8864 4086//8864 4176//8864
f 4063//8865 4176//8865 4155//8865
f 4155//8866 4176//8866 4177//8866
f 4155//8867 4177//8867 4156//8867
f 4156//8868 4177//8868 4286//8868
f 4156//8869 4286//8869 4274//8869
f 4274//8870 4286//8870 4178//8870
f 4274//8871 4178//8871 4157//8871
f 4155//8872 4156//8872 3895//8872
f 4156//8873 4274//8873 3895//8873
f 3895//8874 4274//8874 4157//8874
f 3895//8875 4157//8875 4158//8875
f 3895//8876 3968//8876 4063//8876
f 3895//8877 4063//8877 4155//8877
f 3896//8878 3895//8878 3969//8878
f 3969//8879 3895//8879 4158//8879
f 3969//8880 4158//8880 4064//8880
f 1435//8881 1446//8881 1500//8881
f 1435//8882 1500//8882 1491//8882
f 1492//8883 1501//8883 1502//8883
f 1492//8884 1502//8884 1493//8884
f 1493//8885 1502//8885 1447//8885
f 1493//8886 1447//8886 1436//8886
f 1436//8887 1447//8887 1387//8887
f 1436//8888 1387//8888 1368//8888
f 1368//8889 1387//8889 1324//8889
f 1368//8890 1324//8890 1307//8890
f 1307//8891 1324//8891 1323//8891
f 1307//8892 1323//8892 1306//8892
f 1306//8893 1323//8893 1322//8893
f 1306//8894 1322//8894 1305//8894
f 1305//8895 1322//8895 1386//8895
f 1305//8896 1386//8896 1367//8896
f 1367//8897 1386//8897 1446//8897
f 1367//8898 1446//8898 1435//8898
f 1306//8899 1305//8899 1367//8899
f 1368//8900 1367//8900 1435//8900
f 1435//8901 1491//8901 1492//8901
f 1307//8902 1306//8902 1368//8902
f 1368//8903 1306//8903 1367//8903
f 1436//8904 1368//8904 1493//8904
f 1493//8905 1368//8905 1435//8905
f 1493//8906 1435//8906 1492//8906
f 1315//8907 1327//8907 1326//8907
f 1315//8908 1326//8908 1314//8908
f 1314//8909 1326//8909 1388//8909
f 1314//8910 1388//8910 1375//8910
f 1495//8911 1504//8911 1505//8911
f 1495//8912 1505//8912 1496//8912
f 1496//8913 1505//8913 1506//8913
f 1496//8914 1506//8914 1497//8914
f 1497//8915 1506//8915 1507//8915
f 1497//8916 1507//8916 1498//8916
f 1498//8917 1507//8917 1449//8917
f 1498//8918 1449//8918 1441//8918
f 1441//8919 1449//8919 1389//8919
f 1441//8920 1389//8920 1376//8920
f 1376//8921 1389//8921 1329//8921
f 1376//8922 1329//8922 1317//8922
f 1317//8923 1329//8923 1328//8923
f 1317//8924 1328//8924 1316//8924
f 1316//8925 1328//8925 1327//8925
f 1316//8926 1327//8926 1315//8926
f 1497//8927 1316//8927 1315//8927
f 1497//8928 1315//8928 1496//8928
f 1497//8929 1498//8929 1441//8929
f 1317//8930 1316//8930 1376//8930
f 1376//8931 1316//8931 1497//8931
f 1376//8932 1497//8932 1441//8932
f 1315//8933 1314//8933 1375//8933
f 1496//8934 1315//8934 1495//8934
f 1495//8935 1315//8935 1375//8935
f 1495//8936 1375//8936 1440//8936
f 3972//8937 3977//8937 3906//8937
f 3972//8938 3906//8938 3899//8938
f 3899//8939 3906//8939 3905//8939
f 3899//8940 3905//8940 3898//8940
f 3898//8941 3905//8941 3976//8941
f 3898//8942 3976//8942 3971//8942
f 3971//8943 3976//8943 3975//8943
f 3971//8944 3975//8944 3970//8944
f 4072//8945 4088//8945 4180//8945
f 4072//8946 4180//8946 4165//8946
f 4165//8947 4180//8947 4181//8947
f 4165//8948 4181//8948 4166//8948
f 4166//8949 4181//8949 4288//8949
f 4166//8950 4288//8950 4280//8950
f 4280//8951 4288//8951 4182//8951
f 4280//8952 4182//8952 4167//8952
f 4167//8953 4182//8953 4183//8953
f 4167//8954 4183//8954 4168//8954
f 4168//8955 4183//8955 4089//8955
f 4168//8956 4089//8956 4073//8956
f 4073//8957 4089//8957 3977//8957
f 4073//8958 3977//8958 3972//8958
f 4166//8959 4280//8959 4167//8959
f 4168//8960 4073//8960 4072//8960
f 4072//8961 4073//8961 3972//8961
f 4072//8962 3972//8962 3970//8962
f 4168//8963 4072//8963 4167//8963
f 4167//8964 4072//8964 4165//8964
f 4167//8965 4165//8965 4166//8965
f 3972//8966 3899//8966 3970//8966
f 3970//8967 3899//8967 3898//8967
f 3970//8968 3898//8968 3971//8968
f 2285//8969 2288//8969 2287//8969
f 2285//8970 2287//8970 2284//8970
f 2284//8971 2287//8971 2286//8971
f 2284//8972 2286//8972 2283//8972
f 2283//8973 2286//8973 2325//8973
f 2283//8974 2325//8974 2323//8974
f 2323//8975 2325//8975 2378//8975
f 2323//8976 2378//8976 2374//8976
f 2374//8977 2378//8977 2379//8977
f 2374//8978 2379//8978 2375//8978
f 2375//8979 2379//8979 2380//8979
f 2375//8980 2380//8980 2376//8980
f 2376//8981 2380//8981 2326//8981
f 2376//8982 2326//8982 2324//8982
f 2324//8983 2326//8983 2288//8983
f 2324//8984 2288//8984 2285//8984
f 2374//8985 2375//8985 2376//8985
f 2283//8986 2323//8986 2374//8986
f 2376//8987 2324//8987 2285//8987
f 2376//8988 2285//8988 2284//8988
f 2376//8989 2284//8989 2374//8989
f 2374//8990 2284//8990 2283//8990
f 2591//8991 2594//8991 2593//8991
f 2591//8992 2593//8992 2590//8992
f 2590//8993 2593//8993 2636//8993
f 2590//8994 2636//8994 2632//8994
f 2632//8995 2636//8995 2635//8995
f 2632//8996 2635//8996 2631//8996
f 2631//8997 2635//8997 2684//8997
f 2631//8998 2684//8998 2679//8998
f 2679//8999 2684//8999 2685//8999
f 2679//9000 2685//9000 2680//9000
f 2680//9001 2685//9001 2716//9001
f 2680//9002 2716//9002 2712//9002
f 2712//9003 2716//9003 2717//9003
f 2712//9004 2717//9004 2713//9004
f 2713//9005 2717//9005 2686//9005
f 2713//9006 2686//9006 2681//9006
f 2681//9007 2686//9007 2687//9007
f 2681//9008 2687//9008 2682//9008
f 2682//9009 2687//9009 2637//9009
f 2682//9010 2637//9010 2633//9010
f 2633//9011 2637//9011 2594//9011
f 2633//9012 2594//9012 2591//9012
f 2591//9013 2590//9013 2681//9013
f 2681//9014 2682//9014 2633//9014
f 2632//9015 2631//9015 2590//9015
f 2590//9016 2631//9016 2679//9016
f 2713//9017 2681//9017 2712//9017
f 2712//9018 2681//9018 2590//9018
f 2712//9019 2590//9019 2680//9019
f 2680//9020 2590//9020 2679//9020
f 2591//9021 2681//9021 2633//9021
f 2454//9022 2466//9022 2465//9022
f 2454//9023 2465//9023 2453//9023
f 2453//9024 2465//9024 2497//9024
f 2453//9025 2497//9025 2493//9025
f 2493//9026 2497//9026 2524//9026
f 2493//9027 2524//9027 2520//9027
f 2520//9028 2524//9028 2563//9028
f 2520//9029 2563//9029 2555//9029
f 2555//9030 2563//9030 2564//9030
f 2555//9031 2564//9031 2556//9031
f 2556//9032 2564//9032 2565//9032
f 2556//9033 2565//9033 2557//9033
f 2557//9034 2565//9034 2525//9034
f 2557//9035 2525//9035 2521//9035
f 2494//9036 2498//9036 2466//9036
f 2494//9037 2466//9037 2454//9037
f 2521//9038 2493//9038 2520//9038
f 2453//9039 2493//9039 2521//9039
f 2453//9040 2521//9040 2454//9040
f 2454//9041 2521//9041 2494//9041
f 2556//9042 2557//9042 2521//9042
f 2556//9043 2521//9043 2555//9043
f 2555//9044 2521//9044 2520//9044
f 632//9045 636//9045 719//9045
f 632//9046 719//9046 700//9046
f 700//9047 719//9047 774//9047
f 700//9048 774//9048 764//9048
f 764//9049 774//9049 775//9049
f 764//9050 775//9050 765//9050
f 765//9051 775//9051 776//9051
f 765//9052 776//9052 766//9052
f 701//9053 720//9053 637//9053
f 701//9054 637//9054 633//9054
f 633//9055 637//9055 559//9055
f 633//9056 559//9056 552//9056
f 552//9057 559//9057 558//9057
f 552//9058 558//9058 551//9058
f 551//9059 558//9059 557//9059
f 551//9060 557//9060 550//9060
f 550//9061 557//9061 636//9061
f 550//9062 636//9062 632//9062
f 552//9063 764//9063 765//9063
f 552//9064 700//9064 764//9064
f 701//9065 633//9065 552//9065
f 701//9066 552//9066 766//9066
f 766//9067 552//9067 765//9067
f 551//9068 550//9068 552//9068
f 552//9069 550//9069 632//9069
f 552//9070 632//9070 700//9070
f 2458//9071 2470//9071 2469//9071
f 2458//9072 2469//9072 2457//9072
f 2457//9073 2469//9073 2499//9073
f 2457//9074 2499//9074 2495//9074
f 2495//9075 2499//9075 2526//9075
f 2495//9076 2526//9076 2522//9076
f 2522//9077 2526//9077 2567//9077
f 2522//9078 2567//9078 2559//9078
f 2559//9079 2567//9079 2568//9079
f 2559//9080 2568//9080 2560//9080
f 2560//9081 2568//9081 2569//9081
f 2560//9082 2569//9082 2561//9082
f 2561//9083 2569//9083 2570//9083
f 2561//9084 2570//9084 2562//9084
f 2562//9085 2570//9085 2527//9085
f 2562//9086 2527//9086 2523//9086
f 2523//9087 2527//9087 2500//9087
f 2523//9088 2500//9088 2496//9088
f 2496//9089 2500//9089 2470//9089
f 2496//9090 2470//9090 2458//9090
f 2523//9091 2495//9091 2522//9091
f 2457//9092 2495//9092 2523//9092
f 2561//9093 2562//9093 2560//9093
f 2560//9094 2562//9094 2523//9094
f 2560//9095 2523//9095 2559//9095
f 2559//9096 2523//9096 2522//9096
f 2523//9097 2496//9097 2458//9097
f 2523//9098 2458//9098 2457//9098
f 4915//9099 4930//9099 4995//9099
f 4915//9100 4995//9100 4980//9100
f 4980//9101 4995//9101 5031//9101
f 4980//9102 5031//9102 5026//9102
f 5026//9103 5031//9103 5032//9103
f 5026//9104 5032//9104 5027//9104
f 5027//9105 5032//9105 5033//9105
f 5027//9106 5033//9106 5028//9106
f 5028//9107 5033//9107 5034//9107
f 5028//9108 5034//9108 5029//9108
f 5029//9109 5034//9109 4996//9109
f 5029//9110 4996//9110 4981//9110
f 4981//9111 4996//9111 4931//9111
f 4981//9112 4931//9112 4916//9112
f 4916//9113 4931//9113 4881//9113
f 4916//9114 4881//9114 4868//9114
f 4867//9115 4880//9115 4879//9115
f 4867//9116 4879//9116 4866//9116
f 4866//9117 4879//9117 4930//9117
f 4866//9118 4930//9118 4915//9118
f 4868//9119 5027//9119 5028//9119
f 4867//9120 4866//9120 4868//9120
f 4868//9121 4866//9121 4915//9121
f 5026//9122 5027//9122 4868//9122
f 5026//9123 4868//9123 4980//9123
f 4980//9124 4868//9124 4915//9124
f 4981//9125 4916//9125 4868//9125
f 4981//9126 4868//9126 5029//9126
f 5029//9127 4868//9127 5028//9127
f 1463//9128 1453//9128 1549//9128
f 2177//9129 2170//9129 2317//9129
f 3140//9130 3138//9130 3420//9130
f 4190//9131 4186//9131 4400//9131
f 2890//9132 2888//9132 2819//9132
f 1943//9133 1937//9133 1888//9133
f 1334//9134 1330//9134 1242//9134
f 1334//9135 1258//9135 1397//9135
f 1397//9136 1258//9136 1402//9136
f 1397//9137 1402//9137 1458//9137
f 1458//9138 1402//9138 1554//9138
f 1943//9139 1903//9139 2123//9139
f 2123//9140 1903//9140 2126//9140
f 2123//9141 2126//9141 2176//9141
f 2176//9142 2126//9142 2366//9142
f 3141//9143 3139//9143 2823//9143
f 2823//9144 3139//9144 2970//9144
f 2823//9145 2970//9145 2890//9145
f 3534//9146 3139//9146 3141//9146
f 4293//9147 4185//9147 4189//9147
f 4295//9148 4189//9148 3995//9148
f 3995//9149 4189//9149 4096//9149
f 3995//9150 4096//9150 3990//9150
f 4190//9151 4407//9151 4194//9151
f 4190//9152 4194//9152 4191//9152
f 4191//9153 4194//9153 4097//9153
f 4097//9154 4194//9154 3996//9154
f 4097//9155 3996//9155 3991//9155
f 3140//9156 3429//9156 3113//9156
f 3113//9157 3429//9157 3116//9157
f 3113//9158 3116//9158 2971//9158
f 2971//9159 3116//9159 2824//9159
f 2971//9160 2824//9160 2891//9160
f 2177//9161 2321//9161 2079//9161
f 2079//9162 2321//9162 2082//9162
f 2079//9163 2082//9163 1944//9163
f 1944//9164 2082//9164 1851//9164
f 1260//9165 1335//9165 1403//9165
f 1403//9166 1335//9166 1399//9166
f 1403//9167 1399//9167 1555//9167
f 1555//9168 1399//9168 1463//9168
f 1334//9169 1242//9169 1258//9169
f 1258//9170 1242//9170 1243//9170
f 1258//9171 1243//9171 1259//9171
f 1259//9172 1243//9172 1244//9172
f 1259//9173 1244//9173 1260//9173
f 1260//9174 1244//9174 1331//9174
f 1260//9175 1331//9175 1335//9175
f 1943//9176 1888//9176 1903//9176
f 1903//9177 1888//9177 1687//9177
f 1903//9178 1687//9178 1691//9178
f 1691//9179 1687//9179 1548//9179
f 1691//9180 1548//9180 1554//9180
f 1554//9181 1548//9181 1452//9181
f 1554//9182 1452//9182 1458//9182
f 2890//9183 2819//9183 2823//9183
f 2823//9184 2819//9184 2625//9184
f 2823//9185 2625//9185 2626//9185
f 2626//9186 2625//9186 2363//9186
f 2626//9187 2363//9187 2366//9187
f 2366//9188 2363//9188 2169//9188
f 2366//9189 2169//9189 2176//9189
f 3990//9190 3982//9190 3995//9190
f 3995//9191 3982//9191 3785//9191
f 3995//9192 3785//9192 3791//9192
f 3791//9193 3785//9193 3528//9193
f 3791//9194 3528//9194 3534//9194
f 3534//9195 3528//9195 3137//9195
f 3534//9196 3137//9196 3139//9196
f 4190//9197 4400//9197 4407//9197
f 4407//9198 4400//9198 4399//9198
f 4407//9199 4399//9199 4406//9199
f 4406//9200 4399//9200 4293//9200
f 4406//9201 4293//9201 4295//9201
f 4295//9202 4293//9202 4189//9202
f 3140//9203 3420//9203 3429//9203
f 3429//9204 3420//9204 3786//9204
f 3429//9205 3786//9205 3792//9205
f 3792//9206 3786//9206 3984//9206
f 3792//9207 3984//9207 3996//9207
f 3996//9208 3984//9208 3983//9208
f 3996//9209 3983//9209 3991//9209
f 2177//9210 2317//9210 2321//9210
f 2321//9211 2317//9211 2574//9211
f 2321//9212 2574//9212 2579//9212
f 2579//9213 2574//9213 2820//9213
f 2579//9214 2820//9214 2824//9214
f 2824//9215 2820//9215 2889//9215
f 2824//9216 2889//9216 2891//9216
f 1463//9217 1549//9217 1555//9217
f 1555//9218 1549//9218 1661//9218
f 1555//9219 1661//9219 1664//9219
f 1664//9220 1661//9220 1846//9220
f 1664//9221 1846//9221 1851//9221
f 1851//9222 1846//9222 1938//9222
f 1851//9223 1938//9223 1944//9223
f 1402//9224 1258//9224 1769//9224
f 1769//9225 1258//9225 1259//9225
f 1769//9226 1259//9226 1771//9226
f 1771//9227 1259//9227 1260//9227
f 1771//9228 1260//9228 1819//9228
f 1819//9229 1260//9229 1403//9229
f 1819//9230 1403//9230 1820//9230
f 1769//9231 1816//9231 1402//9231
f 1402//9232 1816//9232 1850//9232
f 1402//9233 1850//9233 1554//9233
f 1554//9234 1850//9234 1952//9234
f 1554//9235 1952//9235 1691//9235
f 1691//9236 1952//9236 2033//9236
f 1691//9237 2033//9237 1903//9237
f 1903//9238 2033//9238 2181//9238
f 1903//9239 2181//9239 2126//9239
f 2126//9240 2181//9240 2278//9240
f 2126//9241 2278//9241 2366//9241
f 2366//9242 2278//9242 2410//9242
f 2366//9243 2410//9243 2626//9243
f 2626//9244 2410//9244 2578//9244
f 2626//9245 2578//9245 2823//9245
f 2823//9246 2578//9246 2737//9246
f 2823//9247 2737//9247 3141//9247
f 3141//9248 2737//9248 2892//9248
f 3141//9249 2892//9249 3534//9249
f 3534//9250 2892//9250 3081//9250
f 3534//9251 3081//9251 3791//9251
f 3791//9252 3081//9252 3178//9252
f 3791//9253 3178//9253 3995//9253
f 3995//9254 3178//9254 3318//9254
f 3995//9255 3318//9255 4295//9255
f 4295//9256 3318//9256 3319//9256
f 4295//9257 3319//9257 4406//9257
f 4406//9258 3319//9258 3425//9258
f 4406//9259 3425//9259 4407//9259
f 4407//9260 3425//9260 3427//9260
f 4407//9261 3427//9261 4194//9261
f 4194//9262 3427//9262 3320//9262
f 4194//9263 3320//9263 3996//9263
f 3996//9264 3320//9264 3321//9264
f 3996//9265 3321//9265 3792//9265
f 3792//9266 3321//9266 3180//9266
f 3792//9267 3180//9267 3429//9267
f 3429//9268 3180//9268 3082//9268
f 3429//9269 3082//9269 3116//9269
f 3082//9270 2893//9270 3116//9270
f 3116//9271 2893//9271 2771//9271
f 3116//9272 2771//9272 2824//9272
f 2824//9273 2771//9273 2627//9273
f 1820//9274 1403//9274 1905//9274
f 1905//9275 1403//9275 1555//9275
f 1905//9276 1555//9276 2034//9276
f 2034//9277 1555//9277 1664//9277
f 2034//9278 1664//9278 2182//9278
f 2182//9279 1664//9279 1851//9279
f 2182//9280 1851//9280 2279//9280
f 2279//9281 1851//9281 2082//9281
f 2279//9282 2082//9282 2476//9282
f 2476//9283 2082//9283 2321//9283
f 2476//9284 2321//9284 2627//9284
f 2627//9285 2321//9285 2579//9285
f 2627//9286 2579//9286 2824//9286
f 2896//9287 2827//9287 2828//9287
f 2828//9288 2827//9288 2781//9288
f 2982//9289 2981//9289 2897//9289
f 2897//9290 2981//9290 2980//9290
f 2897//9291 2980//9291 2828//9291
f 2828//9292 2980//9292 2896//9292
f 2783//9293 2784//9293 2782//9293
f 2782//9294 2784//9294 2828//9294
f 2782//9295 2828//9295 2781//9295
f 2094//9296 2048//9296 1997//9296
f 1997//9297 2048//9297 2047//9297
f 1997//9298 2047//9298 1996//9298
f 1964//9299 1965//9299 1997//9299
f 1964//9300 1997//9300 1963//9300
f 1963//9301 1997//9301 1996//9301
f 2049//9302 2096//9302 1997//9302
f 1997//9303 2096//9303 2095//9303
f 1997//9304 2095//9304 2094//9304
f 2787//9305 2786//9305 2741//9305
f 2741//9306 2786//9306 2785//9306
f 2741//9307 2785//9307 2708//9307
f 2708//9308 2785//9308 2673//9308
f 2672//9309 2673//9309 2671//9309
f 2707//9310 2671//9310 2673//9310
f 2707//9311 2673//9311 2740//9311
f 2740//9312 2673//9312 2785//9312
f 2980//9313 2976//9313 2894//9313
f 2980//9314 2894//9314 2896//9314
f 2896//9315 2894//9315 2825//9315
f 2896//9316 2825//9316 2827//9316
f 2827//9317 2825//9317 2773//9317
f 2827//9318 2773//9318 2781//9318
f 2781//9319 2773//9319 2774//9319
f 2781//9320 2774//9320 2782//9320
f 2782//9321 2774//9321 2775//9321
f 2782//9322 2775//9322 2783//9322
f 2783//9323 2775//9323 2776//9323
f 2783//9324 2776//9324 2784//9324
f 2784//9325 2776//9325 2826//9325
f 2784//9326 2826//9326 2828//9326
f 2828//9327 2826//9327 2895//9327
f 2828//9328 2895//9328 2897//9328
f 2897//9329 2895//9329 2978//9329
f 2897//9330 2978//9330 2982//9330
f 2982//9331 2978//9331 2977//9331
f 2982//9332 2977//9332 2981//9332
f 2981//9333 2977//9333 2976//9333
f 2981//9334 2976//9334 2980//9334
f 2094//9335 2087//9335 2042//9335
f 2094//9336 2042//9336 2048//9336
f 2048//9337 2042//9337 2041//9337
f 2048//9338 2041//9338 2047//9338
f 2047//9339 2041//9339 1994//9339
f 2047//9340 1994//9340 1996//9340
f 1996//9341 1994//9341 1958//9341
f 1996//9342 1958//9342 1963//9342
f 1963//9343 1958//9343 1959//9343
f 1963//9344 1959//9344 1964//9344
f 1964//9345 1959//9345 1960//9345
f 1964//9346 1960//9346 1965//9346
f 1965//9347 1960//9347 1995//9347
f 1965//9348 1995//9348 1997//9348
f 1997//9349 1995//9349 2043//9349
f 1997//9350 2043//9350 2049//9350
f 2049//9351 2043//9351 2089//9351
f 2049//9352 2089//9352 2096//9352
f 2096//9353 2089//9353 2088//9353
f 2096//9354 2088//9354 2095//9354
f 2095//9355 2088//9355 2087//9355
f 2095//9356 2087//9356 2094//9356
f 2785//9357 2777//9357 2738//9357
f 2785//9358 2738//9358 2740//9358
f 2740//9359 2738//9359 2705//9359
f 2740//9360 2705//9360 2707//9360
f 2707//9361 2705//9361 2667//9361
f 2707//9362 2667//9362 2671//9362
f 2671//9363 2667//9363 2668//9363
f 2671//9364 2668//9364 2672//9364
f 2672//9365 2668//9365 2669//9365
f 2672//9366 2669//9366 2673//9366
f 2673//9367 2669//9367 2706//9367
f 2673//9368 2706//9368 2708//9368
f 2708//9369 2706//9369 2739//9369
f 2708//9370 2739//9370 2741//9370
f 2741//9371 2739//9371 2779//9371
f 2741//9372 2779//9372 2787//9372
f 2787//9373 2779//9373 2778//9373
f 2787//9374 2778//9374 2786//9374
f 2786//9375 2778//9375 2777//9375
f 2786//9376 2777//9376 2785//9376
f 1995//9377 1914//9377 2043//9377
f 2043//9378 1914//9378 2044//9378
f 2044//9379 2132//9379 2043//9379
f 2043//9380 2132//9380 2240//9380
f 2043//9381 2240//9381 2089//9381
f 2041//9382 2040//9382 1994//9382
f 1994//9383 2040//9383 1913//9383
f 1994//9384 1913//9384 1958//9384
f 1958//9385 1913//9385 1855//9385
f 1958//9386 1855//9386 1824//9386
f 1958//9387 1824//9387 1959//9387
f 2546//9388 2369//9388 2042//9388
f 2042//9389 2369//9389 2239//9389
f 2042//9390 2239//9390 2041//9390
f 2041//9391 2239//9391 2131//9391
f 2041//9392 2131//9392 2040//9392
f 2895//9393 3182//9393 3235//9393
f 1959//9394 1824//9394 1960//9394
f 1960//9395 1824//9395 1825//9395
f 1960//9396 1825//9396 1826//9396
f 1960//9397 1826//9397 1995//9397
f 1995//9398 1826//9398 1856//9398
f 1995//9399 1856//9399 1914//9399
f 3235//9400 3323//9400 2895//9400
f 2895//9401 3323//9401 3430//9401
f 2895//9402 3430//9402 2978//9402
f 2240//9403 2667//9403 2776//9403
f 2776//9404 2667//9404 2826//9404
f 2826//9405 2667//9405 2705//9405
f 2826//9406 2705//9406 2895//9406
f 3430//9407 3322//9407 2978//9407
f 2978//9408 3322//9408 3234//9408
f 2978//9409 3234//9409 2977//9409
f 2977//9410 3234//9410 3181//9410
f 2977//9411 3181//9411 2976//9411
f 2976//9412 3181//9412 3117//9412
f 2976//9413 3117//9413 2894//9413
f 2894//9414 3117//9414 2975//9414
f 2705//9415 2738//9415 2895//9415
f 2895//9416 2738//9416 2777//9416
f 2895//9417 2777//9417 3182//9417
f 3182//9418 2777//9418 3118//9418
f 3118//9419 2777//9419 2778//9419
f 3118//9420 2778//9420 2979//9420
f 2979//9421 2778//9421 2779//9421
f 2979//9422 2779//9422 2780//9422
f 2780//9423 2779//9423 2739//9423
f 2780//9424 2739//9424 2670//9424
f 2670//9425 2739//9425 2706//9425
f 2670//9426 2706//9426 2547//9426
f 2547//9427 2706//9427 2669//9427
f 2547//9428 2669//9428 2370//9428
f 2370//9429 2669//9429 2240//9429
f 2240//9430 2669//9430 2668//9430
f 2240//9431 2668//9431 2667//9431
f 2089//9432 2240//9432 2088//9432
f 2088//9433 2240//9433 2776//9433
f 2088//9434 2776//9434 2087//9434
f 2087//9435 2776//9435 2775//9435
f 2087//9436 2775//9436 2042//9436
f 2042//9437 2775//9437 2774//9437
f 2042//9438 2774//9438 2546//9438
f 2546//9439 2774//9439 2666//9439
f 2666//9440 2774//9440 2773//9440
f 2666//9441 2773//9441 2772//9441
f 2772//9442 2773//9442 2825//9442
f 2772//9443 2825//9443 2975//9443
f 2975//9444 2825//9444 2894//9444
f 3234//9445 3318//9445 3178//9445
f 3234//9446 3178//9446 3181//9446
f 3181//9447 3178//9447 3114//9447
f 3181//9448 3114//9448 3117//9448
f 3117//9449 3114//9449 3081//9449
f 3117//9450 3081//9450 2975//9450
f 3081//9451 2973//9451 2975//9451
f 2975//9452 2973//9452 2892//9452
f 2975//9453 2892//9453 2772//9453
f 2892//9454 2770//9454 2772//9454
f 2772//9455 2770//9455 2737//9455
f 2772//9456 2737//9456 2666//9456
f 2666//9457 2737//9457 2664//9457
f 2666//9458 2664//9458 2546//9458
f 2664//9459 2578//9459 2546//9459
f 2546//9460 2578//9460 2544//9460
f 2546//9461 2544//9461 2369//9461
f 2544//9462 2410//9462 2369//9462
f 2369//9463 2410//9463 2367//9463
f 2369//9464 2367//9464 2239//9464
f 2367//9465 2278//9465 2239//9465
f 2239//9466 2278//9466 2237//9466
f 2239//9467 2237//9467 2131//9467
f 2237//9468 2181//9468 2131//9468
f 2131//9469 2181//9469 2127//9469
f 2131//9470 2127//9470 2040//9470
f 2127//9471 2033//9471 2040//9471
f 2040//9472 2033//9472 1989//9472
f 2040//9473 1989//9473 1913//9473
f 1913//9474 1989//9474 1952//9474
f 1952//9475 1904//9475 1913//9475
f 1913//9476 1904//9476 1850//9476
f 1913//9477 1850//9477 1855//9477
f 1855//9478 1850//9478 1816//9478
f 1855//9479 1816//9479 1824//9479
f 1816//9480 1817//9480 1824//9480
f 1824//9481 1817//9481 1769//9481
f 1824//9482 1769//9482 1825//9482
f 1825//9483 1769//9483 1770//9483
f 1825//9484 1770//9484 1826//9484
f 1770//9485 1771//9485 1826//9485
f 1826//9486 1771//9486 1818//9486
f 1826//9487 1818//9487 1856//9487
f 1856//9488 1818//9488 1819//9488
f 1856//9489 1819//9489 1820//9489
f 1856//9490 1820//9490 1905//9490
f 1856//9491 1905//9491 1914//9491
f 1914//9492 1905//9492 1990//9492
f 1914//9493 1990//9493 2044//9493
f 2044//9494 1990//9494 2034//9494
f 2044//9495 2034//9495 2132//9495
f 2034//9496 2128//9496 2132//9496
f 2132//9497 2128//9497 2182//9497
f 2132//9498 2182//9498 2240//9498
f 2182//9499 2238//9499 2240//9499
f 2240//9500 2238//9500 2279//9500
f 2240//9501 2279//9501 2370//9501
f 2370//9502 2279//9502 2368//9502
f 2370//9503 2368//9503 2547//9503
f 2368//9504 2476//9504 2547//9504
f 2547//9505 2476//9505 2545//9505
f 2547//9506 2545//9506 2670//9506
f 2545//9507 2627//9507 2670//9507
f 2670//9508 2627//9508 2665//9508
f 2670//9509 2665//9509 2780//9509
f 2665//9510 2771//9510 2780//9510
f 2780//9511 2771//9511 2979//9511
f 2771//9512 2893//9512 2979//9512
f 2979//9513 2893//9513 2974//9513
f 2979//9514 2974//9514 3118//9514
f 2974//9515 3082//9515 3118//9515
f 3118//9516 3082//9516 3115//9516
f 3118//9517 3115//9517 3182//9517
f 3182//9518 3115//9518 3180//9518
f 3180//9519 3179//9519 3182//9519
f 3182//9520 3179//9520 3321//9520
f 3182//9521 3321//9521 3235//9521
f 3235//9522 3321//9522 3320//9522
f 3235//9523 3320//9523 3323//9523
f 3320//9524 3428//9524 3323//9524
f 3323//9525 3428//9525 3427//9525
f 3323//9526 3427//9526 3430//9526
f 3430//9527 3427//9527 3426//9527
f 3430//9528 3426//9528 3322//9528
f 3426//9529 3425//9529 3322//9529
f 3322//9530 3425//9530 3424//9530
f 3322//9531 3424//9531 3234//9531
f 3234//9532 3424//9532 3319//9532
f 3234//9533 3319//9533 3318//9533
f 3319//9534 3424//9534 3425//9534
f 3425//9535 3426//9535 3427//9535
f 3427//9536 3428//9536 3320//9536
f 3321//9537 3179//9537 3180//9537
f 3082//9538 3180//9538 3115//9538
f 3082//9539 2974//9539 2893//9539
f 2627//9540 2771//9540 2665//9540
f 2368//9541 2279//9541 2476//9541
f 2627//9542 2545//9542 2476//9542
f 2279//9543 2238//9543 2182//9543
f 2182//9544 2128//9544 2034//9544
f 2034//9545 1990//9545 1905//9545
f 1819//9546 1818//9546 1771//9546
f 1771//9547 1770//9547 1769//9547
f 1769//9548 1817//9548 1816//9548
f 1850//9549 1904//9549 1952//9549
f 2033//9550 1952//9550 1989//9550
f 2033//9551 2127//9551 2181//9551
f 2181//9552 2237//9552 2278//9552
f 2410//9553 2278//9553 2367//9553
f 2664//9554 2737//9554 2578//9554
f 2410//9555 2544//9555 2578//9555
f 2737//9556 2770//9556 2892//9556
f 2892//9557 2973//9557 3081//9557
f 3081//9558 3114//9558 3178//9558
f 2514//9559 2513//9559 2484//9559
f 2483//9560 2484//9560 2511//9560
f 2511//9561 2484//9561 2513//9561
f 2511//9562 2513//9562 2514//9562
f 2511//9563 2514//9563 2512//9563
f 2483//9564 2511//9564 2509//9564
f 3338//9565 3337//9565 3346//9565
f 3337//9566 3048//9566 3056//9566
f 3337//9567 3056//9567 3346//9567
f 3346//9568 3056//9568 3250//9568
f 3250//9569 3056//9569 2999//9569
f 3005//9570 3258//9570 2999//9570
f 2999//9571 3258//9571 3250//9571
f 2482//9572 2483//9572 2480//9572
f 2480//9573 2483//9573 2509//9573
f 2480//9574 2509//9574 2508//9574
f 3270//9575 3258//9575 3011//9575
f 3011//9576 3258//9576 3005//9576
f 3346//9577 3347//9577 3453//9577
f 3453//9578 3347//9578 3454//9578
f 3250//9579 3259//9579 3347//9579
f 3347//9580 3259//9580 3354//9580
f 3346//9581 3250//9581 3347//9581
f 3347//9582 3354//9582 3454//9582
f 3462//9583 3454//9583 3354//9583
f 3258//9584 3259//9584 3250//9584
f 3621//9585 3048//9585 3447//9585
f 3447//9586 3048//9586 3337//9586
f 3447//9587 3337//9587 3338//9587
f 4214//9588 3847//9588 4011//9588
f 4011//9589 3847//9589 3048//9589
f 4011//9590 3048//9590 3795//9590
f 3795//9591 3048//9591 3621//9591
f 3270//9592 3011//9592 3016//9592
f 3270//9593 3016//9593 3220//9593
f 3220//9594 3016//9594 2939//9594
f 2916//9595 2924//9595 2923//9595
f 2991//9596 2909//9596 2915//9596
f 2909//9597 2991//9597 2910//9597
f 2909//9598 2910//9598 2915//9598
f 2923//9599 2915//9599 2916//9599
f 2916//9600 2915//9600 2910//9600
f 2916//9601 2910//9601 2992//9601
f 2992//9602 2910//9602 2991//9602
f 2992//9603 2991//9603 2984//9603
f 3045//9604 2984//9604 2991//9604
f 3919//9605 4010//9605 3912//9605
f 3839//9606 3912//9606 3840//9606
f 4010//9607 4120//9607 4114//9607
f 4003//9608 3912//9608 4010//9608
f 3913//9609 3840//9609 3912//9609
f 4010//9610 4114//9610 4003//9610
f 3912//9611 4003//9611 3913//9611
f 4440//9612 4448//9612 4447//9612
f 4448//9613 4454//9613 4447//9613
f 4447//9614 4454//9614 4453//9614
f 4439//9615 4333//9615 4440//9615
f 4439//9616 4440//9616 4447//9616
f 4333//9617 4214//9617 4334//9617
f 4333//9618 4334//9618 4440//9618
f 4440//9619 4334//9619 4448//9619
f 4454//9620 4448//9620 4449//9620
f 4454//9621 4449//9621 4455//9621
f 3011//9622 3005//9622 2923//9622
f 2923//9623 3005//9623 2999//9623
f 3056//9624 2991//9624 2999//9624
f 2999//9625 2991//9625 2915//9625
f 3016//9626 3011//9626 2939//9626
f 2939//9627 3011//9627 2923//9627
f 4039//9628 4132//9628 4026//9628
f 4026//9629 4132//9629 4125//9629
f 4026//9630 4125//9630 4020//9630
f 4020//9631 4125//9631 4120//9631
f 4020//9632 4120//9632 3925//9632
f 3925//9633 4120//9633 4010//9633
f 3925//9634 4010//9634 3919//9634
f 3925//9635 3919//9635 3912//9635
f 3925//9636 3912//9636 3847//9636
f 3847//9637 3912//9637 3839//9637
f 3847//9638 3839//9638 3084//9638
f 3847//9639 3084//9639 3048//9639
f 3048//9640 3084//9640 3045//9640
f 3048//9641 3045//9641 3056//9641
f 3056//9642 3045//9642 2991//9642
f 4453//9643 4026//9643 4020//9643
f 4453//9644 4020//9644 4447//9644
f 4447//9645 4020//9645 3925//9645
f 4447//9646 3925//9646 4439//9646
f 4439//9647 3925//9647 4333//9647
f 4333//9648 3925//9648 3847//9648
f 4333//9649 3847//9649 4214//9649
f 4247//9650 4248//9650 4251//9650
f 4250//9651 4247//9651 4251//9651
f 4248//9652 4247//9652 4250//9652
f 4354//9653 4248//9653 4357//9653
f 4357//9654 4248//9654 4250//9654
f 4357//9655 4250//9655 4356//9655
f 2482//9656 2480//9656 2481//9656
f 2481//9657 2480//9657 2479//9657
f 2479//9658 2480//9658 2507//9658
f 2507//9659 2480//9659 2508//9659
f 2484//9660 2487//9660 2515//9660
f 2484//9661 2515//9661 2514//9661
f 2596//9662 2688//9662 2512//9662
f 2596//9663 2512//9663 2514//9663
f 2688//9664 2683//9664 2512//9664
f 2512//9665 2683//9665 2511//9665
f 2511//9666 2683//9666 2678//9666
f 2511//9667 2678//9667 2509//9667
f 2509//9668 2678//9668 2677//9668
f 2677//9669 2676//9669 2509//9669
f 2509//9670 2676//9670 2588//9670
f 2509//9671 2588//9671 2508//9671
f 2942//9672 2863//9672 2864//9672
f 2864//9673 2863//9673 2753//9673
f 3220//9674 3132//9674 3104//9674
f 3104//9675 3132//9675 3103//9675
f 3104//9676 3103//9676 3067//9676
f 3107//9677 3286//9677 3104//9677
f 3104//9678 3286//9678 3284//9678
f 3104//9679 3284//9679 3283//9679
f 3104//9680 3283//9680 3220//9680
f 3109//9681 3226//9681 3289//9681
f 2867//9682 3107//9682 2866//9682
f 2866//9683 3107//9683 3104//9683
f 2866//9684 3104//9684 2864//9684
f 2864//9685 3104//9685 3067//9685
f 2864//9686 3067//9686 2942//9686
f 2868//9687 3071//9687 3109//9687
f 2868//9688 3109//9688 3108//9688
f 3108//9689 3109//9689 3289//9689
f 3108//9690 3289//9690 3286//9690
f 2688//9691 2867//9691 2683//9691
f 2683//9692 2867//9692 2866//9692
f 2683//9693 2866//9693 2864//9693
f 2683//9694 2864//9694 2678//9694
f 2678//9695 2864//9695 2677//9695
f 2677//9696 2864//9696 2753//9696
f 2677//9697 2753//9697 2676//9697
f 2688//9698 2804//9698 2868//9698
f 2688//9699 2868//9699 2867//9699
f 2867//9700 2868//9700 3108//9700
f 2867//9701 3108//9701 3107//9701
f 3107//9702 3108//9702 3286//9702
f 3221//9703 3220//9703 3283//9703
f 3289//9704 3399//9704 3397//9704
f 3289//9705 3397//9705 3286//9705
f 3286//9706 3397//9706 3284//9706
f 3286//9707 3284//9707 3283//9707
f 3399//9708 3508//9708 3397//9708
f 3397//9709 3395//9709 3394//9709
f 3397//9710 3394//9710 3284//9710
f 3284//9711 3394//9711 3283//9711
f 3283//9712 3282//9712 3220//9712
f 3507//9713 3503//9713 3508//9713
f 3508//9714 3503//9714 3504//9714
f 3508//9715 3504//9715 3397//9715
f 3397//9716 3504//9716 3394//9716
f 3503//9717 3491//9717 3504//9717
f 3504//9718 3491//9718 3378//9718
f 3504//9719 3378//9719 3394//9719
f 3394//9720 3378//9720 3271//9720
f 3394//9721 3271//9721 3283//9721
f 3283//9722 3271//9722 3270//9722
f 3283//9723 3270//9723 3282//9723
f 3282//9724 3270//9724 3220//9724
f 3258//9725 3270//9725 3259//9725
f 3259//9726 3270//9726 3271//9726
f 3259//9727 3271//9727 3354//9727
f 3354//9728 3271//9728 3378//9728
f 3491//9729 3354//9729 3378//9729
f 3491//9730 3475//9730 3462//9730
f 3491//9731 3462//9731 3354//9731
f 3475//9732 3569//9732 3462//9732
f 4128//9733 4230//9733 4126//9733
f 3933//9734 3939//9734 4126//9734
f 4126//9735 3939//9735 4027//9735
f 4126//9736 4027//9736 4128//9736
f 3741//9737 3742//9737 3811//9737
f 3741//9738 3811//9738 3933//9738
f 3933//9739 3811//9739 3939//9739
f 3569//9740 3475//9740 3741//9740
f 3741//9741 3475//9741 3695//9741
f 3741//9742 3695//9742 3742//9742
f 3338//9743 3346//9743 3447//9743
f 4334//9744 4214//9744 4011//9744
f 4334//9745 4011//9745 4016//9745
f 4016//9746 4011//9746 3795//9746
f 4016//9747 3795//9747 3856//9747
f 3856//9748 3795//9748 3621//9748
f 3856//9749 3621//9749 3690//9749
f 3690//9750 3621//9750 3447//9750
f 3690//9751 3447//9751 3453//9751
f 3453//9752 3447//9752 3346//9752
f 4448//9753 4334//9753 4121//9753
f 4121//9754 4334//9754 4016//9754
f 4121//9755 4016//9755 3857//9755
f 3857//9756 4016//9756 3856//9756
f 3857//9757 3856//9757 3691//9757
f 3691//9758 3856//9758 3690//9758
f 3691//9759 3690//9759 3454//9759
f 3454//9760 3690//9760 3453//9760
f 4449//9761 4448//9761 4126//9761
f 4126//9762 4448//9762 4121//9762
f 4126//9763 4121//9763 3861//9763
f 3861//9764 4121//9764 3857//9764
f 3861//9765 3857//9765 3694//9765
f 3694//9766 3857//9766 3691//9766
f 3694//9767 3691//9767 3462//9767
f 3462//9768 3691//9768 3454//9768
f 3462//9769 3569//9769 3694//9769
f 3694//9770 3569//9770 3741//9770
f 3694//9771 3741//9771 3861//9771
f 3861//9772 3741//9772 3933//9772
f 3861//9773 3933//9773 4126//9773
f 4449//9774 4126//9774 4230//9774
f 4449//9775 4230//9775 4455//9775
f 2411//9776 2427//9776 2485//9776
f 2411//9777 2485//9777 2477//9777
f 2054//9778 2141//9778 2138//9778
f 2138//9779 2051//9779 2054//9779
f 2218//9780 2252//9780 2246//9780
f 2213//9781 2187//9781 2218//9781
f 2137//9782 2138//9782 2141//9782
f 2186//9783 2188//9783 2185//9783
f 2186//9784 2185//9784 2213//9784
f 2218//9785 2246//9785 2213//9785
f 2141//9786 2140//9786 2137//9786
f 2140//9787 2188//9787 2137//9787
f 2137//9788 2188//9788 2186//9788
f 2186//9789 2213//9789 2214//9789
f 2213//9790 2185//9790 2187//9790
f 2187//9791 2185//9791 2188//9791
f 2327//9792 2214//9792 2213//9792
f 2327//9793 2213//9793 2246//9793
f 2327//9794 2246//9794 2291//9794
f 2291//9795 2246//9795 2252//9795
f 2427//9796 2327//9796 2429//9796
f 2429//9797 2327//9797 2291//9797
f 2477//9798 2412//9798 2411//9798
f 2411//9799 2412//9799 2427//9799
f 2427//9800 2412//9800 2413//9800
f 2421//9801 2425//9801 2427//9801
f 2427//9802 2425//9802 2426//9802
f 2427//9803 2426//9803 2428//9803
f 2413//9804 2414//9804 2427//9804
f 2427//9805 2414//9805 2419//9805
f 2427//9806 2419//9806 2421//9806
f 3100//9807 3164//9807 3165//9807
f 3099//9808 3162//9808 3100//9808
f 3100//9809 3162//9809 3164//9809
f 2587//9810 2507//9810 2508//9810
f 3102//9811 2939//9811 2940//9811
f 2941//9812 3132//9812 3102//9812
f 3102//9813 3132//9813 3220//9813
f 3102//9814 3220//9814 2939//9814
f 2508//9815 2588//9815 2587//9815
f 2587//9816 2588//9816 2676//9816
f 2587//9817 2676//9817 2752//9817
f 2752//9818 2676//9818 2753//9818
f 2752//9819 2753//9819 2863//9819
f 2863//9820 2942//9820 2752//9820
f 2752//9821 2942//9821 3067//9821
f 2752//9822 3067//9822 2941//9822
f 2941//9823 3067//9823 3103//9823
f 2941//9824 3103//9824 3132//9824
f 2924//9825 2940//9825 2939//9825
f 2924//9826 2939//9826 2923//9826
f 3325//9827 3237//9827 3236//9827
f 3236//9828 3237//9828 3188//9828
f 3236//9829 3188//9829 3187//9829
f 3188//9830 3194//9830 3147//9830
f 3147//9831 3194//9831 3153//9831
f 3187//9832 2992//9832 3236//9832
f 3236//9833 2992//9833 2984//9833
f 3325//9834 3236//9834 2984//9834
f 2984//9835 3045//9835 3325//9835
f 3325//9836 3045//9836 3084//9836
f 2992//9837 3187//9837 3188//9837
f 2992//9838 3188//9838 2916//9838
f 3153//9839 2924//9839 2916//9839
f 3153//9840 2916//9840 3147//9840
f 3147//9841 2916//9841 3188//9841
f 3084//9842 3839//9842 3840//9842
f 3840//9843 3913//9843 4199//9843
f 4199//9844 3913//9844 4307//9844
f 4003//9845 4421//9845 4306//9845
f 4003//9846 4306//9846 3913//9846
f 3913//9847 4306//9847 4307//9847
f 4114//9848 4532//9848 4003//9848
f 4003//9849 4532//9849 4421//9849
f 4532//9850 4114//9850 4540//9850
f 4540//9851 4114//9851 4120//9851
f 4540//9852 4120//9852 4550//9852
f 4550//9853 4120//9853 4125//9853
f 4237//9854 4039//9854 4238//9854
f 4238//9855 4039//9855 4133//9855
f 4132//9856 4237//9856 4238//9856
f 4132//9857 4238//9857 4349//9857
f 4132//9858 4039//9858 4237//9858
f 4238//9859 4248//9859 4247//9859
f 4238//9860 4247//9860 4237//9860
f 4237//9861 4247//9861 4248//9861
f 4237//9862 4248//9862 4238//9862
f 4354//9863 4349//9863 4248//9863
f 4248//9864 4349//9864 4238//9864
f 4681//9865 4566//9865 4354//9865
f 4354//9866 4357//9866 4681//9866
f 4681//9867 4357//9867 4356//9867
f 4355//9868 4250//9868 4249//9868
f 4465//9869 4356//9869 4250//9869
f 4465//9870 4250//9870 4355//9870
f 4570//9871 4571//9871 4464//9871
f 4464//9872 4465//9872 4355//9872
f 4678//9873 4571//9873 4677//9873
f 4677//9874 4571//9874 4570//9874
f 4678//9875 5009//9875 5010//9875
f 5039//9876 5010//9876 5009//9876
f 5039//9877 5009//9877 5038//9877
f 5039//9878 5066//9878 5040//9878
f 5066//9879 5067//9879 5040//9879
f 4455//9880 4483//9880 4482//9880
f 4481//9881 4453//9881 4482//9881
f 4453//9882 4454//9882 4482//9882
f 4482//9883 4454//9883 4455//9883
f 4039//9884 4026//9884 4133//9884
f 4133//9885 4026//9885 4453//9885
f 4133//9886 4453//9886 4142//9886
f 4142//9887 4453//9887 4481//9887
f 4250//9888 4142//9888 4256//9888
f 4250//9889 4256//9889 4249//9889
f 4238//9890 4133//9890 4248//9890
f 4248//9891 4133//9891 4142//9891
f 4248//9892 4142//9892 4251//9892
f 4251//9893 4142//9893 4250//9893
f 4249//9894 4256//9894 4365//9894
f 4249//9895 4365//9895 4355//9895
f 4465//9896 4355//9896 4476//9896
f 4476//9897 4355//9897 4365//9897
f 4465//9898 4476//9898 4464//9898
f 4464//9899 4476//9899 4475//9899
f 4464//9900 4475//9900 4582//9900
f 4464//9901 4582//9901 4570//9901
f 4570//9902 4582//9902 4677//9902
f 4677//9903 4582//9903 4694//9903
f 4677//9904 4694//9904 4678//9904
f 4678//9905 4694//9905 5009//9905
f 5009//9906 4694//9906 5013//9906
f 4813//9907 4806//9907 4760//9907
f 4813//9908 4760//9908 4776//9908
f 4776//9909 4760//9909 4761//9909
f 4776//9910 4761//9910 4777//9910
f 4777//9911 4761//9911 4680//9911
f 4777//9912 4680//9912 4696//9912
f 4696//9913 4680//9913 4574//9913
f 4696//9914 4574//9914 4585//9914
f 4585//9915 4574//9915 4468//9915
f 4585//9916 4468//9916 4479//9916
f 4479//9917 4468//9917 4467//9917
f 4479//9918 4467//9918 4478//9918
f 4478//9919 4467//9919 4466//9919
f 4478//9920 4466//9920 4477//9920
f 4477//9921 4466//9921 4573//9921
f 4477//9922 4573//9922 4584//9922
f 4584//9923 4573//9923 4572//9923
f 4584//9924 4572//9924 4583//9924
f 4583//9925 4572//9925 4679//9925
f 4583//9926 4679//9926 4695//9926
f 4695//9927 4679//9927 4759//9927
f 4695//9928 4759//9928 4775//9928
f 4775//9929 4759//9929 4805//9929
f 4775//9930 4805//9930 4812//9930
f 4812//9931 4805//9931 4806//9931
f 4812//9932 4806//9932 4813//9932
f 2484//9933 2483//9933 2482//9933
f 2486//9934 2487//9934 2481//9934
f 2481//9935 2487//9935 2484//9935
f 2481//9936 2484//9936 2482//9936
f 2515//9937 2440//9937 2622//9937
f 2622//9938 2440//9938 2460//9938
f 2460//9939 2463//9939 2622//9939
f 2622//9940 2463//9940 2501//9940
f 2528//9941 2530//9941 2501//9941
f 2501//9942 2530//9942 2571//9942
f 2501//9943 2571//9943 2622//9943
f 2514//9944 2515//9944 2596//9944
f 2596//9945 2515//9945 2622//9945
f 2596//9946 2622//9946 2688//9946
f 2688//9947 2622//9947 2818//9947
f 2688//9948 2818//9948 2804//9948
f 2804//9949 2818//9949 2868//9949
f 2868//9950 2818//9950 3076//9950
f 2868//9951 3076//9951 3071//9951
f 3071//9952 3076//9952 3109//9952
f 3109//9953 3076//9953 3231//9953
f 3109//9954 3231//9954 3226//9954
f 3503//9955 3507//9955 3525//9955
f 3525//9956 3507//9956 3508//9956
f 3525//9957 3508//9957 3399//9957
f 3525//9958 3399//9958 3289//9958
f 3525//9959 3289//9959 3231//9959
f 3231//9960 3289//9960 3226//9960
f 3475//9961 3491//9961 3695//9961
f 3695//9962 3491//9962 3742//9962
f 3503//9963 3525//9963 3781//9963
f 3503//9964 3781//9964 3491//9964
f 3742//9965 3491//9965 3781//9965
f 3742//9966 3781//9966 3811//9966
f 3811//9967 3781//9967 3978//9967
f 3811//9968 3978//9968 3939//9968
f 4230//9969 4128//9969 4290//9969
f 4290//9970 4128//9970 4027//9970
f 4290//9971 4027//9971 3978//9971
f 3978//9972 4027//9972 3939//9972
f 4587//9973 4483//9973 4290//9973
f 4230//9974 4290//9974 4483//9974
f 4230//9975 4483//9975 4455//9975
f 4290//9976 4638//9976 4587//9976
f 4587//9977 4638//9977 4837//9977
f 4587//9978 4837//9978 4814//9978
f 4814//9979 4837//9979 4885//9979
f 4814//9980 4885//9980 4884//9980
f 4814//9981 4884//9981 4883//9981
f 4814//9982 4883//9982 4932//9982
f 4932//9983 4929//9983 4814//9983
f 4814//9984 4929//9984 4928//9984
f 4814//9985 4928//9985 4921//9985
f 4814//9986 4921//9986 4897//9986
f 2141//9987 2146//9987 2140//9987
f 2140//9988 2146//9988 2191//9988
f 2140//9989 2191//9989 2188//9989
f 2188//9990 2191//9990 2190//9990
f 2188//9991 2190//9991 2187//9991
f 2187//9992 2190//9992 2218//9992
f 2218//9993 2190//9993 2256//9993
f 2218//9994 2256//9994 2252//9994
f 3099//9995 3100//9995 3102//9995
f 3102//9996 3100//9996 2941//9996
f 2580//9997 2752//9997 2748//9997
f 2748//9998 2752//9998 2941//9998
f 2748//9999 2941//9999 2932//9999
f 2932//10000 2941//10000 3100//10000
f 2486//10001 2481//10001 2477//10001
f 2477//10002 2485//10002 2486//10002
f 2486//10003 2485//10003 2435//10003
f 2481//10004 2479//10004 2477//10004
f 2477//10005 2479//10005 2507//10005
f 2477//10006 2507//10006 2580//10006
f 2580//10007 2507//10007 2587//10007
f 2580//10008 2587//10008 2752//10008
f 2256//10009 2296//10009 2252//10009
f 2252//10010 2296//10010 2291//10010
f 2485//10011 2427//10011 2435//10011
f 2435//10012 2427//10012 2429//10012
f 2291//10013 2296//10013 2429//10013
f 2429//10014 2296//10014 2385//10014
f 2429//10015 2385//10015 2435//10015
f 2340//10016 2330//10016 2331//10016
f 2340//10017 2331//10017 2341//10017
f 2341//10018 2331//10018 2290//10018
f 2341//10019 2290//10019 2299//10019
f 2299//10020 2290//10020 2249//10020
f 2299//10021 2249//10021 2260//10021
f 2260//10022 2249//10022 2248//10022
f 2260//10023 2248//10023 2259//10023
f 2259//10024 2248//10024 2217//10024
f 2259//10025 2217//10025 2224//10025
f 2224//10026 2217//10026 2216//10026
f 2224//10027 2216//10027 2223//10027
f 2223//10028 2216//10028 2215//10028
f 2223//10029 2215//10029 2222//10029
f 2222//10030 2215//10030 2247//10030
f 2222//10031 2247//10031 2257//10031
f 2257//10032 2247//10032 2289//10032
f 2257//10033 2289//10033 2297//10033
f 2297//10034 2289//10034 2328//10034
f 2297//10035 2328//10035 2338//10035
f 2338//10036 2328//10036 2329//10036
f 2338//10037 2329//10037 2339//10037
f 2339//10038 2329//10038 2330//10038
f 2339//10039 2330//10039 2340//10039
f 2065//10040 2146//10040 2054//10040
f 2054//10041 2146//10041 2141//10041
f 2052//10042 2098//10042 2053//10042
f 2142//10043 2101//10043 2099//10043
f 2055//10044 2052//10044 2056//10044
f 2100//10045 2056//10045 2053//10045
f 2053//10046 2056//10046 2052//10046
f 2051//10047 2052//10047 2055//10047
f 2051//10048 2055//10048 2054//10048
f 2098//10049 2139//10049 2099//10049
f 2099//10050 2139//10050 2142//10050
f 2099//10051 2101//10051 2098//10051
f 2099//10052 2098//10052 2053//10052
f 2101//10053 2100//10053 2098//10053
f 2098//10054 2100//10054 2053//10054
f 2428//10055 2290//10055 2331//10055
f 2331//10056 2330//10056 2428//10056
f 2428//10057 2330//10057 2427//10057
f 2330//10058 2329//10058 2427//10058
f 2427//10059 2329//10059 2328//10059
f 2427//10060 2328//10060 2327//10060
f 2327//10061 2328//10061 2289//10061
f 2327//10062 2289//10062 2214//10062
f 2214//10063 2289//10063 2247//10063
f 2137//10064 2186//10064 2215//10064
f 2215//10065 2186//10065 2247//10065
f 2247//10066 2186//10066 2214//10066
f 2137//10067 2215//10067 2138//10067
f 2138//10068 2215//10068 2051//10068
f 2051//10069 2215//10069 2216//10069
f 2051//10070 2216//10070 2217//10070
f 2051//10071 2217//10071 2052//10071
f 2290//10072 2428//10072 2249//10072
f 2249//10073 2428//10073 2250//10073
f 2249//10074 2250//10074 2248//10074
f 2248//10075 2250//10075 2139//10075
f 2248//10076 2139//10076 2098//10076
f 2052//10077 2217//10077 2248//10077
f 2052//10078 2248//10078 2098//10078
f 2581//10079 2412//10079 2477//10079
f 3100//10080 3165//10080 2932//10080
f 2932//10081 3165//10081 3012//10081
f 2932//10082 3012//10082 2748//10082
f 2748//10083 3012//10083 2749//10083
f 2748//10084 2749//10084 2580//10084
f 2580//10085 2749//10085 2581//10085
f 2580//10086 2581//10086 2477//10086
f 2414//10087 2418//10087 2419//10087
f 2425//10088 2421//10088 2426//10088
f 2421//10089 2419//10089 2422//10089
f 2421//10090 2422//10090 2426//10090
f 2415//10091 2419//10091 2414//10091
f 3153//10092 3162//10092 3099//10092
f 3102//10093 2940//10093 3099//10093
f 3099//10094 2940//10094 2924//10094
f 3099//10095 2924//10095 3153//10095
f 3355//10096 3260//10096 3251//10096
f 3199//10097 3153//10097 3194//10097
f 3436//10098 3437//10098 3448//10098
f 3448//10099 3437//10099 3546//10099
f 3251//10100 3260//10100 3200//10100
f 3570//10101 3463//10101 3558//10101
f 3449//10102 3546//10102 3558//10102
f 3449//10103 3558//10103 3455//10103
f 3455//10104 3558//10104 3463//10104
f 3455//10105 3463//10105 3355//10105
f 3448//10106 3546//10106 3449//10106
f 3449//10107 3455//10107 3340//10107
f 3340//10108 3455//10108 3348//10108
f 3348//10109 3455//10109 3355//10109
f 3348//10110 3355//10110 3251//10110
f 3437//10111 3448//10111 3327//10111
f 3327//10112 3448//10112 3449//10112
f 3327//10113 3449//10113 3339//10113
f 3339//10114 3449//10114 3340//10114
f 3339//10115 3340//10115 3245//10115
f 3245//10116 3340//10116 3348//10116
f 3245//10117 3348//10117 3251//10117
f 3435//10118 3436//10118 3326//10118
f 3326//10119 3436//10119 3437//10119
f 3326//10120 3437//10120 3327//10120
f 3326//10121 3327//10121 3238//10121
f 3238//10122 3327//10122 3339//10122
f 3238//10123 3339//10123 3244//10123
f 3244//10124 3339//10124 3245//10124
f 3244//10125 3245//10125 3189//10125
f 3189//10126 3245//10126 3251//10126
f 3189//10127 3251//10127 3195//10127
f 3195//10128 3251//10128 3199//10128
f 3199//10129 3251//10129 3200//10129
f 3325//10130 3435//10130 3326//10130
f 3325//10131 3326//10131 3237//10131
f 3237//10132 3326//10132 3238//10132
f 3237//10133 3238//10133 3188//10133
f 3188//10134 3238//10134 3244//10134
f 3188//10135 3244//10135 3189//10135
f 3188//10136 3189//10136 3194//10136
f 3194//10137 3189//10137 3195//10137
f 3194//10138 3195//10138 3199//10138
f 3084//10139 3435//10139 3325//10139
f 3840//10140 4199//10140 3084//10140
f 3084//10141 4199//10141 4004//10141
f 4004//10142 3793//10142 3084//10142
f 3084//10143 3793//10143 3670//10143
f 3084//10144 3670//10144 3435//10144
f 4307//10145 4423//10145 4308//10145
f 4534//10146 4427//10146 4422//10146
f 4422//10147 4427//10147 4307//10147
f 4307//10148 4427//10148 4423//10148
f 4540//10149 4541//10149 4533//10149
f 4541//10150 4550//10150 4673//10150
f 4540//10151 4550//10151 4541//10151
f 4533//10152 4532//10152 4540//10152
f 4534//10153 4422//10153 4533//10153
f 4533//10154 4422//10154 4421//10154
f 4533//10155 4421//10155 4532//10155
f 4307//10156 4306//10156 4422//10156
f 4422//10157 4306//10157 4421//10157
f 4542//10158 4675//10158 4551//10158
f 4552//10159 4561//10159 4553//10159
f 4552//10160 4543//10160 4551//10160
f 4542//10161 4674//10161 4675//10161
f 4674//10162 4541//10162 4673//10162
f 4541//10163 4542//10163 4533//10163
f 4533//10164 4542//10164 4534//10164
f 4423//10165 4427//10165 4428//10165
f 4428//10166 4427//10166 4441//10166
f 4541//10167 4674//10167 4542//10167
f 4542//10168 4551//10168 4534//10168
f 4534//10169 4551//10169 4543//10169
f 4534//10170 4543//10170 4427//10170
f 4427//10171 4543//10171 4441//10171
f 4441//10172 4543//10172 4552//10172
f 4125//10173 4132//10173 4550//10173
f 4550//10174 4132//10174 4349//10174
f 4349//10175 4354//10175 4550//10175
f 4550//10176 4354//10176 4566//10176
f 4575//10177 4576//10177 4683//10177
f 4567//10178 4576//10178 4568//10178
f 4683//10179 4576//10179 4567//10179
f 4683//10180 4567//10180 4682//10180
f 4682//10181 4567//10181 4676//10181
f 4681//10182 4682//10182 4566//10182
f 4566//10183 4682//10183 4676//10183
f 4681//10184 4680//10184 4761//10184
f 4571//10185 4572//10185 4464//10185
f 4464//10186 4572//10186 4573//10186
f 4464//10187 4573//10187 4465//10187
f 4680//10188 4681//10188 4574//10188
f 4572//10189 4571//10189 4678//10189
f 4572//10190 4678//10190 4679//10190
f 4679//10191 4678//10191 4759//10191
f 4759//10192 4678//10192 5010//10192
f 4759//10193 5010//10193 4805//10193
f 4806//10194 5068//10194 5041//10194
f 4806//10195 5041//10195 4760//10195
f 4806//10196 5040//10196 5067//10196
f 4806//10197 5067//10197 5068//10197
f 4574//10198 4681//10198 4468//10198
f 4468//10199 4681//10199 4356//10199
f 4468//10200 4356//10200 4467//10200
f 4682//10201 4681//10201 4807//10201
f 4807//10202 4681//10202 4761//10202
f 4807//10203 4761//10203 4893//10203
f 4893//10204 4761//10204 4760//10204
f 4893//10205 4760//10205 5011//10205
f 5011//10206 4760//10206 5041//10206
f 4805//10207 5010//10207 4806//10207
f 4806//10208 5010//10208 5039//10208
f 4806//10209 5039//10209 5040//10209
f 4465//10210 4573//10210 4356//10210
f 4356//10211 4573//10211 4466//10211
f 4356//10212 4466//10212 4467//10212
f 5009//10213 5013//10213 5038//10213
f 5038//10214 5013//10214 5043//10214
f 5038//10215 5043//10215 5039//10215
f 5039//10216 5043//10216 5072//10216
f 5039//10217 5072//10217 5066//10217
f 5066//10218 5072//10218 5067//10218
f 5067//10219 5072//10219 5073//10219
f 5067//10220 5073//10220 5068//10220
f 5068//10221 5073//10221 5074//10221
f 4482//10222 4483//10222 4587//10222
f 4694//10223 4582//10223 4695//10223
f 4695//10224 4582//10224 4583//10224
f 4897//10225 4813//10225 4776//10225
f 4897//10226 4776//10226 4814//10226
f 4814//10227 4776//10227 4777//10227
f 4814//10228 4777//10228 4587//10228
f 4694//10229 4695//10229 5013//10229
f 5013//10230 4695//10230 4775//10230
f 5013//10231 4775//10231 4812//10231
f 4582//10232 4475//10232 4583//10232
f 4583//10233 4475//10233 4476//10233
f 4584//10234 4476//10234 4365//10234
f 4584//10235 4365//10235 4477//10235
f 4477//10236 4365//10236 4256//10236
f 4477//10237 4256//10237 4478//10237
f 4478//10238 4256//10238 4142//10238
f 5014//10239 5044//10239 4812//10239
f 4812//10240 5044//10240 5074//10240
f 4142//10241 4481//10241 4587//10241
f 4587//10242 4481//10242 4482//10242
f 4813//10243 4897//10243 4812//10243
f 4812//10244 4897//10244 4955//10244
f 4812//10245 4955//10245 5014//10245
f 4777//10246 4696//10246 4587//10246
f 4587//10247 4696//10247 4585//10247
f 4587//10248 4585//10248 4142//10248
f 4142//10249 4585//10249 4479//10249
f 4142//10250 4479//10250 4478//10250
f 5043//10251 5013//10251 5072//10251
f 5072//10252 5013//10252 4812//10252
f 5072//10253 4812//10253 5073//10253
f 5073//10254 4812//10254 5074//10254
f 4987//10255 4955//10255 4921//10255
f 4921//10256 4955//10256 4897//10256
f 4987//10257 4921//10257 4993//10257
f 4993//10258 4921//10258 4928//10258
f 4993//10259 4928//10259 4929//10259
f 4993//10260 4929//10260 4998//10260
f 4998//10261 4929//10261 4932//10261
f 4998//10262 4932//10262 4999//10262
f 4999//10263 4932//10263 4883//10263
f 4999//10264 4883//10264 4933//10264
f 4885//10265 4935//10265 4934//10265
f 4885//10266 4934//10266 4884//10266
f 4884//10267 4934//10267 4933//10267
f 4884//10268 4933//10268 4883//10268
f 2571//10269 2572//10269 2622//10269
f 2622//10270 2572//10270 2623//10270
f 2622//10271 2623//10271 2818//10271
f 2818//10272 2623//10272 2769//10272
f 2818//10273 2769//10273 3076//10273
f 3076//10274 2769//10274 3033//10274
f 3076//10275 3033//10275 3231//10275
f 3231//10276 3033//10276 3175//10276
f 3231//10277 3175//10277 3525//10277
f 3525//10278 3175//10278 3526//10278
f 3525//10279 3526//10279 3781//10279
f 3781//10280 3526//10280 3782//10280
f 3781//10281 3782//10281 3978//10281
f 3978//10282 3782//10282 3979//10282
f 3978//10283 3979//10283 4290//10283
f 4290//10284 3979//10284 4291//10284
f 4290//10285 4291//10285 4638//10285
f 4638//10286 4291//10286 4639//10286
f 4638//10287 4639//10287 4837//10287
f 4837//10288 4639//10288 4838//10288
f 4837//10289 4838//10289 4885//10289
f 4885//10290 4838//10290 4935//10290
f 2460//10291 2461//10291 2463//10291
f 2463//10292 2461//10292 2464//10292
f 2463//10293 2464//10293 2501//10293
f 2501//10294 2464//10294 2502//10294
f 2501//10295 2502//10295 2528//10295
f 2528//10296 2502//10296 2529//10296
f 2528//10297 2529//10297 2530//10297
f 2530//10298 2529//10298 2531//10298
f 2530//10299 2531//10299 2571//10299
f 2571//10300 2531//10300 2572//10300
f 2460//10301 2440//10301 2461//10301
f 2461//10302 2440//10302 2441//10302
f 2388//10303 2441//10303 2440//10303
f 2300//10304 2299//10304 2260//10304
f 2339//10305 2340//10305 2440//10305
f 2300//10306 2388//10306 2299//10306
f 2299//10307 2388//10307 2440//10307
f 2299//10308 2440//10308 2341//10308
f 2341//10309 2440//10309 2340//10309
f 2190//10310 2257//10310 2256//10310
f 2256//10311 2257//10311 2297//10311
f 2259//10312 2148//10312 2260//10312
f 2260//10313 2148//10313 2225//10313
f 2260//10314 2225//10314 2300//10314
f 2146//10315 2222//10315 2257//10315
f 2146//10316 2257//10316 2191//10316
f 2191//10317 2257//10317 2190//10317
f 2104//10318 2148//10318 2067//10318
f 2067//10319 2148//10319 2259//10319
f 2067//10320 2259//10320 2066//10320
f 2066//10321 2259//10321 2224//10321
f 2066//10322 2224//10322 2065//10322
f 2065//10323 2224//10323 2223//10323
f 2065//10324 2223//10324 2146//10324
f 2146//10325 2223//10325 2222//10325
f 2338//10326 2385//10326 2297//10326
f 2297//10327 2385//10327 2296//10327
f 2297//10328 2296//10328 2256//10328
f 2515//10329 2487//10329 2440//10329
f 2440//10330 2487//10330 2339//10330
f 2339//10331 2487//10331 2486//10331
f 2339//10332 2486//10332 2338//10332
f 2338//10333 2486//10333 2435//10333
f 2338//10334 2435//10334 2385//10334
f 2142//10335 2148//10335 2101//10335
f 2101//10336 2148//10336 2104//10336
f 2101//10337 2104//10337 2100//10337
f 2100//10338 2104//10338 2067//10338
f 2100//10339 2067//10339 2056//10339
f 2056//10340 2067//10340 2055//10340
f 2055//10341 2067//10341 2066//10341
f 2055//10342 2066//10342 2054//10342
f 2054//10343 2066//10343 2065//10343
f 2219//10344 2142//10344 2139//10344
f 2250//10345 2428//10345 2251//10345
f 2251//10346 2428//10346 2382//10346
f 2382//10347 2428//10347 2430//10347
f 2139//10348 2250//10348 2251//10348
f 2139//10349 2251//10349 2219//10349
f 2219//10350 2251//10350 2382//10350
f 2415//10351 2414//10351 2628//10351
f 2628//10352 2414//10352 2413//10352
f 2419//10353 2630//10353 2634//10353
f 2419//10354 2634//10354 2422//10354
f 2422//10355 2634//10355 2638//10355
f 2422//10356 2638//10356 2426//10356
f 2426//10357 2638//10357 2597//10357
f 3012//10358 2796//10358 2749//10358
f 2749//10359 2796//10359 2628//10359
f 2749//10360 2628//10360 2582//10360
f 2582//10361 2628//10361 2413//10361
f 2582//10362 2413//10362 2412//10362
f 2805//10363 2754//10363 2638//10363
f 2805//10364 2638//10364 2803//10364
f 2803//10365 2638//10365 2634//10365
f 2803//10366 2634//10366 2802//10366
f 2802//10367 2634//10367 2630//10367
f 2802//10368 2630//10368 2801//10368
f 2801//10369 2630//10369 2797//10369
f 3072//10370 3018//10370 2805//10370
f 3072//10371 2805//10371 3070//10371
f 3070//10372 2805//10372 2803//10372
f 3070//10373 2803//10373 3069//10373
f 3069//10374 2803//10374 2802//10374
f 3069//10375 2802//10375 3068//10375
f 3068//10376 2802//10376 2801//10376
f 3068//10377 2801//10377 3064//10377
f 3064//10378 2801//10378 2797//10378
f 3064//10379 2797//10379 3063//10379
f 2749//10380 2582//10380 2581//10380
f 2581//10381 2582//10381 2412//10381
f 3012//10382 3165//10382 3063//10382
f 3012//10383 3063//10383 2796//10383
f 2796//10384 3063//10384 2797//10384
f 2796//10385 2797//10385 2628//10385
f 2628//10386 2797//10386 2630//10386
f 2628//10387 2630//10387 2415//10387
f 2415//10388 2630//10388 2419//10388
f 3227//10389 3171//10389 3072//10389
f 3227//10390 3072//10390 3225//10390
f 3225//10391 3072//10391 3070//10391
f 3225//10392 3070//10392 3222//10392
f 3222//10393 3070//10393 3069//10393
f 3222//10394 3069//10394 3068//10394
f 3222//10395 3068//10395 3210//10395
f 3210//10396 3068//10396 3064//10396
f 3210//10397 3064//10397 3063//10397
f 3210//10398 3063//10398 3166//10398
f 3166//10399 3063//10399 3165//10399
f 3400//10400 3398//10400 3510//10400
f 3510//10401 3398//10401 3509//10401
f 3509//10402 3505//10402 3591//10402
f 3591//10403 3505//10403 3589//10403
f 3647//10404 3583//10404 3582//10404
f 3647//10405 3582//10405 3646//10405
f 3165//10406 3164//10406 3163//10406
f 3163//10407 3164//10407 3162//10407
f 3290//10408 3288//10408 3400//10408
f 3400//10409 3288//10409 3398//10409
f 3509//10410 3398//10410 3396//10410
f 3509//10411 3396//10411 3505//10411
f 3589//10412 3505//10412 3492//10412
f 3589//10413 3492//10413 3583//10413
f 3583//10414 3492//10414 3490//10414
f 3583//10415 3490//10415 3582//10415
f 3288//10416 3287//10416 3398//10416
f 3398//10417 3287//10417 3285//10417
f 3398//10418 3285//10418 3396//10418
f 3505//10419 3396//10419 3379//10419
f 3505//10420 3379//10420 3492//10420
f 3492//10421 3379//10421 3490//10421
f 3490//10422 3379//10422 3377//10422
f 3287//10423 3222//10423 3285//10423
f 3285//10424 3273//10424 3396//10424
f 3396//10425 3273//10425 3272//10425
f 3396//10426 3272//10426 3379//10426
f 3379//10427 3272//10427 3377//10427
f 3269//10428 3377//10428 3272//10428
f 3210//10429 3272//10429 3273//10429
f 3210//10430 3273//10430 3285//10430
f 3210//10431 3285//10431 3222//10431
f 3222//10432 3287//10432 3225//10432
f 3225//10433 3287//10433 3288//10433
f 3225//10434 3288//10434 3227//10434
f 3227//10435 3288//10435 3290//10435
f 3208//10436 3269//10436 3272//10436
f 3208//10437 3272//10437 3209//10437
f 3209//10438 3272//10438 3210//10438
f 3210//10439 3166//10439 3165//10439
f 3210//10440 3165//10440 3209//10440
f 3209//10441 3165//10441 3163//10441
f 3209//10442 3163//10442 3208//10442
f 3208//10443 3163//10443 3162//10443
f 3642//10444 3646//10444 3570//10444
f 3570//10445 3646//10445 3582//10445
f 3463//10446 3570//10446 3490//10446
f 3490//10447 3570//10447 3582//10447
f 3463//10448 3490//10448 3377//10448
f 3463//10449 3377//10449 3355//10449
f 3200//10450 3260//10450 3269//10450
f 3269//10451 3260//10451 3377//10451
f 3377//10452 3260//10452 3355//10452
f 3200//10453 3269//10453 3199//10453
f 3199//10454 3269//10454 3208//10454
f 3199//10455 3208//10455 3153//10455
f 3153//10456 3208//10456 3162//10456
f 4232//10457 4028//10457 4021//10457
f 3866//10458 3812//10458 3809//10458
f 3743//10459 3642//10459 3636//10459
f 4308//10460 4423//10460 4108//10460
f 4108//10461 4423//10461 4215//10461
f 4308//10462 4108//10462 4004//10462
f 4308//10463 4004//10463 4307//10463
f 4307//10464 4004//10464 4199//10464
f 3539//10465 3436//10465 3435//10465
f 3546//10466 3437//10466 3539//10466
f 3539//10467 3437//10467 3436//10467
f 3636//10468 3558//10468 3557//10468
f 3557//10469 3558//10469 3546//10469
f 3642//10470 3570//10470 3636//10470
f 3636//10471 3570//10471 3558//10471
f 3866//10472 3809//10472 3940//10472
f 4227//10473 4344//10473 4231//10473
f 4344//10474 4227//10474 4343//10474
f 4343//10475 4227//10475 4553//10475
f 4343//10476 4553//10476 4561//10476
f 4221//10477 4441//10477 4227//10477
f 4227//10478 4441//10478 4552//10478
f 4227//10479 4552//10479 4553//10479
f 4423//10480 4428//10480 4215//10480
f 4215//10481 4428//10481 4221//10481
f 4221//10482 4428//10482 4441//10482
f 3435//10483 3670//10483 3671//10483
f 3435//10484 3671//10484 3539//10484
f 3539//10485 3671//10485 3719//10485
f 3539//10486 3719//10486 3546//10486
f 3546//10487 3719//10487 3728//10487
f 3546//10488 3728//10488 3557//10488
f 3557//10489 3728//10489 3740//10489
f 3557//10490 3740//10490 3636//10490
f 3636//10491 3740//10491 3809//10491
f 3636//10492 3809//10492 3743//10492
f 3743//10493 3809//10493 3812//10493
f 3670//10494 3793//10494 3671//10494
f 3671//10495 3793//10495 3841//10495
f 3671//10496 3841//10496 3719//10496
f 3719//10497 3841//10497 3728//10497
f 3728//10498 3841//10498 3920//10498
f 3728//10499 3920//10499 3740//10499
f 3740//10500 3920//10500 3926//10500
f 3740//10501 3926//10501 3809//10501
f 3809//10502 3926//10502 4021//10502
f 3809//10503 4021//10503 3940//10503
f 3940//10504 4021//10504 4028//10504
f 3793//10505 4004//10505 3841//10505
f 3841//10506 4004//10506 4108//10506
f 3841//10507 4108//10507 3920//10507
f 3920//10508 4108//10508 4215//10508
f 3920//10509 4215//10509 3926//10509
f 3926//10510 4215//10510 4221//10510
f 3926//10511 4221//10511 4021//10511
f 4021//10512 4221//10512 4227//10512
f 4021//10513 4227//10513 4232//10513
f 4232//10514 4227//10514 4231//10514
f 4566//10515 4674//10515 4673//10515
f 4566//10516 4673//10516 4550//10516
f 4674//10517 4566//10517 4676//10517
f 4674//10518 4676//10518 4675//10518
f 4567//10519 4551//10519 4675//10519
f 4567//10520 4675//10520 4676//10520
f 4568//10521 4552//10521 4567//10521
f 4567//10522 4552//10522 4551//10522
f 4552//10523 4568//10523 4569//10523
f 4552//10524 4569//10524 4561//10524
f 4568//10525 4576//10525 4569//10525
f 4576//10526 4683//10526 4684//10526
f 4847//10527 4683//10527 4807//10527
f 4807//10528 4683//10528 4682//10528
f 4808//10529 4683//10529 4847//10529
f 4950//10530 4894//10530 4847//10530
f 4950//10531 4847//10531 4893//10531
f 4893//10532 4847//10532 4807//10532
f 5011//10533 4950//10533 4893//10533
f 5068//10534 5011//10534 5041//10534
f 2428//10535 2426//10535 2597//10535
f 3646//10536 3642//10536 3743//10536
f 4343//10537 4561//10537 4569//10537
f 4343//10538 4291//10538 4344//10538
f 4344//10539 4291//10539 4231//10539
f 4343//10540 4569//10540 4291//10540
f 4291//10541 4569//10541 4576//10541
f 3866//10542 3940//10542 3979//10542
f 3979//10543 3940//10543 4028//10543
f 3979//10544 4028//10544 4291//10544
f 4291//10545 4028//10545 4232//10545
f 4291//10546 4232//10546 4231//10546
f 3866//10547 3979//10547 3812//10547
f 3812//10548 3979//10548 3782//10548
f 3812//10549 3782//10549 3743//10549
f 3591//10550 3589//10550 3782//10550
f 3782//10551 3589//10551 3583//10551
f 3782//10552 3583//10552 3743//10552
f 3743//10553 3583//10553 3647//10553
f 3743//10554 3647//10554 3646//10554
f 3290//10555 3400//10555 3526//10555
f 3290//10556 3526//10556 3227//10556
f 3227//10557 3526//10557 3175//10557
f 3227//10558 3175//10558 3171//10558
f 3400//10559 3510//10559 3526//10559
f 3526//10560 3510//10560 3509//10560
f 3526//10561 3509//10561 3782//10561
f 3782//10562 3509//10562 3591//10562
f 3171//10563 3175//10563 3072//10563
f 3072//10564 3175//10564 3033//10564
f 3072//10565 3033//10565 3018//10565
f 3018//10566 3033//10566 2805//10566
f 2805//10567 3033//10567 2769//10567
f 2805//10568 2769//10568 2754//10568
f 2502//10569 2623//10569 2572//10569
f 2572//10570 2531//10570 2502//10570
f 2502//10571 2531//10571 2529//10571
f 2502//10572 2464//10572 2623//10572
f 2623//10573 2464//10573 2461//10573
f 2754//10574 2769//10574 2638//10574
f 2638//10575 2769//10575 2623//10575
f 2638//10576 2623//10576 2597//10576
f 2597//10577 2623//10577 2461//10577
f 2597//10578 2461//10578 2441//10578
f 2430//10579 2428//10579 2441//10579
f 2441//10580 2428//10580 2597//10580
f 2300//10581 2219//10581 2388//10581
f 2388//10582 2219//10582 2382//10582
f 2388//10583 2382//10583 2441//10583
f 2441//10584 2382//10584 2430//10584
f 2300//10585 2225//10585 2219//10585
f 2219//10586 2225//10586 2148//10586
f 2219//10587 2148//10587 2142//10587
f 4933//10588 4934//10588 4847//10588
f 4847//10589 4934//10589 4935//10589
f 4847//10590 4935//10590 4838//10590
f 4993//10591 4998//10591 4894//10591
f 4894//10592 4998//10592 4999//10592
f 4999//10593 4933//10593 4894//10593
f 4894//10594 4933//10594 4847//10594
f 5011//10595 5068//10595 5074//10595
f 5074//10596 5044//10596 5011//10596
f 5011//10597 5044//10597 5014//10597
f 5011//10598 5014//10598 4950//10598
f 4950//10599 5014//10599 4955//10599
f 4950//10600 4955//10600 4894//10600
f 4894//10601 4955//10601 4987//10601
f 4894//10602 4987//10602 4993//10602
f 4576//10603 4684//10603 4639//10603
f 4291//10604 4576//10604 4639//10604
f 4684//10605 4683//10605 4639//10605
f 4639//10606 4683//10606 4838//10606
f 4838//10607 4683//10607 4808//10607
f 4838//10608 4808//10608 4847//10608
