# decimated by robomaster_gui_node/tools/decimate_obj.py
v -0.01478 0.00730 0.00931
v -0.01519 0.00730 0.01894
v -0.01483 0.00730 0.02405
v -0.01478 0.01130 0.00931
v -0.01519 0.01130 0.01894
v -0.01483 0.01130 0.02405
v -0.01478 0.02130 0.00931
v -0.01519 0.02130 0.01894
v -0.01483 0.02130 0.02405
v -0.01478 0.02530 0.00931
v -0.01519 0.02530 0.01894
v -0.01483 0.02530 0.02405
v -0.01378 0.00730 0.02731
v -0.01378 0.01130 0.02731
v -0.01378 0.02130 0.02731
v -0.01378 0.02530 0.02731
v -0.01250 0.00650 0.00015
v -0.01299 0.00730 -0.00015
v -0.01250 0.00730 0.00015
v -0.01299 0.01130 -0.00015
v -0.01250 0.01130 0.00020
v -0.01299 0.02130 -0.00015
v -0.01250 0.02130 0.00020
v -0.01299 0.02530 -0.00015
v -0.01250 0.02574 0.00015
v -0.01187 0.00650 -0.00392
v -0.01175 0.00650 0.00426
v -0.01187 0.00730 -0.00392
v -0.01175 0.00730 0.00426
v -0.01147 0.00730 0.02278
v -0.01106 0.00730 0.02518
v -0.01153 0.00730 0.02990
v -0.01147 0.00890 0.02278
v -0.01106 0.00890 0.02518
v -0.01187 0.01130 -0.00392
v -0.01174 0.01130 0.00430
v -0.01153 0.01130 0.02990
v -0.01187 0.02130 -0.00392
v -0.01174 0.02130 0.00430
v -0.01153 0.02130 0.02990
v -0.01133 0.02370 0.02189
v -0.01137 0.02370 0.02418
v -0.01187 0.02574 -0.00392
v -0.01175 0.02573 0.00426
v -0.01133 0.02530 0.02189
v -0.01137 0.02530 0.02418
v -0.01153 0.02530 0.02990
v -0.00985 0.00650 -0.00926
v -0.00969 0.00650 0.00789
v -0.00969 0.00730 0.00789
v -0.01070 0.00730 0.02042
v -0.01008 0.00730 0.02661
v -0.01070 0.00890 0.02042
v -0.01008 0.00890 0.02661
v -0.00968 0.01130 0.00792
v -0.00968 0.02130 0.00792
v -0.01032 0.02370 0.01989
v -0.01028 0.02370 0.02642
v -0.00985 0.02610 -0.00926
v -0.00969 0.02574 0.00789
v -0.01032 0.02530 0.01989
v -0.01028 0.02530 0.02642
v -0.00858 0.00650 -0.00420
v -0.00953 0.00650 -0.00069
v -0.00909 0.00650 0.00293
v -0.00876 0.00650 0.00380
v -0.00858 0.00730 -0.00420
v -0.00953 0.00730 -0.00069
v -0.00909 0.00730 0.00293
v -0.00876 0.00730 0.00380
v -0.00904 0.00730 0.01879
v -0.00950 0.00730 0.02694
v -0.00921 0.00730 0.03115
v -0.00904 0.00890 0.01879
v -0.00902 0.00890 0.02141
v -0.00940 0.00890 0.02225
v -0.00946 0.00890 0.02379
v -0.00884 0.00890 0.02510
v -0.00950 0.00890 0.02694
v -0.00902 0.01130 0.02141
v -0.00940 0.01130 0.02225
v -0.00946 0.01130 0.02379
v -0.00884 0.01130 0.02510
v -0.00921 0.01130 0.03115
v -0.00902 0.02130 0.02141
v -0.00940 0.02130 0.02225
v -0.00946 0.02130 0.02379
v -0.00884 0.02130 0.02510
v -0.00921 0.02130 0.03115
v -0.00902 0.02370 0.02141
v -0.00940 0.02370 0.02225
v -0.00946 0.02370 0.02379
v -0.00884 0.02370 0.02510
v -0.00917 0.02370 0.02741
v -0.00858 0.02576 -0.00420
v -0.00953 0.02570 -0.00069
v -0.00909 0.02574 0.00293
v -0.00876 0.02566 0.00380
v -0.00917 0.02530 0.02741
v -0.00921 0.02530 0.03115
v -0.00750 0.00730 0.00010
v -0.00791 0.00890 0.02038
v -0.00781 0.00890 0.02594
v -0.00791 0.01130 0.02038
v -0.00781 0.01130 0.02594
v -0.00750 0.01430 0.00010
v -0.00750 0.01830 0.00010
v -0.00791 0.02130 0.02038
v -0.00781 0.02130 0.02594
v -0.00831 0.02370 0.01842
v -0.00791 0.02370 0.02038
v -0.00781 0.02370 0.02594
v -0.00750 0.02530 0.00010
v -0.00831 0.02530 0.01842
v -0.00672 0.00238 -0.01560
v -0.00691 0.00236 -0.01495
v -0.00660 0.00234 -0.01405
v -0.00672 0.00650 -0.01560
v -0.00691 0.00650 -0.01492
v -0.00653 0.00650 -0.01395
v -0.00672 0.00650 -0.00679
v -0.00671 0.00650 0.00680
v -0.00656 0.00650 0.01064
v -0.00672 0.00730 -0.00679
v -0.00685 0.00730 -0.00305
v -0.00691 0.00730 0.00291
v -0.00671 0.00730 0.00680
v -0.00656 0.00730 0.01064
v -0.00672 0.00730 0.01805
v -0.00672 0.00890 0.01805
v -0.00645 0.00890 0.01999
v -0.00631 0.00890 0.02628
v -0.00654 0.01130 0.01066
v -0.00645 0.01130 0.01999
v -0.00631 0.01130 0.02628
v -0.00685 0.01430 -0.00305
v -0.00691 0.01430 0.00291
v -0.00685 0.01830 -0.00305
v -0.00691 0.01830 0.00291
v -0.00654 0.02130 0.01066
v -0.00645 0.02130 0.01999
v -0.00631 0.02130 0.02628
v -0.00645 0.02370 0.01999
v -0.00631 0.02370 0.02628
v -0.00687 0.02370 0.02821
v -0.00672 0.02610 -0.01560
v -0.00691 0.02610 -0.01493
v -0.00654 0.02610 -0.01395
v -0.00672 0.02570 -0.00679
v -0.00685 0.02530 -0.00305
v -0.00691 0.02530 0.00291
v -0.00671 0.02570 0.00680
v -0.00656 0.02570 0.01064
v -0.00687 0.02530 0.02821
v -0.00654 0.03021 -0.01593
v -0.00689 0.03024 -0.01490
v -0.00662 0.03026 -0.01403
v -0.00518 0.00234 -0.01342
v -0.00542 0.00246 -0.01781
v -0.00532 0.00650 -0.01342
v -0.00494 0.00730 -0.00564
v -0.00505 0.00730 0.00555
v -0.00544 0.00730 0.02803
v -0.00495 0.00890 0.02033
v -0.00486 0.00890 0.02589
v -0.00544 0.00890 0.02803
v -0.00495 0.01130 0.02033
v -0.00486 0.01130 0.02589
v -0.00494 0.01430 -0.00564
v -0.00502 0.01430 -0.00328
v -0.00577 0.01430 -0.00165
v -0.00587 0.01430 0.00124
v -0.00482 0.01430 0.00356
v -0.00505 0.01430 0.00555
v -0.00494 0.01830 -0.00564
v -0.00502 0.01830 -0.00328
v -0.00577 0.01830 -0.00165
v -0.00587 0.01830 0.00124
v -0.00482 0.01830 0.00356
v -0.00505 0.01830 0.00555
v -0.00495 0.02130 0.02033
v -0.00486 0.02130 0.02589
v -0.00589 0.02370 0.01806
v -0.00495 0.02370 0.02033
v -0.00486 0.02370 0.02589
v -0.00530 0.02610 -0.01342
v -0.00494 0.02530 -0.00564
v -0.00505 0.02530 0.00555
v -0.00589 0.02530 0.01806
v -0.00542 0.03014 -0.01781
v -0.00547 0.03027 -0.01343
v -0.00389 0.00258 -0.02020
v -0.00370 0.00650 -0.00881
v -0.00409 0.00650 0.00863
v -0.00370 0.00730 -0.00881
v -0.00410 0.00730 0.00628
v -0.00409 0.00730 0.00863
v -0.00432 0.00730 0.01847
v -0.00479 0.00730 0.02798
v -0.00414 0.00730 0.03294
v -0.00432 0.00890 0.01847
v -0.00392 0.00890 0.02117
v -0.00374 0.00890 0.02486
v -0.00479 0.00890 0.02798
v -0.00392 0.01130 0.02117
v -0.00374 0.01130 0.02486
v -0.00414 0.01130 0.03294
v -0.00410 0.01430 0.00628
v -0.00410 0.01830 0.00628
v -0.00392 0.02130 0.02117
v -0.00374 0.02130 0.02486
v -0.00414 0.02130 0.03294
v -0.00392 0.02370 0.02117
v -0.00374 0.02370 0.02486
v -0.00446 0.02370 0.02786
v -0.00370 0.02566 -0.00881
v -0.00410 0.02530 0.00628
v -0.00409 0.02570 0.00863
v -0.00446 0.02530 0.02786
v -0.00414 0.02530 0.03294
v -0.00362 0.03000 -0.02059
v -0.00251 0.00257 -0.01956
v -0.00284 0.00252 -0.01856
v -0.00270 0.00248 -0.01769
v -0.00281 0.00650 -0.00913
v -0.00271 0.00650 0.01220
v -0.00281 0.00730 -0.00913
v -0.00271 0.00730 0.01220
v -0.00272 0.00730 0.02669
v -0.00313 0.00730 0.03289
v -0.00330 0.00890 0.02249
v -0.00336 0.00890 0.02403
v -0.00272 0.00890 0.02669
v -0.00273 0.01130 0.01220
v -0.00330 0.01130 0.02249
v -0.00336 0.01130 0.02403
v -0.00310 0.01130 0.03288
v -0.00294 0.01430 -0.00523
v -0.00265 0.01430 0.00538
v -0.00257 0.01530 -0.01945
v -0.00285 0.01530 -0.01840
v -0.00266 0.01530 -0.01760
v -0.00257 0.01730 -0.01946
v -0.00285 0.01730 -0.01840
v -0.00266 0.01730 -0.01760
v -0.00294 0.01830 -0.00523
v -0.00265 0.01830 0.00538
v -0.00273 0.02130 0.01220
v -0.00330 0.02130 0.02249
v -0.00336 0.02130 0.02403
v -0.00303 0.02130 0.03285
v -0.00359 0.02370 0.01887
v -0.00248 0.02370 0.01985
v -0.00330 0.02370 0.02249
v -0.00336 0.02370 0.02403
v -0.00245 0.02370 0.02638
v -0.00281 0.02574 -0.00913
v -0.00271 0.02566 0.01220
v -0.00359 0.02530 0.01887
v -0.00248 0.02530 0.01985
v -0.00245 0.02530 0.02638
v -0.00303 0.02530 0.03285
v -0.00251 0.03003 -0.01956
v -0.00283 0.03009 -0.01841
v -0.00256 0.03013 -0.01741
v -0.00216 0.00246 -0.01693
v -0.00138 0.00245 -0.01651
v -0.00212 0.00730 -0.00719
v -0.00236 0.00730 0.02000
v -0.00137 0.00730 0.02216
v -0.00149 0.00730 0.02458
v -0.00123 0.00730 0.02921
v -0.00226 0.00730 0.03211
v -0.00236 0.00890 0.02000
v -0.00137 0.00890 0.02216
v -0.00149 0.00890 0.02458
v -0.00123 0.01130 0.02921
v -0.00227 0.01130 0.03213
v -0.00212 0.01430 -0.00719
v -0.00205 0.01530 -0.01685
v -0.00205 0.01730 -0.01685
v -0.00212 0.01830 -0.00719
v -0.00123 0.02130 0.02921
v -0.00226 0.02130 0.03210
v -0.00139 0.02370 0.02209
v -0.00144 0.02370 0.02438
v -0.00212 0.02530 -0.00719
v -0.00139 0.02530 0.02209
v -0.00144 0.02530 0.02438
v -0.00123 0.02530 0.02921
v -0.00227 0.02530 0.03212
v -0.00212 0.03014 -0.01690
v -0.00155 0.03015 -0.01657
v -0.00045 0.00289 -0.02485
v -0.00057 0.00246 -0.01650
v -0.00056 0.00650 0.00954
v -0.00110 0.00730 0.00742
v -0.00056 0.00730 0.00954
v -0.00081 0.00730 0.02840
v -0.00081 0.01130 0.02840
v -0.00017 0.01430 -0.00599
v -0.00110 0.01430 0.00742
v -0.00058 0.01530 -0.01651
v -0.00059 0.01730 -0.01651
v -0.00017 0.01830 -0.00599
v -0.00110 0.01830 0.00742
v -0.00081 0.02130 0.02840
v -0.00110 0.02530 0.00742
v -0.00056 0.02573 0.00954
v -0.00081 0.02530 0.02840
v -0.00052 0.02971 -0.02477
v -0.00074 0.03014 -0.01648
v 0.00019 0.00296 -0.02564
v 0.00039 0.00282 -0.02350
v 0.00081 0.00650 -0.00952
v 0.00081 0.00730 -0.00952
v 0.00110 0.00730 -0.00742
v 0.00036 0.00730 0.02739
v 0.00036 0.01130 0.02739
v 0.00110 0.01430 -0.00742
v 0.00017 0.01430 0.00599
v 0.00110 0.01830 -0.00742
v 0.00017 0.01830 0.00599
v 0.00036 0.02130 0.02739
v 0.00081 0.02566 -0.00952
v 0.00110 0.02530 -0.00742
v 0.00036 0.02530 0.02739
v 0.00019 0.02964 -0.02564
v 0.00056 0.02976 -0.02371
v 0.00232 0.00302 -0.02582
v 0.00145 0.00650 0.01241
v 0.00212 0.00730 0.00719
v 0.00145 0.00730 0.01241
v 0.00212 0.00730 0.02701
v 0.00214 0.01161 -0.01500
v 0.00215 0.01167 -0.01398
v 0.00144 0.01130 0.01242
v 0.00212 0.01130 0.02701
v 0.00202 0.01230 -0.01505
v 0.00197 0.01230 -0.01401
v 0.00212 0.01430 0.00719
v 0.00232 0.01530 -0.02582
v 0.00232 0.01730 -0.02582
v 0.00212 0.01830 0.00719
v 0.00200 0.02030 -0.01503
v 0.00201 0.02030 -0.01385
v 0.00215 0.02099 -0.01503
v 0.00215 0.02093 -0.01398
v 0.00144 0.02130 0.01242
v 0.00208 0.02130 0.02702
v 0.00212 0.02530 0.00719
v 0.00145 0.02574 0.01241
v 0.00212 0.02530 0.02701
v 0.00132 0.02969 -0.02465
v 0.00297 0.00326 -0.02876
v 0.00305 0.00650 0.00905
v 0.00305 0.00730 0.00905
v 0.00333 0.00730 0.02604
v 0.00294 0.00730 0.02664
v 0.00284 0.01160 -0.01575
v 0.00291 0.01102 -0.01498
v 0.00272 0.01125 -0.01379
v 0.00333 0.01130 0.02604
v 0.00294 0.01130 0.02664
v 0.00288 0.01217 -0.01596
v 0.00253 0.01216 -0.01329
v 0.00265 0.01430 -0.00538
v 0.00294 0.01430 0.00523
v 0.00265 0.01830 -0.00538
v 0.00294 0.01830 0.00523
v 0.00288 0.02030 -0.01597
v 0.00252 0.02030 -0.01328
v 0.00286 0.02087 -0.01581
v 0.00261 0.02140 -0.01516
v 0.00257 0.02104 -0.01359
v 0.00333 0.02130 0.02604
v 0.00294 0.02130 0.02664
v 0.00317 0.02173 -0.01484
v 0.00301 0.02168 -0.01407
v 0.00305 0.02574 0.00905
v 0.00333 0.02530 0.02604
v 0.00294 0.02530 0.02664
v 0.00312 0.02932 -0.02892
v 0.00396 0.00319 -0.02762
v 0.00431 0.00650 -0.00852
v 0.00392 0.00650 0.00871
v 0.00431 0.00730 -0.00852
v 0.00410 0.00730 -0.00628
v 0.00392 0.00730 0.00871
v 0.00410 0.01430 -0.00628
v 0.00410 0.01830 -0.00628
v 0.00431 0.02566 -0.00852
v 0.00410 0.02530 -0.00628
v 0.00392 0.02566 0.00871
v 0.00447 0.02935 -0.02816
v 0.00497 0.00650 0.01147
v 0.00505 0.00730 -0.00555
v 0.00494 0.00730 0.00564
v 0.00497 0.00730 0.01147
v 0.00544 0.01130 0.01126
v 0.00573 0.01397 -0.01688
v 0.00505 0.01430 -0.00555
v 0.00482 0.01430 -0.00356
v 0.00587 0.01430 -0.00124
v 0.00577 0.01430 0.00165
v 0.00502 0.01430 0.00328
v 0.00494 0.01430 0.00564
v 0.00541 0.01523 -0.01669
v 0.00522 0.01621 -0.01664
v 0.00546 0.01732 -0.01670
v 0.00569 0.01834 -0.01685
v 0.00505 0.01830 -0.00555
v 0.00482 0.01830 -0.00356
v 0.00587 0.01830 -0.00124
v 0.00577 0.01830 0.00165
v 0.00502 0.01830 0.00328
v 0.00494 0.01830 0.00564
v 0.00544 0.02130 0.01126
v 0.00505 0.02530 -0.00555
v 0.00494 0.02530 0.00564
v 0.00497 0.02570 0.01147
v 0.00688 0.00372 -0.03256
v 0.00688 0.00650 -0.00663
v 0.00689 0.00650 0.00662
v 0.00688 0.00730 -0.00663
v 0.00691 0.00730 -0.00291
v 0.00685 0.00730 0.00305
v 0.00689 0.00730 0.00662
v 0.00707 0.01124 -0.01083
v 0.00692 0.01164 -0.01060
v 0.00683 0.01312 -0.01721
v 0.00683 0.01230 -0.01047
v 0.00641 0.01423 -0.01687
v 0.00691 0.01430 -0.00291
v 0.00685 0.01430 0.00305
v 0.00653 0.01486 -0.01657
v 0.00621 0.01615 -0.01641
v 0.00638 0.01770 -0.01660
v 0.00665 0.01876 -0.01699
v 0.00696 0.01801 -0.01650
v 0.00691 0.01830 -0.00291
v 0.00685 0.01830 0.00305
v 0.00663 0.01957 -0.01717
v 0.00683 0.02030 -0.01047
v 0.00707 0.02136 -0.01083
v 0.00694 0.02101 -0.01063
v 0.00688 0.02570 -0.00663
v 0.00691 0.02530 -0.00291
v 0.00685 0.02530 0.00305
v 0.00689 0.02581 0.00662
v 0.00688 0.02888 -0.03256
v 0.00788 0.00363 -0.03145
v 0.00750 0.00730 -0.00010
v 0.00741 0.01090 -0.01135
v 0.00784 0.01246 -0.01754
v 0.00761 0.01353 -0.01709
v 0.00748 0.01419 -0.01655
v 0.00750 0.01430 -0.00010
v 0.00788 0.01530 -0.03145
v 0.00788 0.01730 -0.03145
v 0.00792 0.01901 -0.01702
v 0.00755 0.01846 -0.01656
v 0.00750 0.01830 -0.00010
v 0.00793 0.01983 -0.01745
v 0.00743 0.02171 -0.01138
v 0.00750 0.02530 -0.00010
v 0.00788 0.02897 -0.03145
v 0.00903 0.00650 -0.00306
v 0.00950 0.00650 0.00093
v 0.00844 0.00650 0.00446
v 0.00846 0.00650 0.00920
v 0.00902 0.00730 -0.00310
v 0.00950 0.00730 0.00093
v 0.00844 0.00730 0.00447
v 0.00903 0.00730 0.00924
v 0.00920 0.01131 -0.00914
v 0.00912 0.01130 0.00919
v 0.00904 0.01270 -0.01768
v 0.00853 0.01230 -0.00914
v 0.00931 0.01324 -0.01724
v 0.00880 0.01358 -0.01670
v 0.00873 0.01900 -0.01669
v 0.00925 0.01972 -0.01757
v 0.00853 0.02030 -0.00914
v 0.00897 0.02048 -0.01792
v 0.00909 0.02116 -0.00902
v 0.00916 0.02130 0.00915
v 0.00953 0.02169 -0.00946
v 0.00902 0.02573 -0.00310
v 0.00950 0.02573 0.00093
v 0.00844 0.02565 0.00447
v 0.00890 0.02546 0.00929
v 0.00994 0.01080 -0.00986
v 0.01061 0.01173 -0.00682
v 0.01025 0.01228 -0.01822
v 0.01029 0.01306 -0.01762
v 0.01053 0.01328 -0.01707
v 0.01045 0.01513 -0.01730
v 0.00990 0.01536 -0.01650
v 0.00973 0.01630 -0.01758
v 0.00968 0.01627 -0.01618
v 0.01053 0.01743 -0.01742
v 0.00994 0.01727 -0.01656
v 0.01032 0.01999 -0.01811
v 0.01054 0.01944 -0.01744
v 0.00960 0.01921 -0.01679
v 0.01036 0.02055 -0.01835
v 0.01061 0.02087 -0.00682
v 0.00994 0.02180 -0.00986
v 0.01101 0.00650 0.00591
v 0.01101 0.00730 0.00591
v 0.01151 0.01086 -0.00740
v 0.01088 0.01124 -0.00699
v 0.01180 0.01173 -0.00445
v 0.01101 0.01130 0.00591
v 0.01151 0.01258 -0.01852
v 0.01106 0.01230 -0.00582
v 0.01164 0.01334 -0.01747
v 0.01087 0.01547 -0.01792
v 0.01103 0.01622 -0.01814
v 0.01098 0.01687 -0.01807
v 0.01088 0.01712 -0.01793
v 0.01138 0.01986 -0.01838
v 0.01141 0.01927 -0.01736
v 0.01106 0.02030 -0.00582
v 0.01178 0.02046 -0.01883
v 0.01088 0.02136 -0.00699
v 0.01180 0.02087 -0.00445
v 0.01101 0.02130 0.00591
v 0.01154 0.02174 -0.00741
v 0.01101 0.02567 0.00591
v 0.01221 0.00443 -0.03734
v 0.01218 0.00650 0.00377
v 0.01310 0.01080 -0.00494
v 0.01235 0.01106 -0.00466
v 0.01280 0.01141 -0.00162
v 0.01306 0.01174 -0.00102
v 0.01265 0.01253 -0.01908
v 0.01246 0.01230 -0.00157
v 0.01298 0.01228 -0.00091
v 0.01250 0.01338 -0.01849
v 0.01262 0.01364 -0.01746
v 0.01287 0.01894 -0.01848
v 0.01261 0.01892 -0.01761
v 0.01247 0.01989 -0.01892
v 0.01246 0.02030 -0.00157
v 0.01296 0.02027 -0.00094
v 0.01210 0.02136 -0.00457
v 0.01280 0.02120 -0.00164
v 0.01304 0.02077 -0.00098
v 0.01310 0.02180 -0.00494
v 0.01256 0.02169 -0.00474
v 0.01218 0.02610 0.00377
v 0.01221 0.02817 -0.03734
v 0.01412 0.00282 -0.01959
v 0.01392 0.00443 -0.03686
v 0.01423 0.00650 0.00015
v 0.01351 0.01104 -0.00167
v 0.01393 0.01149 -0.00054
v 0.01411 0.01080 0.00035
v 0.01408 0.01313 -0.01958
v 0.01437 0.01240 -0.00007
v 0.01431 0.01230 0.00001
v 0.01416 0.01416 -0.01938
v 0.01333 0.01380 -0.01876
v 0.01355 0.01409 -0.01757
v 0.01396 0.01460 -0.01844
v 0.01417 0.01464 -0.01764
v 0.01419 0.01771 -0.01842
v 0.01414 0.01890 -0.01952
v 0.01381 0.01828 -0.01862
v 0.01378 0.01839 -0.01744
v 0.01338 0.01996 -0.01936
v 0.01437 0.02020 -0.00007
v 0.01431 0.02030 0.00001
v 0.01340 0.02142 -0.00139
v 0.01322 0.02128 -0.00114
v 0.01432 0.02044 0.00000
v 0.01364 0.02171 -0.00197
v 0.01411 0.02180 0.00035
v 0.01419 0.02610 0.00022
v 0.01392 0.02817 -0.03686
v 0.01453 0.00650 -0.00031
v 0.01516 0.01086 -0.00130
v 0.01463 0.01119 -0.00049
v 0.01472 0.01396 -0.01978
v 0.01500 0.01529 -0.01968
v 0.01452 0.01552 -0.01846
v 0.01478 0.01518 -0.01746
v 0.01502 0.01630 -0.01962
v 0.01466 0.01630 -0.01846
v 0.01513 0.01619 -0.01753
v 0.01490 0.01755 -0.01964
v 0.01447 0.01720 -0.01845
v 0.01478 0.01736 -0.01751
v 0.01458 0.01899 -0.01974
v 0.01456 0.02114 -0.00037
v 0.01517 0.02174 -0.00130
v 0.01460 0.02173 -0.00047
v 0.01453 0.02610 -0.00031
v 0.01671 0.01513 -0.00877
v 0.01564 0.01655 -0.02008
v 0.01661 0.01597 -0.00862
v 0.01669 0.01728 -0.00874
v 0.01593 0.02960 -0.02175
v 0.01793 0.00309 -0.02239
v 0.01779 0.00529 -0.04234
v 0.01751 0.01373 -0.00992
v 0.01711 0.01400 -0.00934
v 0.01784 0.01519 -0.01040
v 0.01697 0.01537 -0.00914
v 0.01795 0.01513 -0.00792
v 0.01778 0.01625 -0.01032
v 0.01689 0.01662 -0.00903
v 0.01784 0.01597 -0.00776
v 0.01784 0.01742 -0.01041
v 0.01718 0.01799 -0.00945
v 0.01793 0.01727 -0.00789
v 0.01779 0.01895 -0.01033
v 0.01711 0.01862 -0.00935
v 0.01765 0.01938 -0.01012
v 0.01779 0.02731 -0.04234
v 0.01907 0.01291 -0.01219
v 0.01858 0.01280 -0.01148
v 0.01811 0.01290 -0.01080
v 0.01858 0.01330 -0.01148
v 0.01810 0.01343 -0.01077
v 0.01869 0.01346 -0.00899
v 0.01817 0.01436 -0.00824
v 0.01909 0.01543 -0.01221
v 0.01853 0.01491 -0.01141
v 0.01915 0.01502 -0.00966
v 0.01896 0.01543 -0.00939
v 0.01885 0.01614 -0.00923
v 0.01900 0.01730 -0.01208
v 0.01856 0.01771 -0.01145
v 0.01867 0.01740 -0.01016
v 0.01895 0.01712 -0.00937
v 0.01907 0.01917 -0.01219
v 0.01858 0.01805 -0.01148
v 0.01848 0.01888 -0.00869
v 0.01823 0.01840 -0.00833
v 0.01906 0.01970 -0.01217
v 0.01858 0.01951 -0.01148
v 0.01810 0.01969 -0.01078
v 0.01888 0.01938 -0.00927
v 0.01854 0.02960 -0.02101
v 0.01950 0.00529 -0.04186
v 0.02030 0.01291 -0.01134
v 0.01960 0.01285 -0.01032
v 0.02006 0.01398 -0.01362
v 0.01944 0.01346 -0.01273
v 0.02035 0.01330 -0.00875
v 0.01985 0.01387 -0.00803
v 0.01999 0.01461 -0.01352
v 0.01932 0.01516 -0.01255
v 0.02017 0.01468 -0.01114
v 0.01954 0.01467 -0.01023
v 0.01942 0.01484 -0.00741
v 0.02028 0.01598 -0.01394
v 0.01944 0.01623 -0.01272
v 0.01923 0.01596 -0.00713
v 0.02020 0.01723 -0.01383
v 0.01930 0.01724 -0.01253
v 0.02028 0.01784 -0.01130
v 0.01940 0.01787 -0.01003
v 0.01936 0.01758 -0.00732
v 0.01925 0.01697 -0.00716
v 0.01994 0.01852 -0.01345
v 0.02000 0.01802 -0.01089
v 0.01973 0.01804 -0.01051
v 0.01977 0.01857 -0.00792
v 0.01951 0.01939 -0.01283
v 0.02029 0.01970 -0.01132
v 0.01960 0.01975 -0.01031
v 0.02038 0.01932 -0.00880
v 0.01950 0.02731 -0.04186
v 0.02122 0.01308 -0.01002
v 0.02069 0.01311 -0.00926
v 0.02128 0.01396 -0.01276
v 0.02076 0.01322 -0.01200
v 0.02041 0.01495 -0.01414
v 0.02055 0.01515 -0.01170
v 0.02055 0.01624 -0.01435
v 0.02080 0.01630 -0.01206
v 0.02074 0.01564 -0.01197
v 0.02045 0.01747 -0.01420
v 0.02061 0.01732 -0.01178
v 0.02131 0.01857 -0.01280
v 0.02075 0.01939 -0.01198
v 0.02122 0.01952 -0.01002
v 0.02073 0.01950 -0.00931
v 0.02207 0.01364 -0.01126
v 0.02165 0.01495 -0.01329
v 0.02269 0.01482 -0.01215
v 0.02179 0.01617 -0.01349
v 0.02169 0.01747 -0.01335
v 0.02275 0.01758 -0.01224
v 0.02234 0.01857 -0.01165
v 0.02173 0.01932 -0.01077
v 0.02288 0.01604 -0.01244
v 0.02286 0.01697 -0.01240
v 0.02850 0.01107 -0.02324
v 0.02797 0.01091 -0.02247
v 0.02868 0.02142 -0.02350
v 0.02830 0.02163 -0.02295
v 0.02787 0.02170 -0.02233
v 0.02977 0.00373 -0.02621
v 0.02937 0.00698 -0.05271
v 0.02915 0.01180 -0.02417
v 0.02889 0.01138 -0.02380
v 0.02926 0.01228 -0.02434
v 0.02977 0.01530 -0.02621
v 0.02977 0.01730 -0.02621
v 0.02927 0.02020 -0.02435
v 0.02916 0.02073 -0.02420
v 0.02889 0.02123 -0.02380
v 0.02937 0.02562 -0.05271
v 0.02977 0.02887 -0.02621
v 0.03061 0.00381 -0.02674
v 0.03108 0.00698 -0.05223
v 0.03095 0.01110 -0.02424
v 0.03028 0.01089 -0.02328
v 0.03053 0.01530 -0.02667
v 0.03052 0.01730 -0.02666
v 0.03099 0.02144 -0.02421
v 0.03072 0.02166 -0.02401
v 0.03028 0.02171 -0.02328
v 0.03108 0.02562 -0.05223
v 0.03064 0.02879 -0.02677
v 0.03024 0.02884 -0.02643
v 0.03171 0.00369 -0.02526
v 0.03180 0.00650 -0.02537
v 0.03149 0.00650 -0.02494
v 0.03196 0.01080 -0.02557
v 0.03144 0.01137 -0.02488
v 0.03170 0.01216 -0.02524
v 0.03160 0.01234 -0.02510
v 0.03171 0.02030 -0.02526
v 0.03161 0.02020 -0.02511
v 0.03144 0.02092 -0.02488
v 0.03196 0.02180 -0.02557
v 0.03148 0.02180 -0.02495
v 0.03177 0.02610 -0.02532
v 0.03149 0.02610 -0.02494
v 0.03171 0.02891 -0.02526
v 0.03454 0.00443 -0.03107
v 0.03436 0.00411 -0.02847
v 0.03454 0.02817 -0.03107
v 0.03436 0.02849 -0.02847
v 0.03620 0.00443 -0.03061
v 0.03620 0.02817 -0.03061
v 0.03927 0.00529 -0.03631
v 0.03894 0.00493 -0.03370
v 0.03927 0.02731 -0.03631
v 0.03894 0.02767 -0.03370
v 0.04088 0.00529 -0.03585
v 0.04097 0.00833 -0.06311
v 0.04097 0.02427 -0.06311
v 0.04088 0.02731 -0.03585
v 0.04268 0.00833 -0.06263
v 0.04268 0.02427 -0.06263
v 0.04910 0.00698 -0.04717
v 0.04910 0.02562 -0.04717
v 0.05071 0.00698 -0.04672
v 0.05071 0.02562 -0.04672
v 0.05260 0.00933 -0.07353
v 0.05260 0.02327 -0.07353
v 0.05432 0.00933 -0.07305
v 0.05432 0.02327 -0.07305
v 0.05895 0.00833 -0.05806
v 0.05895 0.02427 -0.05806
v 0.06056 0.00833 -0.05760
v 0.06056 0.02427 -0.05760
v 0.06425 0.00998 -0.08397
v 0.06426 0.02262 -0.08397
v 0.06597 0.00998 -0.08349
v 0.06597 0.02262 -0.08349
v 0.06883 0.00933 -0.06898
v 0.06883 0.02327 -0.06898
v 0.07044 0.00933 -0.06852
v 0.07044 0.02327 -0.06852
v 0.07107 0.01020 -0.09008
v 0.07107 0.02240 -0.09008
v 0.07207 0.01018 -0.08896
v 0.07207 0.01530 -0.08896
v 0.07207 0.01730 -0.08896
v 0.07207 0.02242 -0.08896
v 0.07371 0.02238 -0.09049
v 0.07484 0.01027 -0.09377
v 0.07480 0.02233 -0.09373
v 0.07585 0.01026 -0.09265
v 0.07740 0.01030 -0.09669
v 0.07740 0.02230 -0.09669
v 0.07721 0.02232 -0.09415
v 0.07885 0.01030 -0.09852
v 0.07810 0.01030 -0.09756
v 0.07918 0.01030 -0.09651
v 0.07848 0.01029 -0.09565
v 0.07872 0.00998 -0.07991
v 0.07848 0.01530 -0.09565
v 0.07848 0.01730 -0.09565
v 0.07885 0.02230 -0.09852
v 0.07808 0.02230 -0.09754
v 0.07848 0.02231 -0.09565
v 0.07872 0.02262 -0.07991
v 0.08039 0.01030 -0.09809
v 0.08034 0.00998 -0.07946
v 0.08039 0.02230 -0.09809
v 0.08034 0.02262 -0.07946
v 0.08155 0.02239 -0.10240
v 0.08085 0.02230 -0.09871
v 0.08265 0.01011 -0.10418
v 0.08170 0.01020 -0.10264
v 0.08265 0.02249 -0.10418
v 0.08382 0.01014 -0.10322
v 0.08323 0.01020 -0.10225
v 0.08382 0.01530 -0.10322
v 0.08382 0.01730 -0.10322
v 0.08368 0.02263 -0.10599
v 0.08382 0.02246 -0.10322
v 0.08350 0.02243 -0.10269
v 0.08419 0.00988 -0.10694
v 0.08631 0.00935 -0.11143
v 0.08546 0.00960 -0.10951
v 0.08568 0.00988 -0.10655
v 0.08583 0.02275 -0.10685
v 0.08563 0.02304 -0.10989
v 0.08670 0.00921 -0.11239
v 0.08692 0.00960 -0.10910
v 0.08729 0.02364 -0.11392
v 0.08670 0.02339 -0.11239
v 0.08725 0.02309 -0.10984
v 0.08804 0.00858 -0.11606
v 0.08778 0.00934 -0.11106
v 0.08796 0.01530 -0.11151
v 0.08796 0.01730 -0.11151
v 0.08796 0.02332 -0.11152
v 0.08875 0.02448 -0.11837
v 0.08985 0.00715 -0.12270
v 0.08998 0.00736 -0.12362
v 0.08989 0.00726 -0.12312
v 0.08938 0.00758 -0.12080
v 0.08953 0.00856 -0.11579
v 0.08899 0.02376 -0.11422
v 0.08946 0.02509 -0.12113
v 0.08999 0.02434 -0.11729
v 0.08999 0.02524 -0.12364
v 0.08987 0.02540 -0.12292
v 0.09115 0.00703 -0.15083
v 0.09084 0.00712 -0.12569
v 0.09062 0.00686 -0.12429
v 0.09008 0.00705 -0.12330
v 0.09113 0.00793 -0.12880
v 0.09053 0.00793 -0.12566
v 0.09010 0.00747 -0.12424
v 0.09116 0.00723 -0.12185
v 0.09087 0.00754 -0.12057
v 0.09115 0.01530 -0.12184
v 0.09069 0.01530 -0.11986
v 0.09115 0.01630 -0.15083
v 0.09099 0.01630 -0.12839
v 0.09069 0.01630 -0.12573
v 0.09115 0.01730 -0.12184
v 0.09069 0.01730 -0.11986
v 0.09114 0.02478 -0.12881
v 0.09087 0.02430 -0.12714
v 0.09053 0.02469 -0.12558
v 0.09010 0.02513 -0.12424
v 0.09115 0.02571 -0.15083
v 0.09092 0.02550 -0.12567
v 0.09040 0.02557 -0.12415
v 0.09008 0.02555 -0.12329
v 0.09115 0.02536 -0.12184
v 0.09198 0.00436 -0.15070
v 0.09139 0.00553 -0.15079
v 0.09178 0.00558 -0.14781
v 0.09203 0.00576 -0.14464
v 0.09120 0.00630 -0.15082
v 0.09129 0.00718 -0.14932
v 0.09143 0.00681 -0.14795
v 0.09173 0.00651 -0.14473
v 0.09190 0.00662 -0.14153
v 0.09216 0.00634 -0.13829
v 0.09198 0.00670 -0.13512
v 0.09194 0.00671 -0.13189
v 0.09194 0.00656 -0.12864
v 0.09178 0.00648 -0.12539
v 0.09195 0.00691 -0.12300
v 0.09133 0.00711 -0.12234
v 0.09153 0.00752 -0.14571
v 0.09159 0.00731 -0.14480
v 0.09166 0.00775 -0.14191
v 0.09168 0.00782 -0.13849
v 0.09159 0.00795 -0.13525
v 0.09140 0.00793 -0.13201
v 0.09136 0.00830 -0.13199
v 0.09218 0.01030 -0.09478
v 0.09193 0.01530 -0.12296
v 0.09141 0.01630 -0.14718
v 0.09156 0.01630 -0.14352
v 0.09160 0.01630 -0.13986
v 0.09158 0.01630 -0.13834
v 0.09146 0.01630 -0.13468
v 0.09130 0.01630 -0.13203
v 0.09192 0.01730 -0.12295
v 0.09218 0.02230 -0.09478
v 0.09161 0.02494 -0.14398
v 0.09167 0.02490 -0.14163
v 0.09167 0.02467 -0.14030
v 0.09166 0.02464 -0.13844
v 0.09162 0.02448 -0.13697
v 0.09160 0.02479 -0.13522
v 0.09146 0.02434 -0.13354
v 0.09141 0.02472 -0.13201
v 0.09122 0.02428 -0.13033
v 0.09143 0.02579 -0.14795
v 0.09144 0.02523 -0.14730
v 0.09166 0.02569 -0.14476
v 0.09191 0.02599 -0.14153
v 0.09186 0.02562 -0.13836
v 0.09199 0.02591 -0.13512
v 0.09194 0.02591 -0.13189
v 0.09183 0.02593 -0.12866
v 0.09193 0.02620 -0.12532
v 0.09161 0.02560 -0.12271
v 0.09135 0.02688 -0.15080
v 0.09179 0.02703 -0.14781
v 0.09204 0.02685 -0.14464
v 0.09231 0.02652 -0.13826
v 0.09201 0.02829 -0.15069
v 0.09310 0.00320 -0.15052
v 0.09249 0.00443 -0.14768
v 0.09313 0.00382 -0.14759
v 0.09303 0.00450 -0.14447
v 0.09350 0.00465 -0.14124
v 0.09247 0.00508 -0.14455
v 0.09266 0.00536 -0.14137
v 0.09295 0.00543 -0.13814
v 0.09277 0.00581 -0.13496
v 0.09294 0.00587 -0.13169
v 0.09330 0.00593 -0.12921
v 0.09357 0.00692 -0.14733
v 0.09272 0.00610 -0.12847
v 0.09315 0.00602 -0.12833
v 0.09259 0.00630 -0.12520
v 0.09267 0.00677 -0.12337
v 0.09352 0.00761 -0.14764
v 0.09346 0.00763 -0.14706
v 0.09357 0.00827 -0.13350
v 0.09344 0.00829 -0.12765
v 0.09355 0.00871 -0.13524
v 0.09348 0.00865 -0.13353
v 0.09332 0.00892 -0.13158
v 0.09312 0.00875 -0.12771
v 0.09344 0.00891 -0.12711
v 0.09349 0.01195 -0.14765
v 0.09342 0.01195 -0.14721
v 0.09302 0.01260 -0.12776
v 0.09338 0.01268 -0.12712
v 0.09331 0.01530 -0.12341
v 0.09356 0.01630 -0.14779
v 0.09343 0.01630 -0.14738
v 0.09357 0.01630 -0.14297
v 0.09359 0.01630 -0.13895
v 0.09340 0.01630 -0.13350
v 0.09303 0.01630 -0.12770
v 0.09337 0.01630 -0.12713
v 0.09336 0.01730 -0.12340
v 0.09304 0.01992 -0.12768
v 0.09338 0.01992 -0.12712
v 0.09349 0.02065 -0.14765
v 0.09342 0.02065 -0.14721
v 0.09354 0.02388 -0.13501
v 0.09346 0.02379 -0.13354
v 0.09332 0.02368 -0.13152
v 0.09307 0.02370 -0.12771
v 0.09346 0.02372 -0.12710
v 0.09352 0.02499 -0.14765
v 0.09347 0.02494 -0.14678
v 0.09352 0.02416 -0.13351
v 0.09332 0.02420 -0.12763
v 0.09352 0.02548 -0.14738
v 0.09259 0.02630 -0.12520
v 0.09274 0.02583 -0.12336
v 0.09248 0.02754 -0.14455
v 0.09267 0.02725 -0.14137
v 0.09297 0.02718 -0.13813
v 0.09278 0.02680 -0.13496
v 0.09294 0.02673 -0.13169
v 0.09295 0.02657 -0.12874
v 0.09315 0.02658 -0.12833
v 0.09250 0.02819 -0.14768
v 0.09315 0.02880 -0.14759
v 0.09305 0.02812 -0.14447
v 0.09353 0.02796 -0.14124
v 0.09302 0.02935 -0.15053
v 0.09455 0.00250 -0.15029
v 0.09388 0.00335 -0.14752
v 0.09418 0.00383 -0.14433
v 0.09451 0.00474 -0.13782
v 0.09455 0.00581 -0.14786
v 0.09437 0.00567 -0.14725
v 0.09387 0.00489 -0.13799
v 0.09417 0.00516 -0.13516
v 0.09366 0.00566 -0.13155
v 0.09436 0.00664 -0.14809
v 0.09378 0.00643 -0.14735
v 0.09410 0.00673 -0.14285
v 0.09442 0.00667 -0.14242
v 0.09445 0.00707 -0.13936
v 0.09440 0.00697 -0.13895
v 0.09363 0.00670 -0.12335
v 0.09408 0.00751 -0.14813
v 0.09370 0.00768 -0.14294
v 0.09409 0.00774 -0.14228
v 0.09419 0.00774 -0.13959
v 0.09380 0.00776 -0.13896
v 0.09423 0.00757 -0.13336
v 0.09442 0.00765 -0.13084
v 0.09380 0.00814 -0.12760
v 0.09401 0.00844 -0.13960
v 0.09366 0.00845 -0.13878
v 0.09386 0.00887 -0.12695
v 0.09379 0.01030 -0.09432
v 0.09415 0.01196 -0.14816
v 0.09361 0.01218 -0.14281
v 0.09399 0.01219 -0.14228
v 0.09399 0.01237 -0.13964
v 0.09361 0.01237 -0.13895
v 0.09370 0.01268 -0.12697
v 0.09365 0.01530 -0.12334
v 0.09418 0.01630 -0.14818
v 0.09399 0.01630 -0.14228
v 0.09412 0.01630 -0.13972
v 0.09367 0.01630 -0.12697
v 0.09365 0.01730 -0.12334
v 0.09413 0.02023 -0.13970
v 0.09370 0.01992 -0.12697
v 0.09419 0.02064 -0.14819
v 0.09361 0.02042 -0.14281
v 0.09387 0.02041 -0.14237
v 0.09379 0.02230 -0.09432
v 0.09365 0.02373 -0.13894
v 0.09374 0.02367 -0.12697
v 0.09423 0.02499 -0.14819
v 0.09366 0.02476 -0.14295
v 0.09412 0.02460 -0.14226
v 0.09417 0.02462 -0.13964
v 0.09372 0.02449 -0.13888
v 0.09411 0.02498 -0.13338
v 0.09448 0.02501 -0.13132
v 0.09377 0.02444 -0.12753
v 0.09480 0.02402 -0.12673
v 0.09426 0.02566 -0.14812
v 0.09375 0.02616 -0.14734
v 0.09399 0.02568 -0.14287
v 0.09428 0.02570 -0.14240
v 0.09443 0.02548 -0.13941
v 0.09437 0.02561 -0.13895
v 0.09474 0.02527 -0.13327
v 0.09365 0.02590 -0.12334
v 0.09440 0.02663 -0.14789
v 0.09435 0.02692 -0.14722
v 0.09417 0.02744 -0.13516
v 0.09365 0.02693 -0.13147
v 0.09373 0.02858 -0.14438
v 0.09413 0.02777 -0.13789
v 0.09361 0.02973 -0.15044
v 0.09391 0.02927 -0.14752
v 0.09448 0.02890 -0.14430
v 0.09436 0.03006 -0.15032
v 0.09570 0.00231 -0.15011
v 0.09554 0.00296 -0.14703
v 0.09524 0.00355 -0.14424
v 0.09521 0.00360 -0.14395
v 0.09497 0.00403 -0.14180
v 0.09533 0.00555 -0.14787
v 0.09541 0.00513 -0.14708
v 0.09578 0.00536 -0.14514
v 0.09557 0.00587 -0.14255
v 0.09589 0.00581 -0.12758
v 0.09554 0.00623 -0.14811
v 0.09519 0.00643 -0.14216
v 0.09534 0.00686 -0.13953
v 0.09522 0.00656 -0.13880
v 0.09490 0.00714 -0.13470
v 0.09525 0.00630 -0.12445
v 0.09480 0.00723 -0.14195
v 0.09519 0.00761 -0.13984
v 0.09561 0.00818 -0.12677
v 0.09482 0.00845 -0.13992
v 0.09564 0.00870 -0.12646
v 0.09583 0.01630 -0.12637
v 0.09532 0.02370 -0.12651
v 0.09514 0.02472 -0.13987
v 0.09567 0.02436 -0.12671
v 0.09522 0.02626 -0.14816
v 0.09524 0.02589 -0.14193
v 0.09524 0.02562 -0.13961
v 0.09518 0.02603 -0.13888
v 0.09492 0.02548 -0.13483
v 0.09525 0.02630 -0.12445
v 0.09530 0.02686 -0.14794
v 0.09544 0.02748 -0.14708
v 0.09578 0.02724 -0.14514
v 0.09524 0.02659 -0.14252
v 0.09589 0.02679 -0.12758
v 0.09497 0.02857 -0.14180
v 0.09554 0.02964 -0.14703
v 0.09521 0.02900 -0.14395
v 0.09541 0.03027 -0.15015
v 0.09667 0.00230 -0.14995
v 0.09656 0.00291 -0.14685
v 0.09608 0.00565 -0.14790
v 0.09648 0.00532 -0.13072
v 0.09672 0.00743 -0.12990
v 0.09637 0.00807 -0.12693
v 0.09669 0.00870 -0.12668
v 0.09682 0.01013 -0.09991
v 0.09679 0.01630 -0.12673
v 0.09682 0.02247 -0.09991
v 0.09671 0.02374 -0.12668
v 0.09672 0.02517 -0.12990
v 0.09646 0.02438 -0.12683
v 0.09607 0.02699 -0.14788
v 0.09648 0.02728 -0.13072
v 0.09656 0.02969 -0.14685
v 0.09667 0.03030 -0.14995
v 0.09834 0.00332 -0.14333
v 0.09795 0.00382 -0.14018
v 0.09752 0.00433 -0.13703
v 0.09740 0.00681 -0.13941
v 0.09727 0.00639 -0.13900
v 0.09791 0.00703 -0.13265
v 0.09791 0.00630 -0.12371
v 0.09748 0.00723 -0.13950
v 0.09814 0.01009 -0.14972
v 0.09777 0.01020 -0.14775
v 0.09757 0.01180 -0.14981
v 0.09726 0.01180 -0.14783
v 0.09823 0.01125 -0.12362
v 0.09757 0.01630 -0.14981
v 0.09726 0.01630 -0.14783
v 0.09818 0.01630 -0.12363
v 0.09757 0.02080 -0.14981
v 0.09726 0.02080 -0.14783
v 0.09822 0.02136 -0.12362
v 0.09814 0.02251 -0.14972
v 0.09778 0.02242 -0.14775
v 0.09743 0.02560 -0.13945
v 0.09728 0.02621 -0.13901
v 0.09788 0.02554 -0.13255
v 0.09791 0.02630 -0.12371
v 0.09795 0.02878 -0.14018
v 0.09752 0.02827 -0.13703
v 0.09834 0.02928 -0.14333
v 0.09895 0.00230 -0.14959
v 0.09867 0.00281 -0.14647
v 0.09915 0.00598 -0.13815
v 0.09947 0.00499 -0.12993
v 0.09870 0.00562 -0.12681
v 0.09932 0.00697 -0.13920
v 0.09934 0.00633 -0.13886
v 0.09939 0.00602 -0.13799
v 0.09855 0.00775 -0.13249
v 0.09899 0.00924 -0.14958
v 0.09868 0.00924 -0.14761
v 0.09844 0.01013 -0.09946
v 0.09932 0.01630 -0.13920
v 0.09953 0.01630 -0.13915
v 0.09844 0.02247 -0.09946
v 0.09899 0.02336 -0.14958
v 0.09868 0.02336 -0.14761
v 0.09905 0.02495 -0.13412
v 0.09853 0.02496 -0.13247
v 0.09932 0.02563 -0.13920
v 0.09936 0.02613 -0.13902
v 0.09926 0.02656 -0.13844
v 0.09948 0.02654 -0.13797
v 0.09870 0.02698 -0.12681
v 0.09947 0.02761 -0.12993
v 0.09867 0.02979 -0.14647
v 0.09895 0.03030 -0.14959
v 0.10021 0.00441 -0.13308
v 0.09993 0.00662 -0.13851
v 0.09993 0.00648 -0.13792
v 0.10057 0.00630 -0.12296
v 0.10030 0.00882 -0.14938
v 0.10002 0.00882 -0.14740
v 0.10003 0.01630 -0.13864
v 0.10012 0.01630 -0.13795
v 0.10027 0.02377 -0.14938
v 0.09998 0.02378 -0.14740
v 0.09996 0.02592 -0.13853
v 0.09994 0.02611 -0.13792
v 0.10057 0.02630 -0.12296
v 0.10011 0.02702 -0.14734
v 0.09975 0.02724 -0.14202
v 0.09973 0.02645 -0.13808
v 0.09999 0.02772 -0.14681
v 0.10021 0.02819 -0.13308
v 0.10162 0.00341 -0.13939
v 0.10093 0.00389 -0.13623
v 0.10094 0.00523 -0.14185
v 0.10190 0.00490 -0.12864
v 0.10152 0.00512 -0.12774
v 0.10150 0.00537 -0.12654
v 0.10175 0.00552 -0.12574
v 0.10089 0.00622 -0.14098
v 0.10196 0.00770 -0.12874
v 0.10156 0.00770 -0.12788
v 0.10145 0.00770 -0.12685
v 0.10171 0.00770 -0.12582
v 0.10145 0.00960 -0.10503
v 0.10145 0.02300 -0.10503
v 0.10196 0.02490 -0.12874
v 0.10156 0.02490 -0.12788
v 0.10145 0.02490 -0.12685
v 0.10171 0.02490 -0.12582
v 0.10134 0.02642 -0.14091
v 0.10152 0.02747 -0.12771
v 0.10150 0.02722 -0.12652
v 0.10176 0.02708 -0.12573
v 0.10093 0.02871 -0.13623
v 0.10190 0.02770 -0.12865
v 0.10162 0.02919 -0.13939
v 0.10291 0.00262 -0.14571
v 0.10228 0.00299 -0.14255
v 0.10230 0.00465 -0.14590
v 0.10259 0.00468 -0.12941
v 0.10308 0.00483 -0.14355
v 0.10204 0.00548 -0.14116
v 0.10226 0.00564 -0.12502
v 0.10295 0.00572 -0.12447
v 0.10269 0.00770 -0.12950
v 0.10290 0.00770 -0.12750
v 0.10295 0.00770 -0.12665
v 0.10231 0.00770 -0.12495
v 0.10318 0.00770 -0.12435
v 0.10307 0.00960 -0.10458
v 0.10303 0.01123 -0.14075
v 0.10290 0.01120 -0.12750
v 0.10295 0.01120 -0.12665
v 0.10296 0.01630 -0.14065
v 0.10302 0.02137 -0.14074
v 0.10290 0.02140 -0.12750
v 0.10295 0.02140 -0.12665
v 0.10307 0.02300 -0.10458
v 0.10269 0.02490 -0.12950
v 0.10290 0.02490 -0.12750
v 0.10295 0.02490 -0.12665
v 0.10231 0.02490 -0.12495
v 0.10318 0.02490 -0.12435
v 0.10220 0.02714 -0.14116
v 0.10224 0.02696 -0.12505
v 0.10295 0.02688 -0.12447
v 0.10216 0.02794 -0.14592
v 0.10308 0.02777 -0.14355
v 0.10256 0.02791 -0.12938
v 0.10291 0.02998 -0.14571
v 0.10228 0.02961 -0.14255
v 0.10351 0.00230 -0.14887
v 0.10429 0.00334 -0.13724
v 0.10393 0.00350 -0.13622
v 0.10389 0.00360 -0.13551
v 0.10332 0.00469 -0.14481
v 0.10403 0.00367 -0.13485
v 0.10425 0.00372 -0.13429
v 0.10344 0.00410 -0.13229
v 0.10372 0.00447 -0.12994
v 0.10327 0.00561 -0.14688
v 0.10376 0.00573 -0.12417
v 0.10324 0.00630 -0.12221
v 0.10439 0.00770 -0.13741
v 0.10399 0.00770 -0.13654
v 0.10402 0.00770 -0.13500
v 0.10364 0.00770 -0.12996
v 0.10392 0.00770 -0.12858
v 0.10328 0.00770 -0.12816
v 0.10388 0.00770 -0.12562
v 0.10419 0.00770 -0.12408
v 0.10392 0.01120 -0.12858
v 0.10358 0.01127 -0.12805
v 0.10339 0.01130 -0.12662
v 0.10398 0.01123 -0.12569
v 0.10392 0.02140 -0.12858
v 0.10360 0.02133 -0.12804
v 0.10337 0.02130 -0.12665
v 0.10395 0.02136 -0.12572
v 0.10439 0.02490 -0.13741
v 0.10399 0.02490 -0.13654
v 0.10402 0.02490 -0.13500
v 0.10364 0.02490 -0.12995
v 0.10392 0.02490 -0.12858
v 0.10328 0.02490 -0.12816
v 0.10382 0.02490 -0.12564
v 0.10419 0.02490 -0.12408
v 0.10324 0.02630 -0.12221
v 0.10412 0.02728 -0.14669
v 0.10372 0.02687 -0.12418
v 0.10402 0.02789 -0.14620
v 0.10332 0.02791 -0.14482
v 0.10374 0.02762 -0.14143
v 0.10344 0.02850 -0.13229
v 0.10372 0.02813 -0.12994
v 0.10428 0.02925 -0.13723
v 0.10393 0.02909 -0.13619
v 0.10399 0.02895 -0.13501
v 0.10425 0.02888 -0.13429
v 0.10351 0.03030 -0.14887
v 0.10523 0.00313 -0.13839
v 0.10461 0.00326 -0.13768
v 0.10546 0.00460 -0.14579
v 0.10484 0.00376 -0.13356
v 0.10503 0.00434 -0.12999
v 0.10559 0.00522 -0.14646
v 0.10471 0.00491 -0.14128
v 0.10481 0.00589 -0.14036
v 0.10490 0.00566 -0.12411
v 0.10513 0.00770 -0.13816
v 0.10531 0.00770 -0.13593
v 0.10548 0.00770 -0.13495
v 0.10475 0.00770 -0.13362
v 0.10469 0.00770 -0.13005
v 0.10469 0.00770 -0.12865
v 0.10539 0.00770 -0.12836
v 0.10497 0.00770 -0.12555
v 0.10524 0.00770 -0.12417
v 0.10530 0.01120 -0.13590
v 0.10548 0.01120 -0.13495
v 0.10469 0.01120 -0.12865
v 0.10524 0.01128 -0.12802
v 0.10537 0.01130 -0.12625
v 0.10483 0.01125 -0.12570
v 0.10530 0.02140 -0.13589
v 0.10548 0.02140 -0.13495
v 0.10469 0.02140 -0.12865
v 0.10522 0.02132 -0.12805
v 0.10537 0.02130 -0.12625
v 0.10483 0.02135 -0.12570
v 0.10513 0.02490 -0.13816
v 0.10531 0.02490 -0.13593
v 0.10548 0.02490 -0.13495
v 0.10475 0.02490 -0.13362
v 0.10469 0.02490 -0.13005
v 0.10469 0.02490 -0.12865
v 0.10539 0.02490 -0.12836
v 0.10497 0.02490 -0.12555
v 0.10524 0.02490 -0.12417
v 0.10488 0.02671 -0.14035
v 0.10493 0.02695 -0.12412
v 0.10497 0.02826 -0.13000
v 0.10525 0.02948 -0.13844
v 0.10461 0.02934 -0.13768
v 0.10480 0.02884 -0.13359
v 0.10625 0.00274 -0.14178
v 0.10611 0.00303 -0.13860
v 0.10601 0.00377 -0.13289
v 0.10671 0.00394 -0.13153
v 0.10566 0.00432 -0.12981
v 0.10639 0.00437 -0.12934
v 0.10560 0.00552 -0.14651
v 0.10651 0.00536 -0.12489
v 0.10590 0.00550 -0.12446
v 0.10590 0.00630 -0.12146
v 0.10608 0.00770 -0.13862
v 0.10601 0.00770 -0.13702
v 0.10593 0.00770 -0.13444
v 0.10663 0.00770 -0.13415
v 0.10605 0.00770 -0.13289
v 0.10571 0.00770 -0.12978
v 0.10657 0.00770 -0.12918
v 0.10584 0.00770 -0.12785
v 0.10601 0.00770 -0.12687
v 0.10561 0.00770 -0.12597
v 0.10611 0.00770 -0.12458
v 0.10605 0.00873 -0.11011
v 0.10623 0.01123 -0.13700
v 0.10583 0.01130 -0.13629
v 0.10608 0.01128 -0.13477
v 0.10663 0.01120 -0.13415
v 0.10584 0.01120 -0.12785
v 0.10590 0.01124 -0.12691
v 0.10561 0.01120 -0.12597
v 0.10623 0.02137 -0.13700
v 0.10583 0.02130 -0.13629
v 0.10610 0.02132 -0.13475
v 0.10663 0.02140 -0.13415
v 0.10584 0.02140 -0.12785
v 0.10591 0.02137 -0.12692
v 0.10561 0.02140 -0.12597
v 0.10605 0.02387 -0.11011
v 0.10608 0.02490 -0.13862
v 0.10606 0.02490 -0.13705
v 0.10593 0.02490 -0.13444
v 0.10663 0.02490 -0.13415
v 0.10608 0.02490 -0.13288
v 0.10571 0.02490 -0.12979
v 0.10657 0.02490 -0.12918
v 0.10584 0.02490 -0.12785
v 0.10601 0.02490 -0.12687
v 0.10561 0.02490 -0.12597
v 0.10612 0.02490 -0.12458
v 0.10590 0.02630 -0.12146
v 0.10651 0.02724 -0.12489
v 0.10593 0.02710 -0.12447
v 0.10671 0.02866 -0.13153
v 0.10566 0.02828 -0.12981
v 0.10637 0.02824 -0.12935
v 0.10625 0.02986 -0.14178
v 0.10609 0.02956 -0.13859
v 0.10605 0.02884 -0.13288
v 0.10717 0.00247 -0.14496
v 0.10742 0.00294 -0.13867
v 0.10759 0.00445 -0.14512
v 0.10684 0.00463 -0.14278
v 0.10741 0.00477 -0.14076
v 0.10735 0.00369 -0.13278
v 0.10698 0.00447 -0.12866
v 0.10733 0.00464 -0.12779
v 0.10737 0.00485 -0.14052
v 0.10732 0.00543 -0.14005
v 0.10739 0.00490 -0.12660
v 0.10703 0.00517 -0.12556
v 0.10726 0.00540 -0.12455
v 0.10713 0.00770 -0.13872
v 0.10744 0.00770 -0.13718
v 0.10740 0.00770 -0.13422
v 0.10768 0.00770 -0.13284
v 0.10730 0.00770 -0.12780
v 0.10733 0.00770 -0.12625
v 0.10687 0.00770 -0.12531
v 0.10767 0.00873 -0.10966
v 0.10734 0.01123 -0.13710
v 0.10768 0.01130 -0.13665
v 0.10760 0.01130 -0.13479
v 0.10740 0.01120 -0.13422
v 0.10790 0.01130 -0.12090
v 0.10733 0.02136 -0.13709
v 0.10768 0.02130 -0.13665
v 0.10760 0.02130 -0.13479
v 0.10740 0.02140 -0.13422
v 0.10790 0.02130 -0.12090
v 0.10767 0.02387 -0.10966
v 0.10713 0.02490 -0.13872
v 0.10750 0.02490 -0.13716
v 0.10740 0.02490 -0.13422
v 0.10767 0.02490 -0.13284
v 0.10729 0.02490 -0.12783
v 0.10733 0.02490 -0.12625
v 0.10687 0.02490 -0.12531
v 0.10724 0.02715 -0.14006
v 0.10699 0.02742 -0.12550
v 0.10726 0.02720 -0.12455
v 0.10773 0.02815 -0.14510
v 0.10684 0.02797 -0.14278
v 0.10735 0.02781 -0.14070
v 0.10696 0.02813 -0.12868
v 0.10732 0.02797 -0.12782
v 0.10739 0.02769 -0.12658
v 0.10736 0.02966 -0.13868
v 0.10747 0.02892 -0.13280
v 0.10717 0.03013 -0.14496
v 0.10807 0.00230 -0.14814
v 0.10828 0.00292 -0.13837
v 0.10899 0.00294 -0.13789
v 0.10882 0.00352 -0.13345
v 0.10824 0.00472 -0.14074
v 0.10811 0.00362 -0.13300
v 0.10864 0.00462 -0.12766
v 0.10848 0.00543 -0.14605
v 0.10815 0.00571 -0.13983
v 0.10856 0.00630 -0.12071
v 0.10814 0.00770 -0.13845
v 0.10900 0.00770 -0.13784
v 0.10837 0.00770 -0.13614
v 0.10822 0.00770 -0.13494
v 0.10855 0.00770 -0.13324
v 0.10822 0.01125 -0.13601
v 0.10825 0.01120 -0.13500
v 0.10800 0.01120 -0.12087
v 0.10800 0.01630 -0.12087
v 0.10822 0.02135 -0.13601
v 0.10821 0.02140 -0.13494
v 0.10800 0.02140 -0.12087
v 0.10814 0.02490 -0.13845
v 0.10900 0.02490 -0.13784
v 0.10837 0.02490 -0.13614
v 0.10823 0.02490 -0.13497
v 0.10855 0.02490 -0.13324
v 0.10856 0.02630 -0.12071
v 0.10821 0.02689 -0.13982
v 0.10864 0.02798 -0.12766
v 0.10828 0.02968 -0.13837
v 0.10899 0.02966 -0.13788
v 0.10876 0.02907 -0.13341
v 0.10811 0.02898 -0.13300
v 0.10807 0.03030 -0.14814
v 0.11025 0.00261 -0.14103
v 0.10945 0.00299 -0.13724
v 0.10983 0.00311 -0.13612
v 0.10981 0.00324 -0.13510
v 0.10946 0.00338 -0.13421
v 0.11004 0.00394 -0.13080
v 0.11016 0.00547 -0.12382
v 0.10998 0.00670 -0.11876
v 0.10961 0.00770 -0.13697
v 0.10987 0.00770 -0.13595
v 0.10977 0.00770 -0.13492
v 0.10931 0.00770 -0.13397
v 0.10998 0.01530 -0.11876
v 0.10998 0.01730 -0.11876
v 0.10960 0.02490 -0.13698
v 0.10987 0.02490 -0.13595
v 0.10977 0.02490 -0.13492
v 0.10931 0.02490 -0.13397
v 0.10998 0.02590 -0.11876
v 0.11016 0.02713 -0.12382
v 0.11004 0.02866 -0.13080
v 0.11025 0.02999 -0.14103
v 0.10946 0.02961 -0.13723
v 0.10983 0.02949 -0.13608
v 0.10980 0.02935 -0.13509
v 0.10942 0.02921 -0.13415
v 0.11144 0.00240 -0.14422
v 0.11144 0.00339 -0.13395
v 0.11063 0.00453 -0.14205
v 0.11118 0.00565 -0.13935
v 0.11123 0.00630 -0.11997
v 0.11080 0.00676 -0.11830
v 0.11137 0.00701 -0.11711
v 0.11109 0.00805 -0.12278
v 0.11139 0.00815 -0.12222
v 0.11103 0.00738 -0.11564
v 0.11061 0.00751 -0.11515
v 0.11074 0.00868 -0.12293
v 0.11123 0.00864 -0.12211
v 0.11088 0.01530 -0.11821
v 0.11138 0.01530 -0.11685
v 0.11105 0.01530 -0.11573
v 0.11074 0.01630 -0.12297
v 0.11126 0.01630 -0.12208
v 0.11091 0.01730 -0.11818
v 0.11140 0.01730 -0.11721
v 0.11103 0.01730 -0.11567
v 0.11075 0.02389 -0.12286
v 0.11118 0.02389 -0.12212
v 0.11118 0.02460 -0.12420
v 0.11108 0.02452 -0.12281
v 0.11138 0.02438 -0.12218
v 0.11092 0.02518 -0.11549
v 0.11061 0.02509 -0.11515
v 0.11123 0.02630 -0.11997
v 0.11080 0.02583 -0.11826
v 0.11138 0.02561 -0.11719
v 0.11132 0.02536 -0.11618
v 0.11154 0.02696 -0.13929
v 0.11063 0.02807 -0.14206
v 0.11106 0.02795 -0.14029
v 0.11144 0.02921 -0.13395
v 0.11144 0.03020 -0.14422
v 0.11263 0.00230 -0.14742
v 0.11225 0.00469 -0.13991
v 0.11178 0.00474 -0.12694
v 0.11238 0.00513 -0.13932
v 0.11235 0.00547 -0.13917
v 0.11241 0.00698 -0.12634
v 0.11225 0.00753 -0.12860
v 0.11183 0.00750 -0.12662
v 0.11172 0.00770 -0.12289
v 0.11279 0.00876 -0.12161
v 0.11277 0.01130 -0.13823
v 0.11277 0.02130 -0.13823
v 0.11279 0.02384 -0.12161
v 0.11231 0.02512 -0.12882
v 0.11175 0.02509 -0.12393
v 0.11167 0.02486 -0.12273
v 0.11223 0.02509 -0.11470
v 0.11204 0.02722 -0.14549
v 0.11275 0.02722 -0.13914
v 0.11202 0.02765 -0.14539
v 0.11192 0.02813 -0.14477
v 0.11279 0.02763 -0.13935
v 0.11178 0.02786 -0.12694
v 0.11263 0.03030 -0.14742
v 0.11286 0.00294 -0.13712
v 0.11308 0.00446 -0.14459
v 0.11341 0.00410 -0.13008
v 0.11330 0.00514 -0.14524
v 0.11389 0.00587 -0.13194
v 0.11308 0.00559 -0.12309
v 0.11337 0.00656 -0.13234
v 0.11354 0.00632 -0.12922
v 0.11329 0.00650 -0.12834
v 0.11371 0.00708 -0.12568
v 0.11386 0.00631 -0.11923
v 0.11291 0.00801 -0.12195
v 0.11281 0.00842 -0.12166
v 0.11310 0.01120 -0.13904
v 0.11310 0.01630 -0.13904
v 0.11310 0.02140 -0.13904
v 0.11287 0.02444 -0.12184
v 0.11331 0.02582 -0.13239
v 0.11292 0.02584 -0.13059
v 0.11354 0.02628 -0.12922
v 0.11318 0.02602 -0.12794
v 0.11371 0.02552 -0.12568
v 0.11380 0.02630 -0.11924
v 0.11362 0.02646 -0.13027
v 0.11308 0.02701 -0.12309
v 0.11287 0.02790 -0.13980
v 0.11341 0.02850 -0.13008
v 0.11286 0.02966 -0.13712
v 0.11430 0.00261 -0.14030
v 0.11505 0.00355 -0.13324
v 0.11446 0.00453 -0.14138
v 0.11483 0.00568 -0.13877
v 0.11477 0.00560 -0.13607
v 0.11512 0.00522 -0.13556
v 0.11419 0.00581 -0.13192
v 0.11494 0.00494 -0.12623
v 0.11455 0.00618 -0.13624
v 0.11465 0.00602 -0.12077
v 0.11462 0.00664 -0.11901
v 0.11443 0.00642 -0.11862
v 0.11466 0.00672 -0.11739
v 0.11456 0.00806 -0.12164
v 0.11453 0.00868 -0.12129
v 0.11447 0.00876 -0.12118
v 0.11520 0.01254 -0.12129
v 0.11468 0.01275 -0.12115
v 0.11454 0.01630 -0.13623
v 0.11480 0.01630 -0.12114
v 0.11465 0.02004 -0.12115
v 0.11445 0.02378 -0.12124
v 0.11447 0.02385 -0.12119
v 0.11459 0.02435 -0.12150
v 0.11458 0.02639 -0.13630
v 0.11457 0.02602 -0.11901
v 0.11458 0.02605 -0.11806
v 0.11466 0.02588 -0.11739
v 0.11515 0.02691 -0.13871
v 0.11473 0.02698 -0.13606
v 0.11512 0.02738 -0.13556
v 0.11426 0.02677 -0.13180
v 0.11446 0.02807 -0.14139
v 0.11466 0.02792 -0.13971
v 0.11494 0.02766 -0.12623
v 0.11430 0.02999 -0.14030
v 0.11505 0.02905 -0.13324
v 0.11574 0.00240 -0.14349
v 0.11529 0.00469 -0.13961
v 0.11537 0.00555 -0.13632
v 0.11582 0.00524 -0.13542
v 0.11534 0.00621 -0.13665
v 0.11535 0.00745 -0.11881
v 0.11559 0.00780 -0.11869
v 0.11521 0.00879 -0.12153
v 0.11528 0.01038 -0.12148
v 0.11549 0.01011 -0.11877
v 0.11549 0.01114 -0.11877
v 0.11535 0.01261 -0.12141
v 0.11549 0.01217 -0.11877
v 0.11539 0.01434 -0.12137
v 0.11549 0.01424 -0.11877
v 0.11543 0.01630 -0.13665
v 0.11540 0.01630 -0.12135
v 0.11549 0.01630 -0.11877
v 0.11539 0.01826 -0.12137
v 0.11549 0.01836 -0.11877
v 0.11527 0.02003 -0.12134
v 0.11549 0.02100 -0.11877
v 0.11528 0.02222 -0.12148
v 0.11549 0.02249 -0.11877
v 0.11521 0.02384 -0.12153
v 0.11576 0.02512 -0.12385
v 0.11535 0.02515 -0.11881
v 0.11563 0.02464 -0.11868
v 0.11533 0.02639 -0.13665
v 0.11525 0.02535 -0.11884
v 0.11537 0.02546 -0.11843
v 0.11610 0.02721 -0.14484
v 0.11537 0.02704 -0.13634
v 0.11530 0.02738 -0.13551
v 0.11604 0.02795 -0.14443
v 0.11574 0.03020 -0.14349
v 0.11671 0.00310 -0.13641
v 0.11753 0.00477 -0.13924
v 0.11755 0.00558 -0.13836
v 0.11691 0.00718 -0.12545
v 0.11744 0.00786 -0.12461
v 0.11680 0.00791 -0.12039
v 0.11726 0.01630 -0.12034
v 0.11744 0.02474 -0.12461
v 0.11668 0.02712 -0.12367
v 0.11748 0.02819 -0.14356
v 0.11671 0.02950 -0.13641
v 0.11838 0.00274 -0.13959
v 0.11831 0.00442 -0.14342
v 0.11834 0.00463 -0.14075
v 0.11870 0.00381 -0.13254
v 0.11766 0.00493 -0.13884
v 0.11824 0.00527 -0.12528
v 0.11774 0.00832 -0.12467
v 0.11791 0.00769 -0.12180
v 0.11786 0.01025 -0.12439
v 0.11808 0.00980 -0.12167
v 0.11820 0.01137 -0.12157
v 0.11810 0.01230 -0.12427
v 0.11827 0.01432 -0.12419
v 0.11836 0.01413 -0.12144
v 0.11830 0.01630 -0.12414
v 0.11840 0.01630 -0.12141
v 0.11822 0.01828 -0.12414
v 0.11836 0.01847 -0.12144
v 0.11805 0.02029 -0.12422
v 0.11824 0.02064 -0.12154
v 0.11782 0.02235 -0.12433
v 0.11817 0.02172 -0.12160
v 0.11808 0.02280 -0.12167
v 0.11776 0.02428 -0.12469
v 0.11847 0.02501 -0.12252
v 0.11791 0.02490 -0.12180
v 0.11841 0.02580 -0.12761
v 0.11809 0.02722 -0.13837
v 0.11851 0.02733 -0.12537
v 0.11834 0.02797 -0.14076
v 0.11820 0.02774 -0.13890
v 0.11870 0.02879 -0.13254
v 0.11838 0.02986 -0.13959
v 0.11916 0.00543 -0.14436
v 0.11927 0.00530 -0.13856
v 0.11915 0.00567 -0.13569
v 0.11911 0.00547 -0.13531
v 0.11926 0.00579 -0.12493
v 0.11916 0.00620 -0.13600
v 0.11961 0.00650 -0.12938
v 0.11910 0.00680 -0.12806
v 0.11982 0.00664 -0.12463
v 0.11985 0.00760 -0.12764
v 0.11965 0.00738 -0.12404
v 0.11920 0.01630 -0.12220
v 0.11991 0.02492 -0.12760
v 0.11916 0.02617 -0.13605
v 0.11928 0.02568 -0.12795
v 0.11983 0.02593 -0.12462
v 0.11916 0.02677 -0.13582
v 0.11911 0.02713 -0.13531
v 0.11926 0.02681 -0.12493
v 0.11883 0.02777 -0.13902
v 0.11928 0.02779 -0.12755
v 0.12006 0.00247 -0.14277
v 0.12119 0.00450 -0.14326
v 0.12020 0.00457 -0.12897
v 0.12037 0.00788 -0.12809
v 0.12059 0.00949 -0.12465
v 0.12048 0.01003 -0.12754
v 0.12087 0.01176 -0.12444
v 0.12078 0.01217 -0.12734
v 0.12099 0.01426 -0.12720
v 0.12107 0.01403 -0.12428
v 0.12105 0.01630 -0.12714
v 0.12107 0.01630 -0.12414
v 0.12096 0.01834 -0.12717
v 0.12107 0.01857 -0.12428
v 0.12075 0.02042 -0.12731
v 0.12087 0.02084 -0.12444
v 0.12044 0.02257 -0.12750
v 0.12059 0.02311 -0.12465
v 0.12050 0.02474 -0.12826
v 0.12051 0.02632 -0.13073
v 0.12030 0.02533 -0.12488
v 0.12010 0.02671 -0.13793
v 0.12016 0.02708 -0.13472
v 0.12006 0.03013 -0.14277
v 0.12175 0.00230 -0.14597
v 0.12124 0.00470 -0.14365
v 0.12232 0.00401 -0.13238
v 0.12128 0.00514 -0.14395
v 0.12186 0.00594 -0.13283
v 0.12200 0.00592 -0.12785
v 0.12224 0.00671 -0.12759
v 0.12225 0.02617 -0.12773
v 0.12131 0.02548 -0.12622
v 0.12154 0.02838 -0.13111
v 0.12175 0.03030 -0.14597
v 0.12249 0.00293 -0.13888
v 0.12244 0.00408 -0.13208
v 0.12325 0.00445 -0.13161
v 0.12313 0.00585 -0.13477
v 0.12326 0.00583 -0.13424
v 0.12317 0.00638 -0.13528
v 0.12328 0.00746 -0.13202
v 0.12301 0.00918 -0.12772
v 0.12297 0.00975 -0.13079
v 0.12330 0.01199 -0.13055
v 0.12336 0.01155 -0.12746
v 0.12353 0.01417 -0.13038
v 0.12359 0.01630 -0.13030
v 0.12285 0.01630 -0.12617
v 0.12351 0.01843 -0.13036
v 0.12328 0.02061 -0.13053
v 0.12336 0.02105 -0.12746
v 0.12295 0.02285 -0.13077
v 0.12301 0.02342 -0.12772
v 0.12308 0.02511 -0.13174
v 0.12322 0.02608 -0.13534
v 0.12347 0.02577 -0.12910
v 0.12316 0.02677 -0.13471
v 0.12310 0.02680 -0.13418
v 0.12246 0.02809 -0.14273
v 0.12244 0.02852 -0.13208
v 0.12327 0.02813 -0.13160
v 0.12249 0.02967 -0.13888
v 0.12440 0.00259 -0.14206
v 0.12434 0.00355 -0.13549
v 0.12411 0.00527 -0.13114
v 0.12480 0.00615 -0.13718
v 0.12413 0.00672 -0.13490
v 0.12417 0.00648 -0.13408
v 0.12457 0.00610 -0.13090
v 0.12451 0.00672 -0.13051
v 0.12423 0.00740 -0.13506
v 0.12459 0.00736 -0.13387
v 0.12424 0.00880 -0.14557
v 0.12392 0.00880 -0.14360
v 0.12461 0.01089 -0.13519
v 0.12362 0.01393 -0.12727
v 0.12361 0.01630 -0.13032
v 0.12397 0.01630 -0.12753
v 0.12362 0.01867 -0.12727
v 0.12468 0.02137 -0.13518
v 0.12424 0.02380 -0.14557
v 0.12392 0.02380 -0.14360
v 0.12406 0.02501 -0.13524
v 0.12429 0.02571 -0.13484
v 0.12439 0.02579 -0.13401
v 0.12480 0.02645 -0.13718
v 0.12387 0.02646 -0.13470
v 0.12386 0.02650 -0.13421
v 0.12425 0.02708 -0.13107
v 0.12367 0.02895 -0.13467
v 0.12440 0.03001 -0.14206
v 0.12586 0.00306 -0.13867
v 0.12542 0.00401 -0.13487
v 0.12498 0.00517 -0.13801
v 0.12536 0.00549 -0.13754
v 0.12567 0.00641 -0.13706
v 0.12526 0.00898 -0.14541
v 0.12546 0.00929 -0.14336
v 0.12534 0.00887 -0.13086
v 0.12512 0.00999 -0.13365
v 0.12513 0.01117 -0.13491
v 0.12544 0.01108 -0.13391
v 0.12572 0.01134 -0.13059
v 0.12496 0.01293 -0.13513
v 0.12555 0.01234 -0.13360
v 0.12554 0.01374 -0.13483
v 0.12585 0.01385 -0.13386
v 0.12600 0.01382 -0.13039
v 0.12556 0.01495 -0.13485
v 0.12562 0.01630 -0.13484
v 0.12588 0.01627 -0.13356
v 0.12581 0.01630 -0.12994
v 0.12514 0.01795 -0.13510
v 0.12554 0.01877 -0.13484
v 0.12587 0.01862 -0.13385
v 0.12600 0.01878 -0.13039
v 0.12497 0.01958 -0.13513
v 0.12559 0.02001 -0.13360
v 0.12519 0.02125 -0.13488
v 0.12548 0.02133 -0.13390
v 0.12572 0.02126 -0.13059
v 0.12522 0.02213 -0.13364
v 0.12526 0.02362 -0.14541
v 0.12548 0.02330 -0.14335
v 0.12534 0.02373 -0.13086
v 0.12573 0.02621 -0.13706
v 0.12590 0.02599 -0.13241
v 0.12538 0.02753 -0.13872
v 0.12538 0.02705 -0.13750
v 0.12542 0.02859 -0.13487
v 0.12525 0.02937 -0.13751
v 0.12631 0.00230 -0.14524
v 0.12717 0.00271 -0.14133
v 0.12667 0.00316 -0.13864
v 0.12715 0.00466 -0.14217
v 0.12667 0.00475 -0.14109
v 0.12618 0.00466 -0.13446
v 0.12695 0.00510 -0.13978
v 0.12627 0.00584 -0.13746
v 0.12674 0.00558 -0.13417
v 0.12675 0.00671 -0.13729
v 0.12682 0.00656 -0.13369
v 0.12625 0.00724 -0.13697
v 0.12616 0.00952 -0.14527
v 0.12638 0.00882 -0.13693
v 0.12677 0.01024 -0.14517
v 0.12645 0.01024 -0.14320
v 0.12687 0.01043 -0.13688
v 0.12717 0.01149 -0.14511
v 0.12686 0.01153 -0.14313
v 0.12675 0.01115 -0.13687
v 0.12709 0.01336 -0.13683
v 0.12712 0.01525 -0.13681
v 0.12601 0.01502 -0.13400
v 0.12720 0.01630 -0.14510
v 0.12688 0.01630 -0.14313
v 0.12714 0.01630 -0.13681
v 0.12603 0.01630 -0.13401
v 0.12609 0.01630 -0.13033
v 0.12710 0.01789 -0.13682
v 0.12694 0.01986 -0.13684
v 0.12717 0.02107 -0.14511
v 0.12686 0.02106 -0.14313
v 0.12698 0.02085 -0.13685
v 0.12677 0.02236 -0.14517
v 0.12645 0.02236 -0.14320
v 0.12665 0.02209 -0.13689
v 0.12616 0.02308 -0.14527
v 0.12662 0.02562 -0.13716
v 0.12695 0.02750 -0.13978
v 0.12642 0.02663 -0.13745
v 0.12674 0.02702 -0.13417
v 0.12702 0.02795 -0.14215
v 0.12618 0.02794 -0.13446
v 0.12662 0.02974 -0.14018
v 0.12667 0.02944 -0.13864
v 0.12631 0.03030 -0.14524
v 0.12830 0.00240 -0.14388
v 0.12808 0.00261 -0.14231
v 0.12733 0.00345 -0.13829
v 0.12768 0.00477 -0.14211
v 0.12793 0.00388 -0.13798
v 0.12758 0.00546 -0.14296
v 0.12793 0.00488 -0.14213
v 0.12760 0.00562 -0.13944
v 0.12834 0.00603 -0.14290
v 0.12806 0.00636 -0.13922
v 0.12757 0.00856 -0.13408
v 0.12748 0.01036 -0.13718
v 0.12793 0.01114 -0.13383
v 0.12794 0.01251 -0.13732
v 0.12772 0.01334 -0.13706
v 0.12819 0.01372 -0.13365
v 0.12812 0.01452 -0.13731
v 0.12792 0.01630 -0.13707
v 0.12732 0.01630 -0.13680
v 0.12828 0.01630 -0.13359
v 0.12735 0.01630 -0.13215
v 0.12724 0.01799 -0.13681
v 0.12783 0.01807 -0.13706
v 0.12819 0.01888 -0.13365
v 0.12768 0.02081 -0.13716
v 0.12793 0.02146 -0.13383
v 0.12754 0.02292 -0.13736
v 0.12757 0.02404 -0.13408
v 0.12806 0.02624 -0.13922
v 0.12782 0.02607 -0.13509
v 0.12754 0.02710 -0.14298
v 0.12833 0.02733 -0.14261
v 0.12760 0.02698 -0.13944
v 0.12776 0.02778 -0.14211
v 0.12793 0.02872 -0.13798
v 0.12808 0.02999 -0.14231
v 0.12733 0.02915 -0.13829
v 0.12776 0.03005 -0.14263
v 0.12913 0.00233 -0.14480
v 0.12884 0.00282 -0.14193
v 0.12955 0.00319 -0.14159
v 0.12845 0.00442 -0.13771
v 0.12889 0.00549 -0.14217
v 0.12896 0.00553 -0.14149
v 0.12902 0.00544 -0.13742
v 0.12879 0.00674 -0.14283
v 0.12945 0.00656 -0.14235
v 0.12950 0.00633 -0.14143
v 0.12897 0.00704 -0.14026
v 0.12856 0.00652 -0.13615
v 0.12872 0.00916 -0.13937
v 0.12928 0.01097 -0.14275
v 0.12953 0.01148 -0.14033
v 0.12890 0.01157 -0.13917
v 0.12944 0.01387 -0.14272
v 0.12903 0.01395 -0.13903
v 0.12948 0.01630 -0.14272
v 0.12905 0.01630 -0.13893
v 0.12880 0.01630 -0.13442
v 0.12944 0.01859 -0.14272
v 0.12903 0.01865 -0.13903
v 0.12958 0.02039 -0.14267
v 0.12953 0.02112 -0.14033
v 0.12890 0.02103 -0.13917
v 0.12927 0.02165 -0.14275
v 0.12940 0.02294 -0.14270
v 0.12872 0.02344 -0.13937
v 0.12888 0.02569 -0.14281
v 0.12938 0.02601 -0.14238
v 0.12950 0.02623 -0.14140
v 0.12896 0.02556 -0.14024
v 0.12944 0.02605 -0.13743
v 0.12851 0.02641 -0.14287
v 0.12893 0.02710 -0.14209
v 0.12898 0.02700 -0.14145
v 0.12902 0.02716 -0.13742
v 0.12845 0.02818 -0.13771
v 0.12884 0.02978 -0.14193
v 0.12955 0.02941 -0.14159
v 0.12897 0.03029 -0.14482
v 0.13027 0.00256 -0.14462
v 0.13029 0.00291 -0.14343
v 0.13047 0.00404 -0.14114
v 0.12971 0.00686 -0.14193
v 0.12968 0.00704 -0.14139
v 0.13023 0.00659 -0.13859
v 0.13071 0.00809 -0.13902
v 0.12969 0.00825 -0.13736
v 0.12985 0.00923 -0.14129
v 0.12998 0.01167 -0.14218
v 0.12998 0.01093 -0.13717
v 0.13010 0.01238 -0.14130
v 0.13010 0.01227 -0.13709
v 0.13020 0.01362 -0.13703
v 0.13022 0.01512 -0.14130
v 0.13012 0.01615 -0.14219
v 0.13026 0.01630 -0.14138
v 0.13016 0.01630 -0.13678
v 0.13017 0.01896 -0.14130
v 0.13020 0.01898 -0.13703
v 0.13010 0.02033 -0.13709
v 0.13003 0.02042 -0.14213
v 0.12999 0.02178 -0.14129
v 0.12998 0.02167 -0.13717
v 0.12985 0.02298 -0.14216
v 0.13071 0.02451 -0.13902
v 0.12969 0.02435 -0.13736
v 0.12974 0.02555 -0.14199
v 0.12969 0.02556 -0.14142
v 0.13072 0.02826 -0.14102
v 0.13068 0.02989 -0.14455
v 0.13002 0.02904 -0.14136
v 0.13003 0.03012 -0.14466
v 0.13152 0.00320 -0.14442
v 0.13130 0.00369 -0.14296
v 0.13184 0.00438 -0.14271
v 0.13128 0.00549 -0.14075
v 0.13169 0.00674 -0.14085
v 0.13171 0.00794 -0.14070
v 0.13188 0.01072 -0.14059
v 0.13095 0.01083 -0.13887
v 0.13195 0.01212 -0.14054
v 0.13141 0.01630 -0.13917
v 0.13195 0.02048 -0.14054
v 0.13188 0.02188 -0.14059
v 0.13095 0.02177 -0.13887
v 0.13171 0.02466 -0.14070
v 0.13083 0.02596 -0.13951
v 0.13129 0.02708 -0.14074
v 0.13184 0.02822 -0.14271
v 0.13150 0.02944 -0.14442
v 0.13130 0.02891 -0.14296
v 0.13270 0.00435 -0.14423
v 0.13224 0.00517 -0.14251
v 0.13290 0.00695 -0.14284
v 0.13250 0.00603 -0.14239
v 0.13268 0.00778 -0.14238
v 0.13277 0.01062 -0.14233
v 0.13201 0.01351 -0.14051
v 0.13257 0.01630 -0.14160
v 0.13219 0.01630 -0.14077
v 0.13201 0.01909 -0.14051
v 0.13277 0.02198 -0.14233
v 0.13268 0.02482 -0.14238
v 0.13222 0.02578 -0.14170
v 0.13235 0.02707 -0.14246
v 0.13279 0.02813 -0.14422
v 0.13211 0.02895 -0.14432
v 0.13328 0.00536 -0.14414
v 0.13357 0.00664 -0.14409
v 0.13355 0.00711 -0.14396
v 0.13362 0.00763 -0.14408
v 0.13362 0.01052 -0.14408
v 0.13362 0.01196 -0.14408
v 0.13362 0.01341 -0.14408
v 0.13362 0.01630 -0.14408
v 0.13362 0.01919 -0.14408
v 0.13362 0.02064 -0.14408
v 0.13362 0.02208 -0.14408
v 0.13362 0.02497 -0.14408
v 0.13359 0.02581 -0.14409
v 0.13335 0.02554 -0.14361
v 0.13338 0.02695 -0.14412
vn 0.0420 -0.9877 0.1505
vn 0.0120 -0.8460 0.5331
vn -0.1009 -0.6107 0.7854
vn -0.0883 -0.6101 0.7874
vn -0.0895 -0.6250 0.7755
vn 0.0075 -0.9729 0.2313
vn 0.0047 -0.9769 0.2136
vn -0.0288 -0.9473 0.3191
vn -0.1205 -0.6262 0.7703
vn -0.0629 -0.7906 0.6091
vn -0.1478 -0.2209 0.9640
vn 0.2594 -0.8838 0.3893
vn -0.1730 -0.6987 0.6941
vn 0.3847 -0.4171 0.8234
vn 0.4033 -0.4411 0.8017
vn -0.3165 -0.3208 -0.8927
vn -0.9694 0.2448 0.0187
vn -0.0595 -0.9817 -0.1810
vn -0.0342 -0.9847 -0.1709
vn -0.0402 -0.9823 -0.1828
vn -0.0336 -0.9753 -0.2183
vn -0.0350 -0.9700 -0.2405
vn -0.0659 -0.9833 -0.1697
vn -0.0198 -0.9816 -0.1898
vn -0.1161 -0.9917 0.0546
vn -0.0275 -0.9774 -0.2094
vn -0.0276 -0.9777 -0.2081
vn 0.0042 -0.9765 -0.2153
vn 0.0040 -0.9765 -0.2154
vn -0.0282 -0.9450 -0.3260
vn 0.8019 -0.3788 -0.4620
vn 0.7969 -0.3841 -0.4663
vn 0.8039 -0.4392 0.4010
vn 0.2799 -0.3238 0.9038
vn 0.2499 -0.2921 0.9231
vn 0.3707 -0.7970 0.4767
vn 0.2345 -0.9263 0.2950
vn 0.9125 -0.3400 0.2276
vn -0.1103 -0.2230 -0.9686
vn -0.1395 -0.2715 -0.9523
vn -0.8736 -0.4727 0.1154
vn -0.5090 -0.6054 -0.6119
vn -0.3048 -0.9458 0.1119
vn -0.5427 -0.6651 0.5129
vn -0.5842 -0.6972 0.4154
vn 0.0165 -0.9890 -0.1467
vn 0.1112 -0.9871 -0.1152
vn 0.1226 -0.9888 -0.0846
vn 0.2104 -0.9510 -0.2267
vn 0.1133 -0.9857 -0.1247
vn 0.1137 -0.9856 -0.1253
vn 0.1429 -0.9802 -0.1374
vn 0.2455 -0.5791 -0.7774
vn 0.4614 -0.5997 -0.6538
vn 0.8025 -0.3285 -0.4981
vn 0.0493 -0.9954 -0.0826
vn 0.1019 -0.9848 -0.1407
vn 0.0987 -0.9872 -0.1254
vn 0.1628 -0.9647 -0.2070
vn 0.0692 -0.9934 -0.0912
vn 0.2693 -0.9512 -0.1506
vn 0.0442 -0.9703 -0.2380
vn 0.0711 -0.9930 -0.0940
vn 0.0436 -0.9952 -0.0875
vn 0.0471 -0.9957 -0.0793
vn 0.0119 -0.9974 -0.0709
vn 0.0022 -0.9949 -0.1006
vn -0.0055 -0.9935 -0.1140
vn -0.0221 -0.9962 -0.0837
vn 0.0149 -0.9960 -0.0880
vn -0.0147 -0.9918 -0.1271
vn -0.0312 -0.9938 -0.1067
vn -0.0280 -0.9927 -0.1175
vn -0.0108 -0.9966 -0.0820
vn -0.0090 -0.9974 -0.0715
vn 0.0079 -0.9988 -0.0481
vn 0.0146 -0.9997 -0.0175
vn 0.0291 -0.9995 -0.0106
vn 0.0021 -0.9969 -0.0792
vn 0.0634 -0.9964 -0.0557
vn 0.0481 -0.9937 -0.1012
vn 0.0810 -0.9922 -0.0948
vn 0.0892 -0.9882 -0.1242
vn -0.1474 -0.9710 -0.1880
vn -0.2127 -0.9590 -0.1875
vn -0.4368 -0.8058 -0.4000
vn -0.3280 -0.8582 -0.3949
vn -0.2578 -0.8988 -0.3545
vn -0.7970 -0.3002 -0.5242
vn -0.7881 -0.1499 -0.5970
vn -0.8038 -0.2706 -0.5299
vn -0.8299 -0.2202 -0.5127
vn -0.6005 -0.5443 -0.5858
vn -0.6793 -0.5603 -0.4738
vn -0.7196 -0.5086 -0.4728
vn -0.5100 -0.8155 -0.2736
vn -0.3979 -0.8724 -0.2838
vn -0.0672 -0.9974 0.0278
vn -0.1024 -0.9935 0.0498
vn -0.1023 -0.9906 0.0906
vn -0.1570 -0.8114 0.5630
vn -0.0799 -0.9233 0.3757
vn -0.1352 -0.8129 0.5664
vn -0.1537 -0.4212 0.8938
vn -0.1650 -0.3607 0.9180
vn -0.1986 -0.6717 0.7137
vn -0.1694 -0.3604 0.9173
vn -0.8067 -0.5899 0.0362
vn -0.2995 -0.6587 0.6902
vn -0.5015 -0.4214 0.7556
vn -0.4037 -0.9121 0.0719
vn -0.3690 -0.9293 0.0133
vn -0.8502 -0.5042 0.1513
vn -0.7432 -0.3244 -0.5852
vn -0.7501 -0.2551 -0.6102
vn -0.2728 -0.9036 -0.3302
vn -0.5399 -0.6168 -0.5727
vn -0.3465 -0.8368 -0.4239
vn -0.4207 -0.7785 -0.4658
vn -0.2629 -0.9004 -0.3467
vn -0.6042 -0.6029 -0.5210
vn -0.5538 -0.6805 -0.4799
vn -0.6712 -0.5092 -0.5387
vn -0.6970 -0.3697 -0.6144
vn -0.7038 -0.3765 -0.6025
vn -0.5464 -0.6791 -0.4901
vn -0.3555 -0.8573 -0.3725
vn -0.3611 -0.0103 -0.9325
vn -0.3398 -0.0095 -0.9404
vn -0.2973 -0.0156 -0.9546
vn -0.3550 -0.0484 -0.9336
vn -0.3670 -0.0554 -0.9286
vn -0.2973 -0.0396 -0.9540
vn -0.9438 -0.0398 0.3280
vn 0.3897 -0.5114 -0.7659
vn 0.0506 -0.8744 -0.4825
vn 0.0929 -0.9621 -0.2565
vn 0.2921 -0.2296 -0.9284
vn 0.2194 -0.3833 -0.8972
vn 0.1835 -0.3815 -0.9060
vn 0.1549 -0.4336 -0.8877
vn 0.8631 0.0069 -0.5050
vn 0.8604 0.0063 -0.5096
vn 0.4295 0.0046 0.9031
vn 0.4233 0.0052 0.9060
vn 0.1379 -0.9746 -0.1763
vn 0.0765 -0.9871 -0.1405
vn 0.5039 -0.8541 -0.1294
vn 0.6461 -0.7632 0.0018
vn 0.8839 -0.4663 0.0348
vn 0.1806 -0.9722 -0.1493
vn 0.2452 -0.9601 -0.1348
vn 0.6557 -0.7544 0.0303
vn 0.6393 -0.7685 0.0258
vn 0.9299 -0.3131 0.1931
vn 0.9612 -0.1707 0.2168
vn 0.2416 -0.9652 -0.0996
vn 0.6794 -0.7309 0.0653
vn 0.6482 -0.7594 0.0567
vn 0.8727 -0.4471 0.1963
vn 0.9090 -0.3370 0.2452
vn 0.9883 -0.1418 -0.0557
vn 0.9428 -0.3227 -0.0834
vn 0.9413 -0.3268 -0.0848
vn 0.7861 -0.6088 -0.1069
vn 0.4728 -0.8684 -0.1498
vn 0.6553 -0.7348 -0.1751
vn 0.4090 -0.8863 -0.2171
vn 0.3080 -0.9360 -0.1703
vn 0.9983 -0.0108 0.0574
vn 0.8643 0.0120 -0.5028
vn 0.8534 0.0154 -0.5210
vn 0.4517 -0.0045 -0.8921
vn 0.8636 -0.0390 -0.5027
vn 0.8322 -0.0285 -0.5537
vn 0.8391 -0.1906 -0.5095
vn 0.7873 -0.2316 -0.5715
vn 0.4461 -0.5753 -0.6856
vn 0.6115 -0.7102 -0.3488
vn 0.4579 -0.1805 -0.8705
vn 0.1763 -0.5039 -0.8456
vn 0.0015 -0.9748 -0.2230
vn 0.1557 -0.2851 -0.9458
vn -0.0195 -0.9472 -0.3200
vn -0.0178 -0.9300 -0.3671
vn 0.0660 -0.7173 -0.6936
vn 0.0884 -0.5289 -0.8441
vn 0.1350 -0.2853 -0.9489
vn 0.0270 -0.9446 -0.3271
vn 0.0613 -0.8563 -0.5129
vn 0.0736 -0.7177 -0.6924
vn 0.1253 -0.4760 -0.8705
vn 0.1382 -0.2378 -0.9614
vn 0.1405 -0.2677 -0.9532
vn 0.0765 -0.9260 -0.3698
vn 0.1255 -0.7076 -0.6954
vn 0.1364 -0.8553 -0.4998
vn 0.1502 -0.4762 -0.8664
vn 0.1636 -0.1960 -0.9669
vn 0.1534 -0.1430 -0.9778
vn 0.1548 -0.8124 -0.5622
vn 0.1526 -0.7072 -0.6903
vn 0.1914 -0.4551 -0.8696
vn 0.1792 -0.7808 -0.5985
vn 0.1971 -0.6295 -0.7516
vn 0.1857 -0.5126 -0.8383
vn -0.3116 -0.3116 -0.8977
vn -0.1638 -0.5087 -0.8452
vn -0.0017 -0.4635 -0.8861
vn -0.4107 -0.0161 -0.9116
vn -0.3933 -0.0222 -0.9191
vn 0.0651 -0.0009 -0.9979
vn 0.0828 -0.0020 -0.9966
vn -0.3980 -0.0531 -0.9159
vn -0.3897 -0.0503 -0.9196
vn 0.0350 -0.0138 -0.9993
vn 0.0855 -0.0058 -0.9963
vn -0.5186 -0.1161 -0.8471
vn -0.3987 -0.0896 -0.9127
vn -0.1960 -0.0784 -0.9775
vn 0.3298 -0.9406 -0.0807
vn 0.4163 -0.9071 -0.0613
vn 0.4182 -0.9050 -0.0775
vn 0.3883 -0.9163 -0.0982
vn 0.4639 -0.8825 -0.0770
vn 0.8143 -0.5798 -0.0267
vn 0.8672 -0.4980 0.0033
vn 0.9954 -0.0903 0.0329
vn 0.9874 -0.1517 0.0444
vn 0.9881 -0.1393 0.0646
vn 0.9863 -0.1529 0.0611
vn 0.4792 -0.8760 -0.0548
vn 0.8873 -0.4575 0.0581
vn 0.8113 -0.5844 0.0155
vn 0.0987 -0.9620 0.2546
vn -0.0263 -0.8061 0.5912
vn 0.1059 -0.8638 0.4926
vn -0.0631 -0.5944 0.8017
vn -0.0720 -0.2666 0.9611
vn -0.0171 -0.5876 0.8090
vn -0.1169 -0.3296 0.9369
vn -0.2647 0.0000 0.9643
vn -0.9993 -0.0188 -0.0337
vn -0.9915 -0.0088 0.1294
vn -0.7076 -0.0134 0.7064
vn -0.6358 -0.0208 0.7716
vn -0.9669 -0.0204 0.2544
vn 0.1888 -0.9739 -0.1256
vn -0.6348 -0.7037 -0.3190
vn -0.6068 -0.7314 -0.3112
vn -0.9271 -0.2378 -0.2897
vn -0.9540 0.0027 -0.2997
vn -0.8420 -0.4095 -0.3511
vn -0.6101 -0.7335 -0.2998
vn -0.3061 -0.9154 -0.2613
vn 0.0014 -0.9959 -0.0900
vn 0.1606 -0.3519 -0.9222
vn 0.2779 -0.6639 -0.6943
vn 0.3594 -0.5614 -0.7454
vn 0.2783 -0.1773 -0.9440
vn 0.4349 -0.0011 -0.9005
vn 0.4452 -0.0001 -0.8954
vn 0.8593 -0.0019 -0.5115
vn 0.8533 0.0003 -0.5214
vn 0.8433 -0.0113 -0.5374
vn 0.8532 -0.0149 -0.5214
vn 0.4193 -0.0041 -0.9078
vn 0.4348 -0.0059 -0.9005
vn -0.1196 -0.0278 -0.9924
vn -0.3517 0.0019 -0.9361
vn 0.5219 -0.5219 0.6747
vn 0.9984 -0.0210 0.0534
vn 0.5585 -0.3901 0.7321
vn 0.1204 -0.2447 0.9621
vn 0.7134 -0.1024 0.6932
vn 0.7096 -0.2865 0.6437
vn 0.2567 -0.3537 0.8995
vn 0.3443 -0.7877 0.5109
vn 0.2497 -0.8844 0.3943
vn 0.9737 -0.1781 0.1419
vn 0.0891 -0.8141 0.5738
vn -0.0853 -0.9125 0.4001
vn -0.0739 -0.9205 0.3836
vn -0.0862 -0.7910 0.6057
vn -0.2110 -0.2209 0.9522
vn -0.1373 -0.4923 0.8595
vn -0.0761 -0.9272 0.3667
vn -0.1675 -0.5690 0.8051
vn -0.1359 -0.7637 0.6311
vn -0.1447 -0.4922 0.8584
vn -0.5016 -0.8613 -0.0812
vn -0.8323 -0.5543 -0.0070
vn -0.8836 -0.4238 0.1990
vn -0.4983 -0.8469 0.1857
vn -0.9447 -0.2777 0.1743
vn -0.7550 -0.6524 -0.0652
vn -0.0616 -0.7792 0.6237
vn -0.5527 -0.2186 0.8042
vn -0.5844 -0.4297 0.6884
vn -0.4562 -0.5345 0.7115
vn -0.4813 0.4443 0.7556
vn -0.8866 -0.0757 -0.4562
vn -0.8925 -0.0156 -0.4508
vn -0.8964 -0.0260 -0.4425
vn -0.8677 -0.1015 -0.4866
vn -0.8476 -0.0856 -0.5237
vn -0.7777 -0.2233 -0.5877
vn -0.8849 -0.0543 -0.4626
vn -0.8756 -0.0431 -0.4812
vn -0.8697 -0.1018 -0.4829
vn -0.8558 -0.1074 -0.5061
vn -0.8452 -0.1152 -0.5219
vn -0.8467 -0.1080 -0.5209
vn -0.8464 -0.1070 -0.5217
vn -0.8502 -0.0775 -0.5208
vn -0.8442 -0.0639 -0.5322
vn -0.8502 -0.0294 -0.5256
vn -0.8538 -0.0387 -0.5191
vn -0.7626 -0.0723 0.6428
vn -0.6179 -0.0858 0.7816
vn -0.9943 -0.0357 0.1000
vn -0.9848 -0.0220 0.1721
vn -0.7661 -0.0236 0.6422
vn -0.6378 -0.0090 0.7701
vn -0.5678 0.0219 0.8228
vn -0.2658 -0.0061 0.9640
vn -0.9954 -0.0776 0.0559
vn -0.9952 -0.0350 -0.0915
vn -0.7711 -0.0744 0.6324
vn -0.9966 -0.0627 0.0532
vn -0.9953 -0.0704 0.0658
vn -0.7648 -0.0474 0.6425
vn -0.7648 -0.0474 0.6425
vn -0.2762 -0.0088 0.9611
vn -0.2607 -0.0105 0.9654
vn -0.1548 -0.0008 0.9879
vn -0.4907 -0.3134 0.8130
vn -0.1568 -0.0000 0.9876
vn -0.1730 0.1031 0.9795
vn -0.1568 -0.0000 0.9876
vn -0.1568 -0.0000 0.9876
vn -0.1656 -0.0104 0.9861
vn -0.1743 -0.0488 0.9835
vn -0.4944 -0.0381 0.8684
vn -0.9476 -0.2362 -0.2150
vn -0.9630 -0.2316 0.1378
vn -0.9386 -0.1934 0.2856
vn -0.9466 -0.0455 -0.3192
vn -0.9493 -0.0882 0.3017
vn -0.8968 -0.0309 0.4414
vn -0.5233 -0.0191 0.8519
vn -0.7265 -0.1542 0.6696
vn -0.5061 -0.0698 0.8597
vn -0.9537 -0.1430 -0.2646
vn -0.9467 -0.1320 0.2938
vn -0.9503 -0.1283 0.2835
vn -0.5156 -0.0579 0.8549
vn -0.5047 -0.0604 0.8612
vn -0.8260 -0.0625 -0.5602
vn -0.8096 -0.2370 -0.5371
vn -0.7925 -0.1999 -0.5761
vn -0.7664 -0.2140 -0.6056
vn -0.7797 -0.1869 -0.5976
vn -0.7475 -0.2001 -0.6334
vn -0.7762 -0.1380 -0.6151
vn -0.7358 -0.1454 -0.6614
vn -0.7727 -0.0557 -0.6323
vn -0.7167 -0.0375 -0.6964
vn -0.7901 -0.0561 -0.6104
vn -0.8063 -0.1797 -0.5635
vn -0.7734 -0.1796 -0.6080
vn -0.7710 -0.1654 -0.6150
vn -0.7538 -0.1649 -0.6361
vn -0.7451 -0.1211 -0.6559
vn -0.7389 -0.1208 -0.6629
vn -0.7164 -0.0406 -0.6965
vn -0.8011 -0.1994 -0.5643
vn -0.8041 -0.1315 -0.5798
vn -0.7760 -0.1314 -0.6169
vn -0.7738 -0.1209 -0.6218
vn -0.7452 -0.1203 -0.6559
vn -0.7375 -0.0881 -0.6696
vn -0.6964 -0.0864 -0.7124
vn -0.6926 -0.0112 -0.7213
vn -0.6989 -0.0301 -0.7146
vn -0.7371 -0.0317 -0.6750
vn -0.7401 -0.0419 -0.6712
vn -0.7788 -0.0430 -0.6259
vn -0.7797 -0.0463 -0.6245
vn -0.8174 -0.0463 -0.5742
vn -0.8249 -0.0754 -0.5602
vn 0.2578 0.0080 -0.9662
vn 0.2109 -0.0142 -0.9774
vn 0.2564 0.0093 -0.9665
vn 0.3065 -0.0018 -0.9519
vn 0.9512 -0.0014 0.3086
vn 0.9675 -0.0051 0.2527
vn 0.9611 0.0115 0.2761
vn 0.9484 -0.0252 0.3160
vn 0.9761 0.0401 0.2135
vn 0.9987 -0.0106 -0.0499
vn 0.9995 -0.0029 -0.0326
vn 0.9771 0.0096 -0.2124
vn 0.9537 0.0044 0.3006
vn 0.6138 -0.0158 0.7893
vn 0.5383 0.0001 0.8427
vn 0.9984 -0.0173 0.0536
vn 0.9864 -0.0046 0.1642
vn 0.9864 -0.0060 0.1642
vn 0.6139 -0.0044 0.7894
vn 0.6081 -0.0058 0.7939
vn 0.1568 0.0000 -0.9876
vn 0.1788 -0.0190 -0.9837
vn 0.1602 -0.0755 -0.9842
vn 0.1561 0.0148 -0.9876
vn 0.1555 0.0000 -0.9878
vn 0.1616 -0.0191 -0.9867
vn 0.1568 -0.0000 -0.9876
vn 0.1641 0.0214 -0.9862
vn 0.1684 0.0000 -0.9857
vn 0.1553 0.0184 -0.9877
vn 0.1161 0.0324 -0.9927
vn 0.1661 -0.0049 -0.9861
vn 0.2626 0.0982 -0.9599
vn 0.1569 0.0000 -0.9876
vn 0.1568 0.0000 -0.9876
vn 0.1569 -0.0000 -0.9876
vn 0.1238 0.0443 -0.9913
vn 0.1657 0.3414 -0.9252
vn 0.2376 0.5010 -0.8322
vn 0.1947 0.0761 -0.9779
vn 0.9979 -0.0085 0.0646
vn 0.9985 -0.0078 0.0538
vn 0.9976 -0.0078 0.0695
vn 0.9979 -0.0064 0.0644
vn 0.9976 -0.0039 0.0691
vn 0.9989 -0.0094 0.0458
vn 0.9993 -0.0168 0.0347
vn 0.6611 -0.0045 -0.7503
vn 0.8251 -0.0079 0.5650
vn 0.5055 -0.1143 0.8552
vn 0.8607 -0.0140 0.5089
vn 0.8206 -0.0060 0.5715
vn 0.2328 -0.0150 0.9724
vn -0.0981 -0.0049 0.9952
vn -0.0562 0.0507 0.9971
vn -0.1303 0.0000 0.9915
vn -0.1750 -0.0092 0.9845
vn -0.9585 -0.0082 -0.2851
vn -0.9544 0.0133 -0.2981
vn -0.9723 -0.0177 -0.2331
vn 0.2797 0.0007 -0.9601
vn 0.2706 0.0001 -0.9627
vn 0.2638 -0.0042 -0.9646
vn -0.1569 0.0000 0.9876
vn -0.1126 0.0016 0.9936
vn -0.1148 0.0000 0.9934
vn -0.1148 0.0006 0.9934
vn -0.1284 -0.0094 0.9917
vn -0.1889 -0.0957 0.9773
vn -0.4951 -0.2415 0.8346
vn -0.1284 -0.0282 0.9913
vn -0.1602 -0.0106 0.9870
vn -0.1568 -0.0000 0.9876
vn -0.1568 -0.0000 0.9876
vn -0.1529 -0.0127 0.9882
vn -0.1329 -0.0207 0.9909
vn -0.1345 -0.0219 0.9907
vn -0.0750 0.0005 0.9972
vn -0.0160 0.0947 0.9954
vn -0.1569 0.0000 0.9876
vn -0.1568 -0.0000 0.9876
vn -0.1568 -0.0000 0.9876
vn -0.1569 0.0000 0.9876
vn -0.1610 -0.0097 0.9869
vn -0.1568 -0.0000 0.9876
vn -0.1568 -0.0000 0.9876
vn -0.1500 -0.0245 0.9884
vn -0.1600 -0.0124 0.9870
vn -0.9532 0.0328 -0.3005
vn -0.9122 0.0000 -0.4096
vn -0.3271 -0.0000 -0.9450
vn -0.5424 0.0550 -0.8383
vn 0.0194 0.0410 -0.9990
vn 0.0749 0.0250 -0.9969
vn 0.6818 0.0405 -0.7304
vn 0.7560 0.0000 -0.6546
vn 0.9987 0.0000 -0.0518
vn 0.9987 0.0000 -0.0518
vn 0.6177 0.0000 0.7864
vn 0.8666 0.0937 0.4901
vn 0.8456 0.0930 0.5257
vn 0.5432 0.0000 0.8396
vn 0.0910 0.0000 0.9959
vn 0.0910 0.0000 0.9959
vn -0.7459 0.0000 0.6661
vn -0.3798 0.0974 0.9199
vn -0.3155 0.0965 0.9440
vn -0.7480 0.0000 0.6637
vn -0.9972 0.0000 0.0749
vn -0.9839 0.0271 0.1768
vn -0.6613 -0.0032 -0.7501
vn -0.6688 0.0000 -0.7434
vn -0.0910 -0.0000 -0.9959
vn -0.0910 0.0000 -0.9959
vn 0.7459 0.0000 -0.6661
vn 0.3798 0.0974 -0.9199
vn 0.3154 0.0965 -0.9440
vn 0.7480 0.0000 -0.6637
vn 0.9820 0.0000 -0.1891
vn 0.9842 -0.0034 -0.1769
vn 0.7706 0.0061 0.6373
vn 0.8307 0.0470 0.5547
vn 0.0811 0.0167 0.9966
vn 0.0738 0.0141 0.9972
vn -0.7684 0.0474 0.6382
vn -0.7548 0.0552 0.6536
vn -0.9991 0.0414 -0.0128
vn -0.9926 0.0038 -0.1210
vn 0.9629 -0.0061 0.2698
vn 0.9627 -0.0082 0.2704
vn -0.1192 -0.9928 -0.0151
vn -0.0092 -0.9996 -0.0279
vn 0.0029 -1.0000 0.0049
vn -0.0170 -0.9996 0.0215
vn 0.0555 -0.9981 -0.0260
vn -0.0448 -0.9988 0.0210
vn -0.1243 -0.9921 -0.0163
vn 0.1243 -0.9921 0.0163
vn 0.1192 -0.9928 0.0151
vn -0.0180 -0.9997 0.0149
vn 0.0012 -0.9999 -0.0146
vn 0.0041 -1.0000 -0.0060
vn -0.0017 -1.0000 0.0009
vn -0.0000 -1.0000 0.0000
vn 0.0000 -1.0000 0.0000
vn 0.0097 -1.0000 0.0018
vn 0.2000 -0.9797 -0.0123
vn -0.0082 -1.0000 -0.0029
vn 0.6110 0.2799 0.7405
vn 0.0085 -1.0000 -0.0004
vn -0.1749 -0.9843 -0.0221
vn -0.0004 -1.0000 -0.0047
vn 0.0183 -0.9998 -0.0008
vn 0.0000 -1.0000 -0.0000
vn 0.0000 -1.0000 0.0000
vn 0.0392 -0.9981 0.0467
vn -0.9627 0.0000 -0.2704
vn -0.9627 0.0000 -0.2704
vn -0.0000 -1.0000 0.0000
vn 0.0000 -1.0000 0.0000
vn 0.0000 -1.0000 0.0000
vn 0.0000 -1.0000 0.0000
vn 0.0099 -0.9980 -0.0624
vn -0.6101 -0.5363 0.5832
vn 0.0000 -1.0000 0.0000
vn 0.0000 -1.0000 0.0000
vn 0.0000 -1.0000 0.0000
vn 0.0567 -0.9981 0.0240
vn 0.0174 -0.9829 0.1832
vn 0.0000 -1.0000 0.0000
vn 0.0000 -1.0000 -0.0000
vn 0.0000 -1.0000 -0.0000
vn 0.0000 -1.0000 0.0000
vn 0.0000 -1.0000 0.0000
vn 0.0000 -1.0000 0.0000
vn 0.0000 -1.0000 0.0000
vn 0.0000 -1.0000 0.0000
vn 0.0000 -1.0000 0.0000
vn 0.0000 -1.0000 0.0000
vn 0.0000 -1.0000 0.0000
vn 0.0000 -1.0000 -0.0000
vn -0.0000 -1.0000 0.0000
vn 0.0000 -1.0000 -0.0000
vn 0.0000 -1.0000 0.0000
vn 0.0000 -1.0000 -0.0000
vn -0.0000 -1.0000 0.0000
vn 0.0000 -1.0000 -0.0000
vn 0.0000 -1.0000 0.0000
vn 0.0000 -1.0000 0.0000
vn 0.0000 -1.0000 0.0000
vn -0.0000 -1.0000 -0.0000
vn 0.0062 -0.9999 0.0127
vn 0.0114 -0.9999 0.0073
vn 0.0105 -0.9984 -0.0558
vn 0.0000 -1.0000 0.0000
vn 0.0000 -1.0000 0.0000
vn 0.0000 -1.0000 0.0000
vn 0.0000 -1.0000 0.0000
vn 0.8830 0.0838 0.4618
vn 0.7819 0.1614 0.6022
vn 0.7751 0.1680 0.6091
vn 0.7697 0.1679 0.6159
vn 0.8197 0.1694 0.5471
vn 0.7961 0.1867 0.5757
vn 0.7979 0.1920 0.5713
vn 0.7817 0.2076 0.5881
vn 0.7785 0.1984 0.5954
vn 0.7559 0.2161 0.6181
vn 0.8858 0.0298 0.4630
vn 0.8276 0.0479 0.5593
vn 0.8851 0.0315 0.4644
vn 0.8212 0.0631 0.5671
vn 0.8389 0.0431 0.5426
vn 0.8500 0.0431 0.5251
vn 0.8769 0.0591 0.4770
vn 0.8612 0.1048 0.4973
vn 0.8436 0.1050 0.5267
vn 0.8420 0.0842 0.5329
vn 0.8862 0.0339 0.4620
vn 0.9014 0.0166 0.4327
vn 0.9086 0.0185 0.4173
vn 0.8785 0.0652 0.4733
vn 0.8797 0.0473 0.4732
vn 0.9104 0.0469 0.4111
vn 0.9115 0.0216 0.4108
vn 0.9209 0.0000 0.3897
vn 0.7997 0.1034 0.5914
vn 0.7471 -0.0784 0.6601
vn 0.7364 0.0984 0.6694
vn 0.7266 0.0000 0.6871
vn 0.7124 0.0886 0.6961
vn 0.7349 0.0888 0.6723
vn 0.7357 0.0984 0.6701
vn 0.8757 0.0729 0.4773
vn 0.8508 0.1034 0.5152
vn 0.8614 0.1034 0.4973
vn 0.8391 0.1294 0.5284
vn 0.8404 0.1294 0.5262
vn 0.8201 0.1673 0.5472
vn 0.8096 0.1673 0.5627
vn 0.7993 0.1854 0.5716
vn 0.7797 0.1853 0.5981
vn 0.7820 0.1814 0.5963
vn 0.7522 0.1812 0.6335
vn 0.7684 0.1524 0.6215
vn 0.7488 0.1523 0.6451
vn 0.7543 0.1167 0.6460
vn 0.7763 0.1035 0.6218
vn 0.6823 0.0000 0.7311
vn 0.6630 0.0454 0.7472
vn 0.6858 0.0238 0.7274
vn 0.7007 0.0238 0.7131
vn 0.7214 0.0394 0.6914
vn 0.7210 0.0400 0.6918
vn 0.7491 0.0382 0.6614
vn 0.7585 0.0556 0.6493
vn 0.7715 0.0447 0.6346
vn 0.7944 0.0512 0.6053
vn 0.7935 0.0531 0.6063
vn 0.8100 0.0479 0.5845
vn 0.9008 -0.0000 0.4342
vn 0.9008 0.0000 0.4342
vn 0.8730 0.0385 0.4862
vn 0.8748 0.0070 0.4844
vn 0.8623 0.0514 0.5037
vn 0.9049 -0.0000 0.4256
vn 0.9046 0.0130 0.4260
vn 0.8876 0.0590 0.4568
vn 0.8890 0.0384 0.4562
vn 0.8623 0.0730 0.5011
vn 0.8640 0.0545 0.5005
vn 0.8546 0.0715 0.5144
vn 0.8441 0.1071 0.5254
vn 0.8421 0.1082 0.5283
vn 0.8263 0.1420 0.5451
vn 0.8138 0.1409 0.5639
vn 0.7094 0.0000 0.7048
vn 0.6794 0.0678 0.7306
vn 0.7369 0.0683 0.6726
vn 0.7161 0.1110 0.6891
vn 0.7625 0.1116 0.6373
vn 0.7516 0.1329 0.6460
vn 0.7881 0.1332 0.6009
vn 0.7867 0.1360 0.6022
vn 0.8145 0.1361 0.5640
vn 0.8212 0.1227 0.5573
vn 0.8515 0.1225 0.5099
vn 0.8579 0.0490 0.5115
vn 0.8649 0.0350 0.5008
vn -0.9975 0.0004 0.0712
vn -0.9967 0.0044 0.0813
vn -0.9992 0.0038 0.0408
vn -0.9987 0.0081 0.0509
vn -0.9999 0.0060 0.0103
vn -0.9998 0.0099 0.0185
vn -0.9999 0.0083 -0.0113
vn -0.9999 0.0076 -0.0144
vn -0.9994 0.0107 -0.0329
vn -0.9989 0.0070 -0.0459
vn -0.9982 0.0089 -0.0592
vn -0.9963 0.0040 -0.0854
vn -0.9970 0.0095 -0.0768
vn -0.9943 0.0022 -0.1067
vn -0.9937 0.0029 -0.1116
vn -0.9773 -0.0150 -0.2113
vn 0.0000 -1.0000 0.0000
vn -0.0000 -1.0000 0.0000
vn 0.0000 -1.0000 -0.0000
vn 0.0000 -1.0000 -0.0000
vn 0.0000 -1.0000 0.0000
vn 0.0000 -1.0000 0.0000
vn 0.0000 -1.0000 -0.0000
vn 0.0000 -1.0000 0.0000
vn -0.0000 -1.0000 0.0000
vn 0.0000 -1.0000 0.0000
vn 0.0000 -1.0000 0.0000
vn 0.0000 -1.0000 0.0000
vn 0.0000 -1.0000 0.0000
vn 0.0000 -1.0000 0.0000
vn 0.0000 -1.0000 0.0000
vn -0.0000 -1.0000 0.0000
vn 0.0000 -1.0000 -0.0000
vn -0.0000 -1.0000 0.0000
vn 0.0000 -1.0000 0.0000
vn 0.0000 -1.0000 0.0000
vn -0.0000 -1.0000 0.0000
vn -0.0000 -1.0000 0.0000
vn 0.0000 -1.0000 0.0000
vn 0.0000 -1.0000 0.0000
vn -0.0000 -1.0000 -0.0000
vn 0.0000 -1.0000 0.0000
vn -0.0000 -1.0000 0.0000
vn 0.0000 -1.0000 -0.0000
vn 0.0000 -1.0000 0.0000
vn -0.0000 -1.0000 0.0000
vn 0.9876 -0.0000 0.1568
vn 0.9876 -0.0000 0.1568
vn 0.9354 -0.3207 0.1486
vn 0.9373 -0.3099 0.1593
vn 0.6968 -0.7105 0.0980
vn 0.7082 -0.6970 0.1125
vn 0.2996 -0.9529 0.0476
vn 0.2963 -0.9541 0.0444
vn 0.0009 -1.0000 0.0001
vn 0.0009 -1.0000 0.0014
vn -0.1735 -0.9845 -0.0275
vn -0.2885 -0.9505 -0.1158
vn -0.4990 -0.8630 -0.0793
vn -0.7389 -0.6472 -0.1874
vn -0.6822 -0.7231 -0.1083
vn -0.9411 -0.3034 -0.1495
vn -0.9412 -0.3028 -0.1499
vn -0.9876 -0.0053 -0.1568
vn -0.9876 -0.0054 -0.1567
vn 0.0000 1.0000 0.0000
vn 0.0000 1.0000 0.0000
vn 0.0000 1.0000 0.0000
vn -0.0000 1.0000 0.0000
vn 0.0000 1.0000 0.0000
vn -0.0000 1.0000 0.0000
vn 0.0000 1.0000 0.0000
vn -0.0000 1.0000 0.0000
vn 0.0000 1.0000 0.0000
vn -0.0000 1.0000 0.0000
vn -0.0000 1.0000 0.0000
vn 0.0000 1.0000 0.0000
vn 0.0000 1.0000 -0.0000
vn 0.0000 1.0000 0.0000
vn 0.0000 1.0000 -0.0000
vn 0.0000 1.0000 0.0000
vn 0.0000 1.0000 0.0000
vn 0.0000 1.0000 0.0000
vn 0.0000 1.0000 0.0000
vn 0.0000 1.0000 0.0000
vn 0.0000 1.0000 0.0000
vn 0.0000 1.0000 0.0000
vn 0.0000 1.0000 -0.0000
vn 0.0000 1.0000 0.0000
vn 0.0000 1.0000 0.0000
vn 0.0000 1.0000 -0.0000
vn 0.0000 1.0000 0.0000
vn 0.0000 1.0000 0.0000
vn 0.0000 1.0000 0.0000
vn 0.0000 1.0000 0.0000
vn -0.0000 1.0000 0.0000
vn 0.0000 1.0000 0.0000
vn 0.0000 1.0000 0.0000
vn -0.0000 1.0000 0.0000
vn 0.0000 1.0000 0.0000
vn -0.0000 1.0000 0.0000
vn 0.0000 1.0000 0.0000
vn -0.0000 1.0000 0.0000
vn 0.0000 1.0000 0.0000
vn 0.0000 1.0000 0.0000
vn -0.0000 1.0000 -0.0000
vn 0.0000 1.0000 -0.0000
vn 0.0000 1.0000 0.0000
vn 0.0000 1.0000 0.0000
vn 0.0000 1.0000 0.0000
vn 0.0000 1.0000 0.0000
vn 0.0000 1.0000 0.0000
vn 0.0000 1.0000 0.0000
vn 0.0000 1.0000 0.0000
vn 0.0000 1.0000 -0.0000
vn 0.0000 1.0000 -0.0000
vn 0.0000 1.0000 0.0000
vn 0.0000 1.0000 -0.0000
vn -0.1649 0.9846 0.0582
vn -0.1660 0.9844 0.0577
vn -0.5551 0.8303 -0.0495
vn -0.9760 -0.1134 -0.1861
vn -0.9809 0.1630 -0.1061
vn -0.9910 0.1020 -0.0865
vn -0.9860 0.1498 -0.0733
vn -0.9946 0.0862 -0.0577
vn -0.9877 0.1515 -0.0397
vn -0.9989 0.0420 -0.0203
vn -0.9818 0.1901 -0.0036
vn -0.9833 0.1590 0.0884
vn -0.7293 0.6697 0.1398
vn -0.6854 0.7095 0.1639
vn -0.3966 0.9058 0.1494
vn -0.4149 0.8909 0.1849
vn -0.5306 0.8268 0.1865
vn -0.5565 0.8117 0.1774
vn -0.1572 0.9668 0.2017
vn -0.2174 0.9600 0.1765
vn -0.2126 0.9630 0.1656
vn -0.2952 0.9541 0.0512
vn -0.3047 0.9485 0.0871
vn -0.2252 0.9670 0.1190
vn -0.6396 0.7672 0.0483
vn -0.6309 0.7754 -0.0274
vn -0.7110 0.7018 0.0429
vn -0.7496 0.6599 0.0519
vn -0.7451 0.6668 -0.0098
vn -0.9903 0.1365 0.0276
vn -0.9979 -0.0636 -0.0079
vn -0.9801 0.1982 0.0141
vn -0.9791 0.2013 -0.0274
vn -0.9890 0.1347 0.0614
vn -0.9947 0.0994 0.0272
vn -0.9763 0.2094 0.0549
vn -0.9769 0.2136 0.0105
vn -0.9449 0.3271 0.0089
vn -0.9422 0.3315 -0.0495
vn -0.9113 0.4116 -0.0129
vn -0.9053 0.4162 -0.0852
vn -0.8527 0.5213 -0.0332
vn -0.8384 0.5263 -0.1420
vn -0.8897 0.4039 -0.2128
vn -0.9926 0.0802 0.0914
vn -0.9952 0.0617 0.0754
vn -0.8956 0.4433 0.0384
vn -0.8942 0.4476 -0.0039
vn -0.1838 0.9697 0.1608
vn -0.4433 0.8866 0.1318
vn -0.3967 0.9053 0.1520
vn -0.6454 0.7563 0.1067
vn -0.5682 0.8079 0.1565
vn -0.7178 0.6884 0.1046
vn -0.8396 0.5343 0.0981
vn -0.8396 0.5347 0.0952
vn -0.9015 0.4179 0.1129
vn -0.2218 0.9514 0.2136
vn -0.5111 0.8451 0.1565
vn -0.5682 0.8099 0.1455
vn -0.5312 0.8313 0.1639
vn -0.7176 0.6849 0.1263
vn -0.6862 0.7129 0.1448
vn -0.8531 0.5117 0.1017
vn -0.8501 0.5036 0.1542
vn -0.4991 0.8649 -0.0539
vn -0.4943 0.8680 0.0470
vn -0.5172 0.8547 0.0443
vn -0.4605 0.8840 0.0800
vn -0.4670 0.8738 0.1353
vn -0.6444 0.7610 0.0753
vn -0.7128 0.6968 0.0803
vn -0.8556 0.5172 0.0216
vn -0.8558 0.5066 0.1046
vn -0.9518 0.3034 0.0443
vn -0.9503 0.2980 0.0905
vn -0.9587 0.2732 0.0793
vn -0.9551 0.2668 0.1286
vn -0.2704 0.0000 0.9627
vn -0.2704 0.0000 0.9627
vn -0.2704 0.0000 0.9627
vn -0.2704 0.0000 0.9627
vn -0.2704 0.0000 0.9627
vn -0.2703 -0.0232 0.9625
vn -0.2468 -0.0002 0.9691
vn -0.2865 0.0207 0.9579
vn -0.2704 0.0000 0.9627
vn -0.2704 0.0000 0.9627
vn -0.2962 -0.0499 0.9538
vn -0.1640 0.1903 0.9679
vn -0.2704 0.0000 0.9627
vn -0.2704 0.0000 0.9627
vn -0.2704 -0.0000 0.9627
vn -0.2704 0.0000 0.9627
vn -0.2704 0.0000 0.9627
vn -0.2704 0.0000 0.9627
vn -0.2672 -0.0232 0.9634
vn -0.1899 0.0964 0.9771
vn -0.3047 0.0745 0.9495
vn -0.2704 0.0000 0.9627
vn -0.2608 -0.0188 0.9652
vn 0.7637 0.3271 0.5566
vn 0.0660 0.9787 0.1944
vn 0.1222 0.9607 0.2493
vn 0.7346 0.3032 0.6070
vn 0.7186 0.3338 0.6101
vn 0.7947 0.1392 0.5908
vn 0.5332 0.6735 0.5120
vn 0.6066 0.5844 0.5390
vn 0.6914 0.4180 0.5893
vn 0.6448 0.5133 0.5663
vn 0.2381 0.9157 0.3237
vn 0.1707 0.9390 0.2987
vn 0.3529 0.8492 0.3928
vn 0.1293 0.9786 0.1600
vn 0.1019 0.9768 0.1883
vn 0.1075 0.9763 0.1880
vn 0.0411 0.9887 0.1439
vn 0.0520 0.9897 0.1337
vn 0.6599 0.6497 0.3775
vn 0.6725 0.6121 0.4161
vn 0.5525 0.7574 0.3480
vn 0.7698 0.4419 0.4606
vn 0.7818 0.4268 0.4545
vn 0.8425 0.1709 0.5109
vn 0.8319 0.2238 0.5079
vn 0.7549 0.2788 0.5937
vn 0.7406 0.3860 0.5500
vn 0.1216 0.9695 0.2126
vn 0.1446 0.9626 0.2291
vn 0.2488 0.9238 0.2909
vn 0.2528 0.9214 0.2951
vn 0.3274 0.8991 0.2906
vn 0.7222 0.4088 0.5580
vn 0.7214 0.3894 0.5727
vn 0.6514 0.5593 0.5127
vn 0.5129 0.7163 0.4731
vn 0.4553 0.7906 0.4094
vn 0.2534 0.9222 0.2921
vn 0.2664 0.9253 0.2700
vn 0.1676 0.9634 0.2090
vn 0.1741 0.9649 0.1965
vn 0.7684 0.3578 0.5307
vn 0.7771 0.2924 0.5573
vn 0.6659 0.5614 0.4914
vn 0.6784 0.5265 0.5124
vn 0.4702 0.7935 0.3865
vn 0.5235 0.7209 0.4542
vn 0.4058 0.8385 0.3638
vn 0.4208 0.8415 0.3389
vn 0.4533 0.8117 0.3683
vn 0.7994 0.3010 0.5200
vn 0.7989 0.2699 0.5375
vn 0.7071 0.5301 0.4680
vn 0.7245 0.4665 0.5074
vn 0.5582 0.7271 0.3998
vn 0.5775 0.6989 0.4218
vn 0.8614 0.1093 0.4960
vn 0.8478 0.2037 0.4896
vn 0.8302 0.2190 0.5127
vn 0.7638 0.4414 0.4709
vn 0.7415 0.4684 0.4804
vn 0.6417 0.6477 0.4108
vn 0.5839 0.7000 0.4112
vn 0.5178 0.7800 0.3515
vn 0.4726 0.8154 0.3343
vn 0.4207 0.8565 0.2991
vn 0.3364 0.9009 0.2741
vn 0.2892 0.9262 0.2420
vn 0.7388 0.3100 0.5984
vn 0.7387 0.3108 0.5981
vn 0.6305 0.5642 0.5330
vn 0.6157 0.5860 0.5268
vn 0.5236 0.7185 0.4579
vn 0.3585 0.8505 0.3848
vn 0.2451 0.9196 0.3069
vn 0.1520 0.9540 0.2585
vn 0.1004 0.9692 0.2249
vn 0.1568 0.0000 -0.9876
vn 0.1568 -0.0000 -0.9876
vn 0.1552 0.0045 -0.9879
vn 0.1568 0.0000 -0.9876
vn 0.1568 -0.0000 -0.9876
vn 0.1568 0.0000 -0.9876
vn 0.1569 0.0000 -0.9876
vn 0.1569 0.0000 -0.9876
vn 0.1568 -0.0000 -0.9876
vn 0.1568 0.0000 -0.9876
vn 0.1568 0.0000 -0.9876
vn 0.1568 0.0000 -0.9876
vn 0.1568 0.0000 -0.9876
vn 0.1568 -0.0000 -0.9876
vn 0.1569 -0.0000 -0.9876
vn 0.1568 0.0000 -0.9876
vn 0.1569 -0.0000 -0.9876
vn 0.1568 -0.0000 -0.9876
vn 0.1568 0.0000 -0.9876
vn 0.1568 -0.0000 -0.9876
vn 0.1568 -0.0000 -0.9876
vn 0.1568 -0.0000 -0.9876
vn 0.1568 0.0000 -0.9876
vn 0.1569 -0.0000 -0.9876
vn 0.1568 0.0000 -0.9876
vn 0.1568 -0.0000 -0.9876
vn 0.1589 -0.0030 -0.9873
vn 0.1568 0.0000 -0.9876
vn 0.1569 0.0000 -0.9876
vn 0.1568 0.0000 -0.9876
vn 0.1568 -0.0000 -0.9876
vn 0.1569 0.0000 -0.9876
vn 0.1568 0.0000 -0.9876
vn 0.1568 -0.0000 -0.9876
vn 0.1568 -0.0000 -0.9876
vn 0.1568 0.0000 -0.9876
vn 0.1568 0.0000 -0.9876
vn -0.7505 -0.0113 0.6608
vn 0.9257 -0.0109 0.3781
vn 0.9073 0.0031 0.4205
vn 0.7171 -0.0100 0.6969
vn 0.7473 0.0084 0.6645
vn 0.4324 -0.0136 0.9016
vn 0.4354 -0.0147 0.9001
vn 0.0944 -0.0063 0.9955
vn -0.2563 0.0069 0.9666
vn 0.0518 -0.0193 0.9985
vn -0.5753 0.0078 0.8179
vn -0.5398 -0.0023 0.8418
vn -0.2753 0.0024 0.9613
vn -0.9982 0.0067 0.0603
vn -0.8808 0.0036 0.4735
vn -0.9209 0.0521 0.3863
vn -0.9994 0.0231 0.0238
vn -0.9002 0.0090 -0.4354
vn -0.9367 -0.0217 -0.3496
vn -0.4171 -0.0393 -0.9080
vn -0.3374 0.0144 -0.9413
vn -0.6938 -0.0264 -0.7197
vn -0.5885 0.0518 -0.8068
vn -0.7812 -0.0109 -0.6242
vn 0.3566 -0.0202 -0.9340
vn 0.2573 0.0098 -0.9663
vn -0.0931 -0.0758 -0.9928
vn 0.0495 0.0345 -0.9982
vn 0.5760 0.0118 -0.8174
vn 0.6251 -0.0130 -0.7804
vn 0.8199 0.0066 -0.5725
vn 0.8230 0.0041 -0.5680
vn 0.9504 -0.0068 -0.3111
vn 0.9685 0.0136 -0.2486
vn 0.9998 0.0137 0.0145
vn 0.9944 -0.0362 0.0997
vn -0.8131 0.0026 0.5821
vn 0.9464 -0.0134 0.3227
vn 0.9073 0.0047 0.4205
vn 0.7662 0.0178 0.6423
vn 0.7171 0.0062 0.6970
vn 0.8070 -0.0049 0.5905
vn 0.1733 0.0542 0.9834
vn 0.4325 -0.0067 0.9016
vn 0.0944 -0.0066 0.9955
vn 0.0687 -0.0124 0.9976
vn -0.2563 0.0040 0.9666
vn -0.3171 -0.0069 0.9484
vn -0.5632 0.0053 0.8263
vn -0.5752 0.0026 0.8180
vn -0.9684 -0.0004 0.2495
vn -0.9513 -0.0126 0.3080
vn -0.8225 0.0052 0.5688
vn -0.9995 -0.0085 -0.0315
vn -0.9950 0.0047 -0.0993
vn -0.6940 0.0066 -0.7199
vn -0.7490 -0.0083 -0.6626
vn -0.9002 0.0052 -0.4354
vn -0.9246 -0.0065 -0.3809
vn 0.0287 0.0015 -0.9996
vn 0.0536 0.0118 -0.9985
vn -0.4174 -0.0135 -0.9086
vn -0.2901 0.0261 -0.9566
vn -0.5328 -0.0067 -0.8462
vn 0.4813 -0.0012 -0.8765
vn 0.4970 0.0055 -0.8677
vn 0.9420 0.0053 -0.3355
vn 0.7818 0.0652 -0.6201
vn 0.8837 -0.0095 -0.4679
vn 0.9997 0.0156 -0.0183
vn 0.9987 0.0061 -0.0513
vn -0.0453 0.9965 0.0702
vn -0.0501 0.9698 0.2388
vn 0.0398 0.9734 0.2258
vn 0.0102 0.9915 0.1298
vn -0.0840 0.9774 0.1942
vn -0.0782 0.9969 0.0118
vn -0.0944 0.9929 0.0718
vn -0.0408 0.9885 0.1454
vn -0.1133 0.9882 0.1028
vn -0.1520 0.9805 0.1247
vn -0.1493 0.9823 0.1135
vn -0.0013 0.9853 0.1708
vn 0.0080 0.9740 0.2265
vn -0.0433 0.9871 0.1540
vn -0.1059 0.9738 0.2012
vn -0.1173 0.9787 0.1682
vn -0.1309 0.9748 0.1805
vn -0.0831 0.9626 0.2579
vn -0.0721 0.9638 0.2568
vn -0.0846 0.9674 0.2386
vn -0.0952 0.9684 0.2305
vn -0.0578 0.9652 0.2552
vn -0.0478 0.9652 0.2569
vn -0.0614 0.9646 0.2566
vn -0.0732 0.9627 0.2605
vn -0.0735 0.9627 0.2602
vn -0.0381 0.9751 0.2185
vn -0.0231 0.9717 0.2350
vn -0.0332 0.9716 0.2343
vn -0.0397 0.9820 0.1847
vn -0.0392 0.9818 0.1858
vn -0.0278 0.9792 0.2011
vn -0.0354 0.9803 0.1945
vn -0.0915 0.9821 0.1644
vn -0.0745 0.9820 0.1738
vn -0.0602 0.9814 0.1824
vn -0.1251 0.9776 0.1693
vn -0.1223 0.9808 0.1518
vn -0.1335 0.9783 0.1587
vn -0.1098 0.9800 0.1662
vn -0.1083 0.9886 0.1045
vn -0.1257 0.9847 0.1209
vn -0.1159 0.9867 0.1139
vn -0.0862 0.9832 0.1609
vn -0.0881 0.9815 0.1698
vn -0.0906 0.9830 0.1596
vn -0.1044 0.9839 0.1453
vn -0.1224 0.9829 0.1379
vn -0.1285 0.9823 0.1365
vn -0.1293 0.9824 0.1350
vn -0.1257 0.9841 0.1257
vn -0.0193 0.9859 0.1660
vn -0.0163 0.9861 0.1654
vn -0.0301 0.9846 0.1719
vn -0.0425 0.9823 0.1825
vn -0.0370 0.9838 0.1756
vn -0.0652 0.9851 0.1590
vn -0.0069 0.9913 0.1316
vn -0.0174 0.9891 0.1465
vn -0.0173 0.9933 0.1144
vn -0.0166 0.9955 0.0935
vn -0.0832 0.9925 0.0894
vn -0.0701 0.9935 0.0901
vn -0.0475 0.9955 0.0821
vn -0.0495 0.9956 0.0797
vn -0.0577 0.9781 0.1999
vn -0.0833 0.9783 0.1899
vn -0.0306 0.9808 0.1924
vn -0.0635 0.9926 0.1036
vn -0.1114 0.9828 0.1472
vn -0.1046 0.9884 0.1105
vn -0.1407 0.9801 0.1403
vn -0.1363 0.9836 0.1184
vn -0.1575 0.9783 0.1343
vn -0.1563 0.9793 0.1284
vn -0.1041 0.9898 0.0970
vn -0.1073 0.9881 0.1099
vn -0.0800 0.9927 0.0903
vn -0.0817 0.9916 0.0998
vn -0.0464 0.9965 0.0699
vn -0.0103 0.9909 0.1342
vn 0.0128 0.9894 0.1444
vn -0.0372 0.9954 0.0887
vn -0.0161 0.9951 0.0971
vn -0.0170 0.9953 0.0953
vn 0.0111 0.9941 0.1078
vn 0.0172 0.9925 0.1213
vn 0.0263 0.9917 0.1260
vn 0.0397 0.9868 0.1571
vn 0.0246 0.9866 0.1613
vn 0.0292 0.9879 0.1525
vn 0.0188 0.9926 0.1199
vn 0.0265 0.9919 0.1245
vn 0.0119 0.9959 0.0892
vn 0.0142 0.9958 0.0904
vn 0.0051 0.9976 0.0692
vn -0.0099 0.9980 0.0625
vn -0.0098 0.9980 0.0626
vn -0.0272 0.9981 0.0561
vn 0.0254 0.9834 0.1795
vn 0.0392 0.9795 0.1977
vn 0.0337 0.9803 0.1945
vn -0.0635 0.9720 0.2262
vn -0.0147 0.9768 0.2137
vn -0.0165 0.9752 0.2207
vn 0.0136 0.9774 0.2111
vn 0.0145 0.9782 0.2073
vn 0.0471 0.9797 0.1946
vn 0.0467 0.9819 0.1834
vn 0.0380 0.9858 0.1635
vn 0.0403 0.9859 0.1623
vn 0.0153 0.9886 0.1496
vn 0.0099 0.9843 0.1760
vn 0.0071 0.9841 0.1774
vn 0.0019 0.9796 0.2010
vn -0.0092 0.9786 0.2058
vn -0.0132 0.9749 0.2224
vn -0.0343 0.9725 0.2302
vn -0.0367 0.9702 0.2395
vn -0.0702 0.9657 0.2498
vn -0.1047 0.9768 0.1870
vn -0.0658 0.9699 0.2344
vn -0.1203 0.9681 0.2197
vn -0.1431 0.9798 0.1400
vn -0.1574 0.9733 0.1672
vn -0.1797 0.9750 0.1307
vn -0.1772 0.9769 0.1195
vn -0.1677 0.9764 0.1362
vn -0.1627 0.9793 0.1204
vn -0.1465 0.9784 0.1456
vn -0.1419 0.9817 0.1268
vn -0.1134 0.9790 0.1692
vn -0.1037 0.9858 0.1320
vn -0.0561 0.9783 0.1997
vn 0.0066 0.9940 0.1090
vn -0.0081 0.9964 0.0849
vn 0.0108 0.9953 0.0961
vn -0.0078 0.9988 0.0493
vn 0.0071 0.9983 0.0572
vn -0.0046 0.9996 0.0288
vn -0.0040 0.9996 0.0284
vn -0.0045 0.9996 0.0282
vn -0.0255 0.9986 0.0462
vn -0.0081 0.9987 0.0512
vn -0.0499 0.9947 0.0901
vn -0.0154 0.9952 0.0967
vn -0.0721 0.9854 0.1539
vn -0.0762 0.9852 0.1535
vn -0.0758 0.9856 0.1514
vn -0.1246 0.9766 0.1752
vn -0.1251 0.9761 0.1778
vn -0.1053 0.5095 -0.8540
vn -0.1868 0.4350 -0.8808
vn 0.2312 0.9033 -0.3614
vn 0.6396 0.3652 -0.6764
vn 0.3735 0.5976 -0.7095
vn 0.0620 0.9887 -0.1367
vn 0.1681 0.9678 -0.1875
vn 0.1103 0.9931 -0.0409
vn 0.1575 0.9846 -0.0752
vn 0.1814 0.9589 -0.2184
vn 0.1399 0.9777 -0.1566
vn 0.1664 0.9782 -0.1241
vn 0.3478 0.8437 0.4088
vn 0.2732 0.3994 0.8751
vn 0.2662 0.9277 0.2616
vn 0.3574 0.2472 0.9006
vn 0.2520 0.0799 0.9644
vn 0.8920 0.2359 0.3857
vn 0.8470 0.0360 0.5304
vn 0.7161 0.5488 0.4313
vn 0.8899 0.4084 0.2032
vn 0.2618 0.4127 0.8725
vn -0.6547 0.7370 0.1680
vn -0.3748 0.8660 0.3311
vn -0.5563 0.7715 0.3088
vn 0.0896 0.9886 -0.1213
vn 0.0336 0.9927 -0.1156
vn -0.0255 0.9593 -0.2812
vn -0.2090 0.9567 -0.2027
vn -0.0172 0.9945 -0.1035
vn -0.0103 0.9963 -0.0853
vn 0.0087 0.9955 -0.0941
vn 0.0637 0.9977 -0.0236
vn 0.0418 0.9961 -0.0781
vn 0.0672 0.9941 -0.0851
vn 0.0689 0.9942 -0.0826
vn 0.1018 0.9891 -0.1061
vn 0.0962 0.9889 -0.1130
vn 0.1390 0.9737 -0.1808
vn 0.0164 0.9984 -0.0537
vn 0.0934 0.9865 -0.1348
vn 0.0920 0.9914 -0.0927
vn -0.0104 0.9936 -0.1122
vn 0.0599 0.9975 -0.0380
vn 0.0863 0.9950 -0.0501
vn 0.0394 0.9971 -0.0652
vn 0.0014 0.9996 -0.0276
vn 0.0250 0.9953 -0.0935
vn 0.0145 0.9962 -0.0856
vn 0.0039 0.9997 -0.0252
vn -0.0220 0.9997 -0.0141
vn 0.0252 0.9966 -0.0786
vn -0.0178 0.9968 -0.0782
vn -0.0135 0.9955 -0.0936
vn -0.3996 -0.8401 0.3668
vn 0.7882 0.3756 -0.4875
vn 0.8171 0.3422 -0.4639
vn 0.1744 0.9552 0.2391
vn -0.1479 0.7478 0.6472
vn 0.4081 0.3973 0.8220
vn 0.3725 0.4309 0.8219
vn 0.0059 0.9769 -0.2138
vn -0.0214 0.9724 -0.2322
vn -0.0140 0.9722 -0.2337
vn -0.0159 0.9775 -0.2105
vn -0.0420 0.9829 -0.1792
vn -0.0402 0.9765 -0.2115
vn -0.0377 0.9835 -0.1769
vn -0.0572 0.9894 -0.1331
vn -0.0439 0.9798 -0.1950
vn -0.0175 0.9738 -0.2269
vn -0.0385 0.9821 -0.1845
vn 0.6885 -0.3314 0.6451
vn 0.9850 0.1627 -0.0574
vn 0.9091 0.4051 -0.0972
vn 0.9171 0.3878 -0.0922
vn 0.7935 0.6007 -0.0975
vn 0.4336 0.8815 -0.1870
vn 0.7805 0.6119 -0.1278
vn 0.3569 0.9068 -0.2243
vn 0.4772 0.8596 -0.1829
vn 0.2746 0.9474 -0.1647
vn -0.2105 0.9506 -0.2283
vn -0.0445 0.9791 -0.1985
vn -0.5969 0.7413 -0.3069
vn -0.6652 0.6727 -0.3239
vn -0.8012 0.5134 -0.3072
vn -0.6645 0.6725 -0.3257
vn -0.2086 0.0167 -0.9779
vn -0.3517 -0.0010 -0.9361
vn 0.0889 0.9662 -0.2419
vn 0.3172 0.6141 -0.7227
vn 0.2752 0.4770 -0.8347
vn 0.4452 0.0012 -0.8954
vn 0.8709 0.0161 -0.4912
vn 0.8834 0.0119 -0.4685
vn 0.3512 0.0105 -0.9362
vn 0.4349 0.0035 -0.9005
vn 0.4349 0.0000 -0.9005
vn 0.8718 0.0020 -0.4899
vn 0.8593 0.0068 -0.5115
vn 0.9794 0.2014 0.0141
vn 0.9958 0.0790 0.0463
vn 0.9733 0.2285 0.0206
vn 0.7978 0.6025 -0.0215
vn 0.7312 0.6804 -0.0503
vn 0.4552 0.8867 -0.0811
vn 0.3917 0.9149 -0.0979
vn 0.4122 0.9092 -0.0591
vn 0.4032 0.9131 -0.0601
vn 0.9876 0.1464 0.0574
vn 0.9714 0.2310 0.0550
vn 0.7274 0.6862 -0.0017
vn 0.8170 0.5753 0.0390
vn -0.9998 0.0197 0.0067
vn -0.9915 0.0124 0.1294
vn -0.7076 0.0173 0.7064
vn -0.5235 0.0344 0.8513
vn -0.2645 0.0325 0.9638
vn -0.9988 0.0000 0.0493
vn -0.1233 0.2143 0.9690
vn 0.1047 0.9667 0.2336
vn -0.0059 0.8965 0.4431
vn -0.0287 0.7017 0.7119
vn -0.1332 0.4666 0.8744
vn 0.1155 0.9098 0.3987
vn -0.0221 0.7008 0.7131
vn -0.0492 0.2029 0.9780
vn -0.0763 0.3660 0.9275
vn 0.8071 0.0004 -0.5905
vn 0.8534 -0.0128 -0.5210
vn 0.8563 0.0186 -0.5161
vn 0.8065 0.0327 -0.5903
vn 0.9874 0.0146 0.1576
vn 0.8041 0.3001 -0.5132
vn 0.7866 0.3112 -0.5333
vn 0.4081 0.4128 -0.8143
vn 0.5638 0.2749 -0.7788
vn 0.1525 0.8313 -0.5345
vn 0.1929 0.4945 -0.8475
vn 0.1979 0.6485 -0.7351
vn 0.1692 0.8145 -0.5549
vn 0.1483 0.8168 -0.5576
vn 0.1458 0.9466 -0.2877
vn 0.1646 0.6307 -0.7583
vn 0.1885 0.4350 -0.8805
vn 0.1774 0.4743 -0.8623
vn 0.0708 0.9452 -0.3187
vn 0.0677 0.9514 -0.3005
vn 0.1004 0.7906 -0.6040
vn 0.1469 0.6316 -0.7612
vn 0.1535 0.3999 -0.9036
vn 0.1670 0.1689 -0.9714
vn 0.1563 0.2803 -0.9471
vn 0.0291 0.9278 -0.3719
vn 0.0399 0.9150 -0.4014
vn 0.0849 0.7934 -0.6028
vn 0.0947 0.6027 -0.7923
vn 0.1335 0.3999 -0.9068
vn 0.1503 0.1322 -0.9798
vn 0.1555 0.0811 -0.9845
vn -0.0480 -0.7492 0.6606
vn 0.0937 0.5374 -0.8381
vn 0.0897 0.6025 -0.7931
vn 0.0409 0.8047 -0.5923
vn -0.0968 -0.3157 0.9439
vn -0.1586 0.9358 -0.3148
vn -0.1044 0.4877 -0.8667
vn -0.2783 0.3296 -0.9022
vn -0.2708 0.2916 -0.9174
vn -0.0177 0.4673 -0.8839
vn -0.4617 -0.2427 0.8532
vn 0.3695 0.8371 0.4033
vn 0.1089 0.2910 0.9505
vn -0.0986 0.8766 0.4709
vn -0.0088 0.3278 0.9447
vn 0.1110 0.2926 0.9498
vn 0.7188 0.2520 0.6479
vn 0.7178 0.2872 0.6343
vn 0.5893 0.5367 0.6039
vn 0.8958 0.2994 0.3285
vn 0.3070 0.9052 0.2939
vn -0.6893 -0.3334 0.6432
vn 0.9897 0.1088 0.0927
vn 0.6467 0.3523 0.6765
vn -0.0307 0.9991 0.0277
vn -0.1496 0.1730 0.9735
vn -0.1478 0.1730 0.9738
vn -0.1773 0.3575 0.9169
vn -0.1144 0.8928 0.4356
vn -0.1955 0.5832 0.7885
vn -0.1598 0.7758 0.6104
vn -0.1567 0.5678 0.8081
vn -0.0402 0.9761 0.2135
vn -0.0770 0.8939 0.4416
vn -0.1010 0.7069 0.7001
vn -0.1311 0.5685 0.8122
vn -0.1564 0.1975 0.9677
vn -0.1622 0.1632 0.9732
vn -0.0319 0.9479 0.3169
vn -0.0901 0.7442 0.6619
vn -0.1032 0.7071 0.6996
vn -0.1507 0.1949 0.9692
vn -0.0010 0.9229 0.3852
vn -0.0218 0.8543 0.5193
vn -0.0671 0.7433 0.6656
vn -0.1352 0.2352 0.9625
vn 0.0730 -0.0419 0.9964
vn -0.5399 0.8416 0.0100
vn -0.2208 0.6379 0.7377
vn -0.8282 0.5578 0.0541
vn -0.8586 0.4822 0.1741
vn -0.3981 0.6655 0.6314
vn -0.8595 0.4850 0.1612
vn -0.9605 0.2432 -0.1355
vn -0.4504 0.5211 0.7250
vn -0.6205 0.3268 0.7129
vn -0.4679 0.3828 0.7966
vn 0.0651 0.0016 -0.9979
vn 0.0458 0.0052 -0.9989
vn -0.3398 0.0349 -0.9398
vn -0.4107 0.0228 -0.9115
vn -0.6227 0.0370 -0.7816
vn -0.4396 0.1146 -0.8908
vn -0.4242 0.1079 -0.8991
vn 0.0274 0.0218 -0.9994
vn -0.6338 0.0830 -0.7690
vn -0.4293 0.0718 -0.9003
vn -0.3394 0.0431 -0.9396
vn 0.0272 0.0175 -0.9995
vn 0.0363 0.0191 -0.9992
vn -0.3649 0.8751 -0.3179
vn -0.0952 0.9667 -0.2375
vn -0.2291 0.9517 -0.2044
vn -0.1971 0.9650 -0.1727
vn -0.3788 0.8791 -0.2893
vn -0.5032 0.8153 -0.2866
vn -0.3803 0.8924 -0.2431
vn -0.8139 0.2261 -0.5352
vn -0.7114 0.5205 -0.4723
vn -0.8056 0.3172 -0.5004
vn -0.7959 0.1931 -0.5739
vn -0.6792 0.5603 -0.4741
vn -0.6395 0.5532 -0.5339
vn -0.2987 0.8806 -0.3677
vn -0.4448 0.8076 -0.3873
vn -0.7006 0.4849 -0.5235
vn 0.9489 0.2424 0.2022
vn 0.4690 0.8786 -0.0902
vn 0.1178 0.9763 -0.1814
vn 0.0019 0.9873 -0.1592
vn 0.6880 0.7233 0.0583
vn 0.2029 0.9789 -0.0220
vn 0.7573 0.6423 0.1178
vn 0.8874 0.4003 0.2284
vn 0.2103 0.9677 -0.1388
vn 0.2562 0.9593 -0.1189
vn 0.2083 0.9686 -0.1361
vn 0.6637 0.7475 0.0275
vn 0.7642 0.6372 0.1002
vn 0.9297 0.3101 0.1989
vn 0.8633 0.4954 0.0963
vn 0.6652 0.7464 0.0224
vn -0.0649 0.9941 -0.0869
vn -0.1017 0.9933 0.0556
vn -0.1438 0.8824 0.4480
vn -0.1935 0.6848 0.7026
vn -0.1752 0.4928 0.8523
vn -0.0751 0.9313 0.3565
vn -0.1024 0.8849 0.4544
vn -0.1565 0.4940 0.8552
vn -0.1502 0.4431 0.8838
vn 0.4576 -0.0044 0.8891
vn 0.4295 -0.0014 0.9031
vn -0.9342 0.2002 0.2954
vn -0.9027 0.4008 0.1566
vn -0.6178 0.7480 0.2425
vn -0.5908 0.7898 0.1648
vn -0.4646 0.6289 0.6234
vn -0.2237 0.9285 -0.2964
vn -0.7119 0.4098 -0.5703
vn -0.7096 0.4648 -0.5295
vn -0.6644 0.5203 -0.5365
vn -0.5099 0.7218 -0.4680
vn -0.4682 0.7689 -0.4354
vn -0.2293 0.9262 -0.2992
vn -0.6618 0.3446 -0.6658
vn -0.3056 0.8265 -0.4728
vn -0.6961 0.3679 -0.6165
vn -0.3251 0.8575 -0.3987
vn -0.3909 0.8106 -0.4361
vn -0.5108 0.7219 -0.4668
vn -0.7086 0.3786 -0.5955
vn 0.0376 0.9343 -0.3544
vn 0.2965 0.7314 -0.6142
vn 0.1328 0.9598 -0.2473
vn 0.1943 0.5935 -0.7810
vn 0.2899 0.1738 -0.9412
vn 0.2975 0.3057 -0.9044
vn 0.1319 0.5899 -0.7966
vn 0.1137 0.4970 -0.8603
vn 0.1857 0.1696 -0.9679
vn 0.8616 -0.0018 -0.5077
vn 0.8604 -0.0021 -0.5096
vn -0.3468 0.0486 -0.9367
vn -0.6275 0.0303 -0.7780
vn -0.6312 0.0454 -0.7743
vn -0.3842 0.0669 -0.9208
vn -0.2454 0.0427 -0.9685
vn -0.4840 0.0109 -0.8750
vn -0.2631 -0.0027 -0.9648
vn -0.3398 0.0143 -0.9404
vn -0.8625 0.0506 -0.5035
vn 0.9866 0.0149 0.1627
vn 0.9867 0.0045 0.1627
vn 0.9537 -0.0045 0.3006
vn 0.6163 0.0160 0.7873
vn 0.9952 0.0060 0.0975
vn 0.6545 0.0046 0.7561
vn 0.6165 -0.0038 0.7874
vn 0.5383 0.0005 0.8427
vn 0.9994 0.0141 -0.0326
vn 0.9984 0.0018 -0.0564
vn -0.2592 -0.0359 -0.9652
vn -0.9517 0.0108 -0.3070
vn -0.9585 -0.0053 -0.2851
vn -0.9679 0.0183 -0.2508
vn 0.2706 -0.0001 -0.9627
vn 0.2602 0.0065 -0.9655
vn 0.2674 0.0044 -0.9636
vn 0.9970 0.0097 0.0768
vn 0.9982 0.0267 0.0530
vn 0.9975 0.0082 0.0708
vn 0.9979 -0.0019 0.0644
vn 0.9994 0.0049 0.0347
vn 0.9995 0.0134 0.0285
vn 0.9995 0.0134 0.0286
vn 0.9990 0.0098 0.0441
vn 0.9166 0.0285 0.3988
vn 0.8775 0.0112 0.4795
vn 0.8206 0.0046 0.5715
vn 0.8774 -0.0208 0.4793
vn 0.3715 0.0134 0.9283
vn 0.3395 0.0058 0.9406
vn -0.1568 0.0000 0.9876
vn -0.1466 -0.0021 0.9892
vn -0.0981 -0.0343 0.9946
vn -0.1852 0.0167 0.9826
vn 0.1788 -0.0001 -0.9839
vn 0.1693 0.0210 -0.9853
vn 0.1677 0.0042 -0.9858
vn 0.1551 -0.0204 -0.9877
vn -0.6290 -0.4698 0.6194
vn 0.1557 0.0354 -0.9872
vn 0.2006 -0.0403 -0.9788
vn 0.2168 0.1472 -0.9650
vn -0.1460 -0.2313 -0.9619
vn 0.1464 -0.0034 -0.9892
vn 0.1569 0.0000 -0.9876
vn 0.1568 0.0000 -0.9876
vn 0.1670 -0.0095 -0.9859
vn 0.2375 0.0587 -0.9696
vn 0.1166 -0.0337 -0.9926
vn 0.1568 0.0000 -0.9876
vn 0.1571 0.0032 -0.9876
vn 0.1564 0.0000 -0.9877
vn 0.1568 -0.0028 -0.9876
vn 0.1568 -0.0000 -0.9876
vn 0.1568 0.0000 -0.9876
vn 0.1368 0.0122 -0.9905
vn 0.1294 0.0222 -0.9913
vn -0.1126 0.0000 0.9936
vn -0.1053 0.0050 0.9944
vn -0.1047 0.0170 0.9944
vn -0.1079 0.0103 0.9941
vn -0.1091 0.0428 0.9931
vn -0.1610 0.0134 0.9869
vn -0.1639 0.0102 0.9864
vn -0.1569 0.0000 0.9876
vn -0.1569 0.0000 0.9876
vn -0.1569 -0.0000 0.9876
vn -0.1569 0.0000 0.9876
vn -0.1568 0.0000 0.9876
vn -0.1568 0.0000 0.9876
vn -0.1569 -0.0000 0.9876
vn -0.1403 0.0171 0.9900
vn -0.1028 0.0032 0.9947
vn -0.0170 -0.0794 0.9967
vn -0.1484 0.0274 0.9885
vn -0.2548 0.1066 0.9611
vn -0.1568 0.0000 0.9876
vn -0.1569 -0.0000 0.9876
vn -0.1568 0.0000 0.9876
vn -0.1568 -0.0000 0.9876
vn -0.1634 0.0314 0.9861
vn -0.1493 -0.0110 0.9887
vn -0.9870 0.0408 0.1554
vn -0.9862 0.0446 0.1597
vn -0.6467 0.0289 0.7622
vn -0.6653 0.0624 0.7440
vn -0.9942 0.0795 0.0729
vn -0.9932 0.0306 0.1120
vn -0.6609 0.0224 0.7501
vn -0.6352 0.0094 0.7723
vn -0.5764 0.0314 0.8166
vn -0.8748 0.0741 0.4788
vn -0.9983 0.0576 0.0120
vn -0.9929 0.0836 -0.0845
vn -0.8726 0.0765 -0.4823
vn -0.8457 0.0927 -0.5255
vn -0.8128 0.1799 -0.5541
vn -0.7999 0.1456 -0.5822
vn -0.8220 0.0641 -0.5659
vn -0.8541 0.0291 -0.5193
vn -0.8874 -0.0366 -0.4595
vn -0.8690 0.0766 -0.4888
vn -0.8285 -0.0372 -0.5587
vn -0.8457 0.1705 -0.5057
vn -0.8290 0.1400 -0.5415
vn -0.8597 0.1072 -0.4995
vn -0.8555 0.1075 -0.5066
vn -0.8698 0.1016 -0.4829
vn -0.8951 0.1056 -0.4332
vn -0.8834 0.0647 -0.4641
vn -0.8931 0.0357 -0.4485
vn -0.8914 0.0264 -0.4524
vn -0.8967 0.0014 -0.4426
vn 0.9577 -0.0004 0.2878
vn 0.9611 -0.0114 0.2761
vn 0.9667 0.0025 0.2558
vn 0.9575 -0.0001 0.2885
vn -0.1281 0.0495 0.9905
vn -0.1568 -0.0000 0.9876
vn -0.1839 -0.0802 0.9797
vn -0.1740 0.0016 0.9848
vn -0.4285 0.2613 0.8649
vn -0.1768 -0.0242 0.9840
vn -0.1813 -0.0044 0.9834
vn -0.1678 0.0008 0.9858
vn -0.8966 0.0371 0.4413
vn -0.8877 0.0224 0.4599
vn -0.9485 0.0178 -0.3161
vn -0.9337 0.2099 -0.2901
vn -0.4885 0.0591 0.8706
vn -0.4988 0.0857 0.8625
vn -0.9008 0.0629 -0.4297
vn -0.9458 0.1579 0.2839
vn -0.8877 0.0225 0.4599
vn -0.9568 0.1477 -0.2504
vn -0.9442 0.1358 0.3002
vn -0.9476 0.1423 0.2861
vn -0.5148 0.0546 0.8556
vn -0.4830 0.0242 0.8753
vn -0.9312 0.2142 0.2950
vn -0.9295 0.2113 0.3024
vn -0.7911 0.1385 -0.5958
vn -0.6996 0.0113 -0.7144
vn -0.6993 0.0306 -0.7142
vn -0.7141 0.0880 -0.6945
vn -0.7099 0.1202 -0.6939
vn -0.7455 0.0458 -0.6650
vn -0.7362 0.1445 -0.6612
vn -0.7730 0.0552 -0.6320
vn -0.7943 0.1988 -0.5741
vn -0.8251 0.0780 -0.5595
vn -0.8261 0.0689 -0.5593
vn -0.8034 0.1315 -0.5807
vn -0.7965 0.2112 -0.5665
vn -0.8060 0.1797 -0.5641
vn -0.7993 0.1009 -0.5925
vn -0.7904 0.2054 -0.5772
vn -0.8171 0.0463 -0.5746
vn -0.7788 0.0463 -0.6256
vn -0.7368 0.0427 -0.6748
vn -0.7802 0.0423 -0.6241
vn -0.7741 0.1212 -0.6214
vn -0.7762 0.1314 -0.6166
vn -0.7712 0.1657 -0.6146
vn -0.7736 0.1796 -0.6077
vn -0.7711 0.1924 -0.6069
vn -0.7744 0.2132 -0.5957
vn -0.6923 0.0313 -0.7210
vn -0.7411 0.0308 -0.6706
vn -0.7380 0.0889 -0.6689
vn -0.7456 0.1205 -0.6554
vn -0.7454 0.1222 -0.6553
vn -0.7540 0.1652 -0.6357
vn -0.7445 0.2172 -0.6313
vn -0.7020 0.2082 -0.6811
vn 0.3068 0.0018 -0.9518
vn 0.1789 -0.0261 -0.9835
vn 0.2847 0.0218 -0.9584
vn 0.2578 -0.0062 -0.9662
vn 0.8704 0.0000 0.4923
vn 0.6319 -0.0783 0.7711
vn 0.5417 -0.0727 0.8374
vn 0.8427 0.0000 0.5384
vn 0.0909 0.0000 0.9959
vn 0.0909 0.0000 0.9959
vn -0.3817 0.0000 0.9243
vn -0.7401 -0.0930 0.6661
vn -0.7448 -0.0927 0.6608
vn -0.2788 0.0000 0.9604
vn -0.9842 0.0000 0.1769
vn -0.9973 -0.0315 0.0667
vn -0.9117 -0.0338 -0.4094
vn -0.9553 0.0000 -0.2955
vn -0.5432 -0.0000 -0.8396
vn -0.3297 -0.0515 -0.9427
vn 0.0583 -0.0396 -0.9975
vn -0.0115 -0.0208 -0.9997
vn 0.7431 -0.0352 -0.6682
vn 0.6816 0.0000 -0.7317
vn 0.9987 0.0000 -0.0518
vn 0.9987 0.0000 -0.0518
vn 0.8415 -0.0027 0.5403
vn 0.7659 -0.0499 0.6410
vn 0.1113 -0.0107 0.9937
vn 0.0889 -0.0185 0.9959
vn -0.7431 -0.0352 0.6682
vn -0.7752 -0.0551 0.6293
vn -0.9908 -0.0368 -0.1301
vn -0.9997 0.0093 0.0223
vn -0.6625 -0.0059 -0.7491
vn -0.6759 0.0000 -0.7370
vn -0.0909 -0.0000 -0.9959
vn -0.0909 0.0000 -0.9959
vn 0.3817 0.0000 -0.9243
vn 0.7401 -0.0930 -0.6661
vn 0.7448 -0.0927 -0.6608
vn 0.2788 0.0000 -0.9604
vn 0.9842 0.0000 -0.1769
vn 0.9830 0.0019 -0.1834
vn 0.9876 0.0000 0.1568
vn 0.9876 0.0000 0.1568
vn 0.9399 0.3071 0.1493
vn 0.9334 0.3208 0.1605
vn 0.7133 0.6938 0.0990
vn 0.6950 0.7104 0.1104
vn 0.2914 0.9555 0.0463
vn 0.2967 0.9540 0.0435
vn 0.0008 1.0000 0.0001
vn 0.0007 1.0000 0.0018
vn -0.2963 0.9539 -0.0471
vn -0.1563 0.9792 -0.1297
vn -0.4991 0.8629 -0.0793
vn -0.6696 0.7258 -0.1578
vn -0.7515 0.6489 -0.1193
vn -0.9410 0.3036 -0.1494
vn -0.9378 0.3110 -0.1543
vn -0.9876 0.0054 -0.1568
vn -0.9879 0.0063 -0.1547
vn 0.0000 1.0000 0.0000
vn 0.0000 1.0000 0.0000
vn 0.0000 1.0000 0.0000
vn 0.0000 1.0000 0.0000
vn 0.0000 1.0000 0.0000
vn 0.0000 1.0000 0.0000
vn 0.0000 1.0000 0.0000
vn 0.0000 1.0000 0.0000
vn 0.0000 1.0000 0.0000
vn 0.0000 1.0000 0.0000
vn -0.0000 1.0000 0.0000
vn -0.0000 1.0000 0.0000
vn 0.0000 1.0000 0.0000
vn -0.0000 1.0000 0.0000
vn -0.0000 1.0000 0.0000
vn -0.0000 1.0000 0.0000
vn -0.0000 1.0000 0.0000
vn 0.9630 0.0068 0.2693
vn 0.9627 0.0109 0.2704
vn 0.1030 0.9940 0.0365
vn -0.1276 0.9917 -0.0161
vn 0.0000 1.0000 0.0000
vn 0.0018 1.0000 -0.0012
vn 0.0041 1.0000 -0.0040
vn -0.0003 0.9999 -0.0170
vn 0.0555 0.9981 -0.0260
vn -0.0216 0.9995 0.0245
vn 0.0050 1.0000 0.0023
vn -0.0055 0.9996 -0.0266
vn 0.0401 0.9980 0.0481
vn 0.0000 1.0000 0.0000
vn 0.0000 1.0000 0.0000
vn -0.1030 0.9940 -0.0365
vn 0.1276 0.9917 0.0161
vn -0.0000 1.0000 -0.0000
vn -0.1197 0.9924 -0.0293
vn 0.0193 0.9998 -0.0009
vn -0.0483 0.9986 0.0227
vn -0.1003 0.9950 0.0017
vn 0.0140 0.9999 0.0027
vn 0.0113 0.9999 -0.0006
vn 0.3165 0.9454 0.0776
vn 0.0218 0.9998 -0.0041
vn 0.0232 0.9997 -0.0038
vn -0.0177 0.9997 0.0154
vn -0.9627 -0.0000 -0.2704
vn -0.9627 -0.0000 -0.2704
vn 0.0000 1.0000 0.0000
vn 0.0000 1.0000 -0.0000
vn 0.0671 0.9769 0.2029
vn 0.0000 1.0000 0.0000
vn 0.0000 1.0000 0.0000
vn 0.0000 1.0000 0.0000
vn -0.0571 0.9981 -0.0247
vn 0.0617 0.9787 -0.1959
vn 0.0000 1.0000 -0.0000
vn 0.0000 1.0000 -0.0000
vn 0.0000 1.0000 0.0000
vn 0.0000 1.0000 0.0000
vn 0.0000 1.0000 0.0000
vn 0.0000 1.0000 0.0000
vn 0.0000 1.0000 0.0000
vn 0.0000 1.0000 0.0000
vn 0.0000 1.0000 0.0000
vn 0.0000 1.0000 0.0000
vn 0.0000 1.0000 0.0000
vn 0.0000 1.0000 0.0000
vn 0.0000 1.0000 0.0000
vn -0.0569 0.9976 0.0402
vn -0.0111 0.9999 -0.0076
vn -0.0000 1.0000 -0.0084
vn 0.0000 1.0000 0.0000
vn 0.0000 1.0000 0.0000
vn 0.0000 1.0000 0.0000
vn 0.0000 1.0000 0.0000
vn -0.9936 0.0182 -0.1116
vn -0.9823 -0.0070 -0.1871
vn -0.9963 -0.0122 -0.0854
vn -0.9974 -0.0071 -0.0720
vn -0.9982 -0.0070 -0.0592
vn -0.9975 -0.0104 -0.0692
vn -0.9994 -0.0129 -0.0329
vn -0.9995 -0.0116 -0.0296
vn -0.9999 -0.0120 -0.0113
vn -0.9999 -0.0091 0.0068
vn -0.9999 -0.0099 0.0103
vn -0.9994 -0.0054 0.0341
vn -0.9991 -0.0071 0.0408
vn -0.9977 -0.0025 0.0678
vn -0.9975 -0.0033 0.0712
vn -0.9958 0.0000 0.0912
vn 0.7452 0.0000 0.6668
vn 0.9119 -0.0000 0.4104
vn 0.8686 -0.0336 0.4943
vn 0.8369 -0.1175 0.5347
vn 0.8404 -0.1205 0.5284
vn 0.8249 -0.1397 0.5477
vn 0.8173 -0.1621 0.5530
vn 0.7585 -0.2042 0.6189
vn 0.7723 -0.2095 0.5997
vn 0.7780 -0.2010 0.5953
vn 0.7864 -0.2064 0.5822
vn 0.7993 -0.1851 0.5717
vn 0.8011 -0.1863 0.5689
vn 0.7787 -0.1035 0.6188
vn 0.7470 0.0569 0.6623
vn 0.8100 -0.1740 0.5601
vn 0.7726 -0.1035 0.6264
vn 0.8219 -0.0479 0.5676
vn 0.8271 -0.0566 0.5592
vn 0.8389 -0.0431 0.5426
vn 0.8500 -0.0431 0.5251
vn 0.9014 -0.0166 0.4327
vn 0.8649 -0.0350 0.5008
vn 0.8579 -0.0490 0.5115
vn 0.8554 -0.0841 0.5111
vn 0.8769 -0.0839 0.4733
vn 0.9115 -0.0193 0.4108
vn 0.9179 0.0000 0.3967
vn 0.9008 0.0000 0.4342
vn 0.8993 -0.0383 0.4357
vn 0.8751 0.0000 0.4839
vn 0.8751 -0.0013 0.4840
vn 0.9425 -0.0484 0.3305
vn 0.7188 0.0000 0.6952
vn 0.7195 -0.0953 0.6879
vn 0.7571 -0.0956 0.6462
vn 0.7494 -0.1484 0.6452
vn 0.7791 -0.1743 0.6022
vn 0.8428 -0.1035 0.5283
vn 0.8581 -0.1292 0.4970
vn 0.8266 -0.1294 0.5478
vn 0.8345 -0.1672 0.5250
vn 0.8028 -0.1673 0.5723
vn 0.8063 -0.1854 0.5616
vn 0.7812 -0.1853 0.5961
vn 0.7804 -0.1814 0.5983
vn 0.7631 -0.1813 0.6203
vn 0.7569 -0.1524 0.6355
vn 0.7335 -0.1521 0.6625
vn 0.6637 0.0000 0.7480
vn 0.6815 -0.0279 0.7313
vn 0.7214 -0.0394 0.6914
vn 0.7007 -0.0238 0.7131
vn 0.6858 -0.0238 0.7274
vn 0.7585 -0.0556 0.6493
vn 0.7491 -0.0382 0.6614
vn 0.7210 -0.0400 0.6918
vn 0.8100 -0.0479 0.5845
vn 0.7935 -0.0531 0.6063
vn 0.7944 -0.0512 0.6053
vn 0.7715 -0.0447 0.6346
vn 0.8654 -0.0374 0.4997
vn 0.8653 -0.0385 0.4997
vn 0.8865 -0.0728 0.4570
vn 0.8909 0.0311 0.4531
vn 0.9024 -0.0588 0.4270
vn 0.9031 -0.0470 0.4268
vn 0.8856 -0.0472 0.4620
vn 0.8862 -0.0339 0.4620
vn 0.8851 -0.0315 0.4644
vn 0.6823 0.0000 0.7311
vn 0.7065 -0.0725 0.7040
vn 0.7194 -0.0726 0.6908
vn 0.7348 -0.1113 0.6691
vn 0.7540 -0.1115 0.6473
vn 0.7598 -0.1330 0.6365
vn 0.7870 -0.1332 0.6024
vn 0.7877 -0.1360 0.6008
vn 0.8195 -0.1361 0.5567
vn 0.8163 -0.1227 0.5644
vn 0.8446 -0.1225 0.5212
vn 0.8436 -0.1050 0.5267
vn 0.8748 -0.1046 0.4731
vn 0.8677 -0.0270 0.4963
vn 0.8769 -0.0591 0.4770
vn 0.8726 -0.1032 0.4774
vn 0.8544 -0.0731 0.5145
vn 0.8539 -0.0780 0.5146
vn 0.8552 -0.0778 0.5125
vn 0.0000 -1.0000 -0.0000
vn 0.0000 -1.0000 0.0000
vn 0.0000 -1.0000 -0.0000
vn 0.0000 -1.0000 0.0000
vn 0.0000 -1.0000 0.0000
vn -0.0000 -1.0000 0.0000
vn -0.0000 -1.0000 0.0000
vn 0.0000 -1.0000 0.0000
vn 0.0000 -1.0000 0.0000
vn -0.0000 -1.0000 0.0000
vn 0.0000 -1.0000 0.0000
vn -0.0000 -1.0000 0.0000
vn 0.0000 -1.0000 0.0000
vn -0.0000 -1.0000 0.0000
vn 0.0000 -1.0000 -0.0000
vn -0.0000 -1.0000 0.0000
vn 0.0000 -1.0000 0.0000
vn 0.0000 -1.0000 0.0000
vn 0.0000 -1.0000 0.0000
vn 0.0000 -1.0000 0.0000
vn 0.0000 -1.0000 0.0000
vn 0.0000 -1.0000 0.0000
vn 0.0000 -1.0000 0.0000
vn 0.0000 -1.0000 0.0000
vn 0.0000 -1.0000 0.0000
vn 0.0000 -1.0000 0.0000
vn 0.0000 -1.0000 0.0000
vn 0.0000 -1.0000 0.0000
vn 0.0000 -1.0000 -0.0000
vn 0.0000 -1.0000 0.0000
vn 0.0000 -1.0000 0.0000
vn 0.0000 -1.0000 0.0000
vn 0.0000 -1.0000 0.0000
vn 0.0000 -1.0000 0.0000
vn -0.0000 -1.0000 0.0000
vn 0.0000 -1.0000 0.0000
vn -0.0000 -1.0000 0.0000
vn -0.0000 -1.0000 0.0000
vn 0.0000 -1.0000 0.0000
vn -0.0000 -1.0000 0.0000
vn 0.0000 -1.0000 -0.0000
vn -0.0000 -1.0000 0.0000
vn 0.0000 -1.0000 0.0000
vn 0.0000 -1.0000 0.0000
vn 0.0000 -1.0000 -0.0000
vn 0.0000 -1.0000 0.0000
vn 0.0000 -1.0000 0.0000
vn 0.0000 -1.0000 0.0000
vn 0.0000 -1.0000 0.0000
vn 0.0000 -1.0000 0.0000
vn 0.0000 -1.0000 0.0000
vn 0.0000 -1.0000 0.0000
vn 0.0000 -1.0000 0.0000
vn 0.1568 -0.0000 -0.9876
vn 0.1568 -0.0000 -0.9876
vn 0.1568 -0.0000 -0.9876
vn 0.1569 -0.0000 -0.9876
vn 0.1569 -0.0000 -0.9876
vn 0.1564 -0.0012 -0.9877
vn 0.1569 0.0000 -0.9876
vn 0.1569 0.0000 -0.9876
vn 0.1568 0.0000 -0.9876
vn 0.1568 0.0000 -0.9876
vn 0.1568 -0.0000 -0.9876
vn 0.1568 0.0000 -0.9876
vn 0.1569 -0.0000 -0.9876
vn 0.1568 0.0000 -0.9876
vn 0.1568 -0.0000 -0.9876
vn 0.1568 0.0000 -0.9876
vn 0.1568 0.0000 -0.9876
vn 0.1568 -0.0000 -0.9876
vn 0.1569 0.0000 -0.9876
vn 0.1568 -0.0000 -0.9876
vn 0.1569 0.0000 -0.9876
vn 0.1568 -0.0000 -0.9876
vn 0.1569 0.0000 -0.9876
vn 0.1568 0.0000 -0.9876
vn 0.1568 0.0000 -0.9876
vn 0.1569 -0.0000 -0.9876
vn 0.1569 0.0000 -0.9876
vn 0.1568 -0.0000 -0.9876
vn 0.1570 -0.0001 -0.9876
vn 0.1573 0.0008 -0.9875
vn 0.1568 -0.0000 -0.9876
vn 0.1568 -0.0000 -0.9876
vn 0.1568 -0.0000 -0.9876
vn 0.1568 0.0000 -0.9876
vn 0.1568 0.0000 -0.9876
vn -0.8401 -0.5184 -0.1594
vn -0.9007 -0.3404 -0.2699
vn -0.5541 -0.8312 -0.0470
vn -0.5018 -0.8638 -0.0453
vn -0.1948 -0.9783 0.0700
vn -0.1898 -0.9804 0.0533
vn -0.2302 -0.9718 0.0510
vn -0.1909 -0.9618 0.1961
vn -0.2104 -0.9567 0.2013
vn -0.4133 -0.8937 0.1747
vn -0.4521 -0.8774 0.1603
vn -0.5363 -0.8248 0.1794
vn -0.7233 -0.6771 0.1357
vn -0.6896 -0.7072 0.1559
vn -0.9950 -0.0520 0.0855
vn -0.9924 -0.0740 0.0983
vn -0.9902 -0.1117 -0.0838
vn -0.9918 -0.1140 -0.0576
vn -0.7546 -0.6552 0.0346
vn -0.7521 -0.6582 0.0337
vn -0.6436 -0.7638 0.0486
vn -0.7487 -0.6628 -0.0091
vn -0.3030 -0.9489 0.0877
vn -0.2341 -0.9653 0.1155
vn -0.2648 -0.9571 0.1179
vn -0.8520 -0.5004 0.1539
vn -0.8550 -0.5086 0.1013
vn -0.6900 -0.7093 0.1443
vn -0.7213 -0.6811 0.1258
vn -0.5366 -0.8279 0.1632
vn -0.5095 -0.8422 0.1761
vn -0.9148 -0.4037 -0.0122
vn -0.9494 -0.3091 -0.0562
vn -0.9519 -0.3058 -0.0170
vn -0.9520 -0.3058 -0.0170
vn -0.9535 -0.2973 0.0490
vn -0.9786 -0.2054 0.0108
vn -0.9801 -0.1912 0.0539
vn -0.9950 -0.0916 0.0393
vn -0.9671 -0.2270 0.1145
vn -0.9554 -0.2644 0.1312
vn -0.9598 -0.2727 0.0660
vn -0.9296 -0.3569 0.0920
vn -0.9307 -0.3607 0.0616
vn -0.8579 -0.5032 0.1039
vn -0.8578 -0.5135 0.0229
vn -0.7564 -0.6489 0.0822
vn -0.6490 -0.7571 0.0746
vn -0.5136 -0.8493 0.1217
vn -0.5103 -0.8569 0.0735
vn -0.5616 -0.8261 0.0454
vn -0.9098 -0.4079 -0.0772
vn -0.8582 -0.5129 -0.0223
vn -0.2687 -0.9482 0.1692
vn -0.2684 -0.9494 0.1629
vn -0.2667 -0.9509 0.1572
vn -0.8899 -0.4386 0.1253
vn -0.8419 -0.5313 0.0951
vn -0.8418 -0.5309 0.0974
vn -0.7214 -0.6846 0.1040
vn -0.5095 -0.8427 0.1740
vn -0.6483 -0.7591 0.0594
vn -0.4940 -0.8611 0.1204
vn -0.2395 -0.9593 0.1494
vn -0.2695 -0.9529 0.1392
vn -0.2993 -0.9520 0.0641
vn -0.2161 -0.9749 0.0525
vn -0.5133 -0.8578 0.0246
vn -0.6341 -0.7725 -0.0341
vn -0.9833 -0.1723 0.0583
vn -0.9823 -0.1702 0.0777
vn -0.9982 -0.0222 0.0549
vn -0.9932 -0.0887 0.0755
vn -0.2704 0.0000 0.9627
vn -0.2704 -0.0000 0.9627
vn -0.2704 0.0000 0.9627
vn -0.2704 0.0000 0.9627
vn -0.2704 0.0000 0.9627
vn -0.2704 0.0000 0.9627
vn -0.2739 -0.0045 0.9617
vn -0.2704 0.0136 0.9627
vn -0.2368 -0.0408 0.9707
vn -0.2653 0.0001 0.9642
vn -0.2704 0.0000 0.9627
vn -0.2704 -0.0000 0.9627
vn -0.2704 -0.0000 0.9627
vn -0.2673 0.0223 0.9633
vn -0.2704 0.0000 0.9627
vn -0.2704 -0.0000 0.9627
vn -0.2704 -0.0000 0.9627
vn -0.1550 -0.0969 0.9832
vn -0.2929 0.0195 0.9559
vn -0.2686 0.0039 0.9632
vn -0.3188 -0.1063 0.9419
vn -0.2704 -0.0000 0.9627
vn -0.2705 -0.0001 0.9627
vn 0.7655 -0.4773 0.4315
vn 0.0782 -0.9715 0.2236
vn 0.2812 -0.8908 0.3569
vn 0.5871 -0.6071 0.5355
vn 0.5682 -0.6339 0.5248
vn 0.5947 -0.5870 0.5493
vn 0.7890 -0.1630 0.5924
vn 0.7700 0.2998 0.5632
vn 0.7585 -0.3364 0.5582
vn 0.7667 -0.2910 0.5722
vn 0.7536 -0.3001 0.5849
vn 0.8664 -0.1450 0.4778
vn 0.8533 -0.1252 0.5062
vn 0.8145 -0.2285 0.5332
vn 0.8231 -0.2326 0.5180
vn 0.7946 -0.2902 0.5333
vn 0.7944 -0.2893 0.5341
vn 0.7687 -0.3220 0.5527
vn 0.7682 -0.3319 0.5475
vn 0.8589 -0.1024 0.5018
vn 0.4643 -0.8159 0.3445
vn 0.6327 -0.7001 0.3310
vn 0.6719 -0.6088 0.4217
vn 0.5785 -0.7408 0.3413
vn 0.1405 -0.9487 0.2832
vn 0.4087 -0.8756 0.2575
vn 0.0716 -0.9833 0.1671
vn 0.0334 -0.9906 0.1323
vn 0.1621 -0.9620 0.2196
vn 0.1079 -0.9793 0.1714
vn 0.1063 -0.9742 0.1988
vn 0.0848 -0.9759 0.2010
vn 0.0741 -0.9759 0.2051
vn 0.1704 -0.9476 0.2701
vn 0.3274 -0.8991 0.2906
vn 0.3200 -0.8701 0.3747
vn 0.3233 -0.8719 0.3679
vn 0.4058 -0.8385 0.3638
vn 0.4166 -0.8407 0.3460
vn 0.5182 -0.7675 0.3774
vn 0.2664 -0.9253 0.2700
vn 0.2534 -0.9222 0.2921
vn 0.2324 -0.9294 0.2867
vn 0.2347 -0.9299 0.2831
vn 0.2540 -0.9236 0.2871
vn 0.2402 -0.9204 0.3085
vn 0.7536 -0.4924 0.4355
vn 0.7091 -0.4877 0.5093
vn 0.7069 -0.5185 0.4811
vn 0.7097 -0.5189 0.4766
vn 0.7062 -0.5300 0.4694
vn 0.6784 -0.5265 0.5124
vn 0.6659 -0.5614 0.4914
vn 0.6529 -0.5595 0.5106
vn 0.7314 -0.4050 0.5486
vn 0.7113 -0.4069 0.5731
vn 0.7397 -0.3073 0.5987
vn 0.7269 -0.3180 0.6086
vn 0.8357 -0.2100 0.5075
vn 0.8504 -0.3173 0.4196
vn 0.8071 -0.3158 0.4989
vn 0.6689 -0.5230 0.5283
vn 0.6509 -0.5201 0.5530
vn 0.6021 -0.5884 0.5397
vn 0.5485 -0.6807 0.4856
vn 0.4809 -0.7587 0.4394
vn 0.4808 -0.7587 0.4396
vn 0.4547 -0.7905 0.4103
vn 0.4702 -0.7935 0.3865
vn 0.5235 -0.7209 0.4542
vn 0.5533 -0.7264 0.4078
vn 0.5159 -0.7671 0.3814
vn 0.4795 -0.8185 0.3164
vn 0.3376 -0.9012 0.2719
vn 0.2038 -0.9692 0.1383
vn 0.2347 -0.9504 0.2040
vn 0.0654 -0.9885 0.1365
vn 0.9945 0.0332 0.0997
vn 0.9997 -0.0105 0.0238
vn 0.8229 -0.0025 -0.5682
vn 0.8186 -0.0060 -0.5743
vn 0.9685 0.0087 -0.2487
vn 0.9533 -0.0201 -0.3014
vn 0.3484 0.0214 -0.9371
vn 0.5758 -0.0118 -0.8175
vn 0.6198 0.0104 -0.7847
vn 0.2570 -0.0081 -0.9664
vn 0.0555 0.0378 -0.9977
vn -0.0937 -0.0137 -0.9955
vn -0.3219 0.0264 -0.9464
vn -0.4175 -0.0071 -0.9086
vn -0.5751 0.0132 -0.8180
vn -0.6938 -0.0198 -0.7199
vn -0.7874 0.0133 -0.6162
vn -0.9002 -0.0115 -0.4354
vn -0.9423 0.0213 -0.3342
vn -0.9995 -0.0242 0.0185
vn -0.9984 -0.0082 0.0559
vn -0.7566 0.0105 0.6538
vn -0.8830 -0.0353 0.4681
vn -0.9265 -0.0064 0.3761
vn -0.5755 -0.0072 0.8178
vn -0.2566 -0.0082 0.9665
vn -0.2837 -0.0023 0.9589
vn -0.5429 0.0024 0.8398
vn 0.0942 0.0063 0.9955
vn 0.0422 0.0221 0.9989
vn 0.4323 0.0136 0.9016
vn 0.7433 -0.0058 0.6690
vn 0.4272 0.0116 0.9041
vn 0.7170 0.0103 0.6970
vn 0.9073 -0.0034 0.4205
vn 0.9238 0.0090 0.3829
vn 0.9324 -0.0104 -0.3612
vn 0.9772 -0.0048 -0.2123
vn 0.9994 -0.0297 -0.0183
vn 0.9976 -0.0079 0.0686
vn 0.4966 -0.0056 -0.8680
vn 0.4868 -0.0016 -0.8735
vn 0.8836 0.0132 -0.4680
vn 0.7776 -0.0664 -0.6252
vn 0.0785 -0.0025 -0.9969
vn 0.0340 -0.0170 -0.9993
vn -0.2713 0.0082 -0.9624
vn -0.4175 -0.0094 -0.9086
vn -0.5413 0.0080 -0.8408
vn -0.6940 -0.0079 -0.7200
vn -0.7640 0.0097 -0.6451
vn -0.9002 -0.0066 -0.4354
vn -0.9295 0.0064 -0.3687
vn -0.9950 -0.0051 -0.0995
vn -0.9997 0.0095 -0.0235
vn -0.9685 -0.0010 0.2490
vn -0.8092 -0.0020 0.5875
vn -0.8227 -0.0057 0.5685
vn -0.9484 0.0125 0.3167
vn -0.5645 -0.0051 0.8254
vn -0.5755 -0.0025 0.8178
vn -0.2566 -0.0051 0.9665
vn -0.3268 0.0065 0.9451
vn 0.0942 0.0050 0.9955
vn 0.0524 0.0142 0.9985
vn 0.7566 -0.0155 0.6537
vn 0.2224 -0.0439 0.9740
vn 0.4323 0.0073 0.9017
vn 0.9071 0.0199 0.4205
vn 0.9424 -0.0082 0.3344
vn 0.7170 0.0103 0.6970
vn 0.8015 -0.0268 0.5973
vn -0.0561 -0.9783 0.1997
vn -0.0663 -0.9850 0.1594
vn -0.1563 -0.9793 0.1284
vn 0.0107 -0.9924 0.1225
vn 0.0275 -0.9862 0.1631
vn -0.0033 -0.9830 0.1836
vn -0.0513 -0.9799 0.1927
vn -0.0537 -0.9801 0.1913
vn 0.0388 -0.9778 0.2061
vn 0.0320 -0.9806 0.1936
vn 0.0188 -0.9857 0.1677
vn -0.1237 -0.9768 0.1747
vn -0.0841 -0.9772 0.1948
vn -0.0857 -0.9751 0.2044
vn -0.1521 -0.9758 0.1571
vn -0.1605 -0.9718 0.1730
vn -0.1706 -0.9756 0.1381
vn -0.1669 -0.9769 0.1335
vn -0.1627 -0.9793 0.1204
vn -0.1497 -0.9822 0.1137
vn -0.1437 -0.9853 0.0921
vn -0.1252 -0.9835 0.1303
vn -0.0986 -0.9913 0.0873
vn -0.1101 -0.9853 0.1306
vn -0.0238 -0.9961 0.0849
vn -0.1250 -0.9776 0.1691
vn -0.1309 -0.9748 0.1804
vn -0.1176 -0.9787 0.1681
vn -0.1060 -0.9739 0.2007
vn -0.0741 -0.9819 0.1740
vn -0.0862 -0.9832 0.1611
vn -0.0910 -0.9822 0.1643
vn -0.0356 -0.9803 0.1944
vn -0.0277 -0.9791 0.2013
vn -0.0393 -0.9819 0.1852
vn -0.0392 -0.9818 0.1856
vn -0.0600 -0.9814 0.1825
vn -0.0266 -0.9720 0.2335
vn -0.0206 -0.9711 0.2379
vn -0.0378 -0.9751 0.2187
vn -0.0617 -0.9645 0.2567
vn -0.0539 -0.9650 0.2568
vn -0.0546 -0.9671 0.2484
vn -0.0500 -0.9699 0.2384
vn -0.0731 -0.9627 0.2604
vn -0.0736 -0.9626 0.2607
vn -0.0951 -0.9684 0.2305
vn -0.0844 -0.9674 0.2389
vn -0.0721 -0.9638 0.2568
vn -0.0828 -0.9626 0.2578
vn -0.1041 -0.9898 0.0970
vn -0.1082 -0.9886 0.1043
vn -0.0490 -0.9956 0.0800
vn -0.0474 -0.9955 0.0819
vn -0.0694 -0.9935 0.0900
vn -0.0171 -0.9891 0.1460
vn -0.0173 -0.9933 0.1139
vn -0.0166 -0.9955 0.0931
vn -0.0173 -0.9952 0.0967
vn -0.0372 -0.9954 0.0887
vn -0.0367 -0.9840 0.1744
vn -0.0434 -0.9821 0.1832
vn -0.0297 -0.9847 0.1716
vn -0.0181 -0.9859 0.1665
vn -0.0191 -0.9867 0.1615
vn -0.1041 -0.9839 0.1455
vn -0.1207 -0.9830 0.1385
vn -0.0908 -0.9829 0.1599
vn -0.0882 -0.9815 0.1702
vn -0.1257 -0.9847 0.1206
vn -0.1290 -0.9824 0.1351
vn -0.1300 -0.9825 0.1337
vn -0.1285 -0.9822 0.1366
vn -0.1693 -0.9766 0.1324
vn -0.1400 -0.9806 0.1371
vn -0.1533 -0.9815 0.1144
vn -0.1221 -0.9850 0.1217
vn -0.1258 -0.9859 0.1100
vn -0.0840 -0.9925 0.0893
vn -0.1007 -0.9914 0.0842
vn -0.0845 -0.9898 0.1149
vn -0.1334 -0.9856 0.1041
vn -0.1109 -0.9833 0.1445
vn -0.1189 -0.9825 0.1434
vn -0.1261 -0.9749 0.1834
vn 0.0070 -0.9907 0.1362
vn 0.0300 -0.9915 0.1265
vn 0.0079 -0.9935 0.1134
vn 0.0310 -0.9946 0.0991
vn 0.0026 -0.9964 0.0843
vn -0.0007 -0.9970 0.0770
vn -0.0067 -0.9963 0.0857
vn -0.0130 -0.9966 0.0819
vn 0.0164 -0.9979 0.0621
vn -0.0078 -0.9988 0.0493
vn 0.0143 -0.9998 0.0138
vn -0.0231 -0.9689 0.2462
vn -0.0105 -0.9803 0.1974
vn -0.0179 -0.9810 0.1931
vn 0.0418 -0.9797 0.1960
vn -0.0357 -0.9807 0.1922
vn -0.0824 -0.9783 0.1900
vn -0.0758 -0.9856 0.1514
vn -0.0718 -0.9858 0.1519
vn -0.1018 -0.9902 0.0956
vn -0.0526 -0.9930 0.1058
vn -0.0746 -0.9953 0.0617
vn -0.0304 -0.9968 0.0746
vn -0.0417 -0.9978 0.0507
vn -0.0099 -0.9980 0.0626
vn -0.0159 -0.9953 0.0958
vn 0.0191 -0.9936 0.1114
vn 0.0121 -0.9889 0.1480
vn 0.0403 -0.9859 0.1623
vn 0.0349 -0.9814 0.1886
vn 0.0393 -0.9795 0.1977
vn 0.0145 -0.9782 0.2073
vn 0.0083 -0.9725 0.2330
vn -0.0635 -0.9720 0.2262
vn -0.0424 -0.9642 0.2617
vn -0.0301 -0.9764 0.2140
vn -0.0168 -0.9712 0.2376
vn -0.0070 -0.9805 0.1966
vn -0.0001 -0.9778 0.2097
vn 0.0076 -0.9846 0.1749
vn 0.0094 -0.9839 0.1784
vn 0.0161 -0.9892 0.1458
vn -0.0090 -0.9908 0.1348
vn -0.0115 -0.9913 0.1310
vn -0.1077 -0.9688 0.2231
vn -0.1207 -0.9681 0.2195
vn -0.1094 -0.9800 0.1662
vn -0.1335 -0.9782 0.1588
vn -0.1224 -0.9808 0.1518
vn -0.1465 -0.9784 0.1456
vn -0.1499 -0.9757 0.1596
vn -0.1043 -0.9854 0.1345
vn -0.1171 -0.9760 0.1836
vn -0.0408 -0.9885 0.1454
vn -0.0252 -0.9871 0.1584
vn -0.0252 -0.9871 0.1584
vn -0.0608 -0.9943 0.0880
vn -0.0154 -0.9952 0.0967
vn -0.0415 -0.9983 0.0417
vn -0.0081 -0.9987 0.0512
vn -0.0213 -0.9995 0.0219
vn -0.0040 -0.9996 0.0284
vn -0.0098 -0.9980 0.0625
vn 0.0170 -0.9971 0.0746
vn 0.0094 -0.9931 0.1173
vn 0.0424 -0.9900 0.1343
vn 0.0387 -0.9858 0.1632
vn 0.0459 -0.9832 0.1768
vn 0.0454 -0.9811 0.1881
vn -0.0683 -0.9927 0.0991
vn -0.1404 -0.9327 0.3323
vn -0.4918 -0.7753 0.3964
vn -0.3560 -0.9167 0.1814
vn -0.3762 -0.7131 0.5915
vn -0.5680 -0.4481 0.6903
vn -0.4827 -0.5252 0.7009
vn -0.5536 -0.2176 0.8038
vn -0.5536 -0.2176 0.8038
vn -0.5636 0.1135 0.8182
vn -0.5644 0.1148 0.8175
vn -0.5114 0.4291 0.7446
vn -0.5353 0.4798 0.6952
vn -0.4196 0.6728 0.6093
vn -0.3696 0.8147 0.4468
vn -0.3566 0.7776 0.5178
vn -0.1586 0.9601 0.2303
vn -0.1420 0.9295 0.3405
vn 0.0332 0.9734 -0.2265
vn -0.0955 0.9884 -0.1179
vn -0.1225 0.9764 0.1779
vn 0.2026 0.9340 -0.2941
vn 0.2026 0.9340 -0.2941
vn 0.3628 0.7686 -0.5268
vn 0.3088 0.6429 -0.7009
vn 0.3519 0.5149 -0.7817
vn 0.4276 0.6571 -0.6208
vn 0.5622 0.1327 -0.8163
vn 0.5682 0.1419 -0.8106
vn 0.5495 -0.1960 -0.8122
vn 0.5572 -0.1869 -0.8090
vn 0.4741 -0.5489 -0.6884
vn 0.4780 -0.5456 -0.6884
vn 0.3524 -0.7800 -0.5171
vn 0.0851 -0.8878 -0.4524
vn 0.0495 -0.9161 -0.3979
vn 0.3670 -0.7625 -0.5328
vn 0.0275 -0.9988 -0.0399
vn 0.1203 -0.9905 -0.0663
vn -0.8236 -0.0000 -0.5672
vn -0.8236 -0.0000 -0.5672
vn -0.8236 0.0000 -0.5672
vn -0.8236 0.0000 -0.5672
vn -0.8236 0.0000 -0.5672
vn -0.8236 0.0000 -0.5672
vn -0.8236 0.0000 -0.5672
vn -0.8236 0.0000 -0.5672
vn -0.8236 -0.0000 -0.5672
vn -0.8236 0.0000 -0.5672
vn -0.8236 0.0000 -0.5672
vn -0.8236 0.0000 -0.5672
vn -0.8236 -0.0000 -0.5672
vn -0.8236 0.0000 -0.5672
vn -0.8236 0.0000 -0.5672
vn -0.8236 0.0000 -0.5672
vn -0.8236 -0.0000 -0.5672
vn -0.8236 -0.0000 -0.5672
vn -0.8236 0.0000 -0.5672
vn -0.8236 0.0000 -0.5672
vn -0.8236 -0.0000 -0.5672
vn 0.8236 0.0000 0.5672
vn -0.8236 -0.0000 -0.5672
vn -0.8236 -0.0000 -0.5672
vn -0.8236 0.0000 -0.5672
vn -0.8236 0.0000 -0.5672
vn -0.8236 -0.0000 -0.5672
vn -0.8236 -0.0000 -0.5672
vn -0.8236 -0.0000 -0.5672
vn -0.8236 -0.0000 -0.5672
vn -0.8236 -0.0000 -0.5672
vn -0.8182 0.0096 -0.5749
vn -0.8236 -0.0000 -0.5672
vn -0.7980 0.0670 -0.5989
vn -0.8194 0.0185 -0.5729
vn -0.8206 0.0336 -0.5705
vn -0.8236 -0.0000 -0.5672
vn -0.8236 -0.0000 -0.5672
vn -0.8236 -0.0000 -0.5672
vn -0.8236 0.0000 -0.5672
vn -0.8236 0.0000 -0.5672
vn -0.8236 -0.0000 -0.5672
vn -0.8236 0.0000 -0.5672
vn -0.8236 0.0000 -0.5672
vn -0.8187 -0.0506 -0.5721
vn -0.8174 -0.0341 -0.5750
vn -0.8166 0.0036 -0.5771
vn -0.8165 0.0028 -0.5774
vn -0.8158 0.0005 -0.5784
vn -0.8152 -0.0017 -0.5791
vn -0.8144 -0.0041 -0.5803
vn -0.7963 0.0726 -0.6005
vn -0.8236 0.0000 -0.5672
vn -0.8236 -0.0000 -0.5672
vn -0.8236 0.0000 -0.5672
vn -0.8236 0.0000 -0.5672
vn -0.8172 0.0056 -0.5763
vn -0.8236 -0.0000 -0.5672
vn -0.8236 0.0000 -0.5672
vn -0.8236 -0.0000 -0.5672
vn -0.8236 0.0000 -0.5672
vn -0.8155 -0.0194 -0.5784
vn -0.8146 -0.0141 -0.5799
vn -0.8424 -0.2437 -0.4806
vn -0.8211 -0.0021 -0.5708
vn -0.8236 -0.0000 -0.5672
vn -0.8236 0.0000 -0.5672
vn 0.6442 -0.1132 -0.7565
vn 0.3305 -0.9396 -0.0890
vn 0.2931 -0.9538 -0.0655
vn 0.2822 -0.1751 -0.9432
vn 0.0924 -0.9253 -0.3677
vn 0.6698 -0.0932 -0.7367
vn 0.6946 -0.1672 -0.6997
vn 0.7146 0.0902 -0.6937
vn 0.6162 0.2580 -0.7442
vn 0.4450 0.6273 -0.6391
vn 0.3087 0.8909 -0.3331
vn 0.3001 0.9519 -0.0609
vn 0.1203 0.9877 0.0996
vn 0.0878 0.9581 0.2727
vn -0.3139 0.8253 0.4694
vn -0.4688 0.5543 0.6878
vn -0.4264 0.1914 0.8840
vn -0.4393 0.1621 0.8836
vn -0.4161 -0.2252 0.8810
vn -0.4567 -0.3146 0.8321
vn -0.2971 -0.7447 0.5976
vn 0.0288 -0.9071 0.4199
vn -0.0272 -0.9995 0.0176
vn -0.3839 0.1114 0.9166
vn 0.0285 -0.9061 0.4222
vn -0.1002 -0.9590 -0.2650
vn -0.1001 -0.9546 -0.2805
vn -0.2267 -0.7800 -0.5832
vn -0.2173 -0.8355 -0.5048
vn -0.3413 -0.4941 -0.7996
vn -0.3283 -0.2387 -0.9139
vn -0.3011 -0.1582 -0.9404
vn -0.0107 -0.9999 -0.0087
vn -0.0932 -0.9939 -0.0586
vn -0.4880 -0.2317 0.8415
vn -0.4099 -0.3738 0.8320
vn -0.4318 -0.7470 0.5055
vn -0.1618 -0.9476 0.2753
vn -0.5256 0.0000 0.8507
vn -0.5171 0.0021 0.8559
vn -0.4803 0.3498 0.8043
vn -0.3982 0.1319 0.9078
vn -0.4165 0.6364 0.6493
vn -0.1785 0.8787 0.4427
vn -0.1807 0.9076 0.3790
vn -0.0048 1.0000 -0.0038
vn -0.0128 0.9999 -0.0100
vn -0.2161 0.6988 -0.6819
vn -0.1075 0.9001 -0.4222
vn -0.0673 0.9845 -0.1617
vn -0.1201 0.9245 -0.3617
vn -0.2864 0.4964 -0.8195
vn -0.1576 0.7871 -0.5964
vn -0.2990 0.2224 -0.9280
vn -0.2965 0.2127 -0.9310
vn -0.3084 -0.0012 -0.9512
vn -0.3067 -0.0006 -0.9518
vn 0.5894 -0.7129 0.3800
vn 0.6960 -0.6750 0.2451
vn 0.6922 -0.6775 0.2485
vn 0.8070 -0.5883 0.0517
vn 0.5076 -0.8408 0.1883
vn 0.9155 -0.1506 -0.3730
vn 0.9003 -0.4266 -0.0866
vn 0.9660 -0.2117 -0.1481
vn 0.9827 -0.1165 -0.1438
vn 0.9833 -0.0251 -0.1804
vn 0.9668 0.2013 -0.1576
vn 0.9680 0.1847 -0.1699
vn 0.8937 0.4422 -0.0758
vn 0.7563 0.6416 0.1278
vn 0.8907 0.4500 -0.0649
vn 0.8062 0.5832 0.0995
vn 0.7041 0.6698 0.2358
vn 0.6080 0.6929 0.3875
vn 0.4147 0.6872 0.5964
vn 0.5954 0.6839 0.4217
vn 0.2254 -0.2074 0.9519
vn 0.1747 -0.0332 0.9841
vn 0.1917 0.1152 0.9747
vn 0.1740 0.1987 0.9645
vn 0.2481 0.3921 0.8858
vn 0.2522 0.4952 0.8313
vn 0.3633 0.5782 0.7305
vn 0.2397 -0.4207 0.8749
vn 0.2310 -0.2166 0.9485
vn 0.3221 -0.5253 0.7876
vn 0.3363 -0.5926 0.7319
vn 0.5015 -0.6834 0.5306
vn 0.4202 -0.6859 0.5941
vn 0.5705 -0.7066 0.4186
vn 0.8237 -0.0212 0.5666
vn 0.8250 -0.0067 0.5651
vn 0.8236 0.0000 0.5672
vn 0.8231 -0.0157 0.5676
vn 0.8222 -0.0079 0.5692
vn 0.8217 -0.0050 0.5698
vn 0.8221 -0.0008 0.5694
vn 0.8275 -0.0174 0.5612
vn 0.8236 -0.0000 0.5672
vn 0.8238 0.0207 0.5665
vn 0.8232 0.0153 0.5675
vn 0.8223 0.0077 0.5690
vn 0.8204 -0.0306 0.5709
vn 0.8254 -0.0030 0.5646
vn 0.8248 0.0097 0.5654
vn 0.8253 0.0043 0.5647
vn 0.8255 -0.0459 0.5625
vn 0.8236 0.0000 0.5672
vn 0.8247 0.0052 0.5656
vn 0.8232 0.0002 0.5677
vn 0.8218 0.0044 0.5698
vn 0.8255 -0.0113 0.5643
vn 0.8255 0.0025 0.5644
vn 0.8257 0.0012 0.5641
vn 0.8044 0.0885 0.5875
vn 0.7967 -0.0012 0.6044
vn 0.8213 -0.0030 0.5704
vn 0.8280 -0.0258 0.5602
vn 0.8214 0.0027 0.5703
vn 0.8303 0.0318 0.5564
vn 0.8236 0.0000 0.5672
vn 0.8236 -0.0000 0.5672
vn 0.8222 0.0111 0.5691
vn 0.4630 -0.2987 0.8345
vn 0.9703 -0.2399 0.0308
vn 0.7237 -0.5672 0.3932
vn 0.5502 -0.4847 0.6800
vn 0.3920 -0.0731 0.9171
vn 0.9744 0.2208 0.0420
vn 0.7517 0.5506 0.3629
vn 0.3994 0.1871 0.8975
vn 0.5585 0.5035 0.6592
vn -0.6828 -0.0000 -0.7306
vn -0.6828 0.0000 -0.7306
vn -0.2664 -0.0000 -0.9639
vn -0.2664 0.0000 -0.9639
vn 0.2118 0.0000 -0.9773
vn 0.2118 0.0000 -0.9773
vn 0.6412 0.0000 -0.7673
vn 0.6412 0.0000 -0.7673
vn 0.9126 0.0000 -0.4089
vn 0.9126 0.0000 -0.4089
vn 0.9994 0.0000 0.0344
vn 0.9994 0.0000 0.0344
vn 0.9099 0.0000 0.4149
vn 0.9099 0.0000 0.4149
vn 0.6828 0.0000 0.7306
vn 0.6828 0.0000 0.7306
vn 0.2664 0.0000 0.9639
vn 0.2664 0.0000 0.9639
vn -0.2118 0.0000 0.9773
vn -0.2118 0.0000 0.9773
vn -0.6412 0.0000 0.7673
vn -0.6412 0.0000 0.7673
vn -0.9126 0.0000 0.4089
vn -0.9126 0.0000 0.4089
vn -0.9994 -0.0000 -0.0344
vn -0.9994 0.0000 -0.0344
vn -0.9099 -0.0000 -0.4149
vn -0.9099 0.0000 -0.4149
vn -0.5274 -0.2279 0.8185
vn -0.5449 -0.1359 0.8274
vn -0.4356 -0.5750 0.6925
vn -0.0520 -0.9933 0.1028
vn -0.2529 -0.8903 0.3788
vn -0.2628 -0.8804 0.3947
vn 0.1928 -0.9505 -0.2435
vn 0.1130 -0.9880 -0.1055
vn 0.5420 -0.4153 -0.7306
vn 0.5547 -0.3223 -0.7671
vn 0.5400 0.3919 -0.7449
vn 0.3883 0.7026 -0.5963
vn 0.1509 0.9738 -0.1699
vn -0.2590 0.8841 0.3890
vn -0.5348 0.3429 0.7722
vn -0.2303 0.9122 0.3388
vn -0.4286 0.6127 0.6640
vn 0.0000 -1.0000 -0.0000
vn 0.0000 -1.0000 -0.0000
vn -0.0000 -1.0000 0.0000
vn 0.0000 -1.0000 0.0000
vn 0.0000 -1.0000 0.0000
vn 0.0000 -1.0000 0.0000
vn 0.0000 -1.0000 0.0000
vn 0.0000 -1.0000 0.0000
vn 0.0000 -1.0000 -0.0000
vn 0.0000 -1.0000 0.0000
vn 0.0000 -1.0000 -0.0000
vn 0.0000 -1.0000 0.0000
vn 0.0000 -1.0000 -0.0000
vn 0.0000 -1.0000 0.0000
vn 0.0000 -1.0000 -0.0000
vn 0.0000 -1.0000 0.0000
vn 0.0000 -1.0000 0.0000
vn 0.0000 -1.0000 0.0000
vn 0.0000 -1.0000 0.0000
vn 0.0000 -1.0000 0.0000
vn 0.0000 -1.0000 0.0000
vn 0.0000 -1.0000 0.0000
vn 0.0000 -1.0000 0.0000
vn -0.0000 -1.0000 0.0000
vn 0.0000 -1.0000 0.0000
vn -0.0000 -1.0000 0.0000
vn 0.0000 -1.0000 0.0000
vn -0.0000 -1.0000 0.0000
vn 0.0000 -1.0000 0.0000
vn -0.0000 -1.0000 0.0000
vn 0.0000 1.0000 -0.0000
vn 0.0000 1.0000 0.0000
vn 0.0000 1.0000 -0.0000
vn 0.0000 1.0000 0.0000
vn 0.0000 1.0000 -0.0000
vn 0.0000 1.0000 0.0000
vn 0.0000 1.0000 -0.0000
vn 0.0000 1.0000 0.0000
vn -0.0000 1.0000 -0.0000
vn 0.0000 1.0000 0.0000
vn 0.0000 1.0000 0.0000
vn 0.0000 1.0000 0.0000
vn 0.0000 1.0000 0.0000
vn 0.0000 1.0000 0.0000
vn -0.0000 1.0000 0.0000
vn 0.0000 1.0000 0.0000
vn -0.0000 1.0000 0.0000
vn 0.0000 1.0000 0.0000
vn 0.0000 1.0000 0.0000
vn 0.0000 1.0000 0.0000
vn 0.0000 1.0000 0.0000
vn 0.0000 1.0000 0.0000
vn 0.0000 1.0000 0.0000
vn 0.0000 1.0000 0.0000
vn 0.0000 1.0000 0.0000
vn 0.0000 1.0000 -0.0000
vn -0.0000 1.0000 0.0000
vn -0.0000 1.0000 -0.0000
vn 0.0000 1.0000 0.0000
vn -0.0000 1.0000 0.0000
vn 0.8236 0.0000 0.5672
vn 0.8236 0.0000 0.5672
vn 0.8236 -0.0000 0.5672
vn 0.8236 -0.0000 0.5672
vn 0.8236 -0.0000 0.5672
vn 0.8236 -0.0000 0.5672
vn 0.8236 0.0000 0.5672
vn 0.8236 -0.0000 0.5672
vn 0.8236 -0.0000 0.5672
vn 0.8236 -0.0000 0.5672
vn 0.8236 -0.0000 0.5672
vn 0.8236 0.0000 0.5672
vn 0.8236 -0.0000 0.5672
vn 0.8236 0.0000 0.5672
vn 0.8236 -0.0000 0.5672
vn 0.8236 -0.0000 0.5672
vn 0.8236 0.0000 0.5672
vn 0.8236 0.0000 0.5672
vn 0.8650 0.4996 0.0467
vn 0.5158 0.3802 0.7677
vn 0.2884 -0.3466 0.8926
vn 0.8236 0.0000 0.5672
vn 0.3541 0.0000 -0.9352
vn 0.3541 0.0000 -0.9352
vn -0.0705 0.0000 -0.9975
vn -0.0705 0.0000 -0.9975
vn -0.4815 0.0000 -0.8764
vn -0.4815 0.0000 -0.8764
vn -0.8049 0.0000 -0.5934
vn -0.8049 0.0000 -0.5934
vn -0.9797 0.0000 -0.2004
vn -0.9797 0.0000 -0.2004
vn -0.9788 0.0000 0.2048
vn -0.9788 0.0000 0.2048
vn -0.8168 0.0000 0.5769
vn -0.8168 0.0000 0.5769
vn -0.6118 0.0000 0.7910
vn -0.6118 0.0000 0.7910
vn -0.3541 0.0000 0.9352
vn -0.3541 0.0000 0.9352
vn 0.0705 -0.0000 0.9975
vn 0.0705 0.0000 0.9975
vn 0.4815 -0.0000 0.8764
vn 0.4815 0.0000 0.8764
vn 0.8049 -0.0000 0.5934
vn 0.8049 0.0000 0.5934
vn 0.9797 -0.0000 0.2004
vn 0.9797 0.0000 0.2004
vn 0.9788 0.0000 -0.2048
vn 0.9788 0.0000 -0.2048
vn 0.8168 0.0000 -0.5769
vn 0.8168 0.0000 -0.5769
vn 0.6118 0.0000 -0.7910
vn 0.6118 0.0000 -0.7910
vn 0.7827 0.0000 -0.6224
vn 0.7791 -0.0006 -0.6269
vn -0.3541 0.0000 0.9352
vn -0.3541 0.0000 0.9352
vn 0.0705 -0.0000 0.9975
vn 0.0705 0.0000 0.9975
vn 0.4815 -0.0000 0.8764
vn 0.4815 0.0000 0.8764
vn 0.8049 -0.0000 0.5934
vn 0.8049 0.0000 0.5934
vn 0.9797 -0.0000 0.2004
vn 0.9797 0.0000 0.2004
vn 0.9788 0.0000 -0.2048
vn 0.9788 0.0000 -0.2048
vn 0.8168 0.0000 -0.5769
vn 0.8168 0.0000 -0.5769
vn 0.6118 0.0000 -0.7910
vn 0.6118 0.0000 -0.7910
vn 0.3541 0.0000 -0.9352
vn 0.3541 0.0000 -0.9352
vn -0.0705 0.0000 -0.9975
vn -0.0705 0.0000 -0.9975
vn -0.4815 0.0000 -0.8764
vn -0.4815 0.0000 -0.8764
vn -0.8049 0.0000 -0.5934
vn -0.8049 0.0000 -0.5934
vn -0.9797 0.0000 -0.2004
vn -0.9797 0.0000 -0.2004
vn -0.9788 0.0000 0.2048
vn -0.9788 0.0000 0.2048
vn -0.8168 0.0000 0.5769
vn -0.8168 0.0000 0.5769
vn -0.6118 0.0000 0.7910
vn -0.6118 0.0000 0.7910
vn 0.4994 0.6485 -0.5745
vn 0.3813 0.7998 -0.4635
vn 0.7664 0.2234 -0.6023
vn 0.7888 0.3298 -0.5187
vn 0.7889 0.0013 -0.6145
vn 0.7308 0.0011 0.6826
vn 0.7247 -0.0003 0.6890
vn 0.9987 0.0022 0.0511
vn 0.9999 -0.0055 -0.0093
vn 0.7433 0.0094 -0.6689
vn 0.2098 0.9323 -0.2946
vn 0.2069 0.9340 -0.2912
vn 0.3958 0.6656 -0.6327
vn 0.2325 0.9185 -0.3199
vn 0.2146 0.9298 -0.2990
vn 0.5711 0.1057 -0.8140
vn 0.5565 0.1723 -0.8128
vn 0.5342 0.3402 -0.7739
vn 0.4612 0.5066 -0.7285
vn 0.5418 -0.3463 -0.7658
vn 0.5488 -0.2362 -0.8019
vn 0.4911 -0.4909 -0.7196
vn 0.4427 -0.6447 -0.6232
vn 0.0411 -0.9976 -0.0552
vn 0.2740 -0.9052 -0.3248
vn 0.0446 -0.9939 -0.1006
vn 0.3311 -0.7959 -0.5069
vn -0.0809 -0.9893 0.1211
vn -0.1630 -0.9592 0.2310
vn -0.1323 -0.9743 0.1825
vn -0.4409 -0.6081 0.6602
vn -0.4928 -0.5032 0.7099
vn -0.3347 -0.8287 0.4485
vn -0.5563 -0.2358 0.7969
vn -0.5625 -0.1057 0.8200
vn -0.3803 0.7457 0.5471
vn -0.3179 0.8153 0.4839
vn -0.4316 0.6487 0.6269
vn -0.5324 0.3464 0.7724
vn -0.4313 0.5891 0.6833
vn -0.5663 0.1583 0.8088
vn -0.2272 0.9277 0.2962
vn -0.1147 0.9761 0.1847
vn -0.1957 0.9381 0.2858
vn 0.5467 0.0000 -0.8373
vn 0.5485 0.0014 -0.8362
vn 0.6169 0.0000 -0.7870
vn 0.6169 0.0000 -0.7870
vn 0.7948 0.0000 -0.6069
vn 0.7948 0.0000 -0.6069
vn 0.9500 0.0000 -0.3123
vn 0.9500 0.0000 -0.3123
vn 0.4228 -0.8691 -0.2567
vn 0.7172 -0.4298 -0.5486
vn 0.4070 -0.8915 -0.1988
vn 0.7302 -0.3183 -0.6045
vn 0.8826 -0.1679 -0.4391
vn -0.0000 1.0000 0.0000
vn 0.0000 1.0000 0.0000
vn -0.0000 1.0000 0.0000
vn -0.0000 1.0000 0.0000
vn 0.0000 1.0000 0.0000
vn -0.0000 1.0000 0.0000
vn 0.0000 1.0000 0.0000
vn 0.0000 1.0000 0.0000
vn 0.0000 1.0000 0.0000
vn 0.0000 1.0000 0.0000
vn 0.0000 1.0000 0.0000
vn 0.0000 1.0000 0.0000
vn 0.0000 1.0000 0.0000
vn 0.0000 1.0000 0.0000
vn 0.0000 1.0000 0.0000
vn 0.0000 1.0000 0.0000
vn 0.0000 1.0000 0.0000
vn 0.0000 1.0000 0.0000
vn 0.0000 1.0000 -0.0000
vn 0.0000 1.0000 0.0000
vn 0.0000 1.0000 -0.0000
vn 0.0000 1.0000 0.0000
vn 0.0000 1.0000 -0.0000
vn 0.0000 1.0000 0.0000
vn -0.0000 1.0000 -0.0000
vn 0.0000 1.0000 -0.0000
vn -0.0000 1.0000 0.0000
vn 0.0000 1.0000 -0.0000
vn -0.0000 -1.0000 0.0000
vn 0.0000 -1.0000 0.0000
vn 0.0000 -1.0000 -0.0000
vn 0.0000 -1.0000 0.0000
vn 0.0000 -1.0000 0.0000
vn 0.0000 -1.0000 0.0000
vn -0.0000 -1.0000 0.0000
vn 0.0000 -1.0000 0.0000
vn -0.0000 -1.0000 0.0000
vn 0.0000 -1.0000 0.0000
vn 0.0000 -1.0000 0.0000
vn -0.0000 -1.0000 0.0000
vn 0.0000 -1.0000 0.0000
vn 0.0000 -1.0000 0.0000
vn 0.0000 -1.0000 -0.0000
vn 0.0000 -1.0000 0.0000
vn 0.0000 -1.0000 0.0000
vn 0.0000 -1.0000 0.0000
vn 0.0000 -1.0000 0.0000
vn 0.0000 -1.0000 0.0000
vn -0.5234 0.0000 -0.8521
vn -0.5337 0.0009 -0.8457
vn 0.0000 -1.0000 0.0000
vn 0.0000 -1.0000 0.0000
vn 0.0000 -1.0000 0.0000
vn 0.0000 -1.0000 0.0000
vn 0.0000 -1.0000 0.0000
vn 0.0000 -1.0000 -0.0000
vn 0.0000 -1.0000 0.0000
vn 0.0000 -1.0000 -0.0000
vn 0.0000 -1.0000 -0.0000
vn 0.0000 -1.0000 0.0000
vn 0.0000 -1.0000 -0.0000
vn 0.0000 -1.0000 0.0000
vn 0.0000 -1.0000 -0.0000
vn 0.0000 -1.0000 0.0000
vn 0.0000 -1.0000 0.0000
vn 0.0000 -1.0000 0.0000
vn 0.0000 -1.0000 0.0000
vn -0.0000 -1.0000 0.0000
vn -0.0000 -1.0000 0.0000
vn 0.0000 -1.0000 -0.0000
vn -0.0000 -1.0000 0.0000
vn 0.0000 -1.0000 -0.0000
vn -0.0000 -1.0000 0.0000
vn 0.0000 -1.0000 -0.0000
vn 0.0000 -1.0000 0.0000
vn 0.0000 -1.0000 0.0000
vn 0.0000 -1.0000 0.0000
vn 0.0000 -1.0000 0.0000
vn -0.0000 -1.0000 0.0000
vn 0.0000 -1.0000 0.0000
vn -0.0000 -1.0000 0.0000
vn 0.0000 -1.0000 0.0000
vn -0.0000 -1.0000 0.0000
vn 0.0000 -1.0000 0.0000
vn 0.0000 -1.0000 0.0000
vn 0.0000 -1.0000 0.0000
vn -0.0000 -1.0000 0.0000
vn 0.0000 -1.0000 0.0000
vn -0.0000 -1.0000 0.0000
vn 0.0000 -1.0000 -0.0000
vn -0.0000 -1.0000 0.0000
vn 0.0000 -1.0000 0.0000
vn -0.0000 -1.0000 -0.0000
vn 0.0000 -1.0000 0.0000
vn -0.0000 -1.0000 -0.0000
vn -0.0000 -1.0000 0.0000
vn 0.0000 -1.0000 -0.0000
vn -0.0000 -1.0000 0.0000
vn 0.0000 -1.0000 -0.0000
vn 0.0000 -1.0000 0.0000
vn 0.0000 -1.0000 -0.0000
vn 0.0000 -1.0000 -0.0000
vn 0.0000 -1.0000 0.0000
vn 0.0000 -1.0000 -0.0000
vn 0.0000 -1.0000 0.0000
vn 0.0000 -1.0000 0.0000
vn 0.0000 -1.0000 0.0000
vn 0.0000 -1.0000 0.0000
vn 0.0000 -1.0000 0.0000
vn 0.0000 -1.0000 0.0000
vn 0.0000 -1.0000 0.0000
vn 0.0000 -1.0000 0.0000
vn 0.0000 -1.0000 0.0000
vn 0.8426 -0.0063 0.5385
vn 0.8598 -0.0003 0.5106
vn 0.5720 -0.1501 -0.8064
vn 0.6026 -0.0473 -0.7967
vn 0.4245 -0.5361 -0.7297
vn 0.4250 -0.4068 -0.8087
vn 0.1355 -0.9061 -0.4009
vn 0.6240 -0.1749 -0.7616
vn 0.4232 -0.8690 -0.2564
vn 0.0134 -0.9999 0.0085
vn 0.5760 0.0000 -0.8174
vn 0.5688 -0.0018 -0.8225
vn 0.3801 0.8005 -0.4633
vn -0.3993 -0.8748 0.2743
vn 0.5173 0.2323 -0.8237
vn 0.5433 0.2784 -0.7920
vn 0.8407 0.0039 0.5415
vn 0.8542 -0.0002 0.5200
vn 0.1442 0.9843 -0.1019
vn 0.1501 0.9820 -0.1148
vn 0.1197 0.9807 -0.1548
vn 0.1170 0.9790 -0.1672
vn 0.0635 0.9838 -0.1677
vn 0.0453 0.9766 -0.2101
vn -0.0138 0.9805 -0.1959
vn -0.0301 0.9764 -0.2137
vn -0.0072 0.9744 -0.2247
vn -0.0785 0.9866 -0.1429
vn 0.0794 0.9863 0.1444
vn 0.1180 0.9802 0.1589
vn 0.1499 0.9825 0.1105
vn 0.1847 0.9765 0.1111
vn 0.2268 0.9728 0.0464
vn 0.1698 0.9835 0.0618
vn 0.2095 0.9768 -0.0438
vn 0.1958 0.9801 -0.0335
vn 0.1962 0.9805 0.0079
vn -0.1683 0.9708 -0.1709
vn -0.1594 0.9692 -0.1877
vn -0.1305 0.9868 -0.0962
vn -0.1821 0.9826 -0.0372
vn -0.1922 0.9807 -0.0350
vn -0.2334 0.9712 0.0488
vn -0.1987 0.9798 0.0244
vn -0.1877 0.9732 0.1325
vn -0.1621 0.9827 0.0894
vn -0.1215 0.9801 0.1571
vn -0.1229 0.9814 0.1477
vn -0.0585 0.9863 0.1545
vn -0.0503 0.9829 0.1772
vn 0.0119 0.9855 0.1691
vn 0.0417 0.9778 0.2053
vn -0.0004 0.9755 0.2199
vn -0.8907 0.0000 -0.4545
vn -0.8907 -0.0000 -0.4545
vn -0.7640 0.0000 0.6452
vn -0.7641 0.0000 0.6452
vn -0.7778 0.0000 0.6285
vn -0.7951 -0.0016 0.6064
vn 0.0811 -0.0009 0.9967
vn 0.0889 0.0000 0.9960
vn 0.8752 -0.0000 0.4837
vn 0.8752 0.0000 0.4837
vn 0.9855 0.0000 -0.1697
vn 0.9867 -0.0011 -0.1624
vn -0.0310 0.0024 -0.9995
vn -0.0152 0.0000 -0.9999
vn -0.7811 0.0000 -0.6244
vn -0.7806 -0.0001 -0.6251
vn -0.8547 0.0012 0.5192
vn -0.8600 -0.0001 0.5102
vn 0.0019 0.0024 1.0000
vn -0.0155 -0.0005 0.9999
vn 0.9874 -0.0014 0.1582
vn 0.9910 0.0020 0.1337
vn 0.8517 -0.0003 -0.5240
vn 0.8454 0.0010 -0.5342
vn 0.0187 -0.0026 -0.9998
vn -0.0120 0.0000 -0.9999
vn -0.7133 0.0000 -0.7008
vn -0.7133 0.0000 -0.7008
vn 0.2502 0.0000 -0.9682
vn 0.2492 0.0011 -0.9685
vn -0.1859 -0.0002 0.9826
vn -0.0200 0.0061 0.9998
vn 0.3103 -0.0189 0.9505
vn 0.4550 -0.0033 0.8905
vn 0.8233 -0.0007 0.5677
vn 0.9358 -0.0411 0.3501
vn 0.7339 -0.0016 0.6793
vn -0.2704 0.0000 0.9627
vn -0.2704 0.0000 0.9627
vn -0.9607 -0.0004 -0.2777
vn -0.9741 0.0081 -0.2261
vn -0.9405 -0.0101 0.3397
vn -0.9010 0.0046 0.4338
vn -0.5203 -0.0039 0.8540
vn -0.4896 0.0000 0.8719
vn 0.1598 0.9730 -0.1667
vn 0.2719 0.8770 -0.3962
vn 0.4627 0.5710 -0.6781
vn 0.4937 0.5014 -0.7105
vn 0.5271 0.2383 -0.8157
vn 0.2950 0.9495 -0.1065
vn 0.8579 0.4295 -0.2820
vn 0.8926 0.3568 -0.2755
vn 0.6645 0.5545 -0.5010
vn 0.7223 0.5550 -0.4125
vn 0.4440 0.8807 -0.1650
vn 0.2553 0.8923 -0.3722
vn 0.3688 0.8928 -0.2586
vn 0.2810 0.8768 -0.3901
vn 0.5002 0.5700 -0.6519
vn 0.2767 0.9485 -0.1545
vn 0.4103 0.8917 -0.1911
vn 0.3683 0.8932 -0.2579
vn 0.7274 0.6615 -0.1826
vn 0.6695 0.6619 -0.3371
vn 0.8907 0.0736 -0.4486
vn 0.7925 0.2970 -0.5326
vn 0.6988 0.4765 -0.5336
vn 0.5392 0.3680 -0.7575
vn 0.5993 0.2375 -0.7645
vn 0.7253 0.1909 0.6615
vn 0.7922 0.1968 -0.5777
vn 0.9603 0.2745 0.0491
vn 0.9853 0.1701 -0.0155
vn 0.5950 0.8021 -0.0498
vn 0.6090 0.7909 -0.0599
vn 0.7189 0.1710 0.6738
vn 0.5668 0.4903 -0.6621
vn 0.5223 0.6998 0.4872
vn 0.3058 -0.0180 0.9519
vn 0.2772 0.0013 0.9608
vn 0.2811 0.0034 0.9597
vn 0.2656 -0.0062 0.9641
vn 0.2979 0.0179 0.9544
vn 0.3389 -0.0548 0.9392
vn 0.3378 0.0624 0.9392
vn 0.3095 0.0167 0.9508
vn 0.2494 -0.2619 0.9323
vn 0.7074 -0.3071 -0.6366
vn 0.7210 -0.1630 0.6735
vn 0.0719 -0.7545 0.6523
vn 0.5712 -0.8028 -0.1710
vn 0.8618 -0.4866 0.1431
vn 0.6639 -0.7469 -0.0373
vn 0.4063 -0.8925 -0.1959
vn 0.6113 -0.4777 0.6309
vn 0.6911 -0.2852 -0.6640
vn 0.9780 -0.2085 -0.0091
vn 0.9773 -0.2119 -0.0069
vn 0.7192 -0.1552 0.6772
vn 0.3137 0.4308 0.8462
vn 0.4142 0.1561 0.8967
vn 0.4066 0.1506 0.9011
vn 0.3516 -0.0516 0.9347
vn 0.6047 -0.0566 0.7945
vn 0.5720 0.0665 0.8176
vn 0.6605 -0.7508 0.0018
vn 0.3115 -0.5953 0.7407
vn 0.2438 0.7883 0.5650
vn 0.2770 0.3750 0.8846
vn 0.4673 0.5253 0.7111
vn 0.3716 0.5139 0.7732
vn 0.4990 0.7581 0.4199
vn 0.1231 0.8625 0.4908
vn 0.2965 0.9498 0.0998
vn 0.4077 0.3612 0.8386
vn 0.5561 0.5778 0.5974
vn 0.7552 0.3809 0.5335
vn 0.4067 0.1501 0.9011
vn 0.5296 -0.1702 0.8310
vn 0.4816 -0.2938 0.8257
vn 0.6442 -0.4880 0.5889
vn 0.6463 -0.7526 -0.1261
vn 0.6766 -0.7238 -0.1354
vn 0.7916 -0.4819 -0.3757
vn 0.8828 -0.3206 -0.3434
vn 0.8756 -0.1580 -0.4564
vn 0.8752 0.2613 -0.4072
vn 0.9217 0.1933 -0.3363
vn 0.8104 0.4705 -0.3493
vn 0.6945 0.6941 -0.1893
vn 0.8367 0.5469 -0.0286
vn 0.4236 0.9029 -0.0735
vn 0.1651 -0.9393 0.3007
vn 0.1059 -0.8101 0.5767
vn 0.2344 -0.7994 0.5531
vn 0.6247 -0.7715 0.1205
vn 0.4492 -0.8776 0.1675
vn 0.4827 -0.8673 0.1214
vn 0.7782 -0.6279 0.0075
vn 0.5792 0.7950 0.1803
vn 0.7231 0.5986 0.3449
vn 0.8054 0.4226 0.4157
vn 0.9280 0.0914 0.3611
vn 0.9381 0.1961 0.2855
vn 0.9562 -0.0337 0.2909
vn 0.9082 -0.1635 0.3854
vn 0.7839 -0.4772 0.3974
vn 0.7941 -0.4709 0.3841
vn 0.6074 -0.6649 0.4347
vn 0.4750 -0.4406 0.7617
vn 0.3686 -0.4829 0.7943
vn 0.1597 0.2278 0.9605
vn -0.2233 -0.0971 0.9699
vn 0.0404 0.2273 0.9730
vn 0.2623 0.3776 0.8880
vn 0.2935 0.4876 0.8222
vn 0.1355 0.8539 0.5025
vn -0.1287 0.7993 0.5870
vn -0.2130 0.8103 0.5460
vn -0.2555 0.7183 0.6471
vn -0.1542 -0.1592 0.9751
vn -0.2766 -0.3684 0.8876
vn -0.2388 -0.6410 0.7295
vn -0.1149 -0.8829 0.4554
vn 0.1421 -0.6140 0.7764
vn -0.0775 -0.9161 0.3934
vn 0.0853 -0.8015 0.5919
vn 0.1608 -0.6708 0.7240
vn -0.0409 -0.6199 0.7836
vn 0.1551 -0.2499 0.9558
vn -0.2162 -0.6417 0.7359
vn -0.2199 -0.3836 0.8969
vn 0.1033 -0.4463 0.8889
vn 0.0322 -0.3253 0.9451
vn 0.0671 -0.1905 0.9794
vn 0.0460 -0.1356 0.9897
vn -0.3604 0.3995 0.8429
vn 0.1116 0.4506 0.8857
vn 0.0869 0.1263 0.9882
vn -0.2113 0.1000 0.9723
vn 0.1118 0.4588 0.8815
vn -0.2543 0.4516 0.8552
vn -0.1129 0.6842 0.7205
vn -0.0643 0.4632 0.8839
vn -0.1137 -0.7830 -0.6115
vn 0.1121 0.7871 0.6065
vn -0.1133 -0.7951 -0.5958
vn -0.1580 0.1356 0.9781
vn -0.2533 0.3875 0.8864
vn 0.0409 -0.9976 -0.0568
vn 0.2513 -0.8800 -0.4031
vn 0.4029 -0.7107 -0.5767
vn 0.4531 -0.5835 -0.6740
vn 0.5406 -0.2585 -0.8006
vn 0.5112 -0.3543 -0.7830
vn 0.7438 -0.5536 -0.3746
vn 0.8884 -0.3543 -0.2920
vn 0.8029 -0.5539 -0.2202
vn 0.4632 -0.8721 -0.1574
vn 0.5194 -0.8317 -0.1962
vn 0.5125 -0.8315 -0.2142
vn 0.3965 -0.8961 -0.1997
vn 0.3311 -0.8946 -0.3001
vn 0.7317 -0.3903 -0.5587
vn 0.7307 -0.3956 -0.5565
vn 0.5924 -0.2790 -0.7558
vn 0.5902 -0.2578 -0.7650
vn 0.5123 -0.5815 -0.6321
vn 0.8303 -0.5050 -0.2356
vn 0.8907 -0.0736 -0.4486
vn 0.7439 -0.5534 -0.3746
vn 0.6499 -0.5534 -0.5209
vn 0.5227 -0.7594 -0.3875
vn 0.3921 -0.7596 -0.5189
vn 0.3177 -0.8779 -0.3584
vn 0.1841 -0.9808 -0.0637
vn 0.1750 -0.9806 -0.0880
vn 0.1527 -0.9806 -0.1226
vn 0.1258 -0.9807 -0.1496
vn 0.9754 -0.0000 0.2205
vn 0.8265 0.0111 0.5628
vn 0.8170 0.0311 0.5758
vn 0.7929 0.0056 0.6093
vn 0.7774 0.0000 0.6290
vn 0.7215 0.0000 0.6924
vn 0.6968 0.0602 0.7147
vn 0.7506 0.0000 0.6607
vn 0.9633 0.0083 0.2683
vn 0.9736 -0.0320 0.2262
vn 0.9501 0.0232 0.3109
vn 0.9376 -0.0030 0.3477
vn 0.8537 -0.0000 0.5208
vn 0.8739 0.0000 0.4860
vn 0.8942 0.0312 0.4465
vn 0.8996 0.0196 0.4363
vn 0.9160 0.0017 0.4012
vn -0.6806 -0.0000 -0.7327
vn -0.6806 0.0000 -0.7327
vn -0.2607 -0.0000 -0.9654
vn -0.2607 0.0000 -0.9654
vn 0.2222 0.0000 -0.9750
vn 0.2222 0.0000 -0.9750
vn 0.6326 0.0000 -0.7745
vn 0.6326 0.0000 -0.7745
vn 0.9047 0.0000 -0.4261
vn 0.9047 0.0000 -0.4261
vn 0.9993 0.0000 0.0387
vn 0.9993 0.0000 0.0387
vn 0.9080 0.0000 0.4189
vn 0.9080 0.0000 0.4189
vn 0.6806 0.0000 0.7327
vn 0.6806 0.0000 0.7327
vn 0.2607 0.0000 0.9654
vn 0.2607 0.0000 0.9654
vn -0.2222 0.0000 0.9750
vn -0.2222 0.0000 0.9750
vn -0.6326 0.0000 0.7745
vn -0.6326 0.0000 0.7745
vn -0.9047 0.0000 0.4261
vn -0.9047 0.0000 0.4261
vn -0.9993 -0.0000 -0.0387
vn -0.9993 0.0000 -0.0387
vn -0.9080 -0.0000 -0.4189
vn -0.9080 0.0000 -0.4189
vn 0.6806 0.0000 0.7327
vn 0.6806 0.0000 0.7327
vn 0.2607 0.0000 0.9654
vn 0.2607 0.0000 0.9654
vn -0.2222 0.0000 0.9750
vn -0.2222 0.0000 0.9750
vn -0.6326 0.0000 0.7745
vn -0.6326 0.0000 0.7745
vn -0.9047 0.0000 0.4261
vn -0.9047 0.0000 0.4261
vn -0.9993 -0.0000 -0.0387
vn -0.9993 0.0000 -0.0387
vn -0.9080 -0.0000 -0.4189
vn -0.9080 0.0000 -0.4189
vn -0.6806 -0.0000 -0.7327
vn -0.6806 0.0000 -0.7327
vn -0.2607 -0.0000 -0.9654
vn -0.2607 0.0000 -0.9654
vn 0.2222 0.0000 -0.9750
vn 0.2222 0.0000 -0.9750
vn 0.6326 0.0000 -0.7745
vn 0.6326 0.0000 -0.7745
vn 0.9047 0.0000 -0.4261
vn 0.9047 0.0000 -0.4261
vn 0.9993 0.0000 0.0387
vn 0.9993 0.0000 0.0387
vn 0.9080 0.0000 0.4189
vn 0.9080 0.0000 0.4189
vn 0.9477 0.0490 0.3155
vn 0.9453 0.0000 0.3263
vn 0.4041 -0.0028 0.9147
vn 0.4154 0.0000 0.9096
vn 0.8365 0.0000 0.5479
vn 0.8365 0.0000 0.5479
vn 0.2111 -0.0008 0.9775
vn 0.2129 0.0000 0.9771
vn 0.6516 -0.0000 0.7585
vn 0.6516 0.0000 0.7585
vn 0.8871 -0.0000 0.4616
vn 0.8871 0.0000 0.4616
vn 0.9423 0.0004 0.3349
vn 0.9424 0.0000 0.3344
vn 0.6900 -0.0026 0.7238
vn 0.6970 0.0000 0.7171
vn 0.0815 -0.0000 0.9967
vn 0.0815 0.0000 0.9967
vn -0.3328 0.0000 0.9430
vn -0.3328 0.0000 0.9430
vn 0.3306 0.0000 -0.9438
vn 0.3306 0.0000 -0.9438
vn -0.1450 0.0000 -0.9894
vn -0.1450 0.0000 -0.9894
vn -0.5920 0.0000 -0.8060
vn -0.5920 0.0000 -0.8060
vn -0.8928 0.0000 -0.4504
vn -0.8928 0.0000 -0.4504
vn -0.9998 0.0000 -0.0193
vn -0.9998 0.0000 -0.0193
vn -0.8995 0.0000 0.4369
vn -0.8995 0.0000 0.4369
vn -0.6632 0.0000 0.7484
vn -0.6632 0.0000 0.7484
vn -0.3306 0.0000 0.9438
vn -0.3306 0.0000 0.9438
vn 0.1450 -0.0000 0.9894
vn 0.1450 0.0000 0.9894
vn 0.5920 -0.0000 0.8060
vn 0.5920 0.0000 0.8060
vn 0.8928 -0.0000 0.4504
vn 0.8928 0.0000 0.4504
vn 0.9998 -0.0000 0.0193
vn 0.9998 0.0000 0.0193
vn 0.8995 0.0000 -0.4369
vn 0.8995 0.0000 -0.4369
vn 0.6632 0.0000 -0.7484
vn 0.6632 0.0000 -0.7484
vn 0.6673 -0.0000 0.7448
vn 0.6673 0.0000 0.7448
vn 0.6673 0.0000 0.7448
vn 0.6673 0.0000 0.7448
vn 0.6673 0.0000 0.7448
vn 0.6673 -0.0000 0.7448
vn 0.6673 -0.0000 0.7448
vn 0.6673 0.0000 0.7448
vn 0.6981 -0.0000 0.7160
vn 0.7114 -0.0085 0.7027
vn 0.7404 0.0000 0.6721
vn 0.7680 0.0000 0.6405
vn 0.7928 -0.0096 0.6095
vn 0.8056 -0.0010 0.5924
vn 0.9487 0.0021 0.3162
vn 0.9675 -0.0027 0.2529
vn 0.9873 0.0025 -0.1588
vn 0.9724 -0.0018 -0.2334
vn 0.8122 0.0011 -0.5834
vn 0.7767 -0.0027 -0.6299
vn 0.4715 0.0016 -0.8819
vn 0.2210 -0.0140 -0.9752
vn 0.0135 -0.0010 -0.9999
vn -0.3034 -0.0010 -0.9529
vn -0.3043 -0.0025 -0.9526
vn -0.3067 0.0000 -0.9518
vn -0.7593 -0.0056 -0.6507
vn -0.7424 -0.0080 -0.6699
vn -0.7422 -0.0084 -0.6701
vn -0.7420 -0.0093 -0.6704
vn -0.7414 -0.0018 -0.6711
vn -0.7417 -0.0110 -0.6707
vn -0.7413 -0.0139 -0.6710
vn -0.7417 -0.0086 -0.6706
vn -0.7414 -0.0024 -0.6710
vn -0.7414 -0.0020 -0.6710
vn -0.7414 -0.0017 -0.6711
vn -0.7414 -0.0017 -0.6711
vn -0.7413 -0.0017 -0.6712
vn 0.8236 0.0052 0.5672
vn 0.8233 0.0028 0.5675
vn -0.8111 0.0013 -0.5849
vn -0.8113 0.0000 -0.5846
vn -0.5769 -0.0000 -0.8168
vn -0.5769 0.0000 -0.8168
vn -0.3656 -0.0000 -0.9308
vn -0.3656 0.0000 -0.9308
vn -0.1325 -0.0000 -0.9912
vn -0.1325 0.0000 -0.9912
vn 0.2483 0.0000 -0.9687
vn 0.2483 0.0000 -0.9687
vn 0.5733 0.0000 -0.8193
vn 0.5733 0.0000 -0.8193
vn 0.8248 0.0000 -0.5654
vn 0.8248 0.0000 -0.5654
vn 0.9356 0.0000 -0.3531
vn 0.9356 0.0000 -0.3531
vn 0.9928 0.0000 -0.1198
vn 0.9928 0.0000 -0.1198
vn 0.9654 0.0000 0.2607
vn 0.9654 0.0000 0.2607
vn 0.8121 0.0000 0.5835
vn 0.8121 0.0000 0.5835
vn 0.5555 0.0000 0.8315
vn 0.5555 0.0000 0.8315
vn 0.3414 0.0000 0.9399
vn 0.3414 0.0000 0.9399
vn 0.1070 0.0000 0.9943
vn 0.1070 0.0000 0.9943
vn -0.2731 0.0000 0.9620
vn -0.2731 0.0000 0.9620
vn -0.5939 0.0000 0.8045
vn -0.5939 0.0000 0.8045
vn -0.8553 0.0000 0.5181
vn -0.8543 0.0093 0.5196
vn -0.9931 -0.0096 0.1169
vn -0.9929 0.0000 0.1188
vn -0.9573 -0.0000 -0.2890
vn -0.9572 -0.0022 -0.2894
vn 0.9469 -0.0170 0.3211
vn 0.9458 -0.0000 0.3248
vn 0.4154 0.0000 0.9096
vn 0.4154 0.0000 0.9096
vn 0.8365 0.0000 0.5479
vn 0.8365 0.0000 0.5479
vn 0.2111 -0.0000 0.9775
vn 0.2111 0.0000 0.9775
vn 0.6516 -0.0000 0.7585
vn 0.6516 0.0000 0.7585
vn 0.8871 -0.0000 0.4616
vn 0.8871 0.0000 0.4616
vn 0.9422 0.0004 0.3351
vn 0.9424 0.0000 0.3345
vn 0.6702 -0.0029 0.7421
vn 0.6706 -0.0028 0.7419
vn 0.0611 0.0026 0.9981
vn 0.0510 0.0000 0.9987
vn -0.3328 0.0000 0.9430
vn -0.3328 0.0000 0.9430
vn -0.9883 -0.0000 -0.1528
vn -0.9883 0.0000 -0.1528
vn -0.9838 0.0000 0.1793
vn -0.9838 0.0000 0.1793
vn -0.8703 0.0000 0.4925
vn -0.8703 0.0000 0.4925
vn -0.6602 0.0000 0.7511
vn -0.6602 0.0000 0.7511
vn -0.3763 0.0000 0.9265
vn -0.3763 0.0000 0.9265
vn -0.0505 0.0000 0.9987
vn -0.0505 0.0000 0.9987
vn 0.2598 0.0000 0.9657
vn 0.2598 0.0000 0.9657
vn 0.5445 0.0000 0.8388
vn 0.4476 -0.3628 0.8174
vn 0.6795 -0.5100 0.5274
vn 0.8590 0.0000 0.5119
vn 0.4957 0.0000 -0.8685
vn 0.4957 0.0000 -0.8685
vn 0.2585 0.0000 -0.9660
vn 0.2585 0.0000 -0.9660
vn -0.0728 -0.0000 -0.9973
vn -0.0728 0.0000 -0.9973
vn -0.5295 0.0000 -0.8483
vn -0.5295 0.0000 -0.8483
vn -0.8628 0.0000 -0.5056
vn -0.8628 0.0000 -0.5056
vn -0.9989 0.0000 -0.0468
vn -0.9989 0.0000 -0.0468
vn -0.9094 0.0000 0.4159
vn -0.9094 0.0000 0.4159
vn -0.6142 0.0000 0.7892
vn -0.6142 0.0000 0.7892
vn -0.1733 0.0000 0.9849
vn -0.1733 0.0000 0.9849
vn 0.3031 -0.0000 0.9529
vn 0.3031 0.0000 0.9529
vn 0.7024 -0.0000 0.7118
vn 0.7024 0.0000 0.7118
vn 0.9505 -0.0000 0.3107
vn 0.9505 0.0000 0.3107
vn 0.9853 0.0000 -0.1707
vn 0.9853 0.0000 -0.1707
vn 0.8266 0.0000 -0.5628
vn 0.8266 0.0000 -0.5628
vn 0.8232 -0.0077 0.5677
vn 0.8236 -0.0034 0.5672
vn 0.8700 -0.0010 0.4931
vn 0.8782 0.0000 0.4782
vn 0.8461 0.0357 0.5318
vn 0.8682 0.0000 0.4962
vn 0.8782 0.0000 0.4782
vn 0.8782 0.0000 0.4782
vn 0.8697 0.0015 0.4936
vn 0.3025 0.7819 0.5451
vn 0.8651 -0.0000 0.5015
vn 0.8653 0.0001 0.5012
vn 0.8415 -0.0135 0.5401
vn 0.8605 0.0343 0.5082
vn 0.9162 -0.2019 -0.3461
vn 0.8651 -0.0000 0.5015
vn 0.8705 -0.0000 0.4921
vn 0.8705 -0.0000 0.4921
vn 0.8782 -0.0000 0.4782
vn 0.8782 -0.0000 0.4782
vn 0.8590 -0.0000 0.5119
vn 0.8656 -0.0128 0.5005
vn -0.0191 -0.9979 -0.0618
vn -0.0663 -0.9962 0.0564
vn 0.0037 -0.9999 0.0118
vn 0.3180 0.8704 -0.3759
vn 0.0149 -0.9999 0.0053
vn -0.0126 -0.9999 -0.0111
vn 0.0132 -0.9999 0.0017
vn 0.0630 -0.9976 -0.0299
vn 0.0060 -1.0000 -0.0047
vn -0.4042 0.8573 0.3189
vn 0.0218 -0.9998 -0.0035
vn 0.0021 -1.0000 -0.0008
vn 0.0230 -0.9994 0.0244
vn -0.0763 -0.9964 0.0362
vn 0.0175 -0.9998 0.0049
vn -0.0286 -0.9993 -0.0231
vn 0.0063 -1.0000 0.0008
vn -0.0026 -1.0000 -0.0038
vn 0.0411 -0.9972 0.0618
vn -0.9629 -0.0013 -0.2699
vn -0.9631 -0.0003 -0.2693
vn 0.0630 0.9976 -0.0299
vn 0.0166 0.9999 -0.0002
vn 0.0030 0.9999 0.0110
vn -0.0216 0.9982 -0.0559
vn -0.0134 0.9998 -0.0127
vn 0.0163 0.9999 0.0052
vn -0.0655 0.9962 0.0569
vn 0.0097 0.9999 -0.0103
vn 0.0363 0.9924 0.1172
vn -0.0191 0.9979 -0.0618
vn -0.0269 0.9994 -0.0222
vn 0.0181 0.9998 0.0051
vn -0.0774 0.9963 0.0367
vn 0.0076 1.0000 0.0022
vn 0.0253 0.9994 0.0236
vn -0.0030 1.0000 -0.0045
vn 0.0411 0.9972 0.0618
vn 0.0154 0.9999 0.0020
vn 0.0026 1.0000 0.0003
vn 0.9627 -0.0000 0.2704
vn 0.9627 0.0000 0.2704
vn -0.7526 -0.6029 -0.2646
vn -0.7480 -0.6140 -0.2521
vn -0.8121 -0.5378 -0.2263
vn -0.8239 -0.4329 -0.3659
vn -0.8709 -0.3251 -0.3685
vn -0.4964 -0.8354 -0.2362
vn -0.7503 -0.6175 -0.2360
vn 0.0049 -0.9998 -0.0173
vn 0.0346 -0.9918 -0.1233
vn 0.0346 -0.9918 -0.1233
vn 0.0275 -0.9948 -0.0980
vn 0.0275 -0.9948 -0.0980
vn 0.0204 -0.9971 -0.0727
vn 0.0204 -0.9971 -0.0727
vn 0.0133 -0.9988 -0.0473
vn 0.0133 -0.9988 -0.0473
vn 0.0049 -0.9998 -0.0173
vn 0.4445 -0.8555 -0.2656
vn -0.0801 -0.9760 0.2027
vn -0.1039 -0.9814 0.1615
vn -0.0691 -0.9679 0.2416
vn -0.0657 -0.9665 0.2481
vn -0.0679 -0.9717 0.2263
vn -0.0713 -0.9684 0.2392
vn -0.0694 -0.9671 0.2449
vn -0.0716 -0.9707 0.2294
vn -0.0410 -0.9884 0.1460
vn -0.0684 -0.9830 0.1702
vn -0.0971 -0.9785 0.1821
vn -0.1458 -0.9720 0.1843
vn -0.0539 -0.9881 0.1444
vn -0.0448 -0.9874 0.1517
vn -0.0523 -0.9798 0.1928
vn -0.0564 -0.9801 0.1903
vn -0.0610 -0.9736 0.2200
vn -0.0687 -0.9758 0.2077
vn -0.0786 -0.9717 0.2226
vn -0.0786 -0.9717 0.2227
vn -0.0938 -0.9872 0.1293
vn -0.0942 -0.9868 0.1320
vn -0.0059 -0.9998 0.0210
vn -0.0066 -0.9998 0.0202
vn -0.0133 -0.9988 0.0465
vn -0.0123 -0.9987 0.0499
vn -0.0243 -0.9976 0.0645
vn -0.0201 -0.9974 0.0699
vn -0.0269 -0.9950 0.0959
vn -0.0269 -0.9950 0.0959
vn -0.0330 -0.9925 0.1176
vn -0.0333 -0.9926 0.1172
vn -0.0368 -0.9907 0.1309
vn -0.0076 -0.9996 0.0271
vn -0.0076 -0.9996 0.0271
vn -0.0228 -0.9964 0.0813
vn -0.0228 -0.9964 0.0813
vn -0.0380 -0.9901 0.1352
vn -0.0380 -0.9901 0.1352
vn -0.0530 -0.9806 0.1887
vn 0.7702 -0.6376 0.0166
vn 0.7645 -0.6445 0.0170
vn -0.8225 0.0506 -0.5665
vn -0.8206 0.0894 -0.5644
vn 0.0186 0.9992 0.0351
vn 0.0106 0.9998 0.0196
vn 0.1249 0.9883 -0.0878
vn -0.0148 0.9999 -0.0088
vn 0.0128 0.9998 0.0171
vn -0.0149 0.9998 -0.0157
vn 0.2897 -0.3470 0.8920
vn -0.0154 0.9941 -0.1078
vn 0.1582 0.8669 0.4727
vn 0.3024 0.1389 0.9430
vn 0.2974 0.3073 0.9039
vn 0.0870 0.9583 0.2722
vn 0.1905 0.7889 0.5842
vn 0.2746 0.3157 0.9083
vn 0.2795 -0.3628 0.8890
vn -0.2196 0.8163 -0.5342
vn 0.3343 0.1242 0.9343
vn 0.3064 0.0016 0.9519
vn 0.3359 -0.1569 0.9288
vn -0.1058 -0.9184 -0.3812
vn 0.3062 0.0070 0.9520
vn 0.2952 0.1286 0.9467
vn 0.2914 -0.1291 0.9479
vn 0.3052 -0.0116 0.9522
vn 0.3084 0.0633 0.9491
vn 0.3010 -0.2590 0.9178
vn 0.2503 -0.2562 0.9336
vn 0.3311 0.1386 0.9334
vn 0.0215 -0.9972 0.0717
vn 0.2033 -0.7611 0.6160
vn 0.2359 -0.6309 0.7391
vn 0.2733 -0.4348 0.8581
vn 0.2869 -0.2998 0.9098
vn 0.2772 -0.4077 0.8700
vn 0.3009 0.2172 0.9286
vn -0.0021 -1.0000 -0.0039
vn 0.7485 -0.4175 0.5151
vn -0.2706 -0.9448 -0.1849
vn 0.0331 -0.9988 -0.0366
vn -0.5126 0.8023 0.3057
vn -0.0019 -1.0000 -0.0001
vn -0.0139 -0.9998 -0.0142
vn 0.0168 -0.9993 0.0323
vn 0.8118 -0.0034 0.5839
vn 0.7892 0.0008 0.6141
vn 0.0375 -0.9903 -0.1334
vn 0.0273 -0.9905 -0.1348
vn 0.0365 -0.9909 -0.1299
vn 0.3054 0.0270 0.9519
vn 0.3064 0.0218 0.9517
vn 0.3040 0.0080 0.9526
vn 0.8089 0.0024 0.5880
vn 0.7927 -0.0009 0.6097
vn 0.0003 -1.0000 -0.0011
vn 0.0001 -1.0000 -0.0021
vn 0.0010 -1.0000 -0.0031
vn 0.0011 -1.0000 -0.0047
vn 0.0030 -1.0000 -0.0067
vn 0.0013 -0.9999 -0.0101
vn 0.0056 -0.9999 -0.0139
vn 0.0033 -0.9998 -0.0183
vn 0.0101 -0.9997 -0.0244
vn 0.0078 -0.9996 -0.0279
vn 0.0133 -0.9988 -0.0473
vn 0.0133 -0.9988 -0.0473
vn 0.0204 -0.9971 -0.0727
vn 0.0204 -0.9971 -0.0727
vn 0.0275 -0.9948 -0.0980
vn 0.0275 -0.9948 -0.0980
vn 0.0346 -0.9918 -0.1233
vn 0.0346 -0.9918 -0.1233
vn 0.0365 -0.9909 -0.1299
vn 0.0365 -0.9909 -0.1299
vn -0.4750 0.0000 0.8800
vn -0.4750 0.0000 0.8800
vn -0.7538 0.0000 0.6571
vn -0.7538 0.0000 0.6571
vn -0.9521 0.0000 0.3059
vn -0.9521 0.0000 0.3059
vn 0.0000 1.0000 0.0000
vn 0.0000 1.0000 -0.0000
vn 0.0000 1.0000 0.0000
vn 0.0000 1.0000 0.0000
vn 0.0000 1.0000 0.0000
vn 0.0000 1.0000 -0.0000
vn 0.0000 1.0000 0.0000
vn 0.0000 1.0000 -0.0000
vn 0.0000 1.0000 -0.0000
vn 0.0000 1.0000 0.0000
vn 0.0000 1.0000 0.0000
vn 0.0000 1.0000 0.0000
vn 0.0000 1.0000 0.0000
vn 0.0000 1.0000 0.0000
vn 0.0000 1.0000 0.0000
vn 0.0000 1.0000 0.0000
vn 0.0000 1.0000 0.0000
vn 0.0000 1.0000 0.0000
vn 0.0000 1.0000 0.0000
vn 0.0000 1.0000 0.0000
vn -0.0000 1.0000 0.0000
vn 0.0000 1.0000 0.0000
vn 0.0000 1.0000 0.0000
vn -0.0000 1.0000 0.0000
vn -0.0000 1.0000 0.0000
vn 0.0000 1.0000 0.0000
vn 0.0000 1.0000 0.0000
vn 0.0000 1.0000 -0.0000
vn 0.0000 1.0000 0.0000
vn 0.0000 1.0000 0.0000
vn 0.0000 1.0000 0.0000
vn 0.0000 1.0000 0.0000
vn 0.0000 1.0000 0.0000
vn 0.0000 1.0000 0.0000
vn 0.0000 1.0000 0.0000
vn 0.0000 1.0000 0.0000
vn -0.0000 1.0000 0.0000
vn 0.0000 1.0000 0.0000
vn -0.0000 1.0000 -0.0000
vn 0.8682 -0.0000 0.4962
vn 0.8657 -0.0019 0.5006
vn 0.4917 0.0010 0.8707
vn 0.4897 0.0000 0.8719
vn 0.2790 -0.0000 0.9603
vn 0.2790 0.0000 0.9603
vn -0.0521 0.0000 0.9986
vn -0.0521 0.0000 0.9986
vn -0.3754 0.0000 0.9269
vn -0.3754 0.0000 0.9269
vn -0.6575 0.0000 0.7535
vn -0.6575 0.0000 0.7535
vn -0.8688 0.0000 0.4952
vn -0.8688 0.0000 0.4952
vn -0.9833 0.0000 0.1819
vn -0.9833 0.0000 0.1819
vn -0.9885 0.0000 -0.1511
vn -0.9885 0.0000 -0.1511
vn 0.0000 -1.0000 0.0000
vn 0.0000 -1.0000 0.0000
vn 0.0000 -1.0000 0.0000
vn 0.0000 -1.0000 0.0000
vn 0.0000 -1.0000 0.0000
vn 0.0000 -1.0000 -0.0000
vn -0.0000 -1.0000 0.0000
vn -0.0000 -1.0000 0.0000
vn 0.0000 -1.0000 -0.0000
vn 0.0000 -1.0000 0.0000
vn 0.0000 -1.0000 0.0000
vn 0.0000 -1.0000 -0.0000
vn -0.0000 -1.0000 0.0000
vn 0.0000 -1.0000 0.0000
vn 0.0000 -1.0000 0.0000
vn 0.0000 -1.0000 0.0000
vn 0.0000 -1.0000 0.0000
vn 0.0000 -1.0000 0.0000
vn 0.0000 -1.0000 0.0000
vn 0.0000 -1.0000 0.0000
vn 0.0000 -1.0000 0.0000
vn 0.0000 -1.0000 0.0000
vn 0.0000 -1.0000 0.0000
vn 0.0000 -1.0000 0.0000
vn 0.0000 -1.0000 0.0000
vn 0.0000 -1.0000 0.0000
vn 0.0000 -1.0000 0.0000
vn -0.0000 -1.0000 0.0000
vn 0.0000 -1.0000 0.0000
vn -0.0000 -1.0000 0.0000
vn 0.0000 -1.0000 0.0000
vn 0.0000 -1.0000 0.0000
vn 0.0000 -1.0000 -0.0000
vn 0.0000 -1.0000 0.0000
vn 0.0000 -1.0000 0.0000
vn -0.0000 -1.0000 0.0000
vn 0.0000 -1.0000 0.0000
vn 0.0000 -1.0000 0.0000
vn 0.0000 -1.0000 0.0000
vn -0.4750 0.0000 0.8800
vn -0.4750 0.0000 0.8800
vn -0.7538 0.0000 0.6571
vn -0.7538 0.0000 0.6571
vn -0.9521 0.0000 0.3059
vn -0.9521 0.0000 0.3059
vn -0.6267 0.7732 -0.0969
vn -0.7000 0.7024 0.1285
vn 0.0000 1.0000 0.0000
vn -0.0984 0.9937 0.0541
vn -0.9309 0.2799 0.2348
vn 0.0000 1.0000 0.0000
vn 0.0000 1.0000 0.0000
vn 0.0000 1.0000 0.0000
vn 0.0000 1.0000 0.0000
vn 0.0000 1.0000 0.0000
vn 0.0000 1.0000 0.0000
vn 0.0000 1.0000 -0.0000
vn 0.0000 1.0000 0.0000
vn 0.0000 1.0000 -0.0000
vn 0.0000 1.0000 0.0000
vn 0.0000 1.0000 -0.0000
vn 0.0000 1.0000 0.0000
vn -0.0000 1.0000 -0.0000
vn 0.0000 1.0000 -0.0000
vn 0.0000 1.0000 0.0000
vn -0.0280 0.9986 0.0451
vn 0.0078 0.9986 0.0531
vn -0.0129 0.9984 0.0550
vn -0.0182 0.9985 0.0521
vn -0.0201 0.9985 0.0518
vn 0.0000 1.0000 0.0000
vn -0.0000 1.0000 0.0000
vn 0.0000 1.0000 0.0000
vn -0.0000 1.0000 0.0000
vn 0.0000 1.0000 0.0000
vn -0.0000 1.0000 0.0000
vn 0.0000 1.0000 0.0000
vn 0.0359 0.9948 0.0953
vn -0.0236 0.9994 0.0267
vn 0.1665 0.9668 0.1940
vn -0.0097 0.9999 0.0047
vn -0.0062 1.0000 0.0075
vn 0.0000 1.0000 0.0000
vn 0.0000 1.0000 0.0000
vn 0.0327 -0.9939 -0.1052
vn 0.0259 -0.9925 -0.1196
vn 0.0334 -0.9923 -0.1190
vn 0.0139 -0.9995 -0.0291
vn 0.0060 -0.9992 -0.0394
vn 0.0143 -0.9996 -0.0234
vn 0.0128 -0.9996 -0.0257
vn 0.0052 -0.9994 -0.0338
vn 0.0101 -0.9996 -0.0259
vn 0.0089 -0.9996 -0.0282
vn 0.0068 -0.9995 -0.0299
vn 0.0229 -0.9997 -0.0066
vn 0.0058 -0.9961 -0.0877
vn 0.0325 -0.9981 -0.0516
vn 0.0240 -0.9955 -0.0920
vn 0.0292 -0.9943 -0.1026
vn 0.0316 -0.9931 -0.1126
vn 0.0354 -0.9937 -0.1064
vn 0.0231 -0.9952 -0.0955
vn 0.0280 -0.9958 -0.0868
vn 0.0192 -0.9967 -0.0792
vn 0.0194 -0.9967 -0.0788
vn 0.0204 -0.9975 -0.0673
vn 0.0208 -0.9976 -0.0662
vn 0.0110 -0.9981 -0.0601
vn 0.0162 -0.9984 -0.0534
vn 0.0109 -0.9991 -0.0420
vn 0.0094 -0.9990 -0.0446
vn -0.4045 -0.0153 0.9144
vn -0.4044 -0.0153 0.9144
vn -0.9329 0.0068 0.3602
vn -0.9466 -0.0021 0.3225
vn -0.9634 0.0013 -0.2681
vn -0.9612 0.0000 -0.2759
vn 0.0000 -1.0000 0.0000
vn 0.0000 -1.0000 0.0000
vn 0.0000 -1.0000 0.0000
vn 0.0000 -1.0000 0.0000
vn 0.0000 -1.0000 0.0000
vn 0.0000 -1.0000 0.0000
vn 0.0000 -1.0000 0.0000
vn 0.0000 -1.0000 0.0000
vn 0.0000 -1.0000 0.0000
vn 0.0000 -1.0000 0.0000
vn 0.0000 -1.0000 0.0000
vn 0.0000 -1.0000 0.0000
vn 0.0000 -1.0000 0.0000
vn 0.0000 -1.0000 0.0000
vn 0.0000 -1.0000 0.0000
vn 0.0000 -1.0000 -0.0000
vn 0.0000 -1.0000 0.0000
vn 0.0000 -1.0000 -0.0000
vn -0.0000 -1.0000 0.0000
vn 0.0000 -1.0000 -0.0000
vn -0.0000 -1.0000 0.0000
vn 0.0000 -1.0000 0.0000
vn 0.0000 -1.0000 0.0000
vn 0.0000 -1.0000 0.0000
vn 0.0000 -1.0000 0.0000
vn 0.0000 -1.0000 0.0000
vn -0.0000 -1.0000 -0.0000
vn 0.0000 -1.0000 0.0000
vn 0.0000 -1.0000 0.0000
vn -0.0000 -1.0000 0.0000
vn 0.0000 -1.0000 0.0000
vn -0.0000 -1.0000 0.0000
vn 0.0000 -1.0000 0.0000
vn -0.0000 -1.0000 0.0000
vn 0.0000 -1.0000 0.0000
vn -0.0000 -1.0000 0.0000
vn 0.0000 -1.0000 0.0000
vn -0.0000 -1.0000 0.0000
vn -0.0000 -1.0000 0.0000
vn 0.0000 -1.0000 0.0000
vn -0.0000 -1.0000 0.0000
vn 0.0000 -1.0000 0.0000
vn 0.0000 -1.0000 0.0000
vn 0.0000 -1.0000 0.0000
vn -0.0000 -1.0000 0.0000
vn 0.0000 -1.0000 0.0000
vn 0.0000 -1.0000 0.0000
vn 0.0000 -1.0000 0.0000
vn 0.0000 -1.0000 0.0000
vn 0.0000 -1.0000 0.0000
vn 0.0000 -1.0000 -0.0000
vn 0.0000 -1.0000 -0.0000
vn 0.0000 -1.0000 0.0000
vn -0.0000 -1.0000 0.0000
vn -0.0000 -1.0000 0.0000
vn 0.0000 -1.0000 -0.0000
vn 0.0000 -1.0000 0.0000
vn 0.0000 -1.0000 0.0000
vn 0.0000 -1.0000 0.0000
vn 0.0000 -1.0000 0.0000
vn 0.0000 -1.0000 0.0000
vn 0.0000 -1.0000 0.0000
vn 0.0000 -1.0000 0.0000
vn 0.0000 -1.0000 0.0000
vn 0.0000 -1.0000 0.0000
vn 0.0000 -1.0000 0.0000
vn 0.0000 -1.0000 0.0000
vn 0.0000 -1.0000 0.0000
vn 0.0000 -1.0000 0.0000
vn -0.0000 -1.0000 0.0000
vn 0.0000 -1.0000 0.0000
vn 0.0000 -1.0000 0.0000
vn 0.0000 -1.0000 0.0000
vn 0.0000 -1.0000 -0.0000
vn 0.0000 -1.0000 0.0000
vn 0.0000 -1.0000 -0.0000
vn 0.0000 -1.0000 0.0000
vn 0.0000 -1.0000 -0.0000
vn -0.0066 0.9999 -0.0082
vn -0.0492 0.9982 -0.0339
vn 0.0000 1.0000 0.0000
vn 0.0000 1.0000 -0.0000
vn -0.0138 0.9994 0.0322
vn 0.1603 0.9826 0.0935
vn 0.0056 1.0000 0.0069
vn 0.0080 0.9999 -0.0114
vn 0.0096 0.9999 -0.0070
vn 0.0291 0.9960 0.0845
vn 0.0229 0.9972 0.0712
vn -0.0423 0.9932 0.1086
vn 0.0608 0.9955 0.0730
vn 0.0187 0.9995 -0.0249
vn 0.0332 0.9969 0.0708
vn -0.0013 1.0000 0.0016
vn 0.0091 0.9999 -0.0112
vn 0.0128 0.9999 0.0020
vn -0.0050 0.9999 0.0149
vn -0.0005 0.9977 0.0678
vn 0.0706 0.9963 0.0498
vn -0.0183 0.9997 0.0179
vn -0.0318 0.9986 0.0420
vn 0.1381 0.9901 0.0253
vn 0.0935 0.9938 0.0594
vn -0.0460 0.9989 0.0043
vn 0.0677 0.9969 -0.0388
vn 0.0119 0.9999 0.0056
vn -0.0017 1.0000 -0.0008
vn -0.0180 0.9998 0.0106
vn -0.0006 0.9997 0.0247
vn -0.0050 0.9998 0.0177
vn -0.0151 0.9999 0.0013
vn -0.0349 0.9991 -0.0251
vn -0.0160 0.9999 0.0003
vn -0.2167 0.9731 0.0777
vn -0.0858 0.9951 -0.0486
vn -0.0770 0.9970 0.0099
vn -0.0502 0.9982 -0.0321
vn -0.5040 0.8375 -0.2114
vn -0.8688 0.3821 -0.3149
vn -0.7141 0.5648 -0.4136
vn 0.2689 -0.0053 -0.9632
vn 0.2704 -0.0000 -0.9627
vn 0.2739 0.0044 -0.9617
vn 0.2487 0.0049 -0.9686
vn 0.2567 -0.0000 -0.9665
vn 0.2677 0.0035 -0.9635
vn 0.2705 0.0134 -0.9626
vn 0.2860 -0.0304 -0.9577
vn 0.2075 0.1169 -0.9712
vn 0.2765 -0.0001 -0.9610
vn 0.2763 0.0000 -0.9611
vn 0.2865 -0.0206 -0.9579
vn 0.4335 -0.2674 -0.8606
vn 0.1306 0.3215 -0.9379
vn 0.2870 0.0249 -0.9576
vn 0.5872 0.8087 -0.0347
vn 0.6298 0.7673 0.1212
vn -0.8969 -0.0009 -0.4423
vn -0.9143 0.0003 -0.4050
vn -0.9190 -0.0011 -0.3944
vn -0.9246 -0.0000 -0.3810
vn -0.9395 -0.0000 -0.3425
vn -0.9332 0.0047 -0.3595
vn -0.9504 -0.0030 -0.3110
vn -0.9620 0.0031 -0.2729
vn -0.9681 -0.0004 -0.2504
vn -0.9745 0.0001 -0.2242
vn -0.7416 0.6707 -0.0113
vn -0.9835 0.0000 -0.1806
vn -0.9521 -0.0046 -0.3056
vn -0.9661 0.0013 -0.2580
vn -0.9870 0.0000 -0.1606
vn -0.9836 0.0008 -0.1806
vn -0.9938 0.0000 -0.1110
vn -0.9714 -0.0016 -0.2375
vn -0.6994 0.0000 -0.7148
vn -0.6991 0.0002 -0.7150
vn -0.7520 -0.0002 -0.6592
vn -0.7516 -0.0000 -0.6596
vn -0.7788 -0.0000 -0.6273
vn -0.7786 0.0000 -0.6275
vn -0.7908 -0.0000 -0.6120
vn -0.7906 0.0000 -0.6123
vn -0.8215 0.0000 -0.5702
vn -0.8202 0.0010 -0.5721
vn -0.8525 -0.0004 -0.5226
vn -0.8513 -0.0000 -0.5246
vn -0.8735 -0.0000 -0.4869
vn -0.8691 0.0022 -0.4946
vn -0.8943 -0.0023 -0.4474
vn -0.8634 0.3937 -0.3156
vn -0.7787 0.5738 -0.2537
vn -0.7775 0.5768 -0.2508
vn 0.7540 -0.2443 0.6098
vn 0.7592 -0.0022 0.6508
vn 0.7612 0.0555 0.6461
vn 0.7415 0.0000 0.6709
vn 0.8036 0.0193 0.5948
vn 0.7415 -0.0000 0.6709
vn 0.7415 -0.0000 0.6709
vn 0.7415 -0.0000 0.6709
vn 0.7415 -0.0000 0.6709
vn 0.7415 -0.0000 0.6709
vn 0.7415 -0.0000 0.6709
vn 0.7415 -0.0000 0.6709
vn 0.7415 -0.0000 0.6709
vn 0.7415 -0.0000 0.6709
vn 0.7415 -0.0000 0.6709
vn 0.7415 -0.0000 0.6709
vn 0.7415 0.0000 0.6709
vn 0.7415 0.0000 0.6709
vn 0.7415 -0.0000 0.6709
vn 0.7415 -0.0000 0.6709
vn 0.7415 -0.0000 0.6709
vn 0.7415 -0.0000 0.6709
vn 0.7415 -0.0000 0.6709
vn 0.7415 -0.0000 0.6709
vn 0.3015 0.0139 0.9534
vn 0.3056 -0.0174 0.9520
vn 0.3059 -0.0163 0.9519
vn -0.8154 0.2887 -0.5018
vn 0.7711 0.0007 0.6367
vn 0.7718 -0.0013 0.6358
vn 0.7891 0.0120 0.6141
vn 0.7720 0.0143 0.6354
vn 0.6075 -0.6870 0.3988
vn 0.7770 -0.0000 0.6295
vn 0.7970 0.0101 0.6038
vn 0.7711 -0.0004 0.6367
vn 0.7716 0.0011 0.6361
vn 0.7484 -0.0000 0.6632
vn 0.7484 -0.0000 0.6632
vn 0.7598 -0.0000 0.6501
vn 0.7598 -0.0000 0.6501
vn 0.7704 -0.0000 0.6375
vn 0.7704 -0.0000 0.6375
vn 0.7770 -0.0000 0.6295
vn 0.8036 -0.0116 0.5950
vn -0.6673 -0.0000 -0.7448
vn -0.6673 0.0000 -0.7448
vn -0.6673 0.0000 -0.7448
vn -0.6673 -0.0000 -0.7448
vn -0.6673 -0.0000 -0.7448
vn -0.6673 -0.0000 -0.7448
vn -0.6673 -0.0000 -0.7448
vn -0.6673 -0.0000 -0.7448
vn -0.6673 -0.0000 -0.7448
vn -0.6673 -0.0000 -0.7448
vn -0.6673 -0.0000 -0.7448
vn -0.6673 -0.0000 -0.7448
vn -0.6673 -0.0000 -0.7448
vn -0.6673 -0.0000 -0.7448
vn -0.9352 0.0000 -0.3541
vn -0.9585 0.0000 -0.2852
vn -0.9352 0.0000 -0.3541
vn -0.9352 -0.0000 -0.3541
vn -0.9585 -0.0000 -0.2852
vn -0.8624 0.0000 -0.5062
vn -0.9352 0.0000 -0.3541
vn -0.9352 0.0000 -0.3541
vn -0.8969 0.0000 -0.4422
vn -0.8969 0.0000 -0.4422
vn -0.8624 0.0000 -0.5062
vn -0.6961 -0.0000 -0.7179
vn -0.6973 -0.0003 -0.7168
vn -0.7463 0.0003 -0.6656
vn -0.7475 -0.0000 -0.6643
vn -0.7734 0.0000 -0.6340
vn -0.7729 0.0000 -0.6345
vn -0.8027 -0.0002 -0.5964
vn -0.8043 -0.0007 -0.5942
vn -0.8393 0.0004 -0.5437
vn -0.8412 -0.0000 -0.5408
vn -0.8612 -0.0000 -0.5082
vn -0.8656 -0.0007 -0.5008
vn -0.9585 0.0000 -0.2852
vn -0.9825 -0.0000 -0.1861
vn -0.9825 0.0000 -0.1861
vn -0.9991 -0.0000 -0.0420
vn -0.9991 0.0000 -0.0420
vn -0.9976 0.0000 0.0692
vn -0.9976 0.0000 0.0692
vn -0.9585 0.0000 -0.2852
vn -0.9825 -0.0000 -0.1861
vn -0.9825 0.0000 -0.1861
vn -0.9991 -0.0000 -0.0420
vn -0.9991 0.0000 -0.0420
vn -0.9976 0.0000 0.0692
vn -0.9976 0.0000 0.0692
vn -0.9440 0.0162 -0.3296
vn -0.9623 0.0056 -0.2720
vn -0.9347 0.0003 0.3553
vn -0.9547 -0.0147 0.2970
vn -0.4620 0.0069 0.8869
vn -0.3940 -0.0145 0.9190
vn 0.0365 0.9909 -0.1299
vn 0.0365 0.9909 -0.1299
vn 0.0008 1.0000 -0.0028
vn -0.0023 1.0000 -0.0031
vn 0.0003 1.0000 -0.0037
vn 0.0030 1.0000 -0.0065
vn 0.0035 1.0000 -0.0064
vn 0.0020 0.9999 -0.0149
vn 0.0060 0.9999 -0.0136
vn 0.0346 0.9918 -0.1233
vn 0.0346 0.9918 -0.1233
vn 0.0275 0.9948 -0.0980
vn 0.0275 0.9948 -0.0980
vn 0.0204 0.9971 -0.0727
vn 0.0204 0.9971 -0.0727
vn 0.0133 0.9988 -0.0473
vn 0.0133 0.9988 -0.0473
vn 0.0076 0.9996 -0.0271
vn 0.0106 0.9996 -0.0248
vn 0.0050 0.9998 -0.0198
vn -0.6465 -0.0000 -0.7629
vn -0.5220 0.0048 -0.8530
vn -0.4271 0.0000 -0.9042
vn -0.1367 0.9718 0.1924
vn -0.0325 0.9994 0.0084
vn -0.1483 0.9369 0.3164
vn -0.2468 0.9507 0.1880
vn -0.0814 0.9735 0.2137
vn -0.0704 0.9655 0.2506
vn -0.0608 0.9774 0.2025
vn -0.0682 0.9756 0.2087
vn -0.0710 0.9664 0.2470
vn 0.0879 0.7675 0.6350
vn -0.0075 0.9782 0.2075
vn -0.1458 0.9888 -0.0326
vn -0.0663 0.9669 0.2464
vn -0.0697 0.9719 0.2248
vn -0.0677 0.9709 0.2299
vn -0.0076 0.9996 0.0271
vn -0.0076 0.9996 0.0271
vn -0.0228 0.9964 0.0813
vn -0.0228 0.9964 0.0813
vn -0.0380 0.9901 0.1352
vn -0.0380 0.9901 0.1352
vn -0.0530 0.9806 0.1887
vn -0.0530 0.9806 0.1887
vn -0.0609 0.9743 0.2170
vn -0.0637 0.9731 0.2214
vn -0.0957 0.9849 0.1444
vn -0.0704 0.9769 0.2017
vn -0.0647 0.9774 0.2010
vn -0.0397 0.9841 0.1730
vn -0.0393 0.9841 0.1730
vn -0.0450 0.9889 0.1418
vn -0.0432 0.9890 0.1414
vn -0.0313 0.9917 0.1245
vn -0.0318 0.9917 0.1246
vn -0.0311 0.9945 0.0996
vn -0.0153 0.9950 0.0986
vn -0.0295 0.9976 0.0634
vn -0.0226 0.9978 0.0631
vn -0.0118 0.9987 0.0499
vn -0.0109 0.9987 0.0494
vn -0.0152 0.9997 0.0211
vn 0.0011 0.9997 0.0241
vn -0.0009 1.0000 0.0032
vn 0.0049 0.9998 -0.0173
vn 0.0346 0.9918 -0.1233
vn 0.0346 0.9918 -0.1233
vn 0.0275 0.9948 -0.0980
vn 0.0275 0.9948 -0.0980
vn 0.0204 0.9971 -0.0727
vn 0.0204 0.9971 -0.0727
vn 0.0133 0.9988 -0.0473
vn 0.0133 0.9988 -0.0473
vn 0.0049 0.9998 -0.0173
vn 0.0375 0.9903 -0.1334
vn 0.0316 0.9904 -0.1342
vn 0.0358 0.9912 -0.1274
vn 0.0288 0.9996 0.0035
vn 0.0096 0.9996 -0.0284
vn 0.0124 0.9996 -0.0251
vn 0.0092 0.9996 -0.0268
vn 0.0066 0.9995 -0.0301
vn 0.0045 0.9995 -0.0321
vn 0.0108 0.9992 -0.0396
vn 0.0097 0.9994 -0.0321
vn 0.0124 0.9996 -0.0250
vn 0.0098 0.9990 -0.0437
vn 0.0103 0.9990 -0.0438
vn 0.0200 0.9983 -0.0543
vn 0.0111 0.9983 -0.0577
vn 0.0204 0.9975 -0.0671
vn 0.0173 0.9976 -0.0665
vn 0.0246 0.9969 -0.0748
vn 0.0196 0.9968 -0.0769
vn 0.0278 0.9954 -0.0913
vn 0.0220 0.9953 -0.0945
vn 0.0364 0.9936 -0.1073
vn 0.0312 0.9933 -0.1111
vn 0.0380 0.9933 -0.1088
vn 0.0141 0.9926 -0.1204
vn 0.0334 0.9923 -0.1190
vn 0.0297 0.9942 -0.1030
vn 0.0289 0.9944 -0.1020
vn 0.0229 0.9957 -0.0899
vn 0.0244 0.9959 -0.0868
vn 0.0152 0.9984 -0.0542
vn -0.3067 -0.0000 -0.9518
vn -0.3042 0.0031 -0.9526
vn -0.3011 -0.0015 -0.9536
vn 0.1063 0.0034 -0.9943
vn 0.2242 0.0123 -0.9745
vn 0.5048 -0.0010 -0.8633
vn 0.7767 0.0016 -0.6299
vn 0.7584 0.0035 -0.6518
vn 0.9651 -0.0037 -0.2617
vn 0.9724 -0.0018 -0.2334
vn 0.9668 -0.0012 0.2557
vn 0.9631 -0.0024 0.2692
vn 0.8044 0.0010 0.5941
vn 0.7927 0.0092 0.6096
vn 0.7743 0.0027 0.6328
vn 0.7444 -0.0031 0.6677
vn 0.7114 0.0096 0.7027
vn 0.6940 0.0000 0.7199
vn 0.6673 -0.0000 0.7448
vn 0.6673 -0.0000 0.7448
vn 0.6673 -0.0000 0.7448
vn 0.6673 0.0000 0.7448
vn 0.6673 0.0000 0.7448
vn 0.6673 0.0000 0.7448
vn 0.6673 -0.0000 0.7448
vn 0.6673 -0.0000 0.7448
vn 0.7213 -0.0233 0.6922
vn 0.7226 -0.0261 0.6908
vn 0.6808 -0.0000 0.7325
vn 0.8173 -0.0085 0.5761
vn 0.8319 -0.0556 0.5522
vn 0.8064 -0.0196 0.5911
vn 0.7874 0.0000 0.6164
vn 0.7614 0.0000 0.6483
vn 0.9201 0.0000 0.3917
vn 0.9034 -0.0127 0.4285
vn 0.8942 -0.0317 0.4465
vn 0.8752 -0.0000 0.4837
vn 0.8559 0.0000 0.5172
vn 0.9344 -0.0000 0.3562
vn 0.9502 -0.0215 0.3109
vn 0.9518 -0.0169 0.3062
vn 0.9740 0.0144 0.2263
vn 0.9689 0.0000 0.2473
vn 0.8856 0.0000 0.4645
vn 0.8255 0.0137 0.5642
vn 0.4992 -0.0074 0.8665
vn 0.2987 0.0163 0.9542
vn -0.1976 -0.0196 0.9801
vn -0.0133 0.0000 0.9999
vn -0.2704 0.0000 0.9627
vn -0.2704 0.0000 0.9627
vn -0.8610 0.0003 -0.5087
vn -0.5196 0.0013 0.8544
vn -0.5282 0.0000 0.8491
vn -0.8925 -0.0028 0.4510
vn -0.8794 -0.0065 0.4761
vn -0.9982 0.0339 -0.0500
vn -0.9714 -0.0014 -0.2374
vn -0.7418 0.0066 -0.6706
vn -0.7420 0.0059 -0.6704
vn -0.7422 0.0057 -0.6702
vn -0.7423 0.0056 -0.6701
vn -0.7414 0.0020 -0.6711
vn -0.7414 0.0019 -0.6711
vn -0.7414 0.0018 -0.6711
vn -0.7414 0.0018 -0.6711
vn -0.7414 0.0022 -0.6710
vn -0.7414 0.0025 -0.6710
vn -0.7416 0.0066 -0.6708
vn -0.7414 0.0098 -0.6710
vn -0.7416 0.0078 -0.6708
vn -0.0000 1.0000 -0.0000
vn 0.0000 1.0000 0.0000
vn -0.0000 1.0000 -0.0000
vn 0.0000 1.0000 0.0000
vn 0.0000 1.0000 0.0000
vn 0.0000 1.0000 0.0000
vn 0.0000 1.0000 0.0000
vn 0.0000 1.0000 -0.0000
vn 0.0000 1.0000 0.0000
vn 0.0000 1.0000 -0.0000
vn 0.0000 1.0000 -0.0000
vn 0.0000 1.0000 0.0000
vn 0.0000 1.0000 0.0000
vn 0.0000 1.0000 0.0000
vn 0.0000 1.0000 0.0000
vn 0.0000 1.0000 0.0000
vn 0.0000 1.0000 0.0000
vn -0.0000 1.0000 0.0000
vn -0.0000 1.0000 0.0000
vn -0.0000 1.0000 0.0000
f 1201//1 1258//1 1105//1
f 1201//2 1105//2 1126//2
f 1201//3 1126//3 1198//3
f 1198//4 1300//4 1201//4
f 1201//5 1300//5 1302//5
f 1201//6 1302//6 1258//6
f 1258//7 1302//7 1456//7
f 1456//8 1302//8 1583//8
f 1583//9 1302//9 1300//9
f 1583//10 1300//10 1582//10
f 1582//11 1300//11 1580//11
f 1684//12 1685//12 1644//12
f 1644//13 1685//13 1645//13
f 1680//14 1684//14 1639//14
f 1639//15 1684//15 1644//15
f 1676//16 1636//16 1638//16
f 1636//17 1637//17 1638//17
f 1775//18 1811//18 1772//18
f 1685//19 1775//19 1646//19
f 1646//20 1775//20 1772//20
f 1646//21 1772//21 1610//21
f 1610//22 1772//22 1746//22
f 1610//23 1746//23 1606//23
f 1725//24 1677//24 1608//24
f 1746//25 1725//25 1606//25
f 1606//26 1725//26 1607//26
f 1607//27 1725//27 1608//27
f 1607//28 1608//28 1578//28
f 1578//29 1608//29 1677//29
f 1578//30 1677//30 1638//30
f 1550//31 1551//31 1548//31
f 1550//32 1548//32 1547//32
f 1049//33 1060//33 1050//33
f 1100//34 1059//34 1049//34
f 1100//35 1049//35 1096//35
f 1100//36 1101//36 1060//36
f 1100//37 1060//37 1059//37
f 1059//38 1060//38 1049//38
f 1095//39 1097//39 1123//39
f 1123//40 1097//40 1125//40
f 1196//41 1200//41 1195//41
f 1196//42 1180//42 1200//42
f 1200//43 1180//43 1179//43
f 1200//44 1179//44 1195//44
f 1195//45 1179//45 1178//45
f 1125//46 1053//46 1052//46
f 1061//47 1153//47 1052//47
f 1052//48 1153//48 1124//48
f 1052//49 1124//49 1125//49
f 1061//50 1102//50 1153//50
f 1153//51 1102//51 1101//51
f 1153//52 1101//52 1179//52
f 1053//53 1045//53 978//53
f 1053//54 978//54 982//54
f 982//55 978//55 977//55
f 1303//56 1258//56 1456//56
f 1105//57 1259//57 1106//57
f 1106//58 1259//58 1199//58
f 1106//59 1199//59 1107//59
f 1458//60 1304//60 1259//60
f 1259//61 1304//61 1255//61
f 1259//62 1255//62 1199//62
f 1259//63 1457//63 1458//63
f 1458//64 1457//64 1559//64
f 1458//65 1559//65 1560//65
f 1560//66 1559//66 1647//66
f 1560//67 1647//67 1612//67
f 1728//68 1751//68 1647//68
f 1647//69 1751//69 1648//69
f 1647//70 1648//70 1612//70
f 1926//71 1881//71 1812//71
f 1881//72 1751//72 1728//72
f 1881//73 1728//73 1812//73
f 1812//74 1728//74 1647//74
f 1812//75 1647//75 1697//75
f 1697//76 1647//76 1559//76
f 1697//77 1559//77 1583//77
f 1583//78 1559//78 1457//78
f 1583//79 1457//79 1456//79
f 1456//80 1457//80 1259//80
f 1456//81 1259//81 1303//81
f 1303//82 1259//82 1105//82
f 1303//83 1105//83 1258//83
f 1881//84 1926//84 1923//84
f 1923//85 1926//85 1964//85
f 1923//86 1963//86 1924//86
f 1924//87 1882//87 1923//87
f 1923//88 1882//88 1881//88
f 1922//89 1924//89 1963//89
f 1959//90 2001//90 1922//90
f 1959//91 2000//91 2001//91
f 2001//92 2000//92 2039//92
f 1922//93 1963//93 1959//93
f 1959//94 1963//94 2005//94
f 1959//95 2005//95 2000//95
f 1923//96 1964//96 1963//96
f 1963//97 1964//97 2005//97
f 1749//98 1775//98 1685//98
f 1810//99 1811//99 1775//99
f 1775//100 1749//100 1810//100
f 1810//101 1749//101 1748//101
f 1685//102 1684//102 1749//102
f 1749//103 1684//103 1748//103
f 1748//104 1684//104 1680//104
f 1748//105 1680//105 1745//105
f 1810//106 1748//106 1808//106
f 1808//107 1748//107 1745//107
f 1838//108 1841//108 1840//108
f 1840//109 1810//109 1808//109
f 1808//110 1837//110 1840//110
f 1810//111 1840//111 1841//111
f 1841//112 1811//112 1810//112
f 1840//113 1837//113 1838//113
f 1807//114 1771//114 1744//114
f 1744//115 1771//115 1722//115
f 1811//116 1746//116 1772//116
f 1676//117 1638//117 1695//117
f 1695//118 1638//118 1746//118
f 1746//119 1638//119 1677//119
f 1746//120 1677//120 1725//120
f 1841//121 1838//121 1746//121
f 1746//122 1838//122 1744//122
f 1744//123 1838//123 1807//123
f 1722//124 1676//124 1695//124
f 1722//125 1695//125 1744//125
f 1744//126 1695//126 1746//126
f 1841//127 1746//127 1811//127
f 1670//128 1668//128 1672//128
f 1672//129 1668//129 1634//129
f 1672//130 1634//130 1635//130
f 1676//131 1674//131 1636//131
f 1636//132 1674//132 1672//132
f 1636//133 1672//133 1635//133
f 1636//134 1635//134 1637//134
f 1603//135 1550//135 1578//135
f 1603//136 1578//136 1638//136
f 1603//137 1551//137 1550//137
f 1548//138 1551//138 1575//138
f 1575//139 1551//139 1603//139
f 1575//140 1603//140 1636//140
f 1636//141 1603//141 1638//141
f 1548//142 1543//142 1547//142
f 1547//143 1543//143 1542//143
f 1667//144 1680//144 1633//144
f 1680//145 1639//145 1633//145
f 1607//146 1578//146 1577//146
f 1645//147 1685//147 1646//147
f 1578//148 1550//148 1577//148
f 1577//149 1550//149 1549//149
f 1549//150 1550//150 1547//150
f 1606//151 1607//151 1610//151
f 1610//152 1607//152 1577//152
f 1610//153 1577//153 1605//153
f 1605//154 1577//154 1549//154
f 1605//155 1549//155 1576//155
f 1576//156 1549//156 1547//156
f 1646//157 1610//157 1645//157
f 1645//158 1610//158 1644//158
f 1644//159 1610//159 1605//159
f 1644//160 1605//160 1604//160
f 1644//161 1604//161 1639//161
f 1047//162 980//162 983//162
f 1047//163 983//163 1056//163
f 1047//164 1056//164 1057//164
f 1057//165 1056//165 1064//165
f 1105//166 1107//166 1064//166
f 1064//167 1107//167 1058//167
f 1064//168 1058//168 1057//168
f 1105//169 1106//169 1107//169
f 1047//170 1041//170 964//170
f 964//171 1041//171 1042//171
f 964//172 1042//172 1034//172
f 1048//173 1034//173 1042//173
f 1048//174 1042//174 1041//174
f 1048//175 1041//175 1047//175
f 1058//176 1048//176 1057//176
f 1057//177 1048//177 1047//177
f 1107//178 1099//178 1058//178
f 1107//179 1058//179 1057//179
f 1099//180 1048//180 1058//180
f 1351//181 1221//181 1255//181
f 1648//182 1751//182 1729//182
f 1493//183 1453//183 1558//183
f 1751//184 1881//184 1729//184
f 1729//185 1881//185 1882//185
f 1729//186 1882//186 1726//186
f 1726//187 1882//187 1839//187
f 1726//188 1839//188 1774//188
f 1612//189 1648//189 1729//189
f 1612//190 1729//190 1584//190
f 1584//191 1729//191 1726//191
f 1584//192 1726//192 1581//192
f 1581//193 1726//193 1643//193
f 1643//194 1726//194 1774//194
f 1458//195 1560//195 1612//195
f 1458//196 1612//196 1453//196
f 1453//197 1612//197 1584//197
f 1453//198 1584//198 1581//198
f 1453//199 1581//199 1558//199
f 1558//200 1581//200 1643//200
f 1255//201 1304//201 1458//201
f 1255//202 1458//202 1453//202
f 1255//203 1453//203 1351//203
f 1199//204 1255//204 1107//204
f 1107//205 1255//205 1099//205
f 1099//206 1255//206 1221//206
f 1924//207 1922//207 1879//207
f 1924//208 1879//208 1882//208
f 1839//209 1882//209 1879//209
f 1953//210 1948//210 1949//210
f 1953//211 1949//211 1952//211
f 1952//212 1949//212 1910//212
f 1952//213 1910//213 1913//213
f 1955//214 1953//214 1917//214
f 1917//215 1953//215 1952//215
f 1917//216 1952//216 1914//216
f 1914//217 1952//217 1913//217
f 1957//218 1955//218 1922//218
f 1922//219 1955//219 1917//219
f 1922//220 1917//220 1920//220
f 1052//221 1053//221 1061//221
f 1061//222 1053//222 1051//222
f 1061//223 1051//223 1102//223
f 1101//224 1102//224 1051//224
f 1101//225 1051//225 1060//225
f 1060//226 1051//226 981//226
f 1060//227 981//227 1050//227
f 974//228 1050//228 981//228
f 974//229 981//229 975//229
f 981//230 977//230 976//230
f 981//231 976//231 975//231
f 1053//232 982//232 1051//232
f 1051//233 982//233 977//233
f 1051//234 977//234 981//234
f 1179//235 1101//235 1152//235
f 1152//236 1178//236 1179//236
f 1152//237 1101//237 1100//237
f 1152//238 1100//238 1151//238
f 1151//239 1100//239 1096//239
f 1178//240 1152//240 1151//240
f 1178//241 1151//241 1177//241
f 1177//242 1170//242 1171//242
f 1192//243 1196//243 1195//243
f 1192//244 1195//244 1191//244
f 1191//245 1195//245 1171//245
f 1171//246 1195//246 1178//246
f 1171//247 1178//247 1177//247
f 1153//248 1179//248 1180//248
f 1153//249 1180//249 1196//249
f 1153//250 1196//250 1176//250
f 1176//251 1196//251 1175//251
f 1176//252 1175//252 1123//252
f 1176//253 1123//253 1125//253
f 1176//254 1125//254 1153//254
f 1153//255 1125//255 1124//255
f 1125//256 1097//256 1053//256
f 1054//257 1097//257 1095//257
f 1053//258 1097//258 1054//258
f 1053//259 1054//259 1045//259
f 1045//260 1054//260 1095//260
f 1039//261 1036//261 971//261
f 1036//262 968//262 971//262
f 971//263 968//263 967//263
f 971//264 967//264 970//264
f 970//265 977//265 978//265
f 970//266 978//266 971//266
f 971//267 978//267 1045//267
f 971//268 1045//268 1039//268
f 1094//269 1095//269 1123//269
f 1094//270 1123//270 1121//270
f 1064//271 1056//271 1055//271
f 983//272 980//272 979//272
f 983//273 979//273 1046//273
f 1104//274 1063//274 1055//274
f 1046//275 1055//275 983//275
f 983//276 1055//276 1056//276
f 1055//277 1098//277 1104//277
f 1104//278 1105//278 1064//278
f 1104//279 1064//279 1063//279
f 1055//280 1063//280 1064//280
f 1105//281 1104//281 1126//281
f 1812//282 1697//282 1686//282
f 1686//283 1697//283 1583//283
f 1686//284 1583//284 1582//284
f 1686//285 1582//285 1580//285
f 1686//286 1580//286 1683//286
f 1926//287 1812//287 1686//287
f 1926//288 1686//288 1964//288
f 1964//289 1686//289 1961//289
f 1961//290 1686//290 1683//290
f 2004//291 2005//291 1964//291
f 2000//292 2005//292 2004//292
f 2000//293 2004//293 1999//293
f 1962//294 2004//294 1964//294
f 2039//295 2000//295 1999//295
f 2039//296 1999//296 2038//296
f 1962//297 1964//297 1961//297
f 1998//298 1999//298 2003//298
f 2003//299 1999//299 2004//299
f 2003//300 2004//300 1961//300
f 1961//301 2004//301 1962//301
f 1994//302 2029//302 1991//302
f 1991//303 2029//303 2027//303
f 1991//304 2027//304 1988//304
f 1993//305 2001//305 2033//305
f 2033//306 2001//306 2039//306
f 1957//307 1922//307 2001//307
f 2033//308 2029//308 1993//308
f 1993//309 2029//309 1994//309
f 1993//310 1994//310 2001//310
f 2001//311 1994//311 1997//311
f 2001//312 1997//312 1957//312
f 1957//313 1997//313 1994//313
f 1957//314 1994//314 1955//314
f 1955//315 1994//315 1991//315
f 1955//316 1991//316 1953//316
f 1953//317 1991//317 1988//317
f 1953//318 1988//318 1948//318
f 2035//319 1999//319 1996//319
f 1996//320 1999//320 1998//320
f 2027//321 2029//321 2032//321
f 2027//322 2032//322 2026//322
f 2026//323 2032//323 1992//323
f 1987//324 2026//324 1990//324
f 1990//325 2026//325 1992//325
f 1990//326 1992//326 1995//326
f 2033//327 2039//327 2035//327
f 2039//328 2038//328 2035//328
f 2035//329 2038//329 1999//329
f 2029//330 2033//330 2032//330
f 2032//331 2033//331 2035//331
f 2032//332 2035//332 1992//332
f 1992//333 2035//333 1996//333
f 1992//334 1996//334 1995//334
f 1995//335 1996//335 1998//335
f 1745//336 1680//336 1667//336
f 1836//337 1837//337 1808//337
f 1870//338 1667//338 1866//338
f 1866//339 1667//339 1863//339
f 1870//340 1833//340 1667//340
f 1667//341 1833//341 1745//341
f 1745//342 1833//342 1836//342
f 1745//343 1836//343 1808//343
f 1870//344 1866//344 1867//344
f 1875//345 1838//345 1873//345
f 1873//346 1838//346 1837//346
f 1873//347 1837//347 1872//347
f 1911//348 1864//348 1868//348
f 1911//349 1868//349 1867//349
f 1911//350 1867//350 1863//350
f 1863//351 1867//351 1866//351
f 1872//352 1837//352 1836//352
f 1872//353 1836//353 1833//353
f 1868//354 1871//354 1873//354
f 1868//355 1873//355 1867//355
f 1867//356 1873//356 1872//356
f 1867//357 1872//357 1870//357
f 1870//358 1872//358 1833//358
f 1871//359 1868//359 1802//359
f 1807//360 1838//360 1875//360
f 1875//361 1805//361 1807//361
f 1807//362 1805//362 1769//362
f 1807//363 1769//363 1771//363
f 1771//364 1769//364 1719//364
f 1771//365 1719//365 1722//365
f 1722//366 1719//366 1674//366
f 1722//367 1674//367 1676//367
f 1672//368 1717//368 1670//368
f 1875//369 1873//369 1805//369
f 1805//370 1873//370 1803//370
f 1805//371 1803//371 1769//371
f 1769//372 1803//372 1767//372
f 1769//373 1767//373 1719//373
f 1719//374 1767//374 1717//374
f 1719//375 1717//375 1674//375
f 1674//376 1717//376 1672//376
f 1873//377 1871//377 1803//377
f 1803//378 1871//378 1802//378
f 1803//379 1802//379 1767//379
f 1767//380 1802//380 1765//380
f 1767//381 1765//381 1717//381
f 1717//382 1765//382 1715//382
f 1717//383 1715//383 1670//383
f 1668//384 1670//384 1713//384
f 1713//385 1670//385 1715//385
f 1713//386 1715//386 1763//386
f 1763//387 1715//387 1765//387
f 1763//388 1765//388 1800//388
f 1800//389 1765//389 1802//389
f 1800//390 1802//390 1864//390
f 1864//391 1802//391 1868//391
f 1635//392 1634//392 1543//392
f 1636//393 1635//393 1575//393
f 1575//394 1635//394 1543//394
f 1575//395 1543//395 1548//395
f 1633//396 1639//396 1604//396
f 1547//397 1542//397 1576//397
f 1576//398 1542//398 1633//398
f 1576//399 1633//399 1605//399
f 1605//400 1633//400 1604//400
f 1047//401 964//401 980//401
f 980//402 964//402 963//402
f 980//403 963//403 973//403
f 963//404 962//404 972//404
f 972//405 962//405 1040//405
f 1040//406 962//406 1033//406
f 979//407 980//407 973//407
f 973//408 963//408 972//408
f 973//409 972//409 979//409
f 979//410 972//410 1040//410
f 979//411 1040//411 1046//411
f 1913//412 1910//412 1601//412
f 1246//413 1245//413 1034//413
f 1922//414 1920//414 1602//414
f 1602//415 1920//415 1917//415
f 1602//416 1917//416 1601//416
f 1601//417 1917//417 1914//417
f 1601//418 1914//418 1913//418
f 1246//419 1099//419 1221//419
f 1034//420 1048//420 1246//420
f 1221//421 1351//421 1246//421
f 1246//422 1351//422 1453//422
f 1246//423 1453//423 1602//423
f 1602//424 1453//424 1493//424
f 1602//425 1493//425 1558//425
f 1558//426 1643//426 1602//426
f 1602//427 1643//427 1774//427
f 1602//428 1774//428 1922//428
f 1922//429 1774//429 1839//429
f 1922//430 1839//430 1879//430
f 1048//431 1099//431 1246//431
f 976//432 977//432 970//432
f 974//433 975//433 966//433
f 966//434 975//434 976//434
f 966//435 976//435 967//435
f 967//436 976//436 970//436
f 974//437 966//437 1050//437
f 1050//438 966//438 965//438
f 1050//439 965//439 1044//439
f 1038//440 1044//440 965//440
f 1050//441 1044//441 1038//441
f 1050//442 1038//442 1049//442
f 965//443 1035//443 1038//443
f 1049//444 1038//444 1096//444
f 1038//445 1035//445 1170//445
f 1038//446 1170//446 1096//446
f 1177//447 1151//447 1170//447
f 1170//448 1151//448 1096//448
f 1121//449 1123//449 1192//449
f 1192//450 1123//450 1175//450
f 1192//451 1175//451 1196//451
f 1095//452 1094//452 1045//452
f 1094//453 1036//453 1039//453
f 1094//454 1039//454 1045//454
f 1995//455 1998//455 1919//455
f 1033//456 1144//456 1040//456
f 1040//457 1144//457 1147//457
f 1040//458 1147//458 1046//458
f 1046//459 1147//459 1150//459
f 1046//460 1150//460 1055//460
f 1104//461 1098//461 1150//461
f 2003//462 1961//462 1877//462
f 1877//463 1961//463 1835//463
f 1919//464 1998//464 1877//464
f 1877//465 1998//465 2003//465
f 1194//466 1198//466 1174//466
f 1174//467 1198//467 1126//467
f 1174//468 1126//468 1150//468
f 1150//469 1126//469 1104//469
f 1150//470 1098//470 1055//470
f 1919//471 1916//471 1995//471
f 1995//472 1916//472 1990//472
f 1990//473 1916//473 1909//473
f 1990//474 1909//474 1987//474
f 1961//475 1683//475 1835//475
f 1835//476 1683//476 1580//476
f 1835//477 1580//477 1194//477
f 1194//478 1580//478 1300//478
f 1194//479 1300//479 1198//479
f 1402//480 1391//480 1392//480
f 1402//481 1392//481 1403//481
f 1403//482 1392//482 1341//482
f 1403//483 1341//483 1349//483
f 1349//484 1341//484 1290//484
f 1349//485 1290//485 1297//485
f 1297//486 1290//486 1248//486
f 1297//487 1248//487 1252//487
f 1252//488 1248//488 1247//488
f 1252//489 1247//489 1251//489
f 1251//490 1247//490 1288//490
f 1251//491 1288//491 1296//491
f 1296//492 1288//492 1287//492
f 1296//493 1287//493 1295//493
f 1295//494 1287//494 1338//494
f 1295//495 1338//495 1347//495
f 1347//496 1338//496 1339//496
f 1347//497 1339//497 1348//497
f 1348//498 1339//498 1390//498
f 1348//499 1390//499 1401//499
f 1401//500 1390//500 1391//500
f 1401//501 1391//501 1402//501
f 1490//502 1485//502 1443//502
f 1490//503 1443//503 1448//503
f 1448//504 1443//504 1389//504
f 1448//505 1389//505 1397//505
f 1397//506 1389//506 1388//506
f 1397//507 1388//507 1396//507
f 1396//508 1388//508 1337//508
f 1396//509 1337//509 1344//509
f 1344//510 1337//510 1336//510
f 1344//511 1336//511 1343//511
f 1343//512 1336//512 1386//512
f 1343//513 1386//513 1395//513
f 1395//514 1386//514 1440//514
f 1395//515 1440//515 1447//515
f 1447//516 1440//516 1484//516
f 1447//517 1484//517 1489//517
f 1489//518 1484//518 1485//518
f 1489//519 1485//519 1490//519
f 1246//520 1148//520 1245//520
f 1245//521 1148//521 1145//521
f 1338//522 1337//522 1388//522
f 1148//523 1248//523 1290//523
f 1148//524 1290//524 1486//524
f 1486//525 1290//525 1341//525
f 1341//526 1392//526 1486//526
f 1486//527 1392//527 1391//527
f 1338//528 1388//528 1339//528
f 1339//529 1388//529 1389//529
f 1339//530 1389//530 1390//530
f 1336//531 1246//531 1386//531
f 1484//532 1440//532 1602//532
f 1602//533 1440//533 1246//533
f 1246//534 1440//534 1386//534
f 1337//535 1338//535 1336//535
f 1336//536 1338//536 1287//536
f 1336//537 1287//537 1246//537
f 1246//538 1287//538 1288//538
f 1246//539 1288//539 1148//539
f 1148//540 1288//540 1247//540
f 1148//541 1247//541 1248//541
f 1390//542 1389//542 1391//542
f 1391//543 1389//543 1443//543
f 1391//544 1443//544 1486//544
f 1486//545 1443//545 1485//545
f 1486//546 1485//546 1602//546
f 1602//547 1485//547 1484//547
f 1601//548 1483//548 1602//548
f 1602//549 1483//549 1486//549
f 1667//550 1633//550 1601//550
f 1542//551 1543//551 1483//551
f 1483//552 1543//552 1669//552
f 1669//553 1543//553 1634//553
f 2086//554 2026//554 1908//554
f 1908//555 2026//555 1987//555
f 1908//556 1987//556 1909//556
f 1601//557 1633//557 1483//557
f 1483//558 1633//558 1542//558
f 2026//559 2086//559 2070//559
f 2026//560 2070//560 2027//560
f 2027//561 2070//561 2071//561
f 1667//562 1601//562 1863//562
f 1863//563 1601//563 1910//563
f 1863//564 1910//564 1949//564
f 1863//565 1949//565 1948//565
f 2027//566 2071//566 1988//566
f 1988//567 2071//567 2053//567
f 1988//568 2053//568 1948//568
f 1948//569 2053//569 2028//569
f 1948//570 2028//570 1989//570
f 1948//571 1989//571 1863//571
f 1950//572 1911//572 1989//572
f 1989//573 1911//573 1863//573
f 1669//574 1634//574 1694//574
f 1694//575 1634//575 1668//575
f 1694//576 1668//576 1714//576
f 1714//577 1668//577 1713//577
f 1714//578 1713//578 1743//578
f 1763//579 1801//579 1713//579
f 1713//580 1801//580 1764//580
f 1713//581 1764//581 1743//581
f 1912//582 1800//582 1951//582
f 1951//583 1800//583 1864//583
f 1951//584 1864//584 1950//584
f 1950//585 1864//585 1911//585
f 1912//586 1865//586 1800//586
f 1800//587 1865//587 1831//587
f 1800//588 1831//588 1763//588
f 1763//589 1831//589 1801//589
f 2031//590 2030//590 2072//590
f 1809//591 1785//591 1770//591
f 1770//592 1785//592 1773//592
f 1770//593 1773//593 1723//593
f 2037//594 1960//594 1958//594
f 1958//595 1960//595 1880//595
f 1958//596 1880//596 1878//596
f 1878//597 1880//597 1809//597
f 1878//598 1809//598 1806//598
f 1806//599 1809//599 1770//599
f 2090//600 2091//600 2092//600
f 1954//601 1869//601 1912//601
f 2030//602 2028//602 2053//602
f 1912//603 1951//603 1954//603
f 1954//604 1951//604 1950//604
f 1954//605 1950//605 1989//605
f 2054//606 2055//606 2056//606
f 2056//607 2034//607 2031//607
f 2031//608 2034//608 1956//608
f 2031//609 1956//609 2030//609
f 2030//610 2053//610 2072//610
f 2072//611 2053//611 2071//611
f 2072//612 2071//612 2070//612
f 2056//613 2031//613 2054//613
f 2054//614 2031//614 2072//614
f 2054//615 2072//615 2087//615
f 2087//616 2072//616 2070//616
f 2087//617 2070//617 2086//617
f 1724//618 1679//618 1721//618
f 1721//619 1679//619 1675//619
f 1721//620 1675//620 1720//620
f 1720//621 1675//621 1673//621
f 1673//622 1718//622 1720//622
f 1720//623 1718//623 1768//623
f 1720//624 1768//624 1721//624
f 2055//625 2057//625 2056//625
f 2056//626 2057//626 2036//626
f 2056//627 2036//627 2034//627
f 2034//628 2036//628 2037//628
f 2034//629 2037//629 1956//629
f 1956//630 2037//630 1958//630
f 1956//631 1958//631 1874//631
f 1874//632 1958//632 1878//632
f 1874//633 1878//633 1804//633
f 1804//634 1878//634 1806//634
f 1804//635 1806//635 1768//635
f 1768//636 1806//636 1770//636
f 1768//637 1770//637 1721//637
f 1721//638 1770//638 1723//638
f 1721//639 1723//639 1724//639
f 1671//640 1669//640 1716//640
f 1716//641 1669//641 1694//641
f 1694//642 1714//642 1716//642
f 1716//643 1714//643 1743//643
f 1716//644 1743//644 1766//644
f 1743//645 1764//645 1766//645
f 1766//646 1764//646 1801//646
f 1766//647 1801//647 1832//647
f 1801//648 1831//648 1832//648
f 1832//649 1831//649 1869//649
f 1869//650 1831//650 1865//650
f 1869//651 1865//651 1912//651
f 2088//652 2089//652 2073//652
f 2073//653 2089//653 2090//653
f 2073//654 2090//654 2074//654
f 2074//655 2090//655 2092//655
f 2074//656 2092//656 2075//656
f 2087//657 2088//657 2054//657
f 2054//658 2088//658 2073//658
f 2054//659 2073//659 2055//659
f 2055//660 2073//660 2074//660
f 2055//661 2074//661 2057//661
f 2057//662 2074//662 2075//662
f 2057//663 2075//663 2036//663
f 2036//664 2075//664 2058//664
f 2036//665 2058//665 2037//665
f 2037//666 2058//666 2002//666
f 2037//667 2002//667 1960//667
f 1673//668 1671//668 1718//668
f 1718//669 1671//669 1716//669
f 1718//670 1716//670 1768//670
f 1768//671 1716//671 1766//671
f 1768//672 1766//672 1804//672
f 1804//673 1766//673 1832//673
f 1804//674 1832//674 1874//674
f 1874//675 1832//675 1869//675
f 1874//676 1869//676 1956//676
f 1956//677 1869//677 1954//677
f 1956//678 1954//678 2030//678
f 2030//679 1954//679 1989//679
f 2030//680 1989//680 2028//680
f 870//681 861//681 900//681
f 870//682 900//682 918//682
f 918//683 900//683 901//683
f 918//684 901//684 908//684
f 908//685 901//685 902//685
f 908//686 902//686 910//686
f 910//687 902//687 903//687
f 910//688 903//688 912//688
f 912//689 903//689 904//689
f 912//690 904//690 914//690
f 904//691 905//691 914//691
f 914//692 905//692 862//692
f 914//693 862//693 916//693
f 916//694 862//694 867//694
f 867//695 862//695 863//695
f 867//696 863//696 868//696
f 1245//697 1191//697 1171//697
f 1245//698 1171//698 1034//698
f 1170//699 1034//699 1171//699
f 1145//700 1121//700 1245//700
f 1245//701 1121//701 1192//701
f 1245//702 1192//702 1191//702
f 1033//703 861//703 1143//703
f 1033//704 1143//704 1144//704
f 968//705 863//705 967//705
f 902//706 1035//706 965//706
f 968//707 1036//707 863//707
f 863//708 1036//708 1145//708
f 1145//709 1036//709 1094//709
f 1145//710 1094//710 1121//710
f 1170//711 1035//711 1034//711
f 967//712 863//712 862//712
f 967//713 862//713 966//713
f 1033//714 962//714 861//714
f 861//715 962//715 900//715
f 1034//716 1035//716 902//716
f 1034//717 902//717 964//717
f 964//718 902//718 901//718
f 964//719 901//719 963//719
f 963//720 901//720 900//720
f 963//721 900//721 962//721
f 862//722 905//722 966//722
f 966//723 905//723 904//723
f 966//724 904//724 965//724
f 965//725 904//725 903//725
f 965//726 903//726 902//726
f 1143//727 1146//727 1144//727
f 1144//728 1146//728 1147//728
f 1147//729 1146//729 1149//729
f 1147//730 1149//730 1150//730
f 1150//731 1149//731 1173//731
f 1150//732 1173//732 1174//732
f 1174//733 1173//733 1193//733
f 1174//734 1193//734 1194//734
f 1835//735 1194//735 1834//735
f 1834//736 1194//736 1193//736
f 1835//737 1834//737 1876//737
f 1835//738 1876//738 1877//738
f 1877//739 1876//739 1921//739
f 1877//740 1921//740 1918//740
f 1877//741 1918//741 1919//741
f 1919//742 1918//742 1915//742
f 1919//743 1915//743 1916//743
f 1909//744 1916//744 1908//744
f 1908//745 1916//745 1915//745
f 1348//746 1399//746 1347//746
f 1347//747 1399//747 1346//747
f 1347//748 1346//748 1295//748
f 1349//749 1404//749 1403//749
f 1403//750 1404//750 1452//750
f 1403//751 1452//751 1402//751
f 1402//752 1452//752 1451//752
f 1402//753 1451//753 1450//753
f 1402//754 1450//754 1401//754
f 1401//755 1450//755 1348//755
f 1348//756 1450//756 1400//756
f 1348//757 1400//757 1399//757
f 1297//758 1254//758 1298//758
f 1297//759 1298//759 1349//759
f 1349//760 1298//760 1350//760
f 1349//761 1350//761 1404//761
f 1346//762 1294//762 1295//762
f 1295//763 1294//763 1250//763
f 1295//764 1250//764 1296//764
f 1296//765 1250//765 1217//765
f 1296//766 1217//766 1251//766
f 1251//767 1217//767 1218//767
f 1251//768 1218//768 1252//768
f 1252//769 1218//769 1219//769
f 1252//770 1219//770 1220//770
f 1252//771 1220//771 1297//771
f 1297//772 1220//772 1253//772
f 1297//773 1253//773 1254//773
f 1447//774 1487//774 1446//774
f 1447//775 1446//775 1395//775
f 1448//776 1491//776 1490//776
f 1490//777 1491//777 1517//777
f 1490//778 1517//778 1516//778
f 1490//779 1516//779 1489//779
f 1489//780 1516//780 1515//780
f 1489//781 1515//781 1514//781
f 1489//782 1514//782 1447//782
f 1447//783 1514//783 1488//783
f 1447//784 1488//784 1487//784
f 1396//785 1398//785 1397//785
f 1397//786 1398//786 1448//786
f 1448//787 1398//787 1449//787
f 1448//788 1449//788 1491//788
f 1446//789 1394//789 1395//789
f 1395//790 1394//790 1342//790
f 1395//791 1342//791 1291//791
f 1395//792 1291//792 1343//792
f 1343//793 1291//793 1292//793
f 1343//794 1292//794 1293//794
f 1343//795 1293//795 1344//795
f 1344//796 1293//796 1396//796
f 1396//797 1293//797 1345//797
f 1396//798 1345//798 1398//798
f 984//799 992//799 925//799
f 925//800 992//800 991//800
f 925//801 924//801 871//801
f 867//802 868//802 866//802
f 867//803 866//803 916//803
f 916//804 866//804 915//804
f 916//805 915//805 914//805
f 914//806 915//806 913//806
f 914//807 913//807 912//807
f 912//808 913//808 911//808
f 912//809 911//809 910//809
f 917//810 927//810 870//810
f 931//811 993//811 997//811
f 997//812 993//812 994//812
f 1067//813 1071//813 1112//813
f 1070//814 1072//814 1069//814
f 1070//815 1069//815 994//815
f 994//816 1069//816 997//816
f 1110//817 1112//817 1071//817
f 1110//818 1071//818 1111//818
f 1111//819 1071//819 1109//819
f 991//820 1066//820 990//820
f 990//821 1066//821 1065//821
f 990//822 1065//822 1068//822
f 990//823 989//823 923//823
f 990//824 923//824 924//824
f 988//825 930//825 989//825
f 989//826 930//826 922//826
f 989//827 922//827 923//827
f 908//828 910//828 909//828
f 909//829 910//829 911//829
f 909//830 911//830 921//830
f 921//831 911//831 913//831
f 918//832 908//832 919//832
f 919//833 908//833 909//833
f 919//834 909//834 920//834
f 920//835 909//835 921//835
f 921//836 913//836 922//836
f 922//837 913//837 915//837
f 922//838 915//838 923//838
f 923//839 915//839 866//839
f 923//840 866//840 924//840
f 924//841 866//841 868//841
f 924//842 868//842 871//842
f 870//843 918//843 917//843
f 917//844 918//844 919//844
f 920//845 921//845 930//845
f 930//846 921//846 922//846
f 1068//847 1109//847 1071//847
f 1068//848 1071//848 996//848
f 996//849 1071//849 1067//849
f 996//850 1067//850 987//850
f 987//851 1067//851 995//851
f 987//852 995//852 986//852
f 987//853 986//853 929//853
f 929//854 986//854 928//854
f 928//855 931//855 927//855
f 1112//856 1072//856 1067//856
f 1067//857 1072//857 1070//857
f 1067//858 1070//858 995//858
f 995//859 1070//859 994//859
f 995//860 994//860 986//860
f 986//861 994//861 993//861
f 986//862 993//862 928//862
f 928//863 993//863 931//863
f 924//864 925//864 991//864
f 924//865 991//865 990//865
f 989//866 990//866 1068//866
f 989//867 1068//867 988//867
f 988//868 1068//868 996//868
f 988//869 996//869 987//869
f 988//870 987//870 930//870
f 930//871 987//871 920//871
f 920//872 987//872 929//872
f 920//873 929//873 919//873
f 919//874 929//874 928//874
f 919//875 928//875 917//875
f 917//876 928//876 927//876
f 1103//877 984//877 1148//877
f 1103//878 1148//878 1154//878
f 1673//879 1486//879 1671//879
f 1671//880 1486//880 1483//880
f 1671//881 1483//881 1669//881
f 863//882 1145//882 868//882
f 868//883 1145//883 1148//883
f 1640//884 1609//884 1486//884
f 1486//885 1609//885 1554//885
f 1486//886 1554//886 1492//886
f 925//887 871//887 1148//887
f 1148//888 871//888 868//888
f 1492//889 1405//889 1486//889
f 1486//890 1405//890 1299//890
f 1486//891 1299//891 1148//891
f 1148//892 1299//892 1197//892
f 1148//893 1197//893 1154//893
f 1673//894 1675//894 1486//894
f 1486//895 1675//895 1679//895
f 984//896 925//896 1148//896
f 1486//897 1679//897 1678//897
f 1486//898 1678//898 1681//898
f 1681//899 1640//899 1486//899
f 1880//900 1960//900 1925//900
f 1843//901 1786//901 1813//901
f 1752//902 1696//902 1727//902
f 1723//903 1773//903 1747//903
f 1723//904 1747//904 1724//904
f 1724//905 1747//905 1679//905
f 1750//906 1640//906 1681//906
f 1750//907 1681//907 1747//907
f 1747//908 1681//908 1678//908
f 1747//909 1678//909 1679//909
f 1609//910 1640//910 1696//910
f 1696//911 1640//911 1727//911
f 1727//912 1640//912 1750//912
f 1966//913 2043//913 2010//913
f 1884//914 1929//914 1928//914
f 1928//915 1929//915 1966//915
f 1928//916 1966//916 1968//916
f 1968//917 1966//917 2010//917
f 2060//918 2077//918 2062//918
f 2062//919 2077//919 2078//919
f 2062//920 2078//920 2061//920
f 2077//921 2060//921 2076//921
f 2077//922 2076//922 2093//922
f 2093//923 2076//923 2091//923
f 2059//924 2058//924 2075//924
f 1785//925 1809//925 1784//925
f 1784//926 1809//926 1842//926
f 1884//927 1843//927 1929//927
f 1929//928 1843//928 1813//928
f 1929//929 1813//929 1883//929
f 1883//930 1813//930 1814//930
f 1967//931 2009//931 2008//931
f 1809//932 1880//932 1842//932
f 1842//933 1880//933 1925//933
f 1842//934 1925//934 1927//934
f 1842//935 1927//935 1814//935
f 1814//936 1927//936 1883//936
f 1883//937 1967//937 1929//937
f 1929//938 1967//938 2008//938
f 1929//939 2008//939 1966//939
f 1966//940 2008//940 2043//940
f 1960//941 2002//941 1925//941
f 1925//942 2002//942 2006//942
f 1925//943 2006//943 1927//943
f 1927//944 2006//944 2007//944
f 1927//945 2007//945 1883//945
f 1883//946 2007//946 1965//946
f 1883//947 1965//947 1967//947
f 1967//948 1965//948 2042//948
f 1967//949 2042//949 2009//949
f 2002//950 2058//950 2006//950
f 2006//951 2058//951 2059//951
f 2006//952 2059//952 2007//952
f 2007//953 2059//953 2040//953
f 2007//954 2040//954 1965//954
f 1965//955 2040//955 2042//955
f 2092//956 2091//956 2075//956
f 2075//957 2091//957 2076//957
f 2075//958 2076//958 2059//958
f 2059//959 2076//959 2060//959
f 2059//960 2060//960 2040//960
f 2040//961 2060//961 2062//961
f 2040//962 2062//962 2042//962
f 2042//963 2062//963 2061//963
f 2042//964 2061//964 2009//964
f 2009//965 2061//965 2041//965
f 2009//966 2041//966 2008//966
f 2008//967 2041//967 2043//967
f 1773//968 1785//968 1747//968
f 1747//969 1785//969 1784//969
f 1747//970 1784//970 1842//970
f 1747//971 1842//971 1750//971
f 1750//972 1842//972 1814//972
f 1750//973 1814//973 1727//973
f 1727//974 1814//974 1813//974
f 1727//975 1813//975 1752//975
f 1752//976 1813//976 1786//976
f 2089//977 1915//977 2090//977
f 2090//978 1915//978 1918//978
f 2090//979 1918//979 2091//979
f 1921//980 2043//980 2041//980
f 1876//981 1834//981 1930//981
f 1930//982 1834//982 1787//982
f 1184//983 1193//983 1129//983
f 1129//984 1193//984 1173//984
f 1129//985 1173//985 1112//985
f 2086//986 1908//986 2087//986
f 2087//987 1908//987 1915//987
f 2087//988 1915//988 2088//988
f 2088//989 1915//989 2089//989
f 1930//990 2010//990 1876//990
f 1876//991 2010//991 1921//991
f 1921//992 2010//992 2043//992
f 1921//993 2041//993 2061//993
f 1149//994 931//994 997//994
f 1143//995 861//995 1146//995
f 1146//996 861//996 870//996
f 1146//997 870//997 1149//997
f 1149//998 870//998 927//998
f 1149//999 927//999 931//999
f 2061//1000 2078//1000 1921//1000
f 1921//1001 2078//1001 2077//1001
f 1921//1002 2093//1002 1918//1002
f 1918//1003 2093//1003 2091//1003
f 1149//1004 1072//1004 1173//1004
f 1173//1005 1072//1005 1112//1005
f 1921//1006 2077//1006 2093//1006
f 997//1007 1069//1007 1149//1007
f 1149//1008 1069//1008 1072//1008
f 1184//1009 1311//1009 1193//1009
f 1193//1010 1311//1010 1499//1010
f 1193//1011 1499//1011 1834//1011
f 1834//1012 1499//1012 1586//1012
f 1834//1013 1586//1013 1787//1013
f 1459//1014 1410//1014 1400//1014
f 1222//1015 1218//1015 1226//1015
f 1226//1016 1218//1016 1217//1016
f 1226//1017 1217//1017 1250//1017
f 1226//1018 1250//1018 1260//1018
f 1294//1019 1306//1019 1250//1019
f 1250//1020 1306//1020 1260//1020
f 1346//1021 1306//1021 1294//1021
f 1399//1022 1353//1022 1346//1022
f 1346//1023 1353//1023 1306//1023
f 1400//1024 1410//1024 1399//1024
f 1399//1025 1410//1025 1409//1025
f 1399//1026 1409//1026 1353//1026
f 1460//1027 1450//1027 1461//1027
f 1450//1028 1460//1028 1400//1028
f 1400//1029 1460//1029 1459//1029
f 1461//1030 1450//1030 1451//1030
f 1452//1031 1454//1031 1451//1031
f 1451//1032 1454//1032 1461//1032
f 1404//1033 1350//1033 1352//1033
f 1352//1034 1407//1034 1404//1034
f 1404//1035 1407//1035 1452//1035
f 1452//1036 1407//1036 1406//1036
f 1452//1037 1406//1037 1454//1037
f 1257//1038 1301//1038 1254//1038
f 1254//1039 1301//1039 1298//1039
f 1298//1040 1301//1040 1350//1040
f 1350//1041 1301//1041 1352//1041
f 1257//1042 1254//1042 1253//1042
f 1257//1043 1253//1043 1256//1043
f 1220//1044 1224//1044 1256//1044
f 1220//1045 1256//1045 1253//1045
f 1224//1046 1220//1046 1223//1046
f 1223//1047 1220//1047 1219//1047
f 1218//1048 1222//1048 1223//1048
f 1218//1049 1223//1049 1219//1049
f 1522//1050 1496//1050 1488//1050
f 1308//1051 1292//1051 1307//1051
f 1307//1052 1292//1052 1291//1052
f 1354//1053 1355//1053 1342//1053
f 1342//1054 1355//1054 1291//1054
f 1291//1055 1355//1055 1307//1055
f 1354//1056 1342//1056 1412//1056
f 1412//1057 1342//1057 1394//1057
f 1412//1058 1394//1058 1446//1058
f 1412//1059 1446//1059 1462//1059
f 1462//1060 1446//1060 1487//1060
f 1462//1061 1487//1061 1495//1061
f 1488//1062 1496//1062 1495//1062
f 1488//1063 1495//1063 1487//1063
f 1523//1064 1514//1064 1515//1064
f 1514//1065 1523//1065 1522//1065
f 1514//1066 1522//1066 1488//1066
f 1523//1067 1515//1067 1524//1067
f 1524//1068 1515//1068 1516//1068
f 1517//1069 1491//1069 1497//1069
f 1517//1070 1497//1070 1525//1070
f 1517//1071 1525//1071 1516//1071
f 1516//1072 1525//1072 1524//1072
f 1398//1073 1413//1073 1449//1073
f 1413//1074 1463//1074 1449//1074
f 1449//1075 1463//1075 1491//1075
f 1491//1076 1463//1076 1498//1076
f 1491//1077 1498//1077 1497//1077
f 1345//1078 1356//1078 1398//1078
f 1398//1079 1356//1079 1413//1079
f 1309//1080 1310//1080 1293//1080
f 1293//1081 1310//1081 1356//1081
f 1293//1082 1356//1082 1345//1082
f 1292//1083 1308//1083 1293//1083
f 1293//1084 1308//1084 1309//1084
f 1464//1085 1411//1085 1521//1085
f 1454//1086 1406//1086 1455//1086
f 1752//1087 1649//1087 1611//1087
f 1928//1088 1968//1088 1844//1088
f 1128//1089 1110//1089 1111//1089
f 991//1090 992//1090 1108//1090
f 1108//1091 992//1091 984//1091
f 1108//1092 984//1092 1103//1092
f 991//1093 1108//1093 1066//1093
f 1066//1094 1108//1094 1127//1094
f 1066//1095 1127//1095 1065//1095
f 1752//1096 1611//1096 1696//1096
f 1696//1097 1611//1097 1554//1097
f 1696//1098 1554//1098 1609//1098
f 1223//1099 1222//1099 1181//1099
f 1181//1100 1222//1100 1182//1100
f 1182//1101 1222//1101 1226//1101
f 1299//1102 1301//1102 1257//1102
f 1299//1103 1257//1103 1197//1103
f 1197//1104 1257//1104 1256//1104
f 1197//1105 1256//1105 1224//1105
f 1455//1106 1406//1106 1405//1106
f 1405//1107 1406//1107 1407//1107
f 1407//1108 1352//1108 1405//1108
f 1405//1109 1352//1109 1299//1109
f 1299//1110 1352//1110 1301//1110
f 1461//1111 1494//1111 1460//1111
f 1494//1112 1461//1112 1455//1112
f 1455//1113 1461//1113 1454//1113
f 1410//1114 1459//1114 1520//1114
f 1408//1115 1410//1115 1520//1115
f 1520//1116 1459//1116 1460//1116
f 1520//1117 1460//1117 1494//1117
f 1306//1118 1353//1118 1305//1118
f 1408//1119 1353//1119 1409//1119
f 1408//1120 1409//1120 1410//1120
f 1182//1121 1226//1121 1260//1121
f 1182//1122 1260//1122 1202//1122
f 1202//1123 1260//1123 1305//1123
f 1305//1124 1260//1124 1306//1124
f 1307//1125 1355//1125 1227//1125
f 1225//1126 1308//1126 1227//1126
f 1227//1127 1308//1127 1307//1127
f 1353//1128 1408//1128 1305//1128
f 1305//1129 1408//1129 1413//1129
f 1305//1130 1413//1130 1356//1130
f 1305//1131 1356//1131 1310//1131
f 1310//1132 1309//1132 1305//1132
f 1305//1133 1309//1133 1202//1133
f 1202//1134 1309//1134 1225//1134
f 1225//1135 1309//1135 1308//1135
f 1561//1136 1525//1136 1520//1136
f 1520//1137 1525//1137 1497//1137
f 1497//1138 1498//1138 1520//1138
f 1520//1139 1498//1139 1463//1139
f 1520//1140 1463//1140 1408//1140
f 1408//1141 1463//1141 1413//1141
f 1523//1142 1524//1142 1561//1142
f 1561//1143 1524//1143 1525//1143
f 1522//1144 1523//1144 1614//1144
f 1496//1145 1522//1145 1614//1145
f 1354//1146 1412//1146 1411//1146
f 1411//1147 1412//1147 1462//1147
f 1411//1148 1462//1148 1521//1148
f 1521//1149 1462//1149 1495//1149
f 1112//1150 1110//1150 1129//1150
f 1129//1151 1110//1151 1128//1151
f 1129//1152 1128//1152 1184//1152
f 1261//1153 1183//1153 1262//1153
f 1262//1154 1183//1154 1157//1154
f 1262//1155 1157//1155 1227//1155
f 1227//1156 1157//1156 1155//1156
f 1227//1157 1155//1157 1225//1157
f 1225//1158 1155//1158 1156//1158
f 1225//1159 1156//1159 1202//1159
f 1227//1160 1355//1160 1354//1160
f 1227//1161 1354//1161 1262//1161
f 1262//1162 1354//1162 1411//1162
f 1262//1163 1411//1163 1261//1163
f 1261//1164 1411//1164 1464//1164
f 1614//1165 1523//1165 1561//1165
f 1614//1166 1561//1166 1698//1166
f 1495//1167 1496//1167 1521//1167
f 1521//1168 1496//1168 1650//1168
f 1650//1169 1496//1169 1614//1169
f 1650//1170 1614//1170 1731//1170
f 1731//1171 1614//1171 1698//1171
f 1731//1172 1698//1172 1815//1172
f 1815//1173 1698//1173 1843//1173
f 1815//1174 1843//1174 1884//1174
f 1884//1175 1928//1175 1815//1175
f 1815//1176 1928//1176 1844//1176
f 1815//1177 1844//1177 1731//1177
f 1731//1178 1844//1178 1776//1178
f 1731//1179 1776//1179 1650//1179
f 1650//1180 1776//1180 1687//1180
f 1650//1181 1687//1181 1521//1181
f 1521//1182 1687//1182 1562//1182
f 1521//1183 1562//1183 1464//1183
f 1752//1184 1786//1184 1649//1184
f 1649//1185 1786//1185 1730//1185
f 1649//1186 1730//1186 1651//1186
f 1492//1187 1554//1187 1519//1187
f 1519//1188 1554//1188 1611//1188
f 1519//1189 1611//1189 1585//1189
f 1585//1190 1611//1190 1649//1190
f 1585//1191 1649//1191 1613//1191
f 1613//1192 1649//1192 1651//1192
f 1786//1193 1843//1193 1730//1193
f 1730//1194 1843//1194 1698//1194
f 1730//1195 1698//1195 1651//1195
f 1651//1196 1698//1196 1561//1196
f 1651//1197 1561//1197 1613//1197
f 1613//1198 1561//1198 1520//1198
f 1613//1199 1520//1199 1585//1199
f 1585//1200 1520//1200 1494//1200
f 1585//1201 1494//1201 1519//1201
f 1519//1202 1494//1202 1455//1202
f 1519//1203 1455//1203 1492//1203
f 1492//1204 1455//1204 1405//1204
f 1181//1205 1154//1205 1223//1205
f 1223//1206 1154//1206 1197//1206
f 1223//1207 1197//1207 1224//1207
f 1157//1208 1109//1208 1155//1208
f 1155//1209 1109//1209 1068//1209
f 1155//1210 1068//1210 1156//1210
f 1156//1211 1068//1211 1065//1211
f 1156//1212 1065//1212 1202//1212
f 1202//1213 1065//1213 1127//1213
f 1202//1214 1127//1214 1182//1214
f 1182//1215 1127//1215 1108//1215
f 1182//1216 1108//1216 1181//1216
f 1181//1217 1108//1217 1103//1217
f 1181//1218 1103//1218 1154//1218
f 1968//1219 2010//1219 1844//1219
f 1844//1220 2010//1220 1930//1220
f 1844//1221 1930//1221 1776//1221
f 1776//1222 1930//1222 1787//1222
f 1776//1223 1787//1223 1687//1223
f 1687//1224 1787//1224 1586//1224
f 1687//1225 1586//1225 1562//1225
f 1562//1226 1586//1226 1499//1226
f 1562//1227 1499//1227 1464//1227
f 1464//1228 1499//1228 1311//1228
f 1464//1229 1311//1229 1261//1229
f 1261//1230 1311//1230 1184//1230
f 1261//1231 1184//1231 1183//1231
f 1183//1232 1184//1232 1128//1232
f 1183//1233 1128//1233 1157//1233
f 1157//1234 1128//1234 1111//1234
f 1157//1235 1111//1235 1109//1235
f 1118//1236 1091//1236 1093//1236
f 1118//1237 1093//1237 1119//1237
f 955//1238 956//1238 1024//1238
f 955//1239 1024//1239 951//1239
f 951//1240 1024//1240 1021//1240
f 1021//1241 1118//1241 1020//1241
f 1020//1242 1118//1242 1117//1242
f 1020//1243 1117//1243 1019//1243
f 1019//1244 1117//1244 1135//1244
f 1019//1245 1135//1245 1087//1245
f 1087//1246 1135//1246 1160//1246
f 1087//1247 1160//1247 1086//1247
f 1085//1248 1012//1248 1086//1248
f 1011//1249 1090//1249 1017//1249
f 1085//1250 1011//1250 1012//1250
f 1090//1251 1092//1251 1022//1251
f 1022//1252 1017//1252 1090//1252
f 1017//1253 1022//1253 1023//1253
f 1017//1254 1023//1254 1018//1254
f 1017//1255 1018//1255 1012//1255
f 1017//1256 1012//1256 1011//1256
f 1011//1257 1085//1257 1090//1257
f 1186//1258 1165//1258 1187//1258
f 1160//1259 1165//1259 1164//1259
f 1164//1260 1165//1260 1186//1260
f 1079//1261 1267//1261 1230//1261
f 1847//1262 1889//1262 1733//1262
f 1733//1263 1889//1263 1701//1263
f 1733//1264 1701//1264 1689//1264
f 1689//1265 1701//1265 1653//1265
f 1653//1266 1701//1266 1617//1266
f 1653//1267 1617//1267 1564//1267
f 1469//1268 1528//1268 1418//1268
f 1418//1269 1528//1269 1417//1269
f 1418//1270 1417//1270 1318//1270
f 1318//1271 1417//1271 1232//1271
f 1318//1272 1232//1272 1205//1272
f 1205//1273 1232//1273 1080//1273
f 1205//1274 1080//1274 1081//1274
f 1230//1275 1267//1275 1314//1275
f 1079//1276 1080//1276 1267//1276
f 1267//1277 1080//1277 1232//1277
f 1267//1278 1232//1278 1314//1278
f 1314//1279 1232//1279 1417//1279
f 1314//1280 1417//1280 1416//1280
f 1416//1281 1417//1281 1528//1281
f 1416//1282 1528//1282 1588//1282
f 1469//1283 1564//1283 1528//1283
f 1528//1284 1564//1284 1617//1284
f 1528//1285 1617//1285 1588//1285
f 1588//1286 1617//1286 1701//1286
f 1588//1287 1701//1287 1700//1287
f 1700//1288 1701//1288 1889//1288
f 1700//1289 1889//1289 1888//1289
f 1534//1290 1533//1290 1571//1290
f 1538//1291 1534//1291 1533//1291
f 1538//1292 1533//1292 1537//1292
f 1654//1293 1619//1293 1655//1293
f 1655//1294 1619//1294 1620//1294
f 1656//1295 1623//1295 1619//1295
f 1654//1296 1656//1296 1619//1296
f 1571//1297 1596//1297 1595//1297
f 1571//1298 1628//1298 1596//1298
f 1596//1299 1628//1299 1691//1299
f 1596//1300 1691//1300 1595//1300
f 1595//1301 1691//1301 1739//1301
f 1595//1302 1739//1302 1594//1302
f 1655//1303 1621//1303 1781//1303
f 1655//1304 1781//1304 1792//1304
f 1594//1305 1739//1305 1621//1305
f 1621//1306 1739//1306 1738//1306
f 1621//1307 1738//1307 1781//1307
f 1628//1308 1629//1308 1630//1308
f 943//1309 949//1309 1015//1309
f 943//1310 1015//1310 1008//1310
f 1008//1311 1015//1311 1009//1311
f 1008//1312 1009//1312 1003//1312
f 1003//1313 1009//1313 1010//1313
f 1081//1314 1079//1314 1084//1314
f 1084//1315 1079//1315 1010//1315
f 1010//1316 1079//1316 1003//1316
f 1081//1317 1080//1317 1079//1317
f 1118//1318 1135//1318 1117//1318
f 1135//1319 1165//1319 1160//1319
f 1135//1320 1187//1320 1165//1320
f 1119//1321 1166//1321 1135//1321
f 1119//1322 1135//1322 1118//1322
f 1187//1323 1135//1323 1166//1323
f 1119//1324 1093//1324 1094//1324
f 1119//1325 1094//1325 1121//1325
f 1091//1326 1118//1326 1021//1326
f 1091//1327 1021//1327 1024//1327
f 1091//1328 1024//1328 1093//1328
f 968//1329 1036//1329 1031//1329
f 955//1330 959//1330 960//1330
f 955//1331 960//1331 956//1331
f 1024//1332 956//1332 1031//1332
f 1031//1333 956//1333 960//1333
f 1031//1334 960//1334 968//1334
f 968//1335 960//1335 959//1335
f 968//1336 959//1336 967//1336
f 1018//1337 1023//1337 952//1337
f 952//1338 953//1338 1018//1338
f 1018//1339 953//1339 950//1339
f 1018//1340 950//1340 1012//1340
f 1012//1341 950//1341 1019//1341
f 1012//1342 1019//1342 1086//1342
f 1086//1343 1019//1343 1087//1343
f 1019//1344 951//1344 1021//1344
f 1019//1345 1021//1345 1020//1345
f 953//1346 954//1346 955//1346
f 953//1347 955//1347 950//1347
f 950//1348 955//1348 1019//1348
f 1019//1349 955//1349 951//1349
f 1187//1350 1192//1350 1186//1350
f 1186//1351 1192//1351 1191//1351
f 1186//1352 1191//1352 1171//1352
f 1186//1353 1171//1353 1164//1353
f 1164//1354 1171//1354 1170//1354
f 1164//1355 1170//1355 1163//1355
f 1163//1356 1137//1356 1133//1356
f 1134//1357 1086//1357 1160//1357
f 1160//1358 1164//1358 1134//1358
f 1134//1359 1164//1359 1133//1359
f 1133//1360 1164//1360 1163//1360
f 1086//1361 1134//1361 1085//1361
f 1085//1362 1134//1362 1133//1362
f 1085//1363 1133//1363 1137//1363
f 1085//1364 1137//1364 1090//1364
f 1034//1365 1028//1365 1027//1365
f 1034//1366 1027//1366 964//1366
f 1028//1367 1016//1367 1015//1367
f 1028//1368 1015//1368 1027//1368
f 1027//1369 1015//1369 964//1369
f 1015//1370 1016//1370 1009//1370
f 1016//1371 1010//1371 1009//1371
f 1089//1372 1084//1372 1010//1372
f 1089//1373 1010//1373 1016//1373
f 1318//1374 1205//1374 1233//1374
f 1210//1375 1233//1375 1084//1375
f 1084//1376 1233//1376 1081//1376
f 1081//1377 1233//1377 1205//1377
f 1418//1378 1318//1378 1233//1378
f 1418//1379 1233//1379 1422//1379
f 1422//1380 1233//1380 1423//1380
f 1423//1381 1233//1381 1319//1381
f 1319//1382 1233//1382 1210//1382
f 1564//1383 1469//1383 1418//1383
f 1564//1384 1418//1384 1422//1384
f 1564//1385 1422//1385 1566//1385
f 1566//1386 1422//1386 1423//1386
f 1566//1387 1423//1387 1567//1387
f 1567//1388 1423//1388 1529//1388
f 1529//1389 1423//1389 1473//1389
f 1689//1390 1653//1390 1703//1390
f 1703//1391 1653//1391 1564//1391
f 1703//1392 1564//1392 1566//1392
f 1703//1393 1566//1393 1690//1393
f 1690//1394 1566//1394 1567//1394
f 1690//1395 1567//1395 1618//1395
f 1618//1396 1567//1396 1529//1396
f 1733//1397 1819//1397 1690//1397
f 1690//1398 1819//1398 1848//1398
f 1690//1399 1848//1399 1703//1399
f 1703//1400 1848//1400 1847//1400
f 1703//1401 1847//1401 1733//1401
f 1703//1402 1733//1402 1689//1402
f 1892//1403 1848//1403 1849//1403
f 1892//1404 1849//1404 1894//1404
f 1849//1405 1896//1405 1894//1405
f 1849//1406 1848//1406 1819//1406
f 1008//1407 1003//1407 943//1407
f 1078//1408 1003//1408 1079//1408
f 1007//1409 1002//1409 1078//1409
f 1115//1410 1078//1410 1079//1410
f 1115//1411 1083//1411 1078//1411
f 1078//1412 1083//1412 1007//1412
f 1014//1413 943//1413 1007//1413
f 1007//1414 943//1414 1008//1414
f 1007//1415 1008//1415 1003//1415
f 1007//1416 1003//1416 1002//1416
f 1078//1417 1002//1417 1003//1417
f 943//1418 1008//1418 949//1418
f 949//1419 943//1419 948//1419
f 948//1420 943//1420 1014//1420
f 1754//1421 1700//1421 1888//1421
f 1472//1422 1363//1422 1317//1422
f 1317//1423 1363//1423 1272//1423
f 1754//1424 1888//1424 1934//1424
f 1754//1425 1934//1425 1778//1425
f 1934//1426 1937//1426 1778//1426
f 1778//1427 1937//1427 1936//1427
f 1778//1428 1936//1428 1780//1428
f 1588//1429 1700//1429 1754//1429
f 1588//1430 1754//1430 1778//1430
f 1588//1431 1778//1431 1590//1431
f 1590//1432 1778//1432 1780//1432
f 1590//1433 1780//1433 1732//1433
f 1732//1434 1780//1434 1936//1434
f 1314//1435 1416//1435 1588//1435
f 1314//1436 1588//1436 1317//1436
f 1317//1437 1588//1437 1590//1437
f 1317//1438 1590//1438 1472//1438
f 1230//1439 1314//1439 1079//1439
f 1079//1440 1314//1440 1115//1440
f 1115//1441 1314//1441 1317//1441
f 1115//1442 1317//1442 1272//1442
f 1934//1443 1937//1443 1973//1443
f 1973//1444 1937//1444 1974//1444
f 1937//1445 1888//1445 1934//1445
f 1973//1446 1974//1446 1978//1446
f 2014//1447 1977//1447 1973//1447
f 1936//1448 1937//1448 1973//1448
f 2014//1449 1973//1449 1978//1449
f 2014//1450 1978//1450 2015//1450
f 1939//1451 1936//1451 1973//1451
f 1939//1452 1973//1452 1976//1452
f 1976//1453 1973//1453 1977//1453
f 1906//1454 1910//1454 1949//1454
f 1905//1455 1906//1455 1949//1455
f 1905//1456 1949//1456 1945//1456
f 1945//1457 1949//1457 1948//1457
f 1945//1458 1948//1458 1947//1458
f 1942//1459 1894//1459 1896//1459
f 1942//1460 1896//1460 1901//1460
f 1901//1461 1896//1461 1898//1461
f 1945//1462 1944//1462 1942//1462
f 1945//1463 1942//1463 1901//1463
f 1945//1464 1901//1464 1905//1464
f 1905//1465 1901//1465 1904//1465
f 1904//1466 1901//1466 1898//1466
f 1847//1467 1848//1467 1889//1467
f 1848//1468 1891//1468 1889//1468
f 1889//1469 1891//1469 1934//1469
f 1889//1470 1934//1470 1888//1470
f 1938//1471 1974//1471 1937//1471
f 1938//1472 1937//1472 1891//1472
f 1891//1473 1937//1473 1934//1473
f 2015//1474 1978//1474 1940//1474
f 1940//1475 1978//1475 1974//1475
f 2015//1476 1940//1476 1979//1476
f 1979//1477 1940//1477 1894//1477
f 1974//1478 1938//1478 1940//1478
f 1940//1479 1938//1479 1894//1479
f 1891//1480 1848//1480 1892//1480
f 1891//1481 1892//1481 1938//1481
f 1938//1482 1892//1482 1894//1482
f 1570//1483 1569//1483 1537//1483
f 1568//1484 1533//1484 1571//1484
f 1568//1485 1571//1485 1595//1485
f 1655//1486 1620//1486 1621//1486
f 1621//1487 1620//1487 1619//1487
f 1621//1488 1619//1488 1591//1488
f 1591//1489 1619//1489 1593//1489
f 1593//1490 1619//1490 1623//1490
f 1595//1491 1594//1491 1568//1491
f 1568//1492 1594//1492 1621//1492
f 1568//1493 1621//1493 1591//1493
f 1568//1494 1591//1494 1570//1494
f 1570//1495 1591//1495 1593//1495
f 1570//1496 1593//1496 1569//1496
f 1570//1497 1537//1497 1533//1497
f 1570//1498 1533//1498 1568//1498
f 1735//1499 1655//1499 1792//1499
f 1792//1500 1791//1500 1735//1500
f 1735//1501 1791//1501 1734//1501
f 1734//1502 1791//1502 1793//1502
f 1734//1503 1793//1503 1737//1503
f 1655//1504 1735//1504 1654//1504
f 1654//1505 1735//1505 1734//1505
f 1654//1506 1734//1506 1737//1506
f 1654//1507 1737//1507 1656//1507
f 1656//1508 1667//1508 1623//1508
f 1623//1509 1667//1509 1633//1509
f 1825//1510 1824//1510 1820//1510
f 1821//1511 1825//1511 1820//1511
f 1821//1512 1820//1512 1791//1512
f 1821//1513 1791//1513 1792//1513
f 1793//1514 1791//1514 1820//1514
f 1781//1515 1738//1515 1739//1515
f 1741//1516 1756//1516 1794//1516
f 1794//1517 1825//1517 1821//1517
f 1794//1518 1821//1518 1741//1518
f 1741//1519 1821//1519 1739//1519
f 1739//1520 1821//1520 1792//1520
f 1739//1521 1792//1521 1781//1521
f 1692//1522 1628//1522 1629//1522
f 1692//1523 1629//1523 1659//1523
f 1692//1524 1659//1524 1705//1524
f 1691//1525 1628//1525 1739//1525
f 1739//1526 1628//1526 1692//1526
f 1739//1527 1692//1527 1741//1527
f 1741//1528 1692//1528 1705//1528
f 1628//1529 1571//1529 1598//1529
f 1571//1530 1533//1530 1598//1530
f 1598//1531 1533//1531 1534//1531
f 1598//1532 1534//1532 1599//1532
f 1538//1533 1572//1533 1599//1533
f 1538//1534 1599//1534 1534//1534
f 1628//1535 1598//1535 1599//1535
f 1628//1536 1599//1536 1629//1536
f 1629//1537 1599//1537 1572//1537
f 1537//1538 1542//1538 1538//1538
f 1538//1539 1542//1539 1543//1539
f 1660//1540 1659//1540 1629//1540
f 1665//1541 1663//1541 1631//1541
f 1631//1542 1663//1542 1660//1542
f 1660//1543 1629//1543 1631//1543
f 1631//1544 1629//1544 1632//1544
f 1665//1545 1631//1545 1668//1545
f 1668//1546 1631//1546 1632//1546
f 1668//1547 1632//1547 1634//1547
f 1632//1548 1629//1548 1630//1548
f 958//1549 949//1549 957//1549
f 963//1550 958//1550 957//1550
f 963//1551 957//1551 962//1551
f 962//1552 957//1552 1026//1552
f 949//1553 948//1553 957//1553
f 957//1554 948//1554 1014//1554
f 957//1555 1014//1555 1026//1555
f 1026//1556 1033//1556 962//1556
f 964//1557 1015//1557 963//1557
f 963//1558 1015//1558 949//1558
f 963//1559 949//1559 958//1559
f 1119//1560 1121//1560 1166//1560
f 1166//1561 1121//1561 1192//1561
f 1166//1562 1192//1562 1187//1562
f 1031//1563 1036//1563 1094//1563
f 1031//1564 1094//1564 1024//1564
f 1024//1565 1094//1565 1093//1565
f 954//1566 953//1566 966//1566
f 955//1567 954//1567 959//1567
f 959//1568 954//1568 966//1568
f 959//1569 966//1569 967//1569
f 1030//1570 965//1570 966//1570
f 1023//1571 1030//1571 966//1571
f 1023//1572 966//1572 952//1572
f 952//1573 966//1573 953//1573
f 1023//1574 1022//1574 1030//1574
f 1030//1575 1022//1575 1029//1575
f 965//1576 1030//1576 1035//1576
f 1035//1577 1030//1577 1029//1577
f 1029//1578 1022//1578 1092//1578
f 1029//1579 1092//1579 1035//1579
f 1137//1580 1163//1580 1170//1580
f 1137//1581 1170//1581 1090//1581
f 1170//1582 1035//1582 1092//1582
f 1092//1583 1090//1583 1170//1583
f 1034//1584 1245//1584 1028//1584
f 1028//1585 1245//1585 1242//1585
f 1028//1586 1242//1586 1016//1586
f 1319//1587 1210//1587 1242//1587
f 1089//1588 1016//1588 1084//1588
f 1084//1589 1016//1589 1242//1589
f 1084//1590 1242//1590 1210//1590
f 1819//1591 1733//1591 1600//1591
f 1600//1592 1733//1592 1690//1592
f 1600//1593 1690//1593 1618//1593
f 1618//1594 1529//1594 1600//1594
f 1600//1595 1529//1595 1473//1595
f 1600//1596 1473//1596 1242//1596
f 1242//1597 1473//1597 1423//1597
f 1242//1598 1423//1598 1319//1598
f 1910//1599 1906//1599 1601//1599
f 1601//1600 1906//1600 1905//1600
f 1601//1601 1905//1601 1600//1601
f 1905//1602 1904//1602 1600//1602
f 1600//1603 1904//1603 1898//1603
f 1600//1604 1898//1604 1819//1604
f 1819//1605 1898//1605 1896//1605
f 1819//1606 1896//1606 1849//1606
f 1144//1607 1033//1607 1141//1607
f 1141//1608 1033//1608 1026//1608
f 1141//1609 1026//1609 1139//1609
f 1139//1610 1026//1610 1014//1610
f 1939//1611 1851//1611 1936//1611
f 1936//1612 1851//1612 1827//1612
f 1936//1613 1827//1613 1732//1613
f 1987//1614 1909//1614 1985//1614
f 1985//1615 1909//1615 1903//1615
f 1985//1616 1903//1616 1982//1616
f 1982//1617 1903//1617 1976//1617
f 1976//1618 1903//1618 1900//1618
f 1976//1619 1900//1619 1851//1619
f 1976//1620 1851//1620 1939//1620
f 1115//1621 1272//1621 1190//1621
f 1014//1622 1007//1622 1139//1622
f 1139//1623 1007//1623 1083//1623
f 1115//1624 1190//1624 1168//1624
f 1115//1625 1168//1625 1083//1625
f 1083//1626 1168//1626 1139//1626
f 1272//1627 1363//1627 1190//1627
f 1190//1628 1363//1628 1472//1628
f 1190//1629 1472//1629 1827//1629
f 1827//1630 1472//1630 1590//1630
f 1827//1631 1590//1631 1732//1631
f 2022//1632 2025//1632 2026//1632
f 2026//1633 2025//1633 2027//1633
f 1985//1634 1982//1634 2020//1634
f 2020//1635 1982//1635 1976//1635
f 2019//1636 2022//1636 2020//1636
f 2020//1637 2022//1637 2026//1637
f 2020//1638 2026//1638 1985//1638
f 1985//1639 2026//1639 1987//1639
f 1976//1640 1977//1640 2020//1640
f 2020//1641 1977//1641 2014//1641
f 2020//1642 2014//1642 2019//1642
f 2019//1643 2014//1643 2015//1643
f 1983//1644 1984//1644 1986//1644
f 2019//1645 2015//1645 1979//1645
f 1942//1646 1981//1646 1894//1646
f 1894//1647 1981//1647 1979//1647
f 2019//1648 1979//1648 2022//1648
f 1988//1649 1986//1649 1948//1649
f 1948//1650 1986//1650 1947//1650
f 1984//1651 1944//1651 1986//1651
f 1986//1652 1944//1652 1945//1652
f 1986//1653 1945//1653 1947//1653
f 1942//1654 1944//1654 1981//1654
f 1981//1655 1944//1655 1984//1655
f 1981//1656 1984//1656 1979//1656
f 1979//1657 1984//1657 1983//1657
f 1979//1658 1983//1658 2022//1658
f 2022//1659 1983//1659 1986//1659
f 2022//1660 1986//1660 2025//1660
f 2025//1661 1986//1661 1988//1661
f 2025//1662 1988//1662 2027//1662
f 1593//1663 1633//1663 1569//1663
f 1569//1664 1633//1664 1542//1664
f 1569//1665 1542//1665 1537//1665
f 1633//1666 1593//1666 1623//1666
f 1824//1667 1828//1667 1667//1667
f 1828//1668 1857//1668 1667//1668
f 1667//1669 1857//1669 1862//1669
f 1667//1670 1862//1670 1863//1670
f 1820//1671 1824//1671 1793//1671
f 1793//1672 1824//1672 1737//1672
f 1737//1673 1824//1673 1667//1673
f 1737//1674 1667//1674 1656//1674
f 1863//1675 1862//1675 1911//1675
f 1911//1676 1862//1676 1907//1676
f 1907//1677 1864//1677 1911//1677
f 1853//1678 1855//1678 1825//1678
f 1857//1679 1828//1679 1854//1679
f 1854//1680 1828//1680 1824//1680
f 1860//1681 1864//1681 1907//1681
f 1860//1682 1907//1682 1859//1682
f 1859//1683 1907//1683 1862//1683
f 1855//1684 1858//1684 1860//1684
f 1855//1685 1860//1685 1854//1685
f 1854//1686 1860//1686 1859//1686
f 1854//1687 1859//1687 1857//1687
f 1857//1688 1859//1688 1862//1688
f 1825//1689 1855//1689 1824//1689
f 1824//1690 1855//1690 1854//1690
f 1741//1691 1705//1691 1707//1691
f 1711//1692 1665//1692 1668//1692
f 1665//1693 1711//1693 1663//1693
f 1663//1694 1711//1694 1710//1694
f 1663//1695 1710//1695 1707//1695
f 1663//1696 1707//1696 1660//1696
f 1660//1697 1707//1697 1705//1697
f 1660//1698 1705//1698 1659//1698
f 1796//1699 1825//1699 1794//1699
f 1864//1700 1860//1700 1799//1700
f 1799//1701 1860//1701 1858//1701
f 1799//1702 1858//1702 1797//1702
f 1797//1703 1858//1703 1855//1703
f 1797//1704 1855//1704 1796//1704
f 1796//1705 1855//1705 1853//1705
f 1796//1706 1853//1706 1825//1706
f 1830//1707 1864//1707 1799//1707
f 1830//1708 1799//1708 1763//1708
f 1713//1709 1763//1709 1761//1709
f 1761//1710 1763//1710 1799//1710
f 1761//1711 1799//1711 1760//1711
f 1760//1712 1799//1712 1797//1712
f 1760//1713 1797//1713 1758//1713
f 1758//1714 1797//1714 1796//1714
f 1758//1715 1796//1715 1756//1715
f 1756//1716 1796//1716 1794//1716
f 1668//1717 1713//1717 1711//1717
f 1711//1718 1713//1718 1761//1718
f 1711//1719 1761//1719 1710//1719
f 1710//1720 1761//1720 1760//1720
f 1710//1721 1760//1721 1707//1721
f 1707//1722 1760//1722 1758//1722
f 1707//1723 1758//1723 1741//1723
f 1741//1724 1758//1724 1756//1724
f 1572//1725 1538//1725 1543//1725
f 1572//1726 1543//1726 1629//1726
f 1632//1727 1629//1727 1543//1727
f 1632//1728 1543//1728 1634//1728
f 1243//1729 1237//1729 1280//1729
f 1243//1730 1280//1730 1284//1730
f 1284//1731 1280//1731 1279//1731
f 1284//1732 1279//1732 1283//1732
f 1283//1733 1279//1733 1326//1733
f 1283//1734 1326//1734 1332//1734
f 1332//1735 1326//1735 1327//1735
f 1332//1736 1327//1736 1333//1736
f 1333//1737 1327//1737 1374//1737
f 1333//1738 1374//1738 1383//1738
f 1383//1739 1374//1739 1375//1739
f 1383//1740 1375//1740 1384//1740
f 1384//1741 1375//1741 1376//1741
f 1384//1742 1376//1742 1385//1742
f 1385//1743 1376//1743 1328//1743
f 1385//1744 1328//1744 1335//1744
f 1335//1745 1328//1745 1281//1745
f 1335//1746 1281//1746 1286//1746
f 1286//1747 1281//1747 1238//1747
f 1286//1748 1238//1748 1244//1748
f 1244//1749 1238//1749 1237//1749
f 1244//1750 1237//1750 1243//1750
f 1330//1751 1322//1751 1368//1751
f 1330//1752 1368//1752 1379//1752
f 1379//1753 1368//1753 1428//1753
f 1379//1754 1428//1754 1435//1754
f 1435//1755 1428//1755 1477//1755
f 1435//1756 1477//1756 1480//1756
f 1480//1757 1477//1757 1478//1757
f 1480//1758 1478//1758 1481//1758
f 1481//1759 1478//1759 1429//1759
f 1481//1760 1429//1760 1438//1760
f 1438//1761 1429//1761 1370//1761
f 1438//1762 1370//1762 1382//1762
f 1382//1763 1370//1763 1369//1763
f 1382//1764 1369//1764 1381//1764
f 1381//1765 1369//1765 1323//1765
f 1381//1766 1323//1766 1331//1766
f 1331//1767 1323//1767 1322//1767
f 1331//1768 1322//1768 1330//1768
f 1143//1769 1144//1769 1140//1769
f 1140//1770 1144//1770 1141//1770
f 1140//1771 1141//1771 1139//1771
f 1140//1772 1139//1772 1138//1772
f 1138//1773 1139//1773 1168//1773
f 1138//1774 1168//1774 1167//1774
f 1167//1775 1168//1775 1190//1775
f 1167//1776 1190//1776 1189//1776
f 1827//1777 1826//1777 1190//1777
f 1190//1778 1826//1778 1189//1778
f 1826//1779 1827//1779 1851//1779
f 1826//1780 1851//1780 1850//1780
f 1850//1781 1851//1781 1897//1781
f 1897//1782 1851//1782 1900//1782
f 1897//1783 1900//1783 1899//1783
f 1899//1784 1900//1784 1903//1784
f 1899//1785 1903//1785 1902//1785
f 1909//1786 1908//1786 1903//1786
f 1903//1787 1908//1787 1902//1787
f 1034//1788 1035//1788 1245//1788
f 1245//1789 1035//1789 1170//1789
f 1245//1790 1170//1790 1171//1790
f 1245//1791 1192//1791 1145//1791
f 1145//1792 1192//1792 1121//1792
f 1145//1793 1094//1793 863//1793
f 863//1794 1094//1794 1036//1794
f 900//1795 963//1795 861//1795
f 861//1796 963//1796 962//1796
f 901//1797 902//1797 1034//1797
f 862//1798 967//1798 905//1798
f 905//1799 967//1799 966//1799
f 1034//1800 964//1800 901//1800
f 901//1801 964//1801 900//1801
f 900//1802 964//1802 963//1802
f 904//1803 966//1803 903//1803
f 903//1804 966//1804 965//1804
f 1242//1805 1245//1805 1142//1805
f 1142//1806 1245//1806 1145//1806
f 1382//1807 1381//1807 1332//1807
f 1332//1808 1381//1808 1331//1808
f 1332//1809 1331//1809 1283//1809
f 1242//1810 1379//1810 1435//1810
f 1242//1811 1435//1811 1600//1811
f 1600//1812 1435//1812 1480//1812
f 1385//1813 1335//1813 1482//1813
f 1482//1814 1335//1814 1286//1814
f 1482//1815 1286//1815 1142//1815
f 1142//1816 1286//1816 1244//1816
f 1600//1817 1480//1817 1481//1817
f 1600//1818 1481//1818 1482//1818
f 1482//1819 1481//1819 1438//1819
f 1332//1820 1333//1820 1382//1820
f 1382//1821 1333//1821 1383//1821
f 1382//1822 1383//1822 1438//1822
f 1438//1823 1383//1823 1384//1823
f 1438//1824 1384//1824 1482//1824
f 1482//1825 1384//1825 1385//1825
f 1284//1826 1242//1826 1243//1826
f 1243//1827 1242//1827 1142//1827
f 1243//1828 1142//1828 1244//1828
f 1283//1829 1331//1829 1284//1829
f 1284//1830 1331//1830 1330//1830
f 1284//1831 1330//1831 1242//1831
f 1242//1832 1330//1832 1379//1832
f 1601//1833 1600//1833 1483//1833
f 1483//1834 1600//1834 1482//1834
f 1483//1835 1542//1835 1601//1835
f 1601//1836 1542//1836 1633//1836
f 2026//1837 2086//1837 1987//1837
f 1987//1838 2086//1838 1908//1838
f 1863//1839 1910//1839 1667//1839
f 1667//1840 1910//1840 1601//1840
f 2086//1841 2026//1841 2071//1841
f 2071//1842 2026//1842 2027//1842
f 1543//1843 1483//1843 1634//1843
f 1634//1844 1483//1844 1669//1844
f 2071//1845 1948//1845 1863//1845
f 2071//1846 1863//1846 2053//1846
f 2053//1847 1863//1847 2028//1847
f 2028//1848 1863//1848 1989//1848
f 2071//1849 1988//1849 1948//1849
f 1714//1850 1713//1850 1694//1850
f 1694//1851 1713//1851 1668//1851
f 1694//1852 1668//1852 1669//1852
f 1669//1853 1668//1853 1634//1853
f 1713//1854 1764//1854 1763//1854
f 1950//1855 1911//1855 1951//1855
f 1951//1856 1911//1856 1864//1856
f 1951//1857 1864//1857 1912//1857
f 1912//1858 1864//1858 1830//1858
f 1912//1859 1830//1859 1865//1859
f 1764//1860 1801//1860 1763//1860
f 1763//1861 1831//1861 1830//1861
f 1830//1862 1831//1862 1865//1862
f 855//1863 863//1863 862//1863
f 855//1864 862//1864 854//1864
f 854//1865 862//1865 905//1865
f 854//1866 905//1866 897//1866
f 897//1867 905//1867 904//1867
f 897//1868 904//1868 895//1868
f 895//1869 904//1869 903//1869
f 895//1870 903//1870 894//1870
f 894//1871 903//1871 902//1871
f 894//1872 902//1872 893//1872
f 893//1873 902//1873 901//1873
f 893//1874 901//1874 891//1874
f 891//1875 901//1875 900//1875
f 891//1876 900//1876 880//1876
f 880//1877 900//1877 861//1877
f 880//1878 861//1878 850//1878
f 1662//1879 1661//1879 1708//1879
f 2084//1880 2085//1880 2069//1880
f 2067//1881 2065//1881 2081//1881
f 2017//1882 2016//1882 2048//1882
f 2017//1883 2018//1883 2016//1883
f 2016//1884 2018//1884 1941//1884
f 2016//1885 1941//1885 1980//1885
f 1757//1886 1783//1886 1795//1886
f 1795//1887 1783//1887 1823//1887
f 1795//1888 1823//1888 1852//1888
f 1852//1889 1823//1889 1895//1889
f 1852//1890 1895//1890 1941//1890
f 1941//1891 1895//1891 1980//1891
f 1708//1892 1706//1892 1742//1892
f 1661//1893 1658//1893 1708//1893
f 1708//1894 1658//1894 1693//1894
f 1708//1895 1693//1895 1706//1895
f 1912//1896 1861//1896 1951//1896
f 1951//1897 1861//1897 1946//1897
f 1951//1898 1946//1898 1950//1898
f 1950//1899 1946//1899 1989//1899
f 2069//1900 2071//1900 2053//1900
f 2024//1901 2028//1901 1989//1901
f 1989//1902 1946//1902 2024//1902
f 2024//1903 1946//1903 2023//1903
f 2024//1904 2023//1904 2052//1904
f 2071//1905 2069//1905 2085//1905
f 2071//1906 2085//1906 2086//1906
f 2084//1907 2068//1907 2083//1907
f 2083//1908 2068//1908 2067//1908
f 2083//1909 2067//1909 2082//1909
f 2082//1910 2067//1910 2081//1910
f 2082//1911 2081//1911 2080//1911
f 1664//1912 1662//1912 1709//1912
f 1709//1913 1662//1913 1708//1913
f 1709//1914 1708//1914 1757//1914
f 1757//1915 1708//1915 1742//1915
f 1757//1916 1742//1916 1783//1916
f 2017//1917 2051//1917 2018//1917
f 2018//1918 2051//1918 2021//1918
f 2018//1919 2021//1919 1941//1919
f 1941//1920 2021//1920 1943//1920
f 1941//1921 1943//1921 1852//1921
f 1852//1922 1943//1922 1856//1922
f 1852//1923 1856//1923 1795//1923
f 1795//1924 1856//1924 1798//1924
f 1795//1925 1798//1925 1757//1925
f 1757//1926 1798//1926 1759//1926
f 1757//1927 1759//1927 1709//1927
f 1669//1928 1666//1928 1694//1928
f 1694//1929 1666//1929 1712//1929
f 1762//1930 1743//1930 1712//1930
f 1712//1931 1743//1931 1714//1931
f 1712//1932 1714//1932 1694//1932
f 1829//1933 1801//1933 1762//1933
f 1762//1934 1801//1934 1764//1934
f 1762//1935 1764//1935 1743//1935
f 1912//1936 1865//1936 1861//1936
f 1861//1937 1865//1937 1831//1937
f 1861//1938 1831//1938 1829//1938
f 1829//1939 1831//1939 1801//1939
f 2065//1940 2067//1940 2049//1940
f 2049//1941 2067//1941 2068//1941
f 2049//1942 2068//1942 2050//1942
f 2050//1943 2068//1943 2084//1943
f 2050//1944 2084//1944 2052//1944
f 2052//1945 2084//1945 2069//1945
f 2052//1946 2069//1946 2024//1946
f 2024//1947 2069//1947 2053//1947
f 2024//1948 2053//1948 2028//1948
f 1666//1949 1664//1949 1712//1949
f 1712//1950 1664//1950 1709//1950
f 1712//1951 1709//1951 1762//1951
f 1762//1952 1709//1952 1759//1952
f 1762//1953 1759//1953 1829//1953
f 1829//1954 1759//1954 1798//1954
f 1829//1955 1798//1955 1861//1955
f 1861//1956 1798//1956 1856//1956
f 1861//1957 1856//1957 1946//1957
f 1946//1958 1856//1958 1943//1958
f 1946//1959 1943//1959 2023//1959
f 2023//1960 1943//1960 2021//1960
f 2023//1961 2021//1961 2052//1961
f 2052//1962 2021//1962 2051//1962
f 2052//1963 2051//1963 2050//1963
f 2050//1964 2051//1964 2017//1964
f 2050//1965 2017//1965 2049//1965
f 2049//1966 2017//1966 2048//1966
f 2049//1967 2048//1967 2065//1967
f 1280//1968 1236//1968 1279//1968
f 1279//1969 1236//1969 1278//1969
f 1279//1970 1278//1970 1326//1970
f 1376//1971 1377//1971 1328//1971
f 1328//1972 1377//1972 1329//1972
f 1328//1973 1329//1973 1281//1973
f 1329//1974 1282//1974 1281//1974
f 1281//1975 1282//1975 1240//1975
f 1281//1976 1240//1976 1239//1976
f 1281//1977 1239//1977 1238//1977
f 1238//1978 1239//1978 1214//1978
f 1238//1979 1214//1979 1213//1979
f 1238//1980 1213//1980 1237//1980
f 1237//1981 1213//1981 1212//1981
f 1237//1982 1212//1982 1280//1982
f 1280//1983 1212//1983 1211//1983
f 1280//1984 1211//1984 1236//1984
f 1278//1985 1325//1985 1326//1985
f 1326//1986 1325//1986 1372//1986
f 1326//1987 1372//1987 1327//1987
f 1327//1988 1372//1988 1373//1988
f 1327//1989 1373//1989 1374//1989
f 1374//1990 1373//1990 1431//1990
f 1374//1991 1431//1991 1375//1991
f 1375//1992 1431//1992 1432//1992
f 1375//1993 1432//1993 1376//1993
f 1376//1994 1432//1994 1433//1994
f 1376//1995 1433//1995 1377//1995
f 1368//1996 1321//1996 1367//1996
f 1368//1997 1367//1997 1428//1997
f 1478//1998 1479//1998 1429//1998
f 1429//1999 1479//1999 1430//1999
f 1429//2000 1430//2000 1370//2000
f 1430//2001 1371//2001 1370//2001
f 1370//2002 1371//2002 1369//2002
f 1369//2003 1371//2003 1324//2003
f 1369//2004 1324//2004 1323//2004
f 1323//2005 1324//2005 1277//2005
f 1323//2006 1277//2006 1322//2006
f 1322//2007 1277//2007 1276//2007
f 1322//2008 1276//2008 1368//2008
f 1368//2009 1276//2009 1275//2009
f 1368//2010 1275//2010 1321//2010
f 1367//2011 1427//2011 1428//2011
f 1428//2012 1427//2012 1475//2012
f 1428//2013 1475//2013 1476//2013
f 1428//2014 1476//2014 1477//2014
f 1477//2015 1476//2015 1508//2015
f 1477//2016 1508//2016 1509//2016
f 1477//2017 1509//2017 1478//2017
f 1478//2018 1509//2018 1510//2018
f 1478//2019 1510//2019 1511//2019
f 1478//2020 1511//2020 1479//2020
f 850//2021 861//2021 1143//2021
f 1263//2022 1158//2022 1189//2022
f 1167//2023 1113//2023 1073//2023
f 1113//2024 1167//2024 1158//2024
f 1158//2025 1167//2025 1189//2025
f 1899//2026 2082//2026 2080//2026
f 2082//2027 1899//2027 2083//2027
f 2083//2028 1899//2028 1902//2028
f 2083//2029 1902//2029 2084//2029
f 2084//2030 1902//2030 2085//2030
f 2085//2031 1902//2031 1908//2031
f 2085//2032 1908//2032 2086//2032
f 876//2033 1138//2033 875//2033
f 1143//2034 1140//2034 850//2034
f 850//2035 1140//2035 1138//2035
f 850//2036 1138//2036 879//2036
f 879//2037 1138//2037 876//2037
f 998//2038 932//2038 1138//2038
f 2011//2039 1897//2039 2044//2039
f 1885//2040 1826//2040 1969//2040
f 1969//2041 1826//2041 1850//2041
f 1969//2042 1850//2042 1897//2042
f 1969//2043 1897//2043 2011//2043
f 1167//2044 1073//2044 998//2044
f 1167//2045 998//2045 1138//2045
f 1138//2046 932//2046 875//2046
f 2063//2047 1897//2047 2079//2047
f 1897//2048 2063//2048 2044//2048
f 1899//2049 2080//2049 1897//2049
f 1897//2050 2080//2050 2079//2050
f 1885//2051 1777//2051 1826//2051
f 1826//2052 1777//2052 1563//2052
f 1826//2053 1563//2053 1189//2053
f 1189//2054 1563//2054 1465//2054
f 1189//2055 1465//2055 1263//2055
f 855//2056 854//2056 887//2056
f 855//2057 887//2057 851//2057
f 887//2058 888//2058 851//2058
f 888//2059 887//2059 944//2059
f 942//2060 945//2060 944//2060
f 944//2061 945//2061 946//2061
f 944//2062 946//2062 888//2062
f 1073//2063 1074//2063 998//2063
f 1074//2064 1000//2064 998//2064
f 998//2065 1000//2065 999//2065
f 998//2066 999//2066 932//2066
f 932//2067 999//2067 934//2067
f 933//2068 875//2068 932//2068
f 933//2069 932//2069 934//2069
f 881//2070 880//2070 879//2070
f 879//2071 880//2071 850//2071
f 896//2072 854//2072 897//2072
f 896//2073 897//2073 895//2073
f 939//2074 940//2074 884//2074
f 884//2075 940//2075 885//2075
f 940//2076 941//2076 886//2076
f 940//2077 886//2077 885//2077
f 1006//2078 941//2078 1005//2078
f 1005//2079 941//2079 1004//2079
f 1005//2080 1004//2080 1001//2080
f 877//2081 875//2081 933//2081
f 877//2082 933//2082 937//2082
f 937//2083 933//2083 934//2083
f 937//2084 934//2084 935//2084
f 935//2085 934//2085 999//2085
f 935//2086 999//2086 1000//2086
f 886//2087 896//2087 885//2087
f 885//2088 896//2088 895//2088
f 885//2089 895//2089 884//2089
f 884//2090 895//2090 894//2090
f 884//2091 894//2091 883//2091
f 883//2092 894//2092 893//2092
f 883//2093 893//2093 892//2093
f 892//2094 893//2094 891//2094
f 879//2095 876//2095 881//2095
f 881//2096 876//2096 877//2096
f 881//2097 877//2097 882//2097
f 882//2098 877//2098 878//2098
f 882//2099 878//2099 883//2099
f 883//2100 878//2100 938//2100
f 883//2101 938//2101 884//2101
f 884//2102 938//2102 939//2102
f 939//2103 938//2103 936//2103
f 939//2104 936//2104 1004//2104
f 939//2105 1004//2105 940//2105
f 940//2106 1004//2106 941//2106
f 854//2107 896//2107 886//2107
f 854//2108 886//2108 887//2108
f 1074//2109 1075//2109 1000//2109
f 1000//2110 1075//2110 1076//2110
f 1000//2111 1076//2111 1077//2111
f 876//2112 875//2112 877//2112
f 878//2113 877//2113 937//2113
f 878//2114 937//2114 938//2114
f 938//2115 937//2115 935//2115
f 938//2116 935//2116 1000//2116
f 938//2117 1000//2117 936//2117
f 936//2118 1000//2118 1004//2118
f 1004//2119 1000//2119 1077//2119
f 1004//2120 1077//2120 1001//2120
f 1006//2121 942//2121 941//2121
f 941//2122 942//2122 944//2122
f 941//2123 944//2123 887//2123
f 941//2124 887//2124 886//2124
f 882//2125 883//2125 892//2125
f 882//2126 892//2126 881//2126
f 881//2127 892//2127 891//2127
f 881//2128 891//2128 880//2128
f 1661//2129 1662//2129 1482//2129
f 1142//2130 946//2130 1088//2130
f 1669//2131 1483//2131 1666//2131
f 1666//2132 1483//2132 1482//2132
f 1666//2133 1482//2133 1664//2133
f 1664//2134 1482//2134 1662//2134
f 1597//2135 1625//2135 1482//2135
f 1145//2136 863//2136 855//2136
f 946//2137 1142//2137 888//2137
f 888//2138 1142//2138 1145//2138
f 1088//2139 1136//2139 1142//2139
f 1142//2140 1136//2140 1188//2140
f 1142//2141 1188//2141 1482//2141
f 1482//2142 1658//2142 1661//2142
f 1188//2143 1274//2143 1482//2143
f 1482//2144 1274//2144 1366//2144
f 1482//2145 1366//2145 1474//2145
f 1145//2146 855//2146 851//2146
f 1145//2147 851//2147 888//2147
f 1482//2148 1625//2148 1657//2148
f 1482//2149 1657//2149 1658//2149
f 1474//2150 1530//2150 1482//2150
f 1482//2151 1530//2151 1597//2151
f 2063//2152 2079//2152 2064//2152
f 1597//2153 1624//2153 1704//2153
f 1597//2154 1704//2154 1625//2154
f 1658//2155 1657//2155 1740//2155
f 1740//2156 1657//2156 1625//2156
f 1740//2157 1625//2157 1736//2157
f 1740//2158 1706//2158 1658//2158
f 1658//2159 1706//2159 1693//2159
f 1893//2160 1895//2160 1822//2160
f 1822//2161 1895//2161 1823//2161
f 1822//2162 1823//2162 1783//2162
f 2081//2163 2065//2163 2066//2163
f 2066//2164 2065//2164 2048//2164
f 2066//2165 2048//2165 2047//2165
f 2047//2166 2048//2166 2016//2166
f 2047//2167 2016//2167 1975//2167
f 1975//2168 2016//2168 1980//2168
f 1975//2169 1980//2169 1893//2169
f 1893//2170 1980//2170 1895//2170
f 2080//2171 2081//2171 2066//2171
f 2012//2172 2044//2172 2045//2172
f 2045//2173 2044//2173 2063//2173
f 2045//2174 2063//2174 2013//2174
f 2013//2175 2063//2175 2046//2175
f 1969//2176 2011//2176 2012//2176
f 2012//2177 2011//2177 2044//2177
f 1845//2178 1886//2178 1932//2178
f 1932//2179 1886//2179 1931//2179
f 1932//2180 1970//2180 1845//2180
f 1845//2181 1970//2181 1887//2181
f 1845//2182 1887//2182 1817//2182
f 1779//2183 1817//2183 1789//2183
f 1779//2184 1789//2184 1755//2184
f 1755//2185 1789//2185 1704//2185
f 1970//2186 1971//2186 1933//2186
f 1625//2187 1704//2187 1736//2187
f 1736//2188 1704//2188 1790//2188
f 1846//2189 1933//2189 1935//2189
f 1935//2190 1933//2190 1971//2190
f 1935//2191 1971//2191 2013//2191
f 1970//2192 1933//2192 1887//2192
f 1887//2193 1933//2193 1846//2193
f 1887//2194 1846//2194 1817//2194
f 1817//2195 1846//2195 1790//2195
f 1817//2196 1790//2196 1789//2196
f 1789//2197 1790//2197 1704//2197
f 2046//2198 2063//2198 2064//2198
f 2046//2199 2064//2199 2013//2199
f 2013//2200 2064//2200 2047//2200
f 2013//2201 2047//2201 1972//2201
f 1972//2202 2047//2202 1975//2202
f 1972//2203 1975//2203 1890//2203
f 1890//2204 1975//2204 1893//2204
f 1890//2205 1893//2205 1818//2205
f 1782//2206 1818//2206 1783//2206
f 1782//2207 1783//2207 1740//2207
f 1740//2208 1783//2208 1742//2208
f 1740//2209 1742//2209 1706//2209
f 2079//2210 2080//2210 2064//2210
f 2064//2211 2080//2211 2066//2211
f 2064//2212 2066//2212 2047//2212
f 1818//2213 1893//2213 1822//2213
f 1818//2214 1822//2214 1783//2214
f 1782//2215 1740//2215 1736//2215
f 1782//2216 1736//2216 1818//2216
f 1818//2217 1736//2217 1790//2217
f 1818//2218 1790//2218 1890//2218
f 1890//2219 1790//2219 1846//2219
f 1890//2220 1846//2220 1972//2220
f 1972//2221 1846//2221 1935//2221
f 1972//2222 1935//2222 2013//2222
f 2045//2223 2013//2223 1971//2223
f 2045//2224 1971//2224 2012//2224
f 2012//2225 1971//2225 1970//2225
f 2012//2226 1970//2226 1932//2226
f 2012//2227 1932//2227 1969//2227
f 1969//2228 1932//2228 1931//2228
f 1213//2229 1208//2229 1212//2229
f 1212//2230 1208//2230 1207//2230
f 1234//2231 1214//2231 1239//2231
f 1234//2232 1209//2232 1214//2232
f 1214//2233 1209//2233 1213//2233
f 1213//2234 1209//2234 1208//2234
f 1240//2235 1273//2235 1235//2235
f 1240//2236 1235//2236 1239//2236
f 1239//2237 1235//2237 1234//2237
f 1273//2238 1240//2238 1282//2238
f 1273//2239 1282//2239 1320//2239
f 1320//2240 1282//2240 1329//2240
f 1320//2241 1329//2241 1365//2241
f 1365//2242 1329//2242 1377//2242
f 1365//2243 1377//2243 1364//2243
f 1364//2244 1377//2244 1433//2244
f 1364//2245 1433//2245 1425//2245
f 1425//2246 1433//2246 1432//2246
f 1425//2247 1432//2247 1424//2247
f 1424//2248 1432//2248 1431//2248
f 1424//2249 1431//2249 1421//2249
f 1362//2250 1420//2250 1373//2250
f 1373//2251 1420//2251 1431//2251
f 1431//2252 1420//2252 1421//2252
f 1372//2253 1362//2253 1373//2253
f 1325//2254 1316//2254 1372//2254
f 1372//2255 1316//2255 1361//2255
f 1372//2256 1361//2256 1362//2256
f 1278//2257 1271//2257 1325//2257
f 1325//2258 1271//2258 1316//2258
f 1236//2259 1271//2259 1278//2259
f 1206//2260 1231//2260 1236//2260
f 1236//2261 1231//2261 1271//2261
f 1206//2262 1236//2262 1211//2262
f 1206//2263 1211//2263 1212//2263
f 1206//2264 1212//2264 1207//2264
f 1268//2265 1277//2265 1269//2265
f 1277//2266 1268//2266 1266//2266
f 1277//2267 1266//2267 1276//2267
f 1276//2268 1266//2268 1265//2268
f 1371//2269 1359//2269 1315//2269
f 1371//2270 1315//2270 1324//2270
f 1324//2271 1315//2271 1277//2271
f 1277//2272 1315//2272 1269//2272
f 1359//2273 1371//2273 1419//2273
f 1419//2274 1371//2274 1430//2274
f 1419//2275 1430//2275 1470//2275
f 1470//2276 1430//2276 1479//2276
f 1470//2277 1479//2277 1468//2277
f 1468//2278 1479//2278 1511//2278
f 1468//2279 1511//2279 1504//2279
f 1504//2280 1511//2280 1510//2280
f 1504//2281 1510//2281 1503//2281
f 1503//2282 1510//2282 1509//2282
f 1503//2283 1509//2283 1502//2283
f 1502//2284 1509//2284 1508//2284
f 1467//2285 1501//2285 1476//2285
f 1476//2286 1501//2286 1508//2286
f 1508//2287 1501//2287 1502//2287
f 1467//2288 1476//2288 1466//2288
f 1466//2289 1476//2289 1475//2289
f 1427//2290 1415//2290 1475//2290
f 1475//2291 1415//2291 1466//2291
f 1367//2292 1358//2292 1427//2292
f 1427//2293 1358//2293 1415//2293
f 1313//2294 1312//2294 1321//2294
f 1321//2295 1312//2295 1358//2295
f 1321//2296 1358//2296 1367//2296
f 1275//2297 1276//2297 1265//2297
f 1265//2298 1264//2298 1275//2298
f 1275//2299 1264//2299 1321//2299
f 1321//2300 1264//2300 1313//2300
f 1188//2301 1136//2301 1162//2301
f 1359//2302 1419//2302 1360//2302
f 1132//2303 1204//2303 1185//2303
f 1931//2304 1886//2304 1816//2304
f 1788//2305 1845//2305 1817//2305
f 1624//2306 1597//2306 1592//2306
f 1592//2307 1597//2307 1530//2307
f 1592//2308 1530//2308 1474//2308
f 1704//2309 1622//2309 1755//2309
f 1755//2310 1622//2310 1702//2310
f 1788//2311 1817//2311 1699//2311
f 1130//2312 1075//2312 1114//2312
f 1114//2313 1075//2313 1074//2313
f 1114//2314 1074//2314 1073//2314
f 1001//2315 1077//2315 1131//2315
f 1131//2316 1077//2316 1076//2316
f 1001//2317 1132//2317 1185//2317
f 1001//2318 1185//2318 1005//2318
f 1005//2319 1185//2319 1116//2319
f 1005//2320 1116//2320 1006//2320
f 1006//2321 1116//2321 942//2321
f 942//2322 1116//2322 1082//2322
f 942//2323 1082//2323 945//2323
f 945//2324 1082//2324 1088//2324
f 945//2325 1088//2325 946//2325
f 1161//2326 1231//2326 1206//2326
f 1161//2327 1206//2327 1207//2327
f 1161//2328 1207//2328 1162//2328
f 1162//2329 1207//2329 1208//2329
f 1360//2330 1361//2330 1316//2330
f 1360//2331 1316//2331 1270//2331
f 1270//2332 1316//2332 1271//2332
f 1471//2333 1421//2333 1505//2333
f 1505//2334 1421//2334 1420//2334
f 1420//2335 1362//2335 1505//2335
f 1505//2336 1362//2336 1360//2336
f 1360//2337 1362//2337 1361//2337
f 1426//2338 1425//2338 1471//2338
f 1425//2339 1424//2339 1471//2339
f 1424//2340 1421//2340 1471//2340
f 1320//2341 1365//2341 1366//2341
f 1366//2342 1365//2342 1426//2342
f 1426//2343 1365//2343 1364//2343
f 1426//2344 1364//2344 1425//2344
f 1274//2345 1273//2345 1366//2345
f 1366//2346 1273//2346 1320//2346
f 1209//2347 1234//2347 1188//2347
f 1188//2348 1234//2348 1235//2348
f 1188//2349 1235//2349 1274//2349
f 1274//2350 1235//2350 1273//2350
f 1203//2351 1312//2351 1313//2351
f 1203//2352 1313//2352 1264//2352
f 1500//2353 1466//2353 1415//2353
f 1500//2354 1415//2354 1357//2354
f 1357//2355 1415//2355 1358//2355
f 1504//2356 1503//2356 1527//2356
f 1587//2357 1502//2357 1501//2357
f 1587//2358 1501//2358 1467//2358
f 1587//2359 1467//2359 1500//2359
f 1500//2360 1467//2360 1466//2360
f 1360//2361 1419//2361 1505//2361
f 1505//2362 1419//2362 1470//2362
f 1470//2363 1468//2363 1505//2363
f 1505//2364 1468//2364 1527//2364
f 1527//2365 1468//2365 1504//2365
f 1269//2366 1315//2366 1270//2366
f 1269//2367 1270//2367 1268//2367
f 1315//2368 1359//2368 1270//2368
f 1270//2369 1359//2369 1360//2369
f 1204//2370 1265//2370 1266//2370
f 1204//2371 1266//2371 1185//2371
f 1185//2372 1266//2372 1268//2372
f 1185//2373 1268//2373 1270//2373
f 1001//2374 1131//2374 1132//2374
f 1132//2375 1131//2375 1203//2375
f 1132//2376 1203//2376 1204//2376
f 1204//2377 1203//2377 1264//2377
f 1204//2378 1264//2378 1265//2378
f 1358//2379 1312//2379 1357//2379
f 1357//2380 1312//2380 1203//2380
f 1357//2381 1203//2381 1229//2381
f 1229//2382 1203//2382 1131//2382
f 1229//2383 1131//2383 1130//2383
f 1130//2384 1131//2384 1076//2384
f 1130//2385 1076//2385 1075//2385
f 1886//2386 1845//2386 1816//2386
f 1816//2387 1845//2387 1788//2387
f 1816//2388 1788//2388 1753//2388
f 1753//2389 1788//2389 1699//2389
f 1753//2390 1699//2390 1652//2390
f 1969//2391 1931//2391 1885//2391
f 1885//2392 1931//2392 1816//2392
f 1885//2393 1816//2393 1777//2393
f 1777//2394 1816//2394 1753//2394
f 1777//2395 1753//2395 1563//2395
f 1563//2396 1753//2396 1652//2396
f 1474//2397 1506//2397 1592//2397
f 1592//2398 1506//2398 1622//2398
f 1592//2399 1622//2399 1624//2399
f 1624//2400 1622//2400 1704//2400
f 1073//2401 1113//2401 1114//2401
f 1114//2402 1113//2402 1159//2402
f 1114//2403 1159//2403 1130//2403
f 1130//2404 1159//2404 1228//2404
f 1130//2405 1228//2405 1229//2405
f 1229//2406 1228//2406 1414//2406
f 1229//2407 1414//2407 1357//2407
f 1357//2408 1414//2408 1526//2408
f 1357//2409 1526//2409 1500//2409
f 1500//2410 1526//2410 1615//2410
f 1500//2411 1615//2411 1587//2411
f 1587//2412 1615//2412 1688//2412
f 1587//2413 1688//2413 1616//2413
f 1616//2414 1688//2414 1702//2414
f 1616//2415 1702//2415 1589//2415
f 1589//2416 1702//2416 1622//2416
f 1589//2417 1622//2417 1565//2417
f 1565//2418 1622//2418 1506//2418
f 1474//2419 1366//2419 1506//2419
f 1506//2420 1366//2420 1426//2420
f 1506//2421 1426//2421 1565//2421
f 1565//2422 1426//2422 1471//2422
f 1565//2423 1471//2423 1589//2423
f 1589//2424 1471//2424 1505//2424
f 1589//2425 1505//2425 1616//2425
f 1616//2426 1505//2426 1527//2426
f 1616//2427 1527//2427 1587//2427
f 1587//2428 1527//2428 1503//2428
f 1587//2429 1503//2429 1502//2429
f 1162//2430 1208//2430 1188//2430
f 1188//2431 1208//2431 1209//2431
f 1270//2432 1271//2432 1231//2432
f 1270//2433 1231//2433 1185//2433
f 1185//2434 1231//2434 1161//2434
f 1185//2435 1161//2435 1116//2435
f 1116//2436 1161//2436 1162//2436
f 1116//2437 1162//2437 1082//2437
f 1082//2438 1162//2438 1136//2438
f 1082//2439 1136//2439 1088//2439
f 1113//2440 1158//2440 1159//2440
f 1159//2441 1158//2441 1263//2441
f 1159//2442 1263//2442 1228//2442
f 1228//2443 1263//2443 1465//2443
f 1228//2444 1465//2444 1414//2444
f 1414//2445 1465//2445 1563//2445
f 1414//2446 1563//2446 1526//2446
f 1526//2447 1563//2447 1652//2447
f 1526//2448 1652//2448 1615//2448
f 1615//2449 1652//2449 1699//2449
f 1615//2450 1699//2450 1688//2450
f 1688//2451 1699//2451 1817//2451
f 1688//2452 1817//2452 1702//2452
f 1702//2453 1817//2453 1779//2453
f 1702//2454 1779//2454 1755//2454
f 624//2455 650//2455 625//2455
f 625//2456 650//2456 628//2456
f 625//2457 628//2457 608//2457
f 608//2458 628//2458 609//2458
f 609//2459 628//2459 629//2459
f 609//2460 629//2460 612//2460
f 609//2461 612//2461 601//2461
f 601//2462 612//2462 615//2462
f 601//2463 615//2463 603//2463
f 603//2464 615//2464 618//2464
f 603//2465 618//2465 604//2465
f 604//2466 618//2466 642//2466
f 604//2467 642//2467 620//2467
f 620//2468 642//2468 641//2468
f 620//2469 641//2469 646//2469
f 620//2470 646//2470 621//2470
f 621//2471 646//2471 675//2471
f 621//2472 675//2472 645//2472
f 645//2473 675//2473 644//2473
f 644//2474 675//2474 674//2474
f 644//2475 674//2475 643//2475
f 643//2476 674//2476 690//2476
f 643//2477 690//2477 673//2477
f 673//2478 690//2478 689//2478
f 673//2479 689//2479 669//2479
f 669//2480 689//2480 697//2480
f 669//2481 697//2481 687//2481
f 687//2482 697//2482 696//2482
f 687//2483 696//2483 684//2483
f 684//2484 696//2484 694//2484
f 684//2485 694//2485 682//2485
f 682//2486 694//2486 680//2486
f 682//2487 680//2487 651//2487
f 651//2488 680//2488 681//2488
f 651//2489 681//2489 652//2489
f 652//2490 681//2490 649//2490
f 652//2491 649//2491 623//2491
f 623//2492 649//2492 650//2492
f 623//2493 650//2493 624//2493
f 610//2494 601//2494 613//2494
f 613//2495 601//2495 603//2495
f 631//2496 608//2496 610//2496
f 610//2497 608//2497 609//2497
f 610//2498 609//2498 601//2498
f 603//2499 604//2499 613//2499
f 613//2500 604//2500 616//2500
f 616//2501 604//2501 620//2501
f 661//2502 682//2502 656//2502
f 656//2503 682//2503 651//2503
f 664//2504 687//2504 661//2504
f 661//2505 687//2505 684//2505
f 661//2506 684//2506 682//2506
f 636//2507 673//2507 664//2507
f 664//2508 673//2508 669//2508
f 664//2509 669//2509 687//2509
f 616//2510 620//2510 621//2510
f 616//2511 621//2511 636//2511
f 636//2512 621//2512 645//2512
f 636//2513 645//2513 640//2513
f 640//2514 645//2514 644//2514
f 640//2515 644//2515 636//2515
f 636//2516 644//2516 643//2516
f 636//2517 643//2517 673//2517
f 656//2518 651//2518 652//2518
f 656//2519 652//2519 631//2519
f 631//2520 652//2520 623//2520
f 631//2521 623//2521 624//2521
f 631//2522 624//2522 625//2522
f 631//2523 625//2523 608//2523
f 689//2524 690//2524 707//2524
f 628//2525 558//2525 629//2525
f 704//2526 694//2526 696//2526
f 576//2527 618//2527 550//2527
f 628//2528 650//2528 558//2528
f 558//2529 650//2529 704//2529
f 704//2530 650//2530 649//2530
f 704//2531 649//2531 681//2531
f 681//2532 680//2532 704//2532
f 704//2533 680//2533 694//2533
f 711//2534 703//2534 696//2534
f 696//2535 703//2535 704//2535
f 690//2536 674//2536 707//2536
f 707//2537 674//2537 675//2537
f 707//2538 675//2538 579//2538
f 579//2539 675//2539 646//2539
f 612//2540 558//2540 537//2540
f 612//2541 537//2541 615//2541
f 615//2542 537//2542 540//2542
f 615//2543 540//2543 618//2543
f 618//2544 540//2544 547//2544
f 618//2545 547//2545 550//2545
f 705//2546 696//2546 706//2546
f 706//2547 696//2547 697//2547
f 706//2548 697//2548 707//2548
f 707//2549 697//2549 689//2549
f 629//2550 558//2550 612//2550
f 712//2551 710//2551 696//2551
f 696//2552 710//2552 711//2552
f 705//2553 717//2553 696//2553
f 696//2554 717//2554 716//2554
f 646//2555 641//2555 579//2555
f 579//2556 641//2556 642//2556
f 579//2557 642//2557 576//2557
f 576//2558 642//2558 618//2558
f 696//2559 716//2559 715//2559
f 696//2560 715//2560 712//2560
f 636//2561 640//2561 671//2561
f 636//2562 671//2562 666//2562
f 636//2563 666//2563 616//2563
f 666//2564 637//2564 616//2564
f 616//2565 637//2565 638//2565
f 616//2566 638//2566 613//2566
f 638//2567 634//2567 613//2567
f 613//2568 634//2568 610//2568
f 610//2569 634//2569 633//2569
f 610//2570 633//2570 632//2570
f 610//2571 632//2571 658//2571
f 610//2572 658//2572 631//2572
f 658//2573 657//2573 631//2573
f 631//2574 657//2574 656//2574
f 657//2575 683//2575 656//2575
f 656//2576 683//2576 686//2576
f 656//2577 686//2577 661//2577
f 661//2578 686//2578 685//2578
f 661//2579 685//2579 664//2579
f 664//2580 685//2580 688//2580
f 664//2581 688//2581 665//2581
f 664//2582 665//2582 636//2582
f 671//2583 640//2583 670//2583
f 670//2584 640//2584 636//2584
f 670//2585 636//2585 665//2585
f 723//2586 704//2586 703//2586
f 723//2587 703//2587 722//2587
f 722//2588 703//2588 711//2588
f 722//2589 711//2589 736//2589
f 736//2590 711//2590 710//2590
f 736//2591 710//2591 712//2591
f 736//2592 712//2592 738//2592
f 723//2593 584//2593 704//2593
f 704//2594 584//2594 558//2594
f 562//2595 540//2595 537//2595
f 562//2596 537//2596 585//2596
f 585//2597 537//2597 558//2597
f 585//2598 558//2598 584//2598
f 574//2599 547//2599 562//2599
f 562//2600 547//2600 540//2600
f 547//2601 574//2601 597//2601
f 547//2602 597//2602 550//2602
f 550//2603 597//2603 576//2603
f 576//2604 597//2604 598//2604
f 576//2605 598//2605 579//2605
f 707//2606 579//2606 728//2606
f 728//2607 579//2607 598//2607
f 705//2608 726//2608 741//2608
f 705//2609 706//2609 728//2609
f 728//2610 706//2610 707//2610
f 705//2611 728//2611 726//2611
f 741//2612 716//2612 717//2612
f 741//2613 717//2613 705//2613
f 740//2614 715//2614 741//2614
f 741//2615 715//2615 716//2615
f 712//2616 715//2616 738//2616
f 738//2617 715//2617 740//2617
f 691//2618 692//2618 671//2618
f 671//2619 692//2619 676//2619
f 671//2620 676//2620 666//2620
f 666//2621 676//2621 672//2621
f 672//2622 637//2622 666//2622
f 672//2623 638//2623 637//2623
f 672//2624 667//2624 638//2624
f 638//2625 667//2625 668//2625
f 638//2626 668//2626 634//2626
f 634//2627 668//2627 662//2627
f 634//2628 662//2628 659//2628
f 634//2629 659//2629 633//2629
f 633//2630 659//2630 654//2630
f 658//2631 632//2631 654//2631
f 654//2632 632//2632 633//2632
f 658//2633 654//2633 653//2633
f 658//2634 653//2634 679//2634
f 658//2635 679//2635 678//2635
f 693//2636 657//2636 678//2636
f 678//2637 657//2637 658//2637
f 698//2638 685//2638 702//2638
f 702//2639 685//2639 701//2639
f 701//2640 685//2640 686//2640
f 701//2641 686//2641 695//2641
f 695//2642 686//2642 683//2642
f 695//2643 683//2643 693//2643
f 693//2644 683//2644 657//2644
f 699//2645 688//2645 698//2645
f 698//2646 688//2646 685//2646
f 665//2647 688//2647 699//2647
f 665//2648 699//2648 700//2648
f 665//2649 700//2649 691//2649
f 665//2650 691//2650 670//2650
f 670//2651 691//2651 671//2651
f 584//2652 723//2652 678//2652
f 723//2653 693//2653 678//2653
f 738//2654 701//2654 695//2654
f 678//2655 679//2655 584//2655
f 584//2656 679//2656 653//2656
f 584//2657 653//2657 654//2657
f 585//2658 659//2658 662//2658
f 585//2659 662//2659 562//2659
f 562//2660 662//2660 574//2660
f 691//2661 728//2661 598//2661
f 691//2662 598//2662 692//2662
f 692//2663 598//2663 676//2663
f 738//2664 695//2664 723//2664
f 723//2665 695//2665 693//2665
f 691//2666 700//2666 728//2666
f 728//2667 700//2667 699//2667
f 738//2668 723//2668 722//2668
f 574//2669 662//2669 668//2669
f 574//2670 668//2670 597//2670
f 597//2671 668//2671 667//2671
f 598//2672 672//2672 676//2672
f 702//2673 741//2673 726//2673
f 728//2674 699//2674 698//2674
f 728//2675 698//2675 702//2675
f 728//2676 702//2676 726//2676
f 722//2677 736//2677 738//2677
f 584//2678 654//2678 659//2678
f 584//2679 659//2679 585//2679
f 672//2680 598//2680 667//2680
f 667//2681 598//2681 597//2681
f 701//2682 738//2682 740//2682
f 701//2683 740//2683 702//2683
f 702//2684 740//2684 741//2684
f 521//2685 522//2685 500//2685
f 503//2686 501//2686 500//2686
f 502//2687 503//2687 500//2687
f 522//2688 502//2688 500//2688
f 520//2689 521//2689 500//2689
f 501//2690 499//2690 500//2690
f 500//2691 499//2691 498//2691
f 519//2692 520//2692 500//2692
f 498//2693 519//2693 500//2693
f 416//2694 406//2694 368//2694
f 416//2695 368//2695 370//2695
f 370//2696 368//2696 321//2696
f 370//2697 321//2697 323//2697
f 323//2698 321//2698 239//2698
f 323//2699 239//2699 247//2699
f 247//2700 239//2700 173//2700
f 247//2701 173//2701 179//2701
f 179//2702 173//2702 172//2702
f 179//2703 172//2703 178//2703
f 178//2704 172//2704 171//2704
f 178//2705 171//2705 177//2705
f 177//2706 171//2706 170//2706
f 177//2707 170//2707 176//2707
f 176//2708 170//2708 238//2708
f 176//2709 238//2709 246//2709
f 246//2710 238//2710 301//2710
f 246//2711 301//2711 305//2711
f 305//2712 301//2712 367//2712
f 305//2713 367//2713 369//2713
f 369//2714 367//2714 403//2714
f 369//2715 403//2715 413//2715
f 413//2716 403//2716 404//2716
f 413//2717 404//2717 414//2717
f 414//2718 404//2718 405//2718
f 414//2719 405//2719 415//2719
f 415//2720 405//2720 406//2720
f 415//2721 406//2721 416//2721
f 520//2722 661//2722 664//2722
f 520//2723 664//2723 521//2723
f 521//2724 664//2724 522//2724
f 522//2725 664//2725 635//2725
f 522//2726 635//2726 502//2726
f 636//2727 502//2727 635//2727
f 637//2728 503//2728 636//2728
f 636//2729 503//2729 502//2729
f 501//2730 503//2730 637//2730
f 501//2731 637//2731 613//2731
f 501//2732 613//2732 499//2732
f 499//2733 613//2733 631//2733
f 499//2734 631//2734 498//2734
f 630//2735 498//2735 631//2735
f 520//2736 519//2736 630//2736
f 630//2737 519//2737 498//2737
f 520//2738 630//2738 661//2738
f 238//2739 169//2739 279//2739
f 172//2740 106//2740 171//2740
f 171//2741 106//2741 136//2741
f 404//2742 458//2742 405//2742
f 405//2743 458//2743 435//2743
f 405//2744 435//2744 406//2744
f 406//2745 435//2745 368//2745
f 238//2746 279//2746 301//2746
f 301//2747 279//2747 320//2747
f 301//2748 320//2748 367//2748
f 367//2749 320//2749 390//2749
f 367//2750 390//2750 403//2750
f 403//2751 390//2751 402//2751
f 403//2752 402//2752 404//2752
f 404//2753 402//2753 434//2753
f 404//2754 434//2754 458//2754
f 169//2755 238//2755 136//2755
f 136//2756 238//2756 170//2756
f 136//2757 170//2757 171//2757
f 435//2758 407//2758 368//2758
f 368//2759 407//2759 341//2759
f 368//2760 341//2760 321//2760
f 321//2761 341//2761 302//2761
f 321//2762 302//2762 239//2762
f 239//2763 302//2763 208//2763
f 239//2764 208//2764 173//2764
f 173//2765 208//2765 174//2765
f 173//2766 174//2766 172//2766
f 172//2767 174//2767 137//2767
f 172//2768 137//2768 106//2768
f 138//2769 107//2769 178//2769
f 178//2770 107//2770 139//2770
f 178//2771 139//2771 179//2771
f 179//2772 139//2772 180//2772
f 179//2773 180//2773 247//2773
f 247//2774 180//2774 209//2774
f 247//2775 209//2775 323//2775
f 323//2776 209//2776 306//2776
f 323//2777 306//2777 370//2777
f 246//2778 175//2778 176//2778
f 176//2779 175//2779 138//2779
f 176//2780 138//2780 177//2780
f 177//2781 138//2781 178//2781
f 442//2782 463//2782 414//2782
f 414//2783 463//2783 441//2783
f 414//2784 441//2784 413//2784
f 413//2785 441//2785 412//2785
f 413//2786 412//2786 369//2786
f 369//2787 412//2787 391//2787
f 369//2788 391//2788 305//2788
f 305//2789 391//2789 322//2789
f 305//2790 322//2790 246//2790
f 246//2791 322//2791 282//2791
f 246//2792 282//2792 175//2792
f 306//2793 344//2793 370//2793
f 370//2794 344//2794 417//2794
f 370//2795 417//2795 416//2795
f 416//2796 417//2796 442//2796
f 416//2797 442//2797 415//2797
f 415//2798 442//2798 414//2798
f 660//2799 663//2799 664//2799
f 664//2800 663//2800 635//2800
f 635//2801 663//2801 669//2801
f 635//2802 669//2802 636//2802
f 664//2803 661//2803 660//2803
f 660//2804 661//2804 655//2804
f 655//2805 661//2805 630//2805
f 655//2806 630//2806 652//2806
f 652//2807 630//2807 631//2807
f 652//2808 631//2808 626//2808
f 626//2809 631//2809 627//2809
f 627//2810 631//2810 608//2810
f 608//2811 631//2811 611//2811
f 611//2812 631//2812 613//2812
f 611//2813 613//2813 614//2813
f 669//2814 639//2814 636//2814
f 636//2815 639//2815 644//2815
f 636//2816 644//2816 619//2816
f 636//2817 619//2817 637//2817
f 637//2818 619//2818 617//2818
f 637//2819 617//2819 613//2819
f 613//2820 617//2820 614//2820
f 196//2821 208//2821 302//2821
f 196//2822 302//2822 297//2822
f 297//2823 302//2823 341//2823
f 297//2824 341//2824 332//2824
f 332//2825 341//2825 407//2825
f 332//2826 407//2826 398//2826
f 398//2827 407//2827 435//2827
f 398//2828 435//2828 427//2828
f 427//2829 435//2829 458//2829
f 427//2830 458//2830 453//2830
f 453//2831 458//2831 434//2831
f 453//2832 434//2832 426//2832
f 426//2833 434//2833 402//2833
f 426//2834 402//2834 397//2834
f 397//2835 402//2835 390//2835
f 397//2836 390//2836 388//2836
f 388//2837 390//2837 320//2837
f 388//2838 320//2838 317//2838
f 317//2839 320//2839 279//2839
f 317//2840 279//2840 268//2840
f 268//2841 279//2841 169//2841
f 268//2842 169//2842 161//2842
f 161//2843 169//2843 136//2843
f 161//2844 136//2844 125//2844
f 125//2845 136//2845 106//2845
f 125//2846 106//2846 101//2846
f 101//2847 106//2847 137//2847
f 101//2848 137//2848 126//2848
f 126//2849 137//2849 174//2849
f 126//2850 174//2850 162//2850
f 162//2851 174//2851 208//2851
f 162//2852 208//2852 196//2852
f 539//2853 546//2853 540//2853
f 540//2854 546//2854 547//2854
f 391//2855 393//2855 326//2855
f 391//2856 326//2856 322//2856
f 322//2857 326//2857 287//2857
f 322//2858 287//2858 282//2858
f 282//2859 287//2859 187//2859
f 282//2860 187//2860 175//2860
f 175//2861 187//2861 150//2861
f 175//2862 150//2862 138//2862
f 138//2863 150//2863 113//2863
f 138//2864 113//2864 107//2864
f 107//2865 113//2865 151//2865
f 107//2866 151//2866 139//2866
f 139//2867 151//2867 188//2867
f 139//2868 188//2868 180//2868
f 180//2869 188//2869 217//2869
f 180//2870 217//2870 209//2870
f 209//2871 217//2871 308//2871
f 209//2872 308//2872 306//2872
f 306//2873 308//2873 351//2873
f 306//2874 351//2874 344//2874
f 344//2875 351//2875 420//2875
f 344//2876 420//2876 417//2876
f 417//2877 420//2877 449//2877
f 417//2878 449//2878 442//2878
f 442//2879 449//2879 466//2879
f 442//2880 466//2880 463//2880
f 463//2881 466//2881 448//2881
f 463//2882 448//2882 441//2882
f 441//2883 448//2883 419//2883
f 441//2884 419//2884 412//2884
f 412//2885 419//2885 393//2885
f 412//2886 393//2886 391//2886
f 537//2887 559//2887 536//2887
f 559//2888 558//2888 536//2888
f 540//2889 537//2889 539//2889
f 539//2890 537//2890 536//2890
f 372//2891 366//2891 340//2891
f 365//2892 371//2892 345//2892
f 365//2893 345//2893 339//2893
f 339//2894 345//2894 340//2894
f 340//2895 345//2895 346//2895
f 340//2896 346//2896 372//2896
f 544//2897 524//2897 644//2897
f 644//2898 524//2898 505//2898
f 669//2899 572//2899 544//2899
f 669//2900 544//2900 639//2900
f 639//2901 544//2901 644//2901
f 663//2902 660//2902 592//2902
f 592//2903 595//2903 663//2903
f 663//2904 595//2904 669//2904
f 669//2905 595//2905 572//2905
f 655//2906 589//2906 660//2906
f 660//2907 589//2907 592//2907
f 589//2908 655//2908 566//2908
f 566//2909 655//2909 652//2909
f 497//2910 518//2910 626//2910
f 626//2911 518//2911 542//2911
f 626//2912 542//2912 652//2912
f 652//2913 542//2913 566//2913
f 497//2914 626//2914 627//2914
f 608//2915 481//2915 627//2915
f 627//2916 481//2916 497//2916
f 611//2917 436//2917 457//2917
f 611//2918 457//2918 608//2918
f 608//2919 457//2919 481//2919
f 436//2920 611//2920 437//2920
f 437//2921 611//2921 614//2921
f 619//2922 482//2922 617//2922
f 482//2923 462//2923 617//2923
f 617//2924 462//2924 440//2924
f 617//2925 440//2925 614//2925
f 614//2926 440//2926 438//2926
f 614//2927 438//2927 437//2927
f 644//2928 505//2928 619//2928
f 619//2929 505//2929 506//2929
f 619//2930 506//2930 482//2930
f 444//2931 432//2931 372//2931
f 372//2932 432//2932 366//2932
f 432//2933 444//2933 484//2933
f 432//2934 484//2934 479//2934
f 479//2935 484//2935 525//2935
f 479//2936 525//2936 517//2936
f 517//2937 525//2937 546//2937
f 517//2938 546//2938 539//2938
f 549//2939 579//2939 576//2939
f 550//2940 549//2940 577//2940
f 577//2941 549//2941 576//2941
f 546//2942 549//2942 547//2942
f 547//2943 549//2943 550//2943
f 214//2944 256//2944 255//2944
f 255//2945 256//2945 286//2945
f 255//2946 286//2946 254//2946
f 254//2947 286//2947 285//2947
f 254//2948 285//2948 213//2948
f 213//2949 285//2949 253//2949
f 213//2950 253//2950 184//2950
f 184//2951 253//2951 252//2951
f 184//2952 252//2952 143//2952
f 143//2953 252//2953 183//2953
f 143//2954 183//2954 111//2954
f 111//2955 183//2955 110//2955
f 111//2956 110//2956 90//2956
f 90//2957 110//2957 57//2957
f 90//2958 57//2958 91//2958
f 91//2959 57//2959 41//2959
f 91//2960 41//2960 92//2960
f 92//2961 41//2961 42//2961
f 92//2962 42//2962 93//2962
f 93//2963 42//2963 58//2963
f 93//2964 58//2964 112//2964
f 112//2965 58//2965 94//2965
f 112//2966 94//2966 144//2966
f 144//2967 94//2967 145//2967
f 144//2968 145//2968 185//2968
f 185//2969 145//2969 215//2969
f 185//2970 215//2970 214//2970
f 214//2971 215//2971 256//2971
f 724//2972 713//2972 459//2972
f 459//2973 713//2973 342//2973
f 724//2974 459//2974 786//2974
f 724//2975 786//2975 1541//2975
f 1541//2976 786//2976 801//2976
f 1541//2977 801//2977 818//2977
f 1512//2978 1541//2978 1032//2978
f 818//2979 836//2979 1541//2979
f 1541//2980 836//2980 860//2980
f 1541//2981 860//2981 1032//2981
f 1032//2982 860//2982 859//2982
f 1032//2983 859//2983 961//2983
f 961//2984 859//2984 899//2984
f 1512//2985 1539//2985 1541//2985
f 1541//2986 1539//2986 1540//2986
f 303//2987 280//2987 242//2987
f 342//2988 713//2988 240//2988
f 240//2989 713//2989 303//2989
f 240//2990 303//2990 242//2990
f 240//2991 242//2991 241//2991
f 708//2992 713//2992 724//2992
f 708//2993 724//2993 720//2993
f 426//2994 472//2994 453//2994
f 453//2995 472//2995 473//2995
f 453//2996 473//2996 427//2996
f 161//2997 195//2997 268//2997
f 268//2998 195//2998 227//2998
f 268//2999 227//2999 317//2999
f 317//3000 227//3000 316//3000
f 317//3001 316//3001 388//3001
f 388//3002 316//3002 387//3002
f 388//3003 387//3003 397//3003
f 397//3004 387//3004 425//3004
f 397//3005 425//3005 426//3005
f 426//3006 425//3006 472//3006
f 473//3007 474//3007 427//3007
f 427//3008 474//3008 398//3008
f 398//3009 474//3009 428//3009
f 398//3010 428//3010 332//3010
f 126//3011 69//3011 101//3011
f 101//3012 69//3012 68//3012
f 101//3013 68//3013 125//3013
f 125//3014 68//3014 67//3014
f 125//3015 67//3015 161//3015
f 161//3016 67//3016 124//3016
f 161//3017 124//3017 195//3017
f 428//3018 389//3018 332//3018
f 332//3019 389//3019 357//3019
f 332//3020 357//3020 297//3020
f 297//3021 357//3021 298//3021
f 297//3022 298//3022 196//3022
f 196//3023 298//3023 197//3023
f 196//3024 197//3024 162//3024
f 162//3025 197//3025 127//3025
f 162//3026 127//3026 126//3026
f 126//3027 127//3027 70//3027
f 126//3028 70//3028 69//3028
f 165//3029 166//3029 132//3029
f 132//3030 166//3030 103//3030
f 103//3031 166//3031 79//3031
f 103//3032 79//3032 78//3032
f 79//3033 54//3033 78//3033
f 78//3034 54//3034 77//3034
f 77//3035 54//3035 34//3035
f 77//3036 34//3036 76//3036
f 76//3037 34//3037 33//3037
f 76//3038 33//3038 75//3038
f 75//3039 33//3039 53//3039
f 75//3040 53//3040 102//3040
f 102//3041 53//3041 74//3041
f 102//3042 74//3042 131//3042
f 131//3043 74//3043 130//3043
f 131//3044 130//3044 164//3044
f 164//3045 130//3045 201//3045
f 164//3046 201//3046 202//3046
f 202//3047 201//3047 274//3047
f 202//3048 274//3048 231//3048
f 231//3049 274//3049 275//3049
f 231//3050 275//3050 232//3050
f 232//3051 275//3051 276//3051
f 232//3052 276//3052 203//3052
f 203//3053 276//3053 233//3053
f 203//3054 233//3054 165//3054
f 165//3055 233//3055 204//3055
f 165//3056 204//3056 166//3056
f 600//3057 581//3057 599//3057
f 599//3058 581//3058 580//3058
f 575//3059 547//3059 550//3059
f 575//3060 550//3060 578//3060
f 578//3061 550//3061 597//3061
f 597//3062 550//3062 577//3062
f 577//3063 576//3063 597//3063
f 597//3064 576//3064 599//3064
f 576//3065 579//3065 599//3065
f 599//3066 579//3066 598//3066
f 575//3067 563//3067 547//3067
f 547//3068 563//3068 540//3068
f 559//3069 585//3069 558//3069
f 559//3070 537//3070 585//3070
f 537//3071 540//3071 559//3071
f 559//3072 540//3072 563//3072
f 583//3073 585//3073 557//3073
f 557//3074 585//3074 560//3074
f 151//3075 98//3075 188//3075
f 188//3076 98//3076 152//3076
f 188//3077 152//3077 217//3077
f 217//3078 152//3078 218//3078
f 217//3079 218//3079 308//3079
f 308//3080 218//3080 309//3080
f 308//3081 309//3081 351//3081
f 309//3082 380//3082 351//3082
f 351//3083 380//3083 394//3083
f 351//3084 394//3084 420//3084
f 287//3085 216//3085 187//3085
f 187//3086 216//3086 149//3086
f 187//3087 149//3087 150//3087
f 150//3088 149//3088 95//3088
f 150//3089 95//3089 113//3089
f 113//3090 95//3090 96//3090
f 113//3091 96//3091 151//3091
f 151//3092 96//3092 97//3092
f 151//3093 97//3093 98//3093
f 394//3094 450//3094 420//3094
f 420//3095 450//3095 491//3095
f 420//3096 491//3096 449//3096
f 449//3097 491//3097 466//3097
f 466//3098 491//3098 490//3098
f 466//3099 490//3099 448//3099
f 490//3100 489//3100 448//3100
f 448//3101 489//3101 419//3101
f 419//3102 489//3102 447//3102
f 419//3103 447//3103 393//3103
f 393//3104 447//3104 392//3104
f 393//3105 392//3105 326//3105
f 326//3106 392//3106 325//3106
f 326//3107 325//3107 287//3107
f 287//3108 325//3108 257//3108
f 287//3109 257//3109 216//3109
f 1437//3110 1442//3110 1484//3110
f 1437//3111 1484//3111 1480//3111
f 1480//3112 1484//3112 1441//3112
f 1480//3113 1441//3113 1436//3113
f 1436//3114 1441//3114 1440//3114
f 1436//3115 1440//3115 1435//3115
f 1435//3116 1440//3116 1386//3116
f 1435//3117 1386//3117 1379//3117
f 1379//3118 1386//3118 1387//3118
f 1379//3119 1387//3119 1380//3119
f 1380//3120 1387//3120 1388//3120
f 1380//3121 1388//3121 1381//3121
f 1381//3122 1388//3122 1442//3122
f 1381//3123 1442//3123 1437//3123
f 1334//3124 1340//3124 1391//3124
f 1334//3125 1391//3125 1384//3125
f 1384//3126 1391//3126 1339//3126
f 1384//3127 1339//3127 1333//3127
f 1333//3128 1339//3128 1288//3128
f 1333//3129 1288//3129 1284//3129
f 1284//3130 1288//3130 1289//3130
f 1284//3131 1289//3131 1285//3131
f 1285//3132 1289//3132 1290//3132
f 1285//3133 1290//3133 1286//3133
f 1286//3134 1290//3134 1341//3134
f 1286//3135 1341//3135 1335//3135
f 1335//3136 1341//3136 1340//3136
f 1335//3137 1340//3137 1334//3137
f 1573//3138 1242//3138 1574//3138
f 1574//3139 1242//3139 1246//3139
f 1013//3140 1032//3140 961//3140
f 1013//3141 961//3141 947//3141
f 947//3142 961//3142 899//3142
f 899//3143 889//3143 947//3143
f 859//3144 857//3144 899//3144
f 857//3145 890//3145 899//3145
f 899//3146 890//3146 889//3146
f 1032//3147 1013//3147 1512//3147
f 1512//3148 1013//3148 1507//3148
f 1535//3149 1541//3149 1540//3149
f 1535//3150 1540//3150 1532//3150
f 1540//3151 1539//3151 1532//3151
f 1532//3152 1539//3152 1531//3152
f 1531//3153 1539//3153 1512//3153
f 1531//3154 1512//3154 1507//3154
f 454//3155 361//3155 362//3155
f 454//3156 362//3156 429//3156
f 362//3157 430//3157 429//3157
f 430//3158 362//3158 366//3158
f 430//3159 366//3159 432//3159
f 535//3160 558//3160 534//3160
f 517//3161 539//3161 514//3161
f 514//3162 539//3162 536//3162
f 476//3163 494//3163 513//3163
f 513//3164 494//3164 535//3164
f 535//3165 536//3165 558//3165
f 454//3166 476//3166 493//3166
f 493//3167 476//3167 512//3167
f 476//3168 454//3168 429//3168
f 476//3169 429//3169 430//3169
f 534//3170 512//3170 535//3170
f 535//3171 512//3171 513//3171
f 513//3172 512//3172 476//3172
f 536//3173 535//3173 514//3173
f 514//3174 535//3174 494//3174
f 514//3175 494//3175 517//3175
f 517//3176 494//3176 476//3176
f 517//3177 476//3177 479//3177
f 479//3178 476//3178 430//3178
f 479//3179 430//3179 432//3179
f 365//3180 339//3180 360//3180
f 366//3181 336//3181 340//3181
f 340//3182 336//3182 339//3182
f 339//3183 336//3183 335//3183
f 336//3184 362//3184 335//3184
f 335//3185 362//3185 361//3185
f 339//3186 335//3186 360//3186
f 366//3187 362//3187 336//3187
f 335//3188 361//3188 360//3188
f 365//3189 455//3189 431//3189
f 365//3190 408//3190 371//3190
f 371//3191 408//3191 409//3191
f 371//3192 409//3192 410//3192
f 431//3193 401//3193 365//3193
f 365//3194 401//3194 408//3194
f 410//3195 411//3195 371//3195
f 371//3196 411//3196 443//3196
f 371//3197 443//3197 464//3197
f 375//3198 372//3198 346//3198
f 345//3199 371//3199 373//3199
f 374//3200 373//3200 378//3200
f 374//3201 378//3201 375//3201
f 375//3202 378//3202 379//3202
f 347//3203 374//3203 348//3203
f 348//3204 374//3204 375//3204
f 347//3205 373//3205 374//3205
f 348//3206 375//3206 346//3206
f 348//3207 346//3207 345//3207
f 348//3208 345//3208 347//3208
f 347//3209 345//3209 373//3209
f 523//3210 526//3210 507//3210
f 570//3211 573//3211 545//3211
f 593//3212 596//3212 570//3212
f 538//3213 561//3213 586//3213
f 590//3214 587//3214 602//3214
f 590//3215 602//3215 593//3215
f 589//3216 566//3216 568//3216
f 496//3217 495//3217 516//3217
f 504//3218 505//3218 523//3218
f 523//3219 507//3219 504//3219
f 571//3220 545//3220 543//3220
f 543//3221 545//3221 523//3221
f 543//3222 523//3222 524//3222
f 524//3223 523//3223 505//3223
f 544//3224 543//3224 524//3224
f 526//3225 523//3225 545//3225
f 570//3226 545//3226 571//3226
f 570//3227 571//3227 593//3227
f 596//3228 573//3228 570//3228
f 586//3229 587//3229 564//3229
f 586//3230 564//3230 538//3230
f 565//3231 538//3231 564//3231
f 568//3232 566//3232 567//3232
f 568//3233 567//3233 589//3233
f 589//3234 567//3234 588//3234
f 589//3235 588//3235 592//3235
f 592//3236 588//3236 591//3236
f 592//3237 591//3237 595//3237
f 595//3238 591//3238 594//3238
f 595//3239 594//3239 569//3239
f 595//3240 569//3240 572//3240
f 572//3241 569//3241 571//3241
f 572//3242 571//3242 544//3242
f 497//3243 496//3243 518//3243
f 518//3244 496//3244 516//3244
f 518//3245 516//3245 542//3245
f 542//3246 516//3246 541//3246
f 542//3247 541//3247 566//3247
f 566//3248 541//3248 565//3248
f 566//3249 565//3249 567//3249
f 543//3250 544//3250 571//3250
f 571//3251 569//3251 593//3251
f 593//3252 569//3252 594//3252
f 593//3253 594//3253 590//3253
f 590//3254 594//3254 591//3254
f 590//3255 591//3255 587//3255
f 587//3256 591//3256 588//3256
f 587//3257 588//3257 564//3257
f 564//3258 588//3258 567//3258
f 564//3259 567//3259 565//3259
f 538//3260 565//3260 541//3260
f 538//3261 541//3261 516//3261
f 464//3262 443//3262 439//3262
f 437//3263 409//3263 408//3263
f 439//3264 443//3264 411//3264
f 507//3265 485//3265 504//3265
f 504//3266 485//3266 483//3266
f 506//3267 505//3267 483//3267
f 506//3268 483//3268 482//3268
f 483//3269 461//3269 482//3269
f 482//3270 461//3270 462//3270
f 437//3271 408//3271 436//3271
f 436//3272 433//3272 457//3272
f 457//3273 433//3273 456//3273
f 456//3274 480//3274 481//3274
f 496//3275 478//3275 495//3275
f 497//3276 481//3276 496//3276
f 496//3277 481//3277 480//3277
f 496//3278 480//3278 478//3278
f 478//3279 480//3279 456//3279
f 455//3280 478//3280 431//3280
f 481//3281 457//3281 456//3281
f 433//3282 436//3282 408//3282
f 431//3283 478//3283 456//3283
f 431//3284 456//3284 401//3284
f 401//3285 456//3285 433//3285
f 401//3286 433//3286 408//3286
f 438//3287 440//3287 439//3287
f 485//3288 464//3288 483//3288
f 439//3289 411//3289 410//3289
f 410//3290 409//3290 437//3290
f 461//3291 483//3291 464//3291
f 440//3292 462//3292 439//3292
f 439//3293 462//3293 461//3293
f 439//3294 461//3294 464//3294
f 504//3295 483//3295 464//3295
f 504//3296 464//3296 505//3296
f 505//3297 464//3297 483//3297
f 437//3298 438//3298 410//3298
f 410//3299 438//3299 439//3299
f 378//3300 465//3300 379//3300
f 379//3301 465//3301 445//3301
f 379//3302 445//3302 375//3302
f 375//3303 445//3303 446//3303
f 375//3304 446//3304 444//3304
f 375//3305 444//3305 372//3305
f 527//3306 548//3306 528//3306
f 549//3307 546//3307 525//3307
f 549//3308 528//3308 548//3308
f 549//3309 548//3309 579//3309
f 552//3310 579//3310 548//3310
f 552//3311 548//3311 530//3311
f 530//3312 548//3312 527//3312
f 530//3313 527//3313 488//3313
f 525//3314 484//3314 508//3314
f 508//3315 484//3315 486//3315
f 484//3316 444//3316 486//3316
f 486//3317 444//3317 446//3317
f 486//3318 446//3318 445//3318
f 549//3319 525//3319 528//3319
f 528//3320 525//3320 508//3320
f 528//3321 508//3321 527//3321
f 527//3322 508//3322 486//3322
f 527//3323 486//3323 488//3323
f 488//3324 486//3324 445//3324
f 488//3325 445//3325 465//3325
f 579//3326 552//3326 551//3326
f 551//3327 552//3327 530//3327
f 530//3328 488//3328 509//3328
f 509//3329 488//3329 465//3329
f 858//3330 857//3330 859//3330
f 817//3331 818//3331 807//3331
f 807//3332 818//3332 801//3332
f 807//3333 801//3333 798//3333
f 798//3334 801//3334 799//3334
f 786//3335 785//3335 801//3335
f 801//3336 785//3336 792//3336
f 801//3337 792//3337 799//3337
f 858//3338 859//3338 844//3338
f 859//3339 860//3339 844//3339
f 844//3340 860//3340 836//3340
f 844//3341 836//3341 835//3341
f 817//3342 816//3342 818//3342
f 818//3343 816//3343 826//3343
f 818//3344 826//3344 836//3344
f 836//3345 826//3345 830//3345
f 836//3346 830//3346 835//3346
f 206//3347 203//3347 165//3347
f 206//3348 165//3348 168//3348
f 168//3349 165//3349 132//3349
f 168//3350 132//3350 135//3350
f 135//3351 132//3351 103//3351
f 135//3352 103//3352 105//3352
f 105//3353 103//3353 78//3353
f 105//3354 78//3354 83//3354
f 83//3355 78//3355 77//3355
f 83//3356 77//3356 82//3356
f 82//3357 77//3357 76//3357
f 82//3358 76//3358 81//3358
f 81//3359 76//3359 75//3359
f 81//3360 75//3360 80//3360
f 80//3361 75//3361 102//3361
f 80//3362 102//3362 104//3362
f 104//3363 102//3363 131//3363
f 104//3364 131//3364 134//3364
f 134//3365 131//3365 164//3365
f 134//3366 164//3366 167//3366
f 167//3367 164//3367 202//3367
f 167//3368 202//3368 205//3368
f 205//3369 202//3369 231//3369
f 205//3370 231//3370 235//3370
f 235//3371 231//3371 232//3371
f 235//3372 232//3372 236//3372
f 236//3373 232//3373 203//3373
f 236//3374 203//3374 206//3374
f 90//3375 85//3375 108//3375
f 90//3376 108//3376 111//3376
f 111//3377 108//3377 141//3377
f 111//3378 141//3378 143//3378
f 143//3379 141//3379 181//3379
f 143//3380 181//3380 184//3380
f 184//3381 181//3381 210//3381
f 184//3382 210//3382 213//3382
f 213//3383 210//3383 249//3383
f 213//3384 249//3384 254//3384
f 254//3385 249//3385 250//3385
f 254//3386 250//3386 255//3386
f 255//3387 250//3387 211//3387
f 255//3388 211//3388 214//3388
f 214//3389 211//3389 182//3389
f 214//3390 182//3390 185//3390
f 185//3391 182//3391 142//3391
f 185//3392 142//3392 144//3392
f 144//3393 142//3393 109//3393
f 144//3394 109//3394 112//3394
f 112//3395 109//3395 88//3395
f 112//3396 88//3396 93//3396
f 93//3397 88//3397 87//3397
f 93//3398 87//3398 92//3398
f 92//3399 87//3399 86//3399
f 92//3400 86//3400 91//3400
f 91//3401 86//3401 85//3401
f 91//3402 85//3402 90//3402
f 492//3403 381//3403 487//3403
f 487//3404 381//3404 376//3404
f 353//3405 350//3405 377//3405
f 353//3406 377//3406 382//3406
f 382//3407 377//3407 376//3407
f 382//3408 376//3408 381//3408
f 350//3409 353//3409 327//3409
f 350//3410 327//3410 324//3410
f 324//3411 327//3411 310//3411
f 324//3412 310//3412 307//3412
f 307//3413 310//3413 290//3413
f 307//3414 290//3414 283//3414
f 291//3415 284//3415 290//3415
f 290//3416 284//3416 283//3416
f 284//3417 291//3417 262//3417
f 284//3418 262//3418 251//3418
f 251//3419 262//3419 220//3419
f 251//3420 220//3420 212//3420
f 220//3421 100//3421 212//3421
f 212//3422 100//3422 89//3422
f 94//3423 99//3423 154//3423
f 94//3424 154//3424 145//3424
f 145//3425 154//3425 219//3425
f 145//3426 219//3426 215//3426
f 215//3427 219//3427 261//3427
f 215//3428 261//3428 256//3428
f 256//3429 261//3429 289//3429
f 256//3430 289//3430 286//3430
f 286//3431 289//3431 288//3431
f 286//3432 288//3432 285//3432
f 285//3433 288//3433 260//3433
f 285//3434 260//3434 253//3434
f 253//3435 260//3435 259//3435
f 253//3436 259//3436 252//3436
f 252//3437 259//3437 189//3437
f 252//3438 189//3438 183//3438
f 183//3439 189//3439 114//3439
f 183//3440 114//3440 110//3440
f 110//3441 114//3441 61//3441
f 110//3442 61//3442 57//3442
f 57//3443 61//3443 45//3443
f 57//3444 45//3444 41//3444
f 41//3445 45//3445 46//3445
f 41//3446 46//3446 42//3446
f 42//3447 46//3447 62//3447
f 42//3448 62//3448 58//3448
f 58//3449 62//3449 99//3449
f 58//3450 99//3450 94//3450
f 452//3451 556//3451 459//3451
f 459//3452 556//3452 648//3452
f 459//3453 648//3453 721//3453
f 721//3454 761//3454 459//3454
f 459//3455 761//3455 769//3455
f 459//3456 769//3456 786//3456
f 786//3457 769//3457 777//3457
f 786//3458 777//3458 785//3458
f 452//3459 459//3459 384//3459
f 384//3460 459//3460 342//3460
f 384//3461 342//3461 330//3461
f 330//3462 342//3462 314//3462
f 314//3463 342//3463 240//3463
f 314//3464 240//3464 222//3464
f 222//3465 240//3465 223//3465
f 223//3466 240//3466 241//3466
f 223//3467 241//3467 224//3467
f 224//3468 241//3468 242//3468
f 224//3469 242//3469 266//3469
f 266//3470 242//3470 280//3470
f 266//3471 280//3471 267//3471
f 267//3472 280//3472 303//3472
f 267//3473 303//3473 295//3473
f 295//3474 303//3474 606//3474
f 606//3475 303//3475 713//3475
f 606//3476 713//3476 708//3476
f 1541//3477 1535//3477 1536//3477
f 1536//3478 1378//3478 1541//3478
f 1541//3479 1378//3479 1215//3479
f 1541//3480 1215//3480 1120//3480
f 771//3481 763//3481 724//3481
f 1120//3482 898//3482 1541//3482
f 1541//3483 898//3483 800//3483
f 1541//3484 800//3484 724//3484
f 724//3485 800//3485 779//3485
f 724//3486 779//3486 771//3486
f 763//3487 753//3487 724//3487
f 724//3488 753//3488 747//3488
f 724//3489 747//3489 720//3489
f 583//3490 734//3490 585//3490
f 585//3491 734//3491 736//3491
f 428//3492 474//3492 470//3492
f 470//3493 424//3493 428//3493
f 428//3494 424//3494 386//3494
f 428//3495 386//3495 389//3495
f 389//3496 386//3496 356//3496
f 389//3497 356//3497 357//3497
f 357//3498 356//3498 296//3498
f 357//3499 296//3499 298//3499
f 298//3500 296//3500 194//3500
f 298//3501 194//3501 197//3501
f 197//3502 194//3502 122//3502
f 197//3503 122//3503 127//3503
f 127//3504 122//3504 66//3504
f 127//3505 66//3505 70//3505
f 70//3506 66//3506 65//3506
f 70//3507 65//3507 69//3507
f 69//3508 65//3508 64//3508
f 69//3509 64//3509 68//3509
f 68//3510 64//3510 63//3510
f 68//3511 63//3511 67//3511
f 67//3512 63//3512 121//3512
f 67//3513 121//3513 124//3513
f 124//3514 121//3514 193//3514
f 124//3515 193//3515 195//3515
f 195//3516 193//3516 225//3516
f 195//3517 225//3517 227//3517
f 227//3518 225//3518 315//3518
f 227//3519 315//3519 316//3519
f 316//3520 315//3520 385//3520
f 316//3521 385//3521 387//3521
f 387//3522 385//3522 423//3522
f 387//3523 423//3523 425//3523
f 425//3524 423//3524 468//3524
f 425//3525 468//3525 472//3525
f 472//3526 468//3526 469//3526
f 472//3527 469//3527 473//3527
f 473//3528 469//3528 470//3528
f 473//3529 470//3529 474//3529
f 475//3530 477//3530 358//3530
f 358//3531 477//3531 363//3531
f 338//3532 334//3532 359//3532
f 338//3533 359//3533 364//3533
f 364//3534 359//3534 358//3534
f 364//3535 358//3535 363//3535
f 334//3536 338//3536 319//3536
f 334//3537 319//3537 318//3537
f 318//3538 319//3538 300//3538
f 318//3539 300//3539 299//3539
f 299//3540 300//3540 277//3540
f 299//3541 277//3541 272//3541
f 278//3542 273//3542 277//3542
f 277//3543 273//3543 272//3543
f 273//3544 278//3544 237//3544
f 273//3545 237//3545 230//3545
f 230//3546 237//3546 207//3546
f 230//3547 207//3547 200//3547
f 200//3548 207//3548 73//3548
f 73//3549 207//3549 84//3549
f 28//3550 26//3550 17//3550
f 28//3551 17//3551 19//3551
f 19//3552 17//3552 27//3552
f 19//3553 27//3553 29//3553
f 29//3554 27//3554 49//3554
f 29//3555 49//3555 50//3555
f 50//3556 49//3556 123//3556
f 50//3557 123//3557 128//3557
f 128//3558 123//3558 226//3558
f 128//3559 226//3559 228//3559
f 228//3560 226//3560 331//3560
f 228//3561 331//3561 333//3561
f 333//3562 331//3562 396//3562
f 333//3563 396//3563 399//3563
f 399//3564 396//3564 471//3564
f 399//3565 471//3565 475//3565
f 475//3566 471//3566 510//3566
f 475//3567 510//3567 511//3567
f 52//3568 54//3568 79//3568
f 52//3569 79//3569 72//3569
f 79//3570 166//3570 72//3570
f 72//3571 166//3571 163//3571
f 204//3572 199//3572 163//3572
f 204//3573 163//3573 166//3573
f 199//3574 204//3574 233//3574
f 199//3575 233//3575 229//3575
f 229//3576 233//3576 276//3576
f 229//3577 276//3577 271//3577
f 271//3578 276//3578 275//3578
f 271//3579 275//3579 270//3579
f 270//3580 275//3580 274//3580
f 270//3581 274//3581 269//3581
f 269//3582 274//3582 201//3582
f 269//3583 201//3583 198//3583
f 198//3584 201//3584 130//3584
f 198//3585 130//3585 129//3585
f 129//3586 130//3586 74//3586
f 129//3587 74//3587 71//3587
f 71//3588 74//3588 53//3588
f 71//3589 53//3589 51//3589
f 51//3590 53//3590 33//3590
f 51//3591 33//3591 30//3591
f 30//3592 33//3592 34//3592
f 30//3593 34//3593 31//3593
f 31//3594 34//3594 54//3594
f 31//3595 54//3595 52//3595
f 599//3596 743//3596 600//3596
f 600//3597 743//3597 745//3597
f 580//3598 581//3598 553//3598
f 511//3599 510//3599 533//3599
f 492//3600 487//3600 531//3600
f 531//3601 487//3601 529//3601
f 531//3602 529//3602 553//3602
f 553//3603 529//3603 515//3603
f 533//3604 557//3604 560//3604
f 560//3605 585//3605 559//3605
f 563//3606 575//3606 580//3606
f 575//3607 578//3607 580//3607
f 580//3608 578//3608 597//3608
f 580//3609 597//3609 599//3609
f 559//3610 563//3610 560//3610
f 560//3611 563//3611 580//3611
f 560//3612 580//3612 533//3612
f 533//3613 580//3613 553//3613
f 533//3614 553//3614 511//3614
f 511//3615 553//3615 515//3615
f 511//3616 515//3616 475//3616
f 475//3617 515//3617 477//3617
f 1480//3618 1436//3618 1573//3618
f 1242//3619 1379//3619 1380//3619
f 1573//3620 1436//3620 1242//3620
f 1242//3621 1436//3621 1435//3621
f 1242//3622 1380//3622 1142//3622
f 1142//3623 1380//3623 1381//3623
f 1381//3624 1437//3624 1333//3624
f 1439//3625 1335//3625 1334//3625
f 1142//3626 1285//3626 1439//3626
f 1439//3627 1285//3627 1286//3627
f 1439//3628 1286//3628 1335//3628
f 1381//3629 1284//3629 1142//3629
f 1142//3630 1284//3630 1285//3630
f 1439//3631 1334//3631 1384//3631
f 1439//3632 1384//3632 1573//3632
f 1573//3633 1384//3633 1333//3633
f 1381//3634 1333//3634 1284//3634
f 1333//3635 1437//3635 1573//3635
f 1573//3636 1437//3636 1480//3636
f 1148//3637 1246//3637 1142//3637
f 1142//3638 1246//3638 1242//3638
f 1340//3639 1341//3639 1444//3639
f 1444//3640 1341//3640 1290//3640
f 1444//3641 1290//3641 1148//3641
f 1148//3642 1290//3642 1289//3642
f 1148//3643 1388//3643 1387//3643
f 1148//3644 1387//3644 1246//3644
f 1387//3645 1386//3645 1246//3645
f 1246//3646 1440//3646 1574//3646
f 1574//3647 1440//3647 1441//3647
f 1574//3648 1441//3648 1484//3648
f 1574//3649 1339//3649 1391//3649
f 1574//3650 1391//3650 1444//3650
f 1444//3651 1391//3651 1340//3651
f 1288//3652 1388//3652 1148//3652
f 1288//3653 1148//3653 1289//3653
f 1442//3654 1339//3654 1574//3654
f 1442//3655 1574//3655 1484//3655
f 1339//3656 1442//3656 1388//3656
f 1339//3657 1388//3657 1288//3657
f 1439//3658 1573//3658 1444//3658
f 1444//3659 1573//3659 1574//3659
f 852//3660 842//3660 841//3660
f 852//3661 841//3661 856//3661
f 842//3662 853//3662 840//3662
f 853//3663 842//3663 852//3663
f 855//3664 851//3664 856//3664
f 888//3665 852//3665 851//3665
f 851//3666 852//3666 856//3666
f 898//3667 1025//3667 808//3667
f 757//3668 753//3668 765//3668
f 765//3669 753//3669 763//3669
f 765//3670 763//3670 773//3670
f 773//3671 763//3671 771//3671
f 773//3672 771//3672 781//3672
f 781//3673 771//3673 779//3673
f 781//3674 779//3674 808//3674
f 808//3675 779//3675 800//3675
f 808//3676 800//3676 898//3676
f 1597//3677 1625//3677 1626//3677
f 1535//3678 1627//3678 1536//3678
f 1536//3679 1627//3679 1434//3679
f 1532//3680 1597//3680 1626//3680
f 1532//3681 1626//3681 1627//3681
f 1532//3682 1627//3682 1535//3682
f 1532//3683 1531//3683 1597//3683
f 1597//3684 1531//3684 1507//3684
f 1597//3685 1507//3685 888//3685
f 888//3686 1507//3686 1013//3686
f 888//3687 1013//3687 947//3687
f 888//3688 947//3688 889//3688
f 889//3689 852//3689 888//3689
f 835//3690 829//3690 844//3690
f 844//3691 829//3691 834//3691
f 844//3692 834//3692 858//3692
f 858//3693 834//3693 843//3693
f 858//3694 843//3694 857//3694
f 857//3695 843//3695 840//3695
f 857//3696 840//3696 890//3696
f 890//3697 840//3697 889//3697
f 889//3698 840//3698 853//3698
f 889//3699 853//3699 852//3699
f 807//3700 796//3700 817//3700
f 817//3701 796//3701 814//3701
f 817//3702 814//3702 816//3702
f 816//3703 814//3703 813//3703
f 816//3704 813//3704 826//3704
f 826//3705 813//3705 823//3705
f 826//3706 823//3706 830//3706
f 830//3707 823//3707 825//3707
f 830//3708 825//3708 835//3708
f 835//3709 825//3709 824//3709
f 835//3710 824//3710 829//3710
f 1025//3711 898//3711 1169//3711
f 1169//3712 898//3712 1120//3712
f 1169//3713 1120//3713 1241//3713
f 1241//3714 1120//3714 1215//3714
f 1241//3715 1215//3715 1434//3715
f 1434//3716 1215//3716 1378//3716
f 1434//3717 1378//3717 1536//3717
f 1626//3718 1625//3718 1627//3718
f 1627//3719 1625//3719 1658//3719
f 585//3720 736//3720 584//3720
f 584//3721 736//3721 723//3721
f 493//3722 723//3722 454//3722
f 454//3723 723//3723 361//3723
f 558//3724 584//3724 534//3724
f 534//3725 584//3725 723//3725
f 534//3726 723//3726 512//3726
f 512//3727 723//3727 493//3727
f 516//3728 495//3728 737//3728
f 737//3729 538//3729 516//3729
f 360//3730 722//3730 736//3730
f 360//3731 736//3731 495//3731
f 495//3732 736//3732 737//3732
f 361//3733 723//3733 722//3733
f 361//3734 722//3734 360//3734
f 360//3735 495//3735 365//3735
f 365//3736 495//3736 478//3736
f 365//3737 478//3737 455//3737
f 587//3738 737//3738 602//3738
f 602//3739 737//3739 739//3739
f 602//3740 739//3740 593//3740
f 545//3741 573//3741 739//3741
f 739//3742 573//3742 596//3742
f 739//3743 596//3743 593//3743
f 587//3744 586//3744 737//3744
f 737//3745 586//3745 561//3745
f 737//3746 561//3746 538//3746
f 507//3747 373//3747 485//3747
f 371//3748 464//3748 373//3748
f 373//3749 464//3749 485//3749
f 728//3750 378//3750 727//3750
f 727//3751 378//3751 373//3751
f 727//3752 373//3752 741//3752
f 741//3753 373//3753 507//3753
f 741//3754 507//3754 526//3754
f 741//3755 526//3755 739//3755
f 739//3756 526//3756 545//3756
f 465//3757 378//3757 728//3757
f 743//3758 599//3758 728//3758
f 728//3759 599//3759 598//3759
f 579//3760 551//3760 598//3760
f 598//3761 551//3761 530//3761
f 598//3762 530//3762 728//3762
f 728//3763 530//3763 509//3763
f 728//3764 509//3764 465//3764
f 745//3765 743//3765 744//3765
f 744//3766 743//3766 742//3766
f 757//3767 754//3767 753//3767
f 753//3768 754//3768 751//3768
f 753//3769 751//3769 747//3769
f 732//3770 733//3770 555//3770
f 555//3771 733//3771 160//3771
f 555//3772 160//3772 158//3772
f 734//3773 733//3773 736//3773
f 736//3774 733//3774 735//3774
f 796//3775 807//3775 797//3775
f 797//3776 807//3776 798//3776
f 797//3777 798//3777 793//3777
f 793//3778 798//3778 799//3778
f 793//3779 799//3779 790//3779
f 790//3780 799//3780 792//3780
f 790//3781 792//3781 783//3781
f 783//3782 792//3782 785//3782
f 783//3783 785//3783 775//3783
f 775//3784 785//3784 777//3784
f 775//3785 777//3785 767//3785
f 767//3786 777//3786 769//3786
f 767//3787 769//3787 758//3787
f 758//3788 769//3788 761//3788
f 758//3789 761//3789 709//3789
f 709//3790 761//3790 721//3790
f 709//3791 721//3791 607//3791
f 607//3792 721//3792 648//3792
f 532//3793 607//3793 556//3793
f 556//3794 607//3794 648//3794
f 73//3795 84//3795 37//3795
f 73//3796 37//3796 32//3796
f 32//3797 37//3797 14//3797
f 32//3798 14//3798 13//3798
f 13//3799 14//3799 6//3799
f 13//3800 6//3800 3//3800
f 83//3801 82//3801 6//3801
f 234//3802 133//3802 319//3802
f 6//3803 82//3803 5//3803
f 6//3804 14//3804 83//3804
f 83//3805 14//3805 37//3805
f 83//3806 37//3806 105//3806
f 105//3807 37//3807 84//3807
f 105//3808 84//3808 135//3808
f 135//3809 84//3809 207//3809
f 135//3810 207//3810 237//3810
f 134//3811 133//3811 104//3811
f 104//3812 133//3812 4//3812
f 104//3813 4//3813 80//3813
f 80//3814 4//3814 5//3814
f 80//3815 5//3815 81//3815
f 81//3816 5//3816 82//3816
f 133//3817 55//3817 4//3817
f 4//3818 55//3818 36//3818
f 4//3819 36//3819 20//3819
f 20//3820 36//3820 21//3820
f 20//3821 21//3821 35//3821
f 278//3822 168//3822 135//3822
f 278//3823 135//3823 237//3823
f 235//3824 319//3824 205//3824
f 205//3825 319//3825 133//3825
f 205//3826 133//3826 167//3826
f 167//3827 133//3827 134//3827
f 235//3828 236//3828 319//3828
f 319//3829 236//3829 206//3829
f 319//3830 206//3830 300//3830
f 300//3831 206//3831 168//3831
f 300//3832 168//3832 277//3832
f 277//3833 168//3833 278//3833
f 319//3834 338//3834 234//3834
f 234//3835 338//3835 337//3835
f 337//3836 338//3836 364//3836
f 337//3837 364//3837 400//3837
f 400//3838 364//3838 363//3838
f 400//3839 363//3839 477//3839
f 515//3840 529//3840 487//3840
f 515//3841 487//3841 477//3841
f 477//3842 487//3842 418//3842
f 477//3843 418//3843 400//3843
f 400//3844 418//3844 349//3844
f 400//3845 349//3845 337//3845
f 337//3846 349//3846 248//3846
f 337//3847 248//3847 234//3847
f 234//3848 248//3848 140//3848
f 234//3849 140//3849 133//3849
f 133//3850 140//3850 56//3850
f 133//3851 56//3851 55//3851
f 55//3852 56//3852 39//3852
f 55//3853 39//3853 36//3853
f 36//3854 39//3854 23//3854
f 36//3855 23//3855 21//3855
f 21//3856 23//3856 38//3856
f 21//3857 38//3857 35//3857
f 39//3858 56//3858 7//3858
f 56//3859 140//3859 7//3859
f 7//3860 140//3860 108//3860
f 7//3861 108//3861 8//3861
f 109//3862 142//3862 212//3862
f 212//3863 142//3863 251//3863
f 39//3864 7//3864 23//3864
f 23//3865 7//3865 22//3865
f 23//3866 22//3866 38//3866
f 250//3867 249//3867 324//3867
f 324//3868 249//3868 210//3868
f 324//3869 210//3869 350//3869
f 108//3870 85//3870 8//3870
f 8//3871 85//3871 86//3871
f 8//3872 86//3872 9//3872
f 9//3873 86//3873 87//3873
f 9//3874 87//3874 15//3874
f 15//3875 87//3875 88//3875
f 15//3876 88//3876 40//3876
f 40//3877 88//3877 109//3877
f 40//3878 109//3878 89//3878
f 89//3879 109//3879 212//3879
f 418//3880 376//3880 349//3880
f 349//3881 376//3881 377//3881
f 349//3882 377//3882 350//3882
f 418//3883 487//3883 376//3883
f 349//3884 350//3884 210//3884
f 349//3885 210//3885 248//3885
f 248//3886 210//3886 181//3886
f 248//3887 181//3887 140//3887
f 140//3888 181//3888 141//3888
f 140//3889 141//3889 108//3889
f 307//3890 182//3890 324//3890
f 324//3891 182//3891 211//3891
f 324//3892 211//3892 250//3892
f 307//3893 283//3893 182//3893
f 182//3894 283//3894 284//3894
f 182//3895 284//3895 142//3895
f 142//3896 284//3896 251//3896
f 89//3897 100//3897 47//3897
f 89//3898 47//3898 40//3898
f 40//3899 47//3899 16//3899
f 40//3900 16//3900 15//3900
f 15//3901 16//3901 12//3901
f 15//3902 12//3902 9//3902
f 25//3903 43//3903 24//3903
f 25//3904 24//3904 44//3904
f 219//3905 262//3905 291//3905
f 60//3906 44//3906 114//3906
f 114//3907 44//3907 24//3907
f 114//3908 24//3908 61//3908
f 61//3909 24//3909 10//3909
f 61//3910 10//3910 45//3910
f 45//3911 10//3911 11//3911
f 45//3912 11//3912 46//3912
f 46//3913 11//3913 12//3913
f 46//3914 12//3914 62//3914
f 62//3915 12//3915 16//3915
f 62//3916 16//3916 99//3916
f 99//3917 16//3917 47//3917
f 99//3918 47//3918 154//3918
f 154//3919 47//3919 100//3919
f 154//3920 100//3920 219//3920
f 219//3921 100//3921 220//3921
f 219//3922 220//3922 262//3922
f 60//3923 114//3923 153//3923
f 153//3924 114//3924 189//3924
f 153//3925 189//3925 258//3925
f 258//3926 189//3926 259//3926
f 258//3927 259//3927 352//3927
f 219//3928 291//3928 290//3928
f 219//3929 290//3929 261//3929
f 261//3930 290//3930 310//3930
f 261//3931 310//3931 289//3931
f 289//3932 310//3932 327//3932
f 289//3933 327//3933 288//3933
f 288//3934 327//3934 353//3934
f 352//3935 259//3935 421//3935
f 421//3936 259//3936 260//3936
f 421//3937 260//3937 492//3937
f 492//3938 260//3938 288//3938
f 492//3939 288//3939 381//3939
f 381//3940 288//3940 353//3940
f 381//3941 353//3941 382//3941
f 732//3942 720//3942 748//3942
f 748//3943 720//3943 747//3943
f 748//3944 747//3944 751//3944
f 159//3945 223//3945 115//3945
f 115//3946 223//3946 224//3946
f 115//3947 224//3947 116//3947
f 116//3948 224//3948 117//3948
f 117//3949 224//3949 266//3949
f 267//3950 295//3950 158//3950
f 266//3951 158//3951 117//3951
f 158//3952 266//3952 267//3952
f 158//3953 295//3953 555//3953
f 555//3954 295//3954 606//3954
f 555//3955 606//3955 732//3955
f 732//3956 606//3956 708//3956
f 732//3957 708//3957 720//3957
f 532//3958 556//3958 422//3958
f 422//3959 556//3959 452//3959
f 422//3960 452//3960 355//3960
f 355//3961 452//3961 384//3961
f 355//3962 384//3962 313//3962
f 313//3963 384//3963 330//3963
f 313//3964 330//3964 294//3964
f 294//3965 330//3965 314//3965
f 294//3966 314//3966 192//3966
f 192//3967 314//3967 222//3967
f 192//3968 222//3968 159//3968
f 159//3969 222//3969 223//3969
f 158//3970 160//3970 120//3970
f 158//3971 120//3971 117//3971
f 117//3972 120//3972 119//3972
f 117//3973 119//3973 116//3973
f 116//3974 119//3974 118//3974
f 116//3975 118//3975 115//3975
f 118//3976 119//3976 48//3976
f 48//3977 119//3977 120//3977
f 733//3978 315//3978 160//3978
f 160//3979 315//3979 225//3979
f 160//3980 225//3980 193//3980
f 160//3981 193//3981 121//3981
f 120//3982 160//3982 48//3982
f 48//3983 160//3983 121//3983
f 48//3984 121//3984 26//3984
f 26//3985 121//3985 63//3985
f 26//3986 63//3986 17//3986
f 17//3987 63//3987 64//3987
f 17//3988 64//3988 27//3988
f 296//3989 356//3989 396//3989
f 396//3990 356//3990 386//3990
f 396//3991 386//3991 471//3991
f 471//3992 386//3992 424//3992
f 471//3993 424//3993 510//3993
f 510//3994 424//3994 470//3994
f 510//3995 470//3995 533//3995
f 533//3996 470//3996 469//3996
f 734//3997 583//3997 468//3997
f 468//3998 583//3998 557//3998
f 468//3999 557//3999 469//3999
f 469//4000 557//4000 533//4000
f 734//4001 468//4001 423//4001
f 734//4002 423//4002 733//4002
f 733//4003 423//4003 385//4003
f 733//4004 385//4004 315//4004
f 396//4005 331//4005 296//4005
f 296//4006 331//4006 226//4006
f 296//4007 226//4007 194//4007
f 194//4008 226//4008 123//4008
f 194//4009 123//4009 122//4009
f 122//4010 123//4010 49//4010
f 122//4011 49//4011 66//4011
f 66//4012 49//4012 27//4012
f 66//4013 27//4013 65//4013
f 65//4014 27//4014 64//4014
f 269//4015 198//4015 228//4015
f 228//4016 198//4016 128//4016
f 128//4017 198//4017 129//4017
f 128//4018 129//4018 71//4018
f 1//4019 29//4019 50//4019
f 333//4020 334//4020 228//4020
f 228//4021 334//4021 318//4021
f 399//4022 475//4022 358//4022
f 399//4023 358//4023 333//4023
f 333//4024 358//4024 359//4024
f 333//4025 359//4025 334//4025
f 269//4026 228//4026 270//4026
f 270//4027 228//4027 318//4027
f 270//4028 318//4028 271//4028
f 29//4029 1//4029 19//4029
f 19//4030 1//4030 18//4030
f 19//4031 18//4031 28//4031
f 271//4032 318//4032 229//4032
f 229//4033 318//4033 299//4033
f 229//4034 299//4034 199//4034
f 50//4035 128//4035 1//4035
f 1//4036 128//4036 71//4036
f 1//4037 71//4037 2//4037
f 2//4038 71//4038 51//4038
f 2//4039 51//4039 3//4039
f 3//4040 51//4040 30//4040
f 3//4041 30//4041 13//4041
f 30//4042 31//4042 13//4042
f 13//4043 31//4043 52//4043
f 13//4044 52//4044 32//4044
f 299//4045 272//4045 199//4045
f 199//4046 272//4046 273//4046
f 32//4047 52//4047 72//4047
f 32//4048 72//4048 73//4048
f 73//4049 72//4049 163//4049
f 73//4050 163//4050 200//4050
f 200//4051 163//4051 230//4051
f 230//4052 163//4052 199//4052
f 230//4053 199//4053 273//4053
f 309//4054 218//4054 153//4054
f 600//4055 745//4055 489//4055
f 146//4056 59//4056 147//4056
f 147//4057 59//4057 148//4057
f 148//4058 95//4058 186//4058
f 186//4059 95//4059 149//4059
f 153//4060 218//4060 60//4060
f 60//4061 218//4061 152//4061
f 60//4062 152//4062 44//4062
f 325//4063 744//4063 257//4063
f 257//4064 744//4064 186//4064
f 257//4065 186//4065 216//4065
f 216//4066 186//4066 149//4066
f 152//4067 98//4067 44//4067
f 44//4068 98//4068 97//4068
f 44//4069 97//4069 25//4069
f 25//4070 97//4070 96//4070
f 25//4071 96//4071 43//4071
f 43//4072 96//4072 95//4072
f 43//4073 95//4073 59//4073
f 59//4074 95//4074 148//4074
f 490//4075 491//4075 531//4075
f 531//4076 491//4076 492//4076
f 492//4077 491//4077 450//4077
f 492//4078 450//4078 421//4078
f 450//4079 394//4079 421//4079
f 421//4080 394//4080 380//4080
f 421//4081 380//4081 352//4081
f 352//4082 380//4082 309//4082
f 352//4083 309//4083 258//4083
f 258//4084 309//4084 153//4084
f 325//4085 392//4085 744//4085
f 744//4086 392//4086 447//4086
f 744//4087 447//4087 745//4087
f 745//4088 447//4088 489//4088
f 531//4089 553//4089 490//4089
f 490//4090 553//4090 581//4090
f 490//4091 581//4091 489//4091
f 489//4092 581//4092 600//4092
f 925//4093 871//4093 872//4093
f 872//4094 871//4094 868//4094
f 872//4095 868//4095 869//4095
f 888//4096 1142//4096 1597//4096
f 1597//4097 1142//4097 1439//4097
f 1597//4098 1439//4098 1625//4098
f 868//4099 1148//4099 855//4099
f 855//4100 1148//4100 1142//4100
f 1609//4101 1444//4101 925//4101
f 925//4102 1444//4102 1148//4102
f 1142//4103 888//4103 851//4103
f 1142//4104 851//4104 855//4104
f 1658//4105 1439//4105 1679//4105
f 1679//4106 1439//4106 1444//4106
f 1609//4107 1640//4107 1444//4107
f 1444//4108 1640//4108 1682//4108
f 1444//4109 1682//4109 1679//4109
f 1439//4110 1658//4110 1625//4110
f 1682//4111 1640//4111 1641//4111
f 1682//4112 1641//4112 1642//4112
f 823//4113 828//4113 825//4113
f 825//4114 828//4114 824//4114
f 824//4115 828//4115 832//4115
f 824//4116 832//4116 829//4116
f 829//4117 832//4117 834//4117
f 832//4118 831//4118 834//4118
f 834//4119 831//4119 839//4119
f 834//4120 839//4120 843//4120
f 843//4121 839//4121 846//4121
f 843//4122 846//4122 849//4122
f 855//4123 856//4123 841//4123
f 848//4124 869//4124 841//4124
f 841//4125 869//4125 868//4125
f 855//4126 841//4126 868//4126
f 848//4127 841//4127 849//4127
f 849//4128 841//4128 842//4128
f 849//4129 842//4129 840//4129
f 843//4130 849//4130 840//4130
f 783//4131 784//4131 790//4131
f 790//4132 784//4132 791//4132
f 790//4133 791//4133 793//4133
f 793//4134 791//4134 794//4134
f 793//4135 794//4135 797//4135
f 797//4136 794//4136 804//4136
f 797//4137 804//4137 796//4137
f 796//4138 804//4138 803//4138
f 796//4139 803//4139 814//4139
f 814//4140 803//4140 811//4140
f 814//4141 811//4141 813//4141
f 813//4142 811//4142 815//4142
f 813//4143 815//4143 823//4143
f 823//4144 815//4144 820//4144
f 823//4145 820//4145 828//4145
f 873//4146 872//4146 849//4146
f 849//4147 872//4147 848//4147
f 848//4148 872//4148 869//4148
f 1682//4149 1642//4149 1579//4149
f 1658//4150 1679//4150 1579//4150
f 1579//4151 1679//4151 1682//4151
f 756//4152 754//4152 757//4152
f 1627//4153 1658//4153 1579//4153
f 1627//4154 1579//4154 1434//4154
f 1434//4155 1579//4155 1445//4155
f 1434//4156 1445//4156 1241//4156
f 1241//4157 1445//4157 1249//4157
f 1241//4158 1249//4158 1169//4158
f 1169//4159 1249//4159 1172//4159
f 1169//4160 1172//4160 1025//4160
f 1025//4161 1172//4161 1043//4161
f 1025//4162 1043//4162 808//4162
f 808//4163 1043//4163 810//4163
f 808//4164 810//4164 781//4164
f 781//4165 810//4165 782//4165
f 781//4166 782//4166 773//4166
f 773//4167 782//4167 774//4167
f 773//4168 774//4168 765//4168
f 765//4169 774//4169 766//4169
f 765//4170 766//4170 757//4170
f 757//4171 766//4171 760//4171
f 757//4172 760//4172 756//4172
f 191//4173 186//4173 647//4173
f 647//4174 186//4174 744//4174
f 647//4175 744//4175 746//4175
f 722//4176 723//4176 736//4176
f 746//4177 744//4177 750//4177
f 750//4178 744//4178 742//4178
f 741//4179 742//4179 743//4179
f 741//4180 743//4180 727//4180
f 727//4181 743//4181 728//4181
f 737//4182 735//4182 739//4182
f 737//4183 736//4183 735//4183
f 733//4184 732//4184 748//4184
f 733//4185 748//4185 735//4185
f 754//4186 756//4186 751//4186
f 751//4187 756//4187 752//4187
f 751//4188 752//4188 748//4188
f 748//4189 752//4189 750//4189
f 748//4190 750//4190 735//4190
f 735//4191 750//4191 742//4191
f 735//4192 742//4192 739//4192
f 739//4193 742//4193 741//4193
f 784//4194 783//4194 776//4194
f 776//4195 783//4195 775//4195
f 776//4196 775//4196 768//4196
f 768//4197 775//4197 767//4197
f 768//4198 767//4198 759//4198
f 759//4199 767//4199 758//4199
f 759//4200 758//4200 718//4200
f 718//4201 758//4201 709//4201
f 718//4202 709//4202 622//4202
f 622//4203 709//4203 607//4203
f 622//4204 607//4204 554//4204
f 554//4205 607//4205 532//4205
f 554//4206 532//4206 451//4206
f 451//4207 532//4207 422//4207
f 48//4208 26//4208 28//4208
f 20//4209 35//4209 28//4209
f 35//4210 38//4210 59//4210
f 43//4211 59//4211 38//4211
f 43//4212 38//4212 24//4212
f 159//4213 115//4213 118//4213
f 28//4214 35//4214 48//4214
f 48//4215 35//4215 59//4215
f 48//4216 59//4216 118//4216
f 118//4217 59//4217 146//4217
f 118//4218 146//4218 159//4218
f 451//4219 422//4219 383//4219
f 383//4220 422//4220 355//4220
f 383//4221 355//4221 328//4221
f 328//4222 355//4222 313//4222
f 328//4223 313//4223 311//4223
f 311//4224 313//4224 294//4224
f 311//4225 294//4225 221//4225
f 221//4226 294//4226 192//4226
f 221//4227 192//4227 190//4227
f 190//4228 192//4228 159//4228
f 190//4229 159//4229 155//4229
f 155//4230 159//4230 146//4230
f 38//4231 22//4231 24//4231
f 24//4232 22//4232 7//4232
f 24//4233 7//4233 10//4233
f 10//4234 7//4234 8//4234
f 10//4235 8//4235 11//4235
f 11//4236 8//4236 9//4236
f 11//4237 9//4237 12//4237
f 28//4238 18//4238 20//4238
f 20//4239 18//4239 1//4239
f 20//4240 1//4240 4//4240
f 4//4241 1//4241 2//4241
f 4//4242 2//4242 5//4242
f 5//4243 2//4243 3//4243
f 5//4244 3//4244 6//4244
f 155//4245 146//4245 156//4245
f 156//4246 146//4246 147//4246
f 156//4247 147//4247 148//4247
f 156//4248 148//4248 157//4248
f 157//4249 148//4249 191//4249
f 191//4250 148//4250 186//4250
f 622//4251 582//4251 677//4251
f 582//4252 622//4252 554//4252
f 805//4253 809//4253 803//4253
f 803//4254 804//4254 805//4254
f 805//4255 804//4255 794//4255
f 805//4256 794//4256 795//4256
f 795//4257 794//4257 791//4257
f 795//4258 791//4258 789//4258
f 789//4259 791//4259 784//4259
f 622//4260 677//4260 718//4260
f 718//4261 677//4261 729//4261
f 718//4262 729//4262 759//4262
f 759//4263 729//4263 762//4263
f 759//4264 762//4264 768//4264
f 768//4265 762//4265 770//4265
f 768//4266 770//4266 776//4266
f 776//4267 770//4267 778//4267
f 776//4268 778//4268 784//4268
f 784//4269 778//4269 788//4269
f 784//4270 788//4270 789//4270
f 730//4271 725//4271 731//4271
f 731//4272 725//4272 714//4272
f 731//4273 714//4273 719//4273
f 849//4274 874//4274 926//4274
f 872//4275 873//4275 926//4275
f 926//4276 873//4276 849//4276
f 872//4277 926//4277 925//4277
f 925//4278 926//4278 985//4278
f 1518//4279 1609//4279 1062//4279
f 1062//4280 1609//4280 925//4280
f 1062//4281 925//4281 985//4281
f 1518//4282 1555//4282 1609//4282
f 1609//4283 1555//4283 1640//4283
f 1640//4284 1555//4284 1556//4284
f 1640//4285 1556//4285 1641//4285
f 1641//4286 1556//4286 1642//4286
f 1557//4287 1579//4287 1642//4287
f 1557//4288 1642//4288 1556//4288
f 907//4289 1043//4289 1122//4289
f 1122//4290 1043//4290 1172//4290
f 1122//4291 1172//4291 1216//4291
f 1216//4292 1172//4292 1249//4292
f 1216//4293 1249//4293 1393//4293
f 1393//4294 1249//4294 1445//4294
f 1393//4295 1445//4295 1553//4295
f 1553//4296 1445//4296 1579//4296
f 1553//4297 1579//4297 1552//4297
f 1552//4298 1579//4298 1557//4298
f 874//4299 849//4299 846//4299
f 874//4300 846//4300 847//4300
f 847//4301 846//4301 839//4301
f 847//4302 839//4302 845//4302
f 845//4303 839//4303 831//4303
f 845//4304 831//4304 838//4304
f 838//4305 831//4305 832//4305
f 838//4306 832//4306 833//4306
f 833//4307 832//4307 828//4307
f 833//4308 828//4308 827//4308
f 827//4309 828//4309 820//4309
f 827//4310 820//4310 821//4310
f 821//4311 820//4311 815//4311
f 821//4312 815//4312 822//4312
f 822//4313 815//4313 811//4313
f 822//4314 811//4314 812//4314
f 812//4315 811//4315 803//4315
f 812//4316 803//4316 809//4316
f 1043//4317 907//4317 806//4317
f 755//4318 760//4318 764//4318
f 764//4319 760//4319 766//4319
f 764//4320 766//4320 772//4320
f 772//4321 766//4321 774//4321
f 772//4322 774//4322 780//4322
f 780//4323 774//4323 782//4323
f 780//4324 782//4324 806//4324
f 806//4325 782//4325 810//4325
f 806//4326 810//4326 1043//4326
f 760//4327 755//4327 756//4327
f 756//4328 755//4328 749//4328
f 756//4329 749//4329 752//4329
f 647//4330 312//4330 191//4330
f 157//4331 191//4331 265//4331
f 157//4332 265//4332 156//4332
f 312//4333 293//4333 191//4333
f 191//4334 293//4334 292//4334
f 191//4335 292//4335 265//4335
f 264//4336 190//4336 265//4336
f 265//4337 190//4337 155//4337
f 155//4338 156//4338 265//4338
f 190//4339 264//4339 221//4339
f 221//4340 264//4340 263//4340
f 221//4341 263//4341 311//4341
f 311//4342 263//4342 329//4342
f 311//4343 329//4343 328//4343
f 328//4344 329//4344 354//4344
f 328//4345 354//4345 383//4345
f 383//4346 354//4346 395//4346
f 383//4347 395//4347 451//4347
f 451//4348 395//4348 467//4348
f 451//4349 467//4349 554//4349
f 554//4350 467//4350 582//4350
f 730//4351 746//4351 749//4351
f 749//4352 746//4352 750//4352
f 749//4353 750//4353 752//4353
f 730//4354 731//4354 746//4354
f 746//4355 731//4355 719//4355
f 746//4356 719//4356 647//4356
f 647//4357 719//4357 605//4357
f 647//4358 605//4358 312//4358
f 719//4359 714//4359 605//4359
f 605//4360 714//4360 304//4360
f 605//4361 304//4361 312//4361
f 312//4362 304//4362 293//4362
f 293//4363 304//4363 281//4363
f 293//4364 281//4364 292//4364
f 292//4365 281//4365 245//4365
f 292//4366 245//4366 265//4366
f 265//4367 245//4367 264//4367
f 264//4368 245//4368 244//4368
f 264//4369 244//4369 243//4369
f 264//4370 243//4370 263//4370
f 263//4371 243//4371 329//4371
f 329//4372 243//4372 343//4372
f 329//4373 343//4373 354//4373
f 354//4374 343//4374 395//4374
f 395//4375 343//4375 460//4375
f 395//4376 460//4376 467//4376
f 729//4377 677//4377 460//4377
f 460//4378 677//4378 582//4378
f 460//4379 582//4379 467//4379
f 788//4380 778//4380 787//4380
f 787//4381 778//4381 770//4381
f 787//4382 770//4382 460//4382
f 460//4383 770//4383 762//4383
f 460//4384 762//4384 729//4384
f 802//4385 795//4385 787//4385
f 787//4386 795//4386 789//4386
f 787//4387 789//4387 788//4387
f 819//4388 822//4388 802//4388
f 802//4389 822//4389 812//4389
f 812//4390 809//4390 802//4390
f 802//4391 809//4391 805//4391
f 802//4392 805//4392 795//4392
f 838//4393 833//4393 837//4393
f 837//4394 833//4394 827//4394
f 837//4395 827//4395 819//4395
f 819//4396 827//4396 821//4396
f 819//4397 821//4397 822//4397
f 838//4398 837//4398 845//4398
f 845//4399 837//4399 865//4399
f 845//4400 865//4400 847//4400
f 847//4401 865//4401 864//4401
f 847//4402 864//4402 874//4402
f 874//4403 864//4403 926//4403
f 926//4404 864//4404 906//4404
f 926//4405 906//4405 985//4405
f 985//4406 906//4406 969//4406
f 985//4407 969//4407 1037//4407
f 985//4408 1037//4408 1062//4408
f 1513//4409 1518//4409 1037//4409
f 1037//4410 1518//4410 1062//4410
f 1546//4411 1552//4411 1557//4411
f 1544//4412 1555//4412 1518//4412
f 1544//4413 1518//4413 1513//4413
f 1545//4414 1556//4414 1544//4414
f 1544//4415 1556//4415 1555//4415
f 1546//4416 1557//4416 1556//4416
f 1546//4417 1556//4417 1545//4417
f 1122//4418 1216//4418 1546//4418
f 1216//4419 1393//4419 1546//4419
f 1546//4420 1393//4420 1553//4420
f 1546//4421 1553//4421 1552//4421
f 725//4422 764//4422 772//4422
f 730//4423 749//4423 725//4423
f 725//4424 749//4424 755//4424
f 725//4425 755//4425 764//4425
f 772//4426 780//4426 725//4426
f 725//4427 780//4427 806//4427
f 725//4428 806//4428 1546//4428
f 1546//4429 806//4429 907//4429
f 1546//4430 907//4430 1122//4430
f 837//4431 819//4431 1546//4431
f 837//4432 1546//4432 865//4432
f 819//4433 802//4433 1546//4433
f 1546//4434 802//4434 787//4434
f 1546//4435 787//4435 725//4435
f 725//4436 787//4436 460//4436
f 969//4437 906//4437 864//4437
f 969//4438 864//4438 1037//4438
f 1037//4439 864//4439 865//4439
f 1037//4440 865//4440 1513//4440
f 1513//4441 865//4441 1546//4441
f 1513//4442 1546//4442 1544//4442
f 725//4443 460//4443 714//4443
f 714//4444 460//4444 343//4444
f 714//4445 343//4445 304//4445
f 304//4446 343//4446 243//4446
f 1546//4447 1545//4447 1544//4447
f 281//4448 304//4448 245//4448
f 245//4449 304//4449 244//4449
f 244//4450 304//4450 243//4450
