# decimated by robomaster_gui_node/tools/decimate_obj.py
v -0.02164 -0.00900 -0.00942
v -0.02162 -0.00900 -0.00689
v -0.02167 -0.00600 -0.00853
v -0.02162 -0.00623 -0.00689
v -0.02162 -0.00300 -0.00689
v -0.02162 -0.00050 -0.00689
v -0.02162 0.00050 -0.00689
v -0.02162 0.00300 -0.00689
v -0.02164 0.00600 -0.00948
v -0.02167 0.00900 -0.00859
v -0.02162 0.00857 -0.00689
v -0.02160 0.00975 -0.00784
v -0.02045 -0.01220 -0.00673
v -0.02063 -0.01108 -0.01351
v -0.02079 -0.01145 -0.01162
v -0.02097 -0.01144 -0.00998
v -0.02103 -0.01144 -0.00856
v -0.02105 -0.01136 -0.00795
v -0.02082 -0.01160 -0.00608
v -0.02098 -0.01117 -0.00554
v -0.02065 -0.01144 -0.00431
v -0.02049 -0.01147 -0.00356
v -0.02074 -0.01020 -0.01432
v -0.02090 -0.01009 -0.01260
v -0.02124 -0.01062 -0.01100
v -0.02119 -0.00996 -0.01017
v -0.02152 -0.01020 -0.00856
v -0.02095 -0.01026 -0.00688
v -0.02115 -0.01064 -0.00509
v -0.02094 -0.01002 -0.00420
v -0.02085 -0.01072 -0.00360
v -0.02060 -0.00900 -0.01533
v -0.02110 -0.00900 -0.01347
v -0.02101 -0.00919 -0.01147
v -0.02085 -0.00893 -0.00922
v -0.02103 -0.00908 -0.00550
v -0.02116 -0.00917 -0.00360
v -0.02160 -0.00766 -0.01020
v -0.02085 -0.00600 -0.01448
v -0.02110 -0.00649 -0.01347
v -0.02103 -0.00600 -0.01224
v -0.02086 -0.00622 -0.00863
v -0.02076 -0.00600 -0.00624
v -0.02115 -0.00699 -0.00354
v -0.02158 -0.00600 -0.00637
v -0.02110 -0.00300 -0.01347
v -0.02072 -0.00300 -0.01093
v -0.02160 -0.00307 -0.01020
v -0.02086 -0.00300 -0.00769
v -0.02088 -0.00304 -0.00409
v -0.02112 -0.00288 -0.00343
v -0.02110 -0.00050 -0.01347
v -0.02072 -0.00050 -0.01093
v -0.02160 -0.00050 -0.01020
v -0.02086 -0.00050 -0.00769
v -0.02080 -0.00050 -0.00418
v -0.02111 -0.00050 -0.00337
v -0.02110 0.00050 -0.01347
v -0.02072 0.00050 -0.01093
v -0.02160 0.00050 -0.01020
v -0.02086 0.00050 -0.00769
v -0.02088 0.00050 -0.00409
v -0.02111 0.00050 -0.00337
v -0.02110 0.00307 -0.01347
v -0.02072 0.00300 -0.01093
v -0.02160 0.00300 -0.01020
v -0.02086 0.00300 -0.00769
v -0.02084 0.00298 -0.00413
v -0.02113 0.00306 -0.00344
v -0.02058 0.00600 -0.01539
v -0.02112 0.00600 -0.01167
v -0.02160 0.00600 -0.01020
v -0.02085 0.00622 -0.00934
v -0.02110 0.00798 -0.01347
v -0.02160 0.00741 -0.01020
v -0.02083 0.00900 -0.01454
v -0.02094 0.00911 -0.01230
v -0.02160 0.00900 -0.01020
v -0.02086 0.00873 -0.00895
v -0.02086 0.00930 -0.00837
v -0.02106 0.00900 -0.00652
v -0.02118 0.00905 -0.00372
v -0.02116 0.00900 -0.00360
v -0.02089 0.01006 -0.01381
v -0.02094 0.01060 -0.01293
v -0.02083 0.01024 -0.01114
v -0.02146 0.01022 -0.01002
v -0.02151 0.01022 -0.00856
v -0.02073 0.01001 -0.00767
v -0.02095 0.01050 -0.00700
v -0.02095 0.01013 -0.00533
v -0.02103 0.01041 -0.00409
v -0.02084 0.01073 -0.00359
v -0.02066 0.01145 -0.01239
v -0.02096 0.01145 -0.00993
v -0.02102 0.01146 -0.00856
v -0.02095 0.01145 -0.00659
v -0.02059 0.01147 -0.00409
v -0.02050 0.01144 -0.00356
v -0.02041 0.01207 -0.01137
v -0.02044 0.01207 -0.00564
v -0.01928 -0.01323 -0.01001
v -0.01948 -0.01234 -0.01460
v -0.01998 -0.01234 -0.01253
v -0.02003 -0.01251 -0.01129
v -0.02018 -0.01251 -0.00993
v -0.02014 -0.01256 -0.00925
v -0.01954 -0.01309 -0.00771
v -0.01987 -0.01246 -0.00705
v -0.02007 -0.01251 -0.00581
v -0.01987 -0.01251 -0.00445
v -0.01975 -0.01239 -0.00347
v -0.01935 -0.01144 -0.01689
v -0.01985 -0.01144 -0.01556
v -0.02003 -0.01143 -0.01390
v -0.01951 -0.01163 -0.01264
v -0.01981 -0.01145 -0.01161
v -0.01966 -0.01194 -0.00869
v -0.02009 -0.01141 -0.00810
v -0.01983 -0.01168 -0.00675
v -0.02010 -0.01117 -0.00573
v -0.01922 -0.01020 -0.01839
v -0.01969 -0.01078 -0.01688
v -0.01995 -0.01014 -0.01612
v -0.02015 -0.01049 -0.01277
v -0.02038 -0.01063 -0.01098
v -0.02031 -0.01063 -0.00527
v -0.01976 -0.00922 -0.01753
v -0.01925 -0.00939 -0.01667
v -0.01988 -0.00893 -0.01493
v -0.02038 -0.00930 -0.00382
v -0.02032 -0.00896 -0.00348
v -0.02014 -0.00825 -0.01664
v -0.01952 -0.00600 -0.01810
v -0.01999 -0.00643 -0.01458
v -0.02011 -0.00600 -0.01415
v -0.02030 -0.00676 -0.00340
v -0.02014 -0.00307 -0.01664
v -0.02011 -0.00300 -0.01413
v -0.02027 -0.00304 -0.00330
v -0.02014 -0.00050 -0.01664
v -0.02011 -0.00050 -0.01413
v -0.02026 -0.00029 -0.00322
v -0.02014 0.00050 -0.01664
v -0.02011 0.00050 -0.01413
v -0.02026 0.00050 -0.00323
v -0.02014 0.00300 -0.01664
v -0.02011 0.00300 -0.01413
v -0.02028 0.00315 -0.00330
v -0.01982 0.00600 -0.01742
v -0.02014 0.00633 -0.01664
v -0.01985 0.00624 -0.01503
v -0.01948 0.00900 -0.01819
v -0.01965 0.00945 -0.01777
v -0.02014 0.00900 -0.01664
v -0.01997 0.00875 -0.01465
v -0.02011 0.00930 -0.01412
v -0.01984 0.01029 -0.01694
v -0.02031 0.01022 -0.01571
v -0.02017 0.01001 -0.01341
v -0.02019 0.01042 -0.01268
v -0.02035 0.01048 -0.00511
v -0.01986 0.01107 -0.01609
v -0.01978 0.01163 -0.01540
v -0.02025 0.01146 -0.01419
v -0.01993 0.01117 -0.01220
v -0.01987 0.01146 -0.01115
v -0.02023 0.01110 -0.01017
v -0.01977 0.01179 -0.00939
v -0.01999 0.01141 -0.00635
v -0.01997 0.01127 -0.00526
v -0.01971 0.01138 -0.00427
v -0.01950 0.01234 -0.01454
v -0.01949 0.01251 -0.01399
v -0.01981 0.01251 -0.01265
v -0.01975 0.01239 -0.01107
v -0.01942 0.01255 -0.01056
v -0.01991 0.01231 -0.00893
v -0.01984 0.01287 -0.00832
v -0.02020 0.01251 -0.00718
v -0.01965 0.01255 -0.00539
v -0.02003 0.01211 -0.00350
v -0.01933 0.01323 -0.00787
v -0.01815 -0.01323 -0.01529
v -0.01838 -0.01342 -0.01338
v -0.01881 -0.01330 -0.01245
v -0.01857 -0.01358 -0.01044
v -0.01821 -0.01376 -0.00853
v -0.01907 -0.01337 -0.00758
v -0.01887 -0.01330 -0.00464
v -0.01806 -0.01355 -0.00323
v -0.01830 -0.01227 -0.01780
v -0.01861 -0.01251 -0.01659
v -0.01870 -0.01259 -0.01493
v -0.01824 -0.01246 -0.01404
v -0.01867 -0.01260 -0.01259
v -0.01853 -0.01274 -0.00961
v -0.01908 -0.01243 -0.00894
v -0.01867 -0.01268 -0.00739
v -0.01900 -0.01246 -0.00715
v -0.01884 -0.01315 -0.00334
v -0.01811 -0.01144 -0.01945
v -0.01856 -0.01108 -0.01902
v -0.01915 -0.01145 -0.01737
v -0.01856 -0.01117 -0.01680
v -0.01903 -0.01181 -0.01399
v -0.01853 -0.01020 -0.01970
v -0.01852 -0.01045 -0.01827
v -0.01880 -0.00970 -0.01762
v -0.01898 -0.01063 -0.01651
v -0.01814 -0.00986 -0.00019
v -0.01834 -0.01004 0.00046
v -0.01805 -0.00974 0.00422
v -0.01805 -0.00900 -0.02077
v -0.01874 -0.00900 -0.01963
v -0.01913 -0.00900 -0.01700
v -0.01828 -0.00918 -0.00024
v -0.01857 -0.00906 0.00032
v -0.01825 -0.00906 0.00436
v -0.01874 -0.00768 -0.01963
v -0.01835 -0.00826 0.00444
v -0.01863 -0.00600 -0.01982
v -0.01888 -0.00600 -0.01758
v -0.01846 -0.00446 -0.00019
v -0.01843 -0.00414 0.00456
v -0.01825 -0.00414 0.00486
v -0.01874 -0.00300 -0.01963
v -0.01905 -0.00300 -0.01720
v -0.01874 -0.00050 -0.01963
v -0.01905 -0.00050 -0.01720
v -0.01840 -0.00001 -0.00040
v -0.01849 -0.00000 0.00448
v -0.01819 -0.00001 0.00502
v -0.01874 0.00050 -0.01963
v -0.01905 0.00050 -0.01720
v -0.01843 0.00001 -0.00039
v -0.01867 0.00000 0.00029
v -0.01845 0.00001 0.00467
v -0.01826 0.00002 0.00497
v -0.01874 0.00307 -0.01963
v -0.01905 0.00300 -0.01720
v -0.01845 0.00446 -0.00021
v -0.01843 0.00414 0.00456
v -0.01825 0.00414 0.00486
v -0.01802 0.00600 -0.02082
v -0.01901 0.00600 -0.01729
v -0.01874 0.00738 -0.01963
v -0.01835 0.00826 0.00445
v -0.01849 0.00900 -0.02007
v -0.01875 0.00900 -0.01786
v -0.01828 0.00913 -0.00024
v -0.01856 0.00912 0.00038
v -0.01821 0.00924 0.00437
v -0.01867 0.00999 -0.01954
v -0.01858 0.01036 -0.01850
v -0.01898 0.00970 -0.01720
v -0.01909 0.01041 -0.01646
v -0.01819 0.00972 -0.00020
v -0.01837 0.00995 0.00041
v -0.01809 0.01146 -0.01945
v -0.01876 0.01146 -0.01819
v -0.01845 0.01142 -0.01740
v -0.01886 0.01119 -0.01602
v -0.01880 0.01179 -0.01482
v -0.01914 0.01194 -0.00376
v -0.01839 0.01233 -0.01746
v -0.01858 0.01266 -0.01620
v -0.01850 0.01219 -0.01444
v -0.01879 0.01265 -0.01389
v -0.01855 0.01270 -0.01043
v -0.01875 0.01261 -0.00888
v -0.01857 0.01274 -0.00824
v -0.01867 0.01252 -0.00527
v -0.01888 0.01219 -0.00376
v -0.01835 0.01249 -0.00330
v -0.01876 0.01323 -0.01324
v -0.01852 0.01344 -0.01252
v -0.01906 0.01336 -0.00984
v -0.01833 0.01371 -0.00937
v -0.01889 0.01345 -0.00732
v -0.01873 0.01337 -0.00456
v -0.01714 -0.01330 -0.01740
v -0.01736 -0.01358 -0.01553
v -0.01733 -0.01380 -0.01359
v -0.01761 -0.01382 -0.01221
v -0.01704 -0.01397 -0.01100
v -0.01735 -0.01391 -0.01024
v -0.01721 -0.01396 -0.00883
v -0.01796 -0.01382 -0.00731
v -0.01766 -0.01382 -0.00486
v -0.01727 -0.01382 -0.00311
v -0.01717 -0.01234 -0.01978
v -0.01759 -0.01277 -0.01811
v -0.01713 -0.01233 -0.01743
v -0.01714 -0.01289 -0.01479
v -0.01710 -0.01308 -0.01283
v -0.01747 -0.01309 -0.01006
v -0.01762 -0.01308 -0.00791
v -0.01736 -0.01144 -0.02067
v -0.01789 -0.01175 -0.01946
v -0.01736 -0.01141 -0.01885
v -0.01782 -0.01168 -0.01755
v -0.01734 -0.01099 -0.00003
v -0.01743 -0.01114 0.00054
v -0.01714 -0.01035 -0.02178
v -0.01768 -0.00997 -0.02115
v -0.01747 -0.01029 -0.00030
v -0.01789 -0.01078 0.00075
v -0.01729 -0.01049 0.00447
v -0.01724 -0.01012 0.00492
v -0.01688 -0.00892 -0.02245
v -0.01725 -0.00930 -0.02051
v -0.01756 -0.00874 -0.02004
v -0.01756 -0.00911 -0.00049
v -0.01748 -0.00920 0.00506
v -0.01775 -0.00742 -0.02123
v -0.01778 -0.00827 0.00503
v -0.01777 -0.00622 -0.01969
v -0.01770 -0.00446 -0.00062
v -0.01783 -0.00415 0.00513
v -0.01692 -0.00310 -0.02239
v -0.01755 -0.00300 -0.02008
v -0.01692 -0.00050 -0.02239
v -0.01755 -0.00050 -0.02008
v -0.01774 -0.00002 -0.00075
v -0.01782 -0.00002 0.00525
v -0.01692 0.00050 -0.02239
v -0.01755 0.00050 -0.02008
v -0.01768 0.00002 -0.00075
v -0.01780 0.00002 0.00525
v -0.01692 0.00300 -0.02239
v -0.01755 0.00300 -0.02008
v -0.01772 0.00446 -0.00062
v -0.01780 0.00415 0.00514
v -0.01692 0.00611 -0.02239
v -0.01728 0.00600 -0.02049
v -0.01752 0.00643 -0.02012
v -0.01778 0.00827 0.00503
v -0.01698 0.00900 -0.02231
v -0.01772 0.00895 -0.01978
v -0.01758 0.00906 -0.00049
v -0.01750 0.00916 0.00506
v -0.01691 0.01026 -0.02213
v -0.01777 0.01022 -0.02094
v -0.01749 0.01022 -0.00032
v -0.01795 0.01071 0.00054
v -0.01742 0.01039 0.00445
v -0.01724 0.01013 0.00492
v -0.01724 0.01139 -0.02088
v -0.01751 0.01083 -0.00006
v -0.01730 0.01123 0.00054
v -0.01686 0.01086 0.00437
v -0.01720 0.01234 -0.01973
v -0.01722 0.01269 -0.01898
v -0.01775 0.01233 -0.01599
v -0.01723 0.01278 -0.01536
v -0.01776 0.01278 -0.01371
v -0.01722 0.01306 -0.01274
v -0.01753 0.01309 -0.00987
v -0.01746 0.01310 -0.00770
v -0.01729 0.01309 -0.00494
v -0.01787 0.01284 -0.00399
v -0.01745 0.01290 -0.00311
v -0.01682 0.01323 -0.01828
v -0.01710 0.01333 -0.01738
v -0.01749 0.01362 -0.01471
v -0.01689 0.01389 -0.01400
v -0.01760 0.01383 -0.01205
v -0.01694 0.01397 -0.01161
v -0.01789 0.01383 -0.00976
v -0.01722 0.01395 -0.00895
v -0.01706 0.01398 -0.00735
v -0.01759 0.01389 -0.00692
v -0.01762 0.01383 -0.00487
v -0.01755 0.01380 -0.00419
v -0.01570 -0.01323 -0.02010
v -0.01608 -0.01355 -0.01830
v -0.01603 -0.01382 -0.01686
v -0.01613 -0.01390 -0.01566
v -0.01601 -0.01399 -0.01391
v -0.01623 -0.01400 -0.01233
v -0.01631 -0.01400 -0.01195
v -0.01656 -0.01400 -0.01023
v -0.01665 -0.01400 -0.00765
v -0.01635 -0.01400 -0.00502
v -0.01601 -0.01399 -0.00291
v -0.01590 -0.01251 -0.02135
v -0.01635 -0.01259 -0.01985
v -0.01611 -0.01246 -0.01892
v -0.01647 -0.01268 -0.01753
v -0.01611 -0.01315 -0.01489
v -0.01619 -0.01320 -0.01281
v -0.01674 -0.01320 -0.00812
v -0.01610 -0.01135 -0.02196
v -0.01670 -0.01194 -0.01914
v -0.01584 -0.01101 -0.00015
v -0.01617 -0.01165 0.00057
v -0.01587 -0.01153 0.00238
v -0.01625 -0.01104 0.00452
v -0.01592 -0.01084 0.00505
v -0.01601 -0.01012 -0.02329
v -0.01607 -0.01006 -0.02235
v -0.01640 -0.01040 -0.02132
v -0.01650 -0.01054 -0.00032
v -0.01622 -0.01030 0.00522
v -0.01613 -0.00900 -0.02336
v -0.01629 -0.00917 -0.02188
v -0.01630 -0.00600 -0.02317
v -0.01581 -0.00600 -0.02250
v -0.01564 -0.00300 -0.02271
v -0.01564 -0.00050 -0.02271
v -0.01564 0.00050 -0.02271
v -0.01564 0.00300 -0.02271
v -0.01636 0.00600 -0.02240
v -0.01635 0.00919 -0.02309
v -0.01561 0.00900 -0.02273
v -0.01570 0.01062 -0.02345
v -0.01601 0.00970 -0.02216
v -0.01630 0.01041 -0.02147
v -0.01642 0.01060 -0.00030
v -0.01622 0.01029 0.00522
v -0.01564 0.01146 -0.02294
v -0.01595 0.01145 -0.02258
v -0.01619 0.01119 -0.02099
v -0.01645 0.01179 -0.01981
v -0.01596 0.01103 -0.00015
v -0.01616 0.01166 0.00057
v -0.01587 0.01153 0.00238
v -0.01612 0.01108 0.00452
v -0.01592 0.01087 0.00502
v -0.01601 0.01207 -0.02184
v -0.01590 0.01268 -0.02101
v -0.01626 0.01219 -0.01937
v -0.01610 0.01259 -0.01850
v -0.01563 0.01299 -0.01761
v -0.01648 0.01310 -0.01469
v -0.01576 0.01320 -0.01425
v -0.01662 0.01318 -0.01233
v -0.01670 0.01320 -0.00963
v -0.01640 0.01320 -0.00492
v -0.01672 0.01317 -0.00426
v -0.01619 0.01318 -0.00292
v -0.01618 0.01374 -0.01710
v -0.01599 0.01400 -0.01381
v -0.01654 0.01399 -0.01215
v -0.01631 0.01400 -0.01195
v -0.01658 0.01400 -0.01010
v -0.01665 0.01400 -0.00765
v -0.01635 0.01400 -0.00505
v -0.01643 0.01399 -0.00412
v -0.01596 0.01399 -0.00291
v -0.01487 -0.01358 -0.02012
v -0.01502 -0.01389 -0.01820
v -0.01485 -0.01400 -0.01628
v -0.01536 -0.01400 -0.01512
v -0.01510 -0.01234 -0.02258
v -0.01486 -0.01289 -0.01936
v -0.01504 -0.01312 -0.01737
v -0.01477 -0.01118 -0.02367
v -0.01480 -0.01168 -0.02219
v -0.01555 -0.01180 0.00105
v -0.01504 -0.01020 -0.02434
v -0.01508 -0.01049 -0.02293
v -0.01510 -0.01030 0.00543
v -0.01472 -0.00900 -0.02487
v -0.01472 -0.00827 -0.02487
v -0.01483 -0.00600 -0.02476
v -0.01444 -0.00645 -0.00010
v -0.01471 -0.00546 -0.00248
v -0.01506 -0.00546 -0.00022
v -0.01498 -0.00438 -0.00250
v -0.01533 -0.00438 -0.00029
v -0.01472 -0.00300 -0.02487
v -0.01473 -0.00300 -0.02372
v -0.01472 -0.00050 -0.02487
v -0.01473 -0.00050 -0.02372
v -0.01472 0.00050 -0.02487
v -0.01473 0.00050 -0.02372
v -0.01511 0.00000 -0.00240
v -0.01542 0.00000 -0.00042
v -0.01472 0.00310 -0.02487
v -0.01473 0.00300 -0.02372
v -0.01498 0.00438 -0.00250
v -0.01533 0.00438 -0.00029
v -0.01481 0.00525 -0.00249
v -0.01516 0.00528 -0.00024
v -0.01472 0.00678 -0.02487
v -0.01444 0.00602 -0.00245
v -0.01459 0.00627 -0.00013
v -0.01476 0.00900 -0.02482
v -0.01515 0.00999 -0.02428
v -0.01503 0.01028 -0.02307
v -0.01468 0.01146 -0.02399
v -0.01519 0.01141 -0.02203
v -0.01504 0.01251 -0.02243
v -0.01523 0.01219 -0.02086
v -0.01474 0.01279 -0.01988
v -0.01538 0.01284 -0.01882
v -0.01513 0.01315 -0.01700
v -0.01555 0.01342 -0.01973
v -0.01492 0.01382 -0.01885
v -0.01519 0.01398 -0.01635
v -0.01536 0.01400 -0.01512
v -0.01386 -0.01335 -0.02209
v -0.01334 -0.01382 -0.02097
v -0.01369 -0.01390 -0.01994
v -0.01382 -0.01400 -0.01835
v -0.01418 -0.01399 -0.01789
v -0.01359 -0.01234 -0.02418
v -0.01389 -0.01258 -0.02201
v -0.01404 -0.01312 -0.01924
v -0.01360 -0.01318 -0.01911
v -0.01394 -0.01156 -0.02461
v -0.01350 -0.01181 -0.02343
v -0.01379 -0.00997 -0.02559
v -0.01419 -0.00900 -0.02537
v -0.01378 -0.00891 -0.02465
v -0.01367 -0.00757 -0.02583
v -0.01420 -0.00622 -0.02425
v -0.01408 -0.00645 -0.00241
v -0.01364 -0.00680 -0.00235
v -0.01401 -0.00680 -0.00002
v -0.01353 -0.00706 0.00006
v -0.01415 0.00600 -0.02541
v -0.01371 0.00626 -0.02472
v -0.01408 0.00645 -0.00241
v -0.01361 0.00682 -0.00234
v -0.01398 0.00682 -0.00001
v -0.01346 0.00709 0.00008
v -0.01363 0.00745 -0.02586
v -0.01410 0.00892 -0.02434
v -0.01399 0.01022 -0.02535
v -0.01356 0.01161 -0.02494
v -0.01364 0.01234 -0.02414
v -0.01390 0.01269 -0.02337
v -0.01397 0.01316 -0.01878
v -0.01385 0.01335 -0.02208
v -0.01326 0.01383 -0.02099
v -0.01371 0.01400 -0.01827
v -0.01419 0.01399 -0.01787
v -0.01209 -0.01323 -0.02411
v -0.01254 -0.01371 -0.02236
v -0.01234 -0.01400 -0.02011
v -0.01208 -0.01251 -0.02528
v -0.01294 -0.01269 -0.02429
v -0.01271 -0.01243 -0.02321
v -0.01242 -0.01308 -0.02146
v -0.01257 -0.01144 -0.02591
v -0.01316 -0.01195 0.00140
v -0.01257 -0.01049 -0.02575
v -0.01232 -0.00913 -0.02690
v -0.01221 -0.00918 -0.02598
v -0.01233 -0.00727 -0.00215
v -0.01259 -0.00728 0.00022
v -0.01316 -0.00706 -0.00228
v -0.01219 -0.00310 -0.02700
v -0.01232 -0.00300 -0.02590
v -0.01219 -0.00050 -0.02700
v -0.01232 -0.00050 -0.02590
v -0.01211 -0.00100 0.00615
v -0.01219 0.00050 -0.02700
v -0.01232 0.00050 -0.02590
v -0.01212 0.00050 0.00616
v -0.01209 0.00128 0.00615
v -0.01219 0.00307 -0.02700
v -0.01232 0.00300 -0.02590
v -0.01248 0.00600 -0.02679
v -0.01308 0.00709 -0.00227
v -0.01224 0.00728 -0.00214
v -0.01265 0.00727 0.00021
v -0.01248 0.00915 -0.02677
v -0.01268 0.01020 -0.02645
v -0.01257 0.01035 -0.02595
v -0.01262 0.01117 -0.02546
v -0.01276 0.01138 -0.02455
v -0.01292 0.01194 -0.02381
v -0.01206 0.01250 -0.02530
v -0.01212 0.01298 -0.02455
v -0.01286 0.01226 -0.02337
v -0.01258 0.01285 -0.02229
v -0.01234 0.01315 -0.02096
v -0.01205 0.01342 -0.02371
v -0.01272 0.01397 -0.02043
v -0.01263 0.01398 -0.02022
v -0.01129 -0.01358 -0.02392
v -0.01131 -0.01396 -0.02190
v -0.01114 -0.01400 -0.02160
v -0.01117 -0.01207 -0.02643
v -0.01097 -0.01251 -0.02610
v -0.01147 -0.01289 -0.02317
v -0.01164 -0.01320 -0.02098
v -0.01192 -0.01145 -0.02641
v -0.01134 -0.01145 -0.02562
v -0.01129 -0.01014 -0.02693
v -0.01158 -0.00600 -0.02698
v -0.01187 -0.00600 -0.02723
v -0.01128 -0.00261 0.00624
v -0.01187 -0.00192 0.00616
v -0.01187 0.00193 0.00616
v -0.01126 0.00263 0.00624
v -0.01184 0.00600 -0.02627
v -0.01153 0.00900 -0.02692
v -0.01112 0.01046 -0.02711
v -0.01186 0.00970 -0.02618
v -0.01155 0.01146 -0.02666
v -0.01110 0.01141 -0.02584
v -0.01146 0.01229 -0.02599
v -0.01140 0.01233 -0.02452
v -0.01117 0.01289 -0.02341
v -0.01088 0.01314 -0.02259
v -0.01188 0.01371 -0.02299
v -0.01152 0.01390 -0.02229
v -0.01119 0.01400 -0.02155
v -0.01039 -0.01330 -0.02527
v -0.00969 -0.01382 -0.02426
v -0.01019 -0.01390 -0.02343
v -0.01065 -0.01400 -0.02182
v -0.01009 -0.01253 -0.02573
v -0.01070 -0.01312 -0.02285
v -0.01031 -0.01318 -0.02261
v -0.01011 -0.01135 -0.02737
v -0.01041 -0.01163 -0.02613
v -0.01012 -0.01175 0.00532
v -0.01049 -0.01020 -0.02795
v -0.01074 -0.01054 -0.02668
v -0.01056 -0.00900 -0.02808
v -0.01065 -0.00743 -0.02803
v -0.00976 -0.00600 -0.02763
v -0.01005 -0.00600 -0.02838
v -0.00962 -0.00300 -0.02770
v -0.01031 -0.00298 0.00638
v -0.00962 -0.00050 -0.02770
v -0.00962 0.00050 -0.02770
v -0.00962 0.00300 -0.02770
v -0.01023 0.00299 0.00640
v -0.00991 0.00912 -0.02810
v -0.01055 0.00999 -0.02797
v -0.01054 0.01035 -0.02687
v -0.01038 0.01077 0.00617
v -0.01023 0.01146 -0.02752
v -0.00987 0.01177 0.00536
v -0.00982 0.01251 -0.02685
v -0.01054 0.01320 -0.02202
v -0.01037 0.01333 -0.02524
v -0.00967 0.01383 -0.02422
v -0.01066 0.01400 -0.02182
v -0.00880 -0.01355 -0.02569
v -0.00894 -0.01400 -0.02318
v -0.00885 -0.01241 -0.02751
v -0.00851 -0.01246 -0.02623
v -0.00901 -0.01291 -0.02490
v -0.00892 -0.01215 0.00168
v -0.00890 -0.01201 0.00384
v -0.00899 -0.01144 -0.02823
v -0.00911 -0.01181 -0.02675
v -0.00877 -0.01144 0.00099
v -0.00885 -0.01196 0.00130
v -0.00880 -0.01182 0.00569
v -0.00889 -0.01120 0.00630
v -0.00857 -0.00975 -0.02909
v -0.00922 -0.01020 -0.02867
v -0.00927 -0.00900 -0.02881
v -0.00913 -0.00893 -0.02817
v -0.00938 -0.00659 -0.02829
v -0.00938 -0.00313 -0.02875
v -0.00858 -0.00152 -0.01554
v -0.00938 -0.00050 -0.02875
v -0.00852 -0.00100 -0.01612
v -0.00867 -0.00100 -0.01555
v -0.00938 0.00050 -0.02875
v -0.00852 0.00100 -0.01612
v -0.00867 0.00100 -0.01555
v -0.00859 0.00148 -0.01554
v -0.00938 0.00304 -0.02875
v -0.00922 0.00600 -0.02883
v -0.00911 0.00624 -0.02829
v -0.00938 0.00831 -0.02875
v -0.00931 0.00887 -0.02833
v -0.00922 0.01022 -0.02866
v -0.00884 0.01161 -0.02820
v -0.00844 0.01194 -0.02698
v -0.00923 0.01183 0.00545
v -0.00886 0.01241 -0.02697
v -0.00871 0.01259 -0.02586
v -0.00872 0.01306 -0.02459
v -0.00858 0.01318 -0.02387
v -0.00864 0.01219 0.00206
v -0.00890 0.01201 0.00385
v -0.00948 0.01339 -0.02565
v -0.00946 0.01383 -0.02437
v -0.00920 0.01398 -0.02346
v -0.00757 -0.01323 -0.02705
v -0.00754 -0.01396 -0.02465
v -0.00821 -0.01400 -0.02366
v -0.00738 -0.01251 -0.02812
v -0.00821 -0.01265 -0.02694
v -0.00755 -0.01274 -0.02621
v -0.00838 -0.01314 -0.02441
v -0.00794 -0.01320 -0.02391
v -0.00760 -0.01224 0.00222
v -0.00771 -0.01144 -0.02885
v -0.00755 -0.01099 0.00661
v -0.00786 -0.01047 -0.02923
v -0.00756 -0.01040 -0.02845
v -0.00734 -0.00900 -0.02970
v -0.00737 -0.00939 -0.02880
v -0.00752 -0.00261 -0.01619
v -0.00785 -0.00259 -0.01542
v -0.00762 -0.00177 -0.01719
v -0.00826 -0.00177 -0.01632
v -0.00832 -0.00214 -0.01550
v -0.00769 -0.00100 -0.01731
v -0.00827 -0.00100 -0.01663
v -0.00769 0.00100 -0.01731
v -0.00827 0.00100 -0.01663
v -0.00762 0.00177 -0.01719
v -0.00824 0.00177 -0.01636
v -0.00832 0.00214 -0.01550
v -0.00750 0.00263 -0.01617
v -0.00783 0.00261 -0.01542
v -0.00725 0.00600 -0.02973
v -0.00796 0.00900 -0.02943
v -0.00771 0.01027 -0.02937
v -0.00740 0.01041 -0.02854
v -0.00822 0.01108 -0.02882
v -0.00755 0.01119 -0.02806
v -0.00828 0.01167 -0.02734
v -0.00822 0.01185 0.00583
v -0.00827 0.01125 0.00640
v -0.00723 0.01250 -0.02819
v -0.00748 0.01298 -0.02748
v -0.00793 0.01284 -0.02578
v -0.00763 0.01342 -0.02665
v -0.00761 0.01380 -0.02558
v -0.00739 0.01399 -0.02444
v -0.00821 0.01400 -0.02366
v -0.00684 -0.01358 -0.02665
v -0.00617 -0.01383 -0.02616
v -0.00703 -0.01400 -0.02446
v -0.00608 -0.01207 -0.02906
v -0.00611 -0.01251 -0.02863
v -0.00677 -0.01305 -0.02566
v -0.00624 -0.01318 -0.02514
v -0.00680 -0.01145 -0.02922
v -0.00645 -0.01145 -0.02832
v -0.00629 -0.00991 -0.02950
v -0.00635 -0.00900 -0.03007
v -0.00699 -0.00919 -0.02932
v -0.00643 -0.00605 -0.03005
v -0.00646 -0.00600 -0.02918
v -0.00635 -0.00300 -0.03007
v -0.00668 -0.00300 -0.02910
v -0.00654 -0.00255 -0.01709
v -0.00646 -0.00295 -0.01603
v -0.00668 -0.00300 -0.01529
v -0.00661 -0.00177 -0.01778
v -0.00635 -0.00050 -0.03007
v -0.00668 -0.00050 -0.02910
v -0.00669 -0.00100 -0.01790
v -0.00635 0.00050 -0.03007
v -0.00668 0.00050 -0.02910
v -0.00669 0.00100 -0.01790
v -0.00663 0.00177 -0.01777
v -0.00635 0.00310 -0.03007
v -0.00668 0.00300 -0.02910
v -0.00652 0.00254 -0.01711
v -0.00648 0.00294 -0.01611
v -0.00669 0.00300 -0.01524
v -0.00676 0.00600 -0.02907
v -0.00640 0.00894 -0.03006
v -0.00648 0.00913 -0.02962
v -0.00642 0.01024 -0.02941
v -0.00646 0.01146 -0.02935
v -0.00616 0.01141 -0.02846
v -0.00705 0.01149 0.00126
v -0.00622 0.01107 0.00682
v -0.00654 0.01229 -0.02867
v -0.00681 0.01244 -0.02706
v -0.00682 0.01310 -0.02544
v -0.00661 0.01320 -0.02463
v -0.00716 0.01214 0.00178
v -0.00698 0.01400 -0.02436
v -0.00576 -0.01330 -0.02768
v -0.00534 -0.01382 -0.02653
v -0.00519 -0.01399 -0.02542
v -0.00561 -0.01400 -0.02500
v -0.00553 -0.01250 -0.02884
v -0.00520 -0.01252 -0.02803
v -0.00494 -0.01260 -0.02756
v -0.00598 -0.01204 0.00594
v -0.00492 -0.01123 -0.02964
v -0.00542 -0.01163 -0.02857
v -0.00517 -0.01020 -0.03030
v -0.00571 -0.01045 -0.02939
v -0.00500 -0.00760 -0.03051
v -0.00536 -0.00258 -0.01725
v -0.00555 -0.00300 -0.01607
v -0.00524 -0.00128 -0.01802
v -0.00544 -0.00191 -0.01783
v -0.00558 -0.00100 -0.01806
v -0.00553 0.00100 -0.01806
v -0.00524 0.00128 -0.01802
v -0.00546 0.00191 -0.01783
v -0.00537 0.00261 -0.01721
v -0.00568 0.00300 -0.01607
v -0.00497 0.00744 -0.03051
v -0.00538 0.01014 -0.03024
v -0.00550 0.01028 -0.02929
v -0.00503 0.01146 -0.02982
v -0.00481 0.01251 -0.02907
v -0.00578 0.01205 0.00597
v -0.00575 0.01333 -0.02764
v -0.00517 0.01383 -0.02654
v -0.00495 0.01398 -0.02556
v -0.00561 0.01400 -0.02500
v -0.00421 -0.01342 -0.02796
v -0.00370 -0.01371 -0.02743
v -0.00370 -0.01234 -0.02953
v -0.00439 -0.01291 -0.02702
v -0.00375 -0.01317 -0.02605
v -0.00365 -0.01144 -0.03020
v -0.00430 -0.01170 -0.02932
v -0.00382 -0.01194 -0.02875
v -0.00382 -0.01117 0.00720
v -0.00376 -0.01020 -0.03067
v -0.00362 -0.00900 -0.03085
v -0.00398 -0.00856 -0.02995
v -0.00448 -0.00600 -0.03065
v -0.00419 -0.00622 -0.02990
v -0.00370 0.00643 -0.03002
v -0.00409 0.00879 -0.03036
v -0.00430 0.00917 -0.02986
v -0.00376 0.01022 -0.03067
v -0.00365 0.01146 -0.03018
v -0.00395 0.01256 -0.02923
v -0.00368 0.01238 -0.02826
v -0.00404 0.01285 -0.02730
v -0.00423 0.01315 -0.02614
v -0.00452 0.01323 -0.02822
v -0.00479 0.01358 -0.02744
v -0.00244 -0.01323 -0.02872
v -0.00330 -0.01389 -0.02689
v -0.00281 -0.01400 -0.02606
v -0.00322 -0.01269 -0.02927
v -0.00321 -0.01252 -0.02815
v -0.00259 -0.01000 -0.03063
v -0.00339 -0.00915 -0.03008
v -0.00316 -0.00735 -0.03095
v -0.00335 -0.00304 -0.03053
v -0.00337 -0.00050 -0.03050
v -0.00337 0.00050 -0.03050
v -0.00337 0.00300 -0.03050
v -0.00334 0.00600 -0.03071
v -0.00316 0.00772 -0.03095
v -0.00316 0.00900 -0.03095
v -0.00287 0.01136 -0.03039
v -0.00294 0.01155 -0.02927
v -0.00245 0.01121 0.00741
v -0.00335 0.01219 -0.02859
v -0.00311 0.01284 -0.02758
v -0.00316 0.01237 0.00289
v -0.00271 0.01358 -0.02796
v -0.00291 0.01386 -0.02708
v -0.00285 0.01400 -0.02605
v -0.00184 -0.01358 -0.02815
v -0.00131 -0.01383 -0.02749
v -0.00213 -0.01251 -0.02968
v -0.00194 -0.01308 -0.02702
v -0.00199 -0.01231 0.00274
v -0.00181 -0.01228 0.00522
v -0.00216 -0.01214 0.00671
v -0.00226 -0.01144 -0.03047
v -0.00134 -0.01117 -0.02983
v -0.00187 -0.01165 0.00209
v -0.00224 -0.01187 0.00717
v -0.00227 -0.01139 0.00741
v -0.00188 -0.01063 -0.03040
v -0.00153 -0.00900 -0.03122
v -0.00160 -0.00918 -0.03039
v -0.00143 0.00600 -0.03123
v -0.00184 0.01023 -0.03058
v -0.00183 0.01127 -0.02970
v -0.00232 0.01187 0.00716
v -0.00235 0.01146 0.00738
v -0.00142 0.01207 -0.03017
v -0.00178 0.01244 -0.02917
v -0.00184 0.01269 -0.02814
v -0.00213 0.01310 -0.02696
v -0.00214 0.01320 -0.02613
v -0.00181 0.01228 0.00522
v -0.00219 0.01213 0.00672
v -0.00067 -0.01330 -0.02885
v -0.00055 -0.01382 -0.02762
v -0.00091 -0.01397 -0.02681
v -0.00042 -0.01400 -0.02631
v -0.00048 -0.01207 -0.03027
v -0.00031 -0.01239 -0.02960
v -0.00107 -0.01240 0.00322
v -0.00114 -0.01145 -0.03062
v -0.00072 -0.01174 -0.02948
v -0.00026 -0.01024 -0.03063
v -0.00108 -0.00945 -0.03125
v -0.00069 -0.00600 -0.03131
v -0.00082 -0.00600 -0.03049
v -0.00036 -0.00300 -0.03053
v -0.00036 -0.00050 -0.03053
v -0.00036 0.00050 -0.03053
v -0.00036 0.00300 -0.03053
v -0.00114 0.00600 -0.03046
v -0.00080 0.00920 -0.03129
v -0.00051 0.00900 -0.03052
v -0.00013 0.01053 -0.03050
v -0.00085 0.01146 -0.03064
v -0.00071 0.01141 -0.02972
v -0.00076 0.01251 -0.02986
v -0.00107 0.01240 0.00322
v -0.00066 0.01333 -0.02881
v -0.00003 0.01383 -0.02763
v -0.00041 0.01390 -0.02723
v -0.00042 0.01400 -0.02631
v 0.00104 -0.01342 -0.02873
v 0.00007 -0.01400 -0.02635
v 0.00053 -0.01298 -0.02940
v 0.00025 -0.01261 -0.02850
v 0.00092 -0.01312 -0.02706
v 0.00070 -0.01241 0.00350
v 0.00064 -0.01109 -0.03055
v 0.00003 -0.01163 -0.02963
v 0.00033 -0.01122 0.00786
v 0.00056 -0.01020 -0.03124
v 0.00006 -0.01048 -0.03029
v 0.00012 -0.00900 -0.03136
v 0.00012 -0.00632 -0.03136
v 0.00012 -0.00300 -0.03136
v 0.00012 -0.00050 -0.03136
v 0.00012 0.00050 -0.03136
v 0.00012 0.00307 -0.03136
v 0.00012 0.00829 -0.03136
v 0.00070 0.00994 -0.03129
v 0.00034 0.01025 -0.03080
v 0.00058 0.01146 -0.03073
v 0.00061 0.01251 -0.02995
v 0.00103 0.01285 -0.02804
v 0.00056 0.01315 -0.02697
v 0.00081 0.01323 -0.02906
v 0.00034 0.01358 -0.02838
v 0.00007 0.01400 -0.02635
v 0.00140 -0.01371 -0.02808
v 0.00178 -0.01396 -0.02689
v 0.00187 -0.01400 -0.02639
v 0.00194 -0.01234 -0.03011
v 0.00213 -0.01245 -0.02945
v 0.00172 -0.01246 -0.02876
v 0.00192 -0.01218 0.00718
v 0.00165 -0.01160 -0.03066
v 0.00148 -0.01182 -0.02950
v 0.00202 -0.01020 -0.03124
v 0.00236 -0.00900 -0.03137
v 0.00199 -0.00876 -0.03058
v 0.00147 -0.00600 -0.03139
v 0.00154 -0.00619 -0.03059
v 0.00206 0.00643 -0.03058
v 0.00153 0.00900 -0.03139
v 0.00167 0.00895 -0.03059
v 0.00202 0.01022 -0.03123
v 0.00200 0.01146 -0.03074
v 0.00216 0.01194 -0.02937
v 0.00157 0.01166 0.00263
v 0.00170 0.01121 0.00807
v 0.00188 0.01234 -0.03011
v 0.00171 0.01243 -0.02917
v 0.00201 0.01284 -0.02808
v 0.00149 0.01229 0.00313
v 0.00141 0.01241 0.00361
v 0.00217 0.01217 0.00722
v 0.00231 0.01371 -0.02806
v 0.00188 0.01395 -0.02694
v 0.00187 0.01400 -0.02639
v 0.00295 -0.01323 -0.02900
v 0.00338 -0.01358 -0.02829
v 0.00299 -0.01400 -0.02632
v 0.00294 -0.01269 -0.02970
v 0.00273 -0.01289 -0.02790
v 0.00309 -0.01315 -0.02695
v 0.00343 -0.01144 -0.03066
v 0.00310 -0.00975 -0.03127
v 0.00333 -0.01009 -0.03069
v 0.00253 -0.00930 -0.03055
v 0.00343 -0.00794 -0.03130
v 0.00343 -0.00307 -0.03130
v 0.00289 -0.00300 -0.03054
v 0.00343 -0.00050 -0.03130
v 0.00289 -0.00050 -0.03054
v 0.00343 0.00050 -0.03130
v 0.00289 0.00050 -0.03054
v 0.00343 0.00300 -0.03130
v 0.00289 0.00300 -0.03054
v 0.00298 0.00628 -0.03133
v 0.00250 0.00600 -0.03056
v 0.00343 0.00900 -0.03130
v 0.00347 0.01022 -0.03114
v 0.00297 0.01136 -0.03073
v 0.00279 0.01138 -0.02978
v 0.00325 0.01298 -0.02933
v 0.00338 0.01269 -0.02829
v 0.00274 0.01312 -0.02702
v 0.00270 0.01342 -0.02868
v 0.00299 0.01400 -0.02632
v 0.00456 -0.01330 -0.02869
v 0.00405 -0.01387 -0.02726
v 0.00426 -0.01400 -0.02615
v 0.00472 -0.01251 -0.02969
v 0.00409 -0.01208 0.00771
v 0.00470 -0.01145 -0.03050
v 0.00430 -0.01117 -0.02979
v 0.00373 -0.01156 0.00827
v 0.00474 -0.01113 0.00856
v 0.00392 -0.01062 -0.03051
v 0.00427 -0.00912 -0.03061
v 0.00461 0.00600 -0.03081
v 0.00408 0.01024 -0.03056
v 0.00409 0.01146 -0.02960
v 0.00391 0.01166 0.00825
v 0.00388 0.01133 0.00840
v 0.00431 0.01207 -0.03014
v 0.00402 0.01234 -0.02935
v 0.00418 0.01208 0.00774
v 0.00455 0.01333 -0.02865
v 0.00445 0.01390 -0.02705
v 0.00426 0.01400 -0.02615
v 0.00562 -0.01252 -0.02948
v 0.00541 -0.01250 -0.02827
v 0.00577 -0.01308 -0.02683
v 0.00574 -0.01320 -0.02592
v 0.00600 -0.01232 0.00400
v 0.00522 -0.01168 -0.02926
v 0.00546 -0.01007 -0.03059
v 0.00571 -0.01049 -0.02988
v 0.00493 -0.00920 -0.03110
v 0.00520 -0.00600 -0.03080
v 0.00524 0.00911 -0.03067
v 0.00576 0.01044 -0.03043
v 0.00565 0.01068 -0.02981
v 0.00498 0.01145 -0.03045
v 0.00514 0.01117 -0.02965
v 0.00568 0.01306 -0.02695
v 0.00527 0.01318 -0.02635
v 0.00555 0.01358 -0.02795
v 0.00499 0.01383 -0.02732
v 0.00632 -0.01342 -0.02811
v 0.00653 -0.01380 -0.02706
v 0.00650 -0.01399 -0.02584
v 0.00698 -0.01246 -0.02797
v 0.00607 -0.01224 0.00401
v 0.00676 -0.01202 0.00798
v 0.00645 -0.01108 -0.03036
v 0.00674 -0.01152 -0.02937
v 0.00705 -0.01194 -0.02860
v 0.00609 -0.01159 0.00334
v 0.00635 -0.01020 -0.03069
v 0.00669 -0.00900 -0.03076
v 0.00669 -0.00738 -0.03076
v 0.00669 -0.00600 -0.03076
v 0.00709 -0.00600 -0.02984
v 0.00640 -0.00300 -0.03042
v 0.00640 -0.00050 -0.03042
v 0.00640 0.00050 -0.03042
v 0.00642 0.00304 -0.03045
v 0.00669 0.00769 -0.03076
v 0.00706 0.00930 -0.02983
v 0.00658 0.00994 -0.03069
v 0.00635 0.01001 -0.02989
v 0.00624 0.01146 -0.03020
v 0.00707 0.01103 0.00893
v 0.00640 0.01269 -0.02915
v 0.00658 0.01259 -0.02784
v 0.00708 0.01284 -0.02724
v 0.00719 0.01320 -0.02549
v 0.00697 0.01201 0.00802
v 0.00618 0.01323 -0.02849
v 0.00694 0.01389 -0.02661
v 0.00648 0.01399 -0.02584
v 0.00823 -0.01323 -0.02788
v 0.00737 -0.01400 -0.02535
v 0.00754 -0.01234 -0.02921
v 0.00768 -0.01263 -0.02823
v 0.00773 -0.01289 -0.02687
v 0.00783 -0.01315 -0.02586
v 0.00762 -0.01144 -0.02986
v 0.00776 -0.01020 -0.03033
v 0.00827 -0.00900 -0.03032
v 0.00785 -0.00891 -0.02961
v 0.00742 -0.00600 -0.03057
v 0.00751 -0.00643 -0.02972
v 0.00778 -0.00298 0.00926
v 0.00788 0.00297 0.00927
v 0.00833 0.00600 -0.03031
v 0.00797 0.00624 -0.02958
v 0.00748 0.00900 -0.03056
v 0.00759 0.00875 -0.02969
v 0.00776 0.01022 -0.03032
v 0.00792 0.01161 -0.02966
v 0.00775 0.01181 -0.02852
v 0.00781 0.01136 0.00357
v 0.00781 0.01176 0.00366
v 0.00736 0.01243 -0.02918
v 0.00738 0.01219 -0.02823
v 0.00808 0.01289 -0.02673
v 0.00752 0.01314 -0.02607
v 0.00754 0.01225 0.00428
v 0.00791 0.01342 -0.02764
v 0.00737 0.01371 -0.02713
v 0.00737 0.01400 -0.02535
v 0.00918 -0.01340 -0.02717
v 0.00878 -0.01387 -0.02593
v 0.00855 -0.01400 -0.02489
v 0.00870 -0.01251 -0.02866
v 0.00897 -0.01144 -0.02941
v 0.00896 -0.00975 -0.03003
v 0.00920 -0.01024 -0.02951
v 0.00945 -0.01063 -0.02870
v 0.00922 -0.00300 -0.02915
v 0.00872 -0.00266 0.00941
v 0.00944 -0.00175 0.00955
v 0.00922 -0.00050 -0.02915
v 0.00922 0.00050 -0.02915
v 0.00939 0.00190 0.00954
v 0.00922 0.00300 -0.02915
v 0.00874 0.00265 0.00942
v 0.00931 0.01035 -0.02917
v 0.00902 0.01107 -0.02959
v 0.00896 0.01119 -0.02858
v 0.00896 0.01253 -0.02808
v 0.00892 0.01239 -0.02738
v 0.00955 0.01333 -0.02718
v 0.00911 0.01390 -0.02566
v 0.00855 0.01400 -0.02489
v 0.01004 -0.01400 -0.02415
v 0.01059 -0.01400 -0.02383
v 0.01028 -0.01232 -0.02819
v 0.01037 -0.01233 -0.02685
v 0.01046 -0.01280 -0.02588
v 0.01025 -0.01317 -0.02452
v 0.01030 -0.01145 -0.02888
v 0.00992 -0.01145 -0.02799
v 0.00982 -0.01078 -0.02942
v 0.01056 -0.00970 -0.02852
v 0.01012 -0.00906 -0.02930
v 0.01052 -0.00600 -0.02861
v 0.00984 -0.00307 -0.02976
v 0.01043 -0.00261 -0.01470
v 0.01045 -0.00300 -0.01348
v 0.01054 -0.00178 -0.01534
v 0.00984 -0.00050 -0.02976
v 0.01057 -0.00100 -0.01553
v 0.00961 -0.00047 0.00961
v 0.00984 0.00050 -0.02976
v 0.01057 0.00100 -0.01553
v 0.00961 0.00100 0.00960
v 0.01054 0.00170 -0.01537
v 0.00984 0.00300 -0.02976
v 0.01044 0.00258 -0.01474
v 0.01043 0.00300 -0.01348
v 0.01035 0.00600 -0.02955
v 0.00984 0.00622 -0.02976
v 0.01022 0.00600 -0.02874
v 0.01020 0.00919 -0.02960
v 0.01080 0.00900 -0.02848
v 0.00987 0.01029 -0.02957
v 0.01014 0.00970 -0.02871
v 0.01035 0.01142 -0.02821
v 0.00991 0.01229 -0.02839
v 0.01054 0.01299 -0.02536
v 0.00995 0.01315 -0.02487
v 0.01009 0.01372 -0.02594
v 0.01004 0.01400 -0.02415
v 0.01069 0.01400 -0.02391
v 0.01124 -0.01355 -0.02581
v 0.01109 -0.01389 -0.02465
v 0.01086 -0.01400 -0.02386
v 0.01094 -0.01250 -0.02770
v 0.01114 -0.01298 -0.02699
v 0.01186 -0.01246 -0.02584
v 0.01196 -0.01108 -0.02828
v 0.01141 -0.01150 -0.02722
v 0.01190 -0.01164 0.00911
v 0.01178 -0.01104 0.00964
v 0.01137 -0.01029 -0.02890
v 0.01127 -0.01042 -0.02817
v 0.01176 -0.01079 0.00968
v 0.01169 -0.00730 0.00408
v 0.01104 -0.00600 -0.02925
v 0.01136 -0.00241 -0.01464
v 0.01131 -0.00285 -0.01382
v 0.01145 -0.00291 -0.01271
v 0.01133 -0.00177 -0.01513
v 0.01141 -0.00100 -0.01525
v 0.01139 0.00100 -0.01526
v 0.01138 0.00177 -0.01511
v 0.01136 0.00241 -0.01464
v 0.01131 0.00285 -0.01382
v 0.01132 0.00294 -0.01272
v 0.01169 0.00730 0.00408
v 0.01112 0.00900 -0.02921
v 0.01145 0.01035 -0.02831
v 0.01176 0.01079 0.00968
v 0.01158 0.01146 -0.02826
v 0.01189 0.01161 0.00915
v 0.01179 0.01113 0.00962
v 0.01151 0.01267 -0.02719
v 0.01144 0.01259 -0.02582
v 0.01176 0.01284 -0.02511
v 0.01170 0.01316 -0.02368
v 0.01121 0.01323 -0.02655
v 0.01118 0.01394 -0.02427
v 0.01304 -0.01323 -0.02543
v 0.01306 -0.01358 -0.02460
v 0.01287 -0.01390 -0.02339
v 0.01247 -0.01400 -0.02253
v 0.01272 -0.01234 -0.02690
v 0.01260 -0.01263 -0.02591
v 0.01229 -0.01289 -0.02459
v 0.01213 -0.01315 -0.02359
v 0.01240 -0.01175 -0.02761
v 0.01242 -0.01172 -0.02695
v 0.01312 -0.01199 0.00696
v 0.01271 -0.01147 0.00927
v 0.01244 -0.01101 0.00972
v 0.01308 -0.01020 -0.02800
v 0.01289 -0.01049 0.00985
v 0.01282 -0.00900 -0.02832
v 0.01282 -0.00856 -0.02739
v 0.01282 -0.00797 -0.02832
v 0.01230 -0.00728 0.00176
v 0.01224 -0.00725 0.00416
v 0.01272 -0.00600 -0.02796
v 0.01282 -0.00643 -0.02739
v 0.01314 -0.00709 0.00190
v 0.01277 -0.00709 0.00424
v 0.01249 -0.00300 -0.02805
v 0.01206 -0.00241 -0.01400
v 0.01247 -0.00241 -0.01266
v 0.01204 -0.00177 -0.01467
v 0.01269 -0.00177 -0.01369
v 0.01290 -0.00172 -0.01225
v 0.01249 -0.00050 -0.02805
v 0.01213 -0.00100 -0.01477
v 0.01279 -0.00100 -0.01380
v 0.01308 -0.00100 -0.01244
v 0.01249 0.00050 -0.02805
v 0.01213 0.00100 -0.01477
v 0.01279 0.00100 -0.01380
v 0.01308 0.00100 -0.01237
v 0.01204 0.00177 -0.01467
v 0.01268 0.00177 -0.01372
v 0.01289 0.00177 -0.01228
v 0.01252 0.00304 -0.02807
v 0.01206 0.00241 -0.01400
v 0.01247 0.00241 -0.01270
v 0.01282 0.00709 -0.02832
v 0.01306 0.00643 -0.02725
v 0.01284 0.00706 0.00425
v 0.01239 0.00727 0.00178
v 0.01228 0.00724 0.00417
v 0.01278 0.00912 -0.02799
v 0.01291 0.00873 -0.02734
v 0.01274 0.01001 -0.02824
v 0.01273 0.01047 0.00984
v 0.01282 0.01146 -0.02757
v 0.01273 0.01181 -0.02617
v 0.01312 0.01199 0.00696
v 0.01289 0.01142 0.00928
v 0.01266 0.01093 0.00976
v 0.01252 0.01244 -0.02691
v 0.01231 0.01219 -0.02599
v 0.01260 0.01289 -0.02436
v 0.01266 0.01342 -0.02528
v 0.01201 0.01371 -0.02493
v 0.01247 0.01400 -0.02253
v 0.01405 -0.01330 -0.02453
v 0.01329 -0.01382 -0.02357
v 0.01427 -0.01400 -0.02091
v 0.01357 -0.01251 -0.02615
v 0.01429 -0.01314 -0.02192
v 0.01392 -0.01320 -0.02137
v 0.01400 -0.01214 0.00553
v 0.01403 -0.01144 -0.02681
v 0.01405 -0.01148 0.00463
v 0.01402 -0.01192 0.00490
v 0.01393 -0.01175 0.00745
v 0.01362 -0.01102 0.00941
v 0.01342 -0.01083 0.00971
v 0.01418 -0.00996 -0.02698
v 0.01437 -0.01068 -0.02592
v 0.01422 -0.01033 0.00953
v 0.01362 -0.01015 0.00990
v 0.01371 -0.00900 -0.02778
v 0.01333 -0.00915 -0.02707
v 0.01396 -0.00924 0.00998
v 0.01405 -0.00751 0.01011
v 0.01398 -0.00720 -0.02761
v 0.01390 -0.00663 0.00203
v 0.01370 -0.00645 0.00437
v 0.01440 -0.00554 0.00446
v 0.01429 0.00462 0.01025
v 0.01414 0.00599 0.00443
v 0.01376 0.00600 -0.02775
v 0.01343 0.00600 -0.02701
v 0.01368 0.00677 0.00199
v 0.01350 0.00666 0.00435
v 0.01406 0.00776 -0.02755
v 0.01439 0.00900 -0.02733
v 0.01394 0.00924 0.00999
v 0.01430 0.01022 -0.02720
v 0.01434 0.01048 -0.02605
v 0.01424 0.01033 0.00950
v 0.01380 0.01011 0.00983
v 0.01380 0.01145 -0.02694
v 0.01391 0.01118 -0.02594
v 0.01405 0.01144 0.00462
v 0.01402 0.01192 0.00490
v 0.01397 0.01173 0.00748
v 0.01375 0.01091 0.00943
v 0.01386 0.01272 -0.02564
v 0.01361 0.01233 -0.02487
v 0.01390 0.01315 -0.02207
v 0.01393 0.01214 0.00550
v 0.01403 0.01333 -0.02450
v 0.01357 0.01383 -0.02329
v 0.01326 0.01397 -0.02261
v 0.01429 0.01400 -0.02099
v 0.01551 -0.01342 -0.02298
v 0.01516 -0.01380 -0.02197
v 0.01460 -0.01399 -0.02095
v 0.01468 -0.01251 -0.02533
v 0.01515 -0.01213 -0.02458
v 0.01479 -0.01261 -0.02338
v 0.01450 -0.01303 -0.02236
v 0.01555 -0.01318 -0.02004
v 0.01501 -0.01134 -0.02572
v 0.01513 -0.01168 -0.02453
v 0.01486 -0.01099 0.00468
v 0.01496 -0.01184 0.00546
v 0.01536 -0.01170 0.00606
v 0.01472 -0.01114 0.00789
v 0.01488 -0.01062 -0.02665
v 0.01500 -0.01011 -0.02566
v 0.01540 -0.01068 0.00475
v 0.01529 -0.01025 0.00815
v 0.01443 -0.00997 0.00955
v 0.01552 -0.00900 -0.02650
v 0.01481 -0.00918 -0.02602
v 0.01554 -0.00943 0.00821
v 0.01462 -0.00933 0.00960
v 0.01457 -0.00932 0.00966
v 0.01468 -0.00782 0.00983
v 0.01544 -0.00600 -0.02554
v 0.01449 -0.00602 0.00214
v 0.01485 -0.00525 0.00222
v 0.01459 -0.00497 0.00447
v 0.01502 -0.00438 0.00227
v 0.01467 -0.00438 0.00447
v 0.01530 -0.00475 0.00977
v 0.01556 -0.00310 -0.02647
v 0.01488 -0.00300 -0.02598
v 0.01493 -0.00334 0.01016
v 0.01552 -0.00223 0.00985
v 0.01556 -0.00050 -0.02647
v 0.01488 -0.00050 -0.02598
v 0.01511 -0.00000 0.00240
v 0.01480 -0.00000 0.00438
v 0.01491 -0.00001 0.01035
v 0.01556 0.00050 -0.02647
v 0.01488 0.00050 -0.02598
v 0.01501 0.00001 0.01028
v 0.01509 0.00156 0.01020
v 0.01556 0.00307 -0.02647
v 0.01488 0.00300 -0.02598
v 0.01502 0.00438 0.00227
v 0.01467 0.00438 0.00447
v 0.01496 0.00469 0.01005
v 0.01475 0.00546 0.00220
v 0.01451 0.00520 0.00447
v 0.01515 0.00587 0.00973
v 0.01552 0.00600 -0.02650
v 0.01519 0.00600 -0.02574
v 0.01556 0.00900 -0.02647
v 0.01554 0.00943 0.00821
v 0.01462 0.00933 0.00960
v 0.01448 0.00931 0.00976
v 0.01507 0.01028 -0.02663
v 0.01470 0.01012 -0.02591
v 0.01531 0.01020 0.00816
v 0.01446 0.00988 0.00956
v 0.01552 0.01145 -0.02568
v 0.01497 0.01141 -0.02492
v 0.01474 0.01119 0.00470
v 0.01526 0.01167 0.00546
v 0.01514 0.01182 0.00600
v 0.01475 0.01111 0.00791
v 0.01473 0.01229 -0.02554
v 0.01502 0.01285 -0.02250
v 0.01553 0.01314 -0.02061
v 0.01496 0.01320 -0.02027
v 0.01452 0.01206 0.00564
v 0.01521 0.01339 -0.02331
v 0.01479 0.01396 -0.02109
v 0.01628 -0.01391 -0.01977
v 0.01619 -0.01400 -0.01855
v 0.01679 -0.01400 0.00113
v 0.01596 -0.01400 0.00216
v 0.01561 -0.01250 -0.02456
v 0.01562 -0.01298 -0.02382
v 0.01615 -0.01243 -0.02244
v 0.01600 -0.01297 -0.02094
v 0.01630 -0.01318 0.00224
v 0.01651 -0.01109 -0.02456
v 0.01636 -0.01181 -0.02323
v 0.01582 -0.01127 0.00536
v 0.01597 -0.01119 0.00615
v 0.01643 -0.01026 -0.02553
v 0.01587 -0.01049 -0.02482
v 0.01561 -0.01046 0.00478
v 0.01645 -0.01024 0.00536
v 0.01651 -0.01044 0.00625
v 0.01620 -0.00924 -0.02592
v 0.01638 -0.00952 0.00498
v 0.01675 -0.00946 0.00635
v 0.01594 -0.00947 0.00760
v 0.01610 -0.00600 -0.02603
v 0.01654 -0.00500 0.00478
v 0.01679 -0.00477 0.00485
v 0.01631 -0.00475 0.00803
v 0.01674 -0.00193 0.00473
v 0.01679 -0.00001 0.00469
v 0.01659 -0.00000 0.00803
v 0.01679 0.00010 0.00469
v 0.01670 0.00269 0.00475
v 0.01657 0.00469 0.00478
v 0.01679 0.00470 0.00484
v 0.01631 0.00475 0.00803
v 0.01644 0.00610 0.00480
v 0.01588 0.00911 -0.02576
v 0.01632 0.00947 0.00492
v 0.01674 0.00954 0.00635
v 0.01594 0.00947 0.00760
v 0.01652 0.01048 -0.02536
v 0.01603 0.01027 -0.02475
v 0.01575 0.01029 0.00480
v 0.01641 0.01027 0.00530
v 0.01655 0.01031 0.00627
v 0.01626 0.01146 -0.02503
v 0.01675 0.01194 -0.02264
v 0.01593 0.01120 0.00541
v 0.01590 0.01128 0.00613
v 0.01573 0.01251 -0.02445
v 0.01644 0.01272 -0.02345
v 0.01615 0.01242 -0.02238
v 0.01635 0.01289 -0.02090
v 0.01632 0.01355 -0.02170
v 0.01622 0.01391 -0.01968
v 0.01638 0.01398 -0.01882
v 0.01598 0.01400 0.00217
v 0.01705 -0.01323 -0.02182
v 0.01743 -0.01339 -0.02088
v 0.01741 -0.01397 -0.01732
v 0.01764 -0.01400 -0.01601
v 0.01796 -0.01400 -0.01530
v 0.01743 -0.01400 -0.00034
v 0.01714 -0.01400 0.00022
v 0.01737 -0.01393 0.00131
v 0.01712 -0.01234 -0.02332
v 0.01742 -0.01267 -0.02249
v 0.01751 -0.01308 -0.01829
v 0.01684 -0.01320 -0.01767
v 0.01736 -0.01318 0.00048
v 0.01755 -0.01302 0.00188
v 0.01755 -0.01291 0.00244
v 0.01714 -0.01160 -0.02408
v 0.01765 -0.01020 -0.02440
v 0.01687 -0.00966 0.00577
v 0.01683 -0.00965 0.00614
v 0.01775 -0.00900 -0.02450
v 0.01759 -0.00891 -0.02351
v 0.01687 -0.00956 0.00567
v 0.01688 -0.00956 0.00601
v 0.01740 -0.00600 -0.02434
v 0.01735 -0.00643 -0.02377
v 0.01716 -0.00609 0.00627
v 0.01735 -0.00480 0.00558
v 0.01727 -0.00491 0.00624
v 0.01700 -0.00478 0.00497
v 0.01730 -0.00300 -0.02382
v 0.01741 -0.00311 0.00619
v 0.01730 -0.00050 -0.02382
v 0.01700 -0.00003 0.00475
v 0.01747 -0.00001 0.00528
v 0.01753 -0.00000 0.00611
v 0.01730 0.00050 -0.02382
v 0.01700 0.00003 0.00475
v 0.01749 0.00002 0.00527
v 0.01747 0.00209 0.00616
v 0.01730 0.00300 -0.02382
v 0.01723 0.00473 0.00536
v 0.01725 0.00515 0.00624
v 0.01766 0.00626 -0.02344
v 0.01746 0.00912 -0.02436
v 0.01741 0.00873 -0.02370
v 0.01686 0.00953 0.00565
v 0.01684 0.00955 0.00614
v 0.01742 0.01001 -0.02467
v 0.01729 0.01146 -0.02405
v 0.01785 0.01175 -0.02320
v 0.01752 0.01136 -0.02248
v 0.01708 0.01234 -0.02336
v 0.01749 0.01298 -0.02184
v 0.01745 0.01233 -0.02113
v 0.01726 0.01310 -0.01839
v 0.01756 0.01320 -0.01634
v 0.01768 0.01333 -0.02078
v 0.01731 0.01383 -0.01919
v 0.01722 0.01399 -0.01727
v 0.01764 0.01400 -0.01601
v 0.01796 0.01400 -0.01530
v 0.01743 0.01400 -0.00034
v 0.01714 0.01400 0.00022
v 0.01735 0.01383 0.00239
v 0.01841 -0.01367 -0.01830
v 0.01914 -0.01383 -0.01584
v 0.01848 -0.01397 -0.01542
v 0.01866 -0.01400 -0.01327
v 0.01893 -0.01400 -0.01284
v 0.01916 -0.01400 -0.01088
v 0.01916 -0.01400 -0.00592
v 0.01880 -0.01400 -0.00405
v 0.01875 -0.01399 -0.00315
v 0.01832 -0.01399 -0.00178
v 0.01893 -0.01388 -0.00114
v 0.01830 -0.01382 0.00085
v 0.01875 -0.01355 0.00151
v 0.01852 -0.01251 -0.02142
v 0.01851 -0.01254 -0.01969
v 0.01874 -0.01259 -0.01856
v 0.01914 -0.01274 -0.01728
v 0.01846 -0.01309 -0.01635
v 0.01872 -0.01320 -0.01334
v 0.01886 -0.01320 -0.00398
v 0.01878 -0.01315 -0.00190
v 0.01855 -0.01291 0.00073
v 0.01880 -0.01246 0.00209
v 0.01844 -0.01251 0.00255
v 0.01826 -0.01144 -0.02301
v 0.01916 -0.01144 -0.02190
v 0.01856 -0.01145 -0.02107
v 0.01907 -0.01163 -0.02014
v 0.01870 -0.00997 -0.02332
v 0.01869 -0.01050 -0.02229
v 0.01801 -0.00878 -0.02424
v 0.01831 -0.00900 -0.02392
v 0.01891 -0.00918 -0.02194
v 0.01801 -0.00644 -0.02424
v 0.01801 -0.00304 -0.02424
v 0.01801 -0.00050 -0.02424
v 0.01801 0.00050 -0.02424
v 0.01801 0.00304 -0.02424
v 0.01801 0.00649 -0.02424
v 0.01835 0.00600 -0.02387
v 0.01801 0.00883 -0.02424
v 0.01863 0.01022 -0.02333
v 0.01853 0.01041 -0.02204
v 0.01912 0.00970 -0.02159
v 0.01833 0.01132 -0.02302
v 0.01820 0.01127 -0.02179
v 0.01878 0.01141 -0.02083
v 0.01852 0.01229 -0.02173
v 0.01852 0.01251 -0.02142
v 0.01849 0.01274 -0.01848
v 0.01872 0.01284 -0.01766
v 0.01838 0.01310 -0.01654
v 0.01885 0.01318 -0.01396
v 0.01907 0.01320 -0.01187
v 0.01843 0.01320 -0.00254
v 0.01901 0.01314 -0.00221
v 0.01894 0.01315 0.00266
v 0.01814 0.01358 -0.01924
v 0.01897 0.01323 -0.01918
v 0.01849 0.01380 -0.01734
v 0.01914 0.01383 -0.01579
v 0.01877 0.01397 -0.01474
v 0.01866 0.01400 -0.01327
v 0.01896 0.01399 -0.01293
v 0.01916 0.01400 -0.01088
v 0.01916 0.01400 -0.00592
v 0.01895 0.01400 -0.00401
v 0.01865 0.01400 -0.00317
v 0.01811 0.01400 -0.00186
v 0.01826 0.01383 0.00083
v 0.01838 0.01345 0.00256
v 0.01999 -0.01323 -0.01730
v 0.01998 -0.01343 -0.01641
v 0.02015 -0.01377 -0.01345
v 0.01983 -0.01389 -0.01303
v 0.01963 -0.01398 -0.01094
v 0.01940 -0.01399 -0.01048
v 0.01933 -0.01400 -0.00859
v 0.01963 -0.01397 -0.00775
v 0.01945 -0.01399 -0.00627
v 0.01970 -0.01397 -0.00579
v 0.02008 -0.01382 -0.00373
v 0.01993 -0.01381 -0.00319
v 0.02002 -0.01358 -0.00126
v 0.01938 -0.01330 0.00144
v 0.01937 -0.01207 -0.02090
v 0.01931 -0.01250 -0.02031
v 0.01985 -0.01263 -0.01793
v 0.01973 -0.01299 -0.01395
v 0.01993 -0.01309 -0.01165
v 0.01973 -0.01317 -0.00874
v 0.01986 -0.01315 -0.00664
v 0.01979 -0.01308 -0.00396
v 0.01981 -0.01289 -0.00200
v 0.01959 -0.01244 0.00067
v 0.01993 -0.01298 0.00142
v 0.02013 -0.01211 0.00288
v 0.01934 -0.01145 -0.02164
v 0.01975 -0.01110 -0.01975
v 0.01969 -0.01181 -0.01883
v 0.02038 -0.01163 0.00107
v 0.01982 -0.01158 0.00215
v 0.01986 -0.01026 -0.02086
v 0.01989 -0.00912 -0.02196
v 0.02016 -0.00600 -0.02160
v 0.01939 -0.00600 -0.02131
v 0.02011 -0.00307 -0.02168
v 0.01938 -0.00300 -0.02132
v 0.02030 -0.00315 0.00314
v 0.02011 -0.00050 -0.02168
v 0.01938 -0.00050 -0.02132
v 0.02026 -0.00025 0.00321
v 0.02011 0.00050 -0.02168
v 0.01938 0.00050 -0.02132
v 0.02026 0.00050 0.00320
v 0.02011 0.00310 -0.02168
v 0.01938 0.00300 -0.02132
v 0.02030 0.00304 0.00314
v 0.01972 0.00600 -0.02221
v 0.01920 0.00600 -0.02157
v 0.02035 0.00676 0.00305
v 0.01991 0.00917 -0.02194
v 0.01983 0.00900 -0.02124
v 0.02039 0.00894 0.00300
v 0.01932 0.01028 -0.02246
v 0.01993 0.01050 -0.02075
v 0.02008 0.01001 -0.02005
v 0.01972 0.01146 -0.02110
v 0.02011 0.01179 -0.01808
v 0.01931 0.01251 -0.02030
v 0.01963 0.01245 -0.01860
v 0.01984 0.01252 -0.01659
v 0.01957 0.01306 -0.01391
v 0.01991 0.01310 -0.01185
v 0.01989 0.01315 -0.00918
v 0.01978 0.01316 -0.00705
v 0.01966 0.01310 -0.00420
v 0.02018 0.01284 -0.00265
v 0.01967 0.01289 -0.00165
v 0.02014 0.01260 -0.00112
v 0.02027 0.01251 0.00192
v 0.01988 0.01236 0.00283
v 0.01959 0.01342 -0.01735
v 0.02027 0.01333 -0.01626
v 0.01993 0.01372 -0.01461
v 0.01992 0.01389 -0.01265
v 0.01942 0.01399 -0.01027
v 0.01947 0.01400 -0.00860
v 0.01962 0.01397 -0.00768
v 0.01921 0.01400 -0.00630
v 0.01961 0.01397 -0.00518
v 0.02026 0.01383 -0.00474
v 0.01972 0.01383 -0.00265
v 0.01929 0.01383 -0.00140
v 0.01934 0.01333 0.00142
v 0.02090 -0.01342 -0.01394
v 0.02067 -0.01374 -0.01123
v 0.02065 -0.01382 -0.00861
v 0.02102 -0.01371 -0.00833
v 0.02078 -0.01373 -0.00615
v 0.02119 -0.01335 -0.00346
v 0.02082 -0.01323 -0.00150
v 0.02048 -0.01330 -0.00094
v 0.02044 -0.01234 -0.01872
v 0.02068 -0.01251 -0.01791
v 0.02125 -0.01251 -0.01666
v 0.02087 -0.01256 -0.01485
v 0.02111 -0.01246 -0.01329
v 0.02107 -0.01256 -0.01265
v 0.02104 -0.01280 -0.00924
v 0.02083 -0.01289 -0.00700
v 0.02102 -0.01262 -0.00423
v 0.02091 -0.01246 -0.00275
v 0.02120 -0.01265 -0.00202
v 0.02143 -0.01251 -0.00057
v 0.02102 -0.01231 0.00082
v 0.02064 -0.01250 0.00121
v 0.02057 -0.01138 -0.01984
v 0.02140 -0.01144 -0.01827
v 0.02126 -0.01145 -0.01618
v 0.02151 -0.01163 -0.01514
v 0.02154 -0.01194 -0.00268
v 0.02092 -0.01145 0.00019
v 0.02075 -0.01146 0.00268
v 0.02116 -0.01020 -0.01977
v 0.02140 -0.01043 -0.01726
v 0.02146 -0.00970 0.00083
v 0.02110 -0.01057 0.00156
v 0.02104 -0.01034 0.00307
v 0.02128 -0.00900 -0.01984
v 0.02094 -0.00891 -0.01879
v 0.02124 -0.00907 0.00313
v 0.02114 -0.00776 -0.02009
v 0.02098 -0.00600 -0.01964
v 0.02078 -0.00643 -0.01910
v 0.02108 -0.00300 -0.01855
v 0.02115 -0.00310 0.00328
v 0.02108 -0.00050 -0.01855
v 0.02111 -0.00050 0.00334
v 0.02108 0.00050 -0.01855
v 0.02111 0.00050 0.00334
v 0.02108 0.00300 -0.01855
v 0.02115 0.00305 0.00328
v 0.02119 0.00720 -0.02000
v 0.02099 0.00626 -0.01870
v 0.02126 0.00710 0.00308
v 0.02091 0.00788 0.00207
v 0.02096 0.00909 -0.01955
v 0.02091 0.00856 -0.01886
v 0.02141 0.00900 0.00107
v 0.02091 0.00900 0.00207
v 0.02077 0.00916 0.00293
v 0.02104 0.00999 -0.02005
v 0.02148 0.01041 -0.01713
v 0.02095 0.01028 0.00154
v 0.02129 0.01020 0.00272
v 0.02072 0.01146 -0.01952
v 0.02122 0.01163 -0.01836
v 0.02100 0.01119 -0.01728
v 0.02106 0.01174 -0.01612
v 0.02146 0.01179 -0.00197
v 0.02136 0.01127 -0.00049
v 0.02082 0.01141 0.00050
v 0.02096 0.01146 0.00230
v 0.02058 0.01147 0.00296
v 0.02041 0.01234 -0.01878
v 0.02081 0.01272 -0.01707
v 0.02078 0.01232 -0.01649
v 0.02080 0.01259 -0.01357
v 0.02114 0.01244 -0.01299
v 0.02108 0.01269 -0.01157
v 0.02098 0.01285 -0.00869
v 0.02102 0.01284 -0.00772
v 0.02100 0.01279 -0.00648
v 0.02078 0.01259 -0.00315
v 0.02110 0.01249 -0.00199
v 0.02106 0.01237 -0.00051
v 0.02089 0.01251 0.00069
v 0.02116 0.01323 -0.01425
v 0.02096 0.01355 -0.01242
v 0.02042 0.01383 -0.01106
v 0.02056 0.01383 -0.00976
v 0.02131 0.01358 -0.00938
v 0.02099 0.01371 -0.00742
v 0.02048 0.01383 -0.00616
v 0.02089 0.01358 -0.00418
v 0.02143 0.01323 -0.00355
v 0.02048 0.01349 -0.00194
v 0.02044 0.01333 -0.00095
v 0.02166 -0.01323 -0.01216
v 0.02169 -0.01330 -0.01123
v 0.02167 -0.01342 -0.00868
v 0.02184 -0.01326 -0.00639
v 0.02199 -0.01207 -0.01581
v 0.02176 -0.01251 -0.01532
v 0.02247 -0.01234 -0.01343
v 0.02222 -0.01272 -0.01271
v 0.02269 -0.01251 -0.01137
v 0.02184 -0.01233 -0.00980
v 0.02234 -0.01298 -0.00920
v 0.02174 -0.01243 -0.00785
v 0.02247 -0.01287 -0.00719
v 0.02275 -0.01251 -0.00589
v 0.02212 -0.01253 -0.00425
v 0.02204 -0.01240 -0.00206
v 0.02199 -0.01144 -0.01697
v 0.02216 -0.01145 -0.01653
v 0.02206 -0.01110 -0.01460
v 0.02206 -0.01179 -0.01386
v 0.02277 -0.01117 -0.01106
v 0.02250 -0.01168 -0.01004
v 0.02258 -0.01167 -0.00841
v 0.02233 -0.01194 -0.00810
v 0.02248 -0.01145 -0.00518
v 0.02218 -0.01163 -0.00415
v 0.02231 -0.01149 -0.00302
v 0.02265 -0.01144 -0.00162
v 0.02217 -0.01144 -0.00028
v 0.02181 -0.01145 0.00058
v 0.02193 -0.00997 -0.01839
v 0.02219 -0.01062 -0.01743
v 0.02209 -0.00970 -0.01611
v 0.02213 -0.01049 -0.01535
v 0.02279 -0.01058 -0.00403
v 0.02201 -0.01044 -0.00039
v 0.02226 -0.01019 0.00069
v 0.02176 -0.01002 0.00190
v 0.02175 -0.00900 -0.01900
v 0.02222 -0.00918 -0.01708
v 0.02226 -0.00919 -0.01672
v 0.02255 -0.00891 -0.00188
v 0.02192 -0.00939 -0.00013
v 0.02225 -0.00895 0.00036
v 0.02184 -0.00900 0.00201
v 0.02182 -0.00704 -0.01885
v 0.02212 -0.00600 -0.01619
v 0.02278 -0.00600 -0.01413
v 0.02277 -0.00600 -0.00264
v 0.02266 -0.00643 -0.00221
v 0.02182 -0.00307 -0.01885
v 0.02235 -0.00300 -0.01556
v 0.02217 -0.00300 0.00036
v 0.02182 -0.00050 -0.01885
v 0.02235 -0.00050 -0.01556
v 0.02220 -0.00050 0.00036
v 0.02182 0.00050 -0.01885
v 0.02235 0.00050 -0.01556
v 0.02210 0.00050 0.00035
v 0.02182 0.00300 -0.01885
v 0.02235 0.00300 -0.01556
v 0.02219 0.00302 0.00036
v 0.02249 0.00600 0.00063
v 0.02177 0.00600 -0.01894
v 0.02267 0.00600 -0.01698
v 0.02200 0.00600 -0.01649
v 0.02252 0.00626 -0.00178
v 0.02225 0.00608 0.00042
v 0.02182 0.00802 -0.01885
v 0.02182 0.00900 -0.01885
v 0.02258 0.00900 -0.01721
v 0.02242 0.00915 -0.01614
v 0.02276 0.00930 -0.01416
v 0.02277 0.00930 -0.00267
v 0.02263 0.00875 -0.00214
v 0.02277 0.00900 -0.00005
v 0.02244 0.00924 0.00071
v 0.02215 0.00900 0.00140
v 0.02183 0.01022 -0.01848
v 0.02235 0.01028 -0.01732
v 0.02230 0.01018 -0.01619
v 0.02223 0.01028 -0.01523
v 0.02275 0.01068 -0.00408
v 0.02210 0.01034 -0.00024
v 0.02222 0.01010 0.00023
v 0.02168 0.01064 0.00171
v 0.02176 0.01108 -0.01795
v 0.02208 0.01134 -0.01588
v 0.02221 0.01155 -0.01267
v 0.02264 0.01127 -0.01156
v 0.02239 0.01174 -0.01075
v 0.02244 0.01179 -0.00739
v 0.02254 0.01146 -0.00564
v 0.02259 0.01117 -0.00459
v 0.02252 0.01161 -0.00156
v 0.02215 0.01109 -0.00089
v 0.02165 0.01154 0.00081
v 0.02171 0.01095 0.00139
v 0.02165 0.01207 -0.01669
v 0.02173 0.01251 -0.01538
v 0.02214 0.01256 -0.01381
v 0.02219 0.01247 -0.01150
v 0.02250 0.01287 -0.00847
v 0.02196 0.01226 -0.00784
v 0.02210 0.01259 -0.00626
v 0.02243 0.01239 -0.00584
v 0.02255 0.01251 -0.00453
v 0.02205 0.01267 -0.00310
v 0.02217 0.01234 -0.00225
v 0.02165 0.01333 -0.01123
v 0.02200 0.01323 -0.00892
v 0.02167 0.01336 -0.00642
v 0.02298 -0.01234 -0.01000
v 0.02298 -0.01240 -0.00757
v 0.02293 -0.01207 -0.00448
v 0.02291 -0.01108 -0.01495
v 0.02291 -0.01144 -0.01427
v 0.02324 -0.01144 -0.01289
v 0.02352 -0.01145 -0.01115
v 0.02352 -0.01134 -0.00881
v 0.02367 -0.01144 -0.00722
v 0.02349 -0.01144 -0.00538
v 0.02312 -0.01131 -0.00307
v 0.02294 -0.01026 -0.01580
v 0.02338 -0.01020 -0.01440
v 0.02353 -0.00999 -0.01259
v 0.02338 -0.01061 -0.01163
v 0.02327 -0.01027 -0.00994
v 0.02333 -0.01001 -0.00650
v 0.02344 -0.01062 -0.00581
v 0.02328 -0.01020 -0.00417
v 0.02351 -0.01020 -0.00288
v 0.02311 -0.01020 -0.00147
v 0.02297 -0.00975 -0.00077
v 0.02311 -0.00900 -0.01581
v 0.02334 -0.00887 -0.01343
v 0.02305 -0.00930 -0.01297
v 0.02333 -0.00918 -0.01133
v 0.02352 -0.00876 -0.00774
v 0.02349 -0.00930 -0.00719
v 0.02334 -0.00917 -0.00553
v 0.02396 -0.00900 -0.00427
v 0.02363 -0.00900 -0.00276
v 0.02326 -0.00900 -0.00146
v 0.02395 -0.00763 -0.01261
v 0.02363 -0.00766 -0.00276
v 0.02309 -0.00741 -0.00095
v 0.02305 -0.00614 -0.01598
v 0.02327 -0.00620 -0.01398
v 0.02343 -0.00600 -0.01055
v 0.02353 -0.00617 -0.00821
v 0.02367 -0.00600 -0.00456
v 0.02363 -0.00600 -0.00276
v 0.02351 -0.00600 -0.00231
v 0.02311 -0.00300 -0.01581
v 0.02359 -0.00304 -0.01252
v 0.02352 -0.00300 -0.00919
v 0.02340 -0.00300 -0.00594
v 0.02322 -0.00300 -0.00275
v 0.02311 -0.00050 -0.01581
v 0.02356 -0.00050 -0.01251
v 0.02352 -0.00050 -0.00919
v 0.02340 -0.00050 -0.00594
v 0.02322 -0.00050 -0.00275
v 0.02311 0.00050 -0.01581
v 0.02356 0.00050 -0.01251
v 0.02352 0.00050 -0.00919
v 0.02340 0.00050 -0.00594
v 0.02322 0.00050 -0.00275
v 0.02311 0.00307 -0.01581
v 0.02356 0.00300 -0.01251
v 0.02352 0.00300 -0.00919
v 0.02340 0.00300 -0.00594
v 0.02325 0.00304 -0.00275
v 0.02345 0.00618 -0.01335
v 0.02350 0.00600 -0.01281
v 0.02340 0.00600 -0.01087
v 0.02351 0.00624 -0.00747
v 0.02328 0.00600 -0.00507
v 0.02324 0.00600 -0.00140
v 0.02395 0.00743 -0.01261
v 0.02363 0.00740 -0.00276
v 0.02305 0.00878 -0.01598
v 0.02322 0.00885 -0.01385
v 0.02395 0.00900 -0.01261
v 0.02346 0.00900 -0.01024
v 0.02352 0.00930 -0.00842
v 0.02353 0.00875 -0.00786
v 0.02350 0.00900 -0.00440
v 0.02350 0.00900 -0.00225
v 0.02320 0.01019 -0.01499
v 0.02372 0.01022 -0.01298
v 0.02353 0.01024 -0.01150
v 0.02341 0.01051 -0.00985
v 0.02340 0.01001 -0.00912
v 0.02338 0.01024 -0.00568
v 0.02338 0.01046 -0.00397
v 0.02330 0.00997 -0.00311
v 0.02311 0.01022 -0.00148
v 0.02290 0.01146 -0.01427
v 0.02327 0.01142 -0.01271
v 0.02331 0.01134 -0.01030
v 0.02368 0.01146 -0.00864
v 0.02365 0.01146 -0.00722
v 0.02341 0.01127 -0.00671
v 0.02336 0.01145 -0.00460
v 0.02302 0.01146 -0.00300
v 0.02311 0.01207 -0.01115
v 0.02284 0.01251 -0.01001
v 0.02290 0.01251 -0.00863
v 0.02305 0.01234 -0.00785
v 0.02308 0.01207 -0.00542
v 0.02411 -0.01029 -0.00996
v 0.02419 -0.01020 -0.00865
v 0.02415 -0.01005 -0.00667
v 0.02417 -0.00920 -0.01105
v 0.02432 -0.00900 -0.00932
v 0.02431 -0.00900 -0.00737
v 0.02407 -0.00922 -0.00503
v 0.02421 -0.00823 -0.00602
v 0.02425 -0.00600 -0.01042
v 0.02432 -0.00648 -0.00932
v 0.02433 -0.00600 -0.00826
v 0.02432 -0.00300 -0.00932
v 0.02421 -0.00307 -0.00602
v 0.02432 -0.00050 -0.00932
v 0.02421 -0.00050 -0.00602
v 0.02432 0.00050 -0.00932
v 0.02421 0.00050 -0.00602
v 0.02432 0.00307 -0.00932
v 0.02421 0.00300 -0.00602
v 0.02417 0.00600 -0.01116
v 0.02431 0.00600 -0.00731
v 0.02421 0.00634 -0.00602
v 0.02410 0.00600 -0.00516
v 0.02432 0.00800 -0.00932
v 0.02422 0.00920 -0.01052
v 0.02433 0.00900 -0.00820
v 0.02421 0.00900 -0.00602
v 0.02403 0.00945 -0.00477
v 0.02407 0.01049 -0.00966
v 0.02423 0.00994 -0.00883
v 0.02415 0.01022 -0.00719
v 0.02402 0.01021 -0.00565
vn 0.1052 -0.5175 -0.8492
vn 0.0329 -0.7548 -0.6552
vn 0.0911 -0.7042 -0.7042
vn 0.1502 -0.5192 -0.8414
vn 0.0468 -0.8971 -0.4394
vn 0.0016 -0.9877 -0.1564
vn -0.0445 -0.9980 -0.0448
vn 0.0062 -0.8951 -0.4458
vn -0.0301 -0.9699 -0.2414
vn -0.0221 -0.9632 -0.2680
vn 0.0527 0.9679 -0.2458
vn 0.1590 0.2336 -0.9592
vn 0.1552 0.2337 -0.9598
vn 0.1173 0.6279 -0.7694
vn 0.1162 0.8025 -0.5853
vn 0.0800 0.9392 -0.3340
vn 0.1080 0.5111 -0.8527
vn 0.1299 0.8038 -0.5805
vn -0.3146 0.0000 0.9492
vn -0.3179 0.0015 0.9481
vn -0.5485 -0.0015 0.8362
vn -0.5513 0.0000 0.8343
vn -0.8291 0.0000 0.5592
vn -0.8291 0.0000 0.5592
vn -0.9804 0.0000 0.1972
vn -0.9777 -0.0096 0.2100
vn -0.1551 0.0024 0.9879
vn -0.1548 0.0000 0.9879
vn 0.1462 -0.0050 0.9892
vn 0.1378 -0.0000 0.9905
vn 0.5074 -0.0000 0.8617
vn 0.5074 -0.0000 0.8617
vn 0.7582 -0.0000 0.6520
vn 0.7582 -0.0000 0.6520
vn 0.9009 -0.0000 0.4340
vn 0.9009 -0.0000 0.4340
vn 0.9675 -0.0000 0.2530
vn 0.9675 -0.0000 0.2530
vn 0.9561 -0.1530 0.2500
vn 0.0496 -0.9293 0.3660
vn 0.0790 -0.9353 0.3450
vn 0.0962 -0.6699 0.7362
vn 0.2812 -0.9503 0.1336
vn 0.3097 -0.9448 0.1070
vn 0.6947 -0.6602 0.2855
vn 0.6179 -0.7012 0.3557
vn 0.8866 -0.3922 0.2450
vn 0.6180 -0.6332 0.4660
vn 0.4606 -0.7021 0.5430
vn 0.2531 -0.9034 0.3463
vn 0.1167 -0.6509 0.7501
vn 0.3961 -0.6249 0.6727
vn 0.9201 -0.2349 0.3135
vn 0.8851 -0.1868 0.4264
vn 0.7755 -0.2381 0.5848
vn 0.7470 -0.1714 0.6424
vn 0.4990 -0.1807 0.8475
vn 0.4990 -0.1807 0.8475
vn 0.0687 -0.1713 0.9828
vn 0.1331 -0.2566 0.9573
vn 0.1257 -0.2563 0.9584
vn -0.1508 -0.2342 0.9604
vn -0.0517 -0.9463 0.3193
vn -0.0503 -0.9482 0.3137
vn -0.1257 -0.5897 0.7977
vn -0.1235 -0.6524 0.7478
vn -0.1472 -0.3415 0.9283
vn -0.1670 0.0431 0.9850
vn -0.5400 -0.1757 0.8231
vn -0.8175 -0.1749 0.5487
vn -0.7281 -0.4806 0.4887
vn -0.2771 -0.1937 0.9411
vn -0.3060 -0.2313 0.9235
vn -0.8667 -0.4819 0.1285
vn -0.9771 -0.1581 0.1426
vn -0.9476 -0.2565 0.1906
vn -0.8158 -0.1783 0.5502
vn -0.7539 -0.6135 0.2350
vn -0.4692 -0.8709 0.1463
vn -0.4152 -0.9065 0.0767
vn -0.5420 -0.1733 0.8223
vn -0.4685 -0.5248 0.7107
vn -0.5421 -0.5959 0.5925
vn -0.3789 -0.8276 0.4141
vn -0.1396 -0.9868 0.0821
vn -0.0433 -0.9466 0.3194
vn -0.2011 -0.8716 0.4470
vn -0.1848 -0.5777 0.7951
vn -0.1983 -0.5882 0.7841
vn -0.1467 0.9866 0.0709
vn -0.3789 0.8276 0.4141
vn -0.0478 0.9503 0.3075
vn -0.2082 0.8705 0.4460
vn -0.1741 0.6166 0.7678
vn -0.8717 0.4765 0.1144
vn -0.7522 0.6180 0.2287
vn -0.4361 0.8901 0.1326
vn -0.4796 0.8712 0.1045
vn -0.2159 0.5811 0.7847
vn -0.4643 0.5207 0.7165
vn -0.5421 0.5959 0.5925
vn -0.7319 0.4777 0.4859
vn -0.9533 0.2707 0.1338
vn -0.9656 0.1567 0.2074
vn -0.8187 0.1853 0.5435
vn -0.8163 0.1750 0.5505
vn -0.5353 0.1756 0.8262
vn -0.5417 0.1852 0.8199
vn -0.2539 0.1788 0.9505
vn -0.3084 0.2434 0.9196
vn -0.9878 0.0000 -0.1557
vn -0.9878 0.0035 -0.1554
vn -0.1546 -0.0468 0.9869
vn -0.0516 0.9424 0.3306
vn -0.0498 0.9502 0.3075
vn -0.1209 0.6427 0.7565
vn -0.1260 0.6174 0.7765
vn -0.1475 0.3389 0.9292
vn -0.1551 0.2466 0.9566
vn 0.9876 -0.0000 0.1568
vn 0.9876 0.0000 0.1568
vn 0.6284 0.6233 0.4653
vn 0.9547 0.1617 0.2497
vn 0.7306 0.2672 0.6283
vn 0.7924 0.1668 0.5868
vn 0.4953 0.1862 0.8486
vn 0.3937 0.6244 0.6746
vn 0.0741 0.2607 0.9626
vn 0.1060 0.2643 0.9586
vn 0.9230 0.2307 0.3081
vn 0.8845 0.4002 0.2397
vn 0.6505 0.7131 0.2612
vn 0.6805 0.6494 0.3395
vn 0.8850 0.1872 0.4263
vn 0.4990 0.1807 0.8475
vn 0.4602 0.6998 0.5463
vn 0.2449 0.9122 0.3284
vn 0.3161 0.9422 0.1108
vn 0.2840 0.9481 0.1434
vn 0.1441 0.1706 0.9747
vn 0.0625 0.9349 0.3493
vn 0.0654 0.9357 0.3467
vn 0.1105 0.6581 0.7448
vn 0.1123 0.6597 0.7431
vn 0.9764 -0.1537 0.1515
vn 0.3190 -0.9463 0.0516
vn 0.3251 -0.9442 0.0523
vn 0.6801 -0.7251 0.1083
vn 0.7389 -0.6639 0.1149
vn 0.9075 -0.3943 0.1450
vn 0.9328 -0.3289 0.1475
vn 0.9869 -0.0253 0.1591
vn -0.6142 -0.7827 -0.1009
vn 0.0723 -0.9973 0.0141
vn -0.0011 -1.0000 0.0013
vn -0.0034 -1.0000 -0.0012
vn 0.0157 -0.9951 -0.0980
vn -0.3455 -0.9369 -0.0526
vn -0.4139 -0.9083 -0.0602
vn -0.7897 -0.6002 -0.1268
vn -0.7392 -0.6637 -0.1146
vn -0.9640 -0.2174 -0.1532
vn -0.9573 -0.2468 -0.1509
vn -0.9682 0.1947 -0.1570
vn -0.3154 0.9477 -0.0494
vn -0.4312 0.9000 -0.0631
vn -0.8044 0.5796 -0.1302
vn -0.7701 0.6262 -0.1215
vn -0.9781 0.1389 -0.1553
vn -0.0847 0.9963 -0.0107
vn 0.0005 1.0000 -0.0009
vn 0.0001 1.0000 -0.0007
vn -0.0065 0.9981 0.0615
vn 0.0394 0.9691 -0.2436
vn 0.3234 0.9448 0.0532
vn 0.3480 0.9358 0.0558
vn 0.6833 0.7220 0.1088
vn 0.7471 0.6545 0.1161
vn 0.9041 0.4022 0.1445
vn 0.9751 0.1625 0.1509
vn 0.9558 0.2519 0.1518
vn -0.5068 0.2596 0.8220
vn -0.5081 0.2448 0.8258
vn -0.4930 -0.8082 0.3222
vn -0.2089 -0.9718 0.1096
vn -0.1568 0.0262 0.9873
vn -0.1568 0.0262 0.9873
vn -0.0038 -0.0525 0.9986
vn -0.2747 0.1337 0.9522
vn -0.1622 0.0420 0.9859
vn -0.1568 0.0262 0.9873
vn -0.1167 -0.0474 0.9920
vn -0.1117 0.0377 0.9930
vn -0.1141 0.0632 0.9915
vn -0.1240 0.0095 0.9922
vn -0.1129 0.9704 0.2135
vn -0.1615 0.0267 0.9865
vn -0.1602 0.0278 0.9867
vn -0.1553 0.0308 0.9874
vn -0.1585 0.0277 0.9870
vn -0.1682 0.0199 0.9856
vn -0.1607 0.0271 0.9866
vn -0.1605 0.0275 0.9866
vn -0.1611 0.0263 0.9866
vn -0.1568 0.0262 0.9873
vn -0.1159 0.0271 0.9929
vn -0.1964 0.0463 0.9794
vn -0.1568 0.0262 0.9873
vn -0.1568 0.0262 0.9873
vn -0.1568 0.0262 0.9873
vn -0.1568 0.0262 0.9873
vn -0.1568 0.0262 0.9873
vn -0.1572 -0.0087 0.9875
vn -0.1511 0.0258 0.9882
vn -0.1600 -0.0270 0.9867
vn -0.1608 -0.0296 0.9865
vn -0.1623 -0.0257 0.9864
vn -0.1594 -0.0284 0.9868
vn -0.1659 -0.0208 0.9859
vn -0.1065 0.0111 0.9943
vn -0.1537 -0.0325 0.9876
vn -0.1855 -0.0114 0.9826
vn -0.1568 -0.0262 0.9873
vn -0.0212 -0.0824 0.9964
vn -0.1187 -0.0315 0.9924
vn -0.1319 -0.0565 0.9897
vn -0.1442 -0.0347 0.9889
vn -0.2157 -0.0468 0.9753
vn -0.1118 -0.0039 0.9937
vn -0.1880 -0.0659 0.9800
vn -0.1545 -0.0280 0.9876
vn -0.1568 -0.0262 0.9873
vn -0.1375 -0.0105 0.9905
vn -0.1568 -0.0294 0.9872
vn -0.1677 -0.0161 0.9857
vn -0.1568 -0.0262 0.9873
vn -0.1568 -0.0262 0.9873
vn -0.1568 -0.0262 0.9873
vn -0.1437 -0.0212 0.9894
vn 0.2725 0.0737 0.9593
vn 0.2747 0.0546 0.9600
vn 0.3863 0.0988 0.9171
vn 0.6130 0.1139 0.7818
vn 0.7509 0.1421 0.6449
vn 0.3966 0.4323 0.8099
vn 0.4534 0.3377 0.8248
vn 0.4483 0.3049 0.8403
vn 0.7320 0.2412 0.6371
vn -0.1143 0.1983 0.9735
vn -0.1098 0.1651 0.9801
vn 0.0788 0.1952 0.9776
vn 0.0422 0.6916 0.7210
vn 0.0425 0.6911 0.7215
vn 0.3561 0.5634 0.7455
vn 0.1133 0.4526 0.8845
vn 0.3630 0.2270 0.9037
vn -0.1546 0.1710 0.9731
vn -0.0941 0.9763 0.1950
vn -0.1178 0.9587 0.2590
vn -0.1501 0.1344 0.9795
vn -0.1439 0.2000 0.9692
vn -0.1277 0.4189 0.8990
vn -0.0753 0.7029 0.7073
vn -0.0634 0.7923 0.6068
vn -0.0181 0.9162 0.4003
vn -0.0517 0.9254 0.3755
vn -0.0725 0.8618 0.5021
vn -0.0792 0.7954 0.6009
vn -0.1347 0.4911 0.8606
vn -0.1375 0.4192 0.8974
vn -0.1556 0.1601 0.9748
vn -0.1535 0.1032 0.9827
vn -0.0997 0.9204 0.3781
vn -0.1377 0.6912 0.7094
vn -0.1507 0.8642 0.4801
vn -0.1600 0.4906 0.8565
vn -0.1672 0.2861 0.9435
vn -0.1598 0.1728 0.9719
vn -0.1765 0.3214 0.9304
vn -0.1814 0.4041 0.8965
vn -0.1615 0.6897 0.7058
vn -0.1581 0.8876 0.4327
vn -0.1529 0.9086 0.3887
vn -0.3098 0.4897 0.8150
vn -0.3121 0.2181 0.9247
vn -0.7023 0.1638 0.6928
vn -0.6775 0.1874 0.7113
vn -0.6561 0.2813 0.7003
vn -0.3227 0.4549 0.8300
vn -0.7167 0.4559 0.5277
vn -0.4155 0.7185 0.5578
vn -0.4561 0.7398 0.4947
vn -0.7107 0.0217 0.7032
vn -0.5247 0.0712 0.8483
vn -0.8555 0.0302 0.5169
vn -0.9928 0.0155 -0.1187
vn -0.5256 0.0240 0.8504
vn -0.5232 0.0244 0.8519
vn -0.8557 0.0165 0.5172
vn -0.8541 0.0168 0.5199
vn -0.9771 0.0092 0.2126
vn -0.5312 -0.0242 0.8469
vn -0.5398 -0.0251 0.8414
vn -0.8770 -0.0065 0.4804
vn -0.8557 -0.0019 0.5175
vn -0.9939 -0.0153 -0.1092
vn -0.8555 -0.0302 0.5169
vn -0.7110 -0.0523 0.7013
vn -0.5398 -0.0269 0.8414
vn -0.5755 -0.3302 0.7482
vn -0.3106 -0.2213 0.9244
vn -0.3233 -0.4417 0.8369
vn -0.6726 -0.2819 0.6842
vn -0.6791 -0.1631 0.7157
vn -0.6986 -0.2000 0.6870
vn -0.4137 -0.7391 0.5316
vn -0.4268 -0.6772 0.5993
vn -0.7490 -0.4670 0.4700
vn -0.1758 -0.3041 0.9363
vn -0.1446 -0.2867 0.9470
vn -0.1481 -0.1677 0.9747
vn -0.1809 -0.3815 0.9065
vn -0.1193 -0.9040 0.4105
vn -0.1811 -0.7077 0.6829
vn -0.1566 -0.9052 0.3952
vn -0.1100 -0.8958 0.4306
vn -0.1172 -0.8655 0.4870
vn -0.1611 -0.7087 0.6869
vn -0.1601 -0.4510 0.8780
vn -0.1668 -0.2519 0.9533
vn -0.1628 -0.3217 0.9327
vn -0.0543 -0.9193 0.3897
vn -0.0969 -0.7562 0.6471
vn -0.0467 -0.8657 0.4983
vn -0.1392 -0.4514 0.8814
vn -0.1442 -0.2794 0.9493
vn -0.1421 -0.2920 0.9458
vn -0.0822 -0.6707 0.7372
vn -0.0748 -0.7507 0.6564
vn -0.0182 -0.9195 0.3926
vn 0.7695 -0.2642 0.5815
vn 0.2658 -0.2125 0.9403
vn -0.1132 -0.1475 0.9826
vn -0.1041 -0.1652 0.9808
vn 0.0774 -0.2874 0.9547
vn -0.0815 -0.4980 0.8633
vn 0.3918 -0.5219 0.7577
vn 0.0038 -0.7006 0.7135
vn -0.0622 -0.6695 0.7402
vn 0.4254 -0.2584 0.8673
vn 0.4516 -0.2480 0.8571
vn 0.3619 -0.4535 0.8145
vn 0.6425 -0.3736 0.6690
vn 0.2600 -0.7265 0.6360
vn 0.7961 -0.1257 0.5920
vn 0.3643 -0.0888 0.9270
vn 0.4497 -0.1360 0.8828
vn 0.5394 -0.0916 0.8370
vn 0.3646 -0.0881 0.9270
vn 0.5276 -0.0448 0.8483
vn 0.5346 -0.0420 0.8441
vn 0.4359 -0.7882 -0.4344
vn 0.2405 -0.9312 -0.2741
vn 0.2640 0.0216 -0.9643
vn 0.6510 -0.7577 -0.0459
vn 0.8963 0.0155 0.4431
vn 0.8298 0.0581 0.5550
vn 0.8277 0.1159 0.5491
vn 0.8317 0.0175 0.5550
vn 0.8560 0.1225 0.5022
vn 0.8184 0.1490 0.5550
vn 0.8207 -0.0060 0.5713
vn 0.8507 0.1000 0.5160
vn 0.8598 0.0163 0.5104
vn 0.8791 0.0504 0.4739
vn 0.8685 0.1131 0.4825
vn 0.8357 0.0842 0.5426
vn 0.7230 0.4350 0.5367
vn 0.6744 0.5556 0.4863
vn 0.6359 0.5938 0.4929
vn 0.4189 0.8243 0.3809
vn 0.4299 0.8100 0.3989
vn 0.1441 0.9567 0.2529
vn 0.1539 0.9550 0.2534
vn 0.0838 0.9863 0.1418
vn 0.1628 0.9608 0.2244
vn 0.5052 0.8093 0.2996
vn -0.4949 0.8000 -0.3393
vn 0.4331 0.8106 0.3941
vn 0.4875 0.7794 0.3936
vn 0.6717 0.5551 0.4907
vn 0.6948 0.5313 0.4847
vn 0.8006 0.2538 0.5428
vn 0.7933 0.2668 0.5472
vn 0.7982 0.2677 0.5396
vn 0.7990 0.2702 0.5373
vn 0.8058 0.2583 0.5329
vn -0.0008 0.9954 0.0958
vn 0.0354 0.9809 0.1911
vn 0.0139 0.9978 0.0654
vn 0.0172 0.9977 0.0659
vn -0.0195 0.9956 0.0917
vn 0.0279 0.9967 0.0763
vn 0.0199 0.9979 0.0617
vn -0.0071 0.9977 0.0673
vn -0.0402 0.9954 0.0865
vn -0.0474 0.9977 0.0493
vn -0.0806 0.9919 0.0983
vn -0.1083 0.9754 0.1920
vn -0.1207 0.9895 0.0789
vn -0.0963 0.9908 0.0949
vn -0.0877 0.9925 0.0854
vn -0.0876 0.9923 0.0879
vn -0.0467 0.9945 0.0940
vn -0.0511 0.9963 0.0686
vn -0.0227 0.9984 0.0523
vn -0.0127 0.9984 0.0560
vn -0.6269 0.7651 0.1468
vn -0.4429 0.8865 0.1341
vn -0.3074 0.9411 0.1409
vn -0.3469 0.9287 0.1310
vn -0.6213 0.7695 0.1479
vn -0.8190 0.5520 0.1569
vn -0.8744 0.4698 0.1216
vn -0.9726 0.2181 0.0805
vn -0.9844 0.1549 0.0835
vn -0.6637 -0.7042 -0.2522
vn -0.4331 -0.1236 -0.8928
vn -0.3569 0.6444 -0.6763
vn -0.9985 0.0110 0.0540
vn -0.9989 0.0163 0.0436
vn -0.9989 -0.0161 0.0435
vn -0.9985 -0.0111 0.0535
vn -0.9879 -0.1348 0.0768
vn -0.9729 -0.2187 0.0756
vn -0.9462 -0.3084 0.0975
vn -0.8711 -0.4798 0.1050
vn -0.7235 -0.6695 0.1681
vn -0.5683 -0.8083 0.1539
vn -0.4644 -0.8709 0.1607
vn -0.3759 -0.9167 0.1355
vn -0.4155 -0.9000 0.1321
vn 0.0331 -0.9831 0.1799
vn -0.0053 -0.9954 0.0961
vn -0.0636 -0.9942 0.0864
vn -0.0240 -0.9927 0.1179
vn -0.0407 -0.9991 0.0148
vn -0.1103 -0.9937 0.0196
vn -0.0141 -0.9984 0.0554
vn -0.3116 -0.9429 0.1179
vn -0.0885 -0.9797 0.1800
vn -0.0810 -0.9907 0.1094
vn -0.1000 -0.9836 0.1499
vn -0.0904 -0.9907 0.1016
vn -0.1383 -0.9706 0.1970
vn 0.0128 -0.9985 0.0533
vn 0.0178 -0.9985 0.0524
vn 0.0261 -0.9980 0.0568
vn 0.0315 -0.9981 0.0525
vn -0.0074 -0.9978 0.0653
vn -0.0206 -0.9957 0.0902
vn -0.0537 -0.9952 0.0824
vn -0.0306 -0.9991 0.0281
vn -0.0890 -0.9900 0.1097
vn 0.1541 -0.9572 0.2449
vn 0.7190 -0.4466 0.5325
vn 0.6647 -0.5698 0.4833
vn 0.7929 -0.2686 0.5470
vn 0.7925 -0.2767 0.5435
vn 0.7957 -0.2773 0.5386
vn 0.7961 -0.2787 0.5371
vn 0.8110 -0.2552 0.5264
vn 0.3069 -0.9310 0.1976
vn 0.1540 -0.9807 0.1205
vn 0.4154 -0.8192 0.3954
vn 0.5401 -0.7335 0.4127
vn 0.6584 -0.5686 0.4931
vn 0.6804 -0.5452 0.4896
vn 0.1679 -0.9655 0.1992
vn 0.1395 -0.9600 0.2429
vn 0.4105 -0.8182 0.4025
vn 0.3734 -0.8642 0.3373
vn 0.6134 -0.6182 0.4916
vn 0.1137 0.9848 -0.1314
vn 0.8186 0.0754 0.5694
vn 0.8582 -0.1139 0.5005
vn 0.8090 -0.1516 0.5679
vn 0.8282 -0.1114 0.5492
vn 0.8226 -0.1210 0.5557
vn 0.8962 -0.0231 0.4431
vn 0.8838 -0.0401 0.4662
vn 0.8803 -0.0640 0.4701
vn 0.7453 -0.2213 0.6290
vn 0.8607 0.0843 0.5020
vn 0.8350 -0.0879 0.5431
vn 0.8590 -0.1138 0.4992
vn 0.8760 -0.0734 0.4767
vn 0.8777 -0.0557 0.4760
vn 0.2727 0.0336 -0.9615
vn 0.2725 0.0363 -0.9615
vn 0.2662 0.0293 -0.9635
vn 0.9953 0.0731 -0.0630
vn 0.8954 0.0938 0.4352
vn 0.9949 0.0940 0.0368
vn 0.2935 0.0324 -0.9554
vn 0.7632 0.0473 -0.6444
vn 0.7221 0.0552 -0.6896
vn 0.9946 0.0801 -0.0664
vn 0.7948 0.0967 -0.5992
vn 0.7602 0.0859 -0.6440
vn 0.3122 0.0467 -0.9489
vn 0.9921 0.0583 -0.1110
vn 0.9984 0.0311 -0.0478
vn 0.5872 0.8043 -0.0912
vn 0.8637 0.2612 0.4311
vn 0.2820 0.5015 -0.8179
vn 0.4232 0.6012 -0.6778
vn 0.3090 0.9063 -0.2883
vn 0.2438 0.7465 -0.6191
vn 0.5684 0.8202 -0.0643
vn 0.2780 0.4920 -0.8250
vn 0.5192 0.5100 -0.6859
vn 0.8315 0.5376 -0.1398
vn 0.8882 0.4593 -0.0087
vn 0.5656 0.3741 -0.7349
vn 0.7804 0.1891 -0.5960
vn 0.8757 0.4612 -0.1426
vn 0.9346 0.3550 0.0223
vn 0.0358 0.9680 -0.2485
vn -0.0019 0.9800 -0.1989
vn -0.0156 0.9635 -0.2672
vn 0.0699 0.6331 -0.7709
vn 0.0626 0.7627 -0.6438
vn 0.1095 0.6348 -0.7649
vn 0.1097 0.6279 -0.7705
vn 0.0341 0.9463 -0.3215
vn 0.0333 0.9525 -0.3027
vn -0.3162 0.1670 -0.9339
vn -0.8989 0.1777 -0.4004
vn -0.2397 0.1091 -0.9647
vn -0.6410 0.4643 -0.6112
vn -0.6010 0.7459 -0.2872
vn -0.8129 0.1951 -0.5488
vn -0.1580 0.4732 -0.8667
vn -0.2697 0.6505 -0.7100
vn -0.2434 0.6984 -0.6730
vn -0.9061 0.2189 -0.3620
vn -0.5678 0.6978 -0.4368
vn 0.8652 0.2211 -0.4501
vn -0.4377 0.0225 -0.8988
vn -0.4916 0.0326 -0.8702
vn -0.9409 0.0086 -0.3384
vn -0.9552 0.0141 -0.2956
vn -0.9123 0.0293 -0.4085
vn -0.3349 0.0043 -0.9422
vn -0.4915 0.0385 -0.8700
vn -0.1280 0.9918 -0.0014
vn -0.3102 0.9506 0.0047
vn -0.4106 0.9092 -0.0686
vn -0.2478 0.9606 -0.1255
vn -0.7883 0.6124 -0.0598
vn -0.8786 0.4526 -0.1523
vn -0.8632 0.5010 0.0625
vn -0.9583 0.0121 -0.2854
vn 0.1413 -0.6454 0.7507
vn -0.7831 0.6076 -0.1325
vn -0.8308 0.4759 -0.2887
vn -0.8609 0.4036 -0.3098
vn -0.8681 0.4216 -0.2620
vn -0.8796 0.2962 -0.3723
vn -0.9036 0.1577 -0.3983
vn -0.3622 0.9321 0.0028
vn -0.2549 0.9668 0.0190
vn -0.1789 0.9796 0.0911
vn -0.1330 0.9669 -0.2176
vn -0.8501 0.0710 0.5219
vn -0.9228 0.0158 -0.3849
vn -0.9364 0.0100 -0.3507
vn -0.1153 0.9924 -0.0428
vn -0.3078 0.9465 -0.0970
vn -0.1747 0.9835 -0.0459
vn 0.0075 0.7726 -0.6349
vn -0.6803 0.6676 -0.3025
vn -0.6456 0.7229 -0.2462
vn -0.1161 0.7347 -0.6684
vn -0.9014 0.3834 -0.2013
vn -0.9048 0.3568 -0.2323
vn -0.9645 0.1089 -0.2407
vn -0.9512 -0.0300 -0.3072
vn -0.8767 -0.1141 -0.4673
vn -0.3096 0.9456 -0.0997
vn -0.5129 0.8426 -0.1641
vn -0.5182 0.8372 -0.1748
vn -0.7137 0.6941 -0.0940
vn -0.8813 -0.0063 -0.4726
vn -0.8930 -0.0103 -0.4499
vn -0.8949 -0.1182 -0.4304
vn -0.2805 0.9222 -0.2662
vn -0.1781 0.9774 -0.1136
vn -0.2198 0.9453 0.2412
vn -0.4332 0.8453 -0.3127
vn -0.6094 0.6439 -0.4626
vn -0.5744 0.7175 -0.3941
vn -0.8738 0.4825 -0.0605
vn -0.6881 0.4525 -0.5673
vn -0.6849 0.4425 -0.5789
vn -0.7401 0.2837 -0.6098
vn -0.7214 0.1475 -0.6766
vn -0.7174 0.1444 -0.6815
vn -0.2117 0.9618 -0.1738
vn -0.4389 0.8456 -0.3039
vn -0.4384 0.8471 -0.3005
vn -0.6129 0.6462 -0.4546
vn -0.7287 -0.0103 -0.6847
vn -0.6354 0.0158 -0.7720
vn -0.0658 0.9954 -0.0703
vn -0.1988 0.9616 -0.1894
vn -0.9860 0.0394 -0.1619
vn -0.5440 0.7945 -0.2700
vn -0.4634 0.6897 -0.5563
vn 0.0847 0.8020 -0.5912
vn -0.2838 0.4807 -0.8297
vn -0.4715 0.7108 -0.5220
vn -0.5688 -0.3598 -0.7396
vn -0.8349 0.1623 -0.5259
vn 0.3731 0.7407 -0.5587
vn 0.3418 -0.2187 -0.9140
vn -0.5527 0.4314 -0.7130
vn -0.4833 -0.5110 -0.7109
vn -0.2021 0.9559 -0.2131
vn -0.3300 0.8654 -0.3771
vn -0.3302 0.8659 -0.3758
vn -0.2669 0.7624 -0.5895
vn -0.5386 -0.0549 -0.8407
vn -0.3187 -0.0405 -0.9470
vn -0.0512 0.9924 -0.1118
vn -0.1719 0.9254 -0.3379
vn -0.0911 0.9835 -0.1560
vn -0.3156 0.8672 0.3852
vn -0.2903 0.9498 -0.1163
vn -0.2307 0.6886 -0.6875
vn -0.0469 0.4188 -0.9069
vn -0.7240 -0.6627 0.1914
vn -0.7208 -0.6602 0.2113
vn -0.3122 0.4525 -0.8353
vn -0.3037 0.4425 -0.8438
vn -0.0172 0.9772 -0.2116
vn 0.1220 0.1718 -0.9775
vn -0.1111 0.3549 -0.9283
vn -0.0983 0.9217 -0.3752
vn -0.0283 0.9464 -0.3218
vn -0.2974 0.6985 -0.6509
vn -0.0838 0.7829 -0.6165
vn -0.3181 -0.1893 -0.9290
vn -0.1954 -0.1744 -0.9651
vn 0.0581 0.8597 -0.5075
vn -0.0221 0.9926 -0.1198
vn -0.0798 0.9608 -0.2654
vn -0.0782 0.9588 -0.2730
vn -0.1527 0.8454 -0.5118
vn 0.1566 0.9117 -0.3798
vn -0.1284 0.6441 -0.7541
vn -0.2393 0.4033 -0.8832
vn -0.3672 0.5550 -0.7464
vn -0.4568 0.4924 -0.7409
vn -0.0958 0.6464 -0.7570
vn -0.0754 0.6352 -0.7686
vn 0.0436 -0.0011 -0.9990
vn -0.4707 0.1250 -0.8734
vn -0.0352 -0.1947 -0.9802
vn -0.0341 0.9414 -0.3355
vn -0.1249 0.8459 -0.5186
vn -0.2413 0.9410 -0.2374
vn -0.0692 0.4076 -0.9105
vn -0.0314 -0.0063 -0.9995
vn -0.0931 -0.0160 -0.9955
vn -0.1162 -0.1597 -0.9803
vn 0.0065 0.9626 -0.2709
vn -0.0037 0.9669 -0.2551
vn -0.0075 0.9369 -0.3494
vn 0.0724 0.6118 -0.7877
vn 0.1162 0.2826 -0.9522
vn -0.0489 0.4640 -0.8845
vn -0.7367 -0.4906 -0.4654
vn 0.1326 0.6076 -0.7831
vn -0.0299 0.7129 -0.7006
vn 0.0582 0.1571 -0.9859
vn 0.6434 0.7436 -0.1819
vn 0.6759 0.7181 -0.1656
vn 0.6261 -0.1069 -0.7724
vn 0.3723 0.2962 -0.8796
vn 0.3983 0.1577 -0.9036
vn 0.0607 0.9533 -0.2960
vn 0.0484 0.9309 -0.3622
vn 0.0141 0.9525 -0.3041
vn 0.3849 0.0158 -0.9228
vn 0.3507 0.0100 -0.9364
vn 0.0316 0.9954 -0.0900
vn 0.1273 0.9275 -0.3515
vn 0.0420 0.9833 -0.1773
vn -0.3344 0.9360 -0.1100
vn 0.1899 0.8453 -0.4994
vn 0.1258 0.3476 -0.9292
vn -0.0492 0.5729 -0.8182
vn -0.1582 0.4957 -0.8540
vn 0.1140 0.5985 -0.7930
vn 0.3362 0.4259 -0.8400
vn 0.3669 -0.1739 -0.9139
vn 0.3067 -0.0306 -0.9513
vn 0.2402 0.0036 -0.9707
vn 0.1796 -0.8303 -0.5275
vn 0.0898 0.9568 -0.2766
vn 0.2047 0.8447 -0.4945
vn 0.1453 0.8669 -0.4769
vn -0.2254 0.9581 0.1768
vn 0.9981 -0.0218 0.0577
vn 0.0726 0.7049 -0.7056
vn 0.4745 -0.0040 -0.8802
vn 0.5778 0.0054 -0.8161
vn 0.5841 0.0592 -0.8095
vn 0.2683 0.9227 -0.2769
vn 0.1162 0.9772 -0.1779
vn -0.2372 0.9458 -0.2218
vn 0.3127 0.8453 -0.4332
vn 0.7159 0.5192 -0.4668
vn 0.4690 0.6664 -0.5796
vn 0.4043 0.7238 -0.5592
vn 0.0682 0.4957 -0.8658
vn 0.5836 0.4152 -0.6979
vn 0.5665 0.4250 -0.7060
vn 0.5286 0.5158 -0.6742
vn 0.5772 0.4905 -0.6529
vn 0.3977 -0.8040 -0.4421
vn 0.1288 0.9689 -0.2115
vn 0.3257 0.8447 -0.4247
vn 0.2728 0.8639 -0.4234
vn 0.4330 0.6744 -0.5981
vn 0.8030 0.0164 -0.5958
vn 0.7716 0.0091 -0.6360
vn 0.0703 0.9954 -0.0658
vn 0.1890 0.9617 -0.1984
vn 0.3614 0.9020 -0.2361
vn 0.6689 0.4402 -0.5990
vn 0.5636 0.6846 -0.4622
vn 0.5165 0.7082 -0.4813
vn 0.6111 0.7904 -0.0427
vn 0.7384 0.4406 -0.5106
vn 0.5200 0.6064 -0.6015
vn 0.6754 0.0850 -0.7326
vn 0.5903 0.2175 -0.7773
vn 0.9771 0.0075 -0.2127
vn 0.7430 0.4241 -0.5177
vn 0.1654 0.9338 -0.3173
vn 0.3776 0.8672 -0.3246
vn 0.5758 0.6841 -0.4477
vn 0.6785 -0.6023 -0.4206
vn 0.9107 0.0042 -0.4130
vn 0.9098 0.0040 -0.4151
vn 0.1090 0.9921 -0.0624
vn 0.2664 0.9507 -0.1584
vn 0.1859 0.9684 -0.1663
vn 0.2293 0.9572 -0.1768
vn 0.6766 0.7025 -0.2208
vn 0.8396 0.5324 -0.1074
vn 0.7277 0.3313 -0.6006
vn 0.9226 -0.1023 -0.3720
vn 0.3462 0.9353 -0.0733
vn 0.9916 0.1115 0.0649
vn 0.9346 0.3030 -0.1863
vn 0.7493 0.6373 -0.1799
vn 0.3611 0.9267 -0.1037
vn 0.3330 0.9403 -0.0699
vn 0.2162 0.5875 -0.7798
vn 0.9264 0.3203 -0.1981
vn 0.4093 0.8164 -0.4075
vn 0.9442 0.0210 -0.3287
vn 0.9953 0.0924 0.0290
vn 0.9229 0.3821 0.0485
vn 0.1213 0.9924 -0.0205
vn 0.3709 0.9254 -0.0786
vn 0.1743 0.9835 -0.0476
vn 0.4500 0.8926 -0.0280
vn 0.7537 0.6446 -0.1281
vn 0.9017 0.3443 -0.2614
vn 0.6450 0.6035 -0.4688
vn 0.6635 0.7220 -0.1963
vn 0.7020 0.5818 -0.4107
vn 0.9887 0.1425 0.0464
vn 0.9976 0.0134 0.0685
vn 0.9992 0.0228 0.0315
vn 0.9913 0.1190 -0.0556
vn 0.9992 -0.0257 -0.0318
vn 0.3575 0.9224 -0.1461
vn 0.1982 0.9668 -0.1614
vn 0.9365 0.3385 0.0912
vn 0.4990 0.8070 -0.3159
vn 0.9995 -0.0099 -0.0302
vn 0.9953 0.0100 0.0964
vn 0.2661 0.9639 0.0123
vn 0.2462 0.9692 -0.0033
vn 0.5207 0.8536 -0.0145
vn 0.7212 0.4831 0.4964
vn 0.7015 0.5347 0.4711
vn 0.6141 0.7219 -0.3191
vn 0.7743 0.6040 -0.1891
vn 0.8186 0.5621 0.1180
vn 0.7055 0.7037 -0.0848
vn 0.9965 0.0834 -0.0061
vn 0.1574 0.7431 0.6504
vn 0.2181 0.8389 0.4987
vn 0.9922 0.0472 0.1153
vn 0.8249 -0.3854 0.4136
vn 0.9228 0.1213 0.3658
vn 0.2702 0.9618 0.0447
vn 0.5257 0.8496 0.0438
vn 0.2200 0.9521 -0.2123
vn 0.0944 0.9254 0.3670
vn 0.7688 -0.0478 -0.6377
vn 0.9337 0.0108 0.3579
vn 0.9925 -0.0261 0.1190
vn -0.8098 0.0028 0.5867
vn 0.8407 0.0002 0.5415
vn -0.8518 -0.1129 0.5116
vn -0.9966 -0.0826 -0.0078
vn -0.9999 0.0000 0.0158
vn -0.9991 0.0000 -0.0413
vn -0.9991 0.0000 -0.0413
vn -0.9824 0.0000 -0.1867
vn -0.9824 0.0000 -0.1867
vn -0.9446 0.0000 -0.3282
vn -0.9446 0.0000 -0.3282
vn -0.8866 0.0000 -0.4626
vn -0.8866 0.0000 -0.4626
vn -0.8096 0.0000 -0.5870
vn -0.8096 0.0000 -0.5870
vn -0.7444 0.0000 -0.6678
vn -0.7444 0.0000 -0.6678
vn -0.6712 0.0000 -0.7413
vn -0.6712 0.0000 -0.7413
vn -0.5557 0.0000 -0.8314
vn -0.5557 0.0000 -0.8314
vn -0.4284 0.0000 -0.9036
vn -0.4284 0.0000 -0.9036
vn -0.3895 0.0000 -0.9210
vn -0.3895 0.0000 -0.9210
vn -0.0106 0.0000 -0.9999
vn -0.0106 0.0000 -0.9999
vn -0.0032 0.0000 -1.0000
vn -0.0032 0.0000 -1.0000
vn 0.0344 0.0000 -0.9994
vn 0.0344 0.0000 -0.9994
vn 0.4109 0.0000 -0.9117
vn 0.4109 0.0000 -0.9117
vn 0.3185 0.0000 -0.9479
vn 0.3185 0.0000 -0.9479
vn 0.6540 0.0000 -0.7565
vn 0.6540 0.0000 -0.7565
vn 0.6664 0.0000 -0.7456
vn 0.6664 0.0000 -0.7456
vn 0.7681 0.0000 -0.6404
vn 0.7681 0.0000 -0.6404
vn 0.8533 0.0000 -0.5214
vn 0.8533 0.0000 -0.5214
vn 0.9203 0.0000 -0.3912
vn 0.9203 0.0000 -0.3912
vn 0.9294 0.0000 -0.3690
vn 0.9294 0.0000 -0.3690
vn 0.9999 -0.0000 0.0108
vn 0.9999 0.0000 0.0108
vn 0.9993 -0.0000 0.0377
vn 0.9993 0.0000 0.0377
vn 0.9984 -0.0000 0.0565
vn 0.9984 0.0000 0.0565
vn 0.9408 -0.0000 0.3390
vn 0.9459 0.0994 0.3088
vn 0.8267 0.0887 0.5557
vn -0.9527 -0.0119 -0.3037
vn -0.3265 -0.0364 -0.9445
vn -0.4917 -0.0102 -0.8707
vn -0.8906 -0.0300 -0.4537
vn -0.4916 -0.0306 -0.8703
vn -0.4773 -0.0339 -0.8781
vn -0.9312 -0.0044 -0.3644
vn -0.6645 -0.5802 -0.4709
vn -0.2325 -0.6717 -0.7033
vn -0.1430 -0.5031 -0.8523
vn -0.9405 -0.2591 -0.2198
vn -0.2385 -0.1205 -0.9636
vn -0.3098 -0.1743 -0.9347
vn -0.5444 -0.7520 -0.3716
vn -0.9170 -0.2128 -0.3374
vn -0.8797 -0.2634 -0.3960
vn -0.2623 -0.6849 -0.6797
vn -0.6325 -0.5590 -0.5361
vn -0.0960 0.0523 0.9940
vn 0.1224 -0.7108 -0.6926
vn 0.1165 -0.5271 -0.8418
vn 0.0756 -0.9413 -0.3289
vn 0.1885 -0.1366 -0.9725
vn 0.1141 -0.7114 -0.6934
vn 0.1162 -0.7045 -0.7001
vn 0.1556 -0.1065 -0.9821
vn 0.0427 -0.9593 -0.2792
vn 0.0346 -0.9673 -0.2514
vn 0.3976 -0.4995 -0.7697
vn 0.5066 -0.4095 -0.7587
vn 0.8092 -0.2551 0.5293
vn 0.9383 0.0023 0.3458
vn 0.9387 -0.3212 0.1250
vn 0.9982 0.0503 -0.0328
vn 0.8559 -0.3337 -0.3950
vn 0.7927 -0.2144 -0.5707
vn 0.7687 -0.6300 0.1106
vn 0.9116 -0.3849 -0.1443
vn 0.8162 -0.5691 -0.0995
vn 0.8405 -0.5149 -0.1687
vn 0.5899 -0.3618 -0.7219
vn 0.6363 -0.7278 -0.2558
vn 0.5454 -0.8379 -0.0213
vn 0.3226 -0.6214 -0.7140
vn 0.2642 -0.9126 -0.3121
vn 0.4769 -0.4844 -0.7334
vn 0.3991 -0.5962 -0.6966
vn 0.2654 -0.0285 -0.9637
vn 0.2705 -0.0331 -0.9622
vn 0.2869 -0.0519 -0.9566
vn 0.4946 -0.0672 -0.8665
vn 0.8608 -0.1145 -0.4959
vn 0.8115 -0.0941 -0.5767
vn 0.5693 0.8218 -0.0208
vn 0.9766 -0.1139 0.1822
vn 0.9911 -0.0991 0.0887
vn 0.9908 -0.0948 0.0967
vn 0.9957 -0.0406 -0.0834
vn 0.2931 -0.0325 -0.9555
vn 0.7540 -0.0474 -0.6552
vn 0.4999 0.0083 -0.8660
vn 0.8663 -0.0517 -0.4969
vn 0.9991 -0.0264 -0.0345
vn 0.9922 -0.0746 0.1001
vn 0.1322 0.0472 -0.9901
vn 0.1571 0.0210 -0.9874
vn 0.1367 0.0306 -0.9901
vn 0.1441 0.0265 -0.9892
vn -0.2599 0.4378 -0.8607
vn 0.5763 -0.2599 -0.7748
vn 0.1324 0.0417 -0.9903
vn 0.1612 0.0335 -0.9864
vn 0.1606 0.0390 -0.9862
vn 0.1581 0.0401 -0.9866
vn 0.1662 0.0354 -0.9855
vn 0.1491 0.0186 -0.9886
vn 0.2309 0.0908 -0.9687
vn 0.1568 0.0262 -0.9873
vn 0.0343 -0.0537 -0.9980
vn 0.1500 0.0301 -0.9882
vn 0.1390 0.0229 -0.9900
vn 0.1367 0.0302 -0.9902
vn 0.1517 0.0319 -0.9879
vn 0.2107 0.1309 -0.9687
vn 0.1568 0.0262 -0.9873
vn 0.1568 0.0262 -0.9873
vn 0.1568 0.0262 -0.9873
vn 0.1568 0.0262 -0.9873
vn 0.1568 0.0262 -0.9873
vn 0.1492 0.0425 -0.9879
vn 0.1710 0.0329 -0.9847
vn 0.1666 0.0358 -0.9854
vn 0.1566 0.0366 -0.9870
vn 0.1567 0.0373 -0.9869
vn 0.1540 0.0410 -0.9872
vn 0.1536 0.0406 -0.9873
vn 0.0987 0.9950 0.0162
vn 0.3372 0.9366 0.0949
vn 0.8718 0.4481 -0.1980
vn 0.3671 0.9301 -0.0153
vn 0.1100 0.9360 -0.3344
vn 0.8837 0.4642 0.0603
vn 0.7543 0.6545 -0.0513
vn 0.4774 0.1552 0.8649
vn 0.4760 0.5583 0.6795
vn 0.7076 0.6403 0.2987
vn 0.7088 0.5192 0.4775
vn 0.8822 0.1588 0.4433
vn 0.7177 0.0066 0.6964
vn 0.4451 0.8374 0.3171
vn 0.9868 0.0367 0.1579
vn 0.2766 0.9568 0.0898
vn 0.2938 0.9507 0.0987
vn 0.3171 0.9200 0.2302
vn 0.1890 0.9785 0.0825
vn 0.8627 0.2502 0.4395
vn 0.9853 0.0747 -0.1539
vn 0.9072 0.4180 0.0477
vn 0.8865 0.4617 -0.0304
vn 0.9946 -0.0031 -0.1041
vn 0.9944 -0.0013 -0.1054
vn 0.9587 0.2386 -0.1549
vn 0.7371 0.5424 -0.4032
vn -0.1862 -0.7382 -0.6483
vn 0.8334 0.2490 -0.4933
vn 0.8033 0.2943 -0.5178
vn 0.5502 -0.2302 -0.8027
vn 0.5971 0.5658 -0.5686
vn 0.5095 0.0856 -0.8562
vn 0.3774 -0.3915 -0.8392
vn 0.1179 0.2197 -0.9684
vn -0.0248 -0.3502 -0.9363
vn -0.2253 -0.1006 -0.9691
vn -0.0091 0.5665 -0.8240
vn -0.4584 -0.2467 -0.8538
vn -0.3525 0.1962 -0.9150
vn -0.5874 -0.0000 -0.8093
vn -0.4863 0.3044 -0.8190
vn -0.7539 -0.5643 0.3363
vn -0.7825 0.3534 -0.5127
vn -0.7876 0.3433 -0.5118
vn -0.9452 -0.0977 -0.3116
vn -0.8989 0.1806 -0.3991
vn -0.7876 0.2089 -0.5797
vn -0.7773 -0.6226 0.0905
vn -0.8197 0.4890 -0.2982
vn -0.5922 0.5136 -0.6208
vn 0.3228 -0.6421 -0.6953
vn 0.2310 -0.6806 -0.6953
vn 0.2879 -0.7071 -0.6459
vn 0.2879 -0.7071 -0.6459
vn 0.2879 -0.7071 -0.6459
vn -0.6493 -0.3704 -0.6642
vn 0.3503 -0.7169 -0.6027
vn 0.3703 -0.6073 -0.7029
vn 0.8393 -0.4720 -0.2696
vn 0.4747 -0.8588 -0.1926
vn 0.4704 -0.6599 -0.5859
vn 0.4136 -0.6138 -0.6725
vn 0.9418 0.0074 0.3362
vn 0.7230 0.4687 0.5076
vn 0.7528 0.5128 0.4128
vn -0.8655 -0.3710 0.3366
vn -0.9564 0.2737 0.1022
vn -0.9966 0.0076 -0.0817
vn -0.9924 -0.0244 0.1205
vn -0.2062 0.9762 -0.0667
vn -0.2604 0.9654 -0.0164
vn 0.0736 -0.7071 0.7033
vn 0.0736 -0.7071 0.7033
vn 0.1141 -0.6972 0.7077
vn -0.0024 -0.6441 0.7650
vn -0.1018 -0.6453 0.7572
vn 0.1741 -0.6640 0.7272
vn -0.1937 -0.7774 0.5985
vn -0.2495 -0.3781 0.8915
vn 0.0736 -0.7071 0.7033
vn 0.0736 -0.7071 0.7033
vn 0.0736 -0.7071 0.7033
vn 0.0736 -0.7071 0.7033
vn 0.0736 -0.7071 0.7033
vn 0.1156 -0.7850 0.6086
vn 0.1109 0.7071 -0.6983
vn -0.0168 0.7006 -0.7133
vn 0.0992 0.8900 -0.4450
vn 0.1109 0.7071 -0.6984
vn 0.1109 0.7071 -0.6984
vn 0.1082 0.9675 -0.2284
vn -0.1688 0.7363 -0.6553
vn 0.1261 0.6846 -0.7180
vn 0.1109 0.7071 -0.6984
vn 0.1109 0.7071 -0.6984
vn 0.1109 0.7071 -0.6984
vn -0.3638 0.9243 0.1156
vn 0.2795 0.9602 0.0018
vn 0.0583 0.9285 -0.3668
vn -0.1109 -0.7071 0.6984
vn -0.1109 -0.7071 0.6984
vn -0.1109 -0.7071 0.6984
vn -0.1109 -0.7071 0.6984
vn 0.0061 -0.6623 0.7492
vn -0.3975 -0.0243 0.9173
vn -0.7640 -0.6102 0.2098
vn -0.4237 -0.7288 0.5379
vn -0.3748 -0.4085 0.8323
vn -0.1109 -0.7071 0.6984
vn -0.2322 -0.5557 0.7983
vn -0.4019 -0.6642 0.6303
vn -0.1109 -0.7071 0.6983
vn 0.2958 -0.5413 0.7871
vn -0.3729 -0.4079 0.8334
vn -0.3485 -0.8204 0.4533
vn -0.3281 -0.8143 0.4788
vn 0.2879 0.7071 -0.6459
vn 0.2879 0.7071 -0.6459
vn 0.0773 0.6793 -0.7298
vn 0.2122 0.9149 -0.3434
vn 0.2209 0.9002 -0.3753
vn 0.0170 0.7441 -0.6678
vn 0.2879 0.7071 -0.6459
vn 0.2737 0.6972 -0.6625
vn 0.2477 0.7370 -0.6289
vn -0.0730 0.8922 -0.4457
vn -0.0401 0.7329 -0.6792
vn 0.4620 0.3305 -0.8230
vn 0.2879 0.7071 -0.6458
vn 0.2879 0.7071 -0.6458
vn 0.2879 0.7071 -0.6459
vn 0.2879 0.7071 -0.6459
vn 0.2879 0.7071 -0.6459
vn 0.2879 0.7071 -0.6459
vn 0.2879 0.7071 -0.6459
vn 0.2879 0.7071 -0.6459
vn -0.0231 0.9984 0.0518
vn 0.1905 0.9774 0.0916
vn -0.3812 -0.5281 0.7588
vn -0.0730 -0.6744 0.7348
vn -0.3821 -0.7091 0.5926
vn -0.3495 -0.6413 0.6830
vn -0.2864 -0.6429 0.7104
vn -0.4178 -0.5936 0.6878
vn -0.4263 -0.6509 0.6281
vn -0.9863 0.0513 -0.1565
vn -0.3332 -0.4899 0.8056
vn -0.6698 -0.6804 0.2974
vn -0.2879 -0.7071 0.6458
vn -0.1129 -0.6592 0.7434
vn 0.3920 0.5822 -0.7123
vn 0.4452 0.7071 -0.5493
vn 0.4452 0.7071 -0.5493
vn 0.4452 0.7071 -0.5493
vn 0.3474 0.6419 -0.6836
vn 0.2487 0.8785 -0.4080
vn 0.4452 0.7071 -0.5493
vn 0.4307 0.6918 -0.5796
vn 0.1273 0.8928 -0.4320
vn 0.0781 0.7495 -0.6574
vn 0.6502 0.3357 -0.6816
vn 0.4452 0.7071 -0.5493
vn 0.4452 0.7071 -0.5493
vn 0.4452 0.7071 -0.5493
vn 0.4452 0.7071 -0.5493
vn 0.4452 0.7071 -0.5493
vn 0.4202 0.7170 -0.5562
vn 0.0684 0.9941 -0.0844
vn -0.1957 0.9517 -0.2365
vn -0.5134 -0.6887 0.5120
vn -0.4956 -0.6572 0.5679
vn -0.4137 -0.6806 0.6047
vn -0.4539 -0.7141 0.5329
vn -0.5522 -0.5579 0.6195
vn -0.5969 -0.6756 0.4327
vn -0.4307 -0.6961 0.5745
vn -0.4452 -0.7071 0.5493
vn -0.4820 -0.6339 0.6049
vn -0.4452 -0.7071 0.5493
vn -0.4452 -0.7071 0.5493
vn -0.4731 -0.7005 0.5343
vn -0.5309 -0.5603 0.6357
vn -0.6839 -0.6891 0.2394
vn -0.5464 -0.7986 0.2525
vn -0.5927 -0.6602 0.4613
vn 0.5063 0.6665 -0.5472
vn 0.5016 0.6598 -0.5596
vn 0.3196 0.9086 -0.2689
vn 0.2670 0.8526 -0.4492
vn 0.3256 0.7948 -0.5121
vn 0.3633 0.8880 -0.2818
vn 0.5772 0.6274 -0.5228
vn 0.5772 0.6309 -0.5185
vn 0.4441 0.7565 -0.4801
vn 0.3379 0.9267 -0.1643
vn 0.0096 0.7278 -0.6858
vn 0.2575 0.5586 -0.7885
vn 0.9257 0.2588 -0.2760
vn 0.0806 0.9950 -0.0585
vn -0.1663 0.9167 -0.3633
vn -0.6054 -0.7059 0.3677
vn -0.6005 -0.6751 0.4286
vn -0.6065 -0.6761 0.4184
vn -0.5389 -0.7032 0.4638
vn -0.5722 -0.7071 0.4154
vn -0.5710 -0.6776 0.4636
vn -0.6313 -0.6653 0.3986
vn -0.6343 -0.6694 0.3867
vn -0.6086 -0.7093 0.3557
vn -0.7497 -0.3926 -0.5327
vn -0.8504 -0.2674 0.4532
vn -0.6657 -0.6708 0.3269
vn -0.5722 -0.7071 0.4154
vn -0.3643 -0.5206 0.7722
vn 0.0601 -0.5992 0.7984
vn -0.7758 -0.5977 0.2022
vn -0.2961 -0.9067 0.3005
vn -0.4115 -0.5172 0.7505
vn 0.6684 0.6779 -0.3061
vn 0.6602 0.7071 -0.2531
vn 0.6602 0.7071 -0.2531
vn 0.6602 0.7071 -0.2531
vn 0.6727 0.7087 -0.2126
vn 0.6762 0.6233 -0.3928
vn 0.4994 0.7794 -0.3784
vn 0.4060 0.8548 -0.3232
vn 0.2428 0.9046 -0.3503
vn 0.4979 0.6779 -0.5409
vn 0.8373 0.3932 -0.3798
vn 0.9745 -0.0907 0.2053
vn -0.6367 0.1720 -0.7517
vn 0.5966 0.7222 -0.3500
vn 0.6473 0.7507 -0.1320
vn 0.6592 0.7134 -0.2377
vn 0.6807 0.7074 -0.1904
vn 0.0000 1.0000 -0.0000
vn -0.6602 -0.7071 0.2531
vn -0.6671 -0.7032 0.2458
vn -0.6640 -0.6932 0.2801
vn -0.6905 -0.6780 0.2519
vn -0.6997 -0.6764 0.2299
vn -0.6982 -0.6806 0.2221
vn -0.6730 -0.7089 0.2110
vn -0.6053 -0.4190 -0.6768
vn -0.9044 -0.3166 0.2861
vn -0.7596 -0.6117 0.2210
vn -0.6602 -0.7071 0.2531
vn -0.6602 -0.7071 0.2531
vn -0.6943 -0.6845 0.2223
vn -0.6744 -0.7379 0.0272
vn 0.0260 -0.9884 0.1494
vn -0.1289 -0.0576 0.9900
vn 0.5637 0.5941 0.5738
vn 0.6370 0.7281 -0.2530
vn 0.5837 0.8119 0.0131
vn 0.7033 0.7071 -0.0736
vn 0.7033 0.7071 -0.0736
vn 0.7033 0.7071 -0.0736
vn 0.7033 0.7071 -0.0736
vn 0.7033 0.7071 -0.0736
vn 0.7033 0.7071 -0.0736
vn 0.7310 0.6791 -0.0670
vn 0.5752 0.5618 0.5946
vn 0.5565 0.7911 -0.2539
vn 0.7033 0.7071 -0.0736
vn 0.6804 0.7305 -0.0589
vn 0.0437 0.9286 0.3686
vn -0.7409 -0.6682 0.0683
vn -0.7037 -0.6989 0.1280
vn -0.7033 -0.7071 0.0736
vn -0.7033 -0.7071 0.0736
vn -0.6939 -0.7086 0.1276
vn -0.6900 -0.7232 0.0292
vn -0.7005 -0.7108 0.0638
vn -0.7953 -0.6005 0.0834
vn -0.7033 -0.7071 0.0736
vn -0.3231 -0.1508 0.9343
vn -0.7400 -0.6675 0.0823
vn -0.6940 -0.7180 -0.0521
vn 0.5105 0.7819 0.3579
vn 0.6984 0.7071 0.1109
vn 0.6984 0.7071 0.1109
vn 0.6984 0.7071 0.1109
vn 0.6665 0.7344 0.1281
vn 0.7468 0.6616 0.0684
vn 0.6984 0.7071 0.1109
vn 0.6984 0.7071 0.1109
vn 0.6984 0.7071 0.1109
vn 0.6984 0.7071 0.1109
vn 0.6984 0.7071 0.1109
vn -0.0187 0.9461 -0.3232
vn 0.0323 0.9805 0.1938
vn 0.3668 0.9285 0.0583
vn -0.6984 -0.7071 -0.1109
vn -0.6984 -0.7071 -0.1109
vn -0.6984 -0.7071 -0.1109
vn -0.6984 -0.7071 -0.1109
vn -0.6336 -0.7619 -0.1343
vn -0.9386 0.0303 -0.3436
vn -0.2096 -0.6093 -0.7647
vn -0.6984 -0.7071 -0.1109
vn -0.6984 -0.7071 -0.1109
vn -0.6984 -0.7071 -0.1109
vn -0.7744 -0.6122 0.1600
vn -0.6984 -0.7071 -0.1109
vn -0.7098 -0.6935 -0.1233
vn -0.6944 -0.7057 -0.1409
vn -0.5379 -0.8389 -0.0826
vn -0.7877 -0.6078 0.1007
vn 0.3361 0.8250 0.4543
vn 0.6459 0.7071 0.2879
vn 0.6459 0.7071 0.2879
vn 0.6459 0.7071 0.2879
vn 0.6459 0.7071 0.2879
vn 0.8777 0.4709 -0.0884
vn 0.2618 0.9646 0.0332
vn 0.6459 0.7071 0.2879
vn 0.8317 0.5542 0.0336
vn 0.4374 0.8950 -0.0879
vn 0.4479 0.8911 -0.0727
vn 0.6792 0.7329 -0.0401
vn 0.5280 -0.3223 0.7857
vn 0.6458 0.7071 0.2879
vn 0.6458 0.7071 0.2879
vn 0.6459 0.7071 0.2879
vn 0.6459 0.7071 0.2879
vn 0.6459 0.7071 0.2879
vn 0.3578 0.8203 -0.4461
vn 0.6901 0.6480 -0.3223
vn 0.5872 0.1506 0.7953
vn 0.0000 1.0000 0.0000
vn -0.0000 1.0000 0.0000
vn -0.6457 -0.7073 -0.2878
vn -0.6457 -0.7072 -0.2881
vn -0.6459 -0.7071 -0.2879
vn -0.6459 -0.7071 -0.2879
vn -0.6459 -0.7071 -0.2879
vn -0.6459 -0.7071 -0.2879
vn -0.6773 -0.7123 -0.1840
vn -0.6240 -0.7580 -0.1898
vn -0.3760 -0.3726 -0.8484
vn -0.0192 -0.2730 -0.9618
vn -0.6459 -0.7071 -0.2879
vn -0.6459 -0.7071 -0.2879
vn -0.6459 -0.7071 -0.2879
vn 0.5493 0.7071 0.4452
vn 0.2900 0.8296 0.4771
vn 0.5493 0.7071 0.4452
vn 0.5493 0.7071 0.4452
vn 0.5493 0.7071 0.4452
vn 0.9117 0.4045 0.0715
vn 0.2086 0.9756 0.0681
vn 0.5493 0.7071 0.4452
vn 0.6451 0.2899 0.7070
vn 0.5493 0.7072 0.4452
vn 0.5493 0.7071 0.4452
vn 0.5493 0.7071 0.4452
vn 0.6560 0.7424 0.1362
vn 0.4294 0.8813 0.1971
vn 0.5493 0.7071 0.4452
vn 0.0844 0.9941 0.0684
vn 0.2364 0.9518 -0.1957
vn -0.4720 -0.7121 -0.5197
vn -0.5493 -0.7071 -0.4452
vn -0.5493 -0.7071 -0.4452
vn -0.5493 -0.7071 -0.4452
vn -0.5956 -0.6776 -0.4315
vn -0.5446 -0.6641 -0.5122
vn -0.4954 -0.6999 -0.5146
vn -0.2011 -0.5966 -0.7770
vn -0.6627 -0.5396 -0.5193
vn -0.6012 -0.6392 -0.4796
vn -0.0118 -0.3332 -0.9428
vn -0.5701 -0.6793 -0.4621
vn -0.4106 -0.7127 -0.5688
vn -0.3237 -0.8091 -0.4904
vn -0.4625 -0.6639 -0.5877
vn -0.1466 -0.8968 -0.4175
vn 0.4154 0.7071 0.5722
vn 0.7068 0.6826 0.1858
vn 0.2428 0.8738 0.4212
vn 0.4154 0.7071 0.5722
vn 0.4406 0.6940 0.5694
vn 0.2997 0.8943 0.3322
vn 0.4505 0.8203 0.3523
vn 0.6492 0.5058 0.5681
vn 0.4154 0.7071 0.5722
vn 0.4154 0.7071 0.5722
vn 0.4154 0.7071 0.5722
vn 0.4154 0.7071 0.5722
vn 0.4153 0.7071 0.5723
vn 0.4154 0.7071 0.5722
vn 0.6146 0.7492 0.2467
vn 0.6233 0.7146 0.3175
vn 0.4540 0.5577 0.6949
vn 0.0638 0.9941 0.0880
vn 0.2788 0.9518 -0.1278
vn -0.4154 -0.7071 -0.5722
vn -0.4154 -0.7071 -0.5722
vn -0.4154 -0.7071 -0.5722
vn -0.4661 -0.6887 -0.5554
vn -0.4018 -0.6642 -0.6304
vn -0.3837 -0.6704 -0.6351
vn -0.3633 -0.7162 -0.5958
vn -0.1563 -0.7288 -0.6666
vn -0.2394 -0.3856 -0.8911
vn -0.4154 -0.7071 -0.5722
vn -0.4154 -0.7071 -0.5722
vn -0.4154 -0.7071 -0.5723
vn -0.0136 -0.4888 -0.8723
vn -0.0220 -0.8184 -0.5742
vn 0.3656 0.6765 0.6393
vn 0.2531 0.7071 0.6602
vn 0.2531 0.7071 0.6602
vn 0.2531 0.7071 0.6602
vn 0.2557 0.7055 0.6609
vn 0.2491 0.7089 0.6599
vn 0.2632 0.7026 0.6611
vn 0.2610 0.7216 0.6413
vn 0.3667 0.8922 0.2636
vn 0.5087 0.7328 0.4520
vn 0.2508 0.3282 0.9107
vn 0.2531 0.7071 0.6602
vn -0.2224 0.0251 0.9746
vn 0.7567 0.0496 -0.6519
vn 0.2531 0.7071 0.6602
vn 0.0000 1.0000 0.0000
vn -0.2417 -0.7795 -0.5779
vn -0.1484 -0.7302 -0.6670
vn -0.2964 -0.6949 -0.6551
vn -0.2390 -0.6649 -0.7077
vn -0.2161 -0.6648 -0.7151
vn -0.1137 -0.8140 -0.5696
vn -0.6554 -0.6066 -0.4501
vn -0.2531 -0.7071 -0.6602
vn -0.1618 -0.7783 -0.6067
vn -0.2531 -0.7071 -0.6602
vn -0.2532 -0.7071 -0.6602
vn -0.1271 -0.6437 -0.7546
vn 0.1033 -0.7066 -0.7001
vn -0.1176 -0.9883 0.0967
vn -0.9835 -0.1713 -0.0579
vn 0.0736 0.7071 0.7033
vn 0.0736 0.7071 0.7033
vn 0.0736 0.7071 0.7033
vn 0.0736 0.7071 0.7033
vn 0.1472 0.6808 0.7175
vn 0.1371 0.7469 0.6507
vn 0.1089 0.7487 0.6539
vn 0.1068 0.7215 0.6841
vn 0.0735 0.7071 0.7033
vn 0.0737 0.7071 0.7032
vn 0.0736 0.7071 0.7033
vn 0.0730 0.7081 0.7023
vn 0.3226 0.9215 -0.2163
vn -0.2777 0.9581 0.0697
vn 0.0387 0.9285 0.3694
vn -0.0870 -0.8010 -0.5923
vn 0.1248 -0.7042 -0.6989
vn -0.0736 -0.7071 -0.7033
vn -0.0736 -0.7071 -0.7033
vn -0.0940 -0.7072 -0.7007
vn -0.0600 -0.7211 -0.6902
vn -0.0144 -0.7649 -0.6440
vn -0.0736 -0.7071 -0.7033
vn -0.4999 -0.5349 -0.6812
vn -0.0736 -0.7071 -0.7033
vn 0.0181 -0.5547 -0.8318
vn 0.1905 -0.6725 -0.7151
vn 0.1233 -0.8201 -0.5587
vn 0.1277 -0.8220 -0.5550
vn -0.1879 0.7392 0.6467
vn -0.1109 0.7071 0.6984
vn -0.1109 0.7071 0.6984
vn -0.1109 0.7071 0.6984
vn -0.1109 0.7071 0.6984
vn -0.1032 0.7605 0.6410
vn -0.0466 0.7406 0.6704
vn -0.0413 0.6670 0.7439
vn -0.1109 0.7071 0.6984
vn -0.1109 0.7071 0.6983
vn -0.1109 0.7071 0.6984
vn -0.1109 0.7071 0.6984
vn 0.0057 0.7539 0.6570
vn 0.2851 0.9519 0.1121
vn 0.1982 -0.5705 -0.7971
vn -0.0052 -0.7120 -0.7022
vn 0.5617 -0.5867 -0.5834
vn 0.1846 -0.1024 -0.9775
vn 0.4914 -0.1299 -0.8612
vn 0.7646 -0.6095 -0.2097
vn 0.2584 -0.7283 -0.6347
vn 0.2360 -0.6712 -0.7027
vn 0.1063 -0.6961 -0.7100
vn 0.1109 -0.7071 -0.6984
vn 0.1742 -0.6332 -0.7541
vn -0.0503 -0.5378 -0.8416
vn -0.2879 0.7071 0.6459
vn -0.2879 0.7071 0.6459
vn -0.2879 0.7071 0.6459
vn -0.2879 0.7071 0.6459
vn -0.0660 0.5844 0.8088
vn -0.0706 0.9251 0.3732
vn -0.2879 0.7071 0.6459
vn -0.1798 0.6251 0.7596
vn -0.0786 0.8105 0.5804
vn -0.8042 0.4179 0.4226
vn -0.2879 0.7071 0.6459
vn -0.2879 0.7071 0.6459
vn -0.2879 0.7071 0.6459
vn -0.2879 0.7071 0.6459
vn 0.7427 0.4632 0.4836
vn 0.9731 0.1542 -0.1711
vn 0.0869 -0.9857 0.1443
vn -0.0064 -1.0000 -0.0061
vn -0.0000 -1.0000 -0.0000
vn 0.0000 -1.0000 0.0000
vn -0.0000 -1.0000 -0.0000
vn -0.0963 -0.9947 -0.0363
vn -0.0938 -0.9951 -0.0326
vn 0.0137 -0.9995 0.0267
vn -0.0000 -1.0000 -0.0000
vn -0.0831 -0.9946 -0.0627
vn -0.0819 -0.9949 -0.0594
vn 0.0076 -0.9995 0.0308
vn -0.0000 -1.0000 -0.0000
vn -0.0528 -0.9948 -0.0871
vn -0.0790 -0.9931 -0.0872
vn -0.0730 -0.9946 -0.0733
vn -0.0470 -0.9964 -0.0703
vn -0.0404 -0.9981 -0.0461
vn -0.0196 -0.9990 -0.0414
vn -0.0286 -0.9934 -0.1115
vn -0.0502 -0.9917 -0.1186
vn -0.0009 -0.9963 -0.0860
vn -0.0003 -0.9963 -0.0856
vn -0.0213 -0.9997 -0.0151
vn 0.0107 -0.9999 0.0076
vn -0.0093 -0.9999 -0.0095
vn 0.0088 -0.9999 0.0089
vn 0.0507 -0.9958 -0.0758
vn 0.0582 -0.9962 -0.0651
vn 0.0276 -0.9986 -0.0451
vn 0.0364 -0.9989 -0.0303
vn 0.1056 -0.9924 -0.0629
vn 0.1050 -0.9924 -0.0641
vn -0.0116 -0.9995 -0.0283
vn 0.0000 -1.0000 0.0000
vn 0.0889 -0.9959 -0.0142
vn 0.0828 -0.9960 -0.0329
vn 0.0896 -0.9960 0.0010
vn 0.0900 -0.9959 0.0034
vn -0.0021 -0.9998 -0.0217
vn 0.0012 -0.9999 0.0121
vn 0.0065 -0.9999 0.0110
vn 0.0000 1.0000 0.0000
vn -0.0862 0.9961 0.0188
vn -0.0821 0.9960 0.0349
vn -0.0082 0.9998 -0.0200
vn 0.0000 1.0000 0.0000
vn -0.0917 0.9917 0.0905
vn -0.0967 0.9920 0.0806
vn -0.0462 0.9988 0.0139
vn -0.0327 0.9988 0.0366
vn -0.0528 0.9960 0.0727
vn 0.0000 1.0000 0.0000
vn 0.0196 0.9951 0.0967
vn 0.0574 0.9910 0.1210
vn -0.0046 0.9993 0.0359
vn 0.0291 0.9986 0.0435
vn 0.0561 0.9959 0.0713
vn 0.0656 0.9952 0.0724
vn 0.0848 0.9926 0.0872
vn 0.0973 0.9914 0.0873
vn 0.0127 0.9986 0.0517
vn 0.0000 1.0000 0.0000
vn 0.0666 0.9976 0.0181
vn 0.0743 0.9965 0.0388
vn 0.0161 0.9994 0.0314
vn 0.0000 1.0000 0.0000
vn 0.0718 0.9974 -0.0007
vn 0.0827 0.9965 0.0157
vn 0.0210 0.9995 0.0250
vn 0.0000 1.0000 0.0000
vn 0.0000 1.0000 0.0000
vn 0.0000 -1.0000 0.0000
vn 0.0000 -1.0000 0.0000
vn -0.0000 -1.0000 -0.0000
vn 0.0000 -1.0000 0.0000
vn -0.0000 -1.0000 -0.0000
vn 0.0000 -1.0000 0.0000
vn -0.0000 -1.0000 -0.0000
vn 0.0000 -1.0000 0.0000
vn -0.0000 -1.0000 -0.0000
vn 0.0000 -1.0000 0.0000
vn -0.0000 -1.0000 -0.0000
vn 0.0000 -1.0000 0.0000
vn -0.0000 -1.0000 -0.0000
vn -0.0000 -1.0000 -0.0000
vn 0.0000 -1.0000 0.0000
vn -0.0000 -1.0000 -0.0000
vn 0.0000 -1.0000 0.0000
vn -0.0000 -1.0000 -0.0000
vn 0.0000 -1.0000 0.0000
vn -0.0000 -1.0000 -0.0000
vn 0.0000 -1.0000 0.0000
vn -0.0000 -1.0000 -0.0000
vn 0.0000 -1.0000 0.0000
vn 0.0000 -1.0000 -0.0000
vn 0.0000 -1.0000 0.0000
vn 0.0000 -1.0000 -0.0000
vn 0.0000 -1.0000 0.0000
vn 0.0000 -1.0000 -0.0000
vn 0.0000 -1.0000 0.0000
vn 0.0000 -1.0000 -0.0000
vn 0.0000 -1.0000 0.0000
vn 0.0000 -1.0000 -0.0000
vn 0.0000 -1.0000 0.0000
vn 0.0000 -1.0000 -0.0000
vn 0.0000 -1.0000 0.0000
vn 0.0000 -1.0000 -0.0000
vn 0.0000 -1.0000 0.0000
vn 0.0000 -1.0000 0.0000
vn 0.0000 -1.0000 0.0000
vn 0.0000 -1.0000 0.0000
vn 0.0000 -1.0000 0.0000
vn 0.0000 -1.0000 0.0000
vn -0.9989 -0.0166 0.0444
vn -0.9968 -0.0236 0.0762
vn -0.1279 -0.9914 -0.0289
vn -0.2517 -0.9637 -0.0895
vn -0.4065 -0.9100 -0.0811
vn -0.8521 -0.4443 0.2767
vn -0.3533 -0.9355 -0.0073
vn -0.7384 -0.6500 -0.1797
vn -0.6294 -0.7341 -0.2550
vn -0.5741 -0.7164 0.3965
vn -0.2053 -0.9496 0.2369
vn -0.4901 -0.8615 -0.1329
vn -0.9231 -0.3409 0.1779
vn -0.7860 -0.4784 -0.3916
vn -0.9572 0.2871 0.0369
vn -0.3142 -0.9323 -0.1792
vn -0.7482 -0.6552 -0.1043
vn -0.8526 -0.4965 -0.1631
vn -0.8622 -0.4839 -0.1497
vn -0.8995 0.0449 -0.4347
vn -0.9647 -0.0059 -0.2633
vn -0.9406 0.0061 -0.3393
vn -0.1211 -0.9906 -0.0643
vn -0.2520 -0.9584 -0.1341
vn -0.3605 -0.9223 -0.1396
vn -0.6951 -0.6147 -0.3728
vn -0.6016 -0.7127 -0.3608
vn -0.6773 -0.6641 -0.3166
vn -0.5595 -0.7684 -0.3107
vn -0.6936 -0.6690 0.2671
vn -0.2544 -0.9484 0.1895
vn -0.9408 -0.0066 -0.3389
vn -0.9097 -0.0740 -0.4086
vn -0.9578 -0.1241 -0.2591
vn -0.9040 -0.2439 -0.3510
vn -0.4537 -0.2136 -0.8652
vn -0.7949 0.4489 -0.4082
vn -0.2628 -0.9406 -0.2151
vn -0.4897 -0.8331 -0.2572
vn -0.7340 -0.6024 -0.3137
vn -0.8273 -0.4958 -0.2640
vn -0.8870 -0.0102 -0.4616
vn -0.8207 0.0104 -0.5712
vn -0.1012 -0.9906 -0.0920
vn -0.0960 -0.9913 -0.0895
vn -0.1988 -0.9558 -0.2165
vn -0.3224 -0.9046 -0.2789
vn -0.9458 -0.3017 -0.1204
vn -0.3732 -0.8761 -0.3052
vn -0.5499 -0.6594 -0.5126
vn -0.4397 -0.7310 -0.5219
vn -0.8183 0.0294 -0.5740
vn -0.5545 -0.7221 -0.4137
vn -0.9463 -0.0606 -0.3175
vn -0.7931 -0.1924 -0.5779
vn -0.1973 -0.9301 -0.3097
vn -0.2826 -0.5522 -0.7843
vn -0.7554 0.1872 -0.6279
vn -0.7376 -0.0160 -0.6750
vn -0.6437 0.0117 -0.7651
vn -0.2709 -0.9505 -0.1525
vn -0.0974 -0.9843 -0.1474
vn -0.0269 -0.9945 -0.1014
vn -0.1422 -0.9586 -0.2467
vn -0.1831 -0.9079 -0.3770
vn -0.8618 -0.4091 -0.3000
vn -0.2527 -0.9279 -0.2740
vn -0.4269 -0.4898 -0.7602
vn -0.1846 -0.7073 -0.6824
vn -0.6911 -0.7134 -0.1163
vn -0.2784 -0.9525 0.1230
vn -0.3005 -0.7772 -0.5529
vn -0.6869 0.0674 -0.7236
vn -0.6395 0.0465 -0.7674
vn -0.0676 -0.9368 -0.3433
vn -0.4879 -0.4936 -0.7199
vn -0.4867 -0.5025 -0.7145
vn -0.3801 -0.5799 -0.7206
vn -0.3304 0.1050 -0.9380
vn -0.9050 -0.1158 -0.4094
vn -0.4799 -0.0952 -0.8721
vn -0.0670 -0.9747 -0.2134
vn -0.0633 -0.9198 -0.3872
vn -0.6814 -0.5273 -0.5076
vn -0.3632 -0.8066 -0.4663
vn -0.4920 -0.5397 -0.6831
vn 0.1209 -0.8752 -0.4683
vn -0.0419 -0.7401 -0.6711
vn -0.3919 -0.7255 -0.5657
vn -0.6269 -0.4606 -0.6284
vn -0.3896 -0.5522 -0.7371
vn -0.5885 -0.1573 -0.7931
vn -0.3787 -0.2328 -0.8957
vn -0.1026 -0.9009 -0.4216
vn -0.0097 -0.9868 -0.1614
vn -0.2859 -0.5502 -0.7846
vn -0.2856 -0.5968 -0.7498
vn -0.3982 -0.5201 -0.7556
vn -0.3004 -0.0050 -0.9538
vn -0.1806 0.0065 -0.9835
vn -0.1701 0.0472 -0.9843
vn 0.0016 -0.9649 -0.2624
vn -0.0593 -0.9223 -0.3820
vn 0.4848 -0.4422 -0.7546
vn -0.6699 -0.3602 -0.6492
vn -0.0599 -0.8411 -0.5375
vn -0.0402 -0.7594 -0.6494
vn -0.0424 -0.7579 -0.6509
vn -0.6336 -0.6718 -0.3837
vn -0.2555 -0.9519 -0.1688
vn -0.1505 0.0346 -0.9880
vn 0.2681 -0.0464 -0.9623
vn -0.1469 0.4338 -0.8890
vn 0.0284 -0.9376 -0.3465
vn 0.7960 -0.3737 -0.4762
vn -0.1988 0.0549 -0.9785
vn -0.0744 -0.5934 -0.8014
vn -0.0928 -0.5888 -0.8029
vn 0.0621 -0.6941 -0.7172
vn -0.0443 -0.0111 -0.9990
vn -0.0101 -0.0052 -0.9999
vn 0.0290 -0.9914 -0.1279
vn 0.0893 -0.9629 -0.2545
vn 0.0811 -0.9100 -0.4065
vn -0.0104 -0.4555 -0.8902
vn 0.0413 -0.7678 -0.6393
vn 0.1746 -0.8284 -0.5322
vn 0.1366 -0.7695 -0.6238
vn -0.3891 -0.6885 -0.6120
vn -0.2821 -0.9438 -0.1723
vn -0.0224 -0.0822 -0.9964
vn 0.2528 -0.7916 -0.5563
vn -0.0335 -0.0581 -0.9978
vn 0.2053 -0.1133 -0.9721
vn -0.0445 0.1345 -0.9899
vn 0.0951 -0.9142 -0.3939
vn 0.1914 -0.5114 -0.8378
vn 0.2853 -0.6822 -0.6732
vn 0.4524 0.0495 -0.8905
vn 0.2636 -0.0055 -0.9646
vn 0.1325 -0.0245 -0.9909
vn 0.1233 -0.9658 -0.2282
vn 0.1227 -0.9636 -0.2376
vn 0.2279 -0.8955 -0.3822
vn 0.1152 -0.5215 -0.8455
vn 0.2340 -0.8571 -0.4589
vn -0.2240 -0.7511 -0.6210
vn -0.2279 -0.9438 -0.2394
vn 0.2960 -0.1715 -0.9396
vn 0.5250 -0.4914 -0.6949
vn 0.7328 -0.4939 -0.4680
vn 0.1383 0.0638 -0.9883
vn 0.2230 -0.8677 -0.4442
vn 0.3142 -0.6866 -0.6557
vn 0.3524 -0.5912 -0.7255
vn 0.2947 -0.5278 -0.7966
vn 0.2766 -0.1977 -0.9404
vn 0.9849 0.0000 -0.1731
vn 0.5663 0.0000 -0.8242
vn 0.5758 0.0472 -0.8163
vn 0.1423 -0.9763 -0.1633
vn 0.1178 -0.9924 -0.0342
vn 0.1838 -0.9709 -0.1535
vn 0.3116 -0.9045 -0.2911
vn 0.1080 -0.2960 -0.9491
vn 0.3544 -0.8373 -0.4163
vn 0.4322 -0.7614 -0.4831
vn 0.4315 -0.7593 -0.4871
vn 0.8470 -0.0329 -0.5305
vn 0.5154 0.4673 -0.7183
vn 0.3121 -0.9057 -0.2870
vn 0.9562 0.0057 0.2926
vn 0.8003 -0.5495 -0.2401
vn 0.7069 0.0396 -0.7062
vn 0.3485 0.0510 -0.9359
vn 0.6927 -0.5300 -0.4892
vn 0.5096 -0.2065 -0.8352
vn 0.9788 0.1124 0.1715
vn 0.7647 0.0059 -0.6444
vn 0.2251 -0.9559 -0.1888
vn 0.1187 -0.9910 -0.0617
vn 0.3365 -0.9266 -0.1679
vn 0.6949 -0.6054 -0.3882
vn 0.6953 -0.5908 -0.4093
vn 0.6735 -0.6199 -0.4027
vn 0.5986 -0.7860 -0.1547
vn 0.3484 -0.6621 -0.6635
vn 0.0407 -0.9901 -0.1343
vn 0.7705 0.0418 -0.6361
vn 0.7672 0.0434 -0.6399
vn 0.6299 -0.6230 -0.4638
vn 0.6377 -0.6132 -0.4662
vn 0.6481 -0.6321 -0.4248
vn 0.7084 -0.2066 -0.6749
vn 0.9009 0.1124 0.4192
vn 0.8424 -0.0127 -0.5387
vn 0.3205 -0.9387 -0.1267
vn 0.1670 -0.9844 -0.0555
vn 0.3865 -0.9195 -0.0721
vn 0.8019 -0.4954 -0.3338
vn 0.8073 -0.4366 -0.3970
vn 0.7030 -0.6057 -0.3727
vn 0.5655 -0.8239 -0.0380
vn 0.5384 -0.8369 -0.0990
vn 0.2230 0.9748 -0.0095
vn 0.8976 -0.4280 -0.1053
vn 0.8903 -0.2912 -0.3502
vn 0.8327 -0.5278 -0.1673
vn 0.7092 -0.3829 -0.5920
vn 0.3573 -0.9340 0.0011
vn 0.7431 -0.6052 -0.2854
vn 0.8199 -0.4965 -0.2851
vn 0.8236 -0.4613 -0.3300
vn 0.9463 0.1124 -0.3032
vn 0.2111 -0.1910 -0.9586
vn 0.9995 0.0305 0.0118
vn 0.2562 -0.9666 -0.0077
vn 0.2638 -0.9645 -0.0129
vn 0.4540 -0.8910 0.0072
vn 0.7621 -0.3733 -0.5290
vn 0.3230 -0.9464 -0.0065
vn 0.6937 -0.7198 -0.0273
vn 0.7130 -0.6996 -0.0473
vn 0.6396 -0.7686 -0.0105
vn 0.7717 -0.6300 -0.0870
vn 0.9977 0.0228 0.0635
vn 0.9881 0.0035 0.1537
vn 0.8482 0.4969 -0.1834
vn 0.4996 -0.8659 -0.0226
vn 0.8793 -0.4761 -0.0088
vn 0.7456 -0.6409 0.1826
vn 0.9989 -0.0115 -0.0447
vn 0.9963 0.0119 0.0849
vn 0.1299 -0.9911 0.0290
vn 0.2517 -0.9636 0.0897
vn 0.4075 -0.9094 0.0830
vn -0.5236 0.3912 -0.7568
vn 0.7938 -0.6079 -0.0160
vn 0.6451 -0.7638 0.0212
vn 0.5516 -0.8166 0.1698
vn 0.6255 -0.7701 0.1250
vn 0.6069 -0.6795 -0.4123
vn 0.1588 -0.9406 -0.3002
vn 0.9957 0.0286 0.0880
vn 0.6388 -0.7269 0.2522
vn 0.9946 0.0555 0.0874
vn 0.9921 0.0896 -0.0879
vn 0.9868 -0.1273 0.0997
vn 0.3720 -0.9203 0.1212
vn 0.0241 -0.1051 0.9942
vn 0.9596 -0.0916 0.2661
vn 0.8467 -0.5076 0.1594
vn 0.7264 -0.6265 0.2824
vn -0.1820 -0.9403 0.2877
vn -0.1337 -0.9910 -0.0059
vn -0.3929 -0.9193 -0.0241
vn -0.7873 -0.6161 0.0242
vn -0.6907 -0.7230 -0.0157
vn -0.7324 -0.6757 0.0843
vn -0.6390 -0.7691 0.0127
vn -0.9276 -0.1619 0.3368
vn -0.8903 -0.3707 0.2646
vn -0.8612 -0.4374 -0.2589
vn -0.8150 0.4424 0.3742
vn -0.3812 -0.9235 -0.0433
vn -0.5261 -0.8504 0.0066
vn -0.0812 0.6901 -0.7191
vn -0.1078 0.3652 -0.9247
vn -0.7871 -0.6087 0.1000
vn -0.8334 -0.5113 0.2100
vn 0.7762 -0.0414 0.6292
vn 0.7928 -0.3783 0.4778
vn 0.9049 0.0409 0.4236
vn 0.9646 -0.0055 0.2636
vn 0.9912 -0.0249 0.1299
vn 0.0000 -1.0000 -0.0000
vn -0.0000 -1.0000 -0.0000
vn 0.0118 -0.9972 -0.0745
vn -0.6521 -0.7097 -0.2665
vn 0.2171 -0.8933 0.3936
vn -0.3781 -0.9256 0.0162
vn -0.1628 -0.9853 0.0522
vn 0.0000 -1.0000 0.0000
vn 0.0000 -1.0000 0.0000
vn 0.0000 -1.0000 -0.0000
vn 0.0000 -1.0000 0.0000
vn 0.0000 -1.0000 -0.0000
vn 0.2145 -0.9453 -0.2457
vn -0.0664 -0.9590 0.2755
vn -0.3668 -0.9285 -0.0583
vn -0.0544 -0.9648 -0.2574
vn -0.0775 -0.9955 0.0552
vn -0.0000 -1.0000 -0.0000
vn -0.0748 -0.9957 0.0543
vn -0.1914 -0.9655 -0.1763
vn -0.2430 -0.9696 -0.0273
vn 0.0000 -1.0000 0.0000
vn 0.5683 -0.7756 0.2747
vn 0.1740 -0.9040 -0.3904
vn -0.2726 -0.9539 -0.1258
vn 0.2021 -0.9761 0.0802
vn -0.0649 -0.9104 0.4087
vn -0.0607 0.9981 0.0130
vn 0.0880 0.9961 0.0050
vn 0.0878 0.9961 0.0033
vn 0.0037 0.9998 0.0217
vn -0.0020 0.9999 -0.0116
vn 0.0036 0.9999 0.0112
vn 0.0000 1.0000 0.0000
vn 0.0734 0.9958 -0.0544
vn 0.0766 0.9960 -0.0468
vn 0.0754 0.9961 -0.0456
vn 0.0693 0.9959 -0.0578
vn 0.0417 0.9989 -0.0214
vn 0.0327 0.9988 -0.0366
vn 0.0709 0.9919 -0.1053
vn 0.0800 0.9925 -0.0925
vn 0.0290 0.9959 -0.0862
vn 0.0358 0.9962 -0.0793
vn 0.0032 0.9958 -0.0915
vn -0.0003 0.9956 -0.0939
vn 0.0214 0.9997 0.0123
vn -0.0128 0.9999 -0.0074
vn 0.0135 0.9999 0.0046
vn 0.0000 1.0000 0.0000
vn -0.1026 0.9846 -0.1416
vn -0.0933 0.9858 -0.1396
vn -0.0512 0.9940 -0.0965
vn -0.0914 0.9907 -0.1009
vn 0.0398 0.9992 0.0004
vn 0.0000 1.0000 0.0000
vn -0.0869 0.9955 -0.0369
vn -0.0945 0.9932 -0.0685
vn -0.0180 0.9987 -0.0480
vn 0.0000 1.0000 0.0000
vn -0.0698 0.9975 -0.0089
vn -0.0793 0.9965 -0.0276
vn -0.0188 0.9994 -0.0283
vn 0.0000 1.0000 0.0000
vn -0.0724 0.9973 0.0108
vn -0.0843 0.9964 -0.0035
vn -0.0227 0.9995 -0.0217
vn 0.0113 0.9999 0.0108
vn 0.2101 0.9643 -0.1613
vn -0.0000 -1.0000 -0.0000
vn 0.0998 -0.9948 0.0221
vn 0.0967 -0.9951 0.0184
vn -0.0162 -0.9996 -0.0243
vn -0.0000 -1.0000 -0.0000
vn 0.0907 -0.9946 0.0499
vn 0.0889 -0.9950 0.0464
vn -0.0108 -0.9995 -0.0289
vn -0.0000 -1.0000 -0.0000
vn 0.1027 -0.9893 0.1035
vn 0.0994 -0.9911 0.0891
vn 0.0460 -0.9989 0.0004
vn 0.0000 -1.0000 0.0000
vn 0.0410 -0.9946 0.0953
vn 0.0656 -0.9930 0.0981
vn 0.0757 -0.9878 0.1358
vn 0.0631 -0.9891 0.1331
vn 0.0484 -0.9987 0.0164
vn 0.0000 -1.0000 0.0000
vn -0.0230 -0.9967 0.0775
vn -0.0812 -0.9925 0.0909
vn -0.0230 -0.9983 0.0528
vn -0.0364 -0.9989 0.0303
vn -0.0742 -0.9961 0.0481
vn -0.0752 -0.9961 0.0460
vn -0.0767 -0.9960 0.0464
vn -0.0816 -0.9961 0.0347
vn 0.0067 -0.9998 0.0206
vn 0.0000 -1.0000 0.0000
vn -0.0898 -0.9957 -0.0244
vn 0.2654 0.9592 0.0969
vn -0.0000 1.0000 -0.0000
vn 0.0000 1.0000 0.0000
vn -0.0000 1.0000 0.0000
vn 0.0000 1.0000 0.0000
vn -0.0000 1.0000 0.0000
vn 0.0000 1.0000 0.0000
vn -0.0000 1.0000 0.0000
vn 0.0000 1.0000 0.0000
vn -0.0000 1.0000 0.0000
vn 0.0000 1.0000 0.0000
vn -0.0000 1.0000 0.0000
vn 0.0000 1.0000 0.0000
vn -0.0000 1.0000 0.0000
vn 0.0000 1.0000 0.0000
vn -0.0000 1.0000 0.0000
vn 0.0000 1.0000 0.0000
vn -0.0000 1.0000 0.0000
vn 0.0000 1.0000 0.0000
vn 0.0000 1.0000 0.0000
vn 0.0000 1.0000 0.0000
vn 0.0000 1.0000 0.0000
vn 0.0000 1.0000 0.0000
vn 0.0000 1.0000 0.0000
vn 0.0000 1.0000 0.0000
vn 0.0000 1.0000 0.0000
vn 0.0000 1.0000 0.0000
vn 0.0000 1.0000 0.0000
vn 0.0000 1.0000 0.0000
vn 0.0000 1.0000 0.0000
vn 0.0000 1.0000 0.0000
vn 0.0000 1.0000 0.0000
vn 0.0000 1.0000 0.0000
vn 0.0000 1.0000 0.0000
vn 0.0000 1.0000 0.0000
vn 0.0000 1.0000 0.0000
vn 0.0000 1.0000 0.0000
vn 0.0000 1.0000 0.0000
vn 0.0000 1.0000 0.0000
vn 0.0000 1.0000 0.0000
vn 0.0000 1.0000 -0.0000
vn -0.2228 0.9711 -0.0853
vn 0.1398 -0.1807 -0.9735
vn 0.1409 -0.0266 -0.9897
vn 0.1381 -0.0282 -0.9900
vn 0.1381 -0.0310 -0.9899
vn 0.1409 -0.0236 -0.9897
vn 0.1542 -0.0377 -0.9873
vn 0.1559 -0.0392 -0.9870
vn 0.0923 -0.0615 -0.9938
vn 0.1609 -0.0407 -0.9861
vn 0.1515 -0.0361 -0.9878
vn 0.2071 -0.0606 -0.9764
vn -0.3394 -0.4589 -0.8211
vn 0.5279 0.1662 -0.8329
vn 0.1568 -0.0262 -0.9873
vn 0.1568 -0.0262 -0.9873
vn 0.1568 -0.0262 -0.9873
vn 0.1568 -0.0262 -0.9873
vn 0.1680 -0.0488 -0.9846
vn 0.1568 -0.0262 -0.9873
vn 0.1568 -0.0262 -0.9873
vn 0.1568 -0.0262 -0.9873
vn 0.1568 -0.0262 -0.9873
vn 0.1568 -0.0262 -0.9873
vn 0.1504 -0.0303 -0.9882
vn 0.2374 -0.1359 -0.9619
vn 0.1348 -0.0535 -0.9894
vn 0.0052 0.0756 -0.9971
vn 0.1582 -0.0419 -0.9865
vn 0.1601 -0.0408 -0.9863
vn 0.1567 -0.0362 -0.9870
vn 0.1559 -0.0400 -0.9870
vn 0.1564 -0.0388 -0.9869
vn -0.9873 0.0262 -0.1568
vn -0.9873 0.0262 -0.1568
vn -0.9694 0.1912 -0.1540
vn -0.9689 0.1950 -0.1523
vn -0.8886 0.4360 -0.1426
vn -0.8581 0.5014 -0.1108
vn -0.7522 0.6480 -0.1195
vn -0.6182 0.7821 -0.0787
vn -0.6564 0.7471 -0.1043
vn -0.4501 0.8901 -0.0715
vn -0.4501 0.8901 -0.0715
vn -0.2079 0.9776 -0.0330
vn -0.2130 0.9764 -0.0359
vn -0.0013 1.0000 0.0014
vn 0.0026 0.9999 -0.0135
vn 0.0982 0.9950 0.0156
vn 0.3533 0.9351 0.0270
vn 0.2994 0.9541 -0.0119
vn 0.5128 0.8548 0.0802
vn 0.7646 0.6383 0.0890
vn 0.7194 0.6939 0.0318
vn 0.8941 0.4244 0.1430
vn 0.9616 0.2425 0.1289
vn 0.9714 0.1806 0.1543
vn 0.9873 0.0262 0.1568
vn 0.9873 0.0262 0.1568
vn 0.8935 0.0000 0.4490
vn 0.9864 0.0003 0.1645
vn 0.4107 -0.4796 0.7754
vn 0.8700 -0.0007 0.4931
vn -0.5895 0.6020 -0.5386
vn 0.9807 0.1749 0.0876
vn 0.9400 0.3410 -0.0107
vn 0.5611 0.6319 -0.5347
vn 0.1140 0.9917 0.0596
vn 0.1839 0.9825 0.0287
vn 0.4934 0.7067 0.5071
vn 0.7336 -0.5973 0.3242
vn 0.2334 -0.4360 -0.8692
vn 0.3172 0.9457 -0.0709
vn 0.4019 0.9061 -0.1323
vn 0.1909 0.9271 -0.3224
vn 0.1176 0.9877 -0.1034
vn 0.6283 0.6380 -0.4453
vn 0.6462 0.4869 -0.5877
vn 0.8616 0.2745 -0.4270
vn 0.2381 0.6445 -0.7266
vn 0.5930 -0.2182 -0.7751
vn 0.0137 0.9943 -0.1060
vn 0.0575 0.3670 -0.9285
vn -0.0338 0.9487 -0.3144
vn 0.0444 0.2054 -0.9777
vn 0.0437 0.2459 -0.9683
vn -0.5753 0.6915 -0.4370
vn -0.9076 -0.2411 0.3438
vn -0.9266 0.3245 -0.1902
vn 0.6946 0.6021 0.3937
vn 0.6946 0.6026 0.3930
vn 0.8098 0.3635 0.4606
vn 0.5415 0.7903 0.2867
vn 0.5610 0.7449 0.3611
vn 0.3080 0.9333 0.1848
vn 0.3363 0.9242 0.1809
vn 0.4224 0.8684 0.2597
vn 0.1126 0.9911 0.0712
vn 0.1101 0.9917 0.0668
vn -0.0247 0.9997 0.0069
vn -0.1644 0.9864 -0.0049
vn -0.1218 0.9910 0.0558
vn -0.3656 0.9276 0.0771
vn -0.4165 0.8495 -0.3240
vn -0.7488 0.6280 0.2119
vn -0.7384 0.6414 0.2084
vn -0.9992 -0.0161 0.0366
vn -0.8963 0.3582 0.2616
vn -0.8433 0.4910 0.2185
vn -0.9914 0.1240 -0.0416
vn -0.8146 0.3631 -0.4524
vn -0.8605 0.1693 -0.4806
vn -0.8965 0.3576 -0.2617
vn -0.9919 0.1191 -0.0432
vn -0.9915 0.1240 -0.0389
vn -0.9256 0.3768 -0.0363
vn -0.9275 0.3716 -0.0419
vn -0.6122 0.7901 -0.0307
vn -0.6116 0.7892 0.0560
vn -0.5745 0.8092 0.1230
vn -0.5826 0.8107 0.0588
vn -0.3296 0.9429 0.0479
vn -0.3804 0.9246 0.0192
vn -0.1262 0.9917 0.0249
vn -0.1433 0.9890 0.0363
vn -0.0401 0.9992 0.0046
vn -0.0532 0.9985 -0.0134
vn -0.0783 0.9969 -0.0023
vn -0.3676 0.9236 -0.1083
vn -0.2355 0.9703 0.0546
vn -0.1330 0.9906 -0.0331
vn -0.8151 -0.1340 0.5636
vn -0.7857 0.5955 -0.1677
vn -0.8856 0.4203 -0.1977
vn -0.9029 0.3419 -0.2605
vn -0.9505 0.1360 -0.2793
vn -0.9447 0.1028 -0.3113
vn -0.8883 0.3241 -0.3254
vn -0.9268 0.1348 -0.3504
vn -0.9271 0.1351 -0.3495
vn -0.9196 0.0188 -0.3923
vn -0.7819 0.5823 -0.2226
vn -0.5843 0.8102 -0.0465
vn -0.6656 0.5692 -0.4827
vn -0.1883 0.9811 -0.0442
vn -0.0563 0.9984 -0.0069
vn -0.4646 0.8815 0.0839
vn -0.8532 0.5168 0.0702
vn -0.5794 0.8098 -0.0919
vn -0.3697 0.9280 -0.0466
vn -0.3727 0.9267 -0.0489
vn -0.1865 0.9821 -0.0247
vn -0.1224 0.9924 0.0091
vn -0.0464 0.9989 -0.0067
vn -0.3632 0.9190 -0.1531
vn -0.5946 0.7854 -0.1722
vn -0.3803 0.8794 -0.2864
vn -0.8845 -0.0083 -0.4665
vn -0.7032 0.6066 -0.3709
vn -0.9259 0.0846 0.3682
vn -0.7857 0.3788 -0.4891
vn -0.7617 0.3698 -0.5321
vn -0.2100 0.9767 -0.0434
vn -0.1872 0.9809 -0.0534
vn -0.1934 0.9771 -0.0893
vn -0.0488 0.9470 -0.3174
vn -0.1015 0.9891 -0.1063
vn -0.4583 0.8036 -0.3797
vn -0.5946 0.5905 -0.5457
vn -0.6144 0.6021 -0.5099
vn -0.6993 0.4026 -0.5906
vn -0.6718 0.4147 -0.6138
vn -0.6823 0.1258 -0.7201
vn -0.6052 0.4176 -0.6778
vn -0.3746 -0.1530 -0.9145
vn -0.3828 0.4584 -0.8021
vn -0.4487 0.8226 -0.3493
vn -0.3012 0.9216 -0.2449
vn -0.2855 0.9346 -0.2122
vn -0.1263 0.9880 -0.0888
vn -0.1172 0.9904 -0.0735
vn 0.0346 -0.9990 0.0278
vn -0.0351 0.9990 -0.0276
vn 0.0014 0.9999 0.0122
vn -0.0593 0.9925 -0.1069
vn -0.3567 0.7738 -0.5235
vn -0.3500 0.7616 -0.5454
vn -0.4301 -0.1790 -0.8849
vn -0.4186 -0.1881 -0.8885
vn -0.6348 0.1689 -0.7540
vn -0.1290 0.0779 -0.9886
vn -0.4105 -0.1895 -0.8920
vn -0.4079 0.3177 -0.8559
vn -0.3337 0.7864 -0.5198
vn -0.0446 0.5540 -0.8313
vn 0.0097 0.8039 -0.5947
vn -0.2137 0.9238 -0.3177
vn -0.2178 0.9242 -0.3137
vn -0.0887 0.9872 -0.1324
vn -0.3285 0.8490 -0.4138
vn -0.2318 0.9213 -0.3122
vn -0.2253 0.9242 -0.3084
vn -0.1584 0.9701 -0.1837
vn -0.0982 0.9871 -0.1265
vn -0.0747 0.9941 -0.0792
vn -0.0296 0.9987 -0.0411
vn -0.0144 0.9996 -0.0251
vn 0.0125 0.9856 -0.1684
vn -0.1507 0.9251 -0.3485
vn -0.1256 0.9361 -0.3285
vn -0.2127 0.8484 -0.4848
vn -0.2554 0.5943 -0.7626
vn -0.5553 0.3831 -0.7382
vn -0.3146 0.0392 -0.9484
vn -0.5235 -0.0594 -0.8500
vn -0.2461 -0.1468 -0.9581
vn -0.1628 0.4412 -0.8825
vn -0.2150 0.7786 -0.5895
vn -0.1593 0.7780 -0.6078
vn -0.0155 0.9917 -0.1273
vn -0.1761 0.9255 -0.3353
vn -0.1402 0.8826 -0.4487
vn -0.2353 0.6134 -0.7539
vn -0.4068 0.7396 -0.5363
vn -0.3464 0.8295 -0.4380
vn -0.0204 0.6004 -0.7995
vn -0.4641 0.1377 -0.8750
vn 0.0171 0.1240 -0.9921
vn 0.0615 0.1063 -0.9924
vn 0.0494 0.1252 -0.9909
vn 0.5984 0.4966 -0.6287
vn 0.6940 0.0655 -0.7169
vn 0.2842 0.3792 -0.8806
vn 0.0733 0.5866 -0.8065
vn -0.0015 0.5811 -0.8138
vn -0.0232 0.6022 -0.7980
vn 0.1229 0.9894 -0.0776
vn 0.4753 0.6260 -0.6182
vn -0.0245 0.9402 -0.3398
vn -0.1613 0.9348 -0.3164
vn -0.0836 0.9307 -0.3562
vn -0.0221 0.9941 -0.1062
vn -0.0089 0.9943 -0.1062
vn -0.0092 0.9943 -0.1060
vn -0.0017 0.9966 -0.0829
vn 0.0051 0.9966 -0.0828
vn 0.0158 0.9947 -0.1019
vn 0.0106 0.9773 -0.2115
vn 0.0718 0.9397 -0.3344
vn 0.0550 0.9210 -0.3856
vn 0.0538 0.8469 -0.5290
vn 0.6699 0.7422 -0.0198
vn 0.2696 0.1239 -0.9550
vn 0.5947 0.0201 -0.8037
vn 0.2552 0.5042 -0.8250
vn -0.5168 -0.5783 -0.6313
vn 0.1942 0.1227 -0.9733
vn 0.1460 0.6339 -0.7595
vn -0.0540 0.7535 -0.6552
vn -0.0163 0.5856 -0.8104
vn 0.3294 0.4245 -0.8434
vn 0.2006 0.5941 -0.7790
vn 0.1485 0.6335 -0.7593
vn 0.1071 0.7861 -0.6087
vn 0.0986 0.8810 -0.4626
vn 0.0175 0.9943 -0.1052
vn 0.0156 0.9318 -0.3625
vn -0.0548 0.9383 -0.3415
vn 0.0524 0.9928 -0.1077
vn 0.1409 0.9395 -0.3122
vn 0.1797 0.9258 -0.3325
vn 0.1032 0.9636 -0.2467
vn -0.0439 0.0512 -0.9977
vn 0.5889 0.1222 -0.7989
vn 0.5875 0.1234 -0.7997
vn 0.5342 0.3812 -0.7545
vn 0.3813 0.1208 -0.9165
vn 0.5585 -0.2034 -0.8042
vn 0.4765 0.3675 -0.7987
vn 0.5118 0.3347 -0.7912
vn 0.4387 0.5939 -0.6745
vn 0.2532 0.7686 -0.5875
vn -0.0178 0.7555 -0.6550
vn 0.3453 0.5976 -0.7236
vn 0.2596 0.7874 -0.5591
vn 0.0775 0.9405 -0.3309
vn 0.1952 0.9079 -0.3709
vn 0.0402 0.9938 -0.1037
vn 0.0405 0.9940 -0.1021
vn 0.0478 0.9942 -0.0968
vn 0.0369 0.9952 -0.0902
vn 0.0585 0.9953 -0.0775
vn 0.0841 0.9918 -0.0965
vn 0.3856 0.7690 -0.5099
vn 0.4401 0.7655 -0.4694
vn 0.3304 0.8135 -0.4785
vn 0.2352 0.9251 -0.2980
vn 0.2437 0.9219 -0.3012
vn 0.1219 0.9741 -0.1902
vn 0.6006 0.3915 -0.6972
vn 0.7583 0.1031 -0.6437
vn 0.7780 0.0624 -0.6251
vn 0.3821 0.3806 -0.8421
vn 0.7463 -0.1978 -0.6355
vn 0.6753 0.3431 -0.6529
vn 0.6835 0.3408 -0.6456
vn 0.6654 0.3622 -0.6527
vn 0.7171 0.3605 -0.5965
vn 0.5720 0.5870 -0.5729
vn 0.4584 0.6140 -0.6426
vn 0.3835 0.8082 -0.4469
vn 0.4007 0.8054 -0.4368
vn 0.2481 0.9235 -0.2925
vn 0.0201 0.9822 -0.1868
vn 0.0352 0.9986 -0.0406
vn 0.0689 0.9970 -0.0354
vn 0.5515 0.7606 -0.3424
vn 0.3751 0.8610 -0.3436
vn 0.2642 0.9516 -0.1569
vn 0.1937 0.9674 -0.1632
vn 0.6560 0.6022 -0.4550
vn 0.8457 -0.0170 -0.5334
vn 0.8684 -0.2982 -0.3961
vn 0.6260 0.2205 -0.7480
vn 0.5123 0.8578 -0.0426
vn 0.9755 0.1842 0.1200
vn 0.9005 0.1260 -0.4161
vn 0.9064 0.1127 -0.4071
vn 0.8587 0.3246 -0.3966
vn 0.7108 0.5823 -0.3946
vn 0.3376 0.7695 -0.5421
vn 0.5000 0.7902 -0.3544
vn 0.5000 0.7904 -0.3539
vn 0.8008 0.5849 -0.1288
vn 0.1846 0.9478 -0.2599
vn 0.2686 0.9340 -0.2357
vn 0.3965 0.8789 -0.2651
vn 0.0427 0.9989 -0.0188
vn 0.1446 0.9878 -0.0571
vn 0.1119 0.9915 -0.0659
vn 0.5259 0.8105 -0.2581
vn 0.3548 0.9242 -0.1412
vn 0.3232 0.9339 -0.1529
vn 0.9199 0.3511 -0.1747
vn 0.7630 0.2959 -0.5747
vn 0.7910 0.4330 -0.4323
vn 0.9682 0.2189 0.1208
vn 0.8623 0.0070 -0.5064
vn 0.9511 -0.1928 -0.2413
vn 0.8816 0.4436 -0.1614
vn 0.9400 0.3208 0.1161
vn 0.7741 0.6099 -0.1697
vn 0.3478 0.7631 0.5448
vn 0.8789 0.3725 0.2978
vn 0.6332 0.4601 -0.6224
vn 0.5719 0.7923 -0.2127
vn 0.6094 0.7720 -0.1807
vn 0.3524 0.9242 -0.1471
vn 0.2159 0.9751 -0.0496
vn 0.1007 0.9906 -0.0924
vn 0.0510 0.9985 -0.0192
vn 0.0317 0.9994 -0.0110
vn 0.7414 0.5826 -0.3330
vn 0.4641 0.8580 -0.2200
vn 0.9299 0.3583 0.0832
vn 0.1416 0.9898 -0.0145
vn 0.3799 0.9242 -0.0403
vn 0.3797 0.9242 -0.0417
vn 0.7486 0.5822 -0.3171
vn 0.3491 0.9347 -0.0667
vn 0.4781 0.8776 -0.0355
vn 0.6051 0.7940 -0.0585
vn 0.6304 0.7758 -0.0271
vn 0.7978 0.6020 -0.0343
vn 0.1141 0.9935 -0.0045
vn 0.1277 0.9917 -0.0153
vn 0.1248 0.9915 -0.0363
vn 0.3783 0.9236 0.0617
vn 0.8168 0.5634 -0.1241
vn 0.8066 0.3450 -0.4800
vn 0.7838 0.5963 0.1735
vn 0.5032 0.8554 -0.1228
vn 0.9694 0.1659 0.1811
vn 0.9627 0.2607 0.0720
vn 0.7588 -0.1590 0.6317
vn 0.8434 0.4584 0.2803
vn 0.8607 0.4586 0.2212
vn 0.3777 0.9241 0.0581
vn 0.3501 0.9362 0.0316
vn 0.1944 0.9807 -0.0193
vn 0.1272 0.9917 0.0197
vn 0.1317 0.9911 -0.0190
vn 0.0570 0.9983 0.0073
vn 0.0552 0.9984 0.0084
vn 0.1319 0.9898 0.0537
vn 0.1238 0.9916 0.0367
vn 0.3636 0.9240 0.1181
vn 0.8242 0.5623 0.0665
vn 0.8460 0.5209 0.1135
vn 0.2680 0.9489 0.1664
vn 0.8274 0.5590 0.0547
vn 0.7818 0.6222 0.0410
vn 0.8001 0.3660 0.4753
vn 0.8057 0.3952 0.4412
vn -0.0648 0.9895 -0.1291
vn -0.0577 0.9907 -0.1233
vn -0.0879 0.9874 -0.1315
vn -0.8057 0.5914 0.0320
vn -0.6340 0.7496 -0.1902
vn -0.3447 0.9154 -0.2081
vn -0.5781 0.7718 -0.2647
vn -0.5775 0.7732 -0.2620
vn -0.6821 0.6268 -0.3766
vn -0.7120 0.6260 -0.3181
vn -0.6937 0.5672 -0.4440
vn -0.2961 0.8075 -0.5101
vn -0.3759 0.7686 -0.5177
vn -0.4338 0.6020 -0.6704
vn -0.4404 0.5953 -0.6721
vn -0.5406 0.1417 -0.8293
vn -0.0220 0.8818 -0.4711
vn -0.0547 0.7815 -0.6215
vn -0.0402 0.7902 -0.6115
vn -0.0523 0.6020 -0.7968
vn -0.0531 0.6013 -0.7972
vn -0.0611 -0.1950 -0.9789
vn 0.1591 0.4061 -0.8999
vn 0.4864 -0.0186 -0.8735
vn 0.3804 0.6233 -0.6832
vn -0.0532 0.6581 -0.7510
vn 0.5740 0.1237 -0.8094
vn -0.0858 0.6255 -0.7755
vn 0.6258 0.7749 -0.0894
vn 0.6797 0.5932 -0.4314
vn 0.6363 0.3903 -0.6654
vn 0.5519 0.6020 -0.5771
vn 0.5185 0.6021 -0.6072
vn 0.5267 0.5975 -0.6047
vn 0.8803 0.4162 -0.2278
vn 0.8049 0.5510 -0.2205
vn 0.9412 0.3357 0.0370
vn 0.9918 0.1244 0.0296
vn 0.9932 0.0787 0.0854
vn 0.9885 0.1406 0.0554
vn 0.9868 0.1263 0.1014
vn 0.7574 0.6168 -0.2141
vn 0.7943 0.4257 -0.4335
vn 0.7941 0.4644 0.3921
vn 0.7103 0.6042 0.3611
vn 0.7130 0.6020 0.3595
vn 0.5211 0.8120 0.2628
vn 0.5563 0.7897 0.2586
vn 0.3468 0.9240 0.1612
vn 0.3469 0.9240 0.1612
vn 0.1169 0.9917 0.0543
vn 0.1218 0.9911 0.0540
vn 0.4777 0.8747 0.0821
vn 0.6266 0.7741 0.0898
vn 0.5700 0.8149 0.1048
vn 0.7568 0.6250 0.1912
vn 0.7848 0.5977 0.1639
vn 0.9683 0.1423 0.2051
vn -0.9297 0.3636 -0.0583
vn -0.8144 0.3445 -0.4669
vn -0.8433 0.1248 -0.5228
vn -0.8129 0.0672 -0.5786
vn -0.8240 0.1229 -0.5530
vn -0.7853 0.1285 -0.6056
vn -0.9006 0.3834 -0.2047
vn -0.8745 0.3918 -0.2861
vn -0.9048 0.3462 -0.2478
vn -0.4619 0.3923 -0.7955
vn -0.4345 0.3903 -0.8117
vn -0.4817 0.3457 -0.8053
vn -0.6812 0.3417 -0.6474
vn -0.6479 0.3427 -0.6803
vn -0.6697 0.3453 -0.6575
vn -0.6260 0.3895 -0.6756
vn -0.3169 0.3544 -0.8798
vn 0.0510 0.3717 -0.9269
vn -0.0017 0.3717 -0.9284
vn -0.0318 0.3412 -0.9394
vn -0.7399 0.1809 -0.6479
vn -0.1869 0.3718 -0.9093
vn -0.2358 0.3717 -0.8979
vn -0.2551 0.3534 -0.9000
vn 0.2440 0.3953 -0.8855
vn 0.2516 0.3937 -0.8841
vn 0.2055 0.3404 -0.9175
vn -0.1415 0.2730 -0.9516
vn 0.6115 0.3817 -0.6931
vn 0.8156 0.3433 -0.4658
vn 0.8215 0.3918 -0.4143
vn 0.7795 0.3809 -0.4972
vn 0.6436 0.7560 -0.1191
vn 0.6807 0.7322 0.0251
vn 0.7980 0.6021 -0.0265
vn 0.8170 0.5764 0.0170
vn 0.9282 0.3717 0.0193
vn 0.7951 0.3288 0.5097
vn 0.8300 0.5528 0.0741
vn 0.0015 0.7101 0.7041
vn 0.9060 0.3500 -0.2381
vn 0.9015 0.3810 -0.2054
vn 0.7656 0.6278 0.1402
vn 0.7845 0.5815 0.2156
vn 0.8809 0.3899 0.2684
vn 0.6931 0.3332 0.6393
vn 0.7204 0.4272 0.5463
vn -0.7856 0.5937 -0.1744
vn -0.7774 0.6020 -0.1824
vn -0.7802 0.6017 -0.1708
vn -0.1465 0.9463 -0.2881
vn -0.4529 0.8009 -0.3917
vn -0.5549 0.6267 -0.5471
vn -0.5978 0.6288 -0.4972
vn -0.5698 0.5814 -0.5808
vn -0.1131 0.6364 -0.7631
vn -0.2006 0.6132 -0.7640
vn -0.1809 0.6015 -0.7781
vn -0.2484 0.6020 -0.7589
vn -0.2327 0.7689 -0.5956
vn -0.1944 0.7618 -0.6179
vn -0.2084 0.7740 -0.5979
vn -0.0004 1.0000 0.0025
vn 0.0463 0.9933 -0.1056
vn -0.0027 1.0000 0.0020
vn 0.0000 1.0000 0.0000
vn 0.0173 0.9998 -0.0131
vn -0.0019 1.0000 0.0037
vn 0.0000 1.0000 0.0000
vn -0.0008 1.0000 0.0020
vn 0.0001 1.0000 0.0000
vn 0.0001 1.0000 0.0000
vn 0.0000 1.0000 0.0000
vn 0.0011 1.0000 -0.0006
vn 0.0036 1.0000 -0.0022
vn 0.0000 1.0000 0.0001
vn -0.0046 1.0000 0.0030
vn 0.0141 0.9998 -0.0110
vn 0.0000 1.0000 0.0001
vn 0.0000 1.0000 0.0001
vn -0.0351 0.9993 0.0117
vn -0.0038 1.0000 0.0035
vn 0.0031 1.0000 -0.0003
vn -0.0011 1.0000 0.0021
vn -0.0109 0.9999 0.0090
vn 0.0026 1.0000 -0.0008
vn 0.0001 1.0000 -0.0000
vn -0.4197 -0.8952 0.1501
vn 0.0656 0.9974 -0.0306
vn 0.0107 0.9999 -0.0043
vn -0.0879 0.9954 0.0369
vn -0.0011 1.0000 0.0022
vn -0.0015 1.0000 0.0007
vn -0.0000 1.0000 0.0001
vn -0.0000 1.0000 0.0001
vn 0.0000 1.0000 0.0001
vn -0.0017 1.0000 0.0011
vn -0.0181 0.9997 0.0171
vn 0.0065 1.0000 -0.0071
vn -0.0037 1.0000 0.0054
vn 0.0073 0.9999 -0.0131
vn -0.0015 1.0000 0.0028
vn 0.0214 0.9998 -0.0020
vn -0.0600 -0.9982 0.0087
vn -0.0365 0.9993 0.0126
vn -0.0136 0.9999 0.0060
vn -0.2063 0.9763 0.0656
vn -0.0044 1.0000 0.0050
vn 0.0044 1.0000 -0.0062
vn -0.0051 1.0000 0.0075
vn -0.9575 -0.0207 -0.2878
vn -0.9697 0.2353 -0.0661
vn -0.9911 0.0967 -0.0911
vn -0.1080 0.1225 0.9866
vn -0.0689 0.9975 0.0146
vn -0.1261 0.9919 -0.0129
vn -0.2517 0.9631 0.0958
vn -0.3805 0.9248 0.0078
vn -0.4403 0.8861 0.1450
vn -0.2613 0.9637 0.0549
vn -0.2283 0.9705 0.0777
vn -0.5208 0.8459 0.1150
vn -0.5328 0.8442 0.0586
vn -0.5093 0.3924 0.7659
vn -0.8724 0.4533 0.1830
vn -0.6885 0.7180 0.1025
vn -0.7128 0.6992 0.0561
vn -0.6704 0.7382 -0.0751
vn -0.6475 0.7107 0.2750
vn -0.9680 0.2464 0.0476
vn -0.7577 0.6456 0.0952
vn -0.7310 0.6665 0.1464
vn -0.9969 0.0778 0.0154
vn -0.0736 0.7072 -0.7032
vn -0.0736 0.7071 -0.7033
vn -0.0736 0.7071 -0.7033
vn -0.1922 0.0830 -0.9778
vn -0.5846 0.7359 -0.3417
vn -0.4250 0.8766 -0.2256
vn -0.0736 0.7071 -0.7033
vn -0.0736 0.7071 -0.7033
vn -0.8111 0.5579 0.1754
vn -0.9884 0.1440 -0.0482
vn -0.6731 0.7106 -0.2052
vn -0.8895 0.4202 0.1798
vn -0.9192 0.3798 0.1044
vn -0.9924 0.0872 -0.0868
vn 0.6792 0.2547 -0.6884
vn 0.9427 -0.1142 0.3134
vn 0.9041 -0.0906 0.4176
vn 0.9262 -0.0874 0.3667
vn 0.8923 -0.0131 0.4512
vn 0.8941 -0.0035 0.4478
vn 0.3022 -0.7090 -0.6372
vn 0.9420 -0.0282 0.3343
vn 0.8782 -0.0299 0.4774
vn 0.9367 -0.1440 0.3193
vn 0.9778 -0.0856 0.1912
vn 0.9115 0.0833 0.4028
vn 0.9925 0.0000 0.1223
vn 0.9984 0.0000 0.0559
vn 0.9802 0.1762 0.0901
vn 0.9671 -0.0845 0.2400
vn 0.9635 -0.2672 0.0138
vn 0.9593 0.0000 0.2825
vn 0.9972 0.0000 0.0750
vn 0.9993 -0.0189 0.0313
vn 1.0000 0.0000 0.0038
vn 0.9910 0.0090 -0.1335
vn 0.9884 0.0000 -0.1518
vn 0.8627 0.0000 -0.5058
vn 0.9970 -0.0021 -0.0780
vn 0.9968 0.0000 -0.0803
vn 0.9098 -0.1866 -0.3706
vn 0.9728 -0.0035 -0.2315
vn 0.9967 0.0117 -0.0807
vn 0.9908 -0.0028 -0.1352
vn 0.9892 0.0061 -0.1462
vn 0.9078 -0.0038 -0.4195
vn 0.9101 0.0000 -0.4144
vn 0.6277 0.0000 -0.7784
vn 0.8553 -0.0137 -0.5180
vn 0.8762 -0.0007 -0.4820
vn 0.9209 0.0027 -0.3897
vn 0.9086 -0.0316 -0.4165
vn 0.9371 -0.0006 -0.3491
vn 0.9346 0.0021 -0.3556
vn 0.7702 -0.0137 -0.6377
vn 0.7725 -0.0102 -0.6349
vn 0.7328 0.0000 -0.6805
vn 0.7694 0.0087 -0.6388
vn 0.8123 0.0017 -0.5833
vn 0.9923 0.0377 0.1178
vn 0.7298 0.0852 -0.6783
vn 0.5791 -0.0008 -0.8152
vn 0.4642 -0.0999 -0.8801
vn 0.4408 -0.0886 -0.8932
vn 0.5814 0.0000 -0.8136
vn 0.6729 0.0511 -0.7380
vn 0.9128 0.0000 -0.4084
vn 0.6177 0.0000 -0.7864
vn 0.5933 0.0005 -0.8050
vn 0.5796 -0.0074 -0.8148
vn 0.3798 0.0648 -0.9228
vn 0.3946 0.0044 -0.9189
vn 0.3825 0.0038 -0.9240
vn 0.3307 0.0111 -0.9437
vn 0.4512 -0.0131 -0.8923
vn 0.4764 -0.0901 -0.8746
vn 0.2691 -0.2670 -0.9254
vn 0.5351 0.0000 -0.8448
vn 0.3372 0.0000 -0.9414
vn 0.1941 -0.0789 -0.9778
vn 0.1925 -0.0778 -0.9782
vn 0.3299 -0.0228 -0.9437
vn 0.2969 -0.0375 -0.9542
vn 0.0498 0.0031 -0.9988
vn -0.0159 0.0499 -0.9986
vn 0.0833 -0.0725 -0.9939
vn 0.3138 0.0742 -0.9466
vn 0.2738 0.0279 -0.9614
vn 0.0190 -0.0068 -0.9998
vn 0.0114 0.0000 -0.9999
vn -0.1409 0.0101 -0.9900
vn -0.1580 -0.0000 -0.9874
vn -0.5338 -0.0000 -0.8456
vn -0.0850 -0.0011 -0.9964
vn -0.0866 0.0000 -0.9962
vn -0.2608 -0.0939 -0.9608
vn -0.2388 -0.0661 -0.9688
vn -0.1431 -0.0683 -0.9873
vn -0.1617 -0.0487 -0.9856
vn -0.3052 0.0003 -0.9523
vn -0.9846 0.0606 0.1638
vn 0.2335 0.5571 -0.7969
vn -0.6280 -0.0719 -0.7749
vn -0.1283 0.0690 -0.9893
vn -0.4010 -0.0043 -0.9161
vn -0.4162 -0.0224 -0.9090
vn -0.3542 -0.0002 -0.9352
vn -0.9343 0.2404 -0.2634
vn -0.3393 0.1622 -0.9266
vn -0.5264 0.0705 -0.8473
vn -0.1470 0.0301 -0.9887
vn -0.6497 0.0338 -0.7595
vn -0.6231 0.0037 -0.7821
vn -0.5681 0.0039 -0.8229
vn -0.6375 -0.0067 -0.7705
vn -0.6447 -0.0148 -0.7643
vn -0.6855 0.0000 -0.7281
vn -0.7373 -0.0000 -0.6756
vn -0.8303 -0.0020 -0.5573
vn -0.0142 0.0272 -0.9995
vn -0.7535 -0.1352 -0.6434
vn -0.8772 -0.0974 -0.4701
vn 0.1174 0.6804 -0.7233
vn -0.7476 -0.0000 -0.6641
vn -0.8183 -0.0000 -0.5749
vn -0.8352 -0.0195 -0.5495
vn -0.8573 0.0000 -0.5148
vn -0.9198 0.0052 -0.3924
vn -0.9269 -0.0000 -0.3753
vn -0.9498 -0.0000 -0.3129
vn -0.8946 -0.0117 -0.4468
vn -0.8975 0.0000 -0.4410
vn -0.9357 -0.0897 -0.3412
vn -0.9054 -0.0000 -0.4245
vn -0.9436 -0.0000 -0.3311
vn -0.9569 -0.0191 -0.2897
vn -0.9649 0.0000 -0.2627
vn -0.9545 -0.0051 -0.2982
vn -0.9515 -0.0000 -0.3076
vn -0.9991 -0.0000 -0.0435
vn -0.5848 0.8101 -0.0422
vn -0.9952 0.0717 0.0665
vn -0.9999 0.0000 -0.0121
vn -0.9360 0.1795 -0.3027
vn -0.9887 -0.0000 -0.1499
vn -0.9980 -0.0000 -0.0627
vn -0.9999 -0.0135 -0.0065
vn -1.0000 0.0000 0.0092
vn -0.9627 0.0000 0.2707
vn -0.9873 -0.0656 0.1444
vn -0.9273 -0.0265 -0.3734
vn -0.9801 -0.0004 0.1983
vn -0.9548 -0.0140 -0.2970
vn 0.9425 -0.0054 0.3343
vn -0.9262 0.0093 -0.3769
vn -0.9624 0.0204 0.2708
vn -0.9673 0.0000 0.2538
vn -1.0000 0.0000 -0.0065
vn -1.0000 0.0000 -0.0065
vn -0.9887 0.0000 -0.1499
vn -0.9887 0.0000 -0.1499
vn -0.9570 0.0000 -0.2902
vn -0.9570 0.0000 -0.2902
vn -0.9054 0.0000 -0.4245
vn -0.9054 0.0000 -0.4245
vn -0.8352 0.0000 -0.5500
vn -0.8352 0.0000 -0.5500
vn -0.7476 0.0000 -0.6641
vn -0.7476 0.0000 -0.6641
vn -0.6447 0.0000 -0.7645
vn -0.6447 0.0000 -0.7645
vn -0.5283 0.0000 -0.8490
vn -0.5283 0.0000 -0.8490
vn -0.4011 0.0000 -0.9160
vn -0.4011 0.0000 -0.9160
vn -0.1412 0.0000 -0.9900
vn -0.1412 0.0000 -0.9900
vn -0.2406 0.0000 -0.9706
vn -0.2406 0.0000 -0.9706
vn 0.0191 0.0000 -0.9998
vn 0.0191 0.0000 -0.9998
vn 0.2743 0.0000 -0.9617
vn 0.2840 -0.0125 -0.9587
vn 0.1955 -0.0119 -0.9806
vn 0.1871 0.0000 -0.9823
vn 0.5351 0.0000 -0.8448
vn 0.5434 -0.0124 -0.8394
vn 0.4657 -0.0120 -0.8848
vn 0.4579 0.0000 -0.8890
vn 0.6734 0.0000 -0.7393
vn 0.6734 0.0000 -0.7393
vn 0.7724 0.0000 -0.6351
vn 0.7724 0.0000 -0.6351
vn 0.8556 0.0000 -0.5177
vn 0.8556 0.0000 -0.5177
vn 0.9210 0.0000 -0.3896
vn 0.9210 0.0000 -0.3896
vn 0.9908 0.0000 -0.1351
vn 0.9908 0.0000 -0.1351
vn 0.9728 0.0000 -0.2316
vn 0.9728 0.0000 -0.2316
vn 0.9995 -0.0000 0.0317
vn 0.9995 0.0000 0.0317
vn 0.9593 -0.0000 0.2825
vn 0.9566 -0.0120 0.2910
vn 0.9462 -0.0118 0.3233
vn 0.9403 -0.0333 0.3388
vn 0.9492 -0.0336 0.3129
vn -0.0736 0.7071 -0.7033
vn -0.0736 0.7071 -0.7033
vn -0.0736 0.7071 -0.7033
vn -0.5336 0.4947 -0.6859
vn 0.3151 0.0698 -0.9465
vn -0.0736 0.7071 -0.7033
vn -0.3269 0.3568 -0.8751
vn -0.5714 0.6622 -0.4847
vn -0.0736 0.7071 -0.7033
vn -0.0099 0.6486 -0.7611
vn -0.0736 0.7071 -0.7033
vn -0.1366 0.5443 -0.8277
vn -0.1279 0.8258 -0.5493
vn -0.1725 0.6125 -0.7714
vn -0.2940 0.7023 -0.6484
vn -0.8851 0.4536 0.1036
vn -0.9182 -0.2092 0.3364
vn -0.9242 -0.0591 -0.3773
vn -0.2240 -0.2339 0.9461
vn 0.0736 -0.7071 0.7033
vn 0.0736 -0.7071 0.7033
vn 0.0736 -0.7071 0.7033
vn -0.0149 -0.9120 0.4099
vn -0.1624 -0.5975 0.7853
vn 0.0736 -0.7071 0.7033
vn 0.0736 -0.7071 0.7033
vn 0.0753 -0.6990 0.7111
vn 0.0621 -0.6808 0.7299
vn 0.1212 0.8139 -0.5682
vn -0.0517 0.7349 -0.6762
vn 0.1115 0.7070 -0.6984
vn 0.1105 0.7065 -0.6991
vn 0.1041 0.7044 -0.7021
vn 0.0083 0.7170 -0.6970
vn 0.0077 0.6170 -0.7869
vn 0.1109 0.7071 -0.6984
vn 0.3558 0.6283 -0.6919
vn 0.1290 0.6490 -0.7497
vn 0.0268 0.7792 -0.6262
vn 0.0290 0.6101 -0.7918
vn -0.9860 -0.1615 -0.0420
vn -0.9971 -0.0371 0.0659
vn -0.1109 -0.7071 0.6984
vn -0.1109 -0.7071 0.6984
vn -0.1109 -0.7071 0.6984
vn -0.1849 -0.6019 0.7768
vn 0.0241 -0.7627 0.6463
vn -0.1822 -0.6703 0.7194
vn -0.3011 -0.8887 0.3457
vn 0.0898 -0.6620 0.7441
vn -0.2620 -0.7536 0.6028
vn -0.1109 -0.7071 0.6984
vn -0.2109 -0.6705 0.7113
vn 0.2728 0.7652 -0.5831
vn 0.3206 0.6998 -0.6384
vn 0.2879 0.7071 -0.6459
vn 0.2879 0.7071 -0.6459
vn 0.2879 0.7071 -0.6459
vn 0.2895 0.7040 -0.6485
vn 0.5557 0.4756 -0.6819
vn -0.0789 0.4475 -0.8908
vn -0.3317 0.5912 -0.7352
vn 0.3186 0.6775 -0.6629
vn 0.3525 0.6424 -0.6805
vn 0.2879 0.7071 -0.6459
vn 0.9305 0.3195 -0.1792
vn 0.3167 0.6530 -0.6879
vn 0.1516 0.7806 -0.6063
vn 0.2178 0.6856 -0.6947
vn -0.7314 -0.3775 -0.5679
vn -0.7288 -0.3520 -0.5874
vn -0.9758 0.2091 -0.0644
vn -0.2879 -0.7071 0.6459
vn -0.2879 -0.7071 0.6459
vn -0.2879 -0.7071 0.6459
vn -0.2879 -0.7071 0.6459
vn -0.2879 -0.7071 0.6459
vn -0.3551 -0.6325 0.6884
vn -0.1848 -0.7708 0.6097
vn -0.2879 -0.7071 0.6459
vn -0.2879 -0.7071 0.6459
vn -0.2879 -0.7071 0.6459
vn -0.2903 -0.7286 0.6204
vn -0.2878 -0.7071 0.6459
vn -0.2879 -0.7071 0.6458
vn -0.2879 -0.7071 0.6459
vn -0.2879 -0.7071 0.6459
vn -0.2740 -0.6844 0.6757
vn -0.3598 -0.7210 0.5922
vn 0.6741 0.6685 -0.3142
vn 0.4164 0.7674 -0.4875
vn 0.3659 0.7417 -0.5622
vn 0.4458 0.7068 -0.5492
vn -0.1793 0.0917 -0.9795
vn 0.4503 0.2827 -0.8469
vn -0.0225 0.5103 -0.8597
vn 0.4265 0.4646 -0.7761
vn 0.1156 0.6439 -0.7564
vn 0.4452 0.7071 -0.5493
vn 0.4452 0.7071 -0.5493
vn 0.4452 0.7071 -0.5494
vn 0.4452 0.7071 -0.5493
vn 0.9432 0.0792 0.3227
vn -0.1103 0.9533 0.2813
vn 0.2607 0.9084 -0.3269
vn -0.7173 0.3900 -0.5774
vn -0.7256 0.4646 -0.5076
vn -0.3834 -0.9230 0.0316
vn -0.7100 -0.4560 0.5366
vn -0.8173 -0.5759 -0.0186
vn -0.4452 -0.7071 0.5493
vn -0.4452 -0.7071 0.5493
vn -0.4452 -0.7071 0.5493
vn -0.4452 -0.7071 0.5493
vn -0.5222 -0.6314 0.5733
vn -0.3370 -0.8984 0.2817
vn -0.4164 -0.8618 0.2898
vn -0.6198 -0.6060 0.4986
vn -0.9216 -0.2587 0.2895
vn -0.4392 -0.8982 -0.0192
vn -0.4807 -0.7346 0.4789
vn -0.2818 -0.7563 0.5904
vn -0.5573 -0.6567 0.5081
vn -0.6404 -0.6742 0.3680
vn 0.5722 0.7071 -0.4154
vn 0.5722 0.7071 -0.4154
vn 0.5722 0.7071 -0.4154
vn 0.5728 0.7069 -0.4150
vn 0.5717 0.7074 -0.4157
vn 0.5722 0.7071 -0.4154
vn 0.5847 0.6912 -0.4247
vn 0.5722 0.7071 -0.4154
vn 0.5722 0.7071 -0.4154
vn 0.5722 0.7071 -0.4154
vn 0.7649 0.4217 -0.4869
vn 0.1751 0.6491 -0.7403
vn 0.2819 0.7425 -0.6076
vn -0.5832 -0.1102 -0.8048
vn -0.4448 -0.2823 -0.8500
vn -0.6382 -0.7203 0.2719
vn -0.4609 -0.7606 0.4573
vn -0.5722 -0.7071 0.4154
vn -0.5722 -0.7071 0.4154
vn -0.5722 -0.7071 0.4154
vn -0.5722 -0.7071 0.4154
vn -0.5722 -0.7071 0.4154
vn -0.5934 -0.7180 0.3639
vn -0.5640 -0.7310 0.3842
vn -0.5722 -0.7071 0.4154
vn -0.6846 -0.6506 0.3287
vn -0.7373 -0.6736 0.0516
vn -0.7005 -0.7122 0.0451
vn 0.6334 0.7214 -0.2798
vn 0.6602 0.7071 -0.2531
vn 0.6602 0.7071 -0.2531
vn 0.6602 0.7071 -0.2531
vn 0.6602 0.7071 -0.2531
vn 0.6616 0.7069 -0.2503
vn 0.6594 0.7073 -0.2549
vn 0.6602 0.7071 -0.2531
vn 0.6602 0.7071 -0.2531
vn 0.6806 0.6845 -0.2612
vn 0.6720 0.7064 -0.2224
vn 0.6346 0.7265 -0.2634
vn 0.4541 0.6987 -0.5528
vn 0.6365 0.6799 -0.3642
vn 0.6742 0.7042 -0.2227
vn 0.6499 0.6955 -0.3064
vn 0.6443 0.7014 -0.3048
vn -0.3594 -0.5872 -0.7252
vn -0.3363 -0.3720 -0.8652
vn -0.6602 -0.7071 0.2531
vn -0.6602 -0.7071 0.2531
vn -0.6602 -0.7071 0.2531
vn -0.5595 -0.7960 0.2311
vn -0.6185 -0.7756 0.1258
vn -0.7357 -0.6680 0.1115
vn -0.6602 -0.7071 0.2531
vn -0.6602 -0.7071 0.2531
vn -0.6602 -0.7071 0.2531
vn 0.6959 0.7087 -0.1160
vn -0.6602 -0.7071 0.2531
vn -0.6602 -0.7071 0.2531
vn 0.7033 0.7071 -0.0736
vn 0.7039 0.7065 -0.0730
vn 0.7041 0.7061 -0.0745
vn 0.7041 0.7062 -0.0749
vn 0.5905 0.7935 -0.1473
vn 0.8456 0.5322 0.0425
vn 0.7033 0.7071 -0.0736
vn 0.7033 0.7071 -0.0736
vn 0.7320 0.6789 -0.0564
vn 0.7033 0.7071 -0.0736
vn 0.7329 0.6802 -0.0084
vn 0.7033 0.7071 -0.0736
vn 0.7033 0.7071 -0.0736
vn 0.7033 0.7071 -0.0736
vn -0.1419 -0.3337 -0.9319
vn 0.0487 0.4497 -0.8918
vn -0.5671 -0.8121 0.1376
vn -0.7033 -0.7071 0.0736
vn -0.7033 -0.7071 0.0736
vn -0.9717 -0.1921 -0.1374
vn -0.3138 -0.9387 -0.1425
vn -0.7033 -0.7071 0.0736
vn -0.8436 -0.4903 -0.2190
vn -0.4555 -0.8595 -0.2320
vn -0.6866 -0.7154 0.1293
vn -0.7033 -0.7071 0.0736
vn -0.7562 -0.6534 -0.0352
vn -0.7117 -0.6696 -0.2123
vn -0.6270 -0.7468 -0.2216
vn -0.7061 -0.7072 0.0345
vn 0.7147 0.6909 0.1092
vn 0.6998 0.7023 0.1308
vn 0.6984 0.7069 0.1117
vn 0.6991 0.7064 0.1105
vn 0.6992 0.7064 0.1100
vn 0.9056 0.3964 0.1508
vn 0.6213 0.4606 -0.6339
vn 0.6984 0.7071 0.1109
vn 0.7202 0.6808 0.1334
vn 0.6984 0.7071 0.1109
vn 0.6608 0.5497 0.5110
vn 0.6984 0.7071 0.1109
vn 0.6984 0.7071 0.1109
vn 0.7099 0.6923 0.1293
vn 0.6190 0.7586 0.2032
vn -0.0325 -0.1280 -0.9912
vn 0.0233 0.1228 -0.9922
vn -0.5650 -0.6944 -0.4456
vn -0.3635 -0.9107 -0.1962
vn -0.2984 -0.9400 0.1653
vn -0.6984 -0.7071 -0.1109
vn -0.6984 -0.7071 -0.1109
vn -0.6984 -0.7071 -0.1109
vn -0.6984 -0.7071 -0.1109
vn -0.6351 -0.7413 -0.2171
vn -0.7279 -0.6782 -0.1014
vn -0.6530 -0.6731 -0.3471
vn -0.5077 -0.6496 -0.5659
vn 0.8447 0.5348 0.0219
vn 0.6459 0.7071 0.2879
vn 0.6459 0.7071 0.2879
vn 0.6459 0.7071 0.2879
vn 0.6459 0.7071 0.2879
vn 0.6475 0.7051 0.2892
vn 0.6477 0.7059 0.2865
vn 0.6467 0.7073 0.2856
vn 0.6097 0.4129 -0.6766
vn 0.8803 0.2775 0.3847
vn 0.6878 0.6588 0.3048
vn 0.6459 0.7071 0.2879
vn 0.6459 0.7071 0.2879
vn 0.6459 0.7071 0.2879
vn 0.6470 0.6829 0.3392
vn 0.6377 0.7503 0.1743
vn 0.6951 0.6851 0.2181
vn 0.2189 -0.5060 -0.8343
vn 0.4343 0.1909 -0.8803
vn -0.6459 -0.7071 -0.2879
vn -0.6459 -0.7071 -0.2879
vn -0.6459 -0.7071 -0.2879
vn -0.6459 -0.7071 -0.2879
vn -0.6459 -0.7071 -0.2879
vn -0.8684 -0.4362 -0.2359
vn -0.9027 -0.4266 0.0567
vn -0.2273 -0.9720 0.0590
vn -0.3989 -0.7640 -0.5071
vn -0.4412 -0.7337 -0.5167
vn -0.9426 -0.2823 -0.1783
vn -0.6589 -0.6975 -0.2816
vn -0.6227 -0.7399 -0.2547
vn -0.6454 -0.7311 -0.2212
vn 0.5493 0.7071 0.4452
vn 0.5547 0.7051 0.4417
vn 0.5535 0.7032 0.4463
vn 0.5534 0.7031 0.4464
vn 0.5472 0.7056 0.4502
vn 0.5508 0.7062 0.4449
vn 0.5506 0.7068 0.4441
vn 0.5493 0.7071 0.4452
vn -0.1585 -0.1330 0.9784
vn 0.9945 0.0564 -0.0878
vn 0.5493 0.7071 0.4452
vn 0.5493 0.7071 0.4452
vn 0.5493 0.7071 0.4452
vn 0.5493 0.7071 0.4452
vn 0.5881 0.6670 0.4575
vn 0.5082 0.7517 0.4204
vn 0.5673 0.6858 0.4559
vn 0.5742 0.0735 -0.8154
vn 0.5954 0.3165 -0.7385
vn -0.5459 -0.7103 -0.4443
vn -0.2090 -0.7851 -0.5830
vn -0.2852 -0.9568 -0.0570
vn -0.6497 -0.3690 -0.6646
vn -0.1845 -0.9204 -0.3446
vn -0.1856 -0.9329 -0.3087
vn -0.4986 -0.6060 -0.6198
vn -0.5008 -0.6102 -0.6139
vn -0.2995 -0.8239 -0.4812
vn -0.4320 -0.7067 -0.5603
vn -0.5493 -0.7071 -0.4452
vn -0.5311 -0.6529 -0.5400
vn -0.2897 -0.6679 -0.6855
vn -0.4348 -0.4092 -0.8022
vn 0.3341 -0.6643 -0.6686
vn 0.3434 -0.6731 -0.6550
vn -0.6649 -0.3862 -0.6393
vn 0.4706 0.6315 0.6163
vn 0.4235 0.6512 0.6297
vn 0.1294 0.1925 0.9727
vn 0.9235 -0.3256 -0.2027
vn 0.4163 0.7072 0.5714
vn 0.4154 0.7071 0.5722
vn 0.4154 0.7071 0.5722
vn 0.4248 0.6910 0.5849
vn 0.4320 0.6776 0.5952
vn 0.5488 0.7120 0.4380
vn 0.3015 0.8957 0.3268
vn 0.4544 0.5884 0.6688
vn 0.6152 0.7017 0.3594
vn 0.8035 0.3913 -0.4486
vn 0.5251 -0.6117 -0.5917
vn -0.2631 -0.7026 -0.6612
vn -0.1767 -0.6660 -0.7247
vn -0.2213 -0.9498 -0.2212
vn -0.4154 -0.7071 -0.5722
vn -0.4154 -0.7071 -0.5722
vn -0.4154 -0.7071 -0.5722
vn -0.3882 -0.6792 -0.6229
vn -0.3223 -0.7395 -0.5910
vn -0.3221 -0.7384 -0.5924
vn -0.4154 -0.7071 -0.5722
vn -0.4414 -0.6586 -0.6094
vn 0.0186 -0.6398 -0.7683
vn 0.0238 -0.6962 -0.7175
vn 0.3377 0.5651 0.7528
vn 0.0595 0.7193 0.6922
vn 0.5132 0.6418 0.5698
vn 0.2149 0.6050 0.7667
vn 0.2529 0.7065 0.6610
vn 0.3075 0.6870 0.6584
vn 0.2053 0.6774 0.7063
vn 0.2531 0.7071 0.6602
vn 0.2618 0.6827 0.6822
vn 0.2531 0.7071 0.6602
vn 0.2531 0.7071 0.6602
vn 0.2532 0.7071 0.6602
vn 0.2688 0.5440 0.7949
vn 0.5226 0.6767 0.5187
vn 0.3039 0.8262 0.4743
vn 0.3082 0.6944 0.6502
vn 0.9371 0.0374 -0.3471
vn 0.6764 -0.5838 -0.4490
vn 0.8892 0.0627 0.4531
vn -0.2525 -0.7080 -0.6595
vn -0.2529 -0.7082 -0.6591
vn -0.2531 -0.7071 -0.6602
vn -0.1323 -0.6592 -0.7402
vn -0.1463 -0.8479 -0.5096
vn -0.2531 -0.7071 -0.6602
vn -0.2531 -0.7071 -0.6602
vn -0.2595 -0.6910 -0.6747
vn -0.1360 -0.7614 -0.6339
vn -0.2532 -0.7071 -0.6602
vn -0.2531 -0.7071 -0.6602
vn -0.9895 -0.0973 0.1073
vn -0.3959 -0.6478 -0.6508
vn -0.1801 -0.7059 -0.6851
vn 0.0290 0.7724 0.6345
vn 0.1557 0.6995 0.6974
vn 0.0736 0.7071 0.7033
vn 0.0736 0.7071 0.7033
vn 0.0733 0.7051 0.7053
vn 0.1259 0.7223 0.6800
vn 0.1695 0.1960 0.9658
vn 0.6972 0.5491 0.4608
vn 0.3174 0.6701 0.6710
vn 0.2775 0.5203 0.8076
vn -0.0680 0.6760 0.7338
vn 0.2835 0.6052 0.7439
vn 0.9933 0.0120 0.1154
vn 0.8881 -0.4566 -0.0527
vn 0.7595 -0.5323 -0.3739
vn -0.0736 -0.7071 -0.7033
vn -0.0736 -0.7071 -0.7033
vn 0.1526 -0.7074 -0.6902
vn -0.0438 -0.8810 -0.4711
vn -0.0487 -0.8590 -0.5097
vn 0.1658 -0.7312 -0.6617
vn 0.1865 -0.6160 -0.7654
vn -0.0055 -0.7576 -0.6527
vn -0.0496 -0.7185 -0.6938
vn -0.0351 -0.7256 -0.6872
vn 0.1123 -0.6585 -0.7441
vn 0.2174 -0.6711 -0.7088
vn 0.1780 -0.7809 -0.5988
vn -0.0351 -0.7096 -0.7037
vn -0.0855 0.7113 0.6977
vn -0.1129 0.7257 0.6787
vn -0.1109 0.7071 0.6984
vn -0.1115 0.7059 0.6994
vn -0.0447 0.7170 0.6956
vn -0.1772 0.6765 0.7148
vn 0.1162 0.7805 0.6142
vn 0.1701 0.4647 0.8690
vn -0.1109 0.7071 0.6984
vn -0.0275 0.5573 0.8298
vn 0.1798 0.6660 0.7240
vn -0.1109 0.7071 0.6984
vn -0.6055 0.4879 0.6287
vn -0.0637 0.9138 0.4011
vn 0.1657 0.7535 0.6362
vn 0.9412 0.1711 0.2913
vn 0.8798 -0.4731 0.0454
vn 0.6817 -0.4550 -0.5729
vn 0.0997 -0.6671 -0.7383
vn 0.1109 -0.7071 -0.6984
vn 0.1109 -0.7071 -0.6984
vn 0.1109 -0.7071 -0.6984
vn 0.1109 -0.7071 -0.6984
vn 0.1771 -0.7168 -0.6744
vn 0.1438 -0.7360 -0.6615
vn 0.1109 -0.7071 -0.6984
vn 0.3578 -0.6713 -0.6491
vn 0.3744 -0.6780 -0.6326
vn 0.3217 -0.7608 -0.5636
vn -0.2879 0.7071 0.6459
vn -0.2879 0.7071 0.6459
vn -0.2879 0.7071 0.6459
vn -0.2879 0.7071 0.6459
vn -0.2879 0.7071 0.6459
vn -0.2879 0.7071 0.6459
vn -0.2879 0.7071 0.6459
vn 0.4243 0.5707 0.7030
vn -0.3425 0.5347 0.7725
vn -0.2941 0.6910 0.6603
vn -0.2879 0.7071 0.6459
vn -0.2879 0.7071 0.6459
vn -0.2879 0.7071 0.6459
vn -0.2634 0.7177 0.6446
vn -0.9352 0.3222 0.1471
vn -0.9430 -0.0041 0.3328
vn 0.4143 -0.8843 0.2153
vn 0.7472 -0.6591 0.0855
vn 0.7203 -0.6824 0.1248
vn 0.7313 -0.6131 0.2987
vn 0.1980 -0.9769 0.0803
vn -0.5335 -0.8299 0.1632
vn 0.1528 -0.9844 0.0872
vn 0.3631 -0.9026 0.2310
vn 0.3678 -0.9056 0.2111
vn 0.3910 -0.9029 0.1787
vn 0.7145 -0.6273 0.3100
vn 0.6312 -0.7388 0.2359
vn 0.6731 -0.6331 0.3823
vn 0.5806 -0.7397 0.3402
vn 0.6092 -0.7230 0.3259
vn 0.5868 -0.7030 0.4019
vn 0.9073 -0.0223 0.4199
vn 0.9064 -0.0259 0.4217
vn 0.9408 -0.0029 0.3390
vn -0.3083 -0.2479 -0.9184
vn -0.4224 -0.4745 -0.7723
vn 0.5033 -0.8022 0.3213
vn 0.3840 -0.7798 -0.4944
vn 0.4504 -0.6159 -0.6464
vn 0.2878 -0.7071 -0.6458
vn 0.2879 -0.7071 -0.6459
vn 0.2879 -0.7071 -0.6459
vn 0.2879 -0.7071 -0.6459
vn 0.9241 0.1053 0.3673
vn 0.9662 -0.1012 0.2372
vn 0.9565 -0.2802 0.0812
vn 0.5878 -0.7957 0.1460
vn 0.8581 -0.1552 0.4894
vn 0.8754 -0.1188 0.4687
vn -0.4953 -0.6763 -0.5453
vn -0.9385 0.0151 -0.3449
vn -0.9999 0.0000 0.0104
vn -0.9208 0.0000 0.3901
vn -0.9813 -0.1363 0.1359
vn -0.9842 -0.1477 0.0976
vn -0.9794 0.0911 0.1801
vn -0.9657 0.2568 -0.0396
vn -0.9673 0.0000 0.2538
vn -0.9996 0.0000 0.0297
vn -0.9998 0.0201 -0.0070
vn -0.9991 0.0000 -0.0422
vn -0.9990 0.0049 0.0447
vn -0.9984 0.0000 0.0566
vn -0.9652 0.0000 -0.2615
vn -0.9405 -0.0846 -0.3291
vn -0.9637 0.0000 -0.2669
vn -0.9378 -0.3013 0.1724
vn -0.9887 0.0000 -0.1499
vn -0.9701 0.0000 -0.2429
vn -0.9567 0.0172 -0.2905
vn -0.9502 0.0000 -0.3117
vn -0.8980 -0.0100 -0.4399
vn -0.8902 0.0000 -0.4555
vn -0.8579 0.0000 -0.5137
vn -0.9210 0.0006 -0.3895
vn -0.9207 0.0000 -0.3903
vn -0.8869 0.0420 -0.4600
vn -0.9054 -0.0061 -0.4246
vn -0.8351 0.0046 -0.5501
vn -0.8416 0.0175 -0.5399
vn -0.8113 -0.0004 -0.5846
vn -0.7294 0.0043 -0.6841
vn -0.7332 0.0000 -0.6800
vn -0.6864 0.0000 -0.7272
vn -0.6443 0.0129 -0.7647
vn -0.6790 -0.0016 -0.7341
vn -0.7477 0.0035 -0.6640
vn -0.7352 0.0234 -0.6774
vn -0.7798 0.0002 -0.6260
vn -0.7759 -0.0017 -0.6308
vn 0.6294 0.1291 -0.7663
vn -0.5256 -0.1148 -0.8430
vn -0.0673 0.0294 -0.9973
vn -0.5497 -0.0023 -0.8353
vn -0.5584 -0.0077 -0.8296
vn -0.5886 -0.0012 -0.8085
vn -0.6202 -0.0002 -0.7844
vn -0.6413 -0.1000 -0.7608
vn 0.0176 -0.1292 -0.9915
vn -0.6723 0.0618 -0.7377
vn -0.3057 0.0009 -0.9521
vn -0.2752 -0.0313 -0.9609
vn -0.3557 -0.0005 -0.9346
vn -0.3922 0.0125 -0.9198
vn -0.4011 0.0017 -0.9160
vn -0.2955 -0.0012 -0.9553
vn -0.1499 0.0951 -0.9841
vn -0.1357 0.0898 -0.9867
vn -0.0887 -0.0049 -0.9960
vn -0.0704 0.0000 -0.9975
vn -0.0041 0.0000 -1.0000
vn -0.1483 0.0119 -0.9889
vn -0.1874 0.0867 -0.9784
vn 0.0462 0.2910 -0.9556
vn -0.2324 0.0000 -0.9726
vn -0.0234 0.0000 -0.9997
vn 0.0195 0.0194 -0.9996
vn 0.0486 0.0000 -0.9988
vn 0.1804 0.0784 -0.9805
vn 0.0231 0.0000 -0.9997
vn 0.2674 0.0000 -0.9636
vn 0.1927 0.0772 -0.9782
vn 0.2728 0.0000 -0.9621
vn 0.0229 -0.1556 -0.9876
vn 0.2784 0.1359 -0.9508
vn 0.2466 0.1339 -0.9598
vn 0.1882 0.1147 -0.9754
vn 0.3749 -0.0535 -0.9255
vn 0.3425 -0.0854 -0.9356
vn 0.4611 0.0000 -0.8874
vn 0.5189 0.0000 -0.8548
vn 0.4586 0.0693 -0.8860
vn 0.2614 -0.0089 -0.9652
vn 0.5431 0.0165 -0.8395
vn 0.6044 0.1077 -0.7894
vn 0.2644 -0.0615 -0.9625
vn 0.7916 0.0558 -0.6085
vn 0.6707 -0.1121 -0.7332
vn 0.1678 0.0000 -0.9858
vn 0.7067 0.0293 -0.7069
vn 0.6749 -0.0039 -0.7379
vn 0.6464 -0.0056 -0.7630
vn 0.6298 -0.0002 -0.7768
vn 0.5841 0.0004 -0.8117
vn 0.9236 0.0075 -0.3833
vn 0.8507 -0.1059 -0.5148
vn 0.6835 0.0000 -0.7300
vn 0.7693 0.0000 -0.6389
vn 0.7725 0.0024 -0.6351
vn 0.8054 -0.0007 -0.5928
vn 0.8370 -0.0087 -0.5472
vn 0.8332 -0.0134 -0.5527
vn 0.8779 0.0064 -0.4788
vn 0.9949 0.0145 -0.1000
vn 0.8212 -0.0163 -0.5704
vn 0.9259 -0.1219 -0.3576
vn 0.9196 0.0000 -0.3928
vn 0.9209 0.0034 -0.3897
vn 0.9938 -0.0126 -0.1103
vn 0.9890 -0.0325 -0.1445
vn 0.9245 0.0795 -0.3728
vn 0.9965 -0.0072 -0.0837
vn 0.9979 0.0000 -0.0640
vn 1.0000 -0.0000 0.0026
vn 0.9904 0.0038 -0.1385
vn 0.9778 0.0802 -0.1935
vn 0.9677 0.2478 0.0456
vn 0.9750 0.0000 -0.2224
vn 0.9999 0.0000 -0.0164
vn 0.9993 0.0173 0.0321
vn 0.9985 0.0000 0.0547
vn 0.9709 0.1134 0.2110
vn 0.9997 -0.0000 0.0225
vn 0.9618 -0.0000 0.2737
vn 0.9384 0.1393 0.3163
vn 0.9584 0.1319 0.2531
vn 0.9493 0.1306 0.2859
vn 0.9852 -0.1699 0.0222
vn 0.9382 0.0000 0.3460
vn 0.9756 0.1118 0.1889
vn 0.9894 0.0086 0.1453
vn 0.8785 0.0007 0.4777
vn 0.9681 0.0616 0.2427
vn 0.9440 0.0138 0.3296
vn 0.8349 0.0124 0.5503
vn 0.9245 0.0838 0.3719
vn 0.9394 0.0051 0.3428
vn -0.9385 0.0152 -0.3450
vn -0.9337 0.0192 -0.3575
vn -0.9568 0.0407 0.2880
vn -0.9673 0.0000 0.2538
vn -1.0000 0.0000 -0.0065
vn -1.0000 0.0000 -0.0065
vn -0.9887 0.0000 -0.1499
vn -0.9887 0.0000 -0.1499
vn -0.9570 0.0000 -0.2902
vn -0.9570 0.0000 -0.2902
vn -0.9054 0.0000 -0.4245
vn -0.9054 0.0000 -0.4245
vn -0.8352 0.0000 -0.5500
vn -0.8352 0.0000 -0.5500
vn -0.7476 0.0000 -0.6641
vn -0.7476 0.0000 -0.6641
vn -0.6447 0.0000 -0.7645
vn -0.6447 0.0000 -0.7645
vn -0.5283 0.0000 -0.8490
vn -0.5283 0.0000 -0.8490
vn -0.4011 0.0000 -0.9160
vn -0.4011 0.0000 -0.9160
vn -0.1412 0.0000 -0.9900
vn -0.1516 0.0126 -0.9884
vn -0.2406 0.0118 -0.9706
vn -0.2324 0.0000 -0.9726
vn 0.0191 0.0000 -0.9998
vn 0.0191 0.0000 -0.9998
vn 0.2841 0.0000 -0.9588
vn 0.2841 0.0000 -0.9588
vn 0.1871 0.0000 -0.9823
vn 0.1871 0.0000 -0.9823
vn 0.5435 0.0000 -0.8394
vn 0.5435 0.0000 -0.8394
vn 0.4579 0.0000 -0.8890
vn 0.4579 0.0000 -0.8890
vn 0.6734 0.0000 -0.7393
vn 0.6734 0.0000 -0.7393
vn 0.7724 0.0000 -0.6351
vn 0.7724 0.0000 -0.6351
vn 0.8556 0.0000 -0.5177
vn 0.8556 0.0000 -0.5177
vn 0.9210 0.0000 -0.3896
vn 0.9210 0.0000 -0.3896
vn 0.9908 0.0000 -0.1351
vn 0.9895 0.0121 -0.1441
vn 0.9727 0.0121 -0.2316
vn 0.9750 0.0000 -0.2224
vn 0.9995 -0.0000 0.0317
vn 0.9995 0.0000 0.0317
vn 0.9567 -0.0000 0.2910
vn 0.9567 0.0000 0.2910
vn 0.9506 -0.0000 0.3103
vn 0.9475 -0.0126 0.3194
vn 0.9443 -0.0126 0.3288
vn 0.9873 -0.0262 0.1568
vn 0.9873 -0.0262 0.1568
vn 0.0922 -0.9956 0.0146
vn 0.2767 -0.9608 0.0187
vn 0.2079 -0.9776 0.0330
vn 0.5576 -0.8254 0.0886
vn 0.5022 -0.8578 0.1095
vn 0.7074 -0.6975 0.1142
vn 0.7788 -0.6074 0.1566
vn 0.8914 -0.4356 0.1250
vn 0.9358 -0.3197 0.1486
vn 0.9835 -0.1261 0.1298
vn 0.9694 -0.1912 0.1540
vn 0.0004 -1.0000 -0.0049
vn 0.0006 -1.0000 -0.0095
vn -0.2339 -0.9718 -0.0302
vn -0.2168 -0.9756 -0.0344
vn -0.4668 -0.8813 -0.0741
vn -0.4668 -0.8813 -0.0741
vn -0.6201 -0.7783 -0.0985
vn -0.6201 -0.7783 -0.0985
vn -0.8304 -0.5414 -0.1319
vn -0.8326 -0.5384 -0.1304
vn -0.9583 -0.2432 -0.1501
vn -0.9570 -0.2472 -0.1520
vn -0.9873 -0.0262 -0.1568
vn -0.9873 -0.0262 -0.1568
vn -0.1587 0.0069 0.9873
vn -0.1568 0.0262 0.9873
vn -0.1552 0.0087 0.9878
vn -0.1568 0.0262 0.9873
vn -0.1568 0.0262 0.9873
vn -0.1568 0.0262 0.9873
vn -0.1568 0.0519 0.9863
vn -0.0420 0.0248 0.9988
vn -0.2000 -0.0074 0.9798
vn -0.1568 0.0262 0.9873
vn -0.4213 -0.6778 0.6026
vn 0.1568 -0.0262 -0.9873
vn -0.1568 0.0262 0.9873
vn -0.1568 0.0262 0.9873
vn -0.1568 0.0262 0.9873
vn -0.1568 0.0262 0.9873
vn -0.1568 0.0262 0.9873
vn -0.1568 0.0262 0.9873
vn -0.1568 0.0262 0.9873
vn -0.1568 0.0262 0.9873
vn -0.1568 0.0262 0.9873
vn -0.1568 0.0262 0.9873
vn -0.1568 0.0262 0.9873
vn -0.1568 0.0262 0.9873
vn -0.1568 0.0262 0.9873
vn -0.1568 0.0262 0.9873
vn -0.1568 0.0262 0.9873
vn -0.1568 0.0262 0.9873
vn -0.1043 0.2756 0.9556
vn 0.1515 0.9108 0.3841
vn -0.1568 0.0262 0.9873
vn -0.1568 0.0262 0.9873
vn -0.1568 0.0262 0.9873
vn -0.1568 0.0262 0.9873
vn -0.1323 0.0606 0.9894
vn -0.1568 0.0262 0.9873
vn -0.1568 0.0262 0.9873
vn -0.1568 0.0262 0.9873
vn -0.1568 0.0262 0.9873
vn -0.1568 0.0262 0.9873
vn -0.1568 0.0262 0.9873
vn -0.1568 0.0262 0.9873
vn 0.0878 0.1527 0.9844
vn 0.3051 -0.0099 0.9523
vn 0.0896 -0.9910 -0.0991
vn 0.7937 -0.5943 -0.1297
vn 0.6219 -0.6000 -0.5032
vn 0.7287 -0.6000 -0.3301
vn 0.2985 -0.5941 -0.7470
vn 0.6986 -0.3967 -0.5955
vn -0.3426 -0.5947 -0.7273
vn -0.8867 -0.2385 -0.3962
vn -0.9604 -0.1699 -0.2207
vn -0.2163 -0.9762 -0.0165
vn -0.7623 -0.6444 0.0603
vn -0.8867 -0.4554 0.0793
vn -0.8345 -0.4209 -0.3556
vn -0.3805 -0.8751 -0.2989
vn -0.7324 -0.5125 -0.4482
vn -0.2945 -0.8787 -0.3758
vn -0.4495 -0.6575 -0.6047
vn -0.0223 -0.8458 -0.5330
vn -0.0112 -0.9911 -0.1328
vn -0.0015 -0.6103 -0.7921
vn 0.3023 -0.7674 -0.5654
vn 0.1424 -0.7904 -0.5958
vn 0.2369 -0.3241 -0.9159
vn 0.3912 -0.5797 -0.7148
vn 0.1381 -0.9558 -0.2597
vn 0.0611 0.2391 -0.9691
vn 0.1193 -0.2342 -0.9649
vn 0.5126 0.5933 -0.6207
vn 0.6074 -0.6672 -0.4311
vn 0.2605 -0.9645 -0.0435
vn 0.2264 -0.9736 0.0278
vn 0.6925 -0.7197 0.0488
vn 0.2192 -0.9755 -0.0179
vn 0.8688 -0.4560 -0.1931
vn 0.2850 -0.8884 0.3598
vn 0.4374 -0.8874 0.1457
vn 0.5685 -0.7874 0.2386
vn 0.8063 -0.5871 -0.0719
vn 0.2757 -0.9600 0.0482
vn 0.3663 -0.9194 0.1429
vn 0.1509 -0.9884 0.0152
vn 0.1139 -0.9914 0.0638
vn 0.3641 -0.9240 0.1165
vn 0.7586 -0.5862 0.2842
vn 0.5276 -0.8275 0.1921
vn 0.7997 -0.5945 0.0836
vn 0.9901 0.1015 0.0968
vn 0.8168 -0.4330 0.3813
vn 0.9905 -0.1342 0.0290
vn 0.9943 -0.1064 0.0025
vn 0.8644 -0.5026 -0.0159
vn 0.9898 -0.1345 -0.0481
vn 0.9899 -0.1240 -0.0693
vn 0.8271 -0.5510 -0.1106
vn 0.5995 -0.7928 0.1100
vn 0.6092 -0.7884 0.0857
vn 0.3750 -0.9242 0.0728
vn 0.4135 -0.9082 0.0648
vn 0.1249 -0.9909 0.0500
vn 0.1256 -0.9909 0.0475
vn 0.0543 -0.9985 0.0105
vn 0.0537 -0.9985 0.0132
vn 0.3609 -0.9282 -0.0901
vn 0.3664 -0.9301 -0.0261
vn 0.3979 -0.9166 -0.0401
vn 0.7933 -0.6012 -0.0959
vn 0.9048 -0.3671 -0.2158
vn 0.9083 -0.3669 -0.2009
vn 0.9066 -0.3195 -0.2757
vn 0.0873 -0.8102 -0.5796
vn 0.6133 -0.7891 -0.0348
vn 0.6170 -0.7863 -0.0324
vn 0.6110 -0.7874 -0.0812
vn 0.3968 -0.9140 -0.0852
vn 0.1748 -0.9842 -0.0292
vn 0.2278 -0.9685 0.1010
vn 0.1331 -0.9910 -0.0161
vn 0.1333 -0.9911 -0.0007
vn 0.0478 -0.9989 -0.0027
vn 0.0471 -0.9989 -0.0079
vn 0.5483 -0.8105 -0.2060
vn 0.3516 -0.9276 -0.1264
vn 0.3528 -0.9269 -0.1277
vn 0.8901 -0.3144 -0.3300
vn 0.2456 -0.8995 0.3614
vn 0.6970 -0.6673 -0.2625
vn 0.7344 -0.5904 -0.3348
vn 0.7409 -0.6002 -0.3014
vn 0.8516 -0.3983 -0.3409
vn 0.8297 -0.4126 -0.3759
vn 0.8724 -0.1240 -0.4728
vn 0.8714 -0.1220 -0.4752
vn 0.7502 -0.4705 -0.4646
vn 0.6428 -0.1149 -0.7574
vn 0.6278 -0.2682 -0.7307
vn 0.1176 -0.7100 -0.6943
vn 0.1414 -0.9595 -0.2437
vn 0.1947 -0.9804 -0.0294
vn 0.1477 -0.9883 -0.0388
vn 0.1425 -0.9866 -0.0791
vn 0.0757 -0.9753 -0.2073
vn 0.0496 -0.9986 -0.0172
vn 0.0485 -0.9986 -0.0214
vn 0.0586 -0.9976 -0.0357
vn 0.2417 -0.9510 -0.1930
vn 0.7883 -0.5024 -0.3553
vn 0.6195 -0.5925 -0.5150
vn 0.6386 -0.6002 -0.4817
vn 0.8020 0.1586 -0.5759
vn 0.7714 0.1233 -0.6242
vn 0.7233 -0.1239 -0.6793
vn 0.6955 -0.0954 -0.7121
vn 0.7622 -0.1210 -0.6359
vn 0.6799 -0.1233 -0.7229
vn 0.6789 -0.1213 -0.7241
vn 0.5538 -0.6120 -0.5646
vn 0.5348 -0.7697 -0.3487
vn 0.0281 -0.9992 0.0282
vn 0.1553 -0.9860 -0.0614
vn 0.1624 -0.9776 -0.1340
vn 0.8588 -0.3629 -0.3617
vn 0.6399 -0.5588 -0.5276
vn 0.5154 -0.1164 -0.8490
vn 0.6867 -0.2353 -0.6878
vn 0.3409 0.0388 -0.9393
vn 0.6736 -0.7377 -0.0458
vn 0.6919 0.6878 0.2194
vn 0.3829 -0.7787 -0.4970
vn -0.0965 -0.6648 -0.7408
vn 0.0497 -0.9599 -0.2758
vn -0.0015 -0.9907 -0.1359
vn 0.0084 -0.9999 -0.0122
vn 0.0671 -0.9942 -0.0839
vn 0.1678 -0.9851 -0.0365
vn -0.0606 -0.8575 -0.5109
vn 0.2778 -0.9387 -0.2042
vn 0.2742 -0.8821 -0.3830
vn 0.3346 -0.4364 -0.8352
vn 0.0645 -0.0906 -0.9938
vn 0.2763 -0.1153 -0.9541
vn 0.2491 -0.1036 -0.9629
vn 0.2651 -0.1317 -0.9552
vn 0.2183 -0.3949 -0.8924
vn -0.1177 -0.0252 -0.9927
vn -0.1602 -0.3687 -0.9157
vn 0.1385 -0.9392 -0.3142
vn 0.2259 -0.8694 -0.4395
vn 0.2741 -0.7834 -0.5578
vn -0.2326 -0.6406 -0.7318
vn -0.0075 -0.9596 -0.2814
vn 0.0433 -0.9863 -0.1590
vn 0.0533 -0.9334 -0.3548
vn 0.0572 -0.9365 -0.3461
vn 0.1798 -0.5951 -0.7833
vn 0.0193 -0.1159 -0.9931
vn -0.0018 -0.1100 -0.9939
vn -0.0041 -0.1067 -0.9943
vn -0.4715 -0.5629 -0.6788
vn -0.5578 -0.2890 -0.7781
vn 0.1183 -0.5305 -0.8394
vn -0.0886 -0.0188 -0.9959
vn 0.1256 0.1103 -0.9859
vn 0.0935 -0.6313 -0.7699
vn 0.0639 -0.6048 -0.7938
vn 0.0818 -0.7873 -0.6111
vn 0.1350 -0.7868 -0.6022
vn 0.0504 -0.5820 -0.8116
vn 0.4231 -0.8655 -0.2682
vn -0.3726 -0.4730 -0.7984
vn 0.0828 -0.7864 -0.6121
vn 0.1095 -0.9356 -0.3358
vn 0.0508 -0.8807 -0.4710
vn 0.0202 -0.9935 -0.1117
vn 0.0152 -0.9930 -0.1173
vn 0.0192 -0.9928 -0.1181
vn 0.0482 -0.9940 -0.0981
vn 0.0434 -0.9930 -0.1095
vn 0.0530 -0.9928 -0.1074
vn 0.0535 -0.9927 -0.1077
vn 0.0573 -0.9934 -0.0996
vn 0.0048 -0.9969 -0.0791
vn -0.0016 -0.9970 -0.0779
vn -0.0179 -0.9914 -0.1296
vn -0.0375 -0.9206 -0.3887
vn -0.0363 -0.9213 -0.3872
vn 0.0085 -0.9776 -0.2104
vn 0.2717 -0.0420 -0.9615
vn -0.1291 0.1438 -0.9811
vn -0.6714 -0.5064 -0.5412
vn -0.5421 -0.6683 -0.5095
vn -0.5957 -0.4594 -0.6589
vn -0.6201 -0.4506 -0.6422
vn -0.1309 -0.9298 -0.3441
vn -0.2744 -0.0857 -0.9578
vn -0.2523 -0.1156 -0.9607
vn -0.2102 -0.5611 -0.8006
vn -0.4206 -0.3579 -0.8337
vn -0.3443 -0.7994 -0.4924
vn 0.0730 -0.6544 -0.7526
vn -0.2149 -0.5723 -0.7914
vn -0.0709 -0.8800 -0.4697
vn -0.0781 -0.7647 -0.6396
vn -0.0928 -0.7968 -0.5971
vn -0.1809 -0.6262 -0.7584
vn -0.0031 -0.5973 -0.8020
vn -0.6648 -0.4252 -0.6142
vn -0.0342 -0.9930 -0.1128
vn 0.0048 -0.9315 -0.3636
vn -0.0534 -0.9205 -0.3871
vn -0.0178 -0.9824 -0.1858
vn 0.0832 -0.9864 -0.1414
vn -0.0072 -0.9985 -0.0540
vn -0.1353 -0.9213 -0.3646
vn -0.2312 -0.7873 -0.5716
vn -0.2034 -0.7874 -0.5819
vn 0.7051 -0.6422 -0.3006
vn -0.3531 -0.3878 -0.8514
vn -0.4110 -0.2368 -0.8803
vn -0.4835 -0.1203 -0.8670
vn -0.9781 -0.0160 0.2075
vn -0.4591 0.3477 -0.8175
vn -0.0600 -0.1072 -0.9924
vn -0.7832 -0.1130 -0.6114
vn -0.4741 -0.4538 -0.7545
vn -0.4167 -0.3672 -0.8316
vn -0.5887 -0.3607 -0.7234
vn -0.4189 -0.5180 -0.7458
vn -0.6961 -0.4935 -0.5214
vn -0.0498 -0.9888 -0.1406
vn -0.1495 -0.9205 -0.3611
vn -0.1369 -0.9206 -0.3658
vn -0.1912 -0.2779 -0.9414
vn -0.0917 -0.9323 -0.3498
vn -0.1886 -0.8793 -0.4373
vn -0.2314 -0.7875 -0.5712
vn -0.6245 -0.5930 -0.5082
vn -0.1614 -0.9604 -0.2273
vn -0.5363 -0.5553 -0.6356
vn -0.0734 -0.9911 -0.1113
vn -0.0760 -0.9621 -0.2618
vn -0.0553 -0.9886 -0.1399
vn -0.0219 -0.9984 -0.0530
vn -0.0487 -0.9960 -0.0746
vn -0.0800 -0.9922 -0.0954
vn -0.2898 -0.4079 -0.8658
vn -0.2268 -0.9206 -0.3180
vn -0.1059 -0.9624 -0.2499
vn -0.5965 0.1324 -0.7916
vn -0.6801 -0.1350 -0.7206
vn -0.7341 -0.0994 -0.6717
vn -0.7240 -0.1214 -0.6791
vn -0.7752 -0.1230 -0.6196
vn -0.6350 -0.5469 -0.5456
vn -0.5233 -0.6310 -0.5727
vn -0.4335 -0.5837 -0.6866
vn 0.3277 -0.4667 -0.8215
vn 0.2986 -0.5785 -0.7590
vn -0.3678 -0.7873 -0.4948
vn -0.3689 -0.7894 -0.4908
vn -0.3929 -0.7807 -0.4858
vn -0.1443 -0.9459 -0.2905
vn -0.3017 -0.9162 -0.2637
vn -0.0576 -0.9908 -0.1223
vn -0.0644 -0.9938 -0.0901
vn -0.0503 -0.9967 -0.0637
vn -0.0471 -0.9948 -0.0899
vn -0.0098 -0.9999 -0.0096
vn -0.0833 -0.9942 -0.0687
vn -0.1057 -0.9911 -0.0815
vn 0.4362 0.1034 -0.8939
vn -0.3010 -0.9208 -0.2482
vn -0.1416 -0.9766 -0.1618
vn -0.7379 -0.4079 -0.5376
vn -0.4042 -0.2600 -0.8769
vn -0.5970 -0.5097 -0.6195
vn -0.8488 -0.1228 -0.5142
vn -0.8520 -0.1179 -0.5102
vn -0.8779 -0.1249 -0.4623
vn -0.8893 -0.1031 -0.4456
vn -0.9992 0.0384 0.0122
vn -0.3070 -0.9376 -0.1631
vn -0.6781 -0.5862 -0.4434
vn -0.4704 -0.7794 -0.4138
vn -0.4668 -0.7968 -0.3837
vn -0.7269 -0.6388 -0.2521
vn -0.2185 -0.9497 -0.2243
vn -0.3889 -0.8997 -0.1982
vn -0.0890 -0.9909 -0.1010
vn -0.0854 -0.9939 -0.0703
vn -0.1103 -0.9927 -0.0495
vn -0.5743 -0.7626 -0.2978
vn -0.6140 -0.7659 -0.1909
vn -0.9681 -0.2394 -0.0736
vn -0.9599 -0.1046 -0.2601
vn -0.8890 -0.2284 -0.3969
vn -0.9865 -0.1615 0.0282
vn -0.3879 -0.9171 -0.0921
vn -0.3562 -0.9205 -0.1605
vn -0.4712 -0.8213 -0.3217
vn -0.2670 -0.9481 -0.1726
vn -0.4437 -0.8774 -0.1826
vn -0.5596 -0.7928 -0.2415
vn -0.7780 -0.6243 -0.0708
vn -0.6837 -0.7263 -0.0706
vn -0.2794 -0.9454 -0.1679
vn -0.1248 -0.9910 -0.0481
vn -0.1121 -0.9909 -0.0743
vn -0.0972 -0.9943 -0.0432
vn -0.0952 -0.9944 -0.0462
vn -0.3506 -0.9324 -0.0876
vn -0.1600 -0.9858 -0.0504
vn -0.6249 -0.7694 -0.1325
vn -0.0846 -0.1845 -0.9792
vn -0.8992 0.0891 -0.4283
vn -0.7905 -0.6011 -0.1174
vn -0.9793 -0.1235 0.1605
vn -0.9377 -0.2610 -0.2295
vn -0.9360 0.1356 0.3249
vn -0.8829 -0.4694 0.0092
vn -0.8346 -0.4418 0.3290
vn -0.3862 -0.9205 -0.0600
vn -0.3988 -0.9170 0.0102
vn -0.2457 -0.9637 -0.1041
vn -0.3834 -0.9231 0.0291
vn -0.1984 -0.9800 -0.0123
vn -0.1288 -0.9914 0.0229
vn -0.0752 -0.9972 -0.0025
vn -0.1101 -0.9937 -0.0186
vn -0.1106 -0.9935 0.0285
vn -0.0525 -0.9986 -0.0077
vn -0.1234 -0.9904 -0.0620
vn -0.1304 -0.9911 -0.0277
vn -0.1299 -0.9913 -0.0216
vn -0.5559 -0.7248 0.4070
vn -0.7852 -0.5998 -0.1542
vn -0.7863 -0.5768 0.2213
vn -0.7854 -0.6085 0.1131
vn -0.4584 -0.8818 -0.1110
vn -0.8994 -0.4111 0.1483
vn -0.9095 -0.2120 0.3575
vn -0.9784 -0.1941 -0.0704
vn -0.8879 -0.4216 0.1841
vn -0.7800 -0.6067 0.1533
vn -0.7830 -0.6001 0.1639
vn -0.5956 -0.7864 0.1641
vn -0.6430 -0.7584 0.1068
vn -0.4718 -0.8741 0.1160
vn -0.3863 -0.9205 0.0585
vn -0.3279 -0.9416 0.0760
vn -0.1410 -0.9894 0.0345
vn -0.1309 -0.9911 0.0258
vn 0.1143 -0.9913 0.0646
vn 0.1182 -0.9911 0.0617
vn 0.1332 -0.9905 0.0341
vn 0.0092 -0.9999 0.0063
vn 0.1010 -0.9940 0.0409
vn 0.5796 -0.7992 0.1594
vn 0.4998 -0.8640 -0.0612
vn 0.2740 -0.4169 0.8667
vn 0.3801 -0.9176 0.1161
vn 0.2264 -0.9461 0.2316
vn 0.3279 -0.9323 0.1524
vn 0.5596 -0.7869 0.2601
vn 0.5713 -0.7723 0.2778
vn 0.7419 -0.5985 0.3023
vn 0.9576 0.1296 -0.2572
vn 0.9260 0.1886 0.3271
vn 0.6961 -0.3377 0.6336
vn 0.8932 -0.3671 0.2596
vn 0.8980 -0.3591 0.2541
vn 0.9395 -0.2977 -0.1695
vn 0.8472 -0.4616 0.2631
vn 0.8598 -0.4752 0.1869
vn 0.9808 -0.0825 -0.1768
vn 0.9545 -0.1233 0.2716
vn 0.9551 -0.1216 0.2703
vn 0.9551 -0.1216 0.2701
vn 0.6255 -0.5954 0.5041
vn -0.6251 -0.7801 -0.0252
vn -0.8005 -0.5993 -0.0028
vn -0.7912 -0.6108 -0.0310
vn -0.9295 -0.3671 -0.0365
vn -0.9300 -0.3671 0.0154
vn -0.9276 -0.2099 0.3091
vn -0.8029 -0.3373 -0.4915
vn -0.7881 -0.3409 -0.5125
vn -0.7934 -0.3671 -0.4855
vn -0.7824 -0.3668 -0.5033
vn -0.7684 -0.5395 -0.3442
vn -0.4457 -0.7319 -0.5155
vn -0.8839 -0.4590 -0.0900
vn -0.8492 -0.5210 -0.0859
vn -0.6568 -0.5559 -0.5095
vn -0.9777 -0.1953 -0.0772
vn -0.6899 -0.1220 -0.7135
vn -0.6248 -0.3624 -0.6916
vn -0.7408 -0.5055 -0.4425
vn -0.2528 -0.3135 -0.9153
vn 0.0336 -0.3903 -0.9201
vn 0.3847 0.0065 -0.9230
vn 0.3010 -0.0006 -0.9536
vn 0.8621 0.5032 -0.0591
vn 0.6063 -0.6134 -0.5061
vn 0.1741 -0.6097 -0.7733
vn 0.6884 -0.1552 -0.7085
vn 0.3174 -0.1449 -0.9372
vn -0.1280 -0.9195 -0.3718
vn 0.2652 -0.3673 -0.8915
vn 0.2898 -0.3671 -0.8839
vn 0.4846 -0.1588 -0.8602
vn 0.8282 -0.3396 -0.4458
vn 0.8409 -0.3420 -0.4194
vn 0.8122 -0.3779 -0.4444
vn 0.3793 -0.3364 -0.8620
vn 0.6647 -0.3871 -0.6391
vn 0.7074 -0.3425 -0.6182
vn 0.9378 -0.3110 -0.1541
vn 0.8651 -0.4894 -0.1103
vn 0.9385 -0.3425 0.0438
vn 0.9845 0.0748 -0.1588
vn 0.9799 -0.1981 0.0214
vn 0.9815 -0.1826 -0.0574
vn 0.9913 0.0956 -0.0906
vn 0.9197 0.2491 -0.3034
vn 0.9869 -0.1328 -0.0914
vn 0.7397 -0.1056 -0.6646
vn -0.4768 -0.8767 -0.0636
vn -0.6266 -0.7735 -0.0953
vn -0.5831 -0.8102 -0.0602
vn -0.7958 -0.6000 -0.0822
vn -0.7978 -0.5968 -0.0863
vn -0.9026 -0.4190 -0.0984
vn -0.2717 -0.7067 -0.6533
vn -0.6425 -0.7304 -0.2315
vn -0.6253 -0.4432 -0.6423
vn -0.9143 -0.2172 -0.3420
vn -0.7493 -0.6000 -0.2803
vn -0.7372 -0.6002 -0.3103
vn -0.7394 -0.5990 -0.3073
vn -0.3994 -0.3870 -0.8311
vn -0.3465 -0.6000 -0.7211
vn -0.3085 -0.6001 -0.7380
vn -0.2984 -0.6054 -0.7379
vn -0.3772 -0.6262 -0.6823
vn -0.2496 -0.6601 -0.7085
vn -0.3112 -0.4735 -0.8240
vn -0.6875 0.1198 -0.7163
vn -0.5201 -0.5999 -0.6079
vn -0.4870 -0.6001 -0.6346
vn -0.5115 -0.5880 -0.6266
vn 0.0655 -0.1567 -0.9855
vn 0.0962 -0.3502 -0.9317
vn -0.1897 -0.1508 -0.9702
vn -0.1535 -0.6000 -0.7851
vn -0.1095 -0.6001 -0.7924
vn 0.0740 -0.6995 -0.7108
vn -0.6034 -0.7664 -0.2202
vn 0.0970 -0.0419 -0.9944
vn 0.4558 -0.6002 -0.6573
vn 0.4749 -0.6000 -0.6438
vn 0.3660 -0.7873 -0.4962
vn 0.3954 -0.7873 -0.4730
vn 0.3874 -0.7725 -0.5031
vn -0.3798 -0.5180 -0.7664
vn 0.2540 -0.5792 -0.7746
vn 0.2702 -0.6002 -0.7529
vn 0.2922 -0.6001 -0.7447
vn 0.2582 -0.7897 -0.5565
vn 0.2190 -0.7789 -0.5876
vn 0.2206 -0.7805 -0.5850
vn 0.5547 -0.8123 -0.1801
vn 0.5744 -0.7761 -0.2602
vn 0.7287 -0.6000 -0.3301
vn 0.7245 -0.6001 -0.3390
vn 0.7210 -0.5636 -0.4031
vn 0.6034 -0.5802 -0.5470
vn 0.6196 -0.6263 -0.4731
vn 0.5899 -0.6231 -0.5135
vn 0.4712 -0.8036 -0.3635
vn 0.4835 -0.8057 -0.3422
vn 0.3142 -0.8833 0.3481
vn 0.8018 -0.5926 0.0767
vn 0.7986 -0.5977 0.0704
vn 0.6151 -0.7833 -0.0903
vn 0.7599 -0.6285 -0.1661
vn 0.7752 -0.6277 -0.0710
vn 0.7963 -0.5744 -0.1899
vn -0.0971 -0.6580 -0.7468
vn 0.1241 -0.8721 -0.4733
vn 0.8670 -0.3441 0.3603
vn 0.7397 -0.6001 0.3045
vn 0.7543 -0.6000 0.2664
vn 0.7557 -0.5954 0.2727
vn -0.8162 -0.5707 0.0906
vn -0.7908 -0.6000 0.1211
vn -0.5575 -0.8258 0.0854
vn -0.6149 -0.7863 0.0599
vn -0.3870 -0.9209 0.0475
vn -0.3884 -0.9203 0.0469
vn -0.1306 -0.9913 0.0158
vn -0.1322 -0.9911 0.0152
vn 0.3532 -0.8481 -0.3950
vn 0.2181 -0.9362 -0.2756
vn 0.2612 -0.9203 -0.2912
vn 0.1017 -0.9894 -0.1035
vn 0.0021 -0.9824 -0.1869
vn -0.1568 -0.0262 0.9873
vn -0.1568 -0.0262 0.9873
vn -0.1568 -0.0262 0.9873
vn -0.1568 -0.0262 0.9873
vn -0.1568 -0.0262 0.9873
vn -0.1568 -0.0262 0.9873
vn -0.1210 0.0015 0.9927
vn -0.1568 -0.0262 0.9873
vn -0.1568 -0.0262 0.9873
vn -0.1568 -0.0262 0.9873
vn -0.1568 -0.0262 0.9873
vn -0.1568 -0.0262 0.9873
vn -0.1568 -0.0262 0.9873
vn -0.1568 -0.0262 0.9873
vn -0.1568 -0.0262 0.9873
vn -0.1544 -0.0215 0.9878
vn -0.1554 -0.0220 0.9876
vn -0.1563 -0.0226 0.9874
vn -0.1568 -0.0262 0.9873
vn -0.1568 -0.0262 0.9873
vn -0.1568 -0.0262 0.9873
vn -0.1568 -0.0262 0.9873
vn 0.2422 0.2402 0.9400
vn -0.1387 -0.1070 0.9845
vn -0.7968 -0.5929 0.1161
vn -0.1755 -0.0530 0.9831
vn 0.0404 0.2446 0.9688
vn -0.2439 -0.2568 0.9352
vn -0.1551 -0.0335 0.9873
vn -0.1568 -0.0262 0.9873
vn -0.1568 -0.0262 0.9873
vn -0.1568 -0.0262 0.9873
vn -0.1568 -0.0262 0.9873
vn -0.1568 -0.0262 0.9873
vn -0.1568 -0.0262 0.9873
vn -0.1594 -0.0253 0.9869
vn -0.1585 -0.0283 0.9870
vn -0.1588 -0.0275 0.9869
vn -0.1496 -0.0203 0.9885
vn -0.1524 -0.0208 0.9881
vn 0.0219 -0.5693 0.8219
vn -0.8785 0.2375 0.4144
vn -0.1455 -0.0206 0.9891
vn 0.0000 -1.0000 0.0000
vn -0.4202 -0.8908 0.1728
vn 0.0198 -0.9997 -0.0146
vn -0.0131 -0.9999 0.0106
vn -0.0010 -1.0000 0.0047
vn -0.0012 -1.0000 0.0010
vn 0.0176 -0.9997 -0.0139
vn -0.0033 -1.0000 0.0021
vn -0.0000 -1.0000 0.0000
vn -0.0084 -0.9999 0.0055
vn -0.0031 -1.0000 0.0022
vn 0.0060 -1.0000 -0.0031
vn 0.0000 -1.0000 0.0000
vn -0.0006 -1.0000 0.0003
vn 0.0000 -1.0000 -0.0000
vn 0.0000 -1.0000 0.0000
vn 0.0000 -1.0000 0.0000
vn 0.0016 -1.0000 -0.0036
vn -0.0021 -1.0000 0.0038
vn 0.0119 -0.9999 -0.0085
vn 0.0029 -1.0000 -0.0010
vn -0.0008 -1.0000 0.0020
vn -0.0011 -1.0000 0.0022
vn -0.0014 -1.0000 0.0024
vn 0.0000 -1.0000 0.0000
vn 0.0000 -1.0000 0.0000
vn 0.0011 -1.0000 -0.0010
vn -0.0015 -1.0000 0.0009
vn 0.0000 -1.0000 0.0000
vn 0.0000 -1.0000 0.0000
vn -0.0000 -1.0000 0.0000
vn -0.0000 -1.0000 0.0000
vn -0.0018 -1.0000 0.0026
vn -0.0028 -1.0000 0.0031
vn 0.0122 -0.9999 -0.0050
vn 0.0605 -0.9978 -0.0288
vn -0.1574 0.9856 0.0612
vn 0.0000 -1.0000 0.0000
vn 0.0017 -1.0000 -0.0028
vn -0.0026 -1.0000 0.0037
vn 0.0433 -0.9989 -0.0159
vn -0.1879 0.9805 0.0578
vn -0.0150 -0.9999 0.0066
vn -0.0444 -0.9989 0.0154
vn 0.0193 -0.9998 -0.0014
vn -0.0588 0.9982 0.0092
vn -0.0008 -1.0000 0.0011
vn 0.0000 -1.0000 0.0000
f 396//1 656//1 657//1
f 396//2 657//2 397//2
f 656//3 874//3 869//3
f 656//4 869//4 657//4
f 657//5 869//5 652//5
f 652//6 869//6 700//6
f 652//7 700//7 549//7
f 397//8 657//8 652//8
f 397//9 652//9 549//9
f 397//10 549//10 461//10
f 973//11 974//11 1110//11
f 1320//12 1104//12 1105//12
f 1104//13 968//13 1105//13
f 1105//14 968//14 973//14
f 1105//15 973//15 1110//15
f 1110//16 1327//16 1321//16
f 1110//17 1321//17 1320//17
f 1110//18 1320//18 1105//18
f 1158//19 1155//19 1198//19
f 1198//20 1155//20 1197//20
f 1198//21 1197//21 1251//21
f 1251//22 1197//22 1247//22
f 1251//23 1247//23 1252//23
f 1252//24 1247//24 1248//24
f 1252//25 1248//25 1253//25
f 1253//26 1248//26 1249//26
f 801//27 800//27 1158//27
f 1158//28 800//28 1155//28
f 800//29 801//29 759//29
f 759//30 801//30 762//30
f 759//31 762//31 712//31
f 712//32 762//32 714//32
f 712//33 714//33 713//33
f 713//34 714//34 715//34
f 713//35 715//35 668//35
f 668//36 715//36 671//36
f 668//37 671//37 669//37
f 669//38 671//38 672//38
f 673//39 672//39 671//39
f 766//40 805//40 767//40
f 804//41 805//41 766//41
f 804//42 766//42 803//42
f 767//43 768//43 719//43
f 719//44 768//44 720//44
f 719//45 720//45 717//45
f 717//46 720//46 718//46
f 717//47 718//47 673//47
f 717//48 716//48 719//48
f 719//49 716//49 766//49
f 719//50 766//50 767//50
f 763//51 803//51 766//51
f 763//52 766//52 716//52
f 717//53 673//53 671//53
f 717//54 671//54 715//54
f 717//55 715//55 716//55
f 716//56 715//56 714//56
f 716//57 714//57 763//57
f 763//58 714//58 762//58
f 763//59 762//59 803//59
f 803//60 762//60 801//60
f 803//61 801//61 802//61
f 801//62 1158//62 1160//62
f 1162//63 1163//63 804//63
f 804//64 1163//64 805//64
f 1162//65 804//65 1160//65
f 1160//66 804//66 803//66
f 1160//67 803//67 802//67
f 1160//68 802//68 801//68
f 1198//69 1251//69 1254//69
f 1254//70 1251//70 1255//70
f 1254//71 1255//71 1258//71
f 1198//72 1199//72 1160//72
f 1198//73 1160//73 1158//73
f 1256//74 1259//74 1255//74
f 1256//75 1255//75 1252//75
f 1256//76 1252//76 1253//76
f 1251//77 1252//77 1255//77
f 1258//78 1255//78 1259//78
f 1258//79 1259//79 1201//79
f 1201//80 1259//80 1202//80
f 1199//81 1198//81 1254//81
f 1199//82 1254//82 1200//82
f 1200//83 1254//83 1258//83
f 1200//84 1258//84 1201//84
f 1163//85 1201//85 1202//85
f 1201//86 1163//86 1162//86
f 1201//87 1162//87 1200//87
f 1200//88 1162//88 1199//88
f 1199//89 1162//89 1160//89
f 1152//90 1195//90 1194//90
f 1193//91 1194//91 1241//91
f 1151//92 1152//92 1194//92
f 1151//93 1194//93 1193//93
f 1151//94 1193//94 1153//94
f 1244//95 1242//95 1245//95
f 1242//96 1244//96 1241//96
f 1242//97 1241//97 1195//97
f 1195//98 1241//98 1194//98
f 1196//99 1153//99 1193//99
f 1196//100 1193//100 1243//100
f 1243//101 1193//101 1241//101
f 1243//102 1241//102 1244//102
f 1245//103 1249//103 1244//103
f 1244//104 1249//104 1248//104
f 1244//105 1248//105 1243//105
f 1243//106 1248//106 1247//106
f 1243//107 1247//107 1196//107
f 1196//108 1247//108 1197//108
f 1196//109 1197//109 1153//109
f 1153//110 1197//110 1155//110
f 1159//111 1253//111 1156//111
f 1156//112 1253//112 1249//112
f 1155//113 800//113 798//113
f 796//114 797//114 1151//114
f 1151//115 797//115 1152//115
f 796//116 1151//116 799//116
f 799//117 1151//117 1153//117
f 799//118 1153//118 798//118
f 798//119 1153//119 1155//119
f 560//120 669//120 563//120
f 563//121 669//121 672//121
f 709//122 710//122 707//122
f 668//123 669//123 666//123
f 713//124 710//124 712//124
f 712//125 710//125 709//125
f 756//126 759//126 709//126
f 756//127 709//127 753//127
f 756//128 799//128 800//128
f 800//129 799//129 798//129
f 668//130 666//130 710//130
f 710//131 666//131 711//131
f 708//132 707//132 711//132
f 711//133 707//133 710//133
f 710//134 713//134 668//134
f 759//135 712//135 709//135
f 753//136 709//136 707//136
f 753//137 707//137 754//137
f 708//138 755//138 707//138
f 707//139 755//139 754//139
f 800//140 759//140 756//140
f 754//141 797//141 753//141
f 753//142 797//142 796//142
f 753//143 796//143 756//143
f 756//144 796//144 799//144
f 563//145 672//145 673//145
f 720//146 768//146 635//146
f 720//147 635//147 600//147
f 720//148 600//148 718//148
f 718//149 600//149 599//149
f 718//150 599//150 673//150
f 673//151 599//151 564//151
f 673//152 564//152 563//152
f 768//153 767//153 635//153
f 635//154 767//154 805//154
f 1096//155 635//155 1202//155
f 1202//156 635//156 805//156
f 1163//157 1202//157 805//157
f 1096//158 1202//158 1129//158
f 1129//159 1202//159 1259//159
f 1129//160 1259//160 1256//160
f 1129//161 1256//161 1127//161
f 1127//162 1256//162 1253//162
f 1127//163 1253//163 1159//163
f 1156//164 1249//164 1245//164
f 1195//165 1095//165 1123//165
f 1195//166 1123//166 1242//166
f 1242//167 1123//167 1245//167
f 1245//168 1123//168 1124//168
f 1245//169 1124//169 1156//169
f 1095//170 1195//170 1152//170
f 631//171 1095//171 755//171
f 755//172 1095//172 1152//172
f 755//173 1152//173 754//173
f 797//174 754//174 1152//174
f 631//175 755//175 708//175
f 631//176 708//176 597//176
f 597//177 708//177 711//177
f 597//178 711//178 598//178
f 598//179 711//179 666//179
f 598//180 666//180 669//180
f 598//181 669//181 560//181
f 326//182 330//182 233//182
f 233//183 330//183 239//183
f 233//184 239//184 238//184
f 233//185 238//185 232//185
f 1129//186 1268//186 1096//186
f 1096//187 1268//187 1206//187
f 1317//188 1268//188 1129//188
f 1317//189 1129//189 1313//189
f 1313//190 1129//190 1305//190
f 1129//191 1127//191 1305//191
f 1305//192 1127//192 1376//192
f 1376//193 1127//193 1159//193
f 1376//194 1159//194 1375//194
f 1375//195 1159//195 1156//195
f 1375//196 1156//196 1372//196
f 421//197 600//197 639//197
f 330//198 563//198 334//198
f 600//199 421//199 342//199
f 600//200 342//200 599//200
f 599//201 342//201 338//201
f 599//202 338//202 334//202
f 599//203 334//203 564//203
f 564//204 334//204 563//204
f 600//205 635//205 639//205
f 639//206 635//206 729//206
f 729//207 635//207 776//207
f 1206//208 1074//208 1096//208
f 1096//209 1074//209 969//209
f 1096//210 969//210 635//210
f 635//211 969//211 858//211
f 635//212 858//212 776//212
f 563//213 330//213 560//213
f 560//214 330//214 326//214
f 560//215 326//215 598//215
f 598//216 326//216 320//216
f 598//217 320//217 317//217
f 598//218 317//218 597//218
f 597//219 317//219 315//219
f 1366//220 1124//220 1300//220
f 315//221 405//221 597//221
f 597//222 405//222 464//222
f 597//223 464//223 631//223
f 1230//224 1296//224 1299//224
f 1124//225 1366//225 1156//225
f 1156//226 1366//226 1372//226
f 631//227 464//227 659//227
f 631//228 659//228 702//228
f 1123//229 1230//229 1299//229
f 1123//230 1299//230 1300//230
f 1123//231 1300//231 1124//231
f 702//232 824//232 631//232
f 631//233 824//233 876//233
f 631//234 876//234 1095//234
f 876//235 929//235 1095//235
f 1095//236 929//236 1017//236
f 1095//237 1017//237 1190//237
f 1095//238 1190//238 1123//238
f 1123//239 1190//239 1230//239
f 1313//240 1305//240 1381//240
f 1376//241 1381//241 1305//241
f 1313//242 1381//242 1390//242
f 1390//243 1381//243 1384//243
f 1390//244 1384//244 1389//244
f 1316//245 1323//245 1317//245
f 1316//246 1317//246 1394//246
f 1394//247 1317//247 1390//247
f 1394//248 1390//248 1389//248
f 1209//249 1206//249 1273//249
f 1273//250 1206//250 1268//250
f 1273//251 1268//251 1317//251
f 1208//252 1209//252 1272//252
f 1272//253 1209//253 1273//253
f 1272//254 1273//254 1317//254
f 1323//255 1272//255 1317//255
f 1390//256 1317//256 1313//256
f 884//257 858//257 969//257
f 811//258 682//258 728//258
f 728//259 682//259 641//259
f 1074//260 1206//260 1024//260
f 1024//261 1206//261 1209//261
f 1024//262 1209//262 1023//262
f 1023//263 1209//263 1208//263
f 1023//264 1208//264 1027//264
f 1027//265 1208//265 1079//265
f 975//266 891//266 1027//266
f 1027//267 891//267 883//267
f 1027//268 883//268 1023//268
f 1023//269 883//269 884//269
f 1023//270 884//270 1024//270
f 1024//271 884//271 969//271
f 1024//272 969//272 1074//272
f 811//273 728//273 891//273
f 891//274 728//274 729//274
f 891//275 729//275 883//275
f 883//276 729//276 884//276
f 884//277 729//277 776//277
f 884//278 776//278 858//278
f 639//279 729//279 421//279
f 421//280 729//280 430//280
f 430//281 729//281 728//281
f 430//282 728//282 429//282
f 429//283 728//283 641//283
f 352//284 347//284 429//284
f 348//285 342//285 421//285
f 248//286 338//286 253//286
f 253//287 338//287 342//287
f 253//288 342//288 348//288
f 348//289 421//289 430//289
f 347//290 253//290 348//290
f 347//291 348//291 429//291
f 429//292 348//292 430//292
f 334//293 338//293 248//293
f 334//294 248//294 244//294
f 244//295 248//295 243//295
f 243//296 248//296 232//296
f 330//297 334//297 244//297
f 330//298 244//298 239//298
f 239//299 244//299 243//299
f 239//300 243//300 238//300
f 238//301 243//301 232//301
f 320//302 326//302 233//302
f 320//303 233//303 226//303
f 226//304 233//304 232//304
f 226//305 232//305 225//305
f 225//306 232//306 221//306
f 225//307 221//307 226//307
f 226//308 221//308 317//308
f 226//309 317//309 320//309
f 213//310 309//310 219//310
f 310//311 405//311 315//311
f 400//312 405//312 310//312
f 219//313 310//313 315//313
f 219//314 315//314 221//314
f 221//315 315//315 317//315
f 399//316 400//316 309//316
f 309//317 400//317 310//317
f 309//318 310//318 219//318
f 464//319 405//319 659//319
f 1016//320 1017//320 929//320
f 1187//321 1190//321 1017//321
f 659//322 405//322 400//322
f 659//323 400//323 399//323
f 659//324 399//324 658//324
f 658//325 399//325 623//325
f 790//326 871//326 658//326
f 658//327 871//327 875//327
f 658//328 875//328 659//328
f 659//329 875//329 876//329
f 659//330 876//330 824//330
f 659//331 824//331 702//331
f 954//332 1013//332 871//332
f 871//333 1013//333 1016//333
f 871//334 1016//334 875//334
f 875//335 1016//335 876//335
f 876//336 1016//336 929//336
f 1017//337 1016//337 1187//337
f 1187//338 1016//338 1186//338
f 1186//339 1016//339 1013//339
f 1186//340 1013//340 1055//340
f 1354//341 1355//341 1350//341
f 1350//342 1355//342 1295//342
f 1228//343 1230//343 1187//343
f 1187//344 1230//344 1190//344
f 1292//345 1296//345 1230//345
f 1292//346 1230//346 1227//346
f 1227//347 1230//347 1228//347
f 1227//348 1228//348 1186//348
f 1186//349 1228//349 1187//349
f 1355//350 1299//350 1295//350
f 1295//351 1299//351 1296//351
f 1295//352 1296//352 1291//352
f 1291//353 1296//353 1292//353
f 1291//354 1292//354 1227//354
f 1355//355 1354//355 1356//355
f 1300//356 1299//356 1356//356
f 1356//357 1299//357 1355//357
f 1363//358 1366//358 1356//358
f 1356//359 1366//359 1300//359
f 1372//360 1366//360 1367//360
f 1372//361 1367//361 1375//361
f 1501//362 1497//362 1500//362
f 1500//363 1497//363 1435//363
f 1500//364 1435//364 1437//364
f 1498//365 1497//365 1501//365
f 1436//366 1498//366 1502//366
f 1441//367 1381//367 1376//367
f 1441//368 1446//368 1388//368
f 1381//369 1441//369 1384//369
f 1384//370 1441//370 1388//370
f 1384//371 1388//371 1389//371
f 1375//372 1436//372 1376//372
f 1376//373 1436//373 1502//373
f 1376//374 1502//374 1441//374
f 1441//375 1502//375 1505//375
f 1441//376 1505//376 1446//376
f 1446//377 1505//377 1445//377
f 1316//378 1394//378 1393//378
f 1393//379 1400//379 1316//379
f 1316//380 1400//380 1323//380
f 1323//381 1400//381 1272//381
f 1272//382 1400//382 1322//382
f 1272//383 1322//383 1271//383
f 1272//384 1271//384 1208//384
f 1327//385 1271//385 1405//385
f 1405//386 1271//386 1322//386
f 1405//387 1322//387 1398//387
f 1398//388 1322//388 1399//388
f 1399//389 1322//389 1400//389
f 1399//390 1400//390 1455//390
f 1455//391 1400//391 1393//391
f 1455//392 1393//392 1451//392
f 1394//393 1389//393 1393//393
f 1393//394 1389//394 1388//394
f 1393//395 1388//395 1446//395
f 1451//396 1393//396 1446//396
f 1451//397 1446//397 1445//397
f 1271//398 1327//398 1110//398
f 1208//399 1271//399 1079//399
f 1079//400 1271//400 1110//400
f 1079//401 1110//401 1027//401
f 890//402 891//402 975//402
f 1027//403 1110//403 975//403
f 975//404 1110//404 974//404
f 975//405 974//405 890//405
f 891//406 890//406 811//406
f 811//407 890//407 688//407
f 811//408 688//408 682//408
f 428//409 429//409 688//409
f 688//410 429//410 641//410
f 688//411 641//411 682//411
f 427//412 428//412 687//412
f 687//413 428//413 688//413
f 687//414 688//414 861//414
f 861//415 688//415 890//415
f 861//416 890//416 916//416
f 916//417 890//417 974//417
f 351//418 347//418 352//418
f 428//419 427//419 429//419
f 429//420 427//420 352//420
f 352//421 427//421 351//421
f 347//422 351//422 346//422
f 347//423 346//423 253//423
f 253//424 346//424 259//424
f 253//425 259//425 252//425
f 253//426 252//426 248//426
f 236//427 231//427 237//427
f 231//428 236//428 329//428
f 231//429 329//429 325//429
f 252//430 237//430 248//430
f 248//431 237//431 232//431
f 232//432 237//432 221//432
f 221//433 237//433 218//433
f 221//434 218//434 219//434
f 219//435 218//435 212//435
f 219//436 212//436 213//436
f 213//437 212//437 308//437
f 213//438 308//438 309//438
f 309//439 308//439 304//439
f 309//440 304//440 399//440
f 399//441 304//441 397//441
f 399//442 397//442 398//442
f 1226//443 1186//443 1055//443
f 1054//444 1286//444 1226//444
f 549//445 700//445 653//445
f 653//446 700//446 869//446
f 653//447 869//447 870//447
f 870//448 869//448 898//448
f 870//449 898//449 926//449
f 398//450 397//450 461//450
f 398//451 461//451 549//451
f 653//452 658//452 623//452
f 549//453 653//453 398//453
f 398//454 653//454 623//454
f 398//455 623//455 399//455
f 1226//456 1055//456 1054//456
f 1054//457 1055//457 1013//457
f 1054//458 1013//458 926//458
f 926//459 1013//459 954//459
f 926//460 954//460 870//460
f 870//461 954//461 871//461
f 870//462 871//462 653//462
f 653//463 871//463 790//463
f 653//464 790//464 658//464
f 1227//465 1186//465 1226//465
f 1349//466 1350//466 1295//466
f 1349//467 1295//467 1345//467
f 1354//468 1350//468 1353//468
f 1353//469 1350//469 1349//469
f 1353//470 1349//470 1429//470
f 1429//471 1349//471 1425//471
f 1429//472 1425//472 1428//472
f 1286//473 1343//473 1290//473
f 1290//474 1343//474 1344//474
f 1290//475 1344//475 1345//475
f 1345//476 1344//476 1420//476
f 1345//477 1420//477 1349//477
f 1349//478 1420//478 1425//478
f 1226//479 1286//479 1290//479
f 1226//480 1290//480 1227//480
f 1227//481 1290//481 1345//481
f 1227//482 1345//482 1291//482
f 1291//483 1345//483 1295//483
f 1496//484 1435//484 1497//484
f 1436//485 1375//485 1367//485
f 1433//486 1363//486 1429//486
f 1429//487 1363//487 1356//487
f 1429//488 1356//488 1353//488
f 1353//489 1356//489 1354//489
f 1498//490 1436//490 1494//490
f 1494//491 1436//491 1367//491
f 1494//492 1367//492 1433//492
f 1433//493 1367//493 1366//493
f 1433//494 1366//494 1363//494
f 1429//495 1428//495 1489//495
f 1429//496 1489//496 1433//496
f 1433//497 1489//497 1491//497
f 1433//498 1491//498 1494//498
f 1438//499 1439//499 1440//499
f 1440//500 1439//500 1442//500
f 1500//501 1437//501 1438//501
f 1504//502 1505//502 1502//502
f 1445//503 1505//503 1510//503
f 1510//504 1505//504 1509//504
f 1438//505 1440//505 1500//505
f 1500//506 1440//506 1504//506
f 1500//507 1504//507 1501//507
f 1505//508 1504//508 1509//508
f 1509//509 1504//509 1444//509
f 1444//510 1504//510 1440//510
f 1444//511 1440//511 1442//511
f 1501//512 1504//512 1502//512
f 1501//513 1502//513 1498//513
f 1399//514 1455//514 1398//514
f 1451//515 1445//515 1510//515
f 1397//516 1320//516 1321//516
f 1397//517 1321//517 1398//517
f 1398//518 1321//518 1327//518
f 1398//519 1327//519 1405//519
f 1398//520 1455//520 1454//520
f 1398//521 1454//521 1449//521
f 1398//522 1449//522 1397//522
f 1455//523 1451//523 1450//523
f 1455//524 1450//524 1454//524
f 1454//525 1450//525 1449//525
f 1444//526 1450//526 1509//526
f 1509//527 1450//527 1451//527
f 1509//528 1451//528 1510//528
f 916//529 974//529 973//529
f 781//530 687//530 861//530
f 427//531 687//531 781//531
f 427//532 781//532 775//532
f 427//533 775//533 426//533
f 968//534 775//534 781//534
f 968//535 781//535 973//535
f 973//536 781//536 861//536
f 973//537 861//537 916//537
f 345//538 341//538 251//538
f 251//539 252//539 258//539
f 251//540 258//540 345//540
f 259//541 346//541 345//541
f 346//542 351//542 350//542
f 346//543 350//543 345//543
f 426//544 420//544 345//544
f 345//545 351//545 426//545
f 426//546 351//546 427//546
f 252//547 259//547 258//547
f 258//548 259//548 345//548
f 345//549 350//549 351//549
f 333//550 329//550 236//550
f 333//551 236//551 242//551
f 242//552 236//552 237//552
f 242//553 237//553 252//553
f 242//554 252//554 251//554
f 242//555 251//555 341//555
f 242//556 341//556 333//556
f 360//557 439//557 359//557
f 272//558 360//558 359//558
f 359//559 271//559 272//559
f 272//560 271//560 178//560
f 167//561 86//561 168//561
f 167//562 168//562 177//562
f 177//563 168//563 169//563
f 177//564 169//564 178//564
f 178//565 169//565 271//565
f 167//566 166//566 86//566
f 86//567 166//567 161//567
f 86//568 161//568 77//568
f 161//569 160//569 77//569
f 77//570 160//570 157//570
f 77//571 157//571 156//571
f 271//572 359//572 270//572
f 271//573 270//573 178//573
f 178//574 270//574 177//574
f 177//575 270//575 176//575
f 177//576 176//576 167//576
f 77//577 156//577 152//577
f 152//578 156//578 246//578
f 438//579 437//579 436//579
f 357//580 358//580 436//580
f 436//581 358//581 438//581
f 357//582 268//582 269//582
f 355//583 263//583 264//583
f 355//584 264//584 268//584
f 268//585 264//585 269//585
f 263//586 262//586 257//586
f 257//587 262//587 255//587
f 257//588 255//588 256//588
f 256//589 255//589 250//589
f 250//590 255//590 340//590
f 357//591 436//591 356//591
f 357//592 356//592 268//592
f 268//593 356//593 355//593
f 263//594 355//594 262//594
f 250//595 340//595 337//595
f 337//596 340//596 414//596
f 337//597 414//597 336//597
f 434//598 435//598 536//598
f 536//599 435//599 499//599
f 536//600 498//600 434//600
f 434//601 498//601 433//601
f 496//602 424//602 425//602
f 496//603 425//603 433//603
f 433//604 425//604 434//604
f 424//605 494//605 419//605
f 419//606 494//606 492//606
f 419//607 492//607 418//607
f 418//608 492//608 416//608
f 416//609 492//609 531//609
f 536//610 497//610 498//610
f 498//611 497//611 433//611
f 433//612 497//612 496//612
f 424//613 496//613 494//613
f 416//614 531//614 525//614
f 525//615 531//615 601//615
f 581//616 643//616 610//616
f 610//617 580//617 581//617
f 574//618 573//618 575//618
f 574//619 575//619 608//619
f 608//620 575//620 579//620
f 579//621 575//621 576//621
f 574//622 606//622 573//622
f 573//623 606//623 603//623
f 573//624 603//624 604//624
f 604//625 603//625 602//625
f 606//626 638//626 603//626
f 603//627 638//627 602//627
f 602//628 638//628 636//628
f 602//629 636//629 678//629
f 610//630 609//630 580//630
f 580//631 609//631 579//631
f 579//632 609//632 608//632
f 574//633 608//633 606//633
f 602//634 678//634 676//634
f 676//635 678//635 769//635
f 686//636 780//636 779//636
f 684//637 685//637 779//637
f 779//638 685//638 686//638
f 779//639 732//639 684//639
f 684//640 732//640 683//640
f 778//641 726//641 727//641
f 778//642 727//642 683//642
f 683//643 727//643 681//643
f 683//644 681//644 684//644
f 726//645 774//645 724//645
f 724//646 774//646 808//646
f 724//647 808//647 772//647
f 772//648 808//648 771//648
f 771//649 808//649 832//649
f 732//650 779//650 778//650
f 732//651 778//651 683//651
f 726//652 778//652 774//652
f 771//653 832//653 831//653
f 771//654 831//654 830//654
f 830//655 831//655 909//655
f 830//656 909//656 853//656
f 838//657 889//657 888//657
f 888//658 837//658 838//658
f 888//659 860//659 837//659
f 837//660 860//660 859//660
f 837//661 859//661 836//661
f 882//662 881//662 857//662
f 882//663 857//663 886//663
f 886//664 857//664 859//664
f 859//665 857//665 836//665
f 882//666 914//666 881//666
f 881//667 914//667 912//667
f 881//668 912//668 911//668
f 912//669 940//669 911//669
f 911//670 940//670 964//670
f 860//671 888//671 887//671
f 860//672 887//672 859//672
f 859//673 887//673 886//673
f 882//674 886//674 914//674
f 911//675 964//675 962//675
f 962//676 964//676 1020//676
f 962//677 1020//677 999//677
f 1006//678 943//678 944//678
f 1006//679 972//679 943//679
f 943//680 972//680 971//680
f 1022//681 1021//681 1003//681
f 1022//682 1003//682 1026//682
f 1026//683 1003//683 971//683
f 971//684 1003//684 967//684
f 1022//685 1045//685 1021//685
f 1021//686 1045//686 1042//686
f 1021//687 1042//687 1041//687
f 1045//688 1043//688 1042//688
f 1042//689 1043//689 1072//689
f 1042//690 1072//690 1041//690
f 1041//691 1072//691 1070//691
f 1041//692 1070//692 1100//692
f 972//693 1006//693 1005//693
f 972//694 1005//694 971//694
f 971//695 1005//695 1026//695
f 1041//696 1100//696 1098//696
f 1098//697 1100//697 1166//697
f 1047//698 1078//698 1109//698
f 1076//699 1046//699 1109//699
f 1109//700 1046//700 1047//700
f 1109//701 1077//701 1076//701
f 1076//702 1077//702 1107//702
f 1133//703 1132//703 1103//703
f 1133//704 1103//704 1107//704
f 1107//705 1103//705 1076//705
f 1132//706 1171//706 1130//706
f 1130//707 1171//707 1205//707
f 1130//708 1205//708 1170//708
f 1170//709 1205//709 1168//709
f 1168//710 1205//710 1265//710
f 1168//711 1265//711 1266//711
f 1109//712 1108//712 1077//712
f 1077//713 1108//713 1107//713
f 1107//714 1108//714 1134//714
f 1107//715 1134//715 1133//715
f 1133//716 1134//716 1132//716
f 1132//717 1134//717 1171//717
f 1168//718 1266//718 1261//718
f 1261//719 1266//719 1386//719
f 1261//720 1386//720 1308//720
f 1211//721 1173//721 1213//721
f 1213//722 1173//722 1174//722
f 1213//723 1212//723 1211//723
f 1211//724 1212//724 1275//724
f 1392//725 1315//725 1319//725
f 1325//726 1319//726 1270//726
f 1325//727 1270//727 1275//727
f 1275//728 1270//728 1211//728
f 1319//729 1396//729 1392//729
f 1392//730 1396//730 1448//730
f 1392//731 1448//731 1443//731
f 1443//732 1448//732 1507//732
f 1443//733 1507//733 1508//733
f 1213//734 1276//734 1212//734
f 1212//735 1276//735 1275//735
f 1275//736 1276//736 1325//736
f 1319//737 1325//737 1396//737
f 1443//738 1508//738 1506//738
f 1506//739 1508//739 1647//739
f 1326//740 1404//740 1403//740
f 1403//741 1402//741 1326//741
f 1403//742 1458//742 1402//742
f 1573//743 1570//743 1514//743
f 1573//744 1514//744 1517//744
f 1517//745 1514//745 1458//745
f 1458//746 1514//746 1453//746
f 1573//747 1574//747 1570//747
f 1570//748 1574//748 1653//748
f 1570//749 1653//749 1571//749
f 1571//750 1653//750 1650//750
f 1653//751 1654//751 1650//751
f 1650//752 1654//752 1735//752
f 1403//753 1459//753 1458//753
f 1458//754 1459//754 1517//754
f 1573//755 1517//755 1574//755
f 1650//756 1735//756 1736//756
f 1650//757 1736//757 1732//757
f 1732//758 1736//758 1842//758
f 1518//759 1519//759 1579//759
f 1577//760 1518//760 1579//760
f 1579//761 1578//761 1577//761
f 1577//762 1578//762 1658//762
f 1659//763 1746//763 1656//763
f 1659//764 1656//764 1658//764
f 1746//765 1864//765 1741//765
f 1741//766 1864//766 1858//766
f 1741//767 1858//767 1857//767
f 1857//768 1858//768 1848//768
f 1848//769 1858//769 1849//769
f 1848//770 1849//770 1960//770
f 1578//771 1579//771 1659//771
f 1578//772 1659//772 1658//772
f 1659//773 1755//773 1746//773
f 1746//774 1755//774 1747//774
f 1746//775 1747//775 1864//775
f 1848//776 1960//776 1951//776
f 1951//777 1960//777 1953//777
f 1951//778 1953//778 1952//778
f 1580//779 1581//779 1661//779
f 1756//780 1660//780 1661//780
f 1661//781 1660//781 1580//781
f 1661//782 1757//782 1756//782
f 1866//783 1969//783 1865//783
f 1866//784 1865//784 1878//784
f 1878//785 1865//785 1757//785
f 1757//786 1865//786 1756//786
f 1866//787 1978//787 1969//787
f 1969//788 1978//788 1970//788
f 1969//789 1970//789 1962//789
f 1970//790 1971//790 1962//790
f 1962//791 1971//791 1963//791
f 1962//792 1963//792 1964//792
f 1757//793 1661//793 1758//793
f 1757//794 1758//794 1878//794
f 1866//795 1878//795 1867//795
f 1866//796 1867//796 1978//796
f 1962//797 1964//797 1954//797
f 1954//798 1964//798 1955//798
f 1663//799 1759//799 1662//799
f 1663//800 1760//800 1759//800
f 1759//801 1760//801 1880//801
f 1869//802 1972//802 1981//802
f 1869//803 1981//803 1881//803
f 1881//804 1981//804 1868//804
f 1881//805 1868//805 1880//805
f 1869//806 1870//806 1972//806
f 1972//807 1870//807 1973//807
f 1972//808 1973//808 1965//808
f 1870//809 1859//809 1973//809
f 1973//810 1859//810 1974//810
f 1973//811 1974//811 1965//811
f 1965//812 1974//812 1850//812
f 1965//813 1850//813 1851//813
f 1663//814 1761//814 1760//814
f 1760//815 1761//815 1880//815
f 1880//816 1761//816 1881//816
f 1881//817 1761//817 1882//817
f 1881//818 1882//818 1869//818
f 1965//819 1851//819 1843//819
f 1843//820 1851//820 1844//820
f 143//821 146//821 62//821
f 1835//822 1642//822 1639//822
f 143//823 62//823 56//823
f 56//824 62//824 61//824
f 56//825 61//825 55//825
f 55//826 61//826 59//826
f 55//827 59//827 53//827
f 53//828 59//828 145//828
f 53//829 145//829 142//829
f 142//830 145//830 235//830
f 142//831 235//831 230//831
f 230//832 235//832 328//832
f 230//833 328//833 324//833
f 324//834 328//834 412//834
f 324//835 412//835 411//835
f 411//836 412//836 478//836
f 411//837 478//837 476//837
f 476//838 478//838 562//838
f 476//839 562//839 559//839
f 559//840 562//840 633//840
f 559//841 633//841 632//841
f 632//842 633//842 761//842
f 632//843 761//843 758//843
f 758//844 761//844 851//844
f 758//845 851//845 850//845
f 850//846 851//846 907//846
f 850//847 907//847 906//847
f 906//848 907//848 995//848
f 906//849 995//849 993//849
f 993//850 995//850 1067//850
f 993//851 1067//851 1066//851
f 1066//852 1067//852 1126//852
f 1066//853 1126//853 1125//853
f 1125//854 1126//854 1250//854
f 1125//855 1250//855 1246//855
f 1246//856 1250//856 1374//856
f 1246//857 1374//857 1369//857
f 1369//858 1374//858 1499//858
f 1369//859 1499//859 1495//859
f 1495//860 1499//860 1641//860
f 1495//861 1641//861 1638//861
f 1638//862 1641//862 1727//862
f 1638//863 1727//863 1725//863
f 1725//864 1727//864 1834//864
f 1725//865 1834//865 1831//865
f 1831//866 1834//866 1942//866
f 1831//867 1942//867 1937//867
f 1937//868 1942//868 1943//868
f 1937//869 1943//869 1938//869
f 1938//870 1943//870 1944//870
f 1938//871 1944//871 1939//871
f 1939//872 1944//872 1945//872
f 1939//873 1945//873 1940//873
f 1940//874 1945//874 1835//874
f 1940//875 1835//875 1832//875
f 1832//876 1835//876 1639//876
f 218//877 237//877 224//877
f 319//878 314//878 217//878
f 319//879 217//879 224//879
f 224//880 217//880 218//880
f 325//881 319//881 224//881
f 325//882 224//882 231//882
f 231//883 224//883 237//883
f 304//884 308//884 212//884
f 396//885 397//885 307//885
f 396//886 307//886 404//886
f 304//887 307//887 303//887
f 307//888 211//888 217//888
f 217//889 314//889 307//889
f 307//890 212//890 211//890
f 211//891 212//891 217//891
f 217//892 212//892 218//892
f 397//893 304//893 307//893
f 307//894 304//894 212//894
f 1035//895 1054//895 926//895
f 1059//896 1288//896 1054//896
f 1288//897 1289//897 1054//897
f 1054//898 1289//898 1286//898
f 1054//899 1286//899 1035//899
f 874//900 1059//900 1054//900
f 874//901 1054//901 869//901
f 869//902 1054//902 1035//902
f 869//903 1035//903 926//903
f 869//904 926//904 898//904
f 1342//905 1348//905 1419//905
f 1419//906 1348//906 1423//906
f 1425//907 1482//907 1428//907
f 1428//908 1482//908 1486//908
f 1486//909 1482//909 1481//909
f 1486//910 1481//910 1485//910
f 1485//911 1481//911 1424//911
f 1424//912 1427//912 1485//912
f 1424//913 1481//913 1482//913
f 1424//914 1482//914 1425//914
f 1425//915 1420//915 1419//915
f 1425//916 1419//916 1424//916
f 1424//917 1419//917 1423//917
f 1344//918 1343//918 1420//918
f 1420//919 1343//919 1419//919
f 1419//920 1343//920 1342//920
f 1343//921 1286//921 1289//921
f 1343//922 1289//922 1288//922
f 1343//923 1288//923 1342//923
f 1434//924 1435//924 1496//924
f 1432//925 1431//925 1434//925
f 1427//926 1431//926 1432//926
f 1427//927 1432//927 1492//927
f 1427//928 1492//928 1490//928
f 1427//929 1490//929 1485//929
f 1428//930 1486//930 1485//930
f 1428//931 1485//931 1489//931
f 1489//932 1485//932 1490//932
f 1489//933 1490//933 1491//933
f 1497//934 1498//934 1494//934
f 1434//935 1496//935 1432//935
f 1432//936 1496//936 1497//936
f 1432//937 1497//937 1492//937
f 1492//938 1497//938 1490//938
f 1490//939 1497//939 1494//939
f 1490//940 1494//940 1491//940
f 1320//941 1397//941 1262//941
f 1437//942 1435//942 1371//942
f 333//943 484//943 329//943
f 329//944 484//944 480//944
f 1444//945 1310//945 1450//945
f 1450//946 1310//946 1449//946
f 1449//947 1310//947 1397//947
f 1262//948 1397//948 1310//948
f 1262//949 1264//949 1320//949
f 1320//950 1264//950 1203//950
f 1320//951 1203//951 1104//951
f 1104//952 1203//952 968//952
f 426//953 529//953 420//953
f 420//954 529//954 528//954
f 420//955 528//955 345//955
f 341//956 489//956 486//956
f 341//957 486//957 333//957
f 333//958 486//958 484//958
f 489//959 341//959 528//959
f 528//960 341//960 345//960
f 1437//961 1371//961 1438//961
f 1438//962 1371//962 1380//962
f 1438//963 1380//963 1439//963
f 1439//964 1380//964 1383//964
f 1439//965 1383//965 1442//965
f 1442//966 1383//966 1444//966
f 1444//967 1383//967 1306//967
f 1444//968 1306//968 1310//968
f 968//969 1203//969 775//969
f 775//970 1203//970 570//970
f 775//971 570//971 426//971
f 426//972 570//972 529//972
f 1664//973 1582//973 1583//973
f 1762//974 1664//974 1583//974
f 1748//975 1762//975 1763//975
f 1763//976 1762//976 1665//976
f 1665//977 1762//977 1583//977
f 1748//978 1763//978 1764//978
f 1748//979 1764//979 1872//979
f 1872//980 1764//980 1749//980
f 1872//981 1749//981 1860//981
f 1860//982 1749//982 1750//982
f 1860//983 1750//983 1742//983
f 1738//984 1737//984 1742//984
f 1742//985 1737//985 1861//985
f 1742//986 1861//986 1860//986
f 1738//987 1742//987 1739//987
f 1583//988 1666//988 1665//988
f 1665//989 1666//989 1763//989
f 1763//990 1666//990 1667//990
f 1763//991 1667//991 1764//991
f 1749//992 1764//992 1750//992
f 1676//993 1663//993 1675//993
f 1675//994 1663//994 1662//994
f 1675//995 1662//995 1674//995
f 1591//996 1581//996 1580//996
f 1591//997 1580//997 1589//997
f 1522//998 1519//998 1518//998
f 1522//999 1518//999 1462//999
f 1407//1000 1404//1000 1331//1000
f 1331//1001 1404//1001 1326//1001
f 1331//1002 1326//1002 1330//1002
f 1174//1003 1136//1003 1213//1003
f 1213//1004 1136//1004 1177//1004
f 1082//1005 1078//1005 1029//1005
f 1029//1006 1078//1006 1047//1006
f 977//1007 1006//1007 919//1007
f 919//1008 1006//1008 944//1008
f 864//1009 889//1009 814//1009
f 814//1010 889//1010 838//1010
f 735//1011 780//1011 691//1011
f 691//1012 780//1012 686//1012
f 613//1013 643//1013 583//1013
f 583//1014 643//1014 581//1014
f 583//1015 581//1015 584//1015
f 540//1016 536//1016 502//1016
f 502//1017 536//1017 499//1017
f 444//1018 437//1018 445//1018
f 445//1019 437//1019 438//1019
f 445//1020 438//1020 369//1020
f 371//1021 439//1021 372//1021
f 372//1022 439//1022 360//1022
f 372//1023 360//1023 373//1023
f 1582//1024 1595//1024 1583//1024
f 1583//1025 1595//1025 1680//1025
f 1583//1026 1680//1026 1666//1026
f 1666//1027 1680//1027 1775//1027
f 1666//1028 1775//1028 1667//1028
f 1667//1029 1775//1029 1763//1029
f 1750//1030 1764//1030 1873//1030
f 1750//1031 1873//1031 1742//1031
f 1743//1032 1739//1032 1742//1032
f 1743//1033 1742//1033 1862//1033
f 1862//1034 1742//1034 1874//1034
f 1874//1035 1742//1035 1873//1035
f 1595//1036 1582//1036 1594//1036
f 1594//1037 1582//1037 1664//1037
f 1594//1038 1664//1038 1678//1038
f 450//1039 440//1039 451//1039
f 451//1040 440//1040 442//1040
f 81//1041 79//1041 73//1041
f 73//1042 79//1042 71//1042
f 73//1043 71//1043 72//1043
f 73//1044 72//1044 9//1044
f 440//1045 450//1045 361//1045
f 361//1046 450//1046 375//1046
f 361//1047 375//1047 273//1047
f 273//1048 375//1048 281//1048
f 273//1049 281//1049 181//1049
f 170//1050 181//1050 101//1050
f 170//1051 101//1051 97//1051
f 170//1052 97//1052 90//1052
f 75//1053 71//1053 79//1053
f 75//1054 79//1054 10//1054
f 10//1055 79//1055 80//1055
f 10//1056 80//1056 12//1056
f 12//1057 80//1057 89//1057
f 12//1058 89//1058 90//1058
f 152//1059 70//1059 77//1059
f 373//1060 360//1060 280//1060
f 280//1061 360//1061 183//1061
f 183//1062 360//1062 272//1062
f 183//1063 272//1063 179//1063
f 179//1064 272//1064 271//1064
f 179//1065 271//1065 178//1065
f 178//1066 169//1066 95//1066
f 95//1067 169//1067 168//1067
f 95//1068 168//1068 86//1068
f 70//1069 74//1069 77//1069
f 70//1070 152//1070 151//1070
f 151//1071 152//1071 246//1071
f 151//1072 246//1072 150//1072
f 371//1073 359//1073 439//1073
f 371//1074 279//1074 359//1074
f 359//1075 279//1075 278//1075
f 359//1076 278//1076 270//1076
f 270//1077 278//1077 177//1077
f 167//1078 176//1078 100//1078
f 167//1079 100//1079 166//1079
f 166//1080 100//1080 94//1080
f 166//1081 94//1081 161//1081
f 76//1082 156//1082 157//1082
f 76//1083 157//1083 84//1083
f 84//1084 157//1084 160//1084
f 156//1085 76//1085 246//1085
f 246//1086 76//1086 151//1086
f 94//1087 85//1087 161//1087
f 161//1088 85//1088 160//1088
f 160//1089 85//1089 84//1089
f 369//1090 438//1090 368//1090
f 368//1091 438//1091 358//1091
f 368//1092 358//1092 277//1092
f 277//1093 358//1093 276//1093
f 276//1094 358//1094 357//1094
f 276//1095 357//1095 269//1095
f 173//1096 269//1096 264//1096
f 173//1097 264//1097 164//1097
f 164//1098 264//1098 163//1098
f 163//1099 264//1099 263//1099
f 163//1100 263//1100 158//1100
f 158//1101 263//1101 257//1101
f 336//1102 245//1102 337//1102
f 337//1103 245//1103 247//1103
f 337//1104 247//1104 250//1104
f 250//1105 247//1105 153//1105
f 250//1106 153//1106 256//1106
f 256//1107 153//1107 154//1107
f 256//1108 154//1108 257//1108
f 257//1109 154//1109 158//1109
f 245//1110 336//1110 335//1110
f 335//1111 336//1111 414//1111
f 437//1112 444//1112 436//1112
f 436//1113 444//1113 367//1113
f 436//1114 367//1114 366//1114
f 436//1115 366//1115 356//1115
f 356//1116 366//1116 355//1116
f 355//1117 366//1117 267//1117
f 355//1118 267//1118 262//1118
f 262//1119 267//1119 266//1119
f 249//1120 340//1120 254//1120
f 254//1121 340//1121 255//1121
f 340//1122 249//1122 414//1122
f 414//1123 249//1123 335//1123
f 502//1124 499//1124 443//1124
f 443//1125 499//1125 435//1125
f 443//1126 435//1126 364//1126
f 364//1127 435//1127 434//1127
f 364//1128 434//1128 354//1128
f 354//1129 434//1129 353//1129
f 353//1130 434//1130 425//1130
f 353//1131 425//1131 349//1131
f 349//1132 425//1132 424//1132
f 349//1133 424//1133 343//1133
f 343//1134 424//1134 419//1134
f 525//1135 524//1135 487//1135
f 525//1136 487//1136 416//1136
f 416//1137 487//1137 415//1137
f 416//1138 415//1138 418//1138
f 418//1139 415//1139 419//1139
f 419//1140 415//1140 343//1140
f 601//1141 567//1141 525//1141
f 525//1142 567//1142 524//1142
f 536//1143 540//1143 501//1143
f 536//1144 501//1144 497//1144
f 497//1145 501//1145 500//1145
f 497//1146 500//1146 432//1146
f 497//1147 432//1147 496//1147
f 496//1148 432//1148 494//1148
f 494//1149 432//1149 431//1149
f 494//1150 431//1150 423//1150
f 494//1151 423//1151 492//1151
f 567//1152 601//1152 530//1152
f 530//1153 601//1153 531//1153
f 530//1154 531//1154 490//1154
f 490//1155 531//1155 491//1155
f 491//1156 531//1156 492//1156
f 491//1157 492//1157 417//1157
f 417//1158 492//1158 423//1158
f 584//1159 581//1159 538//1159
f 538//1160 581//1160 537//1160
f 537//1161 581//1161 580//1161
f 537//1162 580//1162 535//1162
f 535//1163 580//1163 579//1163
f 535//1164 579//1164 534//1164
f 534//1165 579//1165 576//1165
f 534//1166 576//1166 533//1166
f 533//1167 576//1167 575//1167
f 533//1168 575//1168 574//1168
f 604//1169 602//1169 571//1169
f 604//1170 571//1170 573//1170
f 573//1171 571//1171 572//1171
f 769//1172 721//1172 676//1172
f 676//1173 721//1173 675//1173
f 643//1174 613//1174 612//1174
f 643//1175 612//1175 610//1175
f 610//1176 612//1176 609//1176
f 609//1177 612//1177 611//1177
f 609//1178 611//1178 582//1178
f 609//1179 582//1179 608//1179
f 608//1180 582//1180 578//1180
f 608//1181 578//1181 577//1181
f 608//1182 577//1182 606//1182
f 606//1183 577//1183 607//1183
f 606//1184 607//1184 605//1184
f 606//1185 605//1185 638//1185
f 721//1186 769//1186 677//1186
f 677//1187 769//1187 678//1187
f 677//1188 678//1188 636//1188
f 637//1189 636//1189 638//1189
f 637//1190 638//1190 603//1190
f 603//1191 638//1191 605//1191
f 691//1192 686//1192 690//1192
f 690//1193 686//1193 685//1193
f 690//1194 685//1194 689//1194
f 689//1195 685//1195 684//1195
f 689//1196 684//1196 683//1196
f 683//1197 681//1197 680//1197
f 680//1198 681//1198 727//1198
f 680//1199 727//1199 725//1199
f 725//1200 727//1200 726//1200
f 725//1201 726//1201 723//1201
f 723//1202 726//1202 724//1202
f 771//1203 770//1203 772//1203
f 772//1204 771//1204 724//1204
f 724//1205 771//1205 723//1205
f 830//1206 853//1206 806//1206
f 830//1207 806//1207 771//1207
f 771//1208 806//1208 770//1208
f 853//1209 909//1209 880//1209
f 780//1210 735//1210 779//1210
f 779//1211 735//1211 734//1211
f 779//1212 734//1212 778//1212
f 778//1213 734//1213 733//1213
f 778//1214 733//1214 731//1214
f 778//1215 731//1215 730//1215
f 778//1216 730//1216 774//1216
f 774//1217 730//1217 777//1217
f 774//1218 777//1218 773//1218
f 774//1219 773//1219 808//1219
f 880//1220 909//1220 854//1220
f 854//1221 909//1221 831//1221
f 831//1222 832//1222 807//1222
f 807//1223 832//1223 808//1223
f 807//1224 808//1224 772//1224
f 772//1225 808//1225 773//1225
f 962//1226 999//1226 998//1226
f 814//1227 838//1227 813//1227
f 813//1228 838//1228 840//1228
f 840//1229 838//1229 837//1229
f 840//1230 837//1230 839//1230
f 839//1231 837//1231 835//1231
f 835//1232 837//1232 836//1232
f 835//1233 836//1233 857//1233
f 835//1234 857//1234 856//1234
f 856//1235 857//1235 881//1235
f 962//1236 998//1236 911//1236
f 998//1237 938//1237 911//1237
f 911//1238 938//1238 910//1238
f 911//1239 910//1239 881//1239
f 999//1240 1020//1240 998//1240
f 889//1241 864//1241 888//1241
f 864//1242 863//1242 888//1242
f 888//1243 863//1243 862//1243
f 888//1244 862//1244 887//1244
f 887//1245 862//1245 886//1245
f 914//1246 886//1246 885//1246
f 914//1247 885//1247 913//1247
f 914//1248 913//1248 912//1248
f 964//1249 963//1249 1020//1249
f 1020//1250 963//1250 998//1250
f 963//1251 964//1251 939//1251
f 939//1252 964//1252 940//1252
f 919//1253 944//1253 918//1253
f 918//1254 944//1254 946//1254
f 946//1255 944//1255 943//1255
f 946//1256 943//1256 945//1256
f 945//1257 943//1257 971//1257
f 970//1258 971//1258 967//1258
f 970//1259 967//1259 1002//1259
f 1002//1260 967//1260 1003//1260
f 1002//1261 1003//1261 1021//1261
f 1098//1262 1097//1262 1041//1262
f 1097//1263 1069//1263 1041//1263
f 1097//1264 1098//1264 1165//1264
f 1165//1265 1098//1265 1166//1265
f 1165//1266 1166//1266 1164//1266
f 1006//1267 977//1267 976//1267
f 1006//1268 976//1268 1005//1268
f 1005//1269 976//1269 1007//1269
f 1005//1270 1007//1270 1004//1270
f 1005//1271 1004//1271 1026//1271
f 1022//1272 1026//1272 1025//1272
f 1022//1273 1025//1273 1045//1273
f 1045//1274 1025//1274 1044//1274
f 1045//1275 1044//1275 1043//1275
f 1100//1276 1099//1276 1166//1276
f 1166//1277 1099//1277 1165//1277
f 1099//1278 1100//1278 1070//1278
f 1099//1279 1070//1279 1071//1279
f 1071//1280 1070//1280 1072//1280
f 1071//1281 1072//1281 1042//1281
f 1042//1282 1043//1282 1044//1282
f 1029//1283 1047//1283 1049//1283
f 1049//1284 1047//1284 1046//1284
f 1049//1285 1046//1285 1048//1285
f 1048//1286 1046//1286 1080//1286
f 1080//1287 1046//1287 1076//1287
f 1080//1288 1076//1288 1075//1288
f 1075//1289 1076//1289 1106//1289
f 1106//1290 1076//1290 1103//1290
f 1106//1291 1103//1291 1102//1291
f 1102//1292 1103//1292 1131//1292
f 1131//1293 1103//1293 1132//1293
f 1131//1294 1132//1294 1169//1294
f 1169//1295 1132//1295 1130//1295
f 1308//1296 1307//1296 1261//1296
f 1261//1297 1307//1297 1260//1297
f 1261//1298 1260//1298 1168//1298
f 1168//1299 1260//1299 1204//1299
f 1168//1300 1204//1300 1170//1300
f 1170//1301 1204//1301 1167//1301
f 1170//1302 1167//1302 1130//1302
f 1130//1303 1167//1303 1169//1303
f 1386//1304 1385//1304 1308//1304
f 1308//1305 1385//1305 1307//1305
f 1078//1306 1082//1306 1109//1306
f 1109//1307 1082//1307 1081//1307
f 1109//1308 1081//1308 1108//1308
f 1108//1309 1081//1309 1112//1309
f 1108//1310 1112//1310 1111//1310
f 1108//1311 1111//1311 1134//1311
f 1134//1312 1111//1312 1133//1312
f 1134//1313 1133//1313 1171//1313
f 1171//1314 1133//1314 1172//1314
f 1267//1315 1265//1315 1205//1315
f 1385//1316 1386//1316 1311//1316
f 1311//1317 1386//1317 1266//1317
f 1311//1318 1266//1318 1265//1318
f 1315//1319 1392//1319 1391//1319
f 1136//1320 1174//1320 1175//1320
f 1175//1321 1174//1321 1173//1321
f 1175//1322 1173//1322 1214//1322
f 1214//1323 1173//1323 1211//1323
f 1214//1324 1211//1324 1210//1324
f 1210//1325 1211//1325 1274//1325
f 1274//1326 1211//1326 1270//1326
f 1315//1327 1391//1327 1319//1327
f 1506//1328 1567//1328 1566//1328
f 1506//1329 1566//1329 1443//1329
f 1392//1330 1443//1330 1391//1330
f 1391//1331 1318//1331 1319//1331
f 1319//1332 1318//1332 1270//1332
f 1270//1333 1318//1333 1274//1333
f 1647//1334 1646//1334 1506//1334
f 1506//1335 1646//1335 1567//1335
f 1213//1336 1177//1336 1215//1336
f 1213//1337 1215//1337 1276//1337
f 1276//1338 1215//1338 1278//1338
f 1276//1339 1278//1339 1277//1339
f 1276//1340 1277//1340 1325//1340
f 1325//1341 1277//1341 1324//1341
f 1325//1342 1324//1342 1396//1342
f 1396//1343 1324//1343 1401//1343
f 1396//1344 1401//1344 1395//1344
f 1396//1345 1395//1345 1448//1345
f 1511//1346 1507//1346 1448//1346
f 1646//1347 1647//1347 1568//1347
f 1568//1348 1647//1348 1508//1348
f 1568//1349 1508//1349 1507//1349
f 1395//1350 1447//1350 1448//1350
f 1448//1351 1447//1351 1511//1351
f 1570//1352 1652//1352 1514//1352
f 1330//1353 1326//1353 1329//1353
f 1329//1354 1326//1354 1406//1354
f 1406//1355 1326//1355 1402//1355
f 1406//1356 1402//1356 1457//1356
f 1457//1357 1402//1357 1458//1357
f 1457//1358 1458//1358 1515//1358
f 1515//1359 1458//1359 1453//1359
f 1515//1360 1453//1360 1513//1360
f 1513//1361 1453//1361 1514//1361
f 1513//1362 1514//1362 1572//1362
f 1572//1363 1514//1363 1652//1363
f 1732//1364 1840//1364 1731//1364
f 1732//1365 1731//1365 1650//1365
f 1571//1366 1650//1366 1649//1366
f 1571//1367 1649//1367 1570//1367
f 1570//1368 1649//1368 1652//1368
f 1842//1369 1841//1369 1732//1369
f 1732//1370 1841//1370 1840//1370
f 1404//1371 1407//1371 1403//1371
f 1403//1372 1407//1372 1459//1372
f 1459//1373 1407//1373 1460//1373
f 1459//1374 1460//1374 1517//1374
f 1517//1375 1460//1375 1516//1375
f 1517//1376 1516//1376 1575//1376
f 1517//1377 1575//1377 1574//1377
f 1574//1378 1575//1378 1655//1378
f 1574//1379 1655//1379 1653//1379
f 1841//1380 1842//1380 1845//1380
f 1845//1381 1842//1381 1736//1381
f 1845//1382 1736//1382 1735//1382
f 1740//1383 1735//1383 1654//1383
f 1740//1384 1654//1384 1653//1384
f 1462//1385 1518//1385 1521//1385
f 1521//1386 1518//1386 1585//1386
f 1585//1387 1518//1387 1586//1387
f 1586//1388 1518//1388 1577//1388
f 1586//1389 1577//1389 1658//1389
f 1753//1390 1658//1390 1656//1390
f 1753//1391 1656//1391 1745//1391
f 1745//1392 1656//1392 1863//1392
f 1863//1393 1656//1393 1746//1393
f 1863//1394 1746//1394 1856//1394
f 1856//1395 1746//1395 1741//1395
f 1951//1396 1959//1396 1848//1396
f 1848//1397 1959//1397 1857//1397
f 1857//1398 1848//1398 1741//1398
f 1741//1399 1848//1399 1856//1399
f 1953//1400 2008//1400 1952//1400
f 1519//1401 1522//1401 1579//1401
f 1579//1402 1522//1402 1587//1402
f 1579//1403 1587//1403 1659//1403
f 1659//1404 1587//1404 1670//1404
f 1659//1405 1670//1405 1754//1405
f 1659//1406 1754//1406 1755//1406
f 1755//1407 1754//1407 1747//1407
f 1747//1408 1754//1408 1875//1408
f 1747//1409 1875//1409 1864//1409
f 2008//1410 1953//1410 1957//1410
f 1957//1411 1953//1411 1960//1411
f 1960//1412 1849//1412 1967//1412
f 1967//1413 1849//1413 1858//1413
f 1967//1414 1858//1414 1857//1414
f 1857//1415 1858//1415 1864//1415
f 1589//1416 1580//1416 1672//1416
f 1672//1417 1580//1417 1660//1417
f 1672//1418 1660//1418 1766//1418
f 1766//1419 1660//1419 1756//1419
f 1766//1420 1756//1420 1877//1420
f 1877//1421 1756//1421 1865//1421
f 1877//1422 1865//1422 1977//1422
f 1977//1423 1865//1423 1969//1423
f 1954//1424 2009//1424 1962//1424
f 2009//1425 2012//1425 1962//1425
f 1962//1426 2012//1426 2013//1426
f 1962//1427 2013//1427 1969//1427
f 2009//1428 1954//1428 2010//1428
f 2010//1429 1954//1429 1955//1429
f 2010//1430 1955//1430 2011//1430
f 1581//1431 1591//1431 1661//1431
f 1661//1432 1591//1432 1673//1432
f 1661//1433 1673//1433 1767//1433
f 1661//1434 1767//1434 1758//1434
f 1758//1435 1767//1435 1878//1435
f 1867//1436 1878//1436 1984//1436
f 1867//1437 1984//1437 1978//1437
f 1964//1438 2014//1438 1955//1438
f 1955//1439 2014//1439 2010//1439
f 2014//1440 1964//1440 1963//1440
f 2014//1441 1963//1441 2018//1441
f 2018//1442 1963//1442 1971//1442
f 2018//1443 1971//1443 2017//1443
f 2017//1444 1971//1444 1970//1444
f 1674//1445 1662//1445 1769//1445
f 1769//1446 1662//1446 1770//1446
f 1770//1447 1662//1447 1759//1447
f 1770//1448 1759//1448 1887//1448
f 1887//1449 1759//1449 1879//1449
f 1879//1450 1759//1450 1880//1450
f 1879//1451 1880//1451 1987//1451
f 1987//1452 1880//1452 1868//1452
f 1987//1453 1868//1453 1981//1453
f 1843//1454 1956//1454 1958//1454
f 1843//1455 1958//1455 1965//1455
f 1972//1456 1965//1456 2016//1456
f 1972//1457 2016//1457 2020//1457
f 1956//1458 1843//1458 1844//1458
f 1663//1459 1676//1459 1761//1459
f 1761//1460 1676//1460 1771//1460
f 1761//1461 1771//1461 1888//1461
f 1761//1462 1888//1462 1881//1462
f 1869//1463 1882//1463 1988//1463
f 1869//1464 1988//1464 1870//1464
f 1870//1465 1988//1465 1982//1465
f 1870//1466 1982//1466 1859//1466
f 1851//1467 1966//1467 1844//1467
f 1966//1468 1851//1468 1850//1468
f 1966//1469 1850//1469 1974//1469
f 1973//1470 1859//1470 1982//1470
f 1678//1471 1664//1471 1679//1471
f 1679//1472 1664//1472 1773//1472
f 1773//1473 1664//1473 1774//1473
f 1774//1474 1664//1474 1762//1474
f 1774//1475 1762//1475 1884//1475
f 1884//1476 1762//1476 1885//1476
f 1885//1477 1762//1477 1748//1477
f 1885//1478 1748//1478 1871//1478
f 1871//1479 1748//1479 1872//1479
f 1861//1480 1872//1480 1860//1480
f 1648//1481 1733//1481 1734//1481
f 1734//1482 1733//1482 1737//1482
f 1737//1483 1733//1483 1854//1483
f 1737//1484 1854//1484 1861//1484
f 1861//1485 1854//1485 1853//1485
f 1861//1486 1853//1486 1860//1486
f 149//1487 69//1487 68//1487
f 67//1488 68//1488 8//1488
f 67//1489 8//1489 65//1489
f 65//1490 8//1490 66//1490
f 65//1491 66//1491 148//1491
f 148//1492 66//1492 64//1492
f 148//1493 64//1493 241//1493
f 241//1494 64//1494 147//1494
f 241//1495 147//1495 332//1495
f 332//1496 147//1496 240//1496
f 332//1497 240//1497 413//1497
f 413//1498 240//1498 331//1498
f 413//1499 331//1499 482//1499
f 482//1500 331//1500 481//1500
f 482//1501 481//1501 566//1501
f 566//1502 481//1502 565//1502
f 566//1503 565//1503 634//1503
f 634//1504 565//1504 674//1504
f 634//1505 674//1505 765//1505
f 765//1506 674//1506 764//1506
f 765//1507 764//1507 852//1507
f 908//1508 852//1508 937//1508
f 908//1509 937//1509 997//1509
f 997//1510 937//1510 996//1510
f 997//1511 996//1511 1068//1511
f 1128//1512 1068//1512 1161//1512
f 1128//1513 1161//1513 1257//1513
f 1378//1514 1257//1514 1377//1514
f 1378//1515 1377//1515 1503//1515
f 1503//1516 1377//1516 1565//1516
f 1503//1517 1565//1517 1644//1517
f 1644//1518 1565//1518 1643//1518
f 1644//1519 1643//1519 1729//1519
f 1729//1520 1643//1520 1836//1520
f 1729//1521 1836//1521 1837//1521
f 1837//1522 1836//1522 1946//1522
f 1837//1523 1946//1523 1947//1523
f 1948//1524 1947//1524 2006//1524
f 1948//1525 2006//1525 1949//1525
f 1949//1526 2006//1526 2007//1526
f 1949//1527 2007//1527 1950//1527
f 1645//1528 1838//1528 1730//1528
f 1949//1529 2007//1529 1948//1529
f 1948//1530 2007//1530 2006//1530
f 1837//1531 1946//1531 1729//1531
f 1729//1532 1946//1532 1836//1532
f 1729//1533 1836//1533 1644//1533
f 1644//1534 1836//1534 1643//1534
f 1644//1535 1643//1535 1503//1535
f 1503//1536 1643//1536 1565//1536
f 1503//1537 1565//1537 1378//1537
f 1378//1538 1565//1538 1377//1538
f 997//1539 996//1539 908//1539
f 908//1540 996//1540 937//1540
f 765//1541 764//1541 634//1541
f 634//1542 764//1542 674//1542
f 634//1543 674//1543 566//1543
f 566//1544 674//1544 565//1544
f 566//1545 565//1545 482//1545
f 482//1546 565//1546 481//1546
f 482//1547 481//1547 413//1547
f 413//1548 481//1548 331//1548
f 413//1549 331//1549 332//1549
f 332//1550 331//1550 240//1550
f 332//1551 240//1551 241//1551
f 241//1552 240//1552 147//1552
f 241//1553 147//1553 148//1553
f 148//1554 147//1554 64//1554
f 148//1555 64//1555 65//1555
f 65//1556 64//1556 66//1556
f 65//1557 66//1557 67//1557
f 67//1558 66//1558 8//1558
f 146//1559 63//1559 62//1559
f 61//1560 62//1560 7//1560
f 61//1561 7//1561 59//1561
f 59//1562 7//1562 60//1562
f 59//1563 60//1563 145//1563
f 145//1564 60//1564 58//1564
f 145//1565 58//1565 235//1565
f 235//1566 58//1566 144//1566
f 235//1567 144//1567 328//1567
f 328//1568 144//1568 234//1568
f 328//1569 234//1569 412//1569
f 412//1570 234//1570 327//1570
f 412//1571 327//1571 478//1571
f 478//1572 327//1572 477//1572
f 478//1573 477//1573 562//1573
f 562//1574 477//1574 561//1574
f 562//1575 561//1575 633//1575
f 633//1576 561//1576 670//1576
f 633//1577 670//1577 761//1577
f 761//1578 670//1578 760//1578
f 761//1579 760//1579 851//1579
f 907//1580 851//1580 936//1580
f 907//1581 936//1581 995//1581
f 995//1582 936//1582 994//1582
f 995//1583 994//1583 1067//1583
f 1126//1584 1067//1584 1157//1584
f 1126//1585 1157//1585 1250//1585
f 1374//1586 1250//1586 1373//1586
f 1374//1587 1373//1587 1499//1587
f 1499//1588 1373//1588 1564//1588
f 1499//1589 1564//1589 1641//1589
f 1641//1590 1564//1590 1640//1590
f 1641//1591 1640//1591 1727//1591
f 1727//1592 1640//1592 1833//1592
f 1727//1593 1833//1593 1834//1593
f 1834//1594 1833//1594 1941//1594
f 1834//1595 1941//1595 1942//1595
f 1943//1596 1942//1596 2004//1596
f 1943//1597 2004//1597 1944//1597
f 1944//1598 2004//1598 2005//1598
f 1944//1599 2005//1599 1945//1599
f 1642//1600 1835//1600 1728//1600
f 35//1601 43//1601 42//1601
f 35//1602 42//1602 34//1602
f 391//1603 392//1603 296//1603
f 391//1604 296//1604 295//1604
f 295//1605 296//1605 195//1605
f 125//1606 115//1606 116//1606
f 116//1607 115//1607 206//1607
f 116//1608 206//1608 196//1608
f 196//1609 206//1609 195//1609
f 195//1610 206//1610 194//1610
f 195//1611 194//1611 295//1611
f 24//1612 125//1612 126//1612
f 24//1613 126//1613 34//1613
f 34//1614 126//1614 26//1614
f 34//1615 26//1615 35//1615
f 296//1616 196//1616 195//1616
f 116//1617 196//1617 117//1617
f 116//1618 117//1618 125//1618
f 125//1619 117//1619 126//1619
f 130//1620 41//1620 136//1620
f 136//1621 135//1621 130//1621
f 130//1622 135//1622 216//1622
f 512//1623 458//1623 511//1623
f 511//1624 458//1624 457//1624
f 457//1625 458//1625 389//1625
f 208//1626 301//1626 302//1626
f 302//1627 301//1627 294//1627
f 294//1628 301//1628 395//1628
f 294//1629 395//1629 389//1629
f 389//1630 395//1630 388//1630
f 389//1631 388//1631 457//1631
f 129//1632 130//1632 216//1632
f 129//1633 216//1633 209//1633
f 209//1634 208//1634 210//1634
f 209//1635 210//1635 129//1635
f 129//1636 210//1636 124//1636
f 129//1637 124//1637 130//1637
f 458//1638 390//1638 389//1638
f 389//1639 390//1639 294//1639
f 208//1640 302//1640 205//1640
f 208//1641 205//1641 210//1641
f 313//1642 223//1642 318//1642
f 313//1643 318//1643 407//1643
f 620//1644 591//1644 619//1644
f 619//1645 591//1645 547//1645
f 619//1646 547//1646 590//1646
f 590//1647 547//1647 546//1647
f 463//1648 459//1648 460//1648
f 460//1649 459//1649 514//1649
f 460//1650 514//1650 510//1650
f 510//1651 514//1651 546//1651
f 312//1652 313//1652 407//1652
f 402//1653 463//1653 403//1653
f 402//1654 403//1654 407//1654
f 407//1655 403//1655 312//1655
f 547//1656 510//1656 546//1656
f 463//1657 460//1657 394//1657
f 463//1658 394//1658 403//1658
f 517//1659 409//1659 519//1659
f 517//1660 519//1660 552//1660
f 697//1661 742//1661 650//1661
f 743//1662 699//1662 742//1662
f 742//1663 699//1663 698//1663
f 742//1664 698//1664 651//1664
f 742//1665 651//1665 650//1665
f 625//1666 621//1666 622//1666
f 622//1667 621//1667 655//1667
f 622//1668 655//1668 618//1668
f 618//1669 655//1669 650//1669
f 650//1670 655//1670 696//1670
f 650//1671 696//1671 697//1671
f 594//1672 625//1672 550//1672
f 594//1673 550//1673 552//1673
f 552//1674 550//1674 517//1674
f 650//1675 651//1675 618//1675
f 622//1676 618//1676 593//1676
f 622//1677 593//1677 625//1677
f 625//1678 593//1678 550//1678
f 663//1679 595//1679 628//1679
f 628//1680 664//1680 663//1680
f 663//1681 664//1681 748//1681
f 868//1682 820//1682 819//1682
f 868//1683 819//1683 845//1683
f 794//1684 791//1684 792//1684
f 792//1685 791//1685 822//1685
f 792//1686 822//1686 788//1686
f 788//1687 822//1687 823//1687
f 788//1688 823//1688 845//1688
f 706//1689 663//1689 748//1689
f 706//1690 748//1690 746//1690
f 746//1691 794//1691 704//1691
f 746//1692 704//1692 706//1692
f 706//1693 704//1693 663//1693
f 845//1694 819//1694 789//1694
f 845//1695 789//1695 788//1695
f 792//1696 788//1696 745//1696
f 792//1697 745//1697 794//1697
f 794//1698 745//1698 704//1698
f 827//1699 750//1699 829//1699
f 827//1700 829//1700 879//1700
f 827//1701 879//1701 847//1701
f 984//1702 925//1702 983//1702
f 983//1703 925//1703 953//1703
f 901//1704 931//1704 928//1704
f 931//1705 927//1705 928//1705
f 928//1706 927//1706 956//1706
f 928//1707 956//1707 924//1707
f 924//1708 956//1708 953//1708
f 953//1709 956//1709 952//1709
f 953//1710 952//1710 983//1710
f 901//1711 877//1711 879//1711
f 879//1712 877//1712 846//1712
f 879//1713 846//1713 847//1713
f 925//1714 924//1714 953//1714
f 924//1715 897//1715 928//1715
f 928//1716 897//1716 900//1716
f 928//1717 900//1717 901//1717
f 901//1718 900//1718 873//1718
f 901//1719 873//1719 877//1719
f 959//1720 904//1720 961//1720
f 959//1721 961//1721 1019//1721
f 1088//1722 1034//1722 1033//1722
f 1088//1723 1033//1723 1087//1723
f 1087//1724 1033//1724 1053//1724
f 1038//1725 1057//1725 1036//1725
f 1036//1726 1057//1726 1032//1726
f 1032//1727 1057//1727 1058//1727
f 1032//1728 1058//1728 1053//1728
f 1053//1729 1058//1729 1086//1729
f 1053//1730 1086//1730 1087//1730
f 988//1731 959//1731 1019//1731
f 1037//1732 1038//1732 1018//1732
f 1037//1733 1018//1733 1019//1733
f 1019//1734 1018//1734 987//1734
f 1019//1735 987//1735 988//1735
f 1033//1736 1032//1736 1053//1736
f 1038//1737 1036//1737 1015//1737
f 1038//1738 1015//1738 1018//1738
f 1092//1739 1040//1739 1064//1739
f 1064//1740 1094//1740 1092//1740
f 1092//1741 1094//1741 1148//1741
f 1223//1742 1143//1742 1222//1742
f 1222//1743 1143//1743 1142//1743
f 1222//1744 1142//1744 1183//1744
f 1141//1745 1185//1745 1225//1745
f 1141//1746 1225//1746 1183//1746
f 1183//1747 1225//1747 1221//1747
f 1183//1748 1221//1748 1222//1748
f 1147//1749 1189//1749 1121//1749
f 1147//1750 1121//1750 1148//1750
f 1148//1751 1121//1751 1120//1751
f 1148//1752 1120//1752 1092//1752
f 1183//1753 1142//1753 1141//1753
f 1185//1754 1141//1754 1145//1754
f 1185//1755 1145//1755 1189//1755
f 1189//1756 1145//1756 1121//1756
f 1232//1757 1149//1757 1236//1757
f 1236//1758 1237//1758 1232//1758
f 1232//1759 1237//1759 1352//1759
f 1232//1760 1352//1760 1298//1760
f 1339//1761 1285//1761 1415//1761
f 1415//1762 1285//1762 1284//1762
f 1415//1763 1284//1763 1338//1763
f 1415//1764 1338//1764 1414//1764
f 1422//1765 1417//1765 1341//1765
f 1341//1766 1417//1766 1418//1766
f 1341//1767 1418//1767 1337//1767
f 1337//1768 1418//1768 1414//1768
f 1352//1769 1347//1769 1293//1769
f 1352//1770 1293//1770 1298//1770
f 1338//1771 1337//1771 1414//1771
f 1337//1772 1336//1772 1341//1772
f 1422//1773 1341//1773 1340//1773
f 1422//1774 1340//1774 1347//1774
f 1347//1775 1340//1775 1294//1775
f 1347//1776 1294//1776 1293//1776
f 1484//1777 1357//1777 1487//1777
f 1487//1778 1488//1778 1484//1778
f 1484//1779 1488//1779 1560//1779
f 1544//1780 1545//1780 1543//1780
f 1545//1781 1475//1781 1474//1781
f 1545//1782 1474//1782 1543//1782
f 1630//1783 1626//1783 1555//1783
f 1555//1784 1626//1784 1627//1784
f 1555//1785 1627//1785 1542//1785
f 1542//1786 1627//1786 1543//1786
f 1543//1787 1627//1787 1615//1787
f 1543//1788 1615//1788 1544//1788
f 1630//1789 1557//1789 1560//1789
f 1560//1790 1557//1790 1484//1790
f 1555//1791 1542//1791 1554//1791
f 1555//1792 1554//1792 1630//1792
f 1630//1793 1554//1793 1557//1793
f 1718//1794 1633//1794 1721//1794
f 1721//1795 1722//1795 1718//1795
f 1718//1796 1722//1796 1817//1796
f 1696//1797 1617//1797 1695//1797
f 1617//1798 1546//1798 1616//1798
f 1617//1799 1616//1799 1695//1799
f 1810//1800 1795//1800 1708//1800
f 1708//1801 1795//1801 1796//1801
f 1708//1802 1796//1802 1694//1802
f 1694//1803 1796//1803 1695//1803
f 1695//1804 1796//1804 1696//1804
f 1816//1805 1718//1805 1817//1805
f 1816//1806 1817//1806 1809//1806
f 1809//1807 1810//1807 1713//1807
f 1809//1808 1713//1808 1816//1808
f 1816//1809 1713//1809 1718//1809
f 1695//1810 1616//1810 1694//1810
f 1708//1811 1694//1811 1707//1811
f 1708//1812 1707//1812 1810//1812
f 1810//1813 1707//1813 1713//1813
f 1912//1814 1823//1814 1824//1814
f 1824//1815 1925//1815 1912//1815
f 1912//1816 1925//1816 1914//1816
f 1619//1817 1618//1817 1698//1817
f 1698//1818 1618//1818 1697//1818
f 1698//1819 1697//1819 1788//1819
f 1904//1820 1896//1820 1798//1820
f 1798//1821 1896//1821 1799//1821
f 1798//1822 1799//1822 1786//1822
f 1786//1823 1799//1823 1800//1823
f 1786//1824 1800//1824 1788//1824
f 1913//1825 1912//1825 1914//1825
f 1904//1826 1903//1826 1914//1826
f 1914//1827 1903//1827 1902//1827
f 1914//1828 1902//1828 1913//1828
f 1788//1829 1697//1829 1786//1829
f 1904//1830 1798//1830 1797//1830
f 1904//1831 1797//1831 1903//1831
f 1915//1832 1926//1832 1927//1832
f 1915//1833 1927//1833 1917//1833
f 1548//1834 1547//1834 1620//1834
f 1548//1835 1620//1835 1621//1835
f 1621//1836 1620//1836 1700//1836
f 1811//1837 1907//1837 1802//1837
f 1907//1838 1803//1838 1802//1838
f 1802//1839 1803//1839 1699//1839
f 1699//1840 1803//1840 1709//1840
f 1699//1841 1709//1841 1700//1841
f 1700//1842 1709//1842 1701//1842
f 1700//1843 1701//1843 1621//1843
f 1916//1844 1915//1844 1917//1844
f 1907//1845 1811//1845 1906//1845
f 1907//1846 1906//1846 1917//1846
f 1917//1847 1906//1847 1905//1847
f 1917//1848 1905//1848 1916//1848
f 1620//1849 1699//1849 1700//1849
f 1699//1850 1791//1850 1802//1850
f 1802//1851 1791//1851 1801//1851
f 1802//1852 1801//1852 1811//1852
f 1811//1853 1801//1853 1906//1853
f 197//1854 297//1854 198//1854
f 297//1855 393//1855 298//1855
f 297//1856 298//1856 198//1856
f 28//1857 119//1857 120//1857
f 120//1858 119//1858 200//1858
f 200//1859 119//1859 118//1859
f 200//1860 118//1860 198//1860
f 131//1861 132//1861 36//1861
f 28//1862 127//1862 36//1862
f 36//1863 127//1863 30//1863
f 36//1864 30//1864 131//1864
f 298//1865 199//1865 198//1865
f 198//1866 199//1866 200//1866
f 200//1867 199//1867 109//1867
f 200//1868 109//1868 120//1868
f 28//1869 120//1869 121//1869
f 28//1870 121//1870 127//1870
f 1410//1871 1476//1871 1411//1871
f 1411//1872 1476//1872 1416//1872
f 1818//1873 1928//1873 1825//1873
f 1825//1874 1826//1874 1818//1874
f 1818//1875 1826//1875 1820//1875
f 1930//1876 1825//1876 1929//1876
f 1929//1877 1825//1877 1928//1877
f 1926//1878 1997//1878 1927//1878
f 1927//1879 1997//1879 1998//1879
f 1927//1880 1998//1880 1999//1880
f 1925//1881 1824//1881 1924//1881
f 1924//1882 1824//1882 1823//1882
f 1633//1883 1632//1883 1721//1883
f 1357//1884 1430//1884 1487//1884
f 1149//1885 1192//1885 1236//1885
f 1064//1886 1040//1886 1063//1886
f 1064//1887 1063//1887 1093//1887
f 960//1888 961//1888 933//1888
f 933//1889 961//1889 904//1889
f 933//1890 904//1890 903//1890
f 828//1891 829//1891 749//1891
f 749//1892 829//1892 750//1892
f 629//1893 628//1893 595//1893
f 409//1894 408//1894 519//1894
f 519//1895 408//1895 467//1895
f 222//1896 318//1896 223//1896
f 222//1897 223//1897 134//1897
f 136//1898 41//1898 40//1898
f 136//1899 40//1899 39//1899
f 3//1900 42//1900 4//1900
f 4//1901 42//1901 43//1901
f 4//1902 43//1902 45//1902
f 1636//1903 1724//1903 1829//1903
f 1934//1904 1935//1904 2001//1904
f 1934//1905 2001//1905 1933//1905
f 1933//1906 2001//1906 2000//1906
f 1933//1907 2000//1907 1932//1907
f 1828//1908 1932//1908 1931//1908
f 1828//1909 1931//1909 1723//1909
f 1723//1910 1931//1910 1827//1910
f 1723//1911 1827//1911 1635//1911
f 1635//1912 1827//1912 1634//1912
f 1635//1913 1634//1913 1493//1913
f 1493//1914 1634//1914 1562//1914
f 1493//1915 1562//1915 1365//1915
f 1365//1916 1562//1916 1364//1916
f 1365//1917 1364//1917 1240//1917
f 1122//1918 1240//1918 1150//1918
f 1122//1919 1150//1919 1065//1919
f 991//1920 1065//1920 990//1920
f 991//1921 990//1921 905//1921
f 905//1922 990//1922 934//1922
f 905//1923 934//1923 849//1923
f 752//1924 849//1924 751//1924
f 752//1925 751//1925 630//1925
f 630//1926 751//1926 665//1926
f 630//1927 665//1927 557//1927
f 557//1928 665//1928 556//1928
f 557//1929 556//1929 474//1929
f 474//1930 556//1930 473//1930
f 474//1931 473//1931 410//1931
f 410//1932 473//1932 321//1932
f 410//1933 321//1933 322//1933
f 322//1934 321//1934 227//1934
f 322//1935 227//1935 228//1935
f 228//1936 227//1936 138//1936
f 228//1937 138//1937 139//1937
f 139//1938 138//1938 46//1938
f 139//1939 46//1939 47//1939
f 47//1940 46//1940 48//1940
f 47//1941 48//1941 49//1941
f 49//1942 48//1942 5//1942
f 49//1943 5//1943 50//1943
f 140//1944 50//1944 51//1944
f 49//1945 5//1945 47//1945
f 47//1946 5//1946 48//1946
f 47//1947 48//1947 139//1947
f 139//1948 48//1948 46//1948
f 139//1949 46//1949 228//1949
f 228//1950 46//1950 138//1950
f 228//1951 138//1951 322//1951
f 322//1952 138//1952 227//1952
f 322//1953 227//1953 410//1953
f 410//1954 227//1954 321//1954
f 410//1955 321//1955 474//1955
f 474//1956 321//1956 473//1956
f 474//1957 473//1957 557//1957
f 557//1958 473//1958 556//1958
f 557//1959 556//1959 630//1959
f 630//1960 556//1960 665//1960
f 630//1961 665//1961 752//1961
f 752//1962 665//1962 751//1962
f 905//1963 934//1963 991//1963
f 991//1964 934//1964 990//1964
f 1365//1965 1364//1965 1493//1965
f 1493//1966 1364//1966 1562//1966
f 1493//1967 1562//1967 1635//1967
f 1635//1968 1562//1968 1634//1968
f 1635//1969 1634//1969 1723//1969
f 1723//1970 1634//1970 1827//1970
f 1723//1971 1827//1971 1828//1971
f 1828//1972 1827//1972 1931//1972
f 1933//1973 2000//1973 1934//1973
f 1934//1974 2000//1974 2001//1974
f 1639//1975 1726//1975 1832//1975
f 1939//1976 1940//1976 2003//1976
f 1939//1977 2003//1977 1938//1977
f 1938//1978 2003//1978 2002//1978
f 1938//1979 2002//1979 1937//1979
f 1831//1980 1937//1980 1936//1980
f 1831//1981 1936//1981 1725//1981
f 1725//1982 1936//1982 1830//1982
f 1725//1983 1830//1983 1638//1983
f 1638//1984 1830//1984 1637//1984
f 1638//1985 1637//1985 1495//1985
f 1495//1986 1637//1986 1563//1986
f 1495//1987 1563//1987 1369//1987
f 1369//1988 1563//1988 1368//1988
f 1369//1989 1368//1989 1246//1989
f 1125//1990 1246//1990 1154//1990
f 1125//1991 1154//1991 1066//1991
f 993//1992 1066//1992 992//1992
f 993//1993 992//1993 906//1993
f 906//1994 992//1994 935//1994
f 906//1995 935//1995 850//1995
f 758//1996 850//1996 757//1996
f 758//1997 757//1997 632//1997
f 632//1998 757//1998 667//1998
f 632//1999 667//1999 559//1999
f 559//2000 667//2000 558//2000
f 559//2001 558//2001 476//2001
f 476//2002 558//2002 475//2002
f 476//2003 475//2003 411//2003
f 411//2004 475//2004 323//2004
f 411//2005 323//2005 324//2005
f 324//2006 323//2006 229//2006
f 324//2007 229//2007 230//2007
f 230//2008 229//2008 141//2008
f 230//2009 141//2009 142//2009
f 142//2010 141//2010 52//2010
f 142//2011 52//2011 53//2011
f 53//2012 52//2012 54//2012
f 53//2013 54//2013 55//2013
f 55//2014 54//2014 6//2014
f 55//2015 6//2015 56//2015
f 143//2016 56//2016 57//2016
f 329//2017 480//2017 325//2017
f 325//2018 480//2018 472//2018
f 325//2019 472//2019 319//2019
f 319//2020 472//2020 470//2020
f 319//2021 470//2021 314//2021
f 523//2022 554//2022 396//2022
f 396//2023 554//2023 656//2023
f 1239//2024 1342//2024 1288//2024
f 1239//2025 1288//2025 1235//2025
f 523//2026 396//2026 522//2026
f 522//2027 396//2027 404//2027
f 1427//2028 1424//2028 1303//2028
f 1303//2029 1424//2029 1423//2029
f 1303//2030 1423//2030 1239//2030
f 1239//2031 1423//2031 1348//2031
f 1239//2032 1348//2032 1342//2032
f 1304//2033 1431//2033 1303//2033
f 1303//2034 1431//2034 1427//2034
f 1304//2035 1360//2035 1431//2035
f 1431//2036 1360//2036 1362//2036
f 1431//2037 1362//2037 1434//2037
f 1434//2038 1362//2038 1371//2038
f 1434//2039 1371//2039 1435//2039
f 314//2040 470//2040 468//2040
f 314//2041 468//2041 307//2041
f 307//2042 468//2042 522//2042
f 307//2043 522//2043 404//2043
f 1235//2044 1288//2044 1191//2044
f 1191//2045 1288//2045 1059//2045
f 1191//2046 1059//2046 554//2046
f 554//2047 1059//2047 874//2047
f 554//2048 874//2048 656//2048
f 483//2049 479//2049 484//2049
f 484//2050 479//2050 480//2050
f 483//2051 484//2051 485//2051
f 485//2052 484//2052 486//2052
f 485//2053 486//2053 488//2053
f 488//2054 486//2054 489//2054
f 488//2055 489//2055 526//2055
f 526//2056 489//2056 527//2056
f 527//2057 489//2057 528//2057
f 527//2058 528//2058 568//2058
f 568//2059 528//2059 529//2059
f 568//2060 529//2060 569//2060
f 569//2061 529//2061 570//2061
f 570//2062 1203//2062 569//2062
f 569//2063 1203//2063 1263//2063
f 1263//2064 1203//2064 1264//2064
f 1263//2065 1264//2065 1309//2065
f 1309//2066 1264//2066 1262//2066
f 1309//2067 1262//2067 1310//2067
f 1309//2068 1310//2068 1382//2068
f 1382//2069 1310//2069 1306//2069
f 1382//2070 1306//2070 1383//2070
f 1382//2071 1383//2071 1379//2071
f 1379//2072 1383//2072 1380//2072
f 1380//2073 1371//2073 1379//2073
f 1379//2074 1371//2074 1370//2074
f 1737//2075 1738//2075 1734//2075
f 1738//2076 1739//2076 1734//2076
f 1734//2077 1739//2077 1651//2077
f 1734//2078 1651//2078 1648//2078
f 493//2079 422//2079 495//2079
f 1975//2080 1974//2080 1983//2080
f 2019//2081 2018//2081 1979//2081
f 1456//2082 1457//2082 1512//2082
f 1525//2083 1526//2083 1597//2083
f 1678//2084 1679//2084 1772//2084
f 1987//2085 1981//2085 1980//2085
f 2016//2086 1965//2086 2015//2086
f 2017//2087 1970//2087 1978//2087
f 1767//2088 1673//2088 1768//2088
f 1672//2089 1766//2089 1671//2089
f 1875//2090 1755//2090 1876//2090
f 1462//2091 1521//2091 1461//2091
f 1575//2092 1576//2092 1657//2092
f 1513//2093 1572//2093 1512//2093
f 1443//2094 1387//2094 1391//2094
f 1133//2095 1111//2095 1135//2095
f 1131//2096 1130//2096 1101//2096
f 1008//2097 1030//2097 1029//2097
f 1002//2098 1001//2098 965//2098
f 862//2099 863//2099 919//2099
f 856//2100 881//2100 833//2100
f 833//2101 881//2101 855//2101
f 431//2102 432//2102 495//2102
f 261//2103 255//2103 262//2103
f 179//2104 178//2104 180//2104
f 1668//2105 1669//2105 1751//2105
f 1751//2106 1669//2106 1752//2106
f 1751//2107 1752//2107 1743//2107
f 1682//2108 1584//2108 1668//2108
f 1668//2109 1584//2109 1669//2109
f 1597//2110 1527//2110 1598//2110
f 1597//2111 1598//2111 1682//2111
f 1682//2112 1598//2112 1584//2112
f 1527//2113 1597//2113 1463//2113
f 1463//2114 1597//2114 1526//2114
f 450//2115 451//2115 449//2115
f 450//2116 449//2116 375//2116
f 375//2117 449//2117 374//2117
f 375//2118 374//2118 281//2118
f 97//2119 101//2119 181//2119
f 181//2120 281//2120 180//2120
f 181//2121 180//2121 97//2121
f 97//2122 96//2122 90//2122
f 90//2123 96//2123 88//2123
f 90//2124 88//2124 12//2124
f 12//2125 88//2125 10//2125
f 95//2126 86//2126 87//2126
f 87//2127 86//2127 78//2127
f 78//2128 86//2128 77//2128
f 78//2129 10//2129 87//2129
f 87//2130 10//2130 88//2130
f 87//2131 88//2131 95//2131
f 95//2132 88//2132 96//2132
f 95//2133 96//2133 178//2133
f 179//2134 180//2134 183//2134
f 183//2135 180//2135 280//2135
f 280//2136 180//2136 281//2136
f 280//2137 281//2137 373//2137
f 373//2138 281//2138 374//2138
f 373//2139 374//2139 449//2139
f 373//2140 449//2140 372//2140
f 449//2141 448//2141 372//2141
f 372//2142 448//2142 371//2142
f 371//2143 448//2143 447//2143
f 278//2144 279//2144 370//2144
f 370//2145 279//2145 371//2145
f 370//2146 371//2146 447//2146
f 176//2147 177//2147 278//2147
f 94//2148 100//2148 175//2148
f 85//2149 94//2149 165//2149
f 85//2150 165//2150 84//2150
f 76//2151 84//2151 159//2151
f 76//2152 159//2152 155//2152
f 163//2153 158//2153 159//2153
f 159//2154 158//2154 155//2154
f 155//2155 158//2155 154//2155
f 155//2156 154//2156 153//2156
f 164//2157 165//2157 173//2157
f 277//2158 276//2158 175//2158
f 175//2159 276//2159 269//2159
f 175//2160 269//2160 174//2160
f 445//2161 369//2161 447//2161
f 100//2162 176//2162 175//2162
f 175//2163 176//2163 278//2163
f 175//2164 278//2164 277//2164
f 277//2165 278//2165 368//2165
f 368//2166 278//2166 370//2166
f 368//2167 370//2167 369//2167
f 369//2168 370//2168 447//2168
f 447//2169 446//2169 445//2169
f 366//2170 443//2170 365//2170
f 365//2171 266//2171 366//2171
f 366//2172 266//2172 267//2172
f 260//2173 255//2173 261//2173
f 260//2174 261//2174 266//2174
f 266//2175 261//2175 262//2175
f 260//2176 349//2176 344//2176
f 344//2177 349//2177 343//2177
f 502//2178 443//2178 503//2178
f 503//2179 443//2179 366//2179
f 503//2180 366//2180 444//2180
f 444//2181 366//2181 367//2181
f 539//2182 501//2182 540//2182
f 495//2183 432//2183 537//2183
f 431//2184 495//2184 423//2184
f 423//2185 495//2185 422//2185
f 423//2186 422//2186 417//2186
f 417//2187 422//2187 493//2187
f 490//2188 491//2188 532//2188
f 573//2189 571//2189 490//2189
f 490//2190 532//2190 573//2190
f 573//2191 532//2191 574//2191
f 537//2192 432//2192 500//2192
f 537//2193 500//2193 538//2193
f 538//2194 500//2194 501//2194
f 538//2195 501//2195 584//2195
f 584//2196 501//2196 539//2196
f 584//2197 539//2197 583//2197
f 583//2198 584//2198 613//2198
f 613//2199 584//2199 646//2199
f 613//2200 646//2200 612//2200
f 578//2201 644//2201 577//2201
f 577//2202 644//2202 607//2202
f 636//2203 637//2203 679//2203
f 636//2204 679//2204 678//2204
f 723//2205 722//2205 678//2205
f 771//2206 722//2206 723//2206
f 678//2207 679//2207 723//2207
f 723//2208 679//2208 725//2208
f 680//2209 640//2209 683//2209
f 683//2210 640//2210 642//2210
f 683//2211 642//2211 689//2211
f 689//2212 644//2212 690//2212
f 690//2213 644//2213 645//2213
f 690//2214 645//2214 691//2214
f 578//2215 582//2215 644//2215
f 644//2216 582//2216 611//2216
f 644//2217 611//2217 645//2217
f 645//2218 611//2218 612//2218
f 645//2219 612//2219 691//2219
f 691//2220 612//2220 646//2220
f 691//2221 736//2221 735//2221
f 735//2222 736//2222 782//2222
f 735//2223 782//2223 734//2223
f 734//2224 813//2224 812//2224
f 734//2225 812//2225 733//2225
f 733//2226 812//2226 731//2226
f 809//2227 773//2227 777//2227
f 807//2228 772//2228 809//2228
f 809//2229 772//2229 773//2229
f 855//2230 831//2230 833//2230
f 833//2231 831//2231 807//2231
f 855//2232 881//2232 910//2232
f 812//2233 839//2233 810//2233
f 810//2234 839//2234 835//2234
f 920//2235 863//2235 864//2235
f 812//2236 813//2236 840//2236
f 812//2237 840//2237 839//2237
f 886//2238 862//2238 917//2238
f 886//2239 917//2239 915//2239
f 886//2240 915//2240 885//2240
f 885//2241 915//2241 913//2241
f 940//2242 912//2242 941//2242
f 939//2243 965//2243 963//2243
f 963//2244 965//2244 1001//2244
f 963//2245 1001//2245 1000//2245
f 1002//2246 1021//2246 1001//2246
f 1001//2247 1021//2247 1000//2247
f 1000//2248 1021//2248 1041//2248
f 966//2249 970//2249 1002//2249
f 966//2250 941//2250 970//2250
f 970//2251 941//2251 942//2251
f 970//2252 942//2252 971//2252
f 971//2253 942//2253 945//2253
f 862//2254 919//2254 917//2254
f 917//2255 919//2255 918//2255
f 917//2256 918//2256 946//2256
f 919//2257 863//2257 920//2257
f 919//2258 920//2258 947//2258
f 919//2259 947//2259 977//2259
f 977//2260 947//2260 978//2260
f 977//2261 978//2261 1008//2261
f 977//2262 1008//2262 1029//2262
f 977//2263 1029//2263 976//2263
f 976//2264 1029//2264 1028//2264
f 976//2265 1028//2265 1007//2265
f 1007//2266 1028//2266 1004//2266
f 1025//2267 1026//2267 1044//2267
f 1071//2268 1101//2268 1099//2268
f 1099//2269 1101//2269 1130//2269
f 1099//2270 1130//2270 1167//2270
f 1131//2271 1169//2271 1130//2271
f 1073//2272 1042//2272 1044//2272
f 1073//2273 1044//2273 1075//2273
f 1075//2274 1044//2274 1026//2274
f 1075//2275 1026//2275 1028//2275
f 1028//2276 1026//2276 1004//2276
f 1106//2277 1102//2277 1073//2277
f 1106//2278 1073//2278 1075//2278
f 1075//2279 1028//2279 1080//2279
f 1080//2280 1028//2280 1048//2280
f 1082//2281 1029//2281 1030//2281
f 1048//2282 1028//2282 1049//2282
f 1049//2283 1028//2283 1029//2283
f 1082//2284 1113//2284 1081//2284
f 1135//2285 1111//2285 1136//2285
f 1136//2286 1111//2286 1112//2286
f 1136//2287 1112//2287 1081//2287
f 1207//2288 1205//2288 1171//2288
f 1387//2289 1312//2289 1391//2289
f 1391//2290 1312//2290 1314//2290
f 1391//2291 1314//2291 1318//2291
f 1312//2292 1265//2292 1314//2292
f 1314//2293 1265//2293 1267//2293
f 1314//2294 1267//2294 1318//2294
f 1318//2295 1267//2295 1269//2295
f 1318//2296 1269//2296 1274//2296
f 1210//2297 1172//2297 1135//2297
f 1135//2298 1172//2298 1133//2298
f 1274//2299 1269//2299 1210//2299
f 1210//2300 1135//2300 1214//2300
f 1136//2301 1175//2301 1135//2301
f 1135//2302 1175//2302 1214//2302
f 1081//2303 1113//2303 1136//2303
f 1136//2304 1113//2304 1137//2304
f 1136//2305 1137//2305 1176//2305
f 1136//2306 1176//2306 1177//2306
f 1177//2307 1279//2307 1215//2307
f 1215//2308 1279//2308 1329//2308
f 1456//2309 1401//2309 1328//2309
f 1328//2310 1401//2310 1324//2310
f 1328//2311 1324//2311 1277//2311
f 1328//2312 1277//2312 1329//2312
f 1329//2313 1277//2313 1278//2313
f 1329//2314 1278//2314 1215//2314
f 1395//2315 1452//2315 1447//2315
f 1652//2316 1649//2316 1568//2316
f 1652//2317 1568//2317 1569//2317
f 1569//2318 1568//2318 1507//2318
f 1569//2319 1507//2319 1511//2319
f 1447//2320 1512//2320 1511//2320
f 1511//2321 1512//2321 1572//2321
f 1511//2322 1572//2322 1569//2322
f 1569//2323 1572//2323 1652//2323
f 1513//2324 1512//2324 1515//2324
f 1515//2325 1512//2325 1457//2325
f 1457//2326 1456//2326 1406//2326
f 1406//2327 1456//2327 1328//2327
f 1406//2328 1328//2328 1329//2328
f 1330//2329 1329//2329 1279//2329
f 1330//2330 1279//2330 1331//2330
f 1407//2331 1331//2331 1461//2331
f 1575//2332 1516//2332 1520//2332
f 1520//2333 1516//2333 1460//2333
f 1520//2334 1460//2334 1461//2334
f 1461//2335 1460//2335 1407//2335
f 1575//2336 1657//2336 1655//2336
f 1744//2337 1653//2337 1655//2337
f 1735//2338 1740//2338 1855//2338
f 1735//2339 1855//2339 1846//2339
f 1959//2340 1847//2340 1848//2340
f 1848//2341 1847//2341 1856//2341
f 1847//2342 1846//2342 1856//2342
f 1856//2343 1846//2343 1855//2343
f 1856//2344 1855//2344 1863//2344
f 1745//2345 1744//2345 1753//2345
f 1576//2346 1575//2346 1520//2346
f 1576//2347 1520//2347 1657//2347
f 1657//2348 1520//2348 1586//2348
f 1657//2349 1586//2349 1658//2349
f 1461//2350 1521//2350 1520//2350
f 1520//2351 1521//2351 1585//2351
f 1520//2352 1585//2352 1586//2352
f 1522//2353 1523//2353 1524//2353
f 1522//2354 1524//2354 1587//2354
f 1587//2355 1524//2355 1588//2355
f 1671//2356 1754//2356 1670//2356
f 1671//2357 1670//2357 1588//2357
f 1588//2358 1670//2358 1587//2358
f 1875//2359 1876//2359 1864//2359
f 1857//2360 1864//2360 1967//2360
f 1967//2361 1864//2361 1976//2361
f 1969//2362 1961//2362 1968//2362
f 1968//2363 1961//2363 1960//2363
f 1968//2364 1960//2364 1967//2364
f 2013//2365 1961//2365 1969//2365
f 1969//2366 1968//2366 1977//2366
f 1977//2367 1976//2367 1877//2367
f 1875//2368 1754//2368 1755//2368
f 1755//2369 1754//2369 1671//2369
f 1755//2370 1671//2370 1876//2370
f 1876//2371 1671//2371 1766//2371
f 1876//2372 1766//2372 1877//2372
f 1672//2373 1671//2373 1588//2373
f 1672//2374 1588//2374 1589//2374
f 1589//2375 1588//2375 1524//2375
f 1589//2376 1524//2376 1591//2376
f 1524//2377 1590//2377 1591//2377
f 1878//2378 1886//2378 1985//2378
f 1984//2379 1878//2379 1985//2379
f 1984//2380 1985//2380 1978//2380
f 1674//2381 1769//2381 1768//2381
f 1768//2382 1769//2382 1886//2382
f 1768//2383 1886//2383 1767//2383
f 1767//2384 1886//2384 1878//2384
f 1769//2385 1770//2385 1886//2385
f 1886//2386 1770//2386 1887//2386
f 1886//2387 1887//2387 1985//2387
f 1985//2388 1887//2388 1986//2388
f 1985//2389 1986//2389 1979//2389
f 1673//2390 1591//2390 1768//2390
f 1768//2391 1591//2391 1592//2391
f 1768//2392 1592//2392 1674//2392
f 1888//2393 1771//2393 1772//2393
f 1883//2394 1882//2394 1888//2394
f 1888//2395 1882//2395 1881//2395
f 1883//2396 1982//2396 1988//2396
f 1883//2397 1988//2397 1882//2397
f 1973//2398 1983//2398 1974//2398
f 1974//2399 1975//2399 1966//2399
f 1966//2400 1975//2400 1860//2400
f 1966//2401 1860//2401 1852//2401
f 1852//2402 1860//2402 1853//2402
f 1888//2403 1772//2403 1679//2403
f 1888//2404 1679//2404 1773//2404
f 1771//2405 1676//2405 1772//2405
f 1772//2406 1676//2406 1677//2406
f 1772//2407 1677//2407 1678//2407
f 1678//2408 1677//2408 1593//2408
f 1678//2409 1593//2409 1594//2409
f 1680//2410 1595//2410 1596//2410
f 1680//2411 1596//2411 1681//2411
f 1680//2412 1681//2412 1776//2412
f 1764//2413 1763//2413 1776//2413
f 1776//2414 1763//2414 1775//2414
f 1776//2415 1775//2415 1680//2415
f 1764//2416 1776//2416 1765//2416
f 1765//2417 1873//2417 1764//2417
f 1743//2418 1862//2418 1751//2418
f 1751//2419 1862//2419 1874//2419
f 734//2420 782//2420 813//2420
f 813//2421 782//2421 815//2421
f 813//2422 815//2422 814//2422
f 97//2423 180//2423 96//2423
f 96//2424 180//2424 178//2424
f 365//2425 443//2425 364//2425
f 365//2426 364//2426 266//2426
f 266//2427 364//2427 354//2427
f 266//2428 354//2428 260//2428
f 260//2429 354//2429 353//2429
f 260//2430 353//2430 349//2430
f 644//2431 689//2431 642//2431
f 644//2432 642//2432 607//2432
f 607//2433 642//2433 640//2433
f 607//2434 640//2434 605//2434
f 605//2435 640//2435 603//2435
f 946//2436 945//2436 917//2436
f 917//2437 945//2437 942//2437
f 917//2438 942//2438 915//2438
f 915//2439 942//2439 941//2439
f 915//2440 941//2440 913//2440
f 913//2441 941//2441 912//2441
f 1267//2442 1205//2442 1269//2442
f 1269//2443 1205//2443 1207//2443
f 1269//2444 1207//2444 1210//2444
f 1210//2445 1207//2445 1171//2445
f 1210//2446 1171//2446 1172//2446
f 1658//2447 1753//2447 1744//2447
f 1658//2448 1744//2448 1657//2448
f 1657//2449 1744//2449 1655//2449
f 1512//2450 1447//2450 1452//2450
f 1512//2451 1452//2451 1456//2451
f 1456//2452 1452//2452 1395//2452
f 1456//2453 1395//2453 1401//2453
f 1978//2454 1985//2454 1979//2454
f 1978//2455 1979//2455 2017//2455
f 2017//2456 1979//2456 2018//2456
f 2018//2457 2019//2457 2014//2457
f 2014//2458 2019//2458 2020//2458
f 2014//2459 2020//2459 2015//2459
f 2015//2460 2020//2460 2016//2460
f 1877//2461 1976//2461 1876//2461
f 1876//2462 1976//2462 1864//2462
f 1874//2463 1873//2463 1751//2463
f 1751//2464 1873//2464 1765//2464
f 1751//2465 1765//2465 1668//2465
f 1668//2466 1765//2466 1776//2466
f 1668//2467 1776//2467 1682//2467
f 1682//2468 1776//2468 1681//2468
f 1682//2469 1681//2469 1597//2469
f 1597//2470 1681//2470 1596//2470
f 1597//2471 1596//2471 1525//2471
f 1773//2472 1774//2472 1888//2472
f 1888//2473 1774//2473 1884//2473
f 1888//2474 1884//2474 1883//2474
f 1883//2475 1884//2475 1983//2475
f 1883//2476 1983//2476 1982//2476
f 1982//2477 1983//2477 1973//2477
f 255//2478 260//2478 254//2478
f 254//2479 260//2479 344//2479
f 254//2480 344//2480 249//2480
f 249//2481 344//2481 343//2481
f 249//2482 343//2482 339//2482
f 339//2483 343//2483 415//2483
f 164//2484 163//2484 159//2484
f 164//2485 159//2485 165//2485
f 165//2486 159//2486 84//2486
f 680//2487 725//2487 679//2487
f 680//2488 679//2488 640//2488
f 640//2489 679//2489 637//2489
f 640//2490 637//2490 603//2490
f 491//2491 417//2491 493//2491
f 491//2492 493//2492 532//2492
f 532//2493 493//2493 533//2493
f 532//2494 533//2494 574//2494
f 966//2495 1002//2495 965//2495
f 966//2496 965//2496 941//2496
f 941//2497 965//2497 939//2497
f 941//2498 939//2498 940//2498
f 834//2499 856//2499 833//2499
f 834//2500 833//2500 809//2500
f 809//2501 833//2501 807//2501
f 1102//2502 1131//2502 1101//2502
f 1102//2503 1101//2503 1073//2503
f 1073//2504 1101//2504 1071//2504
f 1073//2505 1071//2505 1042//2505
f 1740//2506 1653//2506 1744//2506
f 1740//2507 1744//2507 1855//2507
f 1855//2508 1744//2508 1745//2508
f 1855//2509 1745//2509 1863//2509
f 1887//2510 1879//2510 1986//2510
f 1986//2511 1879//2511 1987//2511
f 1986//2512 1987//2512 1979//2512
f 1979//2513 1987//2513 1980//2513
f 1979//2514 1980//2514 2019//2514
f 2019//2515 1980//2515 1981//2515
f 2019//2516 1981//2516 2020//2516
f 2020//2517 1981//2517 1972//2517
f 1967//2518 1976//2518 1968//2518
f 1968//2519 1976//2519 1977//2519
f 1884//2520 1885//2520 1983//2520
f 1983//2521 1885//2521 1871//2521
f 1983//2522 1871//2522 1975//2522
f 1975//2523 1871//2523 1872//2523
f 1975//2524 1872//2524 1860//2524
f 94//2525 175//2525 165//2525
f 165//2526 175//2526 174//2526
f 165//2527 174//2527 173//2527
f 173//2528 174//2528 269//2528
f 495//2529 537//2529 535//2529
f 495//2530 535//2530 493//2530
f 493//2531 535//2531 534//2531
f 493//2532 534//2532 533//2532
f 856//2533 834//2533 835//2533
f 835//2534 834//2534 809//2534
f 835//2535 809//2535 810//2535
f 810//2536 809//2536 777//2536
f 810//2537 777//2537 812//2537
f 812//2538 777//2538 730//2538
f 812//2539 730//2539 731//2539
f 449//2540 451//2540 1463//2540
f 445//2541 446//2541 1463//2541
f 1594//2542 1593//2542 1030//2542
f 1030//2543 1593//2543 1677//2543
f 1030//2544 1677//2544 1676//2544
f 445//2545 1463//2545 444//2545
f 1526//2546 1525//2546 1030//2546
f 1137//2547 1113//2547 1676//2547
f 446//2548 447//2548 1463//2548
f 1463//2549 447//2549 448//2549
f 1525//2550 1596//2550 1030//2550
f 1030//2551 1596//2551 1595//2551
f 1030//2552 1595//2552 1594//2552
f 978//2553 947//2553 1463//2553
f 1463//2554 864//2554 814//2554
f 814//2555 815//2555 1463//2555
f 1463//2556 815//2556 782//2556
f 1463//2557 782//2557 736//2557
f 1522//2558 1462//2558 1674//2558
f 1279//2559 1177//2559 1676//2559
f 1676//2560 1177//2560 1176//2560
f 1676//2561 1176//2561 1137//2561
f 1113//2562 1082//2562 1676//2562
f 1676//2563 1082//2563 1030//2563
f 1463//2564 448//2564 449//2564
f 1462//2565 1461//2565 1674//2565
f 1674//2566 1461//2566 1331//2566
f 1674//2567 1331//2567 1675//2567
f 1675//2568 1331//2568 1676//2568
f 1676//2569 1331//2569 1279//2569
f 1526//2570 1030//2570 1463//2570
f 1463//2571 1030//2571 1008//2571
f 1463//2572 1008//2572 978//2572
f 947//2573 920//2573 1463//2573
f 1463//2574 920//2574 864//2574
f 736//2575 691//2575 1463//2575
f 1463//2576 691//2576 646//2576
f 540//2577 502//2577 1463//2577
f 1463//2578 502//2578 503//2578
f 1463//2579 503//2579 444//2579
f 1590//2580 1674//2580 1591//2580
f 1591//2581 1674//2581 1592//2581
f 1590//2582 1524//2582 1674//2582
f 1674//2583 1524//2583 1523//2583
f 1674//2584 1523//2584 1522//2584
f 646//2585 584//2585 1463//2585
f 1463//2586 584//2586 539//2586
f 1463//2587 539//2587 540//2587
f 90//2588 89//2588 81//2588
f 81//2589 89//2589 80//2589
f 81//2590 80//2590 79//2590
f 171//2591 273//2591 181//2591
f 442//2592 440//2592 441//2592
f 441//2593 440//2593 361//2593
f 441//2594 361//2594 362//2594
f 362//2595 361//2595 273//2595
f 275//2596 363//2596 362//2596
f 362//2597 363//2597 441//2597
f 441//2598 363//2598 442//2598
f 273//2599 274//2599 362//2599
f 362//2600 274//2600 275//2600
f 91//2601 162//2601 171//2601
f 171//2602 162//2602 172//2602
f 171//2603 172//2603 273//2603
f 273//2604 172//2604 274//2604
f 274//2605 172//2605 265//2605
f 274//2606 265//2606 275//2606
f 181//2607 170//2607 171//2607
f 171//2608 170//2608 91//2608
f 91//2609 170//2609 90//2609
f 91//2610 90//2610 81//2610
f 275//2611 265//2611 182//2611
f 182//2612 265//2612 172//2612
f 182//2613 172//2613 98//2613
f 98//2614 172//2614 92//2614
f 92//2615 172//2615 162//2615
f 92//2616 162//2616 91//2616
f 73//2617 9//2617 81//2617
f 11//2618 81//2618 9//2618
f 98//2619 99//2619 182//2619
f 81//2620 82//2620 91//2620
f 91//2621 92//2621 93//2621
f 99//2622 98//2622 93//2622
f 93//2623 98//2623 92//2623
f 92//2624 91//2624 82//2624
f 1839//2625 1844//2625 1854//2625
f 1966//2626 1852//2626 1844//2626
f 1844//2627 1852//2627 1853//2627
f 1844//2628 1853//2628 1854//2628
f 1854//2629 1733//2629 1839//2629
f 1839//2630 1733//2630 1730//2630
f 1839//2631 1730//2631 1844//2631
f 1844//2632 1730//2632 1838//2632
f 1844//2633 1838//2633 1956//2633
f 1956//2634 1838//2634 1950//2634
f 1956//2635 1950//2635 1958//2635
f 1965//2636 2011//2636 2015//2636
f 2015//2637 2011//2637 2010//2637
f 2015//2638 2010//2638 2014//2638
f 1965//2639 1958//2639 2011//2639
f 2011//2640 1958//2640 1950//2640
f 2011//2641 1950//2641 2010//2641
f 2010//2642 1950//2642 2007//2642
f 2010//2643 2007//2643 2009//2643
f 2009//2644 2007//2644 2006//2644
f 2009//2645 2006//2645 2012//2645
f 2013//2646 2008//2646 1961//2646
f 1961//2647 2008//2647 1957//2647
f 1961//2648 1957//2648 1960//2648
f 2013//2649 2012//2649 2008//2649
f 2008//2650 2012//2650 2006//2650
f 2008//2651 2006//2651 1952//2651
f 1952//2652 2006//2652 1947//2652
f 1952//2653 1947//2653 1951//2653
f 1951//2654 1947//2654 1946//2654
f 1951//2655 1946//2655 1959//2655
f 1847//2656 1841//2656 1846//2656
f 1846//2657 1841//2657 1845//2657
f 1846//2658 1845//2658 1735//2658
f 1643//2659 1731//2659 1836//2659
f 1836//2660 1731//2660 1840//2660
f 1836//2661 1840//2661 1946//2661
f 1946//2662 1840//2662 1841//2662
f 1946//2663 1841//2663 1959//2663
f 1959//2664 1841//2664 1847//2664
f 1646//2665 1643//2665 1567//2665
f 1567//2666 1643//2666 1565//2666
f 1567//2667 1565//2667 1566//2667
f 1568//2668 1649//2668 1646//2668
f 1646//2669 1649//2669 1643//2669
f 1643//2670 1649//2670 1650//2670
f 1643//2671 1650//2671 1731//2671
f 1385//2672 1377//2672 1307//2672
f 1307//2673 1377//2673 1257//2673
f 1307//2674 1257//2674 1260//2674
f 1566//2675 1565//2675 1443//2675
f 1443//2676 1565//2676 1377//2676
f 1443//2677 1377//2677 1387//2677
f 1387//2678 1377//2678 1385//2678
f 1387//2679 1385//2679 1312//2679
f 1312//2680 1385//2680 1311//2680
f 1312//2681 1311//2681 1265//2681
f 1204//2682 1164//2682 1167//2682
f 1167//2683 1164//2683 1165//2683
f 1167//2684 1165//2684 1099//2684
f 1204//2685 1260//2685 1164//2685
f 1164//2686 1260//2686 1257//2686
f 1164//2687 1257//2687 1165//2687
f 1165//2688 1257//2688 1161//2688
f 1165//2689 1161//2689 1097//2689
f 1097//2690 1161//2690 1068//2690
f 1097//2691 1068//2691 1069//2691
f 1041//2692 1020//2692 1000//2692
f 1000//2693 1020//2693 998//2693
f 1000//2694 998//2694 963//2694
f 1041//2695 1069//2695 1020//2695
f 1020//2696 1069//2696 1068//2696
f 1020//2697 1068//2697 998//2697
f 998//2698 1068//2698 996//2698
f 998//2699 996//2699 937//2699
f 998//2700 937//2700 938//2700
f 910//2701 880//2701 855//2701
f 855//2702 880//2702 854//2702
f 855//2703 854//2703 831//2703
f 910//2704 938//2704 880//2704
f 880//2705 938//2705 937//2705
f 880//2706 937//2706 853//2706
f 853//2707 937//2707 852//2707
f 853//2708 852//2708 764//2708
f 853//2709 764//2709 806//2709
f 806//2710 764//2710 770//2710
f 674//2711 676//2711 675//2711
f 677//2712 678//2712 721//2712
f 721//2713 678//2713 722//2713
f 721//2714 722//2714 771//2714
f 674//2715 675//2715 764//2715
f 764//2716 675//2716 721//2716
f 764//2717 721//2717 770//2717
f 770//2718 721//2718 771//2718
f 676//2719 674//2719 602//2719
f 602//2720 674//2720 565//2720
f 602//2721 565//2721 571//2721
f 530//2722 490//2722 571//2722
f 530//2723 571//2723 567//2723
f 567//2724 571//2724 565//2724
f 567//2725 565//2725 524//2725
f 524//2726 565//2726 481//2726
f 524//2727 481//2727 487//2727
f 487//2728 481//2728 415//2728
f 249//2729 339//2729 335//2729
f 335//2730 339//2730 414//2730
f 339//2731 415//2731 414//2731
f 414//2732 415//2732 481//2732
f 414//2733 481//2733 335//2733
f 335//2734 481//2734 331//2734
f 335//2735 331//2735 245//2735
f 245//2736 331//2736 240//2736
f 245//2737 240//2737 247//2737
f 153//2738 150//2738 155//2738
f 155//2739 150//2739 151//2739
f 155//2740 151//2740 76//2740
f 153//2741 247//2741 150//2741
f 150//2742 247//2742 240//2742
f 150//2743 240//2743 151//2743
f 151//2744 240//2744 147//2744
f 151//2745 147//2745 70//2745
f 70//2746 147//2746 64//2746
f 70//2747 64//2747 74//2747
f 77//2748 71//2748 78//2748
f 78//2749 71//2749 75//2749
f 78//2750 75//2750 10//2750
f 82//2751 81//2751 11//2751
f 77//2752 74//2752 71//2752
f 71//2753 74//2753 64//2753
f 71//2754 64//2754 72//2754
f 72//2755 64//2755 66//2755
f 72//2756 66//2756 9//2756
f 9//2757 66//2757 8//2757
f 9//2758 8//2758 11//2758
f 11//2759 8//2759 68//2759
f 11//2760 68//2760 82//2760
f 82//2761 68//2761 69//2761
f 82//2762 69//2762 83//2762
f 62//2763 63//2763 69//2763
f 1838//2764 1730//2764 1728//2764
f 69//2765 68//2765 62//2765
f 62//2766 68//2766 8//2766
f 62//2767 8//2767 7//2767
f 7//2768 8//2768 66//2768
f 7//2769 66//2769 60//2769
f 60//2770 66//2770 64//2770
f 60//2771 64//2771 58//2771
f 58//2772 64//2772 147//2772
f 58//2773 147//2773 144//2773
f 144//2774 147//2774 240//2774
f 144//2775 240//2775 234//2775
f 234//2776 240//2776 331//2776
f 234//2777 331//2777 327//2777
f 327//2778 331//2778 481//2778
f 327//2779 481//2779 477//2779
f 477//2780 481//2780 565//2780
f 477//2781 565//2781 561//2781
f 561//2782 565//2782 674//2782
f 561//2783 674//2783 670//2783
f 670//2784 674//2784 764//2784
f 670//2785 764//2785 760//2785
f 760//2786 764//2786 852//2786
f 760//2787 852//2787 851//2787
f 851//2788 852//2788 937//2788
f 851//2789 937//2789 936//2789
f 936//2790 937//2790 996//2790
f 936//2791 996//2791 994//2791
f 994//2792 996//2792 1068//2792
f 994//2793 1068//2793 1067//2793
f 1067//2794 1068//2794 1161//2794
f 1067//2795 1161//2795 1157//2795
f 1157//2796 1161//2796 1257//2796
f 1157//2797 1257//2797 1250//2797
f 1250//2798 1257//2798 1377//2798
f 1250//2799 1377//2799 1373//2799
f 1373//2800 1377//2800 1565//2800
f 1373//2801 1565//2801 1564//2801
f 1564//2802 1565//2802 1643//2802
f 1564//2803 1643//2803 1640//2803
f 1640//2804 1643//2804 1836//2804
f 1640//2805 1836//2805 1833//2805
f 1833//2806 1836//2806 1946//2806
f 1833//2807 1946//2807 1941//2807
f 1941//2808 1946//2808 1947//2808
f 1941//2809 1947//2809 1942//2809
f 1942//2810 1947//2810 2006//2810
f 1942//2811 2006//2811 2004//2811
f 2004//2812 2006//2812 2007//2812
f 2004//2813 2007//2813 2005//2813
f 2005//2814 2007//2814 1950//2814
f 2005//2815 1950//2815 1945//2815
f 1945//2816 1950//2816 1838//2816
f 1945//2817 1838//2817 1835//2817
f 1835//2818 1838//2818 1728//2818
f 393//2819 288//2819 298//2819
f 298//2820 288//2820 188//2820
f 298//2821 188//2821 199//2821
f 199//2822 188//2822 189//2822
f 199//2823 189//2823 108//2823
f 199//2824 108//2824 109//2824
f 120//2825 109//2825 13//2825
f 120//2826 13//2826 121//2826
f 121//2827 13//2827 19//2827
f 121//2828 19//2828 127//2828
f 37//2829 132//2829 131//2829
f 37//2830 131//2830 30//2830
f 29//2831 30//2831 127//2831
f 29//2832 127//2832 20//2832
f 20//2833 127//2833 19//2833
f 288//2834 393//2834 287//2834
f 287//2835 393//2835 297//2835
f 287//2836 297//2836 286//2836
f 287//2837 297//2837 187//2837
f 187//2838 297//2838 102//2838
f 102//2839 297//2839 197//2839
f 102//2840 197//2840 107//2840
f 107//2841 197//2841 198//2841
f 107//2842 198//2842 118//2842
f 107//2843 118//2843 18//2843
f 18//2844 118//2844 119//2844
f 18//2845 119//2845 28//2845
f 137//2846 44//2846 36//2846
f 392//2847 380//2847 296//2847
f 296//2848 380//2848 284//2848
f 296//2849 284//2849 196//2849
f 196//2850 284//2850 185//2850
f 196//2851 104//2851 117//2851
f 117//2852 104//2852 15//2852
f 117//2853 15//2853 126//2853
f 35//2854 1//2854 43//2854
f 43//2855 1//2855 4//2855
f 1//2856 35//2856 26//2856
f 25//2857 26//2857 126//2857
f 25//2858 126//2858 15//2858
f 380//2859 392//2859 391//2859
f 380//2860 391//2860 379//2860
f 379//2861 391//2861 283//2861
f 283//2862 391//2862 295//2862
f 283//2863 295//2863 184//2863
f 184//2864 295//2864 194//2864
f 103//2865 194//2865 206//2865
f 103//2866 206//2866 115//2866
f 115//2867 206//2867 14//2867
f 14//2868 115//2868 24//2868
f 24//2869 115//2869 125//2869
f 42//2870 3//2870 38//2870
f 42//2871 38//2871 34//2871
f 24//2872 34//2872 125//2872
f 458//2873 508//2873 453//2873
f 458//2874 453//2874 377//2874
f 458//2875 377//2875 390//2875
f 390//2876 377//2876 293//2876
f 390//2877 293//2877 294//2877
f 294//2878 293//2878 302//2878
f 302//2879 293//2879 192//2879
f 302//2880 192//2880 205//2880
f 205//2881 192//2881 204//2881
f 205//2882 204//2882 210//2882
f 130//2883 32//2883 41//2883
f 41//2884 32//2884 40//2884
f 32//2885 130//2885 124//2885
f 124//2886 210//2886 123//2886
f 123//2887 210//2887 204//2887
f 508//2888 458//2888 507//2888
f 507//2889 458//2889 512//2889
f 507//2890 512//2890 506//2890
f 135//2891 136//2891 39//2891
f 506//2892 512//2892 511//2892
f 506//2893 511//2893 452//2893
f 452//2894 511//2894 457//2894
f 452//2895 457//2895 376//2895
f 376//2896 457//2896 388//2896
f 292//2897 388//2897 395//2897
f 292//2898 395//2898 300//2898
f 300//2899 395//2899 301//2899
f 300//2900 301//2900 203//2900
f 203//2901 301//2901 208//2901
f 135//2902 39//2902 216//2902
f 39//2903 133//2903 216//2903
f 216//2904 133//2904 128//2904
f 216//2905 128//2905 209//2905
f 209//2906 128//2906 208//2906
f 208//2907 128//2907 122//2907
f 591//2908 587//2908 586//2908
f 591//2909 586//2909 547//2909
f 547//2910 586//2910 542//2910
f 547//2911 542//2911 510//2911
f 510//2912 542//2912 504//2912
f 510//2913 456//2913 460//2913
f 460//2914 456//2914 394//2914
f 214//2915 312//2915 306//2915
f 306//2916 312//2916 403//2916
f 134//2917 223//2917 220//2917
f 220//2918 223//2918 313//2918
f 220//2919 313//2919 214//2919
f 214//2920 313//2920 312//2920
f 394//2921 402//2921 403//2921
f 403//2922 402//2922 305//2922
f 403//2923 305//2923 306//2923
f 586//2924 591//2924 620//2924
f 586//2925 620//2925 616//2925
f 401//2926 463//2926 402//2926
f 407//2927 311//2927 402//2927
f 402//2928 311//2928 401//2928
f 616//2929 620//2929 619//2929
f 616//2930 619//2930 585//2930
f 585//2931 619//2931 590//2931
f 585//2932 590//2932 541//2932
f 541//2933 590//2933 545//2933
f 545//2934 590//2934 546//2934
f 545//2935 546//2935 509//2935
f 509//2936 546//2936 514//2936
f 509//2937 514//2937 513//2937
f 513//2938 514//2938 459//2938
f 401//2939 459//2939 463//2939
f 318//2940 222//2940 316//2940
f 318//2941 316//2941 407//2941
f 407//2942 316//2942 311//2942
f 699//2943 693//2943 698//2943
f 698//2944 693//2944 651//2944
f 651//2945 693//2945 647//2945
f 651//2946 647//2946 618//2946
f 593//2947 618//2947 588//2947
f 593//2948 588//2948 592//2948
f 593//2949 592//2949 550//2949
f 408//2950 409//2950 466//2950
f 466//2951 409//2951 517//2951
f 466//2952 517//2952 516//2952
f 516//2953 517//2953 515//2953
f 515//2954 517//2954 550//2954
f 693//2955 699//2955 739//2955
f 739//2956 699//2956 743//2956
f 739//2957 743//2957 785//2957
f 625//2958 594//2958 621//2958
f 785//2959 743//2959 738//2959
f 738//2960 743//2960 742//2960
f 738//2961 742//2961 737//2961
f 737//2962 742//2962 692//2962
f 692//2963 742//2963 697//2963
f 692//2964 697//2964 696//2964
f 649//2965 696//2965 655//2965
f 649//2966 655//2966 621//2966
f 519//2967 467//2967 518//2967
f 519//2968 518//2968 552//2968
f 552//2969 518//2969 551//2969
f 552//2970 551//2970 594//2970
f 820//2971 843//2971 842//2971
f 820//2972 842//2972 819//2972
f 819//2973 842//2973 817//2973
f 819//2974 817//2974 816//2974
f 819//2975 816//2975 789//2975
f 789//2976 816//2976 788//2976
f 788//2977 787//2977 745//2977
f 745//2978 787//2978 740//2978
f 745//2979 740//2979 744//2979
f 745//2980 744//2980 704//2980
f 662//2981 663//2981 660//2981
f 660//2982 663//2982 704//2982
f 596//2983 595//2983 627//2983
f 627//2984 595//2984 663//2984
f 627//2985 663//2985 662//2985
f 744//2986 703//2986 704//2986
f 704//2987 703//2987 660//2987
f 868//2988 894//2988 820//2988
f 820//2989 894//2989 843//2989
f 894//2990 868//2990 866//2990
f 866//2991 868//2991 865//2991
f 865//2992 868//2992 841//2992
f 841//2993 868//2993 845//2993
f 841//2994 845//2994 844//2994
f 844//2995 845//2995 823//2995
f 628//2996 629//2996 664//2996
f 748//2997 664//2997 705//2997
f 748//2998 705//2998 746//2998
f 746//2999 748//2999 794//2999
f 823//3000 822//3000 818//3000
f 823//3001 818//3001 844//3001
f 925//3002 949//3002 948//3002
f 925//3003 948//3003 924//3003
f 924//3004 948//3004 921//3004
f 924//3005 921//3005 923//3005
f 924//3006 923//3006 897//3006
f 900//3007 897//3007 896//3007
f 900//3008 896//3008 873//3008
f 873//3009 896//3009 899//3009
f 873//3010 899//3010 877//3010
f 826//3011 847//3011 846//3011
f 749//3012 750//3012 795//3012
f 795//3013 750//3013 827//3013
f 795//3014 827//3014 826//3014
f 826//3015 827//3015 847//3015
f 949//3016 925//3016 1010//3016
f 1010//3017 925//3017 984//3017
f 1010//3018 984//3018 980//3018
f 980//3019 984//3019 983//3019
f 980//3020 983//3020 979//3020
f 979//3021 983//3021 982//3021
f 982//3022 983//3022 952//3022
f 952//3023 956//3023 951//3023
f 951//3024 956//3024 955//3024
f 955//3025 956//3025 927//3025
f 901//3026 927//3026 931//3026
f 829//3027 828//3027 848//3027
f 829//3028 848//3028 879//3028
f 879//3029 848//3029 878//3029
f 879//3030 878//3030 901//3030
f 901//3031 878//3031 902//3031
f 1034//3032 1052//3032 1033//3032
f 1033//3033 1052//3033 1051//3033
f 1033//3034 1051//3034 1032//3034
f 1032//3035 1051//3035 1050//3035
f 1032//3036 1050//3036 1031//3036
f 1032//3037 1031//3037 1036//3037
f 1036//3038 1031//3038 1015//3038
f 1015//3039 1031//3039 1014//3039
f 1015//3040 1014//3040 1018//3040
f 959//3041 958//3041 904//3041
f 904//3042 958//3042 933//3042
f 958//3043 959//3043 988//3043
f 958//3044 988//3044 986//3044
f 986//3045 988//3045 987//3045
f 986//3046 987//3046 1018//3046
f 1052//3047 1034//3047 1115//3047
f 1115//3048 1034//3048 1088//3048
f 1115//3049 1088//3049 1114//3049
f 1114//3050 1088//3050 1087//3050
f 1114//3051 1087//3051 1083//3051
f 1083//3052 1087//3052 1086//3052
f 1085//3053 1086//3053 1058//3053
f 1085//3054 1058//3054 1057//3054
f 1056//3055 1057//3055 1037//3055
f 1037//3056 1057//3056 1038//3056
f 961//3057 960//3057 1019//3057
f 960//3058 989//3058 1019//3058
f 1037//3059 1019//3059 1039//3059
f 1037//3060 1039//3060 1038//3060
f 1179//3061 1143//3061 1180//3061
f 1143//3062 1179//3062 1142//3062
f 1142//3063 1179//3063 1178//3063
f 1142//3064 1178//3064 1182//3064
f 1142//3065 1182//3065 1141//3065
f 1141//3066 1182//3066 1181//3066
f 1141//3067 1181//3067 1145//3067
f 1145//3068 1181//3068 1140//3068
f 1145//3069 1140//3069 1144//3069
f 1145//3070 1144//3070 1121//3070
f 1062//3071 1040//3071 1092//3071
f 1062//3072 1092//3072 1091//3072
f 1091//3073 1092//3073 1119//3073
f 1119//3074 1092//3074 1120//3074
f 1120//3075 1121//3075 1146//3075
f 1146//3076 1121//3076 1144//3076
f 1180//3077 1143//3077 1218//3077
f 1218//3078 1143//3078 1223//3078
f 1094//3079 1064//3079 1093//3079
f 1218//3080 1223//3080 1217//3080
f 1217//3081 1223//3081 1222//3081
f 1217//3082 1222//3082 1216//3082
f 1216//3083 1222//3083 1221//3083
f 1220//3084 1221//3084 1225//3084
f 1220//3085 1225//3085 1224//3085
f 1224//3086 1225//3086 1185//3086
f 1224//3087 1185//3087 1184//3087
f 1184//3088 1185//3088 1188//3088
f 1188//3089 1185//3089 1189//3089
f 1094//3090 1093//3090 1148//3090
f 1147//3091 1148//3091 1189//3091
f 1189//3092 1148//3092 1188//3092
f 1285//3093 1334//3093 1284//3093
f 1284//3094 1334//3094 1333//3094
f 1284//3095 1333//3095 1338//3095
f 1338//3096 1333//3096 1337//3096
f 1337//3097 1333//3097 1332//3097
f 1337//3098 1332//3098 1413//3098
f 1337//3099 1413//3099 1336//3099
f 1336//3100 1413//3100 1412//3100
f 1336//3101 1412//3101 1341//3101
f 1341//3102 1336//3102 1340//3102
f 1192//3103 1149//3103 1233//3103
f 1233//3104 1149//3104 1232//3104
f 1233//3105 1232//3105 1297//3105
f 1232//3106 1298//3106 1297//3106
f 1297//3107 1298//3107 1293//3107
f 1346//3108 1293//3108 1294//3108
f 1346//3109 1294//3109 1340//3109
f 1334//3110 1285//3110 1408//3110
f 1408//3111 1285//3111 1339//3111
f 1408//3112 1339//3112 1415//3112
f 1408//3113 1415//3113 1465//3113
f 1465//3114 1415//3114 1464//3114
f 1464//3115 1415//3115 1473//3115
f 1473//3116 1415//3116 1414//3116
f 1473//3117 1414//3117 1472//3117
f 1472//3118 1414//3118 1418//3118
f 1472//3119 1418//3119 1479//3119
f 1479//3120 1418//3120 1417//3120
f 1421//3121 1417//3121 1422//3121
f 1237//3122 1236//3122 1301//3122
f 1237//3123 1301//3123 1352//3123
f 1352//3124 1301//3124 1351//3124
f 1352//3125 1351//3125 1347//3125
f 1347//3126 1351//3126 1426//3126
f 1347//3127 1426//3127 1422//3127
f 1422//3128 1426//3128 1421//3128
f 1475//3129 1466//3129 1474//3129
f 1474//3130 1466//3130 1528//3130
f 1474//3131 1528//3131 1543//3131
f 1543//3132 1528//3132 1542//3132
f 1542//3133 1614//3133 1554//3133
f 1554//3134 1614//3134 1613//3134
f 1554//3135 1613//3135 1625//3135
f 1554//3136 1625//3136 1557//3136
f 1430//3137 1357//3137 1558//3137
f 1558//3138 1357//3138 1484//3138
f 1558//3139 1484//3139 1559//3139
f 1559//3140 1484//3140 1556//3140
f 1556//3141 1484//3141 1557//3141
f 1466//3142 1475//3142 1530//3142
f 1530//3143 1475//3143 1545//3143
f 1530//3144 1545//3144 1529//3144
f 1529//3145 1545//3145 1600//3145
f 1600//3146 1545//3146 1599//3146
f 1599//3147 1545//3147 1544//3147
f 1599//3148 1544//3148 1615//3148
f 1691//3149 1615//3149 1627//3149
f 1691//3150 1627//3150 1705//3150
f 1705//3151 1627//3151 1626//3151
f 1705//3152 1626//3152 1630//3152
f 1488//3153 1487//3153 1561//3153
f 1488//3154 1561//3154 1560//3154
f 1560//3155 1561//3155 1631//3155
f 1560//3156 1631//3156 1630//3156
f 1546//3157 1532//3157 1616//3157
f 1616//3158 1532//3158 1602//3158
f 1616//3159 1602//3159 1601//3159
f 1616//3160 1601//3160 1683//3160
f 1616//3161 1683//3161 1694//3161
f 1694//3162 1782//3162 1707//3162
f 1707//3163 1782//3163 1781//3163
f 1707//3164 1781//3164 1794//3164
f 1707//3165 1794//3165 1713//3165
f 1632//3166 1633//3166 1720//3166
f 1720//3167 1633//3167 1718//3167
f 1720//3168 1718//3168 1815//3168
f 1815//3169 1718//3169 1807//3169
f 1807//3170 1718//3170 1713//3170
f 1807//3171 1713//3171 1808//3171
f 1808//3172 1713//3172 1794//3172
f 1532//3173 1546//3173 1603//3173
f 1603//3174 1546//3174 1617//3174
f 1603//3175 1617//3175 1604//3175
f 1604//3176 1617//3176 1684//3176
f 1684//3177 1617//3177 1777//3177
f 1777//3178 1617//3178 1696//3178
f 1777//3179 1696//3179 1784//3179
f 1784//3180 1696//3180 1783//3180
f 1783//3181 1696//3181 1796//3181
f 1892//3182 1796//3182 1795//3182
f 1892//3183 1795//3183 1900//3183
f 1900//3184 1795//3184 1810//3184
f 1722//3185 1721//3185 1822//3185
f 1722//3186 1822//3186 1817//3186
f 1817//3187 1822//3187 1816//3187
f 1809//3188 1817//3188 1810//3188
f 1810//3189 1817//3189 1900//3189
f 1618//3190 1606//3190 1697//3190
f 1697//3191 1606//3191 1686//3191
f 1697//3192 1686//3192 1779//3192
f 1697//3193 1779//3193 1787//3193
f 1697//3194 1787//3194 1786//3194
f 1786//3195 1787//3195 1889//3195
f 1786//3196 1889//3196 1798//3196
f 1798//3197 1889//3197 1797//3197
f 1797//3198 1889//3198 1895//3198
f 1797//3199 1895//3199 1903//3199
f 1823//3200 1912//3200 1924//3200
f 1912//3201 1913//3201 1902//3201
f 1606//3202 1618//3202 1607//3202
f 1607//3203 1618//3203 1619//3203
f 1607//3204 1619//3204 1608//3204
f 1608//3205 1619//3205 1687//3205
f 1687//3206 1619//3206 1698//3206
f 1687//3207 1698//3207 1780//3207
f 1780//3208 1698//3208 1789//3208
f 1789//3209 1698//3209 1788//3209
f 1789//3210 1788//3210 1890//3210
f 1890//3211 1788//3211 1800//3211
f 1890//3212 1800//3212 1896//3212
f 1896//3213 1800//3213 1799//3213
f 1989//3214 1896//3214 1904//3214
f 1925//3215 1921//3215 1914//3215
f 1914//3216 1921//3216 1992//3216
f 1914//3217 1992//3217 1904//3217
f 1904//3218 1992//3218 1989//3218
f 1610//3219 1620//3219 1536//3219
f 1536//3220 1620//3220 1547//3220
f 1620//3221 1610//3221 1688//3221
f 1620//3222 1688//3222 1699//3222
f 1699//3223 1688//3223 1791//3223
f 1801//3224 1791//3224 1891//3224
f 1801//3225 1891//3225 1898//3225
f 1801//3226 1898//3226 1906//3226
f 1994//3227 1915//3227 1916//3227
f 1994//3228 1916//3228 1991//3228
f 1991//3229 1916//3229 1905//3229
f 1915//3230 1994//3230 1926//3230
f 1926//3231 1994//3231 1998//3231
f 1926//3232 1998//3232 1997//3232
f 1905//3233 1906//3233 1991//3233
f 1536//3234 1547//3234 1537//3234
f 1537//3235 1547//3235 1548//3235
f 1537//3236 1548//3236 1538//3236
f 1927//3237 1999//3237 1917//3237
f 1538//3238 1548//3238 1611//3238
f 1611//3239 1548//3239 1621//3239
f 1611//3240 1621//3240 1689//3240
f 1689//3241 1621//3241 1701//3241
f 1792//3242 1701//3242 1709//3242
f 1792//3243 1709//3243 1803//3243
f 1899//3244 1803//3244 1907//3244
f 1999//3245 1996//3245 1917//3245
f 1917//3246 1996//3246 1995//3246
f 1917//3247 1995//3247 1907//3247
f 1476//3248 1410//3248 1471//3248
f 1476//3249 1471//3249 1549//3249
f 1549//3250 1471//3250 1540//3250
f 1549//3251 1540//3251 1622//3251
f 1622//3252 1540//3252 1623//3252
f 1622//3253 1623//3253 1704//3253
f 1622//3254 1704//3254 1710//3254
f 1710//3255 1704//3255 1703//3255
f 1710//3256 1703//3256 1806//3256
f 1710//3257 1806//3257 1812//3257
f 1922//3258 1928//3258 1818//3258
f 1922//3259 1818//3259 1920//3259
f 1920//3260 1818//3260 1910//3260
f 1910//3261 1818//3261 1812//3261
f 1813//3262 1812//3262 1806//3262
f 132//3263 137//3263 36//3263
f 1549//3264 1622//3264 1550//3264
f 1819//3265 1818//3265 1820//3265
f 1819//3266 1820//3266 1714//3266
f 1710//3267 1812//3267 1715//3267
f 1549//3268 1477//3268 1476//3268
f 1477//3269 1478//3269 1476//3269
f 1476//3270 1477//3270 1416//3270
f 1549//3271 1550//3271 1477//3271
f 1477//3272 1550//3272 1551//3272
f 1477//3273 1551//3273 1478//3273
f 1715//3274 1628//3274 1710//3274
f 1710//3275 1628//3275 1622//3275
f 1715//3276 1629//3276 1628//3276
f 1628//3277 1629//3277 1622//3277
f 1622//3278 1629//3278 1550//3278
f 1550//3279 1629//3279 1551//3279
f 1714//3280 1715//3280 1812//3280
f 1714//3281 1812//3281 1819//3281
f 1819//3282 1812//3282 1818//3282
f 1714//3283 1820//3283 1813//3283
f 1714//3284 1813//3284 1715//3284
f 1715//3285 1813//3285 1814//3285
f 1629//3286 1715//3286 1711//3286
f 1629//3287 1711//3287 1624//3287
f 1629//3288 1624//3288 1551//3288
f 1825//3289 1930//3289 1826//3289
f 1826//3290 1930//3290 1923//3290
f 1826//3291 1923//3291 1820//3291
f 1814//3292 1813//3292 1820//3292
f 1814//3293 1820//3293 1821//3293
f 1716//3294 1711//3294 1715//3294
f 1716//3295 1715//3295 1814//3295
f 1716//3296 1814//3296 1719//3296
f 1719//3297 1814//3297 1821//3297
f 1039//3298 1019//3298 989//3298
f 44//3299 51//3299 50//3299
f 1//3300 2//3300 4//3300
f 4//3301 2//3301 36//3301
f 4//3302 36//3302 45//3302
f 36//3303 44//3303 45//3303
f 45//3304 44//3304 50//3304
f 45//3305 50//3305 4//3305
f 4//3306 50//3306 5//3306
f 4//3307 5//3307 3//3307
f 3//3308 5//3308 48//3308
f 3//3309 48//3309 38//3309
f 34//3310 41//3310 33//3310
f 33//3311 41//3311 40//3311
f 33//3312 40//3312 32//3312
f 34//3313 38//3313 41//3313
f 41//3314 38//3314 48//3314
f 41//3315 48//3315 40//3315
f 40//3316 48//3316 46//3316
f 40//3317 46//3317 39//3317
f 39//3318 46//3318 138//3318
f 39//3319 138//3319 133//3319
f 128//3320 134//3320 215//3320
f 215//3321 134//3321 220//3321
f 215//3322 220//3322 214//3322
f 128//3323 133//3323 134//3323
f 134//3324 133//3324 138//3324
f 134//3325 138//3325 222//3325
f 222//3326 138//3326 227//3326
f 222//3327 227//3327 321//3327
f 222//3328 321//3328 316//3328
f 316//3329 321//3329 311//3329
f 406//3330 408//3330 465//3330
f 465//3331 408//3331 466//3331
f 465//3332 466//3332 516//3332
f 556//3333 518//3333 473//3333
f 473//3334 518//3334 467//3334
f 473//3335 467//3335 321//3335
f 321//3336 467//3336 408//3336
f 321//3337 408//3337 311//3337
f 311//3338 408//3338 406//3338
f 596//3339 556//3339 595//3339
f 595//3340 556//3340 665//3340
f 627//3341 663//3341 626//3341
f 627//3342 626//3342 596//3342
f 596//3343 626//3343 551//3343
f 596//3344 551//3344 556//3344
f 556//3345 551//3345 518//3345
f 705//3346 664//3346 665//3346
f 665//3347 664//3347 629//3347
f 665//3348 629//3348 595//3348
f 747//3349 749//3349 795//3349
f 747//3350 795//3350 826//3350
f 747//3351 705//3351 749//3351
f 749//3352 705//3352 665//3352
f 749//3353 665//3353 751//3353
f 749//3354 751//3354 828//3354
f 828//3355 751//3355 849//3355
f 828//3356 849//3356 848//3356
f 878//3357 903//3357 932//3357
f 932//3358 903//3358 933//3358
f 932//3359 933//3359 958//3359
f 878//3360 848//3360 903//3360
f 903//3361 848//3361 849//3361
f 903//3362 849//3362 933//3362
f 933//3363 849//3363 934//3363
f 933//3364 934//3364 960//3364
f 960//3365 934//3365 990//3365
f 960//3366 990//3366 989//3366
f 1039//3367 1040//3367 1061//3367
f 1061//3368 1040//3368 1062//3368
f 1061//3369 1062//3369 1091//3369
f 1039//3370 989//3370 1040//3370
f 1040//3371 989//3371 990//3371
f 1040//3372 990//3372 1063//3372
f 1063//3373 990//3373 1065//3373
f 1063//3374 1065//3374 1093//3374
f 1093//3375 1065//3375 1150//3375
f 1093//3376 1150//3376 1148//3376
f 1148//3377 1192//3377 1231//3377
f 1231//3378 1192//3378 1233//3378
f 1231//3379 1233//3379 1297//3379
f 1364//3380 1301//3380 1240//3380
f 1240//3381 1301//3381 1236//3381
f 1240//3382 1236//3382 1150//3382
f 1150//3383 1236//3383 1192//3383
f 1150//3384 1192//3384 1148//3384
f 1430//3385 1364//3385 1487//3385
f 1487//3386 1364//3386 1562//3386
f 1487//3387 1562//3387 1561//3387
f 1430//3388 1558//3388 1483//3388
f 1430//3389 1483//3389 1426//3389
f 1426//3390 1351//3390 1430//3390
f 1430//3391 1351//3391 1364//3391
f 1364//3392 1351//3392 1301//3392
f 1632//3393 1634//3393 1721//3393
f 1721//3394 1634//3394 1827//3394
f 1721//3395 1827//3395 1822//3395
f 1561//3396 1562//3396 1631//3396
f 1631//3397 1562//3397 1634//3397
f 1631//3398 1634//3398 1632//3398
f 1631//3399 1632//3399 1717//3399
f 1717//3400 1632//3400 1720//3400
f 1717//3401 1720//3401 1815//3401
f 1912//3402 1911//3402 1924//3402
f 1924//3403 1911//3403 1816//3403
f 1816//3404 1822//3404 1924//3404
f 1924//3405 1822//3405 1827//3405
f 1924//3406 1827//3406 1931//3406
f 1924//3407 1931//3407 1925//3407
f 1925//3408 1931//3408 1932//3408
f 1925//3409 1932//3409 1921//3409
f 1992//3410 1997//3410 1993//3410
f 1993//3411 1997//3411 1998//3411
f 1993//3412 1998//3412 1994//3412
f 1992//3413 1921//3413 1997//3413
f 1997//3414 1921//3414 1932//3414
f 1997//3415 1932//3415 1998//3415
f 1998//3416 1932//3416 2000//3416
f 1998//3417 2000//3417 1999//3417
f 1999//3418 2000//3418 2001//3418
f 1999//3419 2001//3419 1996//3419
f 1918//3420 1928//3420 1919//3420
f 1919//3421 1928//3421 1922//3421
f 1919//3422 1922//3422 1920//3422
f 1829//3423 1930//3423 1935//3423
f 1935//3424 1930//3424 1929//3424
f 1935//3425 1929//3425 2001//3425
f 2001//3426 1929//3426 1928//3426
f 2001//3427 1928//3427 1996//3427
f 1996//3428 1928//3428 1918//3428
f 1996//3429 1918//3429 1995//3429
f 1719//3430 1821//3430 1724//3430
f 1724//3431 1821//3431 1820//3431
f 1724//3432 1820//3432 1829//3432
f 1829//3433 1820//3433 1923//3433
f 1829//3434 1923//3434 1930//3434
f 1832//3435 1726//3435 1724//3435
f 50//3436 51//3436 57//3436
f 57//3437 56//3437 50//3437
f 50//3438 56//3438 6//3438
f 50//3439 6//3439 5//3439
f 5//3440 6//3440 54//3440
f 5//3441 54//3441 48//3441
f 48//3442 54//3442 52//3442
f 48//3443 52//3443 46//3443
f 46//3444 52//3444 141//3444
f 46//3445 141//3445 138//3445
f 138//3446 141//3446 229//3446
f 138//3447 229//3447 227//3447
f 227//3448 229//3448 323//3448
f 227//3449 323//3449 321//3449
f 321//3450 323//3450 475//3450
f 321//3451 475//3451 473//3451
f 473//3452 475//3452 558//3452
f 473//3453 558//3453 556//3453
f 556//3454 558//3454 667//3454
f 556//3455 667//3455 665//3455
f 665//3456 667//3456 757//3456
f 665//3457 757//3457 751//3457
f 751//3458 757//3458 850//3458
f 751//3459 850//3459 849//3459
f 849//3460 850//3460 935//3460
f 849//3461 935//3461 934//3461
f 934//3462 935//3462 992//3462
f 934//3463 992//3463 990//3463
f 990//3464 992//3464 1066//3464
f 990//3465 1066//3465 1065//3465
f 1065//3466 1066//3466 1154//3466
f 1065//3467 1154//3467 1150//3467
f 1150//3468 1154//3468 1246//3468
f 1150//3469 1246//3469 1240//3469
f 1240//3470 1246//3470 1368//3470
f 1240//3471 1368//3471 1364//3471
f 1364//3472 1368//3472 1563//3472
f 1364//3473 1563//3473 1562//3473
f 1562//3474 1563//3474 1637//3474
f 1562//3475 1637//3475 1634//3475
f 1634//3476 1637//3476 1830//3476
f 1634//3477 1830//3477 1827//3477
f 1827//3478 1830//3478 1936//3478
f 1827//3479 1936//3479 1931//3479
f 1931//3480 1936//3480 1937//3480
f 1931//3481 1937//3481 1932//3481
f 1932//3482 1937//3482 2002//3482
f 1932//3483 2002//3483 2000//3483
f 2000//3484 2002//3484 2003//3484
f 2000//3485 2003//3485 2001//3485
f 2001//3486 2003//3486 1940//3486
f 2001//3487 1940//3487 1935//3487
f 1935//3488 1940//3488 1832//3488
f 1935//3489 1832//3489 1829//3489
f 1829//3490 1832//3490 1724//3490
f 1361//3491 1370//3491 1362//3491
f 1362//3492 1370//3492 1371//3492
f 1191//3493 1234//3493 1235//3493
f 1235//3494 1234//3494 1239//3494
f 1239//3495 1234//3495 1238//3495
f 1239//3496 1238//3496 1303//3496
f 1303//3497 1238//3497 1302//3497
f 1303//3498 1302//3498 1358//3498
f 1303//3499 1358//3499 1304//3499
f 1304//3500 1358//3500 1359//3500
f 1304//3501 1359//3501 1360//3501
f 1360//3502 1359//3502 1362//3502
f 1362//3503 1359//3503 1361//3503
f 553//3504 1234//3504 554//3504
f 554//3505 1234//3505 1191//3505
f 553//3506 554//3506 555//3506
f 555//3507 554//3507 523//3507
f 555//3508 523//3508 521//3508
f 521//3509 523//3509 522//3509
f 521//3510 522//3510 520//3510
f 520//3511 522//3511 468//3511
f 520//3512 468//3512 469//3512
f 469//3513 468//3513 470//3513
f 469//3514 470//3514 471//3514
f 471//3515 470//3515 472//3515
f 472//3516 480//3516 471//3516
f 471//3517 480//3517 479//3517
f 146//3518 143//3518 479//3518
f 149//3519 69//3519 63//3519
f 1370//3520 1639//3520 1642//3520
f 1728//3521 1730//3521 1642//3521
f 1642//3522 1730//3522 1645//3522
f 1642//3523 1645//3523 1370//3523
f 1730//3524 1733//3524 1645//3524
f 1645//3525 1733//3525 1648//3525
f 363//3526 275//3526 568//3526
f 1463//3527 1651//3527 1527//3527
f 93//3528 92//3528 568//3528
f 527//3529 568//3529 149//3529
f 149//3530 568//3530 83//3530
f 149//3531 83//3531 69//3531
f 63//3532 146//3532 149//3532
f 149//3533 146//3533 479//3533
f 149//3534 479//3534 483//3534
f 149//3535 483//3535 485//3535
f 1263//3536 1463//3536 569//3536
f 1584//3537 1598//3537 1651//3537
f 485//3538 488//3538 149//3538
f 149//3539 488//3539 526//3539
f 149//3540 526//3540 527//3540
f 1651//3541 1598//3541 1527//3541
f 1463//3542 451//3542 569//3542
f 569//3543 451//3543 442//3543
f 569//3544 442//3544 363//3544
f 569//3545 363//3545 568//3545
f 568//3546 92//3546 82//3546
f 568//3547 82//3547 83//3547
f 1382//3548 1648//3548 1651//3548
f 1370//3549 1645//3549 1648//3549
f 1370//3550 1648//3550 1379//3550
f 1379//3551 1648//3551 1382//3551
f 275//3552 182//3552 568//3552
f 568//3553 182//3553 99//3553
f 568//3554 99//3554 93//3554
f 1263//3555 1309//3555 1463//3555
f 1463//3556 1309//3556 1651//3556
f 1651//3557 1309//3557 1382//3557
f 1752//3558 1669//3558 1651//3558
f 1651//3559 1669//3559 1584//3559
f 1739//3560 1743//3560 1651//3560
f 1651//3561 1743//3561 1752//3561
f 1282//3562 1219//3562 1281//3562
f 1894//3563 1895//3563 1785//3563
f 1552//3564 1553//3564 1541//3564
f 1706//3565 1793//3565 1693//3565
f 1118//3566 1144//3566 1140//3566
f 1287//3567 1340//3567 1335//3567
f 695//3568 649//3568 654//3568
f 23//3569 124//3569 114//3569
f 27//3570 26//3570 16//3570
f 286//3571 287//3571 285//3571
f 107//3572 18//3572 17//3572
f 124//3573 123//3573 113//3573
f 113//3574 123//3574 204//3574
f 452//3575 376//3575 504//3575
f 300//3576 202//3576 299//3576
f 585//3577 541//3577 614//3577
f 588//3578 589//3578 544//3578
f 923//3579 921//3579 892//3579
f 922//3580 895//3580 893//3580
f 927//3581 930//3581 957//3581
f 986//3582 987//3582 957//3582
f 1031//3583 1050//3583 1009//3583
f 1056//3584 1060//3584 1090//3584
f 1119//3585 1120//3585 1090//3585
f 1178//3586 1179//3586 1115//3586
f 1184//3587 1189//3587 1229//3587
f 1229//3588 1189//3588 1231//3588
f 1336//3589 1412//3589 1335//3589
f 1613//3590 1614//3590 1541//3590
f 1817//3591 1816//3591 1911//3591
f 1608//3592 1687//3592 1609//3592
f 1789//3593 1890//3593 1790//3593
f 1803//3594 1899//3594 1804//3594
f 1803//3595 1804//3595 1792//3595
f 1538//3596 1611//3596 1690//3596
f 1690//3597 1611//3597 1689//3597
f 1690//3598 1689//3598 1702//3598
f 1702//3599 1689//3599 1701//3599
f 1702//3600 1701//3600 1792//3600
f 1612//3601 1539//3601 1538//3601
f 1536//3602 1535//3602 1610//3602
f 1538//3603 1469//3603 1537//3603
f 1609//3604 1688//3604 1610//3604
f 1791//3605 1688//3605 1790//3605
f 1891//3606 1791//3606 1790//3606
f 1891//3607 1790//3607 1898//3607
f 1906//3608 1898//3608 1897//3608
f 1906//3609 1897//3609 1991//3609
f 1994//3610 1991//3610 1990//3610
f 1994//3611 1990//3611 1993//3611
f 1896//3612 1989//3612 1990//3612
f 1990//3613 1989//3613 1993//3613
f 1993//3614 1989//3614 1992//3614
f 1896//3615 1897//3615 1890//3615
f 1688//3616 1780//3616 1790//3616
f 1790//3617 1780//3617 1789//3617
f 1688//3618 1609//3618 1687//3618
f 1688//3619 1687//3619 1780//3619
f 1609//3620 1610//3620 1535//3620
f 1609//3621 1535//3621 1608//3621
f 1608//3622 1535//3622 1534//3622
f 1608//3623 1534//3623 1607//3623
f 1686//3624 1685//3624 1779//3624
f 1779//3625 1685//3625 1684//3625
f 1779//3626 1684//3626 1778//3626
f 1889//3627 1785//3627 1895//3627
f 1894//3628 1893//3628 1901//3628
f 1901//3629 1893//3629 1892//3629
f 1901//3630 1892//3630 1900//3630
f 1889//3631 1787//3631 1779//3631
f 1889//3632 1779//3632 1785//3632
f 1785//3633 1779//3633 1778//3633
f 1785//3634 1778//3634 1777//3634
f 1777//3635 1778//3635 1684//3635
f 1684//3636 1685//3636 1604//3636
f 1686//3637 1606//3637 1685//3637
f 1685//3638 1606//3638 1605//3638
f 1685//3639 1605//3639 1604//3639
f 1603//3640 1604//3640 1533//3640
f 1603//3641 1533//3641 1532//3641
f 1600//3642 1693//3642 1782//3642
f 1601//3643 1529//3643 1683//3643
f 1683//3644 1529//3644 1600//3644
f 1683//3645 1600//3645 1694//3645
f 1694//3646 1600//3646 1782//3646
f 1781//3647 1782//3647 1693//3647
f 1781//3648 1693//3648 1794//3648
f 1794//3649 1693//3649 1793//3649
f 1794//3650 1793//3650 1808//3650
f 1808//3651 1793//3651 1706//3651
f 1815//3652 1807//3652 1712//3652
f 1815//3653 1712//3653 1717//3653
f 1630//3654 1631//3654 1717//3654
f 1717//3655 1712//3655 1630//3655
f 1630//3656 1712//3656 1705//3656
f 1599//3657 1615//3657 1692//3657
f 1692//3658 1615//3658 1691//3658
f 1530//3659 1529//3659 1531//3659
f 1531//3660 1529//3660 1601//3660
f 1531//3661 1601//3661 1532//3661
f 1532//3662 1601//3662 1602//3662
f 1531//3663 1468//3663 1530//3663
f 1530//3664 1468//3664 1467//3664
f 1530//3665 1467//3665 1466//3665
f 1528//3666 1408//3666 1465//3666
f 1528//3667 1465//3667 1542//3667
f 1613//3668 1541//3668 1625//3668
f 1625//3669 1541//3669 1553//3669
f 1625//3670 1553//3670 1557//3670
f 1557//3671 1553//3671 1552//3671
f 1559//3672 1556//3672 1480//3672
f 1559//3673 1480//3673 1558//3673
f 1558//3674 1480//3674 1483//3674
f 1421//3675 1426//3675 1483//3675
f 1483//3676 1480//3676 1421//3676
f 1421//3677 1480//3677 1417//3677
f 1465//3678 1464//3678 1473//3678
f 1282//3679 1334//3679 1408//3679
f 1409//3680 1408//3680 1528//3680
f 1409//3681 1528//3681 1466//3681
f 1336//3682 1335//3682 1340//3682
f 1346//3683 1340//3683 1287//3683
f 1231//3684 1297//3684 1229//3684
f 1229//3685 1297//3685 1293//3685
f 1148//3686 1231//3686 1188//3686
f 1188//3687 1231//3687 1189//3687
f 1188//3688 1189//3688 1184//3688
f 1280//3689 1216//3689 1283//3689
f 1283//3690 1216//3690 1221//3690
f 1283//3691 1221//3691 1220//3691
f 1139//3692 1179//3692 1180//3692
f 1139//3693 1180//3693 1219//3693
f 1219//3694 1180//3694 1218//3694
f 1219//3695 1218//3695 1281//3695
f 1281//3696 1218//3696 1280//3696
f 1280//3697 1218//3697 1217//3697
f 1280//3698 1217//3698 1216//3698
f 1146//3699 1144//3699 1118//3699
f 1146//3700 1118//3700 1120//3700
f 1119//3701 1090//3701 1091//3701
f 1091//3702 1090//3702 1060//3702
f 1091//3703 1060//3703 1061//3703
f 1039//3704 1061//3704 1037//3704
f 1037//3705 1061//3705 1060//3705
f 1037//3706 1060//3706 1056//3706
f 1115//3707 1114//3707 1178//3707
f 1178//3708 1114//3708 1182//3708
f 1114//3709 1083//3709 1117//3709
f 1117//3710 1083//3710 1086//3710
f 1117//3711 1086//3711 1085//3711
f 1010//3712 1051//3712 1052//3712
f 1009//3713 1050//3713 1010//3713
f 1010//3714 1050//3714 1051//3714
f 1031//3715 1012//3715 1014//3715
f 986//3716 957//3716 958//3716
f 958//3717 957//3717 930//3717
f 958//3718 930//3718 932//3718
f 927//3719 901//3719 930//3719
f 930//3720 901//3720 932//3720
f 932//3721 901//3721 902//3721
f 932//3722 902//3722 878//3722
f 985//3723 1018//3723 1014//3723
f 985//3724 1014//3724 982//3724
f 982//3725 1014//3725 1012//3725
f 982//3726 1012//3726 1009//3726
f 1009//3727 1012//3727 1031//3727
f 951//3728 955//3728 985//3728
f 951//3729 985//3729 952//3729
f 952//3730 985//3730 982//3730
f 982//3731 1009//3731 979//3731
f 1009//3732 1010//3732 980//3732
f 1009//3733 980//3733 979//3733
f 949//3734 1010//3734 981//3734
f 981//3735 1010//3735 1011//3735
f 1011//3736 1010//3736 1052//3736
f 1084//3737 1052//3737 1115//3737
f 1084//3738 1115//3738 1116//3738
f 1116//3739 1115//3739 1138//3739
f 1138//3740 1115//3740 1179//3740
f 1138//3741 1179//3741 1139//3741
f 981//3742 950//3742 949//3742
f 949//3743 950//3743 922//3743
f 949//3744 922//3744 893//3744
f 892//3745 921//3745 893//3745
f 893//3746 921//3746 948//3746
f 893//3747 948//3747 949//3747
f 846//3748 877//3748 872//3748
f 872//3749 877//3749 899//3749
f 791//3750 794//3750 793//3750
f 793//3751 794//3751 746//3751
f 793//3752 746//3752 747//3752
f 747//3753 746//3753 748//3753
f 747//3754 748//3754 705//3754
f 747//3755 826//3755 793//3755
f 793//3756 826//3756 825//3756
f 793//3757 825//3757 791//3757
f 791//3758 825//3758 821//3758
f 791//3759 821//3759 822//3759
f 867//3760 897//3760 892//3760
f 892//3761 897//3761 923//3761
f 865//3762 841//3762 892//3762
f 892//3763 841//3763 844//3763
f 892//3764 844//3764 867//3764
f 867//3765 844//3765 821//3765
f 821//3766 844//3766 818//3766
f 821//3767 818//3767 822//3767
f 842//3768 843//3768 785//3768
f 865//3769 892//3769 866//3769
f 866//3770 892//3770 893//3770
f 866//3771 893//3771 894//3771
f 894//3772 893//3772 895//3772
f 894//3773 895//3773 843//3773
f 816//3774 817//3774 784//3774
f 695//3775 741//3775 783//3775
f 783//3776 741//3776 787//3776
f 783//3777 787//3777 788//3777
f 744//3778 701//3778 703//3778
f 703//3779 661//3779 660//3779
f 660//3780 661//3780 662//3780
f 662//3781 661//3781 663//3781
f 663//3782 661//3782 624//3782
f 663//3783 624//3783 626//3783
f 626//3784 624//3784 594//3784
f 626//3785 594//3785 551//3785
f 703//3786 654//3786 661//3786
f 661//3787 654//3787 621//3787
f 661//3788 621//3788 624//3788
f 624//3789 621//3789 594//3789
f 785//3790 738//3790 784//3790
f 784//3791 738//3791 783//3791
f 784//3792 783//3792 816//3792
f 816//3793 783//3793 788//3793
f 738//3794 737//3794 783//3794
f 783//3795 737//3795 692//3795
f 783//3796 692//3796 695//3796
f 695//3797 692//3797 696//3797
f 695//3798 696//3798 649//3798
f 654//3799 649//3799 621//3799
f 694//3800 648//3800 615//3800
f 817//3801 842//3801 784//3801
f 784//3802 842//3802 785//3802
f 785//3803 786//3803 739//3803
f 693//3804 739//3804 694//3804
f 693//3805 694//3805 615//3805
f 614//3806 618//3806 647//3806
f 614//3807 647//3807 615//3807
f 615//3808 647//3808 693//3808
f 592//3809 548//3809 550//3809
f 516//3810 462//3810 465//3810
f 465//3811 462//3811 401//3811
f 465//3812 401//3812 406//3812
f 406//3813 401//3813 311//3813
f 462//3814 459//3814 401//3814
f 544//3815 545//3815 513//3815
f 513//3816 545//3816 509//3816
f 588//3817 618//3817 589//3817
f 589//3818 618//3818 614//3818
f 589//3819 614//3819 544//3819
f 544//3820 614//3820 541//3820
f 544//3821 541//3821 545//3821
f 585//3822 614//3822 616//3822
f 616//3823 614//3823 615//3823
f 616//3824 615//3824 648//3824
f 616//3825 648//3825 586//3825
f 648//3826 617//3826 586//3826
f 586//3827 617//3827 587//3827
f 587//3828 617//3828 543//3828
f 587//3829 543//3829 586//3829
f 586//3830 543//3830 505//3830
f 456//3831 510//3831 504//3831
f 505//3832 504//3832 542//3832
f 505//3833 542//3833 586//3833
f 456//3834 387//3834 394//3834
f 402//3835 394//3835 305//3835
f 305//3836 394//3836 299//3836
f 214//3837 306//3837 207//3837
f 214//3838 207//3838 215//3838
f 215//3839 207//3839 122//3839
f 215//3840 122//3840 128//3840
f 203//3841 208//3841 207//3841
f 207//3842 208//3842 122//3842
f 300//3843 299//3843 292//3843
f 456//3844 504//3844 387//3844
f 387//3845 504//3845 376//3845
f 387//3846 376//3846 388//3846
f 452//3847 504//3847 506//3847
f 506//3848 504//3848 505//3848
f 506//3849 505//3849 543//3849
f 506//3850 543//3850 507//3850
f 508//3851 454//3851 453//3851
f 193//3852 192//3852 282//3852
f 282//3853 192//3853 293//3853
f 24//3854 33//3854 23//3854
f 23//3855 33//3855 32//3855
f 23//3856 32//3856 124//3856
f 33//3857 24//3857 34//3857
f 378//3858 379//3858 282//3858
f 378//3859 282//3859 377//3859
f 377//3860 282//3860 293//3860
f 379//3861 283//3861 282//3861
f 282//3862 283//3862 184//3862
f 282//3863 184//3863 193//3863
f 193//3864 184//3864 194//3864
f 193//3865 194//3865 114//3865
f 377//3866 453//3866 378//3866
f 378//3867 453//3867 454//3867
f 378//3868 454//3868 379//3868
f 379//3869 454//3869 455//3869
f 379//3870 455//3870 380//3870
f 185//3871 284//3871 285//3871
f 285//3872 284//3872 380//3872
f 105//3873 104//3873 186//3873
f 186//3874 104//3874 196//3874
f 186//3875 196//3875 185//3875
f 105//3876 15//3876 104//3876
f 25//3877 16//3877 26//3877
f 26//3878 27//3878 1//3878
f 1//3879 27//3879 28//3879
f 1//3880 28//3880 2//3880
f 2//3881 28//3881 36//3881
f 185//3882 285//3882 186//3882
f 186//3883 285//3883 287//3883
f 186//3884 287//3884 187//3884
f 189//3885 188//3885 289//3885
f 289//3886 188//3886 288//3886
f 289//3887 288//3887 384//3887
f 384//3888 288//3888 383//3888
f 383//3889 288//3889 287//3889
f 383//3890 287//3890 286//3890
f 383//3891 286//3891 382//3891
f 382//3892 286//3892 285//3892
f 382//3893 285//3893 381//3893
f 381//3894 285//3894 380//3894
f 109//3895 108//3895 189//3895
f 109//3896 189//3896 110//3896
f 20//3897 19//3897 110//3897
f 110//3898 19//3898 13//3898
f 110//3899 13//3899 109//3899
f 20//3900 21//3900 29//3900
f 29//3901 21//3901 30//3901
f 31//3902 30//3902 21//3902
f 31//3903 21//3903 22//3903
f 22//3904 21//3904 112//3904
f 112//3905 21//3905 111//3905
f 112//3906 111//3906 190//3906
f 112//3907 190//3907 201//3907
f 201//3908 190//3908 191//3908
f 191//3909 190//3909 290//3909
f 191//3910 290//3910 291//3910
f 291//3911 290//3911 386//3911
f 386//3912 290//3912 385//3912
f 1469//3913 1538//3913 1539//3913
f 1469//3914 1539//3914 1470//3914
f 1470//3915 1539//3915 1471//3915
f 1410//3916 1411//3916 1470//3916
f 1410//3917 1470//3917 1471//3917
f 1703//3918 1704//3918 1623//3918
f 1703//3919 1623//3919 1612//3919
f 1612//3920 1623//3920 1540//3920
f 1612//3921 1540//3921 1539//3921
f 1539//3922 1540//3922 1471//3922
f 1538//3923 1690//3923 1612//3923
f 1612//3924 1690//3924 1702//3924
f 1612//3925 1702//3925 1703//3925
f 1703//3926 1702//3926 1806//3926
f 1813//3927 1805//3927 1812//3927
f 1812//3928 1805//3928 1804//3928
f 1812//3929 1804//3929 1909//3929
f 1909//3930 1804//3930 1899//3930
f 1909//3931 1899//3931 1908//3931
f 1908//3932 1899//3932 1907//3932
f 1995//3933 1918//3933 1907//3933
f 1907//3934 1918//3934 1919//3934
f 1907//3935 1919//3935 1908//3935
f 1908//3936 1919//3936 1920//3936
f 1908//3937 1920//3937 1909//3937
f 1909//3938 1920//3938 1910//3938
f 1909//3939 1910//3939 1812//3939
f 102//3940 107//3940 106//3940
f 106//3941 107//3941 16//3941
f 16//3942 107//3942 17//3942
f 16//3943 17//3943 27//3943
f 27//3944 17//3944 18//3944
f 27//3945 18//3945 28//3945
f 306//3946 305//3946 299//3946
f 306//3947 299//3947 207//3947
f 207//3948 299//3948 202//3948
f 207//3949 202//3949 203//3949
f 203//3950 202//3950 300//3950
f 194//3951 103//3951 114//3951
f 114//3952 103//3952 115//3952
f 114//3953 115//3953 23//3953
f 23//3954 115//3954 14//3954
f 23//3955 14//3955 24//3955
f 516//3956 515//3956 462//3956
f 462//3957 515//3957 513//3957
f 462//3958 513//3958 459//3958
f 955//3959 927//3959 957//3959
f 955//3960 957//3960 985//3960
f 985//3961 957//3961 987//3961
f 985//3962 987//3962 1018//3962
f 1224//3963 1184//3963 1225//3963
f 1225//3964 1184//3964 1229//3964
f 1225//3965 1229//3965 1287//3965
f 1287//3966 1229//3966 1293//3966
f 1287//3967 1293//3967 1346//3967
f 1057//3968 1056//3968 1089//3968
f 1089//3969 1056//3969 1090//3969
f 1089//3970 1090//3970 1118//3970
f 1118//3971 1090//3971 1120//3971
f 1807//3972 1808//3972 1706//3972
f 1807//3973 1706//3973 1712//3973
f 1712//3974 1706//3974 1705//3974
f 1479//3975 1417//3975 1480//3975
f 1479//3976 1480//3976 1552//3976
f 1552//3977 1480//3977 1556//3977
f 1552//3978 1556//3978 1557//3978
f 1896//3979 1990//3979 1897//3979
f 1897//3980 1990//3980 1991//3980
f 1903//3981 1895//3981 1894//3981
f 1903//3982 1894//3982 1902//3982
f 1902//3983 1894//3983 1901//3983
f 1902//3984 1901//3984 1912//3984
f 1912//3985 1901//3985 1900//3985
f 1912//3986 1900//3986 1911//3986
f 1911//3987 1900//3987 1817//3987
f 187//3988 102//3988 186//3988
f 186//3989 102//3989 106//3989
f 186//3990 106//3990 105//3990
f 105//3991 106//3991 16//3991
f 105//3992 16//3992 15//3992
f 15//3993 16//3993 25//3993
f 388//3994 292//3994 299//3994
f 388//3995 299//3995 387//3995
f 387//3996 299//3996 394//3996
f 114//3997 124//3997 113//3997
f 114//3998 113//3998 193//3998
f 193//3999 113//3999 204//3999
f 193//4000 204//4000 192//4000
f 654//4001 703//4001 701//4001
f 654//4002 701//4002 695//4002
f 695//4003 701//4003 744//4003
f 695//4004 744//4004 741//4004
f 741//4005 744//4005 740//4005
f 741//4006 740//4006 787//4006
f 515//4007 550//4007 513//4007
f 513//4008 550//4008 548//4008
f 513//4009 548//4009 544//4009
f 544//4010 548//4010 592//4010
f 544//4011 592//4011 588//4011
f 826//4012 846//4012 825//4012
f 825//4013 846//4013 821//4013
f 821//4014 846//4014 872//4014
f 821//4015 872//4015 867//4015
f 867//4016 872//4016 899//4016
f 867//4017 899//4017 897//4017
f 897//4018 899//4018 896//4018
f 1220//4019 1225//4019 1287//4019
f 1220//4020 1287//4020 1283//4020
f 1283//4021 1287//4021 1335//4021
f 1283//4022 1335//4022 1280//4022
f 1280//4023 1335//4023 1412//4023
f 1280//4024 1412//4024 1413//4024
f 1057//4025 1089//4025 1085//4025
f 1085//4026 1089//4026 1118//4026
f 1085//4027 1118//4027 1117//4027
f 1117//4028 1118//4028 1140//4028
f 1117//4029 1140//4029 1114//4029
f 1114//4030 1140//4030 1181//4030
f 1114//4031 1181//4031 1182//4031
f 1600//4032 1599//4032 1693//4032
f 1693//4033 1599//4033 1692//4033
f 1693//4034 1692//4034 1706//4034
f 1706//4035 1692//4035 1691//4035
f 1706//4036 1691//4036 1705//4036
f 1472//4037 1479//4037 1552//4037
f 1472//4038 1552//4038 1473//4038
f 1473//4039 1552//4039 1541//4039
f 1473//4040 1541//4040 1465//4040
f 1465//4041 1541//4041 1614//4041
f 1465//4042 1614//4042 1542//4042
f 1898//4043 1790//4043 1897//4043
f 1897//4044 1790//4044 1890//4044
f 1777//4045 1784//4045 1785//4045
f 1785//4046 1784//4046 1894//4046
f 1894//4047 1784//4047 1783//4047
f 1894//4048 1783//4048 1893//4048
f 1893//4049 1783//4049 1796//4049
f 1893//4050 1796//4050 1892//4050
f 1813//4051 1806//4051 1805//4051
f 1805//4052 1806//4052 1702//4052
f 1805//4053 1702//4053 1804//4053
f 1804//4054 1702//4054 1792//4054
f 21//4055 20//4055 110//4055
f 21//4056 110//4056 111//4056
f 111//4057 110//4057 189//4057
f 111//4058 189//4058 190//4058
f 190//4059 189//4059 289//4059
f 190//4060 289//4060 290//4060
f 290//4061 289//4061 384//4061
f 290//4062 384//4062 385//4062
f 1413//4063 1332//4063 1280//4063
f 1280//4064 1332//4064 1333//4064
f 1280//4065 1333//4065 1281//4065
f 1281//4066 1333//4066 1282//4066
f 1282//4067 1333//4067 1334//4067
f 1636//4068 1724//4068 1726//4068
f 57//4069 51//4069 143//4069
f 143//4070 51//4070 140//4070
f 143//4071 140//4071 479//4071
f 51//4072 44//4072 140//4072
f 140//4073 44//4073 137//4073
f 1478//4074 1551//4074 1238//4074
f 1302//4075 1238//4075 1636//4075
f 1636//4076 1238//4076 1719//4076
f 1636//4077 1719//4077 1724//4077
f 1726//4078 1639//4078 1636//4078
f 1636//4079 1639//4079 1370//4079
f 1636//4080 1370//4080 1361//4080
f 1636//4081 1361//4081 1359//4081
f 553//4082 386//4082 1234//4082
f 201//4083 191//4083 132//4083
f 132//4084 191//4084 291//4084
f 132//4085 291//4085 386//4085
f 1359//4086 1358//4086 1636//4086
f 1636//4087 1358//4087 1302//4087
f 386//4088 1411//4088 1234//4088
f 1234//4089 1411//4089 1416//4089
f 1234//4090 1416//4090 1477//4090
f 1234//4091 1477//4091 1238//4091
f 1238//4092 1477//4092 1478//4092
f 1551//4093 1624//4093 1238//4093
f 1238//4094 1624//4094 1711//4094
f 1238//4095 1711//4095 1716//4095
f 469//4096 137//4096 132//4096
f 479//4097 140//4097 137//4097
f 479//4098 137//4098 471//4098
f 471//4099 137//4099 469//4099
f 1238//4100 1716//4100 1719//4100
f 553//4101 555//4101 386//4101
f 386//4102 555//4102 521//4102
f 386//4103 521//4103 132//4103
f 132//4104 521//4104 520//4104
f 132//4105 520//4105 469//4105
f 22//4106 112//4106 132//4106
f 132//4107 112//4107 201//4107
f 37//4108 30//4108 132//4108
f 132//4109 30//4109 31//4109
f 132//4110 31//4110 22//4110
f 383//4111 382//4111 1411//4111
f 1605//4112 1606//4112 1282//4112
f 1011//4113 1607//4113 1534//4113
f 1052//4114 1084//4114 1606//4114
f 386//4115 385//4115 1411//4115
f 739//4116 786//4116 1411//4116
f 1411//4117 786//4117 785//4117
f 1411//4118 785//4118 843//4118
f 1534//4119 1535//4119 1011//4119
f 1011//4120 1535//4120 1536//4120
f 1011//4121 1536//4121 1537//4121
f 1537//4122 1469//4122 1011//4122
f 1011//4123 1469//4123 1470//4123
f 1011//4124 1470//4124 1411//4124
f 385//4125 384//4125 1411//4125
f 1411//4126 384//4126 383//4126
f 382//4127 381//4127 1411//4127
f 1411//4128 381//4128 380//4128
f 1411//4129 380//4129 455//4129
f 1607//4130 1011//4130 1606//4130
f 1606//4131 1011//4131 1052//4131
f 1084//4132 1116//4132 1606//4132
f 1606//4133 1116//4133 1138//4133
f 1606//4134 1138//4134 1139//4134
f 617//4135 648//4135 1411//4135
f 1411//4136 648//4136 694//4136
f 1411//4137 694//4137 739//4137
f 1411//4138 843//4138 895//4138
f 1411//4139 895//4139 922//4139
f 922//4140 950//4140 1411//4140
f 1411//4141 950//4141 981//4141
f 1411//4142 981//4142 1011//4142
f 1139//4143 1219//4143 1606//4143
f 1606//4144 1219//4144 1282//4144
f 1605//4145 1282//4145 1604//4145
f 1604//4146 1282//4146 1408//4146
f 1604//4147 1408//4147 1409//4147
f 455//4148 454//4148 1411//4148
f 1411//4149 454//4149 508//4149
f 1411//4150 508//4150 507//4150
f 1409//4151 1466//4151 1604//4151
f 1604//4152 1466//4152 1467//4152
f 1604//4153 1467//4153 1468//4153
f 1468//4154 1531//4154 1604//4154
f 1604//4155 1531//4155 1532//4155
f 1604//4156 1532//4156 1533//4156
f 507//4157 543//4157 1411//4157
f 1411//4158 543//4158 617//4158
