# decimated by robomaster_gui_node/tools/decimate_obj.py
v -0.00000 -0.02200 -0.00004
v -0.00000 -0.02200 0.00001
v -0.00000 -0.02155 -0.00444
v -0.00000 -0.02155 0.00441
v -0.00000 -0.02022 -0.00866
v -0.00000 -0.02023 0.00864
v -0.00000 -0.01808 -0.01253
v -0.00000 -0.01810 0.01251
v -0.00000 -0.01573 -0.00149
v -0.00000 -0.01631 -0.00030
v -0.00000 -0.01611 0.00098
v -0.00000 -0.01532 -0.01579
v -0.00000 -0.01491 -0.00199
v -0.00000 -0.01496 0.00191
v -0.00000 -0.01523 0.01587
v -0.00000 -0.01403 -0.00209
v -0.00000 -0.01359 0.00199
v -0.00000 -0.01306 -0.00173
v -0.00000 -0.01226 -0.00045
v -0.00000 -0.01224 0.00060
v -0.00000 -0.01277 0.00149
v -0.00000 -0.01186 -0.01853
v -0.00000 -0.01095 -0.01048
v -0.00000 -0.01095 -0.00625
v -0.00000 -0.01095 -0.00219
v -0.00000 -0.01095 0.00219
v -0.00000 -0.01095 0.00625
v -0.00000 -0.01095 0.01485
v -0.00000 -0.01175 0.01860
v -0.00000 -0.00971 -0.01270
v -0.00000 -0.00975 0.01299
v -0.00000 -0.00965 0.01364
v -0.00000 -0.00877 -0.01484
v -0.00000 -0.00949 -0.01404
v -0.00000 -0.00909 -0.01140
v -0.00000 -0.00913 0.01154
v -0.00000 -0.00909 0.01458
v -0.00000 -0.00791 -0.02053
v -0.00000 -0.00774 -0.01523
v -0.00000 -0.00821 -0.01086
v -0.00000 -0.00726 -0.01075
v -0.00000 -0.00774 0.01075
v -0.00000 -0.00782 0.01517
v -0.00000 -0.00779 0.02057
v -0.00000 -0.00679 -0.01512
v -0.00000 -0.00623 -0.01114
v -0.00000 -0.00679 0.01086
v -0.00000 -0.00623 0.01484
v -0.00000 -0.00591 -0.01458
v -0.00000 -0.00535 -0.01364
v -0.00000 -0.00525 -0.01299
v -0.00000 -0.00551 -0.01194
v -0.00000 -0.00591 0.01140
v -0.00000 -0.00530 0.01264
v -0.00000 -0.00551 0.01404
v -0.00000 -0.00365 -0.02170
v -0.00000 -0.00352 0.02172
v 0.00000 -0.00011 -0.01048
v 0.00000 -0.00011 -0.00625
v 0.00000 -0.00011 -0.00219
v 0.00000 -0.00011 0.00219
v 0.00000 -0.00011 0.00625
v 0.00000 -0.00011 0.01485
v 0.00000 0.00077 -0.02199
v 0.00000 0.00089 0.02198
v 0.00000 0.00515 -0.02139
v 0.00000 0.00564 -0.01383
v 0.00000 0.00507 -0.01262
v 0.00000 0.00527 -0.01136
v 0.00000 0.00594 -0.01061
v 0.00000 0.00538 0.01130
v 0.00000 0.00502 0.01234
v 0.00000 0.00560 0.01370
v 0.00000 0.00527 0.02136
v 0.00000 0.00646 -0.01433
v 0.00000 0.00690 -0.01025
v 0.00000 0.00646 0.01035
v 0.00000 0.00690 0.01443
v 0.00000 0.00735 -0.01443
v 0.00000 0.00831 -0.01407
v 0.00000 0.00779 -0.01035
v 0.00000 0.00783 0.01043
v 0.00000 0.00779 0.01433
v 0.00000 0.00932 -0.01993
v 0.00000 0.00898 -0.01332
v 0.00000 0.00922 -0.01234
v 0.00000 0.00887 -0.01130
v 0.00000 0.00898 0.01136
v 0.00000 0.00918 0.01264
v 0.00000 0.00861 0.01383
v 0.00000 0.00943 0.01987
v 0.00000 0.01099 -0.01048
v 0.00000 0.01099 -0.00625
v 0.00000 0.01099 -0.00219
v 0.00000 0.01099 0.00219
v 0.00000 0.01099 0.00625
v 0.00000 0.01099 0.01485
v 0.00000 0.01312 -0.01766
v 0.00000 0.01301 -0.00105
v 0.00000 0.01280 0.00035
v 0.00000 0.01373 -0.00185
v 0.00000 0.01385 0.00186
v 0.00000 0.01322 0.01759
v 0.00000 0.01476 -0.00224
v 0.00000 0.01524 0.00224
v 0.00000 0.01639 -0.01468
v 0.00000 0.01615 -0.00186
v 0.00000 0.01627 0.00185
v 0.00000 0.01647 0.01459
v 0.00000 0.01715 -0.00065
v 0.00000 0.01712 0.00052
v 0.00000 0.01905 -0.01100
v 0.00000 0.01905 0.01100
v 0.00000 0.01975 -0.01030
v 0.00000 0.01984 0.01024
v 0.00000 0.02078 -0.01000
v 0.00000 0.02078 0.01000
v 0.00000 0.02470 -0.01000
v 0.00000 0.02470 0.01000
v 0.00000 0.02564 -0.00977
v 0.00000 0.02635 -0.00913
v 0.00000 0.02635 0.00913
v 0.00000 0.02564 0.00977
v 0.00000 0.02669 -0.00814
v 0.00000 0.02670 -0.00650
v 0.00000 0.02703 -0.00561
v 0.00000 0.02688 -0.00219
v 0.00000 0.02688 0.00219
v 0.00000 0.02701 0.00563
v 0.00000 0.02670 0.00650
v 0.00000 0.02669 0.00810
v 0.00000 0.02818 -0.00502
v 0.00000 0.02820 0.00502
v 0.00000 0.03392 -0.00598
v 0.00000 0.03392 0.00598
v 0.00000 0.03424 0.00601
v 0.00000 0.03524 -0.00569
v 0.00000 0.03559 0.00543
v 0.00000 0.03622 -0.00440
v 0.00000 0.03650 0.00000
v 0.00000 0.03625 0.00424
v 0.00350 0.02670 -0.00650
v 0.00350 0.02709 -0.00554
v 0.00350 0.02704 0.00559
v 0.00350 0.02670 0.00650
v 0.00350 0.02818 -0.00502
v 0.00350 0.02818 0.00502
v 0.00350 0.03392 -0.00598
v 0.00350 0.03392 0.00598
v 0.00350 0.03424 0.00601
v 0.00350 0.03537 -0.00561
v 0.00350 0.03551 0.00550
v 0.00350 0.03622 -0.00440
v 0.00350 0.03650 -0.00000
v 0.00350 0.03625 0.00424
v 0.00400 -0.01573 -0.00149
v 0.00400 -0.01631 -0.00024
v 0.00400 -0.01611 0.00098
v 0.00400 -0.01491 -0.00199
v 0.00400 -0.01496 0.00191
v 0.00400 -0.01403 -0.00209
v 0.00400 -0.01359 0.00199
v 0.00400 -0.01306 -0.00173
v 0.00400 -0.01222 -0.00030
v 0.00400 -0.01224 0.00060
v 0.00400 -0.01277 0.00149
v 0.00420 -0.01082 -0.01472
v 0.00420 -0.01125 -0.01299
v 0.00420 -0.01109 -0.01190
v 0.00420 -0.01082 0.01126
v 0.00420 -0.01125 0.01299
v 0.00420 -0.01109 0.01408
v 0.00420 -0.00964 -0.01607
v 0.00420 -0.00970 -0.01267
v 0.00420 -0.01015 -0.01034
v 0.00420 -0.00964 0.00991
v 0.00420 -0.00975 0.01299
v 0.00420 -0.00965 0.01364
v 0.00420 -0.01015 0.01564
v 0.00420 -0.00877 -0.01484
v 0.00420 -0.00949 -0.01404
v 0.00420 -0.00909 -0.01140
v 0.00420 -0.00879 -0.00947
v 0.00420 -0.00913 0.01154
v 0.00420 -0.00909 0.01458
v 0.00420 -0.00879 0.01651
v 0.00420 -0.00794 -0.01671
v 0.00420 -0.00774 -0.01523
v 0.00420 -0.00821 -0.01086
v 0.00420 -0.00726 -0.01075
v 0.00420 -0.00794 0.00927
v 0.00420 -0.00774 0.01075
v 0.00420 -0.00774 0.01518
v 0.00420 -0.00621 -0.01651
v 0.00420 -0.00679 -0.01512
v 0.00420 -0.00623 -0.01114
v 0.00420 -0.00706 -0.00927
v 0.00420 -0.00621 0.00947
v 0.00420 -0.00679 0.01086
v 0.00420 -0.00623 0.01484
v 0.00420 -0.00706 0.01671
v 0.00420 -0.00485 -0.01564
v 0.00420 -0.00591 -0.01458
v 0.00420 -0.00535 -0.01364
v 0.00420 -0.00525 -0.01299
v 0.00420 -0.00551 -0.01194
v 0.00420 -0.00536 -0.00991
v 0.00420 -0.00485 0.01034
v 0.00420 -0.00591 0.01140
v 0.00420 -0.00530 0.01267
v 0.00420 -0.00551 0.01404
v 0.00420 -0.00536 0.01607
v 0.00420 -0.00391 -0.01408
v 0.00420 -0.00375 -0.01299
v 0.00420 -0.00418 -0.01126
v 0.00420 -0.00391 0.01190
v 0.00420 -0.00375 0.01299
v 0.00420 -0.00418 0.01472
v 0.00400 0.00564 -0.01383
v 0.00400 0.00506 -0.01258
v 0.00400 0.00527 -0.01136
v 0.00400 0.00594 -0.01061
v 0.00400 0.00533 0.01138
v 0.00400 0.00502 0.01234
v 0.00400 0.00564 0.01374
v 0.00400 0.00646 -0.01433
v 0.00400 0.00690 -0.01025
v 0.00400 0.00646 0.01035
v 0.00400 0.00690 0.01443
v 0.00400 0.00735 -0.01443
v 0.00400 0.00831 -0.01407
v 0.00400 0.00779 -0.01035
v 0.00400 0.00783 0.01043
v 0.00400 0.00779 0.01433
v 0.00400 0.00898 -0.01332
v 0.00400 0.00922 -0.01234
v 0.00400 0.00892 -0.01138
v 0.00400 0.00898 0.01136
v 0.00400 0.00919 0.01258
v 0.00400 0.00861 0.01383
v 0.00420 0.01168 -0.00173
v 0.00420 0.01125 -0.00000
v 0.00420 0.01141 0.00109
v 0.00420 0.01286 -0.00308
v 0.00420 0.01288 -0.00052
v 0.00420 0.01285 0.00065
v 0.00420 0.01235 0.00265
v 0.00420 0.01373 -0.00185
v 0.00420 0.01385 0.00186
v 0.00420 0.01371 0.00352
v 0.00420 0.01456 -0.00372
v 0.00420 0.01476 -0.00224
v 0.00420 0.01524 0.00224
v 0.00420 0.01544 0.00372
v 0.00420 0.01629 -0.00352
v 0.00420 0.01615 -0.00186
v 0.00420 0.01627 0.00185
v 0.00420 0.01765 -0.00265
v 0.00420 0.01720 -0.00032
v 0.00420 0.01699 0.00105
v 0.00420 0.01714 0.00308
v 0.00420 0.01867 -0.00055
v 0.00420 0.01832 0.00173
v 0.00600 -0.02200 -0.00004
v 0.00600 -0.02200 0.00001
v 0.00600 -0.02155 -0.00444
v 0.00600 -0.02155 0.00441
v 0.00600 -0.02022 -0.00866
v 0.00600 -0.02023 0.00864
v 0.00600 -0.01808 -0.01253
v 0.00600 -0.01810 0.01251
v 0.00600 -0.01550 -0.01561
v 0.00600 -0.01550 0.01561
v 0.00600 -0.01106 -0.01489
v 0.00600 -0.01150 -0.01410
v 0.00600 -0.01125 -0.01299
v 0.00600 -0.01109 -0.01190
v 0.00600 -0.01082 0.01126
v 0.00600 -0.01125 0.01299
v 0.00600 -0.01129 0.01409
v 0.00600 -0.01127 0.01503
v 0.00600 -0.01009 -0.01593
v 0.00600 -0.01015 -0.01034
v 0.00600 -0.00964 0.00991
v 0.00600 -0.01044 0.01571
v 0.00600 -0.00879 -0.00947
v 0.00600 -0.00879 0.01651
v 0.00600 -0.00794 -0.01671
v 0.00600 -0.00794 0.00927
v 0.00600 -0.00698 -0.01767
v 0.00600 -0.00621 -0.01651
v 0.00600 -0.00706 -0.00927
v 0.00600 -0.00621 0.00947
v 0.00600 -0.00706 0.01671
v 0.00600 -0.00698 0.01767
v 0.00600 -0.00485 -0.01564
v 0.00600 -0.00536 -0.00991
v 0.00600 -0.00485 0.01034
v 0.00600 -0.00536 0.01607
v 0.00600 -0.00391 -0.01408
v 0.00600 -0.00375 -0.01299
v 0.00600 -0.00418 -0.01126
v 0.00600 -0.00391 0.01190
v 0.00600 -0.00375 0.01299
v 0.00600 -0.00418 0.01472
v 0.00600 -0.00302 -0.01876
v 0.00600 -0.00302 0.01876
v 0.00600 0.00106 -0.01897
v 0.00600 0.00105 0.01897
v 0.00600 0.00511 -0.01830
v 0.00600 0.00511 0.01830
v 0.00600 0.00892 -0.01677
v 0.00600 0.00892 0.01677
v 0.00600 0.01168 -0.00173
v 0.00600 0.01125 -0.00000
v 0.00600 0.01141 0.00109
v 0.00600 0.01232 -0.01446
v 0.00600 0.01286 -0.00308
v 0.00600 0.01235 0.00265
v 0.00600 0.01232 0.01447
v 0.00600 0.01371 0.00352
v 0.00600 0.01514 -0.01148
v 0.00600 0.01456 -0.00372
v 0.00600 0.01544 0.00372
v 0.00600 0.01514 0.01148
v 0.00600 0.01629 -0.00352
v 0.00600 0.01724 -0.00798
v 0.00600 0.01765 -0.00265
v 0.00600 0.01714 0.00308
v 0.00600 0.01724 0.00798
v 0.00600 0.01856 -0.00409
v 0.00600 0.01881 -0.00033
v 0.00600 0.01832 0.00173
v 0.00600 0.01856 0.00408
v 0.00652 0.02170 -0.00525
v 0.00600 0.02170 -0.00400
v 0.00601 0.02170 0.00411
v 0.00675 0.02170 0.00548
v 0.00655 0.02670 -0.00529
v 0.00600 0.02670 -0.00400
v 0.00601 0.02670 0.00412
v 0.00671 0.02670 0.00545
v 0.00800 0.02170 -0.00600
v 0.00776 0.02170 -0.00598
v 0.00800 0.02170 0.00600
v 0.00800 0.02670 -0.00600
v 0.00776 0.02670 -0.00598
v 0.00800 0.02670 0.00600
v 0.01210 0.02170 -0.00600
v 0.01304 0.02170 -0.00577
v 0.01246 0.02170 0.00597
v 0.01210 0.02170 0.00600
v 0.01307 0.02622 -0.00928
v 0.01306 0.02624 0.00926
v 0.01294 0.02645 -0.00897
v 0.01277 0.02669 -0.00819
v 0.01210 0.02670 -0.00600
v 0.01304 0.02670 -0.00577
v 0.01246 0.02670 0.00597
v 0.01210 0.02670 0.00600
v 0.01276 0.02669 0.00821
v 0.01286 0.02655 0.00877
v 0.01419 0.01772 -0.01307
v 0.01396 0.01767 0.01310
v 0.01353 0.01908 -0.01098
v 0.01338 0.01905 0.01100
v 0.01406 0.01923 -0.01094
v 0.01365 0.01980 -0.01036
v 0.01368 0.01978 0.01036
v 0.01407 0.01924 0.01094
v 0.01396 0.02078 -0.01012
v 0.01382 0.02078 0.01009
v 0.01375 0.02170 -0.00513
v 0.01409 0.02170 -0.00403
v 0.01395 0.02170 -0.00000
v 0.01404 0.02170 0.00419
v 0.01335 0.02170 0.00556
v 0.01377 0.02475 -0.01008
v 0.01397 0.02470 0.01013
v 0.01353 0.02560 -0.00983
v 0.01379 0.02627 -0.00943
v 0.01379 0.02627 0.00943
v 0.01356 0.02553 0.00987
v 0.01439 0.02658 -0.00961
v 0.01376 0.02665 -0.00898
v 0.01375 0.02670 -0.00513
v 0.01409 0.02670 -0.00401
v 0.01395 0.02670 -0.00000
v 0.01398 0.02670 0.00450
v 0.01335 0.02670 0.00556
v 0.01371 0.02665 0.00895
v 0.01439 0.02658 0.00961
v 0.01499 -0.01543 -0.01570
v 0.01509 -0.01541 0.01575
v 0.01546 -0.01364 -0.01726
v 0.01546 -0.01364 0.01726
v 0.01546 0.01433 -0.01672
v 0.01525 0.01427 0.01674
v 0.01559 0.01322 0.01758
v 0.01483 0.01623 -0.01491
v 0.01485 0.01625 0.01491
v 0.01465 0.01787 -0.01305
v 0.01466 0.01787 0.01305
v 0.01526 0.01825 -0.01317
v 0.01526 0.01826 0.01317
v 0.01490 0.01992 -0.01110
v 0.01464 0.02001 -0.01066
v 0.01464 0.02001 0.01066
v 0.01487 0.01991 0.01107
v 0.01512 0.02076 -0.01109
v 0.01460 0.02049 -0.01045
v 0.01460 0.02049 0.01045
v 0.01512 0.02077 0.01111
v 0.01522 0.02470 -0.01130
v 0.01466 0.02470 -0.01046
v 0.01466 0.02470 0.01046
v 0.01513 0.02470 0.01110
v 0.01529 0.02578 -0.01140
v 0.01482 0.02588 -0.01049
v 0.01472 0.02582 0.01038
v 0.01530 0.02568 0.01143
v 0.01521 0.02670 -0.01103
v 0.01486 0.02670 -0.01016
v 0.01487 0.02670 0.01018
v 0.01521 0.02670 0.01103
v 0.01626 -0.01550 -0.01634
v 0.01612 -0.01550 0.01615
v 0.01674 -0.01550 0.01684
v 0.01625 -0.01393 -0.01733
v 0.01643 -0.01401 0.01736
v 0.01636 -0.01172 -0.01867
v 0.01635 -0.01173 0.01867
v 0.01665 -0.00940 -0.01989
v 0.01665 -0.00940 0.01989
v 0.01666 0.00932 -0.01993
v 0.01664 0.00944 0.01987
v 0.01647 0.01014 -0.01952
v 0.01647 0.01014 0.01952
v 0.01624 0.01239 -0.01825
v 0.01563 0.01312 -0.01766
v 0.01625 0.01240 0.01826
v 0.01653 0.01483 -0.01692
v 0.01593 0.01448 -0.01673
v 0.01594 0.01449 0.01673
v 0.01654 0.01484 0.01693
v 0.01589 0.01665 -0.01514
v 0.01678 0.01673 -0.00900
v 0.01678 0.01675 0.00897
v 0.01589 0.01666 0.01514
v 0.01636 0.01745 -0.01546
v 0.01660 0.01724 -0.00798
v 0.01641 0.01778 -0.00669
v 0.01640 0.01782 0.00660
v 0.01657 0.01733 0.00778
v 0.01632 0.01715 0.01546
v 0.01646 0.01764 0.01566
v 0.01569 0.01877 -0.01343
v 0.01620 0.01834 -0.00495
v 0.01612 0.01856 -0.00409
v 0.01603 0.01879 -0.00281
v 0.01595 0.01899 -0.00063
v 0.01595 0.01900 0.00000
v 0.01597 0.01894 0.00154
v 0.01607 0.01870 0.00338
v 0.01612 0.01856 0.00408
v 0.01626 0.01818 0.00552
v 0.01570 0.01877 0.01343
v 0.01581 0.01949 -0.01347
v 0.01587 0.01933 0.01369
v 0.01636 0.02070 -0.00636
v 0.01595 0.02070 0.00000
v 0.01639 0.02070 0.00659
v 0.01592 0.02670 -0.01385
v 0.01716 -0.01510 -0.01774
v 0.01708 -0.01517 0.01756
v 0.01775 -0.01335 -0.01919
v 0.01769 -0.01356 0.01905
v 0.01781 -0.01249 -0.01941
v 0.01738 -0.01210 -0.01897
v 0.01738 -0.01211 0.01898
v 0.01782 -0.01249 0.01941
v 0.01800 -0.01150 0.00000
v 0.01795 -0.00984 -0.02024
v 0.01792 -0.01050 -0.00936
v 0.01747 -0.01050 -0.00667
v 0.01700 -0.01050 0.00027
v 0.01754 -0.01050 0.00720
v 0.01795 -0.00984 0.02024
v 0.01718 -0.00953 -0.01992
v 0.01735 -0.00958 0.01995
v 0.01747 -0.00749 -0.02076
v 0.01744 -0.00748 0.02076
v 0.01733 -0.00711 -0.02084
v 0.01712 -0.00707 0.02083
v 0.01758 -0.00365 -0.02170
v 0.01766 -0.00466 -0.02152
v 0.01748 -0.00463 0.02151
v 0.01759 -0.00352 0.02172
v 0.01769 -0.00212 -0.02190
v 0.01769 -0.00212 0.02190
v 0.01774 0.00059 -0.02199
v 0.01774 0.00063 0.02199
v 0.01781 0.00297 -0.02181
v 0.01764 0.00296 0.02180
v 0.01756 0.00540 -0.02134
v 0.01739 0.00535 0.02134
v 0.01730 0.00792 -0.02058
v 0.01733 0.00793 0.02059
v 0.01720 0.01037 -0.01963
v 0.01745 0.01046 0.01970
v 0.01717 0.01281 -0.01850
v 0.01793 0.01306 0.01380
v 0.01718 0.01282 0.01850
v 0.01762 0.01347 -0.01892
v 0.01761 0.01417 -0.01265
v 0.01767 0.01398 0.01286
v 0.01765 0.01338 0.01898
v 0.01697 0.01529 -0.01729
v 0.01731 0.01514 -0.01148
v 0.01725 0.01533 0.01122
v 0.01697 0.01529 0.01730
v 0.01703 0.01589 -0.01731
v 0.01713 0.01571 -0.01068
v 0.01709 0.01570 0.01747
v 0.01708 0.01750 -0.00269
v 0.01700 0.01750 0.00027
v 0.01705 0.01750 0.00226
v 0.01708 0.01879 -0.00269
v 0.01705 0.01879 0.00226
v 0.01742 0.01950 -0.00634
v 0.01711 0.01950 -0.00320
v 0.01708 0.01950 0.00277
v 0.01718 0.01950 0.00420
v 0.01754 0.01950 0.00720
v 0.01772 0.01950 0.00828
v 0.01766 0.02070 -0.01284
v 0.01772 0.02070 0.01306
v 0.01697 0.02670 0.01714
v 0.01817 -0.01550 -0.02020
v 0.01830 -0.01105 -0.02050
v 0.01828 -0.01129 -0.01494
v 0.01802 -0.01150 -0.01410
v 0.01890 -0.01150 -0.00917
v 0.01823 -0.01150 -0.00461
v 0.01823 -0.01150 0.00461
v 0.01890 -0.01150 0.00917
v 0.01802 -0.01150 0.01410
v 0.01834 -0.01120 0.01511
v 0.01826 -0.01124 0.02041
v 0.01839 -0.01016 -0.02072
v 0.01855 -0.01062 -0.01576
v 0.01893 -0.01050 -0.01347
v 0.01908 -0.01050 0.01398
v 0.01855 -0.01062 0.01576
v 0.01842 -0.01020 0.02078
v 0.01877 -0.00869 -0.02153
v 0.01895 -0.00872 -0.01688
v 0.01893 -0.00880 0.01684
v 0.01874 -0.00883 0.02147
v 0.01889 -0.00769 -0.02180
v 0.01843 -0.00742 -0.02124
v 0.01844 -0.00742 0.02125
v 0.01889 -0.00769 0.02181
v 0.01914 -0.00621 -0.02231
v 0.01913 -0.00628 0.02229
v 0.01879 -0.00487 -0.02197
v 0.01880 -0.00487 0.02197
v 0.01817 -0.00473 -0.02162
v 0.01818 -0.00473 0.02162
v 0.01846 -0.00218 -0.02210
v 0.01871 -0.00220 0.02221
v 0.01853 0.00043 -0.02222
v 0.01874 0.00044 0.02230
v 0.01862 0.00307 -0.02209
v 0.01868 0.00308 0.02212
v 0.01891 0.00583 -0.02203
v 0.01807 0.00556 -0.02142
v 0.01808 0.00557 0.02142
v 0.01892 0.00583 0.02204
v 0.01909 0.00658 -0.02221
v 0.01910 0.00647 0.02224
v 0.01828 0.00824 -0.02094
v 0.01911 0.00779 -0.01733
v 0.01913 0.00770 0.01737
v 0.01829 0.00824 0.02095
v 0.01871 0.00879 -0.02142
v 0.01891 0.00892 -0.01677
v 0.01885 0.00921 0.01661
v 0.01873 0.00866 0.02145
v 0.01873 0.00978 -0.01629
v 0.01820 0.01120 -0.02029
v 0.01831 0.01163 -0.01503
v 0.01838 0.01135 0.01524
v 0.01822 0.01112 0.02034
v 0.01813 0.01232 -0.01446
v 0.01801 0.01279 -0.01405
v 0.01813 0.01232 0.01447
v 0.01891 0.01750 -0.00122
v 0.01852 0.01750 -0.00026
v 0.01865 0.01750 0.00077
v 0.01909 0.01750 0.00141
v 0.01894 0.01950 -0.01351
v 0.01802 0.01950 -0.00983
v 0.01828 0.02000 -0.00263
v 0.01891 0.01950 -0.00122
v 0.01852 0.01950 -0.00026
v 0.01865 0.01950 0.00077
v 0.01864 0.01977 0.00192
v 0.01809 0.01950 0.01019
v 0.01852 0.01950 0.01200
v 0.01888 0.02050 -0.00903
v 0.01854 0.02050 -0.00709
v 0.01811 0.02050 -0.00314
v 0.01809 0.02050 0.00284
v 0.01821 0.02050 0.00443
v 0.01907 0.02050 0.00998
v 0.01817 0.02670 -0.02020
v 0.01810 0.02670 -0.00897
v 0.01810 0.02670 0.00897
v 0.01964 -0.01550 0.02332
v 0.01982 -0.01150 -0.01909
v 0.02002 -0.01150 -0.01364
v 0.02002 -0.01150 0.01364
v 0.01991 -0.01150 0.01930
v 0.01926 -0.00686 -0.01772
v 0.01927 -0.00679 0.01775
v 0.01925 -0.00505 -0.02254
v 0.01925 -0.00504 0.02254
v 0.01939 -0.00372 -0.02282
v 0.01956 -0.00445 -0.01847
v 0.01954 -0.00467 0.01842
v 0.01939 -0.00374 0.02281
v 0.01968 -0.00302 -0.01876
v 0.01968 -0.00294 0.01877
v 0.01947 -0.00232 -0.02299
v 0.01973 -0.00204 -0.01889
v 0.01947 -0.00232 0.02299
v 0.01952 -0.00115 -0.02307
v 0.01977 -0.00079 0.01898
v 0.01952 -0.00115 0.02307
v 0.01953 0.00046 -0.02309
v 0.01977 0.00053 -0.01899
v 0.01977 0.00105 0.01897
v 0.01953 0.00046 0.02309
v 0.01951 0.00143 -0.02305
v 0.01973 0.00211 -0.01888
v 0.01976 0.00139 0.01895
v 0.01951 0.00143 0.02305
v 0.01940 0.00322 -0.02285
v 0.01964 0.00357 0.01866
v 0.01941 0.00322 0.02285
v 0.01937 0.00399 -0.02277
v 0.01958 0.00428 -0.01851
v 0.01937 0.00393 0.02278
v 0.01949 0.00511 -0.01830
v 0.01946 0.00539 0.01822
v 0.01933 0.00637 -0.01790
v 0.01973 0.01750 -0.00185
v 0.01974 0.01750 0.00185
v 0.02010 0.01750 0.00247
v 0.02022 0.01950 -0.01730
v 0.01942 0.01950 -0.01505
v 0.01973 0.01950 -0.00185
v 0.01974 0.01950 0.00185
v 0.02010 0.02000 0.00247
v 0.01962 0.01950 0.01565
v 0.01982 0.02070 -0.01909
v 0.02039 0.02050 -0.01481
v 0.01930 0.02050 -0.01099
v 0.02013 0.02050 -0.00752
v 0.02010 0.02050 -0.00655
v 0.02034 0.02050 -0.00560
v 0.02004 0.02050 0.00297
v 0.02014 0.02050 0.00651
v 0.02010 0.02050 0.00737
v 0.01991 0.02070 0.01930
v 0.01964 0.02670 0.02332
v 0.02124 -0.01550 -0.02619
v 0.02158 -0.01150 -0.01799
v 0.02119 -0.01150 -0.00623
v 0.02112 -0.01116 -0.00135
v 0.02122 -0.01133 -0.00063
v 0.02119 -0.01131 0.00070
v 0.02111 -0.01117 0.00136
v 0.02119 -0.01150 0.00625
v 0.02158 -0.01150 0.01799
v 0.02136 -0.01050 -0.01998
v 0.02127 -0.01010 -0.00142
v 0.02145 -0.01010 -0.00086
v 0.02147 -0.01010 0.00082
v 0.02127 -0.01010 0.00142
v 0.02065 -0.01050 0.01837
v 0.02057 0.01750 -0.00250
v 0.02098 0.01750 -0.00214
v 0.02118 0.01750 0.00202
v 0.02133 0.01900 -0.01037
v 0.02092 0.01900 -0.00902
v 0.02062 0.01900 -0.00744
v 0.02060 0.01900 -0.00660
v 0.02081 0.01900 -0.00579
v 0.02114 0.01900 0.00527
v 0.02060 0.01900 0.00730
v 0.02093 0.01900 0.00909
v 0.02136 0.01950 -0.01998
v 0.02133 0.02000 -0.01037
v 0.02091 0.02000 -0.00898
v 0.02062 0.02000 -0.00744
v 0.02060 0.02000 -0.00660
v 0.02081 0.02000 -0.00579
v 0.02057 0.02000 -0.00250
v 0.02110 0.01982 -0.00223
v 0.02112 0.01969 0.00207
v 0.02106 0.02000 0.00540
v 0.02060 0.02000 0.00730
v 0.02091 0.02000 0.00899
v 0.02119 0.02000 0.01006
v 0.02065 0.01950 0.01837
v 0.02117 0.01950 0.01958
v 0.02116 0.02050 -0.01101
v 0.02058 0.02050 -0.00980
v 0.02094 0.02050 -0.00464
v 0.02081 0.02050 -0.00298
v 0.02152 0.02070 -0.00117
v 0.02150 0.02070 0.00000
v 0.02095 0.02050 0.00297
v 0.02120 0.02050 0.00438
v 0.02056 0.02050 0.00516
v 0.02064 0.02050 0.00998
v 0.02142 0.02050 0.01133
v 0.02069 0.02050 0.01568
v 0.02124 0.02670 -0.02619
v 0.02152 0.02670 -0.00117
v 0.02241 -0.01550 -0.01764
v 0.02210 -0.01550 -0.01607
v 0.02241 -0.01550 -0.01450
v 0.02241 -0.01550 0.01450
v 0.02210 -0.01550 0.01607
v 0.02241 -0.01550 0.01764
v 0.02279 -0.01150 -0.02499
v 0.02241 -0.01133 -0.01115
v 0.02169 -0.01100 -0.00616
v 0.02175 -0.01100 -0.00033
v 0.02178 -0.01100 0.00026
v 0.02169 -0.01100 0.00618
v 0.02248 -0.01121 0.01108
v 0.02278 -0.01150 0.01209
v 0.02267 -0.01050 -0.02263
v 0.02261 -0.01010 -0.01082
v 0.02169 -0.01010 -0.00616
v 0.02172 -0.01010 -0.00045
v 0.02178 -0.01010 0.00026
v 0.02169 -0.01010 0.00618
v 0.02268 -0.01010 0.01102
v 0.02212 0.01750 -0.00164
v 0.02231 0.01750 -0.00085
v 0.02238 0.01750 0.00050
v 0.02231 0.01750 0.00173
v 0.02234 0.01900 -0.01144
v 0.02166 0.01900 -0.00463
v 0.02253 0.01900 0.00413
v 0.02166 0.01900 0.01084
v 0.02174 0.01950 -0.02079
v 0.02234 0.02000 -0.01144
v 0.02166 0.02000 -0.00463
v 0.02202 0.01974 -0.00163
v 0.02231 0.01950 -0.00085
v 0.02248 0.01966 0.00070
v 0.02231 0.02000 0.00173
v 0.02231 0.02000 0.00423
v 0.02216 0.02000 0.01124
v 0.02213 0.01950 0.02158
v 0.02279 0.02070 -0.02499
v 0.02258 0.02050 -0.02024
v 0.02181 0.02050 -0.01852
v 0.02197 0.02050 -0.01179
v 0.02273 0.02070 -0.00848
v 0.02216 0.02070 -0.00751
v 0.02180 0.02050 -0.00393
v 0.02172 0.02050 -0.00274
v 0.02256 0.02050 -0.00218
v 0.02270 0.02050 0.00204
v 0.02190 0.02050 0.00265
v 0.02208 0.02050 0.00378
v 0.02179 0.02070 0.00505
v 0.02232 0.02070 0.00780
v 0.02248 0.02050 0.01209
v 0.02241 0.02670 -0.01764
v 0.02210 0.02670 -0.01607
v 0.02241 0.02670 -0.01450
v 0.02273 0.02670 -0.00848
v 0.02216 0.02670 -0.00751
v 0.02179 0.02670 0.00505
v 0.02232 0.02670 0.00780
v 0.02241 0.02670 0.01450
v 0.02210 0.02670 0.01607
v 0.02241 0.02670 0.01764
v 0.02330 -0.01550 -0.01897
v 0.02330 -0.01550 -0.01317
v 0.02330 -0.01550 0.01317
v 0.02330 -0.01550 0.01897
v 0.02311 -0.01550 0.02909
v 0.02355 -0.01150 -0.02216
v 0.02353 -0.01125 -0.01233
v 0.02298 -0.01100 -0.01157
v 0.02340 -0.01100 0.01196
v 0.02353 -0.01150 0.01260
v 0.02355 -0.01150 0.02216
v 0.02291 -0.01150 0.02518
v 0.02375 -0.01010 -0.01215
v 0.02298 -0.01010 -0.01157
v 0.02340 -0.01010 0.01196
v 0.02377 -0.01050 0.02458
v 0.02294 0.01750 -0.00053
v 0.02291 0.01750 0.00066
v 0.02362 0.01900 -0.01190
v 0.02295 0.01900 -0.00401
v 0.02327 0.01900 0.00396
v 0.02283 0.01900 0.01169
v 0.02376 0.01950 -0.02456
v 0.02362 0.02000 -0.01190
v 0.02295 0.02000 -0.00401
v 0.02286 0.02000 -0.00079
v 0.02295 0.02000 0.00045
v 0.02319 0.02000 0.00397
v 0.02283 0.02000 0.01169
v 0.02286 0.01950 0.02298
v 0.02377 0.01950 0.02458
v 0.02352 0.02050 -0.02211
v 0.02333 0.02050 -0.01232
v 0.02357 0.02070 -0.00895
v 0.02336 0.02050 -0.00349
v 0.02316 0.02050 -0.00138
v 0.02347 0.02050 -0.00043
v 0.02347 0.02050 0.00043
v 0.02318 0.02050 0.00134
v 0.02303 0.02050 0.00349
v 0.02327 0.02070 0.00884
v 0.02372 0.02050 0.01241
v 0.02302 0.02050 0.02113
v 0.02291 0.02070 0.02518
v 0.02330 0.02670 -0.01897
v 0.02330 0.02670 -0.01317
v 0.02357 0.02670 -0.00895
v 0.02327 0.02670 0.00884
v 0.02330 0.02670 0.01317
v 0.02330 0.02670 0.01897
v 0.02311 0.02670 0.02909
v 0.02507 -0.01550 -0.03173
v 0.02463 -0.01550 -0.01986
v 0.02463 -0.01550 -0.01228
v 0.02463 -0.01550 0.01228
v 0.02463 -0.01550 0.01986
v 0.02446 -0.01350 -0.01719
v 0.02415 -0.01350 -0.01640
v 0.02454 -0.01350 -0.01482
v 0.02501 -0.01350 -0.01434
v 0.02437 -0.01350 0.01514
v 0.02410 -0.01350 0.01607
v 0.02469 -0.01350 0.01748
v 0.02471 -0.01150 -0.01756
v 0.02414 -0.01150 -0.01635
v 0.02434 -0.01150 -0.01509
v 0.02501 -0.01150 -0.01434
v 0.02467 -0.01120 -0.01249
v 0.02462 -0.01117 0.01245
v 0.02443 -0.01150 0.01506
v 0.02410 -0.01150 0.01607
v 0.02468 -0.01150 0.01743
v 0.02470 -0.01050 -0.02608
v 0.02498 -0.01010 -0.01226
v 0.02476 -0.01010 0.01227
v 0.02491 0.01900 -0.01176
v 0.02439 0.01900 -0.00405
v 0.02472 0.01900 0.00417
v 0.02465 0.01900 0.01180
v 0.02470 0.01950 -0.02608
v 0.02462 0.02000 -0.01183
v 0.02439 0.02000 -0.00405
v 0.02493 0.02000 0.00427
v 0.02470 0.02000 0.01179
v 0.02481 0.01950 0.02625
v 0.02471 0.02070 -0.01756
v 0.02415 0.02070 -0.01642
v 0.02434 0.02070 -0.01509
v 0.02501 0.02070 -0.01434
v 0.02498 0.02050 -0.01226
v 0.02453 0.02070 -0.00897
v 0.02506 0.02050 -0.00377
v 0.02412 0.02050 0.00348
v 0.02515 0.02050 0.00382
v 0.02438 0.02070 0.00899
v 0.02500 0.02050 0.01226
v 0.02441 0.02070 0.01510
v 0.02410 0.02070 0.01607
v 0.02470 0.02070 0.01746
v 0.02451 0.02470 -0.01725
v 0.02413 0.02470 -0.01629
v 0.02451 0.02470 -0.01486
v 0.02501 0.02470 -0.01434
v 0.02442 0.02470 0.01505
v 0.02410 0.02470 0.01607
v 0.02464 0.02470 0.01742
v 0.02507 0.02670 -0.03173
v 0.02463 0.02670 -0.01986
v 0.02463 0.02670 -0.01228
v 0.02453 0.02670 -0.00897
v 0.02441 0.02670 0.00899
v 0.02463 0.02670 0.01228
v 0.02463 0.02670 0.01986
v 0.02620 -0.01550 -0.02017
v 0.02620 -0.01550 -0.01197
v 0.02620 -0.01550 0.01197
v 0.02620 -0.01550 0.02017
v 0.02584 -0.01350 -0.01811
v 0.02582 -0.01350 -0.01404
v 0.02584 -0.01350 0.01403
v 0.02582 -0.01350 0.01811
v 0.02592 -0.01150 -0.02611
v 0.02554 -0.01150 -0.01807
v 0.02597 -0.01150 -0.01398
v 0.02528 -0.01150 -0.01271
v 0.02528 -0.01150 0.01271
v 0.02554 -0.01150 0.01408
v 0.02597 -0.01150 0.01816
v 0.02592 -0.01150 0.02611
v 0.02614 0.01900 -0.01097
v 0.02564 0.01900 -0.00476
v 0.02588 0.01900 0.00502
v 0.02626 0.01900 0.01083
v 0.02606 0.01950 -0.02807
v 0.02614 0.02000 -0.01097
v 0.02564 0.02000 -0.00476
v 0.02588 0.02000 0.00502
v 0.02605 0.02000 0.01105
v 0.02578 0.02050 -0.02589
v 0.02627 0.02050 -0.02340
v 0.02621 0.02050 -0.02219
v 0.02554 0.02070 -0.01807
v 0.02597 0.02070 -0.01398
v 0.02595 0.02050 -0.01179
v 0.02532 0.02070 -0.00880
v 0.02599 0.02050 -0.00440
v 0.02602 0.02050 0.00444
v 0.02541 0.02070 0.00878
v 0.02614 0.02050 0.01165
v 0.02554 0.02070 0.01408
v 0.02622 0.02050 0.01606
v 0.02597 0.02070 0.01816
v 0.02639 0.02050 0.02152
v 0.02618 0.02050 0.02280
v 0.02601 0.02050 0.02625
v 0.02590 0.02470 -0.01812
v 0.02585 0.02470 -0.01403
v 0.02590 0.02470 0.01402
v 0.02585 0.02470 0.01811
v 0.02620 0.02670 -0.02017
v 0.02620 0.02670 -0.01197
v 0.02532 0.02670 -0.00880
v 0.02542 0.02670 0.00878
v 0.02620 0.02670 0.01197
v 0.02620 0.02670 0.02017
v 0.02729 -0.01750 -0.00602
v 0.02687 -0.01750 -0.00525
v 0.02650 -0.01750 -0.00000
v 0.02695 -0.01750 0.00543
v 0.02729 -0.01550 -0.00602
v 0.02687 -0.01550 -0.00527
v 0.02650 -0.01550 -0.00000
v 0.02696 -0.01550 0.00546
v 0.02707 -0.01550 0.03410
v 0.02677 -0.01350 -0.01807
v 0.02738 -0.01350 -0.01780
v 0.02686 -0.01350 -0.01408
v 0.02697 -0.01350 0.01416
v 0.02686 -0.01350 0.01807
v 0.02667 -0.01150 -0.03061
v 0.02709 -0.01123 -0.02225
v 0.02694 -0.01125 -0.02078
v 0.02738 -0.01125 -0.01985
v 0.02642 -0.01150 -0.01816
v 0.02738 -0.01150 -0.01780
v 0.02686 -0.01150 -0.01408
v 0.02684 -0.01150 0.01414
v 0.02686 -0.01150 0.01807
v 0.02727 -0.01150 0.01966
v 0.02701 -0.01116 0.02097
v 0.02707 -0.01126 0.02226
v 0.02680 -0.01150 0.03076
v 0.02731 -0.01010 -0.02219
v 0.02713 -0.01010 -0.02096
v 0.02752 -0.01010 -0.02008
v 0.02718 -0.01010 0.02098
v 0.02738 -0.01010 0.02233
v 0.02715 0.01900 -0.02434
v 0.02669 0.01900 -0.02299
v 0.02690 0.01900 -0.02157
v 0.02685 0.01900 -0.00971
v 0.02681 0.01900 -0.00791
v 0.02648 0.01900 -0.00621
v 0.02651 0.01900 0.00631
v 0.02680 0.01900 0.00783
v 0.02685 0.01900 0.00972
v 0.02733 0.01900 0.02085
v 0.02674 0.01900 0.02208
v 0.02679 0.01900 0.02354
v 0.02715 0.01900 0.02434
v 0.02715 0.02000 -0.02434
v 0.02676 0.02000 -0.02334
v 0.02671 0.02000 -0.02226
v 0.02690 0.02000 -0.02157
v 0.02678 0.02000 -0.00992
v 0.02680 0.02000 -0.00782
v 0.02648 0.02000 -0.00621
v 0.02651 0.02000 0.00631
v 0.02679 0.02000 0.00779
v 0.02685 0.02000 0.00972
v 0.02733 0.02000 0.02085
v 0.02671 0.02000 0.02240
v 0.02685 0.02000 0.02372
v 0.02715 0.02000 0.02434
v 0.02703 0.01950 0.02936
v 0.02665 0.02070 -0.03057
v 0.02673 0.02050 -0.02461
v 0.02674 0.02050 -0.02089
v 0.02642 0.02070 -0.01816
v 0.02738 0.02070 -0.01780
v 0.02682 0.02050 -0.01581
v 0.02718 0.02060 -0.01413
v 0.02664 0.02050 -0.01116
v 0.02719 0.02050 -0.01025
v 0.02707 0.02061 -0.00902
v 0.02738 0.02050 -0.00817
v 0.02703 0.02050 -0.00636
v 0.02667 0.02050 -0.00530
v 0.02753 0.02050 0.00149
v 0.02663 0.02050 0.00522
v 0.02701 0.02050 0.00622
v 0.02738 0.02050 0.00817
v 0.02716 0.02060 0.00916
v 0.02698 0.02050 0.01068
v 0.02682 0.02070 0.01413
v 0.02686 0.02070 0.01807
v 0.02704 0.02050 0.02042
v 0.02660 0.02050 0.02436
v 0.02679 0.02070 0.03076
v 0.02674 0.02470 -0.01808
v 0.02738 0.02470 -0.01780
v 0.02686 0.02470 -0.01408
v 0.02691 0.02470 0.01414
v 0.02686 0.02470 0.01807
v 0.02692 0.02670 -0.00892
v 0.02703 0.02670 0.00892
v 0.02707 0.02670 0.03410
v 0.02753 0.03200 0.00149
v 0.02832 -0.01750 -0.00641
v 0.02825 -0.01750 0.00639
v 0.02776 -0.01550 -0.01986
v 0.02776 -0.01550 -0.01228
v 0.02837 -0.01550 -0.00641
v 0.02816 -0.01550 0.00637
v 0.02776 -0.01550 0.01228
v 0.02776 -0.01550 0.01986
v 0.02785 -0.01350 -0.01733
v 0.02830 -0.01350 -0.01607
v 0.02803 -0.01350 -0.01514
v 0.02785 -0.01350 0.01482
v 0.02825 -0.01350 0.01640
v 0.02793 -0.01350 0.01719
v 0.02867 -0.01150 -0.02982
v 0.02816 -0.01100 -0.01954
v 0.02792 -0.01150 -0.01910
v 0.02805 -0.01150 -0.01705
v 0.02830 -0.01150 -0.01607
v 0.02792 -0.01150 -0.01499
v 0.02805 -0.01150 0.01509
v 0.02827 -0.01150 0.01626
v 0.02768 -0.01150 0.01756
v 0.02792 -0.01150 0.01910
v 0.02798 -0.01100 0.01966
v 0.02867 -0.01150 0.02982
v 0.02816 -0.01010 -0.01954
v 0.02802 -0.01010 0.01964
v 0.02776 -0.01050 0.03028
v 0.02809 0.01900 -0.02573
v 0.02775 0.01900 -0.02042
v 0.02838 0.01900 -0.02002
v 0.02834 0.01900 0.02003
v 0.02802 0.01900 0.02564
v 0.02841 0.01950 -0.03106
v 0.02811 0.02000 -0.02576
v 0.02775 0.02000 -0.02042
v 0.02838 0.02000 -0.02002
v 0.02844 0.02000 0.01999
v 0.02810 0.02000 0.02576
v 0.02776 0.01950 0.03028
v 0.02784 0.02050 -0.02877
v 0.02813 0.02050 -0.02664
v 0.02818 0.02050 -0.01960
v 0.02805 0.02070 -0.01705
v 0.02830 0.02070 -0.01607
v 0.02796 0.02070 -0.01506
v 0.02879 0.02070 -0.01069
v 0.02801 0.02070 -0.00952
v 0.02779 0.02050 -0.00465
v 0.02827 0.02050 0.00758
v 0.02812 0.02070 0.00963
v 0.02805 0.02070 0.01509
v 0.02825 0.02070 0.01637
v 0.02768 0.02070 0.01756
v 0.02790 0.02050 0.01967
v 0.02840 0.02050 0.02687
v 0.02788 0.02470 -0.01728
v 0.02830 0.02470 -0.01607
v 0.02797 0.02470 -0.01505
v 0.02788 0.02470 0.01486
v 0.02826 0.02470 0.01629
v 0.02789 0.02470 0.01725
v 0.02776 0.02670 -0.01986
v 0.02776 0.02670 -0.01228
v 0.02879 0.02670 -0.01069
v 0.02801 0.02670 -0.00952
v 0.02812 0.02670 0.00963
v 0.02776 0.02670 0.01228
v 0.02776 0.02670 0.01986
v 0.02779 0.03200 -0.00465
v 0.02771 0.03200 0.00397
v 0.02827 0.03200 0.00758
v 0.02850 0.03300 -0.00042
v 0.02871 0.03300 0.00387
v 0.02960 -0.01550 -0.03672
v 0.02929 -0.01550 -0.02462
v 0.02924 -0.01550 -0.02326
v 0.02980 -0.01550 -0.02245
v 0.02909 -0.01550 -0.01897
v 0.02998 -0.01550 -0.01764
v 0.02998 -0.01550 -0.01450
v 0.02909 -0.01550 -0.01317
v 0.02909 -0.01550 0.01317
v 0.02998 -0.01550 0.01450
v 0.02998 -0.01550 0.01764
v 0.02909 -0.01550 0.01897
v 0.02962 -0.01150 -0.02658
v 0.02932 -0.01150 -0.02471
v 0.02924 -0.01150 -0.02326
v 0.02980 -0.01150 -0.02245
v 0.02960 -0.01150 0.02655
v 0.02889 -0.01050 -0.03163
v 0.02950 0.01750 -0.03230
v 0.02921 0.01750 0.03198
v 0.02950 0.01879 -0.03230
v 0.02958 0.01900 -0.02712
v 0.02980 0.01900 -0.01973
v 0.02977 0.01900 0.01972
v 0.02945 0.01900 0.02706
v 0.02921 0.01879 0.03198
v 0.02898 0.01950 -0.03173
v 0.02958 0.02000 -0.02712
v 0.02959 0.02000 -0.01973
v 0.02977 0.02000 0.01972
v 0.02945 0.02000 0.02706
v 0.02887 0.01950 0.03160
v 0.02982 0.02050 -0.03117
v 0.02993 0.02050 -0.02777
v 0.02904 0.02050 -0.02741
v 0.02928 0.02070 -0.02459
v 0.02924 0.02070 -0.02326
v 0.02980 0.02070 -0.02245
v 0.02952 0.02050 -0.01923
v 0.02885 0.02070 -0.01086
v 0.02905 0.02050 -0.01067
v 0.02885 0.02070 0.01086
v 0.02989 0.02050 0.01318
v 0.02886 0.02050 0.01497
v 0.02928 0.02050 0.01924
v 0.02928 0.02070 0.02333
v 0.02940 0.02070 0.02497
v 0.02961 0.02050 0.02767
v 0.02962 0.02050 0.03094
v 0.02960 0.02670 -0.03672
v 0.02932 0.02670 -0.02471
v 0.02924 0.02670 -0.02326
v 0.02980 0.02670 -0.02245
v 0.02909 0.02670 -0.01897
v 0.02998 0.02670 -0.01764
v 0.02998 0.02670 -0.01450
v 0.02909 0.02670 -0.01317
v 0.02885 0.02670 -0.01086
v 0.02885 0.02670 0.01086
v 0.02909 0.02670 0.01317
v 0.02998 0.02670 0.01450
v 0.02998 0.02670 0.01764
v 0.02909 0.02670 0.01897
v 0.02923 0.02670 0.02348
v 0.02940 0.02670 0.02498
v 0.02976 0.03100 0.01282
v 0.02996 0.03200 -0.01335
v 0.02905 0.03200 -0.01067
v 0.02966 0.03200 0.01255
v 0.02960 0.03300 -0.00891
v 0.02880 0.03300 -0.00470
v 0.02941 0.03300 0.00810
v 0.03088 -0.01550 -0.02698
v 0.03056 -0.01550 -0.02194
v 0.03057 -0.01550 -0.01620
v 0.03025 -0.01550 -0.01472
v 0.03021 -0.01550 -0.01359
v 0.03066 -0.01550 -0.01275
v 0.03030 -0.01550 0.01607
v 0.03095 -0.01550 0.02386
v 0.03029 -0.01550 0.02480
v 0.03022 -0.01550 0.02576
v 0.03061 -0.01550 0.02664
v 0.03031 -0.01350 -0.00397
v 0.03022 -0.01350 0.00309
v 0.03088 -0.01150 -0.02698
v 0.03000 -0.01100 -0.02625
v 0.03052 -0.01150 -0.02197
v 0.03100 -0.01150 -0.01640
v 0.03025 -0.01150 -0.01472
v 0.03021 -0.01150 -0.01359
v 0.03066 -0.01150 -0.01275
v 0.03091 -0.01150 0.02388
v 0.03029 -0.01150 0.02480
v 0.03014 -0.01129 0.02597
v 0.03061 -0.01150 0.02664
v 0.03106 -0.01050 -0.03394
v 0.03000 -0.01010 -0.02625
v 0.03031 -0.01010 -0.00397
v 0.03022 -0.01010 0.00309
v 0.03002 -0.01010 0.02628
v 0.03065 0.01900 -0.02738
v 0.03120 0.01900 -0.02014
v 0.03115 0.01900 0.02011
v 0.03086 0.01900 0.02738
v 0.03030 0.02000 -0.03139
v 0.03065 0.02000 -0.02738
v 0.03080 0.02000 -0.01997
v 0.03115 0.02000 0.02011
v 0.03086 0.02000 0.02738
v 0.03011 0.02000 0.03118
v 0.03111 0.02050 -0.02969
v 0.03093 0.02050 -0.02788
v 0.03088 0.02070 -0.02698
v 0.03059 0.02070 -0.02192
v 0.03063 0.02050 -0.01935
v 0.03012 0.02070 -0.01445
v 0.03035 0.02050 0.01435
v 0.03012 0.02070 0.01445
v 0.03038 0.02050 0.01863
v 0.03056 0.02050 0.01933
v 0.03035 0.02070 0.02207
v 0.03066 0.02050 0.02788
v 0.03088 0.02670 -0.02698
v 0.03052 0.02670 -0.02197
v 0.03030 0.02670 -0.01607
v 0.03012 0.02670 -0.01445
v 0.03012 0.02670 0.01445
v 0.03030 0.02670 0.01607
v 0.03045 0.02670 0.02201
v 0.03080 0.03100 0.01394
v 0.03118 0.03200 0.01359
v 0.03089 0.03300 -0.01300
v 0.03058 0.03300 0.01214
v 0.03179 -0.01550 -0.02067
v 0.03211 -0.01550 -0.01927
v 0.03176 -0.01550 -0.01788
v 0.03146 -0.01550 -0.01221
v 0.03190 -0.01550 0.03880
v 0.03182 -0.01350 -0.01087
v 0.03156 -0.01350 0.01003
v 0.03130 -0.01150 -0.03564
v 0.03177 -0.01150 -0.03323
v 0.03179 -0.01150 -0.02067
v 0.03211 -0.01150 -0.01927
v 0.03176 -0.01150 -0.01788
v 0.03146 -0.01150 -0.01221
v 0.03182 -0.01150 -0.01087
v 0.03169 -0.01123 -0.01046
v 0.03168 -0.01120 0.01043
v 0.03177 -0.01150 0.03323
v 0.03147 -0.01150 0.03580
v 0.03162 -0.01010 -0.01024
v 0.03158 -0.01010 0.01010
v 0.03205 0.01750 -0.03273
v 0.03154 0.01750 -0.03158
v 0.03158 0.01750 -0.03030
v 0.03232 0.01750 -0.02988
v 0.03182 0.01750 0.02965
v 0.03183 0.01750 0.03052
v 0.03156 0.01750 0.03180
v 0.03190 0.01750 0.03262
v 0.03205 0.01900 -0.02711
v 0.03220 0.01900 -0.02110
v 0.03220 0.01900 0.02110
v 0.03195 0.01900 0.02715
v 0.03208 0.01950 -0.03277
v 0.03154 0.01950 -0.03158
v 0.03160 0.01973 -0.03038
v 0.03232 0.01950 -0.02988
v 0.03177 0.02000 -0.02721
v 0.03220 0.02000 -0.02110
v 0.03220 0.02000 0.02110
v 0.03195 0.02000 0.02715
v 0.03182 0.02000 0.02965
v 0.03181 0.01950 0.03056
v 0.03156 0.01950 0.03180
v 0.03190 0.01950 0.03262
v 0.03130 0.02070 -0.03564
v 0.03176 0.02050 -0.02905
v 0.03198 0.02050 -0.02767
v 0.03127 0.02070 -0.02746
v 0.03202 0.02061 -0.02055
v 0.03182 0.02059 -0.01956
v 0.03176 0.02070 -0.01788
v 0.03127 0.02050 -0.01639
v 0.03176 0.02070 0.01788
v 0.03184 0.02070 0.01805
v 0.03187 0.02057 0.01972
v 0.03172 0.02070 0.02080
v 0.03177 0.02050 0.02774
v 0.03167 0.02050 0.02913
v 0.03147 0.02070 0.03580
v 0.03179 0.02670 -0.02067
v 0.03211 0.02670 -0.01927
v 0.03176 0.02670 -0.01788
v 0.03176 0.02670 0.01788
v 0.03184 0.02670 0.01805
v 0.03211 0.02670 0.01942
v 0.03172 0.02670 0.02080
v 0.03190 0.02670 0.03880
v 0.03185 0.03100 0.01157
v 0.03167 0.03100 0.01239
v 0.03140 0.03100 0.01420
v 0.03186 0.03100 0.01466
v 0.03120 0.03100 0.01624
v 0.03127 0.03200 -0.01639
v 0.03165 0.03200 0.01241
v 0.03140 0.03200 0.01420
v 0.03186 0.03200 0.01466
v 0.03120 0.03200 0.01624
v 0.03185 0.03300 0.01157
v 0.03211 0.03300 0.01583
v 0.03341 -0.01550 -0.01150
v 0.03322 -0.01128 -0.03033
v 0.03307 -0.01100 -0.02991
v 0.03341 -0.01150 -0.01150
v 0.03307 -0.01100 0.02991
v 0.03323 -0.01127 0.03033
v 0.03340 -0.01010 -0.03014
v 0.03307 -0.01010 -0.02991
v 0.03307 -0.01010 0.02991
v 0.03340 -0.01010 0.03014
v 0.03252 -0.01050 0.03534
v 0.03302 0.01750 -0.03579
v 0.03320 0.01750 -0.03344
v 0.03309 0.01750 -0.02923
v 0.03290 0.01750 0.02927
v 0.03296 0.01750 0.03333
v 0.03270 0.01750 0.03550
v 0.03302 0.01879 -0.03579
v 0.03269 0.01900 -0.02671
v 0.03357 0.01900 -0.02553
v 0.03313 0.01900 -0.02248
v 0.03304 0.01900 0.02235
v 0.03311 0.01900 0.02630
v 0.03270 0.01879 0.03550
v 0.03340 0.01950 -0.03613
v 0.03320 0.01950 -0.03344
v 0.03305 0.01986 -0.02921
v 0.03263 0.02000 -0.02676
v 0.03357 0.02000 -0.02553
v 0.03308 0.02000 -0.02241
v 0.03298 0.02000 0.02226
v 0.03311 0.02000 0.02630
v 0.03281 0.01989 0.02924
v 0.03299 0.01950 0.03334
v 0.03307 0.01950 0.03584
v 0.03284 0.02050 -0.02839
v 0.03286 0.02050 -0.02721
v 0.03262 0.02050 -0.02082
v 0.03316 0.02050 0.01981
v 0.03262 0.02050 0.02082
v 0.03294 0.02050 0.02710
v 0.03302 0.02050 0.02855
v 0.03343 0.02070 0.02992
v 0.03343 0.02670 0.02992
v 0.03291 0.03100 0.01163
v 0.03358 0.03100 0.01220
v 0.03308 0.03100 0.01498
v 0.03286 0.03200 0.01191
v 0.03358 0.03200 0.01220
v 0.03286 0.03200 0.01485
v 0.03316 0.03200 0.01981
v 0.03265 0.03300 -0.01691
v 0.03285 0.03300 0.01146
v 0.03348 0.03300 0.01522
v 0.03466 -0.01750 -0.00499
v 0.03425 -0.01750 0.00034
v 0.03472 -0.01750 0.00534
v 0.03475 -0.01550 -0.04106
v 0.03467 -0.01550 -0.01062
v 0.03472 -0.01550 -0.00534
v 0.03474 -0.01550 0.00545
v 0.03476 -0.01550 0.03127
v 0.03469 -0.01350 -0.01733
v 0.03426 -0.01350 0.01656
v 0.03456 -0.01134 -0.03163
v 0.03411 -0.01124 -0.03062
v 0.03405 -0.01123 -0.01616
v 0.03467 -0.01150 -0.01062
v 0.03464 -0.01150 -0.00487
v 0.03425 -0.01150 0.00034
v 0.03475 -0.01150 0.00555
v 0.03403 -0.01127 0.01612
v 0.03423 -0.01121 0.03070
v 0.03459 -0.01137 0.03160
v 0.03384 -0.01050 -0.03651
v 0.03477 -0.01010 -0.03121
v 0.03413 -0.01010 -0.03038
v 0.03469 -0.01010 -0.01733
v 0.03416 -0.01010 -0.01636
v 0.03424 -0.01010 0.01652
v 0.03442 -0.01010 0.03062
v 0.03477 -0.01010 0.03121
v 0.03455 -0.01050 0.03710
v 0.03409 0.01750 -0.03339
v 0.03455 0.01750 -0.02944
v 0.03410 0.01750 0.02947
v 0.03430 0.01750 0.03331
v 0.03379 0.01900 -0.02411
v 0.03373 0.01900 0.02375
v 0.03368 0.01900 0.02521
v 0.03384 0.01950 -0.03651
v 0.03382 0.02000 -0.03489
v 0.03409 0.01950 -0.03339
v 0.03440 0.01973 -0.02942
v 0.03376 0.02000 -0.02446
v 0.03373 0.02000 0.02375
v 0.03368 0.02000 0.02521
v 0.03402 0.01970 0.02939
v 0.03430 0.01950 0.03331
v 0.03361 0.02000 0.03470
v 0.03394 0.01950 0.03659
v 0.03406 0.02050 -0.03538
v 0.03406 0.02050 -0.02855
v 0.03363 0.02050 -0.02644
v 0.03412 0.02050 -0.02548
v 0.03430 0.02050 -0.02442
v 0.03417 0.02050 -0.02344
v 0.03416 0.02050 -0.02197
v 0.03373 0.02050 0.02247
v 0.03424 0.02050 0.02372
v 0.03427 0.02050 0.02486
v 0.03399 0.02050 0.02582
v 0.03444 0.02050 0.02861
v 0.03383 0.02050 0.03518
v 0.03475 0.02670 -0.04106
v 0.03440 0.03100 -0.02168
v 0.03403 0.03100 -0.02115
v 0.03427 0.03100 0.01259
v 0.03420 0.03100 0.01392
v 0.03416 0.03100 0.01472
v 0.03403 0.03200 -0.02115
v 0.03405 0.03200 0.01282
v 0.03402 0.03200 0.01392
v 0.03441 0.03300 0.01254
v 0.03461 0.03300 0.01387
v 0.03416 0.03300 0.01472
v 0.03418 0.03300 0.01956
v 0.03508 -0.01550 -0.03157
v 0.03531 -0.01550 -0.00934
v 0.03528 -0.01550 -0.00791
v 0.03518 -0.01150 -0.03633
v 0.03500 -0.01115 -0.03171
v 0.03531 -0.01150 -0.00934
v 0.03528 -0.01150 -0.00791
v 0.03497 -0.01100 0.03178
v 0.03518 -0.01150 0.03633
v 0.03497 -0.01010 -0.03176
v 0.03498 -0.01010 0.03178
v 0.03535 0.01750 -0.03289
v 0.03545 0.01750 -0.03168
v 0.03540 0.01750 -0.03018
v 0.03488 0.01750 0.02936
v 0.03556 0.01750 0.03045
v 0.03552 0.01750 0.03173
v 0.03527 0.01750 0.03298
v 0.03562 0.01950 -0.03796
v 0.03545 0.01988 -0.03280
v 0.03545 0.01950 -0.03172
v 0.03541 0.01978 -0.03017
v 0.03509 0.02000 -0.02951
v 0.03521 0.02000 0.02966
v 0.03558 0.01973 0.03060
v 0.03552 0.01950 0.03173
v 0.03537 0.01988 0.03289
v 0.03577 0.02050 -0.03346
v 0.03508 0.02070 -0.03157
v 0.03564 0.02050 -0.02934
v 0.03528 0.02050 -0.02273
v 0.03559 0.02050 0.02932
v 0.03595 0.02050 0.03324
v 0.03531 0.02050 0.03389
v 0.03508 0.02670 -0.03157
v 0.03592 0.03100 -0.02203
v 0.03580 0.03100 -0.02103
v 0.03592 0.03200 -0.02203
v 0.03580 0.03200 -0.02103
v 0.03484 0.03300 -0.02056
v 0.03613 -0.01550 0.01059
v 0.03640 -0.01150 -0.03985
v 0.03613 -0.01150 0.01059
v 0.03658 -0.01150 0.03998
v 0.03603 0.01750 -0.03135
v 0.03603 0.01750 0.03141
v 0.03603 0.02000 -0.03134
v 0.03603 0.02000 0.03141
v 0.03693 0.01950 0.03894
v 0.03640 0.02070 -0.03985
v 0.03716 0.02050 -0.03787
v 0.03621 0.02050 -0.03279
v 0.03653 0.02050 -0.03155
v 0.03639 0.02050 -0.03056
v 0.03682 0.02050 0.02474
v 0.03638 0.02050 0.03051
v 0.03648 0.02050 0.03171
v 0.03712 0.02050 0.03427
v 0.03623 0.02050 0.03716
v 0.03658 0.02070 0.03998
v 0.03646 0.03100 -0.02433
v 0.03667 0.03100 -0.02266
v 0.03652 0.03100 -0.01974
v 0.03646 0.03200 -0.02433
v 0.03664 0.03200 -0.02264
v 0.03682 0.03200 -0.01991
v 0.03682 0.03200 0.02474
v 0.03687 0.03249 -0.02404
v 0.03657 0.03300 -0.01946
v 0.03669 0.03300 0.02304
v 0.03834 -0.01550 0.01533
v 0.03746 -0.01550 0.01928
v 0.03730 -0.01550 0.04282
v 0.03822 -0.01350 0.02240
v 0.03834 -0.01150 0.01533
v 0.03746 -0.01150 0.01928
v 0.03822 -0.01010 0.02240
v 0.03797 -0.01050 0.03966
v 0.03829 0.01900 0.03231
v 0.03789 0.01900 0.03295
v 0.03762 0.01900 0.03435
v 0.03788 0.01900 0.03542
v 0.03829 0.02000 0.03231
v 0.03789 0.02000 0.03295
v 0.03762 0.02000 0.03435
v 0.03786 0.02000 0.03538
v 0.03797 0.01950 0.03966
v 0.03749 0.02070 -0.03370
v 0.03836 0.02050 -0.02639
v 0.03798 0.02050 0.03190
v 0.03733 0.02050 0.03301
v 0.03778 0.02070 0.03393
v 0.03739 0.02050 0.03554
v 0.03802 0.02670 0.03412
v 0.03756 0.02670 0.03830
v 0.03730 0.02670 0.04282
v 0.03796 0.03100 -0.02257
v 0.03780 0.03100 -0.01965
v 0.03836 0.03200 -0.02639
v 0.03786 0.03200 -0.02263
v 0.03781 0.03200 -0.01992
v 0.03728 0.03300 -0.02374
v 0.03779 0.03300 -0.01939
v 0.03874 -0.01550 0.01671
v 0.03845 -0.01550 0.01811
v 0.03927 -0.01550 0.03507
v 0.03880 -0.01350 -0.02307
v 0.03889 -0.01150 -0.03908
v 0.03856 -0.01129 -0.03522
v 0.03874 -0.01150 0.01671
v 0.03845 -0.01150 0.01811
v 0.03882 -0.01135 0.03516
v 0.03889 -0.01150 0.03908
v 0.03944 -0.01050 -0.04063
v 0.03872 -0.01010 -0.03498
v 0.03880 -0.01010 -0.02307
v 0.03875 -0.01010 0.03500
v 0.03947 0.01900 0.03143
v 0.03877 0.01900 0.03656
v 0.03912 0.01950 -0.04042
v 0.03947 0.02000 0.03143
v 0.03877 0.02000 0.03656
v 0.03875 0.02050 -0.03899
v 0.03884 0.02050 0.03118
v 0.03847 0.02050 0.03696
v 0.03947 0.02050 0.03946
v 0.03840 0.03100 -0.02293
v 0.03889 0.03100 -0.02198
v 0.03893 0.03100 -0.02090
v 0.03853 0.03100 -0.02014
v 0.03862 0.03200 -0.02188
v 0.03872 0.03200 -0.02111
v 0.03842 0.03200 -0.02039
v 0.03889 0.03200 0.02692
v 0.03840 0.03300 -0.02293
v 0.03901 0.03300 -0.02207
v 0.03914 0.03300 -0.02070
v 0.03864 0.03300 -0.01988
v 0.03959 0.03300 0.02620
v 0.04043 -0.01550 -0.04469
v 0.04002 -0.01550 -0.03560
v 0.04038 -0.01550 0.03571
v 0.04003 -0.01150 -0.03560
v 0.04038 -0.01150 0.03571
v 0.04027 0.01900 0.03759
v 0.04014 0.02000 0.03124
v 0.04018 0.02000 0.03753
v 0.04011 0.01950 0.04104
v 0.04046 0.02050 -0.04008
v 0.04003 0.02070 -0.03561
v 0.04006 0.02050 0.03074
v 0.04029 0.02070 0.03568
v 0.04039 0.02050 0.03827
v 0.04043 0.02670 -0.04469
v 0.04000 0.02670 -0.03558
v 0.04034 0.02670 0.03569
v 0.04019 0.03300 -0.02677
v 0.04111 -0.01550 -0.03588
v 0.04174 -0.01550 0.03576
v 0.04111 -0.01150 -0.03588
v 0.04174 -0.01150 0.03576
v 0.04089 0.01900 0.03121
v 0.04199 0.01950 -0.04212
v 0.04089 0.02000 0.03121
v 0.04085 0.01950 0.04148
v 0.04111 0.02070 -0.03588
v 0.04124 0.02050 0.02901
v 0.04134 0.02050 0.03077
v 0.04174 0.02070 0.03576
v 0.04136 0.02050 0.03870
v 0.04111 0.02670 -0.03588
v 0.04174 0.02670 0.03576
v 0.04124 0.03200 0.02901
v 0.04232 -0.01550 -0.03535
v 0.04316 -0.01550 -0.03427
v 0.04316 -0.01550 0.03427
v 0.04264 -0.01550 0.03508
v 0.04319 -0.01550 0.04610
v 0.04201 -0.01150 -0.04333
v 0.04284 -0.01150 -0.04145
v 0.04254 -0.01127 -0.03786
v 0.04230 -0.01150 -0.03537
v 0.04316 -0.01150 -0.03427
v 0.04316 -0.01150 0.03427
v 0.04264 -0.01150 0.03508
v 0.04274 -0.01116 0.03783
v 0.04284 -0.01150 0.04145
v 0.04221 -0.01150 0.04344
v 0.04237 -0.01050 -0.04233
v 0.04267 -0.01010 -0.03762
v 0.04283 -0.01010 0.03770
v 0.04252 0.01900 0.03187
v 0.04201 0.01900 0.03831
v 0.04262 0.02000 0.03194
v 0.04201 0.02000 0.03831
v 0.04201 0.02070 -0.04333
v 0.04233 0.02070 -0.03534
v 0.04316 0.02070 -0.03427
v 0.04302 0.02050 -0.03038
v 0.04222 0.02050 0.02979
v 0.04253 0.02050 0.03126
v 0.04316 0.02070 0.03427
v 0.04263 0.02070 0.03510
v 0.04240 0.02050 0.03882
v 0.04289 0.02050 0.04148
v 0.04221 0.02070 0.04344
v 0.04226 0.02670 -0.03540
v 0.04316 0.02670 -0.03427
v 0.04316 0.02670 0.03427
v 0.04264 0.02670 0.03507
v 0.04319 0.02670 0.04610
v 0.04302 0.03200 -0.03038
v 0.04284 0.03300 0.02900
v 0.04420 -0.01550 -0.03328
v 0.04433 -0.01550 0.03321
v 0.04327 -0.01550 0.03412
v 0.04398 -0.01350 -0.02788
v 0.04402 -0.01371 -0.00096
v 0.04400 -0.01400 0.00000
v 0.04432 -0.01371 0.00363
v 0.04328 -0.01350 0.02734
v 0.04376 -0.01129 -0.03815
v 0.04420 -0.01150 -0.03328
v 0.04433 -0.01150 0.03321
v 0.04327 -0.01150 0.03412
v 0.04393 -0.01133 0.03819
v 0.04347 -0.01010 -0.03789
v 0.04398 -0.01010 -0.02788
v 0.04328 -0.01010 0.02734
v 0.04404 -0.01010 0.03787
v 0.04398 -0.01050 0.04315
v 0.04390 0.01900 0.03280
v 0.04343 0.01900 0.03810
v 0.04342 0.01950 -0.04287
v 0.04390 0.02000 0.03280
v 0.04343 0.02000 0.03810
v 0.04421 0.01950 0.04326
v 0.04393 0.02050 -0.04201
v 0.04420 0.02070 -0.03328
v 0.04418 0.02050 0.03238
v 0.04433 0.02070 0.03321
v 0.04327 0.02070 0.03412
v 0.04428 0.02050 0.03820
v 0.04345 0.02050 0.03862
v 0.04420 0.02670 -0.03328
v 0.04433 0.02670 0.03321
v 0.04327 0.02670 0.03412
v 0.04350 0.03300 -0.02950
v 0.04514 -0.01550 -0.04037
v 0.04483 -0.01550 -0.03880
v 0.04514 -0.01550 -0.03723
v 0.04558 -0.01550 -0.03289
v 0.04489 -0.01450 -0.00400
v 0.04450 -0.01450 0.00000
v 0.04489 -0.01450 0.00400
v 0.04514 -0.01550 0.03723
v 0.04483 -0.01550 0.03880
v 0.04514 -0.01550 0.04037
v 0.04560 -0.01400 -0.00804
v 0.04473 -0.01371 -0.00550
v 0.04440 -0.01400 -0.00410
v 0.04560 -0.01373 0.00804
v 0.04493 -0.01130 -0.03782
v 0.04534 -0.01100 -0.03702
v 0.04558 -0.01150 -0.03289
v 0.04546 -0.01100 0.03684
v 0.04511 -0.01127 0.03768
v 0.04558 -0.01050 -0.04390
v 0.04442 -0.01010 -0.03777
v 0.04538 -0.01010 -0.03696
v 0.04546 -0.01010 0.03684
v 0.04492 -0.01010 0.03748
v 0.04486 0.01900 0.03380
v 0.04527 0.01900 0.03520
v 0.04498 0.01900 0.03662
v 0.04458 0.01900 0.03725
v 0.04557 0.01950 -0.04389
v 0.04486 0.02000 0.03380
v 0.04527 0.02000 0.03520
v 0.04498 0.02000 0.03662
v 0.04458 0.02000 0.03725
v 0.04558 0.02070 -0.03289
v 0.04491 0.02050 0.03308
v 0.04550 0.02050 0.03668
v 0.04506 0.02050 0.03745
v 0.04476 0.02050 0.04242
v 0.04514 0.02670 -0.04037
v 0.04483 0.02670 -0.03880
v 0.04514 0.02670 -0.03723
v 0.04558 0.02670 -0.03289
v 0.04514 0.02670 0.03723
v 0.04483 0.02670 0.03880
v 0.04514 0.02670 0.04037
v 0.04653 -0.01550 -0.04754
v 0.04603 -0.01550 -0.04170
v 0.04603 -0.01550 -0.03590
v 0.04606 -0.01450 -0.00784
v 0.04606 -0.01450 0.00785
v 0.04573 -0.01550 0.03289
v 0.04603 -0.01550 0.03590
v 0.04603 -0.01550 0.04170
v 0.04641 -0.01371 -0.00978
v 0.04619 -0.01373 0.00934
v 0.04590 -0.01150 -0.03708
v 0.04573 -0.01150 0.03289
v 0.04590 -0.01150 0.03708
v 0.04663 -0.01050 0.04435
v 0.04608 0.02058 0.03265
v 0.04565 0.02050 0.03438
v 0.04578 0.02050 0.03548
v 0.04648 0.02050 0.04319
v 0.04653 0.02670 -0.04754
v 0.04603 0.02670 -0.04170
v 0.04603 0.02670 -0.03590
v 0.04573 0.02670 0.03289
v 0.04603 0.02670 0.03590
v 0.04603 0.02670 0.04170
v 0.04630 0.03200 0.03250
v 0.04639 0.03300 0.03140
v 0.04736 -0.01550 -0.04259
v 0.04736 -0.01550 -0.03501
v 0.04704 -0.01550 -0.03321
v 0.04795 -0.01450 -0.01139
v 0.04795 -0.01450 0.01139
v 0.04712 -0.01550 0.03324
v 0.04736 -0.01550 0.03501
v 0.04736 -0.01550 0.04259
v 0.04720 -0.01350 -0.03992
v 0.04688 -0.01350 -0.03913
v 0.04727 -0.01350 -0.03755
v 0.04774 -0.01350 -0.03707
v 0.04754 -0.01400 -0.01167
v 0.04754 -0.01400 0.01167
v 0.04710 -0.01350 0.03787
v 0.04683 -0.01350 0.03880
v 0.04742 -0.01350 0.04021
v 0.04701 -0.01150 -0.04342
v 0.04744 -0.01150 -0.04029
v 0.04688 -0.01150 -0.03913
v 0.04707 -0.01150 -0.03782
v 0.04774 -0.01150 -0.03707
v 0.04704 -0.01150 -0.03321
v 0.04712 -0.01150 0.03324
v 0.04721 -0.01150 0.03771
v 0.04683 -0.01150 0.03880
v 0.04738 -0.01150 0.04013
v 0.04701 -0.01150 0.04342
v 0.04770 0.01950 0.04478
v 0.04756 0.02050 -0.04364
v 0.04743 0.02050 -0.04243
v 0.04744 0.02070 -0.04029
v 0.04688 0.02070 -0.03913
v 0.04707 0.02070 -0.03782
v 0.04774 0.02070 -0.03707
v 0.04704 0.02070 -0.03321
v 0.04712 0.02070 0.03324
v 0.04716 0.02070 0.03778
v 0.04683 0.02070 0.03880
v 0.04744 0.02070 0.04019
v 0.04724 0.02470 -0.03998
v 0.04686 0.02470 -0.03902
v 0.04724 0.02470 -0.03759
v 0.04774 0.02470 -0.03707
v 0.04715 0.02470 0.03778
v 0.04683 0.02470 0.03880
v 0.04737 0.02470 0.04015
v 0.04736 0.02670 -0.04259
v 0.04736 0.02670 -0.03501
v 0.04704 0.02670 -0.03321
v 0.04712 0.02670 0.03324
v 0.04736 0.02670 0.03501
v 0.04736 0.02670 0.04259
v 0.04711 0.03300 -0.03182
v 0.04867 -0.01720 -0.00326
v 0.04813 -0.01720 -0.00207
v 0.04857 -0.01720 -0.00082
v 0.04893 -0.01550 -0.04290
v 0.04893 -0.01550 -0.03470
v 0.04870 -0.01450 -0.00329
v 0.04813 -0.01450 -0.00207
v 0.04860 -0.01450 -0.00078
v 0.04893 -0.01550 0.03470
v 0.04893 -0.01550 0.04290
v 0.04903 -0.01350 -0.04090
v 0.04827 -0.01350 -0.04080
v 0.04855 -0.01350 -0.03677
v 0.04899 -0.01368 -0.01359
v 0.04867 -0.01368 0.01321
v 0.04872 -0.01350 0.03675
v 0.04813 -0.01350 0.04074
v 0.04883 -0.01350 0.04090
v 0.04805 -0.01150 -0.04603
v 0.04915 -0.01150 -0.04089
v 0.04827 -0.01150 -0.04080
v 0.04870 -0.01150 -0.03671
v 0.04888 -0.01127 -0.03097
v 0.04884 -0.01123 0.03095
v 0.04871 -0.01150 0.03676
v 0.04870 -0.01150 0.04089
v 0.04826 -0.01150 0.04610
v 0.04864 -0.01010 -0.03084
v 0.04864 -0.01010 0.03084
v 0.04911 0.01950 -0.04529
v 0.04805 0.02070 -0.04603
v 0.04915 0.02070 -0.04089
v 0.04827 0.02070 -0.04080
v 0.04870 0.02070 -0.03671
v 0.04828 0.02050 -0.03357
v 0.04867 0.02070 0.03677
v 0.04918 0.02050 0.03818
v 0.04870 0.02070 0.04089
v 0.04826 0.02070 0.04610
v 0.04903 0.02470 -0.04090
v 0.04827 0.02470 -0.04080
v 0.04858 0.02470 -0.03676
v 0.04879 0.02470 0.03674
v 0.04813 0.02470 0.04074
v 0.04883 0.02470 0.04090
v 0.04893 0.02670 -0.04290
v 0.04893 0.02670 -0.03470
v 0.04893 0.02670 0.03470
v 0.04893 0.02670 0.04290
v 0.04828 0.03200 -0.03357
v 0.04979 -0.01720 -0.00393
v 0.04987 -0.01720 0.00002
v 0.04979 -0.01450 -0.00393
v 0.04987 -0.01450 0.00002
v 0.04946 -0.01550 0.04857
v 0.04990 -0.01350 -0.04065
v 0.04959 -0.01350 -0.03681
v 0.05002 -0.01350 -0.03154
v 0.05015 -0.01400 -0.01485
v 0.05015 -0.01400 0.01485
v 0.04923 -0.01350 0.03115
v 0.04990 -0.01350 0.03696
v 0.04959 -0.01350 0.04080
v 0.05011 -0.01150 -0.04053
v 0.04959 -0.01150 -0.03681
v 0.05002 -0.01150 -0.03154
v 0.04923 -0.01150 0.03115
v 0.05011 -0.01150 0.03707
v 0.04959 -0.01150 0.04080
v 0.04995 0.01950 0.04558
v 0.04932 0.02050 -0.04431
v 0.05011 0.02070 -0.04053
v 0.04984 0.02059 -0.03644
v 0.05034 0.02050 -0.03540
v 0.04945 0.02070 -0.03440
v 0.05011 0.02070 0.03707
v 0.04978 0.02056 0.04010
v 0.05019 0.02050 0.04461
v 0.04988 0.02470 -0.04066
v 0.04959 0.02470 -0.03681
v 0.04988 0.02470 0.03695
v 0.04959 0.02470 0.04080
v 0.04945 0.02670 -0.03440
v 0.04946 0.02670 0.04857
v 0.04980 0.03200 0.03428
v 0.05020 0.03300 0.03336
v 0.05068 -0.01720 -0.00388
v 0.05146 -0.01720 -0.00345
v 0.05089 -0.01720 -0.00011
v 0.05049 -0.01550 -0.04259
v 0.05052 -0.01550 -0.03495
v 0.05050 -0.01450 -0.01450
v 0.05068 -0.01450 -0.00388
v 0.05146 -0.01450 -0.00345
v 0.05089 -0.01450 -0.00011
v 0.05050 -0.01450 0.01450
v 0.05053 -0.01550 0.03493
v 0.05049 -0.01550 0.04259
v 0.05058 -0.01350 -0.04006
v 0.05103 -0.01350 -0.03880
v 0.05076 -0.01350 -0.03787
v 0.05058 -0.01350 0.03755
v 0.05098 -0.01350 0.03913
v 0.05066 -0.01350 0.03992
v 0.05136 -0.01150 -0.04498
v 0.05078 -0.01150 -0.03978
v 0.05103 -0.01150 -0.03880
v 0.05069 -0.01150 -0.03779
v 0.05055 -0.01150 -0.03488
v 0.05055 -0.01150 0.03488
v 0.05078 -0.01150 0.03782
v 0.05099 -0.01150 0.03906
v 0.05041 -0.01150 0.04029
v 0.05136 -0.01150 0.04498
v 0.05043 -0.01050 0.04574
v 0.05101 0.01950 0.04591
v 0.05130 0.02050 -0.04496
v 0.05078 0.02070 -0.03978
v 0.05103 0.02070 -0.03880
v 0.05070 0.02070 -0.03780
v 0.05078 0.02070 0.03782
v 0.05098 0.02070 0.03916
v 0.05041 0.02070 0.04029
v 0.05072 0.02050 0.04478
v 0.05061 0.02470 -0.04001
v 0.05103 0.02470 -0.03880
v 0.05070 0.02470 -0.03778
v 0.05061 0.02470 0.03759
v 0.05099 0.02470 0.03902
v 0.05062 0.02470 0.03998
v 0.05049 0.02670 -0.04259
v 0.05049 0.02670 -0.03501
v 0.05049 0.02670 0.03501
v 0.05049 0.02670 0.04259
v 0.05058 0.03200 -0.03462
v 0.05097 0.03300 -0.03369
v 0.05198 -0.01720 -0.00272
v 0.05211 -0.01720 -0.00170
v 0.05172 -0.01720 -0.00074
v 0.05182 -0.01550 -0.04170
v 0.05271 -0.01550 -0.04037
v 0.05271 -0.01550 -0.03723
v 0.05182 -0.01550 -0.03590
v 0.05198 -0.01450 -0.00272
v 0.05211 -0.01450 -0.00170
v 0.05172 -0.01450 -0.00074
v 0.05182 -0.01550 0.03590
v 0.05271 -0.01550 0.03723
v 0.05271 -0.01550 0.04037
v 0.05182 -0.01550 0.04170
v 0.05233 -0.01367 -0.01674
v 0.05194 -0.01371 0.01644
v 0.05250 -0.01150 -0.04168
v 0.05250 -0.01124 -0.04023
v 0.05248 -0.01126 0.03998
v 0.05245 -0.01150 0.04149
v 0.05212 -0.01050 -0.04624
v 0.05274 -0.01010 -0.04017
v 0.05273 -0.01010 0.04008
v 0.05240 0.01950 -0.04632
v 0.05264 0.02050 -0.04166
v 0.05261 0.02050 -0.04067
v 0.05212 0.02059 0.03534
v 0.05277 0.02050 0.03993
v 0.05263 0.02050 0.04133
v 0.05174 0.02050 0.04434
v 0.05206 0.02050 0.04518
v 0.05182 0.02670 -0.04170
v 0.05271 0.02670 -0.04037
v 0.05271 0.02670 -0.03723
v 0.05182 0.02670 -0.03590
v 0.05208 0.02670 0.03577
v 0.05271 0.02670 0.03723
v 0.05271 0.02670 0.04037
v 0.05182 0.02670 0.04170
v 0.05220 0.02670 0.04616
v 0.05212 0.02670 0.04738
v 0.05253 0.02670 0.04852
v 0.05215 0.02870 0.04644
v 0.05220 0.02870 0.04770
v 0.05253 0.02870 0.04852
v 0.05244 0.02909 0.04635
v 0.05240 0.02906 0.04752
v 0.05267 0.02904 0.04844
v 0.05186 0.03200 0.03512
v 0.05350 -0.01550 -0.04968
v 0.05303 -0.01550 -0.03880
v 0.05361 -0.01450 -0.01705
v 0.05361 -0.01450 0.01705
v 0.05303 -0.01550 0.03880
v 0.05396 -0.01550 0.04979
v 0.05333 -0.01400 -0.01746
v 0.05333 -0.01400 0.01746
v 0.05347 -0.01125 -0.04234
v 0.05304 -0.01100 -0.04160
v 0.05284 -0.01100 0.04123
v 0.05336 -0.01123 0.04225
v 0.05378 -0.01010 -0.04224
v 0.05304 -0.01010 -0.04160
v 0.05285 -0.01010 0.04125
v 0.05343 -0.01010 0.04202
v 0.05331 0.01900 -0.04217
v 0.05321 0.01900 -0.04030
v 0.05324 0.01900 0.04009
v 0.05310 0.01900 0.04138
v 0.05356 0.01900 0.04266
v 0.05358 0.01950 -0.04662
v 0.05351 0.02000 -0.04254
v 0.05319 0.02000 -0.04036
v 0.05324 0.02000 0.04009
v 0.05310 0.02000 0.04138
v 0.05341 0.02000 0.04237
v 0.05396 0.02070 -0.04979
v 0.05356 0.02050 -0.04346
v 0.05300 0.02050 -0.04270
v 0.05285 0.02050 -0.03970
v 0.05350 0.02050 -0.03868
v 0.05398 0.02050 -0.03585
v 0.05392 0.02050 0.03830
v 0.05330 0.02050 0.03893
v 0.05306 0.02050 0.04275
v 0.05384 0.02050 0.04373
v 0.05308 0.02050 0.04546
v 0.05396 0.02070 0.04979
v 0.05296 0.02670 -0.04956
v 0.05303 0.02670 -0.03880
v 0.05303 0.02670 0.03880
v 0.05336 0.02670 0.04942
v 0.05289 0.02870 0.04901
v 0.05365 0.02870 0.04958
v 0.05345 0.02914 0.04896
v 0.05355 0.02895 0.04943
v 0.05398 0.03200 -0.03585
v 0.05392 0.03200 0.03583
v 0.05421 -0.01550 -0.03618
v 0.05422 -0.01550 0.03618
v 0.05438 -0.01150 -0.04789
v 0.05412 -0.01125 -0.04263
v 0.05422 -0.01150 -0.03618
v 0.05454 -0.01123 -0.03331
v 0.05450 -0.01127 0.03329
v 0.05423 -0.01150 0.03618
v 0.05412 -0.01127 0.04265
v 0.05438 -0.01150 0.04789
v 0.05418 -0.01010 -0.04239
v 0.05476 -0.01010 -0.03338
v 0.05476 -0.01010 0.03338
v 0.05418 -0.01010 0.04239
v 0.05416 0.01900 -0.04334
v 0.05417 0.01900 -0.03874
v 0.05403 0.01900 0.03886
v 0.05463 0.01900 0.04367
v 0.05416 0.02000 -0.04334
v 0.05417 0.02000 -0.03874
v 0.05494 0.02000 0.03827
v 0.05403 0.02000 0.03886
v 0.05463 0.02000 0.04367
v 0.05517 0.01950 0.04698
v 0.05413 0.02070 -0.04905
v 0.05438 0.02070 -0.04792
v 0.05515 0.02050 -0.04596
v 0.05436 0.02050 -0.04409
v 0.05413 0.02070 -0.04141
v 0.05446 0.02050 -0.03794
v 0.05490 0.02070 -0.03637
v 0.05483 0.02050 0.03778
v 0.05413 0.02070 0.04141
v 0.05455 0.02050 0.04419
v 0.05401 0.02050 0.04570
v 0.05438 0.02070 0.04789
v 0.05413 0.02070 0.04905
v 0.05413 0.02070 0.04983
v 0.05513 0.02670 -0.04408
v 0.05504 0.02670 -0.03641
v 0.05513 0.02670 0.03830
v 0.05427 0.02670 0.03885
v 0.05492 0.02670 0.04999
v 0.05501 0.02870 0.03775
v 0.05434 0.02870 0.03869
v 0.05447 0.02870 0.04990
v 0.05486 0.02904 0.03819
v 0.05439 0.02906 0.03916
v 0.05452 0.02907 0.04967
v 0.05502 0.03300 -0.03511
v 0.05422 0.03300 0.03487
v 0.05620 -0.01550 -0.03968
v 0.05617 -0.01550 -0.03824
v 0.05548 -0.01550 -0.03699
v 0.05548 -0.01550 0.03699
v 0.05617 -0.01550 0.03824
v 0.05620 -0.01550 0.03968
v 0.05627 -0.01371 -0.01910
v 0.05583 -0.01371 0.01889
v 0.05582 -0.01350 0.03368
v 0.05583 -0.01150 -0.04610
v 0.05620 -0.01150 -0.03968
v 0.05617 -0.01150 -0.03824
v 0.05548 -0.01150 -0.03699
v 0.05548 -0.01150 0.03699
v 0.05617 -0.01150 0.03824
v 0.05620 -0.01150 0.03968
v 0.05583 -0.01150 0.04610
v 0.05564 -0.01050 -0.04708
v 0.05582 -0.01010 0.03368
v 0.05545 0.01900 -0.04397
v 0.05528 0.01900 -0.03815
v 0.05529 0.01900 0.03815
v 0.05545 0.01900 0.04397
v 0.05545 0.02000 -0.04397
v 0.05528 0.02000 -0.03815
v 0.05529 0.02000 0.03815
v 0.05545 0.02000 0.04397
v 0.05534 0.02050 -0.04446
v 0.05562 0.02050 -0.03757
v 0.05578 0.02050 0.03756
v 0.05534 0.02050 0.04446
v 0.05599 0.02050 0.04613
v 0.05640 0.02670 0.03703
v 0.05528 0.02670 0.03753
v 0.05599 0.02670 0.05020
v 0.05616 0.02870 0.03710
v 0.05528 0.02870 0.03753
v 0.05597 0.02889 0.03719
v 0.05567 0.02910 0.03763
v 0.05715 -0.01450 -0.01894
v 0.05715 -0.01450 0.01894
v 0.05668 -0.01350 -0.03391
v 0.05696 -0.01400 -0.01940
v 0.05735 -0.01379 0.01956
v 0.05668 -0.01010 -0.03391
v 0.05719 -0.01050 0.04736
v 0.05657 0.01900 -0.04420
v 0.05672 0.01900 -0.03811
v 0.05672 0.01900 0.03811
v 0.05699 0.01900 0.04428
v 0.05732 0.01950 -0.04738
v 0.05657 0.02000 -0.04420
v 0.05672 0.02000 -0.03811
v 0.05672 0.02000 0.03811
v 0.05699 0.02000 0.04428
v 0.05719 0.01950 0.04736
v 0.05726 0.02070 -0.04379
v 0.05738 0.02070 -0.04288
v 0.05683 0.02050 -0.03762
v 0.05740 0.02050 0.03672
v 0.05683 0.02050 0.03762
v 0.05730 0.02070 0.04310
v 0.05731 0.02070 0.04395
v 0.05748 0.02050 0.04487
v 0.05726 0.02670 -0.04383
v 0.05738 0.02670 -0.04288
v 0.05714 0.02670 0.04277
v 0.05711 0.02670 0.04379
v 0.05705 0.02670 0.04461
v 0.05731 0.02670 0.05042
v 0.05706 0.02870 0.03696
v 0.05731 0.02870 0.05042
v 0.05692 0.02898 0.03710
v 0.05706 0.02918 0.03741
v 0.05715 0.02920 0.04247
v 0.05678 0.02920 0.04362
v 0.05705 0.02920 0.04461
v 0.05875 -0.01150 -0.04381
v 0.05877 -0.01150 0.04381
v 0.05770 0.01900 -0.04440
v 0.05869 0.01900 -0.03849
v 0.05770 0.01900 -0.03831
v 0.05764 0.01900 0.03830
v 0.05855 0.01900 0.03846
v 0.05840 0.01900 0.04440
v 0.05770 0.02000 -0.04440
v 0.05869 0.02000 -0.03849
v 0.05770 0.02000 -0.03831
v 0.05764 0.02000 0.03830
v 0.05855 0.02000 0.03846
v 0.05840 0.02000 0.04440
v 0.05790 0.02060 -0.04492
v 0.05788 0.02070 -0.04226
v 0.05862 0.02070 -0.04194
v 0.05878 0.02050 -0.03799
v 0.05792 0.02062 0.03698
v 0.05864 0.02050 0.03797
v 0.05803 0.02070 0.04221
v 0.05838 0.02064 0.04502
v 0.05791 0.02050 0.04646
v 0.05800 0.02670 -0.04492
v 0.05788 0.02670 -0.04226
v 0.05862 0.02670 -0.04194
v 0.05781 0.02670 0.03706
v 0.05818 0.02670 0.04159
v 0.05806 0.02670 0.04219
v 0.05797 0.02670 0.04517
v 0.05855 0.02670 0.04565
v 0.05762 0.02870 0.03702
v 0.05761 0.02889 0.03706
v 0.05818 0.02920 0.04159
v 0.05766 0.02920 0.04528
v 0.05855 0.02920 0.04565
v 0.05853 0.02918 0.05018
v 0.05849 0.02897 0.05049
v 0.05851 0.03100 0.03424
v 0.05820 0.03100 0.03688
v 0.05792 0.03200 0.03682
v 0.05852 0.03300 0.03419
v 0.05830 0.03300 0.03588
v 0.05825 0.03249 0.03639
v 0.05910 -0.01373 -0.02015
v 0.05882 -0.01100 -0.04331
v 0.05884 -0.01100 0.04331
v 0.05894 -0.01050 -0.04762
v 0.05882 -0.01010 -0.04331
v 0.05884 -0.01010 0.04331
v 0.05913 0.01900 -0.04422
v 0.05998 0.01900 -0.03912
v 0.05899 0.01900 0.03857
v 0.05921 0.01900 0.04419
v 0.05894 0.01950 -0.04762
v 0.05913 0.02000 -0.04422
v 0.05998 0.02000 -0.03912
v 0.05938 0.02000 0.03876
v 0.05921 0.02000 0.04419
v 0.05894 0.01950 0.04762
v 0.05960 0.02070 -0.05071
v 0.05945 0.02050 -0.04667
v 0.05941 0.02061 -0.04487
v 0.05941 0.02070 -0.04201
v 0.05978 0.02050 -0.03837
v 0.05998 0.02050 -0.03716
v 0.05904 0.02050 0.03806
v 0.05913 0.02070 0.04194
v 0.05987 0.02070 0.04226
v 0.05947 0.02061 0.04489
v 0.05960 0.02070 0.05071
v 0.05960 0.02670 -0.05071
v 0.05953 0.02670 -0.04503
v 0.05941 0.02670 -0.04201
v 0.05912 0.02670 0.03729
v 0.05917 0.02670 0.04170
v 0.05987 0.02670 0.04226
v 0.05948 0.02670 0.04533
v 0.05970 0.02670 0.05072
v 0.05912 0.02870 0.03729
v 0.05920 0.02920 0.04150
v 0.05957 0.02920 0.04555
v 0.05949 0.03100 0.03323
v 0.05915 0.03100 0.03399
v 0.05908 0.03100 0.03526
v 0.05971 0.03100 0.03601
v 0.05998 0.03200 -0.03716
v 0.05986 0.03200 0.03331
v 0.05922 0.03200 0.03387
v 0.05907 0.03200 0.03523
v 0.05971 0.03200 0.03601
v 0.05920 0.03300 -0.03604
v 0.05945 0.03300 0.03299
v 0.06100 -0.01450 -0.02011
v 0.06100 -0.01450 0.02011
v 0.06090 -0.01400 -0.02060
v 0.06090 -0.01400 0.02060
v 0.06039 -0.01150 -0.04677
v 0.06039 -0.01150 0.04677
v 0.06029 -0.01050 0.04777
v 0.06007 0.01900 -0.04365
v 0.06087 0.01900 -0.04247
v 0.06104 0.01900 -0.04173
v 0.06083 0.01900 -0.04028
v 0.06024 0.01900 0.03936
v 0.06095 0.01900 0.04061
v 0.06099 0.01900 0.04205
v 0.06037 0.01900 0.04334
v 0.06083 0.01950 -0.04782
v 0.06007 0.02000 -0.04365
v 0.06077 0.02000 -0.04269
v 0.06103 0.02000 -0.04181
v 0.06073 0.02000 -0.04007
v 0.06024 0.02000 0.03936
v 0.06095 0.02000 0.04061
v 0.06087 0.02000 0.04241
v 0.06037 0.02000 0.04334
v 0.06102 0.02070 -0.05052
v 0.06051 0.02064 -0.04386
v 0.06025 0.02070 -0.04275
v 0.06118 0.02050 -0.03985
v 0.06056 0.02050 -0.03898
v 0.06066 0.02070 -0.03750
v 0.06003 0.02050 0.03717
v 0.06067 0.02070 0.03750
v 0.06036 0.02050 0.03883
v 0.06037 0.02070 0.04288
v 0.06061 0.02059 0.04374
v 0.06004 0.02070 0.04474
v 0.06102 0.02070 0.05052
v 0.06102 0.02670 -0.05052
v 0.06046 0.02670 -0.04389
v 0.06023 0.02670 -0.04272
v 0.06068 0.02670 -0.03751
v 0.06066 0.02670 0.03750
v 0.06009 0.02670 0.04186
v 0.06055 0.02670 0.04269
v 0.06071 0.02670 0.04382
v 0.06024 0.02670 0.04488
v 0.06102 0.02670 0.05052
v 0.06011 0.02908 0.03768
v 0.06009 0.02920 0.04186
v 0.06070 0.02920 0.04254
v 0.06094 0.02920 0.04380
v 0.06041 0.02920 0.04500
v 0.06067 0.03100 0.03300
v 0.06065 0.03100 0.03615
v 0.06087 0.03200 0.03330
v 0.06074 0.03200 0.03613
v 0.06053 0.03300 0.03276
v 0.06179 -0.01371 0.02075
v 0.06231 0.01750 0.04792
v 0.06231 0.01879 0.04792
v 0.06223 0.01950 -0.04792
v 0.06237 0.02000 0.04672
v 0.06180 0.01950 0.04789
v 0.06219 0.02070 -0.04968
v 0.06198 0.02063 -0.04761
v 0.06203 0.02050 -0.04496
v 0.06215 0.02050 -0.04365
v 0.06122 0.02050 -0.04292
v 0.06179 0.02057 -0.04133
v 0.06230 0.02050 -0.04035
v 0.06205 0.02070 -0.03808
v 0.06205 0.02070 0.03808
v 0.06138 0.02050 0.04030
v 0.06187 0.02060 0.04149
v 0.06145 0.02050 0.04228
v 0.06212 0.02050 0.04378
v 0.06200 0.02050 0.04441
v 0.06186 0.02050 0.04689
v 0.06219 0.02070 0.04968
v 0.06219 0.02670 -0.04968
v 0.06188 0.02670 -0.04408
v 0.06205 0.02670 -0.03808
v 0.06179 0.02670 0.03809
v 0.06219 0.02670 0.04968
v 0.06234 0.02670 0.05093
v 0.06234 0.02870 0.05093
v 0.06181 0.03100 0.03326
v 0.06195 0.03100 0.03408
v 0.06164 0.03100 0.03548
v 0.06217 0.03100 0.03739
v 0.06176 0.03200 0.03408
v 0.06162 0.03200 0.03551
v 0.06217 0.03200 0.03739
v 0.06181 0.03300 0.03326
v 0.06233 0.03300 0.03407
v 0.06227 0.03300 0.03640
v 0.06279 -0.01350 0.03484
v 0.06357 -0.01125 -0.04398
v 0.06357 -0.01125 0.04398
v 0.06358 -0.01010 -0.04373
v 0.06279 -0.01010 0.03484
v 0.06358 -0.01010 0.04373
v 0.06274 0.01750 -0.04795
v 0.06359 0.01750 -0.04591
v 0.06280 0.01750 -0.04506
v 0.06294 0.01750 -0.04367
v 0.06339 0.01750 0.04284
v 0.06286 0.01750 0.04382
v 0.06277 0.01750 0.04463
v 0.06337 0.01750 0.04566
v 0.06274 0.01879 -0.04795
v 0.06328 0.01864 0.04947
v 0.06328 0.01862 0.05097
v 0.06312 0.01975 -0.04632
v 0.06295 0.01967 -0.04514
v 0.06287 0.01983 -0.04362
v 0.06340 0.01978 0.04289
v 0.06282 0.01979 0.04380
v 0.06272 0.01979 0.04460
v 0.06337 0.01950 0.04566
v 0.06307 0.01970 0.04946
v 0.06306 0.01970 0.05096
v 0.06284 0.02070 -0.04837
v 0.06291 0.02070 -0.04786
v 0.06272 0.02050 -0.04255
v 0.06357 0.02050 -0.04186
v 0.06323 0.02070 -0.04060
v 0.06295 0.02070 -0.03919
v 0.06358 0.02050 0.03577
v 0.06355 0.02050 0.03747
v 0.06295 0.02070 0.03919
v 0.06323 0.02070 0.04060
v 0.06282 0.02050 0.04244
v 0.06291 0.02070 0.04786
v 0.06284 0.02070 0.04837
v 0.06284 0.02670 -0.04837
v 0.06291 0.02670 -0.04786
v 0.06323 0.02670 -0.04060
v 0.06295 0.02670 -0.03919
v 0.06344 0.02670 0.03772
v 0.06295 0.02670 0.03919
v 0.06323 0.02670 0.04060
v 0.06291 0.02670 0.04786
v 0.06284 0.02670 0.04837
v 0.06307 0.02670 0.04946
v 0.06306 0.02670 0.05096
v 0.06283 0.02873 0.03769
v 0.06271 0.02873 0.05095
v 0.06307 0.02937 0.03800
v 0.06295 0.02933 0.05070
v 0.06242 0.03100 0.03490
v 0.06306 0.03103 0.05039
v 0.06330 0.03034 0.05081
v 0.06343 0.03200 -0.03747
v 0.06358 0.03200 0.03577
v 0.06355 0.03200 0.03747
v 0.06306 0.03148 0.05030
v 0.06337 0.03163 0.05064
v 0.06347 0.03300 -0.03647
v 0.06242 0.03300 0.03490
v 0.06308 0.03339 0.04901
v 0.06327 0.03282 0.04985
v 0.06333 0.03448 0.03794
v 0.06328 0.03450 0.04648
v 0.06326 0.03443 0.04705
v 0.06329 0.03413 0.04823
v 0.06345 0.03365 0.04933
v 0.06367 -0.01350 -0.03489
v 0.06362 -0.01367 -0.02095
v 0.06427 -0.01122 -0.04373
v 0.06422 -0.01120 0.04373
v 0.06427 -0.01010 -0.04346
v 0.06367 -0.01010 -0.03489
v 0.06433 -0.01010 0.04344
v 0.06412 -0.01050 0.04799
v 0.06423 0.01750 -0.04635
v 0.06410 0.01750 -0.04240
v 0.06436 0.01750 0.04233
v 0.06403 0.01750 0.04625
v 0.06412 0.01750 0.04799
v 0.06400 0.01755 0.04949
v 0.06410 0.01760 0.05099
v 0.06423 0.01950 -0.04635
v 0.06411 0.01985 -0.04238
v 0.06422 0.01978 0.04237
v 0.06403 0.01950 0.04625
v 0.06462 0.02050 -0.04152
v 0.06429 0.02050 0.03749
v 0.06409 0.02050 0.03922
v 0.06468 0.02050 0.04063
v 0.06410 0.02050 0.04168
v 0.06467 0.02670 0.03775
v 0.06461 0.02670 0.04867
v 0.06366 0.02955 0.03773
v 0.06462 0.03087 0.04866
v 0.06447 0.03209 0.03761
v 0.06459 0.03207 0.04740
v 0.06463 0.03182 0.04834
v 0.06474 0.03256 0.03775
v 0.06467 0.03253 0.04738
v 0.06368 0.03470 0.03773
v 0.06500 -0.01450 -0.02050
v 0.06500 -0.01450 0.02050
v 0.06500 -0.01400 -0.02100
v 0.06500 -0.01400 0.02100
v 0.06500 -0.01150 -0.04700
v 0.06545 -0.01130 -0.04367
v 0.06481 -0.01100 -0.04318
v 0.06519 -0.01100 0.04318
v 0.06545 -0.01133 0.04371
v 0.06500 -0.01150 0.04700
v 0.06588 -0.01050 -0.04799
v 0.06549 -0.01010 -0.04333
v 0.06481 -0.01010 -0.04318
v 0.06519 -0.01010 0.04318
v 0.06566 -0.01010 0.04342
v 0.06551 0.01675 0.04950
v 0.06540 0.01677 0.05100
v 0.06588 0.01750 -0.04799
v 0.06547 0.01750 -0.04640
v 0.06563 0.01750 -0.04240
v 0.06543 0.01750 0.04228
v 0.06533 0.01750 0.04642
v 0.06490 0.01694 0.04950
v 0.06498 0.01690 0.05100
v 0.06562 0.01950 -0.04636
v 0.06561 0.01977 -0.04235
v 0.06537 0.01987 0.04217
v 0.06533 0.01950 0.04642
v 0.06543 0.02050 -0.04154
v 0.06543 0.02050 0.04153
v 0.06539 0.02670 0.04944
v 0.06533 0.03074 0.04943
v 0.06507 0.03192 0.04891
v 0.06539 0.03138 0.04936
v 0.06527 0.03306 0.03775
v 0.06525 0.03303 0.04737
v 0.06547 0.03262 0.04855
v 0.06638 -0.01367 0.02095
v 0.06625 -0.01119 -0.04390
v 0.06626 -0.01120 0.04390
v 0.06623 -0.01010 -0.04369
v 0.06624 -0.01010 0.04370
v 0.06607 0.01670 0.04949
v 0.06606 0.01670 0.05099
v 0.06659 0.01750 -0.04572
v 0.06695 0.01750 -0.04493
v 0.06677 0.01750 -0.04367
v 0.06692 0.01750 -0.04291
v 0.06639 0.01750 0.04274
v 0.06684 0.01750 0.04386
v 0.06685 0.01750 0.04526
v 0.06641 0.01750 0.04591
v 0.06659 0.01950 -0.04572
v 0.06695 0.01950 -0.04493
v 0.06673 0.01950 -0.04360
v 0.06692 0.02000 -0.04291
v 0.06633 0.01984 0.04260
v 0.06685 0.01950 0.04390
v 0.06685 0.01950 0.04526
v 0.06641 0.01950 0.04591
v 0.06673 0.02050 -0.04205
v 0.06612 0.02050 -0.03748
v 0.06634 0.02050 0.04182
v 0.06704 0.02050 0.04230
v 0.06612 0.03200 -0.03748
v 0.06657 0.03200 0.03747
v 0.06653 0.03300 0.03647
v 0.06821 -0.01371 -0.02075
v 0.06828 0.01670 0.04939
v 0.06740 0.01670 0.05094
v 0.06769 0.01750 -0.04792
v 0.06750 0.01750 -0.04443
v 0.06736 0.01750 -0.04367
v 0.06737 0.01750 0.04371
v 0.06747 0.01750 0.04490
v 0.06726 0.01750 0.04795
v 0.06769 0.01879 -0.04792
v 0.06726 0.01879 0.04795
v 0.06820 0.01950 -0.04789
v 0.06763 0.02000 -0.04672
v 0.06750 0.02000 -0.04443
v 0.06736 0.02000 -0.04367
v 0.06737 0.02000 0.04371
v 0.06747 0.02000 0.04490
v 0.06735 0.02000 0.04673
v 0.06777 0.01950 0.04792
v 0.06814 0.02050 -0.04689
v 0.06800 0.02050 -0.04441
v 0.06793 0.02050 -0.04386
v 0.06761 0.02050 -0.04268
v 0.06765 0.02050 0.04310
v 0.06797 0.02050 0.04405
v 0.06797 0.02050 0.04496
v 0.06784 0.02050 0.04691
v 0.06783 0.03100 -0.03739
v 0.06796 0.03100 -0.03513
v 0.06805 0.03100 -0.03408
v 0.06804 0.03100 -0.03341
v 0.06828 0.03070 0.04939
v 0.06740 0.03020 0.05094
v 0.06783 0.03200 -0.03739
v 0.06821 0.03200 -0.03525
v 0.06826 0.03200 -0.03405
v 0.06773 0.03300 -0.03640
v 0.06758 0.03300 -0.03490
v 0.06769 0.03300 -0.03402
v 0.06804 0.03300 -0.03341
v 0.06779 0.03320 0.03765
v 0.06737 0.03320 0.04694
v 0.06779 0.03470 0.03765
v 0.06833 0.03470 0.04638
v 0.06840 0.03461 0.04726
v 0.06931 -0.01720 0.01253
v 0.06874 -0.01720 0.01375
v 0.06916 -0.01720 0.01497
v 0.06900 -0.01450 -0.02011
v 0.06931 -0.01450 0.01253
v 0.06874 -0.01450 0.01375
v 0.06921 -0.01450 0.01503
v 0.06900 -0.01450 0.02011
v 0.06910 -0.01400 -0.02060
v 0.06910 -0.01400 0.02060
v 0.06905 0.01900 -0.04224
v 0.06898 0.01900 -0.04094
v 0.06950 0.01900 -0.03968
v 0.06916 0.01900 0.04029
v 0.06896 0.01900 0.04175
v 0.06917 0.01900 0.04257
v 0.06905 0.02000 -0.04224
v 0.06898 0.02000 -0.04094
v 0.06932 0.02000 -0.04001
v 0.06935 0.02000 0.03995
v 0.06896 0.02000 0.04175
v 0.06917 0.02000 0.04257
v 0.06891 0.01950 0.04784
v 0.06903 0.02050 -0.04336
v 0.06862 0.02050 -0.04252
v 0.06844 0.02050 -0.04148
v 0.06864 0.02050 -0.04030
v 0.06915 0.02050 -0.03932
v 0.06943 0.02050 0.03899
v 0.06868 0.02050 0.04024
v 0.06846 0.02050 0.04177
v 0.06871 0.02050 0.04276
v 0.06931 0.02050 0.04373
v 0.06899 0.03100 -0.03609
v 0.06866 0.03100 -0.03589
v 0.06905 0.03100 -0.03315
v 0.06865 0.03054 0.05083
v 0.06899 0.03200 -0.03609
v 0.06866 0.03200 -0.03589
v 0.06922 0.03200 -0.03328
v 0.06863 0.03192 0.05053
v 0.06878 0.03300 -0.03287
v 0.06858 0.03304 0.04983
v 0.06848 0.03415 0.04849
v 0.07041 -0.01720 0.01189
v 0.07048 -0.01720 0.01584
v 0.07041 -0.01450 0.01189
v 0.07048 -0.01450 0.01584
v 0.07072 -0.01350 -0.03444
v 0.06985 -0.01350 0.03457
v 0.06961 -0.01150 -0.04677
v 0.06961 -0.01150 0.04677
v 0.06971 -0.01050 -0.04777
v 0.07072 -0.01010 -0.03444
v 0.06985 -0.01010 0.03457
v 0.06979 0.01900 -0.04351
v 0.07061 0.01900 -0.03873
v 0.07002 0.01900 0.03912
v 0.07003 0.01900 0.04373
v 0.07027 0.02000 -0.04386
v 0.07061 0.02000 -0.03873
v 0.07002 0.02000 0.03912
v 0.07003 0.02000 0.04373
v 0.07053 0.02050 -0.04462
v 0.06970 0.02050 -0.04411
v 0.06976 0.02050 -0.03868
v 0.07052 0.02050 -0.03823
v 0.06998 0.02050 -0.03717
v 0.07023 0.02050 0.03837
v 0.07018 0.02050 0.04445
v 0.06994 0.03100 -0.03611
v 0.07079 0.03100 -0.03557
v 0.07069 0.03100 -0.03370
v 0.07006 0.03100 -0.03296
v 0.07048 0.03098 0.04917
v 0.06994 0.03200 -0.03612
v 0.07079 0.03200 -0.03557
v 0.07069 0.03200 -0.03370
v 0.07014 0.03200 -0.03331
v 0.07045 0.03187 0.04889
v 0.07000 0.03300 -0.03277
v 0.07080 0.03300 0.03604
v 0.07017 0.03320 0.04671
v 0.07031 0.03301 0.04766
v 0.07040 0.03247 0.04847
v 0.07129 -0.01720 0.01194
v 0.07151 -0.01720 0.01571
v 0.07129 -0.01450 0.01194
v 0.07151 -0.01450 0.01571
v 0.07090 -0.01375 0.02015
v 0.07119 -0.01125 -0.04356
v 0.07122 -0.01123 0.04354
v 0.07116 -0.01010 -0.04331
v 0.07118 -0.01010 0.04331
v 0.07106 -0.01050 0.04762
v 0.07101 0.01900 -0.04427
v 0.07145 0.01900 -0.03846
v 0.07131 0.01900 0.03849
v 0.07132 0.01900 0.04436
v 0.07106 0.01950 -0.04762
v 0.07101 0.02000 -0.04427
v 0.07145 0.02000 -0.03846
v 0.07131 0.02000 0.03849
v 0.07132 0.02000 0.04436
v 0.07106 0.01950 0.04762
v 0.07147 0.02050 -0.04489
v 0.07136 0.02050 -0.03797
v 0.07122 0.02050 0.03799
v 0.07124 0.02050 0.04485
v 0.07093 0.02050 0.04662
v 0.07180 0.03100 -0.03688
v 0.07105 0.03100 -0.03495
v 0.07136 0.03100 -0.03431
v 0.07102 0.03100 -0.03333
v 0.07180 0.03200 -0.03688
v 0.07105 0.03200 -0.03495
v 0.07101 0.03200 -0.03429
v 0.07096 0.03200 0.03702
v 0.07175 0.03249 -0.03639
v 0.07170 0.03300 -0.03588
v 0.07152 0.03300 -0.03430
v 0.07102 0.03300 -0.03333
v 0.07297 -0.01720 -0.01353
v 0.07226 -0.01720 -0.01244
v 0.07228 -0.01720 -0.01113
v 0.07291 -0.01720 -0.01031
v 0.07236 -0.01720 0.01277
v 0.07272 -0.01720 0.01412
v 0.07233 -0.01720 0.01508
v 0.07285 -0.01450 -0.01894
v 0.07297 -0.01450 -0.01353
v 0.07224 -0.01450 -0.01239
v 0.07228 -0.01450 -0.01113
v 0.07291 -0.01450 -0.01031
v 0.07235 -0.01450 0.01276
v 0.07272 -0.01450 0.01412
v 0.07233 -0.01450 0.01508
v 0.07285 -0.01450 0.01894
v 0.07265 -0.01379 -0.01956
v 0.07304 -0.01400 0.01940
v 0.07281 -0.01050 -0.04736
v 0.07243 0.01670 0.05045
v 0.07244 0.01900 -0.04438
v 0.07236 0.01900 -0.03830
v 0.07230 0.01900 0.03831
v 0.07230 0.01900 0.04440
v 0.07281 0.01950 -0.04736
v 0.07244 0.02000 -0.04438
v 0.07236 0.02000 -0.03830
v 0.07230 0.02000 0.03831
v 0.07230 0.02000 0.04440
v 0.07268 0.01950 0.04738
v 0.07209 0.02050 -0.04646
v 0.07252 0.02050 -0.04487
v 0.07317 0.02050 -0.03762
v 0.07223 0.02050 -0.03680
v 0.07317 0.02050 0.03762
v 0.07237 0.02050 0.04490
v 0.07243 0.03020 0.05045
v 0.07223 0.03200 -0.03680
v 0.07258 0.03320 0.00200
v 0.07220 0.03320 0.00291
v 0.07210 0.03320 0.03707
v 0.07295 0.03320 0.04632
v 0.07210 0.03470 0.03707
v 0.07311 0.03466 0.04623
v 0.07258 0.03903 0.00196
v 0.07219 0.03890 0.00278
v 0.07283 0.04010 0.00188
v 0.07233 0.03989 0.00266
v 0.07287 0.04102 0.00219
v 0.07276 0.04095 0.00280
v 0.07380 -0.01720 -0.01387
v 0.07387 -0.01720 -0.00992
v 0.07380 -0.01450 -0.01387
v 0.07387 -0.01450 -0.00992
v 0.07417 -0.01373 -0.01889
v 0.07373 -0.01371 0.01910
v 0.07417 -0.01150 -0.04610
v 0.07417 -0.01150 0.04610
v 0.07436 -0.01050 0.04708
v 0.07323 0.01670 0.04881
v 0.07350 0.01900 -0.04419
v 0.07377 0.01900 -0.03808
v 0.07371 0.01900 0.03808
v 0.07343 0.01900 0.04420
v 0.07350 0.02000 -0.04419
v 0.07398 0.02000 -0.03808
v 0.07379 0.02000 0.03808
v 0.07343 0.02000 0.04420
v 0.07402 0.02050 -0.04613
v 0.07423 0.02050 -0.03756
v 0.07358 0.02050 0.03756
v 0.07323 0.03070 0.04881
v 0.07381 0.03067 0.05019
v 0.07376 0.03192 0.04990
v 0.07356 0.03320 0.00218
v 0.07391 0.03320 0.00354
v 0.07406 0.03320 0.00412
v 0.07359 0.03338 0.04894
v 0.07368 0.03270 0.04949
v 0.07333 0.03436 0.04750
v 0.07347 0.03394 0.04826
v 0.07357 0.03923 0.00218
v 0.07392 0.03923 0.00353
v 0.07407 0.03923 0.00411
v 0.07358 0.04041 0.00178
v 0.07426 0.04024 0.00345
v 0.07369 0.04151 0.00174
v 0.07362 0.04199 0.00258
v 0.07387 0.04217 0.00212
v 0.07507 -0.01720 -0.01361
v 0.07490 -0.01720 -0.01005
v 0.07504 -0.01450 -0.01363
v 0.07490 -0.01450 -0.01005
v 0.07524 -0.01100 -0.03338
v 0.07524 -0.01100 0.03338
v 0.07524 -0.01010 -0.03338
v 0.07524 -0.01010 0.03338
v 0.07477 0.01900 -0.04391
v 0.07506 0.01900 -0.03827
v 0.07554 0.01900 0.03852
v 0.07455 0.01900 0.04397
v 0.07483 0.01950 -0.04698
v 0.07476 0.02000 -0.04391
v 0.07506 0.02000 -0.03827
v 0.07554 0.02000 0.03852
v 0.07455 0.02000 0.04397
v 0.07466 0.02050 -0.04446
v 0.07506 0.02050 -0.04435
v 0.07525 0.02050 -0.03781
v 0.07538 0.02050 -0.03603
v 0.07466 0.02050 0.03762
v 0.07466 0.02050 0.04446
v 0.07485 0.02050 0.04596
v 0.07532 0.03098 0.04838
v 0.07526 0.03200 0.03607
v 0.07524 0.03209 0.04800
v 0.07529 0.03166 0.04823
v 0.07495 0.03320 0.00155
v 0.07536 0.03320 0.00316
v 0.07551 0.03320 0.00374
v 0.07441 0.03320 0.00547
v 0.07456 0.03320 0.00605
v 0.07497 0.03320 0.00763
v 0.07541 0.03320 0.00934
v 0.07556 0.03320 0.00993
v 0.07546 0.03320 0.01553
v 0.07550 0.03320 0.01565
v 0.07498 0.03300 0.03511
v 0.07481 0.03320 0.04597
v 0.07508 0.03278 0.04724
v 0.07495 0.03700 0.00154
v 0.07536 0.03700 0.00316
v 0.07551 0.03700 0.00374
v 0.07508 0.03826 0.00117
v 0.07523 0.03826 0.00175
v 0.07558 0.03826 0.00310
v 0.07442 0.03923 0.00547
v 0.07457 0.03923 0.00605
v 0.07500 0.03923 0.00770
v 0.07542 0.03923 0.00934
v 0.07557 0.03923 0.00992
v 0.07546 0.03890 0.01553
v 0.07550 0.03890 0.01565
v 0.07441 0.04024 0.00403
v 0.07484 0.04024 0.00571
v 0.07534 0.04024 0.00764
v 0.07554 0.03967 0.01551
v 0.07517 0.04182 0.00114
v 0.07491 0.04127 0.00157
v 0.07495 0.04087 0.00327
v 0.07510 0.04087 0.00385
v 0.07545 0.04087 0.00520
v 0.07494 0.04247 0.00169
v 0.07598 -0.01720 -0.01267
v 0.07611 -0.01720 -0.01164
v 0.07572 -0.01720 -0.01068
v 0.07639 -0.01450 -0.01705
v 0.07598 -0.01450 -0.01267
v 0.07611 -0.01450 -0.01164
v 0.07572 -0.01450 -0.01068
v 0.07639 -0.01450 0.01705
v 0.07667 -0.01400 -0.01746
v 0.07667 -0.01400 0.01746
v 0.07671 -0.01350 0.03289
v 0.07619 -0.01124 -0.04248
v 0.07572 -0.01150 -0.03323
v 0.07631 -0.01150 0.03302
v 0.07599 -0.01117 0.04250
v 0.07609 -0.01010 -0.04226
v 0.07596 -0.01010 0.04234
v 0.07616 0.01900 -0.04303
v 0.07622 0.01900 -0.03912
v 0.07649 0.01900 0.03950
v 0.07669 0.01900 0.04218
v 0.07584 0.01900 0.04334
v 0.07568 0.02000 -0.04347
v 0.07631 0.02000 -0.04283
v 0.07656 0.02000 -0.03963
v 0.07622 0.02000 -0.03912
v 0.07649 0.02000 0.03950
v 0.07669 0.02000 0.03989
v 0.07669 0.02000 0.04218
v 0.07584 0.02000 0.04334
v 0.07642 0.01950 0.04662
v 0.07599 0.02050 -0.04570
v 0.07601 0.02050 -0.04384
v 0.07674 0.02050 -0.04311
v 0.07679 0.02050 -0.03905
v 0.07596 0.02050 -0.03822
v 0.07562 0.02050 0.03799
v 0.07649 0.02050 0.03868
v 0.07598 0.02050 0.04382
v 0.07590 0.03200 -0.03588
v 0.07561 0.03300 -0.03492
v 0.07595 0.03320 0.00542
v 0.07637 0.03320 0.00703
v 0.07652 0.03320 0.00761
v 0.07598 0.03320 0.01153
v 0.07679 0.03320 0.01467
v 0.07629 0.03320 0.01638
v 0.07594 0.03320 0.01710
v 0.07633 0.03320 0.03601
v 0.07569 0.03320 0.04577
v 0.07633 0.03470 0.03601
v 0.07595 0.03700 0.00541
v 0.07637 0.03700 0.00703
v 0.07652 0.03700 0.00761
v 0.07573 0.03826 0.00368
v 0.07617 0.03826 0.00536
v 0.07659 0.03826 0.00698
v 0.07674 0.03826 0.00756
v 0.07573 0.03937 0.00100
v 0.07588 0.03937 0.00158
v 0.07631 0.03937 0.00325
v 0.07673 0.03937 0.00487
v 0.07600 0.03923 0.01157
v 0.07679 0.03910 0.01467
v 0.07626 0.03907 0.01630
v 0.07594 0.03890 0.01704
v 0.07672 0.04018 0.00074
v 0.07576 0.04024 0.00926
v 0.07591 0.04024 0.00984
v 0.07634 0.04024 0.01151
v 0.07624 0.04010 0.01631
v 0.07611 0.04002 0.01701
v 0.07583 0.04190 0.00097
v 0.07585 0.04110 0.00304
v 0.07600 0.04110 0.00362
v 0.07620 0.04104 0.00542
v 0.07595 0.04087 0.00714
v 0.07610 0.04087 0.00772
v 0.07645 0.04087 0.00908
v 0.07661 0.04087 0.00966
v 0.07632 0.04125 0.01547
v 0.07653 0.04101 0.01623
v 0.07657 0.04110 0.01685
v 0.07586 0.04234 0.00107
v 0.07600 0.04280 0.00162
v 0.07754 -0.01350 -0.03258
v 0.07767 -0.01365 0.01674
v 0.07696 -0.01150 -0.04234
v 0.07728 -0.01125 -0.04154
v 0.07753 -0.01126 -0.04016
v 0.07754 -0.01150 -0.03258
v 0.07751 -0.01125 0.04021
v 0.07723 -0.01125 0.04164
v 0.07684 -0.01150 0.04244
v 0.07717 -0.01010 -0.04122
v 0.07727 -0.01010 -0.04015
v 0.07726 -0.01010 0.04017
v 0.07696 -0.01010 0.04160
v 0.07788 -0.01050 0.04624
v 0.07739 0.01670 0.04947
v 0.07681 0.01900 -0.04185
v 0.07685 0.01900 -0.04041
v 0.07690 0.01900 0.04073
v 0.07681 0.02000 -0.04185
v 0.07685 0.02000 -0.04041
v 0.07690 0.02000 0.04073
v 0.07760 0.01950 0.04632
v 0.07707 0.02050 -0.04249
v 0.07741 0.02050 -0.04113
v 0.07726 0.02050 -0.04002
v 0.07744 0.02050 0.03003
v 0.07706 0.02050 0.03952
v 0.07738 0.02050 0.04058
v 0.07738 0.02050 0.04152
v 0.07707 0.02050 0.04255
v 0.07739 0.03020 0.04947
v 0.07695 0.03320 0.00929
v 0.07745 0.03320 0.01123
v 0.07776 0.03320 0.01442
v 0.07701 0.03331 0.01642
v 0.07726 0.03370 0.01635
v 0.07778 0.03466 0.04517
v 0.07695 0.03700 0.00929
v 0.07745 0.03700 0.01122
v 0.07777 0.03671 0.01442
v 0.07717 0.03826 0.00923
v 0.07767 0.03826 0.01117
v 0.07688 0.03937 0.00545
v 0.07723 0.03937 0.00681
v 0.07738 0.03937 0.00739
v 0.07781 0.03937 0.00905
v 0.07681 0.03938 0.01466
v 0.07726 0.03880 0.01635
v 0.07792 0.04057 0.00043
v 0.07687 0.04018 0.00132
v 0.07729 0.04018 0.00294
v 0.07772 0.04018 0.00462
v 0.07787 0.04018 0.00520
v 0.07714 0.04024 0.01458
v 0.07712 0.04015 0.01621
v 0.07685 0.04110 0.00691
v 0.07700 0.04110 0.00749
v 0.07743 0.04110 0.00916
v 0.07785 0.04110 0.01078
v 0.07702 0.04087 0.01125
v 0.07736 0.04143 0.01478
v 0.07737 0.04150 0.01616
v 0.07687 0.04150 0.01697
v 0.07765 0.04235 0.01536
v 0.07768 0.04220 0.01658
v 0.07806 -0.01369 -0.01644
v 0.07864 -0.01150 -0.04498
v 0.07864 -0.01150 0.04498
v 0.07809 0.01670 0.04774
v 0.07851 0.01950 -0.04606
v 0.07814 0.02050 -0.03512
v 0.07874 0.02050 0.03316
v 0.07870 0.02050 0.04496
v 0.07809 0.03070 0.04774
v 0.07887 0.03067 0.04903
v 0.07814 0.03200 -0.03512
v 0.07879 0.03192 0.04875
v 0.07813 0.03320 0.01587
v 0.07903 0.03300 0.03369
v 0.07840 0.03320 0.04505
v 0.07853 0.03338 0.04781
v 0.07868 0.03270 0.04835
v 0.07813 0.03436 0.04640
v 0.07834 0.03394 0.04715
v 0.07814 0.03669 0.01587
v 0.07815 0.03826 0.01432
v 0.07852 0.03826 0.01577
v 0.07824 0.03937 0.01068
v 0.07839 0.03937 0.01126
v 0.07893 0.03940 0.01412
v 0.07862 0.04054 0.00056
v 0.07842 0.04057 0.00237
v 0.07857 0.04057 0.00295
v 0.07892 0.04057 0.00431
v 0.07907 0.04057 0.00489
v 0.07829 0.04018 0.00682
v 0.07879 0.04018 0.00875
v 0.07838 0.04056 0.01607
v 0.07800 0.04110 0.01136
v 0.07873 0.04110 0.01417
v 0.07884 0.04132 0.01580
v 0.07853 0.04257 0.01519
v 0.07865 0.04246 0.01611
v 0.07950 -0.01450 -0.01450
v 0.07950 -0.01450 0.01450
v 0.07985 -0.01400 -0.01485
v 0.07985 -0.01400 0.01485
v 0.07957 -0.01050 -0.04574
v 0.07957 0.01950 -0.04574
v 0.08005 0.01950 -0.04558
v 0.07981 0.02050 -0.04461
v 0.07932 0.02050 0.03456
v 0.08006 0.03100 0.04712
v 0.08006 0.03200 -0.03434
v 0.07942 0.03200 0.03462
v 0.07994 0.03209 0.04675
v 0.08001 0.03166 0.04697
v 0.07966 0.03300 -0.03343
v 0.08040 0.03320 0.03446
v 0.07931 0.03320 0.04477
v 0.07972 0.03276 0.04604
v 0.08004 0.03473 0.03462
v 0.08036 0.03506 0.03448
v 0.07930 0.03940 0.01557
v 0.08032 0.03997 -0.00019
v 0.07932 0.04050 0.00069
v 0.07967 0.04050 0.00205
v 0.07982 0.04050 0.00263
v 0.08025 0.04050 0.00427
v 0.07950 0.04057 0.00653
v 0.07992 0.04057 0.00818
v 0.08007 0.04057 0.00876
v 0.07922 0.04018 0.01043
v 0.07937 0.04018 0.01101
v 0.07994 0.04016 0.01386
v 0.08032 0.04016 0.01531
v 0.07953 0.04190 0.01551
v 0.07947 0.04264 0.01504
v 0.07975 0.04277 0.01599
v 0.08133 -0.01368 -0.01321
v 0.08101 -0.01368 0.01359
v 0.08116 -0.01123 -0.03095
v 0.08112 -0.01127 0.03097
v 0.08136 -0.01010 -0.03084
v 0.08136 -0.01010 0.03084
v 0.08089 0.01950 0.04529
v 0.08082 0.02050 -0.03818
v 0.08150 0.02050 -0.03654
v 0.08068 0.02050 0.04431
v 0.08107 0.03320 0.04417
v 0.08096 0.03939 -0.00035
v 0.08111 0.03939 0.00023
v 0.08146 0.03939 0.00158
v 0.08047 0.03997 0.00039
v 0.08089 0.03997 0.00204
v 0.08140 0.03997 0.00398
v 0.08067 0.04050 0.00592
v 0.08082 0.04050 0.00650
v 0.08117 0.04050 0.00786
v 0.08132 0.04050 0.00844
v 0.08050 0.04057 0.01041
v 0.08122 0.04057 0.01352
v 0.08160 0.04057 0.01498
v 0.08205 -0.01450 -0.01139
v 0.08205 -0.01450 0.01139
v 0.08246 -0.01400 -0.01167
v 0.08246 -0.01400 0.01167
v 0.08223 0.01670 0.04799
v 0.08230 0.01950 -0.04478
v 0.08245 0.02050 0.04364
v 0.08223 0.03020 0.04799
v 0.08183 0.03320 -0.00058
v 0.08198 0.03320 0.00000
v 0.08240 0.03320 0.00162
v 0.08227 0.03475 0.04285
v 0.08254 0.03469 0.04375
v 0.08278 0.03436 0.04482
v 0.08238 0.03500 0.04238
v 0.08278 0.03495 0.04339
v 0.08183 0.03700 -0.00058
v 0.08198 0.03700 0.00000
v 0.08240 0.03700 0.00162
v 0.08161 0.03827 -0.00052
v 0.08176 0.03827 0.00006
v 0.08218 0.03827 0.00168
v 0.08261 0.03827 0.00335
v 0.08276 0.03827 0.00393
v 0.08161 0.03939 0.00217
v 0.08196 0.03939 0.00352
v 0.08211 0.03939 0.00410
v 0.08246 0.03939 0.00546
v 0.08261 0.03939 0.00604
v 0.08257 0.03890 0.04266
v 0.08182 0.03997 0.00562
v 0.08197 0.03997 0.00620
v 0.08240 0.03997 0.00785
v 0.08175 0.04050 0.01008
v 0.08256 0.04051 0.01318
v 0.08262 0.04016 0.04217
v 0.08394 -0.01450 -0.00785
v 0.08394 -0.01450 0.00784
v 0.08384 -0.01350 -0.02939
v 0.08381 -0.01373 -0.00934
v 0.08359 -0.01371 0.00978
v 0.08309 -0.01350 0.02986
v 0.08299 -0.01150 -0.04342
v 0.08299 -0.01150 0.04342
v 0.08337 -0.01050 -0.04435
v 0.08384 -0.01010 -0.02939
v 0.08309 -0.01010 0.02986
v 0.08283 0.01670 0.04618
v 0.08352 0.02050 -0.04320
v 0.08370 0.02050 -0.03251
v 0.08299 0.02050 0.04342
v 0.08283 0.03070 0.04618
v 0.08379 0.03070 0.04736
v 0.08370 0.03200 -0.03251
v 0.08338 0.03200 0.03269
v 0.08368 0.03192 0.04709
v 0.08350 0.03300 -0.03146
v 0.08344 0.03320 -0.00037
v 0.08379 0.03320 0.00098
v 0.08394 0.03320 0.00156
v 0.08284 0.03320 0.00329
v 0.08299 0.03320 0.00387
v 0.08340 0.03320 0.00549
v 0.08384 0.03320 0.00717
v 0.08399 0.03320 0.00775
v 0.08289 0.03300 0.03182
v 0.08385 0.03333 0.04279
v 0.08400 0.03314 0.04362
v 0.08358 0.03308 0.04636
v 0.08333 0.03471 0.04434
v 0.08336 0.03423 0.04506
v 0.08321 0.03504 0.04391
v 0.08284 0.03700 0.00329
v 0.08299 0.03700 0.00387
v 0.08340 0.03700 0.00549
v 0.08384 0.03700 0.00717
v 0.08399 0.03700 0.00775
v 0.08318 0.03827 0.00555
v 0.08368 0.03827 0.00749
v 0.08303 0.03939 0.00768
v 0.08346 0.03939 0.00933
v 0.08361 0.03939 0.00991
v 0.08333 0.03908 0.04397
v 0.08394 0.03903 0.04459
v 0.08282 0.03997 0.00949
v 0.08297 0.03997 0.01008
v 0.08381 0.03999 0.01286
v 0.08294 0.04051 0.01463
v 0.08293 0.04003 0.04309
v 0.08362 0.04025 0.04398
v 0.08333 0.04096 -0.00034
v 0.08367 0.04096 0.00101
v 0.08383 0.04096 0.00159
v 0.08400 0.04110 0.00299
v 0.08350 0.04168 0.04194
v 0.08344 0.04135 0.04256
v 0.08397 0.04094 0.04387
v 0.08511 -0.01450 -0.00400
v 0.08511 -0.01450 0.00400
v 0.08440 -0.01375 -0.00804
v 0.08440 -0.01400 0.00804
v 0.08489 -0.01127 -0.03768
v 0.08432 -0.01125 -0.03696
v 0.08447 -0.01117 0.03704
v 0.08474 -0.01150 0.03785
v 0.08508 -0.01010 -0.03748
v 0.08454 -0.01010 -0.03684
v 0.08465 -0.01010 0.03700
v 0.08442 -0.01050 0.04390
v 0.08481 0.01900 -0.03605
v 0.08479 0.01900 -0.03469
v 0.08511 0.01900 0.03385
v 0.08473 0.01900 0.03505
v 0.08495 0.01900 0.03647
v 0.08481 0.02000 -0.03605
v 0.08487 0.02000 -0.03443
v 0.08511 0.02000 0.03385
v 0.08473 0.02000 0.03505
v 0.08495 0.02000 0.03647
v 0.08443 0.01950 0.04389
v 0.08508 0.02050 -0.03762
v 0.08443 0.02050 -0.03651
v 0.08422 0.02050 -0.03525
v 0.08448 0.02050 -0.03399
v 0.08503 0.02050 -0.03308
v 0.08493 0.02050 0.03320
v 0.08438 0.02050 0.03428
v 0.08422 0.02050 0.03548
v 0.08448 0.02050 0.03667
v 0.08503 0.02050 0.03757
v 0.08473 0.03082 0.04539
v 0.08467 0.03030 0.04705
v 0.08462 0.03178 0.04514
v 0.08425 0.03227 0.04672
v 0.08455 0.03133 0.04697
v 0.08475 0.03320 -0.01941
v 0.08417 0.03320 -0.01867
v 0.08463 0.03320 -0.00169
v 0.08407 0.03320 -0.00116
v 0.08437 0.03320 0.00323
v 0.08487 0.03320 0.00519
v 0.08434 0.03320 0.00910
v 0.08449 0.03320 0.00968
v 0.08417 0.03342 0.04312
v 0.08442 0.03315 0.04385
v 0.08455 0.03254 0.04462
v 0.08474 0.03295 0.04620
v 0.08413 0.03370 0.04276
v 0.08473 0.03370 0.04364
v 0.08452 0.03438 0.04526
v 0.08454 0.03363 0.04579
v 0.08405 0.03507 0.04472
v 0.08434 0.03700 0.00910
v 0.08449 0.03700 0.00968
v 0.08468 0.03800 -0.01936
v 0.08415 0.03794 -0.01862
v 0.08458 0.03790 -0.00159
v 0.08407 0.03790 -0.00116
v 0.08411 0.03827 0.00916
v 0.08426 0.03827 0.00974
v 0.08478 0.03915 -0.01936
v 0.08426 0.03904 -0.01854
v 0.08471 0.03887 -0.00166
v 0.08415 0.03885 -0.00118
v 0.08482 0.03907 0.01259
v 0.08519 0.03907 0.01405
v 0.08419 0.03906 0.04279
v 0.08481 0.03903 0.04364
v 0.08454 0.03888 0.04498
v 0.08517 0.04034 -0.01944
v 0.08470 0.04016 -0.01893
v 0.08486 0.03998 -0.00158
v 0.08418 0.03999 0.01431
v 0.08477 0.04023 0.04256
v 0.08469 0.03996 0.04486
v 0.08507 0.04092 -0.01846
v 0.08429 0.04094 0.00328
v 0.08475 0.04096 0.00518
v 0.08505 0.04109 0.00685
v 0.08515 0.04110 0.00745
v 0.08442 0.04155 0.04366
v 0.08504 0.04108 0.04450
v 0.08465 0.04251 0.04164
v 0.08465 0.04241 0.04220
v 0.08494 0.04206 0.04337
v 0.08550 -0.01450 -0.00000
v 0.08568 -0.01371 -0.00363
v 0.08600 -0.01400 -0.00000
v 0.08598 -0.01371 0.00096
v 0.08560 -0.01400 0.00410
v 0.08527 -0.01371 0.00550
v 0.08580 -0.01125 -0.03809
v 0.08560 -0.01125 0.03804
v 0.08602 -0.01050 -0.04315
v 0.08596 -0.01010 -0.03787
v 0.08558 -0.01010 0.03777
v 0.08539 0.01900 -0.03721
v 0.08574 0.01900 -0.03311
v 0.08610 0.01900 0.03280
v 0.08580 0.01900 0.03763
v 0.08579 0.01950 -0.04326
v 0.08539 0.02000 -0.03721
v 0.08577 0.02000 -0.03309
v 0.08610 0.02000 0.03280
v 0.08580 0.02000 0.03763
v 0.08524 0.02050 -0.04242
v 0.08543 0.02050 -0.04009
v 0.08611 0.02050 -0.03845
v 0.08593 0.02050 -0.03833
v 0.08582 0.02050 -0.03238
v 0.08582 0.02050 0.03238
v 0.08579 0.02050 0.03824
v 0.08607 0.02050 0.04201
v 0.08575 0.03099 0.04494
v 0.08575 0.03065 0.04658
v 0.08561 0.03195 0.04479
v 0.08588 0.03168 0.04640
v 0.08544 0.03320 -0.01897
v 0.08585 0.03320 -0.01742
v 0.08630 0.03320 -0.01568
v 0.08568 0.03320 -0.01205
v 0.08579 0.03320 -0.01142
v 0.08578 0.03320 -0.01079
v 0.08588 0.03320 -0.00057
v 0.08525 0.03320 0.00031
v 0.08529 0.03320 0.00679
v 0.08544 0.03320 0.00737
v 0.08587 0.03320 0.00904
v 0.08570 0.03320 0.01237
v 0.08607 0.03320 0.01382
v 0.08550 0.03308 0.04429
v 0.08566 0.03255 0.04453
v 0.08589 0.03305 0.04600
v 0.08545 0.03370 0.04412
v 0.08579 0.03408 0.04569
v 0.08544 0.03600 -0.01897
v 0.08588 0.03600 -0.01730
v 0.08630 0.03600 -0.01568
v 0.08591 0.03600 -0.00055
v 0.08567 0.03520 0.04545
v 0.08545 0.03632 -0.01897
v 0.08588 0.03632 -0.01733
v 0.08631 0.03632 -0.01568
v 0.08579 0.03694 -0.00034
v 0.08527 0.03600 0.00026
v 0.08570 0.03650 0.01237
v 0.08607 0.03650 0.01382
v 0.08575 0.03776 -0.01905
v 0.08617 0.03776 -0.01743
v 0.08569 0.03803 -0.01205
v 0.08579 0.03790 -0.01142
v 0.08578 0.03802 -0.01079
v 0.08605 0.03819 -0.00026
v 0.08529 0.03722 0.00029
v 0.08547 0.03786 0.01242
v 0.08585 0.03786 0.01388
v 0.08586 0.03919 -0.01209
v 0.08588 0.03888 -0.01143
v 0.08597 0.03922 -0.01077
v 0.08567 0.03858 -0.00002
v 0.08530 0.03844 0.00030
v 0.08581 0.03893 0.04418
v 0.08584 0.03891 0.04547
v 0.08555 0.04019 -0.01962
v 0.08616 0.03981 -0.01145
v 0.08550 0.04061 -0.00196
v 0.08587 0.04023 -0.00007
v 0.08533 0.04066 0.00030
v 0.08576 0.04073 0.04237
v 0.08581 0.04002 0.04366
v 0.08561 0.04036 0.04511
v 0.08595 0.04140 -0.01953
v 0.08584 0.04171 -0.01885
v 0.08614 0.04123 -0.00245
v 0.08585 0.04149 -0.00180
v 0.08552 0.04097 0.00033
v 0.08527 0.04086 0.00680
v 0.08540 0.04090 0.00738
v 0.08575 0.04096 0.00905
v 0.08638 0.04110 0.01219
v 0.08595 0.04080 0.04195
v 0.08599 0.04080 0.04205
v 0.08553 0.04162 0.04423
v 0.08610 0.04094 0.04490
v 0.08609 0.04204 -0.00168
v 0.08596 0.04287 0.04141
v 0.08586 0.04260 0.04276
v 0.08606 0.04206 0.04385
v 0.08716 -0.01150 -0.04145
v 0.08711 -0.01124 -0.03796
v 0.08705 -0.01123 0.03795
v 0.08716 -0.01150 0.04145
v 0.08717 -0.01010 -0.03770
v 0.08706 -0.01010 0.03771
v 0.08738 0.01670 0.04415
v 0.08691 0.01670 0.04604
v 0.08656 0.01900 -0.03809
v 0.08693 0.01900 -0.03225
v 0.08687 0.01900 0.03229
v 0.08710 0.01900 0.03826
v 0.08675 0.02000 -0.03815
v 0.08693 0.02000 -0.03225
v 0.08687 0.02000 0.03229
v 0.08671 0.02000 0.03813
v 0.08658 0.01950 0.04287
v 0.08711 0.02050 -0.04148
v 0.08714 0.02050 -0.03878
v 0.08747 0.02050 -0.03126
v 0.08735 0.02050 0.03135
v 0.08664 0.02050 0.03865
v 0.08708 0.03200 0.03031
v 0.08714 0.03216 0.04427
v 0.08655 0.03162 0.04455
v 0.08701 0.03174 0.04598
v 0.08708 0.03300 -0.02906
v 0.08683 0.03320 -0.01953
v 0.08733 0.03320 -0.01760
v 0.08645 0.03320 -0.01510
v 0.08680 0.03320 -0.01374
v 0.08711 0.03320 -0.01253
v 0.08728 0.03320 -0.01137
v 0.08720 0.03320 -0.01001
v 0.08710 0.03320 -0.00907
v 0.08667 0.03320 0.01212
v 0.08650 0.03300 0.02950
v 0.08721 0.03285 0.04421
v 0.08641 0.03291 0.04440
v 0.08702 0.03305 0.04580
v 0.08696 0.03370 0.04422
v 0.08681 0.03396 0.04571
v 0.08645 0.03600 -0.01510
v 0.08680 0.03600 -0.01374
v 0.08710 0.03600 -0.01255
v 0.08728 0.03600 -0.01129
v 0.08722 0.03600 -0.01024
v 0.08710 0.03600 -0.00907
v 0.08685 0.03520 0.04559
v 0.08681 0.03700 -0.01961
v 0.08731 0.03700 -0.01769
v 0.08646 0.03632 -0.01510
v 0.08681 0.03632 -0.01374
v 0.08716 0.03666 -0.01256
v 0.08733 0.03667 -0.01154
v 0.08726 0.03659 -0.01029
v 0.08716 0.03672 -0.00908
v 0.08702 0.03826 -0.01971
v 0.08745 0.03826 -0.01804
v 0.08660 0.03776 -0.01575
v 0.08675 0.03776 -0.01517
v 0.08716 0.03776 -0.01359
v 0.08752 0.03786 -0.01234
v 0.08757 0.03779 -0.01188
v 0.08735 0.03735 -0.00975
v 0.08746 0.03786 -0.00916
v 0.08660 0.03786 -0.00130
v 0.08650 0.03795 -0.00083
v 0.08736 0.03835 0.04414
v 0.08715 0.03927 -0.01978
v 0.08690 0.03911 -0.01759
v 0.08732 0.03911 -0.01594
v 0.08748 0.03911 -0.01536
v 0.08736 0.03918 -0.00140
v 0.08675 0.03902 -0.00064
v 0.08693 0.03882 0.04417
v 0.08702 0.03892 0.04555
v 0.08756 0.04018 -0.01952
v 0.08663 0.04068 -0.01148
v 0.08713 0.04040 -0.00046
v 0.08673 0.04058 0.04283
v 0.08691 0.03997 0.04363
v 0.08684 0.04028 0.04524
v 0.08695 0.04161 -0.01995
v 0.08687 0.04116 -0.01236
v 0.08725 0.04143 -0.01153
v 0.08698 0.04114 -0.01066
v 0.08685 0.04187 -0.00252
v 0.08656 0.04174 -0.00222
v 0.08710 0.04099 -0.00018
v 0.08716 0.04109 0.00005
v 0.08662 0.04090 0.01213
v 0.08653 0.04080 0.04178
v 0.08709 0.04183 0.04410
v 0.08715 0.04121 0.04465
v 0.08701 0.04235 -0.01952
v 0.08747 0.04267 -0.01908
v 0.08716 0.04209 -0.00249
v 0.08712 0.04228 -0.00200
v 0.08713 0.04269 0.04239
v 0.08706 0.04227 0.04342
v 0.08873 -0.01350 0.02561
v 0.08873 -0.01010 0.02561
v 0.08763 -0.01050 0.04233
v 0.08798 0.01900 -0.03831
v 0.08775 0.01900 -0.03168
v 0.08803 0.01900 0.03156
v 0.08858 0.01900 0.03820
v 0.08798 0.02000 -0.03831
v 0.08775 0.02000 -0.03168
v 0.08812 0.02000 0.03151
v 0.08858 0.02000 0.03820
v 0.08801 0.01950 0.04212
v 0.08842 0.02050 -0.03875
v 0.08844 0.02050 -0.03083
v 0.08875 0.02050 -0.02902
v 0.08815 0.02050 0.03097
v 0.08831 0.02050 0.03874
v 0.08875 0.03200 -0.02902
v 0.08769 0.03199 0.04566
v 0.08773 0.03320 -0.01605
v 0.08788 0.03320 -0.01547
v 0.08833 0.03320 -0.01372
v 0.08873 0.03320 -0.01218
v 0.08830 0.03320 0.01169
v 0.08817 0.03326 0.04540
v 0.08831 0.03436 0.04530
v 0.08815 0.03520 0.04537
v 0.08773 0.03700 -0.01605
v 0.08788 0.03700 -0.01547
v 0.08831 0.03700 -0.01382
v 0.08873 0.03700 -0.01218
v 0.08871 0.03671 0.01159
v 0.08760 0.03826 -0.01746
v 0.08783 0.03781 -0.01607
v 0.08799 0.03786 -0.01550
v 0.08853 0.03826 -0.01388
v 0.08765 0.03791 -0.01150
v 0.08767 0.03808 -0.01023
v 0.08775 0.03937 -0.01956
v 0.08810 0.03937 -0.01821
v 0.08825 0.03937 -0.01763
v 0.08835 0.03895 -0.01599
v 0.08826 0.03864 -0.01557
v 0.08791 0.03911 -0.01367
v 0.08822 0.03908 -0.01233
v 0.08813 0.03879 -0.01161
v 0.08830 0.03909 -0.01028
v 0.08808 0.03893 -0.00932
v 0.08762 0.03943 -0.00167
v 0.08766 0.03877 0.04396
v 0.08820 0.03884 0.04530
v 0.08859 0.04018 -0.02040
v 0.08874 0.04018 -0.01982
v 0.08791 0.04018 -0.01816
v 0.08806 0.04018 -0.01758
v 0.08849 0.04018 -0.01593
v 0.08865 0.03962 -0.01258
v 0.08853 0.04025 -0.00180
v 0.08799 0.04071 -0.00076
v 0.08812 0.04062 0.01174
v 0.08821 0.04029 0.04491
v 0.08868 0.04190 -0.02043
v 0.08792 0.04182 -0.02023
v 0.08773 0.04198 -0.01258
v 0.08788 0.04198 -0.01056
v 0.08803 0.04102 -0.00046
v 0.08843 0.04103 0.01166
v 0.08821 0.04139 0.04412
v 0.08820 0.04100 0.04448
v 0.08868 0.04202 -0.02042
v 0.08824 0.04245 -0.02006
v 0.08800 0.04206 -0.01158
v 0.08814 0.04263 -0.00203
v 0.08817 0.04290 0.04032
v 0.08809 0.04217 0.04317
v 0.08937 -0.01350 -0.02500
v 0.08937 -0.01010 -0.02500
v 0.08934 0.01900 -0.03785
v 0.08911 0.01900 -0.03121
v 0.08988 0.01900 0.03124
v 0.08934 0.01900 0.03785
v 0.08956 0.01950 -0.04124
v 0.08934 0.02000 -0.03785
v 0.08911 0.02000 -0.03121
v 0.08988 0.02000 0.03124
v 0.08934 0.02000 0.03785
v 0.08972 0.02050 -0.03997
v 0.08961 0.02050 -0.03827
v 0.08942 0.02050 -0.03070
v 0.08940 0.02050 0.02507
v 0.08984 0.02050 0.03073
v 0.08961 0.02050 0.03827
v 0.08954 0.02050 0.04008
v 0.08888 0.03320 -0.01159
v 0.08933 0.03320 -0.00985
v 0.08908 0.03320 0.01304
v 0.08981 0.03300 0.02677
v 0.08886 0.03520 0.04507
v 0.08888 0.03700 -0.01159
v 0.08930 0.03700 -0.00997
v 0.08909 0.03671 0.01304
v 0.08895 0.03826 -0.01223
v 0.08910 0.03826 -0.01165
v 0.08954 0.03826 -0.00997
v 0.08909 0.03826 0.01149
v 0.08946 0.03826 0.01294
v 0.08886 0.03840 0.04507
v 0.08917 0.03937 -0.01405
v 0.08960 0.03937 -0.01240
v 0.08975 0.03937 -0.01182
v 0.08987 0.03940 0.01129
v 0.08897 0.03881 0.04499
v 0.08978 0.04057 -0.02071
v 0.08993 0.04057 -0.02013
v 0.08909 0.04018 -0.01846
v 0.08924 0.04018 -0.01788
v 0.08946 0.04005 -0.01620
v 0.08898 0.04018 -0.01402
v 0.08936 0.04019 -0.01257
v 0.08949 0.04019 -0.01175
v 0.08953 0.04025 -0.01013
v 0.08882 0.03977 -0.00951
v 0.08943 0.04067 -0.00232
v 0.08887 0.04020 0.04464
v 0.08890 0.04087 -0.01986
v 0.08925 0.04087 -0.01851
v 0.08940 0.04087 -0.01793
v 0.08983 0.04087 -0.01628
v 0.08961 0.04103 -0.00150
v 0.08893 0.04104 -0.00094
v 0.08993 0.04080 0.03984
v 0.08887 0.04284 -0.01970
v 0.08906 0.04267 -0.01292
v 0.08933 0.04266 -0.01168
v 0.08924 0.04267 -0.01041
v 0.08944 0.04287 -0.00172
v 0.09111 -0.01150 -0.03908
v 0.09111 -0.01150 0.03908
v 0.09056 -0.01050 0.04063
v 0.09030 0.01900 -0.03722
v 0.09053 0.01900 -0.03143
v 0.09114 0.01900 0.03176
v 0.09112 0.01900 0.03664
v 0.09024 0.01900 0.03726
v 0.09030 0.02000 -0.03722
v 0.09032 0.02000 -0.03136
v 0.09114 0.02000 0.03176
v 0.09112 0.02000 0.03664
v 0.09024 0.02000 0.03726
v 0.09056 0.01950 0.04063
v 0.09053 0.02050 -0.03946
v 0.09048 0.02050 -0.03088
v 0.09054 0.02050 -0.02774
v 0.09070 0.02050 0.02820
v 0.09082 0.02050 0.03101
v 0.09085 0.03100 0.02099
v 0.09107 0.03100 0.02233
v 0.09105 0.03200 -0.02697
v 0.09049 0.03200 0.02751
v 0.09036 0.03300 -0.02625
v 0.09086 0.03300 0.02095
v 0.09105 0.03300 0.02229
v 0.09012 0.03830 0.04266
v 0.09071 0.03840 0.04404
v 0.09017 0.03937 -0.01021
v 0.09024 0.03940 0.01274
v 0.09116 0.03924 0.04181
v 0.09111 0.04050 -0.02074
v 0.09035 0.04057 -0.01851
v 0.09067 0.04056 -0.01681
v 0.09041 0.04046 -0.01631
v 0.09009 0.04018 -0.01459
v 0.09024 0.04018 -0.01401
v 0.09053 0.04047 -0.01243
v 0.09048 0.04072 -0.01126
v 0.09064 0.04051 -0.01041
v 0.09088 0.04016 0.01103
v 0.09044 0.04061 0.04066
v 0.09088 0.04006 0.04135
v 0.09038 0.04110 -0.02025
v 0.09083 0.04110 -0.01853
v 0.09026 0.04087 -0.01463
v 0.09067 0.04091 -0.01369
v 0.09064 0.04082 -0.01236
v 0.09090 0.04090 -0.01005
v 0.09079 0.04105 -0.00262
v 0.09039 0.04109 -0.00202
v 0.09053 0.04290 -0.01330
v 0.09077 0.04290 -0.01178
v 0.09075 0.04290 -0.01025
v 0.09023 0.04290 0.03906
v 0.09093 0.04271 0.04014
v 0.09143 -0.01127 -0.03521
v 0.09144 -0.01129 0.03522
v 0.09203 -0.01050 -0.03966
v 0.09125 -0.01010 -0.03500
v 0.09128 -0.01010 0.03498
v 0.09171 0.01670 0.04167
v 0.09137 0.01670 0.04364
v 0.09123 0.01900 -0.03656
v 0.09216 0.01900 -0.03533
v 0.09237 0.01900 -0.03405
v 0.09195 0.01900 -0.03265
v 0.09168 0.01900 -0.03228
v 0.09200 0.01900 0.03273
v 0.09238 0.01900 0.03415
v 0.09206 0.01900 0.03555
v 0.09203 0.01950 -0.03966
v 0.09123 0.02000 -0.03656
v 0.09224 0.02000 -0.03505
v 0.09237 0.02000 -0.03405
v 0.09187 0.02000 -0.03253
v 0.09168 0.02000 -0.03228
v 0.09166 0.02000 0.03224
v 0.09208 0.02000 0.03289
v 0.09238 0.02000 0.03415
v 0.09206 0.02000 0.03555
v 0.09127 0.01950 0.04017
v 0.09165 0.02050 -0.03686
v 0.09196 0.02050 -0.03189
v 0.09130 0.02050 0.02429
v 0.09201 0.02050 0.02601
v 0.09128 0.02050 0.02961
v 0.09167 0.02050 0.03155
v 0.09239 0.02050 0.03241
v 0.09183 0.02050 0.03664
v 0.09125 0.02050 0.03899
v 0.09191 0.03100 0.01974
v 0.09136 0.03100 0.02090
v 0.09160 0.03100 0.02216
v 0.09160 0.03100 0.02293
v 0.09190 0.03200 0.02008
v 0.09134 0.03200 0.02098
v 0.09168 0.03200 0.02227
v 0.09130 0.03200 0.02429
v 0.09201 0.03200 0.02601
v 0.09194 0.03300 0.01954
v 0.09160 0.03300 0.02293
v 0.09153 0.03830 0.04179
v 0.09137 0.03840 0.04364
v 0.09124 0.03877 0.04192
v 0.09227 0.03997 -0.02101
v 0.09161 0.04050 -0.01881
v 0.09165 0.04054 -0.01706
v 0.09157 0.04058 -0.01642
v 0.09129 0.04057 -0.01490
v 0.09144 0.04057 -0.01432
v 0.09186 0.04057 -0.01270
v 0.09229 0.04057 -0.01103
v 0.09124 0.04018 -0.01014
v 0.09216 0.04057 0.01069
v 0.09126 0.04016 0.01248
v 0.09123 0.04110 -0.01695
v 0.09138 0.04110 -0.01637
v 0.09182 0.04110 -0.01470
v 0.09207 0.04110 -0.01370
v 0.09176 0.04106 -0.01272
v 0.09193 0.04106 -0.01125
v 0.09189 0.04106 -0.01021
v 0.09157 0.04110 -0.00310
v 0.09210 0.04131 0.04194
v 0.09222 0.04290 0.03770
v 0.09157 0.04217 0.04113
v 0.09340 -0.01350 0.02031
v 0.09340 -0.01010 0.02031
v 0.09307 0.01950 -0.03894
v 0.09257 0.02050 -0.03556
v 0.09288 0.02050 -0.03407
v 0.09267 0.02050 -0.03302
v 0.09352 0.02050 -0.03173
v 0.09317 0.02050 -0.02475
v 0.09338 0.02050 0.02709
v 0.09347 0.02050 0.03155
v 0.09279 0.02050 0.03341
v 0.09288 0.02050 0.03434
v 0.09267 0.02050 0.03539
v 0.09284 0.02050 0.03787
v 0.09296 0.03100 0.01968
v 0.09292 0.03100 0.02275
v 0.09354 0.03100 0.02433
v 0.09317 0.03200 -0.02475
v 0.09282 0.03200 0.01984
v 0.09288 0.03200 0.02275
v 0.09354 0.03200 0.02433
v 0.09328 0.03300 -0.02308
v 0.09317 0.03300 0.01935
v 0.09272 0.03300 0.02374
v 0.09313 0.03249 0.02404
v 0.09347 0.03827 -0.02166
v 0.09255 0.03830 0.04112
v 0.09319 0.03840 0.04249
v 0.09290 0.03939 -0.02121
v 0.09332 0.03939 -0.01956
v 0.09347 0.03939 -0.01898
v 0.09266 0.03895 0.04281
v 0.09269 0.03997 -0.01939
v 0.09284 0.03997 -0.01881
v 0.09318 0.04000 -0.01722
v 0.09270 0.04031 -0.01671
v 0.09261 0.04050 -0.01494
v 0.09304 0.04050 -0.01329
v 0.09319 0.04050 -0.01271
v 0.09354 0.04050 -0.01135
v 0.09244 0.04057 -0.01045
v 0.09350 0.04051 0.01035
v 0.09254 0.04057 0.01215
v 0.09247 0.04020 0.04252
v 0.09290 0.04110 -0.02090
v 0.09333 0.04080 0.03750
v 0.09352 0.04290 0.03672
v 0.09391 -0.01350 -0.01958
v 0.09391 -0.01010 -0.01958
v 0.09423 0.01750 -0.03258
v 0.09426 0.01750 -0.03172
v 0.09438 0.01750 -0.03066
v 0.09454 0.01750 0.03031
v 0.09437 0.01750 0.03163
v 0.09441 0.01750 0.03283
v 0.09448 0.02000 -0.03293
v 0.09423 0.01977 -0.03169
v 0.09430 0.01984 -0.03062
v 0.09451 0.01979 0.03028
v 0.09435 0.01968 0.03161
v 0.09441 0.02000 0.03283
v 0.09438 0.01950 0.03796
v 0.09377 0.02050 -0.03716
v 0.09469 0.02050 -0.03389
v 0.09417 0.02050 -0.03338
v 0.09369 0.02050 -0.03032
v 0.09421 0.02050 -0.02949
v 0.09471 0.02050 0.02270
v 0.09397 0.02050 0.02850
v 0.09418 0.02050 0.02952
v 0.09364 0.02050 0.03047
v 0.09394 0.02050 0.03299
v 0.09426 0.02050 0.03678
v 0.09386 0.03100 0.01990
v 0.09420 0.03100 0.02108
v 0.09396 0.03100 0.02222
v 0.09377 0.03200 0.02019
v 0.09419 0.03200 0.02101
v 0.09396 0.03200 0.02222
v 0.09370 0.03320 -0.02172
v 0.09385 0.03320 -0.02114
v 0.09427 0.03320 -0.01953
v 0.09470 0.03320 -0.01785
v 0.09394 0.03300 0.01969
v 0.09370 0.03700 -0.02172
v 0.09385 0.03700 -0.02114
v 0.09428 0.03700 -0.01947
v 0.09470 0.03700 -0.01785
v 0.09362 0.03827 -0.02108
v 0.09397 0.03827 -0.01973
v 0.09412 0.03827 -0.01915
v 0.09462 0.03795 -0.01761
v 0.09411 0.03906 -0.01739
v 0.09432 0.03939 -0.01569
v 0.09448 0.03939 -0.01511
v 0.09472 0.03924 0.03935
v 0.09449 0.03895 0.04157
v 0.09460 0.04054 -0.02134
v 0.09377 0.03997 -0.01521
v 0.09419 0.03997 -0.01359
v 0.09434 0.03997 -0.01301
v 0.09469 0.03997 -0.01165
v 0.09369 0.04050 -0.01077
v 0.09475 0.03999 0.01003
v 0.09388 0.04051 0.01180
v 0.09391 0.04061 0.03827
v 0.09440 0.04006 0.03892
v 0.09429 0.04020 0.04129
v 0.09436 0.04187 -0.02189
v 0.09405 0.04092 -0.02084
v 0.09389 0.04107 -0.01971
v 0.09410 0.04110 -0.01914
v 0.09480 0.04110 -0.01788
v 0.09428 0.04080 0.01195
v 0.09412 0.04228 -0.02172
v 0.09425 0.04278 -0.02122
v 0.09437 0.04239 0.01193
v 0.09427 0.04280 0.01223
v 0.09431 0.04271 0.03774
v 0.09482 -0.01150 -0.03633
v 0.09527 -0.01121 -0.03168
v 0.09557 -0.01117 -0.03081
v 0.09584 -0.01100 -0.01636
v 0.09584 -0.01100 0.01636
v 0.09569 -0.01128 0.03080
v 0.09534 -0.01126 0.03166
v 0.09482 -0.01150 0.03633
v 0.09545 -0.01050 -0.03710
v 0.09512 -0.01010 -0.03156
v 0.09544 -0.01010 -0.03073
v 0.09584 -0.01010 -0.01636
v 0.09584 -0.01010 0.01636
v 0.09551 -0.01010 0.03058
v 0.09510 -0.01010 0.03158
v 0.09576 0.01670 0.03878
v 0.09556 0.01670 0.04082
v 0.09521 0.01750 -0.03327
v 0.09483 0.01750 -0.03031
v 0.09531 0.01750 -0.02954
v 0.09528 0.01750 0.02956
v 0.09525 0.01750 0.03305
v 0.09524 0.01964 -0.03318
v 0.09483 0.01950 -0.03031
v 0.09529 0.01977 -0.02952
v 0.09528 0.01975 0.02956
v 0.09525 0.01950 0.03305
v 0.09492 0.02050 -0.02890
v 0.09577 0.02050 -0.02855
v 0.09590 0.02050 -0.02554
v 0.09570 0.02050 -0.02426
v 0.09596 0.02050 -0.02304
v 0.09553 0.02050 -0.02220
v 0.09589 0.02050 0.02126
v 0.09589 0.02050 0.02323
v 0.09572 0.02050 0.02443
v 0.09596 0.02050 0.02572
v 0.09503 0.02050 0.02883
v 0.09594 0.02050 0.03538
v 0.09584 0.03100 -0.01472
v 0.09564 0.03100 -0.01384
v 0.09571 0.03100 -0.01266
v 0.09593 0.03100 0.02121
v 0.09589 0.03200 -0.01381
v 0.09586 0.03200 -0.01314
v 0.09597 0.03200 0.02115
v 0.09572 0.03320 -0.02194
v 0.09580 0.03300 -0.01958
v 0.09485 0.03320 -0.01727
v 0.09520 0.03320 -0.01591
v 0.09572 0.03305 -0.01488
v 0.09557 0.03310 -0.01381
v 0.09555 0.03300 -0.01258
v 0.09516 0.03300 0.02056
v 0.09485 0.03700 -0.01727
v 0.09520 0.03700 -0.01591
v 0.09535 0.03700 -0.01533
v 0.09578 0.03700 -0.01369
v 0.09591 0.03810 -0.02167
v 0.09481 0.03756 -0.01726
v 0.09498 0.03827 -0.01586
v 0.09513 0.03827 -0.01527
v 0.09556 0.03827 -0.01362
v 0.09598 0.03827 -0.01198
v 0.09533 0.03830 0.03912
v 0.09558 0.03840 0.04081
v 0.09579 0.03888 -0.02165
v 0.09593 0.03868 -0.02154
v 0.09483 0.03939 -0.01375
v 0.09498 0.03939 -0.01317
v 0.09541 0.03939 -0.01150
v 0.09576 0.03907 0.00977
v 0.09481 0.03877 0.03947
v 0.09527 0.04002 -0.02129
v 0.09562 0.04051 -0.01993
v 0.09484 0.03997 -0.01107
v 0.09526 0.04038 0.01164
v 0.09526 0.04176 -0.02212
v 0.09496 0.04091 -0.01957
v 0.09562 0.04093 -0.01840
v 0.09531 0.04107 -0.01752
v 0.09584 0.04110 -0.01608
v 0.09593 0.04191 0.01153
v 0.09563 0.04131 0.03944
v 0.09524 0.04227 -0.02193
v 0.09552 0.04267 -0.02138
v 0.09538 0.04248 0.01180
v 0.09529 0.04277 0.01221
v 0.09599 0.04290 0.03467
v 0.09503 0.04217 0.03867
v 0.09691 -0.01350 0.01417
v 0.09646 -0.01130 -0.03047
v 0.09693 -0.01100 -0.02991
v 0.09607 -0.01150 -0.01591
v 0.09691 -0.01150 0.01417
v 0.09607 -0.01150 0.01591
v 0.09693 -0.01100 0.02991
v 0.09651 -0.01122 0.03038
v 0.09639 -0.01010 -0.03019
v 0.09693 -0.01010 -0.02991
v 0.09693 -0.01010 0.02991
v 0.09630 -0.01010 0.03021
v 0.09616 -0.01050 0.03651
v 0.09673 0.01750 -0.03345
v 0.09629 0.01750 -0.02925
v 0.09652 0.01750 0.02933
v 0.09621 0.01750 0.03345
v 0.09698 0.01750 0.03579
v 0.09676 0.01900 -0.02614
v 0.09624 0.01900 -0.02488
v 0.09636 0.01900 -0.02342
v 0.09676 0.01900 -0.02264
v 0.09668 0.01900 0.02275
v 0.09621 0.01900 0.02411
v 0.09643 0.01900 0.02553
v 0.09698 0.01879 0.03579
v 0.09606 0.01950 -0.03659
v 0.09693 0.01950 -0.03584
v 0.09639 0.02000 -0.03470
v 0.09673 0.01950 -0.03345
v 0.09651 0.01985 -0.02914
v 0.09676 0.02000 -0.02614
v 0.09624 0.02000 -0.02488
v 0.09639 0.02000 -0.02333
v 0.09676 0.02000 -0.02264
v 0.09668 0.02000 0.02275
v 0.09621 0.02000 0.02411
v 0.09643 0.02000 0.02553
v 0.09657 0.01969 0.02931
v 0.09621 0.01950 0.03345
v 0.09618 0.02000 0.03489
v 0.09636 0.01950 0.03634
v 0.09617 0.02050 -0.03518
v 0.09641 0.02050 -0.02847
v 0.09651 0.02050 -0.02662
v 0.09635 0.02050 -0.02235
v 0.09684 0.02050 -0.01981
v 0.09632 0.02050 0.02062
v 0.09626 0.02050 0.02247
v 0.09607 0.02050 0.02598
v 0.09659 0.02050 0.02703
v 0.09661 0.02050 0.02852
v 0.09718 0.02350 -0.02262
v 0.09677 0.03100 -0.01501
v 0.09622 0.03100 -0.01439
v 0.09636 0.03100 -0.01230
v 0.09658 0.03100 -0.01154
v 0.09684 0.03200 -0.01981
v 0.09695 0.03200 -0.01483
v 0.09622 0.03200 -0.01439
v 0.09639 0.03200 -0.01228
v 0.09674 0.03320 -0.02044
v 0.09707 0.03320 -0.01991
v 0.09652 0.03300 -0.01522
v 0.09620 0.03320 -0.01204
v 0.09649 0.03308 -0.01151
v 0.09664 0.03320 0.00954
v 0.09687 0.03320 0.01115
v 0.09620 0.03700 -0.01204
v 0.09635 0.03700 -0.01146
v 0.09664 0.03650 0.00954
v 0.09701 0.03650 0.01099
v 0.09674 0.03810 -0.02044
v 0.09707 0.03810 -0.01991
v 0.09613 0.03827 -0.01140
v 0.09641 0.03786 0.00960
v 0.09676 0.03799 0.01113
v 0.09714 0.03830 0.03765
v 0.09628 0.03840 0.04027
v 0.09715 0.03916 -0.02262
v 0.09663 0.03888 -0.02041
v 0.09704 0.03879 -0.01980
v 0.09631 0.03924 0.01131
v 0.09626 0.03895 0.04025
v 0.09694 0.04017 -0.02255
v 0.09644 0.03983 -0.01984
v 0.09646 0.04045 -0.01871
v 0.09694 0.04048 -0.01781
v 0.09716 0.04061 0.03559
v 0.09605 0.04020 0.03998
v 0.09654 0.04136 -0.02227
v 0.09640 0.04091 -0.01718
v 0.09686 0.04095 -0.01600
v 0.09614 0.04110 -0.01554
v 0.09684 0.04110 -0.01400
v 0.09659 0.04148 0.01138
v 0.09651 0.04080 0.03487
v 0.09656 0.04211 -0.02183
v 0.09647 0.04227 -0.02160
v 0.09651 0.04285 -0.01845
v 0.09660 0.04286 -0.01768
v 0.09684 0.04282 -0.01636
v 0.09644 0.04286 -0.01548
v 0.09668 0.04287 -0.01399
v 0.09651 0.04212 0.01174
v 0.09661 0.04290 0.03410
v 0.09726 -0.01350 -0.01336
v 0.09823 -0.01150 -0.03323
v 0.09729 -0.01150 -0.03026
v 0.09726 -0.01150 -0.01336
v 0.09832 -0.01120 -0.01043
v 0.09829 -0.01127 0.01050
v 0.09729 -0.01150 0.03026
v 0.09823 -0.01150 0.03323
v 0.09748 -0.01050 -0.03534
v 0.09838 -0.01010 -0.01024
v 0.09838 -0.01010 0.01024
v 0.09730 0.01750 -0.03550
v 0.09768 0.01750 -0.03305
v 0.09831 0.01750 -0.03223
v 0.09805 0.01750 -0.03025
v 0.09764 0.01750 -0.02944
v 0.09768 0.01750 0.02957
v 0.09831 0.01750 0.03070
v 0.09768 0.01750 0.03297
v 0.09730 0.01879 -0.03550
v 0.09773 0.01900 -0.02700
v 0.09729 0.01900 -0.02187
v 0.09780 0.01900 -0.02110
v 0.09809 0.01900 0.02077
v 0.09725 0.01900 0.02193
v 0.09746 0.01900 0.02681
v 0.09768 0.01950 -0.03305
v 0.09831 0.01950 -0.03223
v 0.09805 0.01950 -0.03025
v 0.09769 0.01987 -0.02947
v 0.09791 0.02000 -0.02708
v 0.09729 0.02000 -0.02187
v 0.09780 0.02000 -0.02110
v 0.09816 0.02000 0.02069
v 0.09725 0.02000 0.02193
v 0.09745 0.02000 0.02680
v 0.09766 0.01981 0.02951
v 0.09831 0.01950 0.03070
v 0.09744 0.01950 0.03316
v 0.09829 0.02050 -0.02908
v 0.09740 0.02050 -0.02862
v 0.09750 0.02050 -0.02744
v 0.09738 0.02050 -0.02082
v 0.09817 0.02050 -0.01996
v 0.09782 0.02050 -0.01865
v 0.09747 0.02050 0.02070
v 0.09724 0.02050 0.02728
v 0.09818 0.02050 0.02773
v 0.09816 0.02050 0.02899
v 0.09809 0.02268 -0.02285
v 0.09778 0.02279 -0.02278
v 0.09832 0.02282 -0.02283
v 0.09780 0.02319 -0.02264
v 0.09835 0.02300 0.01770
v 0.09786 0.03100 -0.01476
v 0.09791 0.03100 -0.01201
v 0.09782 0.03100 -0.01160
v 0.09771 0.03200 -0.01482
v 0.09791 0.03200 -0.01201
v 0.09725 0.03200 -0.01190
v 0.09793 0.03320 -0.01846
v 0.09789 0.03300 -0.01583
v 0.09800 0.03300 -0.01152
v 0.09799 0.03320 0.01127
v 0.09789 0.03311 0.01734
v 0.09799 0.03810 -0.01835
v 0.09819 0.03830 0.03673
v 0.09787 0.03840 0.03899
v 0.09787 0.03902 -0.02246
v 0.09785 0.03888 -0.01839
v 0.09822 0.03868 -0.01782
v 0.09799 0.03890 0.01124
v 0.09812 0.03896 0.03665
v 0.09799 0.03895 0.03885
v 0.09786 0.04016 -0.02229
v 0.09745 0.03973 -0.01833
v 0.09758 0.04001 -0.01758
v 0.09791 0.04026 -0.01641
v 0.09827 0.04049 -0.01516
v 0.09768 0.04011 0.01125
v 0.09770 0.04006 0.03619
v 0.09777 0.04020 0.03859
v 0.09747 0.04128 -0.02200
v 0.09751 0.04094 -0.01478
v 0.09800 0.04094 -0.01362
v 0.09764 0.04108 -0.01241
v 0.09788 0.04108 -0.01186
v 0.09735 0.04128 0.01153
v 0.09798 0.04223 -0.01931
v 0.09782 0.04248 -0.01842
v 0.09820 0.04233 -0.01712
v 0.09797 0.04239 -0.01631
v 0.09787 0.04249 -0.01518
v 0.09768 0.04272 -0.01354
v 0.09781 0.04282 -0.01251
v 0.09780 0.04287 -0.01162
v 0.09783 0.04248 0.03541
v 0.09928 -0.01350 -0.00659
v 0.09911 -0.01350 0.00746
v 0.09928 -0.01010 -0.00659
v 0.09911 -0.01010 0.00746
v 0.09894 -0.01050 0.03394
v 0.09951 0.01670 0.03549
v 0.09946 0.01670 0.03759
v 0.09845 0.01750 -0.03121
v 0.09850 0.01750 0.03001
v 0.09845 0.01750 0.03173
v 0.09915 0.01900 -0.02738
v 0.09885 0.01900 -0.02011
v 0.09905 0.01900 0.02737
v 0.09845 0.01950 -0.03121
v 0.09915 0.02000 -0.02738
v 0.09885 0.02000 -0.02011
v 0.09905 0.02000 0.02737
v 0.09850 0.02000 0.03001
v 0.09845 0.01950 0.03173
v 0.09852 0.02050 -0.02928
v 0.09868 0.02050 -0.02784
v 0.09898 0.02050 -0.01949
v 0.09941 0.02050 0.01552
v 0.09903 0.02050 0.01624
v 0.09930 0.02050 0.01771
v 0.09917 0.02050 0.01946
v 0.09914 0.02050 0.02787
v 0.09889 0.02050 0.02969
v 0.09856 0.02259 -0.02296
v 0.09943 0.02260 0.01553
v 0.09920 0.02259 0.01638
v 0.09929 0.02263 0.01754
v 0.09955 0.02259 0.01822
v 0.09858 0.02280 -0.02288
v 0.09856 0.02300 -0.02254
v 0.09891 0.02350 -0.02122
v 0.09954 0.02339 -0.02022
v 0.09954 0.02294 0.01539
v 0.09938 0.02291 0.01662
v 0.09952 0.02291 0.01764
v 0.09943 0.02558 0.01552
v 0.09925 0.02600 0.01633
v 0.09880 0.02620 0.01684
v 0.09920 0.02647 0.01672
v 0.09928 0.02647 0.01690
v 0.09880 0.03100 -0.01624
v 0.09871 0.03100 -0.01389
v 0.09859 0.03100 -0.01264
v 0.09880 0.03200 -0.01624
v 0.09871 0.03200 -0.01389
v 0.09860 0.03200 -0.01266
v 0.09895 0.03200 0.01593
v 0.09879 0.03320 -0.01684
v 0.09905 0.03320 -0.01629
v 0.09942 0.03300 -0.01214
v 0.09911 0.03300 0.01300
v 0.09910 0.03320 0.01674
v 0.09921 0.03320 0.01690
v 0.09879 0.03810 -0.01684
v 0.09905 0.03810 -0.01629
v 0.09940 0.03830 0.03559
v 0.09946 0.03840 0.03759
v 0.09891 0.03890 -0.02122
v 0.09952 0.03890 -0.02021
v 0.09868 0.03889 -0.01681
v 0.09904 0.03882 -0.01611
v 0.09954 0.03890 -0.01497
v 0.09934 0.04011 -0.02011
v 0.09869 0.03971 -0.01597
v 0.09898 0.03996 -0.01483
v 0.09905 0.04022 -0.01403
v 0.09932 0.04050 -0.01254
v 0.09942 0.04020 0.03712
v 0.09868 0.04148 -0.01972
v 0.09915 0.04141 -0.01873
v 0.09919 0.04150 -0.01729
v 0.09917 0.04140 -0.01591
v 0.09891 0.04173 -0.01555
v 0.09926 0.04173 -0.01419
v 0.09864 0.04090 -0.01233
v 0.09944 0.04092 -0.00966
v 0.09840 0.04110 -0.00958
v 0.09897 0.04110 -0.00731
v 0.09939 0.04110 -0.00501
v 0.09951 0.04110 0.00404
v 0.09911 0.04110 0.00663
v 0.09872 0.04109 0.00895
v 0.09945 0.04080 0.03197
v 0.09895 0.04131 0.03662
v 0.09870 0.04223 -0.01396
v 0.09901 0.04245 -0.01258
v 0.09931 0.04272 -0.01120
v 0.09897 0.04290 -0.01005
v 0.09928 0.04290 0.03150
v 0.09991 -0.01350 0.00044
v 0.10040 -0.01150 -0.02655
v 0.09998 -0.01100 -0.02628
v 0.10000 -0.01100 0.02625
v 0.10038 -0.01150 0.02658
v 0.09998 -0.01010 -0.02628
v 0.09991 -0.01010 0.00044
v 0.10000 -0.01010 0.02625
v 0.10079 0.01750 -0.03198
v 0.10050 0.01750 0.03230
v 0.10079 0.01879 -0.03198
v 0.10055 0.01900 -0.02706
v 0.10005 0.01900 -0.01973
v 0.09969 0.01900 0.01979
v 0.10033 0.01900 0.02716
v 0.10050 0.01879 0.03230
v 0.09989 0.02000 -0.03118
v 0.10026 0.02000 -0.02716
v 0.10005 0.02000 -0.01973
v 0.09969 0.02000 0.01979
v 0.10033 0.02000 0.02716
v 0.09970 0.02000 0.03139
v 0.10038 0.02050 -0.03094
v 0.09997 0.02050 -0.02779
v 0.10002 0.02050 -0.01923
v 0.09970 0.02050 -0.01487
v 0.09978 0.02050 -0.01402
v 0.10008 0.02050 0.01394
v 0.09990 0.02050 0.01874
v 0.10062 0.02050 0.01932
v 0.10024 0.02050 0.02772
v 0.10018 0.02050 0.03117
v 0.10053 0.02269 0.01287
v 0.10008 0.02250 0.01394
v 0.10000 0.02262 0.01880
v 0.10073 0.02264 0.01936
v 0.09991 0.02300 -0.02044
v 0.10000 0.02311 -0.01975
v 0.10030 0.02322 -0.01863
v 0.10041 0.02319 -0.01757
v 0.10027 0.02323 -0.01624
v 0.10040 0.02329 -0.01475
v 0.10074 0.02350 -0.01391
v 0.10066 0.02293 0.01288
v 0.09972 0.02299 0.01603
v 0.09974 0.02300 0.01741
v 0.10005 0.02293 0.01846
v 0.10078 0.02285 0.01926
v 0.10061 0.02571 0.01276
v 0.09971 0.02605 0.01619
v 0.09967 0.02630 0.01694
v 0.09965 0.02650 0.01707
v 0.09981 0.03100 -0.01395
v 0.10034 0.03100 -0.01255
v 0.10034 0.03200 -0.01255
v 0.10004 0.03200 0.01335
v 0.09974 0.03320 -0.01477
v 0.10050 0.03320 -0.01284
v 0.10059 0.03300 -0.00810
v 0.10040 0.03300 0.00891
v 0.09965 0.03320 0.01707
v 0.09978 0.03810 -0.01467
v 0.10049 0.03810 -0.01287
v 0.10005 0.03840 0.03704
v 0.10008 0.03890 -0.01879
v 0.10018 0.03890 -0.01726
v 0.10009 0.03890 -0.01627
v 0.10015 0.03886 -0.01476
v 0.10014 0.03886 -0.01408
v 0.10039 0.03889 -0.01283
v 0.09965 0.03895 0.03738
v 0.09972 0.04006 -0.01934
v 0.09994 0.04009 -0.01851
v 0.09995 0.04016 -0.01725
v 0.09990 0.04002 -0.01566
v 0.10016 0.04006 -0.01456
v 0.10005 0.03994 -0.01372
v 0.09999 0.03979 -0.01271
v 0.10030 0.04042 -0.00991
v 0.10055 0.04049 0.00853
v 0.10029 0.04063 0.03188
v 0.10046 0.04033 0.03290
v 0.10001 0.04112 -0.01389
v 0.10016 0.04173 -0.01279
v 0.10007 0.04092 -0.00700
v 0.10051 0.04092 -0.00429
v 0.09965 0.04110 -0.00268
v 0.10073 0.04092 -0.00155
v 0.09975 0.04110 -0.00035
v 0.10074 0.04092 0.00119
v 0.09969 0.04110 0.00199
v 0.10055 0.04092 0.00392
v 0.10014 0.04092 0.00663
v 0.09982 0.04087 0.00872
v 0.10031 0.04187 0.01014
v 0.10005 0.04223 -0.01201
v 0.10024 0.04273 -0.01044
v 0.10008 0.04287 -0.00926
v 0.10034 0.04290 -0.00684
v 0.10071 0.04290 -0.00456
v 0.10069 0.04290 0.00469
v 0.10032 0.04290 0.00698
v 0.09993 0.04290 0.00922
v 0.09996 0.04259 0.00988
v 0.10054 0.04267 0.03112
v 0.09990 0.04280 0.03189
v 0.10041 0.04257 0.03270
v 0.10133 -0.01150 -0.02982
v 0.10184 -0.01100 -0.01954
v 0.10184 -0.01100 0.01954
v 0.10133 -0.01150 0.02982
v 0.10184 -0.01010 -0.01954
v 0.10184 -0.01010 0.01954
v 0.10111 -0.01050 0.03163
v 0.10164 0.01900 -0.02612
v 0.10147 0.01900 -0.01995
v 0.10105 0.01900 0.01981
v 0.10156 0.01900 0.02623
v 0.10113 0.01950 -0.03160
v 0.10164 0.02000 -0.02612
v 0.10147 0.02000 -0.01995
v 0.10141 0.02000 0.01994
v 0.10156 0.02000 0.02623
v 0.10177 0.01950 0.03085
v 0.10100 0.01950 0.03175
v 0.10113 0.02050 -0.02730
v 0.10151 0.02050 -0.01947
v 0.10162 0.02050 -0.01628
v 0.10197 0.02050 -0.01477
v 0.10114 0.02050 -0.01090
v 0.10162 0.02050 -0.00810
v 0.10122 0.02050 0.01008
v 0.10166 0.02050 0.01540
v 0.10158 0.02050 0.01642
v 0.10197 0.02050 0.01737
v 0.10147 0.02050 0.01941
v 0.10161 0.02050 0.02687
v 0.10156 0.02280 0.00941
v 0.10145 0.02265 0.00992
v 0.10162 0.02300 -0.01620
v 0.10138 0.02300 -0.01480
v 0.10137 0.02308 -0.01369
v 0.10172 0.02332 -0.01303
v 0.10168 0.02326 0.00939
v 0.10177 0.02306 0.00989
v 0.10179 0.02300 0.01119
v 0.10093 0.02300 0.01253
v 0.10171 0.02300 0.01545
v 0.10164 0.02300 0.01629
v 0.10197 0.02300 0.01726
v 0.10089 0.02297 0.01906
v 0.10187 0.02300 0.03134
v 0.10172 0.02300 0.03289
v 0.10129 0.02300 0.03367
v 0.10150 0.02574 0.01161
v 0.10089 0.02580 0.01254
v 0.10178 0.02600 0.01551
v 0.10170 0.02600 0.01612
v 0.10198 0.02600 0.01711
v 0.10162 0.03200 -0.00810
v 0.10109 0.03200 0.01017
v 0.10129 0.03300 -0.00387
v 0.10150 0.03300 0.00042
v 0.10120 0.03300 0.00470
v 0.10185 0.03320 0.00819
v 0.10168 0.03320 0.00923
v 0.10196 0.03320 0.00961
v 0.10114 0.03810 -0.01090
v 0.10185 0.03821 0.00819
v 0.10189 0.03832 0.03159
v 0.10169 0.03830 0.03300
v 0.10129 0.03830 0.03367
v 0.10169 0.03890 -0.01298
v 0.10130 0.03868 -0.01019
v 0.10197 0.03868 -0.00737
v 0.10173 0.03885 0.00822
v 0.10170 0.03926 0.03169
v 0.10136 0.03920 0.03325
v 0.10125 0.03877 0.03364
v 0.10083 0.03968 -0.01367
v 0.10164 0.03967 -0.01292
v 0.10094 0.03964 -0.01009
v 0.10161 0.03964 -0.00730
v 0.10095 0.04042 -0.00717
v 0.10140 0.04042 -0.00439
v 0.10163 0.04042 -0.00159
v 0.10164 0.04042 0.00122
v 0.10143 0.04042 0.00402
v 0.10135 0.04003 0.00686
v 0.10140 0.03962 0.00831
v 0.10100 0.04011 0.00841
v 0.10096 0.04025 0.03158
v 0.10127 0.03995 0.03243
v 0.10137 0.04095 -0.01251
v 0.10151 0.04167 -0.01160
v 0.10175 0.04146 0.00976
v 0.10189 0.04182 0.03077
v 0.10182 0.04198 0.03174
v 0.10159 0.04192 0.03289
v 0.10163 0.04117 0.03407
v 0.10147 0.04234 -0.01025
v 0.10131 0.04260 -0.00949
v 0.10148 0.04271 -0.00706
v 0.10149 0.04282 -0.00465
v 0.10136 0.04286 -0.00227
v 0.10143 0.04286 0.00007
v 0.10092 0.04290 0.00239
v 0.10170 0.04282 0.00244
v 0.10147 0.04282 0.00479
v 0.10108 0.04282 0.00713
v 0.10182 0.04260 0.00728
v 0.10117 0.04267 0.00913
v 0.10118 0.04226 0.00973
v 0.10139 0.04222 0.03090
v 0.10081 0.04254 0.03214
v 0.10100 0.04213 0.03326
v 0.10280 -0.01115 -0.02231
v 0.10290 -0.01100 -0.02125
v 0.10248 -0.01117 -0.01988
v 0.10208 -0.01150 -0.01910
v 0.10208 -0.01150 0.01910
v 0.10257 -0.01125 0.01979
v 0.10283 -0.01100 0.02098
v 0.10283 -0.01117 0.02227
v 0.10224 -0.01050 -0.03028
v 0.10270 -0.01010 -0.02219
v 0.10290 -0.01010 -0.02125
v 0.10233 -0.01010 -0.01998
v 0.10238 -0.01010 0.01996
v 0.10284 -0.01010 0.02100
v 0.10262 -0.01010 0.02233
v 0.10290 0.01670 0.03184
v 0.10301 0.01670 0.03399
v 0.10226 0.01900 -0.02524
v 0.10285 0.01900 -0.02434
v 0.10263 0.01900 -0.02080
v 0.10305 0.01900 -0.00915
v 0.10311 0.01900 -0.00828
v 0.10311 0.01900 0.00828
v 0.10305 0.01900 0.00918
v 0.10221 0.01900 0.02039
v 0.10309 0.01900 0.02156
v 0.10285 0.01900 0.02434
v 0.10222 0.01900 0.02530
v 0.10224 0.01950 -0.03028
v 0.10295 0.01950 -0.02940
v 0.10226 0.02000 -0.02524
v 0.10285 0.02000 -0.02434
v 0.10263 0.02000 -0.02080
v 0.10217 0.02000 -0.02035
v 0.10305 0.02000 -0.00915
v 0.10311 0.02000 -0.00828
v 0.10311 0.02000 0.00828
v 0.10305 0.02000 0.00918
v 0.10221 0.02000 0.02039
v 0.10309 0.02000 0.02157
v 0.10285 0.02000 0.02434
v 0.10222 0.02000 0.02530
v 0.10287 0.02050 -0.02784
v 0.10205 0.02050 -0.02641
v 0.10286 0.02050 -0.02030
v 0.10304 0.02050 -0.01819
v 0.10218 0.02050 -0.01763
v 0.10287 0.02050 -0.01403
v 0.10281 0.02050 -0.01014
v 0.10256 0.02050 -0.00858
v 0.10262 0.02050 -0.00817
v 0.10246 0.02050 -0.00658
v 0.10318 0.02050 -0.00561
v 0.10266 0.02050 -0.00261
v 0.10245 0.02050 -0.00201
v 0.10269 0.02050 0.00158
v 0.10227 0.02050 0.00414
v 0.10252 0.02050 0.00585
v 0.10297 0.02050 0.00636
v 0.10262 0.02050 0.00817
v 0.10256 0.02050 0.00923
v 0.10281 0.02050 0.01025
v 0.10304 0.02050 0.01396
v 0.10218 0.02050 0.01452
v 0.10318 0.02050 0.01581
v 0.10290 0.02050 0.01813
v 0.10245 0.02050 0.01994
v 0.10320 0.02050 0.02072
v 0.10216 0.02050 0.02877
v 0.10304 0.02300 -0.01819
v 0.10218 0.02300 -0.01763
v 0.10288 0.02300 -0.01403
v 0.10245 0.02321 -0.01260
v 0.10305 0.02333 -0.01168
v 0.10218 0.02325 0.00984
v 0.10308 0.02300 0.01403
v 0.10223 0.02300 0.01458
v 0.10259 0.02300 0.01779
v 0.10287 0.02300 0.01811
v 0.10290 0.02300 0.03184
v 0.10295 0.02550 0.01078
v 0.10263 0.02584 0.01111
v 0.10311 0.02600 0.01409
v 0.10227 0.02600 0.01464
v 0.10259 0.02600 0.01779
v 0.10291 0.02610 0.03406
v 0.10320 0.02650 0.03077
v 0.10320 0.02650 0.03301
v 0.10281 0.02648 0.03395
v 0.10211 0.02650 0.03498
v 0.10245 0.03200 -0.00201
v 0.10250 0.03200 0.00043
v 0.10227 0.03200 0.00414
v 0.10216 0.03320 0.00963
v 0.10213 0.03810 -0.00680
v 0.10248 0.03810 -0.00453
v 0.10266 0.03810 -0.00261
v 0.10271 0.03810 0.00161
v 0.10252 0.03810 0.00414
v 0.10230 0.03810 0.00581
v 0.10211 0.03840 0.03498
v 0.10208 0.03890 -0.01268
v 0.10309 0.03890 -0.01152
v 0.10243 0.03868 -0.00452
v 0.10266 0.03868 -0.00164
v 0.10268 0.03868 0.00125
v 0.10247 0.03868 0.00413
v 0.10204 0.03868 0.00699
v 0.10314 0.03888 0.03055
v 0.10307 0.03879 0.03337
v 0.10270 0.03869 0.03416
v 0.10213 0.03922 0.03485
v 0.10224 0.04006 -0.01228
v 0.10291 0.04018 -0.01136
v 0.10206 0.03964 -0.00447
v 0.10230 0.03964 -0.00162
v 0.10231 0.03964 0.00124
v 0.10210 0.03964 0.00410
v 0.10291 0.04033 0.00946
v 0.10296 0.04012 0.03068
v 0.10303 0.04024 0.03176
v 0.10283 0.04035 0.03291
v 0.10242 0.04004 0.03407
v 0.10241 0.04112 -0.01135
v 0.10269 0.04142 -0.01022
v 0.10312 0.04173 -0.00738
v 0.10309 0.04173 0.00753
v 0.10269 0.04141 0.00925
v 0.10229 0.04137 0.03067
v 0.10258 0.04112 0.03178
v 0.10211 0.04140 0.03295
v 0.10253 0.04223 -0.00727
v 0.10292 0.04223 -0.00484
v 0.10223 0.04260 -0.00475
v 0.10281 0.04241 -0.00237
v 0.10253 0.04260 0.00007
v 0.10280 0.04241 0.00251
v 0.10255 0.04241 0.00494
v 0.10250 0.04223 0.00741
v 0.10226 0.04216 0.00893
v 0.10408 -0.01150 -0.02611
v 0.10321 -0.01150 -0.02226
v 0.10333 -0.01150 -0.02091
v 0.10321 -0.01150 0.02035
v 0.10338 -0.01150 0.02114
v 0.10329 -0.01150 0.02205
v 0.10408 -0.01150 0.02611
v 0.10320 0.01900 -0.02358
v 0.10326 0.01900 -0.02210
v 0.10352 0.01900 -0.01054
v 0.10331 0.01900 -0.00730
v 0.10349 0.01900 -0.00631
v 0.10412 0.01900 -0.00502
v 0.10373 0.01900 0.00561
v 0.10346 0.01900 0.00645
v 0.10330 0.01900 0.00736
v 0.10327 0.01900 0.01006
v 0.10412 0.01900 0.01122
v 0.10331 0.01900 0.02298
v 0.10320 0.02000 -0.02358
v 0.10326 0.02000 -0.02210
v 0.10352 0.02000 -0.01054
v 0.10331 0.02000 -0.00730
v 0.10349 0.02000 -0.00631
v 0.10384 0.02000 -0.00547
v 0.10373 0.02000 0.00561
v 0.10346 0.02000 0.00645
v 0.10330 0.02000 0.00736
v 0.10327 0.02000 0.01006
v 0.10412 0.02000 0.01122
v 0.10331 0.02000 0.02298
v 0.10394 0.01950 0.02807
v 0.10399 0.02050 -0.02625
v 0.10334 0.02050 -0.02449
v 0.10379 0.02050 -0.02322
v 0.10376 0.02050 -0.02208
v 0.10344 0.02050 -0.02113
v 0.10355 0.02050 -0.01831
v 0.10378 0.02050 -0.01607
v 0.10405 0.02050 -0.01384
v 0.10368 0.02050 -0.01149
v 0.10388 0.02050 -0.00453
v 0.10406 0.02050 0.00420
v 0.10352 0.02050 0.00498
v 0.10373 0.02050 0.01148
v 0.10355 0.02050 0.01384
v 0.10386 0.02050 0.01745
v 0.10405 0.02050 0.01831
v 0.10362 0.02050 0.02155
v 0.10382 0.02050 0.02260
v 0.10370 0.02050 0.02364
v 0.10327 0.02050 0.02461
v 0.10355 0.02300 -0.01831
v 0.10405 0.02300 -0.01384
v 0.10336 0.02300 -0.01202
v 0.10354 0.02310 -0.01124
v 0.10389 0.02321 -0.01017
v 0.10432 0.02323 -0.00783
v 0.10436 0.02350 0.00712
v 0.10383 0.02325 0.00912
v 0.10355 0.02302 0.00971
v 0.10416 0.02300 0.01086
v 0.10384 0.02300 0.01392
v 0.10373 0.02300 0.01822
v 0.10361 0.02558 0.01078
v 0.10408 0.02580 0.01104
v 0.10413 0.02600 0.01400
v 0.10348 0.02600 0.01815
v 0.10348 0.02609 0.03069
v 0.10368 0.02607 0.03195
v 0.10370 0.02585 0.03301
v 0.10333 0.02650 0.03211
v 0.10370 0.03890 -0.01012
v 0.10436 0.03890 0.00712
v 0.10372 0.03901 0.00906
v 0.10322 0.03906 0.03089
v 0.10331 0.03907 0.03187
v 0.10325 0.03872 0.03273
v 0.10333 0.03968 -0.01092
v 0.10352 0.04006 -0.01007
v 0.10408 0.04006 -0.00757
v 0.10438 0.04043 -0.00503
v 0.10436 0.04043 0.00518
v 0.10404 0.04009 0.00772
v 0.10371 0.04011 0.00887
v 0.10361 0.04112 -0.00748
v 0.10376 0.04142 -0.00495
v 0.10400 0.04142 -0.00244
v 0.10408 0.04142 0.00007
v 0.10399 0.04142 0.00259
v 0.10375 0.04142 0.00510
v 0.10358 0.04112 0.00763
v 0.10339 0.04106 0.00870
v 0.10323 0.04223 0.00007
v 0.10479 -0.01125 -0.01247
v 0.10495 -0.01118 0.01244
v 0.10487 -0.01010 -0.01223
v 0.10502 -0.01010 0.01226
v 0.10530 -0.01050 0.02608
v 0.10450 0.01900 -0.01149
v 0.10529 0.01900 -0.00416
v 0.10468 0.01900 0.00450
v 0.10541 0.01900 0.01185
v 0.10516 0.01950 -0.02630
v 0.10473 0.02000 -0.01160
v 0.10529 0.02000 -0.00416
v 0.10468 0.02000 0.00450
v 0.10541 0.02000 0.01185
v 0.10530 0.01950 0.02608
v 0.10508 0.02050 -0.02454
v 0.10475 0.02050 -0.01811
v 0.10543 0.02050 -0.01452
v 0.10457 0.02050 -0.01396
v 0.10517 0.02050 -0.01230
v 0.10487 0.02050 -0.00381
v 0.10518 0.02050 0.00367
v 0.10525 0.02050 0.01232
v 0.10471 0.02050 0.01402
v 0.10543 0.02050 0.01763
v 0.10457 0.02050 0.01819
v 0.10446 0.02050 0.02553
v 0.10474 0.02300 -0.01811
v 0.10543 0.02300 -0.01452
v 0.10457 0.02300 -0.01396
v 0.10463 0.02302 -0.00789
v 0.10479 0.02321 -0.00560
v 0.10511 0.02313 -0.00316
v 0.10497 0.02350 -0.00153
v 0.10524 0.02312 -0.00078
v 0.10521 0.02313 0.00159
v 0.10490 0.02350 0.00281
v 0.10506 0.02312 0.00396
v 0.10476 0.02311 0.00632
v 0.10448 0.02300 0.00890
v 0.10479 0.02300 0.01410
v 0.10541 0.02300 0.01760
v 0.10453 0.02300 0.01811
v 0.10502 0.02600 0.01436
v 0.10534 0.02600 0.01751
v 0.10449 0.02600 0.01805
v 0.10457 0.03890 -0.00586
v 0.10497 0.03890 -0.00153
v 0.10490 0.03890 0.00281
v 0.10460 0.03968 -0.00505
v 0.10473 0.04006 -0.00249
v 0.10480 0.04009 0.00008
v 0.10472 0.04006 0.00264
v 0.10458 0.03968 0.00520
v 0.10645 -0.01150 -0.02216
v 0.10593 -0.01134 -0.01258
v 0.10660 -0.01100 -0.01196
v 0.10615 -0.01136 0.01253
v 0.10645 -0.01150 0.02216
v 0.10623 -0.01050 -0.02458
v 0.10570 -0.01010 -0.01231
v 0.10660 -0.01010 -0.01196
v 0.10625 -0.01010 0.01215
v 0.10591 0.01670 0.02787
v 0.10619 0.01670 0.03007
v 0.10573 0.01900 -0.01190
v 0.10675 0.01900 -0.00396
v 0.10594 0.01900 0.00398
v 0.10634 0.01950 -0.02439
v 0.10573 0.02000 -0.01190
v 0.10649 0.02000 -0.00396
v 0.10633 0.02000 0.00396
v 0.10626 0.01950 0.02452
v 0.10564 0.02050 -0.01737
v 0.10602 0.02050 -0.01642
v 0.10595 0.02050 -0.01540
v 0.10648 0.02050 -0.01238
v 0.10611 0.02050 -0.00346
v 0.10654 0.02050 -0.00048
v 0.10661 0.02050 0.00071
v 0.10617 0.02050 0.00345
v 0.10636 0.02050 0.01240
v 0.10564 0.02050 0.01477
v 0.10598 0.02050 0.01628
v 0.10607 0.02050 0.02203
v 0.10610 0.02050 0.02280
v 0.10564 0.02300 -0.01737
v 0.10602 0.02300 -0.01642
v 0.10595 0.02300 -0.01540
v 0.10563 0.02300 0.01494
v 0.10593 0.02300 0.01630
v 0.10591 0.02300 0.02787
v 0.10563 0.02600 0.01504
v 0.10587 0.02600 0.01626
v 0.10665 0.02598 0.02872
v 0.10619 0.02550 0.03007
v 0.10726 -0.01150 -0.01205
v 0.10750 -0.01119 -0.01106
v 0.10745 -0.01125 0.01125
v 0.10730 -0.01010 -0.01106
v 0.10726 -0.01010 0.01109
v 0.10733 -0.01050 0.02263
v 0.10718 0.01674 0.02591
v 0.10740 0.01750 -0.00135
v 0.10741 0.01750 -0.00047
v 0.10737 0.01750 0.00087
v 0.10791 0.01750 0.00192
v 0.10776 0.01712 0.02493
v 0.10718 0.01900 -0.01169
v 0.10757 0.01900 -0.00417
v 0.10724 0.01900 0.00405
v 0.10685 0.01900 0.01181
v 0.10718 0.02000 -0.01169
v 0.10757 0.02000 -0.00417
v 0.10749 0.02000 -0.00148
v 0.10733 0.01976 -0.00052
v 0.10732 0.01985 0.00087
v 0.10791 0.02000 0.00192
v 0.10724 0.02000 0.00405
v 0.10685 0.02000 0.01181
v 0.10699 0.02050 -0.02515
v 0.10701 0.02050 -0.02107
v 0.10755 0.02050 -0.01207
v 0.10731 0.02050 -0.00356
v 0.10712 0.02050 -0.00177
v 0.10717 0.02050 0.00189
v 0.10756 0.02050 0.00297
v 0.10743 0.02050 0.01213
v 0.10779 0.02050 0.01390
v 0.10742 0.02050 0.02024
v 0.10710 0.02050 0.02286
v 0.10719 0.02261 -0.02513
v 0.10714 0.02279 0.02278
v 0.10735 0.02258 0.02295
v 0.10730 0.02294 -0.02484
v 0.10738 0.02295 0.02259
v 0.10694 0.02567 0.02892
v 0.10842 -0.01150 -0.01799
v 0.10854 -0.01123 -0.00622
v 0.10873 -0.01100 -0.00142
v 0.10865 -0.01123 -0.00057
v 0.10861 -0.01123 0.00052
v 0.10872 -0.01100 0.00133
v 0.10856 -0.01125 0.00619
v 0.10842 -0.01150 0.01799
v 0.10831 -0.01010 -0.00618
v 0.10873 -0.01010 -0.00142
v 0.10840 -0.01010 -0.00061
v 0.10845 -0.01010 0.00069
v 0.10872 -0.01010 0.00135
v 0.10831 -0.01010 0.00616
v 0.10864 -0.01050 0.01998
v 0.10866 0.01678 0.02636
v 0.10831 0.01670 0.02693
v 0.10848 0.01750 -0.00207
v 0.10867 0.01750 0.00197
v 0.10814 0.01772 0.02428
v 0.10896 0.01699 0.02585
v 0.10834 0.01900 -0.01084
v 0.10897 0.01900 -0.00955
v 0.10873 0.01900 -0.00503
v 0.10851 0.01900 0.00479
v 0.10907 0.01900 0.00906
v 0.10886 0.01900 0.00996
v 0.10803 0.01900 0.01116
v 0.10842 0.01874 0.02377
v 0.10827 0.01950 -0.02078
v 0.10834 0.02000 -0.01084
v 0.10897 0.02000 -0.00955
v 0.10873 0.02000 -0.00503
v 0.10819 0.02000 -0.00452
v 0.10841 0.01987 -0.00209
v 0.10855 0.01963 0.00187
v 0.10851 0.02000 0.00479
v 0.10919 0.02000 0.00579
v 0.10909 0.02000 0.00898
v 0.10886 0.02000 0.00996
v 0.10803 0.02000 0.01116
v 0.10864 0.01950 0.01998
v 0.10826 0.01950 0.02079
v 0.10850 0.01970 0.02362
v 0.10843 0.02050 -0.02508
v 0.10842 0.02050 -0.01799
v 0.10843 0.02050 -0.01147
v 0.10908 0.02050 -0.01065
v 0.10848 0.02050 -0.00411
v 0.10858 0.02050 -0.00282
v 0.10857 0.02050 0.00285
v 0.10860 0.02050 0.00424
v 0.10906 0.02050 0.01069
v 0.10836 0.02050 0.01154
v 0.10847 0.02050 0.01554
v 0.10820 0.02050 0.01852
v 0.10823 0.02050 0.02321
v 0.10866 0.02258 -0.02497
v 0.10856 0.02260 0.02319
v 0.10864 0.02294 -0.02466
v 0.10863 0.02300 0.02270
v 0.10837 0.02295 0.02323
v 0.10907 0.02598 0.02485
v 0.10897 0.02550 0.02584
v 0.10998 -0.01150 -0.01364
v 0.10923 -0.01150 -0.00144
v 0.10923 -0.01150 0.00144
v 0.10998 -0.01150 0.01364
v 0.10935 -0.01050 -0.01837
v 0.10990 0.01750 -0.00247
v 0.10980 0.01750 -0.00192
v 0.10993 0.01750 0.00195
v 0.10943 0.01750 0.00250
v 0.10945 0.01771 0.02501
v 0.10927 0.01736 0.02532
v 0.10920 0.01900 -0.00843
v 0.10940 0.01900 -0.00730
v 0.10936 0.01900 -0.00632
v 0.10927 0.01900 0.00601
v 0.10938 0.01900 0.00744
v 0.10971 0.01859 0.02454
v 0.10935 0.01950 -0.01837
v 0.11036 0.01950 -0.01569
v 0.10920 0.02000 -0.00843
v 0.10940 0.02000 -0.00730
v 0.10936 0.02000 -0.00632
v 0.10990 0.02000 -0.00247
v 0.10995 0.01950 -0.00190
v 0.10993 0.01950 0.00195
v 0.10943 0.02000 0.00250
v 0.10927 0.02000 0.00601
v 0.10938 0.02000 0.00744
v 0.10978 0.01950 0.01730
v 0.10982 0.01970 0.02433
v 0.10947 0.02050 -0.02452
v 0.11021 0.02050 -0.02360
v 0.10979 0.02050 -0.01425
v 0.11034 0.02050 -0.01238
v 0.10946 0.02050 -0.00966
v 0.10990 0.02050 -0.00737
v 0.10984 0.02050 -0.00617
v 0.10932 0.02050 -0.00498
v 0.10996 0.02050 -0.00297
v 0.10941 0.02050 0.00300
v 0.10959 0.02050 0.00545
v 0.10989 0.02050 0.00646
v 0.10987 0.02050 0.00752
v 0.10946 0.02050 0.00966
v 0.10961 0.02050 0.01481
v 0.10955 0.02050 0.02304
v 0.10956 0.02257 -0.02442
v 0.11020 0.02260 -0.02359
v 0.11001 0.02269 0.02279
v 0.10964 0.02256 0.02298
v 0.10941 0.02293 -0.02418
v 0.10993 0.02294 -0.02345
v 0.10980 0.02298 0.02243
v 0.10943 0.02285 0.02293
v 0.10982 0.02300 0.02433
v 0.10937 0.02569 0.02502
v 0.11110 -0.01150 -0.00917
v 0.11110 -0.01150 0.00917
v 0.11092 -0.01050 -0.01398
v 0.11107 -0.01050 0.01347
v 0.11091 0.01750 -0.00141
v 0.11135 0.01750 -0.00077
v 0.11140 0.01750 0.00047
v 0.11072 0.01750 0.00159
v 0.11146 0.01950 -0.01205
v 0.11091 0.01950 -0.00141
v 0.11135 0.01950 -0.00077
v 0.11136 0.01950 0.00059
v 0.11072 0.01950 0.00159
v 0.11106 0.01950 0.01351
v 0.11058 0.01950 0.01505
v 0.11083 0.02050 -0.01042
v 0.11155 0.02050 -0.00651
v 0.11146 0.02050 0.00709
v 0.11113 0.02050 0.00901
v 0.11070 0.02050 0.01099
v 0.11125 0.02050 0.02149
v 0.11065 0.02050 0.02235
v 0.11145 0.02269 -0.02095
v 0.11123 0.02260 0.02148
v 0.11066 0.02261 0.02229
v 0.11120 0.02294 -0.02084
v 0.11116 0.02300 0.01280
v 0.11106 0.02295 0.02136
v 0.11045 0.02291 0.02213
v 0.11114 0.02574 0.01290
v 0.11103 0.02600 0.01328
v 0.11128 0.02580 0.02095
v 0.11177 -0.01150 -0.00461
v 0.11200 -0.01150 -0.00000
v 0.11177 -0.01150 0.00461
v 0.11246 -0.01050 -0.00720
v 0.11253 -0.01050 0.00667
v 0.11208 -0.01050 0.00936
v 0.11191 0.01950 -0.01017
v 0.11252 0.01950 -0.00677
v 0.11173 0.02000 -0.00235
v 0.11172 0.02000 0.00263
v 0.11258 0.01950 0.00634
v 0.11198 0.01950 0.00983
v 0.11227 0.02050 -0.01914
v 0.11191 0.02050 -0.00284
v 0.11189 0.02050 0.00314
v 0.11226 0.02050 0.01916
v 0.11240 0.02258 -0.01878
v 0.11231 0.02258 0.01901
v 0.11232 0.02294 -0.01816
v 0.11224 0.02300 0.01335
v 0.11216 0.02295 0.01877
v 0.11172 0.02560 0.01304
v 0.11218 0.02580 0.01361
v 0.11269 0.02598 0.01459
v 0.11272 0.02600 0.01651
v 0.11300 -0.01050 -0.00027
v 0.11295 0.01750 -0.00226
v 0.11300 0.01750 -0.00027
v 0.11292 0.01750 0.00269
v 0.11295 0.01879 -0.00226
v 0.11292 0.01879 0.00269
v 0.11292 0.01950 -0.00277
v 0.11289 0.01950 0.00320
v 0.11389 0.02050 -0.01451
v 0.11389 0.02050 0.01453
v 0.11372 0.02260 -0.01501
v 0.11389 0.02250 0.01453
v 0.11337 0.02269 0.01605
v 0.11328 0.02294 -0.01543
v 0.11390 0.02300 -0.01259
v 0.11385 0.02298 0.01316
v 0.11302 0.02300 0.01430
v 0.11335 0.02300 0.01547
v 0.11313 0.02295 0.01614
v 0.11296 0.02569 0.01433
v 0.11318 0.02575 0.01530
v 0.11311 0.02574 0.01641
v 0.11506 0.02050 -0.00975
v 0.11506 0.02050 0.00977
v 0.11435 0.02269 -0.01271
v 0.11503 0.02258 -0.00980
v 0.11498 0.02258 0.01004
v 0.11421 0.02269 0.01326
v 0.11417 0.02291 -0.01266
v 0.11472 0.02294 -0.00981
v 0.11502 0.02300 -0.00692
v 0.11504 0.02298 0.00749
v 0.11462 0.02293 0.01037
v 0.11410 0.02285 0.01323
v 0.11576 0.02050 -0.00489
v 0.11600 0.02050 0.00001
v 0.11576 0.02050 0.00491
v 0.11548 0.02269 -0.00699
v 0.11576 0.02250 -0.00489
v 0.11580 0.02269 -0.00409
v 0.11595 0.02269 -0.00117
v 0.11600 0.02250 0.00001
v 0.11593 0.02269 0.00174
v 0.11575 0.02269 0.00465
v 0.11576 0.02250 0.00491
v 0.11540 0.02269 0.00755
v 0.11529 0.02291 -0.00696
v 0.11553 0.02293 -0.00407
v 0.11561 0.02296 -0.00117
v 0.11566 0.02293 0.00173
v 0.11548 0.02293 0.00463
v 0.11529 0.02285 0.00753
vn 0.7584 -0.0045 -0.6518
vn 0.7510 0.0000 -0.6603
vn 0.0000 1.0000 0.0000
vn 0.0000 1.0000 0.0000
vn 0.0000 1.0000 -0.0000
vn 0.0000 1.0000 0.0000
vn 0.0000 1.0000 0.0000
vn 0.0000 1.0000 0.0000
vn 0.0000 1.0000 -0.0000
vn 0.0000 1.0000 -0.0000
vn 0.0000 1.0000 0.0000
vn 0.0000 1.0000 0.0000
vn 0.0000 1.0000 0.0000
vn -0.0000 1.0000 0.0000
vn 0.0000 1.0000 0.0000
vn 0.0000 1.0000 0.0000
vn -0.0000 1.0000 0.0000
vn 0.0000 1.0000 0.0000
vn -0.0000 1.0000 0.0000
vn 0.0000 1.0000 0.0000
vn 0.0000 1.0000 0.0000
vn -0.0000 1.0000 -0.0000
vn 0.0000 1.0000 -0.0000
vn 0.0000 1.0000 0.0000
vn 0.0000 1.0000 0.0000
vn 0.0000 1.0000 0.0000
vn 0.0000 1.0000 0.0000
vn -0.0000 1.0000 0.0000
vn 0.0000 1.0000 0.0000
vn -0.0000 1.0000 0.0000
vn 0.0000 1.0000 0.0000
vn -0.0000 1.0000 0.0000
vn 0.0000 1.0000 0.0000
vn 0.0000 1.0000 -0.0000
vn 0.0000 1.0000 0.0000
vn 0.0000 1.0000 0.0000
vn -0.0000 1.0000 0.0000
vn 0.0000 1.0000 0.0000
vn 0.0000 1.0000 0.0000
vn 0.0000 1.0000 0.0000
vn 0.0000 1.0000 0.0000
vn 0.0000 1.0000 0.0000
vn 0.0000 1.0000 0.0000
vn 0.0000 1.0000 0.0000
vn 0.0000 1.0000 0.0000
vn 0.0000 1.0000 0.0000
vn 0.0000 1.0000 0.0000
vn 0.0000 1.0000 0.0000
vn 0.0000 1.0000 0.0000
vn 0.0000 1.0000 0.0000
vn 0.0000 1.0000 0.0000
vn 0.0000 1.0000 0.0000
vn 0.0000 1.0000 0.0000
vn 0.0000 1.0000 0.0000
vn 0.0000 1.0000 0.0000
vn 0.0000 1.0000 0.0000
vn -0.0000 1.0000 0.0000
vn 0.0000 1.0000 -0.0000
vn -0.0000 1.0000 0.0000
vn -0.0000 1.0000 0.0000
vn 0.0000 1.0000 0.0000
vn 0.0000 1.0000 0.0000
vn 0.0000 1.0000 0.0000
vn 0.0000 1.0000 0.0000
vn 0.0000 1.0000 -0.0000
vn 0.0000 1.0000 0.0000
vn -0.0000 1.0000 0.0000
vn 0.0000 1.0000 0.0000
vn 0.0000 1.0000 -0.0000
vn 0.0000 1.0000 0.0000
vn -0.0000 1.0000 0.0000
vn -0.0000 1.0000 0.0000
vn 0.0000 1.0000 0.0000
vn 0.0000 1.0000 0.0000
vn 0.0000 1.0000 0.0000
vn 0.0000 1.0000 0.0000
vn 0.0000 1.0000 0.0000
vn 0.0000 1.0000 0.0000
vn 0.0000 1.0000 0.0000
vn 0.0000 1.0000 0.0000
vn 0.0000 1.0000 0.0000
vn 0.0000 1.0000 0.0000
vn 0.0000 1.0000 0.0000
vn 0.0000 1.0000 0.0000
vn 0.0000 1.0000 0.0000
vn -0.0000 1.0000 0.0000
vn -0.0000 1.0000 0.0000
vn 0.0000 1.0000 0.0000
vn 0.0000 1.0000 0.0000
vn 0.0000 1.0000 0.0000
vn 0.0000 1.0000 0.0000
vn 0.0000 1.0000 0.0000
vn 0.0000 1.0000 0.0000
vn 0.0000 1.0000 0.0000
vn 0.0000 1.0000 0.0000
vn 0.0000 1.0000 0.0000
vn -0.0000 1.0000 -0.0000
vn 0.0000 1.0000 0.0000
vn -0.0000 1.0000 0.0000
vn 0.0000 1.0000 0.0000
vn 0.0000 1.0000 -0.0000
vn 0.0000 1.0000 0.0000
vn 0.0000 1.0000 0.0000
vn 0.0000 1.0000 0.0000
vn 0.0000 1.0000 0.0000
vn 0.0000 1.0000 0.0000
vn -0.0000 1.0000 0.0000
vn 0.0000 1.0000 0.0000
vn 0.0000 1.0000 0.0000
vn 0.0000 1.0000 0.0000
vn 0.0000 1.0000 0.0000
vn -0.0000 1.0000 0.0000
vn 0.0000 1.0000 -0.0000
vn 0.0000 1.0000 0.0000
vn -0.0000 1.0000 0.0000
vn 0.0000 1.0000 0.0000
vn 0.0000 1.0000 0.0000
vn 0.0000 1.0000 0.0000
vn 0.0000 1.0000 0.0000
vn 0.0000 1.0000 0.0000
vn 0.0000 1.0000 0.0000
vn -0.0000 1.0000 0.0000
vn 0.0000 1.0000 0.0000
vn 0.0000 1.0000 0.0000
vn -0.0000 1.0000 0.0000
vn 0.0000 1.0000 -0.0000
vn 0.0000 1.0000 0.0000
vn 0.0000 1.0000 0.0000
vn 0.0000 1.0000 0.0000
vn -0.0000 1.0000 -0.0000
vn 0.0000 1.0000 -0.0000
vn 0.0000 1.0000 0.0000
vn 0.0000 1.0000 0.0000
vn 0.0000 1.0000 0.0000
vn 0.0000 1.0000 0.0000
vn 0.0000 1.0000 0.0000
vn 0.0000 1.0000 0.0000
vn 0.0000 1.0000 0.0000
vn -0.0000 1.0000 0.0000
vn 0.0000 1.0000 0.0000
vn 0.0000 1.0000 0.0000
vn 0.0000 1.0000 0.0000
vn -0.0000 1.0000 0.0000
vn 0.0000 1.0000 -0.0000
vn 0.0000 1.0000 0.0000
vn 0.0000 1.0000 0.0000
vn 0.0000 1.0000 0.0000
vn 0.0000 1.0000 0.0000
vn 0.0000 1.0000 0.0000
vn 0.0000 1.0000 0.0000
vn 0.0000 1.0000 0.0000
vn 0.0000 1.0000 0.0000
vn 0.0000 1.0000 0.0000
vn 0.0000 1.0000 0.0000
vn 0.0000 1.0000 0.0000
vn 0.0000 1.0000 0.0000
vn 0.0000 1.0000 0.0000
vn 0.0000 1.0000 0.0000
vn 0.0000 1.0000 0.0000
vn -0.0000 1.0000 0.0000
vn 0.0000 1.0000 -0.0000
vn -0.0000 1.0000 0.0000
vn -0.0000 1.0000 0.0000
vn 0.0000 1.0000 0.0000
vn 0.0000 1.0000 0.0000
vn -0.0000 1.0000 0.0000
vn 0.0000 1.0000 0.0000
vn 0.0000 1.0000 0.0000
vn 0.0000 1.0000 0.0000
vn 0.0000 1.0000 0.0000
vn 0.0000 1.0000 -0.0000
vn 0.0000 1.0000 0.0000
vn 0.0000 1.0000 0.0000
vn 0.0000 1.0000 0.0000
vn 0.0000 1.0000 0.0000
vn 0.0000 1.0000 0.0000
vn 0.0000 1.0000 0.0000
vn 0.0000 1.0000 0.0000
vn 0.0000 1.0000 0.0000
vn 0.0000 1.0000 0.0000
vn 0.0000 1.0000 0.0000
vn 0.0000 1.0000 0.0000
vn 0.0000 1.0000 -0.0000
vn 0.0000 1.0000 -0.0000
vn 0.0000 1.0000 0.0000
vn -0.0000 1.0000 0.0000
vn -0.0000 1.0000 0.0000
vn 0.0000 1.0000 0.0000
vn 0.0000 1.0000 0.0000
vn 0.0000 1.0000 -0.0000
vn 0.0000 1.0000 0.0000
vn 0.0000 1.0000 0.0000
vn 0.0000 1.0000 0.0000
vn 0.0000 1.0000 0.0000
vn 0.0000 1.0000 0.0000
vn 0.0000 1.0000 0.0000
vn 0.0000 1.0000 0.0000
vn -0.0000 1.0000 -0.0000
vn 0.0000 1.0000 0.0000
vn 0.0000 1.0000 0.0000
vn -0.0000 1.0000 0.0000
vn 0.0000 1.0000 0.0000
vn -0.0000 1.0000 0.0000
vn 0.0000 1.0000 0.0000
vn -0.0000 1.0000 0.0000
vn 0.0000 1.0000 -0.0000
vn 0.0000 1.0000 0.0000
vn 0.0000 1.0000 0.0000
vn -0.0000 1.0000 0.0000
vn 0.0000 1.0000 0.0000
vn -0.0000 1.0000 0.0000
vn 0.0000 1.0000 0.0000
vn -0.0000 1.0000 0.0000
vn 0.0000 1.0000 0.0000
vn 0.0000 1.0000 0.0000
vn 0.0000 1.0000 -0.0000
vn 0.0000 1.0000 0.0000
vn 0.0000 1.0000 -0.0000
vn 0.0000 1.0000 -0.0000
vn -0.0000 1.0000 0.0000
vn 0.0000 1.0000 0.0000
vn -0.0000 1.0000 0.0000
vn -0.0000 1.0000 0.0000
vn 0.5854 0.0000 -0.8108
vn 0.5854 0.0000 -0.8108
vn 0.5854 0.0000 -0.8108
vn 0.5854 0.0000 -0.8108
vn -0.5335 0.0683 0.8431
vn -0.5319 0.0631 0.8445
vn -0.5819 0.1082 0.8060
vn -0.3991 0.1127 0.9099
vn -0.2315 0.1832 0.9554
vn 0.1541 0.1451 0.9773
vn 0.0512 0.0940 0.9943
vn 0.7915 0.0436 0.6096
vn 0.7665 0.0108 0.6422
vn 0.9906 -0.0065 -0.1369
vn 0.9870 0.0091 -0.1603
vn -0.5854 0.0000 0.8108
vn -0.5854 -0.0000 0.8108
vn -0.5854 0.0000 0.8108
vn -0.5854 0.0000 0.8108
vn 0.4932 0.0000 -0.8699
vn 0.5160 0.0809 -0.8528
vn 0.5353 0.1030 -0.8384
vn 0.0596 0.1356 -0.9890
vn 0.0651 0.1322 -0.9891
vn -0.5020 0.1124 -0.8575
vn -0.5470 0.1348 -0.8262
vn -0.8464 0.1118 -0.5207
vn -0.8782 0.1390 -0.4576
vn -0.9916 0.0940 0.0889
vn -0.9970 0.0656 0.0399
vn -0.8116 0.0792 0.5789
vn -0.8917 0.0000 0.4526
vn -0.4745 0.0652 -0.8778
vn -0.3597 0.0000 -0.9331
vn -0.8903 0.0000 -0.4554
vn -0.9428 0.0766 -0.3243
vn -0.9948 -0.0000 -0.1016
vn -0.9854 0.0225 -0.1688
vn -0.9875 0.0491 -0.1500
vn -0.9905 0.0785 -0.1132
vn 0.9985 0.0000 -0.0540
vn 0.9942 0.1073 -0.0063
vn 0.9798 0.1732 0.1000
vn 0.9729 0.1968 -0.1213
vn 0.9796 0.1800 -0.0893
vn 0.9839 0.1779 0.0164
vn 0.8661 0.0000 -0.4999
vn 0.5971 0.0000 -0.8021
vn 0.2528 0.1678 -0.9528
vn 0.0763 0.1481 -0.9860
vn 0.1821 0.0967 -0.9785
vn -0.4094 -0.0000 -0.9123
vn -0.3528 0.0306 -0.9352
vn -0.3951 0.0698 -0.9160
vn 0.5190 0.0000 0.8548
vn 0.4855 0.0868 0.8699
vn 0.4051 0.1455 0.9026
vn 0.3984 0.1450 0.9057
vn 0.2931 0.0883 0.9520
vn 0.9883 0.0692 0.1362
vn 0.9753 0.0316 0.2186
vn 0.9992 0.0352 0.0192
vn 0.9950 0.0823 -0.0560
vn 0.7449 0.0869 -0.6615
vn 0.7882 0.0443 -0.6138
vn -0.0085 0.0153 -0.9998
vn -0.0452 0.0412 -0.9981
vn 0.6400 0.2212 0.7358
vn 0.9932 0.0049 0.1162
vn 0.9936 0.0107 0.1122
vn 0.9917 -0.0029 0.1285
vn -0.9948 0.0000 -0.1016
vn -0.9948 0.0000 -0.1016
vn -0.9948 0.0000 -0.1016
vn -0.9940 0.0000 0.1094
vn -0.8561 0.1645 0.4899
vn -0.8343 0.1605 0.5275
vn -0.9869 0.0000 0.1616
vn -0.3606 0.0000 0.9327
vn -0.2139 0.1038 0.9713
vn 0.2010 0.1324 0.9706
vn 0.1829 0.1213 0.9756
vn 0.7897 0.0895 0.6069
vn 0.7183 0.0121 0.6957
vn 0.0000 1.0000 0.0000
vn 0.0000 1.0000 0.0000
vn -0.0000 1.0000 0.0000
vn 0.0000 1.0000 0.0000
vn -0.0000 1.0000 0.0000
vn 0.0000 1.0000 0.0000
vn 0.0000 1.0000 0.0000
vn -0.0028 1.0000 -0.0014
vn 0.0287 0.9988 -0.0384
vn -0.0019 1.0000 -0.0002
vn -0.0016 1.0000 -0.0029
vn -0.0008 1.0000 -0.0040
vn 0.0000 1.0000 0.0000
vn 0.0000 1.0000 0.0000
vn 0.0000 1.0000 0.0000
vn 0.0000 1.0000 0.0000
vn 0.0000 1.0000 0.0000
vn 0.0000 1.0000 -0.0000
vn 0.0000 1.0000 0.0000
vn 0.0000 1.0000 0.0000
vn 0.0000 1.0000 -0.0000
vn 0.0000 1.0000 -0.0000
vn 0.0000 1.0000 -0.0000
vn 0.0000 1.0000 0.0000
vn 0.0000 1.0000 -0.0000
vn 0.0529 0.9985 -0.0155
vn -0.0026 1.0000 0.0078
vn 0.0123 0.9963 -0.0852
vn 0.0000 1.0000 -0.0000
vn 0.0000 1.0000 0.0000
vn 0.0505 0.9983 -0.0282
vn 0.0063 1.0000 -0.0074
vn 0.0040 1.0000 -0.0060
vn 0.0000 1.0000 -0.0000
vn 0.0000 1.0000 0.0000
vn 0.0000 1.0000 -0.0000
vn 0.0000 1.0000 0.0000
vn 0.0000 1.0000 0.0000
vn 0.0000 1.0000 0.0000
vn 0.0000 1.0000 0.0000
vn 0.0000 1.0000 0.0000
vn -0.0000 1.0000 0.0000
vn -0.0000 1.0000 0.0000
vn 0.0000 1.0000 0.0000
vn -0.0000 1.0000 0.0000
vn 0.0000 1.0000 0.0000
vn -0.0016 1.0000 -0.0004
vn -0.0129 0.9970 0.0769
vn 0.0000 1.0000 0.0000
vn 0.0000 1.0000 0.0000
vn 0.0000 1.0000 0.0000
vn 0.0000 1.0000 0.0000
vn -0.0151 0.9997 0.0210
vn 0.0025 1.0000 -0.0048
vn 0.0015 1.0000 -0.0040
vn 0.0008 1.0000 -0.0033
vn 0.0000 1.0000 0.0000
vn 0.0000 1.0000 0.0000
vn 0.0000 1.0000 0.0000
vn -0.0000 1.0000 -0.0000
vn 0.0000 1.0000 0.0000
vn 0.0000 1.0000 0.0000
vn 0.0000 1.0000 0.0000
vn 0.0000 1.0000 0.0000
vn -0.0000 1.0000 0.0000
vn 0.0000 1.0000 0.0000
vn 0.0000 1.0000 0.0000
vn -0.0000 1.0000 0.0000
vn -0.0000 1.0000 0.0000
vn 0.0000 1.0000 0.0000
vn -0.0000 1.0000 0.0000
vn 0.0000 1.0000 0.0000
vn -0.0000 1.0000 0.0000
vn 0.0000 1.0000 0.0000
vn 0.0000 1.0000 0.0000
vn -0.0509 0.9979 -0.0393
vn 0.0000 1.0000 0.0000
vn 0.0000 1.0000 0.0000
vn 0.0000 1.0000 0.0000
vn 0.0000 1.0000 0.0000
vn -0.0000 1.0000 0.0000
vn 0.0000 1.0000 0.0000
vn 0.0000 1.0000 0.0000
vn -0.0000 1.0000 0.0000
vn 0.0000 1.0000 0.0000
vn 0.0000 1.0000 0.0000
vn 0.0000 1.0000 0.0000
vn 0.0000 1.0000 0.0000
vn -0.0000 1.0000 0.0000
vn 0.1271 0.2752 0.9530
vn 0.5144 0.0833 0.8535
vn 0.4094 0.0000 0.9123
vn -0.5567 0.0000 -0.8307
vn -0.5097 0.1160 -0.8525
vn -0.4022 0.1867 -0.8963
vn -0.5786 0.2093 -0.7883
vn -0.2337 0.0000 -0.9723
vn -0.8854 0.0000 -0.4648
vn -0.9791 0.1953 -0.0565
vn -0.9697 0.1986 0.1423
vn -0.9964 0.0714 -0.0458
vn -0.5661 0.0602 0.8221
vn -0.5770 0.0486 0.8153
vn 0.1048 0.0841 0.9909
vn -0.0539 0.0000 0.9985
vn -0.4394 -0.2154 -0.8721
vn -0.4134 -0.2329 -0.8803
vn -0.9065 -0.2082 -0.3672
vn -0.9020 -0.2155 -0.3742
vn 0.9033 -0.1025 0.4166
vn 0.7480 -0.3219 0.5805
vn -0.6636 -0.1698 0.7286
vn -0.4600 0.0000 0.8879
vn 0.6015 0.0000 0.7989
vn 0.1953 -0.2745 0.9415
vn 0.8074 -0.0088 0.5899
vn 0.8110 0.0000 0.5850
vn 0.8196 -0.0000 0.5729
vn 0.8196 0.0000 0.5729
vn 0.9457 -0.0000 0.3250
vn 0.9457 0.0000 0.3250
vn 0.9886 0.0000 -0.1508
vn 0.9886 0.0000 -0.1508
vn 0.7808 0.0000 -0.6248
vn 0.7786 0.0057 -0.6275
vn 0.3358 -0.0056 -0.9419
vn 0.3326 0.0000 -0.9431
vn -0.1633 0.0000 -0.9866
vn -0.1633 0.0000 -0.9866
vn -0.5998 0.0000 -0.8002
vn -0.5998 0.0000 -0.8002
vn -0.8198 0.0000 -0.5726
vn -0.8198 0.0000 -0.5726
vn -0.8341 0.0000 -0.5516
vn -0.8341 0.0000 -0.5516
vn -0.9463 0.0000 -0.3233
vn -0.9463 0.0000 -0.3233
vn -0.9883 0.0000 0.1525
vn -0.9881 0.0014 0.1535
vn -0.8013 -0.0010 0.5983
vn -0.8009 0.0000 0.5988
vn -0.4832 0.0000 0.8755
vn -0.4454 0.0386 0.8945
vn -0.0902 -0.1026 0.9906
vn -0.0149 0.0000 0.9999
vn 0.5069 -0.0000 0.8620
vn 0.5212 0.0302 0.8529
vn 0.8051 0.0000 -0.5932
vn 0.8051 0.0000 -0.5932
vn 0.4372 0.0000 -0.8993
vn 0.4372 0.0000 -0.8993
vn -0.0297 0.0000 -0.9996
vn -0.0297 0.0000 -0.9996
vn -0.4768 0.0000 -0.8790
vn -0.4768 0.0000 -0.8790
vn -0.8242 0.0000 -0.5663
vn -0.8242 0.0000 -0.5663
vn -0.9721 0.0000 -0.2346
vn -0.9713 -0.0035 -0.2379
vn -0.9828 0.0015 -0.1844
vn -0.9827 0.0000 -0.1853
vn -0.9971 0.0000 0.0762
vn -0.9971 0.0000 0.0762
vn -0.9377 0.0000 0.3473
vn -0.8466 0.0459 0.5303
vn -0.8268 0.0000 0.5625
vn -0.4997 0.0000 0.8662
vn -0.4997 0.0000 0.8662
vn -0.0986 0.0000 0.9951
vn -0.0565 0.0386 0.9977
vn 0.3079 -0.1026 0.9459
vn 0.3807 0.0000 0.9247
vn 0.7609 -0.0000 0.6489
vn 0.7609 0.0000 0.6489
vn 0.9516 -0.0000 0.3075
vn 0.9516 0.0000 0.3075
vn 0.9842 -0.0000 0.1771
vn 0.9842 0.0000 0.1771
vn 0.9797 -0.0000 0.2006
vn 0.9797 0.0000 0.2006
vn 0.9981 -0.0000 0.0622
vn 0.9981 0.0000 0.0622
vn 0.9711 0.0000 -0.2387
vn 0.9711 0.0000 -0.2387
vn 0.9799 0.0000 -0.1997
vn 0.9799 0.0000 -0.1997
vn 0.9847 0.0000 -0.1745
vn 0.9847 0.0000 -0.1745
vn 0.9199 0.0000 -0.3922
vn 0.8971 0.0476 -0.4393
vn 0.6624 -0.1504 -0.7339
vn 0.1699 0.0476 -0.9843
vn 0.1381 0.0000 -0.9904
vn 0.5886 0.0000 -0.8084
vn -0.1925 -0.0484 -0.9801
vn -0.2486 -0.0000 -0.9686
vn -0.4885 -0.0000 -0.8726
vn -0.5909 0.0873 -0.8020
vn -0.6836 0.0000 -0.7299
vn -0.8997 0.0000 -0.4365
vn -0.8997 0.0000 -0.4365
vn -0.9990 0.0000 -0.0453
vn -0.9990 0.0000 -0.0453
vn -0.9846 0.0000 0.1748
vn -0.9846 0.0000 0.1748
vn -0.9798 0.0000 0.1998
vn -0.9798 0.0000 0.1998
vn -0.8977 0.0000 0.4406
vn -0.8977 0.0000 0.4406
vn -0.5902 0.0000 0.8073
vn -0.5902 0.0000 0.8073
vn -0.1428 0.0000 0.9897
vn -0.1428 0.0000 0.9897
vn 0.2836 -0.0000 0.9590
vn 0.3175 0.0373 0.9475
vn 0.6599 -0.0651 0.7486
vn 0.6965 0.0000 0.7176
vn 0.9473 -0.0000 0.3204
vn 0.9473 0.0000 0.3204
vn 0.9977 0.0000 -0.0673
vn 0.9977 0.0000 -0.0673
vn 0.6867 0.0000 -0.7269
vn 0.6867 0.0000 -0.7269
vn 0.2987 0.0000 -0.9544
vn 0.2987 0.0000 -0.9544
vn -0.1499 0.0000 -0.9887
vn -0.1498 -0.0001 -0.9887
vn -0.5932 -0.0001 -0.8051
vn -0.4978 0.1518 -0.8539
vn -0.6963 0.0000 -0.7177
vn -0.9005 0.0000 -0.4348
vn -0.9005 0.0000 -0.4348
vn -0.9992 0.0000 0.0410
vn -0.9992 0.0000 0.0410
vn -0.9088 0.0000 0.4173
vn -0.9088 0.0000 0.4173
vn -0.8346 0.0000 0.5509
vn -0.8346 0.0000 0.5509
vn -0.8211 0.0000 0.5707
vn -0.8211 0.0000 0.5707
vn -0.6018 0.0000 0.7987
vn -0.2238 0.0362 0.9740
vn -0.6473 -0.1087 0.7545
vn -0.1926 0.0000 0.9813
vn 0.2317 -0.0000 0.9728
vn 0.2590 0.0362 0.9652
vn 0.8836 0.0000 -0.4682
vn 0.8902 0.0112 -0.4554
vn 0.9965 -0.0271 -0.0792
vn 0.9953 0.0000 -0.0965
vn 0.9231 0.0000 0.3846
vn 0.9231 0.0000 0.3846
vn 0.6660 0.0000 0.7459
vn 0.6384 -0.0461 0.7683
vn 0.8211 0.0000 -0.5707
vn 0.8211 0.0000 -0.5707
vn 0.8346 0.0000 -0.5509
vn 0.8346 0.0000 -0.5509
vn 0.5850 0.0031 -0.8110
vn 0.5868 0.0000 -0.8098
vn 0.5729 0.0000 -0.8196
vn 0.5729 0.0000 -0.8196
vn 0.3250 0.0000 -0.9457
vn 0.3250 0.0000 -0.9457
vn -0.1508 0.0000 -0.9886
vn -0.1202 0.0441 -0.9918
vn -0.8002 0.0000 0.5998
vn -0.5598 -0.0567 -0.8267
vn -0.5931 0.0000 -0.8051
vn -0.8061 0.0000 -0.5917
vn -0.8157 0.0053 -0.5784
vn -0.9486 -0.0351 -0.3145
vn -0.9565 0.0000 -0.2918
vn -0.9919 0.0000 0.1274
vn -0.9859 0.0369 0.1632
vn -0.8282 -0.0821 0.5544
vn -0.5726 0.0000 0.8198
vn -0.5726 0.0000 0.8198
vn -0.5516 0.0000 0.8341
vn -0.5516 0.0000 0.8341
vn -0.3233 0.0000 0.9463
vn -0.3233 0.0000 0.9463
vn 0.1535 -0.0000 0.9882
vn 0.1328 0.0299 0.9907
vn 0.5632 -0.0622 0.8240
vn 0.5988 0.0000 0.8009
vn 0.8951 -0.0000 0.4458
vn 0.8951 0.0000 0.4458
vn 0.9993 0.0000 -0.0367
vn 0.9964 -0.0832 0.0148
vn 0.8543 0.0643 -0.5158
vn 0.8313 -0.0088 -0.5558
vn -0.1751 -0.0003 -0.9845
vn -0.1461 0.0318 -0.9888
vn -0.5930 -0.0003 -0.8052
vn -0.5932 0.0000 -0.8051
vn -0.8300 0.0000 -0.5578
vn -0.8961 0.0844 -0.4357
vn -0.9391 0.0000 -0.3435
vn -0.9996 0.0000 0.0297
vn -0.9996 0.0000 0.0297
vn -0.8946 0.0000 0.4468
vn -0.8784 0.0371 0.4765
vn -0.7093 -0.0334 0.7041
vn -0.5316 0.1129 0.8395
vn -0.4345 -0.0023 0.9006
vn -0.2139 0.0010 0.9768
vn -0.2147 0.0000 0.9767
vn -0.1771 0.0000 0.9842
vn -0.1771 0.0000 0.9842
vn 0.0762 -0.0000 0.9971
vn 0.0762 0.0000 0.9971
vn 0.4914 0.0000 0.8709
vn 0.5304 0.0386 0.8468
vn 0.7875 -0.1742 0.5912
vn 0.8662 0.0000 0.4997
vn 0.9984 -0.0000 0.0565
vn 0.9386 0.0585 -0.3399
vn 0.9247 0.0000 -0.3807
vn 0.9984 0.0000 0.0565
vn 0.6975 -0.1037 -0.7090
vn 0.6489 0.0000 -0.7609
vn 0.3075 0.0000 -0.9516
vn 0.3075 0.0000 -0.9516
vn 0.1771 0.0000 -0.9842
vn 0.1771 0.0000 -0.9842
vn 0.1338 0.0000 -0.9910
vn 0.1529 -0.0317 -0.9877
vn -0.1997 0.0000 -0.9799
vn -0.1997 0.0000 -0.9799
vn -0.1745 0.0000 -0.9847
vn -0.1745 0.0000 -0.9847
vn -0.4399 0.0000 -0.8981
vn -0.4399 0.0000 -0.8981
vn -0.7859 0.0000 -0.6183
vn -0.8058 0.0408 -0.5908
vn -0.9566 -0.0349 0.2894
vn -0.9737 0.0082 0.2277
vn -0.9892 -0.0237 -0.1446
vn -0.9831 -0.0656 -0.1710
vn -0.8266 0.0385 0.5614
vn -0.8086 0.0000 0.5884
vn -0.5241 0.0000 0.8517
vn -0.5241 0.0000 0.8517
vn -0.1242 0.0000 0.9923
vn -0.1242 0.0000 0.9923
vn 0.1748 -0.0000 0.9846
vn 0.1748 0.0000 0.9846
vn 0.1998 -0.0000 0.9798
vn 0.1998 0.0000 0.9798
vn 0.4405 -0.0000 0.8978
vn 0.7755 0.0742 0.6269
vn 0.8089 0.0000 0.5880
vn 0.4405 0.0000 0.8978
vn 0.9792 -0.1453 0.1413
vn 0.9985 0.0180 0.0521
vn 0.8577 -0.0171 -0.5139
vn 0.8530 0.0000 -0.5219
vn 0.4636 0.0000 -0.8860
vn 0.4636 0.0000 -0.8860
vn 0.0284 0.0000 -0.9996
vn 0.0284 0.0000 -0.9996
vn -0.8288 0.0000 -0.5595
vn -0.8284 -0.0013 -0.5602
vn -0.9163 -0.1571 -0.3685
vn -0.9498 -0.0241 -0.3120
vn -0.9881 0.0227 0.1521
vn -0.9850 0.0004 0.1724
vn -0.7928 -0.0003 0.6095
vn -0.8017 -0.0237 0.5972
vn -0.5275 0.0082 0.8495
vn -0.4629 -0.0415 0.8854
vn -0.1875 0.0437 0.9813
vn -0.1498 0.0000 0.9887
vn 0.2316 -0.0000 0.9728
vn 0.2316 0.0000 0.9728
vn 0.6784 -0.0000 0.7347
vn 0.6818 0.0092 0.7315
vn 0.8294 -0.0007 0.5586
vn 0.8297 0.0000 0.5582
vn 0.9459 -0.0000 0.3244
vn 0.9305 0.0577 0.3617
vn 0.9632 0.0000 -0.2688
vn 0.9848 0.0864 -0.1505
vn 0.9971 -0.0577 0.0490
vn -0.6924 -0.0000 -0.7215
vn 0.8051 0.0000 -0.5931
vn 0.8051 0.0000 -0.5931
vn 0.5384 0.0000 -0.8427
vn 0.5384 0.0000 -0.8427
vn 0.2300 0.0000 -0.9732
vn 0.2001 0.0378 -0.9790
vn -0.1882 -0.0455 -0.9811
vn -0.2802 0.0521 -0.9585
vn -0.6249 -0.1160 -0.7720
vn -0.9998 -0.0195 0.0083
vn -0.9971 -0.0737 -0.0189
vn -0.8713 0.0387 0.4893
vn -0.8560 0.0000 0.5170
vn -0.4906 0.0000 0.8714
vn -0.5378 -0.1016 0.8369
vn -0.1042 0.0354 0.9939
vn -0.0690 0.0000 0.9976
vn 0.3361 -0.0000 0.9418
vn 0.3361 0.0000 0.9418
vn 0.7290 -0.0000 0.6845
vn 0.7290 0.0000 0.6845
vn 0.9563 -0.0000 0.2924
vn 0.9553 -0.0048 0.2955
vn 0.9828 0.0008 0.1844
vn 0.9828 0.0000 0.1849
vn 0.9997 -0.0000 0.0263
vn 0.9997 0.0000 0.0263
vn 0.9682 0.0000 -0.2503
vn 0.9682 0.0000 -0.2503
vn 0.8051 0.0000 -0.5932
vn 0.8051 0.0000 -0.5932
vn 0.4367 0.0000 -0.8996
vn 0.4367 0.0000 -0.8996
vn -0.0315 0.0000 -0.9995
vn -0.0315 0.0000 -0.9995
vn -0.4935 0.0000 -0.8697
vn -0.4935 0.0000 -0.8697
vn -0.8651 0.0000 -0.5017
vn -0.8655 0.0015 -0.5009
vn -0.9812 -0.0003 -0.1931
vn -0.9811 -0.0007 -0.1934
vn -0.9831 -0.0008 0.1829
vn -0.9830 0.0000 0.1834
vn -0.8981 0.0000 0.4399
vn -0.8981 0.0000 0.4399
vn -0.6183 0.0000 0.7859
vn -0.5908 0.0408 0.8058
vn 0.2894 -0.0349 0.9566
vn 0.2277 0.0082 0.9737
vn -0.1446 -0.0237 0.9892
vn -0.1710 -0.0656 0.9831
vn 0.6338 0.0601 0.7712
vn 0.6825 -0.0396 0.7298
vn 0.9701 0.0458 0.2384
vn 0.9657 0.0000 0.2598
vn 0.9831 0.0000 -0.1832
vn 0.9829 0.0016 -0.1841
vn 0.9688 -0.0050 -0.2480
vn 0.9149 0.1369 -0.3797
vn 0.7631 -0.1317 -0.6328
vn 0.5878 0.0268 -0.8086
vn 0.5609 0.0000 -0.8279
vn 0.0521 0.0000 -0.9986
vn 0.0598 -0.0143 -0.9981
vn -0.5156 0.0134 -0.8567
vn -0.4821 0.0809 -0.8724
vn -0.8542 -0.0755 -0.5145
vn -0.8860 0.0000 -0.4636
vn -0.9995 0.0000 0.0306
vn -0.9996 -0.0079 0.0266
vn 0.8297 0.0000 -0.5583
vn 0.8304 -0.0023 -0.5572
vn 0.6954 0.0267 -0.7181
vn 0.7051 0.0000 -0.7091
vn 0.2219 0.0000 -0.9751
vn 0.2219 0.0000 -0.9751
vn -0.2047 0.0000 -0.9788
vn -0.2046 -0.0001 -0.9788
vn -0.5931 -0.0001 -0.8051
vn -0.5931 0.0000 -0.8051
vn -0.8841 0.0000 -0.4673
vn -0.8841 0.0000 -0.4673
vn -0.9994 0.0000 -0.0351
vn -0.9994 0.0000 -0.0351
vn -0.8925 0.0000 0.4511
vn -0.8970 -0.0174 0.4418
vn -0.8301 -0.0019 0.5576
vn -0.8294 0.0000 0.5586
vn -0.6867 0.0000 0.7269
vn -0.6867 0.0000 0.7269
vn -0.2703 0.0000 0.9628
vn -0.2703 0.0000 0.9628
vn 0.1952 -0.0000 0.9808
vn 0.2126 0.0242 0.9768
vn 0.6134 -0.0264 0.7893
vn 0.6295 0.0000 0.7770
vn 0.9300 -0.0000 0.3676
vn 0.8981 -0.1099 0.4258
vn 0.9987 0.0412 -0.0314
vn 0.9008 0.0000 -0.4342
vn 0.9109 0.0167 -0.4122
vn 0.9936 -0.0424 -0.1043
vn -0.5592 0.0000 0.8290
vn -0.5602 -0.0019 0.8284
vn 0.7895 0.0000 -0.6138
vn -0.3731 0.0000 0.9278
vn -0.3865 -0.0257 0.9219
vn 0.1521 -0.0000 0.9884
vn 0.0360 0.1641 0.9858
vn 0.2729 0.0004 0.9620
vn 0.5973 -0.0001 0.8020
vn 0.5974 0.0000 0.8019
vn 0.8496 -0.0000 0.5275
vn 0.8496 0.0000 0.5275
vn 0.9822 -0.0000 0.1877
vn 0.9822 0.0000 0.1877
vn 0.9744 0.0000 -0.2247
vn 0.9728 0.0075 -0.2316
vn 0.7938 -0.0103 -0.6081
vn 0.5656 0.0000 -0.8247
vn 0.5648 0.0016 -0.8252
vn 0.3918 -0.0182 -0.9199
vn 0.3830 0.0000 -0.9238
vn -0.1513 0.0000 -0.9885
vn -0.1510 -0.0004 -0.9885
vn -0.5929 -0.0004 -0.8053
vn -0.5931 0.0000 -0.8051
vn -0.8427 0.0000 -0.5384
vn -0.8427 0.0000 -0.5384
vn -0.9797 0.0000 -0.2003
vn -0.9797 0.0000 -0.2003
vn -0.9598 0.0000 0.2806
vn -0.9598 0.0000 0.2806
vn -0.7215 0.0000 0.6924
vn -0.7215 0.0000 0.6924
vn 0.1932 0.0000 -0.9812
vn 0.1932 0.0000 -0.9812
vn 0.0888 0.0000 -0.9960
vn 0.0888 0.0000 -0.9960
vn -0.2507 0.0000 -0.9681
vn -0.2503 -0.0003 -0.9682
vn -0.2393 0.0000 0.9709
vn -0.5930 -0.0003 -0.8052
vn -0.8767 0.0658 -0.4764
vn -0.8996 -0.0000 -0.4367
vn -0.5932 -0.0000 -0.8051
vn -0.9933 -0.1070 -0.0433
vn -0.9995 0.0000 0.0315
vn -0.8697 0.0000 0.4935
vn -0.8697 0.0000 0.4935
vn -0.5748 0.0000 0.8183
vn -0.5346 0.0495 0.8436
vn -0.3356 -0.0456 0.9409
vn -0.1771 0.0000 0.9842
vn -0.1771 0.0000 0.9842
vn -0.2006 0.0000 0.9797
vn -0.2006 0.0000 0.9797
vn 0.0284 -0.0000 0.9996
vn 0.0284 0.0000 0.9996
vn 0.3263 -0.0000 0.9453
vn 0.4886 0.0657 0.8700
vn 0.5422 0.0000 0.8403
vn 0.8413 -0.0000 0.5406
vn 0.8413 0.0000 0.5406
vn 0.9946 -0.0000 0.1042
vn 0.9946 0.0000 0.1042
vn 0.9558 0.0000 -0.2939
vn 0.9408 0.0460 -0.3357
vn 0.7244 -0.0882 -0.6837
vn 0.6845 0.0000 -0.7290
vn 0.3527 0.0000 -0.9357
vn 0.3527 0.0000 -0.9357
vn 0.1554 -0.0064 0.9878
vn 0.1598 0.0000 0.9872
vn 0.1745 -0.0000 0.9847
vn 0.1745 0.0000 0.9847
vn 0.4398 -0.0000 0.8981
vn 0.7792 0.0657 0.6233
vn 0.8084 0.0000 0.5886
vn 0.4398 0.0000 0.8981
vn 0.9713 -0.1102 0.2110
vn 0.9904 0.0000 0.1381
vn 0.9686 0.0000 -0.2486
vn 0.9686 0.0000 -0.2486
vn 0.8051 0.0000 -0.5932
vn 0.8051 0.0000 -0.5932
vn 0.4365 0.0000 -0.8997
vn 0.4365 0.0000 -0.8997
vn 0.0453 0.0000 -0.9990
vn 0.0453 0.0000 -0.9990
vn -0.1748 0.0000 -0.9846
vn -0.1748 0.0000 -0.9846
vn -0.1998 0.0000 -0.9798
vn -0.1998 0.0000 -0.9798
vn -0.4406 0.0000 -0.8977
vn -0.4406 0.0000 -0.8977
vn -0.8073 0.0000 -0.5902
vn -0.8073 0.0000 -0.5902
vn -0.9897 0.0000 -0.1428
vn -0.9897 0.0000 -0.1428
vn -0.9692 0.0000 0.2463
vn -0.9462 0.0639 0.3171
vn -0.8925 0.0000 0.4510
vn -0.7176 0.0000 0.6965
vn -0.7176 0.0000 0.6965
vn -0.2463 0.0000 0.9692
vn -0.2345 0.0218 0.9719
vn 0.8051 0.0000 -0.5932
vn 0.4790 0.0742 -0.8747
vn 0.4348 0.0000 -0.9005
vn 0.8051 0.0000 -0.5932
vn 0.0385 -0.1165 -0.9924
vn -0.0410 0.0000 -0.9992
vn -0.4173 0.0000 -0.9088
vn -0.4173 0.0000 -0.9088
vn -0.5509 0.0000 -0.8346
vn -0.5509 0.0000 -0.8346
vn -0.5707 0.0000 -0.8211
vn -0.5707 0.0000 -0.8211
vn -0.7590 0.0000 -0.6511
vn -0.7590 0.0000 -0.6511
vn -0.9746 0.0000 -0.2239
vn -0.9746 0.0000 -0.2239
vn -0.9721 0.0000 0.2344
vn -0.9653 0.0331 0.2590
vn -0.8395 -0.0216 0.5430
vn -0.7441 0.0706 0.6643
vn -0.6755 0.0000 0.7374
vn -0.3846 0.0000 0.9231
vn -0.3846 0.0000 0.9231
vn 0.1511 -0.0000 0.9885
vn 0.1678 0.0302 0.9854
vn 0.5297 -0.0086 0.8481
vn 0.5350 0.0000 0.8448
vn 0.5509 -0.0000 0.8346
vn 0.5509 0.0000 0.8346
vn 0.7269 -0.0000 0.6867
vn 0.7269 0.0000 0.6867
vn 0.9544 -0.0000 0.2987
vn 0.9544 0.0000 0.2987
vn 0.9887 0.0000 -0.1498
vn 0.9887 0.0000 -0.1498
vn 0.6820 0.7047 -0.1956
vn 0.5287 0.7053 0.4722
vn 0.8521 0.1930 0.4865
vn 0.8305 0.5119 0.2197
vn 0.6516 0.7064 0.2764
vn 0.6721 0.7063 0.2222
vn 0.6598 0.7221 0.2079
vn 0.7203 0.6793 0.1405
vn 0.7122 0.6888 0.1353
vn 0.6929 0.7198 0.0424
vn 0.7063 0.7061 0.0497
vn 0.7075 0.7066 -0.0148
vn 0.6849 0.7279 -0.0324
vn 0.7405 0.6645 -0.1009
vn 0.6938 0.7109 -0.1154
vn 0.6847 0.7015 -0.1979
vn 0.0000 1.0000 0.0000
vn 0.0000 1.0000 0.0000
vn 0.0000 1.0000 0.0000
vn 0.0000 1.0000 0.0000
vn 0.0000 1.0000 0.0000
vn 0.0000 1.0000 0.0000
vn -0.0000 1.0000 0.0000
vn 0.0000 1.0000 0.0000
vn 0.0000 1.0000 -0.0000
vn 0.0000 1.0000 0.0000
vn -0.6075 0.7059 -0.3642
vn -0.6837 0.7043 0.1910
vn -0.6318 0.6829 -0.3667
vn -0.6293 0.7279 -0.2722
vn -0.6453 0.7066 -0.2904
vn -0.6699 0.7070 -0.2267
vn -0.6551 0.7268 -0.2064
vn -0.7261 0.6705 -0.1521
vn -0.6987 0.7030 -0.1327
vn -0.7025 0.7111 -0.0298
vn -0.7647 0.6421 -0.0538
vn -0.6677 0.7428 0.0487
vn -0.7068 0.7066 0.0334
vn -0.6990 0.7068 0.1091
vn -0.6854 0.7191 0.1140
vn -0.6973 0.6879 0.2015
vn 0.0000 1.0000 0.0000
vn 0.0000 1.0000 0.0000
vn 0.0000 1.0000 0.0000
vn 0.0000 1.0000 0.0000
vn 0.0000 1.0000 -0.0000
vn 0.0000 1.0000 0.0000
vn -0.0000 1.0000 0.0000
vn -0.0000 1.0000 0.0000
vn 0.0373 0.7068 -0.7064
vn 0.0113 0.7271 -0.6865
vn -0.5216 0.7058 -0.4794
vn -0.0043 0.7069 -0.7073
vn -0.0622 0.7068 -0.7047
vn -0.0696 0.7216 -0.6888
vn -0.1568 0.6821 -0.7142
vn -0.1575 0.6864 -0.7100
vn -0.2348 0.7224 -0.6504
vn -0.2332 0.7067 -0.6680
vn -0.2937 0.7071 -0.6432
vn -0.3002 0.7281 -0.6163
vn -0.3861 0.6661 -0.6381
vn -0.3810 0.7092 -0.5932
vn -0.4631 0.7023 -0.5407
vn -0.4796 0.6559 -0.5829
vn -0.4963 0.7309 -0.4686
vn -0.5113 0.7048 -0.4917
vn 0.0000 1.0000 0.0000
vn 0.0000 1.0000 0.0000
vn 0.0000 1.0000 0.0000
vn 0.0000 1.0000 0.0000
vn 0.0000 1.0000 0.0000
vn 0.0000 1.0000 0.0000
vn 0.0000 1.0000 0.0000
vn 0.0000 1.0000 0.0000
vn -0.0000 1.0000 0.0000
vn 0.0000 1.0000 0.0000
vn 0.1685 0.7049 -0.6890
vn 0.6190 0.7059 -0.3442
vn 0.6138 0.7138 -0.3372
vn 0.5764 0.6962 -0.4279
vn 0.6044 0.6664 -0.4365
vn 0.4922 0.7330 -0.4694
vn 0.5207 0.7067 -0.4790
vn 0.4700 0.7071 -0.5283
vn 0.4479 0.7257 -0.5223
vn 0.4194 0.6743 -0.6078
vn 0.3985 0.6986 -0.5943
vn 0.3156 0.7140 -0.6250
vn 0.3220 0.7067 -0.6300
vn 0.2659 0.7072 -0.6551
vn 0.2375 0.7287 -0.6424
vn 0.2268 0.7070 -0.6698
vn 0.1676 0.7067 -0.6874
vn 0.1675 0.7218 -0.6715
vn 0.1321 0.7070 -0.6947
vn 0.0000 1.0000 0.0000
vn 0.0000 1.0000 0.0000
vn 0.0000 1.0000 -0.0000
vn -0.0000 1.0000 0.0000
vn 0.0000 1.0000 -0.0000
vn 0.0000 1.0000 0.0000
vn 0.0000 1.0000 -0.0000
vn 0.0000 1.0000 0.0000
vn 0.0000 1.0000 -0.0000
vn 0.0000 1.0000 0.0000
vn 0.0000 1.0000 0.0000
vn 0.5247 0.7061 0.4755
vn 0.4355 0.7831 0.4440
vn -0.0404 0.7069 0.7062
vn -0.1792 0.6040 0.7766
vn -0.0101 0.7919 0.6106
vn 0.0791 0.7062 0.7035
vn 0.0712 0.7065 0.7041
vn 0.0712 0.7065 0.7041
vn 0.1533 0.7065 0.6909
vn 0.1533 0.7065 0.6909
vn 0.2332 0.7065 0.6682
vn 0.2332 0.7065 0.6682
vn 0.3100 0.7065 0.6362
vn 0.3100 0.7065 0.6362
vn 0.3824 0.7065 0.5955
vn 0.3824 0.7065 0.5955
vn 0.4496 0.7065 0.5465
vn 0.4496 0.7065 0.5465
vn 0.5104 0.7065 0.4903
vn 0.5113 0.7048 0.4917
vn 0.0000 1.0000 0.0000
vn -0.0000 1.0000 0.0000
vn 0.0000 1.0000 0.0000
vn -0.0000 1.0000 -0.0000
vn 0.0000 1.0000 -0.0000
vn 0.0000 1.0000 0.0000
vn 0.0000 1.0000 0.0000
vn 0.0000 1.0000 0.0000
vn 0.0000 1.0000 -0.0000
vn 0.0000 1.0000 0.0000
vn 0.0000 1.0000 0.0000
vn -0.1702 0.7048 0.6887
vn -0.6191 0.7059 0.3440
vn -0.6144 0.7132 0.3375
vn -0.5759 0.6967 0.4277
vn -0.6065 0.6642 0.4370
vn -0.4923 0.7335 0.4687
vn -0.5220 0.7061 0.4784
vn -0.4710 0.7064 0.5283
vn -0.4503 0.7241 0.5224
vn -0.4190 0.6753 0.6070
vn -0.4026 0.6945 0.5963
vn -0.3162 0.7158 0.6227
vn -0.3247 0.7061 0.6293
vn -0.2486 0.7061 0.6631
vn -0.2515 0.7469 0.6155
vn -0.2287 0.7067 0.6695
vn -0.1695 0.7063 0.6874
vn -0.1693 0.7161 0.6772
vn 0.0000 1.0000 0.0000
vn -0.0000 1.0000 0.0000
vn 0.0000 1.0000 0.0000
vn 0.0000 1.0000 0.0000
vn 0.0000 1.0000 0.0000
vn -0.0000 1.0000 0.0000
vn 0.0000 1.0000 0.0000
vn 0.0000 1.0000 0.0000
vn 0.0000 1.0000 0.0000
vn 0.0000 -1.0000 0.0000
vn 0.0000 -1.0000 0.0000
vn 0.0000 -1.0000 0.0000
vn -0.0000 -1.0000 0.0000
vn 0.0000 -1.0000 0.0000
vn -0.0390 -0.9969 0.0687
vn 0.0000 -1.0000 0.0000
vn 0.0000 -1.0000 0.0000
vn 0.0000 -1.0000 0.0000
vn 0.4823 -0.1975 -0.8535
vn 0.4686 0.0000 -0.8834
vn 0.9691 -0.1988 0.1460
vn 0.3733 0.0000 -0.9277
vn 0.6273 -0.2210 -0.7468
vn 0.8861 -0.1886 -0.4234
vn 0.8940 -0.2089 -0.3965
vn 0.9847 -0.1440 0.0978
vn 0.8182 -0.1935 0.5413
vn 0.8083 0.0000 0.5888
vn 0.7660 0.0000 0.6429
vn 0.7660 0.0000 0.6429
vn 0.9469 -0.0000 0.3217
vn 0.5658 -0.2134 0.7964
vn 0.3138 -0.2006 0.9281
vn 0.3058 -0.1942 0.9321
vn 0.9058 -0.2649 0.3307
vn 0.1573 0.0554 0.9860
vn 0.7023 0.0557 0.7097
vn 0.6324 -0.2364 0.7377
vn 0.5373 -0.2381 0.8091
vn 0.5421 -0.2241 0.8099
vn 0.2271 -0.2149 0.9499
vn 0.3162 -0.1292 0.9398
vn -0.2695 -0.2708 0.9241
vn -0.1291 -0.0960 0.9870
vn -0.7730 -0.3467 0.5312
vn -0.6441 -0.0215 0.7646
vn -0.8595 -0.2265 0.4583
vn -0.8628 0.0051 0.5055
vn 0.9403 -0.1976 -0.2772
vn 0.9421 -0.1849 -0.2799
vn 0.4024 -0.2093 0.8912
vn 0.3444 -0.1719 0.9230
vn 0.6351 -0.2353 0.7357
vn 0.8647 0.0000 0.5023
vn 0.9785 -0.0000 0.2060
vn 0.9204 -0.2132 0.3278
vn 0.1902 -0.2121 0.9586
vn 0.1427 0.0000 0.9898
vn 0.1387 0.0000 0.9903
vn 0.0851 -0.2121 0.9735
vn -0.3487 -0.2143 0.9124
vn -0.3235 -0.1987 0.9251
vn -0.0850 -0.8919 0.4442
vn 0.4303 -0.2605 0.8643
vn 0.2941 -0.1707 0.9404
vn -0.0690 -0.1860 0.9801
vn -0.0749 -0.2120 0.9744
vn -0.2064 -0.2119 0.9552
vn -0.2052 -0.2054 0.9569
vn -0.6694 -0.2559 0.6974
vn -0.6429 -0.2031 0.7385
vn -0.9742 -0.1389 0.1780
vn -0.9718 -0.2177 0.0910
vn -0.9580 -0.0000 -0.2867
vn -0.9297 -0.2056 -0.3056
vn 0.8672 -0.1976 0.4570
vn 0.8633 -0.2124 0.4579
vn -0.1420 -0.2161 0.9660
vn -0.0975 -0.1722 0.9802
vn 0.3950 -0.2258 0.8905
vn 0.4096 -0.2146 0.8867
vn 0.7464 -0.2232 0.6270
vn 0.7618 -0.2088 0.6133
vn -0.5440 -0.1625 0.8232
vn -0.5251 -0.2250 0.8208
vn -0.6564 -0.2267 0.7196
vn -0.6548 -0.1707 0.7363
vn -0.9320 -0.1662 0.3222
vn -0.9223 -0.1338 0.3626
vn -0.3679 -0.1134 0.9229
vn -0.4829 -0.2278 0.8455
vn -0.6970 -0.2034 0.6876
vn -0.4593 0.0000 0.8883
vn -0.7658 0.0000 0.6431
vn -0.7658 0.0000 0.6431
vn -0.8145 0.0000 0.5802
vn -0.8237 -0.1499 0.5469
vn -0.9876 -0.1137 0.1083
vn -0.9766 0.0000 0.2152
vn -0.9560 -0.0000 -0.2935
vn -0.8969 -0.1706 -0.4080
vn -0.4922 -0.1554 -0.8565
vn -0.6736 0.0000 -0.7391
vn -0.4686 -0.0000 -0.8834
vn -0.4686 0.0000 -0.8834
vn 0.2943 -0.1789 0.9388
vn 0.2867 -0.2124 0.9342
vn 0.0760 -0.2075 0.9753
vn 0.0850 -0.2000 0.9761
vn -0.5745 -0.2782 0.7698
vn -0.3575 0.0000 0.9339
vn -0.7059 0.0000 0.7083
vn -0.7791 -0.1428 0.6104
vn -0.9639 -0.1768 0.1991
vn -0.9591 -0.1972 0.2028
vn -0.9792 -0.1968 0.0484
vn -0.9962 0.0000 0.0871
vn -0.9066 -0.2119 -0.3648
vn -0.9958 0.0000 -0.0910
vn -0.9890 -0.1419 0.0420
vn -0.9755 -0.2170 -0.0361
vn -0.9710 -0.1600 0.1778
vn -0.9273 -0.0060 0.3742
vn -0.9995 0.0021 -0.0324
vn -0.9738 -0.2121 -0.0825
vn -0.9545 -0.2119 -0.2098
vn -0.9598 -0.1906 -0.2059
vn -0.6752 -0.2145 -0.7057
vn -0.7207 -0.1428 -0.6783
vn 0.0358 -0.2912 -0.9560
vn -0.0865 -0.1512 -0.9847
vn 0.2836 -0.2265 -0.9318
vn 0.2772 -0.1690 -0.9458
vn -0.4686 0.0000 0.8834
vn -0.4686 0.0000 0.8834
vn -0.3286 0.0000 0.9445
vn -0.5997 -0.2094 0.7723
vn -0.9494 -0.1893 0.2506
vn -0.9167 -0.0036 0.3996
vn -0.9715 -0.1795 -0.1547
vn -1.0000 0.0029 -0.0020
vn -0.8241 -0.1304 -0.5512
vn -0.8149 0.0000 -0.5796
vn -0.7660 -0.0000 -0.6429
vn -0.7660 0.0000 -0.6429
vn -0.7464 0.0000 -0.6654
vn -0.4135 -0.2124 -0.8854
vn -0.6612 -0.1898 -0.7258
vn -0.6462 -0.2359 -0.7258
vn -0.5159 -0.2380 -0.8229
vn -0.5360 -0.1722 -0.8265
vn -0.0535 -0.2079 -0.9767
vn -0.0343 -0.2311 -0.9723
vn 0.6471 -0.1612 -0.7452
vn 0.6299 -0.1294 -0.7658
vn 0.8591 -0.2265 -0.4589
vn 0.8652 -0.1587 -0.4757
vn -0.9491 0.0000 0.3151
vn -0.9402 -0.1951 0.2793
vn -0.5881 -0.1400 -0.7966
vn -0.5718 -0.1612 -0.8044
vn -0.9521 -0.2310 -0.2005
vn -0.9582 -0.2154 -0.1884
vn -0.1971 -0.1560 -0.9679
vn -0.2048 -0.1972 -0.9587
vn -0.0741 -0.1972 -0.9776
vn -0.0765 -0.1872 -0.9793
vn 0.4141 -0.2779 -0.8668
vn 0.2556 -0.1761 -0.9506
vn 0.7904 -0.2694 -0.5501
vn 0.4468 0.0000 -0.8946
vn -0.4869 -0.0000 -0.8735
vn -0.2744 -0.2178 -0.9366
vn -0.3388 -0.1975 -0.9199
vn -0.3507 -0.2044 -0.9139
vn 0.1246 -0.2115 -0.9694
vn 0.0867 0.0000 -0.9962
vn 0.1387 0.0000 -0.9903
vn 0.1893 -0.2241 -0.9560
vn 0.4512 -0.2187 -0.8652
vn 0.4352 -0.2056 -0.8765
vn 0.8634 -0.1533 -0.4807
vn 0.7929 0.0060 -0.6094
vn 0.9948 -0.0074 -0.1016
vn 0.9536 -0.1860 -0.2366
vn 0.9321 -0.2265 0.2827
vn 0.9331 -0.2227 0.2823
vn -0.8535 -0.1975 -0.4823
vn -0.8834 0.0000 -0.4686
vn 0.1442 -0.1332 -0.9805
vn 0.2465 -0.2614 -0.9332
vn -0.3979 -0.1925 -0.8970
vn -0.3770 -0.2120 -0.9016
vn -0.7464 -0.2232 -0.6270
vn -0.9210 0.0000 -0.3896
vn 0.5451 -0.1494 -0.8249
vn 0.5634 -0.0747 -0.8228
vn 0.6562 -0.0605 -0.7522
vn 0.6499 -0.0059 -0.7600
vn 0.9103 -0.2354 -0.3405
vn 0.4136 -0.0032 -0.9104
vn 0.8465 -0.1807 -0.5008
vn 0.8846 -0.2483 -0.3948
vn 0.3492 -0.1278 -0.9283
vn 0.4124 -0.2017 -0.8884
vn 0.9376 0.0000 -0.3477
vn 0.5663 -0.2094 -0.7971
vn 0.8018 0.0000 -0.5976
vn 0.7447 0.2327 -0.6255
vn 0.7506 0.2316 -0.6188
vn 0.8166 -0.1852 -0.5467
vn 0.9597 -0.2450 -0.1374
vn 0.9847 -0.1632 -0.0615
vn 0.8019 -0.1380 0.5813
vn 0.8487 -0.0193 0.5286
vn 0.4178 -0.3595 0.8344
vn 0.5051 0.0031 0.8631
vn -0.0000 -1.0000 0.0000
vn 0.0000 -1.0000 0.0000
vn 0.0000 -1.0000 0.0000
vn 0.0000 -1.0000 0.0000
vn 0.0000 -1.0000 0.0000
vn -0.0000 -1.0000 0.0000
vn 0.0000 -1.0000 -0.0000
vn 0.0000 -1.0000 0.0000
vn 0.0000 -1.0000 -0.0000
vn 0.0000 -1.0000 0.0000
vn 0.0000 -1.0000 0.0000
vn 0.0000 -1.0000 0.0000
vn 0.0000 -1.0000 0.0000
vn 0.0000 -1.0000 -0.0000
vn -0.0000 -1.0000 0.0000
vn 0.0000 -1.0000 0.0000
vn -0.0000 -1.0000 0.0000
vn 0.0000 -1.0000 -0.0000
vn 0.0000 -1.0000 0.0000
vn 0.0000 -1.0000 0.0000
vn 0.0000 -1.0000 -0.0000
vn 0.0000 -1.0000 0.0000
vn 0.0000 -1.0000 -0.0000
vn 0.0000 -1.0000 0.0000
vn 0.0000 -1.0000 0.0000
vn 0.0000 -1.0000 0.0000
vn 0.0000 -1.0000 -0.0000
vn 0.0000 -1.0000 0.0000
vn -0.0000 -1.0000 0.0000
vn 0.0000 -1.0000 0.0000
vn -0.0000 -1.0000 0.0000
vn 0.0000 -1.0000 0.0000
vn 0.0000 -1.0000 0.0000
vn 0.0000 -1.0000 0.0000
vn 0.0000 -1.0000 0.0000
vn 0.0000 -1.0000 0.0000
vn 0.0000 -1.0000 0.0000
vn -0.0000 -1.0000 0.0000
vn 0.0000 -1.0000 0.0000
vn 0.0000 -1.0000 0.0000
vn 0.0000 -1.0000 0.0000
vn 0.0000 -1.0000 0.0000
vn 0.0000 -1.0000 0.0000
vn 0.0000 -1.0000 -0.0000
vn 0.0000 -1.0000 0.0000
vn 0.0000 -1.0000 -0.0000
vn 0.0000 -1.0000 0.0000
vn 0.0000 -1.0000 -0.0000
vn 0.0000 -1.0000 0.0000
vn -0.0000 -1.0000 0.0000
vn -0.0000 -1.0000 0.0000
vn 0.0000 -1.0000 0.0000
vn 0.0000 -1.0000 0.0000
vn 0.0000 -1.0000 0.0000
vn 0.0000 -1.0000 -0.0000
vn 0.0000 -1.0000 0.0000
vn 0.0000 -1.0000 0.0000
vn 0.0000 -1.0000 0.0000
vn 0.0000 -1.0000 0.0000
vn 0.0000 -1.0000 0.0000
vn 0.0000 -1.0000 0.0000
vn 0.0000 -1.0000 -0.0000
vn -0.0000 -1.0000 -0.0000
vn 0.0000 -1.0000 0.0000
vn 0.0000 -1.0000 0.0000
vn 0.0000 -1.0000 -0.0000
vn 0.0000 -1.0000 0.0000
vn -0.0000 -1.0000 -0.0000
vn 0.0000 -1.0000 -0.0000
vn 0.0000 -1.0000 -0.0000
vn 0.0000 -1.0000 0.0000
vn 0.0000 -1.0000 -0.0000
vn 0.0000 -1.0000 0.0000
vn 0.0000 -1.0000 0.0000
vn 0.0000 -1.0000 0.0000
vn 0.0000 -1.0000 0.0000
vn -0.0000 -1.0000 0.0000
vn 0.0000 -1.0000 0.0000
vn 0.0000 -1.0000 0.0000
vn 0.0000 -1.0000 0.0000
vn 0.0000 -1.0000 0.0000
vn 0.0000 -1.0000 0.0000
vn 0.0000 -1.0000 0.0000
vn 0.0000 -1.0000 0.0000
vn 0.0000 -1.0000 0.0000
vn 0.0000 -1.0000 0.0000
vn 0.0000 -1.0000 -0.0000
vn 0.0000 -1.0000 0.0000
vn 0.0000 -1.0000 0.0000
vn 0.0000 -1.0000 0.0000
vn 0.0000 -1.0000 0.0000
vn 0.0000 -1.0000 0.0000
vn 0.0000 -1.0000 0.0000
vn 0.0000 -1.0000 0.0000
vn 0.0000 -1.0000 0.0000
vn -0.0000 -1.0000 0.0000
vn 0.0000 -1.0000 0.0000
vn -0.0000 -1.0000 0.0000
vn 0.0000 -1.0000 0.0000
vn 0.0000 -1.0000 0.0000
vn 0.0000 -1.0000 0.0000
vn 0.0000 -1.0000 0.0000
vn 0.0000 -1.0000 0.0000
vn 0.0000 -1.0000 0.0000
vn 0.0000 -1.0000 0.0000
vn 0.0000 -1.0000 0.0000
vn -0.0000 -1.0000 0.0000
vn 0.0000 -1.0000 0.0000
vn -0.0000 -1.0000 0.0000
vn 0.0000 -1.0000 -0.0000
vn 0.0000 -1.0000 0.0000
vn 0.0000 -1.0000 0.0000
vn 0.0000 -1.0000 0.0000
vn -0.0000 -1.0000 0.0000
vn 0.0000 -1.0000 0.0000
vn 0.0000 -1.0000 0.0000
vn 0.0000 -1.0000 0.0000
vn -0.0000 -1.0000 0.0000
vn 0.0000 -1.0000 -0.0000
vn 0.0000 -1.0000 0.0000
vn -0.0000 -1.0000 0.0000
vn 0.0000 -1.0000 0.0000
vn 0.0000 -1.0000 0.0000
vn -0.0000 -1.0000 0.0000
vn 0.0000 -1.0000 0.0000
vn 0.0000 -1.0000 0.0000
vn 0.0000 -1.0000 0.0000
vn 0.0000 -1.0000 0.0000
vn 0.0000 -1.0000 0.0000
vn 0.0000 -1.0000 0.0000
vn 0.0000 -1.0000 0.0000
vn 0.0000 -1.0000 0.0000
vn 0.0000 -1.0000 0.0000
vn 0.0000 -1.0000 0.0000
vn -0.2634 -0.3021 -0.9162
vn -0.3004 -0.1251 -0.9456
vn 0.7841 -0.1746 -0.5956
vn 0.6935 0.0000 -0.7205
vn 0.2197 0.0000 -0.9756
vn 0.3428 -0.2067 -0.9164
vn 0.9624 -0.1859 -0.1979
vn 0.9871 0.0000 -0.1598
vn 0.9929 0.0000 -0.1190
vn 0.9857 -0.1448 -0.0862
vn 0.9371 -0.1601 0.3101
vn 0.9564 -0.2367 0.1711
vn 0.5229 -0.0933 -0.8473
vn 0.8038 -0.2530 -0.5385
vn 0.9964 0.0234 -0.0814
vn 0.9989 0.0000 -0.0460
vn 0.8771 -0.0000 0.4802
vn 0.6581 -0.2245 0.7187
vn 0.9438 -0.1543 -0.2923
vn 0.9609 -0.2131 -0.1768
vn 0.9848 -0.1336 0.1111
vn 0.9962 0.0000 0.0867
vn 0.9897 0.0000 0.1431
vn 0.9596 -0.2077 0.1900
vn 0.6674 -0.2937 0.6843
vn 0.8957 0.0000 0.4447
vn 0.8087 0.0000 0.5882
vn 0.5937 -0.2258 0.7724
vn 0.1454 -0.1736 0.9740
vn 0.0853 -0.2230 0.9711
vn -0.2854 -0.1976 0.9378
vn -0.2760 -0.1153 0.9542
vn -0.0472 0.7071 0.7055
vn -0.0472 0.7072 0.7055
vn 0.0765 0.6988 0.7112
vn 0.4731 0.6789 0.5615
vn 0.4607 0.6137 0.6413
vn 0.1034 0.7386 0.6662
vn 0.6869 0.6696 0.2826
vn 0.6593 0.6898 0.2990
vn 0.6814 0.7308 -0.0395
vn 0.6799 0.7321 -0.0411
vn 0.1223 0.7041 -0.6995
vn 0.5284 0.7488 -0.4000
vn 0.6793 0.6599 -0.3210
vn 0.5567 0.8059 -0.2015
vn -0.0513 0.8938 -0.4456
vn 0.3441 0.7010 -0.6247
vn 0.1609 0.7388 -0.6545
vn 0.0396 0.7081 -0.7050
vn 0.0401 0.7071 -0.7060
vn -0.5323 0.7071 0.4655
vn -0.5320 0.7073 0.4655
vn -0.4812 0.7216 0.4977
vn -0.4751 0.7025 0.5299
vn -0.2117 0.6829 0.6991
vn -0.2033 0.6897 0.6950
vn 0.1402 0.6889 0.7112
vn 0.1626 0.7137 0.6813
vn 0.4548 0.6929 0.5595
vn 0.4849 0.7328 0.4773
vn 0.6342 0.6814 0.3652
vn 0.6414 0.7604 0.1016
vn 0.6698 0.7287 0.1427
vn 0.6749 0.7044 -0.2199
vn 0.6785 0.7017 -0.2173
vn 0.5373 0.7054 -0.4622
vn 0.5645 0.6766 -0.4729
vn -0.7055 0.7071 -0.0472
vn -0.7055 0.7072 -0.0472
vn 0.3981 0.6655 0.6314
vn 0.3728 0.6834 0.6277
vn 0.6272 0.7060 0.3289
vn 0.6453 0.6509 0.3999
vn 0.6788 0.7233 0.1269
vn 0.7080 0.7009 0.0863
vn 0.0691 0.6914 0.7192
vn 0.0810 0.7045 0.7051
vn -0.2129 0.7041 0.6775
vn -0.2574 0.7403 0.6211
vn -0.4071 0.7004 0.5863
vn -0.5329 0.7498 0.3923
vn -0.5117 0.7643 0.3925
vn -0.7000 0.6754 0.2321
vn -0.6600 0.7493 0.0539
vn -0.7090 0.7052 -0.0004
vn 0.7060 0.7066 0.0466
vn 0.6958 0.7171 0.0395
vn -0.4564 0.7408 -0.4928
vn -0.4655 0.7072 -0.5322
vn 0.3334 0.7257 0.6019
vn 0.2917 0.6645 0.6880
vn 0.0314 0.7392 0.6728
vn -0.0275 0.7039 0.7097
vn -0.3219 0.7409 0.5894
vn -0.3782 0.6966 0.6096
vn -0.5631 0.7086 0.4252
vn -0.6127 0.6779 0.4063
vn -0.6801 0.7198 0.1392
vn -0.7602 0.6462 0.0668
vn -0.6488 0.7254 -0.2300
vn -0.6455 0.7301 -0.2243
vn -0.4853 0.7269 -0.4858
vn 0.4705 0.7081 0.5266
vn 0.4742 0.6979 0.5368
vn 0.1492 0.7057 -0.6926
vn 0.0407 0.7931 -0.6077
vn -0.6954 0.6828 0.2240
vn -0.5716 0.7465 0.3407
vn -0.5643 0.7071 0.4262
vn -0.3942 0.7045 0.5901
vn -0.3226 0.7373 0.5936
vn -0.1088 0.7128 0.6929
vn -0.1816 0.6898 0.7009
vn -0.6514 0.7572 0.0471
vn -0.6948 0.7192 -0.0003
vn -0.6828 0.6984 -0.2145
vn -0.6549 0.7188 -0.2334
vn -0.5757 0.7397 -0.3485
vn -0.5811 0.7068 -0.4034
vn -0.3596 0.6820 -0.6368
vn -0.3965 0.7588 -0.5168
vn -0.2237 0.7037 -0.6744
vn -0.0404 0.7389 -0.6727
vn 0.0004 0.7053 -0.7089
vn -0.0396 0.7081 0.7050
vn -0.0431 0.7005 0.7124
vn 0.5047 0.7310 -0.4593
vn 0.5322 0.7072 -0.4655
vn -0.6271 0.7618 0.1626
vn -0.5885 0.7116 0.3839
vn -0.6488 0.7357 0.1944
vn -0.7229 0.6835 -0.1008
vn -0.6283 0.7543 -0.1904
vn -0.6388 0.6602 -0.3950
vn -0.5061 0.7166 -0.4799
vn -0.3355 0.6137 -0.7147
vn -0.3487 0.6322 -0.6919
vn -0.0301 0.7442 -0.6673
vn -0.0779 0.7765 -0.6253
vn 0.3208 0.7839 -0.5316
vn 0.3324 0.7993 -0.5007
vn 0.4804 0.7340 -0.4800
vn -0.5394 0.7047 0.4609
vn -0.5037 0.7377 0.4495
vn 0.6837 0.7138 0.1515
vn 0.5918 0.8056 0.0279
vn 0.6691 0.7418 -0.0461
vn 0.6822 0.7287 -0.0608
vn 0.6486 0.6829 -0.3361
vn 0.3677 0.8113 -0.4545
vn 0.4586 0.7546 -0.4693
vn 0.2161 0.7102 -0.6701
vn -0.0106 0.7993 -0.6009
vn 0.0508 0.7499 -0.6596
vn -0.2655 0.6879 -0.6755
vn -0.3666 0.7760 -0.5132
vn -0.3635 0.7494 -0.5534
vn -0.5513 0.8206 -0.1510
vn -0.6757 0.6305 -0.3820
vn -0.6714 0.7364 -0.0831
vn -0.6987 0.7037 -0.1291
vn -0.7049 0.7082 -0.0396
vn -0.7060 0.7071 -0.0402
vn 0.4620 0.7208 0.5166
vn 0.4655 0.7072 0.5322
vn 0.4968 0.7185 0.4868
vn 0.4732 0.7328 0.4890
vn 0.6877 0.6740 0.2700
vn 0.6836 0.6804 0.2641
vn 0.7150 0.6935 -0.0887
vn 0.7089 0.6990 -0.0940
vn -0.1833 0.7595 -0.6241
vn -0.1039 0.7093 -0.6972
vn 0.0871 0.7244 -0.6839
vn 0.1494 0.7544 -0.6392
vn 0.2683 0.7027 -0.6590
vn 0.5630 0.6849 -0.4626
vn 0.3696 0.8166 -0.4434
vn 0.5915 0.7175 -0.3678
vn -0.3320 0.7008 -0.6314
vn -0.4400 0.7331 -0.5186
vn -0.4607 0.7047 -0.5397
vn -0.4484 0.7393 -0.5024
vn 0.5836 0.7072 0.3990
vn 0.5668 0.7223 0.3962
vn 0.5454 0.7374 0.3985
vn 0.7092 0.6966 -0.1082
vn 0.6384 0.7035 0.3123
vn 0.5694 0.8182 0.0793
vn 0.7715 0.5783 0.2651
vn 0.6693 0.7324 -0.1254
vn 0.2440 0.7185 -0.6513
vn 0.4086 0.8521 -0.3270
vn 0.6392 0.7067 -0.3034
vn 0.2521 0.8083 -0.5321
vn 0.2337 0.7181 -0.6555
vn -0.0926 0.7357 -0.6710
vn -0.1145 0.7133 -0.6915
vn 0.1097 0.6922 -0.7134
vn -0.4015 0.6513 -0.6439
vn -0.4100 0.7298 -0.5471
vn -0.6408 0.6238 -0.4475
vn -0.6039 0.6612 -0.4451
vn -0.5899 0.7071 -0.3900
vn 0.3408 0.7403 0.5795
vn 0.4643 0.6204 0.6320
vn -0.3390 0.7126 0.6143
vn -0.3355 0.7055 0.6242
vn -0.0717 0.7311 0.6785
vn -0.0611 0.7388 0.6711
vn 0.0744 0.6033 0.7940
vn -0.6056 0.6549 0.4521
vn -0.5053 0.8234 0.2582
vn -0.5210 0.6942 0.4967
vn -0.6814 0.7243 0.1053
vn -0.6472 0.7524 0.1225
vn -0.7298 0.6784 -0.0845
vn -0.6177 0.7576 -0.2110
vn -0.6498 0.7029 -0.2891
vn 0.5833 0.6892 -0.4298
vn 0.5753 0.6960 -0.4296
vn 0.3699 0.6435 -0.6702
vn 0.3096 0.7061 -0.6369
vn 0.0495 0.6973 -0.7150
vn -0.0194 0.7577 -0.6523
vn -0.1811 0.6746 -0.7156
vn -0.3478 0.7600 -0.5490
vn -0.3415 0.6979 -0.6295
vn -0.5490 0.7026 -0.4527
vn -0.5374 0.7582 -0.3692
vn -0.6878 0.6743 -0.2688
vn -0.6736 0.7210 -0.1625
vn -0.6994 0.7020 -0.1345
vn -0.6950 0.7070 -0.1304
vn 0.4131 0.7759 0.4767
vn 0.3174 0.9055 -0.2818
vn 0.6765 0.7033 0.2186
vn 0.5669 0.7269 0.3876
vn 0.4552 0.8013 0.3882
vn 0.2902 0.7321 0.6163
vn 0.1918 0.7849 0.5892
vn 0.1479 0.7302 0.6670
vn 0.2246 0.7308 0.6446
vn -0.0404 0.9122 0.4078
vn -0.3648 0.8822 0.2978
vn -0.3472 0.7191 0.6019
vn -0.6567 0.6077 0.4466
vn -0.5362 0.7219 0.4374
vn -0.6697 0.6996 0.2491
vn -0.7039 0.6784 0.2102
vn -0.6508 0.7576 0.0498
vn -0.7112 0.7029 -0.0093
vn 0.6960 0.7071 0.1252
vn 0.6868 0.7148 0.1321
vn 0.6928 0.7071 0.1418
vn 0.7098 0.7030 0.0442
vn 0.7098 0.7030 0.0442
vn 0.6906 0.7030 -0.1698
vn 0.6906 0.7030 -0.1698
vn 0.4297 0.9019 0.0430
vn 0.6788 0.7244 -0.1203
vn 0.6929 0.7071 -0.1412
vn 0.5969 0.6688 -0.4431
vn 0.4720 0.8583 -0.2012
vn 0.6048 0.6922 -0.3937
vn 0.3336 0.8266 -0.4532
vn 0.4505 0.7402 -0.4991
vn 0.1997 0.6764 -0.7089
vn 0.1135 0.7449 -0.6575
vn -0.0613 0.6837 -0.7272
vn -0.1294 0.7412 -0.6587
vn -0.3207 0.6638 -0.6757
vn -0.3467 0.7043 -0.6194
vn -0.5122 0.7014 -0.4957
vn -0.5151 0.6574 -0.5500
vn -0.6113 0.7454 -0.2659
vn -0.6382 0.7049 -0.3097
vn -0.7167 0.6964 -0.0366
vn -0.7125 0.7009 -0.0323
vn -0.6963 0.7070 0.1236
vn -0.7050 0.6964 0.1344
vn -0.6929 0.7071 0.1413
vn 0.7093 0.7033 -0.0478
vn 0.6483 0.7547 -0.1009
vn 0.7725 0.6230 0.1231
vn 0.6371 0.7400 0.2155
vn 0.6238 0.3319 0.7076
vn 0.4360 0.8550 0.2810
vn 0.3699 0.6274 0.6852
vn 0.1923 0.7349 0.6504
vn 0.0473 0.6552 0.7539
vn -0.0928 0.7601 0.6431
vn -0.2025 0.6852 0.6996
vn -0.4065 0.7251 0.5559
vn -0.3710 0.7524 0.5443
vn -0.5758 0.6784 0.4562
vn -0.5860 0.7576 0.2876
vn -0.6639 0.7029 0.2551
vn -0.6419 0.7666 -0.0147
vn -0.7057 0.7079 0.0290
vn -0.7112 0.6562 0.2521
vn -0.6386 0.7115 0.2932
vn -0.6805 0.6959 -0.2294
vn -0.5834 0.7618 -0.2816
vn -0.5936 0.6867 -0.4195
vn -0.4852 0.7172 -0.5002
vn -0.4088 0.6284 -0.6619
vn -0.3818 0.6520 -0.6550
vn -0.1084 0.6907 -0.7150
vn -0.1119 0.6972 -0.7081
vn 0.1701 0.7007 -0.6929
vn 0.2007 0.7407 -0.6412
vn 0.3689 0.6827 -0.6307
vn 0.4529 0.7517 -0.4794
vn 0.5252 0.7019 -0.4811
vn -0.5875 0.7070 0.3938
vn -0.6038 0.6777 0.4197
vn -0.5960 0.7000 0.3934
vn -0.4949 0.7010 0.5134
vn -0.3734 0.7842 0.4956
vn -0.2860 0.6830 0.6721
vn -0.0230 0.7793 0.6262
vn -0.1560 0.5866 0.7947
vn 0.1544 0.7457 0.6481
vn 0.2342 0.6855 0.6894
vn 0.4356 0.7306 0.5258
vn 0.4355 0.7318 0.5242
vn 0.6393 0.6786 0.3617
vn 0.6073 0.7531 0.2531
vn 0.7416 0.6613 0.1127
vn 0.6383 0.7673 -0.0619
vn 0.7064 0.6910 -0.1535
vn 0.6275 0.7040 -0.3325
vn 0.6115 0.7150 -0.3389
vn 0.5855 0.7070 -0.3967
vn 0.5773 0.7222 -0.3811
vn 0.5806 0.7071 -0.4036
vn 0.3977 0.7072 -0.5846
vn 0.3950 0.7244 -0.5651
vn 0.3975 0.7337 -0.5511
vn -0.7818 0.6153 0.1004
vn -0.5456 0.7445 0.3848
vn -0.5800 0.7162 0.3882
vn -0.4452 0.8498 -0.2822
vn -0.6999 0.7013 -0.1351
vn -0.6937 0.7061 0.1422
vn -0.8221 0.4999 -0.2725
vn -0.5976 0.6712 -0.4386
vn -0.4069 0.6879 -0.6010
vn -0.4064 0.6958 -0.5921
vn -0.0856 0.7038 -0.7052
vn -0.1109 0.7430 -0.6600
vn 0.0936 0.6822 -0.7252
vn 0.2122 0.7575 -0.6174
vn 0.2925 0.7017 -0.6497
vn -0.4109 0.6964 0.5884
vn -0.4106 0.6906 0.5954
vn -0.3900 0.7071 0.5898
vn -0.0141 0.6680 0.7441
vn -0.2154 0.7457 0.6305
vn -0.2692 0.7010 0.6603
vn 0.7156 0.6823 -0.1498
vn 0.6287 0.7773 -0.0231
vn 0.7323 0.6703 0.1206
vn 0.6035 0.7385 0.3006
vn 0.6259 0.6878 0.3676
vn 0.3941 0.7158 0.5765
vn 0.3828 0.8023 0.4581
vn 0.2536 0.6750 0.6928
vn 0.0874 0.7530 0.6522
vn 0.5699 0.7457 -0.3450
vn 0.5244 0.7759 -0.3506
vn 0.4717 0.7014 -0.5344
vn -0.3896 0.7537 -0.5293
vn -0.5226 0.6736 -0.5226
vn -0.5784 0.7171 -0.3887
vn -0.6623 0.6769 -0.3212
vn -0.6484 0.7234 -0.2372
vn -0.7262 0.6803 -0.0991
vn -0.6487 0.7608 0.0193
vn -0.7476 0.6366 0.1892
vn -0.6179 0.7232 0.3086
vn -0.6201 0.7107 0.3322
vn -0.5028 0.7058 0.4990
vn -0.5027 0.7074 0.4968
vn -0.3361 0.6977 0.6326
vn -0.3000 0.7235 0.6217
vn -0.1906 0.7082 0.6798
vn 0.0428 0.7111 -0.7018
vn -0.1589 0.7496 -0.6425
vn -0.1255 0.6988 -0.7042
vn -0.3567 0.7029 -0.6154
vn -0.1491 0.7173 0.6806
vn -0.1353 0.6977 0.7035
vn -0.1252 0.7071 0.6960
vn 0.1653 0.7989 0.5783
vn 0.3704 0.7150 0.5930
vn 0.6369 0.7356 -0.2307
vn 0.7381 0.6638 -0.1204
vn 0.6602 0.7501 0.0374
vn 0.7157 0.6873 0.1239
vn 0.5566 0.7179 0.4180
vn 0.4401 0.8716 0.2160
vn 0.4825 0.7621 0.4318
vn 0.4172 0.5287 0.7392
vn 0.0497 0.7578 0.6506
vn -0.0103 0.7030 0.7111
vn 0.2186 0.7033 -0.6765
vn 0.6456 0.6863 -0.3350
vn 0.4561 0.7711 -0.4442
vn 0.4350 0.7843 -0.4422
vn 0.3730 0.6953 -0.6143
vn 0.2012 0.7164 -0.6680
vn 0.1252 0.7071 -0.6960
vn 0.1320 0.7148 -0.6868
vn 0.0889 0.7469 -0.6590
vn -0.1322 0.7072 -0.6945
vn -0.1203 0.7244 -0.6788
vn -0.1412 0.7071 -0.6929
vn -0.0929 0.6637 0.7422
vn -0.0247 0.7327 0.6802
vn -0.3448 0.7531 0.5603
vn -0.5585 0.5832 0.5899
vn -0.6452 0.6028 0.4695
vn -0.5191 0.6978 0.4935
vn -0.6738 0.7093 0.2071
vn -0.6706 0.7135 0.2029
vn -0.5592 0.8233 -0.0973
vn -0.6636 0.7097 -0.2364
vn -0.5597 0.7021 -0.4403
vn -0.5451 0.7430 -0.3883
vn -0.4462 0.6829 -0.5785
vn -0.2869 0.7581 -0.5857
vn -0.2526 0.7017 -0.6662
vn 0.1377 0.6158 0.7757
vn 0.1071 0.6528 0.7499
vn 0.1413 0.7071 0.6929
vn 0.6484 0.7271 0.2258
vn 0.5709 0.7092 0.4137
vn 0.5266 0.7358 0.4258
vn 0.4510 0.6809 0.5771
vn 0.2874 0.7578 0.5857
vn 0.2544 0.7030 0.6641
vn 0.6406 0.7675 0.0229
vn 0.5582 0.8258 0.0805
vn 0.6900 0.7023 -0.1751
vn 0.5500 0.7675 -0.3295
vn 0.5185 0.7888 -0.3301
vn 0.4536 0.6684 -0.5895
vn 0.1820 0.8003 -0.5713
vn 0.3772 0.5815 -0.7208
vn -0.0257 0.7631 -0.6458
vn 0.0204 0.6965 -0.7172
vn -0.2673 0.8936 -0.3607
vn -0.5861 0.7070 -0.3957
vn 0.4215 0.7836 0.4564
vn 0.4264 0.7492 0.5068
vn 0.1804 0.6271 0.7577
vn 0.2335 0.7864 0.5719
vn 0.0775 0.6834 0.7259
vn -0.1020 0.7325 0.6731
vn -0.1340 0.7072 0.6942
vn -0.3264 0.7157 0.6174
vn -0.3250 0.7128 0.6216
vn -0.5074 0.6960 0.5081
vn -0.5066 0.7692 0.3894
vn -0.6494 0.6833 0.3339
vn -0.6731 0.7301 0.1179
vn -0.6783 0.7259 0.1139
vn -0.6721 0.7354 -0.0867
vn -0.5454 0.8188 -0.1792
vn -0.4200 0.9075 -0.0037
vn 0.5930 0.6939 0.4085
vn 0.5866 0.7070 0.3950
vn 0.6672 0.6995 0.2558
vn 0.6698 0.6954 0.2604
vn 0.7093 0.7042 0.0313
vn 0.7134 0.6999 0.0350
vn 0.6648 0.6975 -0.2674
vn 0.7950 0.5647 -0.2218
vn 0.5485 0.7321 -0.4040
vn 0.5585 0.5437 -0.6264
vn 0.3977 0.6741 -0.6224
vn 0.1710 0.6687 -0.7236
vn 0.1886 0.7070 -0.6816
vn -0.1361 0.6915 -0.7094
vn -0.2364 0.6086 -0.7575
vn -0.5595 0.4573 -0.6912
vn -0.4745 0.8767 -0.0784
vn -0.1673 0.7382 -0.6535
vn -0.0724 0.7603 -0.6456
vn -0.8043 0.5805 -0.1272
vn -0.5894 0.7246 0.3571
vn -0.5910 0.7234 0.3568
vn -0.4878 0.6909 0.5336
vn -0.3070 0.7800 0.5452
vn -0.2936 0.7400 0.6052
vn -0.0255 0.6684 0.7434
vn -0.0537 0.6282 0.7762
vn 0.2383 0.7051 0.6678
vn 0.4487 0.7612 0.4682
vn 0.5102 0.7143 0.4791
vn 0.2661 0.6789 0.6843
vn 0.6788 0.6585 0.3249
vn 0.6385 0.7444 0.1952
vn -0.9033 0.4289 0.0075
vn -0.5175 0.8054 0.2890
vn 0.7046 0.6957 0.1394
vn 0.6950 0.7070 0.1304
vn 0.7103 0.7036 0.0187
vn 0.7103 0.7036 0.0187
vn 0.6879 0.7036 -0.1779
vn 0.6879 0.7036 -0.1779
vn 0.5277 0.7552 -0.3888
vn 0.6052 0.7025 -0.3746
vn 0.4730 0.6726 -0.5691
vn 0.1637 0.7906 -0.5901
vn 0.3797 0.4941 -0.7821
vn -0.0217 0.7252 -0.6882
vn -0.1269 0.6124 -0.7803
vn -0.3564 0.7738 -0.5236
vn -0.3542 0.6965 -0.6241
vn -0.5663 0.7024 -0.4311
vn -0.5430 0.7784 -0.3149
vn -0.6883 0.6867 -0.2339
vn -0.6859 0.7151 -0.1350
vn -0.6906 0.7109 -0.1328
vn -0.6945 0.7072 0.1322
vn -0.6894 0.7129 0.1283
vn 0.7125 0.7009 0.0323
vn 0.6029 0.7840 0.1482
vn 0.6433 0.7384 0.2022
vn 0.5298 0.7324 0.4276
vn 0.4143 0.7950 0.4431
vn 0.3941 0.7108 0.5826
vn 0.2077 0.7094 0.6735
vn 0.2031 0.7127 0.6714
vn 0.0005 0.6960 0.7181
vn -0.1057 0.7869 0.6079
vn -0.2156 0.7084 0.6720
vn -0.4403 0.7021 0.5597
vn -0.3883 0.7430 0.5451
vn -0.5785 0.6829 0.4462
vn -0.5857 0.7581 0.2869
vn -0.6662 0.7017 0.2526
vn 0.6954 0.7069 -0.1296
vn 0.7159 0.6825 -0.1474
vn 0.6782 0.7140 -0.1736
vn 0.0402 0.6361 -0.7705
vn 0.6188 0.5948 -0.5131
vn 0.5104 0.8069 -0.2974
vn 0.4111 0.7084 -0.5737
vn 0.3882 0.7218 -0.5730
vn 0.1273 0.8587 -0.4964
vn -0.0834 0.7046 -0.7047
vn -0.3154 0.7416 -0.5921
vn -0.3179 0.7537 -0.5752
vn -0.5543 0.6816 -0.4777
vn -0.4711 0.8821 0.0030
vn -0.8561 -0.0329 -0.5157
vn -0.9347 0.2676 -0.2339
vn -0.6549 0.7555 0.0201
vn 0.6333 0.7111 -0.3053
vn 0.6287 0.6342 -0.4500
vn 0.6056 0.6835 -0.4075
vn -0.5875 0.7528 0.2969
vn -0.6166 0.6020 -0.5073
vn -0.5487 0.8213 -0.1561
vn -0.7242 0.5736 -0.3828
vn -0.6593 0.7516 -0.0232
vn -0.7043 0.7097 0.0176
vn -0.6687 0.6914 0.2737
vn -0.4016 0.7358 -0.5453
vn -0.3641 0.6493 -0.6677
vn -0.1397 0.7312 -0.6677
vn -0.0906 0.6831 -0.7247
vn 0.1526 0.7260 -0.6705
vn 0.1264 0.7516 -0.6474
vn 0.4206 0.6445 -0.6385
vn 0.4467 0.7666 -0.4613
vn -0.5865 0.7070 0.3952
vn -0.5853 0.7091 0.3931
vn 0.7220 0.6817 0.1184
vn 0.5791 0.7825 0.2289
vn 0.6280 0.6846 0.3701
vn 0.4254 0.7206 0.5474
vn 0.4222 0.7665 0.4839
vn 0.2164 0.6798 0.7008
vn 0.1292 0.7497 0.6491
vn -0.0540 0.6639 0.7458
vn -0.1753 0.7611 0.6245
vn -0.2313 0.7277 0.6458
vn -0.4077 0.8047 0.4315
vn -0.5647 0.7061 0.4273
vn 0.6515 0.7556 -0.0684
vn 0.7444 0.6365 -0.2019
vn -0.3954 0.7113 0.5812
vn -0.3955 0.7070 0.5863
vn 0.2539 0.6637 0.7036
vn 0.4134 0.7629 0.4971
vn 0.4176 0.7151 0.5606
vn 0.6254 0.6885 0.3672
vn 0.6331 0.6668 0.3931
vn 0.6658 0.7380 0.1096
vn 0.6877 0.7140 0.1314
vn 0.7080 0.6905 -0.1482
vn 0.6891 0.7070 -0.1589
vn -0.2509 0.7609 0.5984
vn 0.1934 0.7054 0.6819
vn 0.0259 0.7051 0.7087
vn -0.0175 0.6671 0.7448
vn -0.2497 0.7564 0.6046
vn 0.5736 0.6933 -0.4363
vn 0.5754 0.6890 -0.4408
vn 0.4001 0.7069 -0.5833
vn 0.4005 0.7017 -0.5892
vn -0.5172 0.6972 0.4963
vn -0.7247 0.6839 0.0847
vn -0.4894 0.8263 0.2787
vn -0.8613 0.4413 0.2518
vn -0.4592 0.7444 0.4848
vn -0.6533 0.7419 -0.1511
vn -0.6809 0.7190 -0.1392
vn -0.6288 0.6911 -0.3562
vn -0.5877 0.7166 -0.3755
vn -0.4987 0.6912 -0.5230
vn -0.3848 0.7605 -0.5230
vn -0.3291 0.6908 -0.6438
vn -0.1047 0.7233 -0.6826
vn -0.1225 0.7524 -0.6472
vn 0.0846 0.6776 -0.7305
vn 0.2476 0.7750 -0.5814
vn 0.2632 0.7621 -0.5916
vn 0.2507 0.7033 -0.6652
vn 0.5472 0.7138 -0.4372
vn 0.4578 0.7770 -0.4321
vn 0.3918 0.6941 -0.6039
vn 0.2277 0.7202 -0.6553
vn 0.1366 0.7070 -0.6938
vn 0.1345 0.7020 -0.6994
vn -0.4070 0.7061 0.5794
vn -0.3842 0.6503 0.6554
vn -0.1429 0.7691 0.6229
vn -0.2394 0.7015 0.6712
vn -0.5980 0.7261 0.3394
vn -0.6415 0.6238 0.4465
vn -0.4491 0.8841 -0.1293
vn -0.6691 0.7106 0.2177
vn -0.4665 0.6172 -0.6336
vn -0.7266 0.5623 -0.3948
vn -0.6452 0.6420 -0.4143
vn -0.6545 0.7555 -0.0285
vn 0.0597 0.7404 -0.6695
vn 0.0058 0.6914 -0.7225
vn -0.1848 0.6768 -0.7126
vn -0.0551 0.7602 -0.6474
vn -0.4690 0.7439 -0.4762
vn -0.1252 0.7071 0.6960
vn -0.1320 0.7148 0.6868
vn -0.1418 0.7071 0.6928
vn 0.1601 0.7114 0.6843
vn 0.3579 0.6940 0.6247
vn 0.3725 0.7259 0.5782
vn 0.6299 0.6993 0.3378
vn 0.5547 0.7518 0.3564
vn 0.5228 0.6836 0.5093
vn 0.7164 0.6938 0.0737
vn 0.7181 0.6919 0.0753
vn 0.7180 0.6601 -0.2208
vn 0.7149 0.6651 -0.2160
vn 0.2557 0.6260 0.7367
vn 0.0186 0.7578 0.6522
vn -0.0443 0.7030 0.7098
vn 0.1322 0.7072 0.6945
vn 0.1203 0.7244 0.6788
vn 0.1051 0.7364 0.6683
vn 0.2517 0.7018 0.6664
vn 0.2867 0.7583 0.5854
vn 0.4479 0.6813 0.5790
vn 0.5287 0.7360 0.4229
vn 0.6523 0.6509 0.3885
vn 0.6205 0.7791 0.0895
vn 0.7024 0.6952 0.1526
vn 0.6881 0.7038 -0.1766
vn 0.6927 0.7000 -0.1735
vn 0.0287 0.7013 -0.7123
vn 0.5280 0.7549 -0.3890
vn 0.6052 0.7021 -0.3752
vn 0.4715 0.6721 -0.5710
vn 0.2256 0.7755 -0.5896
vn 0.3151 0.6922 -0.6493
vn 0.0321 0.7050 -0.7084
vn -0.1236 0.7070 -0.6963
vn -0.1344 0.6964 -0.7050
vn -0.1413 0.7071 -0.6929
vn 0.1042 0.7359 0.6690
vn -0.0427 0.7105 0.7024
vn -0.1496 0.7944 0.5886
vn -0.2448 0.7255 0.6432
vn -0.5432 0.6534 0.5273
vn -0.3790 0.7916 0.4793
vn -0.7133 0.6012 0.3604
vn -0.5698 0.7243 0.3882
vn -0.6973 0.6854 0.2098
vn -0.6803 0.7122 0.1730
vn -0.7180 0.6960 -0.0061
vn -0.6427 0.7605 -0.0928
vn -0.6978 0.6861 -0.2057
vn -0.5559 0.7251 -0.4065
vn -0.5821 0.6409 -0.5004
vn -0.3142 0.7010 -0.6402
vn -0.3133 0.6969 -0.6451
vn 0.0362 0.7262 -0.6865
vn 0.3056 0.7092 -0.6354
vn 0.3253 0.7358 -0.5940
vn 0.4877 0.6809 -0.5464
vn 0.5253 0.7578 -0.3870
vn 0.6083 0.7030 -0.3684
vn 0.0261 0.7404 -0.6716
vn -0.2611 0.6408 -0.7220
vn -0.2965 0.7036 -0.6458
vn -0.4530 0.6425 -0.6181
vn -0.4142 0.6879 -0.5960
vn -0.3896 0.7071 -0.5901
vn 0.3111 0.6904 0.6532
vn 0.0933 0.7307 0.6763
vn 0.1060 0.7131 0.6930
vn -0.1963 0.6926 0.6941
vn -0.2521 0.7553 0.6049
vn -0.3925 0.6830 0.6160
vn -0.4684 0.7205 0.5114
vn -0.5664 0.6736 0.4749
vn -0.5788 0.7245 0.3743
vn -0.6762 0.6849 0.2714
vn -0.6391 0.7535 0.1541
vn -0.7199 0.6909 0.0669
vn -0.6712 0.7251 -0.1542
vn -0.6465 0.7524 -0.1263
vn -0.6372 0.6413 -0.4273
vn -0.5171 0.7320 -0.4436
vn 0.3967 0.7070 0.5855
vn 0.3811 0.7222 0.5773
vn 0.3581 0.7368 0.5734
vn 0.7094 0.6965 -0.1075
vn 0.4834 0.7017 0.5234
vn 0.4804 0.7506 0.4538
vn 0.6608 0.6684 0.3415
vn 0.6313 0.7499 0.1976
vn 0.7376 0.6684 0.0961
vn 0.6309 0.7631 -0.1401
vn 0.9612 0.0000 -0.2757
vn 0.7940 -0.0052 0.6079
vn 0.7410 0.0000 0.6715
vn 0.7410 0.0000 0.6715
vn 0.7746 -0.0112 0.6323
vn 0.7747 0.0005 0.6323
vn 0.8296 -0.0001 0.5583
vn 0.8505 0.0025 0.5260
vn 0.8456 -0.0026 0.5338
vn 0.9344 -0.0366 -0.3543
vn 0.9551 -0.0006 -0.2962
vn 0.9612 0.0000 -0.2757
vn 0.9908 0.0000 -0.1350
vn 0.9908 0.0000 -0.1350
vn 0.9998 0.0000 -0.0209
vn 0.9995 -0.0105 0.0286
vn 0.9981 0.0000 0.0611
vn 0.9815 -0.0000 0.1914
vn 0.9848 0.0097 0.1735
vn 0.9494 0.0082 0.3139
vn 0.9422 0.0014 0.3351
vn 0.9204 0.0172 0.3905
vn 0.8683 0.0197 0.4957
vn 0.8029 0.0000 -0.5961
vn -0.9629 -0.0228 0.2690
vn -0.7363 0.0000 -0.6767
vn 0.1868 0.0000 -0.9824
vn 0.9156 0.0002 -0.4022
vn 0.8916 -0.0127 -0.4526
vn 0.8765 0.0000 -0.4815
vn 0.8765 0.0000 -0.4815
vn 0.0528 0.0000 -0.9986
vn -0.7657 -0.0119 -0.6430
vn -0.7892 -0.0048 -0.6141
vn -0.5605 0.0355 -0.8274
vn -0.8204 0.0345 -0.5708
vn -0.8876 0.0250 -0.4599
vn -0.8649 0.0000 -0.5019
vn -0.9607 -0.0025 0.2777
vn -0.9302 0.0009 0.3671
vn -0.7286 0.0581 0.6824
vn -0.9620 0.0000 0.2731
vn -0.9880 0.0000 0.1543
vn -0.9926 -0.0106 0.1213
vn -0.9973 0.0000 0.0728
vn -0.9991 0.0000 -0.0424
vn -0.9991 0.0000 -0.0424
vn -0.9788 0.0000 -0.2050
vn -0.9788 0.0000 -0.2050
vn -0.9472 0.0000 -0.3205
vn -0.9321 -0.0109 -0.3620
vn -0.9178 0.0000 -0.3970
vn -0.8649 0.0000 -0.5019
vn -0.7363 0.0000 -0.6767
vn -0.6505 0.0000 -0.7595
vn -0.6505 0.0000 -0.7595
vn -0.5177 0.0000 -0.8555
vn -0.5177 0.0000 -0.8555
vn -0.4154 0.0000 -0.9096
vn -0.3711 -0.0106 -0.9285
vn -0.3395 0.0000 -0.9406
vn -0.2145 0.0000 -0.9767
vn -0.2145 0.0000 -0.9767
vn -0.0879 0.0000 -0.9961
vn -0.0521 -0.0108 -0.9986
vn -0.0060 0.0000 -1.0000
vn 0.0528 0.0000 -0.9986
vn 0.0814 -0.0047 -0.9967
vn 0.1286 0.0051 -0.9917
vn 0.1628 -0.0010 -0.9867
vn 0.1868 0.0000 -0.9824
vn 0.2350 0.0000 -0.9720
vn 0.2420 0.0020 -0.9703
vn 0.3139 -0.0015 -0.9495
vn 0.3207 0.0000 -0.9472
vn 0.3761 0.0000 -0.9266
vn 0.4259 -0.0098 -0.9047
vn 0.4508 0.0000 -0.8926
vn 0.5679 0.0000 -0.8231
vn 0.5679 0.0000 -0.8231
vn 0.6647 0.0000 -0.7471
vn 0.6947 -0.0110 -0.7192
vn 0.7236 0.0000 -0.6902
vn 0.8029 0.0000 -0.5961
vn -0.8028 0.0000 0.5962
vn -0.9843 0.0488 0.1694
vn -0.8894 -0.0107 0.4570
vn -0.8764 0.0000 0.4815
vn -0.8764 0.0000 0.4815
vn -0.0571 0.0000 0.9984
vn -0.1496 -0.0078 0.9887
vn -0.0287 0.0000 0.9996
vn -0.0570 0.0000 0.9984
vn -0.0856 -0.0038 0.9963
vn -0.1287 0.0051 0.9917
vn -0.0899 0.0120 0.9959
vn -0.1418 0.0133 0.9898
vn -0.4460 0.0120 0.8950
vn -0.2426 0.0022 0.9701
vn -0.2534 -0.0012 0.9674
vn -0.3232 0.0107 0.9463
vn -0.3782 0.0091 0.9257
vn -0.4075 0.0020 0.9132
vn -0.4527 0.0198 0.8914
vn -0.5951 0.0213 0.8033
vn -0.5680 0.0071 0.8230
vn -0.6205 0.0000 0.7842
vn -0.6654 0.0000 0.7465
vn -0.6947 -0.0109 0.7192
vn -0.7243 0.0000 0.6895
vn -0.8028 0.0000 0.5962
vn 0.9238 -0.0100 -0.3827
vn 0.9008 0.0000 -0.4341
vn 0.3827 0.0000 0.9239
vn 0.3827 0.0000 0.9239
vn 0.3827 -0.0000 0.9239
vn 0.3827 0.0000 0.9239
vn -0.9239 0.0000 0.3827
vn -0.9239 0.0000 0.3827
vn -0.0561 -0.0000 0.9984
vn -0.0561 0.0000 0.9984
vn -0.0561 0.0000 0.9984
vn 0.0668 -0.0000 -0.9978
vn -0.0465 -0.2613 -0.9641
vn 0.3505 0.0000 -0.9366
vn -0.3631 0.0000 -0.9317
vn -0.3847 0.0116 -0.9230
vn -0.2824 0.0156 -0.9592
vn -0.2501 0.0000 -0.9682
vn -0.9854 0.0000 -0.1704
vn -0.8587 -0.1602 -0.4867
vn -0.4347 -0.0678 -0.8980
vn -0.9996 0.0138 -0.0255
vn -0.9971 -0.0245 0.0719
vn -0.8021 0.0349 0.5961
vn -0.7017 -0.0347 0.7116
vn -0.5471 -0.0286 0.8366
vn -0.4026 0.0539 0.9138
vn -0.4371 0.0551 0.8977
vn -0.6508 0.0000 0.7592
vn -0.7457 0.0000 0.6663
vn -0.7792 0.0252 0.6263
vn -0.7884 0.0107 0.6151
vn 0.6918 0.0000 -0.7220
vn 0.7101 0.0612 -0.7015
vn 0.6036 -0.0348 -0.7965
vn 0.6318 -0.0342 -0.7744
vn 0.5799 0.0165 -0.8145
vn -0.1529 0.0028 -0.9882
vn -0.1471 -0.0007 -0.9891
vn -0.1289 0.0006 -0.9917
vn -0.6508 0.1200 -0.7497
vn -0.9034 0.0039 -0.4289
vn -0.8831 0.0039 -0.4691
vn -0.8817 0.0023 -0.4718
vn -0.9307 -0.0022 0.3657
vn -0.9152 0.0239 0.4024
vn -0.3916 0.0171 -0.9200
vn -0.3631 0.0000 -0.9318
vn -0.8705 0.0000 -0.4921
vn -0.8705 0.0000 -0.4921
vn -0.9834 0.0000 -0.1817
vn -0.9834 0.0000 -0.1817
vn -0.9984 -0.0000 -0.0561
vn -0.9984 0.0000 -0.0561
vn -0.9984 0.0000 -0.0561
vn 0.9998 -0.0000 -0.0215
vn 0.9730 -0.2019 -0.1114
vn 0.9880 -0.0617 0.1417
vn 0.9961 -0.0656 0.0594
vn 0.9944 0.0327 -0.1002
vn 0.7073 0.0360 -0.7060
vn 0.7373 0.0044 -0.6756
vn 0.0169 0.0092 -0.9998
vn -0.0030 0.0224 -0.9997
vn -0.6663 -0.0000 -0.7457
vn -0.6268 0.0249 -0.7788
vn -0.6133 0.0052 -0.7898
vn 0.7297 -0.0001 0.6837
vn 0.7074 0.0701 0.7034
vn 0.8028 -0.0372 0.5950
vn 0.2924 -0.0429 0.9553
vn 0.5741 0.0572 0.8168
vn 0.9797 -0.0734 0.1865
vn 0.9994 0.0119 -0.0320
vn 0.9976 0.0123 -0.0678
vn 0.9926 0.0350 -0.1161
vn 0.7439 0.0347 -0.6674
vn 0.7691 0.0104 -0.6390
vn 0.2968 0.0090 -0.9549
vn 0.2848 0.0158 -0.9585
vn -0.1439 0.0573 -0.9879
vn -0.2666 -0.0047 -0.9638
vn 0.3313 -0.7071 -0.6247
vn 0.4486 -0.7005 -0.5550
vn 0.5917 -0.7052 0.3906
vn 0.5308 -0.7076 0.4664
vn 0.6640 -0.4986 0.5572
vn 0.4160 -0.7885 0.4530
vn -0.5351 -0.6611 0.5260
vn -0.6103 -0.7225 0.3249
vn 0.5326 -0.6580 0.5323
vn 0.6617 -0.7377 0.1337
vn 0.1377 -0.7066 0.6941
vn 0.0616 -0.7066 0.7049
vn -0.3576 -0.8425 0.4029
vn -0.6778 -0.7071 -0.2014
vn -0.3364 -0.6863 0.6448
vn -0.5881 -0.7077 0.3915
vn -0.5428 -0.7054 0.4558
vn -0.5420 -0.7066 0.4549
vn -0.6484 -0.7593 0.0556
vn -0.8011 -0.5773 0.1580
vn -0.6286 -0.7252 -0.2811
vn -0.4676 -0.6981 -0.5422
vn -0.3313 -0.7071 -0.6247
vn -0.3313 -0.7071 -0.6247
vn -0.3589 -0.5985 0.7162
vn -0.5264 -0.7649 0.3712
vn -0.7049 -0.7066 0.0616
vn -0.6892 -0.6807 -0.2484
vn -0.7032 -0.6535 0.2799
vn -0.6952 -0.7163 -0.0595
vn -0.3313 -0.7071 0.6247
vn -0.3313 -0.7071 0.6247
vn -0.4369 -0.7018 0.5627
vn -0.5514 -0.7834 0.2869
vn -0.6884 -0.7103 0.1471
vn -0.6617 -0.7468 -0.0668
vn -0.6154 -0.7815 -0.1027
vn -0.5913 -0.7052 -0.3911
vn -0.5410 -0.7077 -0.4544
vn -0.5420 -0.7066 -0.4549
vn -0.3430 -0.6877 -0.6398
vn 0.3363 -0.8277 -0.4493
vn -0.3945 -0.9137 0.0975
vn -0.3574 -0.8277 -0.4327
vn -0.0950 -0.8631 -0.4959
vn 0.0614 -0.7066 -0.7050
vn 0.1375 -0.7066 -0.6941
vn 0.7661 -0.6366 -0.0883
vn 0.5774 -0.6807 -0.4509
vn -0.6247 -0.7071 -0.3313
vn -0.5494 -0.6995 -0.4570
vn 0.6155 -0.2959 -0.7305
vn 0.1938 -0.9665 -0.1683
vn 0.2497 -0.9615 -0.1149
vn 0.6301 -0.5241 -0.5730
vn 0.5474 -0.7755 0.3146
vn 0.4795 -0.6791 0.5558
vn 0.3249 -0.7225 0.6103
vn -0.1709 -0.7930 -0.5847
vn 0.5327 -0.7583 -0.3757
vn 0.4178 -0.6755 -0.6075
vn 0.1479 -0.7673 -0.6240
vn 0.6934 -0.7064 -0.1421
vn 0.7051 -0.7066 -0.0601
vn 0.5308 -0.8472 -0.0245
vn 0.4787 -0.8778 0.0198
vn 0.7052 -0.7065 0.0597
vn 0.6924 -0.7063 0.1472
vn 0.6786 -0.3910 0.6218
vn -0.1724 -0.7914 0.5865
vn 0.8716 0.0189 -0.4899
vn 0.8907 0.0000 -0.4546
vn -0.0902 0.0000 -0.9959
vn 0.0530 -0.0433 -0.9977
vn 0.5845 -0.0038 -0.8114
vn 0.5761 0.0000 -0.8173
vn 0.0561 -0.0000 -0.9984
vn 0.0561 0.0000 -0.9984
vn 0.0561 0.0000 -0.9984
vn -0.0668 -0.0000 0.9978
vn -0.0668 0.0000 0.9978
vn -0.0668 0.0000 0.9978
vn 0.5567 0.0237 0.8304
vn 0.2679 0.0158 0.9633
vn 0.2445 0.0000 0.9697
vn 0.5591 0.0222 0.8288
vn 0.9869 -0.0286 0.1588
vn 0.9993 0.0349 -0.0143
vn 0.9993 0.0354 0.0075
vn 0.9993 0.0217 0.0314
vn 0.7457 -0.0000 -0.6663
vn 0.7543 0.0063 -0.6565
vn 0.7581 0.0000 -0.6521
vn -0.7528 0.0000 0.6583
vn -0.7528 0.0000 0.6583
vn -0.7528 0.0000 0.6583
vn -0.5082 0.0000 0.8612
vn -0.4732 0.0168 0.8808
vn -0.1824 0.0210 0.9830
vn -0.1970 0.0133 0.9803
vn 0.1850 0.0048 0.9827
vn 0.1767 0.0000 0.9843
vn 0.6822 -0.0000 0.7312
vn 0.7115 0.0189 0.7024
vn 0.9927 0.0145 0.1196
vn 0.9919 0.0104 0.1262
vn 0.9988 0.0090 -0.0483
vn 0.9996 0.0000 -0.0296
vn 0.9984 -0.0000 0.0561
vn 0.9896 0.0399 0.1383
vn 0.9869 0.0213 0.1602
vn -0.9978 -0.0000 -0.0668
vn -0.9978 0.0000 -0.0668
vn -0.9978 0.0000 -0.0668
vn -0.9967 0.0000 0.0814
vn -0.9967 0.0000 0.0814
vn -0.7308 0.0000 0.6826
vn -0.6987 0.0295 0.7148
vn -0.4343 0.0471 0.8995
vn -0.4041 0.0334 0.9141
vn 0.0477 0.0478 0.9977
vn 0.1683 -0.0047 0.9857
vn 0.4652 0.0147 0.8851
vn 0.5355 -0.0195 0.8443
vn 0.8428 -0.0152 0.5380
vn 0.8779 0.0185 0.4785
vn 0.9925 0.0172 0.1209
vn 0.9936 0.0207 0.1108
vn 0.6663 -0.0000 0.7457
vn 0.6663 0.0000 0.7457
vn 0.6663 0.0000 0.7457
vn -0.7014 -0.0000 -0.7128
vn -0.6895 0.0435 -0.7230
vn -0.7184 0.0054 -0.6956
vn 0.3321 0.0000 0.9432
vn -0.9129 0.0240 -0.4075
vn -0.8986 0.0000 -0.4387
vn -0.8725 0.0000 0.4886
vn -0.8962 -0.0214 0.4432
vn -0.9335 -0.0153 0.3583
vn -0.8486 0.0494 0.5268
vn -0.2012 -0.0891 0.9755
vn 0.1405 0.0444 0.9891
vn -0.1153 0.0361 0.9927
vn -0.1693 0.0063 0.9855
vn 0.3862 0.0266 0.9220
vn 0.0000 1.0000 0.0000
vn 0.0000 1.0000 0.0000
vn -0.0000 1.0000 -0.0000
vn 0.0000 1.0000 0.0000
vn -0.0000 1.0000 0.0000
vn 0.0204 0.9978 -0.0633
vn -0.0324 0.9983 0.0494
vn 0.0002 1.0000 0.0003
vn 0.0002 1.0000 -0.0000
vn -0.0334 0.9981 -0.0522
vn 0.0001 1.0000 0.0001
vn -0.0006 1.0000 -0.0001
vn 0.0013 1.0000 -0.0004
vn -0.0001 1.0000 -0.0001
vn -0.0002 1.0000 0.0001
vn -0.0001 1.0000 -0.0002
vn -0.0003 1.0000 -0.0005
vn 0.0000 1.0000 -0.0002
vn 0.0002 1.0000 -0.0001
vn 0.0004 1.0000 0.0003
vn -0.0001 1.0000 -0.0000
vn -0.0001 1.0000 0.0003
vn -0.0003 1.0000 0.0000
vn -0.0000 1.0000 0.0000
vn -0.0004 1.0000 0.0001
vn -0.0003 1.0000 -0.0000
vn -0.0003 1.0000 0.0000
vn 0.0000 1.0000 0.0000
vn 0.0007 1.0000 -0.0002
vn -0.0007 1.0000 -0.0007
vn -0.0003 1.0000 -0.0007
vn -0.0001 1.0000 -0.0014
vn 0.0001 1.0000 -0.0014
vn 0.0002 1.0000 -0.0006
vn -0.0002 1.0000 0.0000
vn 0.0000 1.0000 0.0000
vn 0.0000 1.0000 0.0000
vn 0.0000 1.0000 0.0000
vn 0.0000 -1.0000 -0.0000
vn 0.0000 1.0000 0.0000
vn 0.0000 1.0000 0.0001
vn -0.0000 1.0000 0.0000
vn -0.0005 1.0000 0.0003
vn 0.0000 1.0000 -0.0002
vn -0.0000 1.0000 0.0001
vn -0.0000 1.0000 -0.0000
vn -0.0148 0.9999 0.0017
vn -0.0025 1.0000 -0.0000
vn 0.0004 1.0000 -0.0004
vn -0.0013 -1.0000 -0.0033
vn 0.0001 1.0000 -0.0000
vn 0.0012 1.0000 0.0030
vn -0.0000 1.0000 -0.0003
vn 0.0001 1.0000 -0.0003
vn 0.0000 1.0000 -0.0003
vn -0.0005 1.0000 0.0007
vn -0.0003 1.0000 0.0002
vn -0.0004 1.0000 -0.0000
vn -0.0003 1.0000 -0.0001
vn -0.0003 1.0000 -0.0001
vn -0.0003 1.0000 -0.0001
vn -0.0003 1.0000 -0.0001
vn -0.0001 1.0000 -0.0001
vn -0.0002 1.0000 -0.0000
vn -0.0004 1.0000 -0.0001
vn -0.0000 1.0000 -0.0001
vn -0.0001 1.0000 0.0000
vn -0.0000 1.0000 0.0001
vn 0.0013 1.0000 0.0005
vn 0.0012 1.0000 0.0005
vn -0.0014 1.0000 0.0013
vn -0.0013 1.0000 0.0013
vn -0.0000 1.0000 0.0001
vn -0.0004 1.0000 0.0021
vn -0.0023 1.0000 0.0020
vn -0.0003 1.0000 0.0010
vn -0.0020 1.0000 0.0001
vn 0.0000 1.0000 0.0001
vn -0.0000 1.0000 0.0000
vn 0.0000 1.0000 -0.0000
vn 0.0000 1.0000 0.0000
vn 0.0004 1.0000 -0.0000
vn 0.0000 1.0000 -0.0000
vn 0.0000 1.0000 0.0000
vn 0.0000 1.0000 0.0000
vn 0.0006 1.0000 -0.0002
vn -0.0002 1.0000 0.0001
vn 0.0083 1.0000 -0.0036
vn 0.0016 1.0000 -0.0006
vn 0.0000 1.0000 0.0000
vn 0.0000 1.0000 0.0000
vn 0.0000 1.0000 0.0000
vn 0.0000 1.0000 0.0000
vn 0.0009 1.0000 0.0023
vn -0.0010 1.0000 -0.0024
vn -0.0007 1.0000 -0.0017
vn 0.0003 1.0000 -0.0005
vn 0.0008 1.0000 -0.0003
vn 0.0001 1.0000 0.0003
vn -0.0003 1.0000 -0.0001
vn -0.0005 1.0000 -0.0002
vn -0.0000 1.0000 -0.0000
vn 0.0001 1.0000 -0.0003
vn 0.0000 1.0000 0.0000
vn 0.0005 1.0000 -0.0000
vn 0.0000 1.0000 0.0005
vn 0.0000 1.0000 -0.0000
vn 0.0000 1.0000 -0.0000
vn -0.0001 1.0000 -0.0000
vn -0.0000 1.0000 -0.0001
vn 0.0002 1.0000 -0.0001
vn 0.0000 1.0000 0.0000
vn 0.0005 1.0000 0.0003
vn 0.0006 1.0000 -0.0005
vn 0.0006 1.0000 -0.0004
vn 0.0004 1.0000 0.0001
vn 0.0005 1.0000 0.0006
vn 0.0000 1.0000 -0.0000
vn -0.0000 1.0000 -0.0002
vn 0.0000 1.0000 -0.0001
vn -0.0002 1.0000 -0.0004
vn 0.0000 1.0000 -0.0004
vn -0.0001 1.0000 -0.0002
vn -0.0002 1.0000 -0.0004
vn -0.0003 1.0000 -0.0006
vn -0.0003 1.0000 -0.0002
vn -0.0004 1.0000 -0.0004
vn -0.0042 1.0000 -0.0063
vn -0.0000 1.0000 0.0001
vn -0.0021 1.0000 -0.0050
vn 0.0018 1.0000 0.0042
vn 0.0000 1.0000 0.0000
vn 0.0004 1.0000 0.0000
vn 0.0001 1.0000 -0.0008
vn 0.0002 1.0000 0.0005
vn 0.0001 1.0000 -0.0001
vn 0.0006 1.0000 0.0002
vn 0.0000 1.0000 -0.0000
vn -0.0002 1.0000 0.0003
vn 0.0000 1.0000 -0.0002
vn -0.0001 1.0000 -0.0005
vn -0.0000 1.0000 -0.0004
vn -0.0005 1.0000 -0.0003
vn 0.0000 1.0000 -0.0001
vn -0.0001 1.0000 0.0001
vn 0.0000 1.0000 0.0001
vn 0.0003 1.0000 -0.0004
vn -0.0000 1.0000 -0.0001
vn -0.0000 1.0000 -0.0001
vn 0.0654 0.9973 0.0347
vn 0.0373 0.9973 0.0628
vn 0.0408 0.9989 0.0217
vn 0.0005 1.0000 -0.0004
vn 0.0319 0.9994 0.0163
vn -0.0067 0.9980 0.0623
vn 0.0641 0.9979 0.0035
vn 0.0603 0.9981 0.0114
vn 0.0612 0.9977 -0.0274
vn 0.0422 0.9930 0.1103
vn -0.1615 0.9859 0.0434
vn 0.0001 1.0000 -0.0004
vn 0.0001 1.0000 -0.0004
vn 0.0001 1.0000 -0.0004
vn 0.0001 1.0000 -0.0004
vn -0.0002 1.0000 -0.0007
vn 0.0001 1.0000 -0.0003
vn 0.0002 1.0000 -0.0003
vn 0.0001 1.0000 -0.0004
vn -0.0060 0.9999 0.0119
vn -0.0057 0.9999 0.0126
vn -0.0050 0.9999 0.0133
vn 0.0026 0.9999 0.0126
vn 0.0003 1.0000 -0.0009
vn 0.0003 1.0000 -0.0009
vn 0.0005 1.0000 -0.0001
vn 0.0002 1.0000 0.0002
vn 0.0007 1.0000 0.0001
vn 0.0005 1.0000 0.0003
vn 0.0004 1.0000 0.0005
vn -0.0000 1.0000 0.0000
vn 0.0000 1.0000 -0.0000
vn -0.0230 0.9997 0.0048
vn -0.0492 0.9962 0.0723
vn -0.0459 0.9978 0.0482
vn 0.0002 1.0000 0.0000
vn -0.0002 1.0000 0.0005
vn -0.0135 0.9996 -0.0260
vn 0.0000 1.0000 -0.0001
vn 0.0006 1.0000 0.0001
vn 0.0001 1.0000 0.0000
vn -0.0006 1.0000 0.0001
vn 0.0002 1.0000 -0.0003
vn 0.0000 1.0000 -0.0006
vn 0.0003 1.0000 -0.0004
vn 0.0003 1.0000 -0.0004
vn 0.0003 1.0000 -0.0002
vn -0.0000 1.0000 0.0002
vn 0.0000 1.0000 -0.0003
vn 0.0005 1.0000 -0.0001
vn -0.0008 1.0000 -0.0000
vn 0.0000 1.0000 -0.0002
vn 0.0009 1.0000 0.0024
vn 0.0005 1.0000 0.0012
vn 0.0000 1.0000 -0.0003
vn 0.0001 1.0000 -0.0001
vn -0.0597 0.9981 0.0152
vn 0.0003 1.0000 -0.0006
vn 0.0004 1.0000 0.0003
vn 0.0003 1.0000 0.0001
vn 0.0000 1.0000 -0.0000
vn 0.0000 1.0000 -0.0003
vn 0.0000 1.0000 -0.0000
vn 0.0002 1.0000 -0.0003
vn 0.0000 1.0000 -0.0000
vn 0.0000 1.0000 0.0000
vn -0.0009 1.0000 -0.0002
vn -0.0001 1.0000 -0.0003
vn -0.0003 1.0000 0.0001
vn 0.0005 1.0000 0.0002
vn -0.0000 1.0000 0.0005
vn 0.0003 1.0000 0.0001
vn -0.0006 1.0000 0.0001
vn -0.0000 1.0000 -0.0000
vn -0.0001 1.0000 -0.0000
vn 0.0000 1.0000 -0.0000
vn 0.0000 1.0000 0.0000
vn 0.0000 1.0000 -0.0000
vn -0.0003 1.0000 0.0002
vn -0.0003 1.0000 0.0002
vn 0.0002 1.0000 -0.0003
vn 0.0000 1.0000 0.0000
vn 0.0000 1.0000 0.0000
vn -0.0000 1.0000 0.0000
vn 0.0000 1.0000 0.0000
vn -0.0002 1.0000 0.0001
vn -0.0006 1.0000 -0.0001
vn -0.0003 1.0000 -0.0001
vn -0.0003 1.0000 -0.0001
vn 0.0008 1.0000 0.0004
vn 0.0004 1.0000 0.0004
vn 0.0000 1.0000 0.0000
vn 0.0001 1.0000 -0.0005
vn 0.0004 1.0000 0.0004
vn -0.0001 1.0000 0.0005
vn 0.0005 1.0000 -0.0001
vn -0.0005 1.0000 0.0004
vn 0.0001 1.0000 -0.0001
vn 0.0000 1.0000 -0.0002
vn 0.0006 1.0000 0.0001
vn 0.0001 1.0000 -0.0000
vn -0.0004 1.0000 0.0003
vn 0.0000 1.0000 0.0000
vn 0.0000 1.0000 -0.0000
vn -0.0001 1.0000 -0.0006
vn 0.0000 1.0000 -0.0000
vn 0.0000 1.0000 -0.0000
vn 0.0000 1.0000 0.0000
vn 0.0004 1.0000 -0.0003
vn -0.0000 1.0000 -0.0000
vn -0.0002 1.0000 -0.0007
vn 0.0003 1.0000 0.0000
vn -0.0005 1.0000 0.0013
vn -0.0001 1.0000 0.0003
vn -0.0167 0.9993 0.0339
vn -0.0268 0.9992 0.0286
vn -0.0001 1.0000 -0.0006
vn -0.0002 1.0000 -0.0006
vn 0.0000 1.0000 -0.0002
vn -0.0001 1.0000 -0.0002
vn 0.0002 1.0000 0.0010
vn -0.0194 0.9959 -0.0882
vn 0.1227 0.9890 0.0822
vn 0.0000 1.0000 0.0000
vn 0.0000 1.0000 0.0000
vn 0.0000 1.0000 0.0000
vn -0.0014 1.0000 -0.0042
vn 0.0606 0.9812 0.1831
vn -0.0015 0.9987 0.0518
vn 0.0005 1.0000 0.0000
vn 0.0004 1.0000 0.0001
vn 0.0004 1.0000 0.0001
vn 0.0002 1.0000 0.0003
vn 0.0002 1.0000 0.0000
vn 0.0008 1.0000 -0.0001
vn 0.0011 1.0000 -0.0003
vn 0.0001 1.0000 0.0001
vn 0.0001 1.0000 0.0001
vn 0.0001 1.0000 0.0000
vn 0.0001 1.0000 0.0000
vn 0.0001 1.0000 0.0003
vn -0.0005 1.0000 0.0003
vn -0.0048 1.0000 0.0020
vn 0.0133 -0.9999 -0.0058
vn 0.0012 1.0000 -0.0003
vn -0.0001 1.0000 0.0004
vn 0.0001 1.0000 0.0001
vn -0.0010 1.0000 0.0003
vn -0.0016 1.0000 0.0001
vn 0.0001 1.0000 0.0000
vn -0.0701 0.9974 0.0160
vn 0.0012 1.0000 0.0006
vn 0.0000 1.0000 0.0000
vn 0.2083 0.9760 0.0632
vn 0.2774 0.9578 0.0752
vn -0.0063 0.9995 0.0323
vn 0.0311 0.9994 0.0121
vn -0.0076 0.9983 -0.0577
vn 0.0002 1.0000 0.0012
vn 0.0004 1.0000 0.0002
vn 0.0003 1.0000 0.0000
vn 0.0003 1.0000 -0.0003
vn -0.0002 1.0000 -0.0003
vn 0.0005 1.0000 0.0002
vn 0.0004 1.0000 0.0003
vn 0.0006 1.0000 0.0010
vn 0.0002 1.0000 0.0000
vn 0.0003 1.0000 0.0002
vn -0.0003 1.0000 -0.0006
vn 0.0011 1.0000 0.0020
vn -0.0011 1.0000 -0.0016
vn 0.0003 1.0000 0.0006
vn -0.0002 1.0000 0.0001
vn 0.0006 1.0000 0.0013
vn -0.0061 1.0000 0.0011
vn -0.0093 0.9999 -0.0109
vn -0.0001 1.0000 -0.0001
vn 0.0002 1.0000 0.0002
vn 0.0000 1.0000 0.0002
vn 0.0003 1.0000 0.0006
vn 0.0003 1.0000 0.0005
vn 0.0002 1.0000 0.0003
vn 0.0001 1.0000 0.0005
vn 0.0002 1.0000 0.0006
vn 0.0002 1.0000 0.0006
vn 0.0304 0.9977 -0.0602
vn 0.4479 0.8686 -0.2119
vn -0.3438 -0.9249 0.1626
vn -0.0001 1.0000 0.0003
vn -0.0002 1.0000 0.0005
vn -0.0002 1.0000 -0.0006
vn -0.0001 1.0000 -0.0001
vn -0.0049 0.9981 -0.0608
vn 0.0133 0.9998 -0.0173
vn 0.0172 0.9998 -0.0109
vn 0.0092 0.9998 -0.0183
vn -0.0001 1.0000 0.0001
vn 0.0013 1.0000 0.0009
vn 0.0004 1.0000 0.0004
vn 0.0001 1.0000 0.0005
vn -0.0578 0.9925 -0.1073
vn 0.0288 0.9989 -0.0356
vn 0.0450 0.9987 -0.0233
vn 0.0291 0.9992 -0.0258
vn 0.0003 1.0000 -0.0000
vn -0.0027 1.0000 -0.0072
vn -0.0002 1.0000 -0.0003
vn -0.0000 1.0000 -0.0000
vn -0.0000 1.0000 -0.0000
vn -0.0004 1.0000 0.0006
vn -0.0001 1.0000 0.0002
vn 0.0001 1.0000 -0.0002
vn 0.0002 1.0000 -0.0005
vn 0.0028 1.0000 0.0057
vn 0.0003 1.0000 0.0005
vn -0.0000 1.0000 0.0001
vn -0.0000 1.0000 0.0001
vn 0.0000 1.0000 0.0000
vn 0.0000 1.0000 0.0000
vn -0.0001 1.0000 0.0001
vn -0.0003 1.0000 -0.0000
vn -0.0000 1.0000 -0.0001
vn -0.0001 1.0000 -0.0006
vn 0.0001 1.0000 -0.0001
vn 0.0002 1.0000 0.0004
vn -0.0004 1.0000 0.0005
vn -0.0000 1.0000 0.0002
vn -0.0002 1.0000 -0.0002
vn 0.0000 1.0000 0.0000
vn 0.0000 1.0000 0.0000
vn 0.0000 1.0000 0.0000
vn -0.0001 1.0000 0.0002
vn -0.0001 1.0000 0.0002
vn -0.0001 1.0000 0.0002
vn -0.0002 1.0000 0.0001
vn -0.0001 1.0000 0.0001
vn -0.0002 1.0000 -0.0002
vn 0.0001 1.0000 -0.0004
vn 0.0002 1.0000 -0.0000
vn -0.0003 1.0000 -0.0000
vn 0.0000 1.0000 0.0002
vn -0.0000 1.0000 0.0002
vn 0.0005 1.0000 0.0002
vn -0.0003 1.0000 0.0004
vn 0.0000 1.0000 0.0002
vn 0.0004 1.0000 -0.0003
vn 0.0004 1.0000 0.0004
vn 0.0005 1.0000 0.0015
vn -0.0000 1.0000 0.0005
vn -0.0002 1.0000 0.0003
vn -0.0002 1.0000 0.0004
vn -0.0002 1.0000 0.0003
vn -0.0003 1.0000 0.0004
vn -0.0035 1.0000 0.0029
vn 0.0004 1.0000 0.0002
vn 0.0000 1.0000 0.0000
vn 0.0001 1.0000 0.0000
vn -0.0000 1.0000 0.0001
vn 0.0000 1.0000 0.0000
vn 0.0000 1.0000 0.0000
vn 0.0000 1.0000 -0.0000
vn 0.0005 1.0000 0.0002
vn 0.0007 1.0000 0.0002
vn 0.0004 1.0000 0.0005
vn 0.0009 1.0000 0.0005
vn -0.0013 1.0000 0.0013
vn 0.0001 1.0000 0.0001
vn -0.0008 1.0000 0.0003
vn -0.0002 1.0000 0.0001
vn -0.0002 1.0000 -0.0001
vn 0.0000 1.0000 0.0000
vn 0.0000 1.0000 0.0000
vn 0.0000 1.0000 0.0000
vn -0.0000 1.0000 -0.0000
vn -0.0000 1.0000 -0.0000
vn 0.0000 1.0000 0.0000
vn -0.0000 1.0000 0.0001
vn -0.0002 1.0000 0.0001
vn -0.0001 1.0000 0.0001
vn 0.0000 1.0000 -0.0000
vn 0.0000 1.0000 0.0000
vn 0.0004 1.0000 -0.0005
vn 0.0003 1.0000 -0.0001
vn 0.0000 1.0000 0.0002
vn -0.0002 1.0000 0.0005
vn -0.0002 1.0000 0.0004
vn -0.0002 1.0000 0.0002
vn -0.0002 1.0000 0.0002
vn -0.0002 1.0000 0.0001
vn -0.0002 1.0000 0.0002
vn -0.0002 1.0000 -0.0002
vn 0.0002 1.0000 0.0001
vn 0.0001 1.0000 0.0000
vn -0.0002 1.0000 -0.0001
vn 0.0001 1.0000 -0.0001
vn 0.0004 1.0000 -0.0007
vn 0.0003 1.0000 -0.0001
vn 0.0003 1.0000 -0.0002
vn 0.0002 1.0000 0.0006
vn 0.0000 1.0000 0.0000
vn -0.0002 1.0000 0.0001
vn -0.0001 1.0000 -0.0000
vn 0.0001 1.0000 0.0000
vn 0.0000 1.0000 0.0000
vn -0.0000 1.0000 0.0000
vn 0.0000 1.0000 0.0000
vn -0.0000 1.0000 0.0005
vn -0.0096 0.9997 -0.0228
vn 0.0003 1.0000 0.0004
vn -0.0000 1.0000 0.0000
vn -0.0000 1.0000 -0.0000
vn -0.0019 1.0000 0.0008
vn 0.0000 1.0000 0.0000
vn 0.0000 1.0000 0.0000
vn 0.0000 1.0000 0.0000
vn 0.0000 1.0000 0.0000
vn 0.0000 1.0000 0.0000
vn -0.0000 1.0000 -0.0000
vn -0.0000 1.0000 0.0000
vn -0.0003 1.0000 0.0000
vn 0.0000 1.0000 0.0000
vn 0.0000 1.0000 0.0000
vn -0.0003 1.0000 -0.0000
vn -0.0003 1.0000 0.0001
vn -0.0000 1.0000 0.0000
vn -0.0000 1.0000 -0.0000
vn -0.0000 1.0000 0.0000
vn 0.0000 1.0000 0.0000
vn -0.0000 -1.0000 0.0000
vn 0.0000 1.0000 0.0000
vn 0.0001 1.0000 0.0002
vn 0.0001 1.0000 0.0002
vn -0.0002 1.0000 0.0003
vn 0.0000 1.0000 0.0000
vn -0.0000 1.0000 0.0000
vn 0.0000 1.0000 0.0000
vn -0.0005 1.0000 0.0002
vn -0.0003 1.0000 0.0002
vn 0.0000 1.0000 0.0000
vn 0.0000 1.0000 0.0000
vn -0.0000 1.0000 0.0000
vn -0.0000 1.0000 -0.0000
vn -0.0022 1.0000 0.0009
vn -0.0023 1.0000 0.0010
vn -0.0022 1.0000 0.0002
vn -0.0026 1.0000 -0.0007
vn -0.0019 1.0000 -0.0022
vn -0.0025 1.0000 -0.0065
vn -0.0071 1.0000 -0.0016
vn 0.0250 0.9971 0.0717
vn 0.0398 0.9971 0.0645
vn 0.0000 1.0000 -0.0000
vn 0.0003 1.0000 -0.0004
vn 0.0001 1.0000 -0.0000
vn 0.0000 1.0000 0.0004
vn -0.0004 1.0000 0.0002
vn -0.0001 1.0000 0.0002
vn 0.0000 1.0000 0.0000
vn 0.0000 1.0000 0.0000
vn 0.0000 1.0000 0.0000
vn 0.0000 1.0000 0.0000
vn 0.0000 1.0000 0.0000
vn 0.0000 1.0000 0.0000
vn 0.0003 1.0000 -0.0001
vn -0.0000 1.0000 0.0000
vn 0.0000 1.0000 0.0000
vn 0.0000 1.0000 0.0000
vn 0.0000 1.0000 0.0000
vn 0.0288 0.9980 0.0570
vn 0.0265 0.9980 0.0582
vn 0.1378 0.9880 -0.0692
vn -0.0515 0.9969 0.0599
vn 0.0000 1.0000 0.0000
vn 0.0000 1.0000 0.0000
vn 0.0000 1.0000 0.0000
vn 0.0000 1.0000 0.0000
vn 0.0000 1.0000 0.0000
vn 0.0000 1.0000 0.0000
vn -0.0000 1.0000 0.0000
vn 0.0000 1.0000 0.0000
vn 0.0000 1.0000 0.0000
vn 0.0000 1.0000 -0.0000
vn -0.0002 1.0000 -0.0003
vn 0.0007 1.0000 -0.0005
vn 0.0001 1.0000 -0.0002
vn 0.0507 0.9950 0.0858
vn 0.0226 0.9995 0.0212
vn 0.0189 0.9998 0.0033
vn -0.0000 1.0000 -0.0001
vn 0.0486 0.9952 0.0848
vn -0.0267 0.9899 0.1390
vn -0.1731 0.9788 -0.1096
vn 0.0004 1.0000 0.0002
vn 0.0000 1.0000 0.0000
vn 0.0107 0.9999 0.0088
vn 0.0232 0.9997 -0.0066
vn 0.0194 0.9997 0.0117
vn -0.1243 0.9907 0.0554
vn 0.0000 1.0000 0.0000
vn 0.0000 1.0000 0.0000
vn 0.0000 1.0000 0.0000
vn 0.0000 1.0000 0.0000
vn -0.0000 1.0000 -0.0000
vn 0.0000 1.0000 0.0000
vn 0.0000 1.0000 0.0000
vn 0.0000 1.0000 0.0000
vn 0.0000 1.0000 0.0000
vn 0.0000 1.0000 0.0000
vn 0.0002 1.0000 0.0004
vn 0.0004 1.0000 0.0000
vn 0.0000 1.0000 0.0000
vn 0.0000 1.0000 0.0000
vn 0.0000 1.0000 0.0000
vn -0.0527 0.9982 0.0296
vn -0.0361 0.9988 0.0338
vn -0.0119 0.9997 0.0202
vn -0.0467 0.9988 -0.0157
vn 0.0138 0.9998 0.0139
vn 0.0852 -0.9743 0.2086
vn 0.0022 1.0000 0.0038
vn 0.0000 1.0000 -0.0000
vn 0.0000 1.0000 0.0000
vn 0.0000 1.0000 0.0000
vn 0.0000 1.0000 0.0000
vn 0.0000 1.0000 0.0000
vn -0.0000 1.0000 0.0000
vn 0.0000 1.0000 -0.0000
vn 0.0000 1.0000 0.0000
vn 0.0000 1.0000 -0.0000
vn -0.0000 1.0000 0.0000
vn 0.0002 1.0000 0.0000
vn 0.0000 1.0000 0.0000
vn 0.0000 1.0000 0.0000
vn 0.0000 1.0000 -0.0000
vn 0.0000 1.0000 0.0000
vn -0.0000 1.0000 -0.0000
vn 0.0000 1.0000 0.0000
vn 0.0000 1.0000 -0.0000
vn -0.0000 1.0000 0.0000
vn 0.0000 1.0000 -0.0000
vn -0.0000 1.0000 0.0000
vn -0.0488 0.9988 0.0003
vn 0.0585 0.9978 -0.0301
vn 0.0544 0.9981 0.0292
vn -0.0000 1.0000 -0.0000
vn -0.0000 1.0000 -0.0000
vn 0.0000 1.0000 -0.0000
vn -0.0000 1.0000 0.0000
vn 0.0000 1.0000 -0.0000
vn -0.0003 1.0000 0.0001
vn -0.0004 1.0000 -0.0001
vn -0.0270 0.9973 -0.0686
vn 0.0303 0.9995 -0.0126
vn -0.0000 1.0000 0.0000
vn 0.0000 1.0000 -0.0000
vn -0.0000 1.0000 0.0000
vn 0.0000 1.0000 -0.0000
vn -0.0000 1.0000 0.0000
vn 0.0000 1.0000 -0.0000
vn -0.0000 1.0000 0.0000
vn -0.0001 1.0000 -0.0001
vn -0.6661 -0.7067 0.2387
vn -0.6654 -0.7075 0.2381
vn -0.6916 -0.7050 0.1568
vn -0.7426 -0.6434 0.1860
vn -0.6800 -0.7262 0.1009
vn -0.7471 -0.6621 0.0584
vn -0.7024 -0.7110 0.0345
vn -0.7129 -0.6997 -0.0478
vn -0.7570 -0.6524 -0.0372
vn -0.6649 -0.7383 -0.1127
vn -0.6999 -0.7067 -0.1038
vn -0.6871 -0.7068 -0.1684
vn -0.6790 -0.7141 -0.1701
vn -0.6741 -0.6946 -0.2513
vn -0.7067 -0.6607 -0.2529
vn -0.6075 -0.7350 -0.3011
vn -0.6396 -0.7067 -0.3025
vn -0.6094 -0.7068 -0.3592
vn -0.5980 -0.7169 -0.3584
vn -0.5779 -0.6896 -0.4364
vn -0.5974 -0.6684 -0.4431
vn -0.4976 -0.7317 -0.4658
vn -0.5242 -0.7067 -0.4752
vn -0.4801 -0.7068 -0.5195
vn -0.4666 -0.7193 -0.5148
vn -0.4315 -0.6851 -0.5869
vn -0.4393 -0.6754 -0.5923
vn -0.3442 -0.7283 -0.5926
vn -0.3637 -0.7067 -0.6069
vn -0.3100 -0.7069 -0.6358
vn -0.2961 -0.7213 -0.6261
vn -0.2471 -0.6808 -0.6895
vn -0.2464 -0.6819 -0.6887
vn -0.1597 -0.7248 -0.6701
vn -0.1719 -0.7067 -0.6863
vn -0.1137 -0.7069 -0.6981
vn -0.1014 -0.7230 -0.6834
vn -0.0398 -0.6769 -0.7350
vn -0.0356 -0.6878 -0.7250
vn 0.0403 -0.7213 -0.6914
vn 0.0347 -0.7067 -0.7067
vn 0.0922 -0.7069 -0.7013
vn 0.1012 -0.7243 -0.6820
vn 0.1727 -0.6733 -0.7189
vn 0.1751 -0.6932 -0.6991
vn 0.2391 -0.7178 -0.6539
vn 0.2384 -0.7067 -0.6662
vn 0.2903 -0.7069 -0.6449
vn 0.2944 -0.7253 -0.6224
vn 0.3726 -0.6700 -0.6421
vn 0.3681 -0.6982 -0.6141
vn 0.4196 -0.7141 -0.5603
vn 0.4215 -0.7067 -0.5683
vn 0.4638 -0.7070 -0.5339
vn 0.4619 -0.7259 -0.5096
vn 0.5425 -0.6671 -0.5106
vn 0.5272 -0.7026 -0.4778
vn 0.5756 -0.7118 -0.4024
vn 0.6228 -0.6315 -0.4619
vn 0.5896 -0.7263 -0.3534
vn 0.6678 -0.6646 -0.3352
vn 0.6396 -0.7067 -0.3025
vn -0.4754 0.5231 -0.7073
vn -0.4751 0.5251 -0.7061
vn 0.0000 1.0000 0.0000
vn -0.0000 1.0000 0.0000
vn 0.0000 1.0000 0.0000
vn 0.0000 1.0000 0.0000
vn 0.0000 1.0000 0.0000
vn 0.0000 1.0000 0.0000
vn 0.0000 1.0000 -0.0000
vn 0.0000 1.0000 0.0000
vn 0.0000 1.0000 0.0000
vn 0.0000 1.0000 0.0000
vn 0.0000 1.0000 0.0000
vn 0.0000 1.0000 0.0000
vn 0.0000 1.0000 0.0000
vn 0.0000 1.0000 0.0000
vn 0.0000 1.0000 0.0000
vn 0.0000 1.0000 0.0000
vn -0.5406 0.5019 0.6752
vn -0.5405 0.5008 0.6760
vn -0.7026 0.7010 -0.1223
vn -0.7035 0.7072 -0.0705
vn -0.6931 0.7168 -0.0758
vn -0.7061 0.6978 -0.1205
vn -0.6878 0.7102 -0.1500
vn -0.6981 0.6943 -0.1751
vn -0.6662 0.7211 -0.1903
vn -0.6476 0.7212 -0.2459
vn -0.6664 0.7064 -0.2386
vn -0.6747 0.7075 -0.2103
vn -0.5342 0.7078 -0.4623
vn -0.5381 0.7151 -0.4462
vn -0.5672 0.6937 -0.4440
vn -0.5656 0.7188 -0.4043
vn -0.5860 0.7045 -0.4004
vn -0.5975 0.7113 -0.3701
vn -0.5924 0.7243 -0.3527
vn -0.6657 0.6663 -0.3360
vn -0.6214 0.7089 -0.3338
vn -0.6451 0.7060 -0.2921
vn -0.6324 0.7156 -0.2967
vn -0.6585 0.6995 -0.2776
vn -0.1337 0.5663 -0.8133
vn 0.1668 0.5235 -0.8355
vn 0.0000 1.0000 0.0000
vn 0.0000 1.0000 0.0000
vn -0.0000 1.0000 0.0000
vn 0.0000 1.0000 0.0000
vn 0.0000 1.0000 0.0000
vn -0.0000 1.0000 0.0000
vn -0.0000 1.0000 0.0000
vn 0.0000 1.0000 0.0000
vn 0.0000 1.0000 0.0000
vn -0.8599 0.5016 0.0944
vn -0.8600 0.5012 0.0963
vn -0.4621 0.7074 -0.5348
vn -0.4422 0.7132 -0.5439
vn -0.4350 0.7191 -0.5418
vn -0.4153 0.6929 -0.5894
vn -0.4147 0.6934 -0.5892
vn -0.3804 0.7103 -0.5923
vn -0.3653 0.6980 -0.6159
vn -0.3365 0.7211 -0.6056
vn -0.3283 0.7075 -0.6258
vn -0.3025 0.7064 -0.6399
vn -0.2841 0.7212 -0.6318
vn -0.2653 0.6935 -0.6699
vn -0.2496 0.7060 -0.6627
vn -0.2093 0.7086 -0.6738
vn -0.2272 0.6868 -0.6904
vn -0.1743 0.7198 -0.6720
vn -0.1740 0.7201 -0.6717
vn -0.1433 0.6944 -0.7052
vn -0.1130 0.7243 -0.6802
vn -0.1008 0.7102 -0.6967
vn -0.0752 0.7051 -0.7051
vn -0.3256 0.4820 -0.8134
vn -0.0706 0.2510 -0.9654
vn 0.4106 0.3253 -0.8518
vn 0.8041 0.4091 -0.4313
vn -0.0000 1.0000 0.0000
vn 0.0000 1.0000 0.0000
vn 0.0000 1.0000 -0.0000
vn 0.0000 1.0000 0.0000
vn 0.0000 1.0000 0.0000
vn 0.0000 1.0000 -0.0000
vn 0.0000 1.0000 0.0000
vn -0.0000 1.0000 0.0000
vn 0.0000 1.0000 0.0000
vn -0.0000 1.0000 0.0000
vn -0.0000 1.0000 0.0000
vn 0.0000 1.0000 0.0000
vn -0.6747 0.5016 -0.5415
vn -0.6766 0.5010 -0.5397
vn 0.3840 0.6991 -0.6031
vn 0.1223 0.7009 -0.7027
vn 0.0682 0.7074 -0.7036
vn 0.0754 0.7192 -0.6907
vn 0.1025 0.7046 -0.7022
vn 0.1289 0.7124 -0.6898
vn 0.1499 0.7103 -0.6878
vn 0.1751 0.6943 -0.6981
vn 0.1903 0.7211 -0.6662
vn 0.2058 0.7106 -0.6728
vn 0.2181 0.7073 -0.6725
vn 0.2386 0.7064 -0.6664
vn 0.2458 0.7212 -0.6476
vn 0.2861 0.6935 -0.6613
vn 0.2921 0.7060 -0.6451
vn 0.3338 0.7089 -0.6214
vn 0.3360 0.6663 -0.6657
vn 0.3495 0.7130 -0.6079
vn 0.3813 0.7010 -0.6027
vn 0.4002 0.7169 -0.5709
vn 0.4007 0.7210 -0.5654
vn 0.4440 0.6937 -0.5671
vn 0.4462 0.7151 -0.5382
vn 0.4640 0.7070 -0.5337
vn 0.8355 0.5237 0.1665
vn 0.8356 0.5234 0.1667
vn 0.0000 1.0000 0.0000
vn 0.0000 1.0000 -0.0000
vn 0.0000 1.0000 0.0000
vn 0.0000 1.0000 0.0000
vn 0.0000 1.0000 0.0000
vn 0.0000 1.0000 0.0000
vn 0.0000 -1.0000 0.0000
vn 0.0000 1.0000 0.0000
vn 0.0000 -1.0000 -0.0000
vn 0.0000 -1.0000 -0.0000
vn 0.0000 1.0000 -0.0000
vn -0.0944 0.5016 -0.8599
vn -0.0964 0.5012 -0.8599
vn 0.6121 0.7200 -0.3269
vn 0.6023 0.6983 -0.3869
vn 0.5953 0.7133 -0.3699
vn 0.5831 0.7011 -0.4104
vn 0.5852 0.6952 -0.4173
vn 0.5418 0.7192 -0.4350
vn 0.5399 0.7245 -0.4285
vn 0.5404 0.7074 -0.4557
vn 0.6314 0.6916 -0.3508
vn 0.6361 0.7147 -0.2908
vn 0.6457 0.7070 -0.2885
vn 0.0000 -1.0000 -0.0000
vn 0.0000 -1.0000 -0.0000
vn 0.0330 -0.1020 -0.9942
vn 0.0282 -0.9983 -0.0512
vn -0.0313 -0.9994 0.0148
vn -0.1094 -0.9938 -0.0214
vn 0.0000 -1.0000 0.0000
vn -0.0625 -0.9957 0.0689
vn -0.0445 -0.9967 0.0672
vn -0.0462 -0.9970 0.0623
vn -0.0473 -0.9969 0.0624
vn -0.0441 -0.9963 0.0736
vn -0.0349 -0.9967 0.0738
vn 0.0030 -0.9990 0.0453
vn -0.0206 -0.9981 0.0577
vn 0.0257 -0.9996 0.0096
vn -0.1432 -0.9839 0.1065
vn -0.0584 -0.9970 -0.0500
vn 0.0000 -1.0000 0.0000
vn 0.2600 -0.9621 0.0817
vn -0.0285 -0.9978 -0.0602
vn 0.0098 -0.9969 -0.0775
vn -0.2194 -0.9731 -0.0696
vn -0.0224 -0.9997 0.0078
vn 0.0147 -0.9990 0.0411
vn -0.0139 -0.9994 0.0305
vn 0.0261 -0.9981 0.0551
vn -0.0048 -0.9980 0.0637
vn 0.0526 -0.9983 0.0249
vn 0.0480 -0.9985 0.0275
vn 0.0627 -0.9978 0.0224
vn 0.0717 -0.9974 -0.0019
vn -0.0702 -0.9685 0.2391
vn -0.0806 -0.9619 0.2611
vn -0.0369 -0.9993 -0.0073
vn -0.1418 -0.9313 -0.3356
vn 0.0258 -0.9992 0.0305
vn 0.0443 -0.9990 -0.0070
vn 0.0294 -0.9980 0.0566
vn -0.0795 -0.9968 -0.0039
vn -0.0870 -0.9960 -0.0191
vn -0.0747 -0.9971 -0.0111
vn -0.0797 -0.9966 -0.0200
vn 0.0219 -0.9953 0.0940
vn 0.0302 -0.9992 0.0253
vn -0.0739 -0.9949 0.0679
vn 0.3687 -0.9086 -0.1963
vn -0.0767 -0.9970 0.0123
vn 0.1690 -0.8895 0.4246
vn 0.0000 -1.0000 0.0000
vn 0.0000 -1.0000 -0.0000
vn 0.0952 -0.9951 0.0272
vn -0.0841 -0.9945 0.0624
vn -0.0968 -0.9936 0.0580
vn 0.0112 -0.9994 -0.0317
vn 0.0645 -0.9821 0.1773
vn -0.0539 -0.9796 -0.1936
vn 0.0354 -0.9993 -0.0087
vn 0.0467 -0.9983 -0.0347
vn 0.0050 -0.9999 -0.0150
vn -0.0294 -0.9995 -0.0139
vn -0.0338 -0.9994 -0.0121
vn -0.0100 -0.9956 -0.0936
vn 0.0000 -1.0000 0.0000
vn 0.0320 -0.9989 -0.0336
vn 0.3345 -0.9371 0.0997
vn -0.1381 -0.9890 -0.0535
vn -0.2685 -0.9560 -0.1182
vn 0.0310 -0.9995 -0.0066
vn -0.1094 -0.9713 -0.2110
vn -0.1155 -0.9680 0.2228
vn 0.0000 -1.0000 0.0000
vn -0.0600 -0.9970 -0.0482
vn -0.0905 -0.9958 0.0134
vn -0.0930 -0.9956 0.0113
vn -0.1002 -0.9947 0.0251
vn 0.1558 -0.9516 0.2648
vn -0.2785 -0.9535 -0.1154
vn -0.4826 -0.8588 -0.1721
vn -0.0080 -1.0000 0.0039
vn 0.0640 -0.9977 0.0236
vn 0.0077 -0.9732 -0.2296
vn -0.4641 -0.8466 -0.2604
vn 0.2308 -0.9703 0.0726
vn -0.0014 -0.9949 -0.1005
vn -0.0796 -0.9968 -0.0015
vn -0.0327 -0.9977 0.0596
vn 0.0013 -1.0000 -0.0075
vn -0.0081 -0.9998 0.0202
vn -0.0002 -1.0000 0.0037
vn 0.0894 -0.9955 -0.0317
vn 0.0847 -0.9956 -0.0401
vn 0.0701 -0.9941 -0.0824
vn 0.0291 -0.9994 0.0163
vn 0.0377 -0.9992 0.0132
vn -0.1384 -0.9902 -0.0163
vn -0.0634 -0.9957 0.0672
vn 0.0371 -0.9992 0.0154
vn 0.0130 -0.9989 -0.0461
vn -0.1440 -0.8466 0.5123
vn 0.0370 -0.9989 -0.0275
vn 0.0325 -0.9947 -0.0976
vn 0.0137 -0.9960 0.0888
vn 0.0041 -0.9964 0.0844
vn 0.0528 -0.9982 0.0293
vn 0.0000 -1.0000 0.0000
vn -0.0408 -0.9978 0.0519
vn 0.0206 -0.9964 0.0821
vn 0.0313 -0.9971 0.0694
vn 0.2034 -0.9766 -0.0704
vn 0.0398 -0.9987 0.0315
vn 0.0452 -0.9977 0.0498
vn 0.0430 -0.9975 0.0564
vn 0.0434 -0.9973 0.0586
vn 0.0404 -0.9969 0.0675
vn 0.0579 -0.9972 0.0479
vn 0.0000 -1.0000 0.0000
vn 0.0000 -1.0000 0.0000
vn 0.0000 -1.0000 0.0000
vn 0.2710 -0.9518 -0.1439
vn -0.4893 -0.8608 0.1404
vn 0.0000 -1.0000 -0.0000
vn 0.0314 -0.9994 -0.0130
vn -0.0493 -0.9967 -0.0640
vn -0.0452 -0.9977 -0.0498
vn -0.0452 -0.9977 -0.0497
vn -0.0484 -0.9967 -0.0653
vn -0.0455 -0.9961 -0.0758
vn 0.1398 -0.9876 0.0716
vn 0.0000 -1.0000 0.0000
vn -0.0214 -0.9990 -0.0391
vn 0.0518 -0.9986 0.0077
vn 0.0553 -0.9984 0.0139
vn 0.2836 -0.9416 0.1815
vn -0.2869 -0.9402 -0.1836
vn 0.1467 -0.9884 0.0390
vn 0.0546 -0.9973 0.0495
vn 0.0476 -0.9988 -0.0140
vn 0.0000 -1.0000 0.0000
vn 0.0085 -0.9977 0.0675
vn 0.0775 -0.9959 0.0464
vn 0.0761 -0.9971 -0.0064
vn 0.0117 -0.9771 0.2125
vn 0.1088 -0.9940 -0.0053
vn 0.0381 -0.9969 -0.0686
vn 0.0000 -1.0000 0.0000
vn 0.0576 -0.9973 0.0453
vn 0.0941 -0.9953 -0.0236
vn -0.1351 -0.9616 -0.2391
vn 0.0000 -1.0000 0.0000
vn 0.0010 -0.9951 0.0987
vn 0.0565 -0.9983 0.0138
vn -0.0635 -0.9978 -0.0182
vn 0.0596 -0.9972 -0.0442
vn 0.0690 -0.9968 -0.0413
vn 0.0951 -0.9950 -0.0308
vn 0.0555 -0.9926 -0.1083
vn 0.0000 -1.0000 0.0000
vn -0.0572 -0.9979 0.0312
vn 0.0107 -0.9973 -0.0721
vn 0.0191 -0.9969 -0.0763
vn -0.1028 -0.9926 -0.0653
vn 0.0277 -0.9992 -0.0305
vn 0.0305 -0.9991 -0.0309
vn 0.0282 -0.9989 -0.0380
vn 0.0760 -0.9964 -0.0388
vn 0.0572 -0.9938 -0.0955
vn -0.1184 -0.9889 -0.0898
vn 0.0209 -0.9988 -0.0441
vn 0.0144 -0.9991 -0.0403
vn 0.0297 -0.9979 -0.0570
vn -0.0270 -0.9996 -0.0085
vn 0.0497 -0.9866 -0.1554
vn 0.1679 -0.9854 -0.0281
vn -0.0049 -0.9950 -0.0996
vn -0.0129 -0.9958 -0.0903
vn -0.0134 -0.9958 -0.0906
vn -0.0082 -0.9953 -0.0965
vn -0.0265 -0.9941 -0.1056
vn -0.3375 -0.9104 0.2392
vn 0.2501 -0.9519 -0.1772
vn -0.3186 -0.9425 0.1010
vn 0.0000 -1.0000 -0.0000
vn -0.0000 -1.0000 0.0000
vn 0.0000 -1.0000 -0.0000
vn -0.0104 -0.9965 -0.0831
vn -0.0933 -0.9941 -0.0559
vn -0.0265 -0.5717 0.8200
vn 0.0000 -1.0000 0.0000
vn -0.0742 -0.9948 0.0691
vn 0.0751 -0.9963 -0.0410
vn -0.0189 -0.9942 0.1062
vn -0.0039 -0.9968 0.0795
vn -0.0166 -0.9962 0.0857
vn -0.0116 -0.9969 0.0781
vn -0.0209 -0.9963 0.0833
vn 0.0112 -0.9947 -0.1026
vn -0.0801 -0.9968 -0.0073
vn -0.0468 -0.9863 -0.1583
vn 0.7054 0.7053 -0.0704
vn 0.7062 0.7045 -0.0709
vn 0.6946 0.7080 -0.1273
vn 0.6895 0.7137 -0.1234
vn 0.6904 0.7025 -0.1727
vn 0.6825 0.7126 -0.1624
vn 0.6839 0.7011 -0.2021
vn 0.6880 0.6953 -0.2079
vn 0.6527 0.7191 -0.2386
vn 0.6612 0.7069 -0.2511
vn 0.4732 0.5238 0.7084
vn 0.4731 0.5234 0.7087
vn -0.0000 1.0000 0.0000
vn -0.0000 1.0000 0.0000
vn 0.0000 1.0000 -0.0000
vn -0.0000 1.0000 0.0000
vn 0.0000 1.0000 0.0000
vn 0.0000 1.0000 -0.0000
vn 0.0000 1.0000 0.0000
vn 0.0000 1.0000 0.0000
vn 0.0000 1.0000 0.0000
vn 0.0000 1.0000 0.0000
vn -0.0000 1.0000 -0.0000
vn 0.0000 1.0000 -0.0000
vn -0.0000 1.0000 0.0000
vn 0.5413 0.5016 -0.6748
vn 0.5399 0.5012 -0.6762
vn 0.5358 0.7077 0.4605
vn 0.5379 0.7155 0.4458
vn 0.5671 0.6952 0.4416
vn 0.5654 0.7210 0.4007
vn 0.5839 0.7070 0.3990
vn 0.6013 0.7070 0.3722
vn 0.5989 0.7157 0.3593
vn 0.9939 0.1051 -0.0326
vn 0.6476 0.7212 0.2459
vn 0.4160 0.8542 0.3120
vn 0.6215 0.7089 0.3336
vn 0.6451 0.7060 0.2921
vn 0.6324 0.7156 0.2967
vn 0.6585 0.6995 0.2776
vn 0.6664 0.7064 0.2386
vn 0.6747 0.7075 0.2103
vn 0.6662 0.7211 0.1903
vn 0.6981 0.6943 0.1751
vn 0.6877 0.7104 0.1498
vn 0.7035 0.7072 0.0705
vn 0.6931 0.7169 0.0758
vn 0.7029 0.7008 0.1222
vn 0.7061 0.6978 0.1205
vn 0.0166 0.6115 0.7911
vn -0.0707 0.4545 0.8880
vn 0.0000 1.0000 0.0000
vn 0.0000 1.0000 -0.0000
vn 0.0000 1.0000 0.0000
vn 0.0000 1.0000 0.0000
vn 0.0000 1.0000 0.0000
vn 0.0000 1.0000 0.0000
vn 0.0000 1.0000 0.0000
vn 0.0000 1.0000 0.0000
vn -0.0000 1.0000 0.0000
vn -0.0000 -1.0000 0.0000
vn 0.7883 0.6057 0.1078
vn 0.9125 0.4083 0.0235
vn 0.4519 0.7093 0.5410
vn 0.4507 0.7024 0.5508
vn 0.4280 0.7098 0.5595
vn 0.4170 0.6953 0.5854
vn 0.4106 0.7008 0.5834
vn 0.3800 0.7105 0.5923
vn 0.3805 0.7102 0.5923
vn 0.3605 0.7019 0.6143
vn 0.3365 0.7211 0.6056
vn 0.3283 0.7075 0.6258
vn 0.3025 0.7064 0.6399
vn 0.2901 0.7165 0.6344
vn 0.2694 0.6995 0.6619
vn 0.2653 0.6935 0.6699
vn 0.2496 0.7060 0.6627
vn 0.2093 0.7086 0.6738
vn 0.2272 0.6868 0.6904
vn 0.1743 0.7198 0.6720
vn 0.1740 0.7201 0.6717
vn 0.1237 0.6771 0.7254
vn 0.1346 0.7370 0.6624
vn 0.0492 0.7069 0.7056
vn 0.0650 0.7151 0.6960
vn 0.0735 0.7070 0.7034
vn 0.1013 0.7071 0.6999
vn -0.7084 0.5238 0.4732
vn -0.7087 0.5233 0.4731
vn 0.0000 1.0000 0.0000
vn 0.0000 1.0000 0.0000
vn 0.0000 1.0000 0.0000
vn 0.0000 1.0000 0.0000
vn 0.0000 1.0000 0.0000
vn 0.0000 1.0000 -0.0000
vn 0.0000 1.0000 0.0000
vn 0.0000 1.0000 0.0000
vn 0.0000 1.0000 0.0000
vn 0.0000 1.0000 0.0000
vn 0.0000 1.0000 0.0000
vn 0.6752 0.5019 0.5406
vn 0.6760 0.5008 0.5405
vn -0.0682 0.7072 0.7037
vn -0.0755 0.7191 0.6908
vn -0.1025 0.7046 0.7022
vn -0.1289 0.7124 0.6898
vn -0.1222 0.7008 0.7029
vn -0.1498 0.7104 0.6877
vn -0.1800 0.6911 0.7000
vn -0.1776 0.6851 0.7065
vn -0.1889 0.7003 0.6884
vn -0.2046 0.7078 0.6761
vn -0.2126 0.7055 0.6761
vn -0.2188 0.7072 0.6723
vn -0.2386 0.7064 0.6664
vn -0.2459 0.7212 0.6476
vn -0.2861 0.6935 0.6613
vn -0.2921 0.7060 0.6451
vn -0.3305 0.7087 0.6233
vn -0.3306 0.6794 0.6550
vn -0.3525 0.7238 0.5932
vn -0.3520 0.7201 0.5980
vn -0.3858 0.7011 0.5996
vn -0.4002 0.7169 0.5709
vn -0.4007 0.7210 0.5654
vn -0.4440 0.6937 0.5672
vn -0.4462 0.7151 0.5381
vn -0.4640 0.7070 0.5337
vn -0.8355 0.5237 -0.1664
vn -0.8356 0.5234 -0.1667
vn 0.0000 1.0000 -0.0000
vn 0.0000 1.0000 0.0000
vn 0.0000 1.0000 0.0000
vn 0.0000 1.0000 0.0000
vn 0.0000 1.0000 0.0000
vn -0.0000 1.0000 0.0000
vn 0.0000 1.0000 -0.0000
vn 0.0000 1.0000 0.0000
vn 0.0000 1.0000 0.0000
vn 0.0000 1.0000 0.0000
vn 0.0000 1.0000 0.0000
vn 0.0952 0.5019 0.8597
vn 0.0958 0.5008 0.8602
vn -0.5404 0.7074 0.4557
vn -0.6263 0.7071 0.3283
vn -0.5888 0.7311 0.3446
vn -0.5785 0.7460 0.3300
vn -0.5945 0.7133 0.3711
vn -0.5744 0.6891 0.4419
vn -0.5220 0.7678 0.3714
vn -0.5399 0.7247 0.4281
vn -0.6215 0.7371 0.2652
vn -0.6241 0.7337 0.2686
vn -0.6389 0.7070 0.3033
vn -0.6940 0.7070 0.1361
vn -0.6880 0.7070 0.1635
vn -0.6538 0.7335 0.1859
vn -0.6718 0.7126 0.2022
vn -0.6646 0.7034 0.2520
vn -0.6771 0.7275 0.1106
vn -0.6701 0.7349 0.1042
vn -0.7054 0.7038 0.0844
vn -0.7035 0.7087 0.0542
vn -0.7056 0.7068 0.0514
vn -0.9869 0.0000 0.1612
vn 0.7103 -0.0060 -0.7039
vn 0.7492 -0.0000 -0.6624
vn 0.7644 -0.0059 -0.6448
vn 0.7610 0.0000 -0.6488
vn 0.6563 -0.0121 -0.7544
vn 0.6603 -0.0000 -0.7510
vn 0.6158 -0.0469 -0.7865
vn 0.5639 -0.1873 -0.8043
vn 0.7282 0.0006 -0.6853
vn 0.6558 -0.0002 -0.7549
vn 0.6205 0.0038 -0.7842
vn 0.5994 0.0000 -0.8005
vn 0.5371 0.0000 -0.8435
vn 0.2925 0.0000 -0.9563
vn 0.3085 0.0000 -0.9512
vn 0.3434 -0.0006 -0.9392
vn 0.3371 -0.0014 -0.9415
vn 0.4105 0.0016 -0.9119
vn 0.3970 -0.0004 -0.9178
vn 0.5019 0.0006 -0.8650
vn 0.4732 -0.0072 -0.8809
vn 0.2433 -0.0019 -0.9700
vn 0.2336 -0.0035 -0.9723
vn 0.1837 0.0000 -0.9830
vn 0.0614 -0.0000 -0.9981
vn 0.0964 -0.0089 -0.9953
vn -0.0729 -0.0146 -0.9972
vn -0.0675 -0.0000 -0.9977
vn -0.0699 -0.0023 -0.9976
vn -0.0541 -0.0045 -0.9985
vn -0.0144 0.0000 -0.9999
vn 0.0582 0.0000 -0.9983
vn 0.0373 -0.0029 -0.9993
vn 0.1304 0.0039 -0.9915
vn 0.0930 -0.0030 -0.9957
vn 0.1444 0.0000 -0.9895
vn -0.2511 -0.0001 -0.9680
vn -0.2318 -0.0011 -0.9728
vn -0.1991 0.0012 -0.9800
vn -0.1608 -0.0010 -0.9870
vn -0.1432 0.0000 -0.9897
vn -0.1061 0.0000 -0.9944
vn -0.5023 0.0006 -0.8647
vn -0.5102 -0.0006 -0.8601
vn -0.4646 0.0002 -0.8855
vn -0.4383 -0.0010 -0.8988
vn -0.4274 -0.0000 -0.9041
vn -0.3373 0.0000 -0.9414
vn -0.3682 -0.0076 -0.9297
vn -0.2967 0.0003 -0.9550
vn -0.7454 0.0000 -0.6666
vn -0.7454 -0.0000 -0.6666
vn -0.7301 -0.0008 -0.6834
vn -0.7039 0.0023 -0.7103
vn -0.6787 -0.0011 -0.7344
vn -0.6624 0.0000 -0.7492
vn -0.6538 -0.0029 -0.7566
vn -0.6578 0.0000 -0.7532
vn -0.6309 0.0000 -0.7759
vn -0.5924 -0.0037 -0.8056
vn -0.5759 -0.0006 -0.8175
vn -0.7980 -0.0038 -0.6026
vn -0.7874 -0.0012 -0.6165
vn -0.7561 0.0000 -0.6544
vn -0.9215 0.0000 -0.3885
vn -0.9053 0.0000 -0.4247
vn -0.8960 -0.0006 -0.4441
vn -0.8809 0.0016 -0.4732
vn -0.8615 -0.0013 -0.5078
vn -0.8501 0.0000 -0.5266
vn -0.8256 0.0000 -0.5642
vn -0.9415 -0.0054 -0.3371
vn -0.9370 -0.0031 -0.3494
vn -0.9547 -0.0000 -0.2976
vn -0.9700 0.0001 -0.2433
vn -0.9712 -0.0006 -0.2381
vn -0.9857 0.0005 -0.1682
vn -0.9859 0.0004 -0.1671
vn -0.9981 -0.0000 -0.0614
vn -0.9973 -0.0143 0.0726
vn -0.9977 -0.0000 0.0674
vn -0.9950 -0.0097 -0.0997
vn -0.9955 -0.0004 -0.0946
vn -0.9996 -0.0103 -0.0253
vn -0.9978 -0.0000 -0.0669
vn -0.9997 0.0000 0.0264
vn -0.9970 -0.0037 0.0779
vn -0.9974 -0.0047 0.0722
vn -0.9929 0.0000 0.1188
vn -0.9813 -0.0012 0.1925
vn -0.9752 -0.0041 0.2211
vn -0.9729 -0.0028 0.2312
vn -0.9414 0.0000 0.3373
vn -0.9350 -0.0029 0.3545
vn -0.9576 0.0013 0.2882
vn 0.9130 0.0000 -0.4080
vn 0.8937 -0.0040 -0.4486
vn 0.8821 -0.0003 -0.4711
vn 0.7833 0.0000 -0.6216
vn 0.8142 -0.0019 -0.5806
vn 0.8196 -0.0035 -0.5730
vn 0.8493 0.0002 -0.5278
vn 0.6661 -0.7067 -0.2387
vn 0.6654 -0.7075 -0.2381
vn 0.6916 -0.7050 -0.1568
vn 0.7426 -0.6434 -0.1860
vn 0.6800 -0.7262 -0.1009
vn 0.7471 -0.6621 -0.0584
vn 0.7024 -0.7110 -0.0345
vn 0.7129 -0.6997 0.0478
vn 0.7570 -0.6524 0.0372
vn 0.6649 -0.7383 0.1127
vn 0.6999 -0.7067 0.1038
vn 0.6871 -0.7068 0.1684
vn 0.6790 -0.7141 0.1701
vn 0.6741 -0.6946 0.2513
vn 0.7067 -0.6607 0.2529
vn 0.6075 -0.7350 0.3011
vn 0.6396 -0.7067 0.3025
vn 0.6094 -0.7068 0.3592
vn 0.5980 -0.7169 0.3584
vn 0.5779 -0.6896 0.4364
vn 0.5974 -0.6684 0.4431
vn 0.4976 -0.7317 0.4658
vn 0.5242 -0.7067 0.4752
vn 0.4801 -0.7068 0.5195
vn 0.4666 -0.7193 0.5148
vn 0.4315 -0.6851 0.5869
vn 0.4393 -0.6754 0.5923
vn 0.3442 -0.7283 0.5926
vn 0.3637 -0.7067 0.6069
vn 0.3100 -0.7069 0.6358
vn 0.2961 -0.7213 0.6261
vn 0.2471 -0.6808 0.6895
vn 0.2464 -0.6819 0.6887
vn 0.1597 -0.7248 0.6701
vn 0.1719 -0.7067 0.6863
vn 0.1137 -0.7069 0.6981
vn 0.1014 -0.7230 0.6834
vn 0.0398 -0.6769 0.7350
vn 0.0356 -0.6878 0.7250
vn -0.0403 -0.7213 0.6914
vn -0.0347 -0.7067 0.7067
vn -0.0922 -0.7069 0.7013
vn -0.1012 -0.7243 0.6820
vn -0.1727 -0.6733 0.7189
vn -0.1751 -0.6932 0.6991
vn -0.2391 -0.7178 0.6539
vn -0.2384 -0.7067 0.6662
vn -0.2903 -0.7069 0.6449
vn -0.2944 -0.7253 0.6224
vn -0.3726 -0.6700 0.6421
vn -0.3681 -0.6982 0.6141
vn -0.4196 -0.7141 0.5603
vn -0.4215 -0.7067 0.5683
vn -0.4638 -0.7070 0.5339
vn -0.4619 -0.7259 0.5096
vn -0.5425 -0.6671 0.5106
vn -0.5272 -0.7026 0.4778
vn -0.5756 -0.7118 0.4024
vn -0.6228 -0.6315 0.4619
vn -0.5896 -0.7263 0.3534
vn -0.6678 -0.6646 0.3352
vn -0.6396 -0.7067 0.3025
vn -0.9185 0.0000 0.3953
vn -0.9034 -0.0016 0.4289
vn -0.8937 -0.0042 0.4486
vn -0.8857 -0.0022 0.4643
vn -0.8196 -0.0034 0.5730
vn -0.8483 0.0000 0.5296
vn -0.8686 0.0000 0.4956
vn -0.7103 -0.0060 0.7039
vn -0.7492 -0.0000 0.6624
vn -0.7644 -0.0059 0.6448
vn -0.7610 0.0000 0.6488
vn -0.7836 0.0000 0.6213
vn -0.8148 -0.0020 0.5797
vn -0.6563 -0.0121 0.7544
vn -0.6603 -0.0000 0.7510
vn -0.6158 -0.0469 0.7865
vn -0.5639 -0.1873 0.8043
vn -0.7282 0.0006 0.6853
vn -0.6558 -0.0002 0.7549
vn -0.6205 0.0038 0.7842
vn -0.5994 0.0000 0.8005
vn -0.5411 0.0000 0.8410
vn -0.5109 -0.0030 0.8596
vn -0.4685 -0.0085 0.8834
vn -0.5019 0.0006 0.8650
vn -0.3970 -0.0004 0.9178
vn -0.4105 0.0016 0.9119
vn -0.3371 -0.0014 0.9415
vn -0.3434 -0.0006 0.9392
vn -0.2999 0.0002 0.9540
vn -0.1444 0.0000 0.9895
vn -0.1837 0.0000 0.9830
vn -0.2336 -0.0035 0.9723
vn -0.2490 -0.0009 0.9685
vn -0.0614 -0.0000 0.9981
vn -0.0964 -0.0089 0.9953
vn 0.0695 -0.0121 0.9975
vn 0.0643 -0.0000 0.9979
vn -0.0930 -0.0030 0.9957
vn -0.1304 0.0039 0.9915
vn -0.0373 -0.0029 0.9993
vn -0.0582 0.0000 0.9983
vn 0.0144 0.0000 0.9999
vn 0.0541 -0.0045 0.9985
vn 0.0675 -0.0026 0.9977
vn 0.2511 -0.0001 0.9680
vn 0.2318 -0.0011 0.9728
vn 0.1991 0.0012 0.9800
vn 0.1608 -0.0010 0.9870
vn 0.1432 -0.0000 0.9897
vn 0.1039 -0.0000 0.9946
vn 0.5023 0.0000 0.8647
vn 0.5062 -0.0005 0.8624
vn 0.4646 0.0002 0.8855
vn 0.4383 -0.0010 0.8988
vn 0.4274 -0.0000 0.9041
vn 0.3373 0.0000 0.9414
vn 0.3682 -0.0076 0.9297
vn 0.2967 0.0003 0.9550
vn 0.7452 0.0000 0.6668
vn 0.7584 0.0001 0.6518
vn 0.7453 -0.0000 0.6667
vn 0.7301 -0.0008 0.6834
vn 0.7039 0.0023 0.7103
vn 0.6787 -0.0011 0.7344
vn 0.6591 0.0000 0.7521
vn 0.6589 -0.0001 0.7522
vn 0.6333 0.0002 0.7739
vn 0.5924 -0.0037 0.8056
vn 0.5802 -0.0014 0.8144
vn 0.5400 -0.0000 0.8417
vn 0.7980 -0.0038 0.6026
vn 0.7890 -0.0016 0.6144
vn 0.9215 0.0000 0.3885
vn 0.9053 -0.0000 0.4247
vn 0.8960 -0.0006 0.4441
vn 0.8811 0.0016 0.4729
vn 0.8615 -0.0013 0.5078
vn 0.8503 -0.0000 0.5263
vn 0.8256 -0.0000 0.5642
vn 0.9415 -0.0054 0.3371
vn 0.9370 -0.0031 0.3494
vn 0.9547 -0.0000 0.2976
vn 0.9700 0.0001 0.2433
vn 0.9712 -0.0006 0.2381
vn 0.9857 0.0005 0.1682
vn 0.9859 0.0004 0.1671
vn 0.9981 -0.0000 0.0614
vn 0.9944 -0.0339 -0.0998
vn 0.9955 -0.0000 -0.0946
vn 0.9950 -0.0097 0.0997
vn 0.9955 -0.0004 0.0946
vn 0.9996 -0.0103 0.0253
vn 0.9978 0.0000 0.0669
vn 0.9997 0.0000 -0.0264
vn 0.9970 -0.0037 -0.0779
vn 0.9955 -0.0007 -0.0949
vn 0.9844 0.0005 -0.1762
vn 0.9752 -0.0041 -0.2211
vn 0.9728 -0.0027 -0.2315
vn 0.9573 0.0013 -0.2892
vn 0.9414 -0.0018 -0.3373
vn 0.9349 0.0000 -0.3550
vn -0.9627 0.2559 0.0878
vn -0.9790 0.2002 0.0380
vn -0.6770 0.1175 0.7265
vn -0.6124 0.2028 0.7641
vn -0.1807 0.1581 0.9708
vn 0.0371 0.3332 0.9421
vn 0.7557 0.1667 0.6334
vn 0.5787 0.0000 0.8155
vn 0.6725 0.0000 0.7401
vn 0.8397 0.2822 0.4640
vn 0.8518 0.3122 -0.4206
vn 0.9984 0.0000 0.0560
vn 0.9239 0.0000 -0.3827
vn 0.9239 0.0000 -0.3827
vn 0.5412 0.0000 -0.8409
vn 0.5396 0.0019 -0.8419
vn -0.0293 -0.0021 -0.9996
vn -0.0315 0.0000 -0.9995
vn -0.5003 -0.0000 -0.8658
vn -0.5003 0.0000 -0.8658
vn -0.7363 -0.0000 -0.6767
vn -0.8126 0.1375 -0.5663
vn 0.0000 1.0000 0.0000
vn 0.0000 1.0000 -0.0000
vn 0.0000 1.0000 0.0000
vn 0.0000 1.0000 0.0000
vn 0.0000 1.0000 -0.0000
vn 0.0000 1.0000 0.0000
vn 0.0000 1.0000 0.0000
vn 0.0000 1.0000 0.0000
vn 0.0000 1.0000 0.0000
vn -0.7229 0.2486 -0.6447
vn -0.5117 0.0000 -0.8592
vn -0.6948 -0.0000 -0.7192
vn -0.8522 0.2275 -0.4711
vn -0.9691 0.2405 0.0545
vn -0.9914 0.1182 -0.0557
vn -0.4335 0.4409 0.7859
vn -0.8514 0.0106 0.5244
vn -0.4360 -0.0102 0.8999
vn -0.4049 0.0434 0.9133
vn 0.8300 0.5253 0.1875
vn 0.1676 0.0000 0.9859
vn 0.6787 0.0000 0.7344
vn 0.6854 0.0085 0.7281
vn 0.9952 -0.0122 0.0970
vn 0.9962 0.0000 0.0871
vn 0.7142 0.0000 -0.6999
vn 0.6745 0.0645 -0.7355
vn 0.2201 -0.0213 -0.9752
vn 0.0173 0.1714 -0.9851
vn 0.0000 1.0000 0.0000
vn 0.0000 1.0000 0.0000
vn 0.0000 1.0000 -0.0000
vn 0.0000 1.0000 0.0000
vn 0.0000 1.0000 0.0000
vn 0.0000 1.0000 0.0000
vn -0.0000 1.0000 0.0000
vn -0.0000 1.0000 0.0000
vn 0.9761 0.0102 0.2169
vn 0.9780 0.1859 0.0946
vn 0.6374 0.1237 -0.7606
vn 0.6579 0.0878 -0.7480
vn -0.1749 0.3139 -0.9332
vn -0.0118 0.0927 -0.9956
vn -0.8578 0.3509 -0.3755
vn -0.6568 -0.0469 -0.7526
vn -0.9967 0.0595 -0.0560
vn -0.9936 -0.0179 -0.1115
vn -0.7693 0.0110 0.6388
vn -0.7762 0.0000 0.6305
vn -0.1410 0.0000 0.9900
vn -0.1128 0.0270 0.9933
vn 0.5585 -0.0400 0.8285
vn 0.5776 -0.0148 0.8162
vn 0.0000 1.0000 0.0000
vn 0.0000 1.0000 0.0000
vn 0.0000 1.0000 0.0000
vn 0.0000 1.0000 0.0000
vn 0.0000 1.0000 0.0000
vn 0.0000 1.0000 -0.0000
vn 0.6656 0.2457 0.7047
vn 0.6212 0.1214 0.7742
vn 0.9818 0.1843 0.0452
vn 0.9786 0.2035 0.0301
vn 0.4652 0.2943 -0.8348
vn 0.7934 0.0000 -0.6088
vn 0.6531 0.0000 -0.7573
vn 0.3688 0.2671 -0.8903
vn -0.5157 0.2080 -0.8311
vn -0.3813 0.0035 -0.9244
vn -0.8706 -0.0155 -0.4917
vn -0.9073 0.2140 -0.3619
vn -0.3670 0.4237 0.8281
vn -0.9397 0.0000 0.3421
vn -0.7070 0.0000 0.7072
vn -0.7070 0.0000 0.7072
vn -0.2557 0.0000 0.9668
vn -0.1849 0.0904 0.9786
vn -0.0000 1.0000 0.0000
vn 0.0000 1.0000 0.0000
vn 0.0000 1.0000 0.0000
vn 0.0000 1.0000 0.0000
vn 0.0000 1.0000 0.0000
vn 0.0000 1.0000 0.0000
vn -0.0000 1.0000 -0.0000
vn -0.1160 0.0000 0.9933
vn -0.1559 -0.0294 0.9873
vn 0.7848 0.0080 0.6197
vn 0.7017 -0.1011 0.7053
vn 0.9978 -0.0449 -0.0483
vn 0.9939 0.0000 -0.1104
vn 0.9710 0.0000 -0.2391
vn 0.9395 0.0433 -0.3397
vn 0.4031 0.0226 -0.9149
vn 0.5411 -0.0583 -0.8389
vn -0.2303 -0.0237 -0.9728
vn -0.2678 0.0000 -0.9635
vn -0.6091 -0.0000 -0.7931
vn -0.6091 0.0000 -0.7931
vn -0.9240 -0.0000 -0.3824
vn -0.9240 0.0000 -0.3824
vn -0.9914 0.0000 0.1307
vn -0.9914 0.0000 0.1307
vn -0.8312 0.0000 0.5560
vn -0.9790 -0.2006 0.0362
vn -0.5322 -0.2829 0.7979
vn 0.0682 0.0000 0.9977
vn -0.0648 0.9979 0.0085
vn -0.2285 0.9470 -0.2259
vn 0.2497 0.9410 0.2283
vn -0.1361 0.9905 -0.0212
vn -0.1284 0.9380 0.3220
vn -0.0923 0.9884 -0.1202
vn -0.0813 0.9961 -0.0336
vn 0.8279 0.5414 -0.1465
vn 0.0527 0.9983 0.0249
vn -0.9924 0.0717 0.1000
vn -0.9983 -0.0298 -0.0491
vn -0.7368 -0.0363 0.6751
vn -0.7080 -0.0047 0.7062
vn 0.0030 -0.0093 1.0000
vn -0.0176 -0.0226 0.9996
vn 0.7458 -0.0081 0.6661
vn 0.7419 -0.0127 0.6704
vn 0.9895 0.0125 0.1442
vn 0.9867 0.0000 0.1624
vn 0.9064 0.0000 -0.4225
vn 0.9064 0.0000 -0.4225
vn 0.5186 0.0000 -0.8550
vn 0.5505 -0.0249 -0.8345
vn -0.0393 0.0233 -0.9990
vn -0.0056 0.0000 -1.0000
vn -0.5560 -0.0000 -0.8312
vn -0.0642 -0.1916 -0.9794
vn -0.7095 -0.2656 -0.6528
vn 0.0142 0.9973 0.0725
vn 0.0000 1.0000 0.0000
vn 0.0000 1.0000 0.0000
vn 0.0000 1.0000 0.0000
vn 0.2110 0.9586 -0.1915
vn 0.0964 0.9869 -0.1295
vn 0.0546 0.9945 -0.0898
vn 0.0885 0.9907 -0.1038
vn 0.1160 0.0029 -0.9932
vn 0.1251 -0.0039 -0.9921
vn -0.8307 -0.0300 -0.5559
vn -0.8222 -0.0417 -0.5677
vn -0.9989 -0.0359 -0.0314
vn -0.9997 -0.0218 -0.0084
vn -0.6418 -0.0139 0.7667
vn -0.6276 -0.0002 0.7785
vn 0.0105 0.0471 0.9988
vn -0.0621 0.0000 0.9981
vn 0.4225 0.0000 0.9064
vn 0.4225 0.0000 0.9064
vn 0.8550 0.0000 0.5186
vn 0.8392 -0.0194 0.5435
vn 0.9991 0.0187 -0.0393
vn 0.9999 0.0000 -0.0117
vn 0.8312 0.0000 -0.5560
vn 0.8312 0.0000 -0.5560
vn 0.4116 0.0000 -0.9114
vn 0.4472 -0.0242 -0.8941
vn 0.0288 0.9994 -0.0193
vn 0.0147 0.9995 -0.0295
vn 0.1577 0.9872 0.0242
vn 0.0465 0.9989 -0.0005
vn 0.0660 0.9969 0.0428
vn 0.0824 0.9808 0.1767
vn 0.0657 0.9958 -0.0644
vn 0.2033 0.9573 0.2053
vn 1.0000 0.0000 -0.0081
vn 1.0000 -0.0066 0.0013
vn 0.9270 0.0015 -0.3751
vn 0.9294 -0.0026 -0.3691
vn -0.8780 0.0142 -0.4785
vn -0.8431 -0.0185 -0.5375
vn -0.9937 -0.0171 -0.1108
vn -0.9924 -0.0208 -0.1209
vn -0.8614 -0.0090 0.5078
vn -0.8529 0.0000 0.5221
vn -0.6662 0.0000 0.7458
vn -0.6662 0.0000 0.7458
vn -0.1314 0.0000 0.9913
vn -0.1314 0.0000 0.9913
vn 0.4236 0.0000 0.9058
vn 0.4236 0.0000 0.9058
vn 0.8319 0.0000 0.5549
vn 0.8319 0.0000 0.5549
vn -0.4208 0.7752 0.4711
vn 0.0289 0.9977 0.0619
vn 0.0545 0.9978 0.0364
vn 0.0363 0.9974 0.0628
vn 0.1051 0.9945 0.0001
vn -0.0111 0.9964 0.0835
vn 0.1200 0.9910 0.0585
vn 0.1892 0.9817 0.0231
vn -0.0600 0.9591 0.2768
vn -0.0484 0.9855 0.1624
vn 0.9622 -0.0102 -0.2723
vn 0.8692 0.2133 -0.4461
vn 0.2254 0.2894 -0.9303
vn 0.3339 0.1972 -0.9217
vn -0.0508 0.1546 -0.9867
vn -0.2379 0.3181 -0.9177
vn -0.8977 0.1403 -0.4178
vn -0.8475 0.0212 -0.5303
vn -0.9822 -0.0346 0.1848
vn -0.9657 0.0524 0.2544
vn -0.4026 -0.0651 0.9131
vn -0.3725 -0.0208 0.9278
vn 0.4540 0.0141 0.8909
vn 0.4436 0.0000 0.8962
vn 0.9781 0.0000 0.2080
vn 0.9817 0.0223 0.1892
vn -0.0000 1.0000 -0.0000
vn 0.0000 1.0000 0.0000
vn 0.0000 1.0000 0.0000
vn 0.0000 1.0000 0.0000
vn 0.0000 1.0000 0.0000
vn 0.0000 1.0000 0.0000
vn 0.5286 0.2216 -0.8194
vn 0.7021 0.0327 -0.7113
vn 0.0646 -0.0515 -0.9966
vn 0.0089 0.0145 -0.9999
vn -0.6388 -0.0110 -0.7693
vn -0.6478 0.0000 -0.7618
vn -0.9924 -0.0000 -0.1228
vn -0.9924 0.0000 -0.1228
vn -0.8718 0.0000 0.4899
vn -0.7017 0.3160 0.6386
vn -0.0645 0.1883 0.9800
vn 0.0097 0.2577 0.9662
vn 0.5394 0.2131 0.8147
vn 0.5880 0.2588 0.7663
vn 0.8674 0.2082 0.4519
vn 0.8915 0.2625 0.3693
vn 0.9798 0.1960 -0.0392
vn 0.9554 0.2671 -0.1258
vn 0.0000 1.0000 0.0000
vn 0.0000 1.0000 0.0000
vn -0.0000 1.0000 0.0000
vn 0.0000 1.0000 0.0000
vn 0.0000 1.0000 -0.0000
vn 0.0000 1.0000 0.0000
vn 0.0000 1.0000 -0.0000
vn 0.9965 0.0010 -0.0830
vn 0.9991 -0.0418 -0.0100
vn 0.3672 0.0186 -0.9300
vn 0.3948 0.0000 -0.9187
vn 0.0561 0.0000 -0.9984
vn 0.0561 0.0000 -0.9984
vn -0.5228 -0.0000 -0.8525
vn -0.5151 -0.0060 -0.8571
vn -0.9133 0.0062 -0.4073
vn -0.9094 0.0000 -0.4159
vn -0.9994 0.0000 0.0355
vn -0.9985 0.0115 0.0535
vn -0.5003 0.0363 0.8651
vn -0.5786 0.0000 0.8156
vn -0.6422 0.0000 0.7665
vn -0.6687 -0.0179 0.7433
vn 0.1471 -0.0029 0.9891
vn 0.1533 0.0011 0.9882
vn 0.6551 0.0369 0.7546
vn 0.5999 -0.0031 0.8000
vn 0.9993 -0.0039 0.0369
vn 0.9997 0.0031 0.0262
vn -0.1828 0.9667 -0.1789
vn -0.0288 0.9984 -0.0479
vn 0.0335 0.8017 -0.5968
vn -0.1644 0.9864 -0.0065
vn 0.6855 0.6860 0.2440
vn -0.6078 -0.1916 0.7706
vn 0.0665 0.9788 -0.1937
vn 0.0653 0.9796 -0.1902
vn -0.0589 0.9979 -0.0269
vn -0.8515 0.0352 -0.5232
vn -0.8270 -0.0028 -0.5622
vn -0.9931 -0.0129 0.1162
vn -0.9970 -0.0345 0.0692
vn -0.6071 -0.0319 0.7940
vn -0.5069 0.0000 0.8620
vn -0.8516 0.0000 0.5242
vn -0.8631 -0.0101 0.5050
vn -0.2848 -0.0090 0.9585
vn -0.2965 -0.0145 0.9549
vn 0.8897 -0.0152 0.4563
vn 0.9082 0.0000 0.4186
vn 0.9239 0.0000 0.3827
vn 0.9239 0.0000 0.3827
vn 0.9914 0.0000 -0.1305
vn 0.9914 0.0000 -0.1305
vn 0.7934 0.0000 -0.6088
vn 0.7934 0.0000 -0.6088
vn 0.3827 0.0000 -0.9239
vn 0.3827 0.0000 -0.9239
vn -0.1189 -0.0000 -0.9929
vn -0.1731 0.0420 -0.9840
vn -0.1389 0.9579 -0.2513
vn 0.0605 0.9971 -0.0457
vn 0.0572 0.9959 -0.0700
vn 0.2622 0.8403 0.4745
vn 0.9201 0.0905 0.3811
vn 0.3514 0.9351 -0.0463
vn -0.0538 0.9881 -0.1443
vn -0.0254 0.9914 -0.1281
vn 0.0000 1.0000 -0.0000
vn 0.0773 0.9919 -0.1008
vn 0.8724 0.0000 -0.4888
vn 0.8762 -0.0051 -0.4819
vn 0.1970 -0.0209 -0.9802
vn 0.1816 -0.0130 -0.9833
vn -0.1767 -0.0050 -0.9843
vn -0.1848 0.0000 -0.9828
vn -0.7116 -0.0000 -0.7026
vn -0.6826 -0.0189 -0.7305
vn -0.9919 -0.0146 -0.1262
vn -0.9928 -0.0104 -0.1192
vn -0.8503 -0.0034 0.5262
vn -0.8480 0.0000 0.5300
vn -0.3827 0.0000 0.9239
vn -0.3827 0.0000 0.9239
vn 0.3089 0.0000 0.9511
vn 0.2307 -0.0624 0.9710
vn 0.8490 0.0541 0.5256
vn 0.8161 0.0000 0.5780
vn 0.9914 0.0000 -0.1305
vn 0.9914 0.0000 -0.1305
vn 0.0760 0.9968 0.0237
vn 0.0551 0.9978 0.0363
vn -0.1229 0.9895 0.0760
vn -0.0675 0.9843 0.1628
vn 0.0184 0.9968 0.0773
vn 0.0132 0.9961 0.0875
vn 0.0000 1.0000 0.0000
vn 0.2742 0.9567 0.0979
vn -0.7600 -0.0374 -0.6488
vn -0.7978 0.0029 -0.6029
vn -0.9791 -0.0060 -0.2032
vn -0.9810 0.0000 -0.1939
vn -0.9239 0.0000 0.3827
vn -0.9239 0.0000 0.3827
vn -0.5566 0.0000 0.8308
vn -0.5487 0.0060 0.8360
vn 0.0110 -0.0058 0.9999
vn 0.0199 0.0000 0.9998
vn 0.3289 0.0000 0.9444
vn 0.3621 0.0181 0.9320
vn 0.9797 -0.0344 0.1974
vn 0.9916 0.0000 0.1290
vn 0.9995 0.0000 0.0305
vn 0.9987 -0.0126 0.0502
vn 0.5530 0.0506 -0.8316
vn 0.6142 -0.0116 -0.7890
vn 0.1692 -0.0341 -0.9850
vn 0.1196 -0.0083 -0.9928
vn -0.0335 0.9981 0.0511
vn 0.1763 0.9526 -0.2480
vn -0.0000 1.0000 0.0000
vn -0.0602 0.9982 0.0028
vn -0.0608 0.9694 0.2377
vn -0.4260 0.8436 -0.3269
vn 0.2648 0.9426 0.2032
vn 0.0017 0.9965 0.0841
vn 0.9703 -0.0111 -0.2415
vn 0.8503 -0.0000 0.5262
vn 0.2168 -0.0000 0.9762
vn -0.5475 -0.0199 0.8366
vn -0.8759 -0.0046 -0.4825
vn -0.2660 -0.0072 -0.9640
vn 0.5045 -0.0097 -0.8633
vn 0.8687 -0.0366 -0.4941
vn 0.4164 -0.1247 -0.9006
vn 0.4517 0.0000 -0.8922
vn 0.3332 0.0000 -0.9428
vn 0.2622 -0.0709 -0.9624
vn 0.2539 -0.0478 -0.9660
vn -0.3586 -0.0927 -0.9289
vn -0.3354 -0.0000 -0.9421
vn -0.4460 -0.0000 -0.8950
vn -0.5176 -0.0470 -0.8543
vn -0.9139 0.0000 -0.4060
vn -0.9188 -0.0573 -0.3904
vn -0.9767 -0.0178 -0.2137
vn -0.9528 0.0000 -0.3036
vn -0.9237 -0.0204 0.3826
vn -0.9242 -0.0169 0.3815
vn -0.5396 -0.0178 0.8417
vn -0.4591 0.0000 0.8884
vn -0.3774 0.0000 0.9261
vn -0.3587 -0.0500 0.9321
vn 0.2636 -0.1094 0.9584
vn 0.2383 -0.0180 0.9710
vn 0.3928 0.0160 0.9195
vn 0.4280 -0.0694 0.9011
vn 0.8626 -0.0478 0.5036
vn 0.8733 -0.2517 0.4172
vn 0.8681 0.0000 0.4963
vn 0.9353 0.0000 0.3537
vn 0.9473 -0.0788 0.3105
vn 0.8772 -0.0855 -0.4725
vn 0.9077 0.0000 -0.4196
vn 0.9579 0.0000 -0.2873
vn 0.9346 -0.1471 -0.3238
vn 0.5015 0.0000 -0.8652
vn 0.6221 0.0000 -0.7830
vn 0.6221 0.0000 -0.7830
vn 0.7669 0.0000 -0.6417
vn 0.7669 0.0000 -0.6417
vn 0.8569 0.0000 -0.5154
vn 0.8569 0.0000 -0.5154
vn -0.2695 0.0000 -0.9630
vn -0.1389 0.0000 -0.9903
vn -0.1389 0.0000 -0.9903
vn 0.0633 0.0000 -0.9980
vn 0.0633 0.0000 -0.9980
vn 0.2292 0.0000 -0.9734
vn 0.2292 0.0000 -0.9734
vn -0.8778 0.0000 -0.4791
vn -0.8135 0.0000 -0.5816
vn -0.8135 0.0000 -0.5816
vn -0.6797 0.0000 -0.7335
vn -0.6797 0.0000 -0.7335
vn -0.5370 0.0000 -0.8436
vn -0.5278 -0.0176 -0.8492
vn -0.9553 -0.0001 0.2956
vn -0.9818 0.0023 0.1899
vn -0.9820 0.0000 0.1889
vn -0.9999 0.0000 -0.0127
vn -0.9999 0.0000 -0.0127
vn -0.9789 0.0000 -0.2044
vn -0.9767 -0.0180 -0.2137
vn -0.5448 0.0000 0.8386
vn -0.6981 0.0000 0.7160
vn -0.6981 0.0000 0.7160
vn -0.8283 0.0000 0.5603
vn -0.8279 0.0013 0.5608
vn -0.8847 -0.0001 0.4661
vn 0.2168 0.0000 0.9762
vn 0.0380 -0.0000 0.9993
vn 0.0380 0.0000 0.9993
vn -0.1639 0.0000 0.9865
vn -0.1639 0.0000 0.9865
vn -0.2782 0.0000 0.9605
vn -0.2874 -0.0031 0.9578
vn 0.8503 0.0000 0.5262
vn 0.7504 -0.0000 0.6609
vn 0.7504 0.0000 0.6609
vn 0.6020 -0.0000 0.7985
vn 0.6020 0.0000 0.7985
vn 0.4936 -0.0000 0.8697
vn 0.4847 -0.0059 0.8747
vn 0.9697 0.0000 -0.2445
vn 0.9961 0.0000 -0.0886
vn 0.9961 0.0000 -0.0886
vn 0.9935 -0.0000 0.1138
vn 0.9935 0.0000 0.1138
vn 0.9673 -0.0000 0.2537
vn 0.9645 -0.0088 0.2638
vn 0.0061 -0.9999 -0.0121
vn 0.0087 -0.9999 -0.0110
vn 0.0110 -0.9999 -0.0079
vn 0.0102 -0.9999 -0.0085
vn 0.0064 -0.9999 -0.0159
vn 0.0146 -0.9999 -0.0078
vn 0.0103 -0.9997 -0.0221
vn 0.0168 -0.9998 -0.0125
vn 0.0447 -0.9990 -0.0056
vn 0.0055 -0.9998 -0.0203
vn -0.0140 -0.9997 -0.0178
vn 0.0010 -0.9999 -0.0150
vn -0.0085 -0.9999 -0.0120
vn -0.0017 -0.9999 -0.0120
vn 0.0102 -0.9998 -0.0183
vn -0.0055 -0.9999 -0.0155
vn -0.0109 -0.9999 -0.0113
vn -0.0078 -0.9999 -0.0128
vn -0.0135 -0.9999 -0.0049
vn -0.0082 -0.9999 -0.0088
vn -0.0067 -0.9999 -0.0119
vn -0.0107 -0.9999 -0.0077
vn -0.0093 -0.9999 -0.0132
vn -0.0138 -0.9999 -0.0061
vn -0.0139 -0.9999 -0.0055
vn -0.0148 -0.9999 -0.0032
vn -0.0147 -0.9999 -0.0023
vn -0.0152 -0.9999 -0.0002
vn -0.0148 -0.9999 0.0009
vn -0.0149 -0.9999 0.0029
vn -0.0161 -0.9999 0.0004
vn -0.0153 -0.9999 0.0063
vn -0.0149 -0.9999 0.0068
vn -0.0135 -0.9999 0.0092
vn -0.0045 -0.9999 0.0146
vn -0.0091 -0.9999 0.0094
vn -0.0151 -0.9999 0.0071
vn -0.0081 -0.9999 0.0127
vn -0.0080 -0.9999 0.0127
vn -0.0054 -0.9999 0.0141
vn -0.0607 -0.9981 0.0140
vn -0.0034 -0.9998 0.0203
vn 0.0151 -0.9998 0.0137
vn 0.0006 -0.9999 0.0147
vn 0.0086 -0.9999 0.0100
vn 0.0028 -0.9999 0.0115
vn -0.0138 -0.9996 0.0259
vn 0.0189 -0.9998 0.0110
vn 0.0065 -0.9999 0.0137
vn 0.0167 -0.9998 0.0048
vn 0.0208 -0.9998 0.0034
vn 0.0144 -0.9999 -0.0043
vn 0.0151 -0.9999 -0.0010
vn 0.0149 -0.9999 -0.0013
vn 0.0150 -0.9999 0.0024
vn 0.0148 -0.9999 0.0017
vn 0.0143 -0.9999 0.0056
vn 0.0141 -0.9999 0.0046
vn 0.0109 -0.9998 0.0143
vn 0.0112 -0.9999 0.0064
vn 0.0063 -0.9999 0.0155
vn 0.0082 -0.9999 0.0072
vn 0.0067 -0.9999 0.0089
vn 0.0000 -1.0000 0.0000
vn 0.0000 -1.0000 -0.0000
vn 0.0000 -1.0000 -0.0000
vn 0.0000 -1.0000 0.0000
vn 0.0000 -1.0000 0.0000
vn -0.0000 -1.0000 0.0000
vn 0.0000 -1.0000 0.0000
vn -0.0000 -1.0000 0.0000
vn -0.0000 -1.0000 0.0000
vn 0.0000 -1.0000 -0.0000
vn 0.0000 -1.0000 0.0000
vn -0.0000 -1.0000 0.0000
vn 0.0000 -1.0000 0.0000
vn 0.0000 -1.0000 0.0000
vn -0.0000 -1.0000 0.0000
vn -0.0000 -1.0000 -0.0000
vn 0.0000 -1.0000 0.0000
vn -0.0000 -1.0000 0.0000
vn 0.0000 -1.0000 -0.0000
vn 0.0000 -1.0000 -0.0000
vn 0.0000 -1.0000 -0.0000
vn 0.0000 -1.0000 -0.0000
vn 0.0000 -1.0000 0.0000
vn 0.0000 -1.0000 0.0000
vn 0.0000 -1.0000 0.0000
vn 0.0000 -1.0000 0.0000
vn -0.9408 0.0053 0.3391
vn -0.9444 0.0000 0.3289
vn -0.9057 0.0000 -0.4240
vn -0.9094 0.0044 -0.4159
vn -0.5070 -0.0046 -0.8619
vn -0.5151 0.0000 -0.8571
vn 0.0561 0.0000 -0.9984
vn 0.0561 0.0000 -0.9984
vn 0.4838 0.0000 -0.8752
vn 0.4838 0.0000 -0.8752
vn 0.8156 0.0000 -0.5786
vn 0.8156 0.0000 -0.5786
vn 0.9914 0.0000 -0.1305
vn 0.9914 0.0000 -0.1305
vn 0.9239 -0.0000 0.3827
vn 0.9239 0.0000 0.3827
vn 0.6088 -0.0000 0.7934
vn 0.6088 0.0000 0.7934
vn 0.1305 -0.0000 0.9914
vn 0.1305 0.0000 0.9914
vn -0.5358 0.0000 0.8444
vn -0.5445 -0.0058 0.8387
vn -0.9995 0.0000 0.0330
vn -0.9998 -0.0061 0.0199
vn -0.8426 0.0059 -0.5385
vn -0.8360 0.0000 -0.5487
vn -0.3827 0.0000 -0.9239
vn -0.3827 0.0000 -0.9239
vn 0.1939 0.0000 -0.9810
vn 0.2032 -0.0044 -0.9791
vn 0.7148 0.0043 -0.6993
vn 0.7210 0.0000 -0.6929
vn 0.9914 0.0000 -0.1305
vn 0.9914 0.0000 -0.1305
vn 0.9239 -0.0000 0.3827
vn 0.9239 0.0000 0.3827
vn 0.6088 -0.0000 0.7934
vn 0.6088 0.0000 0.7934
vn 0.1305 -0.0000 0.9914
vn 0.1305 0.0000 0.9914
vn -0.3827 0.0000 0.9239
vn -0.3827 0.0000 0.9239
vn -0.7934 0.0000 0.6088
vn -0.7934 0.0000 0.6088
vn -0.9407 0.0097 0.3390
vn -0.9475 0.0000 0.3198
vn -0.9057 0.0000 -0.4240
vn -0.9057 0.0000 -0.4240
vn -0.5070 0.0000 -0.8619
vn -0.5070 0.0000 -0.8619
vn 0.0561 0.0000 -0.9984
vn 0.0561 0.0000 -0.9984
vn 0.6149 0.0000 -0.7886
vn 0.6165 -0.0010 -0.7874
vn 0.9649 0.0011 -0.2627
vn 0.9655 0.0000 -0.2605
vn 0.9239 -0.0000 0.3827
vn 0.9239 0.0000 0.3827
vn 0.6088 -0.0000 0.7934
vn 0.6088 0.0000 0.7934
vn 0.1305 -0.0000 0.9914
vn 0.1305 0.0000 0.9914
vn -0.5358 0.0000 0.8444
vn -0.5514 -0.0104 0.8342
vn 0.0000 -1.0000 0.0000
vn 0.0000 -1.0000 0.0000
vn -0.0000 -1.0000 0.0000
vn 0.0000 -1.0000 0.0000
vn 0.0000 -1.0000 0.0000
vn 0.0000 -1.0000 -0.0000
vn 0.0000 -1.0000 0.0000
vn 0.0000 -1.0000 -0.0000
vn 0.0000 -1.0000 0.0000
vn 0.0000 -1.0000 -0.0000
vn 0.0000 -1.0000 -0.0000
vn 0.0000 -1.0000 0.0000
vn 0.0000 -1.0000 0.0000
vn 0.0000 -1.0000 0.0000
vn 0.0000 -1.0000 0.0000
vn 0.0000 -1.0000 0.0000
vn 0.0000 -1.0000 0.0000
vn 0.0000 -1.0000 0.0000
vn 0.0000 -1.0000 0.0000
vn 0.0000 -1.0000 0.0000
vn 0.0000 -1.0000 0.0000
vn 0.0000 -1.0000 0.0000
vn 0.0000 -1.0000 0.0000
vn 0.0000 -1.0000 0.0000
vn 0.0000 -1.0000 0.0000
vn 0.0000 -1.0000 0.0000
vn -0.0000 -1.0000 0.0000
vn 0.0000 -1.0000 0.0000
vn 0.0000 -1.0000 0.0000
vn 0.0000 -1.0000 0.0000
vn 0.0000 -1.0000 0.0000
vn 0.0000 -1.0000 0.0000
vn 0.0000 -1.0000 0.0000
vn -0.0000 -1.0000 0.0000
vn 0.0000 -1.0000 0.0000
vn 0.0000 -1.0000 0.0000
vn -0.0000 -1.0000 0.0000
vn -0.0000 -1.0000 0.0000
vn 0.0000 -1.0000 0.0000
vn 0.0000 -1.0000 0.0000
vn 0.0000 -1.0000 0.0000
vn 0.0000 -1.0000 0.0000
vn 0.0000 -1.0000 0.0000
vn 0.0000 -1.0000 0.0000
vn 0.0000 -1.0000 0.0000
vn 0.0000 -1.0000 0.0000
vn 0.0000 -1.0000 -0.0000
vn 0.0000 -1.0000 0.0000
vn 0.0000 -1.0000 -0.0000
vn -0.0000 -1.0000 0.0000
vn 0.0000 -1.0000 -0.0000
vn 0.0000 -1.0000 0.0000
vn -0.0000 -1.0000 -0.0000
vn 0.0000 -1.0000 0.0000
vn -0.0000 -1.0000 0.0000
vn 0.0000 -1.0000 0.0000
vn -0.0000 -1.0000 0.0000
vn 0.0000 -1.0000 0.0000
vn -0.0000 -1.0000 0.0000
vn 0.0000 -1.0000 0.0000
vn -0.0000 -1.0000 0.0000
vn 0.0000 -1.0000 0.0000
vn 0.0000 -1.0000 0.0000
vn 0.0000 -1.0000 0.0000
vn 0.0000 -1.0000 0.0000
vn 0.0000 -1.0000 0.0000
vn 0.0000 -1.0000 0.0000
vn 0.0000 -1.0000 0.0000
vn -0.8083 -0.5408 0.2328
vn -0.8341 -0.4902 0.2530
vn -0.8272 -0.5497 0.1162
vn -0.7053 -0.7055 0.0695
vn -0.6889 -0.6891 -0.2248
vn -0.8076 -0.5843 -0.0795
vn -0.7116 -0.7023 -0.0212
vn -0.6517 -0.6975 -0.2979
vn -0.7674 -0.5974 -0.2328
vn -0.6948 -0.7020 -0.1564
vn -0.5939 -0.7004 -0.3959
vn -0.7036 -0.6030 -0.3761
vn -0.6550 -0.7012 -0.2815
vn -0.5479 -0.7055 -0.4496
vn -0.6275 -0.5382 -0.5626
vn -0.6054 -0.6983 -0.3820
vn -0.4496 -0.7054 -0.5479
vn -0.5061 -0.5365 -0.6753
vn -0.5564 -0.6918 -0.4602
vn -0.3341 -0.7054 -0.6251
vn -0.3622 -0.5559 -0.7482
vn -0.5143 -0.6798 -0.5228
vn -0.2058 -0.7054 -0.6783
vn -0.2093 -0.5644 -0.7986
vn -0.2681 -0.7007 -0.6611
vn -0.0695 -0.7054 -0.7054
vn -0.0455 -0.5354 -0.8434
vn -0.1906 -0.6941 -0.6942
vn 0.0695 -0.7054 -0.7054
vn 0.1139 -0.5581 -0.8219
vn -0.0992 -0.6868 -0.7201
vn 0.2373 -0.7033 -0.6701
vn 0.2318 -0.6021 -0.7641
vn 0.3524 -0.5579 -0.7514
vn 0.3764 -0.6021 -0.7041
vn 0.2947 -0.7023 -0.6480
vn 0.5158 -0.6986 -0.4958
vn 0.5105 -0.5937 -0.6220
vn 0.4037 -0.7010 -0.5879
vn 0.5480 -0.7053 -0.4497
vn 0.6782 -0.5317 -0.5073
vn 0.4991 -0.6993 -0.5118
vn 0.6251 -0.7054 -0.3341
vn 0.7373 -0.5716 -0.3600
vn 0.7539 -0.5543 -0.3525
vn 0.8019 -0.5521 -0.2281
vn 0.8341 -0.4902 -0.2530
vn 0.8272 -0.5497 -0.1162
vn 0.7053 -0.7055 -0.0695
vn 0.6889 -0.6891 0.2248
vn 0.8076 -0.5843 0.0795
vn 0.7116 -0.7023 0.0212
vn 0.6517 -0.6975 0.2979
vn 0.7674 -0.5974 0.2328
vn 0.6948 -0.7020 0.1564
vn 0.5939 -0.7004 0.3959
vn 0.7036 -0.6030 0.3761
vn 0.6550 -0.7012 0.2815
vn 0.5479 -0.7055 0.4496
vn 0.6275 -0.5382 0.5626
vn 0.6054 -0.6983 0.3820
vn 0.4496 -0.7054 0.5479
vn 0.5078 -0.5294 0.6796
vn 0.5615 -0.6908 0.4556
vn 0.3341 -0.7054 0.6251
vn 0.3622 -0.5559 0.7482
vn 0.5143 -0.6798 0.5228
vn 0.2058 -0.7054 0.6783
vn 0.2092 -0.5806 0.7868
vn 0.2600 -0.7015 0.6636
vn 0.0695 -0.7054 0.7054
vn 0.0455 -0.5354 0.8434
vn 0.1906 -0.6941 0.6942
vn -0.0695 -0.7054 0.7054
vn -0.1139 -0.5581 0.8219
vn 0.0992 -0.6868 0.7201
vn -0.2373 -0.7033 0.6701
vn -0.2318 -0.6021 0.7641
vn -0.3587 -0.5552 0.7504
vn -0.3796 -0.5928 0.7102
vn -0.2907 -0.7019 0.6502
vn -0.5109 -0.6993 0.4999
vn -0.5069 -0.6014 0.6176
vn -0.4073 -0.7014 0.5849
vn -0.5480 -0.7053 0.4497
vn -0.6782 -0.5317 0.5073
vn -0.4991 -0.6993 0.5118
vn -0.6251 -0.7054 0.3341
vn -0.7373 -0.5716 0.3600
vn -0.7644 -0.5430 0.3476
vn -0.7808 0.3790 0.4967
vn -0.6492 0.3811 0.6582
vn -0.4937 0.3751 0.7846
vn -0.2549 0.2762 0.9267
vn -0.0445 0.3133 0.9486
vn 0.1674 0.3933 0.9041
vn 0.3438 0.1430 0.9281
vn 0.4883 0.2863 0.8244
vn 0.7671 0.3822 0.5153
vn 0.6482 0.3380 0.6823
vn 0.8580 0.3873 0.3374
vn 0.9259 0.3488 0.1451
vn 0.9596 0.2747 -0.0614
vn 0.7808 0.3789 -0.4967
vn 0.6525 0.3730 -0.6596
vn 0.4920 0.3719 -0.7872
vn 0.2549 0.2762 -0.9267
vn 0.0445 0.3133 -0.9486
vn -0.1664 0.3780 -0.9107
vn -0.3450 0.1403 -0.9281
vn -0.4877 0.2940 -0.8220
vn -0.7671 0.3822 -0.5153
vn -0.6465 0.3424 -0.6818
vn -0.8580 0.3873 -0.3374
vn -0.9259 0.3488 -0.1451
vn -0.9596 0.2747 0.0614
vn 0.4933 -0.0329 0.8692
vn 0.3999 -0.1475 0.9046
vn 0.5097 -0.0306 0.8598
vn 0.3119 -0.2062 0.9275
vn 0.8444 -0.4641 0.2676
vn 0.9313 -0.2661 0.2485
vn 0.7559 -0.3974 0.5204
vn 0.7772 -0.2835 0.5618
vn 0.6979 -0.2826 0.6581
vn 0.7327 -0.2002 0.6504
vn -0.2009 -0.0035 -0.9796
vn -0.7454 0.2208 -0.6290
vn -0.3614 -0.1040 -0.9266
vn -0.0959 0.1359 -0.9861
vn -0.1945 -0.2101 -0.9581
vn -0.1718 -0.1735 -0.9697
vn -0.2036 -0.3810 -0.9019
vn -0.1796 0.8747 -0.4502
vn -0.3947 0.0000 -0.9188
vn -0.4211 0.0116 -0.9069
vn -0.3986 0.0283 -0.9167
vn -0.3723 0.0772 -0.9249
vn -0.1756 0.0855 -0.9807
vn -0.1903 0.1327 -0.9727
vn -0.2289 0.0016 -0.9734
vn -0.2334 0.0032 -0.9724
vn -0.0415 -0.1123 -0.9928
vn 0.2309 -0.9711 -0.0597
vn 0.7347 -0.6772 0.0406
vn 0.4828 -0.8668 -0.1249
vn 0.9153 -0.3259 -0.2367
vn 0.9153 -0.3259 -0.2367
vn 0.9681 -0.0016 -0.2504
vn 0.9681 -0.0016 -0.2504
vn -0.9714 -0.0149 0.2369
vn -0.9681 -0.0114 0.2504
vn -0.0148 -0.9998 0.0147
vn -0.0010 -0.9991 0.0429
vn 0.9681 0.0000 -0.2504
vn 0.9681 0.0000 -0.2504
vn -0.8282 -0.5179 0.2142
vn -0.6410 -0.7494 0.1658
vn -0.6410 -0.7494 0.1658
vn -0.3953 -0.9128 0.1022
vn -0.3953 -0.9128 0.1022
vn -0.0556 -0.9984 0.0144
vn 0.6002 -0.7846 -0.1552
vn 0.8306 -0.5137 -0.2148
vn 0.8306 -0.5137 -0.2148
vn 0.9527 -0.1778 -0.2464
vn 0.9527 -0.1778 -0.2464
vn 0.2336 0.4483 0.8628
vn 0.1789 0.0912 0.9796
vn 0.2039 0.1428 0.9685
vn 0.4160 -0.0003 0.9094
vn 0.2156 -0.8304 0.5137
vn 0.2398 -0.0241 0.9705
vn 0.1106 0.3369 0.9350
vn 0.4226 0.0016 0.9063
vn 0.3857 -0.0257 0.9223
vn 0.2569 -0.2452 0.9348
vn 0.2266 0.2607 0.9384
vn 0.1565 0.0820 0.9843
vn 0.4220 -0.0000 0.9066
vn 0.4172 -0.0021 0.9088
vn 0.3588 0.0209 0.9332
vn 0.3218 0.0453 0.9457
vn -0.6746 -0.7171 0.1753
vn 0.2556 -0.3914 0.8840
vn 0.2504 0.0000 0.9681
vn 0.4942 0.0600 0.8673
vn 0.2987 -0.2533 0.9201
vn 0.0117 -0.0108 0.9999
vn 0.0611 0.8715 0.4866
vn 0.3020 0.1245 0.9451
vn 0.3176 0.0803 0.9448
vn 0.0544 -0.0000 0.9985
vn 0.0958 0.0283 0.9950
vn 0.1228 0.0772 0.9894
vn 0.1271 0.0104 0.9918
vn 0.0464 -0.1775 0.9830
vn 0.2009 -0.0016 0.9796
vn 0.2141 0.0037 0.9768
vn 0.4579 -0.1483 0.8766
vn -0.9522 -0.1805 0.2463
vn -0.9522 -0.1805 0.2463
vn -0.8282 -0.5179 0.2142
vn -0.8282 -0.5179 0.2142
vn -0.6410 -0.7494 0.1658
vn -0.0556 -0.9984 0.0144
vn 0.2917 -0.9535 -0.0754
vn 0.2917 -0.9535 -0.0754
vn 0.6002 -0.7846 -0.1552
vn 0.6002 -0.7846 -0.1552
vn 0.8306 -0.5137 -0.2148
vn -0.9681 0.0000 0.2504
vn -0.9681 0.0000 0.2504
vn 0.0205 -0.9971 0.0735
vn -0.0170 -0.9998 0.0044
vn 0.2309 -0.9711 -0.0597
vn 0.2309 -0.9711 -0.0597
vn 0.6405 -0.7499 -0.1656
vn 0.6405 -0.7499 -0.1656
vn 0.9153 -0.3259 -0.2367
vn 0.9153 -0.3259 -0.2367
vn 0.9681 -0.0016 -0.2504
vn 0.9681 -0.0016 -0.2504
vn -0.9519 -0.0021 0.3064
vn -0.9680 -0.0149 0.2504
vn -0.0409 0.0065 -0.9991
vn -0.7958 0.4310 -0.4254
vn -0.2504 0.0000 -0.9681
vn -0.2504 -0.0000 -0.9681
vn 0.0432 0.7248 -0.6876
vn -0.3242 0.2764 -0.9047
vn -0.2666 0.4664 -0.8434
vn -0.0603 -0.8234 -0.5642
vn -0.0344 -0.0016 -0.9994
vn -0.0374 -0.0003 -0.9993
vn -0.0818 -0.0308 -0.9962
vn -0.2227 -0.2904 -0.9306
vn 0.3449 -0.6255 -0.6998
vn -0.4364 0.2535 -0.8633
vn -0.3023 -0.1254 -0.9449
vn -0.0064 0.0000 -1.0000
vn -0.0878 0.0301 -0.9957
vn -0.1435 0.0655 -0.9875
vn -0.5918 -0.7912 0.1539
vn -0.2504 -0.0000 -0.9681
vn -0.2504 -0.0000 -0.9681
vn -0.1138 -0.0893 -0.9895
vn -0.1781 -0.1479 -0.9728
vn -0.0131 0.3858 -0.9225
vn -0.3930 -0.1859 -0.9006
vn -0.2671 0.3801 -0.8855
vn -0.2504 0.0000 -0.9681
vn -0.0344 -0.0016 -0.9994
vn -0.0374 -0.0003 -0.9993
vn -0.0818 -0.0308 -0.9962
vn -0.1138 -0.0888 -0.9895
vn -0.3195 -0.0826 -0.9440
vn -0.1743 -0.3911 -0.9037
vn -0.2504 0.0000 -0.9681
vn -0.5707 0.1343 -0.8101
vn -0.3474 -0.0372 -0.9370
vn -0.3227 -0.0785 -0.9432
vn 0.2309 -0.9711 -0.0597
vn 0.2309 -0.9711 -0.0597
vn 0.6405 -0.7499 -0.1656
vn 0.6405 -0.7499 -0.1656
vn 0.9153 -0.3259 -0.2367
vn 0.9153 -0.3259 -0.2367
vn 0.9681 -0.0016 -0.2504
vn 0.9681 -0.0016 -0.2504
vn -0.9642 -0.0114 0.2649
vn -0.9680 -0.0148 0.2504
vn 0.0386 -0.9944 0.0979
vn -0.0267 -0.9991 -0.0319
vn -0.9522 -0.1805 0.2463
vn -0.3953 -0.9128 0.1022
vn -0.0556 -0.9984 0.0144
vn -0.0556 -0.9984 0.0144
vn 0.2917 -0.9535 -0.0754
vn -0.9681 0.0000 0.2504
vn -0.9681 0.0000 0.2504
vn 0.2504 -0.0000 0.9681
vn 0.2834 -0.1517 0.9469
vn 0.3860 -0.1259 0.9138
vn 0.1343 -0.4550 0.8803
vn 0.2504 0.0000 0.9681
vn 0.2504 0.0000 0.9681
vn 0.2720 -0.4127 0.8693
vn 0.0546 0.2738 0.9602
vn 0.2504 -0.0000 0.9681
vn 0.2504 -0.0000 0.9681
vn 0.3452 0.1827 0.9206
vn 0.3634 -0.0410 0.9307
vn 0.3368 -0.1041 0.9358
vn 0.0344 -0.0016 0.9994
vn 0.0302 -0.0033 0.9995
vn 0.0991 -0.0281 0.9947
vn 0.3767 -0.2019 0.9041
vn -0.5955 -0.7881 0.1554
vn 0.2043 0.3288 0.9220
vn 0.5042 0.0609 0.8614
vn 0.2892 0.0075 0.9572
vn 0.0845 -0.2933 0.9523
vn 0.4160 -0.0003 0.9094
vn 0.2504 -0.0000 0.9681
vn 0.2875 -0.3881 0.8756
vn 0.1775 -0.0834 0.9806
vn 0.4226 0.0016 0.9063
vn 0.3857 -0.0257 0.9223
vn 0.3643 -0.0655 0.9290
vn 0.3634 -0.0410 0.9307
vn 0.3368 -0.1041 0.9358
vn 0.2504 -0.0000 0.9681
vn 0.2504 -0.0000 0.9681
vn -0.1756 0.1546 0.9723
vn 0.1718 -0.0726 0.9825
vn 0.1817 -0.0887 0.9793
vn 0.9681 0.0000 -0.2504
vn 0.9681 0.0000 -0.2504
vn -0.8282 -0.5179 0.2142
vn -0.6410 -0.7494 0.1658
vn -0.3953 -0.9128 0.1022
vn -0.0556 -0.9984 0.0144
vn -0.0556 -0.9984 0.0144
vn 0.2917 -0.9535 -0.0754
vn 0.8306 -0.5137 -0.2148
vn 0.9527 -0.1778 -0.2464
vn 0.9527 -0.1778 -0.2464
vn -0.0345 -0.9965 -0.0755
vn 0.0000 -1.0000 0.0000
vn 0.2309 -0.9711 -0.0597
vn 0.2309 -0.9711 -0.0597
vn 0.6405 -0.7499 -0.1656
vn 0.6405 -0.7499 -0.1656
vn 0.9153 -0.3259 -0.2367
vn 0.9153 -0.3259 -0.2367
vn 0.9681 -0.0016 -0.2504
vn 0.9681 -0.0016 -0.2504
vn -0.9777 -0.0148 0.2097
vn -0.9681 -0.0055 0.2504
vn -0.4160 -0.0026 -0.9094
vn -0.2504 0.0000 -0.9681
vn -0.1138 -0.0893 -0.9895
vn -0.1781 -0.1479 -0.9728
vn -0.1945 -0.2101 -0.9581
vn -0.3049 -0.3923 -0.8678
vn -0.2504 -0.0000 -0.9681
vn -0.2504 0.0000 -0.9681
vn -0.2504 0.0000 -0.9681
vn -0.2504 0.0000 -0.9681
vn -0.2504 0.0000 -0.9681
vn -0.1291 0.2074 -0.9697
vn -0.4182 0.2734 -0.8663
vn -0.1833 -0.4119 -0.8926
vn -0.4368 0.0016 -0.8996
vn -0.3723 -0.0235 -0.9278
vn -0.1321 -0.1696 -0.9766
vn -0.0429 0.0006 -0.9991
vn -0.4406 0.1023 -0.8919
vn -0.3715 0.0527 -0.9269
vn -0.3231 0.0976 -0.9413
vn -0.4141 -0.2844 -0.8647
vn -0.0888 0.2407 -0.9665
vn -0.2043 -0.3862 -0.8995
vn -0.2504 0.0000 -0.9681
vn -0.2009 -0.0016 -0.9796
vn -0.2223 0.0071 -0.9749
vn -0.2364 -0.0026 -0.9716
vn -0.3481 -0.2187 -0.9116
vn -0.1780 0.0829 -0.9805
vn -0.2722 0.4123 -0.8694
vn -0.0399 0.0000 -0.9992
vn -0.1117 0.0258 -0.9934
vn -0.1599 0.0557 -0.9856
vn 0.1834 -0.9561 -0.2287
vn 0.6335 -0.7496 -0.1917
vn 0.4878 -0.8255 -0.2839
vn 0.8651 -0.3220 -0.3847
vn 0.9640 -0.0922 -0.2493
vn 0.9681 -0.0016 -0.2504
vn 0.9681 -0.0016 -0.2504
vn -0.9683 -0.0150 0.2495
vn -0.9680 -0.0148 0.2504
vn -0.0159 -0.9998 0.0076
vn -0.0557 -0.9952 -0.0805
vn -0.2112 -0.9759 0.0546
vn 0.2093 -0.9687 0.1333
vn 0.9833 -0.1691 -0.0673
vn 0.6405 -0.7499 -0.1656
vn 0.9008 -0.3664 -0.2330
vn 0.9182 -0.3263 -0.2247
vn 0.9657 -0.0714 -0.2497
vn -0.9523 -0.1805 0.2463
vn -0.9522 -0.1805 0.2463
vn -0.8282 -0.5179 0.2142
vn -0.8282 -0.5178 0.2142
vn -0.6410 -0.7494 0.1658
vn -0.6410 -0.7494 0.1658
vn -0.3953 -0.9128 0.1022
vn 0.2917 -0.9535 -0.0754
vn 0.6002 -0.7846 -0.1552
vn 0.6002 -0.7846 -0.1552
vn 0.8306 -0.5137 -0.2148
vn -0.9681 0.0000 0.2504
vn -0.9681 0.0000 0.2504
vn 0.0000 -1.0000 -0.0000
vn -0.0046 -0.9989 0.0460
vn 0.9689 0.0000 -0.2475
vn 0.9681 -0.0016 -0.2504
vn 0.2049 -0.2554 0.9449
vn 0.1745 0.0967 0.9799
vn 0.3097 0.3623 0.8791
vn 0.4160 -0.0003 0.9094
vn -0.0153 0.9352 0.3539
vn 0.2504 -0.0000 0.9681
vn 0.2504 -0.0000 0.9681
vn 0.4226 0.0016 0.9063
vn 0.1386 -0.1921 0.9715
vn 0.2504 -0.0000 0.9681
vn 0.2198 0.3118 0.9244
vn 0.1146 0.0662 0.9912
vn 0.2504 -0.0000 0.9681
vn 0.2504 0.0000 0.9681
vn 0.2504 0.0000 0.9681
vn 0.2504 -0.0000 0.9681
vn -0.6058 0.7488 -0.2687
vn -0.5370 0.7774 -0.3277
vn -0.3189 0.8809 -0.3498
vn -0.6470 0.6842 -0.3366
vn -0.5359 0.6731 -0.5096
vn -0.5186 0.7289 -0.4470
vn -0.3514 0.3517 -0.8676
vn -0.9682 0.0000 0.2502
vn -0.9686 0.0043 0.2484
vn 0.1024 0.9889 -0.1072
vn 0.7404 0.1866 -0.6457
vn 0.7999 0.0937 -0.5928
vn 0.7190 0.3912 -0.5745
vn 0.5164 0.5171 -0.6826
vn 0.3260 0.8508 -0.4122
vn 0.3062 0.9491 -0.0741
vn 0.1590 0.9468 -0.2799
vn 0.8210 0.4579 -0.3409
vn 0.8433 0.4019 -0.3568
vn 0.5944 0.1873 -0.7821
vn 0.6963 0.0954 -0.7114
vn 0.5629 0.3582 -0.7449
vn 0.6720 0.5217 -0.5255
vn 0.5707 0.7421 -0.3514
vn 0.5631 0.7517 -0.3433
vn 0.8315 0.4482 -0.3282
vn 0.8026 0.1853 -0.5669
vn 0.9704 -0.2120 -0.1152
vn 0.9054 0.1611 -0.3928
vn 0.3654 -0.7638 0.5321
vn 0.4096 -0.7587 0.5067
vn 0.3095 -0.9112 0.2719
vn 0.2871 -0.9001 0.3277
vn 0.5254 -0.8158 0.2417
vn 0.4404 -0.4923 0.7508
vn 0.6532 -0.5038 0.5652
vn 0.6630 -0.7468 -0.0526
vn 0.1338 -0.9162 0.3777
vn 0.2850 -0.4030 0.8697
vn 0.3350 -0.2960 0.8945
vn 0.3177 -0.3623 0.8762
vn 0.4475 -0.6538 0.6101
vn 0.2792 -0.4040 0.8711
vn 0.3558 -0.6760 0.6453
vn 0.1433 -0.9159 0.3751
vn 0.9785 0.1814 0.0981
vn 0.9244 0.1112 -0.3649
vn 0.8860 0.1684 -0.4319
vn 0.7886 0.4984 -0.3601
vn 0.8066 0.4821 -0.3421
vn 0.6362 0.7308 -0.2474
vn 0.8498 0.4696 -0.2391
vn 0.9517 0.1732 -0.2534
vn 0.6306 0.7696 -0.1002
vn 0.3074 0.9515 0.0162
vn 0.9808 0.1829 -0.0670
vn 0.9923 0.1225 -0.0164
vn 0.8695 0.4925 -0.0373
vn 0.8606 0.5060 -0.0585
vn 0.6154 0.7852 -0.0683
vn 0.6069 0.7870 -0.1113
vn 0.2736 0.9609 -0.0437
vn -0.7160 0.6523 0.2487
vn -0.7167 0.6514 0.2489
vn -0.1550 0.9877 0.0199
vn -0.9102 0.3319 0.2477
vn -0.8720 0.4347 0.2248
vn -0.9568 0.1623 0.2414
vn -0.9641 0.0968 0.2473
vn -0.0704 0.9971 0.0300
vn -0.2885 0.9549 0.0701
vn -0.3001 0.9511 0.0732
vn 0.4083 0.9092 -0.0815
vn 0.7059 -0.0764 -0.7042
vn 0.9886 0.0506 0.1416
vn 0.3224 0.9461 -0.0322
vn 0.0964 0.9873 -0.1263
vn 0.3547 0.9344 0.0326
vn 0.6511 0.7475 0.1314
vn 0.6228 0.7795 0.0673
vn 0.9889 0.1413 0.0451
vn 0.9822 0.1841 -0.0365
vn 0.9715 0.0274 -0.2353
vn 0.8158 0.0842 -0.5722
vn 0.7634 -0.6459 0.0081
vn 0.6644 -0.1925 -0.7222
vn 0.5772 0.0968 -0.8109
vn 0.1327 0.9845 -0.1150
vn -0.2752 0.9595 -0.0603
vn 0.1864 0.9783 -0.0907
vn 0.3479 0.9094 -0.2278
vn 0.5799 0.7727 -0.2582
vn 0.4678 0.8309 -0.3013
vn 0.6638 0.6137 -0.4276
vn 0.3313 0.9098 -0.2502
vn 0.4138 0.7904 -0.4517
vn 0.9309 0.2809 -0.2334
vn 0.8639 0.4017 -0.3040
vn 0.6577 0.7331 -0.1732
vn 0.6794 0.7137 -0.1705
vn 0.6195 0.7694 -0.1555
vn 0.5344 0.8249 -0.1843
vn 0.5531 0.6957 -0.4583
vn 0.5315 0.6180 -0.5793
vn 0.4236 0.7871 -0.4483
vn 0.4125 0.8530 -0.3197
vn 0.2563 0.9120 -0.3202
vn 0.1601 0.9616 -0.2227
vn 0.2943 0.9544 -0.0497
vn 0.2877 0.9484 -0.1336
vn 0.1967 0.9737 -0.1150
vn 0.2642 0.9634 -0.0449
vn 0.1157 0.9933 0.0060
vn 0.3493 0.9298 0.1162
vn 0.2663 0.9623 -0.0562
vn 0.6391 0.7691 -0.0074
vn 0.4244 0.7949 -0.4335
vn -0.8139 -0.5784 -0.0548
vn 0.8680 0.4942 0.0492
vn 0.8768 0.4754 0.0716
vn 0.3046 0.9382 0.1646
vn 0.2543 0.5900 -0.7663
vn 0.6365 0.3551 -0.6846
vn 0.5836 0.7631 0.2776
vn 0.9471 0.0999 0.3051
vn 0.9593 0.0599 0.2761
vn 0.8290 0.5382 0.1520
vn 0.4590 0.8815 0.1106
vn 0.4350 0.8924 0.1199
vn 0.2836 0.9568 0.0639
vn 0.1879 0.9797 0.0697
vn 0.0963 0.9952 0.0185
vn 0.0967 0.9952 0.0159
vn 0.0968 0.9952 0.0159
vn 0.3478 0.9358 0.0573
vn 0.2928 0.9560 0.0165
vn 0.4657 0.8816 0.0769
vn 0.6302 0.7730 0.0726
vn 0.6315 0.7719 0.0736
vn 0.9691 0.1675 0.1810
vn 0.9920 0.0216 0.1244
vn 0.0975 0.9952 0.0096
vn 0.0976 0.9952 0.0097
vn 0.3506 0.9359 0.0347
vn 0.3508 0.9358 0.0348
vn 0.6313 0.7730 0.0627
vn 0.6314 0.7729 0.0628
vn 0.8778 0.4711 0.0873
vn 0.9231 0.3399 0.1799
vn 0.8754 0.4157 0.2469
vn 0.8936 0.4168 0.1666
vn 0.9444 0.2895 0.1558
vn 0.9525 0.2896 0.0946
vn 0.9838 0.1616 0.0776
vn 0.9881 0.1529 0.0158
vn 0.0979 0.9952 0.0033
vn 0.2311 0.9729 -0.0124
vn 0.3507 0.9359 0.0332
vn 0.4713 0.8818 0.0162
vn 0.6818 0.7286 0.0649
vn 0.6341 0.7730 0.0218
vn 0.8794 0.4751 0.0302
vn 0.8814 0.4712 0.0330
vn 0.2946 0.9556 -0.0089
vn 0.2309 0.9718 -0.0480
vn 0.4714 0.8818 -0.0144
vn 0.6323 0.7731 -0.0503
vn 0.6832 0.7299 -0.0209
vn 0.8817 0.4711 -0.0269
vn 0.8794 0.4751 -0.0296
vn 0.0976 0.9952 -0.0093
vn 0.2929 0.9561 0.0020
vn 0.2953 0.9554 0.0029
vn 0.4697 0.8817 -0.0448
vn 0.6846 0.7285 -0.0237
vn 0.6316 0.7730 -0.0604
vn 0.8453 0.5281 -0.0808
vn 0.8803 0.4713 -0.0539
vn 0.9528 0.2896 -0.0909
vn 0.1610 0.9866 -0.0258
vn 0.0927 0.9946 -0.0473
vn 0.2869 0.9568 -0.0462
vn 0.4041 0.9106 -0.0865
vn 0.4658 0.8817 -0.0751
vn 0.6266 0.7727 -0.1010
vn 0.6777 0.7300 -0.0886
vn 0.7631 0.6344 -0.1231
vn 0.9050 0.4122 -0.1052
vn 0.8319 0.5270 -0.1741
vn 0.9450 0.2895 -0.1522
vn 0.9734 0.1418 -0.1800
vn 0.9986 0.0087 -0.0522
vn 0.9878 0.1257 -0.0918
vn 0.9837 0.1773 -0.0284
vn 0.9947 0.0981 0.0314
vn 0.8486 0.5271 0.0445
vn 0.8408 0.5282 0.1184
vn 0.7626 0.6344 0.1260
vn 0.7544 0.6345 0.1683
vn 0.5934 0.7552 0.2784
vn 0.1603 0.9866 -0.0296
vn 0.2069 0.9765 -0.0602
vn 0.7053 0.7042 -0.0818
vn 0.4003 0.9103 -0.1052
vn 0.5967 0.7822 -0.1793
vn 0.6113 0.7717 -0.1757
vn 0.7514 0.6342 -0.1824
vn 0.8440 0.4845 -0.2300
vn 0.8881 0.4129 -0.2021
vn 0.9620 0.1629 -0.2190
vn 0.9734 0.1143 -0.1986
vn -0.1613 0.9865 0.0265
vn -0.1490 0.9882 0.0357
vn -0.4443 0.8952 -0.0343
vn -0.4129 0.9106 0.0158
vn -0.6810 0.7317 -0.0291
vn -0.6311 0.7728 0.0670
vn -0.7741 0.6326 -0.0251
vn -0.8813 0.4575 0.1185
vn -0.8692 0.4697 0.1547
vn -0.9571 0.2885 -0.0288
vn -0.9872 0.1530 0.0458
vn -0.9949 0.0957 -0.0321
vn -0.1538 0.9881 -0.0029
vn -0.1643 0.9863 -0.0148
vn -0.4067 0.9090 0.0916
vn -0.4454 0.8937 0.0541
vn -0.6266 0.7713 0.1119
vn -0.6808 0.7296 0.0649
vn -0.7626 0.6326 0.1350
vn -0.8820 0.4711 0.0128
vn -0.8910 0.4536 -0.0202
vn -0.9432 0.2885 0.1645
vn -0.9925 0.0962 0.0752
vn -0.9706 0.1527 0.1861
vn 0.7809 -0.2408 0.5764
vn -0.2504 0.0000 -0.9681
vn -0.2504 0.0000 -0.9681
vn -0.2504 0.0000 -0.9681
vn -0.2504 0.0000 -0.9681
vn -0.2504 0.0000 -0.9681
vn -0.2504 -0.0000 -0.9681
vn -0.2504 -0.0000 -0.9681
vn -0.2493 0.1214 -0.9608
vn -0.3029 0.0765 -0.9499
vn -0.4484 -0.2965 -0.8433
vn -0.2504 0.0000 -0.9681
vn -0.2504 -0.0000 -0.9681
vn -0.2504 -0.0000 -0.9681
vn -0.2504 -0.0000 -0.9681
vn -0.2504 0.0000 -0.9681
vn -0.2504 0.0000 -0.9681
vn -0.2504 0.0000 -0.9681
vn -0.2504 0.0000 -0.9681
vn 0.2574 -0.3862 0.8858
vn -0.0904 -0.0772 0.9929
vn 0.2504 0.0000 0.9681
vn 0.3909 0.2407 0.8884
vn 0.2009 -0.0070 0.9796
vn 0.1834 0.4123 0.8924
vn 0.3197 0.0829 0.9439
vn 0.2349 0.0016 0.9720
vn 0.1359 -0.1712 0.9758
vn 0.1271 0.0104 0.9918
vn 0.1976 0.1854 0.9626
vn 0.4238 -0.0000 0.9058
vn 0.4360 0.0054 0.8999
vn 0.3839 0.0258 0.9230
vn 0.3379 0.0557 0.9395
vn -0.5921 -0.7912 0.1528
vn -0.6482 0.1419 -0.7482
vn -0.6515 0.0344 -0.7578
vn -0.6484 0.0370 -0.7604
vn -0.7176 0.3852 -0.5802
vn -0.2416 0.3157 -0.9176
vn -0.2467 0.2272 -0.9421
vn -0.2608 -0.1569 -0.9525
vn -0.2166 0.5527 -0.8048
vn -0.1726 0.7737 -0.6096
vn -0.0909 0.9342 -0.3450
vn -0.9055 0.0740 -0.4179
vn -0.7511 0.5464 -0.3707
vn -0.1186 0.1030 -0.9876
vn -0.1320 -0.0226 -0.9910
vn -0.5224 0.2168 -0.8247
vn -0.2693 0.5586 -0.7845
vn -0.8860 0.0706 -0.4583
vn -0.9135 0.3853 -0.1309
vn -0.5206 0.8537 -0.0072
vn -0.1578 0.9465 0.2816
vn -0.8573 0.4153 -0.3042
vn -0.8493 0.1594 -0.5032
vn -0.8474 0.2072 -0.4889
vn -0.4427 0.5382 -0.7172
vn -0.5925 0.2836 -0.7540
vn -0.2742 0.7681 -0.5786
vn -0.9236 -0.0104 -0.3833
vn -0.9033 -0.0029 -0.4290
vn 0.0000 -1.0000 0.0000
vn 0.0000 -1.0000 0.0000
vn 0.0000 -1.0000 0.0000
vn 0.0000 -1.0000 0.0000
vn 0.0000 -1.0000 0.0000
vn -0.0000 -1.0000 0.0000
vn 0.0000 -1.0000 0.0000
vn -0.0000 -1.0000 0.0000
vn -0.0000 -1.0000 0.0000
vn 0.0000 -1.0000 0.0000
vn 0.0000 -1.0000 0.0000
vn 0.0000 -1.0000 0.0000
vn 0.0000 -1.0000 0.0000
vn 0.0000 -1.0000 -0.0000
vn 0.0000 -1.0000 0.0000
vn 0.0000 -1.0000 0.0000
vn 0.0000 -1.0000 0.0000
vn 0.0000 -1.0000 0.0000
vn 0.0000 -1.0000 0.0000
vn 0.0000 -1.0000 0.0000
vn 0.0000 -1.0000 0.0000
vn -0.9522 -0.1805 0.2463
vn -0.9522 -0.1805 0.2463
vn -0.8282 -0.5179 0.2142
vn -0.8282 -0.5179 0.2142
vn -0.6410 -0.7494 0.1658
vn -0.6410 -0.7494 0.1658
vn -0.3953 -0.9128 0.1022
vn -0.1227 -0.9050 0.4073
vn 0.0209 -0.9242 -0.3813
vn 0.2917 -0.9535 -0.0754
vn 0.6002 -0.7846 -0.1552
vn 0.6002 -0.7846 -0.1552
vn 0.8306 -0.5137 -0.2148
vn 0.8306 -0.5137 -0.2148
vn 0.9527 -0.1778 -0.2464
vn -0.9681 0.0000 0.2504
vn -0.9681 0.0000 0.2504
vn -0.6899 0.0079 -0.7239
vn -0.6488 -0.0000 -0.7609
vn -0.1771 0.9839 -0.0241
vn -0.1524 0.9882 -0.0161
vn 0.7395 0.6698 0.0674
vn -0.6705 0.7380 -0.0765
vn -0.6765 0.7325 -0.0761
vn -0.5844 0.8090 -0.0632
vn -0.4425 0.8953 -0.0518
vn -0.4594 0.8864 -0.0569
vn -0.9136 0.3847 -0.1314
vn -0.8755 0.4682 -0.1199
vn -0.7327 0.6652 -0.1436
vn -0.9818 0.1384 -0.1299
vn -0.9795 0.1548 -0.1289
vn -0.9840 0.1255 -0.1267
vn -0.9999 0.0006 -0.0142
vn -0.9998 0.0000 -0.0186
vn -0.9876 0.0000 0.1569
vn -0.9868 0.0006 0.1618
vn 0.8408 -0.4975 -0.2132
vn 0.7620 -0.6198 -0.1878
vn 0.5483 -0.0407 0.8353
vn 0.6582 -0.0104 0.7528
vn 0.7715 -0.0461 0.6346
vn 0.6730 -0.0929 0.7337
vn 0.7796 -0.0123 0.6261
vn 0.7861 -0.0269 0.6175
vn 0.8131 0.0058 0.5821
vn 0.7863 -0.0107 0.6177
vn -0.9681 0.0000 0.2504
vn -0.9681 0.0000 0.2504
vn -0.9542 -0.1692 0.2468
vn -0.9542 -0.1692 0.2468
vn -0.8449 -0.4883 0.2185
vn -0.8449 -0.4883 0.2185
vn -0.6396 -0.7507 0.1654
vn -0.6396 -0.7507 0.1654
vn -0.3611 -0.9278 0.0934
vn -0.3611 -0.9278 0.0934
vn -0.0404 -0.9991 0.0104
vn -0.0404 -0.9991 0.0104
vn 0.2850 -0.9557 -0.0737
vn 0.2850 -0.9557 -0.0737
vn 0.5679 -0.8099 -0.1469
vn 0.5679 -0.8099 -0.1469
vn 0.7900 -0.5780 -0.2043
vn 0.7900 -0.5780 -0.2043
vn 0.9396 -0.2412 -0.2430
vn 0.9384 -0.2434 -0.2453
vn 0.9683 -0.0032 -0.2498
vn 0.9681 -0.0029 -0.2504
vn -0.9511 0.0000 0.3090
vn -0.9511 0.0000 0.3090
vn -0.6512 0.0000 0.7589
vn -0.6789 0.0063 0.7342
vn 0.9766 0.1886 -0.1037
vn 0.1024 0.4585 0.8828
vn -0.0889 0.5281 0.8445
vn 0.1106 -0.0073 0.9938
vn 0.2087 -0.2299 0.9506
vn 0.0373 0.9532 0.3000
vn -0.5867 0.7919 0.1694
vn 0.0620 0.0226 0.9978
vn 0.1073 0.0538 0.9928
vn -0.6478 -0.0246 0.7614
vn -0.0307 0.6935 0.7198
vn -0.5079 0.6742 0.5362
vn -0.4430 0.8077 0.3891
vn -0.9466 0.0967 0.3076
vn -0.7813 0.1418 0.6078
vn -0.7858 0.3981 0.4733
vn -0.8796 0.3181 0.3538
vn -0.5210 0.5679 -0.6373
vn -0.2934 0.5746 -0.7640
vn 0.1074 0.9025 0.4172
vn 0.2220 0.4257 0.8772
vn 0.2119 0.5363 0.8170
vn 0.2210 0.4254 0.8776
vn 0.1966 0.8918 0.4076
vn 0.6146 0.1446 0.7755
vn 0.6203 0.2717 0.7358
vn 0.3117 0.2602 0.9139
vn 0.4620 0.3617 0.8098
vn 0.2775 0.8029 0.5276
vn 0.4379 0.7532 0.4908
vn 0.5240 0.5711 0.6319
vn 0.6760 0.3392 0.6542
vn 0.9657 0.0072 0.2595
vn 0.9501 0.0000 0.3120
vn 0.9922 0.0000 0.1244
vn 0.9922 0.0000 0.1244
vn 0.9999 0.0000 0.0160
vn 0.9999 0.0000 0.0160
vn 0.9991 0.0000 -0.0433
vn 0.9956 0.0128 -0.0925
vn 0.9809 0.0109 -0.1942
vn 0.9797 0.0126 -0.1999
vn 0.6051 0.0039 -0.7962
vn 0.5097 0.0076 -0.8603
vn 0.7536 0.0143 -0.6572
vn 0.8346 0.0037 -0.5509
vn 0.9174 0.0019 -0.3980
vn 0.8757 0.0122 -0.4827
vn 0.5813 0.0135 -0.8136
vn 0.6684 0.0039 -0.7438
vn 0.9992 0.0391 0.0093
vn 0.9276 0.0151 -0.3734
vn 0.9990 0.0164 -0.0417
vn 0.9956 0.0113 -0.0934
vn 0.9944 0.0116 0.1050
vn 0.9949 0.0121 0.0998
vn 0.9945 0.0161 -0.1032
vn 0.9976 0.0131 -0.0682
vn 0.9030 0.0082 -0.4295
vn 0.9302 0.0014 -0.3672
vn -0.0079 -1.0000 0.0021
vn -0.0054 -0.9999 -0.0147
vn 0.1469 -0.9884 -0.0380
vn 0.1469 -0.9884 -0.0380
vn 0.4273 -0.8973 -0.1105
vn 0.4273 -0.8973 -0.1105
vn 0.6680 -0.7239 -0.1727
vn 0.9013 -0.4271 0.0718
vn 0.8812 -0.4681 0.0666
vn 0.6787 -0.7132 -0.1755
vn 0.9474 -0.2061 -0.2450
vn 0.9474 -0.2061 -0.2450
vn 0.9677 -0.0315 -0.2503
vn 0.9677 -0.0315 -0.2503
vn 0.9681 -0.0000 -0.2504
vn 0.9681 0.0000 -0.2504
vn -0.7169 -0.1285 0.6852
vn -0.1627 -0.9809 0.1071
vn -0.3907 -0.8800 0.2701
vn -0.4460 -0.7996 0.4021
vn -0.6087 -0.6843 0.4016
vn -0.7211 -0.4567 0.5211
vn -0.7206 -0.4535 0.5245
vn -0.8410 -0.0869 0.5340
vn -0.8223 -0.1348 0.5529
vn -0.8572 -0.4648 0.2216
vn -0.1531 -0.9822 0.1086
vn -0.6122 -0.7869 -0.0774
vn -0.9522 -0.1805 0.2463
vn -0.8282 -0.5179 0.2142
vn -0.8282 -0.5179 0.2142
vn -0.6410 -0.7494 0.1658
vn -0.6410 -0.7494 0.1658
vn -0.3953 -0.9128 0.1022
vn 0.2917 -0.9535 -0.0754
vn 0.6002 -0.7846 -0.1552
vn 0.6002 -0.7846 -0.1552
vn 0.8306 -0.5137 -0.2148
vn 0.8306 -0.5137 -0.2148
vn 0.9527 -0.1778 -0.2464
vn 0.0000 -1.0000 0.0000
vn 0.0000 -1.0000 -0.0000
vn -0.0003 -1.0000 0.0021
vn 0.1469 -0.9884 -0.0380
vn 0.1469 -0.9884 -0.0380
vn 0.4273 -0.8973 -0.1105
vn 0.4273 -0.8973 -0.1105
vn 0.6680 -0.7239 -0.1727
vn 0.6679 -0.7239 -0.1727
vn 0.8473 -0.4838 -0.2191
vn 0.8473 -0.4838 -0.2191
vn 0.9474 -0.2061 -0.2450
vn 0.9474 -0.2061 -0.2450
vn 0.9677 -0.0315 -0.2503
vn 0.9677 -0.0315 -0.2503
vn 0.9681 0.0000 -0.2504
vn 0.9681 -0.0000 -0.2504
vn -0.1298 -0.9854 0.1099
vn -0.7751 -0.3983 0.4905
vn -0.7725 -0.4298 0.4675
vn -0.8598 -0.1175 0.4969
vn -0.8548 -0.1320 0.5018
vn -0.6391 -0.6680 0.3812
vn -0.1670 -0.9815 0.0937
vn -0.1383 -0.9857 0.0968
vn -0.4107 -0.8764 0.2515
vn -0.4067 -0.8809 0.2420
vn -0.6107 -0.6882 0.3917
vn 0.9681 0.0000 -0.2504
vn 0.9681 0.0000 -0.2504
vn -0.9652 -0.0784 0.2496
vn -0.9339 -0.1589 0.3203
vn -0.2918 -0.9134 0.2840
vn -0.2226 -0.9741 0.0388
vn 0.1090 -0.9906 0.0829
vn -0.0725 -0.9734 -0.2174
vn 0.9420 -0.3324 -0.0472
vn 0.8936 -0.3934 -0.2163
vn 0.9572 -0.1342 -0.2566
vn 0.9602 -0.1278 -0.2483
vn -0.9681 0.0000 0.2504
vn -0.9681 0.0000 0.2504
vn 0.0000 -1.0000 0.0000
vn -0.0001 -1.0000 0.0000
vn -0.0014 -0.9998 0.0195
vn 0.1469 -0.9884 -0.0380
vn 0.1469 -0.9884 -0.0380
vn 0.4273 -0.8973 -0.1105
vn 0.4273 -0.8973 -0.1105
vn 0.6680 -0.7239 -0.1727
vn 0.6680 -0.7239 -0.1727
vn 0.8473 -0.4838 -0.2191
vn 0.8473 -0.4838 -0.2191
vn 0.9474 -0.2061 -0.2450
vn 0.9474 -0.2061 -0.2450
vn 0.9677 -0.0315 -0.2503
vn 0.9677 -0.0315 -0.2503
vn 0.9681 0.0000 -0.2504
vn 0.9681 0.0000 -0.2504
vn -0.8500 -0.1307 0.5103
vn -0.1469 -0.9847 0.0940
vn -0.4779 -0.8510 0.2180
vn -0.5077 -0.8006 0.3181
vn -0.7770 -0.5324 0.3359
vn -0.7723 -0.4515 0.4469
vn -0.9058 -0.0295 0.4226
vn -0.8764 -0.1335 0.4626
vn -0.8311 -0.4567 0.3173
vn -0.8219 -0.4137 0.3916
vn -0.1705 -0.9820 0.0815
vn -0.6028 -0.7973 0.0313
vn 0.1362 -0.9901 -0.0352
vn 0.4095 -0.9064 -0.1038
vn 0.6680 -0.7239 -0.1727
vn 0.6228 -0.7802 -0.0583
vn 0.7278 -0.6605 -0.1844
vn 0.8483 -0.4873 -0.2072
vn 0.9387 -0.2377 -0.2497
vn 0.8506 -0.4846 -0.2040
vn -0.9522 -0.1805 0.2463
vn -0.9522 -0.1805 0.2463
vn -0.8282 -0.5179 0.2142
vn -0.8282 -0.5178 0.2142
vn -0.6410 -0.7494 0.1658
vn -0.0556 -0.9984 0.0144
vn 0.2917 -0.9535 -0.0754
vn 0.2917 -0.9535 -0.0754
vn 0.6002 -0.7846 -0.1552
vn -0.9681 0.0000 0.2504
vn -0.8963 -0.0322 0.4422
vn -0.0328 -0.9914 -0.1269
vn 0.0372 -0.9991 -0.0182
vn 0.9892 0.0028 -0.1465
vn 0.9898 0.0008 -0.1421
vn -0.8224 -0.4737 0.3150
vn -0.8333 -0.3911 0.3907
vn -0.9080 -0.1174 0.4022
vn -0.9050 -0.1259 0.4063
vn -0.6619 -0.6809 0.3134
vn -0.6563 -0.6838 0.3190
vn -0.1519 -0.9859 0.0697
vn -0.1558 -0.9853 0.0697
vn -0.4186 -0.8836 0.2098
vn -0.4501 -0.8470 0.2829
vn -0.0002 -1.0000 0.0001
vn -0.0001 -1.0000 0.0003
vn -0.0030 -0.9989 -0.0460
vn 0.9819 -0.1261 -0.1410
vn 0.9820 -0.0836 -0.1693
vn 0.9534 -0.2540 -0.1628
vn 0.9534 -0.2594 -0.1538
vn 0.9761 -0.1635 -0.1432
vn 0.8689 -0.4833 -0.1066
vn 0.8635 -0.4971 -0.0847
vn 0.5296 -0.6604 -0.5323
vn 0.3513 -0.2905 0.8901
vn 0.1367 -0.9906 -0.0008
vn 0.3606 -0.8924 -0.2713
vn 0.2572 -0.9212 -0.2921
vn 0.9983 -0.0042 0.0582
vn 0.9985 -0.0024 0.0538
vn 0.9681 0.0000 -0.2504
vn 0.9681 0.0000 -0.2504
vn -0.8282 -0.5179 0.2142
vn -0.6410 -0.7494 0.1658
vn -0.6410 -0.7494 0.1658
vn -0.3953 -0.9128 0.1022
vn -0.3953 -0.9128 0.1022
vn -0.0556 -0.9984 0.0144
vn 0.7445 -0.6393 -0.1925
vn 0.8306 -0.5137 -0.2148
vn 0.8306 -0.5137 -0.2148
vn 0.9527 -0.1778 -0.2464
vn 0.9527 -0.1778 -0.2464
vn -0.9006 0.4346 -0.0091
vn -0.1811 -0.9817 0.0593
vn -0.4475 -0.8734 0.1923
vn -0.4825 -0.8399 0.2485
vn -0.9138 -0.3908 -0.1105
vn -0.9694 -0.1496 0.1948
vn -0.9351 0.3078 0.1755
vn -0.9228 -0.1327 0.3617
vn -0.2175 -0.9634 -0.1565
vn -0.6732 -0.6937 0.2561
vn -0.3591 -0.3216 0.8762
vn -0.1563 -0.9854 0.0671
vn 0.0088 -1.0000 0.0010
vn 0.0013 -0.9999 -0.0125
vn 0.2347 -0.9716 0.0307
vn 0.2167 -0.9367 -0.2749
vn 0.5630 -0.7694 -0.3017
vn 0.1998 -0.9796 -0.0216
vn 0.2233 -0.9734 -0.0505
vn 0.9474 -0.2996 0.1125
vn 0.3803 -0.8996 0.2148
vn 0.6850 -0.7284 0.0092
vn 0.7186 -0.6926 0.0632
vn 0.9638 -0.2643 0.0350
vn 0.9685 -0.2485 0.0167
vn 0.8498 -0.5241 0.0563
vn 0.8792 -0.4764 -0.0057
vn 0.9968 -0.0633 0.0496
vn 0.9970 -0.0554 0.0537
vn 0.9394 -0.2652 0.2174
vn 0.8115 -0.5668 0.1418
vn 0.9845 0.0875 0.1521
vn 0.9866 -0.0875 0.1377
vn 0.9638 -0.2446 0.1057
vn 0.8655 -0.4918 0.0950
vn 0.8694 -0.4851 0.0939
vn 0.7355 -0.6718 0.0875
vn 0.6723 -0.7351 0.0879
vn 0.0753 -0.9971 0.0091
vn 0.1647 -0.9861 0.0222
vn 0.8200 -0.5719 0.0242
vn 0.2764 -0.9591 0.0605
vn 0.2402 -0.9691 0.0553
vn 0.4513 -0.8908 0.0537
vn 0.6040 -0.7937 0.0721
vn 0.7527 -0.6548 0.0691
vn -0.9523 -0.1805 0.2463
vn -0.9522 -0.1805 0.2463
vn -0.8282 -0.5179 0.2142
vn -0.6410 -0.7494 0.1658
vn -0.3953 -0.9128 0.1022
vn -0.3953 -0.9128 0.1022
vn -0.0556 -0.9984 0.0144
vn -0.0556 -0.9984 0.0144
vn 0.2917 -0.9535 -0.0754
vn -0.1865 -0.7997 -0.5707
vn 0.2688 -0.2705 -0.9244
vn -0.9681 0.0000 0.2504
vn -0.8826 -0.0368 0.4687
vn -0.0374 -0.9790 -0.2006
vn 0.9611 -0.1205 -0.2486
vn 0.8662 -0.0031 -0.4997
vn 0.0738 -0.9972 -0.0136
vn 0.0000 -1.0000 0.0000
vn -0.0830 -0.9965 0.0036
vn 0.0055 -1.0000 0.0007
vn 0.0145 -0.9998 -0.0096
vn 0.0054 -1.0000 0.0083
vn 0.0057 -1.0000 0.0060
vn 0.0000 -1.0000 0.0000
vn 0.0000 -1.0000 0.0000
vn -0.0031 -1.0000 0.0078
vn 0.0011 -1.0000 0.0001
vn -0.0241 -0.9980 0.0585
vn 0.0489 -0.9981 -0.0375
vn 0.0064 -1.0000 -0.0052
vn 0.0010 -1.0000 0.0002
vn -0.0000 -1.0000 0.0000
vn 0.0000 -1.0000 0.0000
vn 0.0355 -0.9978 -0.0566
vn 0.0000 -1.0000 0.0000
vn -0.0000 -1.0000 -0.0000
vn 0.0000 -1.0000 0.0000
vn 0.0000 -1.0000 0.0000
vn -0.9667 0.0555 0.2500
vn -0.9902 0.0000 0.1397
vn -0.9515 -0.1846 0.2461
vn -0.9579 -0.1692 0.2321
vn -0.9021 -0.3614 0.2358
vn -0.8061 -0.4843 0.3402
vn -0.6523 -0.6926 0.3078
vn -0.5758 -0.7352 0.3577
vn -0.0636 -0.9660 0.2506
vn -0.3611 -0.9278 0.0934
vn -0.0404 -0.9991 0.0104
vn -0.0404 -0.9991 0.0104
vn 0.2850 -0.9557 -0.0737
vn 0.2850 -0.9557 -0.0737
vn 0.5679 -0.8099 -0.1469
vn 0.5679 -0.8099 -0.1469
vn 0.7900 -0.5780 -0.2043
vn 0.7900 -0.5780 -0.2043
vn 0.9390 -0.2434 -0.2428
vn 0.9390 -0.2434 -0.2428
vn 0.8454 0.0015 -0.5341
vn 0.8554 0.0000 -0.5180
vn 0.7894 0.0000 -0.6139
vn 0.7677 0.0040 -0.6408
vn 0.0736 0.9937 -0.0848
vn 0.5714 0.7348 -0.3654
vn 0.3438 0.9150 -0.2113
vn 0.3353 0.9206 -0.2000
vn 0.2732 0.9502 -0.1499
vn 0.1317 0.9792 -0.1546
vn 0.6596 0.4824 -0.5764
vn 0.7638 0.3990 -0.5074
vn 0.7534 0.4851 -0.4438
vn 0.8257 0.0902 -0.5568
vn 0.7996 0.1682 -0.5766
vn 0.3776 0.8973 -0.2287
vn -0.0025 0.9999 0.0125
vn -0.0103 0.9999 0.0079
vn -0.0014 1.0000 -0.0028
vn 0.0024 1.0000 -0.0097
vn 0.0049 1.0000 -0.0031
vn 0.0051 1.0000 -0.0008
vn 0.0038 1.0000 -0.0045
vn 0.0036 1.0000 0.0001
vn 0.0044 1.0000 0.0038
vn -0.0103 0.9999 -0.0086
vn 0.0012 0.9999 -0.0129
vn 0.0037 0.9996 -0.0277
vn -0.0033 1.0000 0.0011
vn -0.0021 1.0000 -0.0004
vn -0.0022 1.0000 -0.0002
vn 0.0039 0.9998 -0.0173
vn 0.0013 1.0000 -0.0000
vn 0.0021 0.9998 0.0178
vn 0.0131 0.9997 0.0181
vn -0.0076 0.9999 -0.0111
vn -0.0022 1.0000 0.0004
vn -0.8916 0.3793 0.2472
vn -0.9712 0.0754 0.2262
vn -0.9597 0.1529 0.2357
vn -0.8602 0.4675 0.2037
vn -0.6687 0.7242 0.1682
vn -0.6584 0.7338 0.1673
vn -0.4360 0.8951 0.0931
vn -0.4873 0.8641 0.1260
vn -0.1484 0.9882 0.0384
vn -0.1159 0.9930 0.0210
vn -0.9681 -0.0061 0.2504
vn -0.9626 -0.0147 0.2704
vn -0.2737 -0.0275 -0.9614
vn -0.3298 0.2235 -0.9172
vn -0.2676 -0.2679 -0.9255
vn -0.0864 0.2506 -0.9642
vn -0.2504 -0.0000 -0.9681
vn -0.2504 0.0000 -0.9681
vn -0.2504 -0.0001 -0.9682
vn -0.2504 -0.0000 -0.9681
vn 0.1754 0.5947 -0.7846
vn -0.2504 -0.0000 -0.9681
vn -0.2504 0.0000 -0.9681
vn -0.2504 -0.0000 -0.9681
vn -0.7538 -0.1343 -0.6433
vn -0.2863 0.0224 -0.9579
vn -0.2310 0.2294 -0.9455
vn -0.1890 -0.0016 -0.9820
vn -0.1804 -0.0071 -0.9836
vn -0.3578 -0.2300 -0.9050
vn -0.3014 0.0022 -0.9535
vn -0.3070 0.0579 -0.9499
vn -0.2953 -0.0283 -0.9550
vn -0.1999 -0.2109 -0.9569
vn -0.3399 0.0001 -0.9405
vn -0.9921 -0.0082 -0.1249
vn -0.9916 0.0006 -0.1294
vn -0.9737 0.0006 0.2278
vn -0.9747 -0.0056 0.2235
vn 0.9904 -0.0097 0.1382
vn 0.9900 0.0000 0.1413
vn 0.9659 -0.0098 -0.2586
vn 0.9659 -0.0103 -0.2587
vn 0.9687 0.0247 -0.2471
vn 0.9715 -0.0120 -0.2369
vn 0.9715 -0.0126 -0.2368
vn 0.3973 0.0197 0.9175
vn 0.3228 0.0057 0.9464
vn 0.2504 -0.0000 0.9681
vn 0.2504 -0.0000 0.9681
vn 0.2504 0.0000 0.9681
vn 0.2504 -0.0000 0.9681
vn 0.2504 0.0000 0.9681
vn 0.2642 0.0142 0.9644
vn 0.2224 0.0001 0.9749
vn 0.2761 -0.0185 0.9610
vn 0.3489 0.0481 0.9359
vn 0.2823 -0.0461 0.9582
vn 0.2504 0.0000 0.9681
vn 0.2504 -0.0000 0.9681
vn 0.2504 0.0000 0.9681
vn 0.2504 0.0000 0.9681
vn 0.2753 0.0341 0.9608
vn 0.2682 0.0221 0.9631
vn 0.2902 -0.0422 0.9560
vn 0.2289 0.0055 0.9734
vn 0.2317 0.0136 0.9727
vn 0.2434 -0.1156 0.9630
vn 0.2349 -0.0589 0.9702
vn 0.2504 0.0000 0.9681
vn 0.2974 -0.1056 0.9489
vn 0.2504 0.0000 0.9681
vn 0.2504 -0.0000 0.9681
vn 0.2504 0.0000 0.9681
vn 0.2504 0.0000 0.9681
vn 0.2504 0.0000 0.9681
vn 0.1739 0.2266 0.9583
vn 0.4454 -0.3102 0.8399
vn 0.1445 0.4139 0.8988
vn 0.2882 -0.0111 0.9575
vn 0.2985 -0.0283 0.9540
vn 0.2545 0.0152 0.9670
vn 0.1013 0.0673 0.9926
vn 0.1863 0.8809 0.4352
vn -0.5586 -0.8219 0.1118
vn 0.5509 0.8272 -0.1105
vn 0.5510 0.8272 -0.1101
vn 0.7668 0.6371 -0.0783
vn 0.3820 0.9207 0.0798
vn 0.8986 0.3361 0.2822
vn 0.7964 0.5956 0.1050
vn 0.7765 0.6225 0.0974
vn 0.8511 0.5222 0.0536
vn 0.7931 0.6090 0.0127
vn 0.8083 0.5887 0.0092
vn 0.8544 0.5179 -0.0434
vn 0.3342 0.9223 -0.1942
vn 0.7091 0.4659 -0.5293
vn 0.6059 0.7471 -0.2736
vn 0.4102 0.7644 -0.4974
vn 0.5931 0.6001 -0.5367
vn 0.6039 0.6818 -0.4129
vn 0.2768 0.9587 -0.0654
vn 0.2770 0.9589 -0.0622
vn 0.6575 0.7156 -0.2360
vn 0.7772 -0.3400 -0.5295
vn 0.7586 0.3147 -0.5705
vn 0.2544 0.9521 -0.1698
vn 0.2963 0.9358 -0.1909
vn -0.4614 0.2371 0.8549
vn -0.4254 0.4625 0.7779
vn -0.2394 0.8605 0.4496
vn -0.2139 0.8920 0.3981
vn -0.2354 0.9719 -0.0056
vn -0.2944 0.8884 0.3523
vn -0.6404 0.4461 0.6252
vn -0.4492 0.6957 0.5606
vn -0.6372 0.6189 0.4593
vn -0.6266 0.7252 0.2855
vn -0.8932 0.4472 0.0481
vn -0.7839 0.6115 0.1080
vn -0.3418 0.9386 0.0471
vn -0.9490 0.1897 -0.2518
vn -0.8438 0.5280 -0.0956
vn -0.2322 0.9727 -0.0036
vn -0.2520 0.9577 0.1390
vn -0.7545 0.4450 0.4824
vn -0.8086 0.0095 0.5882
vn -0.9827 0.0233 0.1838
vn 0.1210 0.0252 0.9923
vn -0.1013 0.0204 0.9946
vn 0.9591 -0.2411 0.1481
vn -0.7213 0.5913 0.3608
vn 0.3446 -0.8511 -0.3961
vn -0.3529 0.9312 -0.0912
vn -0.7661 0.5883 -0.2588
vn -0.8371 0.4775 -0.2670
vn -0.4067 0.9031 -0.1377
vn -0.0925 0.9947 -0.0453
vn -0.9063 0.1099 -0.4081
vn -0.8205 0.4713 -0.3235
vn -0.9242 0.0304 -0.3807
vn -0.8426 0.4668 -0.2686
vn 0.3906 0.0000 0.9206
vn 0.3776 -0.0000 0.9260
vn 0.4132 0.0207 0.9104
vn 0.4293 -0.0060 0.9031
vn 0.4442 -0.0434 0.8949
vn 0.4670 -0.0033 0.8842
vn 0.1981 0.0439 0.9792
vn -0.7382 0.1408 0.6597
vn -0.0780 -0.0781 0.9939
vn 0.2504 -0.0000 0.9681
vn 0.2504 0.0000 0.9681
vn 0.2504 0.0000 0.9681
vn 0.2504 -0.0000 0.9681
vn 0.2504 -0.0000 0.9681
vn 0.2914 -0.7073 0.6440
vn 0.1441 -0.1823 0.9726
vn -0.0589 -0.0705 0.9958
vn 0.0481 -0.2644 0.9632
vn 0.0051 0.1125 0.9936
vn 0.0084 0.1004 0.9949
vn 0.3833 -0.4752 0.7920
vn 0.2808 -0.0618 0.9578
vn 0.2504 -0.0000 0.9681
vn 0.2504 0.0000 0.9681
vn 0.2898 -0.1632 0.9431
vn -0.3472 0.0000 -0.9378
vn -0.3727 0.0147 -0.9278
vn -0.3605 -0.0167 -0.9326
vn -0.1927 -0.2364 -0.9524
vn 0.1094 -0.1228 -0.9864
vn -0.0942 0.0950 -0.9910
vn -0.1186 -0.0261 -0.9926
vn -0.2972 0.0454 -0.9537
vn -0.2504 -0.0000 -0.9681
vn -0.4006 0.1838 -0.8976
vn -0.3577 -0.0414 -0.9329
vn -0.2185 0.1546 -0.9635
vn -0.0111 -0.0322 -0.9994
vn -0.0181 -0.0586 -0.9981
vn -0.2504 0.0000 -0.9681
vn -0.2504 -0.0000 -0.9681
vn -0.4499 -0.0512 -0.8916
vn -0.4794 0.1483 -0.8650
vn -0.4740 0.1529 -0.8671
vn -0.3535 -0.2113 -0.9113
vn -0.2409 -0.0210 -0.9703
vn -0.2109 -0.0859 -0.9737
vn -0.3772 0.1950 -0.9054
vn 0.0241 -0.1083 -0.9938
vn -0.3174 0.4441 -0.8379
vn 0.1346 -0.0147 0.9908
vn 0.2244 -0.0053 0.9745
vn -0.3026 -0.1052 0.9473
vn -0.0830 0.0811 0.9932
vn 0.2504 0.0000 0.9681
vn 0.2504 0.0000 0.9681
vn 0.2504 -0.0000 0.9681
vn 0.3973 -0.0391 0.9168
vn 0.1186 -0.0450 0.9919
vn 0.2509 0.0263 0.9677
vn 0.5516 -0.4636 0.6934
vn 0.1787 -0.2060 0.9621
vn 0.0863 0.1872 0.9785
vn 0.2504 -0.0000 0.9681
vn 0.4338 -0.0742 0.8979
vn 0.3710 0.0772 0.9254
vn 0.4402 -0.0819 0.8941
vn 0.1083 0.2643 0.9583
vn 0.1543 0.0000 0.9880
vn 0.2079 -0.1443 0.9675
vn 0.2489 -0.2116 0.9451
vn 0.1915 0.1459 0.9706
vn -0.2504 -0.0000 -0.9681
vn -0.0621 -0.1041 -0.9926
vn -0.2542 0.1869 -0.9489
vn -0.2504 -0.0000 -0.9681
vn -0.2504 0.0000 -0.9681
vn -0.2504 0.0000 -0.9681
vn -0.2504 -0.0000 -0.9681
vn -0.1868 0.0259 -0.9821
vn -0.2504 -0.0000 -0.9681
vn -0.4519 0.2377 -0.8598
vn -0.1954 -0.2710 -0.9425
vn -0.2504 -0.0000 -0.9681
vn -0.5339 -0.7353 -0.4176
vn -0.0962 -0.0560 -0.9938
vn -0.2602 0.0207 -0.9653
vn -0.2231 0.2509 -0.9420
vn -0.0650 -0.1227 -0.9903
vn -0.1492 0.0000 -0.9888
vn -0.2173 0.2206 -0.9508
vn -0.2083 -0.0859 -0.9743
vn -0.2797 0.0589 -0.9583
vn -0.2218 -0.0394 -0.9743
vn -0.4112 -0.1524 -0.8987
vn -0.1125 -0.5753 -0.8102
vn -0.2972 -0.1231 -0.9469
vn 0.5169 -0.3586 -0.7773
vn -0.8102 0.4613 -0.3617
vn 0.2504 0.0000 0.9681
vn 0.2504 0.0000 0.9681
vn 0.2504 -0.0000 0.9681
vn 0.2504 0.0000 0.9681
vn 0.2504 -0.0000 0.9681
vn 0.2504 0.0000 0.9681
vn 0.2812 0.0119 0.9596
vn 0.2701 0.0934 0.9583
vn 0.0589 0.0017 0.9983
vn 0.0973 -0.0577 0.9936
vn 0.2504 -0.0000 0.9681
vn 0.5275 0.6277 0.5725
vn 0.5668 -0.0987 0.8179
vn 0.2532 -0.0717 0.9647
vn 0.3621 -0.0000 0.9321
vn 0.3329 -0.0269 0.9426
vn 0.3228 0.0059 0.9465
vn 0.3064 0.1025 0.9464
vn -0.0187 0.6737 0.7388
vn 0.2652 -0.9169 0.2982
vn -0.0497 0.3693 0.9280
vn 0.3898 -0.5770 0.7177
vn 0.1528 -0.0283 0.9879
vn -0.2603 0.2157 0.9411
vn 0.3920 -0.5697 0.7223
vn -0.2504 -0.0000 -0.9681
vn -0.2504 0.0000 -0.9681
vn -0.2504 -0.0000 -0.9681
vn -0.2504 -0.0000 -0.9681
vn 0.0105 -0.0254 -0.9996
vn -0.0534 0.0000 -0.9986
vn -0.4838 0.2355 -0.8429
vn -0.3000 -0.1749 -0.9378
vn -0.3235 -0.0609 -0.9443
vn -0.0033 0.3592 -0.9333
vn -0.1041 0.4438 -0.8901
vn -0.2504 -0.0000 -0.9681
vn -0.4555 0.0551 -0.8886
vn -0.4546 -0.0854 -0.8866
vn -0.2740 -0.0397 -0.9609
vn -0.2859 0.0221 -0.9580
vn -0.2307 0.0647 -0.9709
vn -0.2057 -0.0083 -0.9786
vn -0.1124 0.1350 -0.9844
vn -0.0491 -0.0064 -0.9988
vn 0.0367 -0.2540 -0.9665
vn -0.1578 0.0569 -0.9858
vn -0.2746 0.1411 -0.9511
vn -0.2684 0.1312 -0.9543
vn 0.3813 0.1412 0.9136
vn 0.2504 -0.0000 0.9681
vn 0.1782 -0.0348 0.9834
vn 0.3017 -0.0096 0.9534
vn 0.3118 -0.0016 0.9501
vn 0.2112 0.0240 0.9771
vn -0.1679 -0.0678 0.9835
vn 0.4024 -0.5616 0.7230
vn 0.5866 -0.5932 0.5515
vn 0.6977 0.0057 0.7163
vn 0.7170 0.0225 0.6967
vn 0.7446 -0.0502 0.6656
vn 0.5143 0.5856 0.6265
vn -0.0644 0.5609 0.8254
vn 0.3068 -0.2284 0.9239
vn 0.2095 -0.0077 0.9778
vn 0.2164 -0.0627 0.9743
vn 0.0254 0.5718 0.8200
vn 0.4581 0.2784 0.8441
vn 0.1883 -0.1297 0.9735
vn 0.1838 -0.0986 0.9780
vn 0.0362 0.2102 0.9770
vn 0.4849 -0.2612 0.8347
vn 0.3240 0.0467 0.9449
vn 0.3685 0.0137 0.9295
vn -0.4502 -0.1386 -0.8821
vn -0.2274 0.3848 -0.8946
vn -0.1992 0.1137 -0.9733
vn -0.2868 -0.1099 -0.9517
vn -0.2097 0.2603 -0.9425
vn -0.2242 0.0213 -0.9743
vn -0.2498 0.0440 -0.9673
vn -0.1216 -0.3780 -0.9178
vn 0.1579 -0.1621 -0.9741
vn -0.0031 -0.2102 -0.9777
vn -0.0194 -0.1373 -0.9903
vn -0.6808 -0.6492 -0.3392
vn -0.4671 -0.0444 -0.8831
vn -0.0173 -0.5583 -0.8294
vn -0.5189 0.1777 -0.8362
vn -0.5006 0.0485 -0.8643
vn 0.4683 0.8134 -0.3449
vn -0.4855 0.0000 -0.8742
vn -0.5300 0.0227 -0.8477
vn -0.3320 -0.3044 -0.8928
vn -0.3666 -0.1914 -0.9105
vn -0.1842 0.0759 -0.9800
vn -0.0122 -0.1282 -0.9917
vn -0.7171 0.2387 -0.6549
vn -0.3306 -0.0052 -0.9437
vn -0.3079 -0.0325 -0.9509
vn 0.1898 0.0920 0.9775
vn 0.0115 0.0576 0.9983
vn 0.2006 0.5372 0.8193
vn 0.5229 0.0989 0.8467
vn 0.2246 -0.0428 0.9735
vn 0.2441 -0.0214 0.9695
vn 0.1399 -0.0260 0.9898
vn 0.1840 0.0000 0.9829
vn -0.0424 0.3487 0.9363
vn 0.0439 -0.0475 0.9979
vn 0.1431 -0.0367 0.9890
vn 0.0973 0.0922 0.9910
vn 0.0653 0.0337 0.9973
vn 0.1205 0.0569 0.9911
vn 0.3086 0.1415 0.9406
vn 0.3293 0.0946 0.9395
vn 0.4787 -0.1007 0.8722
vn 0.2391 -0.0020 0.9710
vn 0.3926 -0.9197 0.0050
vn 0.1054 -0.0370 0.9937
vn 0.0957 0.0400 0.9946
vn 0.2287 -0.2080 0.9510
vn -0.2676 0.2477 0.9311
vn -0.1012 -0.3664 -0.9249
vn -0.2504 0.0000 -0.9681
vn -0.1843 -0.3644 -0.9128
vn -0.2402 -0.5441 -0.8039
vn -0.2750 -0.5594 -0.7820
vn -0.1974 0.0523 -0.9789
vn -0.2264 -0.0701 -0.9715
vn -0.1831 0.0126 -0.9830
vn -0.2026 0.0402 -0.9784
vn 0.0744 -0.2535 -0.9645
vn 0.0201 0.1107 -0.9936
vn -0.1833 -0.0067 -0.9830
vn -0.1907 0.0000 -0.9816
vn -0.1978 0.0291 -0.9798
vn 0.1414 -0.0290 -0.9895
vn 0.1505 -0.1453 -0.9779
vn 0.0749 -0.0293 -0.9968
vn 0.1707 -0.0825 -0.9819
vn 0.1763 -0.0949 -0.9797
vn 0.0150 0.5773 -0.8164
vn -0.1803 -0.4812 -0.8579
vn -0.4661 0.1426 -0.8732
vn 0.0538 -0.1826 -0.9817
vn -0.2340 0.1105 -0.9659
vn 0.2894 -0.1358 0.9475
vn 0.2342 -0.1993 0.9515
vn 0.2634 -0.1126 0.9581
vn 0.3847 -0.0382 0.9222
vn 0.3729 -0.0668 0.9255
vn 0.3744 -0.0777 0.9240
vn 0.1670 -0.0414 0.9851
vn -0.5414 -0.3485 0.7651
vn 0.2379 0.0788 0.9681
vn 0.6297 0.0648 0.7741
vn 0.3611 -0.1084 0.9262
vn 0.3311 -0.0000 0.9436
vn 0.3650 0.0307 0.9305
vn 0.3822 -0.0132 0.9240
vn 0.2504 0.0000 0.9681
vn 0.3439 -0.3153 0.8845
vn 0.0589 0.1234 0.9906
vn 0.3157 -0.0007 0.9489
vn 0.3219 0.0068 0.9467
vn 0.3263 -0.0115 0.9452
vn 0.3156 0.0139 0.9488
vn 0.3164 0.0126 0.9485
vn 0.3020 0.0523 0.9519
vn 0.3132 0.0349 0.9491
vn 0.4927 -0.1701 0.8534
vn -0.1637 -0.9854 0.0470
vn -0.1643 -0.9856 0.0394
vn -0.1686 -0.9848 0.0423
vn -0.1643 -0.9861 0.0263
vn -0.1742 -0.9842 0.0314
vn -0.1630 -0.9865 0.0133
vn -0.1798 -0.9835 0.0200
vn -0.1603 -0.9871 0.0007
vn -0.1855 -0.9826 0.0081
vn -0.1687 -0.9856 -0.0122
vn -0.1760 -0.9843 -0.0154
vn -0.1675 -0.9859 -0.0040
vn -0.1702 -0.9850 -0.0264
vn -0.1680 -0.9855 -0.0252
vn -0.1679 -0.9852 -0.0347
vn -0.4749 -0.8747 -0.0965
vn -0.2033 -0.9774 -0.0570
vn -0.7861 -0.6016 -0.1417
vn -0.9808 -0.0667 -0.1835
vn -0.9792 -0.1402 -0.1467
vn -0.9870 -0.0933 -0.1311
vn -0.9930 -0.0934 -0.0717
vn -0.9907 -0.1132 -0.0756
vn -0.9979 -0.0646 0.0047
vn -0.9998 -0.0165 0.0134
vn -0.9884 -0.1289 0.0808
vn -0.9918 -0.0864 0.0943
vn -0.9838 -0.0864 0.1572
vn -0.9810 -0.1243 0.1489
vn -0.9717 -0.0394 0.2330
vn -0.9716 -0.0294 0.2347
vn -0.9406 -0.1323 0.3126
vn -0.9406 -0.1331 0.3123
vn -0.8680 -0.4203 0.2645
vn -0.6872 -0.6956 0.2097
vn -0.4633 -0.8745 0.1432
vn -0.9617 -0.1643 -0.2194
vn -0.8719 -0.4638 -0.1571
vn -0.8763 -0.4635 -0.1313
vn -0.9127 -0.3570 -0.1987
vn -0.9310 -0.3588 -0.0672
vn -0.9314 -0.3577 -0.0677
vn -0.9337 -0.3579 0.0044
vn -0.9341 -0.3571 0.0041
vn -0.9309 -0.3572 0.0761
vn -0.9311 -0.3567 0.0759
vn -0.9225 -0.3568 0.1474
vn -0.9226 -0.3566 0.1474
vn -0.9085 -0.3566 0.2179
vn -0.9084 -0.3568 0.2179
vn -0.8845 -0.3565 0.3011
vn -0.9198 -0.3850 -0.0751
vn -0.7489 -0.6531 -0.1125
vn -0.7552 -0.6531 -0.0549
vn -0.7552 -0.6532 -0.0548
vn -0.7571 -0.6532 0.0033
vn -0.7571 -0.6533 0.0033
vn -0.7546 -0.6533 0.0615
vn -0.7545 -0.6534 0.0615
vn -0.7475 -0.6534 0.1194
vn -0.7475 -0.6534 0.1194
vn -0.7361 -0.6534 0.1766
vn -0.7362 -0.6534 0.1766
vn -0.7168 -0.6531 0.2443
vn -0.6533 -0.7499 -0.1043
vn -0.5876 -0.8072 -0.0568
vn -0.5748 -0.8082 -0.1283
vn -0.4876 -0.8700 -0.0731
vn -0.4918 -0.8700 -0.0357
vn -0.4914 -0.8702 -0.0355
vn -0.4927 -0.8702 0.0022
vn -0.4924 -0.8704 0.0023
vn -0.4908 -0.8704 0.0400
vn -0.4906 -0.8705 0.0401
vn -0.4861 -0.8704 0.0776
vn -0.4860 -0.8705 0.0777
vn -0.4786 -0.8705 0.1148
vn -0.4787 -0.8704 0.1148
vn -0.4693 -0.8705 0.1482
vn -0.1879 -0.9801 0.0645
vn -0.2504 0.0000 -0.9681
vn -0.2504 0.0000 -0.9681
vn -0.2504 0.0000 -0.9681
vn -0.2504 0.0000 -0.9681
vn -0.2504 -0.0000 -0.9681
vn -0.2504 0.0000 -0.9681
vn -0.2544 -0.0361 -0.9664
vn -0.2524 -0.0601 -0.9658
vn -0.2572 -0.0176 -0.9662
vn -0.2504 -0.0000 -0.9681
vn -0.2504 0.0000 -0.9681
vn -0.2504 -0.0000 -0.9681
vn -0.2504 0.0000 -0.9681
vn -0.2615 -0.0064 -0.9652
vn -0.2591 -0.0102 -0.9658
vn -0.2160 -0.0411 -0.9755
vn -0.2504 -0.0000 -0.9681
vn -0.2504 0.0000 -0.9681
vn -0.2504 -0.0000 -0.9681
vn -0.2504 0.0000 -0.9681
vn -0.1285 0.8487 -0.5130
vn -0.1710 0.6796 -0.7134
vn -0.2253 0.3826 -0.8960
vn -0.0920 0.3302 -0.9394
vn -0.1513 0.3727 -0.9155
vn -0.1533 0.3813 -0.9116
vn -0.1130 0.3189 -0.9410
vn 0.2668 0.8368 -0.4781
vn -0.1688 0.2466 -0.9543
vn -0.0292 0.0004 -0.9996
vn 0.2116 0.0102 -0.9773
vn -0.1994 0.2765 -0.9401
vn 0.2293 0.1080 -0.9673
vn -0.2867 -0.4847 0.8264
vn 0.7634 -0.3460 0.5454
vn 0.2504 0.8408 -0.4799
vn -0.0044 0.8132 -0.5819
vn 0.3118 0.6882 -0.6552
vn -0.0900 0.5117 -0.8544
vn 0.2939 0.3361 -0.8948
vn -0.1254 0.7195 -0.6830
vn 0.2748 0.1462 -0.9503
vn 0.2654 0.3050 -0.9146
vn -0.0102 0.3353 -0.9421
vn -0.1736 0.3246 -0.9298
vn -0.2372 0.2528 -0.9380
vn -0.2496 0.0611 -0.9664
vn -0.1574 0.7910 -0.5913
vn -0.1693 0.7204 -0.6726
vn -0.2266 0.4765 -0.8495
vn -0.3974 0.0746 -0.9146
vn -0.3563 0.1837 -0.9161
vn -0.4153 0.2010 -0.8872
vn -0.3341 0.4004 -0.8533
vn -0.3176 0.3943 -0.8624
vn -0.2558 0.0611 -0.9648
vn -0.2961 0.8576 -0.4204
vn -0.2377 0.8931 -0.3819
vn -0.5113 0.8561 -0.0757
vn -0.7563 0.5708 -0.3197
vn -0.9139 0.3953 0.0925
vn -0.7381 0.5603 -0.3760
vn -0.6077 0.6803 -0.4097
vn -0.8128 0.0670 -0.5787
vn -0.8473 0.1232 -0.5166
vn -0.8451 0.1576 -0.5108
vn -0.7556 0.2117 -0.6198
vn -0.7211 0.4859 -0.4939
vn -0.4228 0.4755 -0.7714
vn -0.3818 0.4818 -0.7887
vn -0.7833 -0.0062 -0.6216
vn -0.8123 0.0025 -0.5832
vn 0.0000 -1.0000 0.0000
vn 0.0000 -1.0000 0.0000
vn 0.0000 -1.0000 0.0000
vn 0.0000 -1.0000 -0.0000
vn 0.0000 -1.0000 0.0000
vn 0.0000 -1.0000 0.0000
vn 0.0000 -1.0000 0.0000
vn 0.0000 -1.0000 0.0000
vn 0.0000 -1.0000 -0.0000
vn -0.0000 -1.0000 0.0000
vn 0.0000 -1.0000 -0.0000
vn -0.0000 -1.0000 0.0000
vn 0.0000 -1.0000 0.0000
vn 0.0000 -1.0000 0.0000
vn 0.0000 -1.0000 0.0000
vn 0.0000 -1.0000 -0.0000
vn 0.0000 -1.0000 0.0000
vn 0.0000 -1.0000 0.0000
vn 0.0000 -1.0000 0.0000
vn 0.0000 -1.0000 0.0000
vn 0.0000 -1.0000 0.0000
vn 0.0000 -1.0000 0.0000
vn 0.0000 -1.0000 0.0000
vn 0.0000 -1.0000 0.0000
vn 0.0000 -1.0000 0.0000
vn 0.0000 -1.0000 -0.0000
vn 0.0000 -1.0000 -0.0000
vn 0.0000 -1.0000 0.0000
vn 0.0000 -1.0000 0.0000
vn 0.0000 -1.0000 0.0000
vn 0.0000 -1.0000 0.0000
vn 0.0000 -1.0000 0.0000
vn 0.0000 -1.0000 0.0000
vn 0.0000 -1.0000 0.0000
vn 0.0000 -1.0000 0.0000
vn 0.0000 -1.0000 0.0000
vn 0.0000 -1.0000 0.0000
vn 0.0000 -1.0000 -0.0000
vn 0.0000 -1.0000 -0.0000
vn 0.0000 -1.0000 0.0000
vn 0.0000 -1.0000 0.0000
vn 0.0000 -1.0000 0.0000
vn -0.9522 -0.1805 0.2463
vn -0.9522 -0.1805 0.2463
vn -0.8282 -0.5179 0.2142
vn -0.0556 -0.9984 0.0144
vn 0.2917 -0.9535 -0.0754
vn 0.2917 -0.9535 -0.0754
vn 0.6002 -0.7846 -0.1552
vn 0.3147 -0.8210 -0.4764
vn 0.3547 -0.1108 -0.9284
vn -0.9681 0.0000 0.2504
vn -0.9681 0.0000 0.2504
vn 0.0000 -1.0000 0.0000
vn 0.1054 0.6298 -0.7696
vn 0.0920 0.6579 -0.7475
vn 0.4194 0.6175 -0.6654
vn 0.4271 0.6087 -0.6687
vn 0.5847 0.6576 -0.4750
vn 0.6535 0.5891 -0.4752
vn 0.7833 0.5235 0.3354
vn 0.9375 -0.1036 0.3323
vn 0.9162 0.2913 0.2753
vn 0.9699 -0.0594 0.2363
vn 0.9587 -0.2423 0.1491
vn 0.9682 0.2210 0.1168
vn 0.9870 0.1481 0.0621
vn 0.9947 -0.0907 0.0481
vn 0.9589 0.2838 0.0053
vn 0.9982 -0.0356 -0.0479
vn 0.9980 0.0377 -0.0516
vn 0.9577 0.2679 -0.1047
vn 0.9724 -0.1809 -0.1477
vn 0.8656 -0.4500 -0.2198
vn 0.8160 -0.4389 -0.3761
vn 0.7845 0.5209 0.3365
vn 0.8036 0.5097 0.3074
vn 0.7512 0.5997 0.2757
vn 0.7528 0.6181 0.2262
vn 0.7940 0.5554 0.2473
vn 0.8126 0.5553 0.1770
vn 0.7582 0.6333 0.1552
vn 0.7581 0.6335 0.1549
vn 0.8131 0.5547 0.1769
vn 0.8256 0.5554 0.0996
vn 0.6665 0.7428 0.0639
vn 0.6684 0.7426 0.0420
vn 0.6683 0.7427 0.0420
vn 0.6696 0.7427 0.0037
vn 0.6166 0.7873 -0.0052
vn 0.6159 0.7872 -0.0319
vn 0.6694 0.7425 -0.0243
vn 0.6657 0.7427 -0.0728
vn 0.7494 0.6587 -0.0672
vn 0.7386 0.6586 -0.1438
vn 0.7508 0.6448 -0.1433
vn 0.7501 0.6439 -0.1509
vn 0.7373 0.6586 -0.1505
vn 0.7181 0.6585 -0.2252
vn 0.7212 0.6550 -0.2253
vn 0.7330 0.6288 -0.2595
vn 0.7418 0.6178 -0.2607
vn 0.7160 0.6406 -0.2775
vn 0.6105 0.7500 -0.2546
vn 0.5870 0.7496 -0.3058
vn 0.6717 0.6650 -0.3264
vn 0.4281 0.8967 0.1127
vn 0.4305 0.8966 0.1034
vn 0.4354 0.8969 0.0775
vn 0.4390 0.8969 0.0535
vn 0.3179 0.9475 -0.0348
vn 0.3154 0.9475 -0.0529
vn 0.3123 0.9473 -0.0710
vn 0.3077 0.9474 -0.0887
vn 0.6964 0.5293 0.4847
vn -0.0469 0.9961 0.0742
vn 0.0423 0.9921 0.1180
vn -0.1910 -0.9627 -0.1918
vn 0.2943 0.8511 0.4348
vn 0.1836 0.9112 0.3687
vn -0.1736 0.5168 0.8383
vn -0.0712 0.7938 0.6039
vn 0.5685 0.6682 0.4800
vn -0.5011 -0.3722 0.7813
vn 0.2690 0.0383 0.9624
vn 0.1879 0.2939 0.9372
vn 0.5220 0.4951 0.6946
vn -0.2626 0.9532 0.1496
vn 0.5050 0.6637 0.5518
vn 0.5319 -0.3858 0.7538
vn 0.0079 1.0000 -0.0038
vn 0.0063 1.0000 -0.0076
vn 0.0088 1.0000 -0.0037
vn 0.0088 1.0000 -0.0036
vn 0.0089 1.0000 -0.0031
vn 0.0084 1.0000 0.0006
vn 0.0065 1.0000 0.0040
vn 0.0011 1.0000 -0.0011
vn -0.0095 0.9998 -0.0176
vn 0.0065 1.0000 0.0004
vn 0.0067 0.9999 0.0107
vn 0.0022 1.0000 -0.0005
vn -0.0013 0.9999 -0.0169
vn 0.0166 0.9997 0.0185
vn 0.1077 0.9933 0.0422
vn 0.1679 0.9857 -0.0117
vn 0.0064 1.0000 0.0041
vn 0.0075 1.0000 0.0030
vn -0.0117 0.9994 0.0319
vn 0.0013 0.9999 0.0105
vn 0.0061 1.0000 -0.0056
vn -0.0059 0.9998 0.0165
vn 0.0051 1.0000 0.0030
vn -0.0087 0.9997 0.0247
vn 0.0083 0.9997 -0.0236
vn 0.0039 1.0000 -0.0034
vn 0.1259 0.9768 -0.1730
vn 0.0208 0.9993 0.0320
vn 0.1841 0.9734 -0.1362
vn 0.1069 0.9942 0.0130
vn -0.0026 0.9999 -0.0112
vn 0.0015 1.0000 -0.0088
vn -0.0000 1.0000 -0.0094
vn 0.0057 1.0000 -0.0060
vn 0.0305 0.9990 -0.0324
vn -0.0063 1.0000 -0.0006
vn -0.0066 1.0000 0.0023
vn -0.0006 1.0000 -0.0088
vn 0.0043 0.9979 0.0652
vn -0.0220 0.9995 0.0231
vn -0.0281 0.9993 -0.0263
vn -0.0031 0.9997 0.0257
vn 0.0155 0.9998 -0.0087
vn -0.0210 0.9994 0.0265
vn 0.0184 0.9996 -0.0232
vn 0.0738 0.9953 -0.0633
vn 0.0049 1.0000 0.0082
vn -0.0429 0.9987 0.0271
vn 0.0134 0.9999 -0.0084
vn 0.1666 0.9856 0.0278
vn 0.0371 0.9967 -0.0718
vn 0.0221 0.9903 -0.1373
vn 0.0221 0.9903 -0.1373
vn 0.1799 0.9813 0.0686
vn -0.2071 0.9751 -0.0789
vn 0.3535 0.9352 -0.0208
vn -0.4540 0.8811 0.1325
vn -0.0010 1.0000 0.0050
vn 0.0007 1.0000 0.0049
vn 0.0223 0.9997 0.0072
vn 0.0077 0.9999 0.0118
vn -0.0236 0.9996 0.0148
vn 0.0000 1.0000 0.0000
vn -0.0056 1.0000 0.0015
vn -0.1102 0.9921 -0.0603
vn 0.0616 0.9967 -0.0529
vn 0.0006 1.0000 0.0027
vn 0.0013 1.0000 0.0021
vn -0.0553 0.9935 0.0992
vn 0.0594 0.9943 -0.0881
vn 0.0099 0.9994 0.0328
vn 0.0157 0.9999 0.0026
vn 0.0155 0.9999 -0.0032
vn 0.0177 0.9998 0.0054
vn 0.0151 0.9999 0.0080
vn 0.0211 0.9997 0.0122
vn 0.0723 0.9973 0.0136
vn -0.2442 0.9696 0.0144
vn -0.4764 0.0196 0.8790
vn -0.4789 0.0103 0.8778
vn -0.9811 0.0681 0.1811
vn -0.6047 0.0186 0.7963
vn -0.6290 0.0069 0.7774
vn -0.7924 0.0193 0.6097
vn -0.8659 -0.0206 0.4998
vn -0.9341 0.0220 0.3563
vn -0.9974 -0.0020 0.0726
vn -0.8789 0.1029 -0.4658
vn -0.9656 0.0098 -0.2598
vn -0.9873 -0.0023 -0.1588
vn -0.9748 -0.0102 -0.2227
vn -0.9474 0.1017 -0.3034
vn -0.9532 0.0776 -0.2922
vn -0.9561 0.0786 -0.2825
vn -0.9470 0.0000 -0.3214
vn -0.9207 -0.0000 -0.3903
vn -0.9251 0.0099 -0.3797
vn -0.8624 -0.0006 0.5063
vn -0.8615 0.0000 0.5078
vn -0.8299 0.0000 0.5579
vn -0.8271 0.0015 0.5621
vn -0.8271 0.0006 0.5621
vn -0.8452 0.0061 0.5345
vn -0.8405 0.0042 0.5419
vn -0.8615 -0.0004 0.5078
vn -0.8957 -0.0006 0.4446
vn -0.8844 0.0000 0.4668
vn -0.8836 0.0006 0.4683
vn -0.8836 0.0004 0.4683
vn -0.8986 0.0057 0.4387
vn -0.9116 0.0121 0.4109
vn -0.9117 0.0000 0.4110
vn -0.9123 -0.0005 0.4096
vn -0.9490 -0.0001 0.3154
vn -0.9310 0.0002 0.3649
vn -0.9307 0.0005 0.3657
vn -0.9307 0.0002 0.3657
vn -0.9397 0.0046 0.3418
vn -0.9491 0.0000 0.3151
vn -0.9563 0.0000 0.2924
vn -0.9719 -0.0153 0.2348
vn -0.9885 -0.0167 0.1501
vn -0.9988 -0.0050 0.0492
vn -0.9955 0.0000 0.0946
vn -1.0000 0.0000 0.0084
vn -0.9999 0.0012 0.0134
vn -0.9971 0.0014 -0.0761
vn -0.9992 -0.0038 -0.0410
vn -0.9912 -0.0126 -0.1317
vn -0.9775 -0.0126 -0.2105
vn -0.9824 -0.0006 -0.1867
vn -0.2428 0.0319 -0.9696
vn -0.2492 0.0049 -0.9684
vn -0.2396 -0.0099 -0.9708
vn -0.2504 -0.0000 -0.9681
vn -0.2504 -0.0000 -0.9681
vn -0.2457 -0.2109 -0.9461
vn -0.0135 0.1991 -0.9799
vn -0.2504 0.0000 -0.9681
vn -0.2504 -0.0000 -0.9681
vn -0.2740 -0.0103 -0.9617
vn -0.3417 -0.0966 -0.9348
vn -0.1502 -0.0839 -0.9851
vn -0.1399 -0.0543 -0.9887
vn -0.0615 -0.0207 -0.9979
vn -0.1118 0.0068 -0.9937
vn -0.5177 0.3044 -0.7996
vn -0.2319 -0.0194 -0.9725
vn -0.2517 0.0058 -0.9678
vn -0.1473 0.0121 -0.9890
vn -0.1883 -0.0956 -0.9775
vn -0.1329 -0.0529 -0.9897
vn -0.3398 -0.0597 -0.9386
vn -0.2819 -0.1290 -0.9507
vn -0.2553 -0.1155 -0.9599
vn -0.4628 0.1226 -0.8779
vn -0.1370 -0.0587 -0.9888
vn -0.3079 0.1200 -0.9438
vn -0.1043 -0.0880 -0.9906
vn -0.4277 -0.0004 -0.9039
vn -0.2909 0.0240 -0.9564
vn -0.0789 -0.0978 -0.9921
vn 0.0478 0.0052 -0.9988
vn 0.1035 0.0380 -0.9939
vn 0.4740 -0.0102 -0.8804
vn 0.7949 0.0097 -0.6067
vn 0.7778 -0.0044 -0.6285
vn 0.5261 0.0166 -0.8502
vn 0.9171 0.0099 0.3986
vn 0.9170 0.0098 0.3987
vn 0.9437 0.0042 0.3307
vn 0.9431 0.0000 0.3325
vn 0.9711 0.0000 0.2385
vn 0.9713 0.0019 0.2377
vn 0.9895 0.0148 0.1440
vn 0.9887 0.0000 0.1499
vn 0.9988 0.0000 0.0483
vn 0.9988 0.0000 0.0483
vn 0.9989 0.0000 -0.0479
vn 0.9989 0.0000 -0.0479
vn 0.9896 0.0000 -0.1436
vn 0.9891 0.0085 -0.1471
vn 0.9712 0.0062 -0.2380
vn 0.9694 0.0220 -0.2446
vn 0.9439 -0.0006 -0.3303
vn 0.9437 0.0004 -0.3307
vn 0.9076 0.0182 -0.4194
vn 0.9091 0.0099 -0.4165
vn 0.8178 0.0097 0.5754
vn 0.8187 0.0105 0.5741
vn 0.5606 0.0182 0.8279
vn 0.5325 -0.0013 0.8465
vn 0.1848 0.0188 0.9826
vn 0.1247 -0.0100 0.9921
vn -0.2942 -0.0053 0.9557
vn -0.1941 0.0402 0.9802
vn -0.6370 -0.0004 0.7708
vn -0.6363 0.0000 0.7714
vn -0.9268 0.0000 0.3755
vn -0.9268 0.0000 0.3755
vn -0.9973 -0.0000 -0.0735
vn -0.9973 0.0000 -0.0735
vn -0.8608 -0.0000 -0.5089
vn -0.8608 0.0000 -0.5089
vn -0.5453 -0.0000 -0.8382
vn -0.5453 0.0000 -0.8382
vn -0.2282 -0.0000 -0.9736
vn -0.2282 0.0000 -0.9736
vn 0.1621 0.0000 -0.9868
vn 0.1588 0.0016 -0.9873
vn 0.6348 -0.0016 -0.7727
vn 0.4571 0.0969 -0.8841
vn 0.9512 0.2194 -0.2169
vn 0.9864 -0.0032 0.1646
vn 0.9244 -0.0107 0.3812
vn 0.9310 0.0000 0.3650
vn 0.5453 0.0000 0.8382
vn 0.5453 0.0000 0.8382
vn 0.2281 0.0000 0.9736
vn 0.2281 0.0000 0.9736
vn -0.1648 0.0000 0.9863
vn -0.1639 0.0004 0.9865
vn -0.6296 -0.0062 0.7769
vn -0.7004 -0.0477 0.7122
vn -0.9745 -0.0170 0.2236
vn -0.9766 -0.0223 0.2141
vn -0.9249 -0.0157 -0.3798
vn -0.9268 -0.0131 -0.3754
vn -0.5452 -0.0152 -0.8381
vn -0.5078 -0.0331 -0.8609
vn -0.2280 -0.0318 -0.9731
vn -0.1250 -0.0527 -0.9908
vn 0.1554 -0.0157 -0.9877
vn 0.1197 -0.0037 -0.9928
vn 0.6296 0.0031 -0.7769
vn 0.6889 -0.0340 -0.7240
vn 0.9267 -0.0187 -0.3754
vn 0.9452 -0.0387 -0.3243
vn 0.9971 -0.0182 0.0735
vn 0.9955 -0.0245 0.0910
vn 0.8604 -0.0301 0.5087
vn 0.8602 -0.0303 0.5091
vn 0.5450 -0.0328 0.8378
vn 0.5453 -0.0326 0.8376
vn 0.2280 -0.0314 0.9731
vn 0.1450 -0.0484 0.9883
vn -0.1554 -0.0137 0.9877
vn -0.1921 -0.0268 0.9810
vn 0.0000 -1.0000 0.0000
vn 0.0000 -1.0000 0.0000
vn 0.0000 -1.0000 0.0000
vn 0.0000 -1.0000 0.0000
vn -0.0000 -1.0000 0.0000
vn -0.0001 -1.0000 0.0001
vn -0.0001 -1.0000 0.0001
vn 0.0000 -1.0000 0.0000
vn 0.0000 -1.0000 0.0000
vn 0.0000 -1.0000 0.0000
vn 0.0000 -1.0000 0.0000
vn 0.0000 -1.0000 0.0000
vn 0.0000 -1.0000 0.0000
vn 0.0000 -1.0000 0.0000
vn 0.0000 -1.0000 0.0000
vn 0.0000 -1.0000 0.0000
vn 0.0000 -1.0000 0.0000
vn 0.0000 -1.0000 -0.0000
vn 0.0000 -1.0000 0.0000
vn 0.0000 -1.0000 -0.0000
vn -0.0000 -1.0000 0.0000
vn 0.0000 -1.0000 0.0000
vn 0.0000 -1.0000 0.0000
vn 0.0000 -1.0000 0.0000
vn 0.0000 -1.0000 0.0000
vn 0.0000 -1.0000 0.0000
vn 0.0000 -1.0000 0.0000
vn 0.0000 -1.0000 0.0000
vn 0.0000 -1.0000 -0.0000
vn -0.0000 -1.0000 -0.0000
vn 0.0000 -1.0000 0.0000
vn -0.0000 -1.0000 0.0000
vn 0.0000 -1.0000 0.0000
vn 0.0000 -1.0000 0.0000
vn 0.0000 -1.0000 0.0000
vn 0.0000 -1.0000 0.0000
vn 0.0000 -1.0000 0.0000
vn 0.0000 -1.0000 0.0000
vn 0.0000 -1.0000 0.0000
vn 0.0000 -1.0000 0.0000
vn 0.0000 -1.0000 0.0000
vn 0.0000 -1.0000 0.0000
vn 0.0000 -1.0000 0.0000
vn 0.0000 -1.0000 0.0000
vn 0.0002 -1.0000 0.0003
vn 0.0000 -1.0000 0.0000
vn -0.0000 -1.0000 0.0000
vn -0.0000 -1.0000 -0.0000
vn -0.0000 -1.0000 -0.0000
vn 0.0000 -1.0000 0.0000
vn -0.0000 -1.0000 -0.0000
vn -0.0000 -1.0000 0.0000
vn 0.0000 -1.0000 -0.0000
vn 0.0000 -1.0000 -0.0000
vn -0.0000 -1.0000 -0.0000
vn 0.0000 -1.0000 -0.0000
vn -0.0000 -1.0000 0.0000
vn -0.0000 -1.0000 0.0000
vn -0.0000 -1.0000 -0.0000
vn 0.0000 -1.0000 0.0000
vn 0.0000 -1.0000 0.0000
vn -1.0000 0.0000 -0.0000
vn -1.0000 0.0000 0.0000
vn -1.0000 0.0000 0.0000
vn -1.0000 0.0000 0.0000
vn -1.0000 0.0000 0.0000
vn -1.0000 0.0000 0.0000
vn -1.0000 -0.0000 -0.0000
vn -1.0000 0.0000 -0.0000
vn -1.0000 0.0000 0.0000
vn -1.0000 0.0000 0.0000
vn -1.0000 0.0000 0.0000
vn -1.0000 -0.0000 -0.0000
vn -1.0000 0.0000 -0.0000
vn -1.0000 -0.0000 0.0000
vn -1.0000 0.0000 0.0000
vn -1.0000 0.0000 0.0000
vn -1.0000 0.0000 0.0000
vn -1.0000 0.0000 -0.0000
vn -1.0000 0.0000 0.0000
vn -1.0000 0.0000 0.0000
vn -1.0000 0.0000 0.0000
vn -1.0000 0.0000 0.0000
vn -1.0000 0.0000 0.0000
vn -1.0000 0.0000 0.0000
vn -1.0000 0.0000 -0.0000
vn -1.0000 -0.0000 0.0000
vn -1.0000 0.0000 0.0000
vn 0.0000 1.0000 0.0000
vn 0.0000 1.0000 0.0000
vn 0.0000 1.0000 0.0000
vn 0.0000 1.0000 0.0000
vn -0.0000 1.0000 -0.0000
vn 0.0000 1.0000 -0.0000
vn 0.0000 1.0000 0.0000
vn 0.0000 1.0000 0.0000
vn -0.0000 1.0000 0.0000
vn 0.0000 1.0000 -0.0000
vn 0.0000 1.0000 0.0000
vn 0.0000 1.0000 0.0000
vn 0.0000 1.0000 0.0000
vn 0.0000 1.0000 -0.0000
vn 0.0000 -0.0934 0.9956
vn 0.0000 -0.0934 0.9956
vn -0.0000 0.3731 0.9278
vn -0.0095 0.3955 0.9184
vn 0.0094 0.8617 0.5073
vn 0.0000 0.8738 0.4862
vn 0.0000 -0.1653 0.9863
vn -0.0013 -0.1645 0.9864
vn -0.0000 -0.1645 -0.9864
vn 0.0000 -0.1645 -0.9864
vn 0.0000 0.8176 -0.5758
vn -0.0153 0.7962 -0.6049
vn 0.0128 0.2472 -0.9689
vn 0.0000 0.2150 -0.9766
vn 0.0000 0.9980 -0.0633
vn 0.0000 0.9980 -0.0633
vn 0.0000 0.9983 0.0582
vn 0.0000 0.9983 0.0582
vn 0.0045 0.9881 -0.1535
vn 0.0000 0.9858 -0.1679
vn 0.0000 0.6281 -0.7781
vn 0.0000 0.6281 -0.7781
vn 0.0000 0.0611 -0.9981
vn 0.0000 0.0611 -0.9981
vn -0.0000 -0.5253 -0.8509
vn 0.0000 -0.5253 -0.8509
vn -0.0000 -0.8578 -0.5140
vn 0.0000 -0.8578 -0.5140
vn 0.0000 -0.9998 0.0207
vn 0.0095 -0.9998 -0.0155
vn -0.0115 -0.8483 0.5293
vn 0.0000 -0.8627 0.5057
vn 0.0000 -0.3474 0.9377
vn 0.0000 -0.3474 0.9377
vn 0.0000 0.1068 0.9943
vn 0.0000 0.1068 0.9943
vn 0.0000 0.5253 0.8509
vn 0.0000 0.5253 0.8509
vn 0.0000 0.9002 0.4355
vn -0.0044 0.9059 0.4235
vn 0.0000 0.9198 -0.3923
vn -0.0043 0.9152 -0.4030
vn 0.0045 0.4913 -0.8710
vn 0.0000 0.4803 -0.8771
vn -0.0000 -0.1068 -0.9943
vn 0.0000 -0.1068 -0.9943
vn -0.0000 -0.5253 -0.8509
vn 0.0000 -0.5253 -0.8509
vn -0.0000 -0.9002 -0.4355
vn -0.0044 -0.9059 -0.4235
vn 0.0045 -0.9881 0.1535
vn 0.0000 -0.9858 0.1679
vn 0.0000 -0.6281 0.7781
vn 0.0000 -0.6281 0.7781
vn 0.0000 -0.0611 0.9981
vn 0.0000 -0.0611 0.9981
vn 0.0000 0.6575 0.7534
vn -0.0074 0.6729 0.7397
vn 0.0055 0.9474 0.3201
vn 0.0000 0.9541 0.2994
vn 0.0025 0.9871 -0.1598
vn 0.0000 0.9858 -0.1679
vn 0.0000 0.7465 -0.6654
vn 0.0000 0.7465 -0.6654
vn 0.0000 0.3474 -0.9377
vn 0.0000 0.3474 -0.9377
vn -0.0000 -0.1068 -0.9943
vn 0.0000 -0.1068 -0.9943
vn -0.0000 -0.6575 -0.7534
vn -0.0074 -0.6729 -0.7397
vn 0.0055 -0.9474 -0.3201
vn 0.0000 -0.9541 -0.2994
vn 0.0000 -0.9705 0.2412
vn 0.0000 -0.9705 0.2412
vn 0.0000 -0.7465 0.6654
vn 0.0000 -0.7465 0.6654
vn 0.0000 -0.3474 0.9377
vn 0.0000 -0.3474 0.9377
vn 0.0000 0.1068 0.9943
vn 0.0000 0.1068 0.9943
vn 0.0000 0.5253 0.8509
vn 0.0000 0.5253 0.8509
vn 0.0000 0.9029 0.4299
vn -0.0024 0.9059 0.4235
vn -0.0000 0.9200 0.3920
vn 0.0000 0.9200 0.3920
vn -0.0000 0.4920 0.8706
vn 0.0000 0.4920 0.8706
vn 0.0000 -0.1076 0.9942
vn 0.0000 -0.1076 0.9942
vn 0.0000 -0.5262 0.8503
vn 0.0000 -0.5262 0.8503
vn 0.0000 -0.9002 0.4356
vn -0.0022 -0.8973 0.4414
vn 0.0021 -0.9882 -0.1530
vn 0.0000 -0.9892 -0.1469
vn 0.0000 -0.7470 -0.6648
vn 0.0000 -0.7470 -0.6648
vn 0.0000 -0.2148 -0.9767
vn 0.0058 -0.1994 -0.9799
vn -0.0057 0.4020 -0.9156
vn 0.0000 0.4177 -0.9086
vn 0.0000 0.8578 -0.5140
vn 0.0000 0.8578 -0.5140
vn 0.0000 0.9893 -0.1458
vn 0.0000 0.9893 -0.1458
vn 0.0123 0.9891 0.1468
vn -0.0409 0.8428 0.5367
vn 0.0000 0.7470 0.6648
vn -0.0000 0.3481 0.9374
vn 0.0000 0.3481 0.9374
vn 0.0000 -0.2599 0.9656
vn 0.0000 -0.2599 0.9656
vn 0.0000 -0.8256 0.5643
vn -0.0403 -0.7703 0.6364
vn 0.0136 -0.9995 -0.0296
vn -0.0115 -0.9882 -0.1530
vn 0.0598 -0.7457 -0.6636
vn 0.0000 -0.8435 -0.5371
vn 0.0000 -0.3481 -0.9374
vn 0.0000 -0.3481 -0.9374
vn 0.0000 0.2599 -0.9656
vn 0.0000 0.2599 -0.9656
vn 0.0000 0.7709 -0.6370
vn 0.0314 0.8212 -0.5698
vn -0.0124 0.9995 0.0296
vn -0.0021 0.9882 0.1530
vn 0.0000 0.9872 0.1594
vn -0.0000 0.7470 0.6648
vn 0.0000 0.7470 0.6648
vn -0.0000 0.3481 0.9374
vn 0.0000 0.3481 0.9374
vn 0.0000 -0.1076 0.9942
vn 0.0000 -0.1076 0.9942
vn 0.0000 -0.5262 0.8503
vn 0.0000 -0.5262 0.8503
vn 0.0000 -0.8578 0.5140
vn 0.0000 -0.8578 0.5140
vn 0.0000 -0.9893 0.1458
vn 0.0000 -0.9893 0.1458
vn 0.0000 -0.9706 -0.2408
vn 0.0000 -0.9706 -0.2408
vn 0.0000 -0.7470 -0.6648
vn 0.0000 -0.7470 -0.6648
vn 0.0000 -0.3481 -0.9374
vn 0.0000 -0.3481 -0.9374
vn 0.0000 0.1076 -0.9942
vn 0.0000 0.1076 -0.9942
vn 0.0000 0.5262 -0.8503
vn 0.0000 0.5262 -0.8503
vn 0.0000 0.9002 -0.4356
vn 0.0021 0.9028 -0.4300
vn -0.0090 -0.0079 0.9999
vn -0.0067 0.0000 1.0000
vn -0.0088 0.0098 -0.9999
vn -0.0060 0.0000 -1.0000
vn -0.0039 0.2414 -0.9704
vn -0.0068 0.2835 -0.9589
vn -0.0019 0.6606 -0.7507
vn -0.0023 0.6659 -0.7460
vn 0.0054 0.9452 -0.3264
vn -0.0230 0.8052 -0.5925
vn -0.0011 0.9549 -0.2971
vn 0.0000 0.9375 -0.3480
vn -0.0079 0.9268 -0.3754
vn 0.0119 0.4575 -0.8892
vn 0.0000 0.4263 -0.9046
vn 1.0000 0.0000 0.0000
vn 1.0000 0.0000 0.0000
vn 1.0000 0.0000 -0.0000
vn 1.0000 0.0000 0.0000
vn 1.0000 0.0000 -0.0000
vn 1.0000 0.0000 -0.0000
vn 1.0000 0.0000 0.0000
vn 1.0000 0.0000 0.0000
vn 1.0000 0.0000 -0.0000
vn 1.0000 0.0000 0.0000
vn 1.0000 -0.0000 0.0000
vn 1.0000 0.0000 0.0000
vn -0.0000 0.9343 0.3564
vn -0.0046 0.9402 0.3407
vn 0.0063 0.4492 0.8934
vn 0.0033 0.4564 0.8898
vn 0.0017 0.8522 0.5233
vn -0.0079 0.9691 0.2467
vn -0.0022 0.9480 0.3182
vn -0.0021 0.6659 0.7460
vn -0.0007 0.6482 0.7615
vn -0.0054 0.2414 0.9704
vn -0.0086 0.2915 0.9565
vn 0.9247 0.0000 0.3808
vn 0.9198 -0.0034 0.3924
vn 0.5086 0.0032 0.8610
vn 0.4986 0.0000 0.8668
vn 0.0614 0.0000 0.9981
vn 0.0614 0.0000 0.9981
vn -0.0000 0.0000 1.0000
vn 0.0000 0.0000 1.0000
vn -0.2414 0.0000 0.9704
vn -0.2414 0.0000 0.9704
vn -0.6666 0.0000 0.7454
vn -0.6666 0.0000 0.7454
vn -0.9553 0.0000 0.2958
vn -0.9564 -0.0009 0.2920
vn -0.9999 -0.0111 0.0076
vn -0.9998 -0.0000 0.0209
vn -0.9994 0.0000 -0.0356
vn -0.9994 0.0002 -0.0354
vn -0.8938 0.0186 -0.4481
vn -0.8576 0.0000 -0.5142
vn -0.4143 -0.0000 -0.9101
vn -0.4143 0.0000 -0.9101
vn -0.0894 -0.0000 -0.9960
vn -0.0894 0.0000 -0.9960
vn -0.0000 -0.0000 -1.0000
vn 0.0000 0.0000 -1.0000
vn 0.3808 0.0000 -0.9247
vn 0.3924 -0.0034 -0.9198
vn 0.8800 0.0036 -0.4750
vn 0.8844 0.0008 -0.4667
vn 1.0000 -0.0001 -0.0009
vn 1.0000 0.0000 -0.0009
vn -0.5617 -0.4887 -0.6676
vn -0.3078 0.3099 -0.8995
vn -0.4917 0.4261 -0.7594
vn -0.1381 0.6616 -0.7370
vn -0.2980 0.8867 -0.3536
vn -0.3407 0.3592 -0.8688
vn -0.8009 0.1832 -0.5701
vn -0.8229 0.2246 -0.5219
vn 0.0000 0.6561 0.7547
vn -0.0036 0.6933 0.7206
vn -0.0074 0.2627 0.9648
vn -0.0065 0.2496 0.9683
vn -1.0000 0.0000 -0.0000
vn -1.0000 0.0000 0.0000
vn -1.0000 0.0000 0.0000
vn -1.0000 0.0000 0.0000
vn -1.0000 0.0000 -0.0000
vn -1.0000 0.0000 0.0000
vn -1.0000 0.0000 0.0000
vn -1.0000 0.0000 0.0000
vn -1.0000 0.0000 -0.0000
vn -1.0000 0.0000 -0.0000
vn -1.0000 0.0000 -0.0000
vn -1.0000 0.0000 0.0000
vn -1.0000 0.0000 0.0000
vn -1.0000 0.0000 -0.0000
vn -1.0000 0.0000 -0.0000
vn -1.0000 0.0000 0.0000
vn -1.0000 0.0000 -0.0000
vn -1.0000 0.0000 0.0000
vn -1.0000 0.0000 0.0000
vn -1.0000 0.0000 -0.0000
vn -1.0000 0.0000 0.0000
vn -1.0000 0.0000 -0.0000
vn -1.0000 0.0000 -0.0000
vn -1.0000 0.0000 0.0000
vn -1.0000 0.0000 0.0000
vn -1.0000 0.0000 0.0000
vn -1.0000 0.0000 -0.0000
vn -1.0000 0.0000 -0.0000
vn -1.0000 0.0000 -0.0000
vn -1.0000 0.0000 -0.0000
vn -1.0000 0.0000 -0.0000
vn -1.0000 0.0000 -0.0000
vn -1.0000 0.0000 -0.0000
vn -1.0000 0.0000 -0.0000
vn -1.0000 0.0000 0.0000
vn -1.0000 0.0000 -0.0000
vn -1.0000 0.0000 0.0000
vn -1.0000 0.0000 0.0000
vn -1.0000 0.0000 -0.0000
vn -1.0000 0.0000 -0.0000
vn -1.0000 0.0000 0.0000
vn -1.0000 0.0000 -0.0000
vn -1.0000 0.0000 -0.0000
vn -1.0000 0.0000 -0.0000
vn -1.0000 0.0000 0.0000
vn -1.0000 0.0000 0.0000
vn -1.0000 0.0000 0.0000
vn -1.0000 0.0000 -0.0000
vn -1.0000 0.0000 -0.0000
vn -1.0000 0.0000 -0.0000
vn -1.0000 0.0000 0.0000
vn -1.0000 0.0000 -0.0000
vn -1.0000 0.0000 -0.0000
vn -1.0000 0.0000 0.0000
vn -1.0000 0.0000 -0.0000
vn -1.0000 0.0000 0.0000
vn -1.0000 0.0000 0.0000
vn -1.0000 0.0000 -0.0000
vn -1.0000 0.0000 0.0000
vn -1.0000 0.0000 -0.0000
vn -1.0000 0.0000 0.0000
vn -1.0000 0.0000 -0.0000
vn -1.0000 0.0000 -0.0000
vn -1.0000 0.0000 -0.0000
vn -1.0000 0.0000 -0.0000
vn -1.0000 0.0000 -0.0000
vn -1.0000 0.0000 0.0000
vn -1.0000 0.0000 0.0000
vn -1.0000 0.0000 -0.0000
vn -1.0000 0.0000 0.0000
vn -1.0000 0.0000 -0.0000
vn -1.0000 0.0000 -0.0000
vn -1.0000 0.0000 0.0000
vn -1.0000 0.0000 0.0000
vn -1.0000 0.0000 0.0000
vn -1.0000 0.0000 -0.0000
vn -1.0000 0.0000 -0.0000
vn -1.0000 0.0000 0.0000
vn -1.0000 0.0000 0.0000
vn -1.0000 0.0000 0.0000
vn -1.0000 0.0000 -0.0000
vn -1.0000 0.0000 -0.0000
vn -1.0000 0.0000 -0.0000
vn -1.0000 0.0000 -0.0000
vn -1.0000 0.0000 0.0000
vn -1.0000 0.0000 -0.0000
vn -1.0000 0.0000 -0.0000
vn -1.0000 0.0000 -0.0000
vn -1.0000 0.0000 -0.0000
vn -1.0000 0.0000 0.0000
vn -1.0000 0.0000 -0.0000
vn -1.0000 0.0000 -0.0000
vn -1.0000 0.0000 -0.0000
vn -1.0000 0.0000 -0.0000
vn -1.0000 0.0000 0.0000
vn -1.0000 0.0000 0.0000
vn -1.0000 0.0000 -0.0000
vn -1.0000 0.0000 -0.0000
vn -1.0000 0.0000 -0.0000
vn -1.0000 0.0000 -0.0000
vn -1.0000 0.0000 -0.0000
vn -1.0000 0.0000 0.0000
vn -1.0000 0.0000 0.0000
vn -1.0000 0.0000 -0.0000
vn -1.0000 0.0000 -0.0000
vn -1.0000 0.0000 -0.0000
vn -1.0000 0.0000 0.0000
vn -1.0000 0.0000 -0.0000
vn -1.0000 0.0000 0.0000
vn -1.0000 0.0000 0.0000
vn -1.0000 0.0000 -0.0000
vn -1.0000 0.0000 0.0000
vn -1.0000 0.0000 0.0000
vn -1.0000 0.0000 0.0000
vn -1.0000 0.0000 0.0000
vn -1.0000 0.0000 -0.0000
vn -1.0000 0.0000 -0.0000
vn -1.0000 0.0000 -0.0000
vn -1.0000 0.0000 0.0000
vn -1.0000 0.0000 0.0000
vn -1.0000 0.0000 -0.0000
vn -1.0000 0.0000 0.0000
vn -1.0000 0.0000 -0.0000
vn -1.0000 0.0000 0.0000
vn -1.0000 0.0000 0.0000
vn -1.0000 0.0000 -0.0000
vn -1.0000 0.0000 -0.0000
vn -1.0000 0.0000 0.0000
vn -1.0000 0.0000 0.0000
vn -1.0000 0.0000 0.0000
vn -1.0000 0.0000 -0.0000
vn -1.0000 0.0000 0.0000
vn -1.0000 0.0000 0.0000
vn -1.0000 0.0000 0.0000
vn -1.0000 0.0000 0.0000
vn -1.0000 0.0000 0.0000
vn -1.0000 0.0000 0.0000
vn -1.0000 0.0000 0.0000
vn -1.0000 0.0000 -0.0000
vn -1.0000 0.0000 0.0000
vn -1.0000 0.0000 0.0000
vn -1.0000 0.0000 0.0000
vn -1.0000 0.0000 0.0000
vn -1.0000 0.0000 -0.0000
vn -1.0000 0.0000 -0.0000
vn -1.0000 0.0000 0.0000
vn -1.0000 0.0000 0.0000
vn -1.0000 0.0000 0.0000
vn -1.0000 0.0000 0.0000
vn -1.0000 0.0000 0.0000
vn -1.0000 0.0000 0.0000
vn -1.0000 0.0000 0.0000
vn -1.0000 0.0000 0.0000
vn -1.0000 0.0000 0.0000
vn -1.0000 0.0000 0.0000
vn -1.0000 0.0000 0.0000
vn -1.0000 0.0000 0.0000
vn -1.0000 0.0000 0.0000
vn -1.0000 0.0000 -0.0000
vn -1.0000 0.0000 -0.0000
vn -1.0000 0.0000 0.0000
vn -1.0000 0.0000 0.0000
vn -1.0000 0.0000 0.0000
vn -1.0000 0.0000 0.0000
vn -1.0000 0.0000 0.0000
vn -1.0000 0.0000 0.0000
vn -1.0000 0.0000 0.0000
vn -1.0000 0.0000 0.0000
vn -1.0000 0.0000 0.0000
vn -1.0000 0.0000 -0.0000
vn -1.0000 0.0000 -0.0000
vn -0.0086 0.2345 -0.9721
vn -0.0054 0.2747 -0.9615
vn -0.0002 0.6550 -0.7556
vn -0.0058 0.7120 -0.7021
vn -0.5113 -0.5643 0.6482
vn -0.8064 0.2212 0.5484
vn -0.8537 0.1468 0.4996
vn -0.3016 0.2895 0.9084
vn -0.3494 0.3573 0.8662
vn -0.3225 0.8622 0.3907
vn -0.4928 0.4388 0.7514
vn -0.1209 0.6792 0.7239
vn 1.0000 -0.0000 0.0000
vn 1.0000 0.0000 0.0000
vn 1.0000 -0.0000 0.0000
vn 1.0000 0.0000 0.0000
vn 1.0000 -0.0000 0.0000
vn 1.0000 0.0000 -0.0000
vn 1.0000 -0.0000 0.0000
vn 1.0000 0.0000 -0.0000
vn 1.0000 -0.0000 0.0000
vn 1.0000 0.0000 -0.0000
vn 1.0000 0.0000 0.0000
vn 1.0000 0.0000 -0.0000
vn 1.0000 0.0000 0.0000
vn 1.0000 0.0000 -0.0000
vn 1.0000 0.0000 0.0000
vn 1.0000 0.0000 0.0000
vn 1.0000 0.0000 0.0000
vn 1.0000 0.0000 0.0000
vn 1.0000 0.0000 0.0000
vn 1.0000 0.0000 0.0000
vn 1.0000 0.0000 0.0000
vn 1.0000 0.0000 0.0000
vn 1.0000 0.0000 0.0000
vn 1.0000 -0.0000 0.0000
vn 1.0000 0.0000 0.0000
vn 1.0000 0.0000 0.0000
vn 1.0000 -0.0000 0.0000
vn 1.0000 0.0000 0.0000
vn 1.0000 -0.0000 -0.0000
vn 1.0000 -0.0000 0.0000
vn 1.0000 0.0000 -0.0000
vn 1.0000 -0.0000 0.0000
vn 1.0000 0.0000 -0.0000
vn 1.0000 0.0000 0.0000
vn 1.0000 0.0000 -0.0000
vn 1.0000 0.0000 -0.0000
vn 1.0000 0.0000 0.0000
vn 1.0000 0.0000 0.0000
vn 1.0000 0.0000 0.0000
vn 1.0000 0.0000 0.0000
vn 1.0000 0.0000 0.0000
vn 1.0000 0.0000 0.0000
vn 1.0000 0.0000 0.0000
vn 1.0000 0.0000 0.0000
vn 1.0000 0.0000 0.0000
vn 1.0000 0.0000 0.0000
vn 1.0000 -0.0000 0.0000
vn 1.0000 0.0000 0.0000
vn 1.0000 0.0000 0.0000
vn 1.0000 0.0000 0.0000
vn 1.0000 0.0000 0.0000
vn 1.0000 0.0000 0.0000
vn 1.0000 0.0000 0.0000
vn 1.0000 0.0000 0.0000
vn 1.0000 -0.0000 0.0000
vn 1.0000 0.0000 0.0000
vn 1.0000 -0.0000 0.0000
vn 1.0000 0.0000 0.0000
vn 1.0000 -0.0000 0.0000
vn 1.0000 0.0000 0.0000
vn 1.0000 -0.0000 0.0000
vn 1.0000 -0.0000 0.0000
vn 1.0000 0.0000 -0.0000
vn 1.0000 -0.0000 0.0000
vn 1.0000 0.0000 -0.0000
vn 1.0000 -0.0000 0.0000
vn 1.0000 0.0000 -0.0000
vn 1.0000 0.0000 0.0000
vn 1.0000 0.0000 -0.0000
vn 1.0000 0.0000 -0.0000
vn 1.0000 0.0000 0.0000
vn 1.0000 0.0000 -0.0000
vn 1.0000 0.0000 0.0000
vn 1.0000 0.0000 0.0000
vn 1.0000 0.0000 0.0000
vn -0.4461 0.5590 0.6989
vn -0.1687 0.9474 0.2719
vn -0.6775 -0.3415 0.6514
vn -0.9291 0.0607 0.3648
vn -0.2149 0.7927 0.5705
vn -0.4392 0.0925 0.8936
vn -0.8001 0.0896 0.5932
vn -0.4160 0.0741 0.9063
vn -0.2034 0.5484 0.8111
vn -0.1693 0.7613 0.6259
vn -0.5061 0.6365 0.5820
vn -0.4815 0.5121 0.7113
vn -0.7614 0.2657 0.5913
vn -0.8326 0.2560 0.4912
vn -0.8767 -0.0106 0.4809
vn -0.4411 0.0090 0.8974
vn -0.6119 0.0558 0.7890
vn -0.8033 0.0015 0.5956
vn -0.8374 -0.0000 -0.5466
vn -0.8363 0.0003 -0.5483
vn -0.2050 0.0001 -0.9788
vn -0.2032 0.0004 -0.9791
vn -0.2164 0.0000 0.9763
vn -0.2164 0.0000 0.9763
vn -0.7808 -0.0021 0.6248
vn -0.7865 0.0000 0.6176
vn 0.5052 0.7144 -0.4842
vn 0.5956 0.6971 -0.3991
vn 0.6628 0.7277 -0.1766
vn 0.6872 0.7134 -0.1371
vn 0.2644 0.6448 -0.7171
vn 0.3803 0.7289 -0.5693
vn 0.1398 0.6985 -0.7018
vn -0.1352 0.7222 -0.6783
vn -0.0343 0.6761 -0.7360
vn -0.3932 0.7063 -0.5886
vn -0.4468 0.7323 -0.5139
vn -0.5912 0.7026 -0.3961
vn -0.7002 0.7002 -0.1397
vn -0.6605 0.7211 -0.2092
vn -0.5052 0.7144 0.4842
vn -0.5956 0.6971 0.3991
vn -0.6520 0.7247 0.2228
vn -0.7002 0.7002 0.1397
vn -0.2956 0.6574 0.6931
vn -0.3878 0.7159 0.5805
vn -0.1400 0.6975 0.7027
vn -0.0365 0.7177 0.6954
vn 0.1399 0.6982 0.7021
vn 0.3786 0.7317 0.5668
vn 0.3675 0.7243 0.5834
vn 0.5932 0.7001 0.3975
vn 0.7021 0.6981 0.1401
vn 0.6424 0.7232 0.2534
vn -0.4135 0.7204 0.5568
vn -0.5956 0.6971 0.3991
vn -0.6628 0.7277 0.1766
vn -0.6872 0.7134 0.1371
vn -0.3912 0.7099 0.5856
vn -0.1387 0.7045 0.6960
vn -0.0803 0.7191 0.6903
vn 0.1399 0.6982 0.7021
vn 0.3786 0.7317 0.5668
vn 0.3865 0.7368 0.5547
vn 0.5912 0.7026 0.3961
vn 0.7002 0.7002 0.1397
vn 0.6605 0.7211 0.2092
vn 0.5907 0.7032 -0.3957
vn 0.6308 0.7326 -0.2556
vn 0.7002 0.7002 -0.1397
vn 0.3508 0.7094 -0.6113
vn 0.3803 0.7289 -0.5693
vn 0.1398 0.6985 -0.7018
vn -0.1352 0.7222 -0.6783
vn -0.0343 0.6761 -0.7360
vn -0.3932 0.7063 -0.5886
vn -0.4287 0.7241 -0.5403
vn -0.5932 0.7001 -0.3975
vn -0.7021 0.6981 -0.1401
vn -0.6424 0.7232 -0.2534
vn -0.4312 0.7595 0.4871
vn -0.6372 0.7190 0.2776
vn -0.6628 0.7277 0.1766
vn -0.6872 0.7134 0.1371
vn -0.3037 0.7082 0.6374
vn -0.1309 0.7091 0.6929
vn -0.1373 0.7114 0.6892
vn 0.1392 0.7020 0.6985
vn 0.3710 0.7442 0.5554
vn 0.3617 0.7375 0.5703
vn 0.5912 0.7026 0.3961
vn 0.7002 0.7002 0.1397
vn 0.6605 0.7211 0.2092
vn 0.5907 0.7032 -0.3957
vn 0.6308 0.7326 -0.2556
vn 0.7002 0.7002 -0.1397
vn 0.4320 0.7155 -0.5490
vn 0.3967 0.7001 -0.5938
vn 0.1534 0.7015 -0.6959
vn 0.1400 0.6975 -0.7027
vn -0.1386 0.7047 -0.6958
vn -0.0958 0.6885 -0.7189
vn -0.3932 0.7063 -0.5886
vn -0.4287 0.7241 -0.5403
vn -0.5932 0.7001 -0.3975
vn -0.7021 0.6981 -0.1401
vn -0.6424 0.7232 -0.2534
vn 0.5052 0.7144 -0.4842
vn 0.5956 0.6971 -0.3991
vn 0.6628 0.7277 -0.1766
vn 0.6872 0.7134 -0.1371
vn 0.2644 0.6448 -0.7171
vn 0.3803 0.7289 -0.5693
vn 0.1398 0.6985 -0.7018
vn -0.1352 0.7222 -0.6783
vn -0.0343 0.6761 -0.7360
vn -0.3932 0.7063 -0.5886
vn -0.4468 0.7323 -0.5139
vn -0.5912 0.7026 -0.3961
vn -0.7002 0.7002 -0.1397
vn -0.6605 0.7211 -0.2092
vn -0.4609 0.7186 0.5208
vn -0.5956 0.6971 0.3991
vn -0.6520 0.7247 0.2228
vn -0.7002 0.7002 0.1397
vn -0.3983 0.6971 0.5962
vn -0.1886 0.7114 0.6770
vn -0.1400 0.6975 0.7027
vn 0.1386 0.7047 0.6958
vn 0.0958 0.6885 0.7189
vn 0.3932 0.7063 0.5886
vn 0.4287 0.7241 0.5403
vn 0.5932 0.7001 0.3975
vn 0.7021 0.6981 0.1401
vn 0.6424 0.7232 0.2534
vn -0.3971 -0.0088 -0.9177
vn -0.6368 0.0471 -0.7696
vn -0.8316 -0.0098 -0.5553
vn -0.1958 0.5615 -0.8040
vn -0.1921 0.7569 -0.6247
vn -0.2312 0.9133 -0.3353
vn -0.8804 0.1069 -0.4620
vn -0.8890 0.0182 -0.4575
vn -0.7009 -0.2580 -0.6650
vn -0.5064 0.6384 -0.5797
vn -0.1761 0.7448 -0.6436
vn -0.9127 0.1869 -0.3634
vn -0.7574 0.2724 -0.5934
vn -0.4664 0.5643 -0.6812
vn -0.4970 0.5826 -0.6430
vn -0.4718 0.1253 -0.8728
vn -0.3946 0.0368 -0.9181
vn -0.8270 0.1047 -0.5523
vn 0.0000 1.0000 0.0000
vn -0.0111 0.9995 0.0304
vn 0.0000 1.0000 0.0040
vn 0.0000 1.0000 0.0000
vn 0.0000 1.0000 0.0000
vn 0.0000 1.0000 -0.0000
vn 0.0000 1.0000 0.0000
vn 0.0000 1.0000 0.0000
vn 0.0000 1.0000 0.0000
vn 0.0000 1.0000 -0.0000
vn 0.0000 1.0000 0.0000
vn 0.0000 1.0000 0.0000
vn 0.0000 1.0000 -0.0000
vn 0.0000 1.0000 0.0000
vn 0.0000 1.0000 0.0000
vn 0.0000 1.0000 0.0000
vn 0.0000 1.0000 0.0000
vn -0.0000 1.0000 0.0000
vn -0.0000 1.0000 0.0000
vn 0.0000 1.0000 -0.0000
vn 0.0000 1.0000 0.0000
vn -0.0000 1.0000 0.0000
vn -0.0000 1.0000 0.0000
vn -0.0000 1.0000 0.0000
vn 0.0000 1.0000 0.0000
vn 0.0000 1.0000 0.0000
vn 0.0000 1.0000 -0.0000
vn 0.0000 1.0000 0.0000
vn 0.0000 1.0000 0.0000
vn 0.0000 1.0000 0.0000
vn 0.0000 1.0000 0.0000
vn 0.0000 1.0000 0.0000
vn 0.0000 1.0000 0.0000
vn 0.0000 1.0000 0.0000
vn 0.0000 1.0000 0.0000
vn 0.0000 1.0000 0.0000
vn 0.0000 1.0000 0.0000
vn 0.0000 1.0000 -0.0000
vn 0.0000 1.0000 0.0000
vn 0.0000 1.0000 0.0000
vn 0.0000 1.0000 -0.0000
vn 0.0000 1.0000 0.0000
vn 0.0000 1.0000 0.0000
vn 0.0000 1.0000 -0.0000
vn 0.0000 1.0000 -0.0000
vn 0.0000 1.0000 0.0000
vn 0.0000 1.0000 0.0000
vn 0.0000 1.0000 0.0000
vn 0.0000 1.0000 0.0000
vn 0.0000 1.0000 0.0000
vn 0.0000 1.0000 0.0000
vn 0.0000 1.0000 0.0000
vn 0.0000 1.0000 0.0000
vn 0.0000 1.0000 0.0000
vn 0.0000 1.0000 0.0000
vn 0.0000 1.0000 0.0000
vn -0.0000 1.0000 0.0000
vn 0.0000 1.0000 0.0000
vn 0.0000 1.0000 0.0000
vn 0.0000 1.0000 0.0000
vn 0.0000 1.0000 0.0000
vn 0.0000 1.0000 -0.0000
vn 0.0000 1.0000 -0.0000
vn 0.0000 1.0000 0.0000
vn 0.0000 1.0000 0.0000
vn 0.0000 1.0000 0.0000
vn 0.0000 1.0000 0.0000
vn 0.0000 1.0000 0.0000
vn 0.0000 1.0000 0.0000
vn 0.0000 1.0000 0.0000
vn 0.0000 1.0000 0.0000
vn 0.0000 1.0000 0.0000
vn 0.0000 1.0000 0.0000
vn 0.0000 1.0000 0.0000
vn 0.0000 1.0000 0.0000
vn 0.0000 1.0000 0.0000
vn 0.0000 1.0000 0.0000
vn 0.0000 1.0000 0.0000
vn 0.0000 1.0000 0.0000
vn 0.0000 -1.0000 0.0000
vn -0.0000 1.0000 0.0000
vn 0.0000 1.0000 0.0000
vn -0.0000 1.0000 0.0000
vn 0.0000 1.0000 0.0000
vn 0.0000 1.0000 0.0000
vn 0.0000 1.0000 0.0000
vn 0.0000 1.0000 0.0000
vn 0.0000 1.0000 0.0000
vn 0.0000 1.0000 0.0000
vn 0.0000 1.0000 0.0000
vn 0.0000 1.0000 0.0000
vn 0.0000 1.0000 0.0000
vn 0.0000 1.0000 0.0000
vn 0.0000 1.0000 0.0000
vn 0.0000 1.0000 0.0000
vn 0.0000 1.0000 -0.0000
vn 0.0000 1.0000 0.0000
vn 0.0000 1.0000 -0.0000
vn 0.0000 1.0000 0.0000
vn 0.0000 1.0000 -0.0000
vn 0.0000 1.0000 -0.0000
vn -0.0000 1.0000 0.0000
vn -0.0000 1.0000 0.0000
vn 0.0000 1.0000 0.0000
vn 0.0000 1.0000 0.0000
vn 0.0000 1.0000 0.0000
vn 0.0000 1.0000 0.0000
vn 0.0000 1.0000 0.0000
vn 0.0000 1.0000 0.0000
vn 0.0000 1.0000 0.0000
vn 0.0000 1.0000 0.0000
vn -0.0000 1.0000 0.0000
vn 0.0000 1.0000 0.0000
vn 0.0000 1.0000 0.0000
vn 0.0000 1.0000 0.0000
vn 0.0000 1.0000 0.0000
vn 0.0000 1.0000 0.0000
vn 0.0000 1.0000 0.0000
vn 0.0000 1.0000 0.0000
vn 0.0000 1.0000 -0.0000
vn 0.0000 1.0000 -0.0000
vn 0.0000 1.0000 0.0000
vn 0.0000 1.0000 0.0000
vn 0.0000 1.0000 0.0000
vn 0.0000 1.0000 0.0000
vn 0.0000 1.0000 -0.0000
vn 0.0000 1.0000 0.0000
vn 0.0000 1.0000 -0.0000
vn -0.0000 1.0000 0.0000
vn 0.0000 1.0000 0.0000
vn 0.0000 1.0000 0.0000
vn -0.0000 1.0000 0.0000
vn 0.0000 1.0000 0.0000
vn -0.0000 1.0000 0.0000
vn -0.0000 1.0000 0.0000
vn 0.0000 1.0000 -0.0000
vn 0.0000 1.0000 -0.0000
vn 0.0000 1.0000 0.0000
vn 0.0000 1.0000 0.0000
vn 0.0000 1.0000 0.0000
vn 0.0000 1.0000 0.0000
vn -0.0000 1.0000 0.0000
vn 0.0000 1.0000 0.0000
vn 0.0000 1.0000 0.0000
vn 0.0000 1.0000 0.0000
vn 0.0000 1.0000 -0.0000
vn 0.0000 1.0000 -0.0000
vn 0.0000 1.0000 0.0000
vn 0.0000 1.0000 0.0000
vn 0.0000 1.0000 0.0000
vn -0.0000 1.0000 0.0000
vn 0.0000 1.0000 0.0000
vn 0.0000 1.0000 -0.0000
vn 0.0000 1.0000 0.0000
vn 0.0000 1.0000 0.0000
vn 0.0000 1.0000 0.0000
vn 0.0000 1.0000 0.0000
vn 0.0000 1.0000 0.0000
vn 0.0000 1.0000 0.0000
vn 0.0000 1.0000 0.0000
vn 0.0000 1.0000 0.0000
vn 0.0000 1.0000 0.0000
vn 0.0000 1.0000 0.0000
vn 0.0000 1.0000 0.0000
vn 0.0000 1.0000 0.0000
vn 0.0000 1.0000 0.0000
vn 0.0000 1.0000 -0.0000
vn 0.0000 1.0000 0.0000
vn 0.0000 1.0000 0.0000
vn 0.0000 1.0000 0.0000
vn 0.0000 1.0000 0.0000
vn 0.0000 1.0000 0.0000
vn 0.0000 1.0000 0.0000
vn 0.0000 1.0000 0.0000
vn 0.0000 1.0000 -0.0000
vn 0.0000 1.0000 0.0000
vn 0.0000 1.0000 -0.0000
vn 0.0000 1.0000 0.0000
vn 0.0000 1.0000 -0.0000
vn 0.0000 1.0000 -0.0000
vn 0.0000 1.0000 0.0000
vn 0.0000 1.0000 0.0000
vn 0.0000 1.0000 0.0000
vn 0.0000 1.0000 0.0000
vn -0.0000 1.0000 -0.0052
vn 0.0000 1.0000 -0.0052
vn -0.0000 1.0000 0.0000
vn 0.0021 1.0000 0.0047
vn 0.0004 1.0000 0.0049
vn 0.0000 1.0000 0.0051
vn 0.0003 1.0000 0.0043
vn 0.0006 1.0000 0.0053
vn 0.0000 1.0000 0.0000
vn -0.0123 0.9999 0.0113
vn -0.0120 0.9994 -0.0322
vn -0.0111 0.9998 -0.0175
vn 0.0335 0.9993 0.0141
vn 0.0341 0.9994 -0.0073
vn 0.0009 1.0000 -0.0037
vn -0.0000 1.0000 0.0000
vn 0.0000 1.0000 -0.0000
vn 0.0000 1.0000 0.0000
vn 0.0000 1.0000 0.0000
vn 0.0112 0.9999 0.0067
vn 0.0000 1.0000 0.0000
vn 0.0000 1.0000 0.0000
vn 0.0000 1.0000 0.0000
vn 0.0000 1.0000 0.0000
vn 0.0000 1.0000 0.0000
vn 0.0004 1.0000 -0.0031
vn -0.0003 1.0000 -0.0045
vn 0.0000 1.0000 -0.0039
vn 0.0000 1.0000 0.0000
vn 0.0000 1.0000 0.0000
vn 0.0000 1.0000 0.0000
vn 0.0000 1.0000 0.0000
vn 0.0000 1.0000 0.0000
vn -0.0000 1.0000 0.0000
vn -0.0000 1.0000 0.0000
vn 0.0000 1.0000 0.0000
vn -0.0000 1.0000 0.0000
vn 0.0000 1.0000 0.0000
vn -0.0000 1.0000 0.0000
vn 0.0000 1.0000 0.0000
vn 0.0000 1.0000 0.0000
vn 0.0000 1.0000 0.0000
vn 0.0000 1.0000 0.0000
vn 0.0000 1.0000 0.0000
vn 0.0000 1.0000 0.0000
vn -0.6034 -0.0175 0.7972
vn -0.5942 -0.0083 0.8043
vn -0.9975 0.0020 -0.0700
vn -0.9975 0.0000 -0.0707
vn -0.9965 0.0000 0.0833
vn -0.9964 0.0042 0.0848
vn -0.8742 -0.0037 -0.4855
vn -0.8782 0.0000 -0.4782
vn -0.3372 0.0000 -0.9414
vn -0.3482 0.0067 -0.9374
vn -0.8924 0.0000 -0.4512
vn -0.2772 -0.5892 -0.7590
vn -0.9016 -0.0051 -0.4326
vn -0.8810 -0.0320 -0.4720
vn -0.9030 -0.0193 -0.4292
vn -0.8857 -0.0497 -0.4616
vn -0.9126 -0.0340 -0.4075
vn -0.9002 0.0005 -0.4354
vn -0.8964 0.0009 -0.4433
vn -0.8922 -0.0000 -0.4516
vn -0.8490 0.0111 -0.5283
vn -0.8357 0.0139 -0.5491
vn -0.7947 0.0467 -0.6052
vn -0.8220 0.0624 -0.5661
vn -0.8959 0.0712 -0.4385
vn -0.9161 0.0741 -0.3940
vn -0.9156 0.1263 -0.3816
vn -0.9176 0.1269 -0.3767
vn -0.8900 0.2417 -0.3867
vn -0.0294 0.6111 -0.7910
vn -0.1740 0.3493 -0.9207
vn -0.2501 0.3798 -0.8906
vn -0.2671 0.4554 -0.8493
vn -0.2781 -0.0331 -0.9600
vn -0.2563 0.0793 -0.9633
vn -0.1452 -0.1829 -0.9723
vn -0.2647 -0.1077 -0.9583
vn -0.2605 -0.0284 -0.9650
vn 0.2901 0.2908 0.9117
vn -0.1378 -0.3435 -0.9290
vn -0.1593 -0.4446 -0.8815
vn -0.2485 -0.4938 -0.8333
vn -0.1872 0.7958 -0.5759
vn -0.2192 0.2624 -0.9397
vn -0.2051 0.2111 -0.9557
vn -0.3307 0.1465 -0.9323
vn -0.3245 0.0568 -0.9442
vn -0.2072 -0.1614 -0.9649
vn -0.2151 -0.2380 -0.9471
vn -0.1424 -0.2460 -0.9587
vn -0.3609 -0.3103 -0.8795
vn -0.2003 0.5551 -0.8073
vn -0.2241 0.6313 -0.7424
vn -0.2051 0.7243 -0.6582
vn -0.2289 0.7874 -0.5724
vn -0.5913 0.5927 -0.5469
vn -0.5046 0.6268 -0.5937
vn -0.4916 0.5931 -0.6377
vn -0.4016 0.6672 -0.6274
vn -0.3845 0.5731 -0.7237
vn -0.4981 0.4552 -0.7380
vn -0.4913 0.4341 -0.7551
vn -0.4285 0.4872 -0.7609
vn -0.3999 0.3815 -0.8334
vn -0.4164 0.3132 -0.8536
vn -0.4117 0.2845 -0.8658
vn -0.5101 -0.1065 -0.8535
vn -0.5161 -0.1652 -0.8404
vn -0.4340 -0.1636 -0.8859
vn -0.4157 -0.2773 -0.8662
vn -0.4593 -0.2808 -0.8427
vn -0.4709 -0.3371 -0.8152
vn -0.3870 -0.3453 -0.8550
vn -0.4099 -0.4585 -0.7885
vn -0.4125 -0.4874 -0.7696
vn -0.7819 0.0760 -0.6187
vn -0.7537 0.0207 -0.6569
vn -0.6510 0.2032 -0.7314
vn -0.6860 0.2995 -0.6631
vn -0.7867 0.1604 -0.5961
vn -0.8018 0.1892 -0.5668
vn -0.7647 0.2553 -0.5917
vn -0.7728 0.2821 -0.5685
vn -0.7940 0.2456 -0.5560
vn -0.8206 0.2867 -0.4943
vn -0.7685 0.3917 -0.5060
vn -0.7773 0.4166 -0.4715
vn -0.6054 0.0842 -0.7915
vn -0.6047 0.0795 -0.7925
vn -0.7029 0.0883 -0.7058
vn -0.7013 0.0572 -0.7106
vn -0.6613 0.0359 -0.7493
vn -0.6610 -0.0125 -0.7503
vn -0.6565 -0.0157 -0.7541
vn -0.6598 -0.1198 -0.7419
vn -0.7864 -0.0363 -0.6167
vn -0.7893 -0.0637 -0.6108
vn -0.7834 -0.0639 -0.6183
vn -0.7896 -0.1033 -0.6048
vn -0.7691 -0.1084 -0.6298
vn -0.7783 -0.1517 -0.6093
vn -0.7632 -0.1578 -0.6266
vn -0.7729 -0.1949 -0.6038
vn -0.6460 -0.2521 -0.7205
vn -0.7294 -0.3668 -0.5774
vn 1.0000 0.0000 0.0000
vn 1.0000 0.0000 0.0000
vn 1.0000 0.0000 -0.0000
vn 1.0000 0.0000 0.0000
vn 1.0000 0.0000 0.0000
vn 1.0000 -0.0000 0.0000
vn 1.0000 0.0000 0.0000
vn 1.0000 0.0000 0.0000
vn 0.0000 0.6138 -0.7894
vn 0.0000 0.8361 0.5486
vn -0.0078 0.8114 0.5845
vn 0.0000 0.6251 0.7805
vn -0.0063 0.6791 0.7340
vn -0.0059 0.6781 0.7349
vn -0.0019 0.7854 0.6190
vn 0.0000 0.6346 0.7728
vn -0.0093 0.5174 0.8557
vn -0.0024 0.4886 0.8725
vn -0.0002 0.2785 0.9604
vn -0.0098 0.3359 0.9418
vn -0.0000 0.4306 0.9025
vn -0.0000 0.4452 0.8954
vn 0.0002 0.1893 0.9819
vn -0.0063 0.1408 0.9900
vn 0.0007 0.0812 0.9967
vn -0.0000 -0.1854 0.9827
vn -0.0000 -0.1284 0.9917
vn -0.0055 -0.0600 0.9982
vn -0.0009 -0.0335 0.9994
vn -0.0082 -0.4615 0.8871
vn -0.0025 -0.4125 0.9110
vn -0.0058 -0.2584 0.9660
vn 0.0183 -0.1574 0.9874
vn -0.0053 -0.2657 0.9640
vn -0.0063 -0.7668 0.6418
vn -0.0036 -0.4464 0.8948
vn -0.0031 -0.5943 0.8042
vn -0.0072 -0.6163 0.7875
vn -0.0014 -0.6491 0.7607
vn -0.0030 -0.7325 0.6807
vn 0.0000 -0.8751 -0.4840
vn 0.0000 -0.9542 -0.2992
vn 0.0000 -0.9542 -0.2992
vn 0.0000 -0.9947 -0.1024
vn 0.0000 -0.9947 -0.1024
vn 0.0000 -1.0000 -0.0007
vn 0.0000 -1.0000 -0.0007
vn 0.0000 -0.9949 0.1012
vn 0.0000 -0.9949 0.1012
vn 0.0000 -0.9545 0.2981
vn 0.0000 -0.9545 0.2981
vn 0.0000 -0.8756 0.4830
vn 0.0000 -0.8756 0.4830
vn 0.0000 -0.7614 0.6483
vn -0.0038 -0.7628 -0.6466
vn 0.0000 -0.7665 -0.6423
vn 0.0000 -0.8751 -0.4840
vn -0.0013 -0.7226 -0.6912
vn -0.0004 -0.6567 -0.7541
vn -0.0072 -0.6208 -0.7839
vn -0.0022 -0.4147 -0.9099
vn -0.0077 -0.4650 -0.8853
vn -0.0038 -0.4515 -0.8923
vn -0.0019 -0.5909 -0.8067
vn -0.0083 -0.2009 -0.9796
vn -0.0051 -0.2640 -0.9645
vn -0.0055 -0.2660 -0.9639
vn -0.0006 -0.0345 -0.9994
vn -0.0057 -0.0658 -0.9978
vn 0.0000 -0.1312 -0.9914
vn 0.0000 -0.1727 -0.9850
vn 0.0005 0.0745 -0.9972
vn -0.0071 0.1351 -0.9908
vn -0.0001 0.1906 -0.9817
vn -0.0000 0.4426 -0.8967
vn -0.0000 0.4220 -0.9066
vn -0.0088 0.3305 -0.9438
vn -0.0016 0.2897 -0.9571
vn 0.0000 0.5126 -0.8586
vn -0.0331 0.6091 -0.7924
vn -0.0032 0.4936 -0.8697
vn -0.0008 0.8097 -0.5868
vn -0.0165 0.8361 -0.5484
vn -0.0017 0.7768 -0.6298
vn -0.0045 0.6740 -0.7388
vn -0.0095 0.6871 -0.7265
vn -0.5837 0.5807 0.5675
vn -0.1694 -0.3485 0.9219
vn -0.1878 -0.4355 0.8804
vn -0.8962 0.0008 0.4436
vn -0.8924 0.0000 0.4513
vn -0.3448 -0.5473 0.7626
vn -0.8999 0.0628 0.4315
vn -0.9131 0.0802 0.3997
vn -0.9078 0.0884 0.4099
vn -0.9225 0.1087 0.3703
vn -0.9188 0.1152 0.3775
vn -0.9296 0.1343 0.3432
vn -0.8714 0.2458 0.4245
vn -0.8922 -0.0000 0.4517
vn -0.8339 0.0143 0.5517
vn -0.8367 0.0138 0.5475
vn -0.7966 0.0451 0.6028
vn -0.8207 0.0631 0.5679
vn -0.9004 0.0005 0.4351
vn -0.9045 -0.0029 0.4265
vn -0.9137 -0.0310 0.4053
vn -0.8843 -0.0540 0.4638
vn -0.9055 -0.0149 0.4240
vn -0.2690 -0.4886 0.8300
vn -0.2976 -0.5838 0.7554
vn -0.1862 -0.2463 0.9511
vn -0.1076 -0.2502 0.9622
vn -0.3017 -0.0289 0.9530
vn -0.2954 -0.0265 0.9550
vn -0.3012 -0.1573 0.9405
vn -0.0873 -0.1218 0.9887
vn -0.1778 -0.1649 0.9702
vn -0.1819 0.2258 0.9571
vn -0.3063 0.1493 0.9401
vn -0.3000 0.0576 0.9522
vn -0.2846 0.0652 0.9564
vn -0.2988 0.4448 0.8443
vn -0.2825 0.3717 0.8843
vn -0.2266 0.3328 0.9154
vn -0.1937 0.2691 0.9434
vn -0.1891 0.6468 0.7388
vn -0.1638 0.5661 0.8079
vn -0.0334 0.6180 0.7854
vn -0.1652 0.7341 0.6586
vn -0.1886 0.7961 0.5750
vn -0.5035 -0.2442 0.8287
vn -0.5061 -0.2553 0.8238
vn -0.3842 -0.3750 0.8436
vn -0.4016 -0.4684 0.7870
vn -0.6961 -0.3600 0.6211
vn -0.5168 -0.1240 0.8471
vn -0.5132 -0.0929 0.8532
vn -0.6081 0.0764 0.7902
vn -0.6209 0.1833 0.7622
vn -0.3937 0.1899 0.8994
vn -0.4171 0.3191 0.8510
vn -0.3944 0.3804 0.8365
vn -0.4197 0.4724 0.7751
vn -0.5046 0.4586 0.7315
vn -0.5167 0.4988 0.6959
vn -0.3786 0.5418 0.7505
vn -0.3967 0.6471 0.6511
vn -0.5085 0.6220 0.5954
vn -0.5173 0.6464 0.5609
vn -0.1670 0.8063 0.5674
vn -0.7854 -0.0652 0.6155
vn -0.7901 -0.0942 0.6057
vn -0.7842 -0.1014 0.6121
vn -0.7912 -0.1341 0.5967
vn -0.7681 -0.1669 0.6182
vn -0.7638 -0.1512 0.6275
vn -0.6906 -0.2744 0.6691
vn -0.7747 -0.3448 0.5300
vn -0.4021 -0.3143 0.8599
vn -0.4220 -0.1917 0.8861
vn -0.7901 -0.0607 0.6100
vn -0.7918 -0.0805 0.6055
vn -0.7152 -0.0552 0.6968
vn -0.7133 -0.0153 0.7007
vn -0.7087 -0.0129 0.7054
vn -0.7090 0.0310 0.7045
vn -0.7119 0.0291 0.7017
vn -0.7152 0.0827 0.6941
vn -0.7827 0.0759 0.6178
vn -0.7928 0.1086 0.5998
vn -0.6938 0.1335 0.7076
vn -0.7211 0.2130 0.6593
vn -0.8037 0.1947 0.5623
vn -0.8068 0.2041 0.5544
vn -0.7600 0.2335 0.6065
vn -0.7762 0.2853 0.5622
vn -0.7589 0.2977 0.5791
vn -0.7772 0.3504 0.5226
vn -0.7604 0.3642 0.5378
vn -0.7788 0.4129 0.4722
vn 0.1658 -0.0049 -0.9861
vn 0.2145 -0.1738 -0.9611
vn 0.0000 -1.0000 0.0000
vn 0.0000 -1.0000 0.0000
vn 0.0000 -1.0000 0.0000
vn 0.0000 -1.0000 0.0000
vn 0.0000 -1.0000 0.0000
vn 0.0000 -1.0000 -0.0000
vn 0.0000 -1.0000 0.0000
vn 0.1601 0.0174 0.9869
vn 0.1376 -0.0573 0.9888
vn -0.8369 0.0000 -0.5474
vn -0.8369 0.0000 -0.5474
vn -0.0000 0.9711 0.2386
vn 0.0000 0.9711 0.2386
vn -0.0000 0.7499 0.6615
vn 0.0000 0.7499 0.6615
vn -0.0000 0.3546 0.9350
vn 0.0000 0.3546 0.9350
vn 0.0000 -0.1171 0.9931
vn 0.0000 -0.1171 0.9931
vn 0.0000 -0.5383 0.8427
vn 0.0000 -0.5383 0.8427
vn 0.0000 -0.8568 0.5156
vn 0.0000 -0.8568 0.5156
vn 0.0000 -0.9890 0.1476
vn 0.0000 -0.9890 0.1476
vn 0.0000 -0.9711 -0.2386
vn 0.0000 -0.9711 -0.2386
vn 0.0000 -0.7499 -0.6615
vn 0.0000 -0.7499 -0.6615
vn 0.0000 -0.3546 -0.9350
vn 0.0000 -0.3546 -0.9350
vn 0.0000 0.1171 -0.9931
vn 0.0000 0.1171 -0.9931
vn 0.0000 0.4359 -0.9000
vn 0.1184 0.5345 -0.8368
vn 0.1581 0.8732 -0.4609
vn 0.1000 0.8525 -0.5130
vn 0.1137 0.9927 0.0393
vn 0.0000 0.9890 -0.1476
vn 0.0000 0.9711 0.2386
vn 0.0000 0.9711 0.2386
vn -0.0000 0.7499 0.6615
vn 0.0000 0.7499 0.6615
vn -0.0000 0.3546 0.9350
vn 0.0000 0.3546 0.9350
vn 0.0000 -0.1171 0.9931
vn 0.0000 -0.1171 0.9931
vn 0.0000 -0.5383 0.8427
vn 0.0000 -0.5383 0.8427
vn 0.0000 -0.8940 0.4482
vn 0.0197 -0.8998 0.4359
vn 0.1059 -0.9675 -0.2298
vn 0.0000 -0.9888 -0.1494
vn 0.0000 -0.7499 -0.6615
vn 0.0000 -0.7499 -0.6615
vn 0.0000 -0.3546 -0.9350
vn 0.0000 -0.3546 -0.9350
vn 0.0000 0.1171 -0.9931
vn 0.0000 0.1171 -0.9931
vn 0.0000 0.5383 -0.8427
vn 0.0000 0.5383 -0.8427
vn 0.0000 0.8568 -0.5156
vn 0.0000 0.8568 -0.5156
vn 0.0000 0.9890 -0.1476
vn -0.0000 0.9890 -0.1476
vn -0.0000 0.9952 0.0981
vn 0.1491 0.9603 0.2359
vn 0.1583 0.7190 0.6767
vn 0.1343 0.7431 0.6555
vn 0.0111 0.3443 0.9388
vn 0.0000 0.3546 0.9350
vn 0.0000 -0.1171 0.9931
vn 0.0000 -0.1171 0.9931
vn 0.0000 -0.5383 0.8427
vn 0.0000 -0.5383 0.8427
vn 0.0000 -0.8568 0.5156
vn 0.0000 -0.8568 0.5156
vn 0.0000 -0.9890 0.1476
vn 0.0000 -0.9890 0.1476
vn 0.0000 -0.9711 -0.2386
vn 0.0000 -0.9711 -0.2386
vn 0.0000 -0.7499 -0.6615
vn 0.0000 -0.7499 -0.6615
vn 0.0000 -0.3546 -0.9350
vn 0.0000 -0.3546 -0.9350
vn 0.0000 0.1171 -0.9931
vn 0.0000 0.1171 -0.9931
vn 0.0000 0.5383 -0.8427
vn 0.0000 0.5383 -0.8427
vn 0.0000 0.8568 -0.5156
vn 0.0000 0.8568 -0.5156
vn 0.0000 0.9890 -0.1476
vn 0.0000 0.9890 -0.1476
vn -0.7858 -0.0011 0.6185
vn -0.7838 0.0000 0.6210
vn 0.7031 -0.6971 0.1403
vn 0.6427 -0.7200 0.2618
vn 0.5932 -0.7001 0.3975
vn 0.3801 -0.7292 0.5690
vn 0.3843 -0.7277 0.5681
vn 0.1400 -0.6978 0.7025
vn -0.0316 -0.7196 0.6937
vn -0.1400 -0.6979 0.7024
vn -0.2796 -0.7136 0.6424
vn -0.4007 -0.6927 0.5997
vn -0.5004 -0.7137 0.4901
vn -0.5952 -0.6976 0.3988
vn -0.6402 -0.7236 0.2580
vn -0.6370 -0.7367 0.2269
vn -0.6551 -0.7315 -0.1891
vn -0.6593 -0.7169 -0.2267
vn -0.5905 -0.7034 -0.3957
vn -0.3712 -0.7439 -0.5557
vn -0.4819 -0.6959 -0.5324
vn -0.1404 -0.6958 -0.7044
vn -0.0265 -0.7209 -0.6926
vn 0.1398 -0.6986 -0.7017
vn 0.2442 -0.7173 -0.6525
vn 0.4007 -0.6927 -0.5997
vn 0.5004 -0.7137 -0.4901
vn 0.5952 -0.6976 -0.3988
vn 0.6672 -0.7328 -0.1332
vn 0.6744 -0.7187 -0.1696
vn 0.6928 -0.6928 0.2000
vn 0.6860 -0.7146 0.1369
vn 0.5905 -0.7034 0.3957
vn 0.3712 -0.7439 0.5557
vn 0.4130 -0.7274 0.5480
vn 0.1400 -0.6978 0.7025
vn -0.0798 -0.7218 0.6874
vn -0.1383 -0.7064 0.6941
vn -0.3928 -0.7072 0.5879
vn -0.4165 -0.7176 0.5582
vn -0.5952 -0.6976 0.3988
vn -0.6672 -0.7328 0.1332
vn -0.6744 -0.7187 0.1696
vn -0.7031 -0.6971 -0.1403
vn -0.6427 -0.7200 -0.2618
vn -0.5932 -0.7001 -0.3975
vn -0.3801 -0.7292 -0.5690
vn -0.4528 -0.7003 -0.5519
vn -0.1404 -0.6958 -0.7044
vn -0.0265 -0.7209 -0.6926
vn 0.1398 -0.6986 -0.7017
vn 0.3352 -0.7258 -0.6007
vn 0.3914 -0.7097 -0.5858
vn 0.5896 -0.7046 -0.3950
vn 0.6486 -0.7500 -0.1295
vn 0.6776 -0.6776 -0.2860
vn 0.6928 -0.6928 0.2000
vn 0.6860 -0.7146 0.1369
vn 0.5905 -0.7034 0.3957
vn 0.3712 -0.7439 0.5557
vn 0.3817 -0.7400 0.5539
vn 0.1393 -0.7011 0.6993
vn -0.1216 -0.7158 0.6876
vn -0.0988 -0.7228 0.6839
vn -0.4245 -0.7060 0.5669
vn -0.4584 -0.7168 0.5255
vn -0.5952 -0.6976 0.3988
vn -0.6672 -0.7328 0.1332
vn -0.6744 -0.7187 0.1696
vn -0.7031 -0.6971 -0.1403
vn -0.6427 -0.7200 -0.2618
vn -0.5932 -0.7001 -0.3975
vn -0.3801 -0.7292 -0.5690
vn -0.4528 -0.7003 -0.5519
vn -0.1404 -0.6958 -0.7044
vn -0.0937 -0.7072 -0.7007
vn 0.1542 -0.6957 -0.7015
vn 0.1395 -0.7002 -0.7002
vn 0.4350 -0.6950 -0.5725
vn 0.3914 -0.7097 -0.5858
vn 0.5896 -0.7046 -0.3950
vn 0.6486 -0.7500 -0.1295
vn 0.6776 -0.6776 -0.2860
vn 0.7031 -0.6971 0.1403
vn 0.6427 -0.7200 0.2618
vn 0.5932 -0.7001 0.3975
vn 0.3801 -0.7292 0.5690
vn 0.4528 -0.7003 0.5519
vn 0.1404 -0.6958 0.7044
vn 0.0937 -0.7072 0.7007
vn -0.1982 -0.6891 0.6971
vn -0.1375 -0.7107 0.6899
vn -0.3985 -0.6967 0.5965
vn -0.4584 -0.7168 0.5255
vn -0.5952 -0.6976 0.3988
vn -0.6672 -0.7328 0.1332
vn -0.6857 -0.6857 0.2442
vn -0.6928 -0.6928 -0.2000
vn -0.6860 -0.7146 -0.1369
vn -0.5905 -0.7034 -0.3957
vn -0.3977 -0.7421 -0.5396
vn -0.4733 -0.7089 -0.5229
vn -0.1067 -0.7042 -0.7019
vn -0.0265 -0.7209 -0.6926
vn 0.1398 -0.6986 -0.7017
vn 0.2442 -0.7173 -0.6525
vn 0.4007 -0.6927 -0.5997
vn 0.5004 -0.7137 -0.4901
vn 0.5952 -0.6976 -0.3988
vn 0.6672 -0.7328 -0.1332
vn 0.6744 -0.7187 -0.1696
vn -0.9459 -0.0005 0.3244
vn -0.9141 -0.0300 0.4044
vn -0.2609 0.0000 0.9654
vn -0.9010 0.0009 0.4338
vn -0.9085 0.0029 0.4179
vn -0.9176 0.0020 0.3975
vn -0.9278 0.0177 0.3726
vn -0.9165 0.0071 0.3999
vn -0.8968 0.0003 0.4425
vn -0.8931 0.0001 0.4498
vn -0.8916 0.0000 0.4529
vn -0.8919 -0.0001 0.4522
vn -0.8931 -0.0001 0.4499
vn -0.8942 -0.0002 0.4478
vn -0.8976 -0.0009 0.4407
vn -0.8985 -0.0011 0.4390
vn -0.9035 -0.0036 0.4286
vn -0.9037 -0.0038 0.4281
vn -0.9095 -0.0112 0.4155
vn -0.9120 -0.0158 0.4099
vn -0.9607 0.0234 0.2766
vn -0.9606 0.0751 0.2674
vn -0.9568 0.0013 0.2907
vn -0.9591 0.0101 0.2827
vn -0.9564 0.0054 0.2920
vn -0.1598 0.0010 0.9871
vn -0.1403 -0.0176 0.9900
vn -0.2148 0.0065 0.9766
vn -0.1879 -0.0031 0.9822
vn -0.2514 0.0076 0.9679
vn -0.2609 0.0000 0.9654
vn -0.3670 0.0000 0.9302
vn -0.3670 0.0000 0.9302
vn -0.4864 0.0000 0.8737
vn -0.4864 0.0000 0.8737
vn -0.5974 0.0000 0.8020
vn -0.5974 0.0000 0.8020
vn -0.6979 0.0000 0.7162
vn -0.6979 0.0000 0.7162
vn -0.7840 0.0000 0.6208
vn -0.7840 0.0000 0.6208
vn -0.8572 0.0000 0.5150
vn -0.8572 0.0000 0.5150
vn -0.8905 0.0000 0.4550
vn -0.8911 -0.0000 0.4538
vn 0.9917 -0.0000 0.1285
vn 0.9917 0.0000 0.1285
vn 0.8950 -0.0000 0.4460
vn 0.8950 0.0000 0.4460
vn 0.5804 -0.0000 0.8143
vn 0.5804 0.0000 0.8143
vn 0.1532 -0.0000 0.9882
vn 0.1351 -0.0041 0.9908
vn 0.9990 -0.0000 0.0436
vn 0.9990 -0.0000 0.0436
vn 0.4638 0.0005 -0.8859
vn 0.3878 0.0181 -0.9215
vn 0.6894 0.0308 -0.7237
vn 0.7775 0.0000 -0.6288
vn 0.9804 0.0000 -0.1968
vn 0.9804 0.0000 -0.1968
vn 0.4536 0.0000 -0.8912
vn 0.3865 0.0675 -0.9198
vn 0.2188 0.0702 -0.9732
vn 0.2719 0.0175 -0.9622
vn 0.1538 0.0159 -0.9880
vn 0.1878 0.0001 -0.9822
vn -0.8266 0.0000 -0.5628
vn -0.8266 0.0000 -0.5628
vn -0.6490 0.0000 -0.7608
vn -0.6490 0.0000 -0.7608
vn -0.2281 0.0000 -0.9736
vn -0.3068 0.0195 -0.9516
vn 0.2488 0.0526 -0.9671
vn 0.5017 0.0000 -0.8650
vn 0.0470 0.0023 -0.9989
vn 0.0567 0.0000 -0.9984
vn -0.6047 0.0000 -0.7964
vn -0.5986 -0.0014 -0.8010
vn 0.7756 0.0000 -0.6313
vn 0.7754 0.0003 -0.6315
vn 0.6773 0.0000 -0.7357
vn 0.6748 -0.0033 -0.7380
vn 0.5615 0.0041 -0.8274
vn 0.5708 -0.0017 -0.8211
vn 0.7705 -0.0061 0.6374
vn 0.7587 -0.0115 0.6513
vn 0.9935 0.0103 -0.1138
vn 0.9973 -0.0010 -0.0728
vn 0.8947 0.0000 -0.4466
vn 0.8947 0.0000 -0.4466
vn 0.9808 0.0000 -0.1950
vn 0.9989 -0.0397 -0.0255
vn 0.9608 -0.0235 0.2762
vn 0.9892 0.0000 0.1467
vn 0.6922 -0.0000 0.7217
vn 0.6832 -0.0036 0.7302
vn 0.9420 0.0000 -0.3356
vn 0.9420 0.0000 -0.3356
vn 0.9034 0.0000 -0.4288
vn 0.9034 0.0000 -0.4288
vn 0.8610 0.0000 -0.5086
vn 0.0875 -0.0008 -0.9962
vn 0.2110 -0.0346 -0.9769
vn 0.4378 -0.0266 -0.8987
vn 0.5448 0.0000 -0.8386
vn 0.8610 0.0000 -0.5086
vn 0.7396 0.0000 -0.6731
vn 0.7396 0.0000 -0.6731
vn 0.1306 0.0000 -0.9914
vn 0.1389 -0.0016 -0.9903
vn 0.9948 -0.0000 0.1017
vn 0.9948 0.0000 0.1017
vn 0.9999 -0.0000 0.0134
vn 0.9989 -0.0113 -0.0447
vn 0.9983 0.0000 -0.0581
vn 0.9822 0.0000 -0.1880
vn 0.9822 0.0000 -0.1880
vn 0.0257 -0.0000 0.9997
vn 0.0257 0.0000 0.9997
vn 0.4892 -0.0000 0.8722
vn 0.4892 0.0000 0.8722
vn 0.8641 -0.0000 0.5034
vn 0.8641 0.0000 0.5034
vn 0.1248 0.0000 0.9922
vn 0.9485 -0.0000 0.3168
vn 0.9485 0.0000 0.3168
vn 0.8314 -0.0000 0.5556
vn 0.8314 0.0000 0.5556
vn 0.4843 -0.0000 0.8749
vn 0.4762 -0.0019 0.8793
vn 0.0786 -0.0134 0.9968
vn 0.9034 -0.0000 0.4288
vn 0.9034 0.0000 0.4288
vn 0.9420 -0.0000 0.3356
vn 0.9420 0.0000 0.3356
vn 0.7153 0.0035 -0.6988
vn 0.6909 0.0134 -0.7229
vn 0.9731 0.0337 -0.2280
vn 0.9789 -0.0555 0.1968
vn 0.9669 -0.0574 0.2487
vn 0.9992 0.0000 0.0408
vn 0.9984 -0.0064 0.0567
vn 0.9996 0.0000 0.0277
vn 0.8237 0.0000 -0.5670
vn 0.8237 0.0000 -0.5670
vn 0.5613 0.0000 -0.8276
vn 0.5591 0.0004 -0.8291
vn 0.6005 0.0007 0.7996
vn 0.6318 -0.0201 0.7749
vn 0.6606 0.0000 0.7508
vn 0.7332 -0.0000 0.6800
vn 0.7380 -0.0066 0.6748
vn 0.7800 0.0000 0.6258
vn 0.8255 -0.0000 0.5645
vn 0.8309 0.0045 0.5564
vn -0.3841 0.0055 0.9233
vn -0.4066 0.0000 0.9136
vn 0.2610 -0.0000 0.9653
vn 0.2510 -0.0020 0.9680
vn 0.2123 -0.0000 0.9772
vn 0.2123 0.0000 0.9772
vn -0.2762 0.0000 0.9611
vn -0.2762 0.0000 0.9611
vn -0.6902 0.0000 0.7236
vn -0.6902 0.0000 0.7236
vn 0.1903 -0.0001 0.9817
vn 0.1923 0.0018 0.9813
vn 0.3390 -0.0019 0.9408
vn 0.3408 0.0000 0.9401
vn 0.4432 -0.0000 0.8964
vn 0.4432 0.0000 0.8964
vn 0.3866 -0.0007 0.9222
vn 0.3892 0.0000 0.9212
vn 0.7775 0.0000 0.6288
vn 0.7775 0.0000 0.6288
vn 0.9804 0.0000 0.1968
vn 0.9804 0.0000 0.1968
vn 0.9990 0.0000 -0.0436
vn 0.9990 0.0000 -0.0436
vn 0.9917 0.0000 -0.1285
vn 0.9917 0.0000 -0.1285
vn 0.8950 0.0000 -0.4460
vn 0.8950 0.0000 -0.4460
vn 0.5804 0.0000 -0.8143
vn 0.5804 0.0000 -0.8143
vn 0.1351 0.0000 -0.9908
vn 0.1351 0.0000 -0.9908
vn -0.9499 -0.0000 -0.3126
vn 0.9662 0.0133 -0.2575
vn 0.9892 -0.0338 -0.1423
vn 0.7465 0.0065 -0.6654
vn 0.7220 0.0000 -0.6919
vn 0.3459 0.0000 -0.9383
vn 0.3474 -0.0004 -0.9377
vn -0.1195 -0.0156 -0.9927
vn -0.0465 0.0082 -0.9989
vn -0.6555 -0.0424 -0.7540
vn -0.7652 0.0037 -0.6438
vn -0.9533 0.0030 -0.3019
vn -0.9463 0.0000 0.3233
vn -0.9701 -0.0273 0.2411
vn -0.7465 0.0065 0.6654
vn -0.7220 0.0000 0.6919
vn -0.3923 0.0000 0.9198
vn -0.3474 0.0085 0.9377
vn -0.0524 -0.0160 0.9985
vn 0.1068 0.0049 0.9943
vn 0.5327 -0.0356 0.8456
vn 0.5249 -0.0386 0.8503
vn 0.8948 0.0119 0.4463
vn 0.9302 -0.0076 0.3670
vn 0.9529 0.0000 0.3032
vn -0.9662 0.0082 0.2575
vn -0.9876 -0.0331 0.1534
vn -0.6135 0.0193 0.7894
vn -0.5961 0.0122 0.8028
vn -0.1156 0.0008 0.9933
vn -0.0407 0.0182 0.9990
vn 0.5712 -0.0395 0.8198
vn 0.6705 0.0071 0.7419
vn 0.9533 0.0003 0.3019
vn 0.9268 0.0000 -0.3755
vn 0.9165 0.0096 -0.3998
vn 0.4977 -0.0006 -0.8673
vn 0.4838 0.0047 -0.8752
vn -0.1068 -0.0153 -0.9942
vn -0.0465 0.0000 -0.9989
vn -0.6216 0.0000 -0.7833
vn -0.5249 -0.0386 -0.8503
vn -0.9001 0.0130 -0.4355
vn -0.9302 -0.0047 -0.3670
vn 0.9493 0.0000 0.3145
vn -0.9662 0.0133 0.2575
vn -0.9892 -0.0338 0.1423
vn -0.7465 0.0065 0.6654
vn -0.6627 -0.0148 0.7487
vn -0.2079 0.0187 0.9780
vn -0.1856 0.0117 0.9826
vn 0.5356 -0.0100 0.8444
vn 0.5591 0.0028 0.8291
vn 0.9533 0.0035 0.3019
vn 0.9268 0.0000 -0.3755
vn 0.9160 0.0101 -0.4011
vn 0.6184 0.0016 -0.7859
vn 0.4821 0.0374 -0.8753
vn 0.2152 -0.0050 -0.9766
vn -0.5880 0.0192 -0.8086
vn -0.1304 0.1577 -0.9788
vn -0.6184 0.1012 -0.7793
vn 0.3010 -0.0891 -0.9495
vn -0.8948 0.0119 -0.4463
vn -0.9302 -0.0076 -0.3670
vn -0.9503 -0.0000 -0.3112
vn 0.9662 0.0110 -0.2575
vn 0.9885 -0.0335 -0.1473
vn 0.7465 0.0065 -0.6654
vn 0.7220 0.0000 -0.6919
vn 0.3459 0.0000 -0.9383
vn 0.3474 -0.0004 -0.9377
vn 0.2380 -0.0042 -0.9713
vn -0.0463 -0.0930 -0.9946
vn -0.6523 -0.1074 -0.7503
vn -0.8449 0.0035 -0.5349
vn -0.9533 0.0026 -0.3019
vn -0.9463 0.0000 0.3233
vn -0.9701 -0.0273 0.2411
vn -0.7465 0.0065 0.6654
vn -0.6627 -0.0148 0.7487
vn -0.3474 0.0094 0.9377
vn -0.2684 -0.0066 0.9633
vn 0.1068 0.0049 0.9943
vn 0.1321 0.0000 0.9912
vn 0.6216 -0.0000 0.7833
vn 0.5249 -0.0386 0.8503
vn 0.8973 0.0124 0.4413
vn 0.9302 -0.0063 0.3670
vn -0.7772 -0.0039 0.6293
vn -0.6778 0.0324 0.7345
vn 0.0737 0.0249 0.9970
vn -0.0291 0.0011 0.9996
vn 0.8282 -0.0139 0.5603
vn 0.8705 0.0026 0.4922
vn 0.9927 -0.0019 -0.1207
vn 0.9911 0.0000 -0.1331
vn 0.7782 0.0000 -0.6281
vn 0.7782 0.0000 -0.6281
vn 0.3919 0.0000 -0.9200
vn 0.3919 0.0000 -0.9200
vn -0.0862 0.0000 -0.9963
vn -0.0862 0.0000 -0.9963
vn -0.6524 0.0000 -0.7579
vn -0.6601 0.0019 -0.7511
vn -0.9818 -0.0021 -0.1899
vn -0.9738 -0.0094 -0.2273
vn -0.9897 0.0156 0.1420
vn -0.9632 0.0371 0.2662
vn -0.5373 0.0421 0.8424
vn -0.7782 0.0000 0.6281
vn -0.6216 0.0000 0.7834
vn -0.3916 0.0397 0.9193
vn 0.4034 0.0343 0.9144
vn 0.2345 0.0018 0.9721
vn 0.5332 -0.0000 0.8460
vn 0.7706 0.0546 0.6349
vn 0.9992 0.0270 0.0301
vn 0.9993 0.0324 -0.0164
vn 0.8481 0.0140 -0.5297
vn 0.7058 0.0655 -0.7054
vn 0.1032 0.0323 -0.9941
vn -0.1162 0.0719 -0.9906
vn -0.5051 0.0632 -0.8607
vn -0.2551 0.0315 -0.9664
vn -0.9122 0.0400 -0.4078
vn -0.8693 0.0220 -0.4939
vn -0.9697 0.0103 -0.2440
vn -0.9641 0.0001 -0.2654
vn -0.9718 0.0446 -0.2316
vn -0.9644 0.0002 -0.2646
vn -0.9593 0.0081 -0.2822
vn -0.9356 0.0168 -0.3527
vn -0.9424 0.0102 -0.3345
vn -0.9356 0.0046 -0.3530
vn -0.8840 0.0025 -0.4675
vn -0.8794 0.0011 -0.4761
vn -0.8886 -0.0093 -0.4585
vn -0.8860 -0.0066 -0.4636
vn -0.8843 -0.0052 -0.4668
vn -0.8819 -0.0035 -0.4715
vn -0.8796 -0.0021 -0.4757
vn -0.8765 -0.0005 -0.4814
vn -0.8892 0.0045 -0.4574
vn -0.8946 0.0071 -0.4468
vn -0.8901 0.0041 -0.4558
vn -0.9105 0.0006 -0.4135
vn -0.9210 0.0004 -0.3895
vn -0.9259 -0.0047 -0.3776
vn -0.9217 0.0009 -0.3878
vn -0.8901 -0.0047 -0.4558
vn -0.8943 -0.0185 -0.4471
vn -0.8908 -0.0124 -0.4542
vn -0.1714 -0.0000 -0.9852
vn -0.1614 0.0113 -0.9868
vn -0.8754 0.0000 -0.4834
vn -0.8223 0.0000 -0.5691
vn -0.8223 0.0000 -0.5691
vn -0.7401 0.0000 -0.6725
vn -0.7401 0.0000 -0.6725
vn -0.6450 0.0000 -0.7642
vn -0.6450 0.0000 -0.7642
vn -0.5386 0.0000 -0.8425
vn -0.5386 0.0000 -0.8425
vn -0.4229 0.0000 -0.9062
vn -0.4229 0.0000 -0.9062
vn -0.2997 0.0000 -0.9540
vn -0.2942 -0.0009 -0.9557
vn -0.2263 0.0000 -0.9741
vn 0.0000 -1.0000 0.0000
vn 0.0000 -1.0000 0.0000
vn 0.0000 -1.0000 0.0000
vn 0.0000 -1.0000 0.0000
vn 0.0000 -1.0000 -0.0000
vn -0.0000 -1.0000 0.0000
vn 0.0000 -1.0000 0.0000
vn 0.0000 -1.0000 0.0000
vn 0.0000 -1.0000 0.0000
vn 0.0000 -1.0000 0.0000
vn 0.0000 -1.0000 0.0000
vn 0.0000 -1.0000 0.0000
vn 0.0000 -1.0000 0.0000
vn -0.0000 -1.0000 -0.0000
vn 0.0000 -1.0000 0.0000
vn -0.0000 -1.0000 0.0000
vn 0.0000 -1.0000 0.0000
vn -0.0000 -1.0000 -0.0000
vn 0.0000 -1.0000 0.0000
vn -0.0000 -1.0000 -0.0000
vn -0.0000 -1.0000 0.0000
vn 0.0000 -1.0000 0.0000
vn 0.0000 -1.0000 0.0000
vn 0.0000 -1.0000 0.0000
vn 0.0000 -1.0000 -0.0000
vn 0.0000 -1.0000 0.0000
vn 0.0000 -1.0000 0.0000
vn 0.0000 -1.0000 0.0000
vn 0.0000 -1.0000 0.0000
vn 0.0000 -1.0000 0.0000
vn 0.0000 -1.0000 0.0000
vn 0.0000 -1.0000 0.0000
vn 0.0000 -1.0000 0.0000
vn 0.0000 -1.0000 -0.0000
vn -0.0000 -1.0000 0.0000
vn 0.0000 -1.0000 0.0000
vn -0.0000 -1.0000 -0.0000
vn 0.0000 -1.0000 0.0000
vn 0.0000 -1.0000 0.0000
vn 0.0000 -1.0000 0.0000
vn 0.0000 -1.0000 -0.0000
vn 0.0000 -1.0000 0.0000
vn 0.0000 -1.0000 0.0000
vn -0.0346 -0.9906 -0.1323
vn 0.0000 -1.0000 0.0000
vn 0.0000 -1.0000 0.0000
vn -0.0000 -1.0000 0.0000
vn 0.0000 -1.0000 -0.0000
vn 0.0000 -1.0000 0.0000
vn 0.0000 -1.0000 -0.0000
vn 0.0000 -1.0000 -0.0000
vn 0.0000 -1.0000 0.0000
vn 0.0000 -1.0000 0.0000
vn 0.0000 -1.0000 0.0000
vn 0.0000 -1.0000 0.0000
vn 0.0000 -1.0000 0.0000
vn 0.0000 -1.0000 0.0000
vn 0.0000 -1.0000 0.0000
vn 0.0000 -1.0000 0.0000
vn -0.0000 -1.0000 0.0000
vn 0.0000 -1.0000 0.0000
vn -0.0000 -1.0000 0.0000
vn -0.0609 -0.9977 -0.0297
vn -0.0616 -0.9980 0.0123
vn 0.0568 -0.9172 0.3944
vn 0.0000 -1.0000 0.0000
vn 0.0000 -1.0000 0.0000
vn -0.0000 -1.0000 0.0000
vn 0.0000 -1.0000 0.0000
vn 0.0000 -1.0000 0.0000
vn 0.0000 -1.0000 0.0000
vn 0.0000 -1.0000 -0.0000
vn 0.0000 -1.0000 0.0000
vn 0.0000 -1.0000 0.0000
vn 0.0000 -1.0000 0.0000
vn 0.0000 -1.0000 0.0000
vn 0.0000 -1.0000 -0.0000
vn 0.0000 -1.0000 0.0000
vn 0.0000 -1.0000 0.0000
vn 0.0000 -1.0000 0.0000
vn 0.0000 -1.0000 0.0000
vn 0.0000 -1.0000 0.0000
vn 0.0000 -1.0000 0.0000
vn 0.0000 -1.0000 0.0000
vn 0.0000 -1.0000 0.0000
vn 0.0000 -1.0000 0.0000
vn 0.0000 -1.0000 0.0000
vn 0.0000 -1.0000 0.0000
vn -0.0000 -1.0000 -0.0000
vn -0.0000 -1.0000 0.0000
vn 0.0000 -1.0000 0.0000
vn 0.0000 -1.0000 0.0000
vn 0.0000 -1.0000 0.0000
vn -0.0000 -1.0000 0.0000
vn 0.0000 -1.0000 0.0000
vn 0.0000 -1.0000 0.0000
vn 0.0000 -1.0000 0.0000
vn 0.0000 -1.0000 0.0000
vn -0.0000 -1.0000 -0.0000
vn 0.0000 -1.0000 0.0000
vn -0.0000 -1.0000 0.0000
vn 0.0000 -1.0000 0.0000
vn 0.0000 -1.0000 0.0000
vn 0.0000 -1.0000 0.0000
vn 0.0000 -1.0000 0.0000
vn 0.0000 -1.0000 0.0000
vn 0.0000 -1.0000 0.0000
vn 0.0000 -1.0000 0.0000
vn 0.0000 -1.0000 0.0000
vn -0.0000 -1.0000 -0.0000
vn 0.0000 -1.0000 0.0000
vn -0.0000 -1.0000 0.0000
vn 0.0000 -1.0000 0.0000
vn 0.0000 -1.0000 0.0000
vn 0.0000 -1.0000 0.0000
vn 0.0000 -1.0000 0.0000
vn 0.0000 -1.0000 0.0000
vn 0.0000 -1.0000 0.0000
vn 0.0000 -1.0000 0.0000
vn 0.0000 -1.0000 0.0000
vn 0.0000 -1.0000 0.0000
vn 0.0000 -1.0000 0.0000
vn 0.0000 -1.0000 0.0000
vn 0.0080 -0.9930 0.1181
vn 0.0000 -1.0000 0.0000
vn 0.0000 -1.0000 -0.0000
vn -0.0000 -1.0000 -0.0000
vn 0.0073 -1.0000 -0.0049
vn 0.0000 -1.0000 0.0000
vn 0.0000 -1.0000 0.0000
vn 0.0000 -1.0000 0.0000
vn 0.0000 -1.0000 0.0000
vn 0.0000 -1.0000 0.0000
vn 0.0000 -1.0000 0.0000
vn 0.0000 -1.0000 -0.0000
vn 0.0000 -1.0000 0.0000
vn 0.0000 -1.0000 -0.0000
vn 0.0000 -1.0000 0.0000
vn -0.0000 -1.0000 0.0000
vn 0.0000 -1.0000 0.0000
vn -0.0457 -0.9989 0.0134
vn 0.0000 -1.0000 -0.0000
vn 0.0000 -1.0000 0.0000
vn 0.0000 -1.0000 0.0000
vn -0.0000 -1.0000 0.0000
vn 0.0000 -1.0000 0.0000
vn 0.0000 -1.0000 0.0000
vn 0.0000 -1.0000 0.0000
vn -0.0786 -0.9883 0.1305
vn -0.0766 -0.9969 -0.0153
vn 0.0121 -0.9627 -0.2703
vn 0.8909 -0.0000 0.4542
vn 0.8160 -0.0592 0.5751
vn 0.9110 -0.0779 0.4049
vn 0.9782 0.0000 0.2076
vn 0.5588 0.0000 -0.8293
vn 0.5588 0.0000 -0.8293
vn 0.8812 0.0000 -0.4727
vn 0.8812 0.0000 -0.4727
vn 0.9991 0.0000 0.0423
vn 0.9991 0.0000 0.0423
vn 0.3420 0.0000 -0.9397
vn 0.3420 0.0000 -0.9397
vn 0.5714 0.0000 -0.8207
vn 0.5714 0.0000 -0.8207
vn 0.8945 0.0000 -0.4471
vn 0.8945 0.0000 -0.4471
vn 0.9998 -0.0000 0.0183
vn 0.9998 0.0000 0.0183
vn 0.9954 -0.0020 -0.0961
vn 0.9647 0.0021 -0.2634
vn 0.9651 0.0000 -0.2618
vn 0.9061 0.0000 -0.4230
vn 0.9061 0.0000 -0.4230
vn 0.9765 -0.0000 0.2156
vn 0.9781 -0.0050 0.2081
vn 0.9861 0.0000 0.1661
vn 0.9973 0.0018 0.0740
vn 0.9971 0.0000 0.0760
vn 0.9955 0.0000 -0.0946
vn 0.9957 -0.0049 -0.0927
vn 0.7643 0.0000 0.6448
vn 0.7643 0.0000 0.6448
vn 0.9797 0.0000 0.2003
vn 0.9797 0.0000 0.2003
vn 0.9610 0.0000 -0.2765
vn 0.9610 0.0000 -0.2765
vn 0.5749 -0.0008 0.8182
vn 0.5746 0.0000 0.8185
vn 0.9150 0.0000 -0.4034
vn 0.8209 0.0457 -0.5692
vn 0.9974 0.0164 0.0702
vn 0.9917 0.0000 0.1283
vn 0.8205 0.0000 0.5717
vn 0.8264 0.0030 0.5631
vn 0.7805 0.0000 -0.6252
vn 0.7421 0.0848 -0.6649
vn 0.6408 0.0884 -0.7626
vn 0.6425 0.0857 -0.7615
vn 0.3368 0.0563 -0.9399
vn 0.4980 0.0000 -0.8672
vn 0.0368 0.0000 -0.9993
vn 0.0368 0.0000 -0.9993
vn -0.6020 0.0000 -0.7985
vn -0.6020 0.0000 -0.7985
vn -0.8266 0.0000 -0.5628
vn -0.8266 0.0000 -0.5628
vn -0.6490 0.0000 -0.7608
vn -0.6490 0.0000 -0.7608
vn -0.2281 0.0000 -0.9736
vn -0.2281 0.0000 -0.9736
vn 0.2492 0.0000 -0.9685
vn 0.2492 0.0000 -0.9685
vn 0.4288 0.0000 -0.9034
vn 0.4436 -0.0157 -0.8961
vn 0.3351 -0.0157 -0.9420
vn 0.3200 -0.0000 -0.9474
vn 0.5421 -0.0005 -0.8403
vn 0.5409 0.0000 -0.8411
vn 0.8749 0.0000 -0.4843
vn 0.8749 0.0000 -0.4843
vn 0.9997 0.0000 -0.0236
vn 0.9997 0.0000 -0.0236
vn 1.0000 0.0000 0.0000
vn 1.0000 0.0000 0.0000
vn 1.0000 0.0000 0.0000
vn 1.0000 0.0000 0.0000
vn 1.0000 0.0000 0.0000
vn 1.0000 0.0000 0.0000
vn 1.0000 0.0000 -0.0000
vn 1.0000 0.0000 0.0000
vn 1.0000 0.0000 0.0000
vn 1.0000 -0.0000 0.0000
vn 1.0000 0.0000 0.0000
vn 1.0000 -0.0000 0.0000
vn 1.0000 0.0000 0.0000
vn 1.0000 0.0000 0.0000
vn 1.0000 0.0000 0.0000
vn 1.0000 0.0000 0.0000
vn 1.0000 0.0000 0.0000
vn 1.0000 0.0000 0.0000
vn 1.0000 -0.0000 0.0000
vn 1.0000 -0.0000 0.0000
vn 1.0000 0.0000 0.0000
vn 1.0000 0.0000 0.0000
vn 1.0000 0.0000 -0.0000
vn 1.0000 0.0000 0.0000
vn 1.0000 0.0000 -0.0000
vn 1.0000 0.0000 0.0000
vn 1.0000 0.0000 -0.0000
vn 1.0000 0.0000 0.0000
vn 1.0000 0.0000 -0.0000
vn 1.0000 0.0000 0.0000
vn 1.0000 0.0000 0.0000
vn 1.0000 0.0000 -0.0000
vn 1.0000 0.0000 0.0000
vn 1.0000 0.0000 0.0000
vn 1.0000 0.0000 0.0000
vn 1.0000 0.0000 0.0000
vn 1.0000 0.0000 -0.0000
vn 1.0000 0.0000 0.0000
vn 1.0000 0.0000 -0.0000
vn 1.0000 0.0000 0.0000
vn 1.0000 0.0000 0.0000
vn 1.0000 0.0000 0.0000
vn 1.0000 0.0000 0.0000
vn 1.0000 0.0000 0.0000
vn 1.0000 0.0000 -0.0000
vn 1.0000 0.0000 0.0000
vn 1.0000 0.0000 -0.0000
vn 1.0000 0.0000 -0.0000
vn 1.0000 0.0000 0.0000
vn 1.0000 -0.0000 0.0000
vn 1.0000 0.0000 0.0000
vn 1.0000 0.0000 0.0000
vn 1.0000 0.0000 0.0000
vn 1.0000 0.0000 0.0000
vn 1.0000 0.0000 0.0000
vn 1.0000 0.0000 0.0000
vn 1.0000 0.0000 -0.0000
vn 1.0000 0.0000 0.0000
vn 1.0000 0.0000 -0.0000
vn 1.0000 0.0000 -0.0000
vn 0.5399 -0.0004 0.8417
vn 0.5409 0.0000 0.8411
vn 0.8749 0.0000 0.4843
vn 0.8749 0.0000 0.4843
vn 0.9997 0.0000 0.0236
vn 0.9997 0.0000 0.0236
vn 0.3352 -0.0000 0.9421
vn 0.3169 -0.0188 0.9483
vn 0.4291 -0.0189 0.9031
vn 0.4466 0.0000 0.8947
vn 0.2123 -0.0000 0.9772
vn 0.2123 0.0000 0.9772
vn -0.2762 0.0000 0.9611
vn -0.2762 0.0000 0.9611
vn -0.6902 0.0000 0.7236
vn -0.6902 0.0000 0.7236
vn -0.3966 0.0027 0.9180
vn -0.4040 0.0000 0.9148
vn 0.2517 -0.0000 0.9678
vn 0.2551 0.0010 0.9669
vn 0.6123 -0.0004 0.7907
vn 0.6311 0.0354 0.7749
vn 0.7522 0.0340 0.6581
vn 0.7380 0.0000 0.6748
vn 0.8255 -0.0000 0.5645
vn 0.8294 0.0048 0.5587
vn 0.9984 -0.0068 0.0567
vn 0.9993 0.0000 0.0368
vn 0.8237 0.0000 -0.5670
vn 0.8237 0.0000 -0.5670
vn 0.5613 0.0000 -0.8276
vn 0.5600 0.0003 -0.8285
vn 0.7153 0.0029 -0.6988
vn 0.7199 0.0000 -0.6941
vn 0.9736 0.0000 -0.2281
vn 0.9736 0.0000 -0.2281
vn 0.9685 -0.0000 0.2492
vn 0.9685 0.0000 0.2492
vn -0.9409 0.0496 0.3351
vn -0.9705 0.0000 0.2412
vn -0.7464 -0.0156 0.6653
vn -0.7144 0.0000 0.6997
vn -0.3991 0.0000 0.9169
vn -0.3474 -0.0187 0.9375
vn -0.0454 0.0364 0.9983
vn 0.1068 -0.0081 0.9942
vn 0.5244 0.0580 0.8495
vn 0.5584 0.0839 0.8253
vn 0.9024 -0.0325 0.4297
vn 0.9261 -0.0066 0.3773
vn 0.9677 0.0650 -0.2434
vn 0.9871 0.0084 -0.1598
vn 0.7464 -0.0156 -0.6653
vn 0.7144 0.0000 -0.6997
vn 0.3505 0.0000 -0.9366
vn 0.3474 -0.0014 -0.9377
vn -0.1068 0.0358 -0.9936
vn -0.0382 0.0000 -0.9993
vn -0.6510 0.0000 -0.7591
vn -0.6710 0.0188 -0.7412
vn -0.9447 -0.0254 -0.3270
vn -0.9608 0.0000 -0.2773
vn -0.9677 0.0650 0.2434
vn -0.9831 0.0230 0.1815
vn -0.6171 -0.0453 0.7856
vn -0.5978 -0.0304 0.8011
vn -0.1152 0.0033 0.9933
vn -0.0469 -0.0313 0.9984
vn 0.6615 0.0811 0.7455
vn 0.6018 0.0117 0.7986
vn 0.9497 -0.0180 0.3126
vn 0.9608 0.0000 0.2773
vn 0.9213 -0.0028 -0.3889
vn 0.9198 0.0000 -0.3923
vn 0.4871 -0.0177 -0.8732
vn 0.4913 -0.0145 -0.8709
vn -0.1068 0.0358 -0.9936
vn -0.0382 0.0000 -0.9993
vn -0.5253 0.0000 -0.8509
vn -0.6330 0.0645 -0.7714
vn -0.9098 -0.0364 -0.4134
vn -0.9260 -0.0169 -0.3772
vn -0.9677 0.0650 0.2434
vn -0.9865 0.0109 0.1636
vn -0.7464 -0.0156 0.6653
vn -0.6571 0.0261 0.7533
vn -0.2150 -0.0331 0.9760
vn -0.1741 -0.0078 0.9847
vn 0.5340 -0.0020 0.8455
vn 0.5671 0.0338 0.8230
vn 0.9436 -0.0269 0.3299
vn 0.9608 0.0000 0.2773
vn 0.9213 0.0035 -0.3889
vn 0.9232 0.0000 -0.3844
vn 0.6049 -0.0186 -0.7961
vn 0.4968 -0.0798 -0.8642
vn 0.2147 0.0101 -0.9766
vn -0.1068 -0.0099 -0.9942
vn -0.1326 0.0000 -0.9912
vn -0.5253 0.0000 -0.8509
vn -0.6330 0.0645 -0.7714
vn -0.9038 -0.0333 -0.4266
vn -0.9261 -0.0085 -0.3772
vn -0.9409 0.0496 0.3351
vn -0.9705 0.0000 0.2412
vn -0.7464 -0.0156 0.6653
vn -0.6571 0.0261 0.7533
vn -0.3474 -0.0170 0.9376
vn -0.2735 0.0138 0.9618
vn 0.1068 -0.0099 0.9942
vn 0.1326 0.0000 0.9912
vn 0.5253 -0.0000 0.8509
vn 0.6330 0.0645 0.7714
vn 0.8969 -0.0297 0.4411
vn 0.9261 0.0000 0.3773
vn 0.9677 0.0650 -0.2434
vn 0.9891 0.0000 -0.1473
vn 0.7464 -0.0156 -0.6653
vn 0.7144 0.0000 -0.6997
vn 0.3505 0.0000 -0.9366
vn 0.3474 -0.0014 -0.9377
vn -0.1068 0.0358 -0.9936
vn -0.0382 0.0000 -0.9993
vn -0.6629 0.0000 -0.7487
vn -0.6711 0.0081 -0.7413
vn -0.9494 -0.0185 -0.3136
vn -0.9608 0.0000 -0.2773
vn 0.9763 -0.0000 0.2164
vn 0.9763 0.0000 0.2164
vn 0.9763 -0.0000 0.2164
vn 0.9763 -0.0000 0.2164
vn 0.9763 -0.0000 0.2164
vn 0.0125 -0.9995 -0.0298
vn 0.0000 -1.0000 0.0000
vn 0.0000 -1.0000 0.0000
vn 0.0000 -1.0000 0.0000
vn 0.0000 -1.0000 0.0000
vn 0.0000 -1.0000 0.0000
vn 0.0000 -1.0000 0.0000
vn -0.0056 -0.9998 -0.0184
vn -0.0086 -0.9998 -0.0152
vn -0.0093 -1.0000 0.0021
vn 0.0079 -0.9991 -0.0425
vn -0.0074 -0.9997 -0.0246
vn -0.0000 -1.0000 0.0000
vn -0.0000 -1.0000 0.0000
vn -0.0189 -0.9968 0.0777
vn 0.0000 -1.0000 0.0000
vn 0.0000 -1.0000 0.0000
vn -0.0153 -0.9914 -0.1300
vn -0.0125 -0.9895 -0.1440
vn -0.0409 -0.9981 -0.0465
vn -0.1112 -0.9934 0.0297
vn -0.0319 -0.9994 -0.0104
vn 0.0170 -0.9998 0.0089
vn -0.0000 -1.0000 0.0000
vn 0.0000 -1.0000 -0.0000
vn 0.0000 -1.0000 -0.0000
vn -0.0000 -1.0000 0.0000
vn 0.0000 -1.0000 -0.0000
vn 0.0000 -1.0000 0.0000
vn -0.0000 -1.0000 0.0000
vn 0.0000 -1.0000 0.0000
vn 0.0000 -1.0000 0.0000
vn 0.0000 -1.0000 0.0000
vn 0.0000 -1.0000 0.0000
vn 0.0000 -1.0000 0.0000
vn 0.0000 -1.0000 0.0000
vn 0.0000 -1.0000 0.0000
vn 0.0000 -1.0000 0.0000
vn 0.0000 -1.0000 0.0000
vn 0.0230 -0.9974 -0.0678
vn 0.0214 -0.9980 0.0591
vn -0.1072 -0.9936 0.0344
vn 0.0000 -1.0000 0.0000
vn -0.0000 -1.0000 0.0000
vn 0.0000 -1.0000 0.0000
vn 0.0000 -1.0000 0.0000
vn 0.0000 -1.0000 0.0000
vn 0.0000 -1.0000 0.0000
vn 0.0000 -1.0000 0.0000
vn 0.0000 -1.0000 0.0000
vn 0.0000 -1.0000 0.0000
vn 0.0000 -1.0000 0.0000
vn 0.0000 -1.0000 0.0000
vn 0.0000 -1.0000 0.0000
vn 0.0000 -1.0000 0.0000
vn 0.0000 -1.0000 0.0000
vn 0.0000 -1.0000 0.0000
vn 0.0000 -1.0000 0.0000
vn 0.0000 -1.0000 0.0000
vn 0.0000 -1.0000 0.0000
vn 0.0000 -1.0000 0.0000
vn -0.0000 -1.0000 0.0000
vn 0.0000 -1.0000 0.0000
vn 0.0000 -1.0000 0.0000
vn -0.0000 -1.0000 0.0000
vn 0.0000 -1.0000 0.0000
vn 0.0000 -1.0000 0.0000
vn -0.0000 -1.0000 -0.0000
vn 0.0000 -1.0000 0.0000
vn -0.0000 -1.0000 0.0000
vn 0.0000 -1.0000 0.0000
vn -0.0000 -1.0000 0.0000
vn 0.0000 -1.0000 0.0000
vn 0.0000 -1.0000 -0.0000
vn -0.0535 -0.9985 -0.0067
vn -0.0828 -0.9966 -0.0002
vn 0.1000 -0.9950 0.0036
vn -0.4690 0.8798 -0.0772
vn 0.0000 -1.0000 0.0000
vn -0.0461 -0.9988 -0.0181
vn 0.0188 -0.9992 0.0359
vn 0.0000 -1.0000 0.0000
vn 0.0000 -1.0000 0.0000
vn 0.0000 -1.0000 0.0000
vn 0.1013 -0.9946 -0.0213
vn 0.0362 -0.9993 0.0121
vn 0.0256 -0.9995 0.0171
vn 0.0000 -1.0000 0.0000
vn 0.0000 -1.0000 0.0000
vn 0.0000 -1.0000 0.0000
vn 0.0000 -1.0000 0.0000
vn 0.0000 -1.0000 0.0000
vn 0.0000 -1.0000 0.0000
vn -0.0000 -1.0000 0.0000
vn 0.0000 -1.0000 0.0000
vn 0.0000 -1.0000 0.0000
vn 0.0000 -1.0000 0.0000
vn 0.0000 -1.0000 0.0000
vn 0.0000 -1.0000 0.0000
vn 0.0000 -1.0000 0.0000
vn -0.0000 -1.0000 0.0000
vn 0.0000 -1.0000 0.0000
vn 0.0000 -1.0000 -0.0000
vn 0.0000 -1.0000 0.0000
vn 0.0000 -1.0000 0.0000
vn 0.0000 -1.0000 0.0000
vn 0.0000 -1.0000 0.0000
vn 0.0000 -1.0000 0.0000
vn 0.0000 -1.0000 0.0000
vn 0.0000 -1.0000 0.0000
vn -0.0000 -1.0000 0.0000
vn -0.0604 -0.9980 0.0159
vn 0.0911 -0.9955 0.0263
vn 0.0000 -1.0000 0.0000
vn 0.0000 -1.0000 0.0000
vn 0.0000 -1.0000 0.0000
vn 0.0000 -1.0000 0.0000
vn 0.0000 -1.0000 0.0000
vn 0.0000 -1.0000 0.0000
vn 0.0000 -1.0000 0.0000
vn 0.0000 -1.0000 -0.0000
vn 0.0000 -1.0000 -0.0000
vn -0.7506 -0.6599 -0.0332
vn -0.0000 -1.0000 0.0000
vn 0.0000 -1.0000 0.0000
vn 0.0000 -1.0000 0.0000
vn 0.0000 -1.0000 0.0000
vn 0.0000 -1.0000 0.0000
vn 0.0000 -1.0000 0.0000
vn 0.0000 -1.0000 0.0000
vn 0.0000 -1.0000 0.0000
vn 0.0000 -1.0000 0.0000
vn 0.0000 -1.0000 0.0000
vn 0.1606 -0.9845 -0.0711
vn 0.0144 -0.9997 0.0213
vn -0.0593 -0.9976 0.0367
vn 0.0000 -1.0000 0.0000
vn 0.0000 -1.0000 0.0000
vn 0.0000 -1.0000 0.0000
vn 0.0000 -1.0000 0.0000
vn -0.1404 0.9230 -0.3581
vn 0.0117 -0.9975 0.0690
vn 0.2898 -0.0302 -0.9566
vn -0.0110 -0.9999 0.0016
vn -0.0065 -0.9992 0.0398
vn -0.0303 -0.9992 0.0270
vn -0.0320 -0.9992 0.0251
vn 0.0000 -1.0000 0.0000
vn 0.0000 -1.0000 0.0000
vn 0.0000 -1.0000 -0.0000
vn -0.0148 -0.9901 0.1398
vn -0.0274 -0.9976 0.0643
vn 0.0000 -1.0000 0.0000
vn -0.0315 -0.9992 -0.0234
vn 0.1406 -0.9882 -0.0611
vn 0.0096 -0.9999 0.0134
vn -0.0264 -0.9994 0.0233
vn 0.0014 -0.9999 0.0100
vn -0.0063 -0.9999 0.0117
vn 0.0000 -1.0000 0.0000
vn 0.0000 -1.0000 0.0000
vn 0.0000 -1.0000 0.0000
vn 0.0000 -1.0000 0.0000
vn -0.1459 -0.9857 -0.0837
vn -0.0398 -0.9987 0.0321
vn -0.0000 -1.0000 -0.0000
vn -0.1075 -0.9931 0.0467
vn 0.0242 -0.9996 0.0117
vn 0.0824 -0.9966 0.0094
vn 0.0583 -0.9979 -0.0274
vn 0.0000 -1.0000 0.0000
vn 0.0000 -1.0000 0.0000
vn -0.0080 -0.9999 0.0112
vn -0.0135 -0.9999 0.0065
vn 0.0360 -0.9987 -0.0368
vn 0.0000 -1.0000 0.0000
vn 0.0000 -1.0000 0.0000
vn 0.0000 -1.0000 -0.0000
vn -0.0172 -0.9994 0.0288
vn 0.0162 -0.9991 0.0386
vn -0.0000 -1.0000 -0.0000
vn 0.0723 -0.9968 0.0339
vn 0.0913 -0.9958 -0.0040
vn 0.0739 -0.9972 -0.0070
vn 0.0684 -0.9973 -0.0271
vn 0.0130 -0.9994 -0.0327
vn 0.0000 -1.0000 0.0000
vn 0.9762 -0.0131 -0.2164
vn 0.9763 0.0000 -0.2164
vn 0.9609 -0.0959 -0.2597
vn 0.9042 -0.0082 -0.4271
vn 0.9763 -0.0000 -0.2164
vn 0.0238 0.7693 0.6385
vn 0.0160 0.7281 0.6853
vn 0.0180 0.8755 0.4828
vn 0.0000 0.9702 0.2423
vn -0.0000 -0.9805 -0.1963
vn 0.0103 0.5102 -0.8600
vn 0.0134 0.4930 -0.8699
vn 0.0080 0.2647 -0.9643
vn 0.0010 0.3018 -0.9534
vn -0.0008 0.4111 -0.9116
vn 0.0000 -0.0642 -0.9979
vn -0.0000 -0.0069 -1.0000
vn 0.0079 0.0520 -0.9986
vn 0.0003 0.0984 -0.9951
vn -0.0002 0.2005 -0.9797
vn 0.0016 -0.1305 -0.9914
vn 0.0077 -0.1631 -0.9866
vn -0.0010 -0.2372 -0.9715
vn -0.0011 -0.4473 -0.8944
vn 0.0075 -0.3714 -0.9284
vn 0.0014 -0.3441 -0.9389
vn -0.0037 -0.7269 -0.6868
vn 0.0222 -0.7702 -0.6374
vn 0.0052 -0.7127 -0.7015
vn 0.0000 -0.6682 -0.7440
vn -0.0000 -0.5623 -0.8269
vn 0.0240 -0.6194 -0.7847
vn 0.0017 -0.5412 -0.8409
vn 0.0000 -0.9477 -0.3192
vn 0.0270 -0.9665 -0.2554
vn 0.0097 -0.9473 -0.3203
vn 0.0007 -0.9251 -0.3797
vn -0.0024 -0.8572 -0.5149
vn 0.0302 -0.8953 -0.4444
vn 0.0019 -0.8455 -0.5340
vn 0.0048 -0.9915 -0.1299
vn 0.0233 -0.9980 -0.0582
vn 0.0201 -0.9990 -0.0409
vn 0.0182 -0.9997 0.0166
vn 0.0204 -0.9956 0.0912
vn 0.0147 -0.9975 0.0685
vn -0.0000 -0.9834 0.1815
vn -0.0000 -0.9232 0.3844
vn 0.0093 -0.9476 0.3193
vn 0.0065 -0.9510 0.3092
vn 0.0000 -0.9713 0.2379
vn 0.0000 -0.8945 0.4472
vn 0.0082 -0.8572 0.5149
vn 0.0067 -0.8543 0.5197
vn 0.0000 -0.6610 0.7504
vn 0.0036 -0.7108 0.7034
vn 0.0088 -0.7270 0.6866
vn 0.0000 -0.7713 0.6365
vn -0.0000 -0.8123 0.5833
vn -0.0000 -0.6304 0.7763
vn 0.0062 -0.5624 0.8269
vn 0.0064 -0.5632 0.8263
vn 0.0000 -0.3025 0.9532
vn 0.0074 -0.3720 0.9282
vn 0.0072 -0.3715 0.9284
vn -0.0000 -0.4401 0.8980
vn 0.0000 -0.4923 0.8704
vn -0.0013 -0.0661 0.9978
vn 0.0062 -0.1632 0.9866
vn 0.0051 -0.1681 0.9858
vn -0.0000 -0.2471 0.9690
vn 0.0026 0.0375 0.9993
vn 0.0059 0.0520 0.9986
vn -0.0000 0.1333 0.9911
vn 0.0007 0.2977 0.9547
vn 0.0074 0.2648 0.9643
vn 0.0000 0.1977 0.9803
vn -0.0005 0.4105 0.9119
vn 0.0126 0.4897 0.8718
vn 0.0098 0.5083 0.8611
vn 0.0166 0.9569 -0.2899
vn -0.0055 0.9996 -0.0266
vn 0.0014 0.6335 -0.7738
vn 0.0130 0.7412 -0.6712
vn 0.0000 1.0000 -0.0000
vn 0.0000 1.0000 0.0000
vn -0.0000 1.0000 -0.0073
vn 0.0172 0.9999 -0.0000
vn 0.0000 1.0000 0.0000
vn 0.0000 1.0000 -0.0000
vn 0.0000 1.0000 -0.0000
vn 0.0000 1.0000 0.0000
vn 0.0000 1.0000 0.0000
vn 0.0000 1.0000 0.0000
vn 0.0000 1.0000 -0.0000
vn 0.3384 0.9331 -0.1219
vn 0.0000 1.0000 0.0000
vn 0.0000 1.0000 0.0000
vn 0.0000 1.0000 0.0000
vn 0.0000 1.0000 0.0000
vn 0.0000 1.0000 0.0000
vn 0.0000 1.0000 0.0000
vn 0.0000 1.0000 0.0000
vn 0.0000 1.0000 0.0000
vn 0.0000 1.0000 0.0000
vn 0.0000 1.0000 0.0000
vn 0.0000 1.0000 0.0000
vn 0.0000 1.0000 0.0000
vn 0.0000 1.0000 0.0000
vn 0.0000 1.0000 0.0000
vn 0.0000 1.0000 0.0000
vn 0.0000 1.0000 0.0000
vn 0.0000 1.0000 0.0000
vn -0.0000 1.0000 0.0000
vn 0.0000 1.0000 -0.0000
vn 0.0000 1.0000 0.0000
vn 0.0000 1.0000 -0.0000
vn 0.0000 1.0000 0.0000
vn 0.0000 1.0000 0.0000
vn 0.0000 1.0000 0.0000
vn 0.0000 1.0000 0.0000
vn 0.0000 1.0000 0.0000
vn 0.0000 1.0000 -0.0000
vn 0.0000 1.0000 0.0000
vn -0.0000 1.0000 0.0000
vn -0.0000 1.0000 0.0000
vn 0.0000 1.0000 0.0000
vn 0.0000 1.0000 0.0000
vn 0.0000 1.0000 0.0000
vn 0.0000 1.0000 0.0000
vn 0.0000 1.0000 0.0000
vn 0.0000 1.0000 0.0000
vn 0.0415 0.9985 -0.0355
vn 0.0000 1.0000 0.0000
vn 0.0000 1.0000 0.0000
vn -0.0000 1.0000 0.0000
vn 0.0000 1.0000 0.0000
vn 0.0000 1.0000 -0.0000
vn 0.0000 1.0000 0.0000
vn 0.0000 1.0000 0.0000
vn 0.0000 1.0000 0.0000
vn 0.0000 1.0000 0.0000
vn 0.0000 1.0000 0.0000
vn 0.0000 1.0000 0.0000
vn 0.0000 1.0000 0.0000
vn 0.0000 1.0000 0.0000
vn 0.0715 0.9954 0.0635
vn -0.0181 0.9996 0.0221
vn -0.0186 0.9997 0.0167
vn -0.0182 0.9997 0.0169
vn -0.0149 0.9998 -0.0138
vn 0.1852 0.9677 0.1711
vn -0.0627 0.9980 -0.0003
vn -0.0129 0.9997 -0.0210
vn 0.0000 1.0000 0.0000
vn 0.0000 1.0000 0.0000
vn 0.0000 1.0000 0.0000
vn 0.0000 1.0000 0.0000
vn 0.0000 1.0000 0.0000
vn 0.0000 1.0000 0.0000
vn -0.0000 1.0000 0.0000
vn 0.0000 1.0000 0.0000
vn 0.0000 1.0000 0.0000
vn 0.0000 1.0000 0.0000
vn 0.0000 1.0000 0.0000
vn 0.0000 1.0000 0.0000
vn 0.0000 1.0000 0.0000
vn -0.0000 1.0000 0.0000
vn 0.0000 1.0000 0.0000
vn -0.0362 0.9985 0.0419
vn -0.0475 0.9979 -0.0436
vn -0.0410 0.9979 -0.0497
vn -0.0000 1.0000 0.0000
vn 0.0000 1.0000 0.0000
vn 0.0000 1.0000 -0.0000
vn 0.0000 1.0000 0.0000
vn 0.0000 1.0000 0.0000
vn 0.0000 1.0000 -0.0000
vn 0.0000 1.0000 0.0000
vn 0.0000 1.0000 0.0000
vn 0.0000 1.0000 0.0000
vn 0.0000 1.0000 0.0000
vn 0.0000 1.0000 0.0000
vn 0.0000 1.0000 0.0000
vn -0.0000 1.0000 0.0000
vn 0.0000 1.0000 0.0000
vn -0.0000 1.0000 -0.0000
vn 0.0000 1.0000 0.0000
vn -0.0000 1.0000 -0.0000
vn 0.0000 1.0000 -0.0000
vn 0.0000 1.0000 0.0000
vn -0.0000 1.0000 0.0000
vn -0.0000 1.0000 0.0000
vn 0.0000 1.0000 0.0000
vn 0.0000 1.0000 0.0000
vn 0.0000 1.0000 0.0000
vn -0.0000 1.0000 0.0000
vn 0.0000 1.0000 0.0000
vn -0.0000 1.0000 0.0000
vn 0.0000 1.0000 0.0000
vn 0.0000 1.0000 0.0000
vn 0.0000 1.0000 0.0000
vn 0.0000 1.0000 0.0000
vn 0.0000 1.0000 0.0000
vn 0.0000 1.0000 0.0000
vn 0.0000 1.0000 0.0000
vn 0.0000 1.0000 0.0000
vn 0.0000 1.0000 0.0000
vn 0.0000 1.0000 0.0000
vn 0.0000 1.0000 0.0000
vn 0.0000 1.0000 0.0000
vn 0.9481 -0.0153 0.3177
vn 0.9437 -0.0088 0.3308
vn 0.9388 -0.0048 0.3445
vn 0.9357 -0.0029 0.3528
vn 0.9321 -0.0014 0.3622
vn 0.9288 -0.0006 0.3707
vn 0.9265 -0.0003 0.3762
vn 0.9244 -0.0001 0.3815
vn 0.9224 -0.0000 0.3862
vn 0.9232 0.0001 0.3842
vn 0.9248 0.0002 0.3804
vn 0.9282 0.0011 0.3720
vn 0.9323 0.0046 0.3617
vn 0.9358 0.0132 0.3523
vn 0.9377 0.0449 0.3446
vn 0.9252 0.1820 0.3331
vn 0.9833 -0.0585 0.1723
vn 0.9805 -0.0069 0.1962
vn 0.9813 -0.0338 0.1894
vn 0.9778 -0.0142 0.2089
vn 0.9734 -0.0049 0.2292
vn 0.9691 -0.0003 0.2466
vn 0.9453 0.0022 0.3262
vn 0.9542 -0.0287 0.2979
vn 0.9503 -0.0196 0.3109
vn 1.0000 0.0000 0.0064
vn 0.9954 -0.0123 0.0951
vn 0.9929 0.0020 0.1187
vn 0.9977 -0.0215 0.0650
vn 0.9947 -0.0934 0.0433
vn 0.9966 -0.0325 0.0762
vn 0.9949 -0.0099 -0.1005
vn 0.9961 -0.0314 -0.0823
vn 0.9962 -0.0555 -0.0672
vn 0.9979 -0.0340 -0.0546
vn 0.9999 -0.0000 -0.0157
vn 0.9694 -0.0005 -0.2456
vn 0.9768 -0.0122 -0.2136
vn 0.9812 -0.0389 -0.1888
vn 0.9794 -0.0196 -0.2008
vn 0.9891 -0.0000 -0.1470
vn 0.9923 0.0000 -0.1236
vn 0.9285 0.1563 -0.3368
vn 0.9365 0.0429 -0.3480
vn 0.9350 0.0149 -0.3543
vn 0.9317 0.0055 -0.3633
vn 0.9277 0.0017 -0.3733
vn 0.9245 0.0005 -0.3812
vn 0.9225 0.0001 -0.3861
vn 0.9212 -0.0000 -0.3891
vn 0.9220 -0.0001 -0.3873
vn 0.9233 -0.0001 -0.3842
vn 0.9261 -0.0004 -0.3773
vn 0.9306 -0.0013 -0.3660
vn 0.9358 -0.0037 -0.3525
vn 0.9418 -0.0081 -0.3361
vn 0.9471 -0.0157 -0.3205
vn 0.9503 -0.0221 -0.3105
vn 0.9437 -0.0059 -0.3306
vn 0.9626 0.0003 -0.2710
vn 0.2871 0.0012 0.9579
vn 0.2817 0.0000 0.9595
vn 0.4081 -0.0000 0.9130
vn 0.4081 0.0000 0.9130
vn 0.5270 -0.0000 0.8498
vn 0.5270 0.0000 0.8498
vn 0.6365 -0.0000 0.7713
vn 0.6365 0.0000 0.7713
vn 0.7363 -0.0000 0.6766
vn 0.7360 -0.0001 0.6770
vn 0.8232 0.0001 0.5678
vn 0.8229 0.0000 0.5682
vn 0.8929 -0.0000 0.4503
vn 0.8929 0.0000 0.4503
vn 0.9216 -0.0000 0.3881
vn 0.9223 0.0000 0.3865
vn 0.9207 0.0000 -0.3902
vn 0.8908 0.0000 -0.4545
vn 0.8908 0.0000 -0.4545
vn 0.8204 0.0000 -0.5717
vn 0.8204 0.0000 -0.5718
vn 0.7331 -0.0000 -0.6801
vn 0.7331 0.0000 -0.6801
vn 0.6329 0.0000 -0.7742
vn 0.6329 0.0000 -0.7742
vn 0.5231 0.0000 -0.8522
vn 0.5231 0.0000 -0.8522
vn 0.4039 0.0000 -0.9148
vn 0.4039 0.0000 -0.9148
vn 0.2795 0.0000 -0.9602
vn 0.2795 0.0000 -0.9602
vn 0.1968 -0.9776 -0.0742
vn 0.1475 -0.9884 -0.0374
vn 0.8105 -0.5465 -0.2108
vn 0.7749 -0.5995 -0.2004
vn 0.9645 0.0735 -0.2535
vn 0.8480 -0.4700 -0.2447
vn 0.2991 -0.9505 -0.0839
vn 0.4311 -0.8949 -0.1150
vn 0.8006 -0.5569 -0.2209
vn 0.1985 -0.9774 -0.0734
vn 0.2051 0.5836 -0.7857
vn -0.1508 0.5622 -0.8131
vn 0.0144 0.8155 -0.5786
vn 0.2290 0.8150 -0.5324
vn 0.1099 0.4999 -0.8591
vn 0.2908 0.4980 -0.8170
vn 0.2568 0.2883 -0.9225
vn -0.9459 0.2962 -0.1323
vn -0.9218 0.3876 -0.0032
vn -0.9169 -0.0197 -0.3987
vn -0.9775 0.1425 -0.1558
vn -0.4715 0.5961 -0.6499
vn -0.7379 0.3884 0.5519
vn -0.0284 -0.0799 -0.9964
vn -0.5079 0.8559 -0.0972
vn -0.6640 0.6214 -0.4159
vn -0.6975 0.5682 -0.4367
vn -0.0113 -0.9998 -0.0164
vn -0.0097 -0.9998 -0.0171
vn -0.0056 -0.9998 -0.0184
vn 0.0000 -1.0000 0.0000
vn -0.0316 -0.9995 0.0082
vn -0.0140 -0.9998 -0.0142
vn -0.0128 -0.9998 -0.0154
vn 0.9678 -0.0095 -0.2517
vn 0.9673 0.0000 -0.2535
vn -0.0560 -0.8013 -0.5956
vn 0.0878 -0.8712 -0.4831
vn 0.7110 -0.4570 -0.5345
vn 0.5531 -0.5466 -0.6287
vn 0.4033 -0.3910 -0.8273
vn 0.3261 -0.8225 -0.4659
vn -0.0467 -0.4270 -0.9030
vn -0.0449 -0.4286 -0.9024
vn -0.2108 0.5466 -0.8104
vn 0.7175 0.6707 -0.1881
vn 0.9530 0.1650 -0.2540
vn 0.9365 0.2413 -0.2545
vn 0.9172 0.3195 -0.2381
vn 0.8564 0.4609 -0.2328
vn 0.5940 0.7880 -0.1622
vn 0.6734 0.7182 -0.1755
vn 0.0344 0.9993 -0.0139
vn 0.4325 0.8943 -0.1150
vn 0.4389 0.8908 -0.1172
vn 0.1601 0.9863 -0.0393
vn 0.1803 0.9826 -0.0440
vn -0.9259 0.1658 0.3396
vn -0.8188 0.4579 0.3462
vn -0.5559 0.7527 0.3527
vn -0.5529 0.8204 0.1459
vn -0.2339 0.9574 0.1695
vn -0.8980 -0.0037 -0.4399
vn -0.9178 -0.0099 -0.3968
vn -0.2633 0.9628 0.0605
vn -0.2552 0.9651 0.0581
vn -0.2294 0.9719 0.0520
vn -0.6015 0.7838 0.1543
vn -0.5534 0.8204 0.1440
vn -0.8324 0.5120 0.2122
vn -0.8659 0.4465 0.2253
vn -0.8187 0.5330 0.2136
vn -0.9573 0.1511 0.2466
vn -0.9597 0.1316 0.2482
vn -0.5300 0.8480 -0.0041
vn -0.6678 0.7232 0.1762
vn -0.7152 0.6720 0.1922
vn -0.9080 -0.3382 0.2473
vn -0.9450 0.3271 -0.0075
vn -0.9523 -0.3026 0.0403
vn -1.0000 0.0098 -0.0018
vn -0.9897 0.1410 -0.0243
vn -0.9765 -0.2020 0.0755
vn -0.9772 0.1999 -0.0714
vn -0.9996 -0.0077 0.0257
vn -0.9949 0.0960 -0.0324
vn -0.9986 0.0520 -0.0057
vn -0.8682 0.4314 -0.2453
vn -0.8090 0.5445 -0.2215
vn -0.1308 0.8557 -0.5007
vn -0.1311 0.8553 -0.5013
vn -0.0281 0.1906 -0.9813
vn 0.0914 0.4618 -0.8823
vn -0.1416 0.3649 -0.9202
vn -0.1271 0.3249 -0.9372
vn -0.7514 -0.6148 -0.2394
vn -0.3655 0.5433 -0.7558
vn -0.4785 0.6195 -0.6223
vn -0.5067 0.5926 -0.6261
vn -0.7582 0.3706 -0.5365
vn -0.7313 0.5726 -0.3707
vn 0.0810 -0.9967 -0.0036
vn 0.0546 -0.9985 0.0024
vn 0.0000 -1.0000 0.0000
vn 0.0000 -1.0000 -0.0000
vn 0.0000 -1.0000 0.0000
vn 0.0000 -1.0000 -0.0000
vn 0.0000 -1.0000 0.0000
vn 0.0000 -1.0000 0.0000
vn 0.0825 -0.9964 -0.0187
vn 0.0450 -0.9990 -0.0031
vn -0.0000 -1.0000 0.0000
vn 0.0000 -1.0000 0.0000
vn 0.0000 -1.0000 0.0000
vn 0.0000 -1.0000 0.0000
vn 0.0000 -1.0000 0.0000
vn -0.5238 0.0024 -0.8519
vn -0.4210 0.0116 -0.9070
vn 0.1724 0.1954 -0.9655
vn 0.0554 0.4205 -0.9056
vn 0.0795 0.8193 -0.5678
vn 0.0764 0.8298 -0.5528
vn 0.1893 0.4250 -0.8852
vn 0.0798 0.6121 -0.7867
vn 0.7235 -0.5983 -0.3442
vn 0.7190 -0.1382 -0.6811
vn 0.7114 -0.1430 -0.6881
vn 0.7927 -0.2054 -0.5740
vn 0.6787 -0.6060 -0.4149
vn 0.5892 -0.6880 -0.4236
vn 0.9787 -0.1814 -0.0960
vn 0.6836 -0.7299 -0.0010
vn 0.6537 -0.7568 0.0019
vn 0.9844 -0.1760 0.0065
vn 0.8681 -0.4962 -0.0118
vn -0.3301 0.7405 -0.5854
vn -0.1909 0.9292 -0.3166
vn 0.3682 0.7104 -0.5998
vn 0.3050 0.5202 -0.7977
vn -0.4972 0.8391 0.2205
vn -0.5297 0.5171 -0.6723
vn 0.8356 0.4020 -0.3743
vn -0.9129 -0.0143 0.4080
vn -0.8186 -0.0077 0.5743
vn 0.3511 0.0032 -0.9363
vn 0.3996 0.0000 -0.9167
vn -0.9456 -0.2190 0.2407
vn -0.9013 -0.3615 0.2388
vn -0.7966 -0.5664 0.2113
vn -0.6916 -0.6959 0.1936
vn -0.4409 -0.8894 0.1207
vn -0.1928 -0.9794 0.0602
vn -0.3696 -0.9243 0.0956
vn 0.0605 -0.9979 -0.0247
vn 0.0000 -1.0000 0.0000
vn 0.0000 -1.0000 0.0000
vn 0.0000 -1.0000 0.0000
vn 0.0000 1.0000 0.0000
vn -0.1099 -0.0134 -0.9939
vn -0.1094 -0.0153 -0.9939
vn 0.0284 -0.1035 -0.9942
vn -0.1613 -0.0403 -0.9861
vn -0.1384 0.1556 -0.9781
vn -0.2100 0.0202 -0.9775
vn 0.0895 -0.2154 -0.9724
vn -0.0221 0.0000 -0.9998
vn 0.0531 -0.0130 -0.9985
vn 0.1100 -0.0051 -0.9939
vn 0.0920 -0.0015 -0.9958
vn 0.0719 0.0260 -0.9971
vn -0.1059 0.1032 -0.9890
vn -0.3046 0.0032 -0.9525
vn -0.1323 0.0845 -0.9876
vn -0.3670 0.0932 -0.9256
vn -0.0647 0.0352 -0.9973
vn -0.6315 0.1099 -0.7675
vn -0.1788 0.2360 -0.9551
vn -0.2248 0.2628 -0.9383
vn -0.2672 0.0010 -0.9636
vn -0.8537 -0.0912 -0.5127
vn -0.8718 -0.1947 -0.4496
vn -0.9729 -0.1822 -0.1427
vn -0.9344 -0.2830 -0.2161
vn -0.9176 -0.3348 -0.2143
vn -0.8051 -0.5869 0.0857
vn -0.5198 -0.8472 -0.1095
vn -0.2181 -0.9461 -0.2396
vn -0.4926 -0.8542 -0.1663
vn -0.5848 -0.6252 -0.5168
vn 0.7309 -0.0025 -0.6825
vn 0.7025 0.0080 -0.7116
vn -0.5203 -0.0822 -0.8500
vn -0.4873 -0.1711 -0.8563
vn -0.4745 -0.0387 -0.8794
vn -0.2869 -0.1957 -0.9378
vn -0.5430 -0.1011 -0.8336
vn -0.5575 -0.1826 -0.8098
vn -0.5850 -0.0488 -0.8095
vn -0.6270 -0.2020 -0.7524
vn -0.6254 -0.1229 -0.7706
vn -0.6752 -0.1495 -0.7223
vn -0.6525 -0.1495 -0.7429
vn -0.7112 -0.0931 -0.6968
vn -0.6849 -0.2062 -0.6989
vn -0.6421 -0.4206 -0.6409
vn -0.5499 -0.6131 -0.5672
vn -0.6114 -0.2819 -0.7394
vn -0.5440 -0.2819 -0.7903
vn -0.5440 -0.2823 -0.7902
vn -0.4470 -0.2817 -0.8490
vn -0.1510 -0.9523 -0.2653
vn -0.6477 -0.4905 -0.5830
vn -0.5548 -0.4922 -0.6708
vn -0.5475 -0.5499 -0.6308
vn -0.4734 -0.5504 -0.6877
vn -0.4734 -0.5504 -0.6877
vn -0.4066 -0.5503 -0.7293
vn -0.4179 -0.3966 -0.8174
vn 0.2828 0.4158 0.8644
vn -0.2478 -0.9463 -0.2078
vn -0.3929 -0.8290 -0.3980
vn -0.3564 -0.8290 -0.4310
vn -0.3563 -0.8291 -0.4309
vn -0.3171 -0.8291 -0.4606
vn -0.3171 -0.8290 -0.4606
vn -0.2769 -0.8291 -0.4858
vn -0.2906 -0.7918 -0.5373
vn -0.1381 -0.9805 -0.1400
vn -0.1253 -0.9805 -0.1516
vn -0.1252 -0.9805 -0.1515
vn -0.1115 -0.9805 -0.1619
vn -0.1115 -0.9805 -0.1620
vn -0.0931 -0.9804 -0.1735
vn -0.1072 -0.9762 -0.1883
vn -0.0634 -0.9783 -0.1971
vn -0.1633 -0.9326 -0.3219
vn -0.0835 -0.0099 -0.9965
vn -0.0042 0.0101 -0.9999
vn 0.0618 -0.0091 -0.9980
vn 0.5625 -0.0312 -0.8262
vn 0.4714 -0.0066 -0.8819
vn 0.8246 -0.0065 -0.5657
vn 0.8079 -0.0119 -0.5891
vn -0.1585 0.9562 0.2463
vn -0.3988 -0.0390 -0.9162
vn -0.1863 -0.5609 -0.8066
vn 0.6439 -0.6175 -0.4517
vn 0.2053 -0.7514 -0.6271
vn -0.0696 -0.4364 -0.8971
vn -0.0717 -0.3870 -0.9193
vn 0.0368 -0.4107 -0.9110
vn 0.0280 -0.3949 -0.9183
vn 0.6716 -0.5485 -0.4981
vn 0.7029 -0.5228 -0.4823
vn 0.6929 -0.5644 -0.4487
vn 0.4741 -0.5388 -0.6964
vn 0.3557 -0.2095 -0.9108
vn 0.0599 -0.2500 -0.9664
vn 0.0692 -0.2713 -0.9600
vn -0.2355 -0.0606 -0.9700
vn -0.2401 -0.1853 -0.9529
vn -0.2816 -0.1118 -0.9530
vn -0.3037 -0.1879 -0.9340
vn -0.2961 -0.1872 -0.9366
vn -0.3477 -0.2702 -0.8978
vn -0.0157 -0.9807 -0.1949
vn -0.0927 -0.9493 -0.3003
vn -0.0284 -0.9882 -0.1506
vn -0.0582 -0.9513 -0.3027
vn -0.0672 -0.9513 -0.3008
vn 0.0150 -0.9500 -0.3120
vn 0.0160 -0.9445 -0.3281
vn -0.0347 -0.8310 -0.5551
vn -0.0312 -0.5818 -0.8127
vn -0.0075 -0.4586 -0.8886
vn -0.0089 -0.6437 -0.7652
vn -0.0599 -0.2978 -0.9528
vn -0.0459 -0.0983 -0.9941
vn -0.0182 -0.5268 -0.8498
vn -0.1016 -0.9493 -0.2975
vn -0.0380 -0.9661 -0.2555
vn -0.2056 -0.7856 -0.5836
vn -0.2177 -0.7443 -0.6313
vn -0.3037 -0.5516 -0.7768
vn -0.3147 -0.4711 -0.8240
vn -0.3534 -0.2362 -0.9052
vn -0.3449 -0.2701 -0.8989
vn -0.3360 -0.3753 -0.8639
vn -0.2495 -0.2330 -0.9399
vn -0.2497 -0.2364 -0.9390
vn -0.2267 -0.4712 -0.8524
vn -0.2267 -0.4713 -0.8523
vn -0.1709 -0.7470 -0.6425
vn -0.1708 -0.7440 -0.6460
vn -0.0834 -0.9482 -0.3066
vn -0.0828 -0.9464 -0.3121
vn -0.2458 -0.2843 -0.9267
vn -0.1529 -0.2926 -0.9439
vn -0.1527 -0.2979 -0.9423
vn -0.1429 -0.2328 -0.9620
vn -0.1409 -0.4712 -0.8707
vn -0.1234 -0.5825 -0.8034
vn -0.1217 -0.7473 -0.6532
vn -0.0889 -0.8310 -0.5491
vn -0.0643 -0.9802 -0.1874
vn -0.0461 -0.9438 -0.3274
vn 0.9396 0.2411 -0.2430
vn 0.7876 0.5795 -0.2092
vn 0.7090 0.6802 -0.1860
vn -0.8776 0.3154 -0.3610
vn -0.4689 0.8475 -0.2489
vn -0.1367 0.9843 -0.1117
vn -0.5522 0.7293 -0.4040
vn -0.0101 0.7760 -0.6307
vn -0.0826 0.6574 -0.7490
vn 0.1472 0.8346 -0.5308
vn 0.7511 0.5771 0.3206
vn 0.7877 0.3464 0.5094
vn 0.7869 0.6062 0.1156
vn 0.7912 0.6015 0.1105
vn 0.8141 0.5750 -0.0814
vn 0.7522 0.6498 -0.1095
vn 0.9611 -0.0018 -0.2761
vn 0.9661 0.0185 -0.2576
vn 0.9681 0.0000 -0.2504
vn 0.9681 -0.0000 -0.2504
vn 0.8285 0.2046 0.5213
vn 0.7430 0.5179 0.4238
vn 0.5797 0.7137 0.3933
vn 0.5613 0.6218 0.5461
vn 0.8129 0.5492 0.1937
vn 0.9703 0.2253 -0.0885
vn 0.9635 -0.2537 -0.0853
vn 0.7616 0.5063 0.4044
vn 0.7997 0.0734 0.5959
vn 0.8726 0.2086 0.4418
vn 0.8898 0.2516 0.3807
vn 0.9446 0.2199 0.2436
vn 0.9595 0.2335 0.1574
vn 0.8861 0.4503 0.1100
vn 0.9589 0.2457 0.1421
vn 0.2613 0.9640 0.0487
vn 0.2381 0.9622 0.1320
vn 0.4631 0.8862 -0.0142
vn 0.4904 0.8715 0.0025
vn 0.7503 0.6593 -0.0486
vn 0.7452 0.6646 -0.0539
vn 0.6127 0.7859 -0.0836
vn 0.8736 0.4709 -0.1229
vn 0.9856 0.1509 -0.0768
vn 0.7940 0.4399 -0.4197
vn 0.8839 0.4556 -0.1055
vn 0.7393 0.6591 0.1376
vn 0.6878 0.7052 0.1720
vn 0.5284 0.8360 0.1476
vn 0.4565 0.8568 0.2397
vn 0.4051 0.8776 0.2561
vn -0.0144 0.9999 -0.0005
vn -0.0028 1.0000 -0.0045
vn -0.0030 1.0000 -0.0044
vn -0.0032 1.0000 -0.0043
vn -0.0037 1.0000 -0.0040
vn -0.0035 1.0000 -0.0041
vn -0.0036 1.0000 -0.0040
vn -0.0034 1.0000 -0.0041
vn 0.2144 0.2483 0.9447
vn 0.2283 0.5055 0.8321
vn 0.2405 0.6562 0.7152
vn 0.3708 0.0761 0.9256
vn -0.0644 0.2098 0.9756
vn 0.6567 0.2425 0.7141
vn 0.0774 0.3601 0.9297
vn -0.3514 0.1493 0.9243
vn -0.3283 0.1768 0.9279
vn 0.1168 0.2557 0.9597
vn -0.1785 0.2871 0.9411
vn 0.0686 0.5216 0.8504
vn 0.4090 -0.5827 -0.7023
vn 0.2420 0.6533 0.7174
vn -0.4465 -0.8160 0.3671
vn -0.5007 0.1611 0.8505
vn -0.3942 0.3929 0.8308
vn -0.1688 0.5576 0.8128
vn -0.2933 0.5353 0.7921
vn -0.0440 0.6806 0.7314
vn -0.0017 0.6818 0.7315
vn 0.1155 0.7530 0.6478
vn -0.9923 -0.1186 -0.0355
vn -0.7013 0.1711 0.6920
vn -0.5794 0.2460 0.7770
vn -0.5255 0.3870 0.7577
vn -0.3642 0.5198 0.7728
vn -0.6053 0.4108 0.6818
vn -0.3287 0.6955 0.6389
vn -0.3970 0.6724 0.6247
vn -0.1362 0.8379 0.5286
vn -0.3413 0.8152 0.4679
vn -0.0025 0.8961 0.4439
vn 0.0429 0.9258 0.3756
vn 0.8978 0.3848 0.2140
vn 0.3046 0.8026 0.5129
vn -0.8670 0.0882 0.4904
vn -0.7954 0.1954 0.5737
vn -0.7457 0.4775 0.4646
vn -0.7636 0.4599 0.4531
vn -0.6437 0.6164 0.4534
vn -0.5566 0.7529 0.3511
vn -0.5480 0.7574 0.3551
vn -0.2970 0.8942 0.3349
vn -0.2310 0.9572 0.1742
vn -0.0133 0.9805 0.1960
vn -0.9684 0.0303 0.2474
vn -0.9679 0.0237 0.2503
vn -0.9702 -0.0201 0.2413
vn -0.9685 0.0044 0.2489
vn -0.0049 1.0000 0.0058
vn -0.0057 1.0000 0.0056
vn 0.0010 1.0000 0.0046
vn 0.0012 1.0000 0.0046
vn 0.0092 1.0000 0.0037
vn 0.0000 1.0000 0.0000
vn -0.0405 0.9992 0.0025
vn 0.0005 0.9997 0.0234
vn -0.7552 0.1275 0.6429
vn -0.8840 0.3708 0.2849
vn -0.3873 0.7213 0.5743
vn -0.7730 0.3042 0.5568
vn -0.7645 0.1212 0.6331
vn -0.0032 1.0000 -0.0037
vn -0.0134 0.9994 0.0330
vn -0.0921 0.9943 -0.0542
vn -0.0030 0.9994 -0.0330
vn 0.0354 0.9993 -0.0141
vn -0.0731 0.9973 0.0020
vn -0.0519 0.9986 0.0098
vn -0.0259 0.9994 0.0234
vn -0.1222 0.9893 -0.0798
vn -0.0381 0.9992 -0.0094
vn -0.0601 0.9982 -0.0026
vn -0.0215 0.9998 0.0060
vn -0.0333 0.9994 -0.0127
vn -0.0354 0.9993 -0.0116
vn -0.0157 0.9996 0.0213
vn -0.0264 0.9996 -0.0116
vn -0.0118 0.9998 -0.0182
vn -0.0341 0.9994 -0.0035
vn 0.0004 1.0000 0.0042
vn -0.0269 0.9996 0.0041
vn -0.0090 0.9997 0.0221
vn 0.0296 0.9983 0.0497
vn -0.0077 0.9999 0.0070
vn -0.0429 0.9988 -0.0221
vn -0.1782 0.9809 0.0776
vn -0.3850 0.8262 0.4113
vn -0.2065 0.8930 0.4000
vn -0.3081 0.5348 0.7869
vn -0.2601 0.4024 0.8777
vn -0.5887 0.2154 0.7791
vn -0.5488 0.7298 0.4077
vn -0.5467 0.7279 0.4138
vn -0.5467 0.4159 0.7267
vn -0.8349 0.4370 0.3346
vn -0.7923 0.5559 0.2515
vn -0.8713 0.4898 0.0323
vn -0.8066 0.5909 -0.0166
vn -0.9619 0.0152 -0.2730
vn -0.9623 0.0107 -0.2719
vn -0.8162 -0.0174 -0.5776
vn -0.7943 -0.0412 -0.6061
vn -0.6291 0.0000 -0.7773
vn -0.4354 0.0000 -0.9002
vn -0.4056 -0.0160 -0.9139
vn 0.1030 -0.0088 -0.9946
vn 0.0200 -0.0403 -0.9990
vn -0.1520 0.0169 -0.9882
vn -0.0379 -0.0497 -0.9980
vn 0.0051 -0.0078 -1.0000
vn 0.2707 0.1241 -0.9546
vn -0.1430 0.0008 -0.9897
vn -0.0557 -0.0275 -0.9981
vn -0.0198 0.0000 -0.9998
vn -0.1317 0.0000 -0.9913
vn -0.1317 0.0000 -0.9913
vn -0.2449 0.0000 -0.9695
vn -0.2449 0.0000 -0.9695
vn -0.3542 0.0000 -0.9352
vn -0.3498 0.0135 -0.9367
vn -0.4033 -0.0011 -0.9151
vn 0.5934 0.1667 -0.7874
vn 0.0249 0.1082 -0.9938
vn -0.3769 -0.1408 -0.9155
vn -0.2190 -0.0803 -0.9724
vn 0.1052 -0.2459 -0.9636
vn 0.2876 0.0000 -0.9577
vn 0.1735 0.0000 -0.9848
vn 0.1758 -0.0015 -0.9844
vn 1.0000 -0.0000 0.0051
vn 0.9993 0.0373 -0.0092
vn 0.9999 0.0114 -0.0121
vn 0.9974 -0.0390 -0.0600
vn 0.7466 0.0741 0.6611
vn 0.6510 0.0000 0.7591
vn -0.1102 0.0000 0.9939
vn 0.0908 0.0790 0.9927
vn -0.1703 0.0815 0.9820
vn -0.3768 0.0000 0.9263
vn -0.8744 0.0000 0.4852
vn -0.7397 0.0856 0.6675
vn -0.9876 0.0681 0.1417
vn -0.9786 0.0904 0.1850
vn -0.9101 0.0790 -0.4069
vn -0.9121 0.0819 -0.4016
vn -0.5046 0.0766 -0.8599
vn -0.5434 0.0944 -0.8342
vn -0.3231 0.0963 -0.9415
vn -0.0911 0.0000 -0.9958
vn 0.6349 0.0000 -0.7726
vn 0.3753 0.0885 -0.9227
vn 0.5191 0.1031 -0.8485
vn 0.7424 0.0000 -0.6700
vn 0.9970 0.0000 0.0771
vn 0.9578 0.1104 -0.2655
vn 0.9904 0.1352 0.0299
vn 0.9496 0.0327 0.3118
vn -0.6069 -0.0462 -0.7934
vn -0.7937 -0.0087 -0.6083
vn -0.8376 -0.0096 -0.5462
vn -0.8404 -0.0076 -0.5420
vn -0.4073 0.0949 -0.9084
vn -0.9385 0.2705 -0.2146
vn 0.4570 0.0694 -0.8868
vn 0.4638 0.0709 -0.8831
vn -0.0525 0.4009 -0.9146
vn -0.3600 0.4623 -0.8104
vn -0.9190 -0.0176 -0.3939
vn -0.9114 -0.0357 -0.4099
vn -0.2865 0.2862 0.9144
vn -0.5238 -0.0536 -0.8501
vn -0.3138 -0.0032 -0.9495
vn -0.7616 -0.0652 -0.6447
vn -0.8868 0.0572 -0.4586
vn -0.9781 -0.0291 -0.2060
vn -0.9676 -0.0346 0.2502
vn -0.9624 -0.0032 0.2715
vn -0.9447 0.2858 0.1608
vn -0.9697 -0.0204 0.2436
vn -0.9897 0.0035 -0.1429
vn -0.9948 -0.0010 -0.1022
vn -0.8746 0.0018 -0.4849
vn -0.8573 0.0000 -0.5149
vn -0.7970 -0.0000 -0.6040
vn -0.3841 -0.0000 -0.9233
vn -0.4068 0.0036 -0.9135
vn -0.4022 0.0046 -0.9155
vn -0.4350 0.0001 -0.9004
vn -0.3234 -0.0000 -0.9463
vn -0.3129 0.0023 -0.9498
vn -0.2979 0.0000 -0.9546
vn -0.2276 -0.0000 -0.9738
vn -0.2158 0.0024 -0.9764
vn -0.2000 0.0000 -0.9798
vn -0.0440 -0.0079 -0.9990
vn -0.0162 -0.0061 -0.9998
vn -0.0062 -0.0060 -1.0000
vn 0.0071 -0.0066 -1.0000
vn 0.0153 -0.0079 -0.9999
vn 0.0071 -0.0057 -1.0000
vn -0.0101 0.0000 -0.9999
vn -0.1288 -0.0000 -0.9917
vn -0.1165 0.0024 -0.9932
vn -0.1010 0.0000 -0.9949
vn -0.0165 -0.0000 -0.9999
vn -0.0130 -0.0025 -0.9999
vn -0.8802 -0.0920 -0.4656
vn -0.8562 -0.0074 -0.5166
vn -0.8601 -0.0162 -0.5098
vn -0.8603 -0.0165 -0.5095
vn -0.8559 -0.0114 -0.5170
vn -0.8398 -0.0000 -0.5429
vn -0.7143 -0.0001 -0.6998
vn -0.7151 0.0000 -0.6990
vn -0.7322 0.0100 -0.6810
vn -0.7496 0.0000 -0.6619
vn -0.7970 0.0000 -0.6040
vn -0.6301 -0.0005 -0.7765
vn -0.6600 0.0027 -0.7512
vn -0.6599 0.0028 -0.7514
vn -0.6829 0.0002 -0.7305
vn -0.5857 0.0009 -0.8105
vn -0.5812 0.0020 -0.8137
vn -0.5458 -0.0000 -0.8379
vn -0.4286 0.0005 -0.9035
vn -0.4965 -0.0008 -0.8680
vn -0.5412 -0.0186 -0.8407
vn -0.4897 0.0006 -0.8719
vn -0.3833 -0.1042 -0.9177
vn -0.4738 0.0255 -0.8803
vn -0.5209 0.0677 -0.8509
vn -0.9266 -0.0230 -0.3754
vn -0.9181 -0.0330 -0.3949
vn -0.5077 -0.0379 -0.8607
vn -0.5457 -0.0230 -0.8377
vn -0.1251 -0.0213 -0.9919
vn -0.0910 -0.0303 -0.9954
vn 0.3542 0.0078 -0.9351
vn 0.3768 0.0000 -0.9263
vn 0.6492 0.0000 -0.7606
vn 0.7419 -0.0351 -0.6695
vn 0.9457 -0.0182 -0.3244
vn 0.9630 -0.0360 -0.2669
vn 0.9957 -0.0172 0.0910
vn 0.9921 -0.0243 0.1228
vn 0.8602 -0.0293 0.5091
vn 0.8718 -0.0215 0.4893
vn 0.5454 -0.0234 0.8378
vn 0.5457 -0.0233 0.8377
vn 0.1451 -0.0218 0.9892
vn 0.0910 -0.0353 0.9952
vn -0.1922 -0.0077 0.9813
vn -0.3763 -0.0502 0.9251
vn -0.7012 -0.0072 0.7130
vn -0.7422 -0.0239 0.6698
vn -0.9768 -0.0087 0.2142
vn -0.9806 -0.0169 0.1955
vn 0.4699 0.7931 -0.3875
vn 0.6290 0.7552 -0.1844
vn 0.2797 0.8265 -0.4886
vn 0.3174 0.7796 -0.5398
vn 0.2671 0.0365 -0.9630
vn 0.2551 0.0682 -0.9645
vn 0.0267 0.9996 0.0115
vn -0.0071 0.9976 -0.0685
vn -0.0063 0.9976 -0.0685
vn 0.0276 0.9979 -0.0578
vn -0.0007 1.0000 -0.0072
vn 0.0452 0.9988 -0.0204
vn 0.0013 1.0000 0.0019
vn 0.0024 1.0000 0.0012
vn 0.0313 0.9995 -0.0046
vn 0.0382 0.9992 0.0065
vn 0.0029 1.0000 -0.0072
vn 0.0084 0.9999 -0.0076
vn 0.0261 0.9996 -0.0095
vn -0.0016 0.9990 0.0442
vn 0.0333 0.4048 -0.9138
vn 0.0354 0.9994 0.0043
vn 0.0696 0.9588 0.2753
vn -0.0000 1.0000 0.0000
vn 0.0000 1.0000 0.0000
vn 0.0884 0.9582 0.2722
vn 0.0290 0.9996 -0.0058
vn -0.1008 0.9942 -0.0369
vn -0.0470 0.9963 -0.0721
vn -0.0271 0.9967 -0.0772
vn -0.0780 0.9960 -0.0438
vn 0.0020 0.9977 -0.0677
vn 0.0254 0.9997 0.0031
vn 0.0250 0.9997 -0.0069
vn -0.0374 0.9859 -0.1629
vn 0.7773 0.3483 0.5240
vn 0.8146 0.0000 0.5801
vn 0.8255 -0.0016 0.5644
vn 0.9256 -0.0016 0.3784
vn 0.9022 0.0014 0.4313
vn 0.9950 0.0028 -0.0995
vn 0.9921 -0.0005 -0.1255
vn 0.9979 0.0030 0.0644
vn 0.9894 -0.0011 0.1454
vn 0.9622 0.0019 0.2725
vn 0.0923 0.9896 0.1108
vn 0.0814 0.9895 0.1190
vn 0.0927 0.9912 0.0946
vn 0.1470 0.9733 0.1763
vn 0.4916 0.7277 0.4783
vn 0.3844 0.8146 0.4343
vn 0.3280 0.8812 0.3405
vn 0.1600 0.9699 0.1836
vn 0.6482 0.4523 0.6125
vn 0.6286 0.4100 0.6609
vn 0.6950 0.2641 0.6688
vn 0.6402 0.2645 0.7212
vn 0.7038 0.0916 0.7044
vn 0.7065 0.0810 0.7030
vn 0.6805 0.0453 0.7313
vn 0.6627 0.0573 0.7467
vn 0.6595 0.0394 0.7507
vn 0.6279 0.0527 0.7765
vn 0.5078 0.1048 0.8551
vn 0.5008 0.1307 0.8557
vn 0.4879 0.0369 0.8721
vn 0.3961 0.2330 0.8882
vn 0.2264 0.7682 0.5988
vn 0.1867 0.9070 0.3775
vn 0.0481 0.9910 0.1249
vn 0.5749 0.2641 0.7744
vn 0.5407 0.2641 0.7987
vn 0.5596 0.0602 0.8266
vn 0.5348 0.0259 0.8446
vn 0.6057 0.0439 0.7945
vn 0.6299 0.0439 0.7754
vn 0.6081 0.2642 0.7486
vn 0.6404 0.2642 0.7212
vn 0.5633 0.5294 0.6343
vn 0.5988 0.5293 0.6011
vn 0.5057 0.5294 0.6812
vn 0.4571 0.5787 0.6754
vn 0.5405 0.2644 0.7987
vn 0.4892 0.2642 0.8312
vn 0.4864 0.2444 0.8389
vn 0.3675 0.2506 0.8956
vn 0.3358 0.7502 0.5696
vn 0.3359 0.7493 0.5707
vn 0.2084 0.9117 0.3540
vn 0.2108 0.9070 0.3645
vn 0.0759 0.9875 0.1384
vn 0.0751 0.9895 0.1231
vn 0.0864 0.9896 0.1153
vn 0.0862 0.9888 0.1216
vn 0.2435 0.9071 0.3434
vn 0.2435 0.9070 0.3435
vn 0.3831 0.7493 0.5402
vn 0.3831 0.7492 0.5403
vn 0.4908 0.5292 0.6922
vn 0.4237 0.5290 0.7353
vn 0.4237 0.5496 0.7200
vn 0.5291 0.5686 0.6300
vn 0.3867 0.4795 0.7878
vn 0.1543 0.9734 0.1695
vn 0.1631 0.9754 0.1486
vn 0.2725 0.9071 0.3208
vn 0.3992 0.8147 0.4207
vn 0.4288 0.7493 0.5047
vn 0.5385 0.5552 0.6339
vn 0.5350 0.5294 0.6584
vn 0.6082 0.2640 0.7486
vn 0.5749 0.2640 0.7744
vn 0.5949 0.0641 0.8013
vn 0.5763 0.0055 0.8172
vn -0.8794 0.0095 0.4760
vn -0.8661 0.0193 0.4995
vn -0.6381 0.0289 0.7694
vn -0.6906 0.0108 0.7232
vn -0.4102 -0.0100 0.9119
vn -0.3523 0.0108 0.9358
vn 0.2065 0.0034 0.9784
vn -0.1207 0.0178 0.9925
vn -0.0641 -0.0027 0.9979
vn 0.1684 0.0181 0.9855
vn 0.3903 0.0132 0.9206
vn 0.3265 0.0001 0.9452
vn 0.3904 -0.0034 0.9206
vn 0.3051 0.1294 0.9435
vn 0.4116 0.0360 0.9107
vn -0.3192 -0.2837 -0.9042
vn 0.3393 0.1195 0.9331
vn -0.5488 0.8062 0.2212
vn -0.5839 0.7660 0.2690
vn -0.4599 0.8591 0.2246
vn 0.1044 0.9569 0.2710
vn -0.2106 0.5612 0.8004
vn -0.3110 0.4252 0.8500
vn 0.1785 0.7545 0.6316
vn 0.2132 0.5297 0.8209
vn 0.1786 0.5102 0.8413
vn 0.2830 0.5574 0.7805
vn 0.0923 0.5579 0.8248
vn -0.2543 0.2590 0.9318
vn 0.4289 0.2318 0.8731
vn 0.2127 0.3164 0.9245
vn 0.3981 0.3548 0.8459
vn 0.2750 0.3857 0.8807
vn 0.1409 0.2759 0.9508
vn 0.1686 0.3023 0.9382
vn -0.0091 0.0973 0.9952
vn -0.7368 0.4179 0.5315
vn -0.5471 0.6817 0.4857
vn -0.2450 0.8563 0.4547
vn 0.3750 0.1160 0.9197
vn 0.3649 0.1151 0.9239
vn 0.3653 0.1147 0.9238
vn 0.3225 0.2617 0.9097
vn 0.1748 0.1342 0.9754
vn 0.2979 0.1628 0.9406
vn 0.2486 0.0550 0.9670
vn -0.2011 0.8066 0.5558
vn -0.2822 0.7229 0.6308
vn -0.6892 0.0934 0.7185
vn -0.4055 0.3740 0.8341
vn -0.2793 0.1708 0.9449
vn 0.0046 0.2079 0.9781
vn -0.1202 0.0957 0.9881
vn 0.2417 0.0806 0.9670
vn 0.1682 -0.0540 0.9843
vn -0.0186 0.3646 0.9310
vn -0.0100 0.1257 0.9920
vn 0.0093 0.2160 0.9763
vn -0.0106 0.5269 0.8499
vn -0.0201 0.5523 0.8334
vn -0.0193 0.5337 0.8455
vn 0.0301 0.7729 0.6338
vn -0.0236 0.9169 0.3983
vn -0.0215 0.9348 0.3545
vn -0.0451 0.9679 0.2472
vn -0.0400 0.9941 0.1010
vn -0.0381 0.9926 0.1153
vn 0.1169 0.2068 0.9714
vn 0.0120 0.9952 0.0974
vn 0.0396 0.9738 0.2237
vn 0.0314 0.9358 0.3511
vn 0.0577 0.8815 0.4686
vn 0.0604 0.7721 0.6327
vn 0.0606 0.7729 0.6316
vn 0.0944 0.6342 0.7674
vn 0.0910 0.4707 0.8776
vn 0.1037 0.5278 0.8430
vn 0.1189 0.2276 0.9665
vn 0.1164 0.2163 0.9694
vn 0.2185 0.2024 0.9546
vn 0.0507 0.9737 0.2219
vn 0.0507 0.9738 0.2218
vn 0.1053 0.8815 0.4603
vn 0.1053 0.8815 0.4602
vn 0.1416 0.7725 0.6190
vn 0.1416 0.7726 0.6189
vn 0.1725 0.6342 0.7537
vn 0.1725 0.6342 0.7537
vn 0.1968 0.4713 0.8597
vn 0.1968 0.4711 0.8598
vn 0.2172 0.2274 0.9493
vn 0.2172 0.2276 0.9492
vn 0.3138 0.1995 0.9283
vn 0.3117 0.2273 0.9226
vn 0.3125 0.2322 0.9211
vn 0.2833 0.4712 0.8353
vn 0.2835 0.5245 0.8028
vn 0.2466 0.6342 0.7328
vn 0.2161 0.7722 0.5976
vn 0.0764 0.9577 0.2775
vn 0.0731 0.9738 0.2156
vn 0.0972 0.9531 0.2867
vn 0.1377 0.8817 0.4513
vn 0.2165 0.7517 0.6229
vn -0.0779 0.4054 0.9108
vn -0.0923 0.8312 0.5483
vn -0.1654 0.4870 0.8576
vn -0.1504 0.5398 0.8282
vn -0.0932 0.8312 0.5481
vn -0.0757 0.4036 0.9118
vn -0.0999 0.1712 0.9802
vn -0.3643 -0.0397 0.9304
vn -0.3458 -0.0263 0.9379
vn -0.6027 0.0219 0.7977
vn -0.7307 -0.0314 0.6820
vn -0.7974 0.0000 0.6035
vn -0.9283 0.0000 0.3720
vn -0.9417 -0.0169 0.3362
vn -0.9977 -0.0145 -0.0656
vn -0.9988 0.0336 0.0370
vn 0.0000 -1.0000 0.0000
vn 0.0000 -1.0000 0.0000
vn 0.0000 -1.0000 0.0000
vn 0.0000 -1.0000 0.0000
vn 0.0000 -1.0000 0.0000
vn 0.0000 -1.0000 0.0000
vn 0.0000 -1.0000 0.0000
vn 0.0000 -1.0000 0.0000
vn 0.0000 -1.0000 0.0000
vn 0.0000 -1.0000 0.0000
vn 0.0000 -1.0000 -0.0000
vn 0.0000 -1.0000 0.0000
vn 0.0000 -1.0000 0.0000
vn -0.0000 -1.0000 0.0000
vn 0.0000 -1.0000 0.0000
vn 0.0000 -1.0000 0.0000
vn 0.0000 -1.0000 -0.0000
vn 0.0000 -1.0000 0.0000
vn 0.0000 -1.0000 0.0000
vn 0.0000 -1.0000 0.0000
vn 0.0000 -1.0000 0.0000
vn 0.0000 -1.0000 0.0000
vn 0.0000 -1.0000 0.0000
vn 0.0000 -1.0000 0.0000
vn 0.0000 -1.0000 -0.0000
vn 0.0000 -1.0000 0.0000
vn 0.0000 -1.0000 -0.0000
vn 0.0000 -1.0000 -0.0000
vn 0.0000 -1.0000 0.0000
vn 0.0000 -1.0000 0.0000
vn 0.0000 -1.0000 0.0000
vn 0.0000 -1.0000 0.0000
vn -1.0000 0.0000 -0.0087
vn -1.0000 0.0000 -0.0087
vn -0.2907 -0.9568 -0.0070
vn -0.0942 -0.9956 -0.0008
vn -0.1106 -0.9938 0.0053
vn -0.2955 -0.9553 -0.0089
vn -0.6205 -0.7841 0.0140
vn -0.5610 -0.8254 0.0641
vn -0.8310 -0.5515 0.0727
vn -0.7801 -0.6256 -0.0056
vn -0.9788 -0.2046 -0.0085
vn -0.9815 -0.1917 0.0011
vn -0.0113 -0.9995 -0.0289
vn 0.0000 -1.0000 0.0000
vn 0.0000 -1.0000 0.0000
vn 0.0000 -1.0000 0.0000
vn 0.0000 -1.0000 0.0000
vn 0.0000 -1.0000 0.0000
vn 0.0000 -1.0000 0.0000
vn 0.0000 -1.0000 0.0000
vn 0.0000 -1.0000 0.0000
vn 0.0000 -1.0000 0.0000
vn 0.0000 -1.0000 0.0000
vn 0.0000 -1.0000 0.0000
vn 0.0000 -1.0000 0.0000
vn 0.0000 -1.0000 0.0000
vn 0.0000 -1.0000 0.0000
vn 0.0000 -1.0000 0.0000
vn 0.0000 -1.0000 0.0000
vn 0.0000 -1.0000 0.0000
vn 0.0000 -1.0000 0.0000
vn 0.0000 -1.0000 0.0000
vn 0.0000 -1.0000 0.0000
vn 0.0000 -1.0000 0.0000
vn 0.4694 -0.1801 -0.8644
vn 0.0520 -0.9937 -0.0992
vn 0.1186 -0.9389 -0.3232
vn 0.1207 -0.9472 -0.2970
vn 0.4829 -0.2079 -0.8507
vn 0.4029 -0.4936 -0.7707
vn 0.4111 -0.5139 -0.7529
vn 0.2943 -0.7817 -0.5498
vn 0.2763 -0.7180 -0.6388
vn 0.2488 -0.8569 -0.4515
vn 0.4772 -0.0000 -0.8788
vn 0.6075 -0.0710 -0.7912
vn -0.0560 -0.9984 0.0123
vn 0.1358 -0.9870 -0.0855
vn 0.0000 -1.0000 -0.0000
vn 0.0000 -1.0000 0.0000
vn 0.2415 -0.9643 -0.1091
vn -0.0084 -0.9983 -0.0575
vn -0.1181 -0.9929 -0.0124
vn 0.0000 -1.0000 0.0000
vn 0.0000 -1.0000 -0.0000
vn 0.0000 -1.0000 0.0000
vn 0.0000 -1.0000 -0.0000
vn 0.0000 -1.0000 0.0000
vn 0.0265 -0.9995 0.0157
vn 0.0265 -0.9995 0.0157
vn 0.0258 -0.9989 0.0386
vn 0.0000 -1.0000 0.0000
vn 0.0000 -1.0000 0.0000
vn 0.0000 -1.0000 0.0000
vn 0.0000 -1.0000 0.0000
vn 0.0000 -1.0000 0.0000
vn -0.0000 -1.0000 -0.0000
vn 0.0000 -1.0000 0.0000
vn 0.0000 -1.0000 0.0000
vn -0.0165 -0.9999 0.0023
vn -0.0041 -1.0000 -0.0070
vn -0.0098 -0.9999 -0.0040
vn 0.0164 -0.9996 0.0249
vn -0.0042 -1.0000 -0.0048
vn -0.0055 -1.0000 -0.0037
vn -0.0056 -1.0000 -0.0036
vn 0.1090 -0.9936 -0.0314
vn -0.0021 -0.9997 -0.0249
vn -0.0000 -1.0000 0.0000
vn -0.0000 -1.0000 0.0000
vn 0.2442 0.0365 -0.9690
vn 0.4563 -0.0166 -0.8897
vn 0.7613 0.0735 -0.6442
vn 0.7702 0.0728 -0.6336
vn 0.6807 0.0219 -0.7322
vn 0.9745 0.0224 -0.2231
vn 0.9601 0.0427 -0.2764
vn 0.9481 -0.0244 0.3172
vn 0.9955 0.0658 0.0678
vn 0.6870 0.5054 0.5220
vn 0.5331 0.7508 0.3899
vn 0.2470 0.9482 0.1996
vn 0.5484 0.7624 0.3435
vn 0.5589 0.7507 0.3522
vn 0.7570 0.4496 0.4743
vn 0.5775 0.7624 0.2918
vn 0.5828 0.7810 0.2246
vn 0.8646 -0.0001 0.5025
vn 0.8695 0.0007 0.4939
vn 0.8728 0.0015 0.4880
vn 0.8733 0.0017 0.4872
vn 0.8705 0.0000 0.4922
vn 0.8947 0.0367 0.4451
vn 0.9222 0.0572 0.3824
vn 0.9051 -0.0100 0.4250
vn 0.9192 -0.0156 0.3934
vn 0.9277 0.0022 0.3734
vn 0.9388 -0.0270 0.3433
vn 0.8521 0.0144 0.5232
vn 0.8561 0.0171 0.5166
vn 0.8346 -0.0000 0.5509
vn -0.0360 -0.0924 0.9951
vn 0.0047 0.0000 1.0000
vn 0.0114 0.0097 0.9999
vn 0.0259 0.0409 0.9988
vn 0.0120 0.0268 0.9996
vn 0.0174 0.0354 0.9992
vn 0.0346 0.0729 0.9967
vn 0.5744 0.1030 0.8120
vn -0.0449 -0.0005 0.9990
vn -0.0478 0.0000 0.9989
vn -0.0780 0.0000 0.9970
vn -0.1014 0.0312 0.9944
vn -0.1273 0.0000 0.9919
vn -0.1787 0.0000 0.9839
vn -0.1745 0.0061 0.9846
vn -0.0726 0.0959 0.9927
vn 0.0047 0.0000 1.0000
vn 0.0850 0.0000 0.9964
vn 0.0969 -0.0011 0.9953
vn 0.1008 0.0000 0.9949
vn 0.1900 0.0000 0.9818
vn 0.1950 -0.0005 0.9808
vn 0.1970 0.0000 0.9804
vn 0.2845 0.0000 0.9587
vn 0.2913 -0.0008 0.9566
vn 0.2942 0.0000 0.9557
vn 0.4003 -0.0019 0.9164
vn 0.3845 -0.0049 0.9231
vn 0.3329 0.0057 0.9429
vn 0.3774 -0.0000 0.9261
vn 0.4882 -0.0000 0.8727
vn 0.5105 -0.0171 0.8597
vn 0.5172 0.0093 0.8558
vn 0.4850 0.0011 0.8745
vn 0.4740 -0.0023 0.8805
vn 0.4223 0.0010 0.9065
vn 0.4278 0.0009 0.9039
vn 0.7552 -0.3423 0.5590
vn 0.4761 0.0000 0.8794
vn 0.5350 0.0000 0.8449
vn 0.5588 -0.0028 0.8293
vn 0.6600 0.0000 0.7513
vn 0.6288 -0.0040 0.7775
vn 0.6381 -0.0017 0.7700
vn 0.6063 -0.0000 0.7952
vn 0.5763 0.0000 0.8172
vn 0.7475 -0.0256 0.6637
vn 0.7014 -0.0000 0.7128
vn 0.7068 -0.0013 0.7074
vn 0.6812 -0.0000 0.7321
vn 0.8288 0.0028 0.5596
vn 0.8389 -0.0000 0.5443
vn 0.7772 -0.0000 0.6292
vn 0.7639 0.0120 0.6452
vn 0.8003 0.0043 0.5996
vn 0.7111 0.0025 0.7031
f 3679//1 3684//1 3760//1
f 3679//2 3760//2 3753//2
f 4534//3 4124//3 4535//3
f 4534//4 4666//4 4533//4
f 4124//5 4125//5 4535//5
f 4535//6 4125//6 4017//6
f 4535//7 4017//7 4409//7
f 4409//8 4017//8 4018//8
f 4305//9 4124//9 4408//9
f 4408//10 4124//10 4534//10
f 4408//11 4534//11 4532//11
f 4532//12 4534//12 4533//12
f 4210//13 4306//13 4126//13
f 4126//14 4306//14 4409//14
f 4126//15 4409//15 4018//15
f 4126//16 4018//16 4019//16
f 4663//17 4904//17 4662//17
f 4662//18 4904//18 4958//18
f 4662//19 4958//19 4661//19
f 4853//20 4906//20 4905//20
f 4958//21 4957//21 4903//21
f 4749//22 4661//22 4809//22
f 4809//23 4661//23 4958//23
f 4809//24 4958//24 4852//24
f 4852//25 4958//25 4903//25
f 4664//26 4665//26 4750//26
f 4750//27 4853//27 4664//27
f 4664//28 4853//28 4905//28
f 4664//29 4905//29 4531//29
f 4531//30 4905//30 4904//30
f 4531//31 4904//31 4530//31
f 4530//32 4904//32 4663//32
f 4659//33 4851//33 4902//33
f 4900//34 4850//34 4901//34
f 4901//35 4850//35 4807//35
f 4901//36 4807//36 4747//36
f 4660//37 4748//37 4659//37
f 4659//38 4748//38 4808//38
f 4659//39 4808//39 4851//39
f 4902//40 4956//40 4659//40
f 4659//41 4956//41 4955//41
f 4659//42 4955//42 4658//42
f 4658//43 4955//43 4954//43
f 4658//44 4954//44 4529//44
f 4529//45 4954//45 4901//45
f 4529//46 4901//46 4528//46
f 4528//47 4901//47 4747//47
f 4528//48 4747//48 4657//48
f 4209//49 4655//49 4123//49
f 4123//50 4655//50 4526//50
f 4123//51 4526//51 4122//51
f 4122//52 4526//52 4525//52
f 4122//53 4525//53 4016//53
f 4016//54 4525//54 4406//54
f 4016//55 4406//55 4015//55
f 4406//56 4303//56 4208//56
f 4014//57 4015//57 4013//57
f 4013//58 4015//58 4406//58
f 4013//59 4406//59 4121//59
f 4121//60 4406//60 4208//60
f 4527//61 4656//61 4407//61
f 4407//62 4656//62 4655//62
f 4407//63 4655//63 4304//63
f 4304//64 4655//64 4209//64
f 3600//65 3331//65 3662//65
f 3600//66 3526//66 3430//66
f 3331//67 3431//67 3662//67
f 3662//68 3431//68 3527//68
f 3662//69 3527//69 3722//69
f 3722//70 3527//70 3601//70
f 3244//71 3331//71 3243//71
f 3243//72 3331//72 3600//72
f 3243//73 3600//73 3330//73
f 3330//74 3600//74 3430//74
f 3724//75 3723//75 3725//75
f 3725//76 3723//76 3722//76
f 3725//77 3722//77 3726//77
f 3726//78 3722//78 3601//78
f 3726//79 3601//79 3663//79
f 2830//80 2793//80 2754//80
f 2754//81 2793//81 2707//81
f 2707//82 2793//82 2753//82
f 2707//83 2753//83 2667//83
f 2986//84 2903//84 2830//84
f 2753//85 2706//85 2666//85
f 2623//86 2667//86 2622//86
f 2622//87 2667//87 2753//87
f 2622//88 2753//88 2621//88
f 2621//89 2753//89 2666//89
f 2831//90 2904//90 2987//90
f 2987//91 2986//91 2831//91
f 2831//92 2986//92 2830//92
f 2831//93 2830//93 2794//93
f 2794//94 2830//94 2754//94
f 2175//95 2174//95 2147//95
f 2208//96 2306//96 2305//96
f 2091//97 2044//97 2147//97
f 2147//98 2044//98 2045//98
f 2045//99 2092//99 2147//99
f 2147//100 2092//100 2148//100
f 2147//101 2148//101 2175//101
f 2256//102 2308//102 2208//102
f 2208//103 2308//103 2307//103
f 2208//104 2307//104 2306//104
f 2175//105 2209//105 2174//105
f 2174//106 2209//106 2208//106
f 2174//107 2208//107 2207//107
f 2207//108 2208//108 2305//108
f 2207//109 2305//109 2255//109
f 1293//110 1084//110 994//110
f 1363//111 1292//111 1231//111
f 995//112 996//112 994//112
f 994//113 996//113 1085//113
f 994//114 1085//114 1086//114
f 1086//115 1152//115 994//115
f 994//116 1152//116 1232//116
f 994//117 1232//117 1293//117
f 1430//118 1362//118 1363//118
f 1363//119 1362//119 1361//119
f 1363//120 1361//120 1292//120
f 1293//121 1363//121 1084//121
f 1084//122 1363//122 1231//122
f 1084//123 1231//123 1151//123
f 999//124 998//124 697//124
f 697//125 998//125 696//125
f 697//126 698//126 999//126
f 999//127 698//127 699//127
f 999//128 699//128 700//128
f 998//129 997//129 926//129
f 758//130 696//130 815//130
f 815//131 696//131 998//131
f 815//132 998//132 872//132
f 872//133 998//133 926//133
f 873//134 927//134 816//134
f 816//135 927//135 999//135
f 816//136 999//136 759//136
f 759//137 999//137 700//137
f 1000//138 760//138 701//138
f 761//139 818//139 703//139
f 703//140 818//140 875//140
f 875//141 929//141 703//141
f 703//142 929//142 1002//142
f 703//143 1002//143 1001//143
f 928//144 874//144 1000//144
f 1000//145 874//145 817//145
f 1000//146 817//146 760//146
f 703//147 1001//147 1000//147
f 703//148 1000//148 702//148
f 702//149 1000//149 701//149
f 1088//150 1364//150 1006//150
f 1006//151 1364//151 1294//151
f 1006//152 1294//152 1005//152
f 1294//153 1233//153 1153//153
f 1364//154 1088//154 1154//154
f 1364//155 1154//155 1234//155
f 1432//156 1431//156 1365//156
f 1365//157 1431//157 1364//157
f 1365//158 1364//158 1295//158
f 1295//159 1364//159 1234//159
f 1004//160 1005//160 1003//160
f 1003//161 1005//161 1294//161
f 1003//162 1294//162 1087//162
f 1087//163 1294//163 1153//163
f 1661//164 1549//164 1550//164
f 1662//165 1702//165 1614//165
f 1614//166 1702//166 1745//166
f 1614//167 1745//167 1744//167
f 1744//168 1743//168 1614//168
f 1614//169 1743//169 1742//169
f 1614//170 1742//170 1701//170
f 1631//171 1587//171 1661//171
f 1661//172 1587//172 1548//172
f 1661//173 1548//173 1549//173
f 1701//174 1661//174 1614//174
f 1614//175 1661//175 1588//175
f 1588//176 1661//176 1550//176
f 1588//177 1550//177 1551//177
f 2211//178 2210//178 2177//178
f 2177//179 2210//179 2150//179
f 2150//180 2210//180 2176//180
f 2150//181 2176//181 2094//181
f 2211//182 2177//182 2212//182
f 2211//183 2212//183 2257//183
f 2257//184 2212//184 2258//184
f 2176//185 2149//185 2093//185
f 2048//186 2094//186 2047//186
f 2047//187 2094//187 2176//187
f 2047//188 2176//188 2046//188
f 2046//189 2176//189 2093//189
f 2310//190 2309//190 2311//190
f 2311//191 2309//191 2257//191
f 2311//192 2257//192 2312//192
f 2312//193 2257//193 2258//193
f 2708//194 2626//194 2669//194
f 2907//195 2906//195 2833//195
f 2833//196 2906//196 2988//196
f 2833//197 2988//197 2905//197
f 2668//198 2624//198 2708//198
f 2708//199 2624//199 2625//199
f 2708//200 2625//200 2626//200
f 2669//201 2709//201 2708//201
f 2708//202 2709//202 2756//202
f 2708//203 2756//203 2755//203
f 2755//204 2756//204 2796//204
f 2755//205 2796//205 2795//205
f 2795//206 2796//206 2833//206
f 2795//207 2833//207 2905//207
f 2795//208 2905//208 2832//208
f 3245//209 3529//209 3332//209
f 3332//210 3529//210 3603//210
f 3332//211 3603//211 3432//211
f 3432//212 3603//212 3666//212
f 3432//213 3666//213 3528//213
f 3528//214 3666//214 3665//214
f 3665//215 3729//215 3728//215
f 3602//216 3528//216 3664//216
f 3664//217 3528//217 3665//217
f 3664//218 3665//218 3727//218
f 3727//219 3665//219 3728//219
f 3333//220 3433//220 3247//220
f 3247//221 3433//221 3529//221
f 3247//222 3529//222 3246//222
f 3246//223 3529//223 3245//223
f 3806//224 3802//224 3810//224
f 3810//225 3802//225 3753//225
f 3810//226 3753//226 3809//226
f 3809//227 3753//227 3760//227
f 3947//228 3950//228 3859//228
f 3859//229 3950//229 3958//229
f 3859//230 3958//230 3869//230
f 3859//231 3869//231 3808//231
f 3859//232 3808//232 3800//232
f 3800//233 3808//233 3759//233
f 3800//234 3759//234 3750//234
f 3750//235 3759//235 3683//235
f 3750//236 3683//236 3678//236
f 3678//237 3683//237 3684//237
f 3678//238 3684//238 3679//238
f 1533//239 1530//239 1537//239
f 1537//240 1530//240 1596//240
f 1537//241 1596//241 1571//241
f 1571//242 1596//242 1604//242
f 1459//243 1463//243 1532//243
f 1532//244 1463//244 1509//244
f 1532//245 1509//245 1538//245
f 1532//246 1538//246 1572//246
f 1532//247 1572//247 1567//247
f 1567//248 1572//248 1607//248
f 1567//249 1607//249 1599//249
f 1599//250 1607//250 1606//250
f 1599//251 1606//251 1598//251
f 1598//252 1606//252 1605//252
f 1598//253 1605//253 1597//253
f 1597//254 1605//254 1604//254
f 1597//255 1604//255 1596//255
f 2684//256 2691//256 2732//256
f 2684//257 2732//257 2724//257
f 2724//258 2732//258 2731//258
f 2724//259 2731//259 2723//259
f 2725//260 2721//260 2729//260
f 2729//261 2721//261 2723//261
f 2729//262 2723//262 2730//262
f 2730//263 2723//263 2731//263
f 2593//264 2599//264 2594//264
f 2594//265 2599//265 2602//265
f 2594//266 2602//266 2603//266
f 2594//267 2603//267 2604//267
f 2594//268 2604//268 2595//268
f 2595//269 2604//269 2596//269
f 2604//270 2605//270 2596//270
f 2596//271 2605//271 2652//271
f 2596//272 2652//272 2646//272
f 2646//273 2652//273 2691//273
f 2646//274 2691//274 2684//274
f 4346//275 4345//275 4252//275
f 4252//276 4345//276 4157//276
f 4252//277 4157//277 4163//277
f 4243//278 4246//278 4048//278
f 4048//279 4246//279 4162//279
f 4048//280 4162//280 4058//280
f 4048//281 4058//281 3955//281
f 4048//282 3955//282 3944//282
f 3944//283 3955//283 3956//283
f 3944//284 3956//284 3945//284
f 3945//285 3956//285 3957//285
f 3945//286 3957//286 3946//286
f 3946//287 3957//287 4060//287
f 3946//288 4060//288 4051//288
f 4051//289 4060//289 4163//289
f 4051//290 4163//290 4157//290
f 2245//291 2244//291 2248//291
f 2248//292 2244//292 2243//292
f 2248//293 2243//293 2247//293
f 2247//294 2243//294 2246//294
f 2387//295 2390//295 2448//295
f 2448//296 2390//296 2393//296
f 2448//297 2393//297 2457//297
f 2448//298 2457//298 2392//298
f 2448//299 2392//299 2385//299
f 2385//300 2392//300 2391//300
f 2385//301 2391//301 2384//301
f 2384//302 2391//302 2354//302
f 2384//303 2354//303 2350//303
f 2350//304 2354//304 2297//304
f 2350//305 2297//305 2287//305
f 2287//306 2297//306 2246//306
f 2287//307 2246//307 2243//307
f 3458//308 3684//308 1607//308
f 3684//309 3683//309 1607//309
f 1607//310 3683//310 1606//310
f 4058//311 4162//311 3952//311
f 2354//312 2391//312 3458//312
f 3458//313 2391//313 2392//313
f 3458//314 2392//314 3199//314
f 2732//315 3956//315 2731//315
f 2731//316 3956//316 3955//316
f 2731//317 3955//317 2730//317
f 2732//318 2691//318 3956//318
f 3956//319 2691//319 1626//319
f 1626//320 2691//320 2652//320
f 1626//321 2652//321 2605//321
f 2603//322 2602//322 2456//322
f 1263//323 1341//323 1538//323
f 1538//324 1341//324 1395//324
f 1538//325 1395//325 1572//325
f 1572//326 1395//326 1466//326
f 1538//327 1509//327 1394//327
f 1396//328 1342//328 1469//328
f 2457//329 2393//329 2565//329
f 3684//330 3458//330 3760//330
f 3760//331 3458//331 3619//331
f 3760//332 3619//332 3809//332
f 4454//333 4163//333 4060//333
f 4454//334 4060//334 1606//334
f 1606//335 4060//335 3957//335
f 3952//336 3807//336 4058//336
f 4058//337 3807//337 3682//337
f 4058//338 3682//338 3955//338
f 3955//339 3682//339 3448//339
f 3955//340 3448//340 3190//340
f 2456//341 2296//341 2603//341
f 2603//342 2296//342 2126//342
f 2603//343 2126//343 2604//343
f 2604//344 2126//344 1978//344
f 2604//345 1978//345 1842//345
f 2297//346 2354//346 1467//346
f 2565//347 2692//347 2457//347
f 2457//348 2692//348 2860//348
f 2457//349 2860//349 2392//349
f 2392//350 2860//350 3049//350
f 2392//351 3049//351 3199//351
f 1571//352 1604//352 1626//352
f 1626//353 1604//353 1605//353
f 1626//354 1605//354 3956//354
f 3956//355 1605//355 3957//355
f 3957//356 1605//356 1606//356
f 3808//357 4454//357 3759//357
f 3759//358 4454//358 1606//358
f 3759//359 1606//359 3683//359
f 3869//360 3958//360 4165//360
f 3190//361 3088//361 3955//361
f 3955//362 3088//362 2926//362
f 3955//363 2926//363 2730//363
f 2605//364 2604//364 1626//364
f 1626//365 2604//365 1717//365
f 1717//366 2604//366 1842//366
f 1394//367 1262//367 1538//367
f 1538//368 1262//368 1199//368
f 1538//369 1199//369 1200//369
f 1538//370 1200//370 1128//370
f 2247//371 2246//371 1468//371
f 1468//372 2246//372 1467//372
f 1467//373 2246//373 2297//373
f 1467//374 2354//374 3458//374
f 1467//375 3458//375 1466//375
f 1466//376 3458//376 1607//376
f 1466//377 1607//377 1572//377
f 1469//378 1539//378 1396//378
f 1396//379 1539//379 1608//379
f 1396//380 1608//380 1468//380
f 1468//381 1608//381 1682//381
f 1468//382 1682//382 1788//382
f 4165//383 4253//383 3869//383
f 3869//384 4253//384 4351//384
f 3869//385 4351//385 3808//385
f 3808//386 4351//386 4455//386
f 3808//387 4455//387 4454//387
f 1128//388 1129//388 1538//388
f 1538//389 1129//389 1201//389
f 1538//390 1201//390 1263//390
f 1788//391 1928//391 1468//391
f 1468//392 1928//392 2127//392
f 1468//393 2127//393 2247//393
f 4163//394 4454//394 4453//394
f 4163//395 4453//395 4350//395
f 4163//396 4350//396 4252//396
f 1198//397 1195//397 1263//397
f 1263//398 1195//398 1331//398
f 1263//399 1331//399 1341//399
f 1335//400 1340//400 1389//400
f 1389//401 1340//401 1342//401
f 1389//402 1342//402 1396//402
f 1389//403 1396//403 1468//403
f 1389//404 1468//404 1462//404
f 1462//405 1468//405 1467//405
f 1462//406 1467//406 1461//406
f 1461//407 1467//407 1466//407
f 1461//408 1466//408 1460//408
f 1460//409 1466//409 1395//409
f 1460//410 1395//410 1387//410
f 1387//411 1395//411 1341//411
f 1387//412 1341//412 1331//412
f 4006//413 4002//413 3910//413
f 4006//414 3910//414 3918//414
f 3918//415 3910//415 3911//415
f 3918//416 3911//416 3919//416
f 1419//417 1408//417 1407//417
f 1419//418 1407//418 1418//418
f 2469//419 2467//419 2505//419
f 2469//420 2505//420 2511//420
f 2511//421 2505//421 2504//421
f 2511//422 2504//422 2510//422
f 4124//423 4134//423 4135//423
f 4124//424 4135//424 4125//424
f 4125//425 4135//425 4030//425
f 4125//426 4030//426 4017//426
f 4017//427 4030//427 4031//427
f 4017//428 4031//428 4018//428
f 4018//429 4031//429 4032//429
f 4018//430 4032//430 4019//430
f 4019//431 4032//431 4136//431
f 4019//432 4136//432 4126//432
f 4126//433 4136//433 4214//433
f 4126//434 4214//434 4210//434
f 4210//435 4214//435 4312//435
f 4210//436 4312//436 4306//436
f 4306//437 4312//437 4414//437
f 4306//438 4414//438 4409//438
f 4409//439 4414//439 4549//439
f 4409//440 4549//440 4535//440
f 4535//441 4549//441 4548//441
f 4535//442 4548//442 4534//442
f 4534//443 4548//443 4678//443
f 4534//444 4678//444 4666//444
f 4666//445 4678//445 4547//445
f 4666//446 4547//446 4533//446
f 4533//447 4547//447 4546//447
f 4533//448 4546//448 4532//448
f 4532//449 4546//449 4413//449
f 4532//450 4413//450 4408//450
f 4408//451 4413//451 4311//451
f 4408//452 4311//452 4305//452
f 4305//453 4311//453 4134//453
f 4305//454 4134//454 4124//454
f 4664//455 4676//455 4677//455
f 4664//456 4677//456 4665//456
f 4665//457 4677//457 4755//457
f 4665//458 4755//458 4750//458
f 4750//459 4755//459 4861//459
f 4750//460 4861//460 4853//460
f 4853//461 4861//461 4919//461
f 4853//462 4919//462 4906//462
f 4906//463 4919//463 4918//463
f 4906//464 4918//464 4905//464
f 4905//465 4918//465 4917//465
f 4905//466 4917//466 4904//466
f 4904//467 4917//467 4970//467
f 4904//468 4970//468 4958//468
f 4958//469 4970//469 4969//469
f 4958//470 4969//470 4957//470
f 4957//471 4969//471 4916//471
f 4957//472 4916//472 4903//472
f 4916//473 4915//473 4903//473
f 4903//474 4915//474 4860//474
f 4903//475 4860//475 4852//475
f 4852//476 4860//476 4813//476
f 4852//477 4813//477 4809//477
f 4809//478 4813//478 4754//478
f 4809//479 4754//479 4749//479
f 4749//480 4754//480 4673//480
f 4749//481 4673//481 4661//481
f 4661//482 4673//482 4674//482
f 4661//483 4674//483 4662//483
f 4662//484 4674//484 4675//484
f 4662//485 4675//485 4663//485
f 4663//486 4675//486 4544//486
f 4663//487 4544//487 4530//487
f 4530//488 4544//488 4545//488
f 4530//489 4545//489 4531//489
f 4531//490 4545//490 4676//490
f 4531//491 4676//491 4664//491
f 4529//492 4543//492 4670//492
f 4529//493 4670//493 4658//493
f 4658//494 4670//494 4671//494
f 4658//495 4671//495 4659//495
f 4659//496 4671//496 4672//496
f 4659//497 4672//497 4660//497
f 4660//498 4672//498 4753//498
f 4812//499 4808//499 4753//499
f 4753//500 4808//500 4748//500
f 4753//501 4748//501 4660//501
f 4808//502 4812//502 4855//502
f 4808//503 4855//503 4851//503
f 4851//504 4855//504 4912//504
f 4851//505 4912//505 4902//505
f 4912//506 4911//506 4902//506
f 4902//507 4911//507 4964//507
f 4902//508 4964//508 4956//508
f 4956//509 4964//509 4963//509
f 4956//510 4963//510 4955//510
f 4955//511 4963//511 4962//511
f 4955//512 4962//512 4954//512
f 4954//513 4962//513 4910//513
f 4954//514 4910//514 4901//514
f 4901//515 4910//515 4909//515
f 4901//516 4909//516 4900//516
f 4900//517 4909//517 4854//517
f 4900//518 4854//518 4850//518
f 4850//519 4854//519 4811//519
f 4850//520 4811//520 4807//520
f 4807//521 4811//521 4752//521
f 4807//522 4752//522 4747//522
f 4747//523 4752//523 4669//523
f 4747//524 4669//524 4657//524
f 4657//525 4669//525 4542//525
f 4657//526 4542//526 4528//526
f 4528//527 4542//527 4543//527
f 4528//528 4543//528 4529//528
f 4123//529 4133//529 4213//529
f 4123//530 4213//530 4209//530
f 4209//531 4213//531 4310//531
f 4209//532 4310//532 4304//532
f 4304//533 4310//533 4412//533
f 4304//534 4412//534 4407//534
f 4407//535 4412//535 4527//535
f 4527//536 4412//536 4541//536
f 4541//537 4540//537 4527//537
f 4527//538 4540//538 4668//538
f 4527//539 4668//539 4656//539
f 4656//540 4668//540 4667//540
f 4656//541 4667//541 4655//541
f 4655//542 4667//542 4539//542
f 4655//543 4539//543 4526//543
f 4526//544 4539//544 4538//544
f 4526//545 4538//545 4525//545
f 4525//546 4538//546 4411//546
f 4525//547 4411//547 4406//547
f 4406//548 4411//548 4309//548
f 4309//549 4208//549 4303//549
f 4309//550 4303//550 4406//550
f 4309//551 4212//551 4208//551
f 4208//552 4212//552 4131//552
f 4208//553 4131//553 4121//553
f 4029//554 4016//554 4028//554
f 4028//555 4016//555 4015//555
f 4028//556 4015//556 4014//556
f 4028//557 4014//557 4027//557
f 4027//558 4014//558 4013//558
f 4027//559 4013//559 4026//559
f 4026//560 4013//560 4121//560
f 4026//561 4121//561 4131//561
f 4016//562 4029//562 4132//562
f 4016//563 4132//563 4122//563
f 4122//564 4132//564 4133//564
f 4122//565 4133//565 4123//565
f 3331//566 3336//566 3435//566
f 3331//567 3435//567 3431//567
f 3431//568 3435//568 3531//568
f 3431//569 3531//569 3527//569
f 3601//570 3527//570 3606//570
f 3606//571 3527//571 3531//571
f 3601//572 3606//572 3663//572
f 3663//573 3606//573 3668//573
f 3731//574 3722//574 3723//574
f 3663//575 3668//575 3735//575
f 3663//576 3735//576 3726//576
f 3726//577 3735//577 3734//577
f 3726//578 3734//578 3725//578
f 3725//579 3734//579 3733//579
f 3725//580 3733//580 3724//580
f 3724//581 3733//581 3732//581
f 3724//582 3732//582 3723//582
f 3723//583 3732//583 3731//583
f 3722//584 3731//584 3667//584
f 3722//585 3667//585 3662//585
f 3662//586 3667//586 3605//586
f 3662//587 3605//587 3600//587
f 3526//588 3600//588 3530//588
f 3530//589 3600//589 3605//589
f 3526//590 3530//590 3430//590
f 3430//591 3530//591 3434//591
f 3430//592 3434//592 3335//592
f 3430//593 3335//593 3330//593
f 3330//594 3335//594 3248//594
f 3330//595 3248//595 3243//595
f 3243//596 3248//596 3249//596
f 3243//597 3249//597 3244//597
f 3244//598 3249//598 3331//598
f 3331//599 3249//599 3336//599
f 2836//600 2831//600 2798//600
f 2798//601 2831//601 2794//601
f 2831//602 2836//602 2911//602
f 2831//603 2911//603 2904//603
f 2904//604 2911//604 2910//604
f 2904//605 2910//605 2987//605
f 2910//606 2990//606 2987//606
f 2987//607 2990//607 2989//607
f 2987//608 2989//608 2986//608
f 2986//609 2989//609 2909//609
f 2986//610 2909//610 2903//610
f 2903//611 2909//611 2908//611
f 2903//612 2908//612 2830//612
f 2830//613 2908//613 2835//613
f 2830//614 2835//614 2797//614
f 2830//615 2797//615 2793//615
f 2793//616 2797//616 2758//616
f 2793//617 2758//617 2753//617
f 2706//618 2753//618 2711//618
f 2711//619 2753//619 2758//619
f 2711//620 2670//620 2706//620
f 2706//621 2670//621 2666//621
f 2666//622 2670//622 2627//622
f 2666//623 2627//623 2621//623
f 2621//624 2627//624 2628//624
f 2629//625 2623//625 2628//625
f 2628//626 2623//626 2622//626
f 2628//627 2622//627 2621//627
f 2623//628 2629//628 2671//628
f 2623//629 2671//629 2667//629
f 2667//630 2671//630 2712//630
f 2667//631 2712//631 2707//631
f 2707//632 2712//632 2759//632
f 2707//633 2759//633 2754//633
f 2754//634 2759//634 2798//634
f 2754//635 2798//635 2794//635
f 2175//636 2180//636 2215//636
f 2175//637 2215//637 2209//637
f 2209//638 2215//638 2214//638
f 2209//639 2214//639 2208//639
f 2208//640 2214//640 2261//640
f 2208//641 2261//641 2256//641
f 2256//642 2261//642 2317//642
f 2256//643 2317//643 2308//643
f 2315//644 2306//644 2316//644
f 2316//645 2306//645 2307//645
f 2316//646 2307//646 2308//646
f 2316//647 2308//647 2317//647
f 2306//648 2315//648 2305//648
f 2315//649 2314//649 2305//649
f 2305//650 2314//650 2260//650
f 2305//651 2260//651 2255//651
f 2255//652 2260//652 2213//652
f 2255//653 2213//653 2207//653
f 2207//654 2213//654 2179//654
f 2207//655 2179//655 2174//655
f 2174//656 2179//656 2151//656
f 2174//657 2151//657 2147//657
f 2147//658 2151//658 2095//658
f 2050//659 2044//659 2095//659
f 2095//660 2044//660 2091//660
f 2095//661 2091//661 2147//661
f 2044//662 2050//662 2051//662
f 2044//663 2051//663 2045//663
f 2045//664 2051//664 2096//664
f 2045//665 2096//665 2092//665
f 2092//666 2096//666 2152//666
f 2092//667 2152//667 2148//667
f 2148//668 2152//668 2180//668
f 2148//669 2180//669 2175//669
f 1293//670 1301//670 1372//670
f 1293//671 1372//671 1363//671
f 1430//672 1363//672 1437//672
f 1437//673 1363//673 1372//673
f 1430//674 1437//674 1362//674
f 1362//675 1437//675 1371//675
f 1362//676 1371//676 1370//676
f 1362//677 1370//677 1361//677
f 1361//678 1370//678 1292//678
f 1370//679 1300//679 1292//679
f 1292//680 1300//680 1231//680
f 1300//681 1236//681 1231//681
f 1231//682 1236//682 1157//682
f 1231//683 1157//683 1151//683
f 1151//684 1157//684 1090//684
f 1151//685 1090//685 1084//685
f 1084//686 1090//686 1007//686
f 1084//687 1007//687 994//687
f 994//688 1007//688 995//688
f 995//689 1007//689 1008//689
f 1010//690 996//690 1009//690
f 1009//691 996//691 995//691
f 1009//692 995//692 1008//692
f 1301//693 1293//693 1232//693
f 996//694 1010//694 1091//694
f 996//695 1091//695 1085//695
f 1085//696 1091//696 1092//696
f 1085//697 1092//697 1086//697
f 1086//698 1092//698 1158//698
f 1086//699 1158//699 1152//699
f 1152//700 1158//700 1237//700
f 1152//701 1237//701 1232//701
f 1232//702 1237//702 1301//702
f 998//703 1012//703 1011//703
f 998//704 1011//704 997//704
f 997//705 1011//705 926//705
f 1011//706 931//706 926//706
f 926//707 931//707 877//707
f 926//708 877//708 872//708
f 872//709 877//709 815//709
f 877//710 820//710 815//710
f 815//711 820//711 763//711
f 815//712 763//712 758//712
f 758//713 763//713 705//713
f 758//714 705//714 696//714
f 696//715 705//715 706//715
f 696//716 706//716 697//716
f 697//717 706//717 707//717
f 697//718 707//718 698//718
f 698//719 707//719 708//719
f 698//720 708//720 699//720
f 699//721 708//721 709//721
f 699//722 709//722 700//722
f 700//723 709//723 764//723
f 700//724 764//724 759//724
f 759//725 764//725 821//725
f 759//726 821//726 816//726
f 816//727 821//727 878//727
f 816//728 878//728 873//728
f 873//729 878//729 932//729
f 873//730 932//730 927//730
f 927//731 932//731 1013//731
f 927//732 1013//732 999//732
f 999//733 1013//733 1012//733
f 999//734 1012//734 998//734
f 1001//735 1015//735 1014//735
f 1001//736 1014//736 1000//736
f 1000//737 1014//737 933//737
f 1000//738 933//738 928//738
f 928//739 933//739 879//739
f 928//740 879//740 874//740
f 769//741 760//741 824//741
f 824//742 760//742 817//742
f 824//743 817//743 874//743
f 824//744 874//744 879//744
f 760//745 769//745 701//745
f 769//746 713//746 701//746
f 701//747 713//747 714//747
f 701//748 714//748 702//748
f 702//749 714//749 715//749
f 702//750 715//750 703//750
f 703//751 715//751 716//751
f 703//752 716//752 761//752
f 716//753 770//753 761//753
f 761//754 770//754 818//754
f 770//755 825//755 818//755
f 818//756 825//756 880//756
f 818//757 880//757 875//757
f 875//758 880//758 929//758
f 929//759 880//759 934//759
f 929//760 934//760 1016//760
f 929//761 1016//761 1002//761
f 1002//762 1016//762 1015//762
f 1002//763 1015//763 1001//763
f 1006//764 1020//764 1094//764
f 1006//765 1094//765 1088//765
f 1088//766 1094//766 1160//766
f 1088//767 1160//767 1154//767
f 1154//768 1160//768 1239//768
f 1154//769 1239//769 1234//769
f 1234//770 1239//770 1303//770
f 1234//771 1303//771 1295//771
f 1295//772 1303//772 1374//772
f 1295//773 1374//773 1365//773
f 1365//774 1374//774 1439//774
f 1365//775 1439//775 1432//775
f 1432//776 1439//776 1438//776
f 1432//777 1438//777 1431//777
f 1431//778 1438//778 1373//778
f 1431//779 1373//779 1364//779
f 1364//780 1373//780 1302//780
f 1364//781 1302//781 1294//781
f 1294//782 1302//782 1238//782
f 1294//783 1238//783 1233//783
f 1233//784 1238//784 1159//784
f 1233//785 1159//785 1153//785
f 1153//786 1159//786 1093//786
f 1153//787 1093//787 1087//787
f 1087//788 1093//788 1017//788
f 1087//789 1017//789 1003//789
f 1003//790 1017//790 1018//790
f 1003//791 1018//791 1004//791
f 1004//792 1018//792 1005//792
f 1020//793 1006//793 1019//793
f 1019//794 1006//794 1005//794
f 1019//795 1005//795 1018//795
f 1701//796 1704//796 1663//796
f 1701//797 1663//797 1661//797
f 1591//798 1588//798 1551//798
f 1631//799 1661//799 1633//799
f 1633//800 1661//800 1663//800
f 1631//801 1633//801 1587//801
f 1587//802 1633//802 1615//802
f 1587//803 1615//803 1590//803
f 1587//804 1590//804 1552//804
f 1587//805 1552//805 1548//805
f 1548//806 1552//806 1553//806
f 1548//807 1553//807 1549//807
f 1549//808 1553//808 1554//808
f 1549//809 1554//809 1550//809
f 1550//810 1554//810 1555//810
f 1550//811 1555//811 1551//811
f 1551//812 1555//812 1591//812
f 1588//813 1591//813 1616//813
f 1588//814 1616//814 1614//814
f 1614//815 1616//815 1664//815
f 1614//816 1664//816 1662//816
f 1662//817 1664//817 1705//817
f 1662//818 1705//818 1702//818
f 1702//819 1705//819 1750//819
f 1702//820 1750//820 1745//820
f 1745//821 1750//821 1749//821
f 1745//822 1749//822 1744//822
f 1744//823 1749//823 1748//823
f 1744//824 1748//824 1743//824
f 1743//825 1748//825 1747//825
f 1743//826 1747//826 1742//826
f 1742//827 1747//827 1704//827
f 1742//828 1704//828 1701//828
f 2150//829 2154//829 2182//829
f 2150//830 2182//830 2177//830
f 2177//831 2182//831 2218//831
f 2177//832 2218//832 2212//832
f 2212//833 2218//833 2263//833
f 2212//834 2263//834 2258//834
f 2217//835 2211//835 2257//835
f 2258//836 2263//836 2321//836
f 2320//837 2311//837 2321//837
f 2321//838 2311//838 2312//838
f 2321//839 2312//839 2258//839
f 2311//840 2320//840 2319//840
f 2311//841 2319//841 2310//841
f 2310//842 2319//842 2318//842
f 2310//843 2318//843 2309//843
f 2309//844 2318//844 2262//844
f 2309//845 2262//845 2257//845
f 2257//846 2262//846 2217//846
f 2211//847 2217//847 2216//847
f 2211//848 2216//848 2210//848
f 2210//849 2216//849 2181//849
f 2210//850 2181//850 2176//850
f 2176//851 2181//851 2153//851
f 2176//852 2153//852 2149//852
f 2149//853 2153//853 2097//853
f 2149//854 2097//854 2093//854
f 2097//855 2098//855 2093//855
f 2093//856 2098//856 2052//856
f 2093//857 2052//857 2046//857
f 2046//858 2052//858 2053//858
f 2046//859 2053//859 2047//859
f 2047//860 2053//860 2054//860
f 2047//861 2054//861 2048//861
f 2048//862 2054//862 2099//862
f 2048//863 2099//863 2094//863
f 2094//864 2099//864 2154//864
f 2094//865 2154//865 2150//865
f 2795//866 2799//866 2760//866
f 2795//867 2760//867 2755//867
f 2755//868 2760//868 2713//868
f 2755//869 2713//869 2708//869
f 2708//870 2713//870 2672//870
f 2630//871 2624//871 2672//871
f 2672//872 2624//872 2668//872
f 2672//873 2668//873 2708//873
f 2624//874 2630//874 2631//874
f 2624//875 2631//875 2625//875
f 2625//876 2631//876 2632//876
f 2625//877 2632//877 2626//877
f 2626//878 2632//878 2673//878
f 2626//879 2673//879 2669//879
f 2669//880 2673//880 2714//880
f 2669//881 2714//881 2709//881
f 2709//882 2714//882 2761//882
f 2709//883 2761//883 2756//883
f 2756//884 2761//884 2800//884
f 2756//885 2800//885 2796//885
f 2796//886 2800//886 2838//886
f 2796//887 2838//887 2833//887
f 2833//888 2838//888 2915//888
f 2833//889 2915//889 2907//889
f 2907//890 2915//890 2914//890
f 2907//891 2914//891 2906//891
f 2906//892 2914//892 2991//892
f 2906//893 2991//893 2988//893
f 2988//894 2991//894 2913//894
f 2988//895 2913//895 2905//895
f 2913//896 2912//896 2905//896
f 2905//897 2912//897 2837//897
f 2905//898 2837//898 2832//898
f 2832//899 2837//899 2799//899
f 2832//900 2799//900 2795//900
f 3247//901 3252//901 3338//901
f 3437//902 3433//902 3338//902
f 3338//903 3433//903 3333//903
f 3338//904 3333//904 3247//904
f 3433//905 3437//905 3533//905
f 3433//906 3533//906 3529//906
f 3529//907 3533//907 3608//907
f 3529//908 3608//908 3603//908
f 3603//909 3608//909 3671//909
f 3603//910 3671//910 3666//910
f 3666//911 3671//911 3670//911
f 3666//912 3670//912 3665//912
f 3665//913 3670//913 3739//913
f 3665//914 3739//914 3729//914
f 3729//915 3739//915 3738//915
f 3729//916 3738//916 3728//916
f 3728//917 3738//917 3737//917
f 3728//918 3737//918 3727//918
f 3727//919 3737//919 3736//919
f 3727//920 3736//920 3664//920
f 3736//921 3669//921 3664//921
f 3664//922 3669//922 3607//922
f 3664//923 3607//923 3602//923
f 3602//924 3607//924 3532//924
f 3602//925 3532//925 3528//925
f 3528//926 3532//926 3436//926
f 3528//927 3436//927 3432//927
f 3432//928 3436//928 3337//928
f 3432//929 3337//929 3332//929
f 3332//930 3337//930 3250//930
f 3332//931 3250//931 3245//931
f 3245//932 3250//932 3251//932
f 3245//933 3251//933 3246//933
f 3246//934 3251//934 3252//934
f 3246//935 3252//935 3247//935
f 4451//936 4346//936 4252//936
f 3958//937 3950//937 4165//937
f 4165//938 3950//938 4249//938
f 4165//939 4249//939 4253//939
f 4249//940 4347//940 4253//940
f 4253//941 4347//941 4452//941
f 4253//942 4452//942 4351//942
f 4351//943 4452//943 4600//943
f 4351//944 4600//944 4455//944
f 4455//945 4600//945 4599//945
f 4455//946 4599//946 4454//946
f 4454//947 4599//947 4598//947
f 4454//948 4598//948 4453//948
f 4453//949 4598//949 4451//949
f 4453//950 4451//950 4350//950
f 4350//951 4451//951 4252//951
f 3802//952 3947//952 3861//952
f 3861//953 3947//953 3860//953
f 3861//954 3801//954 3802//954
f 3802//955 3801//955 3753//955
f 3753//956 3801//956 3752//956
f 3753//957 3752//957 3679//957
f 3860//958 3947//958 3859//958
f 3751//959 3750//959 3678//959
f 3751//960 3678//960 3752//960
f 3752//961 3678//961 3679//961
f 1394//962 1509//962 1463//962
f 1127//963 1198//963 1263//963
f 1463//964 1336//964 1394//964
f 1394//965 1336//965 1196//965
f 1394//966 1196//966 1262//966
f 1262//967 1196//967 1197//967
f 1262//968 1197//968 1199//968
f 1199//969 1197//969 1125//969
f 1199//970 1125//970 1200//970
f 1200//971 1125//971 1054//971
f 1200//972 1054//972 1128//972
f 1128//973 1054//973 1126//973
f 1128//974 1126//974 1129//974
f 1129//975 1126//975 1127//975
f 1129//976 1127//976 1201//976
f 1201//977 1127//977 1263//977
f 1531//978 1530//978 1505//978
f 1505//979 1530//979 1458//979
f 1530//980 1531//980 1566//980
f 1530//981 1566//981 1596//981
f 1596//982 1566//982 1597//982
f 1459//983 1532//983 1506//983
f 1459//984 1506//984 1458//984
f 1458//985 1506//985 1505//985
f 2602//986 2599//986 2563//986
f 2602//987 2563//987 2456//987
f 1568//988 1533//988 1537//988
f 2563//989 2451//989 2456//989
f 2456//990 2451//990 2291//990
f 2456//991 2291//991 2296//991
f 2296//992 2291//992 2075//992
f 2296//993 2075//993 2126//993
f 2126//994 2075//994 1977//994
f 2126//995 1977//995 1978//995
f 1978//996 1977//996 1892//996
f 1978//997 1892//997 1842//997
f 1842//998 1892//998 1681//998
f 1842//999 1681//999 1717//999
f 1717//1000 1681//1000 1568//1000
f 1717//1001 1568//1001 1626//1001
f 1626//1002 1568//1002 1537//1002
f 1626//1003 1537//1003 1571//1003
f 2645//1004 2644//1004 2593//1004
f 2593//1005 2644//1005 2681//1005
f 2593//1006 2681//1006 2721//1006
f 2721//1007 2681//1007 2682//1007
f 2721//1008 2682//1008 2723//1008
f 2723//1009 2682//1009 2722//1009
f 2724//1010 2723//1010 2683//1010
f 2724//1011 2683//1011 2684//1011
f 2596//1012 2646//1012 2595//1012
f 2593//1013 2594//1013 2645//1013
f 2729//1014 2730//1014 2926//1014
f 3952//1015 4162//1015 4246//1015
f 4246//1016 4052//1016 3952//1016
f 3952//1017 4052//1017 3803//1017
f 3952//1018 3803//1018 3807//1018
f 3807//1019 3803//1019 3680//1019
f 3807//1020 3680//1020 3682//1020
f 3682//1021 3680//1021 3540//1021
f 3682//1022 3540//1022 3448//1022
f 3448//1023 3540//1023 3187//1023
f 3448//1024 3187//1024 3190//1024
f 3190//1025 3187//1025 3084//1025
f 3190//1026 3084//1026 3088//1026
f 3088//1027 3084//1027 3046//1027
f 3088//1028 3046//1028 2926//1028
f 2926//1029 3046//1029 2925//1029
f 2926//1030 2925//1030 2729//1030
f 2729//1031 2925//1031 2770//1031
f 2729//1032 2770//1032 2725//1032
f 4051//1033 4157//1033 4050//1033
f 4051//1034 4050//1034 3946//1034
f 3944//1035 3945//1035 4049//1035
f 3944//1036 4049//1036 4048//1036
f 4243//1037 4155//1037 4344//1037
f 4344//1038 4155//1038 4244//1038
f 4344//1039 4244//1039 4345//1039
f 4243//1040 4048//1040 4155//1040
f 4244//1041 4245//1041 4345//1041
f 4345//1042 4245//1042 4157//1042
f 4157//1043 4245//1043 4156//1043
f 3806//1044 3810//1044 3758//1044
f 3758//1045 3810//1045 3681//1045
f 2390//1046 2453//1046 2393//1046
f 2393//1047 2453//1047 2493//1047
f 2393//1048 2493//1048 2565//1048
f 2493//1049 2564//1049 2565//1049
f 2565//1050 2564//1050 2728//1050
f 2565//1051 2728//1051 2692//1051
f 2692//1052 2728//1052 2847//1052
f 2692//1053 2847//1053 2860//1053
f 2860//1054 2847//1054 3085//1054
f 2860//1055 3085//1055 3049//1055
f 3049//1056 3085//1056 3188//1056
f 3049//1057 3188//1057 3199//1057
f 3199//1058 3188//1058 3444//1058
f 3199//1059 3444//1059 3458//1059
f 3458//1060 3444//1060 3681//1060
f 3458//1061 3681//1061 3619//1061
f 3619//1062 3681//1062 3810//1062
f 3619//1063 3810//1063 3809//1063
f 2244//1064 2289//1064 2243//1064
f 2243//1065 2289//1065 2288//1065
f 2243//1066 2288//1066 2287//1066
f 2287//1067 2288//1067 2350//1067
f 2386//1068 2351//1068 2387//1068
f 2387//1069 2351//1069 2244//1069
f 2244//1070 2351//1070 2290//1070
f 2244//1071 2290//1071 2289//1071
f 2384//1072 2350//1072 2385//1072
f 2448//1073 2385//1073 2386//1073
f 2448//1074 2386//1074 2387//1074
f 2248//1075 2247//1075 2127//1075
f 1469//1076 1342//1076 1340//1076
f 1340//1077 1393//1077 1469//1077
f 1469//1078 1393//1078 1536//1078
f 1469//1079 1536//1079 1539//1079
f 1539//1080 1536//1080 1603//1080
f 1539//1081 1603//1081 1608//1081
f 1608//1082 1603//1082 1642//1082
f 1608//1083 1642//1083 1682//1083
f 1682//1084 1642//1084 1787//1084
f 1682//1085 1787//1085 1788//1085
f 1788//1086 1787//1086 1927//1086
f 1788//1087 1927//1087 1928//1087
f 1928//1088 1927//1088 2127//1088
f 1927//1089 2027//1089 2127//1089
f 2127//1090 2027//1090 2076//1090
f 2127//1091 2076//1091 2248//1091
f 2248//1092 2076//1092 2245//1092
f 1389//1093 1462//1093 1461//1093
f 1388//1094 1460//1094 1387//1094
f 1335//1095 1389//1095 1334//1095
f 1335//1096 1334//1096 1260//1096
f 1260//1097 1334//1097 1333//1097
f 1260//1098 1333//1098 1195//1098
f 1332//1099 1387//1099 1331//1099
f 1332//1100 1331//1100 1195//1100
f 1332//1101 1195//1101 1260//1101
f 3757//1102 3758//1102 3681//1102
f 3188//1103 3085//1103 2452//1103
f 2452//1104 3085//1104 2847//1104
f 2847//1105 2728//1105 2452//1105
f 2452//1106 2728//1106 2564//1106
f 2452//1107 2564//1107 2493//1107
f 3757//1108 3681//1108 2452//1108
f 2452//1109 3681//1109 3444//1109
f 2452//1110 3444//1110 3188//1110
f 1409//1111 1070//1111 1421//1111
f 1421//1112 1070//1112 1081//1112
f 977//1113 989//1113 990//1113
f 1081//1114 1070//1114 979//1114
f 1081//1115 979//1115 991//1115
f 991//1116 979//1116 978//1116
f 991//1117 978//1117 990//1117
f 990//1118 978//1118 977//1118
f 1227//1119 989//1119 977//1119
f 977//1120 1216//1120 1227//1120
f 1227//1121 1216//1121 1345//1121
f 1227//1122 1345//1122 1350//1122
f 1345//1123 1344//1123 1350//1123
f 1350//1124 1344//1124 1349//1124
f 1408//1125 1419//1125 1344//1125
f 1344//1126 1419//1126 1349//1126
f 1418//1127 1407//1127 1479//1127
f 1474//1128 1479//1128 1407//1128
f 1479//1129 1474//1129 1578//1129
f 1479//1130 1578//1130 1584//1130
f 1584//1131 1578//1131 1650//1131
f 1584//1132 1650//1132 1659//1132
f 1659//1133 1650//1133 1691//1133
f 1659//1134 1691//1134 1696//1134
f 1696//1135 1691//1135 1732//1135
f 1696//1136 1732//1136 1738//1136
f 1738//1137 1732//1137 1733//1137
f 1738//1138 1733//1138 1739//1138
f 1870//1139 1739//1139 1865//1139
f 1865//1140 1739//1140 1733//1140
f 2082//1141 1996//1141 2088//1141
f 2088//1142 1996//1142 2000//1142
f 2036//1143 2080//1143 2087//1143
f 2087//1144 2040//1144 2036//1144
f 2036//1145 2040//1145 2041//1145
f 2036//1146 2041//1146 2037//1146
f 2037//1147 2041//1147 2000//1147
f 2037//1148 2000//1148 1996//1148
f 2253//1149 2087//1149 2080//1149
f 2080//1150 2250//1150 2253//1150
f 2253//1151 2250//1151 2395//1151
f 2253//1152 2395//1152 2397//1152
f 2469//1153 2397//1153 2467//1153
f 2467//1154 2397//1154 2395//1154
f 2467//1155 2504//1155 2505//1155
f 2510//1156 2504//1156 2539//1156
f 2537//1157 2539//1157 2504//1157
f 2539//1158 2537//1158 2701//1158
f 2539//1159 2701//1159 2703//1159
f 2703//1160 2701//1160 2897//1160
f 2703//1161 2897//1161 2901//1161
f 2974//1162 2980//1162 2901//1162
f 2974//1163 2901//1163 2897//1163
f 2980//1164 2974//1164 2975//1164
f 2980//1165 2975//1165 2981//1165
f 2828//1166 2981//1166 2826//1166
f 2826//1167 2981//1167 2975//1167
f 3112//1168 3236//1168 3114//1168
f 3114//1169 3236//1169 3240//1169
f 3423//1170 3426//1170 3328//1170
f 3423//1171 3328//1171 3325//1171
f 3325//1172 3328//1172 3239//1172
f 3325//1173 3239//1173 3235//1173
f 3235//1174 3239//1174 3240//1174
f 3235//1175 3240//1175 3236//1175
f 3718//1176 3426//1176 3423//1176
f 3423//1177 3715//1177 3718//1177
f 3718//1178 3715//1178 3906//1178
f 3718//1179 3906//1179 3914//1179
f 3914//1180 3906//1180 3907//1180
f 3914//1181 3907//1181 3915//1181
f 3915//1182 3907//1182 3996//1182
f 3915//1183 3996//1183 4003//1183
f 4003//1184 3996//1184 3997//1184
f 4003//1185 3997//1185 4004//1185
f 4004//1186 3997//1186 4294//1186
f 4004//1187 4294//1187 4297//1187
f 4297//1188 4294//1188 4508//1188
f 4297//1189 4508//1189 4517//1189
f 4517//1190 4508//1190 4509//1190
f 4517//1191 4509//1191 4518//1191
f 4518//1192 4509//1192 4510//1192
f 4518//1193 4510//1193 4519//1193
f 4519//1194 4510//1194 4400//1194
f 4519//1195 4400//1195 4403//1195
f 3916//1196 4403//1196 3908//1196
f 3908//1197 4403//1197 4400//1197
f 4105//1198 4742//1198 4110//1198
f 4110//1199 4742//1199 4744//1199
f 4744//1200 4742//1200 4797//1200
f 4744//1201 4797//1201 4802//1201
f 4802//1202 4797//1202 4798//1202
f 4802//1203 4798//1203 4803//1203
f 4803//1204 4798//1204 4839//1204
f 4803//1205 4839//1205 4841//1205
f 4887//1206 4841//1206 4839//1206
f 4839//1207 4880//1207 4887//1207
f 4887//1208 4880//1208 4881//1208
f 4887//1209 4881//1209 4888//1209
f 4889//1210 4888//1210 4882//1210
f 4882//1211 4888//1211 4881//1211
f 4883//1212 4890//1212 4889//1212
f 4883//1213 4889//1213 4882//1213
f 4890//1214 4883//1214 4884//1214
f 4890//1215 4884//1215 4891//1215
f 4891//1216 4884//1216 4885//1216
f 4891//1217 4885//1217 4892//1217
f 4892//1218 4885//1218 4840//1218
f 4892//1219 4840//1219 4842//1219
f 4842//1220 4840//1220 4799//1220
f 4842//1221 4799//1221 4804//1221
f 4804//1222 4799//1222 4743//1222
f 4804//1223 4743//1223 4745//1223
f 4111//1224 4745//1224 4106//1224
f 4106//1225 4745//1225 4743//1225
f 3909//1226 4401//1226 3917//1226
f 3917//1227 4401//1227 4404//1227
f 4404//1228 4401//1228 4513//1228
f 4404//1229 4513//1229 4520//1229
f 4520//1230 4513//1230 4514//1230
f 4520//1231 4514//1231 4521//1231
f 4515//1232 4522//1232 4521//1232
f 4515//1233 4521//1233 4514//1233
f 4299//1234 4522//1234 4515//1234
f 4515//1235 4295//1235 4299//1235
f 4299//1236 4295//1236 4001//1236
f 4299//1237 4001//1237 4005//1237
f 4001//1238 4002//1238 4005//1238
f 4005//1239 4002//1239 4006//1239
f 3919//1240 3911//1240 3716//1240
f 3919//1241 3716//1241 3719//1241
f 3719//1242 3716//1242 3424//1242
f 3719//1243 3424//1243 3427//1243
f 3427//1244 3424//1244 3326//1244
f 3427//1245 3326//1245 3329//1245
f 3329//1246 3326//1246 3237//1246
f 3329//1247 3237//1247 3241//1247
f 3115//1248 3241//1248 3113//1248
f 3113//1249 3241//1249 3237//1249
f 2827//1250 2977//1250 2829//1250
f 2829//1251 2977//1251 2982//1251
f 2900//1252 2902//1252 2983//1252
f 2900//1253 2983//1253 2978//1253
f 2978//1254 2983//1254 2982//1254
f 2978//1255 2982//1255 2977//1255
f 2704//1256 2902//1256 2900//1256
f 2900//1257 2702//1257 2704//1257
f 2704//1258 2702//1258 2538//1258
f 2704//1259 2538//1259 2540//1259
f 2507//1260 2513//1260 2540//1260
f 2507//1261 2540//1261 2538//1261
f 2513//1262 2507//1262 2506//1262
f 2513//1263 2506//1263 2512//1263
f 2512//1264 2506//1264 2468//1264
f 2512//1265 2468//1265 2471//1265
f 2396//1266 2399//1266 2468//1266
f 2468//1267 2399//1267 2471//1267
f 2399//1268 2396//1268 2251//1268
f 2399//1269 2251//1269 2254//1269
f 2254//1270 2251//1270 2085//1270
f 2254//1271 2085//1271 2090//1271
f 2090//1272 2085//1272 2039//1272
f 2090//1273 2039//1273 2043//1273
f 2043//1274 2039//1274 2038//1274
f 2043//1275 2038//1275 2042//1275
f 2042//1276 2038//1276 2001//1276
f 2001//1277 2038//1277 1997//1277
f 2089//1278 2001//1278 2083//1278
f 2083//1279 2001//1279 1997//1279
f 1866//1280 1735//1280 1871//1280
f 1871//1281 1735//1281 1740//1281
f 1655//1282 1660//1282 1699//1282
f 1655//1283 1699//1283 1695//1283
f 1695//1284 1699//1284 1741//1284
f 1695//1285 1741//1285 1736//1285
f 1736//1286 1741//1286 1740//1286
f 1736//1287 1740//1287 1735//1287
f 1586//1288 1660//1288 1655//1288
f 1655//1289 1581//1289 1586//1289
f 1586//1290 1581//1290 1477//1290
f 1586//1291 1477//1291 1480//1291
f 1416//1292 1424//1292 1480//1292
f 1416//1293 1480//1293 1477//1293
f 1415//1294 1423//1294 1424//1294
f 1415//1295 1424//1295 1416//1295
f 1415//1296 1348//1296 1423//1296
f 1423//1297 1348//1297 1352//1297
f 1347//1298 1351//1298 1348//1298
f 1348//1299 1351//1299 1352//1299
f 1351//1300 1347//1300 1224//1300
f 1351//1301 1224//1301 1230//1301
f 1230//1302 1224//1302 987//1302
f 1230//1303 987//1303 993//1303
f 993//1304 987//1304 992//1304
f 987//1305 986//1305 992//1305
f 992//1306 986//1306 1079//1306
f 992//1307 1079//1307 1082//1307
f 1422//1308 1082//1308 1414//1308
f 1414//1309 1082//1309 1079//1309
f 4890//1310 4201//1310 4298//1310
f 4890//1311 4298//1311 4889//1311
f 4200//1312 4841//1312 4887//1312
f 4200//1313 4887//1313 4888//1313
f 4744//1314 4802//1314 4803//1314
f 4889//1315 4298//1315 4200//1315
f 4889//1316 4200//1316 4888//1316
f 4111//1317 4201//1317 4745//1317
f 4745//1318 4201//1318 4890//1318
f 4745//1319 4890//1319 4891//1319
f 4891//1320 4892//1320 4745//1320
f 4745//1321 4892//1321 4842//1321
f 4745//1322 4842//1322 4804//1322
f 4200//1323 4110//1323 4841//1323
f 4841//1324 4110//1324 4744//1324
f 4841//1325 4744//1325 4803//1325
f 3719//1326 3427//1326 3180//1326
f 3919//1327 3180//1327 3918//1327
f 3918//1328 3180//1328 3524//1328
f 3918//1329 3524//1329 3787//1329
f 3918//1330 3787//1330 4006//1330
f 3115//1331 3180//1331 3241//1331
f 3241//1332 3180//1332 3427//1332
f 3241//1333 3427//1333 3329//1333
f 3787//1334 4299//1334 4005//1334
f 3180//1335 3919//1335 3719//1335
f 4006//1336 3787//1336 4005//1336
f 4520//1337 4521//1337 4522//1337
f 4520//1338 4522//1338 4404//1338
f 4404//1339 4522//1339 4299//1339
f 4404//1340 4299//1340 3917//1340
f 3917//1341 4299//1341 3787//1341
f 2254//1342 2090//1342 2146//1342
f 2090//1343 2043//1343 2042//1343
f 2665//1344 2513//1344 2512//1344
f 2665//1345 2512//1345 2398//1345
f 2398//1346 2512//1346 2471//1346
f 2398//1347 2471//1347 2146//1347
f 2089//1348 2146//1348 2001//1348
f 2001//1349 2146//1349 2090//1349
f 2001//1350 2090//1350 2042//1350
f 2146//1351 2471//1351 2399//1351
f 2146//1352 2399//1352 2254//1352
f 2540//1353 2513//1353 2665//1353
f 2540//1354 2665//1354 2704//1354
f 2704//1355 2665//1355 2902//1355
f 2665//1356 2829//1356 2902//1356
f 2902//1357 2829//1357 2982//1357
f 2902//1358 2982//1358 2983//1358
f 1698//1359 1423//1359 1546//1359
f 1546//1360 1423//1360 1422//1360
f 1082//1361 1422//1361 992//1361
f 1422//1362 1423//1362 1352//1362
f 1422//1363 1352//1363 1351//1363
f 993//1364 992//1364 1422//1364
f 993//1365 1422//1365 1230//1365
f 1230//1366 1422//1366 1351//1366
f 1423//1367 1698//1367 1871//1367
f 1423//1368 1871//1368 1424//1368
f 1424//1369 1871//1369 1480//1369
f 1740//1370 1741//1370 1699//1370
f 1699//1371 1660//1371 1740//1371
f 1740//1372 1660//1372 1871//1372
f 1871//1373 1660//1373 1586//1373
f 1871//1374 1586//1374 1480//1374
f 1229//1375 751//1375 1228//1375
f 1228//1376 751//1376 750//1376
f 1228//1377 750//1377 1282//1377
f 753//1378 752//1378 1283//1378
f 871//1379 811//1379 1283//1379
f 1283//1380 811//1380 753//1380
f 752//1381 691//1381 1283//1381
f 1283//1382 691//1382 690//1382
f 1283//1383 690//1383 1229//1383
f 1229//1384 690//1384 751//1384
f 1282//1385 750//1385 689//1385
f 1282//1386 689//1386 870//1386
f 870//1387 689//1387 688//1387
f 748//1388 810//1388 809//1388
f 688//1389 749//1389 870//1389
f 870//1390 749//1390 748//1390
f 870//1391 748//1391 809//1391
f 1739//1392 1870//1392 1697//1392
f 1697//1393 1419//1393 1418//1393
f 989//1394 1227//1394 1420//1394
f 1420//1395 1227//1395 1350//1395
f 1697//1396 1418//1396 1739//1396
f 1739//1397 1418//1397 1479//1397
f 1659//1398 1696//1398 1738//1398
f 1081//1399 991//1399 990//1399
f 1419//1400 1697//1400 1585//1400
f 1419//1401 1585//1401 1420//1401
f 1419//1402 1420//1402 1350//1402
f 1419//1403 1350//1403 1349//1403
f 1479//1404 1584//1404 1739//1404
f 1739//1405 1584//1405 1659//1405
f 1739//1406 1659//1406 1738//1406
f 1420//1407 1421//1407 989//1407
f 989//1408 1421//1408 1081//1408
f 989//1409 1081//1409 990//1409
f 2981//1410 2828//1410 2664//1410
f 2664//1411 2510//1411 2539//1411
f 2087//1412 2253//1412 2172//1412
f 2172//1413 2253//1413 2397//1413
f 2510//1414 2664//1414 2511//1414
f 2511//1415 2664//1415 2470//1415
f 2511//1416 2470//1416 2469//1416
f 2469//1417 2470//1417 2172//1417
f 2469//1418 2172//1418 2397//1418
f 2664//1419 2539//1419 2703//1419
f 2664//1420 2703//1420 2981//1420
f 2981//1421 2703//1421 2901//1421
f 2981//1422 2901//1422 2980//1422
f 2172//1423 2088//1423 2087//1423
f 2087//1424 2088//1424 2000//1424
f 2087//1425 2000//1425 2040//1425
f 2040//1426 2000//1426 2041//1426
f 4403//1427 3916//1427 3834//1427
f 3834//1428 3599//1428 3915//1428
f 3915//1429 3599//1429 3179//1429
f 3915//1430 3179//1430 3914//1430
f 3914//1431 3179//1431 3114//1431
f 4297//1432 4517//1432 4403//1432
f 4297//1433 4403//1433 4004//1433
f 4517//1434 4518//1434 4519//1434
f 4403//1435 4517//1435 4519//1435
f 3240//1436 3239//1436 3328//1436
f 3834//1437 3915//1437 4003//1437
f 3834//1438 4003//1438 4403//1438
f 4403//1439 4003//1439 4004//1439
f 3328//1440 3426//1440 3240//1440
f 3240//1441 3426//1441 3114//1441
f 3114//1442 3426//1442 3718//1442
f 3114//1443 3718//1443 3914//1443
f 1279//1444 865//1444 1283//1444
f 1283//1445 865//1445 871//1445
f 745//1446 753//1446 811//1446
f 745//1447 811//1447 805//1447
f 805//1448 811//1448 871//1448
f 805//1449 871//1449 865//1449
f 752//1450 753//1450 745//1450
f 745//1451 744//1451 752//1451
f 752//1452 744//1452 684//1452
f 752//1453 684//1453 691//1453
f 691//1454 684//1454 690//1454
f 683//1455 690//1455 684//1455
f 750//1456 742//1456 682//1456
f 750//1457 682//1457 689//1457
f 742//1458 750//1458 751//1458
f 742//1459 751//1459 743//1459
f 743//1460 751//1460 690//1460
f 743//1461 690//1461 683//1461
f 681//1462 688//1462 689//1462
f 681//1463 689//1463 682//1463
f 688//1464 681//1464 741//1464
f 688//1465 741//1465 749//1465
f 749//1466 741//1466 740//1466
f 749//1467 740//1467 748//1467
f 748//1468 740//1468 804//1468
f 748//1469 804//1469 810//1469
f 810//1470 804//1470 803//1470
f 810//1471 803//1471 809//1471
f 809//1472 803//1472 864//1472
f 809//1473 864//1473 870//1473
f 1282//1474 870//1474 1278//1474
f 1278//1475 870//1475 864//1475
f 4965//1476 5039//1476 4981//1476
f 4981//1477 5039//1477 5044//1477
f 4965//1478 4981//1478 4928//1478
f 4866//1479 4856//1479 4913//1479
f 4866//1480 4913//1480 4928//1480
f 4928//1481 4913//1481 4965//1481
f 4856//1482 4866//1482 4857//1482
f 4866//1483 4820//1483 4857//1483
f 4857//1484 4820//1484 4821//1484
f 4857//1485 4821//1485 4858//1485
f 4929//1486 4982//1486 4968//1486
f 4859//1487 4858//1487 4867//1487
f 4867//1488 4858//1488 4821//1488
f 4867//1489 4868//1489 4859//1489
f 4859//1490 4868//1490 4929//1490
f 4859//1491 4929//1491 4914//1491
f 4914//1492 4929//1492 4968//1492
f 5040//1493 4968//1493 5045//1493
f 5045//1494 4968//1494 4982//1494
f 4215//1495 4313//1495 4225//1495
f 4225//1496 4313//1496 4323//1496
f 4149//1497 4137//1497 4225//1497
f 4225//1498 4137//1498 4215//1498
f 4149//1499 4046//1499 4137//1499
f 4137//1500 4046//1500 4033//1500
f 4033//1501 4046//1501 3942//1501
f 4033//1502 3942//1502 3930//1502
f 3930//1503 3942//1503 3855//1503
f 3930//1504 3855//1504 3844//1504
f 3855//1505 3856//1505 3844//1505
f 3844//1506 3856//1506 3795//1506
f 3844//1507 3795//1507 3845//1507
f 3845//1508 3795//1508 3857//1508
f 3845//1509 3857//1509 3846//1509
f 4035//1510 3846//1510 3943//1510
f 3943//1511 3846//1511 3857//1511
f 2582//1512 2583//1512 2591//1512
f 2591//1513 2583//1513 2592//1513
f 2482//1514 2488//1514 2414//1514
f 2414//1515 2488//1515 2430//1515
f 2414//1516 2430//1516 2373//1516
f 2414//1517 2373//1517 2415//1517
f 2374//1518 2416//1518 2373//1518
f 2373//1519 2416//1519 2415//1519
f 2488//1520 2482//1520 2525//1520
f 2488//1521 2525//1521 2528//1521
f 2528//1522 2525//1522 2561//1522
f 2525//1523 2555//1523 2561//1523
f 2561//1524 2555//1524 2562//1524
f 2562//1525 2555//1525 2581//1525
f 2562//1526 2581//1526 2589//1526
f 2589//1527 2581//1527 2590//1527
f 2590//1528 2581//1528 2582//1528
f 2590//1529 2582//1529 2591//1529
f 2359//1530 2416//1530 2375//1530
f 2375//1531 2416//1531 2374//1531
f 1496//1532 1442//1532 1503//1532
f 1503//1533 1442//1533 1456//1533
f 1321//1534 1304//1534 1375//1534
f 1321//1535 1375//1535 1384//1535
f 1384//1536 1375//1536 1440//1536
f 1384//1537 1440//1537 1455//1537
f 1455//1538 1440//1538 1493//1538
f 1455//1539 1493//1539 1501//1539
f 1501//1540 1493//1540 1494//1540
f 1501//1541 1494//1541 1525//1541
f 1525//1542 1494//1542 1517//1542
f 1525//1543 1517//1543 1526//1543
f 1526//1544 1517//1544 1496//1544
f 1526//1545 1496//1545 1502//1545
f 1502//1546 1496//1546 1503//1546
f 1240//1547 1304//1547 1178//1547
f 1178//1548 1304//1548 1321//1548
f 665//1549 608//1549 673//1549
f 673//1550 608//1550 614//1550
f 833//1551 832//1551 822//1551
f 822//1552 832//1552 765//1552
f 765//1553 832//1553 780//1553
f 765//1554 780//1554 779//1554
f 765//1555 779//1555 711//1555
f 722//1556 710//1556 711//1556
f 722//1557 711//1557 779//1557
f 833//1558 822//1558 823//1558
f 833//1559 823//1559 834//1559
f 834//1560 823//1560 835//1560
f 823//1561 767//1561 835//1561
f 835//1562 767//1562 768//1562
f 835//1563 768//1563 781//1563
f 781//1564 768//1564 712//1564
f 781//1565 712//1565 782//1565
f 782//1566 712//1566 725//1566
f 725//1567 712//1567 665//1567
f 725//1568 665//1568 673//1568
f 604//1569 710//1569 613//1569
f 613//1570 710//1570 722//1570
f 1298//1571 1235//1571 1241//1571
f 1241//1572 1235//1572 1162//1572
f 1521//1573 1489//1573 1522//1573
f 1497//1574 1489//1574 1521//1574
f 1489//1575 1516//1575 1522//1575
f 1522//1576 1516//1576 1523//1576
f 1523//1577 1516//1577 1491//1577
f 1523//1578 1491//1578 1499//1578
f 1499//1579 1491//1579 1492//1579
f 1499//1580 1492//1580 1436//1580
f 1499//1581 1436//1581 1445//1581
f 1445//1582 1436//1582 1369//1582
f 1445//1583 1369//1583 1378//1583
f 1378//1584 1369//1584 1309//1584
f 1309//1585 1369//1585 1298//1585
f 1309//1586 1298//1586 1241//1586
f 1434//1587 1489//1587 1444//1587
f 1444//1588 1489//1588 1497//1588
f 2412//1589 2411//1589 2363//1589
f 2363//1590 2411//1590 2362//1590
f 2413//1591 2412//1591 2363//1591
f 2363//1592 2364//1592 2413//1592
f 2364//1593 2422//1593 2413//1593
f 2413//1594 2422//1594 2423//1594
f 2413//1595 2423//1595 2481//1595
f 2481//1596 2423//1596 2484//1596
f 2481//1597 2484//1597 2527//1597
f 2481//1598 2527//1598 2524//1598
f 2524//1599 2527//1599 2559//1599
f 2524//1600 2559//1600 2588//1600
f 2524//1601 2588//1601 2554//1601
f 2554//1602 2588//1602 2587//1602
f 2554//1603 2587//1603 2580//1603
f 2580//1604 2587//1604 2586//1604
f 2580//1605 2586//1605 2579//1605
f 2578//1606 2579//1606 2585//1606
f 2585//1607 2579//1607 2586//1607
f 3927//1608 4023//1608 3849//1608
f 3849//1609 4023//1609 4037//1609
f 3841//1610 3927//1610 3849//1610
f 3849//1611 3850//1611 3841//1611
f 3850//1612 3792//1612 3841//1612
f 3841//1613 3792//1613 3842//1613
f 3842//1614 3792//1614 3851//1614
f 3842//1615 3851//1615 3843//1615
f 4141//1616 4130//1616 4025//1616
f 4141//1617 4025//1617 4038//1617
f 4038//1618 4025//1618 3933//1618
f 3933//1619 4025//1619 3929//1619
f 3933//1620 3929//1620 3932//1620
f 3932//1621 3929//1621 3843//1621
f 3932//1622 3843//1622 3852//1622
f 3852//1623 3843//1623 3851//1623
f 4141//1624 4140//1624 4130//1624
f 4130//1625 4140//1625 4217//1625
f 4308//1626 4130//1626 4314//1626
f 4314//1627 4130//1627 4217//1627
f 4043//1628 4030//1628 4146//1628
f 4146//1629 4030//1629 4135//1629
f 4146//1630 4135//1630 4134//1630
f 3941//1631 4032//1631 4031//1631
f 4043//1632 3939//1632 4030//1632
f 4030//1633 3939//1633 3940//1633
f 4030//1634 3940//1634 4031//1634
f 4031//1635 3940//1635 3941//1635
f 4147//1636 4136//1636 4045//1636
f 4045//1637 4136//1637 4032//1637
f 4045//1638 4032//1638 3941//1638
f 4148//1639 4214//1639 4147//1639
f 4147//1640 4214//1640 4136//1640
f 4322//1641 4312//1641 4224//1641
f 4224//1642 4312//1642 4214//1642
f 4224//1643 4214//1643 4148//1643
f 4322//1644 4428//1644 4312//1644
f 4312//1645 4428//1645 4414//1645
f 4414//1646 4428//1646 4549//1646
f 4549//1647 4428//1647 4699//1647
f 4549//1648 4699//1648 4548//1648
f 4311//1649 4223//1649 4134//1649
f 4134//1650 4223//1650 4146//1650
f 4546//1651 4574//1651 4413//1651
f 4413//1652 4574//1652 4427//1652
f 4413//1653 4427//1653 4321//1653
f 4413//1654 4321//1654 4311//1654
f 4311//1655 4321//1655 4223//1655
f 4547//1656 4696//1656 4546//1656
f 4546//1657 4696//1657 4575//1657
f 4546//1658 4575//1658 4574//1658
f 4696//1659 4547//1659 4678//1659
f 4696//1660 4678//1660 4697//1660
f 4697//1661 4678//1661 4698//1661
f 4698//1662 4678//1662 4548//1662
f 4698//1663 4548//1663 4699//1663
f 4677//1664 4676//1664 4692//1664
f 4692//1665 4676//1665 4569//1665
f 4677//1666 4692//1666 4764//1666
f 4677//1667 4764//1667 4755//1667
f 4755//1668 4764//1668 4823//1668
f 4755//1669 4823//1669 4861//1669
f 4823//1670 4869//1670 4861//1670
f 4861//1671 4869//1671 4932//1671
f 4861//1672 4932//1672 4919//1672
f 4919//1673 4932//1673 4931//1673
f 4919//1674 4931//1674 4918//1674
f 4918//1675 4931//1675 4986//1675
f 4918//1676 4986//1676 4917//1676
f 4917//1677 4986//1677 4985//1677
f 4917//1678 4985//1678 4970//1678
f 4691//1679 4565//1679 4673//1679
f 4673//1680 4565//1680 4566//1680
f 4673//1681 4566//1681 4674//1681
f 4691//1682 4673//1682 4690//1682
f 4690//1683 4673//1683 4754//1683
f 4690//1684 4754//1684 4763//1684
f 4763//1685 4754//1685 4813//1685
f 4763//1686 4813//1686 4822//1686
f 4822//1687 4813//1687 4868//1687
f 4868//1688 4813//1688 4860//1688
f 4868//1689 4860//1689 4930//1689
f 4930//1690 4860//1690 4915//1690
f 4930//1691 4915//1691 4916//1691
f 4930//1692 4916//1692 4983//1692
f 4983//1693 4916//1693 4969//1693
f 4983//1694 4969//1694 4984//1694
f 4984//1695 4969//1695 4970//1695
f 4984//1696 4970//1696 4985//1696
f 4674//1697 4566//1697 4675//1697
f 4675//1698 4566//1698 4567//1698
f 4675//1699 4567//1699 4544//1699
f 4544//1700 4567//1700 4568//1700
f 4544//1701 4568//1701 4545//1701
f 4545//1702 4568//1702 4569//1702
f 4545//1703 4569//1703 4676//1703
f 4559//1704 4671//1704 4558//1704
f 4558//1705 4671//1705 4670//1705
f 4558//1706 4670//1706 4543//1706
f 4560//1707 4672//1707 4559//1707
f 4559//1708 4672//1708 4671//1708
f 4672//1709 4560//1709 4689//1709
f 4672//1710 4689//1710 4762//1710
f 4672//1711 4762//1711 4753//1711
f 4753//1712 4762//1712 4819//1712
f 4753//1713 4819//1713 4812//1713
f 4812//1714 4819//1714 4865//1714
f 4812//1715 4865//1715 4855//1715
f 4855//1716 4865//1716 4927//1716
f 4855//1717 4927//1717 4912//1717
f 4912//1718 4927//1718 4980//1718
f 4912//1719 4980//1719 4911//1719
f 4911//1720 4980//1720 4979//1720
f 4911//1721 4979//1721 4964//1721
f 4964//1722 4979//1722 4978//1722
f 4964//1723 4978//1723 4963//1723
f 4963//1724 4978//1724 4962//1724
f 4962//1725 4978//1725 4977//1725
f 4962//1726 4977//1726 4910//1726
f 4543//1727 4542//1727 4558//1727
f 4558//1728 4542//1728 4557//1728
f 4557//1729 4542//1729 4556//1729
f 4556//1730 4542//1730 4669//1730
f 4556//1731 4669//1731 4752//1731
f 4556//1732 4752//1732 4688//1732
f 4688//1733 4752//1733 4761//1733
f 4761//1734 4752//1734 4811//1734
f 4761//1735 4811//1735 4818//1735
f 4818//1736 4811//1736 4854//1736
f 4818//1737 4854//1737 4864//1737
f 4864//1738 4854//1738 4909//1738
f 4864//1739 4909//1739 4925//1739
f 4925//1740 4909//1740 4926//1740
f 4926//1741 4909//1741 4910//1741
f 4926//1742 4910//1742 4977//1742
f 4682//1743 4667//1743 4683//1743
f 4683//1744 4667//1744 4668//1744
f 4682//1745 4681//1745 4667//1745
f 4667//1746 4681//1746 4539//1746
f 4683//1747 4668//1747 4684//1747
f 4684//1748 4668//1748 4540//1748
f 4684//1749 4540//1749 4552//1749
f 4552//1750 4540//1750 4541//1750
f 4552//1751 4541//1751 4418//1751
f 4418//1752 4541//1752 4412//1752
f 4418//1753 4412//1753 4310//1753
f 4418//1754 4310//1754 4316//1754
f 4316//1755 4310//1755 4219//1755
f 4219//1756 4310//1756 4213//1756
f 4219//1757 4213//1757 4144//1757
f 4144//1758 4213//1758 4133//1758
f 4144//1759 4133//1759 4143//1759
f 4551//1760 4411//1760 4681//1760
f 4681//1761 4411//1761 4538//1761
f 4681//1762 4538//1762 4539//1762
f 4411//1763 4551//1763 4417//1763
f 4411//1764 4417//1764 4309//1764
f 4309//1765 4417//1765 4315//1765
f 4309//1766 4315//1766 4218//1766
f 4309//1767 4218//1767 4212//1767
f 4212//1768 4218//1768 4131//1768
f 4131//1769 4218//1769 4142//1769
f 4131//1770 4142//1770 4039//1770
f 4131//1771 4039//1771 4026//1771
f 4026//1772 4039//1772 3934//1772
f 4026//1773 3934//1773 4027//1773
f 4027//1774 3934//1774 3935//1774
f 4027//1775 3935//1775 4028//1775
f 4028//1776 3935//1776 3936//1776
f 4029//1777 4028//1777 4040//1777
f 4040//1778 4028//1778 3936//1778
f 4143//1779 4133//1779 4040//1779
f 4040//1780 4133//1780 4132//1780
f 4040//1781 4132//1781 4029//1781
f 3441//1782 3531//1782 3343//1782
f 3343//1783 3531//1783 3435//1783
f 3343//1784 3435//1784 3336//1784
f 3733//1785 3789//1785 3732//1785
f 3732//1786 3789//1786 3741//1786
f 3732//1787 3741//1787 3731//1787
f 3742//1788 3791//1788 3733//1788
f 3733//1789 3791//1789 3790//1789
f 3733//1790 3790//1790 3789//1790
f 3733//1791 3734//1791 3742//1791
f 3742//1792 3734//1792 3735//1792
f 3735//1793 3668//1793 3742//1793
f 3742//1794 3668//1794 3674//1794
f 3674//1795 3668//1795 3606//1795
f 3674//1796 3606//1796 3611//1796
f 3611//1797 3606//1797 3536//1797
f 3536//1798 3606//1798 3531//1798
f 3536//1799 3531//1799 3441//1799
f 3731//1800 3741//1800 3667//1800
f 3667//1801 3741//1801 3610//1801
f 3667//1802 3610//1802 3605//1802
f 3440//1803 3530//1803 3535//1803
f 3535//1804 3530//1804 3605//1804
f 3535//1805 3605//1805 3610//1805
f 3257//1806 3249//1806 3256//1806
f 3256//1807 3249//1807 3248//1807
f 3256//1808 3248//1808 3255//1808
f 3255//1809 3248//1809 3335//1809
f 3255//1810 3335//1810 3254//1810
f 3254//1811 3335//1811 3434//1811
f 3254//1812 3434//1812 3342//1812
f 3342//1813 3434//1813 3440//1813
f 3440//1814 3434//1814 3530//1814
f 3249//1815 3257//1815 3258//1815
f 3249//1816 3258//1816 3336//1816
f 3336//1817 3258//1817 3343//1817
f 2836//1818 2921//1818 2911//1818
f 2911//1819 2921//1819 2920//1819
f 2911//1820 2920//1820 2910//1820
f 2910//1821 2920//1821 2995//1821
f 2910//1822 2995//1822 2990//1822
f 2990//1823 2995//1823 2994//1823
f 2990//1824 2994//1824 2989//1824
f 2989//1825 2994//1825 2993//1825
f 2989//1826 2993//1826 2909//1826
f 2909//1827 2993//1827 2919//1827
f 2909//1828 2919//1828 2908//1828
f 2919//1829 2918//1829 2908//1829
f 2908//1830 2918//1830 2840//1830
f 2908//1831 2840//1831 2835//1831
f 2835//1832 2840//1832 2839//1832
f 2798//1833 2765//1833 2802//1833
f 2798//1834 2802//1834 2841//1834
f 2798//1835 2841//1835 2836//1835
f 2836//1836 2841//1836 2921//1836
f 2835//1837 2839//1837 2797//1837
f 2797//1838 2839//1838 2764//1838
f 2797//1839 2764//1839 2758//1839
f 2716//1840 2674//1840 2670//1840
f 2675//1841 2670//1841 2674//1841
f 2637//1842 2629//1842 2628//1842
f 2637//1843 2628//1843 2636//1843
f 2636//1844 2628//1844 2627//1844
f 2636//1845 2627//1845 2635//1845
f 2635//1846 2627//1846 2670//1846
f 2635//1847 2670//1847 2634//1847
f 2634//1848 2670//1848 2675//1848
f 2670//1849 2711//1849 2716//1849
f 2716//1850 2711//1850 2758//1850
f 2716//1851 2758//1851 2764//1851
f 2717//1852 2712//1852 2671//1852
f 2629//1853 2637//1853 2638//1853
f 2629//1854 2638//1854 2676//1854
f 2629//1855 2676//1855 2671//1855
f 2671//1856 2676//1856 2677//1856
f 2671//1857 2677//1857 2717//1857
f 2712//1858 2717//1858 2759//1858
f 2759//1859 2717//1859 2765//1859
f 2759//1860 2765//1860 2798//1860
f 2222//1861 2214//1861 2186//1861
f 2186//1862 2214//1862 2215//1862
f 2186//1863 2215//1863 2180//1863
f 2219//1864 2213//1864 2260//1864
f 2219//1865 2260//1865 2267//1865
f 2267//1866 2260//1866 2314//1866
f 2267//1867 2314//1867 2323//1867
f 2323//1868 2314//1868 2315//1868
f 2323//1869 2315//1869 2365//1869
f 2365//1870 2315//1870 2366//1870
f 2315//1871 2316//1871 2366//1871
f 2316//1872 2317//1872 2366//1872
f 2366//1873 2317//1873 2325//1873
f 2325//1874 2317//1874 2261//1874
f 2325//1875 2261//1875 2326//1875
f 2326//1876 2261//1876 2269//1876
f 2269//1877 2261//1877 2214//1877
f 2269//1878 2214//1878 2222//1878
f 2213//1879 2219//1879 2179//1879
f 2179//1880 2219//1880 2155//1880
f 2179//1881 2155//1881 2151//1881
f 2050//1882 2057//1882 2003//1882
f 2057//1883 2050//1883 2056//1883
f 2056//1884 2050//1884 2095//1884
f 2056//1885 2095//1885 2104//1885
f 2104//1886 2095//1886 2151//1886
f 2104//1887 2151//1887 2155//1887
f 2004//1888 2051//1888 2003//1888
f 2003//1889 2051//1889 2050//1889
f 2051//1890 2004//1890 2058//1890
f 2096//1891 2051//1891 2059//1891
f 2059//1892 2051//1892 2058//1892
f 2059//1893 2106//1893 2096//1893
f 2096//1894 2106//1894 2156//1894
f 2096//1895 2156//1895 2152//1895
f 2152//1896 2156//1896 2186//1896
f 2152//1897 2186//1897 2180//1897
f 1450//1898 1372//1898 1380//1898
f 1380//1899 1372//1899 1301//1899
f 1097//1900 1090//1900 1157//1900
f 1097//1901 1157//1901 1164//1901
f 1164//1902 1157//1902 1236//1902
f 1164//1903 1236//1903 1163//1903
f 1163//1904 1236//1904 1242//1904
f 1242//1905 1236//1905 1300//1905
f 1242//1906 1300//1906 1310//1906
f 1310//1907 1300//1907 1379//1907
f 1300//1908 1370//1908 1379//1908
f 1379//1909 1370//1909 1446//1909
f 1446//1910 1370//1910 1371//1910
f 1446//1911 1371//1911 1447//1911
f 1371//1912 1437//1912 1447//1912
f 1447//1913 1437//1913 1448//1913
f 1448//1914 1437//1914 1449//1914
f 1449//1915 1437//1915 1372//1915
f 1449//1916 1372//1916 1450//1916
f 1090//1917 1097//1917 1023//1917
f 1090//1918 1023//1918 1007//1918
f 1007//1919 1023//1919 936//1919
f 1007//1920 936//1920 1008//1920
f 1008//1921 936//1921 937//1921
f 1008//1922 937//1922 1009//1922
f 1009//1923 937//1923 1024//1923
f 1009//1924 1024//1924 1010//1924
f 1010//1925 1024//1925 1091//1925
f 1091//1926 1024//1926 1098//1926
f 1091//1927 1098//1927 1092//1927
f 1092//1928 1098//1928 1158//1928
f 1158//1929 1098//1929 1168//1929
f 1158//1930 1168//1930 1237//1930
f 1380//1931 1301//1931 1312//1931
f 1312//1932 1301//1932 1237//1932
f 1312//1933 1237//1933 1313//1933
f 1313//1934 1237//1934 1245//1934
f 1245//1935 1237//1935 1168//1935
f 1031//1936 1030//1936 1011//1936
f 1011//1937 1030//1937 1029//1937
f 1011//1938 1029//1938 931//1938
f 931//1939 1029//1939 940//1939
f 931//1940 940//1940 877//1940
f 877//1941 940//1941 886//1941
f 877//1942 886//1942 829//1942
f 877//1943 829//1943 820//1943
f 820//1944 829//1944 763//1944
f 719//1945 705//1945 775//1945
f 775//1946 705//1946 763//1946
f 775//1947 763//1947 829//1947
f 719//1948 720//1948 705//1948
f 705//1949 720//1949 706//1949
f 1031//1950 1011//1950 1012//1950
f 1031//1951 1012//1951 1032//1951
f 706//1952 720//1952 670//1952
f 706//1953 670//1953 707//1953
f 707//1954 670//1954 671//1954
f 707//1955 671//1955 708//1955
f 708//1956 671//1956 672//1956
f 708//1957 672//1957 709//1957
f 764//1958 709//1958 721//1958
f 721//1959 709//1959 672//1959
f 721//1960 778//1960 764//1960
f 764//1961 778//1961 831//1961
f 764//1962 831//1962 821//1962
f 821//1963 831//1963 878//1963
f 831//1964 888//1964 878//1964
f 878//1965 888//1965 942//1965
f 878//1966 942//1966 932//1966
f 932//1967 942//1967 1034//1967
f 932//1968 1034//1968 1013//1968
f 1013//1969 1034//1969 1033//1969
f 1013//1970 1033//1970 1012//1970
f 1012//1971 1033//1971 1032//1971
f 1037//1972 1014//1972 1038//1972
f 1038//1973 1014//1973 1015//1973
f 675//1974 714//1974 674//1974
f 674//1975 714//1975 713//1975
f 674//1976 713//1976 727//1976
f 727//1977 713//1977 726//1977
f 726//1978 713//1978 769//1978
f 726//1979 769//1979 783//1979
f 783//1980 769//1980 836//1980
f 769//1981 824//1981 836//1981
f 836//1982 824//1982 889//1982
f 824//1983 879//1983 889//1983
f 889//1984 879//1984 890//1984
f 890//1985 879//1985 933//1985
f 890//1986 933//1986 943//1986
f 943//1987 933//1987 1036//1987
f 1036//1988 933//1988 1014//1988
f 1036//1989 1014//1989 1037//1989
f 714//1990 675//1990 715//1990
f 715//1991 675//1991 728//1991
f 716//1992 715//1992 728//1992
f 880//1993 825//1993 786//1993
f 716//1994 728//1994 770//1994
f 770//1995 728//1995 729//1995
f 770//1996 729//1996 786//1996
f 770//1997 786//1997 825//1997
f 786//1998 838//1998 880//1998
f 880//1999 838//1999 892//1999
f 880//2000 892//2000 945//2000
f 880//2001 945//2001 934//2001
f 934//2002 945//2002 1040//2002
f 934//2003 1040//2003 1039//2003
f 934//2004 1039//2004 1016//2004
f 1016//2005 1039//2005 1038//2005
f 1016//2006 1038//2006 1015//2006
f 1020//2007 1019//2007 1044//2007
f 1111//2008 1094//2008 1044//2008
f 1044//2009 1094//2009 1020//2009
f 1373//2010 1438//2010 1451//2010
f 1383//2011 1454//2011 1374//2011
f 1374//2012 1454//2012 1453//2012
f 1374//2013 1453//2013 1439//2013
f 1439//2014 1453//2014 1438//2014
f 1438//2015 1453//2015 1452//2015
f 1438//2016 1452//2016 1451//2016
f 1383//2017 1374//2017 1303//2017
f 1383//2018 1303//2018 1320//2018
f 1320//2019 1303//2019 1239//2019
f 1320//2020 1239//2020 1252//2020
f 1252//2021 1239//2021 1160//2021
f 1252//2022 1160//2022 1177//2022
f 1177//2023 1160//2023 1111//2023
f 1111//2024 1160//2024 1094//2024
f 1382//2025 1302//2025 1451//2025
f 1451//2026 1302//2026 1373//2026
f 950//2027 1018//2027 949//2027
f 949//2028 1018//2028 1017//2028
f 949//2029 1017//2029 1043//2029
f 1043//2030 1017//2030 1093//2030
f 1043//2031 1093//2031 1110//2031
f 1110//2032 1093//2032 1174//2032
f 1174//2033 1093//2033 1159//2033
f 1174//2034 1159//2034 1250//2034
f 1250//2035 1159//2035 1238//2035
f 1250//2036 1238//2036 1318//2036
f 1318//2037 1238//2037 1302//2037
f 1318//2038 1302//2038 1382//2038
f 1018//2039 950//2039 1019//2039
f 1019//2040 950//2040 1044//2040
f 1670//2041 1663//2041 1709//2041
f 1709//2042 1663//2042 1704//2042
f 1620//2043 1593//2043 1590//2043
f 1590//2044 1593//2044 1559//2044
f 1590//2045 1559//2045 1552//2045
f 1552//2046 1559//2046 1560//2046
f 1552//2047 1560//2047 1553//2047
f 1553//2048 1560//2048 1527//2048
f 1553//2049 1527//2049 1554//2049
f 1554//2050 1527//2050 1562//2050
f 1554//2051 1562//2051 1555//2051
f 1633//2052 1663//2052 1670//2052
f 1590//2053 1615//2053 1620//2053
f 1620//2054 1615//2054 1633//2054
f 1620//2055 1633//2055 1637//2055
f 1637//2056 1633//2056 1670//2056
f 1594//2057 1591//2057 1562//2057
f 1562//2058 1591//2058 1555//2058
f 1591//2059 1594//2059 1616//2059
f 1616//2060 1594//2060 1622//2060
f 1709//2061 1704//2061 1747//2061
f 1779//2062 1778//2062 1748//2062
f 1748//2063 1778//2063 1752//2063
f 1748//2064 1752//2064 1747//2064
f 1747//2065 1752//2065 1709//2065
f 1779//2066 1748//2066 1753//2066
f 1753//2067 1748//2067 1749//2067
f 1753//2068 1749//2068 1754//2068
f 1754//2069 1749//2069 1750//2069
f 1754//2070 1750//2070 1712//2070
f 1712//2071 1750//2071 1705//2071
f 1712//2072 1705//2072 1713//2072
f 1713//2073 1705//2073 1664//2073
f 1713//2074 1664//2074 1673//2074
f 1673//2075 1664//2075 1639//2075
f 1639//2076 1664//2076 1616//2076
f 1639//2077 1616//2077 1622//2077
f 2158//2078 2154//2078 2099//2078
f 2054//2079 2063//2079 2064//2079
f 2054//2080 2064//2080 2099//2080
f 2099//2081 2064//2081 2110//2081
f 2099//2082 2110//2082 2158//2082
f 2154//2083 2158//2083 2182//2083
f 2182//2084 2158//2084 2191//2084
f 2318//2085 2330//2085 2262//2085
f 2262//2086 2330//2086 2271//2086
f 2262//2087 2271//2087 2224//2087
f 2262//2088 2224//2088 2217//2088
f 2319//2089 2370//2089 2318//2089
f 2318//2090 2370//2090 2330//2090
f 2372//2091 2371//2091 2319//2091
f 2319//2092 2371//2092 2370//2092
f 2263//2093 2332//2093 2321//2093
f 2321//2094 2332//2094 2320//2094
f 2320//2095 2332//2095 2372//2095
f 2320//2096 2372//2096 2319//2096
f 2182//2097 2191//2097 2218//2097
f 2218//2098 2191//2098 2226//2098
f 2218//2099 2226//2099 2263//2099
f 2263//2100 2226//2100 2274//2100
f 2263//2101 2274//2101 2332//2101
f 2217//2102 2224//2102 2216//2102
f 2216//2103 2224//2103 2188//2103
f 2216//2104 2188//2104 2181//2104
f 2157//2105 2108//2105 2097//2105
f 2097//2106 2108//2106 2061//2106
f 2097//2107 2061//2107 2098//2107
f 2006//2108 2052//2108 2062//2108
f 2062//2109 2052//2109 2098//2109
f 2062//2110 2098//2110 2061//2110
f 2052//2111 2006//2111 2007//2111
f 2052//2112 2007//2112 2053//2112
f 2053//2113 2007//2113 2054//2113
f 2054//2114 2007//2114 2063//2114
f 2097//2115 2153//2115 2157//2115
f 2157//2116 2153//2116 2181//2116
f 2157//2117 2181//2117 2188//2117
f 2718//2118 2713//2118 2767//2118
f 2767//2119 2713//2119 2760//2119
f 2767//2120 2760//2120 2799//2120
f 2713//2121 2718//2121 2679//2121
f 2713//2122 2679//2122 2672//2122
f 2672//2123 2679//2123 2639//2123
f 2672//2124 2639//2124 2630//2124
f 2639//2125 2640//2125 2630//2125
f 2630//2126 2640//2126 2641//2126
f 2630//2127 2641//2127 2631//2127
f 2642//2128 2632//2128 2631//2128
f 2642//2129 2631//2129 2641//2129
f 2719//2130 2768//2130 2761//2130
f 2673//2131 2632//2131 2643//2131
f 2643//2132 2632//2132 2642//2132
f 2643//2133 2680//2133 2673//2133
f 2673//2134 2680//2134 2719//2134
f 2673//2135 2719//2135 2714//2135
f 2714//2136 2719//2136 2761//2136
f 2761//2137 2768//2137 2800//2137
f 2800//2138 2768//2138 2844//2138
f 2800//2139 2844//2139 2838//2139
f 2767//2140 2799//2140 2803//2140
f 2803//2141 2799//2141 2843//2141
f 2843//2142 2799//2142 2837//2142
f 2843//2143 2837//2143 2922//2143
f 2922//2144 2837//2144 2912//2144
f 2922//2145 2912//2145 2923//2145
f 2923//2146 2912//2146 2913//2146
f 2923//2147 2913//2147 2997//2147
f 2997//2148 2913//2148 2998//2148
f 2998//2149 2913//2149 2991//2149
f 2998//2150 2991//2150 2999//2150
f 2999//2151 2991//2151 2914//2151
f 2999//2152 2914//2152 3000//2152
f 3000//2153 2914//2153 2915//2153
f 3000//2154 2915//2154 2924//2154
f 2924//2155 2915//2155 2838//2155
f 2924//2156 2838//2156 2844//2156
f 3437//2157 3443//2157 3539//2157
f 3443//2158 3437//2158 3345//2158
f 3345//2159 3437//2159 3338//2159
f 3345//2160 3338//2160 3263//2160
f 3263//2161 3338//2161 3252//2161
f 3263//2162 3252//2162 3262//2162
f 3539//2163 3533//2163 3437//2163
f 3533//2164 3539//2164 3614//2164
f 3533//2165 3614//2165 3608//2165
f 3748//2166 3670//2166 3614//2166
f 3614//2167 3670//2167 3671//2167
f 3614//2168 3671//2168 3608//2168
f 3532//2169 3538//2169 3442//2169
f 3538//2170 3532//2170 3613//2170
f 3613//2171 3532//2171 3607//2171
f 3613//2172 3607//2172 3677//2172
f 3677//2173 3607//2173 3669//2173
f 3677//2174 3669//2174 3746//2174
f 3746//2175 3669//2175 3736//2175
f 3746//2176 3736//2176 3747//2176
f 3747//2177 3736//2177 3737//2177
f 3747//2178 3737//2178 3796//2178
f 3796//2179 3737//2179 3738//2179
f 3796//2180 3738//2180 3797//2180
f 3797//2181 3738//2181 3739//2181
f 3797//2182 3739//2182 3798//2182
f 3798//2183 3739//2183 3748//2183
f 3748//2184 3739//2184 3670//2184
f 3344//2185 3337//2185 3442//2185
f 3442//2186 3337//2186 3436//2186
f 3442//2187 3436//2187 3532//2187
f 3262//2188 3252//2188 3251//2188
f 3337//2189 3344//2189 3259//2189
f 3337//2190 3259//2190 3250//2190
f 3250//2191 3259//2191 3260//2191
f 3250//2192 3260//2192 3251//2192
f 3251//2193 3260//2193 3261//2193
f 3251//2194 3261//2194 3262//2194
f 4345//2195 4346//2195 4451//2195
f 3853//2196 3947//2196 3802//2196
f 3806//2197 3758//2197 3802//2197
f 3802//2198 3758//2198 3744//2198
f 3802//2199 3744//2199 3853//2199
f 3853//2200 3938//2200 3947//2200
f 3947//2201 3938//2201 4042//2201
f 3947//2202 4042//2202 4221//2202
f 3947//2203 4221//2203 3950//2203
f 4344//2204 4345//2204 4422//2204
f 4422//2205 4318//2205 4344//2205
f 4345//2206 4451//2206 4422//2206
f 4422//2207 4451//2207 4598//2207
f 4422//2208 4598//2208 4562//2208
f 4562//2209 4598//2209 4599//2209
f 4562//2210 4599//2210 4564//2210
f 4599//2211 4600//2211 4564//2211
f 4564//2212 4600//2212 4452//2212
f 4564//2213 4452//2213 4423//2213
f 4423//2214 4452//2214 4347//2214
f 4423//2215 4347//2215 4221//2215
f 4221//2216 4347//2216 4249//2216
f 4221//2217 4249//2217 3950//2217
f 4052//2218 4041//2218 3793//2218
f 1195//2219 1198//2219 1127//2219
f 1530//2220 1533//2220 1568//2220
f 2721//2221 2725//2221 2770//2221
f 4344//2222 4318//2222 4243//2222
f 4243//2223 4318//2223 4041//2223
f 4243//2224 4041//2224 4246//2224
f 4246//2225 4041//2225 4052//2225
f 2563//2226 2599//2226 2593//2226
f 1530//2227 1558//2227 1500//2227
f 1530//2228 1500//2228 1458//2228
f 1458//2229 1500//2229 1450//2229
f 1458//2230 1450//2230 1459//2230
f 1459//2231 1450//2231 1315//2231
f 1459//2232 1315//2232 1463//2232
f 1105//2233 1172//2233 1195//2233
f 1195//2234 1172//2234 1247//2234
f 1195//2235 1247//2235 1260//2235
f 1195//2236 1127//2236 1105//2236
f 1105//2237 1127//2237 1126//2237
f 1105//2238 1126//2238 1035//2238
f 1126//2239 1054//2239 1035//2239
f 1035//2240 1054//2240 1125//2240
f 1035//2241 1125//2241 1104//2241
f 1104//2242 1125//2242 1197//2242
f 1104//2243 1197//2243 1170//2243
f 1170//2244 1197//2244 1196//2244
f 1170//2245 1196//2245 1315//2245
f 1315//2246 1196//2246 1336//2246
f 1315//2247 1336//2247 1463//2247
f 1530//2248 1568//2248 1558//2248
f 1558//2249 1568//2249 1681//2249
f 1558//2250 1681//2250 1668//2250
f 1668//2251 1681//2251 1892//2251
f 1668//2252 1892//2252 1877//2252
f 1877//2253 1892//2253 1977//2253
f 1877//2254 1977//2254 2060//2254
f 1977//2255 2075//2255 2060//2255
f 2060//2256 2075//2256 2291//2256
f 2060//2257 2291//2257 2270//2257
f 2270//2258 2291//2258 2451//2258
f 2270//2259 2451//2259 2560//2259
f 2451//2260 2563//2260 2560//2260
f 2560//2261 2563//2261 2593//2261
f 2560//2262 2593//2262 2678//2262
f 2678//2263 2593//2263 2721//2263
f 2678//2264 2721//2264 2766//2264
f 2766//2265 2721//2265 2770//2265
f 2766//2266 2770//2266 2842//2266
f 2842//2267 2770//2267 2925//2267
f 2842//2268 2925//2268 3041//2268
f 2925//2269 3046//2269 3041//2269
f 3041//2270 3046//2270 3084//2270
f 3041//2271 3084//2271 3183//2271
f 3084//2272 3187//2272 3183//2272
f 3183//2273 3187//2273 3540//2273
f 3183//2274 3540//2274 3537//2274
f 3537//2275 3540//2275 3680//2275
f 3537//2276 3680//2276 3793//2276
f 3793//2277 3680//2277 3803//2277
f 3793//2278 3803//2278 4052//2278
f 1393//2279 1381//2279 1524//2279
f 1260//2280 1247//2280 1335//2280
f 1335//2281 1247//2281 1381//2281
f 1335//2282 1381//2282 1340//2282
f 1340//2283 1381//2283 1393//2283
f 2453//2284 2390//2284 2387//2284
f 2485//2285 2493//2285 2453//2285
f 2485//2286 2453//2286 2427//2286
f 2427//2287 2453//2287 2387//2287
f 2427//2288 2387//2288 2328//2288
f 2328//2289 2387//2289 2244//2289
f 2328//2290 2244//2290 2223//2290
f 2223//2291 2244//2291 2245//2291
f 2223//2292 2245//2292 2187//2292
f 2187//2293 2245//2293 2076//2293
f 2187//2294 2076//2294 2005//2294
f 2076//2295 2027//2295 2005//2295
f 2005//2296 2027//2296 1927//2296
f 2005//2297 1927//2297 1777//2297
f 1777//2298 1927//2298 1787//2298
f 1777//2299 1787//2299 1669//2299
f 1669//2300 1787//2300 1642//2300
f 1669//2301 1642//2301 1636//2301
f 1636//2302 1642//2302 1603//2302
f 1636//2303 1603//2303 1524//2303
f 1524//2304 1603//2304 1536//2304
f 1524//2305 1536//2305 1393//2305
f 2485//2306 2426//2306 2493//2306
f 2493//2307 2426//2307 2452//2307
f 3757//2308 2452//2308 2426//2308
f 2426//2309 2996//2309 3757//2309
f 3757//2310 2996//2310 3612//2310
f 3757//2311 3612//2311 3743//2311
f 3758//2312 3757//2312 3744//2312
f 3744//2313 3757//2313 3743//2313
f 528//2314 525//2314 604//2314
f 604//2315 525//2315 693//2315
f 604//2316 693//2316 710//2316
f 527//2317 529//2317 660//2317
f 660//2318 529//2318 608//2318
f 660//2319 608//2319 665//2319
f 660//2320 665//2320 712//2320
f 660//2321 712//2321 695//2321
f 695//2322 712//2322 768//2322
f 695//2323 768//2323 757//2323
f 757//2324 768//2324 767//2324
f 757//2325 767//2325 814//2325
f 767//2326 823//2326 814//2326
f 814//2327 823//2327 813//2327
f 823//2328 822//2328 813//2328
f 813//2329 822//2329 754//2329
f 822//2330 765//2330 754//2330
f 754//2331 765//2331 711//2331
f 754//2332 711//2332 694//2332
f 694//2333 711//2333 710//2333
f 694//2334 710//2334 693//2334
f 1360//2335 1354//2335 1434//2335
f 1434//2336 1354//2336 1481//2336
f 1434//2337 1481//2337 1489//2337
f 1148//2338 1150//2338 1286//2338
f 1286//2339 1150//2339 1235//2339
f 1286//2340 1235//2340 1298//2340
f 1286//2341 1298//2341 1369//2341
f 1286//2342 1369//2342 1356//2342
f 1356//2343 1369//2343 1436//2343
f 1356//2344 1436//2344 1427//2344
f 1427//2345 1436//2345 1492//2345
f 1427//2346 1492//2346 1483//2346
f 1492//2347 1491//2347 1483//2347
f 1483//2348 1491//2348 1516//2348
f 1483//2349 1516//2349 1514//2349
f 1514//2350 1516//2350 1489//2350
f 1514//2351 1489//2351 1481//2351
f 2518//2352 2524//2352 2554//2352
f 2518//2353 2554//2353 2546//2353
f 2546//2354 2554//2354 2580//2354
f 2546//2355 2580//2355 2571//2355
f 2571//2356 2580//2356 2579//2356
f 2571//2357 2579//2357 2570//2357
f 2575//2358 2569//2358 2578//2358
f 2578//2359 2569//2359 2570//2359
f 2578//2360 2570//2360 2579//2360
f 2400//2361 2408//2361 2402//2361
f 2402//2362 2408//2362 2411//2362
f 2402//2363 2411//2363 2412//2363
f 2402//2364 2412//2364 2413//2364
f 2402//2365 2413//2365 2403//2365
f 2403//2366 2413//2366 2481//2366
f 2403//2367 2481//2367 2474//2367
f 2474//2368 2481//2368 2524//2368
f 2474//2369 2524//2369 2518//2369
f 4302//2370 4300//2370 4308//2370
f 4308//2371 4300//2371 4116//2371
f 4308//2372 4116//2372 4130//2372
f 4112//2373 4120//2373 3922//2373
f 3922//2374 4120//2374 4023//2374
f 3922//2375 4023//2375 3927//2375
f 3922//2376 3927//2376 3841//2376
f 3922//2377 3841//2377 3835//2377
f 3835//2378 3841//2378 3842//2378
f 3835//2379 3842//2379 3836//2379
f 3836//2380 3842//2380 3843//2380
f 3836//2381 3843//2381 3837//2381
f 3837//2382 3843//2382 3929//2382
f 3837//2383 3929//2383 3924//2383
f 3924//2384 3929//2384 4025//2384
f 3924//2385 4025//2385 4009//2385
f 4009//2386 4025//2386 4116//2386
f 4116//2387 4025//2387 4130//2387
f 1409//2388 1071//2388 1070//2388
f 1070//2389 1071//2389 979//2389
f 977//2390 1142//2390 1216//2390
f 1216//2391 1142//2391 1344//2391
f 1216//2392 1344//2392 1345//2392
f 1578//2393 1474//2393 1407//2393
f 1733//2394 1732//2394 1773//2394
f 1865//2395 1733//2395 1773//2395
f 2036//2396 2037//2396 1995//2396
f 1995//2397 2037//2397 1996//2397
f 2080//2398 2205//2398 2250//2398
f 2250//2399 2205//2399 2395//2399
f 2897//2400 2973//2400 2974//2400
f 2826//2401 2975//2401 2898//2401
f 4103//2402 3997//2402 3996//2402
f 4508//2403 4294//2403 4293//2403
f 4293//2404 4294//2404 3997//2404
f 4293//2405 3997//2405 4103//2405
f 4508//2406 4649//2406 4650//2406
f 4508//2407 4650//2407 4509//2407
f 4509//2408 4650//2408 4510//2408
f 4510//2409 4511//2409 4400//2409
f 3908//2410 4400//2410 3998//2410
f 3998//2411 4400//2411 4511//2411
f 4798//2412 4797//2412 4838//2412
f 4798//2413 4838//2413 4839//2413
f 4880//2414 4944//2414 4881//2414
f 4882//2415 4881//2415 4944//2415
f 4945//2416 4884//2416 4883//2416
f 4884//2417 4945//2417 4885//2417
f 4000//2418 4512//2418 3909//2418
f 3909//2419 4512//2419 4401//2419
f 4401//2420 4512//2420 4513//2420
f 4513//2421 4651//2421 4514//2421
f 4652//2422 4514//2422 4651//2422
f 4514//2423 4652//2423 4653//2423
f 4514//2424 4653//2424 4515//2424
f 4515//2425 4296//2425 4295//2425
f 4295//2426 4296//2426 4107//2426
f 4295//2427 4107//2427 4001//2427
f 4001//2428 4107//2428 4002//2428
f 3326//2429 3238//2429 3237//2429
f 2899//2430 2977//2430 2827//2430
f 2979//2431 2900//2431 2978//2431
f 2506//2432 2507//2432 2468//2432
f 2396//2433 2206//2433 2251//2433
f 2251//2434 2206//2434 2085//2434
f 2038//2435 1998//2435 1997//2435
f 1998//2436 2038//2436 2039//2436
f 1866//2437 1775//2437 1735//2437
f 1735//2438 1775//2438 1736//2438
f 1581//2439 1416//2439 1477//2439
f 987//2440 1224//2440 1146//2440
f 1146//2441 1224//2441 1347//2441
f 1146//2442 1347//2442 1348//2442
f 986//2443 985//2443 1079//2443
f 1079//2444 985//2444 1078//2444
f 1414//2445 1079//2445 1078//2445
f 1279//2446 922//2446 865//2446
f 746//2447 745//2447 805//2447
f 746//2448 805//2448 806//2448
f 806//2449 805//2449 865//2449
f 745//2450 685//2450 744//2450
f 744//2451 685//2451 684//2451
f 682//2452 742//2452 743//2452
f 682//2453 743//2453 683//2453
f 681//2454 680//2454 741//2454
f 741//2455 680//2455 740//2455
f 804//2456 740//2456 803//2456
f 1278//2457 864//2457 921//2457
f 4847//2458 4858//2458 4859//2458
f 4847//2459 4859//2459 4848//2459
f 4848//2460 4859//2460 4914//2460
f 4848//2461 4914//2461 4897//2461
f 4897//2462 4914//2462 4968//2462
f 4897//2463 4968//2463 4951//2463
f 5061//2464 5059//2464 5040//2464
f 5040//2465 5059//2465 4951//2465
f 5040//2466 4951//2466 4968//2466
f 5057//2467 5060//2467 4948//2467
f 4948//2468 5060//2468 5039//2468
f 4948//2469 5039//2469 4965//2469
f 4845//2470 4896//2470 4913//2470
f 4913//2471 4896//2471 4948//2471
f 4913//2472 4948//2472 4965//2472
f 4845//2473 4913//2473 4856//2473
f 4845//2474 4856//2474 4857//2474
f 4845//2475 4857//2475 4846//2475
f 4846//2476 4857//2476 4858//2476
f 4846//2477 4858//2477 4847//2477
f 4020//2478 4012//2478 4035//2478
f 4035//2479 4012//2479 3840//2479
f 4035//2480 3840//2480 3846//2480
f 4301//2481 4307//2481 4206//2481
f 4206//2482 4307//2482 4313//2482
f 4206//2483 4313//2483 4215//2483
f 4206//2484 4215//2484 4137//2484
f 4206//2485 4137//2485 4117//2485
f 4117//2486 4137//2486 4033//2486
f 4117//2487 4033//2487 4010//2487
f 4010//2488 4033//2488 3930//2488
f 4010//2489 3930//2489 3925//2489
f 3925//2490 3930//2490 3844//2490
f 3925//2491 3844//2491 3838//2491
f 3838//2492 3844//2492 3845//2492
f 3838//2493 3845//2493 3839//2493
f 3839//2494 3845//2494 3846//2494
f 3839//2495 3846//2495 3840//2495
f 2357//2496 2356//2496 2359//2496
f 2359//2497 2356//2497 2406//2497
f 2359//2498 2406//2498 2416//2498
f 2574//2499 2576//2499 2573//2499
f 2573//2500 2576//2500 2583//2500
f 2573//2501 2583//2501 2582//2501
f 2573//2502 2582//2502 2581//2502
f 2573//2503 2581//2503 2572//2503
f 2572//2504 2581//2504 2555//2504
f 2572//2505 2555//2505 2547//2505
f 2547//2506 2555//2506 2519//2506
f 2555//2507 2525//2507 2519//2507
f 2519//2508 2525//2508 2475//2508
f 2525//2509 2482//2509 2475//2509
f 2475//2510 2482//2510 2404//2510
f 2482//2511 2414//2511 2404//2511
f 2404//2512 2414//2512 2415//2512
f 2404//2513 2415//2513 2405//2513
f 2405//2514 2415//2514 2416//2514
f 2405//2515 2416//2515 2406//2515
f 1155//2516 1149//2516 1240//2516
f 1240//2517 1149//2517 1288//2517
f 1240//2518 1288//2518 1304//2518
f 1359//2519 1366//2519 1487//2519
f 1487//2520 1366//2520 1442//2520
f 1487//2521 1442//2521 1496//2521
f 1304//2522 1288//2522 1357//2522
f 1487//2523 1496//2523 1517//2523
f 1487//2524 1517//2524 1515//2524
f 1515//2525 1517//2525 1494//2525
f 1515//2526 1494//2526 1485//2526
f 1485//2527 1494//2527 1493//2527
f 1485//2528 1493//2528 1484//2528
f 1484//2529 1493//2529 1440//2529
f 1484//2530 1440//2530 1428//2530
f 1428//2531 1440//2531 1375//2531
f 1428//2532 1375//2532 1357//2532
f 1357//2533 1375//2533 1304//2533
f 2560//2534 2527//2534 2367//2534
f 3793//2535 3675//2535 3537//2535
f 4221//2536 4572//2536 4423//2536
f 3744//2537 3743//2537 3612//2537
f 4218//2538 4315//2538 4140//2538
f 2484//2539 2423//2539 2366//2539
f 2363//2540 2362//2540 2266//2540
f 1592//2541 1520//2541 1819//2541
f 1378//2542 1309//2542 1242//2542
f 669//2543 1028//2543 1027//2543
f 722//2544 612//2544 613//2544
f 1384//2545 1455//2545 1454//2545
f 1454//2546 1455//2546 1501//2546
f 4982//2547 5016//2547 5045//2547
f 4981//2548 5044//2548 5015//2548
f 4818//2549 4975//2549 4761//2549
f 4818//2550 4864//2550 4975//2550
f 4975//2551 4864//2551 4925//2551
f 4975//2552 4925//2552 4976//2552
f 4976//2553 4925//2553 4926//2553
f 4976//2554 4926//2554 5014//2554
f 5014//2555 4926//2555 4977//2555
f 5014//2556 4977//2556 5015//2556
f 4819//2557 4762//2557 4563//2557
f 4977//2558 4978//2558 5015//2558
f 5015//2559 4978//2559 4979//2559
f 5015//2560 4979//2560 4981//2560
f 4981//2561 4979//2561 4980//2561
f 4981//2562 4980//2562 4928//2562
f 4928//2563 4980//2563 4927//2563
f 4928//2564 4927//2564 4865//2564
f 4819//2565 4866//2565 4865//2565
f 4865//2566 4866//2566 4928//2566
f 4761//2567 4318//2567 4688//2567
f 4688//2568 4318//2568 4556//2568
f 4762//2569 4689//2569 4562//2569
f 4562//2570 4689//2570 4560//2570
f 4562//2571 4560//2571 4422//2571
f 4422//2572 4560//2572 4559//2572
f 4559//2573 4558//2573 4422//2573
f 4422//2574 4558//2574 4557//2574
f 4422//2575 4557//2575 4318//2575
f 4318//2576 4557//2576 4556//2576
f 4563//2577 4690//2577 4867//2577
f 4867//2578 4821//2578 4563//2578
f 4563//2579 4821//2579 4819//2579
f 4819//2580 4821//2580 4820//2580
f 4819//2581 4820//2581 4866//2581
f 5016//2582 4982//2582 4983//2582
f 4690//2583 4763//2583 4868//2583
f 4690//2584 4868//2584 4867//2584
f 4763//2585 4822//2585 4868//2585
f 4929//2586 4868//2586 4930//2586
f 4929//2587 4930//2587 4982//2587
f 4982//2588 4930//2588 4983//2588
f 4983//2589 4984//2589 5016//2589
f 5016//2590 4984//2590 4985//2590
f 5016//2591 4985//2591 5017//2591
f 5017//2592 4985//2592 4986//2592
f 5017//2593 4986//2593 5018//2593
f 5018//2594 4986//2594 4931//2594
f 5018//2595 4931//2595 4987//2595
f 4987//2596 4931//2596 4932//2596
f 4987//2597 4932//2597 4870//2597
f 4934//2598 4933//2598 4871//2598
f 4871//2599 4933//2599 4694//2599
f 4871//2600 4694//2600 4826//2600
f 4323//2601 4576//2601 4428//2601
f 4428//2602 4322//2602 4323//2602
f 4323//2603 4322//2603 4224//2603
f 4323//2604 4224//2604 4225//2604
f 4225//2605 4224//2605 4149//2605
f 4045//2606 3854//2606 3942//2606
f 4224//2607 4148//2607 4149//2607
f 4149//2608 4148//2608 4147//2608
f 4149//2609 4147//2609 4046//2609
f 4046//2610 4147//2610 4045//2610
f 4046//2611 4045//2611 3942//2611
f 3745//2612 3856//2612 3854//2612
f 3854//2613 3856//2613 3855//2613
f 3854//2614 3855//2614 3942//2614
f 3943//2615 3857//2615 3858//2615
f 3858//2616 3857//2616 3745//2616
f 3745//2617 3857//2617 3795//2617
f 3745//2618 3795//2618 3856//2618
f 3746//2619 3747//2619 3745//2619
f 3745//2620 3747//2620 3858//2620
f 3858//2621 3747//2621 3796//2621
f 3858//2622 3796//2622 3797//2622
f 3261//2623 3260//2623 3082//2623
f 3082//2624 3260//2624 3259//2624
f 3082//2625 3259//2625 3344//2625
f 3344//2626 3442//2626 3082//2626
f 3082//2627 3442//2627 3538//2627
f 3082//2628 3538//2628 3745//2628
f 3745//2629 3538//2629 3613//2629
f 3745//2630 3613//2630 3677//2630
f 3745//2631 3677//2631 3746//2631
f 3184//2632 3346//2632 3443//2632
f 3443//2633 3345//2633 3184//2633
f 3184//2634 3345//2634 3263//2634
f 3184//2635 3263//2635 3082//2635
f 3082//2636 3263//2636 3262//2636
f 3082//2637 3262//2637 3261//2637
f 3797//2638 3798//2638 3858//2638
f 3858//2639 3798//2639 3748//2639
f 3858//2640 3748//2640 3799//2640
f 3799//2641 3748//2641 3749//2641
f 3749//2642 3748//2642 3614//2642
f 3749//2643 3614//2643 3615//2643
f 3614//2644 3539//2644 3615//2644
f 3615//2645 3539//2645 3346//2645
f 3346//2646 3539//2646 3443//2646
f 2562//2647 2589//2647 2642//2647
f 2642//2648 2589//2648 2643//2648
f 2589//2649 2590//2649 2643//2649
f 2643//2650 2590//2650 2591//2650
f 2643//2651 2591//2651 2680//2651
f 2680//2652 2591//2652 2592//2652
f 2680//2653 2592//2653 2719//2653
f 2719//2654 2592//2654 2720//2654
f 2719//2655 2720//2655 2768//2655
f 2767//2656 2803//2656 3082//2656
f 3082//2657 2803//2657 2843//2657
f 3082//2658 2843//2658 2922//2658
f 2561//2659 2640//2659 2639//2659
f 2561//2660 2639//2660 2528//2660
f 2528//2661 2639//2661 2679//2661
f 2528//2662 2679//2662 2487//2662
f 2487//2663 2679//2663 3082//2663
f 3082//2664 2679//2664 2718//2664
f 3082//2665 2718//2665 2767//2665
f 2562//2666 2642//2666 2641//2666
f 2562//2667 2641//2667 2561//2667
f 2561//2668 2641//2668 2640//2668
f 2922//2669 2923//2669 3082//2669
f 3082//2670 2923//2670 2997//2670
f 3082//2671 2997//2671 3184//2671
f 3184//2672 2997//2672 2998//2672
f 3184//2673 2998//2673 2999//2673
f 2768//2674 2720//2674 2844//2674
f 2844//2675 2720//2675 2845//2675
f 2844//2676 2845//2676 2924//2676
f 2924//2677 2845//2677 3043//2677
f 2924//2678 3043//2678 3000//2678
f 3000//2679 3043//2679 3119//2679
f 3000//2680 3119//2680 2999//2680
f 2999//2681 3119//2681 3140//2681
f 2999//2682 3140//2682 3184//2682
f 2373//2683 2430//2683 2371//2683
f 2371//2684 2430//2684 2488//2684
f 2371//2685 2488//2685 2487//2685
f 2487//2686 2488//2686 2528//2686
f 2332//2687 2274//2687 2375//2687
f 2375//2688 2274//2688 2227//2688
f 2375//2689 2374//2689 2332//2689
f 2332//2690 2374//2690 2373//2690
f 2332//2691 2373//2691 2372//2691
f 2274//2692 2226//2692 2227//2692
f 2227//2693 2226//2693 2191//2693
f 2227//2694 2191//2694 2159//2694
f 2159//2695 2191//2695 2158//2695
f 2159//2696 2158//2696 2111//2696
f 2111//2697 2158//2697 2065//2697
f 2008//2698 2009//2698 2064//2698
f 2064//2699 2009//2699 2065//2699
f 2064//2700 2065//2700 2110//2700
f 2110//2701 2065//2701 2158//2701
f 1919//2702 1674//2702 1755//2702
f 1755//2703 1780//2703 1919//2703
f 1919//2704 1780//2704 1920//2704
f 1919//2705 1920//2705 2008//2705
f 2008//2706 1920//2706 1966//2706
f 2008//2707 1966//2707 2009//2707
f 1502//2708 1562//2708 1527//2708
f 1502//2709 1527//2709 1526//2709
f 1526//2710 1527//2710 1560//2710
f 1526//2711 1560//2711 1559//2711
f 1526//2712 1559//2712 1593//2712
f 1620//2713 1637//2713 1669//2713
f 1669//2714 1637//2714 1670//2714
f 1669//2715 1670//2715 1777//2715
f 1777//2716 1670//2716 1709//2716
f 1777//2717 1709//2717 1752//2717
f 1778//2718 1779//2718 1879//2718
f 1879//2719 1779//2719 1753//2719
f 1919//2720 1879//2720 1674//2720
f 1674//2721 1879//2721 1712//2721
f 1674//2722 1712//2722 1713//2722
f 1713//2723 1673//2723 1674//2723
f 1674//2724 1673//2724 1639//2724
f 1674//2725 1639//2725 1595//2725
f 1595//2726 1639//2726 1622//2726
f 1595//2727 1622//2727 1528//2727
f 1528//2728 1622//2728 1594//2728
f 1528//2729 1594//2729 1562//2729
f 1879//2730 1753//2730 1754//2730
f 1879//2731 1754//2731 1712//2731
f 1562//2732 1502//2732 1528//2732
f 1528//2733 1502//2733 1503//2733
f 1528//2734 1503//2734 1456//2734
f 1593//2735 1620//2735 1526//2735
f 1526//2736 1620//2736 1669//2736
f 1526//2737 1669//2737 1525//2737
f 1525//2738 1669//2738 1636//2738
f 1249//2739 1250//2739 1318//2739
f 1452//2740 1453//2740 1524//2740
f 1453//2741 1454//2741 1524//2741
f 1524//2742 1454//2742 1501//2742
f 1524//2743 1501//2743 1636//2743
f 1636//2744 1501//2744 1525//2744
f 1381//2745 1451//2745 1524//2745
f 1524//2746 1451//2746 1452//2746
f 950//2747 839//2747 1044//2747
f 1044//2748 839//2748 951//2748
f 1454//2749 1383//2749 1384//2749
f 1384//2750 1383//2750 1320//2750
f 1384//2751 1320//2751 1321//2751
f 1321//2752 1320//2752 1252//2752
f 1321//2753 1252//2753 1177//2753
f 1321//2754 1177//2754 1178//2754
f 1178//2755 1177//2755 1111//2755
f 1178//2756 1111//2756 951//2756
f 951//2757 1111//2757 1044//2757
f 728//2758 616//2758 729//2758
f 729//2759 616//2759 730//2759
f 729//2760 730//2760 786//2760
f 615//2761 674//2761 614//2761
f 614//2762 674//2762 727//2762
f 614//2763 727//2763 673//2763
f 947//2764 838//2764 730//2764
f 730//2765 838//2765 786//2765
f 616//2766 728//2766 675//2766
f 616//2767 675//2767 615//2767
f 615//2768 675//2768 674//2768
f 673//2769 727//2769 725//2769
f 725//2770 727//2770 726//2770
f 725//2771 726//2771 782//2771
f 782//2772 726//2772 783//2772
f 782//2773 783//2773 781//2773
f 1173//2774 1247//2774 1172//2774
f 1035//2775 834//2775 835//2775
f 783//2776 836//2776 781//2776
f 781//2777 836//2777 889//2777
f 781//2778 889//2778 835//2778
f 835//2779 889//2779 890//2779
f 835//2780 890//2780 1035//2780
f 890//2781 943//2781 1035//2781
f 1035//2782 943//2782 1036//2782
f 1035//2783 1036//2783 1105//2783
f 1036//2784 1037//2784 1105//2784
f 1105//2785 1037//2785 1038//2785
f 1105//2786 1038//2786 1172//2786
f 888//2787 780//2787 832//2787
f 721//2788 672//2788 722//2788
f 721//2789 722//2789 778//2789
f 1104//2790 1034//2790 942//2790
f 1029//2791 1030//2791 1170//2791
f 942//2792 888//2792 1104//2792
f 1104//2793 888//2793 832//2793
f 1104//2794 832//2794 1035//2794
f 1035//2795 832//2795 833//2795
f 1035//2796 833//2796 834//2796
f 886//2797 940//2797 1028//2797
f 1028//2798 940//2798 1029//2798
f 888//2799 831//2799 780//2799
f 780//2800 831//2800 779//2800
f 779//2801 831//2801 778//2801
f 779//2802 778//2802 722//2802
f 669//2803 719//2803 775//2803
f 1030//2804 1031//2804 1170//2804
f 1170//2805 1031//2805 1032//2805
f 1170//2806 1032//2806 1104//2806
f 1104//2807 1032//2807 1033//2807
f 1104//2808 1033//2808 1034//2808
f 669//2809 775//2809 829//2809
f 669//2810 829//2810 1028//2810
f 1028//2811 829//2811 886//2811
f 671//2812 670//2812 611//2812
f 611//2813 670//2813 720//2813
f 611//2814 720//2814 669//2814
f 669//2815 720//2815 719//2815
f 612//2816 722//2816 611//2816
f 611//2817 722//2817 672//2817
f 611//2818 672//2818 671//2818
f 1027//2819 828//2819 773//2819
f 773//2820 774//2820 1027//2820
f 1027//2821 774//2821 668//2821
f 1027//2822 668//2822 669//2822
f 1378//2823 1310//2823 1379//2823
f 1379//2824 1446//2824 1378//2824
f 1378//2825 1446//2825 1447//2825
f 1378//2826 1447//2826 1500//2826
f 1447//2827 1448//2827 1500//2827
f 1500//2828 1448//2828 1449//2828
f 1500//2829 1449//2829 1450//2829
f 1168//2830 1098//2830 1027//2830
f 1027//2831 1098//2831 1024//2831
f 1027//2832 1024//2832 828//2832
f 1313//2833 1245//2833 1315//2833
f 1315//2834 1245//2834 1168//2834
f 1450//2835 1380//2835 1315//2835
f 1315//2836 1380//2836 1312//2836
f 1315//2837 1312//2837 1313//2837
f 1029//2838 1170//2838 1028//2838
f 1028//2839 1170//2839 1315//2839
f 1028//2840 1315//2840 1027//2840
f 1027//2841 1315//2841 1168//2841
f 936//2842 935//2842 828//2842
f 936//2843 828//2843 937//2843
f 937//2844 828//2844 1024//2844
f 1242//2845 1309//2845 1163//2845
f 936//2846 1023//2846 935//2846
f 935//2847 1023//2847 1097//2847
f 935//2848 1097//2848 1164//2848
f 1162//2849 1096//2849 1241//2849
f 1241//2850 1096//2850 935//2850
f 1241//2851 935//2851 1309//2851
f 1309//2852 935//2852 1164//2852
f 1309//2853 1164//2853 1163//2853
f 1242//2854 1310//2854 1378//2854
f 1445//2855 1378//2855 1500//2855
f 1523//2856 1499//2856 1916//2856
f 1521//2857 1522//2857 1915//2857
f 1521//2858 1915//2858 1819//2858
f 1521//2859 1819//2859 1497//2859
f 1497//2860 1819//2860 1520//2860
f 1497//2861 1520//2861 1444//2861
f 1818//2862 1707//2862 1819//2862
f 1819//2863 1707//2863 1618//2863
f 1819//2864 1618//2864 1592//2864
f 2103//2865 1959//2865 1819//2865
f 1819//2866 1959//2866 1913//2866
f 1819//2867 1913//2867 1818//2867
f 2267//2868 2323//2868 2266//2868
f 2266//2869 2323//2869 2365//2869
f 2266//2870 2365//2870 2366//2870
f 2004//2871 2003//2871 1819//2871
f 2003//2872 2057//2872 1819//2872
f 1819//2873 2057//2873 2056//2873
f 1819//2874 2056//2874 2103//2874
f 2266//2875 2219//2875 2267//2875
f 2106//2876 2059//2876 1915//2876
f 1915//2877 2059//2877 2058//2877
f 1915//2878 2058//2878 1819//2878
f 1819//2879 2058//2879 2004//2879
f 2056//2880 2104//2880 2103//2880
f 2103//2881 2104//2881 2155//2881
f 2103//2882 2155//2882 2266//2882
f 2266//2883 2155//2883 2219//2883
f 2423//2884 2422//2884 2366//2884
f 2366//2885 2422//2885 2364//2885
f 2366//2886 2364//2886 2266//2886
f 2266//2887 2364//2887 2363//2887
f 2801//2888 2587//2888 2674//2888
f 2763//2889 2585//2889 2586//2889
f 2587//2890 2801//2890 2586//2890
f 2586//2891 2801//2891 2763//2891
f 2993//2892 2994//2892 3117//2892
f 2994//2893 2995//2893 3117//2893
f 3117//2894 2995//2894 2920//2894
f 3117//2895 2920//2895 2921//2895
f 2674//2896 2716//2896 2801//2896
f 2801//2897 2716//2897 2764//2897
f 2801//2898 2764//2898 2917//2898
f 2917//2899 2764//2899 2839//2899
f 2638//2900 2678//2900 2676//2900
f 2676//2901 2678//2901 2677//2901
f 2839//2902 2840//2902 2917//2902
f 2917//2903 2840//2903 2918//2903
f 2917//2904 2918//2904 3081//2904
f 3081//2905 2918//2905 2919//2905
f 3081//2906 2919//2906 2993//2906
f 2921//2907 2841//2907 2842//2907
f 2842//2908 2841//2908 2802//2908
f 2842//2909 2802//2909 2766//2909
f 2766//2910 2802//2910 2765//2910
f 2766//2911 2765//2911 2678//2911
f 2678//2912 2765//2912 2717//2912
f 2678//2913 2717//2913 2677//2913
f 3339//2914 3182//2914 3340//2914
f 3340//2915 3182//2915 3081//2915
f 3339//2916 3340//2916 3439//2916
f 3439//2917 3340//2917 3341//2917
f 3439//2918 3341//2918 3609//2918
f 3675//2919 3852//2919 3851//2919
f 3742//2920 3674//2920 3792//2920
f 3792//2921 3674//2921 3851//2921
f 3741//2922 3789//2922 3848//2922
f 3848//2923 3789//2923 3849//2923
f 3848//2924 3849//2924 4037//2924
f 3850//2925 3790//2925 3792//2925
f 3792//2926 3790//2926 3791//2926
f 3792//2927 3791//2927 3742//2927
f 3849//2928 3789//2928 3790//2928
f 3849//2929 3790//2929 3850//2929
f 3341//2930 3440//2930 3609//2930
f 3609//2931 3440//2931 3535//2931
f 3609//2932 3535//2932 3673//2932
f 3673//2933 3535//2933 3610//2933
f 3673//2934 3610//2934 3848//2934
f 3848//2935 3610//2935 3741//2935
f 3932//2936 3852//2936 4039//2936
f 4318//2937 4418//2937 4316//2937
f 4218//2938 4140//2938 4142//2938
f 4039//2939 3852//2939 3934//2939
f 3934//2940 3852//2940 3675//2940
f 3934//2941 3675//2941 3935//2941
f 3935//2942 3675//2942 3793//2942
f 3935//2943 3793//2943 3936//2943
f 4140//2944 4141//2944 4142//2944
f 4142//2945 4141//2945 4038//2945
f 4142//2946 4038//2946 4039//2946
f 4039//2947 4038//2947 3933//2947
f 4039//2948 3933//2948 3932//2948
f 4316//2949 4219//2949 4318//2949
f 4318//2950 4219//2950 4144//2950
f 4318//2951 4144//2951 4041//2951
f 4041//2952 4144//2952 4143//2952
f 4041//2953 4143//2953 3793//2953
f 3793//2954 4143//2954 4040//2954
f 3793//2955 4040//2955 3936//2955
f 4761//2956 4975//2956 4924//2956
f 4761//2957 4924//2957 4686//2957
f 4686//2958 4924//2958 4552//2958
f 4686//2959 4552//2959 4418//2959
f 4550//2960 4314//2960 4315//2960
f 4315//2961 4314//2961 4217//2961
f 4315//2962 4217//2962 4140//2962
f 4863//2963 4757//2963 4682//2963
f 4682//2964 4683//2964 4863//2964
f 4863//2965 4683//2965 4924//2965
f 4924//2966 4683//2966 4684//2966
f 4924//2967 4684//2967 4552//2967
f 4315//2968 4417//2968 4550//2968
f 4550//2969 4417//2969 4551//2969
f 4550//2970 4551//2970 4680//2970
f 4680//2971 4551//2971 4681//2971
f 4680//2972 4681//2972 4757//2972
f 4757//2973 4681//2973 4682//2973
f 4427//2974 4574//2974 4694//2974
f 4427//2975 4694//2975 4321//2975
f 4574//2976 4575//2976 4694//2976
f 4694//2977 4575//2977 4826//2977
f 4575//2978 4696//2978 4826//2978
f 4826//2979 4696//2979 4697//2979
f 4826//2980 4697//2980 4827//2980
f 4827//2981 4697//2981 4698//2981
f 4827//2982 4698//2982 4768//2982
f 4768//2983 4698//2983 4699//2983
f 4768//2984 4699//2984 4576//2984
f 4576//2985 4699//2985 4428//2985
f 3940//2986 3939//2986 3853//2986
f 3853//2987 3939//2987 4043//2987
f 3853//2988 4043//2988 3938//2988
f 4146//2989 4223//2989 4042//2989
f 4042//2990 4223//2990 4694//2990
f 4694//2991 4223//2991 4321//2991
f 3938//2992 4043//2992 4042//2992
f 4042//2993 4043//2993 4146//2993
f 4045//2994 3941//2994 4044//2994
f 4932//2995 4869//2995 4870//2995
f 4870//2996 4869//2996 4823//2996
f 4870//2997 4823//2997 4572//2997
f 4572//2998 4823//2998 4764//2998
f 4764//2999 4692//2999 4572//2999
f 4572//3000 4692//3000 4423//3000
f 4423//3001 4692//3001 4569//3001
f 4565//3002 4691//3002 4564//3002
f 4762//3003 4562//3003 4563//3003
f 4563//3004 4562//3004 4564//3004
f 4563//3005 4564//3005 4690//3005
f 4690//3006 4564//3006 4691//3006
f 4569//3007 4568//3007 4423//3007
f 4423//3008 4568//3008 4567//3008
f 4423//3009 4567//3009 4564//3009
f 4564//3010 4567//3010 4566//3010
f 4564//3011 4566//3011 4565//3011
f 3257//3012 3256//3012 3118//3012
f 3851//3013 3674//3013 3675//3013
f 3675//3014 3674//3014 3611//3014
f 3675//3015 3611//3015 3537//3015
f 3256//3016 3255//3016 3118//3016
f 3118//3017 3255//3017 3254//3017
f 3118//3018 3254//3018 3342//3018
f 3611//3019 3536//3019 3537//3019
f 3537//3020 3536//3020 3441//3020
f 3537//3021 3441//3021 3183//3021
f 3183//3022 3441//3022 3343//3022
f 3183//3023 3343//3023 3258//3023
f 2559//3024 2637//3024 2588//3024
f 2588//3025 2637//3025 2636//3025
f 2636//3026 2635//3026 2588//3026
f 2588//3027 2635//3027 2634//3027
f 2588//3028 2634//3028 2587//3028
f 2587//3029 2634//3029 2675//3029
f 2587//3030 2675//3030 2674//3030
f 1522//3031 1523//3031 1915//3031
f 1915//3032 1523//3032 1916//3032
f 1915//3033 1916//3033 2106//3033
f 2106//3034 1916//3034 2156//3034
f 2367//3035 2325//3035 2560//3035
f 2560//3036 2325//3036 2326//3036
f 2560//3037 2326//3037 2270//3037
f 2326//3038 2269//3038 2270//3038
f 2270//3039 2269//3039 2222//3039
f 2270//3040 2222//3040 2060//3040
f 2222//3041 2186//3041 2060//3041
f 2060//3042 2186//3042 2156//3042
f 2060//3043 2156//3043 1877//3043
f 1877//3044 2156//3044 1916//3044
f 1877//3045 1916//3045 1499//3045
f 2638//3046 2637//3046 2678//3046
f 2678//3047 2637//3047 2559//3047
f 2678//3048 2559//3048 2560//3048
f 2560//3049 2559//3049 2527//3049
f 2527//3050 2484//3050 2367//3050
f 2367//3051 2484//3051 2366//3051
f 2367//3052 2366//3052 2325//3052
f 1038//3053 1039//3053 1172//3053
f 1172//3054 1039//3054 1040//3054
f 1172//3055 1040//3055 1173//3055
f 1173//3056 1040//3056 945//3056
f 1173//3057 945//3057 947//3057
f 947//3058 945//3058 892//3058
f 947//3059 892//3059 838//3059
f 950//3060 949//3060 839//3060
f 839//3061 949//3061 1043//3061
f 839//3062 1043//3062 1110//3062
f 1249//3063 1110//3063 1174//3063
f 1249//3064 1174//3064 1250//3064
f 2330//3065 2328//3065 2271//3065
f 2330//3066 2370//3066 2328//3066
f 2328//3067 2370//3067 2486//3067
f 2061//3068 2108//3068 1919//3068
f 2061//3069 1919//3069 2062//3069
f 1919//3070 2007//3070 2006//3070
f 2271//3071 2328//3071 2224//3071
f 2224//3072 2328//3072 2223//3072
f 2224//3073 2223//3073 2188//3073
f 2188//3074 2223//3074 2187//3074
f 2188//3075 2187//3075 2157//3075
f 2064//3076 2063//3076 2008//3076
f 2008//3077 2063//3077 1919//3077
f 1919//3078 2063//3078 2007//3078
f 1919//3079 2006//3079 2062//3079
f 2372//3080 2373//3080 2371//3080
f 3744//3081 4044//3081 3853//3081
f 3853//3082 4044//3082 3941//3082
f 3853//3083 3941//3083 3940//3083
f 4418//3084 4318//3084 4686//3084
f 4686//3085 4318//3085 4761//3085
f 3258//3086 3257//3086 3183//3086
f 3183//3087 3257//3087 3118//3087
f 3183//3088 3118//3088 3041//3088
f 3041//3089 3118//3089 3117//3089
f 3041//3090 3117//3090 2842//3090
f 2842//3091 3117//3091 2921//3091
f 1445//3092 1500//3092 1499//3092
f 1499//3093 1500//3093 1558//3093
f 1499//3094 1558//3094 1668//3094
f 1499//3095 1668//3095 1877//3095
f 1752//3096 1778//3096 1777//3096
f 1777//3097 1778//3097 1879//3097
f 1777//3098 1879//3098 2005//3098
f 2005//3099 1879//3099 1919//3099
f 2005//3100 1919//3100 2187//3100
f 2187//3101 1919//3101 2108//3101
f 2187//3102 2108//3102 2157//3102
f 2996//3103 2426//3103 3042//3103
f 3042//3104 2426//3104 2485//3104
f 3042//3105 2485//3105 2486//3105
f 2486//3106 2485//3106 2427//3106
f 2486//3107 2427//3107 2328//3107
f 2996//3108 3042//3108 3612//3108
f 3612//3109 3042//3109 3676//3109
f 3612//3110 3676//3110 3744//3110
f 3744//3111 3676//3111 3794//3111
f 3744//3112 3794//3112 4044//3112
f 3081//3113 2993//3113 3117//3113
f 3081//3114 3117//3114 3340//3114
f 3340//3115 3117//3115 3118//3115
f 3340//3116 3118//3116 3341//3116
f 3341//3117 3118//3117 3342//3117
f 3341//3118 3342//3118 3440//3118
f 730//3119 839//3119 947//3119
f 947//3120 839//3120 1110//3120
f 947//3121 1110//3121 1173//3121
f 1173//3122 1110//3122 1249//3122
f 1173//3123 1249//3123 1247//3123
f 1247//3124 1249//3124 1318//3124
f 1247//3125 1318//3125 1381//3125
f 1381//3126 1318//3126 1382//3126
f 1381//3127 1382//3127 1451//3127
f 4221//3128 4042//3128 4572//3128
f 4572//3129 4042//3129 4694//3129
f 4572//3130 4694//3130 4870//3130
f 4870//3131 4694//3131 4933//3131
f 4870//3132 4933//3132 4987//3132
f 4987//3133 4933//3133 4934//3133
f 2370//3134 2371//3134 2486//3134
f 2486//3135 2371//3135 2487//3135
f 2486//3136 2487//3136 3042//3136
f 3042//3137 2487//3137 3082//3137
f 3042//3138 3082//3138 3676//3138
f 3676//3139 3082//3139 3745//3139
f 3676//3140 3745//3140 3794//3140
f 3794//3141 3745//3141 3854//3141
f 3794//3142 3854//3142 4044//3142
f 4044//3143 3854//3143 4045//3143
f 686//3144 692//3144 553//3144
f 686//3145 553//3145 623//3145
f 623//3146 553//3146 487//3146
f 623//3147 487//3147 546//3147
f 546//3148 487//3148 545//3148
f 545//3149 487//3149 486//3149
f 545//3150 486//3150 482//3150
f 482//3151 486//3151 485//3151
f 482//3152 485//3152 544//3152
f 544//3153 485//3153 484//3153
f 544//3154 484//3154 543//3154
f 543//3155 484//3155 552//3155
f 543//3156 552//3156 622//3156
f 622//3157 552//3157 687//3157
f 622//3158 687//3158 679//3158
f 679//3159 687//3159 747//3159
f 679//3160 747//3160 802//3160
f 802//3161 747//3161 869//3161
f 802//3162 869//3162 918//3162
f 918//3163 869//3163 1147//3163
f 918//3164 1147//3164 1069//3164
f 1069//3165 1147//3165 1226//3165
f 1069//3166 1226//3166 1272//3166
f 1272//3167 1226//3167 1417//3167
f 1272//3168 1417//3168 1473//3168
f 1473//3169 1417//3169 1583//3169
f 1473//3170 1583//3170 1577//3170
f 1577//3171 1583//3171 1658//3171
f 1577//3172 1658//3172 1649//3172
f 1649//3173 1658//3173 1737//3173
f 1649//3174 1737//3174 1806//3174
f 1806//3175 1737//3175 1999//3175
f 1806//3176 1999//3176 1947//3176
f 1947//3177 1999//3177 2145//3177
f 1947//3178 2145//3178 2137//3178
f 2137//3179 2145//3179 2252//3179
f 2137//3180 2252//3180 2302//3180
f 2302//3181 2252//3181 2509//3181
f 2302//3182 2509//3182 2503//3182
f 2503//3183 2509//3183 2663//3183
f 2503//3184 2663//3184 2661//3184
f 2661//3185 2663//3185 2751//3185
f 2661//3186 2751//3186 2789//3186
f 2789//3187 2751//3187 3078//3187
f 2789//3188 3078//3188 3037//3188
f 3037//3189 3078//3189 3178//3189
f 3037//3190 3178//3190 3176//3190
f 3176//3191 3178//3191 3327//3191
f 3176//3192 3327//3192 3422//3192
f 3422//3193 3327//3193 3717//3193
f 3422//3194 3717//3194 3659//3194
f 3659//3195 3717//3195 3913//3195
f 3659//3196 3913//3196 3905//3196
f 3905//3197 3913//3197 4109//3197
f 3905//3198 4109//3198 4102//3198
f 4102//3199 4109//3199 4516//3199
f 4102//3200 4516//3200 4399//3200
f 4399//3201 4516//3201 4801//3201
f 4399//3202 4801//3202 4648//3202
f 4648//3203 4801//3203 4796//3203
f 4796//3204 4801//3204 4947//3204
f 4796//3205 4947//3205 4879//3205
f 529//3206 532//3206 608//3206
f 608//3207 532//3207 614//3207
f 527//3208 600//3208 526//3208
f 526//3209 600//3209 599//3209
f 526//3210 599//3210 525//3210
f 599//3211 598//3211 525//3211
f 525//3212 598//3212 658//3212
f 525//3213 658//3213 693//3213
f 693//3214 658//3214 694//3214
f 813//3215 754//3215 755//3215
f 813//3216 755//3216 814//3216
f 814//3217 755//3217 756//3217
f 814//3218 756//3218 757//3218
f 757//3219 756//3219 695//3219
f 660//3220 695//3220 659//3220
f 660//3221 659//3221 527//3221
f 527//3222 659//3222 601//3222
f 527//3223 601//3223 600//3223
f 528//3224 604//3224 531//3224
f 531//3225 604//3225 613//3225
f 612//3226 611//3226 603//3226
f 531//3227 613//3227 530//3227
f 530//3228 613//3228 612//3228
f 530//3229 612//3229 603//3229
f 603//3230 611//3230 669//3230
f 603//3231 669//3231 602//3231
f 602//3232 669//3232 668//3232
f 774//3233 661//3233 668//3233
f 668//3234 661//3234 662//3234
f 668//3235 662//3235 602//3235
f 1162//3236 1156//3236 1089//3236
f 1162//3237 1089//3237 1096//3237
f 1096//3238 1089//3238 930//3238
f 1096//3239 930//3239 935//3239
f 935//3240 930//3240 876//3240
f 935//3241 876//3241 819//3241
f 935//3242 819//3242 828//3242
f 828//3243 819//3243 773//3243
f 773//3244 819//3244 762//3244
f 773//3245 762//3245 774//3245
f 774//3246 762//3246 704//3246
f 774//3247 704//3247 661//3247
f 1156//3248 1162//3248 1150//3248
f 1150//3249 1162//3249 1235//3249
f 1356//3250 1287//3250 1286//3250
f 1286//3251 1285//3251 1148//3251
f 1148//3252 1285//3252 1284//3252
f 1148//3253 1284//3253 1354//3253
f 1483//3254 1514//3254 1482//3254
f 1482//3255 1514//3255 1481//3255
f 1426//3256 1481//3256 1354//3256
f 1426//3257 1354//3257 1355//3257
f 1355//3258 1354//3258 1284//3258
f 1367//3259 1360//3259 1444//3259
f 1444//3260 1360//3260 1434//3260
f 1433//3261 1367//3261 1444//3261
f 1433//3262 1444//3262 1488//3262
f 1488//3263 1444//3263 1520//3263
f 1488//3264 1520//3264 1589//3264
f 1589//3265 1520//3265 1592//3265
f 1589//3266 1592//3266 1618//3266
f 1589//3267 1618//3267 1632//3267
f 1632//3268 1618//3268 1707//3268
f 1632//3269 1707//3269 1703//3269
f 1703//3270 1707//3270 1746//3270
f 1746//3271 1707//3271 1818//3271
f 1746//3272 1818//3272 1872//3272
f 1872//3273 1818//3273 1913//3273
f 1872//3274 1913//3274 2002//3274
f 2002//3275 1913//3275 1959//3275
f 2002//3276 1959//3276 2049//3276
f 2049//3277 1959//3277 2103//3277
f 2049//3278 2103//3278 2178//3278
f 2178//3279 2103//3279 2266//3279
f 2178//3280 2266//3280 2259//3280
f 2259//3281 2266//3281 2313//3281
f 2313//3282 2266//3282 2362//3282
f 2313//3283 2362//3283 2358//3283
f 2358//3284 2362//3284 2408//3284
f 2408//3285 2362//3285 2411//3285
f 2400//3286 2473//3286 2516//3286
f 2516//3287 2473//3287 2517//3287
f 2516//3288 2517//3288 2569//3288
f 2400//3289 2402//3289 2401//3289
f 2400//3290 2401//3290 2473//3290
f 2545//3291 2518//3291 2546//3291
f 2545//3292 2546//3292 2571//3292
f 2545//3293 2571//3293 2544//3293
f 2544//3294 2571//3294 2570//3294
f 2544//3295 2570//3295 2543//3295
f 2543//3296 2570//3296 2569//3296
f 2543//3297 2569//3297 2517//3297
f 2577//3298 2575//3298 2585//3298
f 2585//3299 2575//3299 2578//3299
f 3730//3300 3604//3300 3673//3300
f 2763//3301 2801//3301 2834//3301
f 2577//3302 2585//3302 2710//3302
f 2710//3303 2585//3303 2763//3303
f 2710//3304 2763//3304 2757//3304
f 2757//3305 2763//3305 2834//3305
f 2834//3306 2801//3306 2917//3306
f 2834//3307 2917//3307 3040//3307
f 3040//3308 2917//3308 3081//3308
f 3040//3309 3081//3309 3079//3309
f 3079//3310 3081//3310 3080//3310
f 3080//3311 3081//3311 3139//3311
f 3139//3312 3081//3312 3182//3312
f 3139//3313 3182//3313 3334//3313
f 3334//3314 3182//3314 3339//3314
f 3334//3315 3339//3315 3604//3315
f 3604//3316 3339//3316 3439//3316
f 3604//3317 3439//3317 3609//3317
f 3604//3318 3609//3318 3673//3318
f 3730//3319 3673//3319 3788//3319
f 3788//3320 3673//3320 3848//3320
f 3788//3321 3848//3321 4021//3321
f 4021//3322 3848//3322 4037//3322
f 4021//3323 4037//3323 4022//3323
f 4120//3324 4022//3324 4023//3324
f 4023//3325 4022//3325 4037//3325
f 3922//3326 4008//3326 4112//3326
f 4112//3327 4008//3327 4113//3327
f 4112//3328 4113//3328 4300//3328
f 4113//3329 4114//3329 4300//3329
f 4300//3330 4114//3330 4205//3330
f 4300//3331 4205//3331 4116//3331
f 4116//3332 4205//3332 4115//3332
f 3836//3333 3922//3333 3835//3333
f 3836//3334 3835//3334 3837//3334
f 3837//3335 3836//3335 3923//3335
f 3923//3336 3837//3336 3924//3336
f 4410//3337 4302//3337 4314//3337
f 4314//3338 4302//3338 4308//3338
f 4908//3339 4810//3339 4757//3339
f 4757//3340 4810//3340 4680//3340
f 4680//3341 4810//3341 4751//3341
f 4680//3342 4751//3342 4550//3342
f 4550//3343 4751//3343 4537//3343
f 4550//3344 4537//3344 4314//3344
f 4314//3345 4537//3345 4536//3345
f 4314//3346 4536//3346 4410//3346
f 4757//3347 4863//3347 4908//3347
f 4908//3348 4863//3348 4924//3348
f 4908//3349 4924//3349 4960//3349
f 4104//3350 3998//3350 4511//3350
f 4650//3351 4649//3351 4796//3351
f 4796//3352 4649//3352 4508//3352
f 3999//3353 4106//3353 4743//3353
f 4797//3354 4796//3354 4879//3354
f 4797//3355 4879//3355 4838//3355
f 4838//3356 4879//3356 4943//3356
f 4102//3357 3906//3357 3905//3357
f 3905//3358 3906//3358 3715//3358
f 3905//3359 3715//3359 3659//3359
f 3659//3360 3715//3360 3423//3360
f 3659//3361 3423//3361 3422//3361
f 3422//3362 3423//3362 3176//3362
f 3176//3363 3423//3363 3325//3363
f 3176//3364 3325//3364 3037//3364
f 3037//3365 3325//3365 3235//3365
f 1908//3366 1865//3366 1773//3366
f 3238//3367 3038//3367 2978//3367
f 3038//3368 3238//3368 3177//3368
f 3177//3369 3238//3369 3326//3369
f 3177//3370 3326//3370 3425//3370
f 3425//3371 3326//3371 3424//3371
f 4103//3372 3996//3372 4102//3372
f 1732//3373 1947//3373 1995//3373
f 1947//3374 1732//3374 1806//3374
f 1806//3375 1732//3375 1691//3375
f 1806//3376 1691//3376 1649//3376
f 1649//3377 1691//3377 1650//3377
f 802//3378 864//3378 679//3378
f 679//3379 864//3379 803//3379
f 679//3380 803//3380 622//3380
f 622//3381 803//3381 740//3381
f 686//3382 985//3382 986//3382
f 1997//3383 1736//3383 1775//3383
f 2978//3384 2977//3384 3238//3384
f 3238//3385 2977//3385 3237//3385
f 3237//3386 2977//3386 2899//3386
f 3237//3387 2899//3387 3113//3387
f 4945//3388 5032//3388 4885//3388
f 4885//3389 5032//3389 5033//3389
f 4885//3390 5033//3390 4840//3390
f 4840//3391 5033//3391 5000//3391
f 4840//3392 5000//3392 4946//3392
f 4105//3393 4104//3393 4742//3393
f 4742//3394 4104//3394 4511//3394
f 4742//3395 4511//3395 4797//3395
f 4797//3396 4511//3396 4510//3396
f 4797//3397 4510//3397 4796//3397
f 4796//3398 4510//3398 4650//3398
f 4103//3399 4102//3399 4293//3399
f 4293//3400 4102//3400 4399//3400
f 4293//3401 4399//3401 4508//3401
f 4508//3402 4399//3402 4648//3402
f 4508//3403 4648//3403 4796//3403
f 2976//3404 2898//3404 2975//3404
f 1995//3405 1996//3405 1732//3405
f 1732//3406 1996//3406 1773//3406
f 1773//3407 1996//3407 2082//3407
f 1773//3408 2082//3408 1908//3408
f 4800//3409 4652//3409 4799//3409
f 4800//3410 4799//3410 4886//3410
f 4886//3411 4799//3411 4946//3411
f 4946//3412 4799//3412 4840//3412
f 4000//3413 3999//3413 4512//3413
f 4512//3414 3999//3414 4743//3414
f 4512//3415 4743//3415 4513//3415
f 4513//3416 4743//3416 4799//3416
f 4513//3417 4799//3417 4651//3417
f 4651//3418 4799//3418 4652//3418
f 4945//3419 4883//3419 5032//3419
f 5032//3420 4882//3420 4944//3420
f 5032//3421 4944//3421 5031//3421
f 5031//3422 4944//3422 4880//3422
f 5031//3423 4880//3423 4999//3423
f 4999//3424 4880//3424 4839//3424
f 4999//3425 4839//3425 4943//3425
f 4943//3426 4839//3426 4838//3426
f 1071//3427 921//3427 979//3427
f 979//3428 921//3428 864//3428
f 979//3429 864//3429 978//3429
f 978//3430 864//3430 802//3430
f 681//3431 682//3431 482//3431
f 1775//3432 1866//3432 1909//3432
f 1956//3433 1998//3433 2039//3433
f 1956//3434 2039//3434 2085//3434
f 5032//3435 4883//3435 4882//3435
f 2974//3436 3037//3436 3235//3436
f 2974//3437 3235//3437 2975//3437
f 2975//3438 3235//3438 3236//3438
f 2975//3439 3236//3439 3112//3439
f 2975//3440 3112//3440 2976//3440
f 686//3441 986//3441 807//3441
f 807//3442 986//3442 987//3442
f 1997//3443 1775//3443 1909//3443
f 1997//3444 1909//3444 2083//3444
f 3996//3445 3907//3445 4102//3445
f 4102//3446 3907//3446 3906//3446
f 1071//3447 1409//3447 921//3447
f 921//3448 1409//3448 1277//3448
f 921//3449 1277//3449 1278//3449
f 922//3450 1279//3450 1414//3450
f 2396//3451 2468//3451 2508//3451
f 2503//3452 2467//3452 2395//3452
f 2503//3453 2395//3453 2302//3453
f 2302//3454 2395//3454 2205//3454
f 2302//3455 2205//3455 2137//3455
f 2137//3456 2205//3456 2080//3456
f 2137//3457 2080//3457 1947//3457
f 1947//3458 2080//3458 2036//3458
f 1947//3459 2036//3459 1995//3459
f 1407//3460 1272//3460 1578//3460
f 1578//3461 1272//3461 1473//3461
f 1578//3462 1473//3462 1650//3462
f 1650//3463 1473//3463 1577//3463
f 1650//3464 1577//3464 1649//3464
f 1408//3465 1344//3465 1272//3465
f 623//3466 746//3466 686//3466
f 686//3467 746//3467 806//3467
f 686//3468 806//3468 985//3468
f 985//3469 806//3469 865//3469
f 985//3470 865//3470 922//3470
f 985//3471 922//3471 1078//3471
f 1078//3472 922//3472 1414//3472
f 3911//3473 4108//3473 3716//3473
f 3716//3474 4108//3474 3912//3474
f 3716//3475 3912//3475 3424//3475
f 3424//3476 3912//3476 3660//3476
f 3424//3477 3660//3477 3425//3477
f 681//3478 482//3478 680//3478
f 680//3479 482//3479 544//3479
f 680//3480 544//3480 740//3480
f 740//3481 544//3481 543//3481
f 740//3482 543//3482 622//3482
f 2974//3483 2973//3483 3037//3483
f 3037//3484 2973//3484 2897//3484
f 2537//3485 2504//3485 2503//3485
f 1272//3486 1344//3486 1069//3486
f 1069//3487 1344//3487 1142//3487
f 1069//3488 1142//3488 918//3488
f 918//3489 1142//3489 977//3489
f 918//3490 977//3490 802//3490
f 802//3491 977//3491 978//3491
f 482//3492 683//3492 684//3492
f 482//3493 684//3493 545//3493
f 545//3494 684//3494 685//3494
f 545//3495 685//3495 546//3495
f 546//3496 685//3496 745//3496
f 546//3497 745//3497 623//3497
f 623//3498 745//3498 746//3498
f 1280//3499 1080//3499 1146//3499
f 1408//3500 1272//3500 1407//3500
f 682//3501 683//3501 482//3501
f 1146//3502 1080//3502 987//3502
f 987//3503 1080//3503 925//3503
f 987//3504 925//3504 807//3504
f 1146//3505 1348//3505 1280//3505
f 2396//3506 2508//3506 2206//3506
f 2206//3507 2508//3507 2303//3507
f 2206//3508 2303//3508 2085//3508
f 2085//3509 2303//3509 2144//3509
f 2085//3510 2144//3510 1956//3510
f 2507//3511 2508//3511 2468//3511
f 1280//3512 1416//3512 1478//3512
f 1478//3513 1416//3513 1581//3513
f 1478//3514 1581//3514 1582//3514
f 1582//3515 1581//3515 1655//3515
f 1582//3516 1655//3516 1656//3516
f 1656//3517 1655//3517 1695//3517
f 1656//3518 1695//3518 1816//3518
f 1816//3519 1695//3519 1956//3519
f 1956//3520 1695//3520 1736//3520
f 1956//3521 1736//3521 1998//3521
f 1998//3522 1736//3522 1997//3522
f 2507//3523 2538//3523 2508//3523
f 2508//3524 2538//3524 2662//3524
f 2662//3525 2538//3525 2702//3525
f 2662//3526 2702//3526 2790//3526
f 2790//3527 2702//3527 2900//3527
f 2790//3528 2900//3528 3038//3528
f 3038//3529 2900//3529 2979//3529
f 3038//3530 2979//3530 2978//3530
f 4108//3531 4002//3531 4107//3531
f 4108//3532 4107//3532 4402//3532
f 4402//3533 4107//3533 4296//3533
f 4402//3534 4296//3534 4654//3534
f 4654//3535 4296//3535 4515//3535
f 4654//3536 4515//3536 4800//3536
f 4800//3537 4515//3537 4653//3537
f 4800//3538 4653//3538 4652//3538
f 2504//3539 2467//3539 2503//3539
f 1280//3540 1348//3540 1415//3540
f 2537//3541 2503//3541 2701//3541
f 2701//3542 2503//3542 2661//3542
f 2701//3543 2661//3543 2897//3543
f 2897//3544 2661//3544 2789//3544
f 2897//3545 2789//3545 3037//3545
f 3910//3546 4002//3546 4108//3546
f 3910//3547 4108//3547 3911//3547
f 1280//3548 1415//3548 1416//3548
f 5015//3549 5044//3549 5062//3549
f 5062//3550 5038//3550 5015//3550
f 5015//3551 5038//3551 5014//3551
f 5014//3552 5038//3552 5037//3552
f 5014//3553 5037//3553 4976//3553
f 4976//3554 5037//3554 5007//3554
f 4976//3555 5007//3555 4975//3555
f 4975//3556 5007//3556 4961//3556
f 4975//3557 4961//3557 4924//3557
f 4924//3558 4961//3558 4960//3558
f 5060//3559 5062//3559 5039//3559
f 5039//3560 5062//3560 5044//3560
f 4845//3561 4846//3561 4896//3561
f 4896//3562 4949//3562 4948//3562
f 4948//3563 4949//3563 5057//3563
f 4949//3564 5003//3564 5057//3564
f 5057//3565 5003//3565 5004//3565
f 5057//3566 5004//3566 5058//3566
f 5058//3567 5004//3567 5005//3567
f 5058//3568 5005//3568 5059//3568
f 4897//3569 4847//3569 4848//3569
f 4950//3570 4897//3570 4951//3570
f 4950//3571 4951//3571 5006//3571
f 5006//3572 4951//3572 5059//3572
f 5006//3573 5059//3573 5005//3573
f 5063//3574 5061//3574 5045//3574
f 5045//3575 5061//3575 5040//3575
f 4323//3576 4416//3576 4415//3576
f 4323//3577 4415//3577 4576//3577
f 4576//3578 4415//3578 4679//3578
f 4576//3579 4679//3579 4768//3579
f 4679//3580 4756//3580 4768//3580
f 4768//3581 4756//3581 4814//3581
f 4768//3582 4814//3582 4827//3582
f 4827//3583 4814//3583 4826//3583
f 4987//3584 4934//3584 4971//3584
f 4826//3585 4814//3585 4871//3585
f 4871//3586 4814//3586 4921//3586
f 4871//3587 4921//3587 4934//3587
f 4934//3588 4921//3588 4920//3588
f 4934//3589 4920//3589 4971//3589
f 4971//3590 5013//3590 4987//3590
f 4987//3591 5013//3591 5012//3591
f 4987//3592 5012//3592 5018//3592
f 5018//3593 5012//3593 5042//3593
f 5018//3594 5042//3594 5017//3594
f 5063//3595 5045//3595 5041//3595
f 5041//3596 5045//3596 5016//3596
f 5017//3597 5042//3597 5016//3597
f 5016//3598 5042//3598 5041//3598
f 4307//3599 4416//3599 4313//3599
f 4313//3600 4416//3600 4323//3600
f 4117//3601 4118//3601 4206//3601
f 4206//3602 4118//3602 4301//3602
f 4118//3603 4207//3603 4301//3603
f 4301//3604 4207//3604 4119//3604
f 4301//3605 4119//3605 4012//3605
f 4012//3606 4119//3606 4011//3606
f 4012//3607 4011//3607 3840//3607
f 3840//3608 4011//3608 3926//3608
f 3840//3609 3926//3609 3839//3609
f 4117//3610 4206//3610 4010//3610
f 4020//3611 4035//3611 4036//3611
f 4036//3612 4035//3612 3943//3612
f 4036//3613 3943//3613 3858//3613
f 4036//3614 3858//3614 3847//3614
f 3847//3615 3858//3615 3799//3615
f 3847//3616 3799//3616 3740//3616
f 3740//3617 3799//3617 3749//3617
f 3740//3618 3749//3618 3672//3618
f 3672//3619 3749//3619 3615//3619
f 3672//3620 3615//3620 3534//3620
f 3534//3621 3615//3621 3346//3621
f 3534//3622 3346//3622 3438//3622
f 3438//3623 3346//3623 3253//3623
f 3346//3624 3184//3624 3253//3624
f 3253//3625 3184//3625 3140//3625
f 3253//3626 3140//3626 3116//3626
f 3116//3627 3140//3627 3119//3627
f 3116//3628 3119//3628 2992//3628
f 2992//3629 3119//3629 3043//3629
f 2992//3630 3043//3630 2916//3630
f 3043//3631 2845//3631 2916//3631
f 2916//3632 2845//3632 2720//3632
f 2916//3633 2720//3633 2762//3633
f 2592//3634 2584//3634 2633//3634
f 2592//3635 2633//3635 2720//3635
f 2720//3636 2633//3636 2715//3636
f 2720//3637 2715//3637 2762//3637
f 2576//3638 2584//3638 2583//3638
f 2583//3639 2584//3639 2592//3639
f 2573//3640 2572//3640 2548//3640
f 2548//3641 2572//3641 2547//3641
f 2407//3642 2406//3642 2356//3642
f 2573//3643 2548//3643 2549//3643
f 2573//3644 2549//3644 2574//3644
f 2549//3645 2550//3645 2574//3645
f 2574//3646 2550//3646 2520//3646
f 2574//3647 2520//3647 2477//3647
f 2477//3648 2520//3648 2356//3648
f 2356//3649 2520//3649 2476//3649
f 2356//3650 2476//3650 2407//3650
f 2357//3651 2359//3651 2360//3651
f 2360//3652 2359//3652 2375//3652
f 2360//3653 2375//3653 2264//3653
f 2264//3654 2375//3654 2227//3654
f 2264//3655 2227//3655 2183//3655
f 2183//3656 2227//3656 2100//3656
f 2227//3657 2159//3657 2100//3657
f 2100//3658 2159//3658 2111//3658
f 2100//3659 2111//3659 1958//3659
f 2111//3660 2065//3660 1958//3660
f 1958//3661 2065//3661 2009//3661
f 1958//3662 2009//3662 1966//3662
f 1958//3663 1966//3663 1912//3663
f 1912//3664 1966//3664 1920//3664
f 1912//3665 1920//3665 1817//3665
f 1817//3666 1920//3666 1780//3666
f 1817//3667 1780//3667 1706//3667
f 1706//3668 1780//3668 1755//3668
f 1706//3669 1755//3669 1634//3669
f 1634//3670 1755//3670 1674//3670
f 1634//3671 1674//3671 1617//3671
f 1617//3672 1674//3672 1595//3672
f 1617//3673 1595//3673 1556//3673
f 1556//3674 1595//3674 1518//3674
f 1518//3675 1595//3675 1528//3675
f 1518//3676 1528//3676 1443//3676
f 1443//3677 1528//3677 1456//3677
f 1443//3678 1456//3678 1377//3678
f 1366//3679 1377//3679 1442//3679
f 1442//3680 1377//3680 1456//3680
f 1291//3681 1149//3681 1358//3681
f 1358//3682 1149//3682 1359//3682
f 1291//3683 1290//3683 1149//3683
f 1149//3684 1290//3684 1289//3684
f 1149//3685 1289//3685 1288//3685
f 1288//3686 1289//3686 1357//3686
f 1484//3687 1428//3687 1485//3687
f 1515//3688 1485//3688 1486//3688
f 1515//3689 1486//3689 1487//3689
f 1487//3690 1429//3690 1359//3690
f 1359//3691 1429//3691 1358//3691
f 1155//3692 1240//3692 1161//3692
f 1161//3693 1240//3693 1178//3693
f 1095//3694 1161//3694 1178//3694
f 839//3695 771//3695 826//3695
f 839//3696 826//3696 951//3696
f 826//3697 827//3697 951//3697
f 951//3698 827//3698 881//3698
f 951//3699 881//3699 1178//3699
f 1178//3700 881//3700 1021//3700
f 1178//3701 1021//3701 1095//3701
f 730//3702 717//3702 839//3702
f 839//3703 717//3703 718//3703
f 839//3704 718//3704 771//3704
f 535//3705 609//3705 616//3705
f 616//3706 609//3706 610//3706
f 616//3707 610//3707 730//3707
f 730//3708 610//3708 666//3708
f 730//3709 666//3709 717//3709
f 535//3710 616//3710 534//3710
f 534//3711 616//3711 615//3711
f 534//3712 615//3712 533//3712
f 533//3713 615//3713 614//3713
f 533//3714 614//3714 532//3714
f 535//3715 534//3715 487//3715
f 4112//3716 4300//3716 4516//3716
f 4302//3717 4410//3717 4300//3717
f 4300//3718 4410//3718 4536//3718
f 4300//3719 4536//3719 4516//3719
f 4022//3720 4120//3720 4021//3720
f 4021//3721 4120//3721 4112//3721
f 4021//3722 4112//3722 3788//3722
f 3788//3723 4112//3723 3730//3723
f 4516//3724 4109//3724 4112//3724
f 4112//3725 4109//3725 3913//3725
f 4112//3726 3913//3726 3730//3726
f 3730//3727 3913//3727 3717//3727
f 3730//3728 3717//3728 3604//3728
f 3040//3729 3079//3729 3078//3729
f 3078//3730 3079//3730 3080//3730
f 3078//3731 3080//3731 3178//3731
f 3178//3732 3080//3732 3139//3732
f 3178//3733 3139//3733 3327//3733
f 3327//3734 3139//3734 3334//3734
f 3327//3735 3334//3735 3717//3735
f 3717//3736 3334//3736 3604//3736
f 3040//3737 3078//3737 2834//3737
f 2834//3738 3078//3738 2751//3738
f 2834//3739 2751//3739 2757//3739
f 2575//3740 2577//3740 2569//3740
f 2569//3741 2577//3741 2710//3741
f 2358//3742 2408//3742 2313//3742
f 2313//3743 2408//3743 2400//3743
f 2252//3744 2313//3744 2400//3744
f 2252//3745 2400//3745 2509//3745
f 2509//3746 2400//3746 2516//3746
f 2509//3747 2516//3747 2663//3747
f 2663//3748 2516//3748 2569//3748
f 2663//3749 2569//3749 2751//3749
f 2751//3750 2569//3750 2710//3750
f 2751//3751 2710//3751 2757//3751
f 1999//3752 2002//3752 2049//3752
f 1999//3753 2049//3753 2145//3753
f 2145//3754 2049//3754 2178//3754
f 2145//3755 2178//3755 2252//3755
f 2252//3756 2178//3756 2259//3756
f 2252//3757 2259//3757 2313//3757
f 1658//3758 1583//3758 1589//3758
f 1589//3759 1632//3759 1658//3759
f 1658//3760 1632//3760 1703//3760
f 1658//3761 1703//3761 1737//3761
f 1737//3762 1703//3762 1746//3762
f 1737//3763 1746//3763 1999//3763
f 1999//3764 1746//3764 1872//3764
f 1999//3765 1872//3765 2002//3765
f 1156//3766 1150//3766 1148//3766
f 1156//3767 1148//3767 1147//3767
f 1147//3768 1148//3768 1226//3768
f 1226//3769 1148//3769 1354//3769
f 1226//3770 1354//3770 1417//3770
f 1360//3771 1367//3771 1354//3771
f 1354//3772 1367//3772 1433//3772
f 1354//3773 1433//3773 1417//3773
f 1417//3774 1433//3774 1488//3774
f 1417//3775 1488//3775 1583//3775
f 1583//3776 1488//3776 1589//3776
f 869//3777 930//3777 1147//3777
f 1147//3778 930//3778 1089//3778
f 1147//3779 1089//3779 1156//3779
f 661//3780 704//3780 687//3780
f 687//3781 704//3781 762//3781
f 687//3782 762//3782 747//3782
f 762//3783 819//3783 747//3783
f 747//3784 819//3784 869//3784
f 869//3785 819//3785 876//3785
f 869//3786 876//3786 930//3786
f 661//3787 687//3787 662//3787
f 662//3788 687//3788 552//3788
f 662//3789 552//3789 602//3789
f 602//3790 552//3790 603//3790
f 603//3791 552//3791 484//3791
f 603//3792 484//3792 530//3792
f 530//3793 484//3793 485//3793
f 525//3794 528//3794 531//3794
f 532//3795 529//3795 533//3795
f 533//3796 529//3796 527//3796
f 531//3797 530//3797 525//3797
f 525//3798 530//3798 485//3798
f 525//3799 485//3799 526//3799
f 526//3800 485//3800 486//3800
f 526//3801 486//3801 527//3801
f 527//3802 486//3802 487//3802
f 527//3803 487//3803 533//3803
f 533//3804 487//3804 534//3804
f 535//3805 487//3805 609//3805
f 609//3806 487//3806 553//3806
f 609//3807 553//3807 610//3807
f 692//3808 717//3808 553//3808
f 553//3809 717//3809 666//3809
f 553//3810 666//3810 610//3810
f 4960//3811 4947//3811 4908//3811
f 4908//3812 4947//3812 4801//3812
f 4908//3813 4801//3813 4810//3813
f 4536//3814 4537//3814 4516//3814
f 4516//3815 4537//3815 4751//3815
f 4516//3816 4751//3816 4801//3816
f 4801//3817 4751//3817 4810//3817
f 4879//3818 4947//3818 5001//3818
f 4879//3819 5001//3819 4943//3819
f 4943//3820 5001//3820 5034//3820
f 4943//3821 5034//3821 4999//3821
f 4999//3822 5034//3822 5031//3822
f 5031//3823 5034//3823 5056//3823
f 5031//3824 5056//3824 5032//3824
f 5032//3825 5056//3825 5035//3825
f 5032//3826 5035//3826 5033//3826
f 5033//3827 5035//3827 5036//3827
f 5033//3828 5036//3828 5000//3828
f 5000//3829 5036//3829 5002//3829
f 5000//3830 5002//3830 4946//3830
f 4946//3831 5002//3831 4893//3831
f 4946//3832 4893//3832 4886//3832
f 4886//3833 4893//3833 4843//3833
f 4886//3834 4843//3834 4800//3834
f 4800//3835 4843//3835 4746//3835
f 4800//3836 4746//3836 4654//3836
f 4654//3837 4746//3837 4405//3837
f 4654//3838 4405//3838 4402//3838
f 4402//3839 4405//3839 4202//3839
f 4402//3840 4202//3840 4108//3840
f 4108//3841 4202//3841 4007//3841
f 4108//3842 4007//3842 3912//3842
f 3912//3843 4007//3843 3661//3843
f 3912//3844 3661//3844 3660//3844
f 3660//3845 3661//3845 3525//3845
f 3660//3846 3525//3846 3425//3846
f 3425//3847 3525//3847 3242//3847
f 3425//3848 3242//3848 3177//3848
f 3177//3849 3242//3849 2984//3849
f 3177//3850 2984//3850 3038//3850
f 3038//3851 2984//3851 2791//3851
f 3038//3852 2791//3852 2790//3852
f 2790//3853 2791//3853 2705//3853
f 2790//3854 2705//3854 2662//3854
f 2662//3855 2705//3855 2472//3855
f 2662//3856 2472//3856 2508//3856
f 2508//3857 2472//3857 2304//3857
f 2508//3858 2304//3858 2303//3858
f 2303//3859 2304//3859 2173//3859
f 2303//3860 2173//3860 2144//3860
f 2144//3861 2173//3861 1957//3861
f 2144//3862 1957//3862 1956//3862
f 1956//3863 1957//3863 1776//3863
f 1956//3864 1776//3864 1816//3864
f 1816//3865 1776//3865 1700//3865
f 1816//3866 1700//3866 1656//3866
f 1656//3867 1700//3867 1547//3867
f 1656//3868 1547//3868 1582//3868
f 1582//3869 1547//3869 1425//3869
f 1582//3870 1425//3870 1478//3870
f 1478//3871 1425//3871 1353//3871
f 1478//3872 1353//3872 1280//3872
f 1280//3873 1353//3873 1083//3873
f 1280//3874 1083//3874 1080//3874
f 1080//3875 1083//3875 812//3875
f 1080//3876 812//3876 925//3876
f 925//3877 812//3877 807//3877
f 807//3878 812//3878 692//3878
f 807//3879 692//3879 686//3879
f 718//3880 717//3880 692//3880
f 718//3881 692//3881 771//3881
f 771//3882 692//3882 812//3882
f 771//3883 812//3883 826//3883
f 1083//3884 881//3884 812//3884
f 812//3885 881//3885 827//3885
f 812//3886 827//3886 826//3886
f 1359//3887 1149//3887 1083//3887
f 1155//3888 1161//3888 1149//3888
f 1149//3889 1161//3889 1095//3889
f 1149//3890 1095//3890 1083//3890
f 1083//3891 1095//3891 1021//3891
f 1083//3892 1021//3892 881//3892
f 1377//3893 1366//3893 1443//3893
f 1443//3894 1366//3894 1359//3894
f 1443//3895 1359//3895 1518//3895
f 1518//3896 1359//3896 1556//3896
f 1083//3897 1353//3897 1359//3897
f 1359//3898 1353//3898 1425//3898
f 1359//3899 1425//3899 1556//3899
f 1556//3900 1425//3900 1547//3900
f 1556//3901 1547//3901 1617//3901
f 1617//3902 1547//3902 1634//3902
f 1634//3903 1547//3903 1706//3903
f 1706//3904 1547//3904 1700//3904
f 1706//3905 1700//3905 1817//3905
f 1817//3906 1700//3906 1776//3906
f 1817//3907 1776//3907 1912//3907
f 1912//3908 1776//3908 1957//3908
f 1912//3909 1957//3909 1958//3909
f 2264//3910 2183//3910 2173//3910
f 2173//3911 2183//3911 2100//3911
f 2173//3912 2100//3912 1957//3912
f 1957//3913 2100//3913 1958//3913
f 2357//3914 2360//3914 2356//3914
f 2356//3915 2360//3915 2264//3915
f 2584//3916 2576//3916 2633//3916
f 2633//3917 2576//3917 2574//3917
f 2264//3918 2173//3918 2356//3918
f 2356//3919 2173//3919 2304//3919
f 2356//3920 2304//3920 2477//3920
f 2477//3921 2304//3921 2472//3921
f 2477//3922 2472//3922 2574//3922
f 2574//3923 2472//3923 2705//3923
f 2574//3924 2705//3924 2633//3924
f 2984//3925 2992//3925 2916//3925
f 2984//3926 2916//3926 2791//3926
f 2791//3927 2916//3927 2762//3927
f 2791//3928 2762//3928 2705//3928
f 2705//3929 2762//3929 2715//3929
f 2705//3930 2715//3930 2633//3930
f 3525//3931 3661//3931 3672//3931
f 3672//3932 3534//3932 3525//3932
f 3525//3933 3534//3933 3438//3933
f 3525//3934 3438//3934 3242//3934
f 3242//3935 3438//3935 3253//3935
f 3242//3936 3253//3936 2984//3936
f 2984//3937 3253//3937 3116//3937
f 2984//3938 3116//3938 2992//3938
f 4416//3939 4307//3939 4301//3939
f 4415//3940 4416//3940 4405//3940
f 4405//3941 4416//3941 4301//3941
f 4405//3942 4301//3942 4202//3942
f 4202//3943 4301//3943 4012//3943
f 4202//3944 4012//3944 4007//3944
f 4020//3945 4036//3945 4012//3945
f 4012//3946 4036//3946 4007//3946
f 4007//3947 4036//3947 3847//3947
f 4007//3948 3847//3948 3661//3948
f 3661//3949 3847//3949 3740//3949
f 3661//3950 3740//3950 3672//3950
f 4746//3951 4679//3951 4405//3951
f 4405//3952 4679//3952 4415//3952
f 4971//3953 4920//3953 4893//3953
f 4893//3954 4920//3954 4921//3954
f 4893//3955 4921//3955 4843//3955
f 4921//3956 4814//3956 4843//3956
f 4843//3957 4814//3957 4746//3957
f 4746//3958 4814//3958 4756//3958
f 4746//3959 4756//3959 4679//3959
f 4971//3960 4893//3960 5013//3960
f 5013//3961 4893//3961 5002//3961
f 5013//3962 5002//3962 5012//3962
f 5012//3963 5002//3963 5042//3963
f 5042//3964 5002//3964 5036//3964
f 5042//3965 5036//3965 5041//3965
f 5041//3966 5036//3966 5035//3966
f 5059//3967 5061//3967 5063//3967
f 5062//3968 5060//3968 5038//3968
f 5038//3969 5060//3969 5057//3969
f 5063//3970 5041//3970 5059//3970
f 5059//3971 5041//3971 5035//3971
f 5059//3972 5035//3972 5058//3972
f 5058//3973 5035//3973 5056//3973
f 5058//3974 5056//3974 5057//3974
f 5057//3975 5056//3975 5034//3975
f 5057//3976 5034//3976 5038//3976
f 5038//3977 5034//3977 5037//3977
f 5037//3978 5034//3978 5001//3978
f 5037//3979 5001//3979 5007//3979
f 5007//3980 5001//3980 4961//3980
f 4961//3981 5001//3981 4947//3981
f 4961//3982 4947//3982 4960//3982
f 2600//3983 2594//3983 2595//3983
f 2600//3984 2595//3984 2601//3984
f 2601//3985 2595//3985 2646//3985
f 2601//3986 2646//3986 2650//3986
f 2650//3987 2646//3987 2684//3987
f 2650//3988 2684//3988 2689//3988
f 2689//3989 2684//3989 2683//3989
f 2689//3990 2683//3990 2688//3990
f 2688//3991 2683//3991 2723//3991
f 2688//3992 2723//3992 2727//3992
f 2727//3993 2723//3993 2722//3993
f 2727//3994 2722//3994 2726//3994
f 2726//3995 2722//3995 2682//3995
f 2726//3996 2682//3996 2687//3996
f 2687//3997 2682//3997 2681//3997
f 2687//3998 2681//3998 2686//3998
f 2686//3999 2681//3999 2644//3999
f 2686//4000 2644//4000 2648//4000
f 2648//4001 2644//4001 2645//4001
f 2648//4002 2645//4002 2649//4002
f 2649//4003 2645//4003 2594//4003
f 2649//4004 2594//4004 2600//4004
f 2648//4005 2688//4005 2727//4005
f 2648//4006 2649//4006 2688//4006
f 2688//4007 2649//4007 2600//4007
f 2687//4008 2686//4008 2648//4008
f 2687//4009 2648//4009 2726//4009
f 2726//4010 2648//4010 2727//4010
f 2689//4011 2688//4011 2650//4011
f 2650//4012 2688//4012 2600//4012
f 2650//4013 2600//4013 2601//4013
f 4053//4014 4048//4014 4049//4014
f 4053//4015 4049//4015 4054//4015
f 4054//4016 4049//4016 3945//4016
f 4054//4017 3945//4017 3948//4017
f 3948//4018 3945//4018 3946//4018
f 3948//4019 3946//4019 3949//4019
f 3949//4020 3946//4020 4050//4020
f 3949//4021 4050//4021 4055//4021
f 4055//4022 4050//4022 4157//4022
f 4055//4023 4157//4023 4160//4023
f 4160//4024 4157//4024 4156//4024
f 4160//4025 4156//4025 4159//4025
f 4159//4026 4156//4026 4245//4026
f 4159//4027 4245//4027 4248//4027
f 4248//4028 4245//4028 4244//4028
f 4248//4029 4244//4029 4247//4029
f 4247//4030 4244//4030 4155//4030
f 4247//4031 4155//4031 4158//4031
f 4158//4032 4155//4032 4048//4032
f 4158//4033 4048//4033 4053//4033
f 4160//4034 4053//4034 4054//4034
f 4053//4035 4160//4035 4158//4035
f 4158//4036 4160//4036 4159//4036
f 4158//4037 4159//4037 4248//4037
f 4248//4038 4247//4038 4158//4038
f 3949//4039 4055//4039 4160//4039
f 3949//4040 4160//4040 3948//4040
f 3948//4041 4160//4041 4054//4041
f 2389//4042 2386//4042 2385//4042
f 2389//4043 2385//4043 2388//4043
f 2388//4044 2385//4044 2350//4044
f 2388//4045 2350//4045 2352//4045
f 2352//4046 2350//4046 2287//4046
f 2352//4047 2287//4047 2292//4047
f 2292//4048 2287//4048 2288//4048
f 2292//4049 2288//4049 2293//4049
f 2293//4050 2288//4050 2289//4050
f 2293//4051 2289//4051 2294//4051
f 2294//4052 2289//4052 2290//4052
f 2294//4053 2290//4053 2295//4053
f 2295//4054 2290//4054 2351//4054
f 2295//4055 2351//4055 2353//4055
f 2353//4056 2351//4056 2386//4056
f 2353//4057 2386//4057 2389//4057
f 2353//4058 2389//4058 2293//4058
f 2293//4059 2389//4059 2388//4059
f 2353//4060 2293//4060 2295//4060
f 2295//4061 2293//4061 2294//4061
f 2352//4062 2292//4062 2293//4062
f 2352//4063 2293//4063 2388//4063
f 1392//4064 1389//4064 1461//4064
f 1392//4065 1461//4065 1465//4065
f 1465//4066 1461//4066 1460//4066
f 1465//4067 1460//4067 1464//4067
f 1464//4068 1460//4068 1388//4068
f 1464//4069 1388//4069 1391//4069
f 1391//4070 1388//4070 1387//4070
f 1391//4071 1387//4071 1390//4071
f 1390//4072 1387//4072 1332//4072
f 1390//4073 1332//4073 1337//4073
f 1337//4074 1332//4074 1260//4074
f 1337//4075 1260//4075 1261//4075
f 1261//4076 1260//4076 1333//4076
f 1261//4077 1333//4077 1338//4077
f 1338//4078 1333//4078 1334//4078
f 1338//4079 1334//4079 1339//4079
f 1339//4080 1334//4080 1389//4080
f 1339//4081 1389//4081 1392//4081
f 1338//4082 1339//4082 1390//4082
f 1390//4083 1339//4083 1392//4083
f 1464//4084 1391//4084 1465//4084
f 1465//4085 1391//4085 1390//4085
f 1465//4086 1390//4086 1392//4086
f 1337//4087 1261//4087 1338//4087
f 1337//4088 1338//4088 1390//4088
f 664//4089 659//4089 695//4089
f 664//4090 695//4090 712//4090
f 712//4091 695//4091 756//4091
f 712//4092 756//4092 767//4092
f 767//4093 756//4093 755//4093
f 767//4094 755//4094 766//4094
f 766//4095 755//4095 754//4095
f 766//4096 754//4096 765//4096
f 765//4097 754//4097 694//4097
f 765//4098 694//4098 711//4098
f 711//4099 694//4099 658//4099
f 711//4100 658//4100 663//4100
f 663//4101 658//4101 598//4101
f 663//4102 598//4102 605//4102
f 605//4103 598//4103 599//4103
f 605//4104 599//4104 606//4104
f 606//4105 599//4105 600//4105
f 606//4106 600//4106 607//4106
f 607//4107 600//4107 601//4107
f 607//4108 601//4108 608//4108
f 608//4109 601//4109 659//4109
f 608//4110 659//4110 664//4110
f 606//4111 607//4111 765//4111
f 607//4112 608//4112 765//4112
f 765//4113 608//4113 664//4113
f 765//4114 664//4114 712//4114
f 711//4115 663//4115 765//4115
f 765//4116 663//4116 605//4116
f 765//4117 605//4117 606//4117
f 766//4118 765//4118 767//4118
f 767//4119 765//4119 712//4119
f 2412//4120 2402//4120 2403//4120
f 2412//4121 2403//4121 2413//4121
f 2413//4122 2403//4122 2474//4122
f 2413//4123 2474//4123 2481//4123
f 2481//4124 2474//4124 2518//4124
f 2481//4125 2518//4125 2524//4125
f 2524//4126 2518//4126 2545//4126
f 2524//4127 2545//4127 2553//4127
f 2553//4128 2545//4128 2544//4128
f 2553//4129 2544//4129 2552//4129
f 2552//4130 2544//4130 2543//4130
f 2552//4131 2543//4131 2551//4131
f 2551//4132 2543//4132 2517//4132
f 2551//4133 2517//4133 2523//4133
f 2523//4134 2517//4134 2473//4134
f 2523//4135 2473//4135 2480//4135
f 2480//4136 2473//4136 2401//4136
f 2480//4137 2401//4137 2411//4137
f 2411//4138 2401//4138 2402//4138
f 2553//4139 2411//4139 2412//4139
f 2552//4140 2551//4140 2553//4140
f 2553//4141 2551//4141 2523//4141
f 2553//4142 2523//4142 2480//4142
f 2553//4143 2480//4143 2411//4143
f 2524//4144 2553//4144 2412//4144
f 2524//4145 2412//4145 2481//4145
f 2481//4146 2412//4146 2413//4146
f 4966//4147 4949//4147 4896//4147
f 4966//4148 4896//4148 4913//4148
f 4913//4149 4896//4149 4846//4149
f 4913//4150 4846//4150 4857//4150
f 4857//4151 4846//4151 4847//4151
f 4857//4152 4847//4152 4858//4152
f 4858//4153 4847//4153 4897//4153
f 4858//4154 4897//4154 4914//4154
f 4914//4155 4897//4155 4950//4155
f 4914//4156 4950//4156 4967//4156
f 4967//4157 4950//4157 5006//4157
f 4967//4158 5006//4158 5011//4158
f 5011//4159 5006//4159 5005//4159
f 5011//4160 5005//4160 5010//4160
f 5010//4161 5005//4161 5004//4161
f 5010//4162 5004//4162 5009//4162
f 5009//4163 5004//4163 5003//4163
f 5009//4164 5003//4164 5008//4164
f 5008//4165 5003//4165 4949//4165
f 5008//4166 4949//4166 4966//4166
f 5009//4167 5008//4167 4914//4167
f 4914//4168 5008//4168 4966//4168
f 4914//4169 4966//4169 4858//4169
f 5010//4170 5009//4170 4914//4170
f 5010//4171 4914//4171 5011//4171
f 5011//4172 4914//4172 4967//4172
f 4858//4173 4966//4173 4857//4173
f 4857//4174 4966//4174 4913//4174
f 2557//4175 2549//4175 2548//4175
f 2557//4176 2548//4176 2556//4176
f 2556//4177 2548//4177 2547//4177
f 2556//4178 2547//4178 2555//4178
f 2414//4179 2404//4179 2405//4179
f 2414//4180 2405//4180 2415//4180
f 2415//4181 2405//4181 2406//4181
f 2415//4182 2406//4182 2416//4182
f 2416//4183 2406//4183 2407//4183
f 2416//4184 2407//4184 2417//4184
f 2417//4185 2407//4185 2476//4185
f 2417//4186 2476//4186 2483//4186
f 2483//4187 2476//4187 2520//4187
f 2483//4188 2520//4188 2526//4188
f 2526//4189 2520//4189 2550//4189
f 2526//4190 2550//4190 2558//4190
f 2558//4191 2550//4191 2549//4191
f 2558//4192 2549//4192 2557//4192
f 2416//4193 2417//4193 2483//4193
f 2526//4194 2558//4194 2414//4194
f 2414//4195 2558//4195 2557//4195
f 2414//4196 2557//4196 2482//4196
f 2482//4197 2557//4197 2556//4197
f 2526//4198 2414//4198 2483//4198
f 2483//4199 2414//4199 2415//4199
f 2483//4200 2415//4200 2416//4200
f 2482//4201 2556//4201 2555//4201
f 2482//4202 2555//4202 2525//4202
f 3863//4203 3860//4203 3859//4203
f 3863//4204 3859//4204 3862//4204
f 3862//4205 3859//4205 3800//4205
f 3862//4206 3800//4206 3804//4206
f 3804//4207 3800//4207 3750//4207
f 3804//4208 3750//4208 3754//4208
f 3754//4209 3750//4209 3751//4209
f 3754//4210 3751//4210 3755//4210
f 3755//4211 3751//4211 3752//4211
f 3755//4212 3752//4212 3756//4212
f 3756//4213 3752//4213 3801//4213
f 3756//4214 3801//4214 3805//4214
f 3805//4215 3801//4215 3861//4215
f 3805//4216 3861//4216 3864//4216
f 3864//4217 3861//4217 3860//4217
f 3864//4218 3860//4218 3863//4218
f 3754//4219 3755//4219 3804//4219
f 3805//4220 3864//4220 3863//4220
f 3805//4221 3863//4221 3756//4221
f 3756//4222 3863//4222 3862//4222
f 3756//4223 3862//4223 3755//4223
f 3755//4224 3862//4224 3804//4224
f 1600//4225 1597//4225 1566//4225
f 1600//4226 1566//4226 1569//4226
f 1569//4227 1566//4227 1531//4227
f 1569//4228 1531//4228 1534//4228
f 1534//4229 1531//4229 1505//4229
f 1534//4230 1505//4230 1507//4230
f 1507//4231 1505//4231 1506//4231
f 1507//4232 1506//4232 1508//4232
f 1508//4233 1506//4233 1532//4233
f 1508//4234 1532//4234 1535//4234
f 1535//4235 1532//4235 1567//4235
f 1535//4236 1567//4236 1570//4236
f 1570//4237 1567//4237 1599//4237
f 1570//4238 1599//4238 1602//4238
f 1602//4239 1599//4239 1598//4239
f 1602//4240 1598//4240 1601//4240
f 1601//4241 1598//4241 1597//4241
f 1601//4242 1597//4242 1600//4242
f 1535//4243 1570//4243 1602//4243
f 1569//4244 1534//4244 1507//4244
f 1508//4245 1535//4245 1569//4245
f 1508//4246 1569//4246 1507//4246
f 1569//4247 1535//4247 1600//4247
f 1600//4248 1535//4248 1602//4248
f 1600//4249 1602//4249 1601//4249
f 1490//4250 1482//4250 1481//4250
f 1490//4251 1481//4251 1489//4251
f 1489//4252 1481//4252 1426//4252
f 1489//4253 1426//4253 1435//4253
f 1435//4254 1426//4254 1355//4254
f 1435//4255 1355//4255 1368//4255
f 1368//4256 1355//4256 1284//4256
f 1368//4257 1284//4257 1296//4257
f 1296//4258 1284//4258 1285//4258
f 1296//4259 1285//4259 1297//4259
f 1297//4260 1285//4260 1286//4260
f 1297//4261 1286//4261 1298//4261
f 1298//4262 1286//4262 1287//4262
f 1298//4263 1287//4263 1299//4263
f 1299//4264 1287//4264 1356//4264
f 1299//4265 1356//4265 1369//4265
f 1369//4266 1356//4266 1427//4266
f 1369//4267 1427//4267 1436//4267
f 1436//4268 1427//4268 1483//4268
f 1436//4269 1483//4269 1491//4269
f 1491//4270 1483//4270 1482//4270
f 1491//4271 1482//4271 1490//4271
f 1436//4272 1491//4272 1490//4272
f 1368//4273 1296//4273 1436//4273
f 1435//4274 1368//4274 1489//4274
f 1489//4275 1368//4275 1436//4275
f 1489//4276 1436//4276 1490//4276
f 1299//4277 1369//4277 1298//4277
f 1298//4278 1369//4278 1436//4278
f 1298//4279 1436//4279 1297//4279
f 1297//4280 1436//4280 1296//4280
f 3927//4281 3922//4281 3836//4281
f 3927//4282 3836//4282 3842//4282
f 3842//4283 3836//4283 3837//4283
f 3842//4284 3837//4284 3843//4284
f 3843//4285 3837//4285 3923//4285
f 3843//4286 3923//4286 3928//4286
f 3928//4287 3923//4287 3924//4287
f 3928//4288 3924//4288 3929//4288
f 3929//4289 3924//4289 4009//4289
f 3929//4290 4009//4290 4025//4290
f 4130//4291 4116//4291 4115//4291
f 4130//4292 4115//4292 4129//4292
f 4129//4293 4115//4293 4205//4293
f 4129//4294 4205//4294 4211//4294
f 4211//4295 4205//4295 4114//4295
f 4211//4296 4114//4296 4128//4296
f 4128//4297 4114//4297 4113//4297
f 4128//4298 4113//4298 4127//4298
f 4127//4299 4113//4299 4008//4299
f 4127//4300 4008//4300 4024//4300
f 4024//4301 4008//4301 3922//4301
f 4024//4302 3922//4302 3927//4302
f 4128//4303 3928//4303 3929//4303
f 3927//4304 3842//4304 4128//4304
f 4128//4305 3842//4305 3843//4305
f 4128//4306 3843//4306 3928//4306
f 4129//4307 4211//4307 4130//4307
f 4130//4308 4211//4308 4128//4308
f 4130//4309 4128//4309 4025//4309
f 4025//4310 4128//4310 3929//4310
f 4127//4311 4024//4311 4128//4311
f 4128//4312 4024//4312 3927//4312
f 4138//4313 4118//4313 4117//4313
f 4138//4314 4117//4314 4137//4314
f 4137//4315 4117//4315 4010//4315
f 4137//4316 4010//4316 4033//4316
f 4033//4317 4010//4317 3925//4317
f 4033//4318 3925//4318 3930//4318
f 3930//4319 3925//4319 3838//4319
f 3930//4320 3838//4320 3844//4320
f 3844//4321 3838//4321 3839//4321
f 3844//4322 3839//4322 3845//4322
f 3845//4323 3839//4323 3926//4323
f 3845//4324 3926//4324 3931//4324
f 3931//4325 3926//4325 4011//4325
f 3931//4326 4011//4326 4034//4326
f 4034//4327 4011//4327 4119//4327
f 4034//4328 4119//4328 4139//4328
f 4139//4329 4119//4329 4207//4329
f 4139//4330 4207//4330 4216//4330
f 4216//4331 4207//4331 4118//4331
f 4216//4332 4118//4332 4138//4332
f 4139//4333 3930//4333 3844//4333
f 4033//4334 3930//4334 4139//4334
f 4033//4335 4139//4335 4137//4335
f 3931//4336 4034//4336 3845//4336
f 3845//4337 4034//4337 4139//4337
f 3845//4338 4139//4338 3844//4338
f 4139//4339 4216//4339 4138//4339
f 4139//4340 4138//4340 4137//4340
f 1375//4341 1357//4341 1289//4341
f 1375//4342 1289//4342 1305//4342
f 1305//4343 1289//4343 1290//4343
f 1305//4344 1290//4344 1306//4344
f 1306//4345 1290//4345 1291//4345
f 1306//4346 1291//4346 1307//4346
f 1307//4347 1291//4347 1358//4347
f 1307//4348 1358//4348 1376//4348
f 1376//4349 1358//4349 1429//4349
f 1376//4350 1429//4350 1441//4350
f 1441//4351 1429//4351 1487//4351
f 1441//4352 1487//4352 1496//4352
f 1496//4353 1487//4353 1486//4353
f 1496//4354 1486//4354 1495//4354
f 1495//4355 1486//4355 1485//4355
f 1495//4356 1485//4356 1494//4356
f 1494//4357 1485//4357 1428//4357
f 1494//4358 1428//4358 1440//4358
f 1440//4359 1428//4359 1357//4359
f 1440//4360 1357//4360 1375//4360
f 1494//4361 1307//4361 1376//4361
f 1494//4362 1440//4362 1375//4362
f 1306//4363 1307//4363 1305//4363
f 1305//4364 1307//4364 1494//4364
f 1305//4365 1494//4365 1375//4365
f 1496//4366 1495//4366 1441//4366
f 1441//4367 1495//4367 1494//4367
f 1441//4368 1494//4368 1376//4368
f 4105//4369 4110//4369 4200//4369
f 3909//4370 3917//4370 3787//4370
f 2827//4371 2829//4371 2665//4371
f 1866//4372 1871//4372 1698//4372
f 1409//4373 1421//4373 1420//4373
f 2082//4374 2088//4374 2172//4374
f 3112//4375 3114//4375 3179//4375
f 3908//4376 3998//4376 3833//4376
f 3112//4377 3172//4377 2976//4377
f 2976//4378 3172//4378 2971//4378
f 2976//4379 2971//4379 2898//4379
f 2898//4380 2971//4380 2659//4380
f 2898//4381 2659//4381 2826//4381
f 2082//4382 2169//4382 1908//4382
f 1908//4383 2169//4383 1900//4383
f 1908//4384 1900//4384 1865//4384
f 1865//4385 1900//4385 1686//4385
f 1269//4386 1277//4386 1405//4386
f 1405//4387 1277//4387 1409//4387
f 1213//4388 1278//4388 1269//4388
f 1269//4389 1278//4389 1277//4389
f 1406//4390 1414//4390 1270//4390
f 1270//4391 1414//4391 1279//4391
f 1866//4392 1690//4392 1903//4392
f 1866//4393 1903//4393 1909//4393
f 1909//4394 1903//4394 2083//4394
f 2083//4395 1903//4395 2136//4395
f 2660//4396 2899//4396 2827//4396
f 2899//4397 2660//4397 2896//4397
f 2899//4398 2896//4398 3113//4398
f 3113//4399 2896//4399 3175//4399
f 3786//4400 4000//4400 3909//4400
f 4000//4401 3786//4401 3999//4401
f 3999//4402 3786//4402 3995//4402
f 3999//4403 3995//4403 4106//4403
f 4106//4404 3995//4404 4199//4404
f 3833//4405 3998//4405 4101//4405
f 4101//4406 3998//4406 4104//4406
f 4101//4407 4104//4407 4198//4407
f 4198//4408 4104//4408 4105//4408
f 3112//4409 3179//4409 3172//4409
f 3172//4410 3179//4410 3599//4410
f 3172//4411 3599//4411 3598//4411
f 3598//4412 3599//4412 3834//4412
f 3598//4413 3834//4413 3833//4413
f 3833//4414 3834//4414 3916//4414
f 3833//4415 3916//4415 3908//4415
f 2082//4416 2172//4416 2169//4416
f 2169//4417 2172//4417 2470//4417
f 2169//4418 2470//4418 2465//4418
f 2465//4419 2470//4419 2664//4419
f 2465//4420 2664//4420 2659//4420
f 2659//4421 2664//4421 2828//4421
f 2659//4422 2828//4422 2826//4422
f 1409//4423 1420//4423 1405//4423
f 1405//4424 1420//4424 1585//4424
f 1405//4425 1585//4425 1576//4425
f 1576//4426 1585//4426 1697//4426
f 1576//4427 1697//4427 1686//4427
f 1686//4428 1697//4428 1870//4428
f 1686//4429 1870//4429 1865//4429
f 1279//4430 1283//4430 1270//4430
f 1270//4431 1283//4431 1229//4431
f 1270//4432 1229//4432 1214//4432
f 1214//4433 1229//4433 1228//4433
f 1214//4434 1228//4434 1213//4434
f 1213//4435 1228//4435 1282//4435
f 1213//4436 1282//4436 1278//4436
f 1866//4437 1698//4437 1690//4437
f 1690//4438 1698//4438 1546//4438
f 1690//4439 1546//4439 1543//4439
f 1543//4440 1546//4440 1422//4440
f 1543//4441 1422//4441 1406//4441
f 1406//4442 1422//4442 1414//4442
f 2827//4443 2665//4443 2660//4443
f 2660//4444 2665//4444 2398//4444
f 2660//4445 2398//4445 2394//4445
f 2394//4446 2398//4446 2146//4446
f 2394//4447 2146//4447 2136//4447
f 2136//4448 2146//4448 2089//4448
f 2136//4449 2089//4449 2083//4449
f 3909//4450 3787//4450 3786//4450
f 3786//4451 3787//4451 3524//4451
f 3786//4452 3524//4452 3523//4452
f 3523//4453 3524//4453 3180//4453
f 3523//4454 3180//4454 3175//4454
f 3175//4455 3180//4455 3115//4455
f 3175//4456 3115//4456 3113//4456
f 4105//4457 4200//4457 4198//4457
f 4198//4458 4200//4458 4298//4458
f 4198//4459 4298//4459 4292//4459
f 4292//4460 4298//4460 4201//4460
f 4292//4461 4201//4461 4199//4461
f 4199//4462 4201//4462 4111//4462
f 4199//4463 4111//4463 4106//4463
f 2971//4464 3172//4464 3036//4464
f 3036//4465 3172//4465 3598//4465
f 3036//4466 3598//4466 3110//4466
f 3110//4467 3598//4467 3833//4467
f 3110//4468 3833//4468 3173//4468
f 3173//4469 3833//4469 4101//4469
f 3173//4470 4101//4470 3233//4470
f 3036//4471 2787//4471 2971//4471
f 2971//4472 2787//4472 2749//4472
f 2971//4473 2749//4473 2659//4473
f 2659//4474 2749//4474 2566//4474
f 2659//4475 2566//4475 2465//4475
f 2465//4476 2566//4476 2466//4476
f 2465//4477 2466//4477 2169//4477
f 2169//4478 2466//4478 2249//4478
f 2169//4479 2249//4479 1900//4479
f 1900//4480 2249//4480 2134//4480
f 1900//4481 2134//4481 1686//4481
f 1686//4482 2134//4482 1993//4482
f 1686//4483 1993//4483 1576//4483
f 1576//4484 1993//4484 1856//4484
f 1576//4485 1856//4485 1405//4485
f 1405//4486 1856//4486 1771//4486
f 1405//4487 1771//4487 1269//4487
f 1269//4488 1771//4488 1729//4488
f 1269//4489 1729//4489 1213//4489
f 1213//4490 1729//4490 1687//4490
f 1213//4491 1687//4491 1214//4491
f 1214//4492 1687//4492 1689//4492
f 1214//4493 1689//4493 1270//4493
f 1270//4494 1689//4494 1731//4494
f 1270//4495 1731//4495 1406//4495
f 1406//4496 1731//4496 1772//4496
f 1406//4497 1772//4497 1543//4497
f 1543//4498 1772//4498 1857//4498
f 1543//4499 1857//4499 1690//4499
f 1690//4500 1857//4500 1994//4500
f 1690//4501 1994//4501 1903//4501
f 1903//4502 1994//4502 2135//4502
f 1903//4503 2135//4503 2136//4503
f 2136//4504 2135//4504 2171//4504
f 2136//4505 2171//4505 2394//4505
f 2394//4506 2171//4506 2355//4506
f 2394//4507 2355//4507 2660//4507
f 2660//4508 2355//4508 2536//4508
f 2660//4509 2536//4509 2896//4509
f 2536//4510 2700//4510 2896//4510
f 2896//4511 2700//4511 2788//4511
f 2896//4512 2788//4512 3175//4512
f 3175//4513 2788//4513 2972//4513
f 3233//4514 4101//4514 3320//4514
f 3320//4515 4101//4515 4198//4515
f 3320//4516 4198//4516 3322//4516
f 3322//4517 4198//4517 4292//4517
f 3322//4518 4292//4518 3324//4518
f 3324//4519 4292//4519 4199//4519
f 3324//4520 4199//4520 3174//4520
f 3174//4521 4199//4521 3995//4521
f 3174//4522 3995//4522 3111//4522
f 3111//4523 3995//4523 3786//4523
f 3111//4524 3786//4524 2972//4524
f 2972//4525 3786//4525 3523//4525
f 2972//4526 3523//4526 3175//4526
f 1981//4527 1843//4527 1893//4527
f 1894//4528 1845//4528 1931//4528
f 1931//4529 1845//4529 1981//4529
f 1981//4530 1845//4530 1844//4530
f 1981//4531 1844//4531 1843//4531
f 1979//4532 1980//4532 1930//4532
f 1930//4533 1980//4533 1981//4533
f 1930//4534 1981//4534 1929//4534
f 1929//4535 1981//4535 1893//4535
f 2735//4536 2734//4536 2888//4536
f 2888//4537 2734//4537 2733//4537
f 2886//4538 2887//4538 2822//4538
f 2822//4539 2887//4539 2888//4539
f 2822//4540 2888//4540 2733//4540
f 2822//4541 2733//4541 2783//4541
f 2823//4542 2784//4542 2888//4542
f 2888//4543 2784//4543 2736//4543
f 2888//4544 2736//4544 2735//4544
f 2613//4545 2612//4545 2738//4545
f 2656//4546 2613//4546 2697//4546
f 2697//4547 2613//4547 2739//4547
f 2739//4548 2613//4548 2738//4548
f 2696//4549 2737//4549 2738//4549
f 2655//4550 2696//4550 2611//4550
f 2611//4551 2696//4551 2738//4551
f 2611//4552 2738//4552 2612//4552
f 1845//4553 1850//4553 1849//4553
f 1845//4554 1849//4554 1844//4554
f 1844//4555 1849//4555 1848//4555
f 1844//4556 1848//4556 1843//4556
f 1843//4557 1848//4557 1895//4557
f 1843//4558 1895//4558 1893//4558
f 1893//4559 1895//4559 1935//4559
f 1893//4560 1935//4560 1929//4560
f 1929//4561 1935//4561 1936//4561
f 1929//4562 1936//4562 1930//4562
f 1930//4563 1936//4563 1986//4563
f 1930//4564 1986//4564 1979//4564
f 1979//4565 1986//4565 1987//4565
f 1979//4566 1987//4566 1980//4566
f 1980//4567 1987//4567 1988//4567
f 1980//4568 1988//4568 1981//4568
f 1981//4569 1988//4569 1937//4569
f 1981//4570 1937//4570 1931//4570
f 1931//4571 1937//4571 1896//4571
f 1931//4572 1896//4572 1894//4572
f 1894//4573 1896//4573 1850//4573
f 1894//4574 1850//4574 1845//4574
f 2735//4575 2743//4575 2742//4575
f 2735//4576 2742//4576 2734//4576
f 2734//4577 2742//4577 2741//4577
f 2734//4578 2741//4578 2733//4578
f 2733//4579 2741//4579 2785//4579
f 2733//4580 2785//4580 2783//4580
f 2783//4581 2785//4581 2824//4581
f 2783//4582 2824//4582 2822//4582
f 2822//4583 2824//4583 2890//4583
f 2822//4584 2890//4584 2886//4584
f 2886//4585 2890//4585 2891//4585
f 2886//4586 2891//4586 2887//4586
f 2887//4587 2891//4587 2892//4587
f 2887//4588 2892//4588 2888//4588
f 2888//4589 2892//4589 2825//4589
f 2888//4590 2825//4590 2823//4590
f 2823//4591 2825//4591 2786//4591
f 2823//4592 2786//4592 2784//4592
f 2784//4593 2786//4593 2744//4593
f 2784//4594 2744//4594 2736//4594
f 2736//4595 2744//4595 2743//4595
f 2736//4596 2743//4596 2735//4596
f 2613//4597 2617//4597 2616//4597
f 2613//4598 2616//4598 2612//4598
f 2612//4599 2616//4599 2615//4599
f 2612//4600 2615//4600 2611//4600
f 2611//4601 2615//4601 2657//4601
f 2611//4602 2657//4602 2655//4602
f 2655//4603 2657//4603 2698//4603
f 2655//4604 2698//4604 2696//4604
f 2696//4605 2698//4605 2745//4605
f 2696//4606 2745//4606 2737//4606
f 2737//4607 2745//4607 2746//4607
f 2737//4608 2746//4608 2738//4608
f 2738//4609 2746//4609 2747//4609
f 2738//4610 2747//4610 2739//4610
f 2739//4611 2747//4611 2699//4611
f 2739//4612 2699//4612 2697//4612
f 2697//4613 2699//4613 2658//4613
f 2697//4614 2658//4614 2656//4614
f 2656//4615 2658//4615 2617//4615
f 2656//4616 2617//4616 2613//4616
f 2892//4617 3231//4617 2825//4617
f 2825//4618 3231//4618 3319//4618
f 3319//4619 3232//4619 2825//4619
f 2825//4620 3232//4620 3171//4620
f 2825//4621 3171//4621 2786//4621
f 2742//4622 2499//4622 2741//4622
f 2741//4623 2499//4623 2614//4623
f 2741//4624 2614//4624 2785//4624
f 2785//4625 2614//4625 2740//4625
f 2785//4626 2740//4626 2824//4626
f 2824//4627 2740//4627 2889//4627
f 1934//4628 2030//4628 2742//4628
f 2742//4629 2030//4629 2167//4629
f 2742//4630 2167//4630 2298//4630
f 2742//4631 2298//4631 2499//4631
f 1937//4632 2299//4632 2168//4632
f 2824//4633 2889//4633 2890//4633
f 2890//4634 2889//4634 3074//4634
f 2890//4635 3074//4635 2891//4635
f 2891//4636 3074//4636 3134//4636
f 2891//4637 3134//4637 2892//4637
f 2892//4638 3134//4638 3170//4638
f 2892//4639 3170//4639 3231//4639
f 2168//4640 2031//4640 1937//4640
f 1937//4641 2031//4641 1938//4641
f 1937//4642 1938//4642 1896//4642
f 3171//4643 2698//4643 1987//4643
f 1987//4644 2698//4644 2657//4644
f 1987//4645 2657//4645 1988//4645
f 1988//4646 2657//4646 2615//4646
f 1988//4647 2615//4647 1937//4647
f 1938//4648 1793//4648 1896//4648
f 1896//4649 1793//4649 1767//4649
f 1896//4650 1767//4650 1850//4650
f 1850//4651 1767//4651 1724//4651
f 1850//4652 1724//4652 1723//4652
f 1850//4653 1723//4653 1849//4653
f 1849//4654 1723//4654 1722//4654
f 1937//4655 2615//4655 2616//4655
f 1937//4656 2616//4656 2299//4656
f 2299//4657 2616//4657 2617//4657
f 2299//4658 2617//4658 2500//4658
f 2500//4659 2617//4659 2618//4659
f 2618//4660 2617//4660 2658//4660
f 2618//4661 2658//4661 2748//4661
f 2748//4662 2658//4662 2699//4662
f 2748//4663 2699//4663 2893//4663
f 2893//4664 2699//4664 2747//4664
f 2893//4665 2747//4665 3075//4665
f 3075//4666 2747//4666 2746//4666
f 3075//4667 2746//4667 3135//4667
f 3135//4668 2746//4668 2745//4668
f 3135//4669 2745//4669 3171//4669
f 3171//4670 2745//4670 2698//4670
f 2786//4671 3171//4671 2744//4671
f 2744//4672 3171//4672 1987//4672
f 2744//4673 1987//4673 2743//4673
f 2743//4674 1987//4674 1986//4674
f 2743//4675 1986//4675 2742//4675
f 2742//4676 1986//4676 1936//4676
f 2742//4677 1936//4677 1934//4677
f 1934//4678 1936//4678 1935//4678
f 1934//4679 1935//4679 1792//4679
f 1792//4680 1935//4680 1895//4680
f 1792//4681 1895//4681 1766//4681
f 1766//4682 1895//4682 1848//4682
f 1766//4683 1848//4683 1722//4683
f 1722//4684 1848//4684 1849//4684
f 1767//4685 1731//4685 1689//4685
f 1767//4686 1689//4686 1724//4686
f 1724//4687 1689//4687 1688//4687
f 1724//4688 1688//4688 1723//4688
f 1723//4689 1688//4689 1687//4689
f 1723//4690 1687//4690 1722//4690
f 1687//4691 1730//4691 1722//4691
f 1722//4692 1730//4692 1729//4692
f 1722//4693 1729//4693 1766//4693
f 1729//4694 1728//4694 1766//4694
f 1766//4695 1728//4695 1771//4695
f 1766//4696 1771//4696 1792//4696
f 1792//4697 1771//4697 1801//4697
f 1792//4698 1801//4698 1934//4698
f 1801//4699 1856//4699 1934//4699
f 1934//4700 1856//4700 1901//4700
f 1934//4701 1901//4701 2030//4701
f 1901//4702 1993//4702 2030//4702
f 2030//4703 1993//4703 2034//4703
f 2030//4704 2034//4704 2167//4704
f 2034//4705 2134//4705 2167//4705
f 2167//4706 2134//4706 2170//4706
f 2167//4707 2170//4707 2298//4707
f 2170//4708 2249//4708 2298//4708
f 2298//4709 2249//4709 2300//4709
f 2298//4710 2300//4710 2499//4710
f 2300//4711 2466//4711 2499//4711
f 2499//4712 2466//4712 2501//4712
f 2499//4713 2501//4713 2614//4713
f 2614//4714 2501//4714 2566//4714
f 2566//4715 2619//4715 2614//4715
f 2614//4716 2619//4716 2749//4716
f 2614//4717 2749//4717 2740//4717
f 2740//4718 2749//4718 2787//4718
f 2740//4719 2787//4719 2889//4719
f 2787//4720 2894//4720 2889//4720
f 2889//4721 2894//4721 3036//4721
f 2889//4722 3036//4722 3074//4722
f 3074//4723 3036//4723 3076//4723
f 3074//4724 3076//4724 3134//4724
f 3076//4725 3110//4725 3134//4725
f 3134//4726 3110//4726 3136//4726
f 3134//4727 3136//4727 3170//4727
f 3170//4728 3136//4728 3173//4728
f 3170//4729 3173//4729 3233//4729
f 3170//4730 3233//4730 3320//4730
f 3170//4731 3320//4731 3231//4731
f 3231//4732 3320//4732 3321//4732
f 3231//4733 3321//4733 3319//4733
f 3319//4734 3321//4734 3322//4734
f 3319//4735 3322//4735 3232//4735
f 3322//4736 3323//4736 3232//4736
f 3232//4737 3323//4737 3324//4737
f 3232//4738 3324//4738 3171//4738
f 3324//4739 3234//4739 3171//4739
f 3171//4740 3234//4740 3174//4740
f 3171//4741 3174//4741 3135//4741
f 3135//4742 3174//4742 3137//4742
f 3135//4743 3137//4743 3075//4743
f 3137//4744 3111//4744 3075//4744
f 3075//4745 3111//4745 3077//4745
f 3075//4746 3077//4746 2893//4746
f 3077//4747 2972//4747 2893//4747
f 2893//4748 2972//4748 2895//4748
f 2893//4749 2895//4749 2748//4749
f 2895//4750 2788//4750 2748//4750
f 2748//4751 2788//4751 2750//4751
f 2748//4752 2750//4752 2618//4752
f 2750//4753 2700//4753 2618//4753
f 2618//4754 2700//4754 2620//4754
f 2618//4755 2620//4755 2500//4755
f 2620//4756 2536//4756 2500//4756
f 2500//4757 2536//4757 2502//4757
f 2500//4758 2502//4758 2299//4758
f 2299//4759 2502//4759 2355//4759
f 2355//4760 2301//4760 2299//4760
f 2299//4761 2301//4761 2171//4761
f 2299//4762 2171//4762 2168//4762
f 2168//4763 2171//4763 2135//4763
f 2168//4764 2135//4764 2031//4764
f 2135//4765 2035//4765 2031//4765
f 2031//4766 2035//4766 1994//4766
f 2031//4767 1994//4767 1938//4767
f 1938//4768 1994//4768 1902//4768
f 1938//4769 1902//4769 1793//4769
f 1902//4770 1857//4770 1793//4770
f 1793//4771 1857//4771 1802//4771
f 1793//4772 1802//4772 1767//4772
f 1767//4773 1802//4773 1772//4773
f 1767//4774 1772//4774 1731//4774
f 1772//4775 1802//4775 1857//4775
f 1857//4776 1902//4776 1994//4776
f 1994//4777 2035//4777 2135//4777
f 2171//4778 2301//4778 2355//4778
f 2536//4779 2355//4779 2502//4779
f 2536//4780 2620//4780 2700//4780
f 2700//4781 2750//4781 2788//4781
f 2972//4782 2788//4782 2895//4782
f 3137//4783 3174//4783 3111//4783
f 2972//4784 3077//4784 3111//4784
f 3174//4785 3234//4785 3324//4785
f 3324//4786 3323//4786 3322//4786
f 3322//4787 3321//4787 3320//4787
f 3173//4788 3136//4788 3110//4788
f 3110//4789 3076//4789 3036//4789
f 3036//4790 2894//4790 2787//4790
f 2749//4791 2619//4791 2566//4791
f 2466//4792 2566//4792 2501//4792
f 2466//4793 2300//4793 2249//4793
f 2249//4794 2170//4794 2134//4794
f 1993//4795 2134//4795 2034//4795
f 1801//4796 1771//4796 1856//4796
f 1993//4797 1901//4797 1856//4797
f 1771//4798 1728//4798 1729//4798
f 1729//4799 1730//4799 1687//4799
f 1687//4800 1688//4800 1689//4800
f 3400//4801 3393//4801 3386//4801
f 3377//4802 3386//4802 3393//4802
f 3386//4803 3496//4803 3400//4803
f 3400//4804 3496//4804 3501//4804
f 3489//4805 3377//4805 3488//4805
f 3489//4806 3488//4806 3496//4806
f 3496//4807 3488//4807 3495//4807
f 3495//4808 3501//4808 3496//4808
f 3489//4809 3496//4809 3386//4809
f 3489//4810 3386//4810 3377//4810
f 3311//4811 3274//4811 3196//4811
f 2871//4812 2878//4812 2962//4812
f 3014//4813 2871//4813 2962//4813
f 3014//4814 2962//4814 3066//4814
f 3066//4815 2962//4815 3026//4815
f 3066//4816 3026//4816 3100//4816
f 3100//4817 3026//4817 3311//4817
f 3100//4818 3311//4818 3127//4818
f 2928//4819 2855//4819 2938//4819
f 2938//4820 2855//4820 2871//4820
f 2938//4821 2871//4821 2942//4821
f 2942//4822 2871//4822 3014//4822
f 3311//4823 3161//4823 3164//4823
f 3311//4824 3164//4824 3127//4824
f 3196//4825 3208//4825 3311//4825
f 3311//4826 3208//4826 3211//4826
f 3311//4827 3211//4827 3161//4827
f 2961//4828 3026//4828 2962//4828
f 2961//4829 2962//4829 2878//4829
f 2961//4830 2878//4830 2877//4830
f 2877//4831 2878//4831 2871//4831
f 2877//4832 2871//4832 2870//4832
f 2871//4833 2855//4833 2870//4833
f 2870//4834 2855//4834 2854//4834
f 3311//4835 3310//4835 3274//4835
f 3274//4836 3310//4836 3273//4836
f 3311//4837 3026//4837 3310//4837
f 3310//4838 3026//4838 2961//4838
f 2938//4839 2939//4839 2928//4839
f 2928//4840 2939//4840 2929//4840
f 3211//4841 3162//4841 3161//4841
f 3161//4842 3162//4842 3165//4842
f 3161//4843 3165//4843 3164//4843
f 3164//4844 3165//4844 3128//4844
f 3164//4845 3128//4845 3127//4845
f 3127//4846 3128//4846 3100//4846
f 3066//4847 3015//4847 3014//4847
f 3014//4848 3015//4848 2943//4848
f 3014//4849 2943//4849 2942//4849
f 2942//4850 2943//4850 2939//4850
f 2942//4851 2939//4851 2938//4851
f 3310//4852 2961//4852 3065//4852
f 2961//4853 3013//4853 3023//4853
f 2961//4854 3023//4854 3065//4854
f 2870//4855 2854//4855 2927//4855
f 3065//4856 3099//4856 3310//4856
f 3310//4857 3099//4857 3126//4857
f 3310//4858 3126//4858 3160//4858
f 2927//4859 2937//4859 2870//4859
f 2870//4860 2937//4860 2941//4860
f 2870//4861 2941//4861 3013//4861
f 2870//4862 3013//4862 2877//4862
f 2877//4863 3013//4863 2961//4863
f 3195//4864 3273//4864 3207//4864
f 3207//4865 3273//4865 3310//4865
f 3207//4866 3310//4866 3157//4866
f 3157//4867 3310//4867 3160//4867
f 3312//4868 3311//4868 3410//4868
f 3311//4869 3027//4869 3100//4869
f 2963//4870 3015//4870 3027//4870
f 3027//4871 3015//4871 3066//4871
f 3027//4872 3066//4872 3100//4872
f 2871//4873 2855//4873 2929//4873
f 3100//4874 3128//4874 3311//4874
f 3311//4875 3128//4875 3165//4875
f 3311//4876 3165//4876 3162//4876
f 2929//4877 2939//4877 2871//4877
f 2871//4878 2939//4878 2943//4878
f 2871//4879 2943//4879 3015//4879
f 2871//4880 3015//4880 2878//4880
f 2878//4881 3015//4881 2963//4881
f 3196//4882 3274//4882 3208//4882
f 3208//4883 3274//4883 3311//4883
f 3211//4884 3311//4884 3162//4884
f 3206//4885 3207//4885 3157//4885
f 3206//4886 3157//4886 3156//4886
f 3156//4887 3157//4887 3160//4887
f 3156//4888 3160//4888 3159//4888
f 3159//4889 3160//4889 3126//4889
f 3099//4890 3065//4890 3064//4890
f 3064//4891 3065//4891 3023//4891
f 3064//4892 3023//4892 3022//4892
f 3022//4893 3023//4893 3013//4893
f 3022//4894 3013//4894 2947//4894
f 2947//4895 3013//4895 2941//4895
f 3207//4896 3206//4896 3195//4896
f 3195//4897 3206//4897 3194//4897
f 3312//4898 3028//4898 3311//4898
f 3311//4899 3028//4899 3027//4899
f 3027//4900 3028//4900 2964//4900
f 3027//4901 2964//4901 2963//4901
f 2963//4902 2964//4902 2953//4902
f 2963//4903 2953//4903 2878//4903
f 2878//4904 2953//4904 2872//4904
f 2878//4905 2872//4905 2871//4905
f 2872//4906 2856//4906 2871//4906
f 2871//4907 2856//4907 2855//4907
f 3410//4908 3311//4908 3359//4908
f 3359//4909 3311//4909 3274//4909
f 3310//4910 3273//4910 3194//4910
f 2869//4911 2877//4911 2884//4911
f 2947//4912 2869//4912 2884//4912
f 2947//4913 2884//4913 3022//4913
f 3022//4914 2884//4914 2961//4914
f 3022//4915 2961//4915 3064//4915
f 3064//4916 2961//4916 3227//4916
f 3064//4917 3227//4917 3099//4917
f 2927//4918 2853//4918 2937//4918
f 2937//4919 2853//4919 2869//4919
f 2937//4920 2869//4920 2941//4920
f 2941//4921 2869//4921 2947//4921
f 3310//4922 3159//4922 3227//4922
f 3227//4923 3159//4923 3126//4923
f 3227//4924 3126//4924 3099//4924
f 3194//4925 3206//4925 3310//4925
f 3310//4926 3206//4926 3156//4926
f 3310//4927 3156//4927 3159//4927
f 3227//4928 3226//4928 3310//4928
f 3410//4929 3359//4929 3197//4929
f 2872//4930 2953//4930 2964//4930
f 3016//4931 2872//4931 2964//4931
f 3016//4932 2964//4932 3067//4932
f 3067//4933 2964//4933 3028//4933
f 3067//4934 3028//4934 3101//4934
f 3101//4935 3028//4935 3312//4935
f 3101//4936 3312//4936 3129//4936
f 3002//4937 2856//4937 3008//4937
f 3008//4938 2856//4938 2872//4938
f 3008//4939 2872//4939 3011//4939
f 3011//4940 2872//4940 3016//4940
f 3312//4941 3213//4941 3166//4941
f 3312//4942 3166//4942 3129//4942
f 3197//4943 3209//4943 3410//4943
f 3410//4944 3209//4944 3212//4944
f 3410//4945 3212//4945 3213//4945
f 3410//4946 3213//4946 3312//4946
f 2960//4947 2961//4947 2884//4947
f 2960//4948 2884//4948 2883//4948
f 2883//4949 2884//4949 2877//4949
f 2883//4950 2877//4950 2876//4950
f 2876//4951 2877//4951 2869//4951
f 2876//4952 2869//4952 2816//4952
f 2869//4953 2853//4953 2816//4953
f 2816//4954 2853//4954 2809//4954
f 3310//4955 3226//4955 3273//4955
f 3273//4956 3226//4956 3193//4956
f 3227//4957 2961//4957 3226//4957
f 3226//4958 2961//4958 2960//4958
f 3209//4959 3210//4959 3212//4959
f 3166//4960 3130//4960 3129//4960
f 3129//4961 3130//4961 3102//4961
f 3129//4962 3102//4962 3101//4962
f 3101//4963 3102//4963 3067//4963
f 3210//4964 3209//4964 3198//4964
f 3198//4965 3209//4965 3197//4965
f 3226//4966 2960//4966 3063//4966
f 2883//4967 2946//4967 2960//4967
f 2960//4968 2946//4968 3021//4968
f 2960//4969 3021//4969 3063//4969
f 2816//4970 2809//4970 2852//4970
f 3063//4971 3098//4971 3226//4971
f 3226//4972 3098//4972 3125//4972
f 3226//4973 3125//4973 3158//4973
f 2852//4974 2865//4974 2816//4974
f 2816//4975 2865//4975 2940//4975
f 2816//4976 2940//4976 2946//4976
f 2816//4977 2946//4977 2876//4977
f 2876//4978 2946//4978 2883//4978
f 3144//4979 3193//4979 3152//4979
f 3152//4980 3193//4980 3226//4980
f 3152//4981 3226//4981 3155//4981
f 3155//4982 3226//4982 3158//4982
f 3412//4983 3313//4983 3411//4983
f 3313//4984 3028//4984 3102//4984
f 2965//4985 3016//4985 3028//4985
f 3028//4986 3016//4986 3067//4986
f 3028//4987 3067//4987 3102//4987
f 2873//4988 2857//4988 3002//4988
f 3102//4989 3130//4989 3313//4989
f 3313//4990 3130//4990 3166//4990
f 3313//4991 3166//4991 3213//4991
f 3002//4992 3008//4992 2873//4992
f 2873//4993 3008//4993 3011//4993
f 2873//4994 3011//4994 3016//4994
f 2873//4995 3016//4995 2954//4995
f 2954//4996 3016//4996 2965//4996
f 3198//4997 3360//4997 3210//4997
f 3210//4998 3360//4998 3411//4998
f 3210//4999 3411//4999 3212//4999
f 3212//5000 3411//5000 3213//5000
f 3411//5001 3313//5001 3213//5001
f 2864//5002 2865//5002 2851//5002
f 2851//5003 2865//5003 2852//5003
f 3155//5004 3158//5004 3123//5004
f 3123//5005 3158//5005 3125//5005
f 3125//5006 3098//5006 3097//5006
f 3097//5007 3098//5007 3063//5007
f 3097//5008 3063//5008 3062//5008
f 3062//5009 3063//5009 3021//5009
f 2946//5010 2940//5010 2868//5010
f 2868//5011 2940//5011 2865//5011
f 2868//5012 2865//5012 2864//5012
f 3412//5013 3029//5013 3313//5013
f 3313//5014 3029//5014 3028//5014
f 3028//5015 3029//5015 3030//5015
f 3028//5016 3030//5016 2965//5016
f 2965//5017 3030//5017 2955//5017
f 2965//5018 2955//5018 2954//5018
f 2954//5019 2955//5019 2948//5019
f 2954//5020 2948//5020 2873//5020
f 2948//5021 2930//5021 2873//5021
f 2873//5022 2930//5022 2857//5022
f 3412//5023 3411//5023 3361//5023
f 3361//5024 3411//5024 3360//5024
f 3225//5025 3192//5025 3144//5025
f 2815//5026 2818//5026 2882//5026
f 2946//5027 2815//5027 2882//5027
f 2946//5028 2882//5028 3021//5028
f 3021//5029 2882//5029 2959//5029
f 3021//5030 2959//5030 3062//5030
f 3062//5031 2959//5031 3225//5031
f 3062//5032 3225//5032 3097//5032
f 2851//5033 2808//5033 2864//5033
f 2864//5034 2808//5034 2815//5034
f 2864//5035 2815//5035 2868//5035
f 2868//5036 2815//5036 2946//5036
f 3225//5037 3123//5037 3125//5037
f 3225//5038 3125//5038 3097//5038
f 3144//5039 3152//5039 3225//5039
f 3225//5040 3152//5040 3155//5040
f 3225//5041 3155//5041 3123//5041
f 3412//5042 3361//5042 3275//5042
f 2948//5043 2955//5043 3030//5043
f 3058//5044 2948//5044 3030//5044
f 3058//5045 3030//5045 3103//5045
f 3103//5046 3030//5046 3029//5046
f 3103//5047 3029//5047 3131//5047
f 3131//5048 3029//5048 3412//5048
f 3131//5049 3412//5049 3167//5049
f 3003//5050 2930//5050 3009//5050
f 3009//5051 2930//5051 2948//5051
f 3009//5052 2948//5052 3012//5052
f 3012//5053 2948//5053 3058//5053
f 3412//5054 3214//5054 3218//5054
f 3412//5055 3218//5055 3167//5055
f 3275//5056 3286//5056 3412//5056
f 3412//5057 3286//5057 3292//5057
f 3412//5058 3292//5058 3214//5058
f 2881//5059 2959//5059 2882//5059
f 2881//5060 2882//5060 2818//5060
f 2881//5061 2818//5061 2817//5061
f 2817//5062 2818//5062 2815//5062
f 2817//5063 2815//5063 2814//5063
f 2815//5064 2808//5064 2814//5064
f 2814//5065 2808//5065 2807//5065
f 3225//5066 3224//5066 3192//5066
f 3192//5067 3224//5067 3191//5067
f 3225//5068 2959//5068 3224//5068
f 3224//5069 2959//5069 2881//5069
f 3069//5070 3070//5070 3031//5070
f 3069//5071 3031//5071 3030//5071
f 3030//5072 3031//5072 3024//5072
f 3030//5073 3024//5073 2955//5073
f 2955//5074 3024//5074 3017//5074
f 2955//5075 3017//5075 2948//5075
f 2948//5076 3017//5076 2949//5076
f 3286//5077 3287//5077 3293//5077
f 3286//5078 3293//5078 3292//5078
f 3292//5079 3293//5079 3215//5079
f 3292//5080 3215//5080 3214//5080
f 3214//5081 3215//5081 3219//5081
f 3214//5082 3219//5082 3218//5082
f 3218//5083 3219//5083 3167//5083
f 3131//5084 3104//5084 3103//5084
f 3103//5085 3104//5085 3059//5085
f 3103//5086 3059//5086 3058//5086
f 3058//5087 3059//5087 3012//5087
f 3287//5088 3286//5088 3276//5088
f 3276//5089 3286//5089 3275//5089
f 3070//5090 3069//5090 3413//5090
f 3413//5091 3069//5091 3412//5091
f 2949//5092 2931//5092 2948//5092
f 2948//5093 2931//5093 2930//5093
f 3224//5094 2881//5094 3061//5094
f 2881//5095 2945//5095 3020//5095
f 2881//5096 3020//5096 3061//5096
f 2814//5097 2807//5097 2850//5097
f 3061//5098 3096//5098 3224//5098
f 3224//5099 3096//5099 3124//5099
f 3224//5100 3124//5100 3122//5100
f 2850//5101 2863//5101 2814//5101
f 2814//5102 2863//5102 2867//5102
f 2814//5103 2867//5103 2945//5103
f 2814//5104 2945//5104 2817//5104
f 2817//5105 2945//5105 2881//5105
f 3143//5106 3191//5106 3151//5106
f 3151//5107 3191//5107 3224//5107
f 3151//5108 3224//5108 3154//5108
f 3154//5109 3224//5109 3122//5109
f 3509//5110 3510//5110 3520//5110
f 3509//5111 3520//5111 3519//5111
f 3519//5112 3520//5112 3595//5112
f 3509//5113 3407//5113 3510//5113
f 3510//5114 3407//5114 3408//5114
f 3408//5115 3520//5115 3510//5115
f 3408//5116 3418//5116 3520//5116
f 2858//5117 2874//5117 2772//5117
f 2772//5118 2874//5118 2778//5118
f 4388//5119 4290//5119 4389//5119
f 4610//5120 4609//5120 4621//5120
f 4621//5121 4609//5121 4620//5121
f 4621//5122 4620//5122 4631//5122
f 4631//5123 4620//5123 4486//5123
f 4388//5124 4492//5124 4486//5124
f 4388//5125 4389//5125 4492//5125
f 4492//5126 4389//5126 4493//5126
f 4621//5127 4632//5127 4727//5127
f 4621//5128 4727//5128 4726//5128
f 4609//5129 4464//5129 4620//5129
f 4620//5130 4464//5130 4472//5130
f 4620//5131 4472//5131 4485//5131
f 4620//5132 4485//5132 4486//5132
f 4486//5133 4492//5133 4632//5133
f 4486//5134 4632//5134 4631//5134
f 4631//5135 4632//5135 4621//5135
f 4621//5136 4726//5136 4610//5136
f 4610//5137 4726//5137 4727//5137
f 4610//5138 4727//5138 4720//5138
f 3652//5139 3581//5139 3580//5139
f 3652//5140 3580//5140 3651//5140
f 3708//5141 3709//5141 3645//5141
f 3645//5142 3709//5142 3651//5142
f 3645//5143 3651//5143 3580//5143
f 3581//5144 3501//5144 3495//5144
f 3581//5145 3495//5145 3580//5145
f 3580//5146 3495//5146 3571//5146
f 3512//5147 3409//5147 3511//5147
f 3511//5148 3409//5148 3501//5148
f 3501//5149 3409//5149 3401//5149
f 3501//5150 3401//5150 3400//5150
f 3588//5151 3501//5151 3581//5151
f 3511//5152 3501//5152 3588//5152
f 3652//5153 3588//5153 3581//5153
f 3511//5154 3588//5154 3512//5154
f 4365//5155 4358//5155 4357//5155
f 4356//5156 4261//5156 4363//5156
f 4363//5157 4261//5157 4265//5157
f 4363//5158 4265//5158 4272//5158
f 4272//5159 4265//5159 4271//5159
f 4271//5160 4189//5160 4272//5160
f 4363//5161 4272//5161 4364//5161
f 4363//5162 4364//5162 4356//5162
f 4273//5163 4190//5163 4191//5163
f 4191//5164 4190//5164 4095//5164
f 4357//5165 4356//5165 4365//5165
f 4365//5166 4356//5166 4364//5166
f 4365//5167 4364//5167 4273//5167
f 4273//5168 4364//5168 4272//5168
f 4273//5169 4272//5169 4190//5169
f 4190//5170 4272//5170 4189//5170
f 4095//5171 4190//5171 4094//5171
f 3072//5172 2820//5172 3031//5172
f 3031//5173 2820//5173 2782//5173
f 3031//5174 2782//5174 2966//5174
f 2966//5175 2782//5175 2780//5175
f 2966//5176 2780//5176 2879//5176
f 2879//5177 2780//5177 2778//5177
f 2879//5178 2778//5178 2874//5178
f 3108//5179 2970//5179 3072//5179
f 3072//5180 2970//5180 2885//5180
f 3072//5181 2885//5181 2820//5181
f 4193//5182 4194//5182 4287//5182
f 4485//5183 4368//5183 4374//5183
f 4374//5184 4368//5184 4367//5184
f 4191//5185 4095//5185 4096//5185
f 4290//5186 4388//5186 4289//5186
f 4096//5187 4192//5187 4191//5187
f 4191//5188 4192//5188 4273//5188
f 4273//5189 4192//5189 4274//5189
f 4358//5190 4365//5190 4366//5190
f 4358//5191 4366//5191 4359//5191
f 4359//5192 4366//5192 4367//5192
f 4359//5193 4367//5193 4471//5193
f 4359//5194 4471//5194 4360//5194
f 4360//5195 4471//5195 4472//5195
f 4360//5196 4472//5196 4464//5196
f 4290//5197 4289//5197 4196//5197
f 4196//5198 4195//5198 4194//5198
f 4196//5199 4194//5199 4098//5199
f 4194//5200 4288//5200 4287//5200
f 4287//5201 4288//5201 4276//5201
f 4276//5202 4288//5202 4375//5202
f 4276//5203 4375//5203 4374//5203
f 4288//5204 4289//5204 4387//5204
f 4288//5205 4387//5205 4375//5205
f 4367//5206 4366//5206 4374//5206
f 4374//5207 4366//5207 4274//5207
f 4374//5208 4274//5208 4276//5208
f 4276//5209 4274//5209 4275//5209
f 4276//5210 4275//5210 4287//5210
f 4287//5211 4275//5211 4193//5211
f 4374//5212 4375//5212 4485//5212
f 4485//5213 4375//5213 4486//5213
f 4486//5214 4375//5214 4387//5214
f 4486//5215 4387//5215 4388//5215
f 4388//5216 4387//5216 4289//5216
f 4289//5217 4288//5217 4196//5217
f 4196//5218 4288//5218 4195//5218
f 4195//5219 4288//5219 4194//5219
f 4194//5220 4193//5220 4098//5220
f 4098//5221 4193//5221 4097//5221
f 4095//5222 4097//5222 4096//5222
f 4096//5223 4097//5223 4192//5223
f 4192//5224 4097//5224 4193//5224
f 4192//5225 4193//5225 4274//5225
f 4274//5226 4193//5226 4275//5226
f 4274//5227 4275//5227 4273//5227
f 4273//5228 4274//5228 4365//5228
f 4365//5229 4274//5229 4366//5229
f 4367//5230 4368//5230 4471//5230
f 4471//5231 4368//5231 4485//5231
f 4471//5232 4485//5232 4472//5232
f 4635//5233 4634//5233 4646//5233
f 4721//5234 4731//5234 4722//5234
f 4722//5235 4731//5235 4732//5235
f 4635//5236 4646//5236 4647//5236
f 4647//5237 4646//5237 4502//5237
f 4647//5238 4502//5238 4503//5238
f 4503//5239 4502//5239 4501//5239
f 4503//5240 4501//5240 4394//5240
f 4394//5241 4501//5241 4393//5241
f 4392//5242 4393//5242 4500//5242
f 4500//5243 4393//5243 4501//5243
f 4500//5244 4501//5244 4645//5244
f 4645//5245 4501//5245 4502//5245
f 4645//5246 4502//5246 4646//5246
f 4645//5247 4646//5247 4738//5247
f 4738//5248 4646//5248 4634//5248
f 4795//5249 4731//5249 4721//5249
f 4795//5250 4721//5250 4790//5250
f 4498//5251 4392//5251 4499//5251
f 4499//5252 4392//5252 4500//5252
f 4499//5253 4500//5253 4644//5253
f 4644//5254 4500//5254 4645//5254
f 4644//5255 4645//5255 4737//5255
f 4737//5256 4645//5256 4738//5256
f 4737//5257 4738//5257 4794//5257
f 4740//5258 4732//5258 4739//5258
f 4739//5259 4732//5259 4731//5259
f 4739//5260 4731//5260 4730//5260
f 4730//5261 4731//5261 4795//5261
f 4730//5262 4795//5262 4794//5262
f 4794//5263 4795//5263 4790//5263
f 4794//5264 4790//5264 4789//5264
f 4497//5265 4498//5265 4499//5265
f 4497//5266 4499//5266 4643//5266
f 4643//5267 4499//5267 4644//5267
f 4643//5268 4644//5268 4741//5268
f 4741//5269 4644//5269 4736//5269
f 4736//5270 4644//5270 4737//5270
f 4736//5271 4737//5271 4793//5271
f 4793//5272 4737//5272 4794//5272
f 4496//5273 4497//5273 4642//5273
f 4642//5274 4497//5274 4643//5274
f 4642//5275 4643//5275 4741//5275
f 4642//5276 4741//5276 4735//5276
f 4735//5277 4741//5277 4736//5277
f 4735//5278 4736//5278 4792//5278
f 4792//5279 4736//5279 4793//5279
f 4391//5280 4496//5280 4495//5280
f 4495//5281 4496//5281 4641//5281
f 4641//5282 4496//5282 4642//5282
f 4641//5283 4642//5283 4640//5283
f 4640//5284 4642//5284 4734//5284
f 4734//5285 4642//5285 4735//5285
f 4734//5286 4735//5286 4729//5286
f 4729//5287 4735//5287 4792//5287
f 4729//5288 4792//5288 4791//5288
f 4390//5289 4391//5289 4494//5289
f 4494//5290 4391//5290 4495//5290
f 4494//5291 4495//5291 4641//5291
f 4494//5292 4641//5292 4639//5292
f 4639//5293 4641//5293 4640//5293
f 4639//5294 4640//5294 4633//5294
f 4633//5295 4640//5295 4734//5295
f 4633//5296 4734//5296 4733//5296
f 4733//5297 4734//5297 4728//5297
f 4728//5298 4734//5298 4729//5298
f 4728//5299 4729//5299 4791//5299
f 4728//5300 4791//5300 4788//5300
f 4788//5301 4791//5301 4792//5301
f 4788//5302 4792//5302 4789//5302
f 4789//5303 4792//5303 4793//5303
f 4789//5304 4793//5304 4794//5304
f 4730//5305 4794//5305 4738//5305
f 4730//5306 4738//5306 4739//5306
f 4739//5307 4738//5307 4634//5307
f 4739//5308 4634//5308 4740//5308
f 4740//5309 4634//5309 4635//5309
f 4389//5310 4390//5310 4494//5310
f 4389//5311 4494//5311 4493//5311
f 4493//5312 4494//5312 4492//5312
f 4492//5313 4494//5313 4639//5313
f 4492//5314 4639//5314 4632//5314
f 4632//5315 4639//5315 4633//5315
f 4632//5316 4633//5316 4733//5316
f 4632//5317 4733//5317 4727//5317
f 4727//5318 4733//5318 4728//5318
f 4727//5319 4728//5319 4720//5319
f 4720//5320 4728//5320 4788//5320
f 3711//5321 3710//5321 3656//5321
f 3656//5322 3710//5322 3655//5322
f 3657//5323 3656//5323 3587//5323
f 3587//5324 3656//5324 3594//5324
f 3587//5325 3594//5325 3508//5325
f 3508//5326 3594//5326 3507//5326
f 3508//5327 3507//5327 3500//5327
f 3508//5328 3500//5328 3392//5328
f 3392//5329 3500//5329 3398//5329
f 3392//5330 3398//5330 3391//5330
f 3392//5331 3391//5331 3385//5331
f 3385//5332 3391//5332 3384//5332
f 3712//5333 3711//5333 3657//5333
f 3657//5334 3711//5334 3656//5334
f 3656//5335 3655//5335 3594//5335
f 3594//5336 3655//5336 3586//5336
f 3594//5337 3586//5337 3507//5337
f 3507//5338 3586//5338 3506//5338
f 3507//5339 3506//5339 3500//5339
f 3500//5340 3506//5340 3398//5340
f 3398//5341 3506//5341 3390//5341
f 3398//5342 3390//5342 3391//5342
f 3391//5343 3390//5343 3384//5343
f 3384//5344 3390//5344 3383//5344
f 3017//5345 3024//5345 3031//5345
f 3004//5346 2931//5346 3010//5346
f 3010//5347 2931//5347 2949//5347
f 3060//5348 3056//5348 2949//5348
f 2949//5349 3056//5349 3010//5349
f 3513//5350 3457//5350 3379//5350
f 3379//5351 3457//5351 3362//5351
f 2949//5352 3017//5352 3060//5352
f 3060//5353 3017//5353 3031//5353
f 3060//5354 3031//5354 3105//5354
f 3105//5355 3031//5355 3070//5355
f 3105//5356 3070//5356 3132//5356
f 3132//5357 3070//5357 3413//5357
f 3513//5358 3220//5358 3413//5358
f 3413//5359 3220//5359 3168//5359
f 3413//5360 3168//5360 3132//5360
f 3379//5361 3388//5361 3513//5361
f 3513//5362 3388//5362 3298//5362
f 3513//5363 3298//5363 3220//5363
f 3412//5364 3069//5364 3131//5364
f 3030//5365 3059//5365 3069//5365
f 3069//5366 3059//5366 3104//5366
f 3069//5367 3104//5367 3131//5367
f 2948//5368 2930//5368 3003//5368
f 3412//5369 3167//5369 3219//5369
f 3412//5370 3219//5370 3215//5370
f 3003//5371 3009//5371 2948//5371
f 2948//5372 3012//5372 3059//5372
f 2948//5373 3059//5373 2955//5373
f 2955//5374 3059//5374 3030//5374
f 3276//5375 3361//5375 3287//5375
f 3287//5376 3361//5376 3412//5376
f 3287//5377 3412//5377 3293//5377
f 3293//5378 3412//5378 3215//5378
f 3413//5379 3412//5379 3513//5379
f 3305//5380 3296//5380 3297//5380
f 3297//5381 3296//5381 3290//5381
f 3297//5382 3290//5382 3291//5382
f 3408//5383 3399//5383 3305//5383
f 3418//5384 3408//5384 2958//5384
f 2958//5385 2969//5385 3418//5385
f 3418//5386 2969//5386 3520//5386
f 3520//5387 2969//5387 3595//5387
f 2969//5388 2970//5388 3595//5388
f 3595//5389 2970//5389 3658//5389
f 2777//5390 2778//5390 2780//5390
f 2782//5391 2820//5391 2819//5391
f 2885//5392 2881//5392 2819//5392
f 2779//5393 2819//5393 2817//5393
f 2969//5394 2958//5394 2885//5394
f 2885//5395 2958//5395 2880//5395
f 2885//5396 2880//5396 2881//5396
f 2780//5397 2782//5397 2781//5397
f 2781//5398 2782//5398 2819//5398
f 2820//5399 2885//5399 2821//5399
f 2820//5400 2821//5400 2819//5400
f 2779//5401 2777//5401 2780//5401
f 2779//5402 2780//5402 2781//5402
f 2819//5403 2821//5403 2885//5403
f 2779//5404 2781//5404 2819//5404
f 2969//5405 2885//5405 2970//5405
f 2772//5406 2778//5406 2771//5406
f 2778//5407 2777//5407 2771//5407
f 2808//5408 2851//5408 2852//5408
f 2772//5409 2809//5409 2853//5409
f 2856//5410 3002//5410 2857//5410
f 2771//5411 2850//5411 2807//5411
f 2853//5412 2927//5412 2854//5412
f 2853//5413 2854//5413 2772//5413
f 2772//5414 2854//5414 2855//5414
f 2852//5415 2809//5415 2808//5415
f 2808//5416 2809//5416 2772//5416
f 2808//5417 2772//5417 2807//5417
f 2928//5418 2929//5418 2855//5418
f 2772//5419 2855//5419 2856//5419
f 2772//5420 2856//5420 2858//5420
f 2858//5421 2856//5421 2857//5421
f 3004//5422 3048//5422 2931//5422
f 2931//5423 3048//5423 2932//5423
f 2771//5424 2807//5424 2772//5424
f 2857//5425 2930//5425 2858//5425
f 2858//5426 2930//5426 2859//5426
f 2859//5427 2930//5427 2931//5427
f 2859//5428 2931//5428 2932//5428
f 3150//5429 3151//5429 3154//5429
f 3150//5430 3154//5430 3153//5430
f 3153//5431 3154//5431 3122//5431
f 3153//5432 3122//5432 3121//5432
f 3121//5433 3122//5433 3124//5433
f 3121//5434 3124//5434 3095//5434
f 3095//5435 3124//5435 3096//5435
f 3095//5436 3096//5436 3061//5436
f 3019//5437 3061//5437 3020//5437
f 3019//5438 3020//5438 2952//5438
f 2952//5439 3020//5439 2945//5439
f 2952//5440 2945//5440 2944//5440
f 2944//5441 2945//5441 2867//5441
f 2944//5442 2867//5442 2866//5442
f 2866//5443 2867//5443 2863//5443
f 3151//5444 3150//5444 3143//5444
f 3143//5445 3150//5445 3142//5445
f 3290//5446 3271//5446 3272//5446
f 3290//5447 3272//5447 3291//5447
f 3595//5448 3658//5448 3712//5448
f 3657//5449 3595//5449 3712//5449
f 3408//5450 3407//5450 3508//5450
f 3508//5451 3407//5451 3509//5451
f 3508//5452 3509//5452 3587//5452
f 3587//5453 3509//5453 3519//5453
f 3587//5454 3519//5454 3657//5454
f 3657//5455 3519//5455 3595//5455
f 3408//5456 3508//5456 3399//5456
f 3399//5457 3508//5457 3392//5457
f 3399//5458 3392//5458 3305//5458
f 3305//5459 3392//5459 3296//5459
f 3392//5460 3385//5460 3296//5460
f 3296//5461 3385//5461 3290//5461
f 3356//5462 3385//5462 3384//5462
f 3356//5463 3384//5463 3355//5463
f 3355//5464 3384//5464 3383//5464
f 3355//5465 3383//5465 3354//5465
f 3409//5466 3589//5466 3401//5466
f 3401//5467 3589//5467 3582//5467
f 3393//5468 3400//5468 3401//5468
f 3401//5469 3394//5469 3393//5469
f 3372//5470 3377//5470 3387//5470
f 3393//5471 3394//5471 3377//5471
f 3387//5472 3377//5472 3394//5472
f 3372//5473 3387//5473 3378//5473
f 3378//5474 3358//5474 3357//5474
f 3378//5475 3357//5475 3372//5475
f 3380//5476 3379//5476 3363//5476
f 3363//5477 3379//5477 3362//5477
f 3379//5478 3380//5478 3389//5478
f 3379//5479 3389//5479 3388//5479
f 3388//5480 3389//5480 3299//5480
f 3388//5481 3299//5481 3298//5481
f 3298//5482 3299//5482 3306//5482
f 3298//5483 3306//5483 3220//5483
f 3220//5484 3306//5484 3221//5484
f 3220//5485 3221//5485 3168//5485
f 3168//5486 3221//5486 3133//5486
f 3168//5487 3133//5487 3132//5487
f 3132//5488 3133//5488 3106//5488
f 3132//5489 3106//5489 3105//5489
f 3105//5490 3106//5490 3094//5490
f 3105//5491 3094//5491 3060//5491
f 3060//5492 3094//5492 3057//5492
f 3060//5493 3057//5493 3056//5493
f 3056//5494 3057//5494 3055//5494
f 3056//5495 3055//5495 3010//5495
f 3010//5496 3055//5496 3004//5496
f 3004//5497 3055//5497 3048//5497
f 2875//5498 2874//5498 2859//5498
f 2859//5499 2874//5499 2858//5499
f 2875//5500 2859//5500 2950//5500
f 2950//5501 2859//5501 2932//5501
f 3073//5502 3071//5502 3072//5502
f 3072//5503 3071//5503 3108//5503
f 3108//5504 3071//5504 3107//5504
f 2950//5505 3025//5505 2956//5505
f 3073//5506 3032//5506 3071//5506
f 3031//5507 2966//5507 2967//5507
f 3073//5508 3072//5508 3032//5508
f 3025//5509 3032//5509 2967//5509
f 3025//5510 2967//5510 2956//5510
f 2875//5511 2950//5511 2956//5511
f 3072//5512 3034//5512 3032//5512
f 3032//5513 3034//5513 2966//5513
f 3032//5514 2966//5514 2967//5514
f 2874//5515 2875//5515 2879//5515
f 2879//5516 2875//5516 2956//5516
f 2879//5517 2956//5517 2966//5517
f 2966//5518 2956//5518 2967//5518
f 3031//5519 2966//5519 3034//5519
f 3031//5520 3034//5520 3072//5520
f 4395//5521 4394//5521 3108//5521
f 4395//5522 3108//5522 4386//5522
f 4386//5523 3108//5523 3107//5523
f 4504//5524 4395//5524 4386//5524
f 4395//5525 4503//5525 4394//5525
f 4722//5526 4732//5526 4626//5526
f 4626//5527 4732//5527 4635//5527
f 4504//5528 4386//5528 4487//5528
f 4504//5529 4487//5529 4635//5529
f 4503//5530 4395//5530 4504//5530
f 4503//5531 4504//5531 4647//5531
f 4647//5532 4504//5532 4635//5532
f 4740//5533 4635//5533 4732//5533
f 4722//5534 4707//5534 4706//5534
f 4722//5535 4706//5535 4721//5535
f 4721//5536 4706//5536 4778//5536
f 4721//5537 4778//5537 4790//5537
f 4790//5538 4778//5538 4775//5538
f 4790//5539 4775//5539 4789//5539
f 4789//5540 4775//5540 4773//5540
f 4789//5541 4773//5541 4788//5541
f 4788//5542 4773//5542 4704//5542
f 4788//5543 4704//5543 4720//5543
f 4434//5544 4464//5544 4609//5544
f 4434//5545 4609//5545 4580//5545
f 4580//5546 4609//5546 4610//5546
f 4580//5547 4610//5547 4581//5547
f 4581//5548 4610//5548 4720//5548
f 4581//5549 4720//5549 4704//5549
f 4360//5550 4464//5550 4334//5550
f 4334//5551 4464//5551 4434//5551
f 4360//5552 4334//5552 4359//5552
f 4359//5553 4334//5553 4333//5553
f 4359//5554 4333//5554 4358//5554
f 4358//5555 4333//5555 4332//5555
f 4358//5556 4332//5556 4331//5556
f 4358//5557 4331//5557 4357//5557
f 4357//5558 4331//5558 4330//5558
f 4357//5559 4330//5559 4356//5559
f 4356//5560 4330//5560 4234//5560
f 4356//5561 4234//5561 4261//5561
f 3703//5562 3702//5562 3896//5562
f 3896//5563 3702//5563 3830//5563
f 3702//5564 3703//5564 3648//5564
f 3702//5565 3648//5565 3647//5565
f 3647//5566 3648//5566 3576//5566
f 3647//5567 3576//5567 3499//5567
f 3499//5568 3576//5568 3492//5568
f 3499//5569 3492//5569 3491//5569
f 3491//5570 3492//5570 3382//5570
f 3491//5571 3382//5571 3381//5571
f 3381//5572 3382//5572 3375//5572
f 3381//5573 3375//5573 3374//5573
f 3374//5574 3375//5574 3370//5574
f 3374//5575 3370//5575 3369//5575
f 3370//5576 3352//5576 3369//5576
f 3369//5577 3352//5577 3351//5577
f 3963//5578 3972//5578 3971//5578
f 3983//5579 3896//5579 3895//5579
f 3983//5580 3895//5580 3979//5580
f 3979//5581 3895//5581 3978//5581
f 3979//5582 3978//5582 4080//5582
f 4080//5583 3978//5583 4075//5583
f 4075//5584 3978//5584 3972//5584
f 4075//5585 3972//5585 3963//5585
f 4075//5586 3963//5586 4067//5586
f 3971//5587 3972//5587 3978//5587
f 3896//5588 3830//5588 3895//5588
f 3978//5589 3895//5589 3883//5589
f 3872//5590 3876//5590 3875//5590
f 3875//5591 3876//5591 3816//5591
f 3875//5592 3816//5592 3815//5592
f 3815//5593 3816//5593 3819//5593
f 3815//5594 3819//5594 3818//5594
f 3818//5595 3819//5595 3765//5595
f 3691//5596 3638//5596 3637//5596
f 3637//5597 3638//5597 3563//5597
f 3637//5598 3563//5598 3562//5598
f 3562//5599 3563//5599 3555//5599
f 3562//5600 3555//5600 3480//5600
f 3480//5601 3555//5601 3472//5601
f 3867//5602 4056//5602 4057//5602
f 3775//5603 3703//5603 3898//5603
f 3898//5604 3703//5604 3897//5604
f 3703//5605 3775//5605 3650//5605
f 3703//5606 3650//5606 3649//5606
f 3649//5607 3650//5607 3578//5607
f 3649//5608 3578//5608 3577//5608
f 3577//5609 3578//5609 3493//5609
f 3577//5610 3493//5610 3492//5610
f 3492//5611 3493//5611 3481//5611
f 3492//5612 3481//5612 3382//5612
f 3382//5613 3481//5613 3376//5613
f 3382//5614 3376//5614 3375//5614
f 3375//5615 3376//5615 3371//5615
f 3375//5616 3371//5616 3370//5616
f 3371//5617 3353//5617 3370//5617
f 3370//5618 3353//5618 3352//5618
f 3984//5619 3985//5619 3898//5619
f 4176//5620 4080//5620 4170//5620
f 4170//5621 4080//5621 4076//5621
f 4170//5622 4076//5622 4068//5622
f 4170//5623 4068//5623 4166//5623
f 4081//5624 4080//5624 4176//5624
f 3898//5625 3897//5625 3983//5625
f 3898//5626 3983//5626 3984//5626
f 3984//5627 3983//5627 4081//5627
f 4081//5628 3983//5628 3979//5628
f 4081//5629 3979//5629 4080//5629
f 3542//5630 3550//5630 3543//5630
f 3543//5631 3550//5631 3551//5631
f 3873//5632 3959//5632 3964//5632
f 3873//5633 3964//5633 3877//5633
f 3820//5634 3821//5634 3766//5634
f 3766//5635 3821//5635 3767//5635
f 3766//5636 3767//5636 3693//5636
f 3766//5637 3693//5637 3692//5637
f 3564//5638 3565//5638 3557//5638
f 3564//5639 3557//5639 3556//5639
f 3556//5640 3557//5640 3551//5640
f 3556//5641 3551//5641 3550//5641
f 3873//5642 3868//5642 3959//5642
f 3959//5643 3868//5643 3953//5643
f 4161//5644 3953//5644 3868//5644
f 3777//5645 3776//5645 3986//5645
f 3986//5646 3776//5646 3985//5646
f 3776//5647 3777//5647 3704//5647
f 3776//5648 3704//5648 3650//5648
f 3650//5649 3704//5649 3640//5649
f 3650//5650 3640//5650 3578//5650
f 3578//5651 3640//5651 3566//5651
f 3578//5652 3566//5652 3494//5652
f 3494//5653 3566//5653 3483//5653
f 3494//5654 3483//5654 3482//5654
f 3482//5655 3483//5655 3474//5655
f 3482//5656 3474//5656 3473//5656
f 3473//5657 3474//5657 3465//5657
f 3473//5658 3465//5658 3464//5658
f 3465//5659 3452//5659 3464//5659
f 3464//5660 3452//5660 3451//5660
f 4166//5661 4171//5661 4170//5661
f 4086//5662 4087//5662 3986//5662
f 4087//5663 4086//5663 4178//5663
f 4178//5664 4086//5664 4177//5664
f 4178//5665 4177//5665 4262//5665
f 4262//5666 4177//5666 4171//5666
f 4262//5667 4171//5667 4166//5667
f 4262//5668 4166//5668 4256//5668
f 4177//5669 4176//5669 4171//5669
f 4171//5670 4176//5670 4170//5670
f 3986//5671 3985//5671 4086//5671
f 4177//5672 4086//5672 4082//5672
f 3777//5673 3778//5673 3705//5673
f 3705//5674 3641//5674 3640//5674
f 3640//5675 3641//5675 3566//5675
f 3641//5676 3579//5676 3566//5676
f 3566//5677 3579//5677 3567//5677
f 3566//5678 3567//5678 3484//5678
f 3484//5679 3475//5679 3483//5679
f 3484//5680 3483//5680 3566//5680
f 3960//5681 3961//5681 3966//5681
f 3960//5682 3966//5682 3965//5682
f 3965//5683 3966//5683 3880//5683
f 3965//5684 3880//5684 3879//5684
f 3879//5685 3880//5685 3884//5685
f 3822//5686 3769//5686 3768//5686
f 3768//5687 3769//5687 3695//5687
f 3768//5688 3695//5688 3694//5688
f 3694//5689 3695//5689 3630//5689
f 3960//5690 3954//5690 3961//5690
f 3961//5691 3954//5691 3955//5691
f 3954//5692 4250//5692 3955//5692
f 3955//5693 4250//5693 4251//5693
f 3467//5694 3454//5694 3453//5694
f 3467//5695 3453//5695 3466//5695
f 4267//5696 4266//5696 4264//5696
f 4264//5697 4266//5697 4263//5697
f 4264//5698 4263//5698 4257//5698
f 4264//5699 4257//5699 4353//5699
f 4178//5700 4266//5700 4179//5700
f 4179//5701 4266//5701 4267//5701
f 4089//5702 4088//5702 4087//5702
f 4089//5703 4087//5703 4184//5703
f 4184//5704 4087//5704 4179//5704
f 4179//5705 4087//5705 4178//5705
f 3777//5706 4088//5706 3778//5706
f 3778//5707 4088//5707 4089//5707
f 3778//5708 4089//5708 3779//5708
f 3467//5709 3466//5709 3476//5709
f 3476//5710 3466//5710 3475//5710
f 3476//5711 3475//5711 3485//5711
f 3485//5712 3475//5712 3484//5712
f 3485//5713 3484//5713 3559//5713
f 3559//5714 3484//5714 3568//5714
f 3568//5715 3484//5715 3567//5715
f 3567//5716 3579//5716 3641//5716
f 3696//5717 3779//5717 3706//5717
f 3778//5718 3779//5718 3705//5718
f 3705//5719 3779//5719 3696//5719
f 3705//5720 3696//5720 3641//5720
f 3468//5721 3455//5721 3454//5721
f 3468//5722 3454//5722 3467//5722
f 3545//5723 3553//5723 3616//5723
f 3616//5724 3553//5724 3621//5724
f 3967//5725 3974//5725 3973//5725
f 3973//5726 3974//5726 3886//5726
f 3973//5727 3886//5727 3885//5727
f 3885//5728 3886//5728 3824//5728
f 3885//5729 3824//5729 3823//5729
f 3823//5730 3824//5730 3770//5730
f 3696//5731 3632//5731 3631//5731
f 3631//5732 3632//5732 3625//5732
f 3631//5733 3625//5733 3624//5733
f 3624//5734 3625//5734 3621//5734
f 3624//5735 3621//5735 3553//5735
f 4353//5736 4360//5736 4359//5736
f 4277//5737 4186//5737 4185//5737
f 4277//5738 4185//5738 4269//5738
f 4269//5739 4185//5739 4268//5739
f 4369//5740 4368//5740 4361//5740
f 4361//5741 4368//5741 4360//5741
f 4361//5742 4360//5742 4353//5742
f 4361//5743 4353//5743 4354//5743
f 4268//5744 4368//5744 4369//5744
f 4268//5745 4369//5745 4269//5745
f 4368//5746 4268//5746 4360//5746
f 4186//5747 4089//5747 4185//5747
f 3779//5748 4089//5748 3780//5748
f 3780//5749 4089//5749 4186//5749
f 3698//5750 3643//5750 3642//5750
f 3780//5751 3698//5751 3697//5751
f 3697//5752 3698//5752 3642//5752
f 3779//5753 3780//5753 3706//5753
f 3706//5754 3780//5754 3697//5754
f 3706//5755 3697//5755 3696//5755
f 3696//5756 3697//5756 3642//5756
f 3642//5757 3643//5757 3569//5757
f 3642//5758 3569//5758 3568//5758
f 3560//5759 3477//5759 3476//5759
f 3476//5760 3559//5760 3560//5760
f 3560//5761 3559//5761 3569//5761
f 3569//5762 3559//5762 3568//5762
f 3477//5763 3468//5763 3476//5763
f 3476//5764 3468//5764 3467//5764
f 3477//5765 3560//5765 3486//5765
f 3488//5766 3377//5766 3478//5766
f 3478//5767 3377//5767 3372//5767
f 3478//5768 3372//5768 3469//5768
f 3488//5769 3478//5769 3487//5769
f 3488//5770 3487//5770 3495//5770
f 3495//5771 3487//5771 3570//5771
f 3495//5772 3570//5772 3571//5772
f 3571//5773 3570//5773 3580//5773
f 3781//5774 3782//5774 3708//5774
f 3781//5775 3708//5775 3707//5775
f 3707//5776 3708//5776 3698//5776
f 3698//5777 3708//5777 3645//5777
f 3698//5778 3645//5778 3643//5778
f 3643//5779 3645//5779 3580//5779
f 3643//5780 3580//5780 3644//5780
f 3644//5781 3580//5781 3570//5781
f 4063//5782 4064//5782 4069//5782
f 4063//5783 4069//5783 3968//5783
f 3968//5784 4069//5784 3975//5784
f 3975//5785 3980//5785 3887//5785
f 3887//5786 3980//5786 3888//5786
f 3887//5787 3888//5787 3825//5787
f 3825//5788 3888//5788 3826//5788
f 3825//5789 3826//5789 3771//5789
f 3771//5790 3826//5790 3772//5790
f 3771//5791 3772//5791 3698//5791
f 3698//5792 3772//5792 3687//5792
f 4063//5793 4059//5793 4064//5793
f 4064//5794 4059//5794 4060//5794
f 4059//5795 4349//5795 4060//5795
f 3554//5796 3623//5796 3546//5796
f 3546//5797 3623//5797 3618//5797
f 3589//5798 3409//5798 3512//5798
f 4281//5799 4378//5799 3782//5799
f 3512//5800 3588//5800 3589//5800
f 3589//5801 3588//5801 4284//5801
f 4284//5802 3588//5802 3652//5802
f 3781//5803 4187//5803 4279//5803
f 3781//5804 4279//5804 3782//5804
f 3782//5805 4279//5805 4280//5805
f 3782//5806 4280//5806 4281//5806
f 4284//5807 3652//5807 3651//5807
f 4282//5808 3709//5808 4382//5808
f 4382//5809 3709//5809 3708//5809
f 3651//5810 3709//5810 4284//5810
f 4284//5811 3709//5811 4283//5811
f 4283//5812 3709//5812 4282//5812
f 4378//5813 4380//5813 3782//5813
f 3782//5814 4380//5814 4382//5814
f 3782//5815 4382//5815 3708//5815
f 4457//5816 4062//5816 4061//5816
f 4457//5817 4061//5817 4456//5817
f 4457//5818 4458//5818 4062//5818
f 4062//5819 4458//5819 4601//5819
f 4066//5820 4065//5820 4062//5820
f 4062//5821 4065//5821 4061//5821
f 4065//5822 4066//5822 4071//5822
f 4065//5823 4071//5823 4070//5823
f 4070//5824 4071//5824 4077//5824
f 4070//5825 4077//5825 3976//5825
f 3976//5826 4077//5826 3981//5826
f 3976//5827 3981//5827 3889//5827
f 3889//5828 3981//5828 3890//5828
f 3889//5829 3890//5829 3827//5829
f 3827//5830 3890//5830 3828//5830
f 3827//5831 3828//5831 3773//5831
f 3773//5832 3828//5832 3774//5832
f 3773//5833 3774//5833 3699//5833
f 3699//5834 3774//5834 3688//5834
f 3699//5835 3688//5835 3633//5835
f 3633//5836 3688//5836 3628//5836
f 3633//5837 3628//5837 3627//5837
f 3627//5838 3628//5838 3623//5838
f 3627//5839 3623//5839 3554//5839
f 4261//5840 4234//5840 4233//5840
f 4261//5841 4233//5841 4260//5841
f 4260//5842 4233//5842 4153//5842
f 4260//5843 4153//5843 4169//5843
f 4094//5844 3990//5844 3901//5844
f 4271//5845 4093//5845 4189//5845
f 4189//5846 4093//5846 3990//5846
f 4189//5847 3990//5847 4190//5847
f 4190//5848 3990//5848 4094//5848
f 4271//5849 4183//5849 4085//5849
f 4271//5850 4085//5850 4093//5850
f 4265//5851 4175//5851 4183//5851
f 4265//5852 4183//5852 4271//5852
f 4175//5853 4265//5853 4169//5853
f 4169//5854 4265//5854 4261//5854
f 4169//5855 4261//5855 4260//5855
f 2970//5856 3108//5856 3658//5856
f 3658//5857 3108//5857 4394//5857
f 4095//5858 3654//5858 4097//5858
f 4097//5859 3654//5859 3710//5859
f 4097//5860 3710//5860 4098//5860
f 4098//5861 3710//5861 3711//5861
f 4098//5862 3711//5862 4196//5862
f 4196//5863 3711//5863 3712//5863
f 4196//5864 3712//5864 3658//5864
f 4196//5865 3658//5865 4290//5865
f 3654//5866 4095//5866 4094//5866
f 3654//5867 4094//5867 3901//5867
f 4394//5868 4393//5868 3658//5868
f 3658//5869 4393//5869 4392//5869
f 3658//5870 4392//5870 4498//5870
f 4498//5871 4497//5871 3658//5871
f 3658//5872 4497//5872 4496//5872
f 3658//5873 4496//5873 4391//5873
f 4389//5874 4290//5874 3658//5874
f 4389//5875 3658//5875 4390//5875
f 4390//5876 3658//5876 4391//5876
f 3506//5877 3309//5877 3295//5877
f 3289//5878 3383//5878 3295//5878
f 3295//5879 3383//5879 3390//5879
f 3295//5880 3390//5880 3506//5880
f 3309//5881 3506//5881 3406//5881
f 3506//5882 3586//5882 3406//5882
f 3406//5883 3586//5883 3655//5883
f 3406//5884 3655//5884 3518//5884
f 3518//5885 3655//5885 3710//5885
f 3518//5886 3710//5886 3654//5886
f 3457//5887 3513//5887 3361//5887
f 3361//5888 3513//5888 3412//5888
f 3121//5889 3095//5889 3408//5889
f 3408//5890 3095//5890 3061//5890
f 3408//5891 3061//5891 2958//5891
f 2819//5892 2881//5892 2944//5892
f 3272//5893 3142//5893 3291//5893
f 3291//5894 3142//5894 3150//5894
f 3291//5895 3150//5895 3297//5895
f 3297//5896 3150//5896 3153//5896
f 3061//5897 3019//5897 2958//5897
f 2958//5898 3019//5898 2952//5898
f 2958//5899 2952//5899 2880//5899
f 2880//5900 2952//5900 2944//5900
f 2880//5901 2944//5901 2881//5901
f 2866//5902 2779//5902 2944//5902
f 2944//5903 2779//5903 2817//5903
f 2850//5904 2771//5904 2863//5904
f 2863//5905 2771//5905 2777//5905
f 2863//5906 2777//5906 2866//5906
f 2866//5907 2777//5907 2779//5907
f 3121//5908 3408//5908 3305//5908
f 3121//5909 3305//5909 3153//5909
f 3153//5910 3305//5910 3297//5910
f 2944//5911 2817//5911 2819//5911
f 3271//5912 3290//5912 3356//5912
f 3356//5913 3290//5913 3385//5913
f 3383//5914 3289//5914 3354//5914
f 3354//5915 3289//5915 3270//5915
f 3372//5916 3357//5916 3469//5916
f 3469//5917 3357//5917 3456//5917
f 3358//5918 3378//5918 3546//5918
f 3546//5919 3378//5919 3387//5919
f 3546//5920 3387//5920 3582//5920
f 3582//5921 3387//5921 3394//5921
f 3582//5922 3394//5922 3401//5922
f 4582//5923 4707//5923 4601//5923
f 4601//5924 4707//5924 4722//5924
f 3107//5925 3628//5925 3688//5925
f 3890//5926 4386//5926 3828//5926
f 3828//5927 4386//5927 3107//5927
f 3828//5928 3107//5928 3774//5928
f 3774//5929 3107//5929 3688//5929
f 2932//5930 3048//5930 2950//5930
f 2950//5931 3048//5931 3055//5931
f 3032//5932 3025//5932 3094//5932
f 3106//5933 3107//5933 3071//5933
f 3106//5934 3071//5934 3094//5934
f 3306//5935 3628//5935 3221//5935
f 3221//5936 3628//5936 3107//5936
f 3221//5937 3107//5937 3133//5937
f 3133//5938 3107//5938 3106//5938
f 4062//5939 4601//5939 4066//5939
f 4066//5940 4601//5940 4722//5940
f 4066//5941 4722//5941 4071//5941
f 2950//5942 3055//5942 3057//5942
f 2950//5943 3057//5943 3094//5943
f 2950//5944 3094//5944 3025//5944
f 3071//5945 3032//5945 3094//5945
f 3380//5946 3363//5946 3618//5946
f 4722//5947 4626//5947 4071//5947
f 3306//5948 3299//5948 3628//5948
f 3628//5949 3299//5949 3389//5949
f 3628//5950 3389//5950 3623//5950
f 3623//5951 3389//5951 3380//5951
f 3623//5952 3380//5952 3618//5952
f 4626//5953 4635//5953 4071//5953
f 4071//5954 4635//5954 4487//5954
f 3890//5955 3981//5955 4386//5955
f 4386//5956 3981//5956 4077//5956
f 4386//5957 4077//5957 4071//5957
f 4386//5958 4071//5958 4487//5958
f 4708//5959 4582//5959 4436//5959
f 4708//5960 4707//5960 4582//5960
f 4705//5961 4704//5961 4773//5961
f 4704//5962 4705//5962 4772//5962
f 4705//5963 4773//5963 4772//5963
f 4773//5964 4775//5964 4774//5964
f 4781//5965 4780//5965 4707//5965
f 4707//5966 4780//5966 4706//5966
f 4706//5967 4780//5967 4779//5967
f 4706//5968 4779//5968 4778//5968
f 4778//5969 4779//5969 4777//5969
f 4778//5970 4777//5970 4775//5970
f 4775//5971 4777//5971 4776//5971
f 4775//5972 4776//5972 4774//5972
f 4703//5973 4702//5973 4580//5973
f 4703//5974 4580//5974 4581//5974
f 4703//5975 4581//5975 4704//5975
f 4434//5976 4580//5976 4433//5976
f 4334//5977 4434//5977 4433//5977
f 4334//5978 4433//5978 4333//5978
f 4333//5979 4433//5979 4432//5979
f 4333//5980 4432//5980 4332//5980
f 4234//5981 4330//5981 4329//5981
f 4153//5982 4233//5982 4234//5982
f 4153//5983 4234//5983 4329//5983
f 4153//5984 4329//5984 4232//5984
f 4232//5985 4329//5985 4328//5985
f 4327//5986 4875//5986 4874//5986
f 4327//5987 4874//5987 4339//5987
f 4339//5988 4874//5988 4877//5988
f 4339//5989 4877//5989 4442//5989
f 4337//5990 4336//5990 4236//5990
f 4442//5991 4338//5991 4339//5991
f 4339//5992 4338//5992 4327//5992
f 4326//5993 4327//5993 4338//5993
f 4326//5994 4338//5994 4230//5994
f 4230//5995 4338//5995 4229//5995
f 4228//5996 4229//5996 4236//5996
f 4236//5997 4229//5997 4237//5997
f 4236//5998 4237//5998 4337//5998
f 4227//5999 4228//5999 4235//5999
f 4235//6000 4228//6000 4236//6000
f 4235//6001 4236//6001 4336//6001
f 4338//6002 4337//6002 4237//6002
f 4338//6003 4237//6003 4229//6003
f 4457//6004 4435//6004 4458//6004
f 4435//6005 4436//6005 4458//6005
f 4458//6006 4436//6006 4582//6006
f 4458//6007 4582//6007 4601//6007
f 4429//6008 4435//6008 4430//6008
f 4435//6009 4430//6009 4436//6009
f 4582//6010 4436//6010 4435//6010
f 4335//6011 4438//6011 4436//6011
f 4335//6012 4436//6012 4430//6012
f 4335//6013 4430//6013 4324//6013
f 4336//6014 4438//6014 4335//6014
f 4336//6015 4335//6015 4235//6015
f 4235//6016 4335//6016 4227//6016
f 4227//6017 4335//6017 4324//6017
f 4227//6018 4324//6018 4325//6018
f 4325//6019 4324//6019 4430//6019
f 3871//6020 3866//6020 3951//6020
f 3351//6021 3449//6021 3369//6021
f 3369//6022 3449//6022 3471//6022
f 3369//6023 3471//6023 3374//6023
f 3374//6024 3471//6024 3381//6024
f 3381//6025 3471//6025 3491//6025
f 3491//6026 3471//6026 3479//6026
f 3491//6027 3479//6027 3499//6027
f 3499//6028 3479//6028 3561//6028
f 3499//6029 3561//6029 3647//6029
f 3647//6030 3561//6030 3575//6030
f 3647//6031 3575//6031 3702//6031
f 3702//6032 3575//6032 3636//6032
f 3702//6033 3636//6033 3830//6033
f 3830//6034 3636//6034 3690//6034
f 3830//6035 3690//6035 3764//6035
f 3830//6036 3764//6036 3895//6036
f 3895//6037 3764//6037 3814//6037
f 3874//6038 3978//6038 3814//6038
f 3814//6039 3978//6039 3883//6039
f 3814//6040 3883//6040 3895//6040
f 3951//6041 3963//6041 3871//6041
f 3871//6042 3963//6042 3971//6042
f 3871//6043 3971//6043 3874//6043
f 3874//6044 3971//6044 3978//6044
f 4056//6045 3867//6045 4067//6045
f 4067//6046 3867//6046 3872//6046
f 4067//6047 3872//6047 4075//6047
f 4075//6048 3872//6048 3875//6048
f 3815//6049 3896//6049 3983//6049
f 3815//6050 3983//6050 3875//6050
f 3450//6051 3352//6051 3472//6051
f 3472//6052 3352//6052 3370//6052
f 3815//6053 3818//6053 3896//6053
f 3896//6054 3818//6054 3765//6054
f 3896//6055 3765//6055 3703//6055
f 3703//6056 3765//6056 3691//6056
f 3703//6057 3691//6057 3648//6057
f 3648//6058 3691//6058 3637//6058
f 3648//6059 3637//6059 3576//6059
f 3576//6060 3637//6060 3562//6060
f 3576//6061 3562//6061 3492//6061
f 3492//6062 3562//6062 3480//6062
f 3492//6063 3480//6063 3382//6063
f 3382//6064 3480//6064 3472//6064
f 3382//6065 3472//6065 3375//6065
f 3375//6066 3472//6066 3370//6066
f 3983//6067 3979//6067 3875//6067
f 3875//6068 3979//6068 4080//6068
f 3875//6069 4080//6069 4075//6069
f 3872//6070 3867//6070 4057//6070
f 3382//6071 3472//6071 3492//6071
f 3492//6072 3472//6072 3555//6072
f 3492//6073 3555//6073 3577//6073
f 3577//6074 3555//6074 3563//6074
f 3577//6075 3563//6075 3649//6075
f 3649//6076 3563//6076 3638//6076
f 3649//6077 3638//6077 3703//6077
f 3352//6078 3450//6078 3370//6078
f 3370//6079 3450//6079 3472//6079
f 3638//6080 3691//6080 3703//6080
f 3703//6081 3765//6081 3897//6081
f 3897//6082 3765//6082 3819//6082
f 3897//6083 3819//6083 3816//6083
f 3897//6084 3816//6084 3983//6084
f 3876//6085 3979//6085 3816//6085
f 3816//6086 3979//6086 3983//6086
f 3876//6087 4080//6087 3979//6087
f 4057//6088 4068//6088 3872//6088
f 3872//6089 4068//6089 4076//6089
f 3872//6090 4076//6090 3876//6090
f 3876//6091 4076//6091 4080//6091
f 3550//6092 3542//6092 3353//6092
f 3481//6093 3493//6093 3564//6093
f 3564//6094 3556//6094 3481//6094
f 3481//6095 3556//6095 3376//6095
f 3376//6096 3556//6096 3550//6096
f 3376//6097 3550//6097 3371//6097
f 3371//6098 3550//6098 3353//6098
f 4166//6099 4161//6099 3868//6099
f 3775//6100 3766//6100 3692//6100
f 3775//6101 3692//6101 3650//6101
f 3898//6102 3820//6102 3766//6102
f 3898//6103 3766//6103 3775//6103
f 3692//6104 3693//6104 3650//6104
f 3650//6105 3693//6105 3639//6105
f 3650//6106 3639//6106 3578//6106
f 3578//6107 3639//6107 3493//6107
f 3493//6108 3639//6108 3564//6108
f 3868//6109 3873//6109 4166//6109
f 4166//6110 3873//6110 3877//6110
f 4166//6111 3877//6111 4170//6111
f 3878//6112 4176//6112 3877//6112
f 3877//6113 4176//6113 4170//6113
f 3984//6114 4081//6114 3878//6114
f 3878//6115 4081//6115 4176//6115
f 3820//6116 3898//6116 3878//6116
f 3878//6117 3898//6117 3985//6117
f 3878//6118 3985//6118 3984//6118
f 3551//6119 3557//6119 3482//6119
f 3482//6120 3557//6120 3494//6120
f 3451//6121 3543//6121 3464//6121
f 3464//6122 3543//6122 3551//6122
f 3464//6123 3551//6123 3473//6123
f 3473//6124 3551//6124 3482//6124
f 3776//6125 3767//6125 3985//6125
f 3985//6126 3767//6126 3821//6126
f 3693//6127 3776//6127 3650//6127
f 3693//6128 3767//6128 3776//6128
f 3557//6129 3565//6129 3494//6129
f 3494//6130 3565//6130 3564//6130
f 3494//6131 3564//6131 3578//6131
f 3578//6132 3564//6132 3639//6132
f 3953//6133 4161//6133 3959//6133
f 3959//6134 4161//6134 4166//6134
f 3959//6135 4166//6135 3964//6135
f 3964//6136 4166//6136 4170//6136
f 3964//6137 4170//6137 3877//6137
f 4177//6138 3878//6138 4176//6138
f 4177//6139 4082//6139 3878//6139
f 3985//6140 3821//6140 3820//6140
f 3985//6141 3820//6141 3878//6141
f 3985//6142 3878//6142 4086//6142
f 4086//6143 3878//6143 4082//6143
f 4250//6144 3954//6144 4256//6144
f 4256//6145 3954//6145 3960//6145
f 4256//6146 3960//6146 4262//6146
f 4262//6147 3960//6147 3965//6147
f 3544//6148 3452//6148 3552//6148
f 3552//6149 3452//6149 3465//6149
f 3879//6150 3884//6150 3986//6150
f 3986//6151 3884//6151 3822//6151
f 3986//6152 3822//6152 3777//6152
f 3777//6153 3822//6153 3768//6153
f 3777//6154 3768//6154 3704//6154
f 3704//6155 3768//6155 3694//6155
f 3704//6156 3694//6156 3640//6156
f 3640//6157 3694//6157 3630//6157
f 3640//6158 3630//6158 3566//6158
f 3566//6159 3630//6159 3558//6159
f 3566//6160 3558//6160 3483//6160
f 3483//6161 3558//6161 3552//6161
f 3483//6162 3552//6162 3474//6162
f 3474//6163 3552//6163 3465//6163
f 3879//6164 3986//6164 4087//6164
f 3879//6165 4087//6165 3965//6165
f 3965//6166 4087//6166 4178//6166
f 3965//6167 4178//6167 4262//6167
f 3955//6168 4251//6168 3961//6168
f 3961//6169 4251//6169 4257//6169
f 3483//6170 3552//6170 3566//6170
f 3566//6171 3552//6171 3558//6171
f 3566//6172 3558//6172 3640//6172
f 3640//6173 3558//6173 3630//6173
f 3640//6174 3630//6174 3705//6174
f 3705//6175 3630//6175 3695//6175
f 3705//6176 3695//6176 3777//6176
f 3453//6177 3544//6177 3466//6177
f 3466//6178 3544//6178 3552//6178
f 3466//6179 3552//6179 3475//6179
f 3475//6180 3552//6180 3483//6180
f 4178//6181 3966//6181 4266//6181
f 4257//6182 4263//6182 3961//6182
f 3961//6183 4263//6183 3966//6183
f 3966//6184 4263//6184 4266//6184
f 3695//6185 3769//6185 3777//6185
f 3777//6186 3769//6186 3822//6186
f 3777//6187 3822//6187 4088//6187
f 4088//6188 3822//6188 3884//6188
f 4088//6189 3884//6189 3880//6189
f 4088//6190 3880//6190 4087//6190
f 4087//6191 3880//6191 3966//6191
f 4087//6192 3966//6192 4178//6192
f 3770//6193 3779//6193 3823//6193
f 3823//6194 3779//6194 4089//6194
f 3823//6195 4089//6195 3885//6195
f 3779//6196 3770//6196 3706//6196
f 3706//6197 3770//6197 3696//6197
f 4348//6198 3956//6198 4353//6198
f 4353//6199 3956//6199 3962//6199
f 4353//6200 3962//6200 4264//6200
f 3641//6201 3696//6201 3631//6201
f 3641//6202 3631//6202 3567//6202
f 3567//6203 3631//6203 3624//6203
f 3567//6204 3624//6204 3568//6204
f 4184//6205 4179//6205 3967//6205
f 3967//6206 4179//6206 4267//6206
f 3568//6207 3624//6207 3559//6207
f 3559//6208 3624//6208 3553//6208
f 3559//6209 3553//6209 3485//6209
f 3545//6210 3454//6210 3553//6210
f 3553//6211 3454//6211 3467//6211
f 3467//6212 3476//6212 3553//6212
f 3553//6213 3476//6213 3485//6213
f 3885//6214 4089//6214 3973//6214
f 3973//6215 4089//6215 3967//6215
f 3967//6216 4089//6216 4184//6216
f 3967//6217 4267//6217 3962//6217
f 3962//6218 4267//6218 4264//6218
f 3779//6219 3696//6219 3770//6219
f 3779//6220 3770//6220 3824//6220
f 3779//6221 3824//6221 4089//6221
f 3642//6222 3632//6222 3696//6222
f 3956//6223 4348//6223 3962//6223
f 3962//6224 4348//6224 4353//6224
f 3454//6225 3616//6225 3467//6225
f 3467//6226 3616//6226 3621//6226
f 3467//6227 3621//6227 3476//6227
f 3476//6228 3621//6228 3559//6228
f 3632//6229 3642//6229 3568//6229
f 3632//6230 3568//6230 3625//6230
f 3625//6231 3568//6231 3621//6231
f 3621//6232 3568//6232 3559//6232
f 3824//6233 3886//6233 4089//6233
f 4089//6234 3886//6234 3974//6234
f 4089//6235 3974//6235 3967//6235
f 4353//6236 4359//6236 3962//6236
f 3962//6237 4359//6237 4360//6237
f 3962//6238 4360//6238 3967//6238
f 3967//6239 4360//6239 4268//6239
f 4268//6240 4185//6240 3967//6240
f 3967//6241 4185//6241 4089//6241
f 3975//6242 3887//6242 4186//6242
f 4186//6243 3887//6243 3825//6243
f 4186//6244 3825//6244 3780//6244
f 3780//6245 3825//6245 3771//6245
f 3780//6246 3771//6246 3698//6246
f 4269//6247 4369//6247 3968//6247
f 3643//6248 3698//6248 3687//6248
f 3968//6249 4369//6249 4063//6249
f 4063//6250 4369//6250 4361//6250
f 3626//6251 3569//6251 3687//6251
f 3687//6252 3569//6252 3643//6252
f 4349//6253 4059//6253 4354//6253
f 4354//6254 4059//6254 4063//6254
f 4354//6255 4063//6255 4361//6255
f 3622//6256 3560//6256 3626//6256
f 3626//6257 3560//6257 3569//6257
f 3617//6258 3455//6258 3622//6258
f 3622//6259 3455//6259 3468//6259
f 3468//6260 3477//6260 3622//6260
f 3622//6261 3477//6261 3486//6261
f 3622//6262 3486//6262 3560//6262
f 3975//6263 4186//6263 3968//6263
f 4186//6264 4277//6264 3968//6264
f 3968//6265 4277//6265 4269//6265
f 3781//6266 3772//6266 3826//6266
f 3781//6267 3826//6267 3888//6267
f 3781//6268 3888//6268 4187//6268
f 3478//6269 3622//6269 3487//6269
f 3487//6270 3622//6270 3626//6270
f 3487//6271 3626//6271 3570//6271
f 3781//6272 3707//6272 3772//6272
f 3772//6273 3707//6273 3698//6273
f 3687//6274 3643//6274 3626//6274
f 3626//6275 3643//6275 3644//6275
f 3626//6276 3644//6276 3570//6276
f 3456//6277 3617//6277 3469//6277
f 3469//6278 3617//6278 3622//6278
f 3469//6279 3622//6279 3478//6279
f 3888//6280 3980//6280 4187//6280
f 4187//6281 3980//6281 3975//6281
f 4187//6282 3975//6282 4069//6282
f 4060//6283 4349//6283 4064//6283
f 4064//6284 4349//6284 4354//6284
f 4064//6285 4354//6285 4361//6285
f 4064//6286 4361//6286 4369//6286
f 4064//6287 4369//6287 4069//6287
f 4069//6288 4369//6288 4269//6288
f 4269//6289 4277//6289 4069//6289
f 4069//6290 4277//6290 4187//6290
f 4187//6291 4278//6291 4279//6291
f 4279//6292 4278//6292 4376//6292
f 4279//6293 4376//6293 4280//6293
f 4280//6294 4376//6294 4377//6294
f 4280//6295 4377//6295 4281//6295
f 4281//6296 4377//6296 4379//6296
f 4281//6297 4379//6297 4378//6297
f 4378//6298 4379//6298 4381//6298
f 4378//6299 4381//6299 4380//6299
f 4383//6300 4282//6300 4381//6300
f 4381//6301 4282//6301 4382//6301
f 4381//6302 4382//6302 4380//6302
f 4282//6303 4383//6303 4283//6303
f 4283//6304 4383//6304 4384//6304
f 4283//6305 4384//6305 4284//6305
f 4371//6306 4385//6306 4384//6306
f 4384//6307 4385//6307 4284//6307
f 4481//6308 4482//6308 4480//6308
f 4460//6309 4615//6309 4607//6309
f 4607//6310 4615//6310 4614//6310
f 4607//6311 4614//6311 4606//6311
f 4606//6312 4614//6312 4613//6312
f 4606//6313 4613//6313 4605//6313
f 4605//6314 4613//6314 4612//6314
f 4605//6315 4612//6315 4604//6315
f 4604//6316 4612//6316 4611//6316
f 4604//6317 4611//6317 4603//6317
f 4603//6318 4611//6318 4466//6318
f 4603//6319 4466//6319 4602//6319
f 4602//6320 4466//6320 4465//6320
f 4602//6321 4465//6321 4459//6321
f 4354//6322 4459//6322 4361//6322
f 4361//6323 4459//6323 4465//6323
f 4361//6324 4465//6324 4369//6324
f 4269//6325 4369//6325 4473//6325
f 4277//6326 4269//6326 4370//6326
f 4460//6327 4467//6327 4615//6327
f 4615//6328 4467//6328 4480//6328
f 4615//6329 4480//6329 4614//6329
f 4614//6330 4480//6330 4625//6330
f 4614//6331 4625//6331 4613//6331
f 4613//6332 4625//6332 4624//6332
f 4613//6333 4624//6333 4612//6333
f 4612//6334 4624//6334 4623//6334
f 4612//6335 4623//6335 4611//6335
f 4611//6336 4623//6336 4622//6336
f 4611//6337 4622//6337 4466//6337
f 4466//6338 4622//6338 4474//6338
f 4466//6339 4474//6339 4465//6339
f 4465//6340 4474//6340 4473//6340
f 4465//6341 4473//6341 4369//6341
f 4467//6342 4481//6342 4480//6342
f 4625//6343 4480//6343 4479//6343
f 4625//6344 4479//6344 4624//6344
f 4624//6345 4479//6345 4478//6345
f 4624//6346 4478//6346 4623//6346
f 4623//6347 4478//6347 4477//6347
f 4623//6348 4477//6348 4622//6348
f 4622//6349 4477//6349 4476//6349
f 4622//6350 4476//6350 4474//6350
f 4474//6351 4476//6351 4475//6351
f 4474//6352 4475//6352 4473//6352
f 4473//6353 4475//6353 4370//6353
f 4473//6354 4370//6354 4269//6354
f 4482//6355 4371//6355 4480//6355
f 4480//6356 4371//6356 4384//6356
f 4480//6357 4384//6357 4479//6357
f 4479//6358 4384//6358 4383//6358
f 4479//6359 4383//6359 4478//6359
f 4478//6360 4383//6360 4381//6360
f 4478//6361 4381//6361 4477//6361
f 4477//6362 4381//6362 4379//6362
f 4477//6363 4379//6363 4476//6363
f 4476//6364 4379//6364 4377//6364
f 4476//6365 4377//6365 4475//6365
f 4475//6366 4377//6366 4376//6366
f 4475//6367 4376//6367 4370//6367
f 4370//6368 4376//6368 4278//6368
f 4370//6369 4278//6369 4277//6369
f 4277//6370 4278//6370 4187//6370
f 3554//6371 3546//6371 3582//6371
f 3633//6372 3627//6372 3582//6372
f 3582//6373 3627//6373 3554//6373
f 3633//6374 3582//6374 3589//6374
f 3633//6375 3589//6375 3699//6375
f 3699//6376 3589//6376 3773//6376
f 3773//6377 3589//6377 4284//6377
f 3773//6378 4284//6378 3827//6378
f 3827//6379 4284//6379 3889//6379
f 4456//6380 4061//6380 4460//6380
f 4460//6381 4061//6381 4065//6381
f 4460//6382 4065//6382 4070//6382
f 4460//6383 4070//6383 4467//6383
f 4284//6384 4070//6384 3976//6384
f 4284//6385 3976//6385 3889//6385
f 4284//6386 4385//6386 4070//6386
f 4070//6387 4385//6387 4371//6387
f 4371//6388 4482//6388 4070//6388
f 4070//6389 4482//6389 4481//6389
f 4070//6390 4481//6390 4467//6390
f 4232//6391 4876//6391 4231//6391
f 4231//6392 4876//6392 4873//6392
f 4231//6393 4873//6393 4226//6393
f 4150//6394 4151//6394 4153//6394
f 4152//6395 4231//6395 4150//6395
f 4150//6396 4231//6396 4226//6396
f 4153//6397 4152//6397 4150//6397
f 4232//6398 4231//6398 4153//6398
f 4153//6399 4231//6399 4152//6399
f 4153//6400 4047//6400 4074//6400
f 4153//6401 4074//6401 4169//6401
f 3894//6402 3900//6402 3982//6402
f 4169//6403 4074//6403 4079//6403
f 4085//6404 4183//6404 4092//6404
f 4085//6405 4092//6405 4093//6405
f 4093//6406 4092//6406 3990//6406
f 3989//6407 3901//6407 3990//6407
f 3989//6408 3990//6408 4085//6408
f 4085//6409 3990//6409 4092//6409
f 4085//6410 4183//6410 4175//6410
f 3901//6411 3989//6411 3900//6411
f 4175//6412 4169//6412 4079//6412
f 4175//6413 4079//6413 4085//6413
f 3989//6414 4085//6414 3982//6414
f 3989//6415 3982//6415 3900//6415
f 3592//6416 3900//6416 3894//6416
f 3592//6417 3894//6417 3584//6417
f 3654//6418 3901//6418 3593//6418
f 3593//6419 3901//6419 3900//6419
f 3593//6420 3900//6420 3592//6420
f 3397//6421 3294//6421 3303//6421
f 3397//6422 3303//6422 3405//6422
f 3397//6423 3405//6423 3505//6423
f 3505//6424 3593//6424 3585//6424
f 3585//6425 3593//6425 3592//6425
f 3585//6426 3592//6426 3584//6426
f 3654//6427 3593//6427 3518//6427
f 3518//6428 3593//6428 3517//6428
f 3518//6429 3517//6429 3406//6429
f 3309//6430 3406//6430 3304//6430
f 3309//6431 3304//6431 3295//6431
f 3405//6432 3304//6432 3406//6432
f 3405//6433 3406//6433 3517//6433
f 3288//6434 3289//6434 3294//6434
f 3294//6435 3289//6435 3295//6435
f 3294//6436 3295//6436 3304//6436
f 3294//6437 3304//6437 3303//6437
f 3303//6438 3304//6438 3405//6438
f 3505//6439 3405//6439 3517//6439
f 3505//6440 3517//6440 3593//6440
f 3288//6441 3269//6441 3270//6441
f 3288//6442 3270//6442 3289//6442
f 3353//6443 3542//6443 3543//6443
f 3545//6444 3616//6444 3454//6444
f 3454//6445 3455//6445 3271//6445
f 3363//6446 3362//6446 3618//6446
f 3618//6447 3362//6447 3457//6447
f 3451//6448 3452//6448 3355//6448
f 3269//6449 3449//6449 3351//6449
f 3269//6450 3351//6450 3270//6450
f 3276//6451 3275//6451 3361//6451
f 3193//6452 3144//6452 3192//6452
f 3355//6453 3354//6453 3352//6453
f 3352//6454 3354//6454 3270//6454
f 3352//6455 3270//6455 3351//6455
f 3452//6456 3544//6456 3453//6456
f 3452//6457 3453//6457 3355//6457
f 3457//6458 3361//6458 3618//6458
f 3618//6459 3361//6459 3546//6459
f 3546//6460 3361//6460 3360//6460
f 3546//6461 3360//6461 3358//6461
f 3358//6462 3456//6462 3357//6462
f 3193//6463 3358//6463 3273//6463
f 3194//6464 3273//6464 3195//6464
f 3455//6465 3617//6465 3456//6465
f 3355//6466 3352//6466 3353//6466
f 3355//6467 3353//6467 3451//6467
f 3451//6468 3353//6468 3543//6468
f 3198//6469 3197//6469 3360//6469
f 3360//6470 3197//6470 3359//6470
f 3360//6471 3359//6471 3358//6471
f 3358//6472 3359//6472 3274//6472
f 3358//6473 3274//6473 3273//6473
f 3271//6474 3455//6474 3456//6474
f 3271//6475 3456//6475 3193//6475
f 3193//6476 3456//6476 3358//6476
f 3355//6477 3453//6477 3356//6477
f 3356//6478 3453//6478 3454//6478
f 3356//6479 3454//6479 3271//6479
f 3143//6480 3142//6480 3191//6480
f 3191//6481 3142//6481 3272//6481
f 3191//6482 3272//6482 3192//6482
f 3192//6483 3272//6483 3271//6483
f 3192//6484 3271//6484 3193//6484
f 3870//6485 3871//6485 3874//6485
f 3870//6486 3874//6486 3811//6486
f 3811//6487 3874//6487 3814//6487
f 3690//6488 3636//6488 3635//6488
f 3635//6489 3636//6489 3575//6489
f 3635//6490 3575//6490 3574//6490
f 3574//6491 3575//6491 3561//6491
f 3574//6492 3561//6492 3491//6492
f 3491//6493 3561//6493 3479//6493
f 3870//6494 3865//6494 3871//6494
f 3871//6495 3865//6495 3866//6495
f 3865//6496 3951//6496 3866//6496
f 4876//6497 4938//6497 4873//6497
f 4873//6498 4938//6498 4936//6498
f 4989//6499 4936//6499 4993//6499
f 4993//6500 4936//6500 4938//6500
f 4990//6501 4989//6501 4994//6501
f 4994//6502 4989//6502 4993//6502
f 5026//6503 5022//6503 5048//6503
f 5068//6504 5048//6504 5067//6504
f 5068//6505 5067//6505 5083//6505
f 5083//6506 5067//6506 5082//6506
f 5101//6507 5082//6507 5100//6507
f 5101//6508 5100//6508 5099//6508
f 5099//6509 5100//6509 5098//6509
f 5098//6510 5100//6510 5097//6510
f 5098//6511 5097//6511 5096//6511
f 5096//6512 5097//6512 5094//6512
f 5096//6513 5094//6513 5095//6513
f 5095//6514 5094//6514 5093//6514
f 5093//6515 5094//6515 5081//6515
f 5080//6516 5081//6516 5066//6516
f 5021//6517 5047//6517 4990//6517
f 5026//6518 5048//6518 5051//6518
f 5051//6519 5048//6519 5068//6519
f 5051//6520 5068//6520 5074//6520
f 5074//6521 5068//6521 5083//6521
f 5074//6522 5083//6522 5089//6522
f 5089//6523 5083//6523 5082//6523
f 5089//6524 5082//6524 5088//6524
f 5088//6525 5082//6525 5101//6525
f 5088//6526 5101//6526 5107//6526
f 5107//6527 5101//6527 5099//6527
f 5107//6528 5099//6528 5106//6528
f 5106//6529 5099//6529 5098//6529
f 5106//6530 5098//6530 5105//6530
f 5105//6531 5098//6531 5096//6531
f 5105//6532 5096//6532 5104//6532
f 5104//6533 5096//6533 5095//6533
f 5104//6534 5095//6534 5103//6534
f 5103//6535 5095//6535 5093//6535
f 5103//6536 5093//6536 5102//6536
f 5102//6537 5093//6537 5081//6537
f 5102//6538 5081//6538 5085//6538
f 5085//6539 5081//6539 5080//6539
f 5085//6540 5080//6540 5084//6540
f 5084//6541 5080//6541 5066//6541
f 5084//6542 5066//6542 5069//6542
f 5069//6543 5066//6543 5047//6543
f 5069//6544 5047//6544 5049//6544
f 5049//6545 5047//6545 5021//6545
f 5049//6546 5021//6546 5024//6546
f 5024//6547 5021//6547 4990//6547
f 5024//6548 4990//6548 4994//6548
f 5074//6549 5089//6549 5071//6549
f 5071//6550 5089//6550 5088//6550
f 5088//6551 5107//6551 5087//6551
f 5087//6552 5107//6552 5106//6552
f 5103//6553 5102//6553 5086//6553
f 5086//6554 5102//6554 5085//6554
f 5085//6555 5084//6555 5070//6555
f 5070//6556 5084//6556 5069//6556
f 5023//6557 5022//6557 5026//6557
f 4877//6558 4940//6558 4939//6558
f 4995//6559 4939//6559 4940//6559
f 5027//6560 4995//6560 5026//6560
f 5027//6561 4995//6561 4996//6561
f 4996//6562 4995//6562 4940//6562
f 4874//6563 4875//6563 4937//6563
f 4874//6564 4937//6564 4877//6564
f 5023//6565 5026//6565 5027//6565
f 4877//6566 4937//6566 4940//6566
f 4940//6567 4937//6567 4996//6567
f 4996//6568 4937//6568 4992//6568
f 4996//6569 4992//6569 5027//6569
f 5027//6570 4992//6570 4991//6570
f 5027//6571 4991//6571 5023//6571
f 5023//6572 4991//6572 4992//6572
f 4994//6573 4769//6573 5024//6573
f 5024//6574 4769//6574 4828//6574
f 5024//6575 4828//6575 5049//6575
f 5049//6576 4828//6576 4829//6576
f 5049//6577 4829//6577 5069//6577
f 5069//6578 4829//6578 4830//6578
f 4832//6579 5051//6579 5074//6579
f 4831//6580 5087//6580 4782//6580
f 4782//6581 5087//6581 5106//6581
f 4782//6582 5106//6582 5105//6582
f 4832//6583 5074//6583 5071//6583
f 4832//6584 5071//6584 4831//6584
f 4831//6585 5071//6585 5088//6585
f 4831//6586 5088//6586 5087//6586
f 4578//6587 4331//6587 4431//6587
f 4431//6588 4331//6588 4332//6588
f 5051//6589 4832//6589 5026//6589
f 5026//6590 4832//6590 4783//6590
f 5026//6591 4783//6591 5027//6591
f 4784//6592 4711//6592 4877//6592
f 4876//6593 4232//6593 4577//6593
f 4877//6594 4711//6594 4442//6594
f 4770//6595 5085//6595 4830//6595
f 4830//6596 5085//6596 5070//6596
f 4830//6597 5070//6597 5069//6597
f 4232//6598 4328//6598 4577//6598
f 4577//6599 4328//6599 4329//6599
f 4577//6600 4329//6600 4578//6600
f 4578//6601 4329//6601 4330//6601
f 4578//6602 4330//6602 4331//6602
f 4577//6603 4700//6603 4876//6603
f 4876//6604 4700//6604 4769//6604
f 4876//6605 4769//6605 4938//6605
f 4938//6606 4769//6606 4994//6606
f 4938//6607 4994//6607 4993//6607
f 4439//6608 4336//6608 4440//6608
f 4440//6609 4336//6609 4441//6609
f 4441//6610 4336//6610 4337//6610
f 4441//6611 4337//6611 4338//6611
f 4441//6612 4338//6612 4586//6612
f 4586//6613 4338//6613 4442//6613
f 4586//6614 4442//6614 4711//6614
f 5104//6615 5103//6615 4770//6615
f 4770//6616 5103//6616 5086//6616
f 4770//6617 5086//6617 5085//6617
f 4783//6618 4995//6618 5027//6618
f 4784//6619 4877//6619 4783//6619
f 4783//6620 4877//6620 4939//6620
f 4783//6621 4939//6621 4995//6621
f 4431//6622 4332//6622 4432//6622
f 4432//6623 4433//6623 4579//6623
f 4579//6624 4433//6624 4580//6624
f 4579//6625 4580//6625 4701//6625
f 4701//6626 4580//6626 4702//6626
f 4701//6627 4702//6627 4703//6627
f 4781//6628 4707//6628 4782//6628
f 4782//6629 4707//6629 4708//6629
f 4782//6630 4708//6630 4710//6630
f 4710//6631 4708//6631 4583//6631
f 4583//6632 4708//6632 4436//6632
f 4583//6633 4436//6633 4584//6633
f 4584//6634 4436//6634 4438//6634
f 4584//6635 4438//6635 4439//6635
f 4439//6636 4438//6636 4336//6636
f 4703//6637 4704//6637 4701//6637
f 4701//6638 4704//6638 5104//6638
f 4701//6639 5104//6639 4771//6639
f 4771//6640 5104//6640 4770//6640
f 4704//6641 4772//6641 5104//6641
f 5104//6642 4772//6642 4773//6642
f 5104//6643 4773//6643 4774//6643
f 4774//6644 4776//6644 5104//6644
f 5104//6645 4776//6645 4777//6645
f 5104//6646 4777//6646 4779//6646
f 5105//6647 5104//6647 4782//6647
f 4782//6648 5104//6648 4779//6648
f 4782//6649 4779//6649 4780//6649
f 4782//6650 4780//6650 4781//6650
f 4875//6651 4327//6651 4872//6651
f 4872//6652 4327//6652 4321//6652
f 4228//6653 4221//6653 4222//6653
f 4321//6654 4327//6654 4326//6654
f 4321//6655 4326//6655 4320//6655
f 4320//6656 4326//6656 4230//6656
f 4320//6657 4230//6657 4222//6657
f 4222//6658 4230//6658 4229//6658
f 4222//6659 4229//6659 4228//6659
f 4221//6660 4228//6660 4220//6660
f 4220//6661 4228//6661 4227//6661
f 4457//6662 4456//6662 4435//6662
f 4435//6663 4456//6663 4565//6663
f 4435//6664 4565//6664 4430//6664
f 4430//6665 4565//6665 4423//6665
f 4430//6666 4423//6666 4319//6666
f 4430//6667 4319//6667 4325//6667
f 4325//6668 4319//6668 4220//6668
f 4325//6669 4220//6669 4227//6669
f 4166//6670 4068//6670 4161//6670
f 4161//6671 4068//6671 4057//6671
f 4056//6672 4067//6672 3963//6672
f 3963//6673 3951//6673 4056//6673
f 4056//6674 3951//6674 3937//6674
f 4056//6675 3937//6675 4057//6675
f 4057//6676 3937//6676 4145//6676
f 4057//6677 4145//6677 4161//6677
f 4348//6678 4145//6678 4317//6678
f 4250//6679 4256//6679 4166//6679
f 4166//6680 4161//6680 4250//6680
f 4250//6681 4161//6681 4145//6681
f 4250//6682 4145//6682 4251//6682
f 4251//6683 4145//6683 4348//6683
f 4251//6684 4348//6684 4257//6684
f 4257//6685 4348//6685 4353//6685
f 4459//6686 4354//6686 4349//6686
f 4349//6687 4354//6687 4353//6687
f 4353//6688 4348//6688 4349//6688
f 4349//6689 4348//6689 4317//6689
f 4349//6690 4317//6690 4421//6690
f 4349//6691 4421//6691 4459//6691
f 4459//6692 4421//6692 4559//6692
f 4459//6693 4559//6693 4602//6693
f 4602//6694 4559//6694 4603//6694
f 4603//6695 4559//6695 4561//6695
f 4603//6696 4561//6696 4604//6696
f 4604//6697 4561//6697 4563//6697
f 4604//6698 4563//6698 4605//6698
f 4605//6699 4563//6699 4606//6699
f 4606//6700 4563//6700 4565//6700
f 4606//6701 4565//6701 4607//6701
f 4607//6702 4565//6702 4456//6702
f 4607//6703 4456//6703 4460//6703
f 4873//6704 4862//6704 4226//6704
f 4226//6705 4862//6705 3937//6705
f 4226//6706 3937//6706 4150//6706
f 3811//6707 4074//6707 3870//6707
f 3870//6708 4074//6708 3865//6708
f 3894//6709 3690//6709 3584//6709
f 3584//6710 3690//6710 3635//6710
f 3584//6711 3635//6711 3585//6711
f 3585//6712 3635//6712 3574//6712
f 3585//6713 3574//6713 3505//6713
f 3505//6714 3574//6714 3491//6714
f 3505//6715 3491//6715 3397//6715
f 3288//6716 3479//6716 3471//6716
f 3449//6717 3269//6717 3471//6717
f 3471//6718 3269//6718 3288//6718
f 3937//6719 4153//6719 4151//6719
f 4151//6720 4150//6720 3937//6720
f 3811//6721 4079//6721 4074//6721
f 3288//6722 3294//6722 3479//6722
f 3479//6723 3294//6723 3397//6723
f 3479//6724 3397//6724 3491//6724
f 3894//6725 3814//6725 3764//6725
f 3894//6726 3764//6726 3690//6726
f 3894//6727 3982//6727 3814//6727
f 3814//6728 3982//6728 3811//6728
f 3811//6729 3982//6729 4085//6729
f 3811//6730 4085//6730 4079//6730
f 3865//6731 4074//6731 3951//6731
f 3951//6732 4074//6732 4047//6732
f 3951//6733 4047//6733 3937//6733
f 3937//6734 4047//6734 4153//6734
f 4862//6735 4873//6735 4923//6735
f 4873//6736 4936//6736 4923//6736
f 4923//6737 4936//6737 4973//6737
f 4990//6738 4974//6738 4989//6738
f 4989//6739 4974//6739 4973//6739
f 4989//6740 4973//6740 4936//6740
f 5022//6741 5019//6741 5046//6741
f 5022//6742 5046//6742 5048//6742
f 5048//6743 5046//6743 5065//6743
f 5048//6744 5065//6744 5067//6744
f 5067//6745 5065//6745 5079//6745
f 5067//6746 5079//6746 5082//6746
f 5082//6747 5079//6747 5092//6747
f 5082//6748 5092//6748 5100//6748
f 5100//6749 5092//6749 5091//6749
f 5100//6750 5091//6750 5097//6750
f 5097//6751 5091//6751 5090//6751
f 5097//6752 5090//6752 5094//6752
f 5094//6753 5090//6753 5078//6753
f 5094//6754 5078//6754 5081//6754
f 5081//6755 5078//6755 5064//6755
f 5081//6756 5064//6756 5066//6756
f 5066//6757 5064//6757 5043//6757
f 5066//6758 5043//6758 5047//6758
f 5047//6759 5043//6759 4974//6759
f 5047//6760 4974//6760 4990//6760
f 5019//6761 5022//6761 5023//6761
f 5019//6762 5023//6762 5020//6762
f 5020//6763 5023//6763 4992//6763
f 5020//6764 4992//6764 4988//6764
f 4988//6765 4992//6765 4937//6765
f 4988//6766 4937//6766 4935//6766
f 4875//6767 4872//6767 4935//6767
f 4875//6768 4935//6768 4937//6768
f 4769//6769 4758//6769 4815//6769
f 4769//6770 4815//6770 4828//6770
f 4828//6771 4815//6771 4816//6771
f 4828//6772 4816//6772 4829//6772
f 4829//6773 4816//6773 4817//6773
f 4829//6774 4817//6774 4830//6774
f 4830//6775 4817//6775 4759//6775
f 4830//6776 4759//6776 4770//6776
f 4770//6777 4759//6777 4760//6777
f 4770//6778 4760//6778 4771//6778
f 4771//6779 4760//6779 4687//6779
f 4771//6780 4687//6780 4701//6780
f 4701//6781 4687//6781 4555//6781
f 4701//6782 4555//6782 4579//6782
f 4579//6783 4555//6783 4420//6783
f 4579//6784 4420//6784 4432//6784
f 4432//6785 4420//6785 4419//6785
f 4432//6786 4419//6786 4431//6786
f 4431//6787 4419//6787 4554//6787
f 4431//6788 4554//6788 4578//6788
f 4578//6789 4554//6789 4553//6789
f 4578//6790 4553//6790 4577//6790
f 4577//6791 4553//6791 4685//6791
f 4577//6792 4685//6792 4700//6792
f 4700//6793 4685//6793 4758//6793
f 4700//6794 4758//6794 4769//6794
f 4782//6795 4765//6795 4824//6795
f 4782//6796 4824//6796 4831//6796
f 4831//6797 4824//6797 4825//6797
f 4831//6798 4825//6798 4832//6798
f 4832//6799 4825//6799 4766//6799
f 4832//6800 4766//6800 4783//6800
f 4783//6801 4766//6801 4767//6801
f 4783//6802 4767//6802 4784//6802
f 4784//6803 4767//6803 4695//6803
f 4784//6804 4695//6804 4711//6804
f 4711//6805 4695//6805 4573//6805
f 4711//6806 4573//6806 4586//6806
f 4586//6807 4573//6807 4426//6807
f 4586//6808 4426//6808 4441//6808
f 4441//6809 4426//6809 4425//6809
f 4441//6810 4425//6810 4440//6810
f 4440//6811 4425//6811 4424//6811
f 4440//6812 4424//6812 4439//6812
f 4439//6813 4424//6813 4571//6813
f 4439//6814 4571//6814 4584//6814
f 4584//6815 4571//6815 4570//6815
f 4584//6816 4570//6816 4583//6816
f 4583//6817 4570//6817 4693//6817
f 4583//6818 4693//6818 4710//6818
f 4710//6819 4693//6819 4765//6819
f 4710//6820 4765//6820 4782//6820
f 4825//6821 5046//6821 5019//6821
f 3937//6822 4554//6822 4145//6822
f 4145//6823 4554//6823 4419//6823
f 4145//6824 4419//6824 4317//6824
f 5092//6825 5079//6825 4760//6825
f 4426//6826 4573//6826 4321//6826
f 4321//6827 4573//6827 4872//6827
f 4825//6828 5019//6828 4766//6828
f 4766//6829 5019//6829 5020//6829
f 4766//6830 5020//6830 4988//6830
f 4862//6831 4923//6831 4973//6831
f 4862//6832 4758//6832 4685//6832
f 4862//6833 4685//6833 3937//6833
f 3937//6834 4685//6834 4553//6834
f 3937//6835 4553//6835 4554//6835
f 4573//6836 4695//6836 4872//6836
f 4872//6837 4695//6837 4767//6837
f 4872//6838 4767//6838 4935//6838
f 4935//6839 4767//6839 4766//6839
f 4935//6840 4766//6840 4988//6840
f 4563//6841 4561//6841 4693//6841
f 4760//6842 5079//6842 4687//6842
f 4758//6843 4862//6843 4973//6843
f 4758//6844 4973//6844 4815//6844
f 4815//6845 4973//6845 4974//6845
f 4815//6846 4974//6846 4816//6846
f 4816//6847 4974//6847 5043//6847
f 4816//6848 5043//6848 4817//6848
f 5046//6849 4825//6849 5065//6849
f 5065//6850 4825//6850 5079//6850
f 5079//6851 4825//6851 4824//6851
f 5079//6852 4824//6852 4687//6852
f 4687//6853 4824//6853 4765//6853
f 4317//6854 4419//6854 4420//6854
f 4317//6855 4420//6855 4421//6855
f 4421//6856 4420//6856 4555//6856
f 4421//6857 4555//6857 4559//6857
f 5043//6858 5064//6858 4817//6858
f 4817//6859 5064//6859 5078//6859
f 4817//6860 5078//6860 4759//6860
f 4759//6861 5078//6861 5090//6861
f 4759//6862 5090//6862 4760//6862
f 4760//6863 5090//6863 5091//6863
f 4760//6864 5091//6864 5092//6864
f 4321//6865 4320//6865 4426//6865
f 4426//6866 4320//6866 4222//6866
f 4426//6867 4222//6867 4425//6867
f 4425//6868 4222//6868 4221//6868
f 4425//6869 4221//6869 4424//6869
f 4424//6870 4221//6870 4220//6870
f 4424//6871 4220//6871 4571//6871
f 4571//6872 4220//6872 4319//6872
f 4571//6873 4319//6873 4570//6873
f 4570//6874 4319//6874 4423//6874
f 4570//6875 4423//6875 4693//6875
f 4693//6876 4423//6876 4565//6876
f 4693//6877 4565//6877 4563//6877
f 4559//6878 4555//6878 4687//6878
f 4559//6879 4687//6879 4561//6879
f 4561//6880 4687//6880 4765//6880
f 4561//6881 4765//6881 4693//6881
f 165//6882 164//6882 157//6882
f 157//6883 158//6883 160//6883
f 156//6884 157//6884 159//6884
f 159//6885 157//6885 164//6885
f 159//6886 164//6886 161//6886
f 161//6887 164//6887 163//6887
f 166//6888 165//6888 162//6888
f 162//6889 165//6889 157//6889
f 162//6890 157//6890 160//6890
f 223//6891 224//6891 239//6891
f 239//6892 238//6892 233//6892
f 240//6893 239//6893 234//6893
f 234//6894 239//6894 224//6894
f 234//6895 224//6895 229//6895
f 229//6896 224//6896 225//6896
f 228//6897 223//6897 239//6897
f 228//6898 239//6898 233//6898
f 237//6899 236//6899 220//6899
f 236//6900 235//6900 231//6900
f 220//6901 221//6901 222//6901
f 219//6902 220//6902 226//6902
f 226//6903 220//6903 236//6903
f 226//6904 236//6904 230//6904
f 230//6905 236//6905 231//6905
f 232//6906 237//6906 220//6906
f 232//6907 220//6907 227//6907
f 227//6908 220//6908 222//6908
f 377//6909 376//6909 351//6909
f 351//6910 376//6910 352//6910
f 352//6911 376//6911 345//6911
f 344//6912 335//6912 336//6912
f 344//6913 336//6913 343//6913
f 343//6914 336//6914 349//6914
f 337//6915 338//6915 345//6915
f 337//6916 345//6916 376//6916
f 337//6917 376//6917 336//6917
f 373//6918 350//6918 374//6918
f 374//6919 350//6919 349//6919
f 374//6920 349//6920 336//6920
f 374//6921 336//6921 375//6921
f 375//6922 336//6922 376//6922
f 135//6923 149//6923 150//6923
f 135//6924 150//6924 136//6924
f 136//6925 150//6925 152//6925
f 136//6926 152//6926 138//6926
f 138//6927 152//6927 155//6927
f 138//6928 155//6928 141//6928
f 135//6929 133//6929 149//6929
f 149//6930 133//6930 147//6930
f 148//6931 146//6931 134//6931
f 134//6932 146//6932 132//6932
f 139//6933 153//6933 151//6933
f 139//6934 151//6934 137//6934
f 137//6935 151//6935 148//6935
f 137//6936 148//6936 134//6936
f 153//6937 139//6937 140//6937
f 153//6938 140//6938 154//6938
f 154//6939 140//6939 141//6939
f 154//6940 141//6940 155//6940
f 157//6941 10//6941 11//6941
f 157//6942 11//6942 158//6942
f 158//6943 11//6943 14//6943
f 158//6944 14//6944 160//6944
f 160//6945 14//6945 17//6945
f 160//6946 17//6946 162//6946
f 162//6947 17//6947 21//6947
f 162//6948 21//6948 166//6948
f 166//6949 21//6949 20//6949
f 166//6950 20//6950 165//6950
f 165//6951 20//6951 19//6951
f 165//6952 19//6952 164//6952
f 164//6953 19//6953 18//6953
f 164//6954 18//6954 163//6954
f 163//6955 18//6955 16//6955
f 163//6956 16//6956 161//6956
f 161//6957 16//6957 13//6957
f 161//6958 13//6958 159//6958
f 159//6959 13//6959 9//6959
f 159//6960 9//6960 156//6960
f 156//6961 9//6961 10//6961
f 156//6962 10//6962 157//6962
f 224//6963 72//6963 73//6963
f 224//6964 73//6964 225//6964
f 225//6965 73//6965 78//6965
f 225//6966 78//6966 229//6966
f 229//6967 78//6967 83//6967
f 229//6968 83//6968 234//6968
f 234//6969 83//6969 90//6969
f 234//6970 90//6970 240//6970
f 240//6971 90//6971 89//6971
f 240//6972 89//6972 239//6972
f 239//6973 89//6973 88//6973
f 239//6974 88//6974 238//6974
f 238//6975 88//6975 82//6975
f 238//6976 82//6976 233//6976
f 233//6977 82//6977 77//6977
f 233//6978 77//6978 228//6978
f 228//6979 77//6979 71//6979
f 228//6980 71//6980 223//6980
f 223//6981 71//6981 72//6981
f 223//6982 72//6982 224//6982
f 220//6983 68//6983 69//6983
f 220//6984 69//6984 221//6984
f 221//6985 69//6985 70//6985
f 221//6986 70//6986 222//6986
f 222//6987 70//6987 76//6987
f 222//6988 76//6988 227//6988
f 227//6989 76//6989 81//6989
f 227//6990 81//6990 232//6990
f 232//6991 81//6991 87//6991
f 232//6992 87//6992 237//6992
f 237//6993 87//6993 86//6993
f 237//6994 86//6994 236//6994
f 236//6995 86//6995 85//6995
f 236//6996 85//6996 235//6996
f 235//6997 85//6997 80//6997
f 235//6998 80//6998 231//6998
f 231//6999 80//6999 79//6999
f 231//7000 79//7000 230//7000
f 230//7001 79//7001 75//7001
f 230//7002 75//7002 226//7002
f 226//7003 75//7003 67//7003
f 226//7004 67//7004 219//7004
f 219//7005 67//7005 68//7005
f 219//7006 68//7006 220//7006
f 31//7007 177//7007 184//7007
f 31//7008 184//7008 36//7008
f 36//7009 184//7009 192//7009
f 36//7010 192//7010 42//7010
f 42//7011 192//7011 199//7011
f 42//7012 199//7012 47//7012
f 47//7013 199//7013 209//7013
f 47//7014 209//7014 53//7014
f 53//7015 209//7015 210//7015
f 53//7016 210//7016 54//7016
f 54//7017 210//7017 211//7017
f 54//7018 211//7018 55//7018
f 55//7019 211//7019 200//7019
f 55//7020 200//7020 48//7020
f 48//7021 200//7021 193//7021
f 48//7022 193//7022 43//7022
f 43//7023 193//7023 185//7023
f 43//7024 185//7024 37//7024
f 37//7025 185//7025 178//7025
f 37//7026 178//7026 32//7026
f 32//7027 178//7027 177//7027
f 32//7028 177//7028 31//7028
f 100//7029 245//7029 99//7029
f 99//7030 245//7030 248//7030
f 99//7031 248//7031 101//7031
f 101//7032 248//7032 252//7032
f 101//7033 252//7033 104//7033
f 104//7034 252//7034 256//7034
f 104//7035 256//7035 107//7035
f 107//7036 256//7036 259//7036
f 107//7037 259//7037 110//7037
f 110//7038 259//7038 111//7038
f 111//7039 259//7039 260//7039
f 111//7040 260//7040 257//7040
f 111//7041 257//7041 108//7041
f 108//7042 257//7042 253//7042
f 108//7043 253//7043 105//7043
f 105//7044 253//7044 249//7044
f 105//7045 249//7045 102//7045
f 102//7046 249//7046 246//7046
f 102//7047 246//7047 100//7047
f 100//7048 246//7048 245//7048
f 30//7049 174//7049 181//7049
f 30//7050 181//7050 34//7050
f 34//7051 181//7051 180//7051
f 34//7052 180//7052 33//7052
f 33//7053 180//7053 188//7053
f 33//7054 188//7054 39//7054
f 39//7055 188//7055 195//7055
f 39//7056 195//7056 45//7056
f 45//7057 195//7057 203//7057
f 45//7058 203//7058 49//7058
f 49//7059 203//7059 204//7059
f 49//7060 204//7060 50//7060
f 50//7061 204//7061 205//7061
f 50//7062 205//7062 51//7062
f 51//7063 205//7063 206//7063
f 51//7064 206//7064 52//7064
f 52//7065 206//7065 196//7065
f 52//7066 196//7066 46//7066
f 46//7067 196//7067 190//7067
f 46//7068 190//7068 41//7068
f 41//7069 190//7069 189//7069
f 41//7070 189//7070 40//7070
f 40//7071 189//7071 182//7071
f 40//7072 182//7072 35//7072
f 35//7073 182//7073 174//7073
f 35//7074 174//7074 30//7074
f 379//7075 119//7075 372//7075
f 372//7076 119//7076 117//7076
f 371//7077 116//7077 378//7077
f 378//7078 116//7078 118//7078
f 120//7079 380//7079 118//7079
f 118//7080 380//7080 378//7080
f 380//7081 120//7081 353//7081
f 353//7082 120//7082 121//7082
f 353//7083 121//7083 124//7083
f 353//7084 124//7084 355//7084
f 124//7085 356//7085 355//7085
f 142//7086 125//7086 126//7086
f 142//7087 126//7087 143//7087
f 143//7088 126//7088 132//7088
f 143//7089 132//7089 146//7089
f 142//7090 143//7090 145//7090
f 145//7091 143//7091 144//7091
f 148//7092 149//7092 146//7092
f 146//7093 149//7093 147//7093
f 146//7094 147//7094 143//7094
f 143//7095 147//7095 144//7095
f 148//7096 151//7096 149//7096
f 149//7097 151//7097 153//7097
f 153//7098 154//7098 149//7098
f 149//7099 154//7099 155//7099
f 149//7100 155//7100 150//7100
f 150//7101 155//7101 152//7101
f 130//7102 145//7102 144//7102
f 130//7103 144//7103 129//7103
f 129//7104 144//7104 147//7104
f 129//7105 147//7105 133//7105
f 354//7106 362//7106 122//7106
f 122//7107 362//7107 361//7107
f 122//7108 361//7108 131//7108
f 354//7109 122//7109 123//7109
f 354//7110 123//7110 383//7110
f 383//7111 123//7111 119//7111
f 383//7112 119//7112 379//7112
f 340//7113 336//7113 335//7113
f 340//7114 335//7114 339//7114
f 339//7115 335//7115 344//7115
f 339//7116 344//7116 347//7116
f 347//7117 344//7117 343//7117
f 347//7118 343//7118 346//7118
f 346//7119 343//7119 357//7119
f 357//7120 343//7120 349//7120
f 357//7121 349//7121 350//7121
f 357//7122 350//7122 358//7122
f 358//7123 350//7123 373//7123
f 358//7124 373//7124 386//7124
f 386//7125 373//7125 374//7125
f 386//7126 374//7126 387//7126
f 376//7127 389//7127 388//7127
f 376//7128 388//7128 375//7128
f 375//7129 388//7129 387//7129
f 375//7130 387//7130 374//7130
f 389//7131 376//7131 377//7131
f 389//7132 377//7132 390//7132
f 390//7133 377//7133 351//7133
f 390//7134 351//7134 359//7134
f 359//7135 351//7135 352//7135
f 359//7136 352//7136 360//7136
f 360//7137 352//7137 348//7137
f 348//7138 352//7138 345//7138
f 348//7139 345//7139 338//7139
f 348//7140 338//7140 342//7140
f 342//7141 338//7141 337//7141
f 342//7142 337//7142 341//7142
f 341//7143 337//7143 340//7143
f 340//7144 337//7144 336//7144
f 410//7145 411//7145 371//7145
f 371//7146 411//7146 368//7146
f 406//7147 367//7147 368//7147
f 368//7148 367//7148 365//7148
f 368//7149 407//7149 406//7149
f 368//7150 411//7150 407//7150
f 407//7151 411//7151 410//7151
f 407//7152 410//7152 406//7152
f 366//7153 369//7153 113//7153
f 113//7154 369//7154 115//7154
f 115//7155 369//7155 372//7155
f 115//7156 372//7156 117//7156
f 55//7157 48//7157 63//7157
f 3//7158 24//7158 23//7158
f 13//7159 16//7159 3//7159
f 4//7160 27//7160 26//7160
f 103//7161 109//7161 97//7161
f 131//7162 130//7162 96//7162
f 134//7163 132//7163 127//7163
f 127//7164 132//7164 126//7164
f 128//7165 129//7165 133//7165
f 139//7166 137//7166 134//7166
f 139//7167 134//7167 127//7167
f 139//7168 127//7168 140//7168
f 140//7169 127//7169 128//7169
f 140//7170 128//7170 141//7170
f 141//7171 128//7171 133//7171
f 136//7172 138//7172 141//7172
f 136//7173 141//7173 135//7173
f 135//7174 141//7174 133//7174
f 97//7175 109//7175 96//7175
f 96//7176 109//7176 113//7176
f 96//7177 113//7177 115//7177
f 119//7178 123//7178 122//7178
f 96//7179 115//7179 117//7179
f 96//7180 117//7180 131//7180
f 131//7181 117//7181 119//7181
f 131//7182 119//7182 122//7182
f 63//7183 74//7183 97//7183
f 97//7184 74//7184 91//7184
f 97//7185 91//7185 103//7185
f 43//7186 44//7186 48//7186
f 48//7187 44//7187 57//7187
f 48//7188 57//7188 63//7188
f 63//7189 57//7189 65//7189
f 63//7190 65//7190 74//7190
f 4//7191 6//7191 27//7191
f 27//7192 6//7192 8//7192
f 27//7193 8//7193 28//7193
f 28//7194 8//7194 15//7194
f 28//7195 15//7195 29//7195
f 4//7196 14//7196 11//7196
f 24//7197 3//7197 25//7197
f 25//7198 3//7198 16//7198
f 25//7199 16//7199 18//7199
f 4//7200 11//7200 2//7200
f 2//7201 11//7201 10//7201
f 2//7202 10//7202 1//7202
f 1//7203 10//7203 3//7203
f 3//7204 10//7204 9//7204
f 3//7205 9//7205 13//7205
f 20//7206 26//7206 19//7206
f 19//7207 26//7207 25//7207
f 19//7208 25//7208 18//7208
f 20//7209 21//7209 26//7209
f 26//7210 21//7210 17//7210
f 26//7211 17//7211 4//7211
f 4//7212 17//7212 14//7212
f 23//7213 22//7213 12//7213
f 12//7214 7//7214 23//7214
f 23//7215 7//7215 5//7215
f 23//7216 5//7216 3//7216
f 40//7217 35//7217 23//7217
f 49//7218 64//7218 45//7218
f 45//7219 64//7219 56//7219
f 45//7220 56//7220 39//7220
f 39//7221 56//7221 38//7221
f 39//7222 38//7222 33//7222
f 33//7223 38//7223 22//7223
f 58//7224 46//7224 41//7224
f 50//7225 51//7225 58//7225
f 58//7226 51//7226 52//7226
f 58//7227 52//7227 46//7227
f 40//7228 23//7228 41//7228
f 35//7229 30//7229 23//7229
f 23//7230 30//7230 22//7230
f 22//7231 30//7231 34//7231
f 22//7232 34//7232 33//7232
f 69//7233 68//7233 58//7233
f 58//7234 68//7234 64//7234
f 58//7235 64//7235 50//7235
f 50//7236 64//7236 49//7236
f 79//7237 84//7237 75//7237
f 75//7238 84//7238 66//7238
f 75//7239 66//7239 67//7239
f 67//7240 66//7240 64//7240
f 67//7241 64//7241 68//7241
f 79//7242 80//7242 84//7242
f 84//7243 80//7243 85//7243
f 84//7244 85//7244 92//7244
f 92//7245 85//7245 86//7245
f 92//7246 86//7246 87//7246
f 112//7247 106//7247 92//7247
f 92//7248 106//7248 98//7248
f 92//7249 98//7249 84//7249
f 118//7250 116//7250 93//7250
f 93//7251 116//7251 114//7251
f 93//7252 114//7252 92//7252
f 92//7253 114//7253 112//7253
f 121//7254 120//7254 124//7254
f 124//7255 120//7255 118//7255
f 124//7256 118//7256 93//7256
f 124//7257 93//7257 125//7257
f 125//7258 93//7258 126//7258
f 37//7259 28//7259 43//7259
f 43//7260 28//7260 29//7260
f 43//7261 29//7261 44//7261
f 27//7262 36//7262 42//7262
f 37//7263 32//7263 28//7263
f 28//7264 32//7264 31//7264
f 28//7265 31//7265 27//7265
f 27//7266 31//7266 36//7266
f 47//7267 53//7267 62//7267
f 62//7268 53//7268 54//7268
f 62//7269 54//7269 63//7269
f 63//7270 54//7270 55//7270
f 111//7271 108//7271 128//7271
f 128//7272 108//7272 105//7272
f 128//7273 105//7273 129//7273
f 127//7274 104//7274 107//7274
f 127//7275 107//7275 110//7275
f 127//7276 110//7276 128//7276
f 128//7277 110//7277 111//7277
f 127//7278 126//7278 93//7278
f 127//7279 93//7279 104//7279
f 104//7280 93//7280 94//7280
f 104//7281 94//7281 101//7281
f 101//7282 94//7282 99//7282
f 130//7283 129//7283 96//7283
f 96//7284 129//7284 105//7284
f 96//7285 105//7285 95//7285
f 95//7286 105//7286 102//7286
f 95//7287 102//7287 100//7287
f 95//7288 100//7288 94//7288
f 94//7289 100//7289 99//7289
f 76//7290 93//7290 81//7290
f 81//7291 93//7291 92//7291
f 81//7292 92//7292 87//7292
f 69//7293 58//7293 70//7293
f 70//7294 58//7294 59//7294
f 70//7295 59//7295 76//7295
f 89//7296 90//7296 97//7296
f 62//7297 71//7297 77//7297
f 71//7298 62//7298 72//7298
f 72//7299 62//7299 63//7299
f 72//7300 63//7300 73//7300
f 96//7301 82//7301 88//7301
f 96//7302 88//7302 97//7302
f 97//7303 88//7303 89//7303
f 90//7304 83//7304 97//7304
f 97//7305 83//7305 78//7305
f 97//7306 78//7306 63//7306
f 63//7307 78//7307 73//7307
f 76//7308 59//7308 93//7308
f 93//7309 59//7309 60//7309
f 93//7310 60//7310 94//7310
f 94//7311 60//7311 61//7311
f 94//7312 61//7312 95//7312
f 95//7313 61//7313 62//7313
f 95//7314 62//7314 96//7314
f 96//7315 62//7315 77//7315
f 96//7316 77//7316 82//7316
f 41//7317 23//7317 58//7317
f 58//7318 23//7318 24//7318
f 58//7319 24//7319 59//7319
f 59//7320 24//7320 25//7320
f 59//7321 25//7321 60//7321
f 60//7322 25//7322 26//7322
f 60//7323 26//7323 61//7323
f 61//7324 26//7324 27//7324
f 61//7325 27//7325 62//7325
f 62//7326 27//7326 42//7326
f 62//7327 42//7327 47//7327
f 371//7328 368//7328 116//7328
f 116//7329 368//7329 114//7329
f 365//7330 112//7330 368//7330
f 368//7331 112//7331 114//7331
f 413//7332 372//7332 412//7332
f 413//7333 412//7333 409//7333
f 409//7334 412//7334 408//7334
f 412//7335 372//7335 369//7335
f 412//7336 369//7336 408//7336
f 408//7337 369//7337 409//7337
f 409//7338 369//7338 370//7338
f 370//7339 369//7339 366//7339
f 199//7340 198//7340 209//7340
f 209//7341 198//7341 208//7341
f 209//7342 208//7342 210//7342
f 210//7343 208//7343 216//7343
f 210//7344 216//7344 217//7344
f 210//7345 217//7345 211//7345
f 211//7346 217//7346 218//7346
f 211//7347 218//7347 200//7347
f 200//7348 218//7348 212//7348
f 200//7349 212//7349 193//7349
f 193//7350 212//7350 201//7350
f 193//7351 201//7351 186//7351
f 193//7352 186//7352 185//7352
f 185//7353 186//7353 179//7353
f 185//7354 179//7354 178//7354
f 178//7355 179//7355 172//7355
f 178//7356 172//7356 177//7356
f 177//7357 172//7357 171//7357
f 177//7358 171//7358 184//7358
f 184//7359 171//7359 170//7359
f 184//7360 170//7360 176//7360
f 184//7361 176//7361 192//7361
f 192//7362 176//7362 191//7362
f 192//7363 191//7363 199//7363
f 199//7364 191//7364 198//7364
f 256//7365 255//7365 258//7365
f 256//7366 258//7366 259//7366
f 259//7367 258//7367 262//7367
f 259//7368 262//7368 260//7368
f 260//7369 262//7369 263//7369
f 260//7370 263//7370 257//7370
f 257//7371 263//7371 261//7371
f 257//7372 261//7372 253//7372
f 253//7373 261//7373 254//7373
f 253//7374 254//7374 249//7374
f 249//7375 254//7375 250//7375
f 249//7376 250//7376 247//7376
f 249//7377 247//7377 246//7377
f 246//7378 247//7378 243//7378
f 246//7379 243//7379 245//7379
f 245//7380 243//7380 242//7380
f 245//7381 242//7381 241//7381
f 245//7382 241//7382 248//7382
f 248//7383 241//7383 244//7383
f 248//7384 244//7384 252//7384
f 252//7385 244//7385 251//7385
f 252//7386 251//7386 256//7386
f 256//7387 251//7387 255//7387
f 174//7388 168//7388 181//7388
f 181//7389 168//7389 167//7389
f 181//7390 167//7390 180//7390
f 180//7391 167//7391 173//7391
f 180//7392 173//7392 188//7392
f 188//7393 173//7393 187//7393
f 188//7394 187//7394 195//7394
f 195//7395 187//7395 194//7395
f 195//7396 194//7396 203//7396
f 203//7397 194//7397 202//7397
f 203//7398 202//7398 204//7398
f 204//7399 202//7399 213//7399
f 204//7400 213//7400 205//7400
f 205//7401 213//7401 214//7401
f 205//7402 214//7402 206//7402
f 206//7403 214//7403 215//7403
f 206//7404 215//7404 196//7404
f 196//7405 215//7405 207//7405
f 196//7406 207//7406 190//7406
f 190//7407 207//7407 197//7407
f 190//7408 197//7408 189//7408
f 189//7409 197//7409 183//7409
f 189//7410 183//7410 182//7410
f 182//7411 183//7411 175//7411
f 182//7412 175//7412 174//7412
f 174//7413 175//7413 169//7413
f 174//7414 169//7414 168//7414
f 382//7415 383//7415 420//7415
f 362//7416 391//7416 361//7416
f 391//7417 392//7417 424//7417
f 421//7418 425//7418 424//7418
f 354//7419 391//7419 362//7419
f 420//7420 379//7420 416//7420
f 420//7421 416//7421 417//7421
f 420//7422 383//7422 379//7422
f 382//7423 354//7423 383//7423
f 391//7424 354//7424 382//7424
f 391//7425 382//7425 392//7425
f 392//7426 382//7426 420//7426
f 392//7427 420//7427 424//7427
f 424//7428 420//7428 421//7428
f 421//7429 420//7429 417//7429
f 379//7430 372//7430 416//7430
f 416//7431 372//7431 413//7431
f 416//7432 413//7432 417//7432
f 1678//7433 1671//7433 1679//7433
f 1679//7434 1671//7434 1672//7434
f 959//7435 944//7435 907//7435
f 907//7436 944//7436 891//7436
f 906//7437 887//7437 958//7437
f 958//7438 887//7438 941//7438
f 1676//7439 1666//7439 1677//7439
f 1677//7440 1666//7440 1667//7440
f 899//7441 898//7441 842//7441
f 842//7442 898//7442 789//7442
f 789//7443 898//7443 897//7443
f 789//7444 897//7444 788//7444
f 899//7445 842//7445 953//7445
f 953//7446 842//7446 905//7446
f 953//7447 905//7447 957//7447
f 953//7448 957//7448 1119//7448
f 953//7449 1119//7449 1048//7449
f 1048//7450 1119//7450 1186//7450
f 1048//7451 1186//7451 1114//7451
f 1114//7452 1186//7452 1185//7452
f 1255//7453 1113//7453 1185//7453
f 1185//7454 1113//7454 1114//7454
f 1047//7455 1112//7455 1183//7455
f 1183//7456 1112//7456 1184//7456
f 1184//7457 1112//7457 1113//7457
f 1184//7458 1113//7458 1255//7458
f 1047//7459 1183//7459 1046//7459
f 1046//7460 1183//7460 1118//7460
f 1046//7461 1118//7461 956//7461
f 1046//7462 956//7462 952//7462
f 952//7463 956//7463 904//7463
f 952//7464 904//7464 841//7464
f 952//7465 841//7465 896//7465
f 896//7466 841//7466 787//7466
f 788//7467 897//7467 787//7467
f 787//7468 897//7468 896//7468
f 1049//7469 1115//7469 1189//7469
f 1189//7470 1115//7470 1190//7470
f 1190//7471 1115//7471 1116//7471
f 1190//7472 1116//7472 1258//7472
f 1049//7473 1189//7473 1123//7473
f 1049//7474 1123//7474 960//7474
f 1049//7475 960//7475 954//7475
f 954//7476 960//7476 908//7476
f 954//7477 908//7477 845//7477
f 954//7478 845//7478 900//7478
f 900//7479 845//7479 794//7479
f 795//7480 901//7480 794//7480
f 794//7481 901//7481 900//7481
f 846//7482 902//7482 796//7482
f 796//7483 902//7483 901//7483
f 796//7484 901//7484 795//7484
f 902//7485 846//7485 955//7485
f 955//7486 846//7486 909//7486
f 955//7487 909//7487 961//7487
f 955//7488 961//7488 1124//7488
f 955//7489 1124//7489 1050//7489
f 1050//7490 1124//7490 1192//7490
f 1050//7491 1192//7491 1117//7491
f 1117//7492 1192//7492 1191//7492
f 1258//7493 1116//7493 1191//7493
f 1191//7494 1116//7494 1117//7494
f 1923//7495 1970//7495 2014//7495
f 2014//7496 1970//7496 2015//7496
f 2015//7497 1970//7497 1971//7497
f 2015//7498 1971//7498 2069//7498
f 1923//7499 2014//7499 1975//7499
f 1923//7500 1975//7500 1885//7500
f 1885//7501 1975//7501 1890//7501
f 1885//7502 1890//7502 1840//7502
f 1885//7503 1840//7503 1785//7503
f 1885//7504 1785//7504 1833//7504
f 1833//7505 1785//7505 1760//7505
f 1761//7506 1834//7506 1760//7506
f 1760//7507 1834//7507 1833//7507
f 1786//7508 1835//7508 1762//7508
f 1762//7509 1835//7509 1834//7509
f 1762//7510 1834//7510 1761//7510
f 1835//7511 1786//7511 1886//7511
f 1886//7512 1786//7512 1841//7512
f 1886//7513 1841//7513 1887//7513
f 1887//7514 1841//7514 1891//7514
f 1887//7515 1891//7515 1976//7515
f 1887//7516 1976//7516 1924//7516
f 1924//7517 1976//7517 2017//7517
f 1924//7518 2017//7518 1972//7518
f 1972//7519 2017//7519 2016//7519
f 2069//7520 1971//7520 2016//7520
f 2016//7521 1971//7521 1972//7521
f 1832//7522 1831//7522 1783//7522
f 1783//7523 1831//7523 1758//7523
f 1758//7524 1831//7524 1830//7524
f 1758//7525 1830//7525 1757//7525
f 1832//7526 1783//7526 1884//7526
f 1884//7527 1783//7527 1837//7527
f 1884//7528 1837//7528 1889//7528
f 1884//7529 1889//7529 1974//7529
f 1884//7530 1974//7530 1922//7530
f 1922//7531 1974//7531 2013//7531
f 1922//7532 2013//7532 1969//7532
f 1969//7533 2013//7533 2012//7533
f 2068//7534 1968//7534 2012//7534
f 2012//7535 1968//7535 1969//7535
f 1921//7536 1967//7536 2010//7536
f 2010//7537 1967//7537 2011//7537
f 2011//7538 1967//7538 1968//7538
f 2011//7539 1968//7539 2068//7539
f 1921//7540 2010//7540 1973//7540
f 1921//7541 1973//7541 1882//7541
f 1882//7542 1973//7542 1888//7542
f 1882//7543 1888//7543 1836//7543
f 1882//7544 1836//7544 1883//7544
f 1883//7545 1836//7545 1782//7545
f 1883//7546 1782//7546 1829//7546
f 1829//7547 1782//7547 1756//7547
f 1757//7548 1830//7548 1756//7548
f 1756//7549 1830//7549 1829//7549
f 371//7550 378//7550 415//7550
f 371//7551 415//7551 410//7551
f 410//7552 415//7552 414//7552
f 380//7553 353//7553 381//7553
f 353//7554 355//7554 385//7554
f 355//7555 356//7555 385//7555
f 422//7556 418//7556 419//7556
f 419//7557 418//7557 414//7557
f 423//7558 384//7558 385//7558
f 385//7559 384//7559 381//7559
f 385//7560 381//7560 353//7560
f 422//7561 419//7561 423//7561
f 423//7562 419//7562 384//7562
f 384//7563 419//7563 380//7563
f 384//7564 380//7564 381//7564
f 378//7565 380//7565 419//7565
f 378//7566 419//7566 415//7566
f 415//7567 419//7567 414//7567
f 2277//7568 2336//7568 2378//7568
f 423//7569 385//7569 618//7569
f 145//7570 130//7570 131//7570
f 1565//7571 1564//7571 1330//7571
f 2434//7572 2433//7572 2377//7572
f 2115//7573 2116//7573 2193//7573
f 2278//7574 2230//7574 2116//7574
f 2116//7575 2230//7575 2229//7575
f 2116//7576 2229//7576 2193//7576
f 2378//7577 2336//7577 2379//7577
f 2378//7578 2379//7578 2435//7578
f 2435//7579 2379//7579 2436//7579
f 2336//7580 2337//7580 2379//7580
f 2379//7581 2337//7581 2338//7581
f 2338//7582 2337//7582 2278//7582
f 2338//7583 2278//7583 2116//7583
f 1457//7584 1504//7584 1624//7584
f 1457//7585 1624//7585 1623//7585
f 1888//7586 1973//7586 2115//7586
f 1623//7587 1624//7587 1640//7587
f 1623//7588 1640//7588 1676//7588
f 2012//7589 2116//7589 2068//7589
f 2068//7590 2116//7590 2011//7590
f 2011//7591 2116//7591 2115//7591
f 2011//7592 2115//7592 2010//7592
f 2010//7593 2115//7593 1973//7593
f 2012//7594 2013//7594 2116//7594
f 2116//7595 2013//7595 1974//7595
f 2116//7596 1974//7596 1925//7596
f 1925//7597 1974//7597 1889//7597
f 1925//7598 1889//7598 1838//7598
f 1838//7599 1889//7599 1837//7599
f 1758//7600 1757//7600 1676//7600
f 1676//7601 1757//7601 1756//7601
f 1676//7602 1756//7602 1623//7602
f 1623//7603 1756//7603 1782//7603
f 1623//7604 1782//7604 1836//7604
f 1783//7605 1759//7605 1837//7605
f 1837//7606 1759//7606 1838//7606
f 1758//7607 1676//7607 1677//7607
f 1758//7608 1677//7608 1783//7608
f 1783//7609 1677//7609 1714//7609
f 1783//7610 1714//7610 1759//7610
f 903//7611 731//7611 1180//7611
f 1457//7612 1179//7612 1504//7612
f 1504//7613 1179//7613 903//7613
f 1504//7614 903//7614 1253//7614
f 1253//7615 903//7615 1180//7615
f 957//7616 905//7616 618//7616
f 618//7617 905//7617 842//7617
f 842//7618 789//7618 473//7618
f 473//7619 789//7619 788//7619
f 473//7620 788//7620 617//7620
f 617//7621 788//7621 787//7621
f 617//7622 787//7622 841//7622
f 841//7623 904//7623 617//7623
f 617//7624 904//7624 1181//7624
f 617//7625 1181//7625 731//7625
f 731//7626 1181//7626 1180//7626
f 904//7627 956//7627 1181//7627
f 1181//7628 956//7628 1118//7628
f 1181//7629 1118//7629 1182//7629
f 1323//7630 1183//7630 1324//7630
f 1324//7631 1183//7631 1184//7631
f 1324//7632 1184//7632 1325//7632
f 1325//7633 1184//7633 1255//7633
f 1325//7634 1255//7634 1256//7634
f 1256//7635 1255//7635 1185//7635
f 1256//7636 1185//7636 1187//7636
f 1187//7637 1185//7637 1186//7637
f 1187//7638 1186//7638 1119//7638
f 1323//7639 1254//7639 1183//7639
f 1183//7640 1254//7640 1118//7640
f 1118//7641 1254//7641 1182//7641
f 619//7642 844//7642 793//7642
f 618//7643 791//7643 790//7643
f 618//7644 790//7644 843//7644
f 958//7645 1051//7645 906//7645
f 843//7646 906//7646 618//7646
f 618//7647 906//7647 1051//7647
f 618//7648 1051//7648 957//7648
f 957//7649 1051//7649 1121//7649
f 957//7650 1121//7650 1119//7650
f 1119//7651 1121//7651 1120//7651
f 1119//7652 1120//7652 1187//7652
f 619//7653 793//7653 792//7653
f 619//7654 792//7654 618//7654
f 618//7655 792//7655 732//7655
f 618//7656 732//7656 791//7656
f 1193//7657 1259//7657 1328//7657
f 1328//7658 1259//7658 1329//7658
f 1386//7659 1194//7659 847//7659
f 847//7660 1194//7660 1193//7660
f 1193//7661 1258//7661 1191//7661
f 1193//7662 1191//7662 1192//7662
f 796//7663 538//7663 846//7663
f 846//7664 538//7664 677//7664
f 846//7665 677//7665 909//7665
f 909//7666 677//7666 847//7666
f 909//7667 847//7667 961//7667
f 961//7668 847//7668 1193//7668
f 961//7669 1193//7669 1124//7669
f 1124//7670 1193//7670 1192//7670
f 1326//7671 1257//7671 1190//7671
f 908//7672 844//7672 845//7672
f 845//7673 844//7673 619//7673
f 845//7674 619//7674 794//7674
f 794//7675 619//7675 795//7675
f 960//7676 907//7676 908//7676
f 908//7677 907//7677 844//7677
f 1190//7678 1257//7678 1189//7678
f 1189//7679 1257//7679 1188//7679
f 1189//7680 1188//7680 1123//7680
f 1123//7681 1188//7681 1122//7681
f 1123//7682 1122//7682 960//7682
f 960//7683 1122//7683 1052//7683
f 960//7684 1052//7684 907//7684
f 1190//7685 1258//7685 1326//7685
f 1326//7686 1258//7686 1193//7686
f 1326//7687 1193//7687 1327//7687
f 1327//7688 1193//7688 1328//7688
f 1052//7689 959//7689 907//7689
f 1641//7690 1625//7690 1564//7690
f 847//7691 1053//7691 1386//7691
f 1386//7692 1053//7692 1330//7692
f 1386//7693 1330//7693 1563//7693
f 1563//7694 1330//7694 1564//7694
f 1563//7695 1564//7695 1625//7695
f 1715//7696 1785//7696 1784//7696
f 1784//7697 1785//7697 1840//7697
f 1784//7698 1840//7698 1839//7698
f 1679//7699 1760//7699 1678//7699
f 1678//7700 1760//7700 1785//7700
f 1678//7701 1785//7701 1716//7701
f 1716//7702 1785//7702 1715//7702
f 2231//7703 2117//7703 2339//7703
f 2339//7704 2117//7704 2380//7704
f 2381//7705 2441//7705 2440//7705
f 2381//7706 2440//7706 2380//7706
f 2380//7707 2440//7707 2439//7707
f 2380//7708 2439//7708 2438//7708
f 2280//7709 2281//7709 2380//7709
f 2381//7710 2343//7710 2344//7710
f 2344//7711 2343//7711 2282//7711
f 2234//7712 2119//7712 2162//7712
f 2234//7713 2162//7713 2282//7713
f 2282//7714 2162//7714 2283//7714
f 2282//7715 2283//7715 2344//7715
f 2280//7716 2380//7716 2233//7716
f 2233//7717 2380//7717 2117//7717
f 2281//7718 2341//7718 2380//7718
f 2380//7719 2341//7719 2342//7719
f 2380//7720 2342//7720 2381//7720
f 2381//7721 2342//7721 2343//7721
f 2234//7722 2195//7722 2119//7722
f 2119//7723 2195//7723 2117//7723
f 2117//7724 2195//7724 2194//7724
f 2117//7725 2194//7725 2233//7725
f 1840//7726 1890//7726 1839//7726
f 1839//7727 1890//7727 1975//7727
f 1839//7728 1975//7728 2014//7728
f 2231//7729 2014//7729 2015//7729
f 2231//7730 2015//7730 2117//7730
f 2117//7731 2015//7731 2069//7731
f 2117//7732 2069//7732 2119//7732
f 2119//7733 2069//7733 2016//7733
f 2016//7734 2017//7734 2119//7734
f 2119//7735 2017//7735 1976//7735
f 2119//7736 1976//7736 1926//7736
f 1926//7737 1976//7737 1891//7737
f 1926//7738 1891//7738 1680//7738
f 1760//7739 1679//7739 1641//7739
f 1760//7740 1641//7740 1761//7740
f 1761//7741 1641//7741 1564//7741
f 1761//7742 1564//7742 1762//7742
f 1762//7743 1564//7743 1565//7743
f 1762//7744 1565//7744 1786//7744
f 1786//7745 1565//7745 1680//7745
f 1786//7746 1680//7746 1841//7746
f 1841//7747 1680//7747 1891//7747
f 796//7748 795//7748 538//7748
f 538//7749 795//7749 619//7749
f 538//7750 619//7750 425//7750
f 425//7751 619//7751 424//7751
f 356//7752 124//7752 142//7752
f 142//7753 124//7753 125//7753
f 358//7754 386//7754 618//7754
f 361//7755 390//7755 359//7755
f 359//7756 360//7756 361//7756
f 361//7757 360//7757 348//7757
f 361//7758 348//7758 131//7758
f 131//7759 348//7759 145//7759
f 145//7760 348//7760 342//7760
f 389//7761 391//7761 619//7761
f 619//7762 391//7762 424//7762
f 618//7763 385//7763 358//7763
f 389//7764 361//7764 391//7764
f 385//7765 356//7765 358//7765
f 358//7766 356//7766 357//7766
f 386//7767 387//7767 618//7767
f 618//7768 387//7768 619//7768
f 619//7769 387//7769 388//7769
f 619//7770 388//7770 389//7770
f 390//7771 361//7771 389//7771
f 342//7772 341//7772 145//7772
f 145//7773 341//7773 142//7773
f 142//7774 341//7774 340//7774
f 142//7775 340//7775 339//7775
f 142//7776 339//7776 347//7776
f 142//7777 347//7777 356//7777
f 356//7778 347//7778 346//7778
f 356//7779 346//7779 357//7779
f 842//7780 473//7780 618//7780
f 618//7781 473//7781 422//7781
f 618//7782 422//7782 423//7782
f 1836//7783 1888//7783 1623//7783
f 1623//7784 1888//7784 2115//7784
f 1623//7785 2115//7785 1781//7785
f 1781//7786 2115//7786 2067//7786
f 2193//7787 2192//7787 2115//7787
f 2115//7788 2192//7788 2067//7788
f 2067//7789 2192//7789 2228//7789
f 2067//7790 2228//7790 2276//7790
f 2435//7791 2434//7791 2378//7791
f 2378//7792 2434//7792 2377//7792
f 2378//7793 2377//7793 2277//7793
f 2277//7794 2377//7794 2335//7794
f 2277//7795 2335//7795 2276//7795
f 2277//7796 2276//7796 2228//7796
f 1056//7797 1060//7797 969//7797
f 1056//7798 969//7798 965//7798
f 967//7799 963//7799 964//7799
f 967//7800 964//7800 968//7800
f 968//7801 964//7801 965//7801
f 968//7802 965//7802 969//7802
f 963//7803 967//7803 966//7803
f 963//7804 966//7804 962//7804
f 962//7805 966//7805 1059//7805
f 962//7806 1059//7806 1055//7806
f 635//7807 641//7807 638//7807
f 393//7808 395//7808 429//7808
f 560//7809 556//7809 550//7809
f 550//7810 556//7810 540//7810
f 550//7811 540//7811 478//7811
f 478//7812 540//7812 476//7812
f 478//7813 476//7813 474//7813
f 627//7814 564//7814 560//7814
f 635//7815 629//7815 627//7815
f 645//7816 641//7816 649//7816
f 645//7817 649//7817 652//7817
f 652//7818 649//7818 576//7818
f 652//7819 576//7819 580//7819
f 580//7820 576//7820 586//7820
f 514//7821 518//7821 522//7821
f 522//7822 518//7822 450//7822
f 450//7823 457//7823 468//7823
f 468//7824 457//7824 406//7824
f 468//7825 406//7825 410//7825
f 439//7826 440//7826 397//7826
f 507//7827 435//7827 509//7827
f 509//7828 435//7828 437//7828
f 509//7829 437//7829 439//7829
f 570//7830 501//7830 572//7830
f 572//7831 501//7831 503//7831
f 496//7832 495//7832 570//7832
f 570//7833 495//7833 499//7833
f 570//7834 499//7834 501//7834
f 433//7835 491//7835 493//7835
f 493//7836 489//7836 433//7836
f 433//7837 489//7837 431//7837
f 429//7838 395//7838 431//7838
f 363//7839 365//7839 367//7839
f 507//7840 577//7840 505//7840
f 505//7841 577//7841 574//7841
f 505//7842 574//7842 503//7842
f 503//7843 574//7843 572//7843
f 570//7844 568//7844 496//7844
f 496//7845 568//7845 491//7845
f 496//7846 491//7846 493//7846
f 493//7847 491//7847 489//7847
f 439//7848 397//7848 443//7848
f 443//7849 397//7849 400//7849
f 400//7850 363//7850 402//7850
f 402//7851 363//7851 367//7851
f 402//7852 367//7852 406//7852
f 406//7853 404//7853 402//7853
f 402//7854 404//7854 446//7854
f 402//7855 446//7855 400//7855
f 400//7856 446//7856 442//7856
f 400//7857 442//7857 443//7857
f 443//7858 442//7858 511//7858
f 443//7859 511//7859 439//7859
f 439//7860 511//7860 509//7860
f 509//7861 582//7861 507//7861
f 507//7862 582//7862 576//7862
f 570//7863 566//7863 568//7863
f 568//7864 566//7864 561//7864
f 568//7865 561//7865 491//7865
f 491//7866 561//7866 483//7866
f 491//7867 483//7867 489//7867
f 489//7868 483//7868 479//7868
f 489//7869 479//7869 431//7869
f 431//7870 479//7870 429//7870
f 429//7871 426//7871 393//7871
f 576//7872 582//7872 586//7872
f 586//7873 582//7873 509//7873
f 586//7874 509//7874 591//7874
f 591//7875 509//7875 511//7875
f 591//7876 511//7876 514//7876
f 514//7877 511//7877 442//7877
f 514//7878 442//7878 518//7878
f 518//7879 442//7879 446//7879
f 518//7880 446//7880 450//7880
f 450//7881 446//7881 404//7881
f 450//7882 404//7882 457//7882
f 457//7883 404//7883 406//7883
f 577//7884 507//7884 576//7884
f 577//7885 576//7885 574//7885
f 574//7886 576//7886 649//7886
f 574//7887 649//7887 572//7887
f 572//7888 649//7888 641//7888
f 572//7889 641//7889 570//7889
f 570//7890 641//7890 635//7890
f 570//7891 635//7891 566//7891
f 635//7892 627//7892 566//7892
f 566//7893 627//7893 560//7893
f 566//7894 560//7894 561//7894
f 561//7895 560//7895 550//7895
f 561//7896 550//7896 483//7896
f 483//7897 550//7897 478//7897
f 483//7898 478//7898 479//7898
f 479//7899 478//7899 474//7899
f 479//7900 474//7900 429//7900
f 429//7901 474//7901 426//7901
f 269//7902 267//7902 265//7902
f 273//7903 264//7903 266//7903
f 264//7904 273//7904 265//7904
f 265//7905 273//7905 271//7905
f 265//7906 271//7906 269//7906
f 266//7907 268//7907 273//7907
f 273//7908 268//7908 270//7908
f 273//7909 270//7909 272//7909
f 397//7910 440//7910 98//7910
f 366//7911 113//7911 364//7911
f 364//7912 113//7912 109//7912
f 399//7913 398//7913 103//7913
f 103//7914 398//7914 401//7914
f 103//7915 401//7915 109//7915
f 109//7916 401//7916 364//7916
f 399//7917 103//7917 441//7917
f 441//7918 103//7918 91//7918
f 441//7919 91//7919 438//7919
f 74//7920 506//7920 508//7920
f 74//7921 508//7921 91//7921
f 91//7922 508//7922 436//7922
f 91//7923 436//7923 438//7923
f 506//7924 74//7924 504//7924
f 504//7925 74//7925 65//7925
f 504//7926 65//7926 502//7926
f 497//7927 498//7927 57//7927
f 57//7928 498//7928 500//7928
f 57//7929 500//7929 65//7929
f 65//7930 500//7930 502//7930
f 432//7931 434//7931 44//7931
f 44//7932 434//7932 492//7932
f 44//7933 492//7933 57//7933
f 57//7934 492//7934 494//7934
f 57//7935 494//7935 497//7935
f 271//7936 273//7936 15//7936
f 432//7937 44//7937 29//7937
f 432//7938 29//7938 396//7938
f 396//7939 29//7939 15//7939
f 396//7940 15//7940 394//7940
f 394//7941 15//7941 273//7941
f 7//7942 268//7942 5//7942
f 5//7943 268//7943 266//7943
f 5//7944 266//7944 3//7944
f 3//7945 266//7945 264//7945
f 3//7946 264//7946 1//7946
f 1//7947 264//7947 265//7947
f 1//7948 265//7948 2//7948
f 2//7949 265//7949 267//7949
f 2//7950 267//7950 4//7950
f 4//7951 267//7951 269//7951
f 4//7952 269//7952 6//7952
f 6//7953 269//7953 271//7953
f 6//7954 271//7954 8//7954
f 8//7955 271//7955 15//7955
f 12//7956 272//7956 7//7956
f 7//7957 272//7957 270//7957
f 7//7958 270//7958 268//7958
f 393//7959 272//7959 12//7959
f 393//7960 12//7960 395//7960
f 395//7961 12//7961 22//7961
f 491//7962 433//7962 38//7962
f 38//7963 433//7963 431//7963
f 38//7964 431//7964 22//7964
f 22//7965 431//7965 395//7965
f 491//7966 38//7966 493//7966
f 493//7967 38//7967 56//7967
f 493//7968 56//7968 496//7968
f 64//7969 501//7969 499//7969
f 64//7970 499//7970 56//7970
f 56//7971 499//7971 495//7971
f 56//7972 495//7972 496//7972
f 501//7973 64//7973 503//7973
f 503//7974 64//7974 66//7974
f 503//7975 66//7975 505//7975
f 437//7976 435//7976 84//7976
f 84//7977 435//7977 507//7977
f 84//7978 507//7978 66//7978
f 66//7979 507//7979 505//7979
f 98//7980 440//7980 84//7980
f 84//7981 440//7981 439//7981
f 84//7982 439//7982 437//7982
f 106//7983 112//7983 365//7983
f 365//7984 363//7984 106//7984
f 106//7985 363//7985 400//7985
f 106//7986 400//7986 98//7986
f 98//7987 400//7987 397//7987
f 405//7988 409//7988 370//7988
f 492//7989 434//7989 490//7989
f 490//7990 434//7990 432//7990
f 632//7991 637//7991 628//7991
f 644//7992 637//7992 640//7992
f 430//7993 394//7993 427//7993
f 517//7994 524//7994 521//7994
f 521//7995 524//7995 456//7995
f 521//7996 456//7996 455//7996
f 455//7997 456//7997 469//7997
f 455//7998 469//7998 467//7998
f 467//7999 469//7999 413//7999
f 467//8000 413//8000 409//8000
f 644//8001 648//8001 651//8001
f 651//8002 648//8002 654//8002
f 651//8003 654//8003 579//8003
f 579//8004 654//8004 581//8004
f 579//8005 581//8005 589//8005
f 563//8006 565//8006 628//8006
f 555//8007 559//8007 563//8007
f 475//8008 477//8008 481//8008
f 481//8009 477//8009 549//8009
f 481//8010 549//8010 555//8010
f 430//8011 432//8011 396//8011
f 430//8012 396//8012 394//8012
f 569//8013 497//8013 492//8013
f 492//8014 497//8014 494//8014
f 573//8015 502//8015 571//8015
f 571//8016 502//8016 500//8016
f 571//8017 500//8017 569//8017
f 569//8018 500//8018 498//8018
f 569//8019 498//8019 497//8019
f 578//8020 506//8020 575//8020
f 575//8021 506//8021 504//8021
f 575//8022 504//8022 573//8022
f 573//8023 504//8023 502//8023
f 441//8024 438//8024 510//8024
f 510//8025 438//8025 436//8025
f 510//8026 436//8026 508//8026
f 578//8027 508//8027 506//8027
f 444//8028 401//8028 398//8028
f 444//8029 398//8029 441//8029
f 441//8030 398//8030 399//8030
f 364//8031 401//8031 403//8031
f 364//8032 403//8032 366//8032
f 562//8033 490//8033 488//8033
f 488//8034 490//8034 432//8034
f 488//8035 432//8035 480//8035
f 480//8036 432//8036 430//8036
f 430//8037 427//8037 428//8037
f 492//8038 567//8038 569//8038
f 569//8039 567//8039 571//8039
f 575//8040 579//8040 578//8040
f 578//8041 579//8041 585//8041
f 578//8042 585//8042 508//8042
f 508//8043 585//8043 510//8043
f 510//8044 513//8044 441//8044
f 441//8045 513//8045 445//8045
f 441//8046 445//8046 444//8046
f 444//8047 445//8047 449//8047
f 444//8048 449//8048 401//8048
f 401//8049 449//8049 405//8049
f 401//8050 405//8050 403//8050
f 403//8051 405//8051 370//8051
f 403//8052 370//8052 366//8052
f 628//8053 562//8053 563//8053
f 563//8054 562//8054 488//8054
f 563//8055 488//8055 555//8055
f 555//8056 488//8056 480//8056
f 555//8057 480//8057 481//8057
f 481//8058 480//8058 430//8058
f 481//8059 430//8059 475//8059
f 475//8060 430//8060 428//8060
f 492//8061 490//8061 562//8061
f 492//8062 562//8062 567//8062
f 567//8063 562//8063 628//8063
f 567//8064 628//8064 571//8064
f 571//8065 628//8065 637//8065
f 571//8066 637//8066 573//8066
f 573//8067 637//8067 644//8067
f 573//8068 644//8068 575//8068
f 644//8069 651//8069 575//8069
f 575//8070 651//8070 579//8070
f 579//8071 589//8071 585//8071
f 585//8072 589//8072 594//8072
f 585//8073 594//8073 510//8073
f 510//8074 594//8074 517//8074
f 510//8075 517//8075 513//8075
f 513//8076 517//8076 521//8076
f 513//8077 521//8077 445//8077
f 445//8078 521//8078 455//8078
f 445//8079 455//8079 449//8079
f 449//8080 455//8080 467//8080
f 449//8081 467//8081 405//8081
f 405//8082 467//8082 409//8082
f 1059//8083 1402//8083 1055//8083
f 1055//8084 1402//8084 1397//8084
f 1055//8085 1397//8085 962//8085
f 963//8086 962//8086 1397//8086
f 963//8087 1397//8087 964//8087
f 964//8088 1397//8088 1398//8088
f 1056//8089 965//8089 964//8089
f 1056//8090 964//8090 1399//8090
f 1399//8091 964//8091 1398//8091
f 1056//8092 1399//8092 1060//8092
f 1060//8093 1399//8093 1403//8093
f 1645//8094 1646//8094 1653//8094
f 1653//8095 1646//8095 1654//8095
f 171//8096 279//8096 278//8096
f 171//8097 278//8097 170//8097
f 170//8098 278//8098 284//8098
f 170//8099 284//8099 176//8099
f 176//8100 284//8100 289//8100
f 176//8101 289//8101 191//8101
f 191//8102 289//8102 293//8102
f 191//8103 293//8103 198//8103
f 198//8104 293//8104 298//8104
f 198//8105 298//8105 208//8105
f 208//8106 298//8106 303//8106
f 208//8107 303//8107 216//8107
f 216//8108 303//8108 304//8108
f 216//8109 304//8109 217//8109
f 217//8110 304//8110 305//8110
f 217//8111 305//8111 218//8111
f 218//8112 305//8112 299//8112
f 218//8113 299//8113 212//8113
f 212//8114 299//8114 294//8114
f 212//8115 294//8115 201//8115
f 201//8116 294//8116 287//8116
f 201//8117 287//8117 186//8117
f 186//8118 287//8118 285//8118
f 186//8119 285//8119 179//8119
f 179//8120 285//8120 280//8120
f 179//8121 280//8121 172//8121
f 172//8122 280//8122 279//8122
f 172//8123 279//8123 171//8123
f 242//8124 315//8124 314//8124
f 242//8125 314//8125 241//8125
f 241//8126 314//8126 318//8126
f 241//8127 318//8127 244//8127
f 244//8128 318//8128 323//8128
f 244//8129 323//8129 251//8129
f 251//8130 323//8130 326//8130
f 251//8131 326//8131 255//8131
f 255//8132 326//8132 328//8132
f 255//8133 328//8133 258//8133
f 258//8134 328//8134 332//8134
f 258//8135 332//8135 262//8135
f 262//8136 332//8136 333//8136
f 262//8137 333//8137 263//8137
f 263//8138 333//8138 329//8138
f 263//8139 329//8139 261//8139
f 261//8140 329//8140 324//8140
f 261//8141 324//8141 254//8141
f 254//8142 324//8142 321//8142
f 254//8143 321//8143 250//8143
f 250//8144 321//8144 319//8144
f 250//8145 319//8145 247//8145
f 247//8146 319//8146 316//8146
f 247//8147 316//8147 243//8147
f 243//8148 316//8148 315//8148
f 243//8149 315//8149 242//8149
f 168//8150 276//8150 274//8150
f 168//8151 274//8151 167//8151
f 167//8152 274//8152 282//8152
f 167//8153 282//8153 173//8153
f 173//8154 282//8154 288//8154
f 173//8155 288//8155 187//8155
f 187//8156 288//8156 291//8156
f 187//8157 291//8157 194//8157
f 194//8158 291//8158 296//8158
f 194//8159 296//8159 202//8159
f 202//8160 296//8160 300//8160
f 202//8161 300//8161 213//8161
f 213//8162 300//8162 301//8162
f 213//8163 301//8163 214//8163
f 214//8164 301//8164 302//8164
f 214//8165 302//8165 215//8165
f 215//8166 302//8166 297//8166
f 215//8167 297//8167 207//8167
f 207//8168 297//8168 292//8168
f 207//8169 292//8169 197//8169
f 197//8170 292//8170 286//8170
f 197//8171 286//8171 183//8171
f 183//8172 286//8172 283//8172
f 183//8173 283//8173 175//8173
f 175//8174 283//8174 277//8174
f 175//8175 277//8175 169//8175
f 169//8176 277//8176 276//8176
f 169//8177 276//8177 168//8177
f 1643//8178 1644//8178 1651//8178
f 1651//8179 1644//8179 1652//8179
f 854//8180 734//8180 733//8180
f 854//8181 733//8181 853//8181
f 853//8182 733//8182 797//8182
f 853//8183 797//8183 849//8183
f 853//8184 849//8184 914//8184
f 914//8185 849//8185 910//8185
f 914//8186 910//8186 971//8186
f 971//8187 910//8187 1057//8187
f 971//8188 1057//8188 972//8188
f 972//8189 1057//8189 1134//8189
f 972//8190 1134//8190 1063//8190
f 1063//8191 1134//8191 1135//8191
f 1063//8192 1135//8192 1204//8192
f 1063//8193 1204//8193 1064//8193
f 1064//8194 1204//8194 1065//8194
f 1065//8195 1204//8195 1136//8195
f 1065//8196 1136//8196 1137//8196
f 1065//8197 1137//8197 1058//8197
f 1065//8198 1058//8198 973//8198
f 973//8199 1058//8199 911//8199
f 973//8200 911//8200 915//8200
f 915//8201 911//8201 850//8201
f 915//8202 850//8202 856//8202
f 856//8203 850//8203 798//8203
f 856//8204 798//8204 855//8204
f 855//8205 798//8205 735//8205
f 855//8206 735//8206 734//8206
f 855//8207 734//8207 854//8207
f 858//8208 737//8208 857//8208
f 857//8209 737//8209 736//8209
f 857//8210 736//8210 799//8210
f 857//8211 799//8211 851//8211
f 857//8212 851//8212 916//8212
f 916//8213 851//8213 912//8213
f 916//8214 912//8214 974//8214
f 974//8215 912//8215 1061//8215
f 974//8216 1061//8216 1138//8216
f 974//8217 1138//8217 1066//8217
f 1066//8218 1138//8218 1139//8218
f 1066//8219 1139//8219 1208//8219
f 1066//8220 1208//8220 1067//8220
f 1067//8221 1208//8221 1140//8221
f 1067//8222 1140//8222 1068//8222
f 1068//8223 1140//8223 1141//8223
f 1068//8224 1141//8224 1062//8224
f 1068//8225 1062//8225 975//8225
f 975//8226 1062//8226 913//8226
f 975//8227 913//8227 917//8227
f 917//8228 913//8228 852//8228
f 917//8229 852//8229 859//8229
f 859//8230 852//8230 800//8230
f 859//8231 800//8231 738//8231
f 859//8232 738//8232 737//8232
f 859//8233 737//8233 858//8233
f 1804//8234 1726//8234 1803//8234
f 1803//8235 1726//8235 1725//8235
f 1803//8236 1725//8236 1769//8236
f 1803//8237 1769//8237 1795//8237
f 1803//8238 1795//8238 1858//8238
f 1858//8239 1795//8239 1851//8239
f 1858//8240 1851//8240 1904//8240
f 1904//8241 1851//8241 1939//8241
f 1904//8242 1939//8242 1989//8242
f 1904//8243 1989//8243 1944//8243
f 1944//8244 1989//8244 1990//8244
f 1944//8245 1990//8245 2032//8245
f 1944//8246 2032//8246 1945//8246
f 1945//8247 2032//8247 1991//8247
f 1945//8248 1991//8248 1946//8248
f 1946//8249 1991//8249 1992//8249
f 1946//8250 1992//8250 1940//8250
f 1946//8251 1940//8251 1905//8251
f 1905//8252 1940//8252 1852//8252
f 1905//8253 1852//8253 1860//8253
f 1860//8254 1852//8254 1859//8254
f 1859//8255 1852//8255 1796//8255
f 1859//8256 1796//8256 1805//8256
f 1805//8257 1796//8257 1770//8257
f 1805//8258 1770//8258 1727//8258
f 1805//8259 1727//8259 1726//8259
f 1805//8260 1726//8260 1804//8260
f 1798//8261 1719//8261 1718//8261
f 1798//8262 1718//8262 1797//8262
f 1797//8263 1718//8263 1764//8263
f 1797//8264 1764//8264 1789//8264
f 1797//8265 1789//8265 1854//8265
f 1854//8266 1789//8266 1846//8266
f 1854//8267 1846//8267 1853//8267
f 1853//8268 1846//8268 1898//8268
f 1898//8269 1846//8269 1932//8269
f 1898//8270 1932//8270 1982//8270
f 1898//8271 1982//8271 1941//8271
f 1941//8272 1982//8272 1983//8272
f 1941//8273 1983//8273 2029//8273
f 1941//8274 2029//8274 1942//8274
f 1942//8275 2029//8275 1943//8275
f 1943//8276 2029//8276 1984//8276
f 1943//8277 1984//8277 1985//8277
f 1943//8278 1985//8278 1933//8278
f 1943//8279 1933//8279 1899//8279
f 1899//8280 1933//8280 1847//8280
f 1899//8281 1847//8281 1855//8281
f 1855//8282 1847//8282 1790//8282
f 1855//8283 1790//8283 1800//8283
f 1800//8284 1790//8284 1765//8284
f 1800//8285 1765//8285 1799//8285
f 1799//8286 1765//8286 1720//8286
f 1799//8287 1720//8287 1719//8287
f 1799//8288 1719//8288 1798//8288
f 456//8289 524//8289 538//8289
f 477//8290 475//8290 620//8290
f 2033//8291 2066//8291 1926//8291
f 589//8292 581//8292 677//8292
f 589//8293 677//8293 594//8293
f 538//8294 524//8294 677//8294
f 677//8295 524//8295 517//8295
f 677//8296 517//8296 594//8296
f 581//8297 654//8297 677//8297
f 677//8298 654//8298 648//8298
f 677//8299 648//8299 644//8299
f 640//8300 637//8300 620//8300
f 620//8301 637//8301 632//8301
f 620//8302 632//8302 628//8302
f 628//8303 565//8303 620//8303
f 620//8304 565//8304 563//8304
f 620//8305 563//8305 559//8305
f 559//8306 555//8306 620//8306
f 620//8307 555//8307 549//8307
f 620//8308 549//8308 477//8308
f 425//8309 421//8309 538//8309
f 538//8310 421//8310 417//8310
f 417//8311 413//8311 538//8311
f 538//8312 413//8312 469//8312
f 538//8313 469//8313 456//8313
f 2275//8314 2283//8314 2114//8314
f 2114//8315 2283//8315 2162//8315
f 2114//8316 2162//8316 2066//8316
f 2066//8317 2162//8317 2119//8317
f 2066//8318 2119//8318 1926//8318
f 2033//8319 1926//8319 1897//8319
f 1897//8320 1926//8320 1680//8320
f 1897//8321 1680//8321 1647//8321
f 1647//8322 1680//8322 1565//8322
f 1647//8323 1565//8323 1542//8323
f 1542//8324 1565//8324 1330//8324
f 1542//8325 1330//8325 1268//8325
f 1268//8326 1330//8326 1053//8326
f 1268//8327 1053//8327 970//8327
f 970//8328 1053//8328 847//8328
f 970//8329 847//8329 801//8329
f 801//8330 847//8330 677//8330
f 801//8331 677//8331 620//8331
f 620//8332 677//8332 644//8332
f 620//8333 644//8333 640//8333
f 2431//8334 2440//8334 2441//8334
f 2431//8335 2441//8335 2432//8335
f 2432//8336 2441//8336 2381//8336
f 2432//8337 2381//8337 2376//8337
f 2376//8338 2381//8338 2344//8338
f 2376//8339 2344//8339 2334//8339
f 2334//8340 2344//8340 2283//8340
f 2334//8341 2283//8341 2275//8341
f 2429//8342 2439//8342 2431//8342
f 2431//8343 2439//8343 2440//8343
f 2329//8344 2339//8344 2380//8344
f 2329//8345 2380//8345 2369//8345
f 2369//8346 2380//8346 2438//8346
f 2369//8347 2438//8347 2428//8347
f 2428//8348 2438//8348 2439//8348
f 2428//8349 2439//8349 2429//8349
f 1825//8350 1839//8350 2014//8350
f 1825//8351 2014//8351 2005//8351
f 2005//8352 2014//8352 2231//8352
f 2005//8353 2231//8353 2223//8353
f 2223//8354 2231//8354 2339//8354
f 2223//8355 2339//8355 2329//8355
f 1671//8356 1678//8356 1716//8356
f 1671//8357 1716//8357 1711//8357
f 1711//8358 1716//8358 1715//8358
f 1711//8359 1715//8359 1710//8359
f 1710//8360 1715//8360 1784//8360
f 1710//8361 1784//8361 1777//8361
f 1777//8362 1784//8362 1839//8362
f 1777//8363 1839//8363 1825//8363
f 1621//8364 1625//8364 1641//8364
f 1621//8365 1641//8365 1638//8365
f 1638//8366 1641//8366 1679//8366
f 1638//8367 1679//8367 1672//8367
f 1385//8368 1176//8368 1386//8368
f 1386//8369 1176//8369 1194//8369
f 1385//8370 1386//8370 1561//8370
f 1561//8371 1386//8371 1563//8371
f 1561//8372 1563//8372 1625//8372
f 1561//8373 1625//8373 1621//8373
f 1251//8374 1259//8374 1193//8374
f 1251//8375 1193//8375 1175//8375
f 1175//8376 1193//8376 1194//8376
f 1175//8377 1194//8377 1176//8377
f 1316//8378 1326//8378 1327//8378
f 1316//8379 1327//8379 1317//8379
f 1317//8380 1327//8380 1328//8380
f 1317//8381 1328//8381 1318//8381
f 1318//8382 1328//8382 1329//8382
f 1318//8383 1329//8383 1319//8383
f 1319//8384 1329//8384 1259//8384
f 1319//8385 1259//8385 1251//8385
f 1171//8386 1188//8386 1257//8386
f 1171//8387 1257//8387 1248//8387
f 1248//8388 1257//8388 1326//8388
f 1248//8389 1326//8389 1316//8389
f 1188//8390 1171//8390 1106//8390
f 944//8391 959//8391 1052//8391
f 944//8392 1052//8392 1039//8392
f 1039//8393 1052//8393 1106//8393
f 1106//8394 1052//8394 1122//8394
f 1106//8395 1122//8395 1188//8395
f 785//8396 793//8396 844//8396
f 785//8397 844//8397 837//8397
f 837//8398 844//8398 907//8398
f 837//8399 907//8399 891//8399
f 723//8400 777//8400 732//8400
f 732//8401 777//8401 791//8401
f 723//8402 732//8402 724//8402
f 724//8403 732//8403 792//8403
f 724//8404 792//8404 784//8404
f 784//8405 792//8405 793//8405
f 784//8406 793//8406 785//8406
f 887//8407 906//8407 843//8407
f 887//8408 843//8408 830//8408
f 830//8409 843//8409 790//8409
f 830//8410 790//8410 776//8410
f 776//8411 790//8411 791//8411
f 776//8412 791//8412 777//8412
f 958//8413 941//8413 1031//8413
f 1169//8414 1187//8414 1120//8414
f 1169//8415 1120//8415 1102//8415
f 1102//8416 1120//8416 1121//8416
f 1102//8417 1121//8417 1103//8417
f 1103//8418 1121//8418 1051//8418
f 1103//8419 1051//8419 1031//8419
f 1031//8420 1051//8420 958//8420
f 1314//8421 1325//8421 1256//8421
f 1314//8422 1256//8422 1246//8422
f 1246//8423 1256//8423 1187//8423
f 1246//8424 1187//8424 1169//8424
f 1244//8425 1254//8425 1323//8425
f 1244//8426 1323//8426 1312//8426
f 1312//8427 1323//8427 1324//8427
f 1312//8428 1324//8428 1313//8428
f 1313//8429 1324//8429 1325//8429
f 1313//8430 1325//8430 1314//8430
f 1165//8431 1180//8431 1181//8431
f 1165//8432 1181//8432 1166//8432
f 1166//8433 1181//8433 1182//8433
f 1166//8434 1182//8434 1167//8434
f 1167//8435 1182//8435 1254//8435
f 1167//8436 1254//8436 1244//8436
f 1619//8437 1624//8437 1557//8437
f 1557//8438 1624//8438 1504//8438
f 1557//8439 1504//8439 1498//8439
f 1498//8440 1504//8440 1311//8440
f 1311//8441 1504//8441 1253//8441
f 1311//8442 1253//8442 1243//8442
f 1243//8443 1253//8443 1180//8443
f 1243//8444 1180//8444 1165//8444
f 1666//8445 1676//8445 1640//8445
f 1666//8446 1640//8446 1635//8446
f 1635//8447 1640//8447 1624//8447
f 1635//8448 1624//8448 1619//8448
f 1824//8449 1838//8449 1759//8449
f 1824//8450 1759//8450 1751//8450
f 1751//8451 1759//8451 1714//8451
f 1751//8452 1714//8452 1708//8452
f 1708//8453 1714//8453 1677//8453
f 1708//8454 1677//8454 1667//8454
f 2338//8455 2116//8455 2327//8455
f 2327//8456 2116//8456 2107//8456
f 2107//8457 2116//8457 1925//8457
f 2107//8458 1925//8458 1917//8458
f 1917//8459 1925//8459 1838//8459
f 1917//8460 1838//8460 1824//8460
f 2338//8461 2327//8461 2368//8461
f 2338//8462 2368//8462 2379//8462
f 2379//8463 2368//8463 2425//8463
f 2379//8464 2425//8464 2436//8464
f 2436//8465 2425//8465 2424//8465
f 2436//8466 2424//8466 2435//8466
f 2434//8467 2435//8467 2421//8467
f 2421//8468 2435//8468 2424//8468
f 2434//8469 2421//8469 2420//8469
f 2434//8470 2420//8470 2433//8470
f 2433//8471 2420//8471 2361//8471
f 2433//8472 2361//8472 2377//8472
f 2377//8473 2361//8473 2322//8473
f 2377//8474 2322//8474 2335//8474
f 2335//8475 2322//8475 2265//8475
f 2335//8476 2265//8476 2276//8476
f 1113//8477 1100//8477 1101//8477
f 883//8478 897//8478 898//8478
f 883//8479 898//8479 884//8479
f 884//8480 898//8480 885//8480
f 898//8481 899//8481 885//8481
f 885//8482 899//8482 953//8482
f 885//8483 953//8483 939//8483
f 939//8484 953//8484 1028//8484
f 953//8485 1048//8485 1028//8485
f 1028//8486 1048//8486 1114//8486
f 1028//8487 1114//8487 1101//8487
f 1101//8488 1114//8488 1113//8488
f 1100//8489 1113//8489 1112//8489
f 1100//8490 1112//8490 1099//8490
f 1099//8491 1112//8491 1026//8491
f 1112//8492 1047//8492 1026//8492
f 1026//8493 1047//8493 1046//8493
f 1026//8494 1046//8494 1025//8494
f 1025//8495 1046//8495 952//8495
f 1025//8496 952//8496 938//8496
f 938//8497 952//8497 896//8497
f 938//8498 896//8498 882//8498
f 882//8499 896//8499 883//8499
f 883//8500 896//8500 897//8500
f 901//8501 894//8501 893//8501
f 1108//8502 1116//8502 1115//8502
f 1108//8503 1115//8503 1107//8503
f 1107//8504 1115//8504 1041//8504
f 1115//8505 1049//8505 1041//8505
f 1041//8506 1049//8506 954//8506
f 1041//8507 954//8507 946//8507
f 946//8508 954//8508 900//8508
f 946//8509 900//8509 893//8509
f 893//8510 900//8510 901//8510
f 894//8511 901//8511 902//8511
f 894//8512 902//8512 895//8512
f 895//8513 902//8513 955//8513
f 895//8514 955//8514 948//8514
f 948//8515 955//8515 1042//8515
f 955//8516 1050//8516 1042//8516
f 1042//8517 1050//8517 1117//8517
f 1042//8518 1117//8518 1109//8518
f 1109//8519 1117//8519 1108//8519
f 1108//8520 1117//8520 1116//8520
f 1834//8521 1827//8521 1826//8521
f 1964//8522 1971//8522 1970//8522
f 1964//8523 1970//8523 1963//8523
f 1963//8524 1970//8524 1918//8524
f 1970//8525 1923//8525 1918//8525
f 1918//8526 1923//8526 1878//8526
f 1923//8527 1885//8527 1878//8527
f 1878//8528 1885//8528 1833//8528
f 1878//8529 1833//8529 1826//8529
f 1826//8530 1833//8530 1834//8530
f 1827//8531 1834//8531 1835//8531
f 1827//8532 1835//8532 1828//8532
f 1828//8533 1835//8533 1886//8533
f 1828//8534 1886//8534 1880//8534
f 1886//8535 1887//8535 1880//8535
f 1880//8536 1887//8536 1919//8536
f 1887//8537 1924//8537 1919//8537
f 1919//8538 1924//8538 1972//8538
f 1919//8539 1972//8539 1965//8539
f 1965//8540 1972//8540 1964//8540
f 1964//8541 1972//8541 1971//8541
f 1968//8542 1961//8542 1962//8542
f 1821//8543 1830//8543 1831//8543
f 1821//8544 1831//8544 1822//8544
f 1822//8545 1831//8545 1823//8545
f 1831//8546 1832//8546 1823//8546
f 1823//8547 1832//8547 1884//8547
f 1823//8548 1884//8548 1876//8548
f 1876//8549 1884//8549 1915//8549
f 1884//8550 1922//8550 1915//8550
f 1915//8551 1922//8551 1969//8551
f 1915//8552 1969//8552 1962//8552
f 1962//8553 1969//8553 1968//8553
f 1961//8554 1968//8554 1967//8554
f 1961//8555 1967//8555 1960//8555
f 1960//8556 1967//8556 1914//8556
f 1967//8557 1921//8557 1914//8557
f 1914//8558 1921//8558 1874//8558
f 1921//8559 1882//8559 1874//8559
f 1874//8560 1882//8560 1875//8560
f 1882//8561 1883//8561 1875//8561
f 1875//8562 1883//8562 1829//8562
f 1875//8563 1829//8563 1820//8563
f 1820//8564 1829//8564 1821//8564
f 1821//8565 1829//8565 1830//8565
f 2323//8566 2336//8566 2277//8566
f 2323//8567 2277//8567 2267//8567
f 2267//8568 2277//8568 2228//8568
f 2267//8569 2228//8569 2219//8569
f 2219//8570 2228//8570 2192//8570
f 2219//8571 2192//8571 2184//8571
f 2184//8572 2192//8572 2193//8572
f 2184//8573 2193//8573 2185//8573
f 2185//8574 2193//8574 2229//8574
f 2185//8575 2229//8575 2220//8575
f 2220//8576 2229//8576 2230//8576
f 2220//8577 2230//8577 2221//8577
f 2221//8578 2230//8578 2278//8578
f 2221//8579 2278//8579 2268//8579
f 2268//8580 2278//8580 2337//8580
f 2268//8581 2337//8581 2324//8581
f 2324//8582 2337//8582 2336//8582
f 2324//8583 2336//8583 2323//8583
f 2332//8584 2342//8584 2341//8584
f 2332//8585 2341//8585 2331//8585
f 2331//8586 2341//8586 2281//8586
f 2331//8587 2281//8587 2273//8587
f 2273//8588 2281//8588 2280//8588
f 2273//8589 2280//8589 2272//8589
f 2272//8590 2280//8590 2233//8590
f 2272//8591 2233//8591 2225//8591
f 2225//8592 2233//8592 2194//8592
f 2225//8593 2194//8593 2189//8593
f 2189//8594 2194//8594 2195//8594
f 2189//8595 2195//8595 2190//8595
f 2190//8596 2195//8596 2234//8596
f 2190//8597 2234//8597 2226//8597
f 2226//8598 2234//8598 2282//8598
f 2226//8599 2282//8599 2274//8599
f 2274//8600 2282//8600 2343//8600
f 2274//8601 2343//8601 2333//8601
f 2333//8602 2343//8602 2342//8602
f 2333//8603 2342//8603 2332//8603
f 418//8604 422//8604 473//8604
f 473//8605 450//8605 468//8605
f 418//8606 473//8606 414//8606
f 414//8607 473//8607 468//8607
f 414//8608 468//8608 410//8608
f 450//8609 473//8609 522//8609
f 522//8610 473//8610 617//8610
f 522//8611 617//8611 514//8611
f 645//8612 652//8612 731//8612
f 645//8613 731//8613 641//8613
f 560//8614 564//8614 678//8614
f 678//8615 564//8615 627//8615
f 678//8616 627//8616 629//8616
f 629//8617 635//8617 678//8617
f 678//8618 635//8618 638//8618
f 678//8619 638//8619 641//8619
f 652//8620 580//8620 731//8620
f 731//8621 580//8621 586//8621
f 731//8622 586//8622 617//8622
f 617//8623 586//8623 591//8623
f 617//8624 591//8624 514//8624
f 474//8625 476//8625 539//8625
f 539//8626 476//8626 540//8626
f 539//8627 540//8627 678//8627
f 678//8628 540//8628 556//8628
f 678//8629 556//8629 560//8629
f 2276//8630 2265//8630 2067//8630
f 2067//8631 2265//8631 2055//8631
f 641//8632 731//8632 678//8632
f 678//8633 731//8633 903//8633
f 678//8634 903//8634 848//8634
f 848//8635 903//8635 1179//8635
f 848//8636 1179//8636 1130//8636
f 1130//8637 1179//8637 1457//8637
f 1130//8638 1457//8638 1400//8638
f 1400//8639 1457//8639 1623//8639
f 1400//8640 1623//8640 1609//8640
f 1609//8641 1623//8641 1781//8641
f 1609//8642 1781//8642 1763//8642
f 1763//8643 1781//8643 2067//8643
f 1763//8644 2067//8644 2028//8644
f 2028//8645 2067//8645 2055//8645
f 1472//8646 1402//8646 1059//8646
f 1763//8647 1846//8647 1789//8647
f 798//8648 850//8648 966//8648
f 966//8649 850//8649 911//8649
f 966//8650 911//8650 1058//8650
f 798//8651 966//8651 735//8651
f 735//8652 966//8652 967//8652
f 1763//8653 1789//8653 1609//8653
f 1609//8654 1789//8654 1764//8654
f 1609//8655 1764//8655 1718//8655
f 1059//8656 1207//8656 1267//8656
f 1059//8657 1267//8657 1343//8657
f 1643//8658 1719//8658 1720//8658
f 1059//8659 966//8659 1207//8659
f 1207//8660 966//8660 1058//8660
f 1207//8661 1058//8661 1206//8661
f 1206//8662 1058//8662 1137//8662
f 1206//8663 1137//8663 1205//8663
f 1205//8664 1137//8664 1136//8664
f 1205//8665 1136//8665 1204//8665
f 967//8666 968//8666 735//8666
f 735//8667 968//8667 969//8667
f 735//8668 969//8668 912//8668
f 912//8669 969//8669 1061//8669
f 1061//8670 969//8670 1060//8670
f 1061//8671 1060//8671 1138//8671
f 852//8672 913//8672 1210//8672
f 1210//8673 913//8673 1062//8673
f 1646//8674 1725//8674 1628//8674
f 1628//8675 1725//8675 1726//8675
f 1628//8676 1726//8676 1727//8676
f 1770//8677 1796//8677 1897//8677
f 1897//8678 1796//8678 1852//8678
f 1897//8679 1852//8679 2033//8679
f 1133//8680 1057//8680 1132//8680
f 1132//8681 1057//8681 910//8681
f 1132//8682 910//8682 1131//8682
f 1343//8683 1401//8683 1059//8683
f 1059//8684 1401//8684 1471//8684
f 1059//8685 1471//8685 1472//8685
f 1138//8686 1060//8686 1139//8686
f 848//8687 1131//8687 910//8687
f 848//8688 910//8688 678//8688
f 394//8689 736//8689 427//8689
f 427//8690 736//8690 737//8690
f 427//8691 737//8691 428//8691
f 1210//8692 801//8692 620//8692
f 1990//8693 1989//8693 2078//8693
f 2078//8694 1989//8694 1939//8694
f 1846//8695 1763//8695 1932//8695
f 1932//8696 1763//8696 2028//8696
f 1932//8697 2028//8697 1982//8697
f 1982//8698 2028//8698 1983//8698
f 1983//8699 2028//8699 2128//8699
f 1983//8700 2128//8700 2029//8700
f 1060//8701 1403//8701 1510//8701
f 1060//8702 1510//8702 1139//8702
f 1139//8703 1510//8703 1540//8703
f 1139//8704 1540//8704 1208//8704
f 852//8705 1210//8705 800//8705
f 800//8706 1210//8706 620//8706
f 800//8707 620//8707 738//8707
f 738//8708 620//8708 475//8708
f 738//8709 475//8709 737//8709
f 737//8710 475//8710 428//8710
f 1939//8711 1851//8711 1794//8711
f 1794//8712 1851//8712 1795//8712
f 1794//8713 1795//8713 1768//8713
f 1768//8714 1795//8714 1769//8714
f 1768//8715 1769//8715 1684//8715
f 1725//8716 1646//8716 1645//8716
f 1725//8717 1645//8717 1769//8717
f 1769//8718 1645//8718 1685//8718
f 1769//8719 1685//8719 1684//8719
f 1542//8720 1611//8720 1647//8720
f 1647//8721 1611//8721 1628//8721
f 1647//8722 1628//8722 1897//8722
f 1897//8723 1628//8723 1727//8723
f 1897//8724 1727//8724 1770//8724
f 1990//8725 2078//8725 2131//8725
f 1990//8726 2131//8726 2032//8726
f 2032//8727 2131//8727 2132//8727
f 2032//8728 2132//8728 1991//8728
f 1991//8729 2132//8729 2133//8729
f 1991//8730 2133//8730 1992//8730
f 1992//8731 2133//8731 2033//8731
f 1992//8732 2033//8732 1940//8732
f 1940//8733 2033//8733 1852//8733
f 1791//8734 1721//8734 1790//8734
f 1790//8735 1721//8735 1765//8735
f 1791//8736 1790//8736 1847//8736
f 1791//8737 1847//8737 1933//8737
f 2077//8738 1933//8738 1985//8738
f 2077//8739 1985//8739 1984//8739
f 2128//8740 2129//8740 2029//8740
f 2029//8741 2129//8741 2130//8741
f 2029//8742 2130//8742 1984//8742
f 1984//8743 2130//8743 2077//8743
f 1719//8744 1643//8744 1718//8744
f 1718//8745 1643//8745 1627//8745
f 1718//8746 1627//8746 1609//8746
f 1609//8747 1627//8747 1610//8747
f 1609//8748 1610//8748 1400//8748
f 1400//8749 1610//8749 1130//8749
f 1130//8750 1610//8750 1470//8750
f 1130//8751 1470//8751 848//8751
f 848//8752 1470//8752 1202//8752
f 848//8753 1202//8753 1131//8753
f 1266//8754 1204//8754 1135//8754
f 1266//8755 1135//8755 1265//8755
f 1265//8756 1135//8756 1134//8756
f 1265//8757 1134//8757 1264//8757
f 1133//8758 1203//8758 1057//8758
f 1057//8759 1203//8759 1134//8759
f 1134//8760 1203//8760 1264//8760
f 1540//8761 1573//8761 1208//8761
f 1208//8762 1573//8762 1574//8762
f 1208//8763 1574//8763 1140//8763
f 1140//8764 1574//8764 1541//8764
f 1140//8765 1541//8765 1141//8765
f 1141//8766 1541//8766 1209//8766
f 1141//8767 1209//8767 1062//8767
f 1062//8768 1209//8768 1210//8768
f 736//8769 394//8769 273//8769
f 736//8770 273//8770 799//8770
f 799//8771 273//8771 272//8771
f 799//8772 272//8772 851//8772
f 851//8773 272//8773 393//8773
f 1210//8774 1211//8774 801//8774
f 801//8775 1211//8775 1212//8775
f 801//8776 1212//8776 970//8776
f 970//8777 1212//8777 1404//8777
f 970//8778 1404//8778 1268//8778
f 1268//8779 1404//8779 1542//8779
f 1542//8780 1404//8780 1575//8780
f 1542//8781 1575//8781 1611//8781
f 1721//8782 1683//8782 1765//8782
f 1765//8783 1683//8783 1644//8783
f 1765//8784 1644//8784 1720//8784
f 1720//8785 1644//8785 1643//8785
f 851//8786 393//8786 426//8786
f 851//8787 426//8787 912//8787
f 912//8788 426//8788 734//8788
f 912//8789 734//8789 735//8789
f 910//8790 849//8790 678//8790
f 678//8791 849//8791 797//8791
f 678//8792 797//8792 539//8792
f 539//8793 797//8793 733//8793
f 539//8794 733//8794 474//8794
f 474//8795 733//8795 734//8795
f 474//8796 734//8796 426//8796
f 1266//8797 1275//8797 1218//8797
f 1266//8798 1218//8798 1204//8798
f 1204//8799 1218//8799 1219//8799
f 1204//8800 1219//8800 1205//8800
f 1276//8801 1267//8801 1207//8801
f 1276//8802 1207//8802 1221//8802
f 1221//8803 1207//8803 1206//8803
f 1221//8804 1206//8804 1220//8804
f 1220//8805 1206//8805 1205//8805
f 1220//8806 1205//8806 1219//8806
f 1267//8807 1276//8807 1343//8807
f 1343//8808 1276//8808 1346//8808
f 1343//8809 1346//8809 1410//8809
f 1343//8810 1410//8810 1401//8810
f 1401//8811 1410//8811 1475//8811
f 1401//8812 1475//8812 1471//8812
f 1471//8813 1475//8813 1476//8813
f 1471//8814 1476//8814 1472//8814
f 1412//8815 1413//8815 1403//8815
f 1403//8816 1413//8816 1512//8816
f 1403//8817 1512//8817 1510//8817
f 1510//8818 1512//8818 1544//8818
f 1510//8819 1544//8819 1540//8819
f 1472//8820 1476//8820 1402//8820
f 1402//8821 1476//8821 1411//8821
f 1402//8822 1411//8822 1397//8822
f 1397//8823 1411//8823 1412//8823
f 1397//8824 1412//8824 1398//8824
f 1398//8825 1412//8825 1403//8825
f 1398//8826 1403//8826 1399//8826
f 1545//8827 1541//8827 1574//8827
f 1545//8828 1574//8828 1580//8828
f 1580//8829 1574//8829 1573//8829
f 1580//8830 1573//8830 1579//8830
f 1579//8831 1573//8831 1540//8831
f 1579//8832 1540//8832 1544//8832
f 1222//8833 1209//8833 1545//8833
f 1545//8834 1209//8834 1541//8834
f 1225//8835 1212//8835 1211//8835
f 1225//8836 1211//8836 1224//8836
f 1224//8837 1211//8837 1210//8837
f 1224//8838 1210//8838 1223//8838
f 1223//8839 1210//8839 1209//8839
f 1223//8840 1209//8840 1222//8840
f 1212//8841 1225//8841 1416//8841
f 1212//8842 1416//8842 1404//8842
f 1404//8843 1416//8843 1581//8843
f 1404//8844 1581//8844 1575//8844
f 1575//8845 1581//8845 1613//8845
f 1575//8846 1613//8846 1611//8846
f 1611//8847 1613//8847 1630//8847
f 1611//8848 1630//8848 1628//8848
f 1628//8849 1630//8849 1654//8849
f 1628//8850 1654//8850 1646//8850
f 1645//8851 1653//8851 1694//8851
f 1645//8852 1694//8852 1685//8852
f 1685//8853 1694//8853 1693//8853
f 1685//8854 1693//8854 1684//8854
f 1684//8855 1693//8855 1774//8855
f 1684//8856 1774//8856 1768//8856
f 1768//8857 1774//8857 1812//8857
f 1768//8858 1812//8858 1794//8858
f 1794//8859 1812//8859 1952//8859
f 1794//8860 1952//8860 1939//8860
f 1939//8861 1952//8861 2084//8861
f 1939//8862 2084//8862 2078//8862
f 2078//8863 2084//8863 2141//8863
f 2078//8864 2141//8864 2131//8864
f 2131//8865 2141//8865 2142//8865
f 2131//8866 2142//8866 2132//8866
f 2132//8867 2142//8867 2143//8867
f 2132//8868 2143//8868 2133//8868
f 303//8869 292//8869 297//8869
f 304//8870 320//8870 313//8870
f 277//8871 289//8871 284//8871
f 308//8872 310//8872 318//8872
f 318//8873 310//8873 312//8873
f 318//8874 312//8874 323//8874
f 304//8875 313//8875 305//8875
f 285//8876 287//8876 295//8876
f 295//8877 287//8877 294//8877
f 295//8878 294//8878 307//8878
f 307//8879 294//8879 299//8879
f 307//8880 299//8880 309//8880
f 309//8881 299//8881 305//8881
f 309//8882 305//8882 311//8882
f 311//8883 305//8883 313//8883
f 284//8884 278//8884 275//8884
f 275//8885 278//8885 279//8885
f 275//8886 279//8886 280//8886
f 281//8887 280//8887 285//8887
f 324//8888 329//8888 334//8888
f 334//8889 329//8889 333//8889
f 334//8890 333//8890 332//8890
f 331//8891 332//8891 328//8891
f 331//8892 328//8892 327//8892
f 327//8893 328//8893 326//8893
f 327//8894 326//8894 322//8894
f 322//8895 326//8895 323//8895
f 322//8896 323//8896 317//8896
f 317//8897 323//8897 312//8897
f 318//8898 314//8898 297//8898
f 297//8899 314//8899 315//8899
f 315//8900 316//8900 297//8900
f 297//8901 316//8901 320//8901
f 297//8902 320//8902 303//8902
f 303//8903 320//8903 304//8903
f 334//8904 330//8904 324//8904
f 324//8905 330//8905 325//8905
f 324//8906 325//8906 321//8906
f 321//8907 325//8907 320//8907
f 321//8908 320//8908 319//8908
f 319//8909 320//8909 316//8909
f 308//8910 296//8910 306//8910
f 306//8911 296//8911 291//8911
f 306//8912 291//8912 290//8912
f 290//8913 291//8913 288//8913
f 290//8914 288//8914 282//8914
f 277//8915 284//8915 276//8915
f 276//8916 284//8916 275//8916
f 276//8917 275//8917 274//8917
f 297//8918 302//8918 318//8918
f 318//8919 302//8919 301//8919
f 318//8920 301//8920 308//8920
f 308//8921 301//8921 300//8921
f 308//8922 300//8922 296//8922
f 303//8923 298//8923 292//8923
f 292//8924 298//8924 293//8924
f 292//8925 293//8925 286//8925
f 286//8926 293//8926 289//8926
f 286//8927 289//8927 283//8927
f 283//8928 289//8928 277//8928
f 2081//8929 2077//8929 2130//8929
f 2081//8930 2130//8930 2140//8930
f 2140//8931 2130//8931 2129//8931
f 2140//8932 2129//8932 2139//8932
f 2139//8933 2129//8933 2128//8933
f 2139//8934 2128//8934 2138//8934
f 2077//8935 2081//8935 1951//8935
f 2077//8936 1951//8936 1933//8936
f 1933//8937 1951//8937 1811//8937
f 1933//8938 1811//8938 1791//8938
f 1791//8939 1811//8939 1734//8939
f 1791//8940 1734//8940 1721//8940
f 1721//8941 1734//8941 1692//8941
f 1721//8942 1692//8942 1683//8942
f 1683//8943 1692//8943 1652//8943
f 1683//8944 1652//8944 1644//8944
f 1643//8945 1651//8945 1629//8945
f 1643//8946 1629//8946 1627//8946
f 1627//8947 1629//8947 1612//8947
f 1627//8948 1612//8948 1610//8948
f 1610//8949 1612//8949 1474//8949
f 1610//8950 1474//8950 1470//8950
f 1470//8951 1474//8951 1215//8951
f 1470//8952 1215//8952 1202//8952
f 1202//8953 1215//8953 1143//8953
f 1202//8954 1143//8954 1131//8954
f 1131//8955 1143//8955 1144//8955
f 1131//8956 1144//8956 1132//8956
f 1132//8957 1144//8957 1145//8957
f 1132//8958 1145//8958 1133//8958
f 1133//8959 1145//8959 1217//8959
f 1133//8960 1217//8960 1203//8960
f 1203//8961 1217//8961 1273//8961
f 1203//8962 1273//8962 1264//8962
f 1264//8963 1273//8963 1274//8963
f 1264//8964 1274//8964 1265//8964
f 1265//8965 1274//8965 1275//8965
f 1265//8966 1275//8966 1266//8966
f 1063//8967 1064//8967 1072//8967
f 1072//8968 1064//8968 1073//8968
f 1063//8969 1072//8969 981//8969
f 1063//8970 981//8970 972//8970
f 972//8971 981//8971 971//8971
f 971//8972 981//8972 980//8972
f 971//8973 980//8973 914//8973
f 914//8974 980//8974 919//8974
f 914//8975 919//8975 860//8975
f 914//8976 860//8976 853//8976
f 853//8977 860//8977 861//8977
f 853//8978 861//8978 854//8978
f 855//8979 854//8979 862//8979
f 862//8980 854//8980 861//8980
f 855//8981 862//8981 863//8981
f 855//8982 863//8982 856//8982
f 856//8983 863//8983 915//8983
f 915//8984 863//8984 920//8984
f 915//8985 920//8985 982//8985
f 915//8986 982//8986 973//8986
f 973//8987 982//8987 1074//8987
f 973//8988 1074//8988 1065//8988
f 1065//8989 1074//8989 1073//8989
f 1065//8990 1073//8990 1064//8990
f 1066//8991 1067//8991 1075//8991
f 1075//8992 1067//8992 1076//8992
f 1066//8993 1075//8993 983//8993
f 1066//8994 983//8994 974//8994
f 974//8995 983//8995 916//8995
f 916//8996 983//8996 923//8996
f 916//8997 923//8997 866//8997
f 916//8998 866//8998 857//8998
f 857//8999 866//8999 867//8999
f 857//9000 867//9000 858//9000
f 859//9001 858//9001 868//9001
f 868//9002 858//9002 867//9002
f 859//9003 868//9003 917//9003
f 917//9004 868//9004 924//9004
f 917//9005 924//9005 984//9005
f 917//9006 984//9006 975//9006
f 975//9007 984//9007 1077//9007
f 975//9008 1077//9008 1068//9008
f 1068//9009 1077//9009 1076//9009
f 1068//9010 1076//9010 1067//9010
f 1944//9011 1945//9011 1953//9011
f 1953//9012 1945//9012 1954//9012
f 1944//9013 1953//9013 1910//9013
f 1944//9014 1910//9014 1904//9014
f 1904//9015 1910//9015 1867//9015
f 1904//9016 1867//9016 1858//9016
f 1858//9017 1867//9017 1813//9017
f 1858//9018 1813//9018 1803//9018
f 1803//9019 1813//9019 1814//9019
f 1803//9020 1814//9020 1804//9020
f 1805//9021 1804//9021 1815//9021
f 1815//9022 1804//9022 1814//9022
f 1805//9023 1815//9023 1859//9023
f 1859//9024 1815//9024 1868//9024
f 1859//9025 1868//9025 1860//9025
f 1860//9026 1868//9026 1911//9026
f 1860//9027 1911//9027 1905//9027
f 1905//9028 1911//9028 1955//9028
f 1905//9029 1955//9029 1946//9029
f 1946//9030 1955//9030 1954//9030
f 1946//9031 1954//9031 1945//9031
f 1941//9032 1942//9032 1948//9032
f 1948//9033 1942//9033 1949//9033
f 1941//9034 1948//9034 1906//9034
f 1941//9035 1906//9035 1898//9035
f 1898//9036 1906//9036 1862//9036
f 1898//9037 1862//9037 1853//9037
f 1853//9038 1862//9038 1863//9038
f 1853//9039 1863//9039 1854//9039
f 1854//9040 1863//9040 1807//9040
f 1854//9041 1807//9041 1797//9041
f 1797//9042 1807//9042 1808//9042
f 1797//9043 1808//9043 1798//9043
f 1799//9044 1798//9044 1809//9044
f 1809//9045 1798//9045 1808//9045
f 1799//9046 1809//9046 1810//9046
f 1799//9047 1810//9047 1800//9047
f 1800//9048 1810//9048 1855//9048
f 1855//9049 1810//9049 1864//9049
f 1855//9050 1864//9050 1907//9050
f 1855//9051 1907//9051 1899//9051
f 1899//9052 1907//9052 1950//9052
f 1899//9053 1950//9053 1943//9053
f 1943//9054 1950//9054 1949//9054
f 1943//9055 1949//9055 1942//9055
f 2133//9056 2143//9056 2033//9056
f 2033//9057 2143//9057 2086//9057
f 2086//9058 2112//9058 2033//9058
f 2033//9059 2112//9059 2113//9059
f 2033//9060 2113//9060 2066//9060
f 2329//9061 2369//9061 2371//9061
f 2431//9062 2432//9062 2376//9062
f 2113//9063 2114//9063 2066//9063
f 1675//9064 2109//9064 1881//9064
f 1873//9065 2105//9065 1665//9065
f 2361//9066 2420//9066 2421//9066
f 2055//9067 2265//9067 2101//9067
f 2101//9068 2265//9068 2362//9068
f 2267//9069 2102//9069 2362//9069
f 2362//9070 2102//9070 2101//9070
f 2267//9071 2219//9071 2102//9071
f 2102//9072 2219//9072 1873//9072
f 2185//9073 2105//9073 2184//9073
f 2184//9074 2105//9074 1873//9074
f 2184//9075 1873//9075 2219//9075
f 2185//9076 2220//9076 2105//9076
f 2105//9077 2220//9077 2221//9077
f 2105//9078 2221//9078 2366//9078
f 2366//9079 2221//9079 2268//9079
f 2366//9080 2268//9080 2324//9080
f 2366//9081 2324//9081 2323//9081
f 2366//9082 2323//9082 2362//9082
f 2362//9083 2323//9083 2267//9083
f 1635//9084 1619//9084 1519//9084
f 1961//9085 1960//9085 2105//9085
f 1667//9086 1666//9086 1822//9086
f 1822//9087 1666//9087 1821//9087
f 1960//9088 1914//9088 2105//9088
f 2105//9089 1914//9089 1874//9089
f 2105//9090 1874//9090 1665//9090
f 1665//9091 1874//9091 1875//9091
f 1665//9092 1875//9092 1820//9092
f 1519//9093 1665//9093 1635//9093
f 1635//9094 1665//9094 1820//9094
f 1635//9095 1820//9095 1666//9095
f 1666//9096 1820//9096 1821//9096
f 1667//9097 1822//9097 1708//9097
f 1708//9098 1822//9098 1823//9098
f 1708//9099 1823//9099 1751//9099
f 1962//9100 2107//9100 1915//9100
f 1915//9101 2107//9101 1917//9101
f 1915//9102 1917//9102 1876//9102
f 1876//9103 1917//9103 1824//9103
f 1876//9104 1824//9104 1823//9104
f 1823//9105 1824//9105 1751//9105
f 536//9106 776//9106 777//9106
f 536//9107 777//9107 470//9107
f 470//9108 777//9108 471//9108
f 1025//9109 1165//9109 1026//9109
f 1026//9110 1165//9110 1166//9110
f 1519//9111 1619//9111 1557//9111
f 1519//9112 1557//9112 1308//9112
f 1308//9113 1557//9113 1498//9113
f 1308//9114 1498//9114 1022//9114
f 1022//9115 1498//9115 1311//9115
f 1022//9116 1311//9116 1243//9116
f 1022//9117 1243//9117 1165//9117
f 1022//9118 1165//9118 1025//9118
f 1022//9119 1025//9119 772//9119
f 772//9120 1025//9120 938//9120
f 772//9121 938//9121 667//9121
f 938//9122 882//9122 667//9122
f 667//9123 882//9123 883//9123
f 667//9124 883//9124 536//9124
f 1167//9125 1100//9125 1166//9125
f 1166//9126 1100//9126 1099//9126
f 1166//9127 1099//9127 1026//9127
f 887//9128 830//9128 885//9128
f 885//9129 830//9129 776//9129
f 885//9130 776//9130 884//9130
f 884//9131 776//9131 536//9131
f 884//9132 536//9132 883//9132
f 887//9133 885//9133 941//9133
f 941//9134 885//9134 939//9134
f 941//9135 939//9135 1031//9135
f 1031//9136 939//9136 1028//9136
f 1031//9137 1028//9137 1103//9137
f 1312//9138 1313//9138 1314//9138
f 1167//9139 1244//9139 1100//9139
f 1244//9140 1312//9140 1100//9140
f 1100//9141 1312//9141 1314//9141
f 1100//9142 1314//9142 1101//9142
f 1101//9143 1314//9143 1246//9143
f 1101//9144 1246//9144 1169//9144
f 1101//9145 1169//9145 1028//9145
f 1028//9146 1169//9146 1102//9146
f 1028//9147 1102//9147 1103//9147
f 840//9148 1175//9148 1176//9148
f 840//9149 1176//9149 1045//9149
f 1045//9150 1176//9150 1385//9150
f 777//9151 723//9151 471//9151
f 471//9152 723//9152 724//9152
f 471//9153 724//9153 472//9153
f 946//9154 893//9154 837//9154
f 724//9155 784//9155 472//9155
f 472//9156 784//9156 785//9156
f 472//9157 785//9157 537//9157
f 537//9158 785//9158 676//9158
f 676//9159 785//9159 837//9159
f 676//9160 837//9160 893//9160
f 1251//9161 1175//9161 1042//9161
f 837//9162 891//9162 946//9162
f 946//9163 891//9163 1041//9163
f 1041//9164 891//9164 944//9164
f 893//9165 894//9165 676//9165
f 676//9166 894//9166 895//9166
f 676//9167 895//9167 840//9167
f 840//9168 895//9168 1175//9168
f 1175//9169 895//9169 948//9169
f 1175//9170 948//9170 1042//9170
f 1316//9171 1317//9171 1109//9171
f 944//9172 1039//9172 1041//9172
f 1041//9173 1039//9173 1106//9173
f 1041//9174 1106//9174 1171//9174
f 1041//9175 1171//9175 1107//9175
f 1107//9176 1171//9176 1248//9176
f 1107//9177 1248//9177 1108//9177
f 1108//9178 1248//9178 1316//9178
f 1108//9179 1316//9179 1109//9179
f 1251//9180 1042//9180 1109//9180
f 1251//9181 1109//9181 1319//9181
f 1319//9182 1109//9182 1317//9182
f 1319//9183 1317//9183 1318//9183
f 1561//9184 1529//9184 1385//9184
f 1385//9185 1529//9185 1322//9185
f 1385//9186 1322//9186 1045//9186
f 1529//9187 1561//9187 1621//9187
f 1529//9188 1621//9188 1675//9188
f 1675//9189 1621//9189 1638//9189
f 1672//9190 1826//9190 1638//9190
f 1638//9191 1826//9191 1827//9191
f 1638//9192 1827//9192 1675//9192
f 1675//9193 1827//9193 1828//9193
f 1825//9194 1878//9194 1777//9194
f 1777//9195 1878//9195 1826//9195
f 1777//9196 1826//9196 1710//9196
f 1826//9197 1672//9197 1671//9197
f 1826//9198 1671//9198 1711//9198
f 1826//9199 1711//9199 1710//9199
f 1828//9200 1880//9200 1675//9200
f 1675//9201 1880//9201 1919//9201
f 1675//9202 1919//9202 2109//9202
f 2109//9203 1919//9203 1965//9203
f 2223//9204 1964//9204 1963//9204
f 2223//9205 1963//9205 2005//9205
f 2005//9206 1963//9206 1918//9206
f 2005//9207 1918//9207 1825//9207
f 1825//9208 1918//9208 1878//9208
f 2114//9209 2113//9209 2275//9209
f 2225//9210 2109//9210 2272//9210
f 2272//9211 2109//9211 2371//9211
f 2272//9212 2371//9212 2273//9212
f 1881//9213 2190//9213 2112//9213
f 2112//9214 2190//9214 2226//9214
f 2333//9215 2376//9215 2274//9215
f 2274//9216 2376//9216 2334//9216
f 2274//9217 2334//9217 2226//9217
f 2226//9218 2334//9218 2275//9218
f 2226//9219 2275//9219 2112//9219
f 2112//9220 2275//9220 2113//9220
f 2109//9221 2225//9221 2189//9221
f 2109//9222 2189//9222 1881//9222
f 1881//9223 2189//9223 2190//9223
f 2371//9224 2332//9224 2331//9224
f 2371//9225 2331//9225 2273//9225
f 2431//9226 2376//9226 2429//9226
f 2333//9227 2332//9227 2376//9227
f 2376//9228 2332//9228 2371//9228
f 2376//9229 2371//9229 2429//9229
f 2429//9230 2371//9230 2369//9230
f 2429//9231 2369//9231 2428//9231
f 1965//9232 1964//9232 2109//9232
f 2109//9233 1964//9233 2223//9233
f 2109//9234 2223//9234 2371//9234
f 2371//9235 2223//9235 2329//9235
f 1962//9236 1961//9236 2107//9236
f 2107//9237 1961//9237 2105//9237
f 2107//9238 2105//9238 2327//9238
f 2327//9239 2105//9239 2366//9239
f 2327//9240 2366//9240 2368//9240
f 2425//9241 2368//9241 2424//9241
f 2424//9242 2368//9242 2366//9242
f 2424//9243 2366//9243 2421//9243
f 2421//9244 2366//9244 2362//9244
f 2421//9245 2362//9245 2361//9245
f 2361//9246 2362//9246 2265//9246
f 2361//9247 2265//9247 2322//9247
f 2028//9248 2055//9248 2101//9248
f 2138//9249 2128//9249 2079//9249
f 2079//9250 2128//9250 2028//9250
f 2028//9251 2101//9251 2079//9251
f 2079//9252 2101//9252 2102//9252
f 551//9253 282//9253 541//9253
f 541//9254 282//9254 274//9254
f 541//9255 274//9255 275//9255
f 541//9256 275//9256 542//9256
f 464//9257 465//9257 334//9257
f 554//9258 285//9258 558//9258
f 558//9259 285//9259 295//9259
f 307//9260 631//9260 295//9260
f 295//9261 631//9261 626//9261
f 295//9262 626//9262 558//9262
f 647//9263 643//9263 309//9263
f 309//9264 643//9264 639//9264
f 309//9265 639//9265 307//9265
f 307//9266 639//9266 634//9266
f 307//9267 634//9267 631//9267
f 647//9268 309//9268 650//9268
f 650//9269 309//9269 311//9269
f 650//9270 311//9270 656//9270
f 313//9271 588//9271 584//9271
f 313//9272 584//9272 311//9272
f 311//9273 584//9273 656//9273
f 325//9274 520//9274 320//9274
f 320//9275 520//9275 516//9275
f 516//9276 512//9276 320//9276
f 320//9277 512//9277 597//9277
f 320//9278 597//9278 313//9278
f 313//9279 597//9279 593//9279
f 313//9280 593//9280 588//9280
f 334//9281 465//9281 330//9281
f 330//9282 465//9282 466//9282
f 330//9283 466//9283 453//9283
f 453//9284 454//9284 330//9284
f 330//9285 454//9285 325//9285
f 325//9286 454//9286 448//9286
f 325//9287 448//9287 520//9287
f 464//9288 334//9288 463//9288
f 463//9289 334//9289 332//9289
f 463//9290 332//9290 462//9290
f 462//9291 332//9291 461//9291
f 461//9292 332//9292 460//9292
f 460//9293 332//9293 331//9293
f 460//9294 331//9294 459//9294
f 451//9295 452//9295 327//9295
f 327//9296 452//9296 331//9296
f 331//9297 452//9297 458//9297
f 331//9298 458//9298 459//9298
f 451//9299 327//9299 447//9299
f 447//9300 327//9300 322//9300
f 447//9301 322//9301 523//9301
f 317//9302 595//9302 596//9302
f 596//9303 515//9303 317//9303
f 317//9304 515//9304 322//9304
f 322//9305 515//9305 519//9305
f 322//9306 519//9306 523//9306
f 595//9307 317//9307 592//9307
f 592//9308 317//9308 312//9308
f 592//9309 312//9309 590//9309
f 655//9310 657//9310 310//9310
f 310//9311 657//9311 583//9311
f 310//9312 583//9312 312//9312
f 312//9313 583//9313 587//9313
f 312//9314 587//9314 590//9314
f 308//9315 642//9315 646//9315
f 308//9316 646//9316 310//9316
f 310//9317 646//9317 653//9317
f 310//9318 653//9318 655//9318
f 642//9319 308//9319 636//9319
f 636//9320 308//9320 306//9320
f 636//9321 306//9321 633//9321
f 290//9322 625//9322 630//9322
f 290//9323 630//9323 306//9323
f 306//9324 630//9324 633//9324
f 625//9325 290//9325 557//9325
f 557//9326 290//9326 282//9326
f 557//9327 282//9327 551//9327
f 547//9328 280//9328 548//9328
f 548//9329 280//9329 281//9329
f 548//9330 281//9330 285//9330
f 548//9331 285//9331 554//9331
f 1907//9332 1864//9332 1951//9332
f 984//9333 924//9333 988//9333
f 275//9334 280//9334 542//9334
f 542//9335 280//9335 547//9335
f 988//9336 924//9336 808//9336
f 739//9337 621//9337 1144//9337
f 863//9338 542//9338 920//9338
f 920//9339 542//9339 547//9339
f 920//9340 547//9340 624//9340
f 1072//9341 1220//9341 1219//9341
f 1654//9342 1630//9342 1813//9342
f 1224//9343 1223//9343 1077//9343
f 1951//9344 1864//9344 1811//9344
f 1811//9345 1864//9345 1810//9345
f 1869//9346 1630//9346 1657//9346
f 1657//9347 1630//9347 1613//9347
f 1657//9348 1613//9348 1513//9348
f 1222//9349 1076//9349 1223//9349
f 1223//9350 1076//9350 1077//9350
f 1808//9351 1807//9351 1861//9351
f 1869//9352 1815//9352 1630//9352
f 1630//9353 1815//9353 1814//9353
f 1630//9354 1814//9354 1813//9354
f 2086//9355 1911//9355 1869//9355
f 1869//9356 1911//9356 1868//9356
f 1869//9357 1868//9357 1815//9357
f 2138//9358 1949//9358 2139//9358
f 2139//9359 1949//9359 1950//9359
f 2139//9360 1950//9360 2140//9360
f 1907//9361 1951//9361 1950//9361
f 1950//9362 1951//9362 2081//9362
f 1950//9363 2081//9363 2140//9363
f 2142//9364 1954//9364 2143//9364
f 2143//9365 1954//9365 2086//9365
f 2086//9366 1954//9366 1955//9366
f 2086//9367 1955//9367 1911//9367
f 866//9368 923//9368 1221//9368
f 1221//9369 923//9369 983//9369
f 1221//9370 983//9370 1276//9370
f 1072//9371 1219//9371 1218//9371
f 1072//9372 1218//9372 981//9372
f 981//9373 1218//9373 1275//9373
f 1651//9374 1809//9374 1808//9374
f 1651//9375 1808//9375 1861//9375
f 1651//9376 1861//9376 1629//9376
f 1629//9377 1861//9377 1648//9377
f 1629//9378 1648//9378 1612//9378
f 1612//9379 1648//9379 1511//9379
f 1612//9380 1511//9380 1474//9380
f 1807//9381 1863//9381 1861//9381
f 1861//9382 1863//9382 1862//9382
f 1861//9383 1862//9383 2079//9383
f 2079//9384 1862//9384 1906//9384
f 2079//9385 1906//9385 2138//9385
f 2138//9386 1906//9386 1948//9386
f 2138//9387 1948//9387 1949//9387
f 2142//9388 2141//9388 1954//9388
f 1954//9389 2141//9389 2084//9389
f 1954//9390 2084//9390 1953//9390
f 1953//9391 2084//9391 1910//9391
f 1910//9392 2084//9392 1952//9392
f 1910//9393 1952//9393 1867//9393
f 1513//9394 1613//9394 1581//9394
f 1513//9395 1581//9395 1281//9395
f 1281//9396 1581//9396 1416//9396
f 1281//9397 1416//9397 988//9397
f 988//9398 1416//9398 1225//9398
f 988//9399 1225//9399 1224//9399
f 988//9400 1224//9400 984//9400
f 984//9401 1224//9401 1077//9401
f 924//9402 868//9402 808//9402
f 808//9403 868//9403 867//9403
f 863//9404 862//9404 542//9404
f 542//9405 862//9405 861//9405
f 542//9406 861//9406 621//9406
f 621//9407 861//9407 860//9407
f 621//9408 860//9408 1144//9408
f 1144//9409 860//9409 919//9409
f 1144//9410 919//9410 980//9410
f 981//9411 1217//9411 980//9411
f 980//9412 1217//9412 1145//9412
f 980//9413 1145//9413 1144//9413
f 1144//9414 1143//9414 739//9414
f 739//9415 1143//9415 976//9415
f 976//9416 1143//9416 1215//9416
f 976//9417 1215//9417 1474//9417
f 976//9418 1474//9418 1271//9418
f 1271//9419 1474//9419 1511//9419
f 1651//9420 1652//9420 1809//9420
f 1809//9421 1652//9421 1692//9421
f 1809//9422 1692//9422 1810//9422
f 1810//9423 1692//9423 1734//9423
f 1810//9424 1734//9424 1811//9424
f 1693//9425 1694//9425 1813//9425
f 1813//9426 1694//9426 1653//9426
f 1813//9427 1653//9427 1654//9427
f 1867//9428 1952//9428 1812//9428
f 1867//9429 1812//9429 1813//9429
f 1813//9430 1812//9430 1774//9430
f 1813//9431 1774//9431 1693//9431
f 624//9432 808//9432 920//9432
f 920//9433 808//9433 867//9433
f 920//9434 867//9434 982//9434
f 982//9435 867//9435 866//9435
f 982//9436 866//9436 1074//9436
f 1074//9437 866//9437 1221//9437
f 1074//9438 1221//9438 1220//9438
f 1074//9439 1220//9439 1073//9439
f 1073//9440 1220//9440 1072//9440
f 1076//9441 1222//9441 1545//9441
f 1076//9442 1545//9442 1580//9442
f 1580//9443 1579//9443 1076//9443
f 1076//9444 1579//9444 1544//9444
f 1076//9445 1544//9445 1075//9445
f 1075//9446 1544//9446 1512//9446
f 1075//9447 1512//9447 983//9447
f 983//9448 1512//9448 1413//9448
f 983//9449 1413//9449 1412//9449
f 983//9450 1412//9450 1276//9450
f 1275//9451 1274//9451 981//9451
f 981//9452 1274//9452 1273//9452
f 981//9453 1273//9453 1217//9453
f 1476//9454 1475//9454 1410//9454
f 1412//9455 1411//9455 1276//9455
f 1276//9456 1411//9456 1476//9456
f 1276//9457 1476//9457 1346//9457
f 1346//9458 1476//9458 1410//9458
f 595//9459 592//9459 667//9459
f 592//9460 590//9460 667//9460
f 667//9461 590//9461 587//9461
f 667//9462 587//9462 583//9462
f 583//9463 657//9463 667//9463
f 667//9464 657//9464 655//9464
f 667//9465 655//9465 653//9465
f 653//9466 646//9466 667//9466
f 667//9467 646//9467 642//9467
f 636//9468 633//9468 621//9468
f 621//9469 633//9469 630//9469
f 621//9470 630//9470 625//9470
f 625//9471 557//9471 621//9471
f 621//9472 557//9472 551//9472
f 621//9473 551//9473 541//9473
f 621//9474 541//9474 542//9474
f 451//9475 536//9475 452//9475
f 452//9476 536//9476 470//9476
f 451//9477 447//9477 536//9477
f 536//9478 447//9478 523//9478
f 536//9479 523//9479 519//9479
f 519//9480 515//9480 536//9480
f 536//9481 515//9481 667//9481
f 667//9482 515//9482 596//9482
f 667//9483 596//9483 595//9483
f 471//9484 462//9484 461//9484
f 459//9485 458//9485 470//9485
f 470//9486 458//9486 452//9486
f 471//9487 461//9487 470//9487
f 470//9488 461//9488 460//9488
f 470//9489 460//9489 459//9489
f 466//9490 465//9490 472//9490
f 472//9491 465//9491 464//9491
f 472//9492 464//9492 471//9492
f 471//9493 464//9493 463//9493
f 471//9494 463//9494 462//9494
f 516//9495 520//9495 537//9495
f 537//9496 520//9496 448//9496
f 448//9497 454//9497 537//9497
f 537//9498 454//9498 472//9498
f 472//9499 454//9499 453//9499
f 472//9500 453//9500 466//9500
f 547//9501 548//9501 624//9501
f 548//9502 554//9502 624//9502
f 624//9503 554//9503 558//9503
f 624//9504 558//9504 626//9504
f 626//9505 631//9505 624//9505
f 624//9506 631//9506 634//9506
f 624//9507 634//9507 639//9507
f 639//9508 643//9508 676//9508
f 676//9509 643//9509 647//9509
f 676//9510 647//9510 650//9510
f 650//9511 656//9511 676//9511
f 676//9512 656//9512 584//9512
f 584//9513 588//9513 676//9513
f 676//9514 588//9514 593//9514
f 593//9515 597//9515 676//9515
f 676//9516 597//9516 512//9516
f 676//9517 512//9517 537//9517
f 537//9518 512//9518 516//9518
f 2079//9519 2102//9519 1873//9519
f 2079//9520 1873//9520 1861//9520
f 1861//9521 1873//9521 1665//9521
f 1861//9522 1665//9522 1648//9522
f 1648//9523 1665//9523 1519//9523
f 1648//9524 1519//9524 1511//9524
f 1511//9525 1519//9525 1308//9525
f 1511//9526 1308//9526 1271//9526
f 1271//9527 1308//9527 1022//9527
f 1271//9528 1022//9528 976//9528
f 976//9529 1022//9529 772//9529
f 976//9530 772//9530 739//9530
f 739//9531 772//9531 667//9531
f 739//9532 667//9532 621//9532
f 621//9533 667//9533 642//9533
f 621//9534 642//9534 636//9534
f 639//9535 676//9535 624//9535
f 624//9536 676//9536 840//9536
f 624//9537 840//9537 808//9537
f 808//9538 840//9538 1045//9538
f 808//9539 1045//9539 988//9539
f 988//9540 1045//9540 1322//9540
f 988//9541 1322//9541 1281//9541
f 1281//9542 1322//9542 1529//9542
f 1281//9543 1529//9543 1513//9543
f 1513//9544 1529//9544 1675//9544
f 1513//9545 1675//9545 1657//9545
f 1657//9546 1675//9546 1881//9546
f 1657//9547 1881//9547 1869//9547
f 1869//9548 1881//9548 2112//9548
f 1869//9549 2112//9549 2086//9549
f 3414//9550 3415//9550 3402//9550
f 2932//9551 3005//9551 3200//9551
f 3005//9552 3006//9552 3281//9552
f 3281//9553 3200//9553 3005//9553
f 3300//9554 3018//9554 3025//9554
f 3300//9555 3025//9555 3307//9555
f 3068//9556 3307//9556 3025//9556
f 3402//9557 3307//9557 3068//9557
f 3402//9558 3068//9558 3071//9558
f 3402//9559 3071//9559 3414//9559
f 4090//9560 3987//9560 3991//9560
f 3903//9561 3991//9561 3902//9561
f 3903//9562 3992//9562 3991//9562
f 3991//9563 3992//9563 4099//9563
f 3991//9564 4099//9564 4090//9564
f 4090//9565 4099//9565 4188//9565
f 4090//9566 4188//9566 4180//9566
f 2967//9567 2956//9567 2957//9567
f 2967//9568 2957//9568 2968//9568
f 2956//9569 2950//9569 2951//9569
f 2956//9570 2951//9570 2957//9570
f 3035//9571 3073//9571 3032//9571
f 3033//9572 2968//9572 2957//9572
f 2956//9573 2967//9573 3032//9573
f 3032//9574 2967//9574 2968//9574
f 3032//9575 2968//9575 3033//9575
f 3032//9576 3033//9576 3035//9576
f 3831//9577 3653//9577 3071//9577
f 3071//9578 3653//9578 3514//9578
f 3071//9579 3514//9579 3414//9579
f 3414//9580 3514//9580 3415//9580
f 3899//9581 4285//9581 3071//9581
f 3071//9582 4285//9582 4091//9582
f 3071//9583 4091//9583 3831//9583
f 3281//9584 3006//9584 3300//9584
f 3300//9585 3006//9585 3018//9585
f 3503//9586 3403//9586 3502//9586
f 3502//9587 3403//9587 3402//9587
f 3300//9588 3307//9588 3301//9588
f 3301//9589 3307//9589 3403//9589
f 3301//9590 3403//9590 3395//9590
f 3307//9591 3402//9591 3403//9591
f 3403//9592 3503//9592 3395//9592
f 3395//9593 3503//9593 3497//9593
f 3109//9594 3903//9594 3902//9594
f 4488//9595 4636//9595 4188//9595
f 4616//9596 4172//9596 4627//9596
f 4627//9597 4172//9597 4180//9597
f 4188//9598 4636//9598 4180//9598
f 4180//9599 4636//9599 4627//9599
f 4488//9600 4188//9600 4505//9600
f 4505//9601 4188//9601 4099//9601
f 3992//9602 3903//9602 4291//9602
f 4505//9603 4099//9603 3992//9603
f 4505//9604 3992//9604 4396//9604
f 4396//9605 3992//9605 4397//9605
f 4397//9606 3992//9606 4291//9606
f 3163//9607 3222//9607 3169//9607
f 3169//9608 3222//9608 3229//9608
f 3228//9609 3229//9609 3317//9609
f 3228//9610 3317//9610 3316//9610
f 3316//9611 3317//9611 3419//9611
f 2933//9612 2951//9612 2932//9612
f 2932//9613 2951//9613 2950//9613
f 3419//9614 3109//9614 3073//9614
f 3419//9615 3073//9615 3316//9615
f 3316//9616 3073//9616 3035//9616
f 3033//9617 3228//9617 3035//9617
f 3035//9618 3228//9618 3316//9618
f 2957//9619 3169//9619 3229//9619
f 2957//9620 3229//9620 3033//9620
f 3033//9621 3229//9621 3228//9621
f 3169//9622 2957//9622 2951//9622
f 3169//9623 2951//9623 3163//9623
f 2460//9624 2461//9624 2498//9624
f 3148//9625 3093//9625 3092//9625
f 3148//9626 3092//9626 3145//9626
f 3146//9627 3145//9627 3092//9627
f 2447//9628 2450//9628 2446//9628
f 2446//9629 2450//9629 2449//9629
f 2446//9630 2449//9630 2454//9630
f 2446//9631 2454//9631 2459//9631
f 2459//9632 2458//9632 2446//9632
f 2446//9633 2458//9633 2463//9633
f 2463//9634 2462//9634 2446//9634
f 2446//9635 2462//9635 2461//9635
f 2446//9636 2461//9636 2460//9636
f 2121//9637 2021//9637 2124//9637
f 2124//9638 2021//9638 2024//9638
f 2166//9639 2201//9639 2200//9639
f 2200//9640 2165//9640 2166//9640
f 2237//9641 2236//9641 2200//9641
f 2200//9642 2236//9642 2198//9642
f 2200//9643 2198//9643 2163//9643
f 2200//9644 2163//9644 2165//9644
f 2165//9645 2163//9645 2166//9645
f 2166//9646 2163//9646 2164//9646
f 2166//9647 2164//9647 2123//9647
f 2123//9648 2164//9648 2120//9648
f 2123//9649 2120//9649 2121//9649
f 2123//9650 2121//9650 2124//9650
f 2534//9651 2533//9651 2607//9651
f 2607//9652 2533//9652 2606//9652
f 2607//9653 2606//9653 2693//9653
f 2693//9654 2606//9654 2773//9654
f 2693//9655 2773//9655 2774//9655
f 2774//9656 2773//9656 2861//9656
f 3120//9657 2934//9657 3089//9657
f 2933//9658 2932//9658 3089//9658
f 3089//9659 2932//9659 3200//9659
f 3089//9660 3200//9660 3120//9660
f 3120//9661 3090//9661 2934//9661
f 2934//9662 3090//9662 3050//9662
f 2934//9663 3050//9663 2773//9663
f 2773//9664 3050//9664 2935//9664
f 2773//9665 2935//9665 2861//9665
f 2498//9666 2491//9666 2460//9666
f 2460//9667 2491//9667 2446//9667
f 2284//9668 2236//9668 2237//9668
f 2345//9669 2446//9669 2444//9669
f 2201//9670 2345//9670 2200//9670
f 2200//9671 2345//9671 2237//9671
f 2237//9672 2345//9672 2284//9672
f 2284//9673 2345//9673 2444//9673
f 2534//9674 2535//9674 2531//9674
f 2531//9675 2532//9675 2530//9675
f 2531//9676 2530//9676 2492//9676
f 2531//9677 2492//9677 2495//9677
f 2531//9678 2495//9678 2497//9678
f 2531//9679 2497//9679 2534//9679
f 2494//9680 2497//9680 2495//9680
f 2533//9681 2534//9681 2496//9681
f 2534//9682 2497//9682 2496//9682
f 2496//9683 2497//9683 2494//9683
f 2496//9684 2494//9684 2493//9684
f 4239//9685 4240//9685 4242//9685
f 4341//9686 4239//9686 4342//9686
f 4342//9687 4239//9687 4242//9687
f 4342//9688 4242//9688 4343//9688
f 4242//9689 4241//9689 4240//9689
f 4240//9690 4241//9690 4239//9690
f 4241//9691 4242//9691 4239//9691
f 4241//9692 4242//9692 4254//9692
f 4254//9693 4242//9693 4255//9693
f 4242//9694 4255//9694 4352//9694
f 4242//9695 4352//9695 4343//9695
f 4071//9696 4461//9696 4468//9696
f 4071//9697 4468//9697 4077//9697
f 4077//9698 4468//9698 4483//9698
f 4077//9699 4483//9699 3981//9699
f 3981//9700 4483//9700 4372//9700
f 3981//9701 4372//9701 4285//9701
f 3981//9702 4285//9702 3899//9702
f 4255//9703 4165//9703 4062//9703
f 4164//9704 4352//9704 4255//9704
f 4255//9705 4254//9705 4164//9705
f 4062//9706 4164//9706 4254//9706
f 4062//9707 4254//9707 4255//9707
f 3032//9708 3068//9708 2956//9708
f 2956//9709 3068//9709 3025//9709
f 3018//9710 2950//9710 3025//9710
f 3981//9711 4090//9711 4180//9711
f 3981//9712 4180//9712 4077//9712
f 4090//9713 3981//9713 3987//9713
f 3006//9714 3005//9714 2932//9714
f 3006//9715 2932//9715 3018//9715
f 3018//9716 2932//9716 2950//9716
f 4164//9717 4062//9717 4172//9717
f 4172//9718 4062//9718 4071//9718
f 4172//9719 4071//9719 4180//9719
f 4180//9720 4071//9720 4077//9720
f 3899//9721 3902//9721 3981//9721
f 3981//9722 3902//9722 3991//9722
f 3981//9723 3991//9723 3987//9723
f 3068//9724 3032//9724 3073//9724
f 3068//9725 3073//9725 3071//9725
f 3071//9726 3073//9726 3109//9726
f 3071//9727 3109//9727 3899//9727
f 3899//9728 3109//9728 3902//9728
f 4463//9729 4470//9729 4462//9729
f 4462//9730 4470//9730 4469//9730
f 4461//9731 4462//9731 4468//9731
f 4468//9732 4462//9732 4469//9732
f 4468//9733 4469//9733 4484//9733
f 4468//9734 4484//9734 4483//9734
f 4483//9735 4484//9735 4372//9735
f 4285//9736 4372//9736 4373//9736
f 4373//9737 4372//9737 4484//9737
f 4373//9738 4484//9738 4469//9738
f 2490//9739 2492//9739 2530//9739
f 2490//9740 2530//9740 2529//9740
f 3763//9741 3761//9741 3685//9741
f 3763//9742 3685//9742 3572//9742
f 3572//9743 3685//9743 3490//9743
f 3572//9744 3490//9744 3497//9744
f 3761//9745 3763//9745 3812//9745
f 3812//9746 3763//9746 3977//9746
f 3812//9747 3977//9747 3969//9747
f 4173//9748 4072//9748 3977//9748
f 3977//9749 4072//9749 3969//9749
f 4173//9750 4258//9750 4167//9750
f 4173//9751 4167//9751 4072//9751
f 4463//9752 4258//9752 4470//9752
f 4470//9753 4258//9753 4173//9753
f 4470//9754 4173//9754 4469//9754
f 4373//9755 4469//9755 4173//9755
f 3881//9756 4173//9756 3977//9756
f 3881//9757 3977//9757 3689//9757
f 3689//9758 3977//9758 3763//9758
f 3689//9759 3763//9759 3497//9759
f 3497//9760 3763//9760 3572//9760
f 4181//9761 4373//9761 4173//9761
f 4181//9762 4173//9762 3892//9762
f 3892//9763 4173//9763 3881//9763
f 3892//9764 3881//9764 3701//9764
f 3701//9765 3881//9765 3689//9765
f 3701//9766 3689//9766 3503//9766
f 3503//9767 3689//9767 3497//9767
f 3503//9768 3497//9768 3572//9768
f 4285//9769 4373//9769 4083//9769
f 4083//9770 4373//9770 4181//9770
f 4083//9771 4181//9771 3891//9771
f 3891//9772 4181//9772 3892//9772
f 3891//9773 3892//9773 3700//9773
f 3700//9774 3892//9774 3701//9774
f 3700//9775 3701//9775 3502//9775
f 3502//9776 3701//9776 3503//9776
f 4285//9777 4083//9777 4091//9777
f 4091//9778 4083//9778 3891//9778
f 4091//9779 3891//9779 3831//9779
f 3831//9780 3891//9780 3700//9780
f 3831//9781 3700//9781 3653//9781
f 3653//9782 3700//9782 3502//9782
f 3653//9783 3502//9783 3514//9783
f 3514//9784 3502//9784 3402//9784
f 3514//9785 3402//9785 3415//9785
f 3490//9786 3462//9786 3497//9786
f 3367//9787 3395//9787 3497//9787
f 3367//9788 3497//9788 3462//9788
f 3282//9789 3395//9789 3367//9789
f 3282//9790 3301//9790 3395//9790
f 3281//9791 3300//9791 3282//9791
f 3282//9792 3300//9792 3301//9792
f 3200//9793 3201//9793 3278//9793
f 3445//9794 3446//9794 3459//9794
f 3266//9795 3279//9795 3349//9795
f 3200//9796 3277//9796 3278//9796
f 3278//9797 3364//9797 3279//9797
f 3279//9798 3364//9798 3365//9798
f 3279//9799 3365//9799 3349//9799
f 3365//9800 3364//9800 3460//9800
f 3365//9801 3460//9801 3349//9801
f 3200//9802 3281//9802 3277//9802
f 3277//9803 3281//9803 3282//9803
f 3277//9804 3282//9804 3278//9804
f 3278//9805 3282//9805 3367//9805
f 3278//9806 3367//9806 3364//9806
f 3364//9807 3367//9807 3462//9807
f 3364//9808 3462//9808 3460//9808
f 3460//9809 3462//9809 3459//9809
f 3460//9810 3459//9810 3349//9810
f 3349//9811 3459//9811 3446//9811
f 3349//9812 3446//9812 3347//9812
f 3349//9813 3347//9813 3266//9813
f 3266//9814 3347//9814 3264//9814
f 2607//9815 2693//9815 2694//9815
f 3050//9816 3090//9816 3091//9816
f 3120//9817 3200//9817 3278//9817
f 2774//9818 2861//9818 2862//9818
f 2862//9819 2861//9819 2935//9819
f 2534//9820 2607//9820 2694//9820
f 2534//9821 2694//9821 2535//9821
f 2535//9822 2694//9822 2695//9822
f 2535//9823 2695//9823 2690//9823
f 2535//9824 2690//9824 2531//9824
f 2531//9825 2690//9825 2532//9825
f 2532//9826 2690//9826 2685//9826
f 2532//9827 2685//9827 2530//9827
f 2530//9828 2685//9828 2597//9828
f 3090//9829 3120//9829 3091//9829
f 3091//9830 3120//9830 3278//9830
f 3091//9831 3278//9831 3279//9831
f 3091//9832 3279//9832 3086//9832
f 3086//9833 3279//9833 3266//9833
f 3086//9834 3266//9834 3087//9834
f 3087//9835 3266//9835 3083//9835
f 3083//9836 3266//9836 3264//9836
f 3083//9837 3264//9837 3185//9837
f 3083//9838 2846//9838 2849//9838
f 3083//9839 2849//9839 3087//9839
f 3087//9840 2849//9840 2848//9840
f 3087//9841 2848//9841 3086//9841
f 3086//9842 2848//9842 2862//9842
f 3086//9843 2862//9843 3091//9843
f 3091//9844 2862//9844 2935//9844
f 3091//9845 2935//9845 3050//9845
f 3083//9846 3044//9846 2846//9846
f 2804//9847 2685//9847 2846//9847
f 2846//9848 2685//9848 2690//9848
f 2846//9849 2690//9849 2849//9849
f 2849//9850 2690//9850 2848//9850
f 2848//9851 2690//9851 2695//9851
f 2848//9852 2695//9852 2862//9852
f 2862//9853 2695//9853 2694//9853
f 2862//9854 2694//9854 2693//9854
f 2862//9855 2693//9855 2774//9855
f 4343//9856 4594//9856 4342//9856
f 4342//9857 4594//9857 4716//9857
f 4716//9858 4341//9858 4342//9858
f 4238//9859 4239//9859 4340//9859
f 4340//9860 4239//9860 4447//9860
f 4447//9861 4239//9861 4341//9861
f 4447//9862 4446//9862 4340//9862
f 4589//9863 4713//9863 4712//9863
f 4589//9864 4712//9864 4588//9864
f 4713//9865 5029//9865 5028//9865
f 4595//9866 4596//9866 4718//9866
f 4718//9867 4596//9867 4593//9867
f 4595//9868 4718//9868 4719//9868
f 4719//9869 4718//9869 4717//9869
f 4594//9870 4719//9870 4716//9870
f 4716//9871 4719//9871 4717//9871
f 4164//9872 4172//9872 4352//9872
f 4352//9873 4172//9873 4616//9873
f 4352//9874 4616//9874 4343//9874
f 4343//9875 4616//9875 4594//9875
f 4618//9876 4630//9876 4619//9876
f 4491//9877 4630//9877 4638//9877
f 4491//9878 4638//9878 4507//9878
f 4507//9879 4638//9879 4490//9879
f 4629//9880 4637//9880 4638//9880
f 4628//9881 4724//9881 4723//9881
f 4723//9882 4724//9882 4616//9882
f 4630//9883 4629//9883 4638//9883
f 4608//9884 4618//9884 4619//9884
f 4630//9885 4618//9885 4617//9885
f 4630//9886 4617//9886 4629//9886
f 4629//9887 4617//9887 4725//9887
f 4629//9888 4725//9888 4724//9888
f 4637//9889 4629//9889 4628//9889
f 4628//9890 4629//9890 4724//9890
f 4506//9891 4396//9891 4397//9891
f 4506//9892 4397//9892 4398//9892
f 4396//9893 4506//9893 4505//9893
f 4505//9894 4506//9894 4489//9894
f 4637//9895 4636//9895 4489//9895
f 4489//9896 4636//9896 4488//9896
f 4489//9897 4488//9897 4505//9897
f 4636//9898 4637//9898 4627//9898
f 4627//9899 4628//9899 4616//9899
f 4616//9900 4628//9900 4723//9900
f 4628//9901 4627//9901 4637//9901
f 4489//9902 4638//9902 4637//9902
f 4638//9903 4489//9903 4490//9903
f 4490//9904 4489//9904 4506//9904
f 4490//9905 4506//9905 4507//9905
f 4507//9906 4506//9906 4398//9906
f 3419//9907 3596//9907 3109//9907
f 3596//9908 3713//9908 3109//9908
f 3109//9909 3713//9909 3784//9909
f 3109//9910 3784//9910 3832//9910
f 4291//9911 3903//9911 4100//9911
f 4100//9912 3903//9912 3109//9912
f 4100//9913 3109//9913 3993//9913
f 3993//9914 3109//9914 3832//9914
f 3573//9915 3583//9915 3498//9915
f 3583//9916 3591//9916 3516//9916
f 3516//9917 3591//9917 3590//9917
f 3629//9918 3634//9918 3573//9918
f 3396//9919 3498//9919 3504//9919
f 3504//9920 3498//9920 3516//9920
f 3516//9921 3498//9921 3583//9921
f 3302//9922 3396//9922 3308//9922
f 3308//9923 3396//9923 3404//9923
f 3404//9924 3396//9924 3417//9924
f 3417//9925 3396//9925 3504//9925
f 3417//9926 3504//9926 3516//9926
f 3516//9927 3504//9927 3515//9927
f 3515//9928 3516//9928 3590//9928
f 3216//9929 3302//9929 3217//9929
f 3217//9930 3302//9930 3308//9930
f 3315//9931 3308//9931 3404//9931
f 3315//9932 3404//9932 3416//9932
f 3416//9933 3404//9933 3417//9933
f 3416//9934 3417//9934 3421//9934
f 3421//9935 3417//9935 3516//9935
f 3421//9936 3516//9936 3522//9936
f 3522//9937 3516//9937 3515//9937
f 3216//9938 3217//9938 3223//9938
f 3223//9939 3217//9939 3308//9939
f 3223//9940 3308//9940 3230//9940
f 3230//9941 3308//9941 3314//9941
f 3314//9942 3308//9942 3315//9942
f 3314//9943 3315//9943 3318//9943
f 3318//9944 3315//9944 3416//9944
f 3318//9945 3416//9945 3420//9945
f 3420//9946 3416//9946 3421//9946
f 3420//9947 3421//9947 3522//9947
f 3420//9948 3522//9948 3521//9948
f 3521//9949 3522//9949 3515//9949
f 3522//9950 3515//9950 3590//9950
f 3163//9951 3216//9951 3222//9951
f 3222//9952 3216//9952 3223//9952
f 3222//9953 3223//9953 3229//9953
f 3229//9954 3223//9954 3230//9954
f 3229//9955 3230//9955 3314//9955
f 3229//9956 3314//9956 3317//9956
f 3317//9957 3314//9957 3318//9957
f 3317//9958 3318//9958 3420//9958
f 3317//9959 3420//9959 3419//9959
f 3419//9960 3420//9960 3521//9960
f 3148//9961 3163//9961 3093//9961
f 3093//9962 3163//9962 2951//9962
f 3093//9963 2951//9963 3089//9963
f 3089//9964 2951//9964 2933//9964
f 3146//9965 3092//9965 3007//9965
f 3007//9966 3092//9966 2936//9966
f 3007//9967 2936//9967 2776//9967
f 2776//9968 2936//9968 2775//9968
f 2776//9969 2775//9969 2609//9969
f 2609//9970 2775//9970 2608//9970
f 2609//9971 2608//9971 2461//9971
f 2461//9972 2608//9972 2498//9972
f 2449//9973 2450//9973 2454//9973
f 2459//9974 2464//9974 2463//9974
f 2459//9975 2463//9975 2458//9975
f 2455//9976 2459//9976 2454//9976
f 2455//9977 2454//9977 2450//9977
f 2238//9978 2201//9978 2202//9978
f 2346//9979 2446//9979 2285//9979
f 2285//9980 2446//9980 2345//9980
f 2285//9981 2345//9981 2238//9981
f 2238//9982 2345//9982 2201//9982
f 2348//9983 2447//9983 2446//9983
f 2348//9984 2446//9984 2347//9984
f 2347//9985 2446//9985 2346//9985
f 2123//9986 2124//9986 2166//9986
f 2166//9987 2124//9987 2202//9987
f 2166//9988 2202//9988 2201//9988
f 2204//9989 2203//9989 2024//9989
f 2024//9990 2203//9990 2124//9990
f 2124//9991 2203//9991 2202//9991
f 2204//9992 2024//9992 2025//9992
f 2348//9993 2349//9993 2447//9993
f 2447//9994 2349//9994 2286//9994
f 2447//9995 2286//9995 2241//9995
f 2241//9996 2286//9996 2240//9996
f 2241//9997 2240//9997 2125//9997
f 2125//9998 2240//9998 2239//9998
f 2125//9999 2239//9999 2073//9999
f 2073//10000 2239//10000 2204//10000
f 2025//10001 2073//10001 2204//10001
f 2073//10002 2025//10002 2026//10002
f 2073//10003 2026//10003 2074//10003
f 2073//10004 2074//10004 2125//10004
f 2122//10005 2125//10005 2072//10005
f 2072//10006 2125//10006 2074//10006
f 2072//10007 2074//10007 2071//10007
f 2071//10008 2074//10008 2073//10008
f 2071//10009 2073//10009 2023//10009
f 2023//10010 2073//10010 2026//10010
f 2023//10011 2026//10011 2022//10011
f 2022//10012 2026//10012 2025//10012
f 2022//10013 2025//10013 2021//10013
f 2021//10014 2025//10014 2024//10014
f 2018//10015 2021//10015 2118//10015
f 2118//10016 2021//10016 2121//10016
f 2118//10017 2121//10017 2120//10017
f 2118//10018 2120//10018 2161//10018
f 2120//10019 2164//10019 2161//10019
f 2161//10020 2164//10020 2163//10020
f 2161//10021 2163//10021 2160//10021
f 2236//10022 2231//10022 2198//10022
f 2198//10023 2231//10023 2160//10023
f 2198//10024 2160//10024 2163//10024
f 2533//10025 2498//10025 2606//10025
f 2533//10026 2496//10026 2498//10026
f 2498//10027 2496//10027 2493//10027
f 2498//10028 2493//10028 2491//10028
f 2491//10029 2493//10029 2489//10029
f 2498//10030 2608//10030 2606//10030
f 2606//10031 2608//10031 2775//10031
f 2606//10032 2775//10032 2773//10032
f 2773//10033 2775//10033 2936//10033
f 2773//10034 2936//10034 2934//10034
f 2934//10035 2936//10035 3089//10035
f 3089//10036 2936//10036 3092//10036
f 3092//10037 3093//10037 3089//10037
f 2437//10038 2444//10038 2446//10038
f 2437//10039 2446//10039 2489//10039
f 2489//10040 2446//10040 2491//10040
f 2444//10041 2437//10041 2380//10041
f 2444//10042 2380//10042 2284//10042
f 2380//10043 2279//10043 2284//10043
f 2284//10044 2279//10044 2231//10044
f 2284//10045 2231//10045 2236//10045
f 2490//10046 2489//10046 2492//10046
f 2492//10047 2489//10047 2493//10047
f 2492//10048 2493//10048 2494//10048
f 2494//10049 2495//10049 2492//10049
f 2202//10050 2194//10050 2232//10050
f 2202//10051 2232//10051 2238//10051
f 2238//10052 2232//10052 2280//10052
f 2238//10053 2280//10053 2285//10053
f 2285//10054 2280//10054 2340//10054
f 2285//10055 2340//10055 2346//10055
f 2346//10056 2340//10056 2341//10056
f 2346//10057 2341//10057 2347//10057
f 2347//10058 2341//10058 2342//10058
f 2347//10059 2342//10059 2348//10059
f 2348//10060 2342//10060 2343//10060
f 2348//10061 2343//10061 2349//10061
f 2349//10062 2343//10062 2282//10062
f 2349//10063 2282//10063 2286//10063
f 2286//10064 2282//10064 2235//10064
f 2286//10065 2235//10065 2240//10065
f 2240//10066 2235//10066 2234//10066
f 2240//10067 2234//10067 2239//10067
f 2239//10068 2234//10068 2196//10068
f 2239//10069 2196//10069 2204//10069
f 2204//10070 2196//10070 2195//10070
f 2204//10071 2195//10071 2203//10071
f 2203//10072 2195//10072 2194//10072
f 2203//10073 2194//10073 2202//10073
f 4335//10074 4340//10074 4447//10074
f 4335//10075 4447//10075 4438//10075
f 4438//10076 4447//10076 4446//10076
f 4438//10077 4446//10077 4437//10077
f 4437//10078 4446//10078 4589//10078
f 4437//10079 4589//10079 4582//10079
f 4713//10080 4709//10080 4712//10080
f 4712//10081 4709//10081 4582//10081
f 4712//10082 4582//10082 4588//10082
f 4588//10083 4582//10083 4589//10083
f 4235//10084 4238//10084 4340//10084
f 4235//10085 4340//10085 4335//10085
f 4242//10086 4240//10086 4154//10086
f 4242//10087 4154//10087 4165//10087
f 4242//10088 4165//10088 4255//10088
f 4240//10089 4239//10089 4154//10089
f 4154//10090 4239//10090 4235//10090
f 4235//10091 4239//10091 4238//10091
f 4154//10092 4443//10092 4165//10092
f 4165//10093 4443//10093 4461//10093
f 4165//10094 4461//10094 4062//10094
f 4062//10095 4461//10095 4071//10095
f 4461//10096 4443//10096 4462//10096
f 4462//10097 4443//10097 4444//10097
f 4462//10098 4444//10098 4445//10098
f 4462//10099 4445//10099 4463//10099
f 4833//10100 4805//10100 4523//10100
f 3185//10101 3264//10101 3181//10101
f 3181//10102 3264//10102 3428//10102
f 3428//10103 3264//10103 3347//10103
f 3428//10104 3347//10104 3446//10104
f 3185//10105 3181//10105 3083//10105
f 3083//10106 3181//10106 3039//10106
f 3083//10107 3039//10107 3044//10107
f 3044//10108 3039//10108 2846//10108
f 2846//10109 3039//10109 2792//10109
f 2846//10110 2792//10110 2804//10110
f 2567//10111 2541//10111 2529//10111
f 2529//10112 2541//10112 2514//10112
f 2514//10113 2521//10113 2529//10113
f 2529//10114 2521//10114 2478//10114
f 2529//10115 2478//10115 2409//10115
f 2529//10116 2409//10116 2418//10116
f 2529//10117 2418//10117 2442//10117
f 2804//10118 2792//10118 2685//10118
f 2685//10119 2792//10119 2567//10119
f 2685//10120 2567//10120 2597//10120
f 2597//10121 2567//10121 2529//10121
f 2597//10122 2529//10122 2530//10122
f 4940//10123 4922//10123 4833//10123
f 4833//10124 4922//10124 4907//10124
f 4833//10125 4907//10125 4898//10125
f 4898//10126 4849//10126 4833//10126
f 4849//10127 4844//10127 4833//10127
f 4833//10128 4844//10128 4805//10128
f 4258//10129 4463//10129 4203//10129
f 4203//10130 4463//10130 4445//10130
f 4203//10131 4445//10131 4523//10131
f 4523//10132 4445//10132 4587//10132
f 4523//10133 4587//10133 4833//10133
f 3920//10134 3969//10134 4072//10134
f 3920//10135 4072//10135 4203//10135
f 4203//10136 4072//10136 4167//10136
f 4203//10137 4167//10137 4258//10137
f 3969//10138 3920//10138 3812//10138
f 3812//10139 3920//10139 3720//10139
f 3812//10140 3720//10140 3761//10140
f 3446//10141 3445//10141 3428//10141
f 3428//10142 3445//10142 3720//10142
f 3720//10143 3445//10143 3459//10143
f 3720//10144 3459//10144 3761//10144
f 3761//10145 3459//10145 3462//10145
f 3490//10146 3685//10146 3462//10146
f 3462//10147 3685//10147 3761//10147
f 4835//10148 4832//10148 4783//10148
f 4835//10149 4783//10149 4786//10149
f 4786//10150 4783//10150 4784//10150
f 4786//10151 4784//10151 4787//10151
f 4787//10152 4784//10152 4711//10152
f 4787//10153 4711//10153 4715//10153
f 4715//10154 4711//10154 4585//10154
f 4715//10155 4585//10155 4592//10155
f 4592//10156 4585//10156 4441//10156
f 4592//10157 4441//10157 4450//10157
f 4450//10158 4441//10158 4440//10158
f 4450//10159 4440//10159 4449//10159
f 4449//10160 4440//10160 4439//10160
f 4449//10161 4439//10161 4448//10161
f 4448//10162 4439//10162 4584//10162
f 4448//10163 4584//10163 4591//10163
f 4591//10164 4584//10164 4583//10164
f 4591//10165 4583//10165 4590//10165
f 4590//10166 4583//10166 4710//10166
f 4590//10167 4710//10167 4714//10167
f 4714//10168 4710//10168 4782//10168
f 4714//10169 4782//10169 4785//10169
f 4785//10170 4782//10170 4831//10170
f 4785//10171 4831//10171 4834//10171
f 4834//10172 4831//10172 4832//10172
f 4834//10173 4832//10173 4835//10173
f 5053//10174 5054//10174 5075//10174
f 5054//10175 5076//10175 5075//10175
f 5029//10176 5053//10176 5028//10176
f 5028//10177 5053//10177 5052//10177
f 5025//10178 4709//10178 5028//10178
f 5028//10179 4709//10179 4713//10179
f 4835//10180 4786//10180 5030//10180
f 5029//10181 4713//10181 4714//10181
f 4714//10182 4713//10182 4590//10182
f 4590//10183 4713//10183 4589//10183
f 4787//10184 4715//10184 4716//10184
f 5030//10185 4786//10185 4941//10185
f 4941//10186 4786//10186 4787//10186
f 4941//10187 4787//10187 4836//10187
f 4836//10188 4787//10188 4716//10188
f 4836//10189 4716//10189 4717//10189
f 4715//10190 4592//10190 4716//10190
f 4716//10191 4592//10191 4450//10191
f 4716//10192 4450//10192 4341//10192
f 5030//10193 5055//10193 4835//10193
f 4835//10194 5055//10194 5077//10194
f 4835//10195 5077//10195 5076//10195
f 4835//10196 5076//10196 5054//10196
f 4714//10197 4785//10197 5029//10197
f 5029//10198 4785//10198 4834//10198
f 5029//10199 4834//10199 5053//10199
f 5053//10200 4834//10200 4835//10200
f 4590//10201 4589//10201 4446//10201
f 4590//10202 4446//10202 4591//10202
f 4591//10203 4446//10203 4447//10203
f 4591//10204 4447//10204 4448//10204
f 4448//10205 4447//10205 4341//10205
f 4448//10206 4341//10206 4449//10206
f 4449//10207 4341//10207 4450//10207
f 4835//10208 5054//10208 5053//10208
f 4597//10209 4593//10209 4596//10209
f 4608//10210 4597//10210 4618//10210
f 4618//10211 4597//10211 4596//10211
f 4595//10212 4617//10212 4596//10212
f 4596//10213 4617//10213 4618//10213
f 4594//10214 4616//10214 4719//10214
f 4719//10215 4616//10215 4724//10215
f 4719//10216 4724//10216 4725//10216
f 4719//10217 4725//10217 4595//10217
f 4595//10218 4725//10218 4617//10218
f 3993//10219 3832//10219 3904//10219
f 3784//10220 3713//10220 3714//10220
f 4291//10221 4100//10221 4397//10221
f 4397//10222 4100//10222 4197//10222
f 4286//10223 4491//10223 4507//10223
f 4286//10224 4507//10224 4197//10224
f 4197//10225 4507//10225 4398//10225
f 4197//10226 4398//10226 4397//10226
f 4270//10227 4630//10227 4491//10227
f 4619//10228 4630//10228 4362//10228
f 4362//10229 4630//10229 4270//10229
f 4362//10230 4270//10230 4174//10230
f 4608//10231 4619//10231 4355//10231
f 4355//10232 4619//10232 4362//10232
f 4355//10233 4362//10233 4259//10233
f 4259//10234 4362//10234 4174//10234
f 4259//10235 4174//10235 4168//10235
f 4168//10236 4174//10236 4073//10236
f 3762//10237 3817//10237 3686//10237
f 3686//10238 3817//10238 3634//10238
f 3634//10239 3629//10239 3686//10239
f 3646//10240 3583//10240 3573//10240
f 3522//10241 3590//10241 3597//10241
f 3522//10242 3597//10242 3521//10242
f 3521//10243 3596//10243 3419//10243
f 4084//10244 3893//10244 3882//10244
f 3882//10245 3893//10245 3817//10245
f 3882//10246 3817//10246 3813//10246
f 3813//10247 3817//10247 3762//10247
f 3970//10248 4073//10248 4078//10248
f 4078//10249 4073//10249 4174//10249
f 4078//10250 4174//10250 4182//10250
f 4182//10251 4174//10251 4270//10251
f 4182//10252 4270//10252 4286//10252
f 4286//10253 4270//10253 4491//10253
f 4084//10254 3988//10254 3893//10254
f 3893//10255 3988//10255 3829//10255
f 3893//10256 3829//10256 3817//10256
f 3817//10257 3829//10257 3646//10257
f 3817//10258 3646//10258 3634//10258
f 3634//10259 3646//10259 3573//10259
f 3590//10260 3783//10260 3597//10260
f 3597//10261 3783//10261 3785//10261
f 3597//10262 3785//10262 3521//10262
f 3521//10263 3785//10263 3714//10263
f 3521//10264 3714//10264 3596//10264
f 3596//10265 3714//10265 3713//10265
f 3832//10266 3784//10266 3904//10266
f 3904//10267 3784//10267 3714//10267
f 3904//10268 3714//10268 3994//10268
f 3994//10269 3714//10269 3785//10269
f 3994//10270 3785//10270 3988//10270
f 3988//10271 3785//10271 3783//10271
f 3988//10272 3783//10272 3829//10272
f 3829//10273 3783//10273 3590//10273
f 3829//10274 3590//10274 3646//10274
f 3646//10275 3590//10275 3591//10275
f 3646//10276 3591//10276 3583//10276
f 4100//10277 3993//10277 4197//10277
f 4197//10278 3993//10278 3904//10278
f 4197//10279 3904//10279 3994//10279
f 4197//10280 3994//10280 4286//10280
f 4286//10281 3994//10281 3988//10281
f 4286//10282 3988//10282 4182//10282
f 4182//10283 3988//10283 4084//10283
f 4182//10284 4084//10284 4078//10284
f 4078//10285 4084//10285 3882//10285
f 4078//10286 3882//10286 3970//10286
f 3970//10287 3882//10287 3813//10287
f 3163//10288 3148//10288 3205//10288
f 3163//10289 3205//10289 3216//10289
f 3285//10290 3302//10290 3216//10290
f 3285//10291 3216//10291 3205//10291
f 3302//10292 3285//10292 3373//10292
f 3302//10293 3373//10293 3396//10293
f 3573//10294 3498//10294 3470//10294
f 3470//10295 3498//10295 3373//10295
f 3373//10296 3498//10296 3396//10296
f 3573//10297 3470//10297 3549//10297
f 3573//10298 3549//10298 3620//10298
f 3573//10299 3620//10299 3629//10299
f 3620//10300 3549//10300 3548//10300
f 3547//10301 3461//10301 3447//10301
f 3547//10302 3447//10302 3541//10302
f 3541//10303 3447//10303 3350//10303
f 3350//10304 3348//10304 3447//10304
f 3145//10305 3146//10305 3149//10305
f 3145//10306 3149//10306 3148//10306
f 3148//10307 3149//10307 3205//10307
f 3146//10308 3147//10308 3204//10308
f 3284//10309 3283//10309 3204//10309
f 3284//10310 3204//10310 3280//10310
f 3280//10311 3204//10311 3202//10311
f 3202//10312 3189//10312 3267//10312
f 3202//10313 3267//10313 3280//10313
f 3284//10314 3280//10314 3283//10314
f 3283//10315 3280//10315 3366//10315
f 3283//10316 3366//10316 3368//10316
f 3189//10317 3186//10317 3267//10317
f 3267//10318 3186//10318 3268//10318
f 3267//10319 3268//10319 3280//10319
f 3280//10320 3268//10320 3350//10320
f 3280//10321 3350//10321 3366//10321
f 3368//10322 3366//10322 3461//10322
f 3368//10323 3461//10323 3463//10323
f 3205//10324 3149//10324 3203//10324
f 3203//10325 3149//10325 3204//10325
f 3204//10326 3149//10326 3146//10326
f 3268//10327 3186//10327 3265//10327
f 3268//10328 3265//10328 3350//10328
f 3350//10329 3265//10329 3348//10329
f 3366//10330 3350//10330 3447//10330
f 3366//10331 3447//10331 3461//10331
f 3463//10332 3461//10332 3547//10332
f 3463//10333 3547//10333 3548//10333
f 3203//10334 3204//10334 3283//10334
f 3203//10335 3283//10335 3205//10335
f 3205//10336 3283//10336 3285//10336
f 3285//10337 3283//10337 3373//10337
f 3373//10338 3283//10338 3368//10338
f 3373//10339 3368//10339 3463//10339
f 3373//10340 3463//10340 3470//10340
f 3470//10341 3463//10341 3548//10341
f 3470//10342 3548//10342 3549//10342
f 2647//10343 2450//10343 2598//10343
f 2450//10344 2647//10344 2455//10344
f 2455//10345 2647//10345 2651//10345
f 2455//10346 2651//10346 2653//10346
f 2455//10347 2653//10347 2459//10347
f 2459//10348 2653//10348 2464//10348
f 2464//10349 2653//10349 2654//10349
f 2464//10350 2654//10350 2463//10350
f 2463//10351 2654//10351 2610//10351
f 2463//10352 2610//10352 2462//10352
f 2462//10353 2610//10353 2609//10353
f 2462//10354 2609//10354 2461//10354
f 2647//10355 2769//10355 2805//10355
f 2776//10356 2609//10356 2610//10356
f 2776//10357 2610//10357 2812//10357
f 2812//10358 2610//10358 2654//10358
f 2812//10359 2654//10359 2813//10359
f 2813//10360 2654//10360 2810//10360
f 2810//10361 2654//10361 2653//10361
f 2810//10362 2653//10362 2811//10362
f 2811//10363 2653//10363 2806//10363
f 2806//10364 2653//10364 2651//10364
f 2806//10365 2651//10365 2805//10365
f 2805//10366 2651//10366 2647//10366
f 2805//10367 3001//10367 3045//10367
f 3007//10368 2776//10368 3053//10368
f 3053//10369 2776//10369 2812//10369
f 3053//10370 2812//10370 3054//10370
f 3054//10371 2812//10371 2813//10371
f 3054//10372 2813//10372 3051//10372
f 3051//10373 2813//10373 2810//10373
f 3051//10374 2810//10374 3052//10374
f 3052//10375 2810//10375 2811//10375
f 3052//10376 2811//10376 3047//10376
f 3047//10377 2811//10377 2806//10377
f 3047//10378 2806//10378 3045//10378
f 3045//10379 2806//10379 2805//10379
f 3141//10380 3186//10380 3045//10380
f 3045//10381 3186//10381 3047//10381
f 3047//10382 3186//10382 3189//10382
f 3047//10383 3189//10383 3052//10383
f 3052//10384 3189//10384 3202//10384
f 3052//10385 3202//10385 3051//10385
f 3051//10386 3202//10386 3054//10386
f 3146//10387 3007//10387 3147//10387
f 3147//10388 3007//10388 3053//10388
f 3147//10389 3053//10389 3204//10389
f 3204//10390 3053//10390 3054//10390
f 3204//10391 3054//10391 3202//10391
f 2383//10392 2445//10392 2447//10392
f 2241//10393 2125//10393 2242//10393
f 2242//10394 2125//10394 2199//10394
f 2199//10395 2125//10395 2122//10395
f 2447//10396 2241//10396 2242//10396
f 2447//10397 2242//10397 2383//10397
f 2383//10398 2242//10398 2199//10398
f 2122//10399 2072//10399 2119//10399
f 2119//10400 2072//10400 2070//10400
f 2070//10401 2072//10401 2071//10401
f 2070//10402 2071//10402 2020//10402
f 2071//10403 2023//10403 2020//10403
f 2020//10404 2023//10404 2022//10404
f 2020//10405 2022//10405 2019//10405
f 2021//10406 2018//10406 2019//10406
f 2021//10407 2019//10407 2022//10407
f 2118//10408 2161//10408 2160//10408
f 2442//10409 2443//10409 2382//10409
f 2118//10410 2194//10410 2018//10410
f 2018//10411 2194//10411 2195//10411
f 2018//10412 2195//10412 2019//10412
f 2019//10413 2195//10413 2196//10413
f 2019//10414 2196//10414 2020//10414
f 2020//10415 2196//10415 2234//10415
f 2234//10416 2235//10416 2442//10416
f 2442//10417 2235//10417 2282//10417
f 2442//10418 2282//10418 2529//10418
f 2529//10419 2282//10419 2343//10419
f 2118//10420 2232//10420 2194//10420
f 2442//10421 2382//10421 2234//10421
f 2234//10422 2382//10422 2283//10422
f 2234//10423 2283//10423 2197//10423
f 2197//10424 2119//10424 2234//10424
f 2234//10425 2119//10425 2070//10425
f 2234//10426 2070//10426 2020//10426
f 2340//10427 2437//10427 2341//10427
f 2341//10428 2437//10428 2489//10428
f 2341//10429 2489//10429 2342//10429
f 2118//10430 2160//10430 2232//10430
f 2232//10431 2160//10431 2231//10431
f 2232//10432 2231//10432 2280//10432
f 2280//10433 2231//10433 2279//10433
f 2280//10434 2279//10434 2340//10434
f 2340//10435 2279//10435 2380//10435
f 2340//10436 2380//10436 2437//10436
f 2342//10437 2489//10437 2490//10437
f 2342//10438 2490//10438 2343//10438
f 2343//10439 2490//10439 2529//10439
f 2418//10440 2419//10440 2442//10440
f 2442//10441 2419//10441 2443//10441
f 2522//10442 2521//10442 2514//10442
f 2541//10443 2542//10443 2514//10443
f 2514//10444 2542//10444 2515//10444
f 2514//10445 2515//10445 2522//10445
f 2521//10446 2522//10446 2479//10446
f 2521//10447 2479//10447 2478//10447
f 2478//10448 2479//10448 2409//10448
f 2409//10449 2479//10449 2410//10449
f 2419//10450 2418//10450 2410//10450
f 2410//10451 2418//10451 2409//10451
f 4844//10452 4895//10452 4805//10452
f 4805//10453 4895//10453 4806//10453
f 4805//10454 4806//10454 4523//10454
f 4523//10455 4806//10455 4524//10455
f 4523//10456 4524//10456 4203//10456
f 4203//10457 4524//10457 4204//10457
f 4203//10458 4204//10458 3920//10458
f 3920//10459 4204//10459 3921//10459
f 3920//10460 3921//10460 3720//10460
f 3720//10461 3921//10461 3721//10461
f 3720//10462 3721//10462 3428//10462
f 3428//10463 3721//10463 3429//10463
f 3428//10464 3429//10464 3181//10464
f 3181//10465 3429//10465 3138//10465
f 3181//10466 3138//10466 3039//10466
f 3039//10467 3138//10467 2985//10467
f 3039//10468 2985//10468 2792//10468
f 2792//10469 2985//10469 2752//10469
f 2792//10470 2752//10470 2567//10470
f 2567//10471 2752//10471 2568//10471
f 2567//10472 2568//10472 2541//10472
f 2541//10473 2568//10473 2542//10473
f 4907//10474 4922//10474 4972//10474
f 4895//10475 4844//10475 4894//10475
f 4894//10476 4844//10476 4899//10476
f 4899//10477 4844//10477 4849//10477
f 4972//10478 4959//10478 4907//10478
f 4907//10479 4959//10479 4898//10479
f 4898//10480 4959//10480 4952//10480
f 4898//10481 4952//10481 4849//10481
f 4849//10482 4952//10482 4953//10482
f 4849//10483 4953//10483 4899//10483
f 4972//10484 4922//10484 4997//10484
f 4997//10485 4922//10485 4940//10485
f 4832//10486 4831//10486 4940//10486
f 4335//10487 4438//10487 4584//10487
f 4584//10488 4438//10488 4583//10488
f 4438//10489 4437//10489 4583//10489
f 4583//10490 4437//10490 4582//10490
f 4583//10491 4582//10491 4710//10491
f 4710//10492 4582//10492 4709//10492
f 4710//10493 4709//10493 4782//10493
f 4782//10494 4709//10494 5025//10494
f 4782//10495 5025//10495 4831//10495
f 4443//10496 4154//10496 4441//10496
f 4587//10497 4445//10497 4444//10497
f 4335//10498 4584//10498 4235//10498
f 4235//10499 4584//10499 4439//10499
f 4235//10500 4439//10500 4154//10500
f 4154//10501 4439//10501 4440//10501
f 4154//10502 4440//10502 4441//10502
f 4441//10503 4585//10503 4443//10503
f 4443//10504 4585//10504 4711//10504
f 4443//10505 4711//10505 4444//10505
f 4587//10506 4444//10506 4711//10506
f 4587//10507 4711//10507 4833//10507
f 4833//10508 4711//10508 4784//10508
f 4833//10509 4784//10509 4940//10509
f 4940//10510 4784//10510 4783//10510
f 4940//10511 4783//10511 4832//10511
f 4997//10512 4940//10512 5026//10512
f 5026//10513 4940//10513 4831//10513
f 5026//10514 4831//10514 5051//10514
f 5051//10515 4831//10515 5074//10515
f 5073//10516 5074//10516 5072//10516
f 5072//10517 5074//10517 4831//10517
f 5072//10518 4831//10518 5050//10518
f 5050//10519 4831//10519 5025//10519
f 5028//10520 5052//10520 5025//10520
f 5025//10521 5052//10521 5050//10521
f 5052//10522 5053//10522 5050//10522
f 5050//10523 5053//10523 5072//10523
f 5053//10524 5075//10524 5072//10524
f 5072//10525 5075//10525 5076//10525
f 5072//10526 5076//10526 5073//10526
f 5077//10527 5074//10527 5073//10527
f 5077//10528 5073//10528 5076//10528
f 4718//10529 4837//10529 4878//10529
f 4718//10530 4878//10530 4836//10530
f 4718//10531 4836//10531 4717//10531
f 4941//10532 4836//10532 4998//10532
f 4998//10533 4836//10533 4878//10533
f 4998//10534 4878//10534 4942//10534
f 5030//10535 4941//10535 4998//10535
f 5055//10536 5030//10536 5077//10536
f 4899//10537 4953//10537 4942//10537
f 4953//10538 4952//10538 4942//10538
f 4942//10539 4952//10539 4959//10539
f 4959//10540 4972//10540 4942//10540
f 4942//10541 4972//10541 4997//10541
f 4942//10542 4997//10542 4998//10542
f 4998//10543 4997//10543 5026//10543
f 4998//10544 5026//10544 5030//10544
f 5030//10545 5026//10545 5051//10545
f 5030//10546 5051//10546 5077//10546
f 5077//10547 5051//10547 5074//10547
f 4878//10548 4895//10548 4894//10548
f 4894//10549 4899//10549 4878//10549
f 4878//10550 4899//10550 4942//10550
f 2447//10551 2598//10551 2450//10551
f 2443//10552 2419//10552 2568//10552
f 2419//10553 2410//10553 2568//10553
f 2568//10554 2410//10554 2479//10554
f 2522//10555 2515//10555 2479//10555
f 2479//10556 2515//10556 2542//10556
f 2479//10557 2542//10557 2568//10557
f 2447//10558 2445//10558 2443//10558
f 2443//10559 2445//10559 2382//10559
f 2382//10560 2445//10560 2383//10560
f 2382//10561 2383//10561 2283//10561
f 2283//10562 2383//10562 2199//10562
f 2283//10563 2199//10563 2197//10563
f 2197//10564 2199//10564 2122//10564
f 2197//10565 2122//10565 2119//10565
f 2447//10566 2443//10566 2598//10566
f 2598//10567 2443//10567 2568//10567
f 2598//10568 2568//10568 2647//10568
f 2647//10569 2568//10569 2752//10569
f 2647//10570 2752//10570 2769//10570
f 2769//10571 2752//10571 2805//10571
f 2805//10572 2752//10572 2985//10572
f 2805//10573 2985//10573 3001//10573
f 3001//10574 2985//10574 3045//10574
f 3045//10575 2985//10575 3138//10575
f 3045//10576 3138//10576 3141//10576
f 3429//10577 3348//10577 3265//10577
f 3429//10578 3265//10578 3138//10578
f 3138//10579 3265//10579 3186//10579
f 3138//10580 3186//10580 3141//10580
f 3629//10581 3620//10581 3686//10581
f 3686//10582 3620//10582 3762//10582
f 3548//10583 3547//10583 3721//10583
f 3721//10584 3547//10584 3541//10584
f 3721//10585 3541//10585 3429//10585
f 3429//10586 3541//10586 3447//10586
f 3429//10587 3447//10587 3348//10587
f 3620//10588 3548//10588 3762//10588
f 3762//10589 3548//10589 3721//10589
f 3762//10590 3721//10590 3813//10590
f 3813//10591 3721//10591 3921//10591
f 4259//10592 4168//10592 4204//10592
f 4204//10593 4168//10593 4073//10593
f 4204//10594 4073//10594 3921//10594
f 3921//10595 4073//10595 3970//10595
f 3921//10596 3970//10596 3813//10596
f 4204//10597 4593//10597 4597//10597
f 4597//10598 4608//10598 4204//10598
f 4204//10599 4608//10599 4355//10599
f 4204//10600 4355//10600 4259//10600
f 4895//10601 4878//10601 4806//10601
f 4806//10602 4878//10602 4837//10602
f 4806//10603 4837//10603 4524//10603
f 4837//10604 4718//10604 4524//10604
f 4524//10605 4718//10605 4593//10605
f 4524//10606 4593//10606 4204//10606
