# decimated by robomaster_gui_node/tools/decimate_obj.py
v -0.01477 -0.02530 0.00933
v -0.01517 -0.02530 0.01895
v -0.01481 -0.02530 0.02407
v -0.01477 -0.02130 0.00933
v -0.01517 -0.02130 0.01895
v -0.01481 -0.02130 0.02407
v -0.01477 -0.01130 0.00933
v -0.01517 -0.01130 0.01895
v -0.01481 -0.01130 0.02407
v -0.01477 -0.00730 0.00933
v -0.01517 -0.00730 0.01895
v -0.01481 -0.00730 0.02407
v -0.01375 -0.02530 0.02733
v -0.01375 -0.02130 0.02733
v -0.01375 -0.01130 0.02733
v -0.01375 -0.00730 0.02733
v -0.01299 -0.02530 -0.00014
v -0.01250 -0.02570 0.00016
v -0.01299 -0.02130 -0.00014
v -0.01250 -0.02130 0.00021
v -0.01299 -0.01130 -0.00014
v -0.01250 -0.01130 0.00021
v -0.01299 -0.00730 -0.00014
v -0.01250 -0.00730 0.00016
v -0.01250 -0.00650 0.00016
v -0.01187 -0.02563 -0.00391
v -0.01174 -0.02577 0.00427
v -0.01145 -0.02530 0.02279
v -0.01103 -0.02530 0.02519
v -0.01150 -0.02530 0.02991
v -0.01145 -0.02370 0.02279
v -0.01103 -0.02370 0.02519
v -0.01187 -0.02130 -0.00391
v -0.01174 -0.02130 0.00431
v -0.01150 -0.02130 0.02991
v -0.01187 -0.01130 -0.00391
v -0.01174 -0.01130 0.00431
v -0.01150 -0.01130 0.02991
v -0.01130 -0.00890 0.02191
v -0.01134 -0.00890 0.02419
v -0.01187 -0.00730 -0.00391
v -0.01174 -0.00730 0.00427
v -0.01130 -0.00730 0.02191
v -0.01134 -0.00730 0.02419
v -0.01150 -0.00730 0.02991
v -0.01187 -0.00650 -0.00391
v -0.01174 -0.00650 0.00427
v -0.00986 -0.02610 -0.00925
v -0.00969 -0.02574 0.00790
v -0.01068 -0.02530 0.02043
v -0.01005 -0.02530 0.02662
v -0.01068 -0.02370 0.02043
v -0.01005 -0.02370 0.02662
v -0.00967 -0.02130 0.00793
v -0.00967 -0.01130 0.00793
v -0.01030 -0.00890 0.01990
v -0.01025 -0.00890 0.02643
v -0.00969 -0.00730 0.00790
v -0.01030 -0.00730 0.01990
v -0.01025 -0.00730 0.02643
v -0.00986 -0.00650 -0.00925
v -0.00969 -0.00650 0.00790
v -0.00858 -0.02570 -0.00419
v -0.00953 -0.02570 -0.00067
v -0.00909 -0.02566 0.00294
v -0.00876 -0.02574 0.00381
v -0.00902 -0.02530 0.01880
v -0.00947 -0.02530 0.02696
v -0.00918 -0.02530 0.03116
v -0.00902 -0.02370 0.01880
v -0.00900 -0.02370 0.02142
v -0.00938 -0.02370 0.02226
v -0.00944 -0.02370 0.02380
v -0.00881 -0.02370 0.02511
v -0.00947 -0.02370 0.02696
v -0.00900 -0.02130 0.02142
v -0.00938 -0.02130 0.02226
v -0.00944 -0.02130 0.02380
v -0.00881 -0.02130 0.02511
v -0.00918 -0.02130 0.03116
v -0.00900 -0.01130 0.02142
v -0.00938 -0.01130 0.02226
v -0.00944 -0.01130 0.02380
v -0.00881 -0.01130 0.02511
v -0.00918 -0.01130 0.03116
v -0.00900 -0.00890 0.02142
v -0.00938 -0.00890 0.02226
v -0.00944 -0.00890 0.02380
v -0.00881 -0.00890 0.02511
v -0.00914 -0.00890 0.02742
v -0.00858 -0.00730 -0.00419
v -0.00953 -0.00730 -0.00067
v -0.00909 -0.00730 0.00294
v -0.00876 -0.00730 0.00381
v -0.00914 -0.00730 0.02742
v -0.00918 -0.00730 0.03116
v -0.00858 -0.00650 -0.00419
v -0.00953 -0.00650 -0.00067
v -0.00909 -0.00650 0.00294
v -0.00876 -0.00650 0.00381
v -0.00750 -0.02530 0.00011
v -0.00789 -0.02370 0.02039
v -0.00779 -0.02370 0.02595
v -0.00789 -0.02130 0.02039
v -0.00779 -0.02130 0.02595
v -0.00750 -0.01830 0.00011
v -0.00750 -0.01430 0.00011
v -0.00789 -0.01130 0.02039
v -0.00779 -0.01130 0.02595
v -0.00829 -0.00890 0.01842
v -0.00789 -0.00890 0.02039
v -0.00779 -0.00890 0.02595
v -0.00750 -0.00730 0.00011
v -0.00829 -0.00730 0.01842
v -0.00684 -0.03023 -0.01524
v -0.00662 -0.03026 -0.01404
v -0.00681 -0.02610 -0.01531
v -0.00655 -0.02610 -0.01394
v -0.00672 -0.02577 -0.00678
v -0.00685 -0.02530 -0.00305
v -0.00690 -0.02530 0.00292
v -0.00670 -0.02570 0.00680
v -0.00655 -0.02564 0.01064
v -0.00670 -0.02530 0.01805
v -0.00670 -0.02370 0.01805
v -0.00643 -0.02370 0.02000
v -0.00628 -0.02370 0.02629
v -0.00653 -0.02130 0.01066
v -0.00643 -0.02130 0.02000
v -0.00628 -0.02130 0.02629
v -0.00685 -0.01830 -0.00305
v -0.00690 -0.01830 0.00292
v -0.00685 -0.01430 -0.00305
v -0.00690 -0.01430 0.00292
v -0.00653 -0.01130 0.01066
v -0.00643 -0.01130 0.02000
v -0.00628 -0.01130 0.02629
v -0.00643 -0.00890 0.02000
v -0.00628 -0.00890 0.02629
v -0.00684 -0.00890 0.02822
v -0.00672 -0.00730 -0.00678
v -0.00685 -0.00730 -0.00305
v -0.00690 -0.00730 0.00292
v -0.00670 -0.00730 0.00680
v -0.00655 -0.00730 0.01064
v -0.00684 -0.00730 0.02822
v -0.00682 -0.00650 -0.01529
v -0.00655 -0.00650 -0.01395
v -0.00672 -0.00650 -0.00678
v -0.00670 -0.00650 0.00680
v -0.00655 -0.00650 0.01064
v -0.00641 -0.00240 -0.01618
v -0.00687 -0.00236 -0.01505
v -0.00638 -0.00234 -0.01381
v -0.00544 -0.03014 -0.01781
v -0.00520 -0.03026 -0.01342
v -0.00534 -0.02610 -0.01341
v -0.00495 -0.02530 -0.00563
v -0.00504 -0.02530 0.00555
v -0.00541 -0.02530 0.02804
v -0.00493 -0.02370 0.02034
v -0.00483 -0.02370 0.02590
v -0.00541 -0.02370 0.02804
v -0.00493 -0.02130 0.02034
v -0.00483 -0.02130 0.02590
v -0.00495 -0.01830 -0.00563
v -0.00503 -0.01830 -0.00327
v -0.00577 -0.01830 -0.00164
v -0.00587 -0.01830 0.00124
v -0.00482 -0.01830 0.00357
v -0.00504 -0.01830 0.00555
v -0.00495 -0.01430 -0.00563
v -0.00503 -0.01430 -0.00327
v -0.00577 -0.01430 -0.00164
v -0.00587 -0.01430 0.00124
v -0.00482 -0.01430 0.00357
v -0.00504 -0.01430 0.00555
v -0.00493 -0.01130 0.02034
v -0.00483 -0.01130 0.02590
v -0.00587 -0.00890 0.01807
v -0.00493 -0.00890 0.02034
v -0.00483 -0.00890 0.02590
v -0.00495 -0.00730 -0.00563
v -0.00504 -0.00730 0.00555
v -0.00587 -0.00730 0.01807
v -0.00531 -0.00650 -0.01342
v -0.00544 -0.00246 -0.01781
v -0.00531 -0.00233 -0.01340
v -0.00391 -0.03002 -0.02020
v -0.00371 -0.02566 -0.00880
v -0.00409 -0.02530 0.00628
v -0.00408 -0.02570 0.00864
v -0.00430 -0.02530 0.01847
v -0.00476 -0.02530 0.02799
v -0.00410 -0.02530 0.03295
v -0.00430 -0.02370 0.01847
v -0.00390 -0.02370 0.02117
v -0.00372 -0.02370 0.02486
v -0.00476 -0.02370 0.02799
v -0.00390 -0.02130 0.02117
v -0.00372 -0.02130 0.02486
v -0.00410 -0.02130 0.03295
v -0.00409 -0.01830 0.00628
v -0.00409 -0.01430 0.00628
v -0.00390 -0.01130 0.02117
v -0.00372 -0.01130 0.02486
v -0.00410 -0.01130 0.03295
v -0.00390 -0.00890 0.02117
v -0.00372 -0.00890 0.02486
v -0.00443 -0.00890 0.02786
v -0.00371 -0.00730 -0.00880
v -0.00409 -0.00730 0.00628
v -0.00408 -0.00730 0.00864
v -0.00443 -0.00730 0.02786
v -0.00410 -0.00730 0.03295
v -0.00371 -0.00650 -0.00880
v -0.00408 -0.00650 0.00864
v -0.00365 -0.00260 -0.02059
v -0.00253 -0.03003 -0.01956
v -0.00286 -0.03008 -0.01855
v -0.00272 -0.03012 -0.01768
v -0.00282 -0.02570 -0.00912
v -0.00270 -0.02560 0.01220
v -0.00269 -0.02530 0.02669
v -0.00309 -0.02530 0.03289
v -0.00328 -0.02370 0.02249
v -0.00333 -0.02370 0.02403
v -0.00269 -0.02370 0.02669
v -0.00271 -0.02130 0.01220
v -0.00328 -0.02130 0.02249
v -0.00333 -0.02130 0.02403
v -0.00306 -0.02130 0.03288
v -0.00294 -0.01830 -0.00523
v -0.00264 -0.01830 0.00539
v -0.00259 -0.01730 -0.01945
v -0.00287 -0.01730 -0.01839
v -0.00268 -0.01730 -0.01760
v -0.00259 -0.01530 -0.01946
v -0.00287 -0.01530 -0.01839
v -0.00268 -0.01530 -0.01760
v -0.00294 -0.01430 -0.00523
v -0.00264 -0.01430 0.00539
v -0.00271 -0.01130 0.01220
v -0.00328 -0.01130 0.02249
v -0.00333 -0.01130 0.02403
v -0.00299 -0.01130 0.03285
v -0.00357 -0.00890 0.01887
v -0.00246 -0.00890 0.01985
v -0.00328 -0.00890 0.02249
v -0.00333 -0.00890 0.02403
v -0.00242 -0.00890 0.02638
v -0.00282 -0.00730 -0.00912
v -0.00270 -0.00730 0.01220
v -0.00357 -0.00730 0.01887
v -0.00246 -0.00730 0.01985
v -0.00242 -0.00730 0.02638
v -0.00299 -0.00730 0.03285
v -0.00282 -0.00650 -0.00912
v -0.00270 -0.00650 0.01220
v -0.00253 -0.00257 -0.01956
v -0.00285 -0.00251 -0.01841
v -0.00258 -0.00247 -0.01741
v -0.00218 -0.03014 -0.01693
v -0.00139 -0.03015 -0.01651
v -0.00213 -0.02530 -0.00719
v -0.00234 -0.02530 0.02000
v -0.00135 -0.02530 0.02216
v -0.00146 -0.02530 0.02459
v -0.00120 -0.02530 0.02921
v -0.00223 -0.02530 0.03211
v -0.00234 -0.02370 0.02000
v -0.00135 -0.02370 0.02216
v -0.00146 -0.02370 0.02459
v -0.00120 -0.02130 0.02921
v -0.00224 -0.02130 0.03213
v -0.00213 -0.01830 -0.00719
v -0.00207 -0.01730 -0.01684
v -0.00207 -0.01530 -0.01684
v -0.00213 -0.01430 -0.00719
v -0.00120 -0.01130 0.02921
v -0.00222 -0.01130 0.03210
v -0.00137 -0.00890 0.02209
v -0.00141 -0.00890 0.02438
v -0.00213 -0.00730 -0.00719
v -0.00137 -0.00730 0.02209
v -0.00141 -0.00730 0.02438
v -0.00120 -0.00730 0.02921
v -0.00223 -0.00730 0.03213
v -0.00214 -0.00246 -0.01690
v -0.00157 -0.00245 -0.01657
v -0.00059 -0.03014 -0.01650
v -0.00048 -0.02971 -0.02485
v -0.00109 -0.02530 0.00742
v -0.00055 -0.02573 0.00954
v -0.00078 -0.02530 0.02840
v -0.00078 -0.02130 0.02840
v -0.00017 -0.01830 -0.00599
v -0.00109 -0.01830 0.00742
v -0.00059 -0.01730 -0.01651
v -0.00061 -0.01530 -0.01651
v -0.00017 -0.01430 -0.00599
v -0.00109 -0.01430 0.00742
v -0.00078 -0.01130 0.02840
v -0.00109 -0.00730 0.00742
v -0.00055 -0.00730 0.00954
v -0.00078 -0.00730 0.02840
v -0.00055 -0.00650 0.00954
v -0.00054 -0.00289 -0.02477
v -0.00076 -0.00246 -0.01648
v 0.00016 -0.02964 -0.02564
v 0.00036 -0.02978 -0.02350
v 0.00080 -0.02570 -0.00952
v 0.00109 -0.02530 -0.00742
v 0.00039 -0.02530 0.02739
v 0.00039 -0.02130 0.02739
v 0.00109 -0.01830 -0.00742
v 0.00017 -0.01830 0.00599
v 0.00109 -0.01430 -0.00742
v 0.00017 -0.01430 0.00599
v 0.00039 -0.01130 0.02739
v 0.00080 -0.00730 -0.00952
v 0.00109 -0.00730 -0.00742
v 0.00039 -0.00730 0.02739
v 0.00080 -0.00650 -0.00952
v 0.00016 -0.00296 -0.02564
v 0.00053 -0.00284 -0.02371
v 0.00230 -0.02958 -0.02582
v 0.00213 -0.02530 0.00719
v 0.00146 -0.02563 0.01241
v 0.00215 -0.02530 0.02701
v 0.00212 -0.02099 -0.01500
v 0.00213 -0.02093 -0.01398
v 0.00145 -0.02130 0.01242
v 0.00215 -0.02130 0.02701
v 0.00200 -0.02030 -0.01505
v 0.00195 -0.02030 -0.01401
v 0.00213 -0.01830 0.00719
v 0.00230 -0.01730 -0.02582
v 0.00230 -0.01530 -0.02582
v 0.00213 -0.01430 0.00719
v 0.00199 -0.01230 -0.01503
v 0.00200 -0.01230 -0.01385
v 0.00214 -0.01161 -0.01503
v 0.00213 -0.01167 -0.01398
v 0.00145 -0.01130 0.01242
v 0.00211 -0.01130 0.02701
v 0.00213 -0.00730 0.00719
v 0.00146 -0.00730 0.01241
v 0.00215 -0.00730 0.02701
v 0.00146 -0.00650 0.01241
v 0.00130 -0.00291 -0.02465
v 0.00294 -0.02934 -0.02876
v 0.00306 -0.02566 0.00905
v 0.00336 -0.02530 0.02604
v 0.00297 -0.02530 0.02663
v 0.00316 -0.02173 -0.01484
v 0.00299 -0.02169 -0.01408
v 0.00284 -0.02086 -0.01581
v 0.00259 -0.02141 -0.01515
v 0.00256 -0.02106 -0.01359
v 0.00336 -0.02130 0.02604
v 0.00297 -0.02130 0.02663
v 0.00286 -0.02030 -0.01597
v 0.00251 -0.02030 -0.01329
v 0.00264 -0.01830 -0.00539
v 0.00294 -0.01830 0.00523
v 0.00264 -0.01430 -0.00539
v 0.00294 -0.01430 0.00523
v 0.00287 -0.01218 -0.01596
v 0.00251 -0.01215 -0.01330
v 0.00283 -0.01161 -0.01576
v 0.00289 -0.01102 -0.01499
v 0.00270 -0.01125 -0.01380
v 0.00336 -0.01130 0.02604
v 0.00297 -0.01130 0.02663
v 0.00306 -0.00730 0.00905
v 0.00336 -0.00730 0.02604
v 0.00297 -0.00730 0.02663
v 0.00306 -0.00650 0.00905
v 0.00309 -0.00328 -0.02892
v 0.00393 -0.02941 -0.02763
v 0.00430 -0.02566 -0.00853
v 0.00409 -0.02530 -0.00628
v 0.00393 -0.02574 0.00871
v 0.00409 -0.01830 -0.00628
v 0.00409 -0.01430 -0.00628
v 0.00430 -0.00730 -0.00853
v 0.00409 -0.00730 -0.00628
v 0.00393 -0.00730 0.00871
v 0.00430 -0.00650 -0.00853
v 0.00393 -0.00650 0.00871
v 0.00444 -0.00325 -0.02816
v 0.00504 -0.02530 -0.00555
v 0.00495 -0.02530 0.00563
v 0.00498 -0.02573 0.01146
v 0.00545 -0.02130 0.01125
v 0.00571 -0.01863 -0.01688
v 0.00504 -0.01830 -0.00555
v 0.00482 -0.01830 -0.00357
v 0.00587 -0.01830 -0.00124
v 0.00577 -0.01830 0.00164
v 0.00503 -0.01830 0.00327
v 0.00495 -0.01830 0.00563
v 0.00539 -0.01737 -0.01670
v 0.00529 -0.01626 -0.01664
v 0.00570 -0.01457 -0.01681
v 0.00523 -0.01534 -0.01669
v 0.00588 -0.01362 -0.01695
v 0.00504 -0.01430 -0.00555
v 0.00482 -0.01430 -0.00357
v 0.00587 -0.01430 -0.00124
v 0.00577 -0.01430 0.00164
v 0.00503 -0.01430 0.00327
v 0.00495 -0.01430 0.00563
v 0.00545 -0.01130 0.01125
v 0.00504 -0.00730 -0.00555
v 0.00495 -0.00730 0.00563
v 0.00498 -0.00730 0.01146
v 0.00498 -0.00650 0.01146
v 0.00684 -0.02888 -0.03257
v 0.00687 -0.02570 -0.00664
v 0.00690 -0.02530 -0.00292
v 0.00685 -0.02530 0.00305
v 0.00690 -0.02563 0.00661
v 0.00706 -0.02136 -0.01084
v 0.00691 -0.02096 -0.01061
v 0.00681 -0.01948 -0.01721
v 0.00682 -0.02030 -0.01047
v 0.00659 -0.01858 -0.01696
v 0.00643 -0.01809 -0.01678
v 0.00690 -0.01830 -0.00292
v 0.00685 -0.01830 0.00305
v 0.00643 -0.01729 -0.01645
v 0.00617 -0.01593 -0.01642
v 0.00657 -0.01479 -0.01657
v 0.00656 -0.01376 -0.01700
v 0.00690 -0.01430 -0.00292
v 0.00685 -0.01430 0.00305
v 0.00703 -0.01267 -0.01732
v 0.00682 -0.01230 -0.01047
v 0.00706 -0.01124 -0.01084
v 0.00693 -0.01159 -0.01063
v 0.00687 -0.00730 -0.00664
v 0.00690 -0.00730 -0.00292
v 0.00685 -0.00730 0.00305
v 0.00690 -0.00730 0.00661
v 0.00687 -0.00650 -0.00664
v 0.00690 -0.00650 0.00661
v 0.00684 -0.00372 -0.03257
v 0.00784 -0.02897 -0.03145
v 0.00750 -0.02530 -0.00011
v 0.00740 -0.02170 -0.01136
v 0.00782 -0.02014 -0.01755
v 0.00773 -0.01902 -0.01707
v 0.00746 -0.01841 -0.01656
v 0.00750 -0.01830 -0.00011
v 0.00784 -0.01730 -0.03145
v 0.00784 -0.01530 -0.03145
v 0.00798 -0.01349 -0.01710
v 0.00753 -0.01414 -0.01657
v 0.00750 -0.01430 -0.00011
v 0.00787 -0.01269 -0.01749
v 0.00741 -0.01089 -0.01138
v 0.00750 -0.00730 -0.00011
v 0.00784 -0.00363 -0.03145
v 0.00903 -0.02572 -0.00309
v 0.00951 -0.02573 0.00092
v 0.00844 -0.02577 0.00446
v 0.00892 -0.02547 0.00922
v 0.00952 -0.02169 -0.00947
v 0.00882 -0.02047 -0.01789
v 0.00906 -0.02112 -0.00901
v 0.00913 -0.02130 0.00918
v 0.00910 -0.01973 -0.01759
v 0.00852 -0.02030 -0.00914
v 0.00879 -0.01902 -0.01671
v 0.00940 -0.01322 -0.01726
v 0.00898 -0.01353 -0.01673
v 0.00912 -0.01261 -0.01775
v 0.00852 -0.01230 -0.00914
v 0.00925 -0.01123 -0.00920
v 0.00917 -0.01130 0.00914
v 0.00899 -0.00730 -0.00319
v 0.00951 -0.00730 0.00092
v 0.00845 -0.00730 0.00445
v 0.00902 -0.00730 0.00930
v 0.00904 -0.00650 -0.00305
v 0.00951 -0.00650 0.00092
v 0.00844 -0.00650 0.00447
v 0.00847 -0.00650 0.00919
v 0.00992 -0.02180 -0.00987
v 0.01018 -0.02055 -0.01831
v 0.01060 -0.02087 -0.00683
v 0.01029 -0.02002 -0.01814
v 0.01039 -0.01944 -0.01736
v 0.01043 -0.01747 -0.01731
v 0.00984 -0.01716 -0.01645
v 0.00971 -0.01630 -0.01759
v 0.00965 -0.01622 -0.01618
v 0.01045 -0.01516 -0.01734
v 0.00987 -0.01538 -0.01650
v 0.01059 -0.01325 -0.01722
v 0.01032 -0.01237 -0.01822
v 0.01044 -0.01306 -0.01769
v 0.00992 -0.01080 -0.00987
v 0.01060 -0.01173 -0.00683
v 0.01102 -0.02576 0.00590
v 0.01151 -0.02174 -0.00741
v 0.01162 -0.02047 -0.01880
v 0.01087 -0.02136 -0.00700
v 0.01180 -0.02087 -0.00446
v 0.01102 -0.02130 0.00590
v 0.01144 -0.01983 -0.01842
v 0.01162 -0.01926 -0.01748
v 0.01106 -0.02030 -0.00583
v 0.01085 -0.01713 -0.01793
v 0.01100 -0.01627 -0.01814
v 0.01086 -0.01548 -0.01794
v 0.01139 -0.01333 -0.01737
v 0.01144 -0.01261 -0.01849
v 0.01106 -0.01230 -0.00583
v 0.01153 -0.01086 -0.00742
v 0.01087 -0.01124 -0.00700
v 0.01180 -0.01173 -0.00446
v 0.01102 -0.01130 0.00590
v 0.01102 -0.00730 0.00590
v 0.01102 -0.00650 0.00590
v 0.01217 -0.02817 -0.03736
v 0.01218 -0.02610 0.00376
v 0.01309 -0.02180 -0.00495
v 0.01256 -0.02169 -0.00475
v 0.01210 -0.02136 -0.00458
v 0.01280 -0.02119 -0.00163
v 0.01305 -0.02079 -0.00100
v 0.01260 -0.01992 -0.01900
v 0.01246 -0.02030 -0.00158
v 0.01297 -0.02027 -0.00095
v 0.01248 -0.01910 -0.01833
v 0.01260 -0.01896 -0.01747
v 0.01292 -0.01375 -0.01837
v 0.01241 -0.01358 -0.01750
v 0.01245 -0.01271 -0.01894
v 0.01246 -0.01230 -0.00158
v 0.01298 -0.01228 -0.00093
v 0.01309 -0.01080 -0.00495
v 0.01231 -0.01109 -0.00466
v 0.01280 -0.01140 -0.00165
v 0.01304 -0.01175 -0.00103
v 0.01218 -0.00650 0.00376
v 0.01217 -0.00443 -0.03736
v 0.01410 -0.02978 -0.01960
v 0.01388 -0.02817 -0.03688
v 0.01423 -0.02610 0.00014
v 0.01364 -0.02171 -0.00198
v 0.01411 -0.02180 0.00034
v 0.01338 -0.02142 -0.00138
v 0.01393 -0.02111 -0.00055
v 0.01406 -0.01947 -0.01960
v 0.01434 -0.02025 -0.00005
v 0.01414 -0.01844 -0.01939
v 0.01344 -0.01860 -0.01864
v 0.01360 -0.01851 -0.01743
v 0.01395 -0.01796 -0.01825
v 0.01415 -0.01796 -0.01766
v 0.01401 -0.01471 -0.01836
v 0.01396 -0.01447 -0.01764
v 0.01412 -0.01370 -0.01954
v 0.01381 -0.01418 -0.01902
v 0.01370 -0.01414 -0.01740
v 0.01336 -0.01264 -0.01937
v 0.01433 -0.01229 -0.00004
v 0.01352 -0.01103 -0.00170
v 0.01322 -0.01132 -0.00116
v 0.01411 -0.01080 0.00034
v 0.01419 -0.00650 0.00020
v 0.01388 -0.00443 -0.03688
v 0.01453 -0.02610 -0.00033
v 0.01516 -0.02174 -0.00132
v 0.01469 -0.02175 -0.00064
v 0.01459 -0.02123 -0.00044
v 0.01470 -0.01864 -0.01979
v 0.01443 -0.01801 -0.01734
v 0.01498 -0.01731 -0.01970
v 0.01450 -0.01708 -0.01847
v 0.01486 -0.01725 -0.01752
v 0.01500 -0.01630 -0.01964
v 0.01464 -0.01630 -0.01847
v 0.01512 -0.01625 -0.01752
v 0.01488 -0.01505 -0.01966
v 0.01445 -0.01540 -0.01847
v 0.01468 -0.01513 -0.01755
v 0.01456 -0.01361 -0.01975
v 0.01517 -0.01086 -0.00132
v 0.01458 -0.01126 -0.00042
v 0.01453 -0.00650 -0.00033
v 0.01670 -0.01747 -0.00879
v 0.01562 -0.01605 -0.02010
v 0.01661 -0.01624 -0.00864
v 0.01674 -0.01495 -0.00885
v 0.01591 -0.00300 -0.02177
v 0.01791 -0.02951 -0.02241
v 0.01774 -0.02731 -0.04236
v 0.01764 -0.01939 -0.01015
v 0.01737 -0.01842 -0.00976
v 0.01710 -0.01860 -0.00936
v 0.01786 -0.01724 -0.01047
v 0.01696 -0.01723 -0.00916
v 0.01794 -0.01747 -0.00794
v 0.01772 -0.01620 -0.01027
v 0.01688 -0.01598 -0.00905
v 0.01784 -0.01617 -0.00779
v 0.01783 -0.01518 -0.01043
v 0.01717 -0.01461 -0.00947
v 0.01798 -0.01495 -0.00800
v 0.01772 -0.01346 -0.01026
v 0.01710 -0.01398 -0.00936
v 0.01774 -0.00529 -0.04236
v 0.01906 -0.01969 -0.01221
v 0.01845 -0.01956 -0.01132
v 0.01888 -0.01939 -0.00930
v 0.01857 -0.01805 -0.01150
v 0.01808 -0.01917 -0.01079
v 0.01848 -0.01889 -0.00872
v 0.01816 -0.01824 -0.00826
v 0.01907 -0.01717 -0.01223
v 0.01851 -0.01763 -0.01142
v 0.01914 -0.01758 -0.00968
v 0.01892 -0.01707 -0.00937
v 0.01885 -0.01611 -0.00926
v 0.01898 -0.01530 -0.01210
v 0.01855 -0.01483 -0.01148
v 0.01866 -0.01520 -0.01018
v 0.01897 -0.01537 -0.00944
v 0.01906 -0.01343 -0.01222
v 0.01857 -0.01330 -0.01150
v 0.01867 -0.01347 -0.00900
v 0.01822 -0.01420 -0.00835
v 0.01904 -0.01290 -0.01219
v 0.01833 -0.01285 -0.01115
v 0.01852 -0.00300 -0.02103
v 0.01946 -0.02731 -0.04188
v 0.01951 -0.01938 -0.01287
v 0.02029 -0.01969 -0.01136
v 0.01959 -0.01975 -0.01034
v 0.02034 -0.01930 -0.00877
v 0.02004 -0.01862 -0.01365
v 0.01937 -0.01895 -0.01266
v 0.02000 -0.01802 -0.01094
v 0.01971 -0.01803 -0.01051
v 0.01972 -0.01850 -0.00788
v 0.02016 -0.01785 -0.01381
v 0.01931 -0.01744 -0.01257
v 0.02023 -0.01787 -0.01127
v 0.01934 -0.01783 -0.00998
v 0.01934 -0.01752 -0.00732
v 0.01924 -0.01691 -0.00717
v 0.02026 -0.01662 -0.01396
v 0.01938 -0.01623 -0.01267
v 0.01923 -0.01592 -0.00716
v 0.02019 -0.01537 -0.01385
v 0.01933 -0.01521 -0.01260
v 0.02018 -0.01470 -0.01120
v 0.01957 -0.01464 -0.01031
v 0.01943 -0.01476 -0.00746
v 0.01992 -0.01408 -0.01347
v 0.01950 -0.01321 -0.01286
v 0.02037 -0.01328 -0.00882
v 0.01992 -0.01375 -0.00816
v 0.02028 -0.01290 -0.01134
v 0.01959 -0.01285 -0.01034
v 0.01946 -0.00529 -0.04188
v 0.02075 -0.01938 -0.01202
v 0.02121 -0.01952 -0.01004
v 0.02068 -0.01949 -0.00928
v 0.02127 -0.01864 -0.01278
v 0.02053 -0.01683 -0.01436
v 0.02059 -0.01732 -0.01179
v 0.02055 -0.01597 -0.01438
v 0.02079 -0.01630 -0.01208
v 0.02072 -0.01561 -0.01198
v 0.02044 -0.01513 -0.01422
v 0.02057 -0.01521 -0.01177
v 0.02111 -0.01376 -0.01255
v 0.02121 -0.01308 -0.01004
v 0.02072 -0.01310 -0.00933
v 0.02175 -0.01930 -0.01084
v 0.02258 -0.01809 -0.01204
v 0.02220 -0.01881 -0.01149
v 0.02173 -0.01707 -0.01345
v 0.02275 -0.01752 -0.01229
v 0.02178 -0.01597 -0.01353
v 0.02168 -0.01513 -0.01337
v 0.02266 -0.01479 -0.01216
v 0.02222 -0.01383 -0.01152
v 0.02172 -0.01328 -0.01079
v 0.02285 -0.01691 -0.01244
v 0.02286 -0.01585 -0.01245
v 0.02795 -0.02169 -0.02250
v 0.02847 -0.02153 -0.02327
v 0.02854 -0.01112 -0.02336
v 0.02785 -0.01090 -0.02236
v 0.02974 -0.02887 -0.02624
v 0.02931 -0.02562 -0.05274
v 0.03000 -0.02180 -0.02317
v 0.02915 -0.02068 -0.02426
v 0.02886 -0.02122 -0.02383
v 0.02924 -0.02020 -0.02438
v 0.02974 -0.01730 -0.02624
v 0.02974 -0.01530 -0.02624
v 0.02923 -0.01228 -0.02437
v 0.02909 -0.01174 -0.02417
v 0.02962 -0.01099 -0.02339
v 0.02931 -0.00698 -0.05274
v 0.02974 -0.00373 -0.02624
v 0.03058 -0.02879 -0.02677
v 0.03102 -0.02562 -0.05227
v 0.03076 -0.02163 -0.02414
v 0.03027 -0.02169 -0.02322
v 0.03099 -0.02144 -0.02433
v 0.03070 -0.02159 -0.02386
v 0.03050 -0.01730 -0.02670
v 0.03049 -0.01530 -0.02670
v 0.03084 -0.01106 -0.02415
v 0.03037 -0.01093 -0.02338
v 0.03102 -0.00698 -0.05227
v 0.03041 -0.00379 -0.02663
v 0.03169 -0.02891 -0.02529
v 0.03178 -0.02610 -0.02540
v 0.03147 -0.02610 -0.02497
v 0.03194 -0.02180 -0.02560
v 0.03145 -0.02180 -0.02498
v 0.03166 -0.02058 -0.02526
v 0.03142 -0.02091 -0.02493
v 0.03169 -0.02030 -0.02529
v 0.03158 -0.02020 -0.02514
v 0.03169 -0.01230 -0.02529
v 0.03157 -0.01226 -0.02512
v 0.03182 -0.01122 -0.02545
v 0.03137 -0.01134 -0.02485
v 0.03174 -0.00650 -0.02536
v 0.03147 -0.00650 -0.02497
v 0.03169 -0.00369 -0.02529
v 0.03450 -0.02817 -0.03111
v 0.03433 -0.02849 -0.02850
v 0.03450 -0.00443 -0.03111
v 0.03433 -0.00411 -0.02850
v 0.03616 -0.02817 -0.03065
v 0.03616 -0.00443 -0.03065
v 0.03890 -0.02767 -0.03374
v 0.03923 -0.02731 -0.03635
v 0.03923 -0.00529 -0.03635
v 0.03890 -0.00493 -0.03374
v 0.04085 -0.02731 -0.03590
v 0.04090 -0.02427 -0.06315
v 0.04090 -0.00833 -0.06315
v 0.04085 -0.00529 -0.03590
v 0.04261 -0.02427 -0.06267
v 0.04261 -0.00833 -0.06267
v 0.04905 -0.02562 -0.04722
v 0.04905 -0.00698 -0.04722
v 0.05066 -0.02562 -0.04677
v 0.05066 -0.00698 -0.04677
v 0.05252 -0.02327 -0.07359
v 0.05252 -0.00933 -0.07359
v 0.05424 -0.02327 -0.07311
v 0.05424 -0.00933 -0.07311
v 0.05889 -0.02427 -0.05812
v 0.05889 -0.00833 -0.05812
v 0.06050 -0.02427 -0.05767
v 0.06050 -0.00833 -0.05767
v 0.06416 -0.02262 -0.08404
v 0.06416 -0.00998 -0.08404
v 0.06588 -0.02262 -0.08356
v 0.06588 -0.00998 -0.08356
v 0.06876 -0.02327 -0.06905
v 0.06876 -0.00933 -0.06905
v 0.07037 -0.02327 -0.06860
v 0.07037 -0.00933 -0.06860
v 0.07097 -0.02240 -0.09016
v 0.07197 -0.02242 -0.08904
v 0.07197 -0.01730 -0.08904
v 0.07197 -0.01530 -0.08904
v 0.07097 -0.01020 -0.09016
v 0.07197 -0.01018 -0.08904
v 0.07361 -0.01022 -0.09057
v 0.07474 -0.02233 -0.09385
v 0.07470 -0.01027 -0.09381
v 0.07575 -0.02234 -0.09274
v 0.07799 -0.02230 -0.09764
v 0.07729 -0.02230 -0.09677
v 0.07798 -0.01030 -0.09762
v 0.07729 -0.01030 -0.09677
v 0.07710 -0.01028 -0.09423
v 0.07874 -0.02230 -0.09861
v 0.07908 -0.02230 -0.09660
v 0.07838 -0.02231 -0.09573
v 0.07864 -0.02262 -0.07999
v 0.07838 -0.01730 -0.09573
v 0.07838 -0.01530 -0.09573
v 0.07874 -0.01030 -0.09861
v 0.07838 -0.01029 -0.09573
v 0.07864 -0.00998 -0.07999
v 0.08029 -0.02230 -0.09817
v 0.08025 -0.02262 -0.07954
v 0.08029 -0.01030 -0.09817
v 0.08025 -0.00998 -0.07954
v 0.08159 -0.02240 -0.10273
v 0.08144 -0.01021 -0.10249
v 0.08075 -0.01030 -0.09880
v 0.08254 -0.02249 -0.10427
v 0.08254 -0.01011 -0.10427
v 0.08371 -0.02246 -0.10331
v 0.08312 -0.02240 -0.10234
v 0.08371 -0.01730 -0.10331
v 0.08371 -0.01530 -0.10331
v 0.08356 -0.00997 -0.10608
v 0.08371 -0.01014 -0.10331
v 0.08339 -0.01017 -0.10278
v 0.08407 -0.02272 -0.10703
v 0.08619 -0.02325 -0.11153
v 0.08534 -0.02300 -0.10961
v 0.08556 -0.02272 -0.10665
v 0.08534 -0.00960 -0.10961
v 0.08571 -0.00985 -0.10694
v 0.08565 -0.00952 -0.11028
v 0.08658 -0.02339 -0.11249
v 0.08680 -0.02300 -0.10920
v 0.08717 -0.00896 -0.11402
v 0.08658 -0.00921 -0.11249
v 0.08713 -0.00951 -0.10993
v 0.08791 -0.02402 -0.11616
v 0.08766 -0.02326 -0.11115
v 0.08784 -0.01730 -0.11161
v 0.08784 -0.01530 -0.11161
v 0.08784 -0.00928 -0.11161
v 0.08862 -0.00812 -0.11847
v 0.08985 -0.02524 -0.12371
v 0.08977 -0.02544 -0.12306
v 0.08996 -0.02513 -0.12434
v 0.08925 -0.02502 -0.12090
v 0.08940 -0.02404 -0.11588
v 0.08887 -0.00884 -0.11431
v 0.08990 -0.00741 -0.12400
v 0.08977 -0.00726 -0.12327
v 0.08933 -0.00751 -0.12122
v 0.08987 -0.00826 -0.11739
v 0.08978 -0.00713 -0.12299
v 0.09101 -0.02593 -0.15092
v 0.09113 -0.02542 -0.14942
v 0.09082 -0.02550 -0.12576
v 0.09049 -0.02574 -0.12439
v 0.09003 -0.02563 -0.12336
v 0.09103 -0.02537 -0.12195
v 0.09099 -0.02467 -0.12890
v 0.09035 -0.02460 -0.12576
v 0.09074 -0.02506 -0.12066
v 0.09102 -0.01730 -0.12194
v 0.09056 -0.01730 -0.11996
v 0.09099 -0.01630 -0.15093
v 0.09116 -0.01630 -0.13213
v 0.09085 -0.01630 -0.12849
v 0.09056 -0.01630 -0.12583
v 0.09102 -0.01530 -0.12194
v 0.09056 -0.01530 -0.11996
v 0.09107 -0.00832 -0.13043
v 0.09100 -0.00782 -0.12891
v 0.09074 -0.00830 -0.12724
v 0.09044 -0.00776 -0.12571
v 0.09001 -0.00738 -0.12432
v 0.09102 -0.00724 -0.12194
v 0.09102 -0.00667 -0.15092
v 0.09100 -0.00684 -0.12571
v 0.09036 -0.00690 -0.12423
v 0.09003 -0.00697 -0.12335
v 0.09112 -0.00589 -0.15091
v 0.09181 -0.02824 -0.15080
v 0.09233 -0.02817 -0.14778
v 0.09123 -0.02707 -0.15089
v 0.09162 -0.02702 -0.14791
v 0.09209 -0.02718 -0.14470
v 0.09226 -0.02696 -0.14151
v 0.09215 -0.02651 -0.13836
v 0.09238 -0.02661 -0.13510
v 0.09126 -0.02579 -0.14805
v 0.09150 -0.02569 -0.14486
v 0.09162 -0.02563 -0.14167
v 0.09187 -0.02633 -0.14160
v 0.09171 -0.02561 -0.13846
v 0.09184 -0.02590 -0.13522
v 0.09149 -0.02547 -0.13206
v 0.09198 -0.02615 -0.13196
v 0.09180 -0.02604 -0.12874
v 0.09170 -0.02615 -0.12547
v 0.09168 -0.02565 -0.12296
v 0.09137 -0.02508 -0.14581
v 0.09151 -0.02485 -0.14201
v 0.09151 -0.02458 -0.13863
v 0.09144 -0.02465 -0.13535
v 0.09124 -0.02456 -0.13211
v 0.09207 -0.02230 -0.09488
v 0.09179 -0.01730 -0.12306
v 0.09125 -0.01630 -0.14728
v 0.09140 -0.01630 -0.14362
v 0.09145 -0.01630 -0.13996
v 0.09143 -0.01630 -0.13844
v 0.09131 -0.01630 -0.13478
v 0.09178 -0.01530 -0.12305
v 0.09207 -0.01030 -0.09488
v 0.09128 -0.00737 -0.14740
v 0.09144 -0.00748 -0.14449
v 0.09151 -0.00770 -0.14173
v 0.09152 -0.00793 -0.14040
v 0.09156 -0.00760 -0.13851
v 0.09147 -0.00812 -0.13707
v 0.09145 -0.00781 -0.13532
v 0.09132 -0.00826 -0.13364
v 0.09127 -0.00788 -0.13211
v 0.09127 -0.00681 -0.14805
v 0.09158 -0.00650 -0.14483
v 0.09163 -0.00696 -0.14167
v 0.09188 -0.00626 -0.14160
v 0.09201 -0.00633 -0.13839
v 0.09184 -0.00669 -0.13522
v 0.09149 -0.00712 -0.13206
v 0.09195 -0.00648 -0.13196
v 0.09169 -0.00667 -0.12876
v 0.09180 -0.00640 -0.12542
v 0.09175 -0.00694 -0.12299
v 0.09135 -0.00521 -0.15087
v 0.09163 -0.00557 -0.14791
v 0.09210 -0.00540 -0.14470
v 0.09227 -0.00562 -0.14151
v 0.09240 -0.00598 -0.13510
v 0.09185 -0.00431 -0.15079
v 0.09234 -0.00441 -0.14778
v 0.09294 -0.02940 -0.15062
v 0.09297 -0.02878 -0.14769
v 0.09318 -0.02831 -0.14453
v 0.09335 -0.02795 -0.14134
v 0.09275 -0.02751 -0.14143
v 0.09280 -0.02717 -0.13824
v 0.09286 -0.02697 -0.13502
v 0.09297 -0.02678 -0.13176
v 0.09288 -0.02658 -0.12877
v 0.09344 -0.02566 -0.14769
v 0.09344 -0.02583 -0.14732
v 0.09245 -0.02630 -0.12530
v 0.09314 -0.02587 -0.12346
v 0.09336 -0.02499 -0.14774
v 0.09330 -0.02497 -0.14717
v 0.09351 -0.02478 -0.14305
v 0.09355 -0.02453 -0.14272
v 0.09359 -0.02416 -0.13943
v 0.09353 -0.02433 -0.13893
v 0.09338 -0.02420 -0.13361
v 0.09326 -0.02427 -0.12778
v 0.09341 -0.02389 -0.13534
v 0.09332 -0.02379 -0.13364
v 0.09318 -0.02368 -0.13168
v 0.09300 -0.02371 -0.12771
v 0.09351 -0.02370 -0.12711
v 0.09346 -0.02065 -0.14793
v 0.09326 -0.02065 -0.14732
v 0.09345 -0.02042 -0.14291
v 0.09350 -0.02042 -0.14274
v 0.09355 -0.02023 -0.13947
v 0.09346 -0.02023 -0.13905
v 0.09295 -0.01999 -0.12774
v 0.09356 -0.01992 -0.12707
v 0.09338 -0.01730 -0.12347
v 0.09341 -0.01630 -0.14786
v 0.09325 -0.01630 -0.14732
v 0.09342 -0.01630 -0.14307
v 0.09349 -0.01630 -0.14272
v 0.09350 -0.01630 -0.13939
v 0.09344 -0.01630 -0.13906
v 0.09326 -0.01630 -0.13361
v 0.09297 -0.01630 -0.12767
v 0.09353 -0.01630 -0.12708
v 0.09338 -0.01530 -0.12347
v 0.09345 -0.01218 -0.14291
v 0.09350 -0.01218 -0.14274
v 0.09355 -0.01237 -0.13947
v 0.09300 -0.01268 -0.12762
v 0.09356 -0.01268 -0.12707
v 0.09347 -0.01195 -0.14795
v 0.09326 -0.01195 -0.14732
v 0.09352 -0.00844 -0.13921
v 0.09350 -0.00860 -0.13880
v 0.09339 -0.00872 -0.13512
v 0.09333 -0.00863 -0.13363
v 0.09318 -0.00892 -0.13162
v 0.09306 -0.00878 -0.12766
v 0.09351 -0.00890 -0.12711
v 0.09336 -0.00761 -0.14775
v 0.09331 -0.00766 -0.14689
v 0.09351 -0.00791 -0.14301
v 0.09355 -0.00807 -0.14272
v 0.09355 -0.00804 -0.13902
v 0.09342 -0.00827 -0.13360
v 0.09340 -0.00825 -0.12767
v 0.09343 -0.00697 -0.14769
v 0.09341 -0.00689 -0.14732
v 0.09277 -0.00606 -0.12851
v 0.09245 -0.00630 -0.12530
v 0.09327 -0.00671 -0.12348
v 0.09277 -0.00507 -0.14143
v 0.09282 -0.00542 -0.13824
v 0.09287 -0.00562 -0.13501
v 0.09303 -0.00580 -0.13172
v 0.09316 -0.00593 -0.12931
v 0.09299 -0.00380 -0.14769
v 0.09326 -0.00423 -0.14452
v 0.09337 -0.00464 -0.14134
v 0.09302 -0.00314 -0.15061
v 0.09459 -0.03017 -0.15036
v 0.09383 -0.02992 -0.15048
v 0.09372 -0.02925 -0.14762
v 0.09429 -0.02888 -0.14441
v 0.09395 -0.02777 -0.13806
v 0.09435 -0.02785 -0.13784
v 0.09428 -0.02674 -0.14788
v 0.09429 -0.02699 -0.14726
v 0.09469 -0.02652 -0.14284
v 0.09470 -0.02642 -0.14254
v 0.09402 -0.02744 -0.13526
v 0.09415 -0.02588 -0.14815
v 0.09399 -0.02588 -0.14295
v 0.09423 -0.02569 -0.14241
v 0.09443 -0.02558 -0.13950
v 0.09418 -0.02559 -0.13901
v 0.09476 -0.02546 -0.13480
v 0.09459 -0.02527 -0.13338
v 0.09402 -0.02499 -0.14828
v 0.09407 -0.02480 -0.14224
v 0.09409 -0.02460 -0.13975
v 0.09370 -0.02496 -0.13910
v 0.09393 -0.02496 -0.13349
v 0.09427 -0.02495 -0.13095
v 0.09406 -0.02448 -0.12749
v 0.09468 -0.02421 -0.12694
v 0.09385 -0.02371 -0.12701
v 0.09369 -0.02230 -0.09443
v 0.09421 -0.02064 -0.14835
v 0.09395 -0.02041 -0.14226
v 0.09399 -0.02023 -0.13990
v 0.09411 -0.01630 -0.14832
v 0.09398 -0.01630 -0.14225
v 0.09405 -0.01630 -0.13989
v 0.09382 -0.01219 -0.14233
v 0.09416 -0.01237 -0.13994
v 0.09419 -0.01196 -0.14836
v 0.09369 -0.01030 -0.09443
v 0.09432 -0.00853 -0.14210
v 0.09403 -0.00844 -0.13981
v 0.09401 -0.00883 -0.12697
v 0.09414 -0.00750 -0.14831
v 0.09363 -0.00727 -0.14301
v 0.09407 -0.00767 -0.14228
v 0.09419 -0.00770 -0.13975
v 0.09376 -0.00755 -0.13905
v 0.09412 -0.00755 -0.13346
v 0.09434 -0.00759 -0.13143
v 0.09392 -0.00811 -0.12761
v 0.09469 -0.00827 -0.12701
v 0.09411 -0.00652 -0.14809
v 0.09368 -0.00625 -0.14731
v 0.09430 -0.00642 -0.14290
v 0.09447 -0.00655 -0.14241
v 0.09443 -0.00698 -0.13945
v 0.09429 -0.00693 -0.13899
v 0.09477 -0.00712 -0.13493
v 0.09433 -0.00579 -0.14783
v 0.09436 -0.00555 -0.14727
v 0.09375 -0.00489 -0.13809
v 0.09402 -0.00516 -0.13526
v 0.09432 -0.00370 -0.14441
v 0.09435 -0.00475 -0.13784
v 0.09419 -0.00254 -0.15042
v 0.09375 -0.00333 -0.14762
v 0.09553 -0.03029 -0.15021
v 0.09538 -0.02964 -0.14713
v 0.09507 -0.02903 -0.14420
v 0.09482 -0.02857 -0.14190
v 0.09561 -0.02692 -0.14803
v 0.09541 -0.02752 -0.14722
v 0.09562 -0.02724 -0.14524
v 0.09481 -0.02658 -0.14282
v 0.09542 -0.02668 -0.14256
v 0.09575 -0.02679 -0.12768
v 0.09513 -0.02631 -0.14825
v 0.09520 -0.02591 -0.14199
v 0.09523 -0.02564 -0.13970
v 0.09507 -0.02604 -0.13891
v 0.09511 -0.02630 -0.12456
v 0.09513 -0.02492 -0.13995
v 0.09592 -0.02472 -0.12728
v 0.09579 -0.02435 -0.12671
v 0.09579 -0.02373 -0.12645
v 0.09570 -0.01630 -0.12647
v 0.09579 -0.00871 -0.12648
v 0.09509 -0.00754 -0.13992
v 0.09587 -0.00788 -0.12730
v 0.09579 -0.00819 -0.12675
v 0.09533 -0.00621 -0.14822
v 0.09527 -0.00659 -0.14202
v 0.09517 -0.00684 -0.13957
v 0.09519 -0.00653 -0.13896
v 0.09511 -0.00630 -0.12456
v 0.09559 -0.00553 -0.14796
v 0.09535 -0.00510 -0.14720
v 0.09562 -0.00536 -0.14525
v 0.09495 -0.00596 -0.14280
v 0.09545 -0.00587 -0.14263
v 0.09575 -0.00581 -0.12768
v 0.09506 -0.00360 -0.14406
v 0.09482 -0.00403 -0.14190
v 0.09538 -0.00296 -0.14713
v 0.09525 -0.00233 -0.15026
v 0.09651 -0.03030 -0.15006
v 0.09640 -0.02969 -0.14695
v 0.09634 -0.02728 -0.13082
v 0.09716 -0.02613 -0.13927
v 0.09707 -0.02633 -0.13889
v 0.09658 -0.02517 -0.13000
v 0.09623 -0.02467 -0.12721
v 0.09649 -0.02431 -0.12694
v 0.09662 -0.02373 -0.12677
v 0.09671 -0.02247 -0.10002
v 0.09710 -0.02080 -0.14794
v 0.09710 -0.01630 -0.14794
v 0.09665 -0.01630 -0.12683
v 0.09710 -0.01180 -0.14794
v 0.09671 -0.01013 -0.10002
v 0.09662 -0.00872 -0.12682
v 0.09658 -0.00743 -0.13000
v 0.09639 -0.00810 -0.12703
v 0.09716 -0.00647 -0.13927
v 0.09707 -0.00627 -0.13889
v 0.09634 -0.00532 -0.13082
v 0.09640 -0.00291 -0.14695
v 0.09651 -0.00230 -0.15006
v 0.09819 -0.02928 -0.14344
v 0.09780 -0.02878 -0.14029
v 0.09737 -0.02827 -0.13713
v 0.09728 -0.02561 -0.13955
v 0.09746 -0.02573 -0.13323
v 0.09784 -0.02552 -0.13263
v 0.09778 -0.02630 -0.12381
v 0.09835 -0.02507 -0.13257
v 0.09798 -0.02251 -0.14983
v 0.09761 -0.02240 -0.14786
v 0.09833 -0.02247 -0.09956
v 0.09741 -0.02080 -0.14992
v 0.09810 -0.02135 -0.12372
v 0.09741 -0.01630 -0.14992
v 0.09805 -0.01630 -0.12374
v 0.09741 -0.01180 -0.14992
v 0.09809 -0.01124 -0.12373
v 0.09798 -0.01009 -0.14983
v 0.09762 -0.01018 -0.14786
v 0.09833 -0.01013 -0.09956
v 0.09732 -0.00723 -0.13960
v 0.09821 -0.00735 -0.13258
v 0.09725 -0.00681 -0.13952
v 0.09751 -0.00697 -0.13271
v 0.09778 -0.00630 -0.12381
v 0.09780 -0.00382 -0.14029
v 0.09737 -0.00433 -0.13713
v 0.09819 -0.00332 -0.14344
v 0.09879 -0.03030 -0.14970
v 0.09851 -0.02979 -0.14658
v 0.09933 -0.02761 -0.13004
v 0.09914 -0.02656 -0.13846
v 0.09857 -0.02698 -0.12692
v 0.09926 -0.02581 -0.13925
v 0.09928 -0.02610 -0.13911
v 0.09845 -0.02466 -0.13261
v 0.09883 -0.02336 -0.14969
v 0.09852 -0.02336 -0.14772
v 0.09949 -0.02374 -0.14756
v 0.09926 -0.01630 -0.13929
v 0.09883 -0.00924 -0.14969
v 0.09852 -0.00924 -0.14772
v 0.09949 -0.00886 -0.14756
v 0.09890 -0.00765 -0.13422
v 0.09843 -0.00775 -0.13259
v 0.09923 -0.00676 -0.13925
v 0.09926 -0.00630 -0.13881
v 0.09898 -0.00597 -0.13829
v 0.09933 -0.00499 -0.13004
v 0.09857 -0.00562 -0.12692
v 0.09851 -0.00281 -0.14658
v 0.09879 -0.00230 -0.14970
v 0.10078 -0.02871 -0.13634
v 0.10007 -0.02819 -0.13318
v 0.10079 -0.02737 -0.14195
v 0.09963 -0.02643 -0.13822
v 0.10073 -0.02638 -0.14109
v 0.09984 -0.02600 -0.13841
v 0.10044 -0.02630 -0.12307
v 0.10013 -0.02378 -0.14949
v 0.10006 -0.02380 -0.14747
v 0.09992 -0.01630 -0.13849
v 0.10011 -0.00883 -0.14949
v 0.10006 -0.00880 -0.14747
v 0.09983 -0.00658 -0.13836
v 0.10044 -0.00630 -0.12307
v 0.09993 -0.00538 -0.14734
v 0.09960 -0.00536 -0.14213
v 0.09980 -0.00479 -0.14674
v 0.10078 -0.00389 -0.13634
v 0.10007 -0.00441 -0.13318
v 0.10147 -0.02919 -0.13950
v 0.10176 -0.02770 -0.12875
v 0.10191 -0.02745 -0.14165
v 0.10187 -0.02702 -0.14115
v 0.10136 -0.02744 -0.12767
v 0.10137 -0.02720 -0.12653
v 0.10170 -0.02706 -0.12572
v 0.10182 -0.02490 -0.12885
v 0.10142 -0.02490 -0.12799
v 0.10131 -0.02490 -0.12696
v 0.10158 -0.02490 -0.12593
v 0.10134 -0.02300 -0.10514
v 0.10134 -0.00960 -0.10514
v 0.10182 -0.00770 -0.12885
v 0.10142 -0.00770 -0.12799
v 0.10131 -0.00770 -0.12696
v 0.10158 -0.00770 -0.12593
v 0.10118 -0.00618 -0.14102
v 0.10198 -0.00560 -0.14111
v 0.10176 -0.00490 -0.12876
v 0.10135 -0.00517 -0.12762
v 0.10138 -0.00541 -0.12647
v 0.10172 -0.00555 -0.12568
v 0.10147 -0.00341 -0.13950
v 0.10275 -0.02998 -0.14582
v 0.10213 -0.02961 -0.14266
v 0.10214 -0.02795 -0.14602
v 0.10316 -0.02791 -0.14492
v 0.10292 -0.02777 -0.14366
v 0.10282 -0.02800 -0.12977
v 0.10224 -0.02786 -0.12935
v 0.10311 -0.02699 -0.14699
v 0.10223 -0.02694 -0.12502
v 0.10290 -0.02688 -0.12454
v 0.10310 -0.02630 -0.12232
v 0.10255 -0.02490 -0.12961
v 0.10297 -0.02490 -0.12797
v 0.10281 -0.02490 -0.12676
v 0.10218 -0.02490 -0.12506
v 0.10304 -0.02490 -0.12446
v 0.10295 -0.02300 -0.10469
v 0.10287 -0.02137 -0.14086
v 0.10299 -0.02137 -0.12778
v 0.10292 -0.02137 -0.12675
v 0.10281 -0.01630 -0.14076
v 0.10287 -0.01123 -0.14085
v 0.10300 -0.01123 -0.12776
v 0.10292 -0.01123 -0.12675
v 0.10295 -0.00960 -0.10469
v 0.10255 -0.00770 -0.12961
v 0.10295 -0.00770 -0.12794
v 0.10281 -0.00770 -0.12676
v 0.10218 -0.00770 -0.12506
v 0.10304 -0.00770 -0.12446
v 0.10310 -0.00630 -0.12232
v 0.10292 -0.00483 -0.14367
v 0.10223 -0.00511 -0.14166
v 0.10223 -0.00566 -0.12501
v 0.10290 -0.00572 -0.12454
v 0.10200 -0.00466 -0.14604
v 0.10316 -0.00469 -0.14493
v 0.10284 -0.00459 -0.12978
v 0.10224 -0.00474 -0.12935
v 0.10275 -0.00262 -0.14582
v 0.10213 -0.00299 -0.14266
v 0.10335 -0.03030 -0.14898
v 0.10418 -0.02927 -0.13742
v 0.10377 -0.02907 -0.13611
v 0.10393 -0.02892 -0.13484
v 0.10433 -0.02885 -0.13405
v 0.10329 -0.02850 -0.13241
v 0.10384 -0.02817 -0.13013
v 0.10383 -0.02687 -0.12423
v 0.10424 -0.02490 -0.13752
v 0.10379 -0.02490 -0.13614
v 0.10400 -0.02490 -0.13460
v 0.10350 -0.02490 -0.13007
v 0.10378 -0.02490 -0.12869
v 0.10374 -0.02490 -0.12573
v 0.10406 -0.02490 -0.12419
v 0.10378 -0.02140 -0.12869
v 0.10358 -0.02130 -0.12811
v 0.10350 -0.02130 -0.12625
v 0.10384 -0.02137 -0.12580
v 0.10378 -0.01120 -0.12869
v 0.10358 -0.01130 -0.12811
v 0.10350 -0.01130 -0.12625
v 0.10381 -0.01124 -0.12583
v 0.10424 -0.00770 -0.13752
v 0.10379 -0.00770 -0.13614
v 0.10400 -0.00770 -0.13460
v 0.10350 -0.00770 -0.13007
v 0.10378 -0.00770 -0.12869
v 0.10369 -0.00770 -0.12575
v 0.10406 -0.00770 -0.12419
v 0.10396 -0.00532 -0.14680
v 0.10359 -0.00498 -0.14154
v 0.10378 -0.00573 -0.12424
v 0.10389 -0.00480 -0.14649
v 0.10382 -0.00460 -0.14610
v 0.10392 -0.00368 -0.13486
v 0.10433 -0.00375 -0.13405
v 0.10329 -0.00410 -0.13241
v 0.10384 -0.00443 -0.13013
v 0.10419 -0.00333 -0.13742
v 0.10377 -0.00353 -0.13616
v 0.10335 -0.00230 -0.14898
v 0.10510 -0.02946 -0.13842
v 0.10480 -0.02883 -0.13357
v 0.10552 -0.02882 -0.13310
v 0.10530 -0.02800 -0.14590
v 0.10456 -0.02769 -0.14139
v 0.10507 -0.02827 -0.13005
v 0.10543 -0.02732 -0.14658
v 0.10466 -0.02671 -0.14047
v 0.10503 -0.02698 -0.12430
v 0.10498 -0.02490 -0.13828
v 0.10556 -0.02490 -0.13694
v 0.10516 -0.02490 -0.13604
v 0.10534 -0.02490 -0.13506
v 0.10460 -0.02490 -0.13373
v 0.10547 -0.02490 -0.13313
v 0.10510 -0.02490 -0.13002
v 0.10487 -0.02490 -0.12863
v 0.10547 -0.02490 -0.12608
v 0.10483 -0.02490 -0.12567
v 0.10511 -0.02490 -0.12429
v 0.10556 -0.02140 -0.13694
v 0.10527 -0.02136 -0.13600
v 0.10544 -0.02136 -0.13520
v 0.10484 -0.02140 -0.12864
v 0.10506 -0.02130 -0.12805
v 0.10538 -0.02132 -0.12649
v 0.10470 -0.02135 -0.12582
v 0.10556 -0.01120 -0.13694
v 0.10527 -0.01123 -0.13599
v 0.10546 -0.01125 -0.13523
v 0.10487 -0.01120 -0.12863
v 0.10503 -0.01130 -0.12807
v 0.10538 -0.01128 -0.12649
v 0.10470 -0.01125 -0.12582
v 0.10498 -0.00770 -0.13828
v 0.10556 -0.00770 -0.13694
v 0.10516 -0.00770 -0.13604
v 0.10534 -0.00770 -0.13506
v 0.10460 -0.00770 -0.13373
v 0.10547 -0.00770 -0.13313
v 0.10506 -0.00770 -0.13003
v 0.10492 -0.00770 -0.12860
v 0.10547 -0.00770 -0.12608
v 0.10483 -0.00770 -0.12567
v 0.10511 -0.00770 -0.12429
v 0.10472 -0.00589 -0.14046
v 0.10500 -0.00563 -0.12429
v 0.10479 -0.00377 -0.13357
v 0.10552 -0.00378 -0.13310
v 0.10503 -0.00434 -0.13006
v 0.10511 -0.00313 -0.13843
v 0.10609 -0.02986 -0.14190
v 0.10620 -0.02959 -0.13878
v 0.10622 -0.02885 -0.13290
v 0.10669 -0.02797 -0.14289
v 0.10657 -0.02866 -0.13165
v 0.10602 -0.02826 -0.12964
v 0.10648 -0.02820 -0.12923
v 0.10654 -0.02730 -0.12520
v 0.10601 -0.02715 -0.12471
v 0.10577 -0.02630 -0.12158
v 0.10593 -0.02490 -0.13873
v 0.10621 -0.02490 -0.13736
v 0.10579 -0.02490 -0.13455
v 0.10649 -0.02490 -0.13426
v 0.10648 -0.02490 -0.13286
v 0.10643 -0.02490 -0.12929
v 0.10580 -0.02490 -0.12759
v 0.10585 -0.02490 -0.12675
v 0.10674 -0.02490 -0.12542
v 0.10598 -0.02490 -0.12469
v 0.10593 -0.02387 -0.11023
v 0.10620 -0.02133 -0.13707
v 0.10568 -0.02130 -0.13653
v 0.10603 -0.02132 -0.13476
v 0.10649 -0.02140 -0.13426
v 0.10580 -0.02140 -0.12759
v 0.10585 -0.02140 -0.12675
v 0.10620 -0.01127 -0.13707
v 0.10568 -0.01130 -0.13653
v 0.10604 -0.01127 -0.13473
v 0.10649 -0.01120 -0.13426
v 0.10582 -0.01120 -0.12753
v 0.10585 -0.01120 -0.12675
v 0.10593 -0.00873 -0.11023
v 0.10593 -0.00770 -0.13873
v 0.10621 -0.00770 -0.13736
v 0.10579 -0.00770 -0.13455
v 0.10649 -0.00770 -0.13426
v 0.10648 -0.00770 -0.13286
v 0.10643 -0.00770 -0.12929
v 0.10580 -0.00770 -0.12759
v 0.10585 -0.00770 -0.12675
v 0.10674 -0.00770 -0.12542
v 0.10598 -0.00770 -0.12469
v 0.10577 -0.00630 -0.12158
v 0.10656 -0.00529 -0.12522
v 0.10601 -0.00545 -0.12471
v 0.10669 -0.00463 -0.14290
v 0.10625 -0.00375 -0.13290
v 0.10657 -0.00394 -0.13165
v 0.10602 -0.00434 -0.12964
v 0.10649 -0.00440 -0.12921
v 0.10609 -0.00274 -0.14190
v 0.10623 -0.00301 -0.13879
v 0.10791 -0.03030 -0.14826
v 0.10701 -0.03013 -0.14508
v 0.10757 -0.02967 -0.13870
v 0.10746 -0.02893 -0.13297
v 0.10743 -0.02815 -0.14524
v 0.10724 -0.02781 -0.14080
v 0.10698 -0.02809 -0.12854
v 0.10724 -0.02793 -0.12775
v 0.10726 -0.02770 -0.12672
v 0.10731 -0.02712 -0.14012
v 0.10699 -0.02748 -0.12583
v 0.10713 -0.02720 -0.12467
v 0.10756 -0.02490 -0.13868
v 0.10729 -0.02490 -0.13729
v 0.10790 -0.02490 -0.13475
v 0.10725 -0.02490 -0.13433
v 0.10753 -0.02490 -0.13296
v 0.10703 -0.02490 -0.12843
v 0.10730 -0.02490 -0.12740
v 0.10719 -0.02490 -0.12637
v 0.10755 -0.02387 -0.10978
v 0.10719 -0.02137 -0.13722
v 0.10778 -0.02130 -0.13629
v 0.10756 -0.02132 -0.13487
v 0.10725 -0.02140 -0.13433
v 0.10784 -0.02137 -0.12100
v 0.10787 -0.01630 -0.12099
v 0.10718 -0.01124 -0.13721
v 0.10780 -0.01130 -0.13626
v 0.10758 -0.01127 -0.13487
v 0.10725 -0.01120 -0.13433
v 0.10784 -0.01123 -0.12100
v 0.10755 -0.00873 -0.10978
v 0.10752 -0.00770 -0.13869
v 0.10735 -0.00770 -0.13727
v 0.10790 -0.00770 -0.13475
v 0.10725 -0.00770 -0.13433
v 0.10753 -0.00770 -0.13296
v 0.10703 -0.00770 -0.12843
v 0.10730 -0.00770 -0.12740
v 0.10719 -0.00770 -0.12637
v 0.10713 -0.00485 -0.14065
v 0.10709 -0.00545 -0.14017
v 0.10725 -0.00491 -0.12670
v 0.10699 -0.00512 -0.12583
v 0.10713 -0.00540 -0.12467
v 0.10757 -0.00445 -0.14522
v 0.10722 -0.00477 -0.14089
v 0.10751 -0.00366 -0.13297
v 0.10699 -0.00452 -0.12851
v 0.10724 -0.00468 -0.12770
v 0.10701 -0.00247 -0.14508
v 0.10754 -0.00293 -0.13870
v 0.10791 -0.00230 -0.14826
v 0.10858 -0.02967 -0.13820
v 0.10898 -0.02965 -0.13785
v 0.10882 -0.02911 -0.13373
v 0.10809 -0.02788 -0.14085
v 0.10850 -0.02798 -0.12778
v 0.10832 -0.02717 -0.14617
v 0.10843 -0.02630 -0.12083
v 0.10886 -0.02490 -0.13796
v 0.10823 -0.02490 -0.13626
v 0.10827 -0.02490 -0.13541
v 0.10875 -0.02490 -0.13370
v 0.10823 -0.02140 -0.13626
v 0.10827 -0.02140 -0.13541
v 0.10823 -0.01120 -0.13626
v 0.10827 -0.01120 -0.13541
v 0.10885 -0.00770 -0.13796
v 0.10823 -0.00770 -0.13626
v 0.10827 -0.00770 -0.13541
v 0.10878 -0.00770 -0.13372
v 0.10843 -0.00630 -0.12083
v 0.10806 -0.00571 -0.13993
v 0.10850 -0.00462 -0.12778
v 0.10858 -0.00293 -0.13820
v 0.10897 -0.00295 -0.13786
v 0.10884 -0.00348 -0.13376
v 0.11010 -0.02999 -0.14115
v 0.10940 -0.02960 -0.13720
v 0.10968 -0.02949 -0.13624
v 0.10958 -0.02932 -0.13498
v 0.10989 -0.02866 -0.13092
v 0.11003 -0.02713 -0.12394
v 0.10985 -0.02590 -0.11888
v 0.10946 -0.02490 -0.13709
v 0.10972 -0.02490 -0.13607
v 0.10962 -0.02490 -0.13504
v 0.10985 -0.01730 -0.11888
v 0.10985 -0.01530 -0.11888
v 0.10946 -0.00770 -0.13709
v 0.10972 -0.00770 -0.13607
v 0.10962 -0.00770 -0.13504
v 0.10985 -0.00670 -0.11888
v 0.11003 -0.00547 -0.12394
v 0.10989 -0.00394 -0.13092
v 0.11010 -0.00261 -0.14115
v 0.10941 -0.00300 -0.13718
v 0.10969 -0.00311 -0.13620
v 0.10958 -0.00328 -0.13499
v 0.11128 -0.03020 -0.14434
v 0.11130 -0.02921 -0.13407
v 0.11047 -0.02807 -0.14217
v 0.11157 -0.02795 -0.14031
v 0.11103 -0.02695 -0.13947
v 0.11110 -0.02630 -0.12009
v 0.11099 -0.02574 -0.11792
v 0.11130 -0.02547 -0.11674
v 0.11101 -0.02526 -0.11590
v 0.11160 -0.02487 -0.12682
v 0.11102 -0.02456 -0.12289
v 0.11125 -0.02435 -0.12227
v 0.11064 -0.02513 -0.11544
v 0.11061 -0.02389 -0.12300
v 0.11101 -0.02389 -0.12226
v 0.11076 -0.01730 -0.11833
v 0.11124 -0.01730 -0.11672
v 0.11079 -0.01730 -0.11561
v 0.11060 -0.01630 -0.12309
v 0.11113 -0.01630 -0.12220
v 0.11078 -0.01530 -0.11830
v 0.11127 -0.01530 -0.11733
v 0.11090 -0.01530 -0.11579
v 0.11061 -0.00868 -0.12304
v 0.11111 -0.00865 -0.12222
v 0.11116 -0.00788 -0.12426
v 0.11106 -0.00800 -0.12287
v 0.11121 -0.00823 -0.12230
v 0.11091 -0.00736 -0.11585
v 0.11110 -0.00630 -0.12009
v 0.11067 -0.00677 -0.11838
v 0.11126 -0.00699 -0.11731
v 0.11139 -0.00564 -0.13941
v 0.11048 -0.00453 -0.14218
v 0.11091 -0.00465 -0.14041
v 0.11130 -0.00339 -0.13407
v 0.11128 -0.00240 -0.14434
v 0.11247 -0.03030 -0.14754
v 0.11272 -0.02966 -0.13724
v 0.11279 -0.02822 -0.14441
v 0.11229 -0.02781 -0.13981
v 0.11164 -0.02786 -0.12706
v 0.11221 -0.02722 -0.13932
v 0.11215 -0.02555 -0.12652
v 0.11211 -0.02507 -0.12872
v 0.11165 -0.02506 -0.12676
v 0.11165 -0.02495 -0.12323
v 0.11271 -0.02431 -0.12186
v 0.11265 -0.02384 -0.12173
v 0.11262 -0.02130 -0.13835
v 0.11262 -0.01130 -0.13835
v 0.11267 -0.00858 -0.12176
v 0.11217 -0.00748 -0.12895
v 0.11171 -0.00749 -0.12402
v 0.11274 -0.00812 -0.12194
v 0.11210 -0.00751 -0.11482
v 0.11269 -0.00711 -0.13080
v 0.11272 -0.00683 -0.13074
v 0.11187 -0.00517 -0.14556
v 0.11262 -0.00524 -0.13933
v 0.11182 -0.00460 -0.14524
v 0.11173 -0.00440 -0.14472
v 0.11272 -0.00470 -0.13993
v 0.11164 -0.00474 -0.12706
v 0.11272 -0.00294 -0.13724
v 0.11247 -0.00230 -0.14754
v 0.11307 -0.02765 -0.14533
v 0.11299 -0.02810 -0.14485
v 0.11327 -0.02850 -0.13020
v 0.11318 -0.02736 -0.14539
v 0.11372 -0.02668 -0.13208
v 0.11294 -0.02701 -0.12321
v 0.11319 -0.02595 -0.13251
v 0.11326 -0.02618 -0.12886
v 0.11357 -0.02552 -0.12581
v 0.11376 -0.02628 -0.11934
v 0.11282 -0.02470 -0.12220
v 0.11295 -0.02140 -0.13916
v 0.11295 -0.01630 -0.13916
v 0.11295 -0.01120 -0.13916
v 0.11282 -0.00790 -0.12220
v 0.11317 -0.00678 -0.13252
v 0.11335 -0.00620 -0.13044
v 0.11340 -0.00632 -0.12934
v 0.11304 -0.00658 -0.12807
v 0.11357 -0.00708 -0.12581
v 0.11379 -0.00631 -0.11933
v 0.11294 -0.00559 -0.12321
v 0.11327 -0.00410 -0.13020
v 0.11415 -0.02999 -0.14042
v 0.11491 -0.02905 -0.13336
v 0.11431 -0.02807 -0.14151
v 0.11514 -0.02791 -0.13973
v 0.11480 -0.02766 -0.12635
v 0.11468 -0.02692 -0.13889
v 0.11469 -0.02701 -0.13617
v 0.11417 -0.02681 -0.13209
v 0.11452 -0.02658 -0.12090
v 0.11454 -0.02639 -0.13648
v 0.11454 -0.02594 -0.11912
v 0.11431 -0.02618 -0.11874
v 0.11453 -0.02588 -0.11751
v 0.11446 -0.02437 -0.12165
v 0.11437 -0.02380 -0.12138
v 0.11514 -0.02222 -0.12160
v 0.11470 -0.01991 -0.12131
v 0.11440 -0.01630 -0.13635
v 0.11467 -0.01630 -0.12126
v 0.11469 -0.01256 -0.12132
v 0.11514 -0.01038 -0.12160
v 0.11442 -0.00871 -0.12141
v 0.11449 -0.00812 -0.12173
v 0.11512 -0.00725 -0.11896
v 0.11450 -0.00618 -0.13642
v 0.11457 -0.00665 -0.11909
v 0.11473 -0.00679 -0.11817
v 0.11453 -0.00672 -0.11751
v 0.11500 -0.00569 -0.13884
v 0.11472 -0.00556 -0.13617
v 0.11412 -0.00583 -0.13192
v 0.11480 -0.00494 -0.12635
v 0.11431 -0.00453 -0.14151
v 0.11451 -0.00468 -0.13983
v 0.11415 -0.00261 -0.14042
v 0.11491 -0.00355 -0.13336
v 0.11559 -0.03020 -0.14362
v 0.11524 -0.02711 -0.13639
v 0.11619 -0.02733 -0.13546
v 0.11528 -0.02639 -0.13677
v 0.11548 -0.02522 -0.11886
v 0.11536 -0.02522 -0.11842
v 0.11538 -0.02473 -0.11889
v 0.11563 -0.02469 -0.11873
v 0.11536 -0.02249 -0.11889
v 0.11536 -0.02090 -0.11889
v 0.11522 -0.01999 -0.12153
v 0.11526 -0.01826 -0.12149
v 0.11536 -0.01836 -0.11889
v 0.11528 -0.01630 -0.13677
v 0.11527 -0.01630 -0.12148
v 0.11536 -0.01630 -0.11889
v 0.11526 -0.01434 -0.12149
v 0.11536 -0.01424 -0.11889
v 0.11522 -0.01260 -0.12153
v 0.11536 -0.01217 -0.11889
v 0.11536 -0.01114 -0.11889
v 0.11536 -0.01011 -0.11889
v 0.11563 -0.00748 -0.12398
v 0.11544 -0.00793 -0.11887
v 0.11556 -0.00776 -0.11865
v 0.11528 -0.00621 -0.13677
v 0.11535 -0.00716 -0.11890
v 0.11593 -0.00516 -0.14492
v 0.11525 -0.00553 -0.13644
v 0.11586 -0.00452 -0.14442
v 0.11559 -0.00240 -0.14362
v 0.11656 -0.02950 -0.13653
v 0.11738 -0.02783 -0.13937
v 0.11753 -0.02776 -0.13910
v 0.11742 -0.02714 -0.13855
v 0.11758 -0.02739 -0.12533
v 0.11677 -0.02542 -0.12557
v 0.11730 -0.02474 -0.12473
v 0.11666 -0.02469 -0.12052
v 0.11713 -0.01630 -0.12047
v 0.11730 -0.00786 -0.12473
v 0.11654 -0.00548 -0.12380
v 0.11732 -0.00441 -0.14368
v 0.11656 -0.00310 -0.13653
v 0.11823 -0.02986 -0.13971
v 0.11816 -0.02818 -0.14355
v 0.11819 -0.02797 -0.14088
v 0.11855 -0.02879 -0.13267
v 0.11878 -0.02676 -0.13824
v 0.11843 -0.02730 -0.12546
v 0.11870 -0.02590 -0.12836
v 0.11760 -0.02428 -0.12479
v 0.11778 -0.02491 -0.12193
v 0.11795 -0.02280 -0.12180
v 0.11773 -0.02235 -0.12451
v 0.11804 -0.02172 -0.12173
v 0.11811 -0.02064 -0.12167
v 0.11797 -0.02030 -0.12440
v 0.11814 -0.01828 -0.12432
v 0.11823 -0.01847 -0.12157
v 0.11817 -0.01630 -0.12427
v 0.11827 -0.01630 -0.12154
v 0.11808 -0.01432 -0.12427
v 0.11823 -0.01413 -0.12157
v 0.11792 -0.01231 -0.12435
v 0.11808 -0.01147 -0.12169
v 0.11768 -0.01025 -0.12446
v 0.11795 -0.00980 -0.12180
v 0.11762 -0.00832 -0.12482
v 0.11834 -0.00759 -0.12265
v 0.11778 -0.00770 -0.12193
v 0.11841 -0.00677 -0.12794
v 0.11810 -0.00510 -0.13880
v 0.11837 -0.00527 -0.12550
v 0.11819 -0.00463 -0.14088
v 0.11855 -0.00381 -0.13267
v 0.11823 -0.00274 -0.13971
v 0.11991 -0.03013 -0.14290
v 0.11939 -0.02774 -0.13904
v 0.11900 -0.02717 -0.14449
v 0.11901 -0.02675 -0.13596
v 0.11896 -0.02713 -0.13544
v 0.11912 -0.02681 -0.12506
v 0.11901 -0.02617 -0.13618
v 0.11947 -0.02610 -0.12951
v 0.11929 -0.02559 -0.12799
v 0.11957 -0.02621 -0.12481
v 0.11965 -0.02550 -0.12446
v 0.11980 -0.02482 -0.12772
v 0.11907 -0.01630 -0.12233
v 0.11966 -0.00748 -0.12779
v 0.11902 -0.00624 -0.13614
v 0.11914 -0.00687 -0.12808
v 0.11957 -0.00639 -0.12481
v 0.11977 -0.00685 -0.12471
v 0.11995 -0.00589 -0.13806
v 0.11900 -0.00567 -0.13582
v 0.11896 -0.00547 -0.13544
v 0.11914 -0.00481 -0.12768
v 0.11912 -0.00579 -0.12506
v 0.11991 -0.00247 -0.14290
v 0.12106 -0.02800 -0.14359
v 0.12006 -0.02803 -0.12910
v 0.12113 -0.02746 -0.14408
v 0.12023 -0.02472 -0.12822
v 0.12046 -0.02311 -0.12478
v 0.12034 -0.02257 -0.12767
v 0.12064 -0.02043 -0.12747
v 0.12073 -0.02084 -0.12457
v 0.12085 -0.01834 -0.12733
v 0.12094 -0.01857 -0.12441
v 0.12091 -0.01630 -0.12727
v 0.12093 -0.01630 -0.12428
v 0.12082 -0.01426 -0.12730
v 0.12094 -0.01403 -0.12441
v 0.12061 -0.01218 -0.12744
v 0.12073 -0.01176 -0.12457
v 0.12031 -0.01003 -0.12763
v 0.12046 -0.00949 -0.12478
v 0.12036 -0.00786 -0.12839
v 0.12016 -0.00727 -0.12501
v 0.12037 -0.00628 -0.13086
v 0.12117 -0.00712 -0.12635
v 0.12002 -0.00552 -0.13485
v 0.12160 -0.03030 -0.14610
v 0.12234 -0.02967 -0.13901
v 0.12224 -0.02855 -0.13235
v 0.12171 -0.02666 -0.13296
v 0.12186 -0.02668 -0.12799
v 0.12211 -0.02589 -0.12773
v 0.12211 -0.00643 -0.12786
v 0.12230 -0.00451 -0.14286
v 0.12229 -0.00408 -0.13221
v 0.12140 -0.00422 -0.13124
v 0.12234 -0.00293 -0.13901
v 0.12160 -0.00230 -0.14610
v 0.12311 -0.02815 -0.13175
v 0.12306 -0.02674 -0.13481
v 0.12330 -0.02668 -0.13420
v 0.12311 -0.02607 -0.13546
v 0.12314 -0.02514 -0.13215
v 0.12282 -0.02285 -0.13093
v 0.12287 -0.02342 -0.12785
v 0.12315 -0.02061 -0.13068
v 0.12323 -0.02105 -0.12759
v 0.12339 -0.01843 -0.13051
v 0.12348 -0.01867 -0.12740
v 0.12346 -0.01630 -0.13044
v 0.12357 -0.01630 -0.12733
v 0.12272 -0.01630 -0.12630
v 0.12337 -0.01417 -0.13049
v 0.12348 -0.01393 -0.12740
v 0.12314 -0.01199 -0.13066
v 0.12323 -0.01155 -0.12759
v 0.12281 -0.00975 -0.13091
v 0.12287 -0.00918 -0.12785
v 0.12294 -0.00749 -0.13187
v 0.12316 -0.00650 -0.13541
v 0.12333 -0.00683 -0.12924
v 0.12302 -0.00583 -0.13476
v 0.12309 -0.00583 -0.13427
v 0.12352 -0.00365 -0.13480
v 0.12313 -0.00447 -0.13173
v 0.12424 -0.03001 -0.14219
v 0.12405 -0.02909 -0.13573
v 0.12439 -0.02901 -0.13550
v 0.12470 -0.02688 -0.13750
v 0.12374 -0.02647 -0.13469
v 0.12412 -0.02705 -0.13119
v 0.12413 -0.02574 -0.13494
v 0.12432 -0.02563 -0.13409
v 0.12437 -0.02588 -0.13065
v 0.12394 -0.02513 -0.13536
v 0.12444 -0.02501 -0.13386
v 0.12408 -0.02380 -0.14571
v 0.12424 -0.02371 -0.14366
v 0.12446 -0.02171 -0.13532
v 0.12477 -0.02138 -0.13525
v 0.12405 -0.01630 -0.12793
v 0.12465 -0.01131 -0.13528
v 0.12408 -0.00880 -0.14571
v 0.12424 -0.00889 -0.14366
v 0.12411 -0.00750 -0.13516
v 0.12449 -0.00730 -0.13417
v 0.12465 -0.00615 -0.13732
v 0.12403 -0.00659 -0.13486
v 0.12411 -0.00664 -0.13409
v 0.12443 -0.00610 -0.13104
v 0.12473 -0.00552 -0.13759
v 0.12398 -0.00529 -0.13127
v 0.12424 -0.00259 -0.14219
v 0.12571 -0.02954 -0.13880
v 0.12527 -0.02859 -0.13501
v 0.12503 -0.02740 -0.13809
v 0.12553 -0.02702 -0.13763
v 0.12562 -0.02599 -0.13718
v 0.12575 -0.02323 -0.14544
v 0.12569 -0.02308 -0.14343
v 0.12520 -0.02373 -0.13100
v 0.12497 -0.02261 -0.13379
v 0.12513 -0.02146 -0.13492
v 0.12530 -0.02152 -0.13404
v 0.12558 -0.02126 -0.13073
v 0.12481 -0.01967 -0.13527
v 0.12541 -0.02026 -0.13373
v 0.12540 -0.01886 -0.13497
v 0.12571 -0.01875 -0.13399
v 0.12585 -0.01878 -0.13053
v 0.12542 -0.01765 -0.13499
v 0.12581 -0.01727 -0.13395
v 0.12548 -0.01630 -0.13498
v 0.12583 -0.01624 -0.13398
v 0.12583 -0.01630 -0.13029
v 0.12500 -0.01465 -0.13524
v 0.12539 -0.01383 -0.13498
v 0.12572 -0.01398 -0.13399
v 0.12585 -0.01382 -0.13053
v 0.12482 -0.01302 -0.13527
v 0.12544 -0.01259 -0.13373
v 0.12518 -0.01132 -0.13490
v 0.12533 -0.01127 -0.13404
v 0.12558 -0.01134 -0.13073
v 0.12507 -0.01047 -0.13378
v 0.12575 -0.00937 -0.14545
v 0.12569 -0.00952 -0.14343
v 0.12520 -0.00887 -0.13100
v 0.12596 -0.00727 -0.13711
v 0.12566 -0.00656 -0.13718
v 0.12576 -0.00661 -0.13255
v 0.12545 -0.00501 -0.13925
v 0.12483 -0.00517 -0.13815
v 0.12552 -0.00557 -0.13766
v 0.12527 -0.00401 -0.13501
v 0.12510 -0.00323 -0.13764
v 0.12616 -0.03030 -0.14538
v 0.12701 -0.02989 -0.14146
v 0.12685 -0.02930 -0.13860
v 0.12707 -0.02774 -0.14284
v 0.12701 -0.02791 -0.14241
v 0.12651 -0.02785 -0.14122
v 0.12604 -0.02794 -0.13460
v 0.12711 -0.02719 -0.14315
v 0.12680 -0.02750 -0.13991
v 0.12625 -0.02674 -0.13767
v 0.12660 -0.02702 -0.13431
v 0.12653 -0.02575 -0.13735
v 0.12668 -0.02604 -0.13383
v 0.12623 -0.02378 -0.13707
v 0.12661 -0.02236 -0.14531
v 0.12630 -0.02236 -0.14333
v 0.12685 -0.02218 -0.13705
v 0.12701 -0.02111 -0.14525
v 0.12670 -0.02107 -0.14327
v 0.12660 -0.02145 -0.13701
v 0.12701 -0.01923 -0.13696
v 0.12697 -0.01735 -0.13695
v 0.12704 -0.01630 -0.14524
v 0.12673 -0.01630 -0.14327
v 0.12708 -0.01630 -0.13694
v 0.12703 -0.01465 -0.13695
v 0.12679 -0.01274 -0.13698
v 0.12702 -0.01153 -0.14525
v 0.12670 -0.01154 -0.14327
v 0.12684 -0.01175 -0.13699
v 0.12661 -0.01024 -0.14531
v 0.12630 -0.01024 -0.14333
v 0.12650 -0.01051 -0.13703
v 0.12618 -0.00723 -0.13710
v 0.12661 -0.00674 -0.13741
v 0.12710 -0.00523 -0.14305
v 0.12680 -0.00510 -0.13991
v 0.12627 -0.00588 -0.13765
v 0.12660 -0.00558 -0.13431
v 0.12690 -0.00468 -0.14238
v 0.12604 -0.00466 -0.13460
v 0.12647 -0.00286 -0.14032
v 0.12683 -0.00329 -0.13861
v 0.12616 -0.00230 -0.14538
v 0.12814 -0.03020 -0.14402
v 0.12792 -0.02999 -0.14244
v 0.12784 -0.02776 -0.14213
v 0.12778 -0.02872 -0.13812
v 0.12830 -0.02818 -0.13785
v 0.12787 -0.02695 -0.14304
v 0.12745 -0.02698 -0.13958
v 0.12839 -0.02638 -0.14301
v 0.12791 -0.02624 -0.13936
v 0.12742 -0.02404 -0.13422
v 0.12742 -0.02225 -0.13738
v 0.12778 -0.02146 -0.13397
v 0.12772 -0.01947 -0.13731
v 0.12797 -0.01808 -0.13745
v 0.12805 -0.01888 -0.13379
v 0.12777 -0.01630 -0.13721
v 0.12814 -0.01630 -0.13373
v 0.12721 -0.01630 -0.13229
v 0.12761 -0.01458 -0.13714
v 0.12796 -0.01431 -0.13745
v 0.12805 -0.01372 -0.13379
v 0.12775 -0.01212 -0.13747
v 0.12746 -0.01168 -0.13723
v 0.12778 -0.01114 -0.13397
v 0.12739 -0.00968 -0.13750
v 0.12742 -0.00856 -0.13422
v 0.12835 -0.00619 -0.14301
v 0.12791 -0.00636 -0.13936
v 0.12768 -0.00653 -0.13523
v 0.12770 -0.00552 -0.14305
v 0.12805 -0.00495 -0.14217
v 0.12745 -0.00562 -0.13958
v 0.12744 -0.00470 -0.14220
v 0.12778 -0.00388 -0.13812
v 0.12830 -0.00442 -0.13785
v 0.12779 -0.00258 -0.14258
v 0.12897 -0.03027 -0.14494
v 0.12901 -0.02961 -0.14191
v 0.12859 -0.02682 -0.14285
v 0.12876 -0.02719 -0.14206
v 0.12901 -0.02678 -0.14154
v 0.12887 -0.02716 -0.13756
v 0.12874 -0.02567 -0.14295
v 0.12939 -0.02600 -0.14216
v 0.12942 -0.02583 -0.14144
v 0.12882 -0.02556 -0.14040
v 0.12841 -0.02608 -0.13629
v 0.12954 -0.02435 -0.13750
v 0.12856 -0.02344 -0.13951
v 0.12912 -0.02163 -0.14289
v 0.12938 -0.02112 -0.14047
v 0.12875 -0.02103 -0.13931
v 0.12928 -0.01873 -0.14286
v 0.12888 -0.01865 -0.13917
v 0.12933 -0.01630 -0.14286
v 0.12890 -0.01630 -0.13907
v 0.12865 -0.01630 -0.13456
v 0.12929 -0.01401 -0.14286
v 0.12888 -0.01395 -0.13917
v 0.12943 -0.01221 -0.14281
v 0.12912 -0.01095 -0.14289
v 0.12938 -0.01148 -0.14047
v 0.12875 -0.01157 -0.13931
v 0.12925 -0.00966 -0.14284
v 0.12946 -0.00964 -0.14272
v 0.12856 -0.00916 -0.13951
v 0.12954 -0.00825 -0.13750
v 0.12883 -0.00698 -0.14293
v 0.12934 -0.00659 -0.14226
v 0.12934 -0.00651 -0.14146
v 0.12881 -0.00704 -0.14038
v 0.12930 -0.00655 -0.13757
v 0.12868 -0.00586 -0.14284
v 0.12882 -0.00547 -0.14195
v 0.12887 -0.00560 -0.14157
v 0.12887 -0.00544 -0.13756
v 0.12898 -0.00297 -0.14193
v 0.12882 -0.00231 -0.14496
v 0.13011 -0.03004 -0.14476
v 0.13013 -0.02969 -0.14357
v 0.13003 -0.02889 -0.14142
v 0.13042 -0.02845 -0.14123
v 0.12962 -0.02556 -0.14201
v 0.13008 -0.02601 -0.13873
v 0.13056 -0.02451 -0.13916
v 0.12970 -0.02337 -0.14143
v 0.12983 -0.02167 -0.13731
v 0.12983 -0.02093 -0.14232
v 0.12995 -0.02022 -0.14144
v 0.12995 -0.02033 -0.13723
v 0.13005 -0.01898 -0.13717
v 0.13006 -0.01748 -0.14144
v 0.12996 -0.01645 -0.14233
v 0.13010 -0.01630 -0.14152
v 0.13002 -0.01630 -0.13692
v 0.13002 -0.01364 -0.14144
v 0.13005 -0.01362 -0.13717
v 0.12988 -0.01218 -0.14228
v 0.12995 -0.01227 -0.13723
v 0.12984 -0.01082 -0.14143
v 0.12983 -0.01093 -0.13731
v 0.12977 -0.00961 -0.14234
v 0.12986 -0.00960 -0.14186
v 0.13056 -0.00809 -0.13916
v 0.12962 -0.00704 -0.14202
v 0.13068 -0.00664 -0.13965
v 0.13032 -0.00405 -0.14128
v 0.13019 -0.00260 -0.14474
v 0.12972 -0.00343 -0.14157
v 0.13136 -0.02940 -0.14456
v 0.13115 -0.02891 -0.14310
v 0.13168 -0.02822 -0.14285
v 0.13112 -0.02711 -0.14089
v 0.13154 -0.02586 -0.14099
v 0.13156 -0.02466 -0.14084
v 0.13173 -0.02188 -0.14073
v 0.13080 -0.02177 -0.13901
v 0.13180 -0.02048 -0.14069
v 0.13186 -0.01909 -0.14065
v 0.13190 -0.01630 -0.14062
v 0.13126 -0.01630 -0.13931
v 0.13186 -0.01351 -0.14065
v 0.13180 -0.01212 -0.14069
v 0.13080 -0.01083 -0.13901
v 0.13173 -0.01072 -0.14073
v 0.13156 -0.00794 -0.14084
v 0.13113 -0.00552 -0.14089
v 0.13196 -0.00365 -0.14447
v 0.13145 -0.00408 -0.14296
v 0.13134 -0.00316 -0.14456
v 0.13254 -0.02825 -0.14437
v 0.13312 -0.02724 -0.14428
v 0.13223 -0.02697 -0.14259
v 0.13275 -0.02565 -0.14298
v 0.13252 -0.02482 -0.14253
v 0.13262 -0.02198 -0.14247
v 0.13241 -0.01630 -0.14174
v 0.13262 -0.01062 -0.14247
v 0.13252 -0.00778 -0.14253
v 0.13320 -0.00706 -0.14376
v 0.13218 -0.00652 -0.14211
v 0.13291 -0.00491 -0.14432
v 0.13209 -0.00517 -0.14266
v 0.13253 -0.00431 -0.14438
v 0.13334 -0.02655 -0.14425
v 0.13342 -0.02572 -0.14420
v 0.13346 -0.02497 -0.14423
v 0.13346 -0.02208 -0.14423
v 0.13346 -0.02064 -0.14423
v 0.13346 -0.01919 -0.14423
v 0.13346 -0.01630 -0.14423
v 0.13346 -0.01341 -0.14423
v 0.13346 -0.01196 -0.14423
v 0.13346 -0.01052 -0.14423
v 0.13346 -0.00763 -0.14423
v 0.13343 -0.00679 -0.14423
v 0.13322 -0.00565 -0.14427
vn 0.3906 -0.1667 0.9054
vn 0.7421 -0.5625 0.3646
vn 0.9706 -0.2343 0.0544
vn 0.5609 -0.5098 0.6523
vn 0.7664 0.5515 0.3293
vn 0.3839 0.1592 0.9096
vn 0.5592 0.5035 0.6586
vn 0.9817 0.1880 0.0311
vn -0.6836 -0.0000 -0.7299
vn -0.6836 0.0000 -0.7299
vn -0.2674 -0.0000 -0.9636
vn -0.2674 0.0000 -0.9636
vn 0.2108 0.0000 -0.9775
vn 0.2108 0.0000 -0.9775
vn 0.6404 0.0000 -0.7680
vn 0.6404 0.0000 -0.7680
vn 0.9121 0.0000 -0.4099
vn 0.9121 0.0000 -0.4099
vn 0.9994 0.0000 0.0333
vn 0.9994 0.0000 0.0333
vn 0.9103 0.0000 0.4139
vn 0.9103 0.0000 0.4139
vn 0.6836 0.0000 0.7299
vn 0.6836 0.0000 0.7299
vn 0.2674 0.0000 0.9636
vn 0.2674 0.0000 0.9636
vn -0.2108 0.0000 0.9775
vn -0.2108 0.0000 0.9775
vn -0.6404 0.0000 0.7680
vn -0.6404 0.0000 0.7680
vn -0.9121 0.0000 0.4099
vn -0.9121 0.0000 0.4099
vn -0.9994 -0.0000 -0.0333
vn -0.9994 0.0000 -0.0333
vn -0.9103 -0.0000 -0.4139
vn -0.9103 0.0000 -0.4139
vn -0.5204 -0.3025 0.7986
vn -0.4601 -0.5947 0.6592
vn -0.2174 -0.9182 0.3312
vn -0.2841 -0.8510 0.4416
vn 0.2216 -0.9338 -0.2807
vn 0.1488 -0.9774 -0.1502
vn 0.5357 -0.4208 -0.7321
vn 0.5331 -0.4344 -0.7260
vn 0.5748 0.2319 -0.7848
vn 0.5660 0.3338 -0.7538
vn 0.1991 0.9467 -0.2534
vn 0.1800 0.9589 -0.2195
vn -0.2353 0.9073 0.3484
vn -0.5449 0.2865 0.7880
vn -0.2300 0.9122 0.3390
vn -0.4770 0.4938 0.7271
vn 0.0000 -1.0000 -0.0000
vn 0.0000 -1.0000 -0.0000
vn -0.0000 -1.0000 0.0000
vn 0.0000 -1.0000 0.0000
vn 0.0000 -1.0000 0.0000
vn 0.0000 -1.0000 0.0000
vn 0.0000 -1.0000 0.0000
vn 0.0000 -1.0000 0.0000
vn 0.0000 -1.0000 -0.0000
vn 0.0000 -1.0000 0.0000
vn 0.0000 -1.0000 -0.0000
vn 0.0000 -1.0000 0.0000
vn 0.0000 -1.0000 -0.0000
vn 0.0000 -1.0000 0.0000
vn 0.0000 -1.0000 -0.0000
vn 0.0000 -1.0000 0.0000
vn 0.0000 -1.0000 0.0000
vn 0.0000 -1.0000 0.0000
vn 0.0000 -1.0000 0.0000
vn 0.0000 -1.0000 0.0000
vn 0.0000 -1.0000 0.0000
vn 0.0000 -1.0000 0.0000
vn 0.0000 -1.0000 0.0000
vn -0.0000 -1.0000 0.0000
vn 0.0000 -1.0000 0.0000
vn -0.0000 -1.0000 0.0000
vn 0.0000 -1.0000 0.0000
vn -0.0000 -1.0000 0.0000
vn 0.0000 -1.0000 0.0000
vn -0.0000 -1.0000 0.0000
vn 0.0000 1.0000 -0.0000
vn 0.0000 1.0000 0.0000
vn 0.0000 1.0000 -0.0000
vn 0.0000 1.0000 0.0000
vn 0.0000 1.0000 -0.0000
vn 0.0000 1.0000 0.0000
vn 0.0000 1.0000 -0.0000
vn 0.0000 1.0000 0.0000
vn -0.0000 1.0000 -0.0000
vn 0.0000 1.0000 0.0000
vn 0.0000 1.0000 0.0000
vn 0.0000 1.0000 0.0000
vn 0.0000 1.0000 0.0000
vn 0.0000 1.0000 0.0000
vn -0.0000 1.0000 0.0000
vn 0.0000 1.0000 0.0000
vn -0.0000 1.0000 0.0000
vn 0.0000 1.0000 0.0000
vn 0.0000 1.0000 0.0000
vn 0.0000 1.0000 0.0000
vn 0.0000 1.0000 0.0000
vn 0.0000 1.0000 0.0000
vn 0.0000 1.0000 0.0000
vn 0.0000 1.0000 0.0000
vn 0.0000 1.0000 0.0000
vn 0.0000 1.0000 -0.0000
vn -0.0000 1.0000 0.0000
vn -0.0000 1.0000 -0.0000
vn 0.0000 1.0000 0.0000
vn -0.0000 1.0000 0.0000
vn 0.8242 -0.0000 0.5663
vn 0.8242 -0.0000 0.5663
vn 0.8242 0.0000 0.5663
vn 0.8242 0.0000 0.5663
vn 0.8242 -0.0000 0.5663
vn 0.8242 -0.0000 0.5663
vn 0.8242 0.0000 0.5663
vn 0.8242 0.0000 0.5663
vn 0.8242 0.0000 0.5663
vn 0.8242 0.0000 0.5663
vn 0.8242 0.0000 0.5663
vn 0.8242 0.0000 0.5663
vn 0.8242 -0.0000 0.5663
vn 0.8242 -0.0000 0.5663
vn 0.8242 0.0000 0.5663
vn 0.8242 0.0000 0.5663
vn 0.8242 0.0000 0.5663
vn 0.8748 0.4803 0.0632
vn 0.5075 0.3150 0.8020
vn 0.2889 -0.3475 0.8921
vn 0.8242 -0.0000 0.5663
vn 0.8242 -0.0000 0.5663
vn 0.3531 0.0000 -0.9356
vn 0.3531 0.0000 -0.9356
vn -0.0716 0.0000 -0.9974
vn -0.0716 0.0000 -0.9974
vn -0.4825 0.0000 -0.8759
vn -0.4825 0.0000 -0.8759
vn -0.8056 0.0000 -0.5925
vn -0.8056 0.0000 -0.5925
vn -0.9799 0.0000 -0.1993
vn -0.9799 0.0000 -0.1993
vn -0.9786 0.0000 0.2059
vn -0.9786 0.0000 0.2059
vn -0.8162 0.0000 0.5778
vn -0.8162 0.0000 0.5778
vn -0.6110 0.0000 0.7917
vn -0.6110 0.0000 0.7917
vn -0.3531 0.0000 0.9356
vn -0.3531 0.0000 0.9356
vn 0.0716 -0.0000 0.9974
vn 0.0716 0.0000 0.9974
vn 0.4825 -0.0000 0.8759
vn 0.4825 0.0000 0.8759
vn 0.8056 -0.0000 0.5925
vn 0.8056 0.0000 0.5925
vn 0.9799 -0.0000 0.1993
vn 0.9799 0.0000 0.1993
vn 0.9786 0.0000 -0.2059
vn 0.9786 0.0000 -0.2059
vn 0.8162 0.0000 -0.5778
vn 0.8162 0.0000 -0.5778
vn 0.6110 0.0000 -0.7917
vn 0.6110 0.0000 -0.7917
vn 0.7809 0.0000 -0.6246
vn 0.7804 -0.0001 -0.6253
vn -0.3531 0.0000 0.9356
vn -0.3531 0.0000 0.9356
vn 0.0716 -0.0000 0.9974
vn 0.0716 0.0000 0.9974
vn 0.4825 -0.0000 0.8759
vn 0.4825 0.0000 0.8759
vn 0.8056 -0.0000 0.5925
vn 0.8056 0.0000 0.5925
vn 0.9799 -0.0000 0.1993
vn 0.9799 0.0000 0.1993
vn 0.9786 0.0000 -0.2059
vn 0.9786 0.0000 -0.2059
vn 0.8162 0.0000 -0.5778
vn 0.8162 0.0000 -0.5778
vn 0.6110 0.0000 -0.7917
vn 0.6110 0.0000 -0.7917
vn 0.3531 0.0000 -0.9356
vn 0.3531 0.0000 -0.9356
vn -0.0716 0.0000 -0.9974
vn -0.0716 0.0000 -0.9974
vn -0.4825 0.0000 -0.8759
vn -0.4825 0.0000 -0.8759
vn -0.8056 0.0000 -0.5925
vn -0.8056 0.0000 -0.5925
vn -0.9799 0.0000 -0.1993
vn -0.9799 0.0000 -0.1993
vn -0.9786 0.0000 0.2059
vn -0.9786 0.0000 0.2059
vn -0.8162 0.0000 0.5778
vn -0.8162 0.0000 0.5778
vn -0.6110 0.0000 0.7917
vn -0.6110 0.0000 0.7917
vn 0.5214 0.6111 -0.5956
vn 0.4332 0.8698 -0.2364
vn 0.4937 0.6565 -0.5704
vn 0.7631 0.1860 -0.6190
vn 0.7869 0.3295 -0.5217
vn 0.7952 -0.0013 -0.6063
vn 0.7273 -0.0010 0.6863
vn 0.7305 -0.0002 0.6830
vn 0.9987 0.0022 0.0500
vn 0.9999 -0.0055 -0.0103
vn 0.7315 0.0097 -0.6818
vn 0.1994 0.9479 -0.2485
vn 0.0747 0.9926 -0.0959
vn 0.3625 0.7259 -0.5845
vn 0.2333 0.9185 -0.3193
vn 0.0765 0.9893 -0.1241
vn 0.5703 0.1057 -0.8146
vn 0.5531 0.1900 -0.8112
vn 0.5344 0.3402 -0.7738
vn 0.4430 0.5479 -0.7097
vn 0.4775 -0.4513 -0.7539
vn 0.5561 -0.1496 -0.8175
vn 0.5561 -0.1391 -0.8194
vn 0.4333 -0.5966 -0.6755
vn 0.3589 -0.7842 -0.5063
vn 0.1257 -0.9741 -0.1880
vn 0.2717 -0.8980 -0.3461
vn 0.2058 -0.9356 -0.2870
vn 0.3696 -0.7714 -0.5180
vn -0.3199 -0.8545 0.4092
vn -0.2857 -0.8579 0.4271
vn -0.1582 -0.9617 0.2240
vn -0.4850 -0.5188 0.7040
vn -0.4827 -0.5238 0.7019
vn -0.3264 -0.8179 0.4738
vn -0.5658 -0.1057 0.8177
vn -0.5625 -0.1281 0.8168
vn -0.4588 0.6444 0.6118
vn -0.2970 0.8378 0.4581
vn -0.4345 0.6418 0.6318
vn -0.5264 0.3463 0.7765
vn -0.5403 0.2962 0.7876
vn -0.0589 0.9941 0.0907
vn -0.1251 0.9795 0.1580
vn 0.5476 0.0000 -0.8367
vn 0.5458 -0.0014 -0.8379
vn 0.6160 0.0000 -0.7877
vn 0.6160 0.0000 -0.7877
vn 0.7941 0.0000 -0.6077
vn 0.7941 0.0000 -0.6077
vn 0.9496 0.0000 -0.3133
vn 0.9496 0.0000 -0.3133
vn 0.7115 -0.4475 -0.5418
vn 0.4284 -0.8762 -0.2208
vn 0.7443 -0.3223 -0.5850
vn 0.8678 -0.1923 -0.4582
vn -0.0000 1.0000 0.0000
vn 0.0000 1.0000 0.0000
vn -0.0000 1.0000 0.0000
vn -0.0000 1.0000 0.0000
vn 0.0000 1.0000 0.0000
vn -0.0000 1.0000 0.0000
vn 0.0000 1.0000 0.0000
vn 0.0000 1.0000 0.0000
vn 0.0000 1.0000 0.0000
vn 0.0000 1.0000 0.0000
vn 0.0000 1.0000 0.0000
vn 0.0000 1.0000 0.0000
vn 0.0000 1.0000 0.0000
vn 0.0000 1.0000 0.0000
vn 0.0000 1.0000 0.0000
vn 0.0000 1.0000 0.0000
vn 0.0000 1.0000 0.0000
vn 0.0000 1.0000 0.0000
vn 0.0000 1.0000 -0.0000
vn 0.0000 1.0000 0.0000
vn 0.0000 1.0000 -0.0000
vn 0.0000 1.0000 0.0000
vn 0.0000 1.0000 -0.0000
vn 0.0000 1.0000 0.0000
vn -0.0000 1.0000 -0.0000
vn 0.0000 1.0000 -0.0000
vn -0.0000 1.0000 0.0000
vn 0.0000 1.0000 -0.0000
vn -0.0000 -1.0000 0.0000
vn -0.0000 -1.0000 0.0000
vn 0.0000 -1.0000 0.0000
vn 0.0000 -1.0000 -0.0000
vn 0.0000 -1.0000 0.0000
vn 0.0000 -1.0000 0.0000
vn 0.0000 -1.0000 0.0000
vn -0.0000 -1.0000 0.0000
vn 0.0000 -1.0000 0.0000
vn -0.0000 -1.0000 0.0000
vn 0.0000 -1.0000 0.0000
vn 0.0000 -1.0000 0.0000
vn 0.0000 -1.0000 0.0000
vn 0.0000 -1.0000 0.0000
vn 0.0000 -1.0000 0.0000
vn 0.0000 -1.0000 0.0000
vn 0.0000 -1.0000 0.0000
vn 0.0000 -1.0000 0.0000
vn 0.0000 -1.0000 0.0000
vn -0.5243 0.0000 -0.8515
vn -0.5346 0.0009 -0.8451
vn -0.1899 -0.9810 0.0399
vn -0.2208 -0.9750 0.0232
vn -0.1903 -0.9810 -0.0387
vn 0.0795 -0.9863 0.1443
vn 0.0296 -0.9810 0.1920
vn 0.0142 -0.9802 0.1974
vn 0.0200 -0.9826 0.1845
vn -0.0742 -0.9777 0.1966
vn -0.0341 -0.9870 0.1569
vn -0.1147 -0.9822 0.1487
vn -0.1251 -0.9806 0.1511
vn -0.1515 -0.9826 0.1073
vn -0.1837 -0.9771 0.1070
vn -0.2205 -0.9722 -0.0783
vn -0.1761 -0.9758 -0.1295
vn -0.1483 -0.9881 -0.0420
vn -0.0882 -0.9832 -0.1601
vn 0.1640 -0.9859 -0.0345
vn 0.1985 -0.9800 -0.0143
vn 0.1795 -0.9831 0.0365
vn 0.1925 -0.9799 0.0518
vn 0.1528 -0.9818 0.1124
vn 0.1642 -0.9760 0.1428
vn 0.1467 -0.9746 0.1693
vn -0.0898 -0.9805 -0.1751
vn -0.1316 -0.9832 -0.1262
vn -0.0133 -0.9826 -0.1853
vn -0.0084 -0.9803 -0.1973
vn 0.0826 -0.9723 -0.2189
vn 0.0342 -0.9852 -0.1679
vn 0.1290 -0.9775 -0.1672
vn 0.1136 -0.9801 -0.1627
vn 0.1543 -0.9820 -0.1092
vn 0.1774 -0.9780 -0.1100
vn 0.1613 -0.9765 -0.1427
vn 0.0000 -1.0000 0.0000
vn -0.0000 -1.0000 0.0000
vn 0.0000 -1.0000 0.0000
vn -0.0000 -1.0000 0.0000
vn 0.0000 -1.0000 -0.0000
vn -0.0000 -1.0000 0.0000
vn 0.0000 -1.0000 0.0000
vn -0.0000 -1.0000 -0.0000
vn 0.0000 -1.0000 0.0000
vn -0.0000 -1.0000 -0.0000
vn -0.0000 -1.0000 0.0000
vn 0.0000 -1.0000 -0.0000
vn -0.0000 -1.0000 0.0000
vn 0.0000 -1.0000 -0.0000
vn 0.0000 -1.0000 0.0000
vn 0.0000 -1.0000 -0.0000
vn 0.0000 -1.0000 -0.0000
vn 0.0000 -1.0000 0.0000
vn 0.0000 -1.0000 -0.0000
vn 0.0000 -1.0000 0.0000
vn 0.0000 -1.0000 0.0000
vn 0.0000 -1.0000 0.0000
vn 0.0000 -1.0000 0.0000
vn 0.0000 -1.0000 0.0000
vn 0.0000 -1.0000 0.0000
vn 0.0000 -1.0000 0.0000
vn 0.0000 -1.0000 0.0000
vn 0.0000 -1.0000 0.0000
vn 0.8432 -0.0024 0.5376
vn 0.8525 0.0003 0.5228
vn 0.5342 -0.2210 -0.8160
vn 0.4485 -0.3978 -0.8003
vn 0.4499 -0.4114 -0.7927
vn 0.2276 -0.9090 -0.3493
vn 0.1661 -0.9382 -0.3036
vn 0.5496 0.0013 -0.8354
vn 0.5468 0.0006 -0.8372
vn 0.2358 0.8491 -0.4727
vn 0.5299 0.3861 -0.7551
vn 0.3797 0.8857 -0.2673
vn 0.0092 0.9996 0.0263
vn -0.0717 -0.8765 -0.4759
vn 0.4937 0.1677 -0.8533
vn 0.5302 0.2265 -0.8170
vn 0.8413 0.0085 0.5405
vn 0.8616 0.0006 0.5076
vn 0.0000 1.0000 -0.0000
vn 0.0000 1.0000 0.0000
vn 0.0000 1.0000 -0.0000
vn 0.0000 1.0000 -0.0000
vn 0.0000 1.0000 0.0000
vn 0.0000 1.0000 -0.0000
vn -0.0000 1.0000 0.0000
vn 0.0000 1.0000 0.0000
vn 0.0000 1.0000 0.0000
vn -0.0000 1.0000 0.0000
vn 0.0000 1.0000 0.0000
vn 0.0000 1.0000 0.0000
vn 0.0000 1.0000 0.0000
vn 0.0000 1.0000 0.0000
vn 0.0000 1.0000 0.0000
vn 0.0000 1.0000 0.0000
vn 0.0000 1.0000 -0.0000
vn 0.0000 1.0000 0.0000
vn 0.0000 1.0000 0.0000
vn 0.0000 1.0000 0.0000
vn -0.0000 1.0000 0.0000
vn 0.0000 1.0000 0.0000
vn -0.0000 1.0000 0.0000
vn 0.0000 1.0000 0.0000
vn -0.0000 1.0000 0.0000
vn 0.0000 1.0000 0.0000
vn 0.0000 1.0000 0.0000
vn -0.0000 1.0000 0.0000
vn 0.0000 1.0000 0.0000
vn 0.0000 1.0000 0.0000
vn 0.0000 1.0000 0.0000
vn 0.0000 1.0000 0.0000
vn 0.0000 1.0000 0.0000
vn 0.0000 1.0000 0.0000
vn 0.0000 1.0000 0.0000
vn -0.9876 0.0016 -0.1572
vn -0.9881 0.0021 -0.1535
vn -0.8388 -0.0004 0.5444
vn -0.8447 -0.0016 0.5352
vn 0.1381 -0.0008 0.9904
vn 0.1460 0.0000 0.9893
vn 0.7254 -0.0000 0.6883
vn 0.7254 0.0000 0.6883
vn 0.7904 -0.0000 0.6126
vn 0.7899 -0.0001 0.6132
vn 0.9703 0.0010 -0.2419
vn 0.9802 -0.0025 -0.1982
vn 0.6453 -0.0034 -0.7639
vn 0.6005 0.0009 -0.7997
vn -0.0865 0.0024 -0.9963
vn -0.0751 0.0007 -0.9972
vn -0.9768 0.0000 0.2141
vn -0.9799 -0.0024 0.1994
vn -0.0309 0.0013 0.9995
vn -0.0397 0.0000 0.9992
vn 0.5157 -0.0000 0.8568
vn 0.4906 -0.0020 0.8714
vn 0.9972 -0.0007 0.0747
vn 0.9977 -0.0000 0.0683
vn 0.6566 0.0000 -0.7543
vn 0.6566 0.0000 -0.7542
vn 0.8021 0.0000 -0.5972
vn 0.7946 0.0006 -0.6071
vn 0.0177 -0.0026 -0.9998
vn -0.0130 0.0000 -0.9999
vn -0.7048 0.0000 -0.7094
vn -0.7048 0.0000 -0.7094
vn 0.2492 0.0000 -0.9685
vn 0.2481 0.0011 -0.9687
vn 0.2543 -0.0055 0.9671
vn 0.3259 0.0067 0.9454
vn 0.8239 -0.0007 0.5668
vn 0.8363 -0.0044 0.5483
vn -0.2687 0.0091 0.9632
vn -0.2644 0.0000 0.9644
vn -0.9275 0.0100 -0.3737
vn -0.7833 -0.0413 -0.6202
vn -0.9475 -0.0056 -0.3196
vn -0.9677 -0.0073 0.2521
vn -0.9570 -0.0129 0.2899
vn -0.5192 0.0270 0.8542
vn -0.6433 0.0000 0.7656
vn 0.0365 0.9979 -0.0536
vn 0.2545 0.8770 -0.4075
vn 0.3952 0.7216 -0.5685
vn 0.4552 0.5711 -0.6831
vn 0.5241 0.3503 -0.7763
vn 0.5300 0.2383 -0.8138
vn 0.1838 0.9808 -0.0646
vn 0.8576 0.4295 -0.2829
vn 0.8923 0.3568 -0.2765
vn 0.6493 0.5534 -0.5216
vn 0.7435 0.5534 -0.3755
vn 0.4976 0.8302 -0.2513
vn 0.5281 0.8314 -0.1726
vn 0.4599 0.8709 -0.1734
vn 0.4830 0.7524 -0.4478
vn 0.1265 0.9807 -0.1489
vn 0.1526 0.9806 -0.1227
vn 0.4369 0.7520 -0.4936
vn 0.2628 0.8771 -0.4021
vn 0.5179 0.5690 -0.6387
vn 0.1749 0.9806 -0.0882
vn 0.4160 0.8910 -0.1817
vn 0.3815 0.8933 -0.2375
vn 0.8023 0.5539 -0.2222
vn 0.7434 0.5536 -0.3754
vn 0.8902 0.0736 -0.4495
vn 0.7290 0.3933 -0.5602
vn 0.7326 0.3861 -0.5606
vn 0.5897 0.2585 -0.7651
vn 0.5984 0.2375 -0.7652
vn 0.7614 0.2887 -0.5805
vn 0.7211 0.1597 0.6742
vn 0.0811 0.7547 0.6510
vn 0.6892 0.1617 -0.7063
vn 0.9604 0.2745 0.0481
vn 0.9853 0.1701 -0.0165
vn 0.7652 0.6309 -0.1282
vn 0.4738 0.8793 0.0486
vn 0.3327 0.9413 -0.0568
vn 0.6334 0.7574 -0.1585
vn 0.7238 0.1714 0.6684
vn 0.6193 0.4752 0.6250
vn 0.3045 -0.0217 0.9523
vn 0.2771 -0.0011 0.9608
vn 0.2305 -0.0255 0.9727
vn 0.3835 0.0743 0.9205
vn 0.2974 0.0158 0.9546
vn 0.3351 -0.0562 0.9405
vn 0.3189 0.0197 0.9476
vn 0.3095 -0.0023 0.9509
vn 0.0986 -0.7998 0.5921
vn 0.6152 -0.7873 -0.0404
vn 0.5973 -0.7996 -0.0617
vn 0.5177 -0.6992 0.4930
vn 0.5650 -0.4919 -0.6624
vn 0.7388 -0.2842 -0.6111
vn 0.9780 -0.2085 -0.0101
vn 0.9773 -0.2119 -0.0079
vn 0.7139 -0.1539 0.6831
vn 0.7262 -0.1932 0.6598
vn 0.4152 0.1561 0.8962
vn 0.4076 0.1506 0.9007
vn 0.3980 -0.0919 0.9128
vn 0.6055 -0.0566 0.7938
vn 0.5728 0.0665 0.8170
vn 0.4815 -0.7008 -0.5264
vn 0.6147 -0.4970 -0.6125
vn 0.6771 0.7005 -0.2254
vn 0.2682 -0.7841 0.5596
vn 0.1506 0.9304 0.3342
vn 0.3051 0.6169 0.7255
vn 0.6500 0.5726 0.4996
vn 0.3803 0.5723 0.7265
vn 0.5088 0.7145 0.4803
vn 0.0562 0.8407 0.5385
vn 0.2298 0.9717 -0.0544
vn 0.5240 0.4428 0.7276
vn 0.6580 0.3118 0.6855
vn 0.4077 0.1501 0.9007
vn 0.5305 -0.1702 0.8304
vn 0.4848 -0.2884 0.8257
vn 0.3101 -0.4178 0.8540
vn 0.3921 -0.3837 0.8361
vn 0.6617 -0.5574 0.5015
vn 0.4100 -0.9120 0.0089
vn 0.6982 -0.7144 -0.0454
vn 0.8241 -0.4922 -0.2803
vn 0.7087 -0.6619 -0.2441
vn 0.7379 -0.5570 -0.3812
vn 0.8962 -0.2274 -0.3810
vn 0.8869 -0.1601 -0.4334
vn 0.8428 0.3159 -0.4358
vn 0.9373 0.1965 -0.2877
vn 0.7597 0.5487 -0.3488
vn 0.6792 0.7062 -0.2000
vn 0.6960 0.6914 -0.1937
vn 0.6498 0.7249 -0.2285
vn 0.3943 0.9175 0.0524
vn 0.1704 -0.8557 0.4887
vn 0.2501 -0.8476 0.4679
vn 0.5711 -0.8194 0.0490
vn 0.4796 -0.8747 0.0703
vn 0.3362 -0.5662 0.7526
vn 0.4922 -0.5067 0.7079
vn 0.8159 -0.5530 -0.1689
vn 0.6159 0.6953 0.3705
vn 0.7009 0.6451 0.3044
vn 0.7919 0.4461 0.4169
vn 0.9284 0.0914 0.3601
vn 0.9384 0.1961 0.2845
vn 0.9565 -0.0337 0.2899
vn 0.9086 -0.1635 0.3844
vn 0.7843 -0.4772 0.3965
vn 0.6724 -0.5293 0.5175
vn 0.2795 -0.3591 0.8905
vn -0.2278 -0.0660 0.9715
vn 0.3152 -0.3623 0.8772
vn 0.2461 -0.4410 0.8631
vn 0.1594 -0.4211 0.8929
vn 0.2037 0.1896 0.9605
vn 0.1263 0.2249 0.9662
vn 0.1056 0.1199 0.9872
vn 0.0355 0.1337 0.9904
vn 0.0007 0.8626 0.5059
vn -0.1223 0.8954 0.4281
vn -0.2196 0.7088 0.6703
vn -0.1874 -0.3761 0.9074
vn -0.1290 -0.3795 0.9161
vn -0.3190 -0.3831 0.8669
vn -0.1942 -0.6706 0.7159
vn -0.1922 -0.7958 0.5742
vn 0.0788 -0.8004 0.5943
vn 0.0630 -0.7655 0.6404
vn 0.1215 -0.2982 0.9467
vn -0.2348 -0.6749 0.6996
vn -0.2016 -0.3953 0.8962
vn -0.3043 -0.8723 0.3828
vn 0.1305 -0.2394 0.9621
vn 0.0983 -0.2477 0.9638
vn 0.0926 -0.1239 0.9880
vn 0.1513 0.0620 0.9865
vn -0.2279 -0.0661 0.9714
vn 0.0070 0.9255 0.3786
vn 0.1922 0.6615 0.7249
vn -0.0278 0.6114 0.7908
vn -0.2528 0.3715 0.8933
vn -0.0721 0.6657 0.7427
vn -0.0170 0.4337 0.9009
vn 0.1509 0.4470 0.8817
vn -0.0663 -0.8116 -0.5805
vn 0.1478 0.6225 0.7686
vn -0.1387 -0.5177 -0.8442
vn -0.3263 0.2386 0.9146
vn -0.2286 0.1516 0.9616
vn -0.1573 0.3800 0.9115
vn 0.1597 -0.9732 -0.1652
vn 0.4927 -0.5032 -0.7099
vn 0.2687 -0.8800 -0.3917
vn 0.4574 -0.5834 -0.6712
vn 0.5229 -0.2585 -0.8123
vn 0.6669 -0.6491 -0.3660
vn 0.8880 -0.3543 -0.2930
vn 0.7364 -0.6503 -0.1864
vn 0.4365 -0.8850 -0.1618
vn 0.4028 -0.8955 -0.1894
vn 0.3547 -0.8966 -0.2651
vn 0.7311 -0.3903 -0.5595
vn 0.7003 -0.5063 -0.5032
vn 0.5587 -0.4212 -0.7144
vn 0.5344 -0.2585 -0.8047
vn 0.4884 -0.5826 -0.6496
vn 0.8301 -0.5050 -0.2365
vn 0.8902 -0.0736 -0.4495
vn 0.7435 -0.5534 -0.3754
vn 0.6686 -0.5547 -0.4952
vn 0.2873 -0.8795 -0.3793
vn 0.3092 -0.9448 -0.1084
vn 0.2889 -0.9437 -0.1613
vn 0.3398 -0.9084 -0.2435
vn 0.2396 -0.9080 -0.3436
vn 0.9756 -0.0000 0.2194
vn 0.8271 0.0111 0.5619
vn 0.8176 0.0311 0.5750
vn 0.7936 0.0056 0.6084
vn 0.7780 -0.0000 0.6282
vn 0.7223 0.0000 0.6916
vn 0.6976 0.0602 0.7140
vn 0.7513 -0.0000 0.6599
vn 0.9636 0.0083 0.2673
vn 0.9738 -0.0320 0.2251
vn 0.9505 0.0232 0.3099
vn 0.9380 -0.0030 0.3467
vn 0.8542 -0.0000 0.5199
vn 0.8745 0.0000 0.4851
vn 0.8947 0.0312 0.4456
vn 0.9001 0.0196 0.4353
vn 0.9164 0.0017 0.4002
vn -0.6814 -0.0000 -0.7320
vn -0.6814 0.0000 -0.7320
vn -0.2618 -0.0000 -0.9651
vn -0.2618 0.0000 -0.9651
vn 0.2212 0.0000 -0.9752
vn 0.2212 0.0000 -0.9752
vn 0.6318 0.0000 -0.7752
vn 0.6318 0.0000 -0.7752
vn 0.9042 0.0000 -0.4271
vn 0.9042 0.0000 -0.4271
vn 0.9993 0.0000 0.0376
vn 0.9993 0.0000 0.0376
vn 0.9085 0.0000 0.4179
vn 0.9085 0.0000 0.4179
vn 0.6814 0.0000 0.7320
vn 0.6814 0.0000 0.7320
vn 0.2618 0.0000 0.9651
vn 0.2618 0.0000 0.9651
vn -0.2212 0.0000 0.9752
vn -0.2212 0.0000 0.9752
vn -0.6318 0.0000 0.7752
vn -0.6318 0.0000 0.7752
vn -0.9042 0.0000 0.4271
vn -0.9042 0.0000 0.4271
vn -0.9993 -0.0000 -0.0376
vn -0.9993 0.0000 -0.0376
vn -0.9085 -0.0000 -0.4179
vn -0.9085 0.0000 -0.4179
vn 0.6814 0.0000 0.7320
vn 0.6814 0.0000 0.7320
vn 0.2618 0.0000 0.9651
vn 0.2618 0.0000 0.9651
vn -0.2212 0.0000 0.9752
vn -0.2212 0.0000 0.9752
vn -0.6318 0.0000 0.7752
vn -0.6318 0.0000 0.7752
vn -0.9042 0.0000 0.4271
vn -0.9042 0.0000 0.4271
vn -0.9993 -0.0000 -0.0376
vn -0.9993 0.0000 -0.0376
vn -0.9085 -0.0000 -0.4179
vn -0.9085 0.0000 -0.4179
vn -0.6814 -0.0000 -0.7320
vn -0.6814 0.0000 -0.7320
vn -0.2618 -0.0000 -0.9651
vn -0.2618 0.0000 -0.9651
vn 0.2212 0.0000 -0.9752
vn 0.2212 0.0000 -0.9752
vn 0.6318 0.0000 -0.7752
vn 0.6318 0.0000 -0.7752
vn 0.9042 0.0000 -0.4271
vn 0.9042 0.0000 -0.4271
vn 0.9993 0.0000 0.0376
vn 0.9993 0.0000 0.0376
vn 0.9085 0.0000 0.4179
vn 0.9085 0.0000 0.4179
vn 0.9470 0.0230 0.3203
vn 0.9456 0.0000 0.3252
vn 0.4051 -0.0028 0.9143
vn 0.4164 0.0000 0.9092
vn 0.8371 0.0000 0.5470
vn 0.8371 0.0000 0.5470
vn 0.2121 -0.0008 0.9772
vn 0.2140 0.0000 0.9768
vn 0.6525 -0.0000 0.7578
vn 0.6525 0.0000 0.7578
vn 0.8876 -0.0000 0.4607
vn 0.8876 0.0000 0.4607
vn 0.9426 0.0004 0.3339
vn 0.9428 0.0000 0.3334
vn 0.6907 -0.0026 0.7231
vn 0.6978 0.0000 0.7163
vn 0.0826 -0.0000 0.9966
vn 0.0826 0.0000 0.9966
vn -0.3318 0.0000 0.9434
vn -0.3318 0.0000 0.9434
vn 0.3296 0.0000 -0.9441
vn 0.3296 0.0000 -0.9441
vn -0.1460 0.0000 -0.9893
vn -0.1460 0.0000 -0.9893
vn -0.5928 0.0000 -0.8053
vn -0.5928 0.0000 -0.8053
vn -0.8933 0.0000 -0.4495
vn -0.8933 0.0000 -0.4495
vn -0.9998 0.0000 -0.0182
vn -0.9998 0.0000 -0.0182
vn -0.8990 0.0000 0.4379
vn -0.8990 0.0000 0.4379
vn -0.6624 0.0000 0.7491
vn -0.6624 0.0000 0.7491
vn -0.3296 0.0000 0.9441
vn -0.3296 0.0000 0.9441
vn 0.1460 -0.0000 0.9893
vn 0.1460 0.0000 0.9893
vn 0.5928 -0.0000 0.8053
vn 0.5928 0.0000 0.8053
vn 0.8933 -0.0000 0.4495
vn 0.8933 0.0000 0.4495
vn 0.9998 -0.0000 0.0182
vn 0.9998 0.0000 0.0182
vn 0.8990 0.0000 -0.4379
vn 0.8990 0.0000 -0.4379
vn 0.6624 0.0000 -0.7491
vn 0.6624 0.0000 -0.7491
vn 0.6681 -0.0000 0.7440
vn 0.6681 0.0000 0.7440
vn 0.6681 0.0000 0.7440
vn 0.6681 -0.0000 0.7440
vn 0.6681 0.0000 0.7440
vn 0.6681 0.0000 0.7440
vn 0.6681 -0.0000 0.7440
vn 0.6681 0.0000 0.7440
vn 0.6989 -0.0000 0.7152
vn 0.7122 -0.0085 0.7020
vn 0.7412 0.0000 0.6713
vn 0.7687 0.0000 0.6396
vn 0.7934 -0.0096 0.6086
vn 0.8063 -0.0010 0.5916
vn 0.9490 0.0021 0.3152
vn 0.9678 -0.0027 0.2518
vn 0.9871 0.0025 -0.1598
vn 0.9721 -0.0018 -0.2345
vn 0.8116 0.0011 -0.5843
vn 0.7760 -0.0027 -0.6307
vn 0.4706 0.0016 -0.8824
vn 0.2200 -0.0140 -0.9754
vn 0.0125 -0.0010 -0.9999
vn -0.3044 -0.0010 -0.9525
vn -0.3053 -0.0025 -0.9522
vn -0.3077 0.0000 -0.9515
vn -0.7422 -0.0000 -0.6701
vn -0.7422 0.0000 -0.6701
vn -0.7422 0.0000 -0.6701
vn -0.7421 -0.0018 -0.6703
vn -0.7422 -0.0000 -0.6701
vn -0.7422 0.0000 -0.6701
vn -0.7421 -0.0015 -0.6703
vn -0.7422 -0.0024 -0.6702
vn -0.7421 -0.0020 -0.6702
vn -0.7421 -0.0017 -0.6703
vn -0.7421 -0.0017 -0.6703
vn -0.7420 -0.0017 -0.6704
vn 0.8241 0.0110 0.5663
vn 0.8235 0.0034 0.5672
vn 0.9484 -0.0438 0.3141
vn 0.9461 -0.0000 0.3237
vn 0.4164 0.0000 0.9092
vn 0.4164 0.0000 0.9092
vn 0.8371 0.0000 0.5470
vn 0.8371 0.0000 0.5470
vn 0.2121 -0.0000 0.9772
vn 0.2121 0.0000 0.9772
vn 0.6525 -0.0000 0.7578
vn 0.6525 0.0000 0.7578
vn 0.8876 -0.0000 0.4607
vn 0.8876 0.0000 0.4607
vn 0.9426 0.0004 0.3340
vn 0.9427 0.0000 0.3335
vn 0.6710 -0.0029 0.7414
vn 0.6714 -0.0028 0.7411
vn 0.0622 0.0026 0.9981
vn 0.0520 0.0000 0.9986
vn -0.3318 0.0000 0.9434
vn -0.3318 0.0000 0.9434
vn 0.4947 0.0000 -0.8690
vn 0.4947 0.0000 -0.8690
vn 0.2575 0.0000 -0.9663
vn 0.2575 0.0000 -0.9663
vn -0.0739 -0.0000 -0.9973
vn -0.0739 0.0000 -0.9973
vn -0.5305 0.0000 -0.8477
vn -0.5305 0.0000 -0.8477
vn -0.8633 0.0000 -0.5047
vn -0.8633 0.0000 -0.5047
vn -0.9990 0.0000 -0.0458
vn -0.9990 0.0000 -0.0458
vn -0.9090 0.0000 0.4169
vn -0.9090 0.0000 0.4169
vn -0.6133 0.0000 0.7898
vn -0.6133 0.0000 0.7898
vn -0.1722 0.0000 0.9851
vn -0.1722 0.0000 0.9851
vn 0.3042 -0.0000 0.9526
vn 0.3042 0.0000 0.9526
vn 0.7031 -0.0000 0.7111
vn 0.7031 0.0000 0.7111
vn 0.9508 -0.0000 0.3097
vn 0.9508 0.0000 0.3097
vn 0.9851 0.0000 -0.1718
vn 0.9851 0.0000 -0.1718
vn 0.8260 0.0000 -0.5637
vn 0.8260 0.0000 -0.5637
vn 0.8241 -0.0031 0.5664
vn 0.8242 -0.0024 0.5663
vn -0.9884 -0.0000 -0.1517
vn -0.9884 0.0000 -0.1517
vn -0.9836 0.0000 0.1804
vn -0.9836 0.0000 0.1804
vn -0.8698 0.0000 0.4935
vn -0.8698 0.0000 0.4935
vn -0.6594 0.0000 0.7518
vn -0.6594 0.0000 0.7518
vn -0.3753 0.0000 0.9269
vn -0.3753 0.0000 0.9269
vn -0.0494 0.0000 0.9988
vn -0.0494 0.0000 0.9988
vn 0.2609 0.0000 0.9654
vn 0.2609 0.0000 0.9654
vn 0.4717 0.0000 0.8818
vn 0.4897 0.4401 0.7526
vn 0.7193 0.5511 0.4230
vn 0.7906 0.0000 0.6123
vn 0.8705 -0.0010 0.4922
vn 0.8787 0.0000 0.4773
vn 0.8619 0.0125 0.5068
vn 0.8687 0.0000 0.4953
vn 0.8787 0.0000 0.4773
vn 0.8787 0.0000 0.4773
vn 0.8702 0.0015 0.4927
vn 0.8618 -0.0382 0.5058
vn 0.0329 0.7925 0.6090
vn 0.8626 0.0001 0.5060
vn 0.8505 -0.0067 0.5259
vn 0.9052 -0.2233 -0.3615
vn 0.8613 -0.0000 0.5080
vn 0.8710 -0.0000 0.4912
vn 0.8710 -0.0000 0.4912
vn 0.8787 -0.0000 0.4773
vn 0.8787 -0.0000 0.4773
vn 0.8456 -0.0000 0.5338
vn 0.8656 -0.0377 0.4993
vn -0.8115 0.0018 -0.5844
vn -0.8118 0.0000 -0.5839
vn -0.5778 -0.0000 -0.8162
vn -0.5778 0.0000 -0.8162
vn -0.3667 -0.0000 -0.9304
vn -0.3667 0.0000 -0.9304
vn -0.1336 -0.0000 -0.9910
vn -0.1336 0.0000 -0.9910
vn 0.2472 0.0000 -0.9690
vn 0.2472 0.0000 -0.9690
vn 0.5724 0.0000 -0.8200
vn 0.5724 0.0000 -0.8200
vn 0.8242 0.0000 -0.5663
vn 0.8242 0.0000 -0.5663
vn 0.9352 0.0000 -0.3541
vn 0.9352 0.0000 -0.3541
vn 0.9927 0.0000 -0.1209
vn 0.9927 0.0000 -0.1209
vn 0.9657 0.0000 0.2596
vn 0.9657 0.0000 0.2596
vn 0.8128 0.0000 0.5826
vn 0.8128 0.0000 0.5826
vn 0.5564 0.0000 0.8309
vn 0.5564 0.0000 0.8309
vn 0.3424 0.0000 0.9395
vn 0.3424 0.0000 0.9395
vn 0.1080 0.0000 0.9941
vn 0.1080 0.0000 0.9941
vn -0.2720 0.0000 0.9623
vn -0.2720 0.0000 0.9623
vn -0.5930 0.0000 0.8052
vn -0.5930 0.0000 0.8052
vn -0.8515 0.0000 0.5243
vn -0.8549 -0.0390 0.5174
vn -0.9915 0.0397 0.1242
vn -0.9932 0.0000 0.1164
vn -0.9577 -0.0000 -0.2877
vn -0.9574 -0.0045 -0.2886
vn 0.0042 -0.9999 0.0098
vn 0.1326 0.9787 -0.1565
vn -0.0304 -0.9989 0.0352
vn -0.0288 -0.9990 0.0338
vn 0.0964 -0.9942 -0.0475
vn -0.0013 -1.0000 0.0008
vn 0.0081 -0.9999 0.0063
vn 0.0374 -0.9990 0.0251
vn 0.0457 -0.9958 0.0798
vn 0.0011 -1.0000 0.0039
vn 0.0209 -0.9996 -0.0177
vn 0.0016 -0.9999 -0.0145
vn -0.7278 0.3218 0.6056
vn 0.0216 -0.9996 -0.0181
vn 0.0160 -0.9998 0.0096
vn -0.3350 0.8487 -0.4093
vn -0.0011 -1.0000 0.0053
vn -0.0059 -1.0000 -0.0056
vn -0.0163 -0.9998 -0.0119
vn -0.0001 -1.0000 0.0037
vn 0.0095 -0.9999 0.0070
vn -0.0076 -0.9998 -0.0180
vn -0.9632 -0.0013 -0.2688
vn -0.9633 -0.0003 -0.2683
vn 0.0212 0.9996 -0.0174
vn 0.0169 0.9998 -0.0146
vn -0.0010 1.0000 0.0003
vn -0.0448 0.9919 -0.1191
vn 0.0472 0.9958 0.0781
vn 0.0241 0.9996 0.0147
vn 0.0255 0.9996 0.0156
vn -0.0002 1.0000 0.0006
vn 0.0976 0.9941 -0.0477
vn -0.0282 0.9990 0.0343
vn -0.0273 0.9991 0.0335
vn 0.0097 0.9999 -0.0104
vn 0.0230 0.9983 0.0531
vn -0.0158 0.9998 -0.0116
vn -0.0056 1.0000 -0.0054
vn 0.0201 0.9997 0.0118
vn -0.3656 -0.8165 -0.4468
vn -0.0004 1.0000 0.0020
vn 0.0110 0.9999 0.0081
vn -0.0091 0.9997 -0.0210
vn 0.0012 1.0000 0.0045
vn -0.0001 1.0000 0.0043
vn 0.9641 0.0002 0.2657
vn 0.9640 0.0000 0.2658
vn -0.7541 -0.6000 -0.2670
vn -0.7482 -0.6140 -0.2513
vn -0.7606 -0.5890 -0.2730
vn -0.8180 -0.4312 -0.3806
vn -0.5196 -0.8109 -0.2693
vn -0.7419 -0.6052 -0.2886
vn 0.0048 -0.9998 -0.0173
vn 0.0345 -0.9918 -0.1234
vn 0.0345 -0.9918 -0.1234
vn 0.0274 -0.9948 -0.0981
vn 0.0274 -0.9948 -0.0981
vn 0.0203 -0.9971 -0.0727
vn 0.0203 -0.9971 -0.0727
vn 0.0132 -0.9988 -0.0473
vn 0.0132 -0.9988 -0.0473
vn 0.0048 -0.9998 -0.0173
vn 0.4544 -0.8502 -0.2658
vn -0.1021 -0.9813 0.1631
vn -0.0727 -0.9701 0.2315
vn -0.0714 -0.9691 0.2363
vn -0.0632 -0.9667 0.2478
vn -0.0698 -0.9724 0.2228
vn -0.0774 -0.9752 0.2073
vn -0.0676 -0.9682 0.2408
vn -0.0693 -0.9710 0.2288
vn -0.0488 -0.9837 0.1730
vn -0.0825 -0.9771 0.1962
vn -0.1600 -0.9679 0.1940
vn -0.0537 -0.9881 0.1444
vn -0.0447 -0.9874 0.1518
vn -0.0521 -0.9798 0.1929
vn -0.0562 -0.9801 0.1904
vn -0.0608 -0.9736 0.2201
vn -0.0930 -0.9813 0.1683
vn -0.1185 -0.9732 0.1969
vn -0.1211 -0.8769 0.4653
vn -0.0309 -0.9957 0.0876
vn -0.0059 -0.9998 0.0210
vn -0.0066 -0.9998 0.0202
vn -0.0132 -0.9988 0.0465
vn -0.0123 -0.9987 0.0500
vn -0.0243 -0.9976 0.0645
vn -0.0200 -0.9974 0.0699
vn -0.0268 -0.9950 0.0960
vn -0.0268 -0.9950 0.0959
vn -0.0329 -0.9925 0.1176
vn -0.0331 -0.9926 0.1172
vn -0.0366 -0.9907 0.1309
vn -0.0076 -0.9996 0.0271
vn -0.0076 -0.9996 0.0271
vn -0.0227 -0.9964 0.0813
vn -0.0227 -0.9964 0.0813
vn -0.0378 -0.9901 0.1352
vn -0.0379 -0.9901 0.1352
vn -0.0530 -0.9804 0.1897
vn 0.7417 -0.6701 0.0289
vn 0.6011 -0.7985 0.0326
vn 0.7396 -0.6404 0.2069
vn 0.5336 0.0561 -0.8439
vn 0.9105 -0.3257 0.2547
vn 0.7671 -0.3628 0.5291
vn -0.0228 0.9996 -0.0183
vn 0.0208 0.9993 0.0315
vn -0.0002 1.0000 -0.0088
vn 0.0371 0.9986 -0.0383
vn -0.0115 0.9999 -0.0107
vn 0.0161 0.9998 0.0149
vn -0.0118 0.9998 -0.0178
vn 0.2867 0.2513 0.9245
vn 0.3003 0.2195 0.9282
vn 0.3133 0.0919 0.9452
vn 0.3005 -0.1851 0.9356
vn 0.2604 0.4984 0.8269
vn 0.2340 0.6420 0.7301
vn 0.2752 0.4296 0.8601
vn 0.2513 0.5796 0.7752
vn 0.0720 0.9719 0.2242
vn 0.2047 0.7609 0.6157
vn 0.3038 0.2447 0.9208
vn 0.3262 0.0290 0.9449
vn 0.3350 0.1244 0.9340
vn 0.3077 0.0000 0.9515
vn 0.3369 -0.1569 0.9284
vn -0.1062 -0.9184 -0.3811
vn 0.3072 0.0070 0.9516
vn 0.2962 0.1286 0.9464
vn 0.2940 -0.1294 0.9470
vn 0.3070 -0.0122 0.9516
vn 0.3096 0.2128 0.9268
vn 0.2687 -0.3127 0.9111
vn 0.2787 0.3702 0.8861
vn 0.2025 -0.5119 0.8348
vn 0.0556 -0.9833 0.1732
vn 0.1913 -0.7870 0.5866
vn 0.1572 -0.8701 0.4672
vn 0.3031 -0.0946 0.9482
vn -0.0147 -0.9798 -0.1992
vn 0.2846 0.3319 0.8993
vn 0.3154 0.1023 0.9434
vn 0.2483 -0.6603 0.7088
vn 0.0089 -0.9997 0.0249
vn -0.3998 -0.8753 -0.2721
vn -0.8366 0.0005 -0.5478
vn 0.1218 -0.9887 -0.0870
vn -0.5123 0.8023 0.3063
vn -0.0056 -1.0000 0.0021
vn -0.0178 -0.9998 -0.0117
vn 0.0148 -0.9993 0.0357
vn 0.8125 -0.0018 0.5830
vn 0.8025 0.0004 0.5967
vn 0.0373 -0.9903 -0.1335
vn 0.0271 -0.9905 -0.1348
vn 0.0363 -0.9909 -0.1299
vn 0.3064 0.0270 0.9515
vn 0.3074 0.0218 0.9513
vn 0.3051 0.0080 0.9523
vn 0.8095 0.0034 0.5871
vn 0.7899 -0.0006 0.6133
vn 0.0003 -1.0000 -0.0011
vn 0.0001 -1.0000 -0.0022
vn 0.0010 -1.0000 -0.0031
vn 0.0011 -1.0000 -0.0047
vn 0.0030 -1.0000 -0.0067
vn 0.0013 -0.9999 -0.0101
vn 0.0056 -0.9999 -0.0139
vn 0.0033 -0.9998 -0.0183
vn 0.0101 -0.9997 -0.0244
vn 0.0078 -0.9996 -0.0279
vn 0.0132 -0.9988 -0.0473
vn 0.0132 -0.9988 -0.0473
vn 0.0203 -0.9971 -0.0727
vn 0.0203 -0.9971 -0.0727
vn 0.0274 -0.9948 -0.0981
vn 0.0274 -0.9948 -0.0981
vn 0.0345 -0.9918 -0.1234
vn 0.0345 -0.9918 -0.1234
vn 0.0363 -0.9909 -0.1299
vn 0.0363 -0.9909 -0.1299
vn -0.4740 0.0000 0.8805
vn -0.4740 0.0000 0.8805
vn -0.7531 0.0000 0.6580
vn -0.7531 0.0000 0.6580
vn -0.9517 0.0000 0.3069
vn -0.9517 0.0000 0.3069
vn 0.0000 1.0000 0.0000
vn 0.0000 1.0000 -0.0000
vn 0.0000 1.0000 0.0000
vn 0.0000 1.0000 0.0000
vn 0.0000 1.0000 0.0000
vn 0.0000 1.0000 -0.0000
vn 0.0000 1.0000 0.0000
vn 0.0000 1.0000 -0.0000
vn 0.0000 1.0000 -0.0000
vn 0.0000 1.0000 0.0000
vn 0.0000 1.0000 0.0000
vn 0.0000 1.0000 0.0000
vn 0.0000 1.0000 0.0000
vn 0.0000 1.0000 0.0000
vn 0.0000 1.0000 0.0000
vn 0.0000 1.0000 0.0000
vn 0.0000 1.0000 0.0000
vn 0.0000 1.0000 0.0000
vn 0.0000 1.0000 0.0000
vn 0.0000 1.0000 0.0000
vn -0.0000 1.0000 0.0000
vn 0.0000 1.0000 0.0000
vn 0.0000 1.0000 0.0000
vn -0.0000 1.0000 0.0000
vn -0.0000 1.0000 0.0000
vn 0.0000 1.0000 0.0000
vn 0.0000 1.0000 0.0000
vn 0.0000 1.0000 -0.0000
vn 0.0000 1.0000 0.0000
vn 0.0000 1.0000 0.0000
vn 0.0000 1.0000 0.0000
vn 0.0000 1.0000 0.0000
vn 0.0000 1.0000 0.0000
vn 0.0000 1.0000 0.0000
vn 0.0000 1.0000 0.0000
vn 0.0000 1.0000 0.0000
vn -0.0000 1.0000 0.0000
vn 0.0000 1.0000 0.0000
vn -0.0000 1.0000 -0.0000
vn 0.8687 -0.0000 0.4953
vn 0.8662 -0.0019 0.4996
vn 0.4927 0.0010 0.8702
vn 0.4906 0.0000 0.8714
vn 0.2800 -0.0000 0.9600
vn 0.2800 0.0000 0.9600
vn -0.0511 0.0000 0.9987
vn -0.0511 0.0000 0.9987
vn -0.3744 0.0000 0.9273
vn -0.3744 0.0000 0.9273
vn -0.6566 0.0000 0.7542
vn -0.6566 0.0000 0.7542
vn -0.8682 0.0000 0.4962
vn -0.8682 0.0000 0.4962
vn -0.9831 0.0000 0.1829
vn -0.9831 0.0000 0.1829
vn -0.9887 0.0000 -0.1501
vn -0.9887 0.0000 -0.1501
vn 0.0000 -1.0000 0.0000
vn 0.0000 -1.0000 0.0000
vn 0.0000 -1.0000 0.0000
vn 0.0000 -1.0000 0.0000
vn 0.0000 -1.0000 0.0000
vn 0.0000 -1.0000 -0.0000
vn -0.0000 -1.0000 0.0000
vn -0.0000 -1.0000 0.0000
vn 0.0000 -1.0000 -0.0000
vn 0.0000 -1.0000 0.0000
vn 0.0000 -1.0000 0.0000
vn 0.0000 -1.0000 -0.0000
vn -0.0000 -1.0000 0.0000
vn 0.0000 -1.0000 0.0000
vn 0.0000 -1.0000 0.0000
vn 0.0000 -1.0000 0.0000
vn 0.0000 -1.0000 0.0000
vn 0.0000 -1.0000 0.0000
vn 0.0000 -1.0000 0.0000
vn 0.0000 -1.0000 0.0000
vn 0.0000 -1.0000 0.0000
vn 0.0000 -1.0000 0.0000
vn 0.0000 -1.0000 0.0000
vn 0.0000 -1.0000 0.0000
vn 0.0000 -1.0000 0.0000
vn 0.0000 -1.0000 0.0000
vn 0.0000 -1.0000 0.0000
vn -0.0000 -1.0000 0.0000
vn 0.0000 -1.0000 0.0000
vn -0.0000 -1.0000 0.0000
vn 0.0000 -1.0000 0.0000
vn 0.0000 -1.0000 0.0000
vn 0.0000 -1.0000 -0.0000
vn 0.0000 -1.0000 0.0000
vn 0.0000 -1.0000 0.0000
vn -0.0000 -1.0000 0.0000
vn 0.0000 -1.0000 0.0000
vn 0.0000 -1.0000 0.0000
vn 0.0000 -1.0000 0.0000
vn -0.4740 0.0000 0.8805
vn -0.4740 0.0000 0.8805
vn -0.7531 0.0000 0.6580
vn -0.7531 0.0000 0.6580
vn -0.9517 0.0000 0.3069
vn -0.9517 0.0000 0.3069
vn 0.0000 1.0000 0.0000
vn 0.0000 1.0000 -0.0000
vn 0.0000 1.0000 0.0000
vn 0.0000 1.0000 -0.0000
vn 0.0000 1.0000 0.0000
vn 0.0000 1.0000 0.0000
vn 0.0000 1.0000 0.0000
vn 0.0000 1.0000 0.0000
vn 0.0000 1.0000 0.0000
vn 0.0000 1.0000 0.0000
vn 0.0000 1.0000 0.0000
vn 0.0000 1.0000 -0.0000
vn 0.0000 1.0000 0.0000
vn 0.0000 1.0000 -0.0000
vn 0.0000 1.0000 0.0000
vn 0.0000 1.0000 -0.0000
vn 0.0000 1.0000 0.0000
vn -0.0000 1.0000 -0.0000
vn 0.0000 1.0000 -0.0000
vn 0.0000 1.0000 0.0000
vn 0.0000 1.0000 0.0000
vn 0.0000 1.0000 -0.0000
vn 0.0000 1.0000 0.0000
vn 0.0000 1.0000 0.0000
vn 0.0000 1.0000 -0.0000
vn 0.0000 1.0000 0.0000
vn -0.0000 1.0000 0.0000
vn 0.0000 1.0000 0.0000
vn -0.0000 1.0000 0.0000
vn 0.0000 1.0000 0.0000
vn -0.0000 1.0000 0.0000
vn 0.0000 1.0000 0.0000
vn -0.0000 1.0000 -0.0000
vn 0.0000 1.0000 0.0000
vn -0.0000 1.0000 -0.0000
vn 0.0000 1.0000 0.0000
vn 0.0000 1.0000 0.0000
vn 0.0000 1.0000 0.0000
vn 0.0000 1.0000 0.0000
vn 0.0325 -0.9939 -0.1052
vn 0.0258 -0.9925 -0.1196
vn 0.0333 -0.9923 -0.1191
vn 0.0141 -0.9995 -0.0281
vn 0.0048 -0.9992 -0.0393
vn 0.0131 -0.9996 -0.0253
vn 0.0052 -0.9994 -0.0338
vn 0.0101 -0.9996 -0.0259
vn 0.0088 -0.9996 -0.0282
vn 0.0068 -0.9995 -0.0300
vn 0.0229 -0.9997 -0.0067
vn 0.0057 -0.9961 -0.0878
vn 0.0324 -0.9981 -0.0517
vn 0.0239 -0.9955 -0.0921
vn 0.0291 -0.9943 -0.1027
vn 0.0315 -0.9931 -0.1126
vn 0.0353 -0.9937 -0.1065
vn 0.0230 -0.9952 -0.0955
vn 0.0279 -0.9958 -0.0868
vn 0.0191 -0.9967 -0.0792
vn 0.0193 -0.9967 -0.0788
vn 0.0203 -0.9975 -0.0674
vn 0.0207 -0.9976 -0.0662
vn 0.0109 -0.9981 -0.0601
vn 0.0161 -0.9984 -0.0534
vn 0.0109 -0.9991 -0.0420
vn 0.0093 -0.9990 -0.0446
vn -0.4035 -0.0153 0.9148
vn -0.4034 -0.0153 0.9149
vn -0.9817 0.0117 0.1900
vn -0.9834 0.0090 0.1812
vn 0.0000 -1.0000 0.0000
vn 0.0220 -0.9974 0.0679
vn 0.0095 -0.9961 0.0874
vn -0.0059 -0.9953 0.0963
vn 0.0785 -0.9947 0.0665
vn 0.0000 -1.0000 0.0000
vn 0.0572 -0.9964 0.0621
vn 0.0289 -0.9948 0.0978
vn -0.0192 -0.9997 0.0120
vn -0.0220 -0.9996 -0.0198
vn 0.0000 -1.0000 0.0000
vn -0.0043 -0.9999 -0.0154
vn 0.0134 -0.9992 -0.0385
vn -0.0715 -0.9970 0.0292
vn 0.0562 -0.9982 -0.0194
vn 0.0517 -0.9984 0.0240
vn -0.0167 -0.9969 0.0769
vn -0.0214 -0.9985 0.0499
vn -0.0630 -0.9903 0.1242
vn -0.0942 -0.9947 -0.0405
vn -0.0516 -0.9980 -0.0354
vn -0.0524 -0.9981 -0.0337
vn -0.0769 -0.9970 0.0059
vn -0.0858 -0.9951 -0.0486
vn -0.0137 -0.9999 0.0034
vn -0.0354 -0.9990 -0.0256
vn -0.0151 -0.9999 0.0013
vn 0.0021 -0.9996 0.0293
vn -0.0156 -0.9989 0.0448
vn -0.0100 -0.9991 0.0409
vn -0.0176 -0.9992 0.0348
vn -0.0003 -0.9996 0.0281
vn -0.0107 -0.9998 0.0153
vn 0.0174 -0.9997 0.0142
vn 0.0133 -0.9999 0.0030
vn 0.0105 -0.9999 0.0024
vn -0.0025 -0.9966 -0.0824
vn 0.0412 -0.9991 0.0050
vn -0.0310 -0.9987 0.0399
vn -0.0075 -0.9989 0.0459
vn -0.0081 -0.9989 0.0461
vn 0.0149 -0.9988 0.0465
vn -0.0717 -0.9962 0.0490
vn -0.0092 -0.9997 0.0233
vn 0.0041 -0.9998 0.0189
vn 0.0893 -0.9952 0.0393
vn -0.0203 -0.9994 0.0273
vn 0.0308 -0.9993 0.0202
vn 0.0102 -0.9997 0.0223
vn -0.0928 -0.9948 0.0426
vn -0.1509 -0.9873 0.0502
vn 0.0000 -1.0000 0.0000
vn -0.1374 -0.9905 0.0091
vn -0.5856 -0.8031 -0.1102
vn -0.5886 -0.8018 -0.1035
vn 0.0000 -1.0000 0.0000
vn 0.0000 -1.0000 0.0000
vn 0.0000 -1.0000 0.0000
vn -0.0573 -0.9934 0.0991
vn -0.0461 -0.9985 0.0280
vn 0.0000 -1.0000 0.0000
vn 0.0000 -1.0000 0.0000
vn 0.0000 -1.0000 0.0000
vn 0.0000 -1.0000 0.0000
vn 0.0000 -1.0000 0.0000
vn 0.0000 -1.0000 0.0000
vn 0.0000 -1.0000 0.0000
vn 0.0000 -1.0000 0.0000
vn -0.0000 -1.0000 0.0000
vn 0.0000 -1.0000 0.0000
vn 0.0000 -1.0000 0.0000
vn 0.0000 -1.0000 0.0000
vn 0.0000 -1.0000 -0.0000
vn 0.0000 -1.0000 0.0000
vn 0.0000 -1.0000 -0.0000
vn 0.0000 -1.0000 0.0000
vn 0.0000 -1.0000 -0.0000
vn 0.0000 1.0000 0.0000
vn 0.0000 1.0000 0.0000
vn 0.0000 1.0000 -0.0000
vn 0.0000 1.0000 -0.0000
vn 0.0000 1.0000 0.0000
vn 0.0000 1.0000 0.0000
vn -0.0000 1.0000 0.0000
vn 0.0000 1.0000 0.0000
vn 0.0000 1.0000 0.0000
vn 0.0000 1.0000 0.0000
vn 0.0000 1.0000 0.0000
vn 0.0000 1.0000 0.0000
vn 0.0000 1.0000 0.0000
vn 0.0000 1.0000 0.0000
vn 0.0000 1.0000 0.0000
vn -0.0000 1.0000 0.0000
vn 0.0000 1.0000 0.0000
vn -0.0000 1.0000 0.0000
vn 0.0000 1.0000 0.0000
vn -0.0000 1.0000 0.0000
vn 0.0000 1.0000 -0.0000
vn 0.0000 1.0000 0.0000
vn 0.0000 1.0000 0.0000
vn 0.0000 1.0000 0.0000
vn 0.0000 1.0000 0.0000
vn 0.0000 1.0000 0.0000
vn 0.0000 1.0000 0.0000
vn 0.0000 1.0000 0.0000
vn 0.0000 1.0000 0.0000
vn 0.0000 1.0000 0.0000
vn -0.0000 1.0000 0.0000
vn 0.0000 1.0000 0.0000
vn 0.0000 1.0000 0.0000
vn 0.0000 1.0000 0.0000
vn 0.0000 1.0000 0.0000
vn -0.0000 1.0000 0.0000
vn 0.0000 1.0000 0.0000
vn 0.0000 1.0000 0.0000
vn -0.4367 0.8861 -0.1555
vn -0.8054 0.4922 -0.3302
vn -0.7020 0.5984 -0.3863
vn -0.9498 0.0440 -0.3097
vn 0.2677 -0.0057 -0.9635
vn 0.2694 -0.0000 -0.9630
vn 0.2731 0.0048 -0.9620
vn 0.2520 0.0014 -0.9677
vn 0.2543 -0.0000 -0.9671
vn 0.2670 0.0048 -0.9637
vn 0.2693 0.0132 -0.9630
vn 0.2869 -0.0335 -0.9574
vn 0.2103 0.1076 -0.9717
vn 0.1995 -0.1170 -0.9729
vn 0.3075 0.0677 -0.9491
vn 0.2694 0.0000 -0.9630
vn 0.2694 -0.0000 -0.9630
vn 0.2779 -0.0094 -0.9606
vn 0.2588 0.0208 -0.9657
vn 0.2694 0.0000 -0.9630
vn 0.2694 -0.0000 -0.9630
vn 0.2674 -0.0042 -0.9636
vn 0.5406 0.8406 0.0335
vn 0.8625 0.0881 -0.4983
vn 0.7785 0.4500 0.4375
vn -0.8973 -0.0000 -0.4414
vn -0.9102 -0.0000 -0.4142
vn -0.9148 0.0006 -0.4040
vn -0.9207 -0.0009 -0.3904
vn -0.9250 -0.0000 -0.3800
vn -0.9399 -0.0000 -0.3415
vn -0.9995 0.0300 0.0062
vn -0.9335 0.0047 -0.3584
vn -0.9507 -0.0030 -0.3100
vn -0.9623 0.0031 -0.2719
vn -0.9684 -0.0004 -0.2493
vn -0.9691 -0.0004 -0.2466
vn -0.8968 0.4346 -0.0829
vn -0.9535 -0.0021 -0.3013
vn -0.9719 0.0061 -0.2354
vn -0.9840 0.0000 -0.1783
vn -0.9928 -0.0015 -0.1195
vn -0.9722 -0.0028 -0.2340
vn -0.7001 0.0000 -0.7140
vn -0.6999 0.0002 -0.7143
vn -0.7527 -0.0002 -0.6584
vn -0.7523 -0.0000 -0.6588
vn -0.7795 -0.0000 -0.6264
vn -0.7793 0.0000 -0.6267
vn -0.7915 -0.0000 -0.6111
vn -0.7913 0.0000 -0.6114
vn -0.8221 0.0000 -0.5693
vn -0.8208 0.0010 -0.5712
vn -0.8531 -0.0004 -0.5217
vn -0.8519 -0.0000 -0.5237
vn -0.8740 -0.0000 -0.4859
vn -0.8697 0.0022 -0.4936
vn -0.8932 -0.0020 -0.4496
vn -0.7253 0.6505 -0.2254
vn -0.7767 0.5719 -0.2641
vn -0.7571 0.6084 -0.2380
vn -0.8725 0.4234 -0.2440
vn 0.5330 -0.8110 0.2412
vn 0.7712 -0.0033 0.6366
vn 0.7421 0.0002 0.6703
vn 0.4088 -0.8098 0.4208
vn 0.7165 0.3046 0.6275
vn 0.7422 0.0000 0.6701
vn -0.4025 0.8100 0.4264
vn 0.8373 0.0307 0.5459
vn 0.7422 -0.0000 0.6701
vn 0.7422 0.0000 0.6701
vn 0.7422 0.0000 0.6701
vn 0.7422 -0.0000 0.6701
vn 0.7422 -0.0000 0.6701
vn 0.7422 -0.0000 0.6701
vn 0.7422 -0.0000 0.6701
vn 0.7422 -0.0000 0.6701
vn 0.7422 -0.0000 0.6701
vn 0.7422 -0.0000 0.6701
vn 0.7422 -0.0000 0.6701
vn 0.7422 0.0000 0.6701
vn 0.7422 0.0000 0.6701
vn 0.7422 -0.0000 0.6701
vn 0.7422 -0.0000 0.6701
vn 0.7422 0.0000 0.6701
vn 0.7422 0.0000 0.6701
vn 0.7422 -0.0000 0.6701
vn 0.7422 -0.0000 0.6701
vn 0.3048 -0.0031 0.9524
vn 0.3067 -0.0174 0.9517
vn 0.3069 -0.0163 0.9516
vn 0.7775 0.0666 0.6254
vn 0.7718 0.0007 0.6359
vn 0.7724 -0.0008 0.6352
vn -0.2945 0.7890 -0.5392
vn 0.7775 -0.0001 0.6289
vn 0.7777 -0.0000 0.6286
vn 0.8053 0.0166 0.5926
vn 0.7898 -0.0080 0.6133
vn 0.8140 -0.0052 0.5808
vn 0.7304 -0.2259 0.6446
vn 0.7718 -0.0004 0.6359
vn 0.7723 0.0011 0.6352
vn 0.7491 -0.0000 0.6624
vn 0.7491 -0.0000 0.6624
vn 0.7605 -0.0000 0.6493
vn 0.7605 -0.0000 0.6493
vn 0.7711 -0.0000 0.6367
vn 0.7716 -0.0002 0.6361
vn 0.7776 -0.0000 0.6287
vn -0.6681 -0.0000 -0.7440
vn -0.6681 0.0000 -0.7440
vn -0.6681 0.0000 -0.7440
vn -0.6681 0.0000 -0.7440
vn -0.6681 0.0000 -0.7440
vn -0.6681 -0.0000 -0.7440
vn -0.6681 -0.0000 -0.7440
vn -0.6681 -0.0000 -0.7440
vn -0.6681 -0.0000 -0.7440
vn -0.6681 -0.0000 -0.7440
vn -0.6681 -0.0000 -0.7440
vn -0.6681 -0.0000 -0.7440
vn -0.6681 -0.0000 -0.7440
vn -0.6681 -0.0000 -0.7440
vn -0.9588 0.0000 -0.2841
vn -0.9356 0.0000 -0.3531
vn -0.9356 -0.0000 -0.3531
vn -0.9356 -0.0000 -0.3531
vn -0.9588 -0.0000 -0.2841
vn -0.8785 -0.0036 -0.4777
vn -0.9356 0.0000 -0.3531
vn -0.9356 0.0000 -0.3531
vn -0.8938 0.0000 -0.4485
vn -0.8935 0.0002 -0.4490
vn -0.8759 0.0002 -0.4824
vn -0.6969 -0.0000 -0.7171
vn -0.6981 -0.0003 -0.7160
vn -0.7471 0.0003 -0.6647
vn -0.7482 -0.0000 -0.6635
vn -0.7741 0.0000 -0.6331
vn -0.7736 0.0000 -0.6337
vn -0.8033 -0.0002 -0.5955
vn -0.8049 -0.0007 -0.5933
vn -0.8399 0.0004 -0.5428
vn -0.8418 -0.0000 -0.5398
vn -0.8605 -0.0000 -0.5095
vn -0.8965 -0.0052 -0.4429
vn -0.9246 0.0111 -0.3808
vn -0.9588 0.0000 -0.2841
vn -0.9827 -0.0000 -0.1850
vn -0.9827 0.0000 -0.1850
vn -0.9992 -0.0000 -0.0409
vn -0.9992 0.0000 -0.0409
vn -0.9975 0.0000 0.0703
vn -0.9975 0.0000 0.0703
vn -0.9588 0.0000 -0.2841
vn -0.9827 -0.0000 -0.1850
vn -0.9827 0.0000 -0.1850
vn -0.9992 -0.0000 -0.0409
vn -0.9992 0.0000 -0.0409
vn -0.9975 0.0000 0.0703
vn -0.9975 0.0000 0.0703
vn -0.9798 -0.0230 0.1985
vn -0.9308 0.0251 0.3647
vn -0.3930 -0.0148 0.9194
vn -0.3518 -0.0027 0.9361
vn 0.0363 0.9909 -0.1299
vn 0.0363 0.9909 -0.1299
vn 0.0008 1.0000 -0.0028
vn -0.0023 1.0000 -0.0031
vn 0.0003 1.0000 -0.0037
vn 0.0030 1.0000 -0.0065
vn 0.0035 1.0000 -0.0064
vn 0.0020 0.9999 -0.0149
vn 0.0060 0.9999 -0.0136
vn 0.0345 0.9918 -0.1234
vn 0.0345 0.9918 -0.1234
vn 0.0274 0.9948 -0.0981
vn 0.0274 0.9948 -0.0981
vn 0.0203 0.9971 -0.0727
vn 0.0203 0.9971 -0.0727
vn 0.0132 0.9988 -0.0473
vn 0.0132 0.9988 -0.0473
vn 0.0076 0.9996 -0.0271
vn 0.0106 0.9996 -0.0248
vn 0.0050 0.9998 -0.0199
vn -0.5229 0.0013 -0.8524
vn -0.5061 0.0000 -0.8625
vn -0.0917 0.9726 0.2137
vn -0.0313 0.9973 0.0663
vn -0.0880 0.9361 0.3404
vn -0.1600 0.9645 0.2099
vn -0.0684 0.9672 0.2446
vn -0.0601 0.9775 0.2024
vn -0.0758 0.9739 0.2138
vn -0.0685 0.9674 0.2437
vn -0.0699 0.9684 0.2396
vn 0.1997 0.8246 0.5292
vn -0.0224 0.9887 0.1482
vn -0.0909 0.9877 -0.1270
vn -0.0675 0.9717 0.2266
vn -0.0677 0.9718 0.2261
vn -0.0076 0.9996 0.0271
vn -0.0076 0.9996 0.0271
vn -0.0227 0.9964 0.0813
vn -0.0227 0.9964 0.0813
vn -0.0378 0.9901 0.1352
vn -0.0379 0.9901 0.1352
vn -0.0536 0.9800 0.1918
vn -0.0421 0.9793 0.1981
vn -0.0740 0.9784 0.1932
vn -0.0702 0.9769 0.2018
vn -0.0645 0.9774 0.2011
vn -0.0395 0.9841 0.1730
vn -0.0391 0.9841 0.1730
vn -0.0448 0.9889 0.1419
vn -0.0430 0.9890 0.1414
vn -0.0311 0.9917 0.1245
vn -0.0346 0.9915 0.1252
vn -0.0288 0.9945 0.1007
vn -0.0541 0.9934 0.1011
vn -0.0162 0.9953 0.0960
vn -0.0294 0.9976 0.0635
vn -0.0226 0.9978 0.0631
vn -0.0117 0.9987 0.0499
vn -0.0109 0.9987 0.0494
vn -0.0152 0.9997 0.0211
vn 0.0011 0.9997 0.0241
vn -0.0009 1.0000 0.0032
vn 0.0048 0.9998 -0.0173
vn 0.0345 0.9918 -0.1234
vn 0.0345 0.9918 -0.1234
vn 0.0274 0.9948 -0.0981
vn 0.0274 0.9948 -0.0981
vn 0.0203 0.9971 -0.0727
vn 0.0203 0.9971 -0.0727
vn 0.0132 0.9988 -0.0473
vn 0.0132 0.9988 -0.0473
vn 0.0048 0.9998 -0.0173
vn 0.0373 0.9903 -0.1335
vn 0.0314 0.9904 -0.1342
vn 0.0356 0.9912 -0.1274
vn 0.0283 0.9996 0.0013
vn 0.0121 0.9996 -0.0256
vn 0.0092 0.9996 -0.0270
vn 0.0065 0.9995 -0.0301
vn 0.0044 0.9995 -0.0321
vn 0.0088 0.9995 -0.0290
vn 0.0107 0.9992 -0.0396
vn 0.0098 0.9994 -0.0328
vn 0.0122 0.9996 -0.0254
vn 0.0098 0.9990 -0.0437
vn 0.0103 0.9990 -0.0438
vn 0.0199 0.9983 -0.0543
vn 0.0111 0.9983 -0.0577
vn 0.0203 0.9975 -0.0671
vn 0.0172 0.9976 -0.0665
vn 0.0245 0.9969 -0.0748
vn 0.0195 0.9968 -0.0769
vn 0.0277 0.9954 -0.0914
vn 0.0219 0.9953 -0.0945
vn 0.0363 0.9936 -0.1073
vn 0.0311 0.9933 -0.1111
vn 0.0365 0.9933 -0.1095
vn 0.0139 0.9926 -0.1204
vn 0.0333 0.9923 -0.1191
vn 0.0290 0.9943 -0.1025
vn 0.0228 0.9957 -0.0899
vn 0.0243 0.9959 -0.0868
vn 0.0152 0.9984 -0.0542
vn -0.3077 -0.0000 -0.9515
vn -0.3052 0.0031 -0.9523
vn -0.3021 -0.0015 -0.9533
vn 0.1052 0.0034 -0.9944
vn 0.2232 0.0123 -0.9747
vn 0.5038 -0.0010 -0.8638
vn 0.7760 0.0016 -0.6307
vn 0.7577 0.0035 -0.6526
vn 0.9649 -0.0037 -0.2627
vn 0.9721 -0.0018 -0.2345
vn 0.9670 -0.0012 0.2546
vn 0.9634 -0.0024 0.2681
vn 0.8050 0.0010 0.5933
vn 0.7933 0.0092 0.6087
vn 0.7750 0.0027 0.6319
vn 0.7451 -0.0031 0.6669
vn 0.7122 0.0096 0.7020
vn 0.6948 0.0000 0.7192
vn 0.6681 -0.0000 0.7440
vn 0.6681 -0.0000 0.7440
vn 0.6681 -0.0000 0.7440
vn 0.6681 0.0000 0.7440
vn 0.6681 0.0000 0.7440
vn 0.6681 -0.0000 0.7440
vn 0.6681 -0.0000 0.7440
vn 0.6681 0.0000 0.7440
vn 0.7221 -0.0233 0.6914
vn 0.7234 -0.0261 0.6900
vn 0.6816 -0.0000 0.7317
vn 0.8180 -0.0085 0.5752
vn 0.8325 -0.0556 0.5513
vn 0.8070 -0.0196 0.5902
vn 0.7881 0.0000 0.6156
vn 0.7621 0.0000 0.6475
vn 0.9205 0.0000 0.3907
vn 0.9039 -0.0127 0.4276
vn 0.8947 -0.0317 0.4456
vn 0.8758 -0.0000 0.4827
vn 0.8564 0.0000 0.5163
vn 0.9348 -0.0000 0.3551
vn 0.9505 -0.0215 0.3099
vn 0.9521 -0.0169 0.3052
vn 0.9742 0.0144 0.2252
vn 0.9692 0.0000 0.2462
vn 0.8251 0.0000 0.5650
vn 0.8262 -0.0003 0.5634
vn 0.2549 -0.0056 0.9670
vn 0.3049 0.0050 0.9524
vn -0.2688 0.0000 0.9632
vn -0.2676 -0.0024 0.9635
vn -0.5187 0.0013 0.8550
vn -0.5273 0.0000 0.8497
vn -0.8920 -0.0028 0.4520
vn -0.8789 -0.0065 0.4770
vn -0.9723 -0.0008 -0.2336
vn -0.9717 -0.0014 -0.2363
vn -0.7426 0.0066 -0.6697
vn -0.7427 0.0059 -0.6696
vn -0.7485 -0.0038 -0.6632
vn -0.7421 0.0020 -0.6703
vn -0.7385 -0.0011 -0.6743
vn -0.7421 0.0018 -0.6703
vn -0.7421 0.0018 -0.6703
vn -0.7421 0.0022 -0.6702
vn -0.7422 0.0025 -0.6702
vn -0.7424 0.0066 -0.6700
vn -0.7421 0.0098 -0.6702
vn -0.7423 0.0078 -0.6700
vn -0.0000 1.0000 -0.0000
vn 0.0000 1.0000 0.0000
vn -0.0000 1.0000 -0.0000
vn 0.0000 1.0000 0.0000
vn 0.0000 1.0000 0.0000
vn 0.0000 1.0000 0.0000
vn 0.0000 1.0000 0.0000
vn 0.0000 1.0000 0.0000
vn 0.0000 1.0000 -0.0000
vn 0.0000 1.0000 -0.0000
vn 0.0000 1.0000 0.0000
vn 0.0000 1.0000 0.0000
vn 0.0000 1.0000 0.0000
vn 0.0000 1.0000 0.0000
vn 0.0000 1.0000 0.0000
vn 0.0000 1.0000 0.0000
vn -0.0000 1.0000 0.0000
vn -0.0000 1.0000 0.0000
vn -0.0000 1.0000 0.0000
vn 0.0712 -0.9970 -0.0294
vn 0.0068 -0.8643 0.5029
vn -0.0737 -0.7184 0.6917
vn -0.1063 -0.5117 0.8525
vn -0.0426 -0.7164 0.6964
vn -0.0277 -0.8949 0.4454
vn 0.0333 -0.9955 0.0892
vn 0.0315 -0.9988 0.0388
vn -0.0156 -0.9724 0.2326
vn -0.0541 -0.8958 0.4411
vn -0.0350 -0.9305 0.3647
vn -0.1217 -0.5123 0.8501
vn -0.1248 -0.4972 0.8586
vn 0.3641 -0.4000 0.8411
vn 0.4204 -0.4672 0.7778
vn -0.0952 -0.9795 -0.1774
vn 0.0214 -0.9980 -0.0599
vn -0.0404 -0.9823 -0.1827
vn -0.0259 -0.9649 -0.2613
vn -0.0211 -0.9837 -0.1787
vn -0.0599 -0.9930 -0.1021
vn -0.0203 -0.9817 -0.1895
vn -0.0286 -0.9774 -0.2096
vn -0.0286 -0.9777 -0.2079
vn 0.0827 -0.9691 -0.2322
vn 0.0469 -0.9641 -0.2612
vn 0.0499 -0.9669 -0.2503
vn 0.8945 -0.2795 -0.3490
vn 0.7881 -0.4036 -0.4647
vn 0.8091 -0.2172 0.5460
vn 0.7259 -0.3030 0.6174
vn 0.8078 -0.3040 0.5051
vn 0.9963 -0.0834 0.0194
vn 0.6226 -0.5928 0.5108
vn 0.2436 -0.4467 0.8609
vn 0.2297 -0.4602 0.8576
vn 0.2359 -0.8675 0.4380
vn 0.3952 -0.8935 0.2131
vn 0.8601 -0.4133 0.2990
vn -0.0980 -0.8640 -0.4940
vn -0.3510 -0.4252 -0.8343
vn -0.3370 -0.4008 -0.8519
vn 0.1315 -0.9842 -0.1187
vn 0.1751 -0.9837 -0.0408
vn 0.1435 -0.9825 -0.1185
vn 0.1471 -0.9813 -0.1243
vn 0.2039 -0.9606 -0.1890
vn 0.1547 -0.9797 -0.1273
vn 0.1655 -0.9775 -0.1311
vn 0.2430 -0.6268 -0.7403
vn 0.2919 -0.5901 -0.7527
vn 0.6526 -0.4225 -0.6290
vn 0.0493 -0.9954 -0.0827
vn 0.1028 -0.9839 -0.1462
vn 0.0986 -0.9872 -0.1255
vn 0.1415 -0.9734 -0.1803
vn 0.0741 -0.9929 -0.0928
vn 0.1064 -0.9890 -0.1026
vn 0.1100 -0.9888 -0.1013
vn 0.0692 -0.9940 -0.0852
vn 0.0417 -0.9961 -0.0780
vn 0.0417 -0.9961 -0.0781
vn 0.0118 -0.9974 -0.0709
vn 0.0021 -0.9949 -0.1006
vn 0.0120 -0.9754 -0.2200
vn -0.0945 -0.9927 -0.0748
vn 0.0148 -0.9960 -0.0880
vn -0.0251 -0.9929 -0.1162
vn 0.0034 -0.9907 -0.1364
vn -0.0019 -0.9754 -0.2206
vn -0.0268 -0.9930 -0.1147
vn -0.0109 -0.9966 -0.0820
vn -0.0091 -0.9974 -0.0715
vn 0.0078 -0.9988 -0.0481
vn 0.0075 -0.9987 -0.0499
vn 0.0340 -0.9987 -0.0367
vn 0.0212 -0.9972 -0.0719
vn 0.0634 -0.9964 -0.0558
vn 0.0480 -0.9937 -0.1012
vn 0.0793 -0.9923 -0.0952
vn 0.0869 -0.9887 -0.1221
vn -0.1486 -0.9739 -0.1715
vn 0.0196 -0.9859 -0.1664
vn -0.4472 -0.8080 -0.3836
vn -0.3537 -0.8555 -0.3781
vn -0.2156 -0.9247 -0.3136
vn -0.3129 -0.9008 -0.3012
vn -0.7417 -0.4320 -0.5131
vn -0.7967 -0.1978 -0.5711
vn -0.8043 -0.2700 -0.5294
vn -0.6384 -0.5529 -0.5355
vn -0.7003 -0.5630 -0.4389
vn 0.0025 -0.9467 -0.3220
vn -0.7527 -0.4490 -0.4815
vn -0.3634 -0.8952 -0.2579
vn -0.4851 -0.8140 -0.3196
vn -0.4627 -0.8275 -0.3180
vn 0.0515 -0.9821 -0.1811
vn -0.1038 -0.9902 0.0935
vn -0.1532 -0.8816 0.4466
vn 0.0275 -0.9989 -0.0379
vn -0.1060 -0.8847 0.4539
vn -0.1581 -0.4808 0.8625
vn -0.1530 -0.4455 0.8821
vn -0.2080 -0.7012 0.6819
vn -0.1809 -0.4792 0.8589
vn -0.6184 -0.7854 0.0252
vn -0.4461 -0.6675 0.5962
vn -0.5973 -0.7984 0.0753
vn -0.5308 -0.3041 0.7910
vn -0.8657 -0.4959 0.0678
vn -0.8990 -0.2081 0.3854
vn -0.7102 -0.4144 -0.5691
vn -0.7110 -0.3757 -0.5944
vn -0.2127 -0.9327 -0.2914
vn 0.1299 -0.9912 -0.0256
vn -0.1847 -0.9418 -0.2810
vn -0.6893 -0.2795 -0.6684
vn -0.4218 -0.7802 -0.4619
vn -0.3308 -0.8504 -0.4091
vn -0.1871 -0.9359 -0.2986
vn -0.6836 -0.4824 -0.5477
vn -0.7599 -0.3603 -0.5411
vn -0.6664 -0.3394 -0.6639
vn -0.7086 -0.3807 -0.5942
vn -0.5315 -0.6875 -0.4949
vn -0.5443 -0.6900 -0.4771
vn -0.5014 -0.7428 -0.4437
vn -0.3278 -0.0102 -0.9447
vn -0.3408 -0.0124 -0.9400
vn -0.3788 -0.0417 -0.9245
vn -0.3780 -0.0280 -0.9254
vn -0.3592 -0.0467 -0.9321
vn 0.2682 -0.7607 -0.5911
vn -0.2949 -0.4624 0.8362
vn 0.0842 -0.7583 -0.6465
vn 0.1108 -0.4832 -0.8685
vn 0.1530 -0.3958 -0.9055
vn 0.2853 -0.2422 -0.9273
vn 0.2322 -0.4001 -0.8866
vn 0.1560 -0.9002 -0.4065
vn 0.8539 0.0008 -0.5204
vn 0.8599 0.0023 -0.5105
vn 0.4112 -0.0000 0.9115
vn 0.4304 0.0018 0.9026
vn -0.6805 0.7303 -0.0604
vn 0.9586 -0.1592 0.2361
vn 0.9580 -0.1596 0.2381
vn 0.5906 -0.8066 -0.0237
vn 0.8342 -0.5513 0.0148
vn 0.2917 -0.9498 -0.1135
vn 0.3069 -0.9453 -0.1108
vn 0.5873 -0.8093 -0.0119
vn 0.6932 -0.7190 0.0501
vn 0.9355 -0.3066 0.1757
vn 0.9128 -0.3737 0.1650
vn 0.4520 -0.8920 0.0073
vn 0.6840 -0.7249 0.0817
vn 0.8839 -0.4074 0.2296
vn 0.8158 -0.5454 0.1925
vn 0.9851 -0.1615 -0.0587
vn 0.9780 -0.1975 -0.0671
vn 0.7870 -0.6098 -0.0938
vn 0.9132 -0.3816 -0.1430
vn 0.7205 -0.6816 -0.1277
vn 0.2390 -0.9559 -0.1706
vn 0.2609 -0.9514 -0.1635
vn 0.4156 -0.8989 -0.1389
vn 0.5879 -0.7945 -0.1521
vn 0.9984 -0.0107 0.0550
vn 0.9621 0.0022 -0.2728
vn 0.9785 -0.0034 -0.2063
vn 0.7930 -0.0044 -0.6092
vn 0.7019 0.0127 -0.7122
vn 0.4271 -0.0020 -0.9042
vn 0.5335 -0.0203 -0.8455
vn 0.7923 -0.0378 -0.6090
vn 0.6501 -0.0044 -0.7599
vn 0.9620 -0.0098 -0.2728
vn 0.9873 -0.0155 -0.1580
vn 0.4723 -0.8035 -0.3623
vn 0.3575 -0.3245 -0.8757
vn 0.8561 -0.3487 -0.3815
vn 0.6513 -0.4322 -0.6237
vn 0.7411 -0.2950 -0.6032
vn 0.9476 -0.1925 -0.2549
vn 0.2952 -0.6587 -0.6921
vn 0.4071 -0.2465 -0.8795
vn 0.1750 -0.3853 -0.9060
vn 0.1547 -0.2851 -0.9459
vn 0.0425 -0.8483 -0.5278
vn 0.1380 -0.4094 -0.9019
vn 0.1022 -0.5392 -0.8360
vn 0.0335 -0.8801 -0.4735
vn 0.0845 -0.7401 -0.6672
vn 0.0983 -0.4511 -0.8870
vn 0.1117 -0.5245 -0.8441
vn 0.0789 -0.9215 -0.3802
vn 0.0657 -0.9508 -0.3027
vn 0.1173 -0.6271 -0.7700
vn 0.1275 -0.7403 -0.6601
vn 0.1543 -0.2892 -0.9447
vn 0.1469 -0.2649 -0.9530
vn 0.1251 -0.9036 -0.4097
vn 0.1478 -0.7734 -0.6165
vn 0.1610 -0.9501 -0.2673
vn 0.1589 -0.6255 -0.7639
vn 0.1790 -0.3646 -0.9138
vn 0.1627 -0.8768 -0.4524
vn 0.1737 -0.7757 -0.6067
vn 0.1963 -0.6611 -0.7242
vn 0.1805 -0.3922 -0.9020
vn 0.0426 -0.0737 -0.9964
vn -0.0976 -0.8327 -0.5451
vn -0.2976 -0.4528 -0.8405
vn -0.1247 -0.3138 -0.9413
vn -0.0302 -0.3953 -0.9181
vn -0.1009 -0.4470 -0.8888
vn -0.2872 -0.3192 -0.9031
vn -0.3609 0.0056 -0.9326
vn -0.3084 -0.0127 -0.9512
vn -0.6628 -0.0287 -0.7482
vn -0.6443 -0.0681 -0.7617
vn -0.7325 -0.1137 -0.6712
vn -0.6903 -0.0602 -0.7210
vn -0.3541 -0.0494 -0.9339
vn -0.3058 -0.0352 -0.9514
vn 0.0241 -0.0134 -0.9996
vn -0.5641 -0.1270 -0.8159
vn -0.3482 -0.0939 -0.9327
vn -0.5071 -0.0948 -0.8567
vn 0.0151 -0.0227 -0.9996
vn 0.0332 -0.0209 -0.9992
vn 0.4597 -0.8853 -0.0696
vn 0.4089 -0.9080 -0.0908
vn 0.3973 -0.9133 -0.0896
vn 0.7587 -0.6496 -0.0488
vn 0.7234 -0.6889 -0.0465
vn 0.9964 -0.0806 0.0265
vn 0.9992 0.0012 0.0409
vn 0.9629 -0.2673 0.0371
vn 0.2652 -0.9606 -0.0833
vn 0.8446 -0.5338 0.0405
vn 0.7211 -0.6926 -0.0158
vn 0.9709 -0.2363 0.0382
vn 0.9714 -0.2356 0.0287
vn 0.9233 -0.3841 -0.0047
vn 0.1301 -0.9885 0.0776
vn -0.0290 -0.8561 0.5161
vn -0.0273 -0.8851 0.4646
vn 0.1026 -0.8865 0.4513
vn 0.0864 -0.8709 0.4839
vn -0.0123 -0.5979 0.8015
vn -0.0166 -0.4500 0.8929
vn -0.1109 -0.2126 0.9708
vn -0.1198 -0.6117 0.7819
vn -0.0780 -0.6893 0.7202
vn -0.1237 -0.2145 0.9689
vn -0.6256 -0.0165 0.7800
vn -0.7676 -0.0302 0.6402
vn -0.9975 -0.0027 0.0710
vn -0.9032 -0.3118 -0.2950
vn -0.2690 -0.9361 -0.2266
vn -0.4283 -0.8762 -0.2209
vn -0.2974 -0.9318 -0.2083
vn -0.8427 -0.4497 -0.2959
vn -0.9079 -0.3091 -0.2832
vn -0.9460 0.1873 -0.2644
vn -0.8317 -0.4426 -0.3353
vn -0.8418 -0.4242 -0.3337
vn -0.4194 -0.8713 -0.2549
vn -0.1840 -0.9567 -0.2256
vn 0.1735 -0.8708 -0.4601
vn 0.1751 -0.8688 -0.4633
vn 0.2450 -0.3689 -0.8966
vn 0.2665 -0.4430 -0.8560
vn 0.4246 -0.5710 -0.7026
vn 0.7008 -0.0032 -0.7134
vn 0.7228 0.0034 -0.6911
vn 0.7698 -0.0190 -0.6380
vn 0.7008 0.0003 -0.7134
vn -0.3527 0.0029 -0.9357
vn -0.3799 -0.0007 -0.9250
vn 0.9936 -0.1024 0.0474
vn 0.9137 -0.3858 0.1279
vn 0.9901 -0.1184 0.0751
vn 0.5920 -0.1330 0.7949
vn 0.5792 -0.1559 0.8001
vn 0.6648 -0.5176 0.5386
vn 0.5944 -0.6049 0.5300
vn 0.9400 -0.3266 0.0987
vn 0.1957 -0.4181 0.8871
vn 0.1659 -0.3765 0.9114
vn 0.2172 -0.8133 0.5398
vn 0.3672 -0.8616 0.3504
vn -0.0655 -0.9588 0.2765
vn -0.0460 -0.9698 0.2394
vn -0.0536 -0.9307 0.3618
vn -0.1628 -0.4972 0.8522
vn -0.1221 -0.6167 0.7777
vn -0.0648 -0.9597 0.2735
vn -0.1236 -0.7857 0.6061
vn -0.1336 -0.6166 0.7758
vn -0.8867 -0.4607 -0.0392
vn -0.9027 -0.4280 0.0450
vn -0.2772 -0.5850 0.7622
vn -0.2866 -0.7806 0.5554
vn -0.8149 -0.4684 0.3415
vn -0.5841 -0.7024 0.4068
vn -0.3795 -0.7024 0.6021
vn -0.3456 -0.7209 0.6007
vn -0.6539 -0.3159 0.6875
vn -0.5664 0.1331 0.8133
vn -0.2810 -0.2193 0.9343
vn -0.8871 -0.0757 -0.4553
vn -0.8930 -0.0156 -0.4499
vn -0.8969 -0.0260 -0.4415
vn -0.8683 -0.1015 -0.4856
vn -0.8714 -0.1040 -0.4795
vn -0.7969 -0.1964 -0.5713
vn -0.8854 -0.0543 -0.4617
vn -0.8761 -0.0431 -0.4802
vn -0.8703 -0.1018 -0.4820
vn -0.8563 -0.1074 -0.5051
vn -0.8458 -0.1152 -0.5210
vn -0.8473 -0.1080 -0.5200
vn -0.8545 -0.1294 -0.5031
vn -0.8662 -0.0768 -0.4938
vn -0.8702 -0.0876 -0.4849
vn -0.8786 -0.0274 -0.4767
vn -0.8549 0.0178 -0.5185
vn -0.4920 -0.0499 0.8691
vn -0.9942 -0.0357 0.1011
vn -0.9846 -0.0220 0.1732
vn -0.7654 -0.0236 0.6431
vn -0.6370 -0.0090 0.7708
vn -0.5669 0.0219 0.8235
vn -0.2648 -0.0061 0.9643
vn -0.9932 -0.1155 0.0128
vn -0.7289 -0.2137 -0.6504
vn 0.6629 0.0147 -0.7485
vn -0.9790 -0.0811 0.1870
vn -0.7535 -0.1244 0.6456
vn -0.7669 -0.1258 0.6293
vn -0.7489 -0.1283 0.6502
vn -0.9966 -0.0627 0.0543
vn -0.9989 -0.0002 -0.0464
vn -0.9818 -0.0379 0.1863
vn -0.7773 -0.0183 0.6289
vn -0.7659 -0.0140 0.6429
vn -0.4942 -0.0255 0.8690
vn -0.2751 -0.0088 0.9614
vn -0.2604 -0.0104 0.9654
vn -0.1670 0.0000 0.9860
vn -0.1558 -0.0000 0.9878
vn -0.1720 0.1031 0.9797
vn -0.1534 -0.0071 0.9881
vn -0.1546 -0.0047 0.9880
vn -0.2032 -0.0604 0.9773
vn -0.1658 0.0938 0.9817
vn -0.4935 -0.0381 0.8689
vn -0.9349 -0.2079 -0.2876
vn -0.9065 -0.1790 0.3824
vn -0.9505 -0.2531 0.1804
vn -0.9497 -0.0438 0.3100
vn -0.9418 -0.0323 0.3346
vn -0.5224 -0.0191 0.8525
vn -0.5823 -0.1080 0.8058
vn -0.9540 -0.1430 -0.2636
vn -0.9464 -0.1320 0.2948
vn -0.9805 -0.0890 0.1754
vn -0.5833 -0.0752 0.8087
vn -0.4992 -0.0435 0.8654
vn -0.8266 -0.0624 -0.5593
vn -0.8013 -0.2170 -0.5575
vn -0.7932 -0.1999 -0.5753
vn -0.7671 -0.2140 -0.6048
vn -0.7803 -0.1869 -0.5968
vn -0.7482 -0.2001 -0.6325
vn -0.7769 -0.1380 -0.6143
vn -0.7366 -0.1454 -0.6606
vn -0.6982 -0.2225 -0.6805
vn -0.7201 -0.0307 -0.6932
vn -0.7907 -0.0561 -0.6096
vn -0.8070 -0.1797 -0.5626
vn -0.7740 -0.1796 -0.6071
vn -0.7717 -0.1654 -0.6141
vn -0.7545 -0.1649 -0.6353
vn -0.7458 -0.1211 -0.6551
vn -0.7396 -0.1208 -0.6621
vn -0.7188 -0.0459 -0.6937
vn -0.8017 -0.1994 -0.5634
vn -0.8047 -0.1315 -0.5789
vn -0.7766 -0.1314 -0.6161
vn -0.7744 -0.1209 -0.6210
vn -0.7459 -0.1203 -0.6551
vn -0.7382 -0.0881 -0.6688
vn -0.6972 -0.0864 -0.7117
vn -0.6933 -0.0112 -0.7205
vn -0.6997 -0.0301 -0.7138
vn -0.7378 -0.0317 -0.6742
vn -0.7409 -0.0419 -0.6704
vn -0.7795 -0.0430 -0.6249
vn -0.7804 -0.0462 -0.6236
vn -0.8288 -0.0466 -0.5575
vn -0.8279 -0.0427 -0.5592
vn 0.2567 -0.0158 -0.9664
vn 0.1959 -0.0086 -0.9806
vn 0.2311 0.0101 -0.9729
vn 0.2843 -0.0013 -0.9587
vn 0.9471 -0.0074 0.3210
vn 0.9671 -0.0031 0.2545
vn 0.9614 0.0115 0.2750
vn 0.9622 0.0143 0.2720
vn 0.9622 0.0144 0.2718
vn 0.9987 -0.0100 -0.0497
vn 0.9992 -0.0053 -0.0391
vn 0.9954 -0.0024 -0.0955
vn 0.4950 -0.0019 0.8689
vn 0.5425 0.0075 0.8400
vn 0.9985 -0.0173 0.0525
vn 0.9626 -0.0027 0.2709
vn 0.9489 -0.0088 0.3155
vn 0.9489 0.0100 0.3155
vn 0.5869 -0.0223 0.8093
vn 0.4949 -0.0037 0.8689
vn 0.1552 0.0013 -0.9879
vn 0.1656 -0.0189 -0.9860
vn 0.1558 0.0000 -0.9878
vn 0.1550 0.0148 -0.9878
vn 0.1545 0.0000 -0.9880
vn 0.1606 -0.0191 -0.9868
vn 0.1550 0.0033 -0.9879
vn 0.1660 0.0224 -0.9859
vn 0.1485 0.0119 -0.9888
vn 0.0889 -0.1734 -0.9808
vn 0.1543 0.0184 -0.9879
vn 0.1150 0.0324 -0.9928
vn 0.1650 -0.0049 -0.9863
vn 0.2615 0.0982 -0.9602
vn 0.1558 0.0000 -0.9878
vn 0.1558 0.0000 -0.9878
vn 0.1558 -0.0000 -0.9878
vn 0.1558 0.0000 -0.9878
vn 0.1558 -0.0000 -0.9878
vn 0.1230 -0.0394 -0.9916
vn 0.1747 0.0372 -0.9839
vn 0.9994 -0.0158 0.0292
vn 0.9991 -0.0100 0.0416
vn 0.9970 -0.0099 0.0765
vn 0.9988 -0.0024 0.0484
vn 0.9993 -0.0095 0.0352
vn 0.9995 -0.0126 0.0288
vn 0.9994 -0.0094 0.0336
vn 0.9883 -0.0132 0.1522
vn 0.9985 0.0042 0.0544
vn 0.7626 -0.0356 0.6459
vn 0.9838 -0.0103 0.1791
vn 0.6776 0.0055 0.7354
vn 0.6116 -0.0088 0.7911
vn 0.6116 -0.0047 0.7911
vn -0.1150 0.0152 0.9932
vn -0.1549 -0.0375 0.9872
vn -0.1783 -0.0038 0.9840
vn -0.1435 0.0038 0.9896
vn 0.1588 0.1465 0.9764
vn -0.1574 -0.0391 0.9868
vn -0.9629 -0.0031 -0.2698
vn -0.9564 0.0312 -0.2903
vn -0.9755 -0.0058 -0.2198
vn 0.2654 -0.0045 -0.9641
vn 0.2696 0.0001 -0.9630
vn 0.2603 -0.0058 -0.9655
vn 0.2767 -0.0078 -0.9609
vn -0.1564 -0.0025 0.9877
vn -0.1258 0.0107 0.9920
vn -0.1415 0.0000 0.9899
vn -0.1408 -0.0124 0.9900
vn -0.1335 -0.0073 0.9910
vn -0.1514 -0.0439 0.9875
vn -0.1031 -0.0429 0.9937
vn -0.1613 -0.0129 0.9868
vn -0.0590 -0.1190 0.9911
vn -0.1576 -0.0016 0.9875
vn -0.1644 0.0071 0.9864
vn -0.1381 -0.0457 0.9894
vn -0.1391 -0.0453 0.9892
vn -0.1229 -0.0322 0.9919
vn -0.4379 -0.1720 0.8824
vn 0.0676 0.1288 0.9894
vn -0.2832 -0.2114 0.9355
vn -0.1558 0.0000 0.9878
vn -0.1558 -0.0000 0.9878
vn -0.1558 -0.0000 0.9878
vn -0.1558 0.0000 0.9878
vn -0.1653 -0.0350 0.9856
vn -0.1558 -0.0132 0.9877
vn -0.1558 -0.0132 0.9877
vn -0.1544 -0.0179 0.9878
vn -0.1322 -0.0432 0.9903
vn -0.4800 -0.0000 -0.8773
vn -0.8683 0.0784 -0.4898
vn -0.6994 0.0989 -0.7078
vn -0.5433 0.0550 -0.8378
vn 0.0184 0.0410 -0.9990
vn 0.0738 0.0250 -0.9970
vn 0.7193 0.0410 -0.6935
vn 0.7551 0.0224 -0.6553
vn 0.9967 0.0322 0.0748
vn 0.9926 0.0192 0.1199
vn 0.7622 0.0426 0.6459
vn 0.6697 0.0000 0.7427
vn -0.0572 0.0000 0.9984
vn -0.0738 -0.0052 0.9973
vn -0.7559 0.0075 0.6547
vn -0.7552 0.0079 0.6554
vn -0.9994 -0.0043 0.0352
vn -0.9986 0.0000 0.0529
vn -0.6186 -0.0000 -0.7857
vn -0.8672 0.0937 -0.4891
vn -0.8462 0.0930 -0.5247
vn -0.5441 0.0000 -0.8390
vn -0.0920 -0.0000 -0.9958
vn -0.0920 0.0000 -0.9958
vn 0.7260 0.0000 -0.6877
vn 0.3796 0.0742 -0.9222
vn 0.6449 0.0847 -0.7596
vn 0.7460 0.0568 -0.6635
vn 0.9696 0.0439 -0.2408
vn 0.9837 0.0271 -0.1779
vn 0.9535 0.0328 0.2995
vn 0.9127 0.0000 0.4086
vn 0.2048 0.0000 0.9788
vn 0.5429 0.0656 0.8372
vn 0.1352 0.0784 0.9877
vn -0.0738 0.0211 0.9971
vn -0.6728 0.0447 0.7385
vn -0.7553 0.0000 0.6554
vn -0.9986 0.0000 0.0529
vn -0.9986 0.0000 0.0529
vn 0.9632 -0.0061 0.2688
vn 0.9630 -0.0082 0.2694
vn -0.0399 -0.9992 0.0040
vn 0.0002 -1.0000 -0.0023
vn 0.1331 -0.9898 -0.0517
vn -0.0182 -0.9998 0.0006
vn 0.1219 -0.9919 0.0350
vn 0.0000 -1.0000 0.0000
vn 0.0429 -0.9988 -0.0217
vn 0.0136 -0.9997 0.0222
vn 0.0041 -1.0000 -0.0060
vn -0.0895 -0.9936 0.0696
vn -0.0870 -0.9962 -0.0002
vn -0.0003 -1.0000 0.0045
vn -0.0072 -1.0000 0.0031
vn 0.0394 -0.9992 -0.0004
vn 0.0020 -1.0000 -0.0000
vn 0.0000 -1.0000 0.0000
vn -0.0096 -1.0000 -0.0020
vn -0.2091 -0.9779 0.0068
vn 0.0156 -0.9999 0.0026
vn -0.6219 0.0969 -0.7771
vn 0.0000 -1.0000 0.0000
vn -0.9630 0.0000 -0.2694
vn -0.9625 -0.0064 -0.2710
vn -0.0000 -1.0000 0.0000
vn 0.0000 -1.0000 0.0000
vn 0.0000 -1.0000 0.0000
vn 0.0000 -1.0000 0.0000
vn 0.0098 -0.9980 -0.0624
vn -0.6095 -0.5363 0.5839
vn 0.0000 -1.0000 0.0000
vn 0.0000 -1.0000 0.0000
vn 0.0000 -1.0000 0.0000
vn 0.0568 -0.9981 0.0239
vn 0.0176 -0.9829 0.1832
vn 0.0000 -1.0000 0.0000
vn 0.0000 -1.0000 -0.0000
vn 0.0000 -1.0000 -0.0000
vn 0.0000 -1.0000 0.0000
vn 0.0000 -1.0000 0.0000
vn 0.0000 -1.0000 0.0000
vn 0.0000 -1.0000 0.0000
vn 0.0000 -1.0000 0.0000
vn 0.0000 -1.0000 0.0000
vn 0.0000 -1.0000 0.0000
vn -0.0225 -0.9997 -0.0139
vn -0.0076 -0.9983 0.0577
vn 0.0000 -1.0000 -0.0000
vn 0.0000 -1.0000 0.0000
vn 0.0000 -1.0000 -0.0000
vn -0.0000 -1.0000 0.0000
vn 0.0000 -1.0000 -0.0000
vn 0.0000 -1.0000 0.0000
vn 0.0000 -1.0000 0.0000
vn 0.0000 -1.0000 0.0000
vn 0.0000 -1.0000 -0.0000
vn -0.0115 -0.9997 -0.0234
vn -0.0224 -0.9996 -0.0145
vn 0.0000 -1.0000 0.0000
vn 0.0000 -1.0000 0.0000
vn 0.0000 -1.0000 0.0000
vn 0.0000 -1.0000 0.0000
vn 0.7180 0.0000 0.6961
vn 0.8835 0.0838 0.4608
vn 0.7825 0.1614 0.6013
vn 0.7758 0.1680 0.6082
vn 0.7704 0.1679 0.6151
vn 0.8203 0.1694 0.5462
vn 0.7967 0.1867 0.5748
vn 0.7986 0.1920 0.5705
vn 0.7823 0.2076 0.5873
vn 0.7792 0.1984 0.5946
vn 0.7565 0.2161 0.6172
vn 0.8863 0.0298 0.4621
vn 0.8283 0.0453 0.5584
vn 0.8856 0.0314 0.4634
vn 0.8208 0.0643 0.5677
vn 0.8395 0.0431 0.5417
vn 0.8505 0.0431 0.5242
vn 0.8774 0.0591 0.4761
vn 0.8618 0.1048 0.4964
vn 0.8441 0.1050 0.5257
vn 0.8426 0.0842 0.5320
vn 0.8867 0.0339 0.4610
vn 0.9002 0.0185 0.4350
vn 0.9090 0.0185 0.4163
vn 0.8790 0.0652 0.4724
vn 0.8802 0.0473 0.4722
vn 0.9108 0.0469 0.4101
vn 0.9119 0.0216 0.4098
vn 0.9214 0.0000 0.3887
vn 0.7865 0.1035 0.6088
vn 0.7473 -0.0351 0.6635
vn 0.7375 0.0951 0.6686
vn 0.7180 0.0000 0.6961
vn 0.7356 0.0950 0.6708
vn 0.8762 0.0729 0.4763
vn 0.8514 0.1034 0.5142
vn 0.8619 0.1033 0.4964
vn 0.8396 0.1294 0.5275
vn 0.8410 0.1294 0.5253
vn 0.8207 0.1673 0.5463
vn 0.8102 0.1674 0.5618
vn 0.7999 0.1854 0.5708
vn 0.7804 0.1853 0.5972
vn 0.7826 0.1814 0.5955
vn 0.7529 0.1811 0.6327
vn 0.7691 0.1524 0.6207
vn 0.7495 0.1523 0.6443
vn 0.7550 0.1167 0.6452
vn 0.7770 0.1035 0.6210
vn 0.6831 0.0000 0.7304
vn 0.6638 0.0454 0.7465
vn 0.6866 0.0238 0.7267
vn 0.7015 0.0238 0.7123
vn 0.7221 0.0394 0.6907
vn 0.7217 0.0400 0.6910
vn 0.7498 0.0382 0.6606
vn 0.7592 0.0556 0.6484
vn 0.7697 0.0468 0.6367
vn 0.7799 0.0468 0.6242
vn 0.7948 0.0548 0.6044
vn 0.7974 0.0498 0.6014
vn 0.9013 -0.0000 0.4332
vn 0.9013 0.0000 0.4332
vn 0.8735 0.0385 0.4853
vn 0.8753 0.0070 0.4834
vn 0.8579 0.0672 0.5094
vn 0.9054 -0.0000 0.4246
vn 0.9051 0.0131 0.4250
vn 0.8881 0.0590 0.4558
vn 0.8895 0.0384 0.4553
vn 0.8628 0.0730 0.5002
vn 0.8630 0.0717 0.5002
vn 0.8533 0.0882 0.5139
vn 0.8477 0.1053 0.5200
vn 0.8427 0.1082 0.5274
vn 0.8269 0.1420 0.5442
vn 0.8144 0.1409 0.5630
vn 0.7180 0.0000 0.6961
vn 0.6799 0.0716 0.7298
vn 0.7358 0.0721 0.6733
vn 0.7169 0.1110 0.6883
vn 0.7632 0.1116 0.6365
vn 0.7523 0.1329 0.6452
vn 0.7888 0.1332 0.6001
vn 0.7873 0.1360 0.6014
vn 0.8151 0.1361 0.5632
vn 0.8218 0.1227 0.5565
vn 0.8520 0.1225 0.5090
vn 0.8584 0.0490 0.5106
vn 0.8654 0.0350 0.4998
vn -0.9974 0.0030 0.0723
vn -0.9971 0.0043 0.0756
vn -0.9991 0.0038 0.0419
vn -0.9984 0.0096 0.0554
vn -0.9999 0.0053 0.0114
vn -0.9997 0.0099 0.0205
vn -0.9999 0.0083 -0.0102
vn -0.9999 0.0076 -0.0133
vn -0.9994 0.0107 -0.0318
vn -0.9990 0.0070 -0.0448
vn -0.9983 0.0089 -0.0581
vn -0.9964 0.0040 -0.0843
vn -0.9971 0.0095 -0.0757
vn -0.9944 0.0022 -0.1056
vn -0.9939 0.0029 -0.1106
vn -0.9827 -0.0104 -0.1847
vn 0.0000 -1.0000 0.0000
vn -0.0000 -1.0000 0.0000
vn 0.0000 -1.0000 -0.0000
vn 0.0000 -1.0000 0.0000
vn 0.0000 -1.0000 -0.0000
vn 0.0000 -1.0000 0.0000
vn 0.0000 -1.0000 0.0000
vn 0.0000 -1.0000 0.0000
vn 0.0000 -1.0000 0.0000
vn 0.0000 -1.0000 0.0000
vn 0.0000 -1.0000 0.0000
vn 0.0000 -1.0000 0.0000
vn 0.0000 -1.0000 0.0000
vn 0.0000 -1.0000 0.0000
vn -0.0000 -1.0000 0.0000
vn -0.0000 -1.0000 0.0000
vn 0.0000 -1.0000 -0.0000
vn 0.0000 -1.0000 0.0000
vn 0.0000 -1.0000 0.0000
vn -0.0000 -1.0000 0.0000
vn -0.0000 -1.0000 0.0000
vn 0.0000 -1.0000 0.0000
vn 0.0000 -1.0000 0.0000
vn -0.0000 -1.0000 -0.0000
vn 0.0000 -1.0000 0.0000
vn -0.0000 -1.0000 0.0000
vn 0.0000 -1.0000 -0.0000
vn 0.0000 -1.0000 0.0000
vn -0.0000 -1.0000 0.0000
vn 0.9878 -0.0000 0.1558
vn 0.9878 -0.0000 0.1558
vn 0.9356 -0.3207 0.1475
vn 0.9375 -0.3099 0.1583
vn 0.6969 -0.7105 0.0973
vn 0.7083 -0.6970 0.1117
vn 0.2997 -0.9529 0.0473
vn 0.3505 -0.9315 0.0978
vn 0.0951 -0.9954 0.0150
vn 0.0031 -0.9991 -0.0418
vn -0.0009 -0.9999 0.0127
vn -0.3201 -0.9473 -0.0143
vn -0.3879 -0.9183 -0.0795
vn -0.7043 -0.7061 -0.0732
vn -0.7517 -0.6488 -0.1185
vn -0.9412 -0.3034 -0.1484
vn -0.9414 -0.3028 -0.1489
vn -0.9878 -0.0053 -0.1558
vn -0.9878 -0.0054 -0.1556
vn 0.0000 1.0000 0.0000
vn -0.0000 1.0000 0.0000
vn 0.0000 1.0000 0.0000
vn -0.0000 1.0000 0.0000
vn 0.0000 1.0000 0.0000
vn -0.0000 1.0000 0.0000
vn 0.0000 1.0000 0.0000
vn -0.0000 1.0000 0.0000
vn 0.0000 1.0000 0.0000
vn -0.0000 1.0000 0.0000
vn 0.0000 1.0000 0.0000
vn 0.0000 1.0000 -0.0000
vn 0.0000 1.0000 0.0000
vn 0.0000 1.0000 -0.0000
vn 0.0000 1.0000 0.0000
vn 0.0000 1.0000 0.0000
vn 0.0000 1.0000 0.0000
vn 0.0000 1.0000 0.0000
vn 0.0000 1.0000 0.0000
vn 0.0000 1.0000 0.0000
vn 0.0000 1.0000 0.0000
vn 0.0000 1.0000 0.0000
vn 0.0000 1.0000 0.0000
vn 0.0000 1.0000 -0.0000
vn 0.0000 1.0000 0.0000
vn 0.0000 1.0000 0.0000
vn 0.0000 1.0000 0.0000
vn -0.0000 1.0000 0.0000
vn -0.0000 1.0000 0.0000
vn 0.0000 1.0000 0.0000
vn -0.0000 1.0000 0.0000
vn 0.0000 1.0000 0.0000
vn -0.0000 1.0000 0.0000
vn 0.0000 1.0000 0.0000
vn -0.0000 1.0000 0.0000
vn 0.0000 1.0000 0.0000
vn 0.0000 1.0000 -0.0000
vn 0.0000 1.0000 0.0000
vn -0.0000 1.0000 -0.0000
vn 0.0000 1.0000 -0.0000
vn 0.0000 1.0000 0.0000
vn 0.0000 1.0000 0.0000
vn 0.0000 1.0000 0.0000
vn 0.0000 1.0000 0.0000
vn 0.0000 1.0000 0.0000
vn 0.0000 1.0000 0.0000
vn 0.0000 1.0000 0.0000
vn 0.0000 1.0000 -0.0000
vn 0.0000 1.0000 0.0000
vn 0.0000 1.0000 -0.0000
vn 0.0000 1.0000 0.0000
vn 0.0000 1.0000 0.0000
vn -0.1646 0.9847 0.0567
vn -0.4701 0.8808 -0.0556
vn -0.9840 -0.0549 -0.1692
vn -0.9810 0.1630 -0.1051
vn -0.9911 0.1020 -0.0854
vn -0.9861 0.1498 -0.0723
vn -0.9947 0.0862 -0.0566
vn -0.9877 0.1515 -0.0386
vn -0.9959 0.0861 -0.0270
vn -0.9894 0.1448 -0.0052
vn -0.9452 0.3007 0.1276
vn -0.7109 0.6896 0.1382
vn -0.6857 0.7114 0.1540
vn -0.4523 0.8816 0.1353
vn -0.4699 0.8663 0.1696
vn -0.5306 0.8279 0.1819
vn -0.1570 0.9668 0.2018
vn -0.2172 0.9600 0.1767
vn -0.2124 0.9630 0.1658
vn -0.2105 0.9757 0.0609
vn -0.2166 0.9694 0.1157
vn -0.2595 0.9584 0.1188
vn -0.6060 0.7931 0.0609
vn -0.6070 0.7913 0.0735
vn -0.5373 0.8414 0.0577
vn -0.5300 0.8479 0.0073
vn -0.7500 0.6612 0.0176
vn -0.7900 0.6125 0.0273
vn -0.7871 0.6167 -0.0133
vn -0.9761 0.2134 0.0423
vn -0.9989 0.0454 0.0126
vn -0.9885 0.1467 0.0376
vn -0.9888 0.1492 0.0093
vn -0.9420 0.3322 0.0475
vn -0.9413 0.3375 -0.0084
vn -0.9442 0.3290 -0.0131
vn -0.9422 0.3315 -0.0485
vn -0.9539 0.2928 -0.0655
vn -0.9521 0.2936 -0.0858
vn -0.8537 0.5204 -0.0202
vn -0.8363 0.5265 -0.1532
vn -0.9930 0.0770 0.0897
vn -0.9977 0.0387 0.0565
vn -0.9832 0.1645 0.0798
vn -0.9879 0.1504 0.0368
vn -0.9402 0.3347 0.0625
vn -0.9405 0.3365 0.0465
vn -0.8133 0.5817 -0.0102
vn -0.8115 0.5836 -0.0314
vn -0.8426 0.5141 -0.1602
vn -0.2670 0.9535 0.1396
vn -0.1952 0.9671 0.1629
vn -0.4691 0.8749 0.1206
vn -0.4521 0.8827 0.1283
vn -0.5943 0.7949 0.1222
vn -0.7389 0.6706 0.0655
vn -0.7149 0.6941 0.0843
vn -0.8679 0.4761 0.1417
vn -0.2239 0.9457 0.2357
vn 0.8988 0.3626 0.2463
vn -0.5311 0.8324 0.1584
vn -0.7142 0.6829 0.1537
vn -0.6847 0.7074 0.1755
vn -0.8531 0.5122 0.0993
vn -0.8499 0.5036 0.1551
vn -0.4794 0.8759 -0.0549
vn -0.4948 0.8685 0.0293
vn -0.4828 0.8728 0.0720
vn -0.5031 0.8619 0.0636
vn -0.5074 0.8529 0.1234
vn -0.5934 0.7993 0.0946
vn -0.7529 0.6531 0.0815
vn -0.7394 0.6671 0.0907
vn -0.8562 0.5145 0.0468
vn -0.8563 0.5104 0.0791
vn -0.9037 0.4250 0.0522
vn -0.9019 0.4173 0.1113
vn -0.9592 0.2748 0.0671
vn -0.9547 0.2664 0.1330
vn -0.9869 0.1326 0.0919
vn -0.2694 0.0000 0.9630
vn -0.2694 -0.0000 0.9630
vn -0.2694 0.0000 0.9630
vn -0.2694 0.0000 0.9630
vn -0.2694 0.0000 0.9630
vn -0.2694 0.0000 0.9630
vn -0.2693 -0.0172 0.9629
vn -0.2515 -0.0002 0.9679
vn -0.2724 0.0021 0.9622
vn -0.2694 0.0000 0.9630
vn -0.2694 0.0000 0.9630
vn -0.2694 0.0000 0.9630
vn -0.2694 -0.0000 0.9630
vn -0.2694 0.0000 0.9630
vn -0.2694 -0.0000 0.9630
vn -0.2694 0.0000 0.9630
vn -0.2694 0.0000 0.9630
vn -0.1888 0.0964 0.9773
vn -0.2694 -0.0000 0.9630
vn -0.2584 -0.0215 0.9658
vn 0.7643 0.3271 0.5558
vn 0.0662 0.9787 0.1943
vn 0.1225 0.9607 0.2492
vn 0.7511 0.2496 0.6112
vn 0.7329 0.2929 0.6140
vn 0.7779 0.1629 0.6068
vn 0.5680 0.6342 0.5245
vn 0.5636 0.6394 0.5229
vn 0.6969 0.4075 0.5902
vn 0.6871 0.4265 0.5883
vn 0.2852 0.8955 0.3418
vn 0.1798 0.9344 0.3074
vn 0.3536 0.8493 0.3920
vn 0.1693 0.9687 0.1818
vn 0.1574 0.9639 0.2146
vn 0.1646 0.9631 0.2129
vn 0.6593 0.6357 0.4014
vn 0.5373 0.7467 0.3920
vn 0.7241 0.5031 0.4719
vn 0.7165 0.5406 0.4409
vn 0.8066 0.3724 0.4591
vn 0.8234 0.2591 0.5049
vn 0.8566 0.1726 0.4862
vn 0.8261 0.2331 0.5131
vn 0.7555 0.2788 0.5929
vn 0.7528 0.3065 0.5825
vn 0.6633 0.5190 0.5392
vn 0.1698 0.9565 0.2371
vn 0.1761 0.9541 0.2424
vn 0.2485 0.9242 0.2899
vn 0.2531 0.9214 0.2948
vn 0.7650 0.2808 0.5795
vn 0.7601 0.3337 0.5576
vn 0.6711 0.5202 0.5282
vn 0.6537 0.5596 0.5094
vn 0.4864 0.7533 0.4426
vn 0.4557 0.7906 0.4089
vn 0.1959 0.9558 0.2191
vn 0.1986 0.9563 0.2144
vn 0.7689 0.3578 0.5298
vn 0.7777 0.2924 0.5564
vn 0.6664 0.5614 0.4906
vn 0.6789 0.5265 0.5117
vn 0.4706 0.7935 0.3860
vn 0.5239 0.7209 0.4537
vn 0.3614 0.8726 0.3286
vn 0.3671 0.8738 0.3190
vn 0.3744 0.8680 0.3263
vn 0.7999 0.3009 0.5192
vn 0.7995 0.2700 0.5366
vn 0.7076 0.5301 0.4672
vn 0.7110 0.5191 0.4744
vn 0.5550 0.7266 0.4050
vn 0.5559 0.7254 0.4058
vn 0.8608 0.1126 0.4964
vn 0.8291 0.2563 0.4969
vn 0.6931 0.5377 0.4800
vn 0.7134 0.5194 0.4704
vn 0.5782 0.7240 0.3761
vn 0.5734 0.7281 0.3757
vn 0.3935 0.8718 0.2917
vn 0.3863 0.8773 0.2849
vn 0.7547 0.2586 0.6030
vn 0.7504 0.2892 0.5944
vn 0.6980 0.4282 0.5740
vn 0.6570 0.5275 0.5386
vn 0.5776 0.6422 0.5039
vn 0.4869 0.7534 0.4419
vn 0.3589 0.8505 0.3844
vn 0.2454 0.9196 0.3067
vn 0.1523 0.9540 0.2583
vn 0.1007 0.9692 0.2248
vn 0.1558 0.0000 -0.9878
vn 0.1558 0.0000 -0.9878
vn 0.1541 0.0045 -0.9880
vn 0.1558 0.0000 -0.9878
vn 0.1558 0.0000 -0.9878
vn 0.1558 0.0000 -0.9878
vn 0.1558 0.0000 -0.9878
vn 0.1558 -0.0000 -0.9878
vn 0.1558 0.0000 -0.9878
vn 0.1558 0.0000 -0.9878
vn 0.1558 0.0000 -0.9878
vn 0.1558 0.0000 -0.9878
vn 0.1558 0.0000 -0.9878
vn 0.1558 0.0000 -0.9878
vn 0.1558 -0.0000 -0.9878
vn 0.1558 -0.0000 -0.9878
vn 0.1558 0.0000 -0.9878
vn 0.1558 0.0000 -0.9878
vn 0.1558 -0.0000 -0.9878
vn 0.1558 -0.0000 -0.9878
vn 0.1558 -0.0000 -0.9878
vn 0.1558 0.0000 -0.9878
vn 0.1558 -0.0000 -0.9878
vn 0.1558 0.0000 -0.9878
vn 0.1558 -0.0000 -0.9878
vn 0.1578 -0.0030 -0.9875
vn 0.1558 0.0000 -0.9878
vn 0.1558 0.0000 -0.9878
vn 0.1558 -0.0000 -0.9878
vn 0.1558 0.0000 -0.9878
vn 0.1558 0.0000 -0.9878
vn 0.1558 0.0000 -0.9878
vn 0.1558 0.0000 -0.9878
vn 0.1558 -0.0000 -0.9878
vn 0.1558 -0.0000 -0.9878
vn 0.1558 0.0000 -0.9878
vn 0.9426 -0.0251 0.3331
vn 0.9077 0.0031 0.4195
vn 0.7178 -0.0099 0.6962
vn 0.7766 0.0270 0.6294
vn 0.4334 0.0086 0.9011
vn 0.5804 -0.0100 0.8143
vn -0.0214 0.0207 0.9996
vn 0.3311 -0.0171 0.9434
vn -0.0561 0.0078 0.9984
vn -0.6676 -0.0053 0.7445
vn -0.4745 0.0325 0.8796
vn -0.3910 0.0040 0.9204
vn -0.9681 0.0081 0.2505
vn -0.9998 -0.0172 0.0034
vn -0.9542 -0.0045 0.2990
vn -0.8218 0.0038 0.5697
vn -0.8177 0.0017 0.5756
vn -0.9951 0.0087 -0.0982
vn -0.9003 -0.0299 -0.4342
vn -0.8254 0.0508 -0.5622
vn -0.9548 -0.0153 -0.2968
vn -0.4183 -0.0225 -0.9080
vn -0.3848 -0.0037 -0.9230
vn -0.6948 0.0031 -0.7192
vn -0.6825 0.0107 -0.7308
vn 0.3254 -0.0165 -0.9454
vn 0.2562 0.0117 -0.9665
vn -0.0944 -0.0387 -0.9948
vn -0.0417 -0.0031 -0.9991
vn 0.5752 0.0067 -0.8180
vn 0.5778 0.0053 -0.8161
vn 0.8223 0.0116 -0.5689
vn 0.7944 -0.0054 -0.6073
vn 0.9176 -0.0147 -0.3972
vn 0.9680 0.0244 -0.2496
vn 0.9951 0.0105 0.0987
vn 0.9993 -0.0230 -0.0293
vn 0.9505 0.0052 0.3107
vn 0.9505 0.0051 0.3106
vn 0.7383 0.0014 0.6744
vn 0.7178 -0.0065 0.6962
vn 0.4334 0.0178 0.9010
vn 0.3048 -0.0087 0.9524
vn -0.0266 0.0133 0.9996
vn -0.0671 0.0021 0.9977
vn -0.6537 -0.0004 0.7568
vn -0.4794 0.0157 0.8774
vn -0.4353 0.0036 0.9003
vn -0.9681 -0.0004 0.2505
vn -0.9634 -0.0040 0.2680
vn -0.8219 0.0029 0.5697
vn -0.8376 0.0087 0.5462
vn -0.9961 -0.0101 -0.0877
vn -0.9951 -0.0075 -0.0982
vn -0.8436 0.0071 -0.5369
vn -0.8566 -0.0016 -0.5160
vn -0.0944 -0.0160 -0.9954
vn -0.0609 -0.0051 -0.9981
vn -0.5229 -0.0072 -0.8524
vn -0.5078 -0.0008 -0.8615
vn 0.2674 0.0052 -0.9636
vn 0.2562 0.0023 -0.9666
vn 0.5752 0.0059 -0.8180
vn 0.5425 -0.0022 -0.8401
vn 0.8934 -0.0113 -0.4492
vn 0.8223 0.0113 -0.5689
vn 0.7206 -0.0058 -0.6933
vn 0.9905 0.0110 -0.1370
vn 0.9935 0.0036 -0.1142
vn -0.0452 0.9965 0.0703
vn 0.0400 0.9734 0.2258
vn 0.0125 0.9918 0.1274
vn -0.0838 0.9774 0.1943
vn -0.1125 0.9875 0.1101
vn -0.1001 0.9929 0.0638
vn -0.0407 0.9885 0.1454
vn -0.0783 0.9954 0.0550
vn -0.1750 0.9772 0.1200
vn -0.1769 0.9759 0.1279
vn -0.0011 0.9853 0.1708
vn 0.0082 0.9740 0.2265
vn -0.0401 0.9866 0.1583
vn -0.1151 0.9789 0.1689
vn -0.1316 0.9744 0.1823
vn -0.0816 0.9627 0.2581
vn -0.0720 0.9636 0.2574
vn -0.0829 0.9671 0.2406
vn -0.0929 0.9683 0.2318
vn -0.1056 0.9735 0.2030
vn -0.0635 0.9655 0.2527
vn -0.0377 0.9653 0.2582
vn -0.0591 0.9648 0.2564
vn -0.0727 0.9629 0.2598
vn -0.0702 0.9625 0.2620
vn -0.0361 0.9747 0.2205
vn -0.0228 0.9717 0.2350
vn -0.0227 0.9717 0.2350
vn -0.0479 0.9702 0.2377
vn -0.0393 0.9815 0.1872
vn -0.0428 0.9832 0.1772
vn -0.0357 0.9810 0.1907
vn -0.0308 0.9800 0.1964
vn -0.0369 0.9772 0.2089
vn -0.0854 0.9831 0.1618
vn -0.0688 0.9814 0.1791
vn -0.1257 0.9772 0.1710
vn -0.1216 0.9809 0.1521
vn -0.1259 0.9800 0.1544
vn -0.1338 0.9779 0.1607
vn -0.1049 0.9805 0.1662
vn -0.1256 0.9847 0.1210
vn -0.1157 0.9867 0.1143
vn -0.0863 0.9829 0.1625
vn -0.0874 0.9820 0.1672
vn -0.0835 0.9786 0.1881
vn -0.0934 0.9830 0.1584
vn -0.1013 0.9837 0.1485
vn -0.1140 0.9835 0.1405
vn -0.1284 0.9823 0.1366
vn -0.1290 0.9824 0.1352
vn -0.1259 0.9837 0.1286
vn -0.0200 0.9881 0.1522
vn -0.0182 0.9859 0.1664
vn -0.0326 0.9846 0.1715
vn -0.0370 0.9836 0.1765
vn -0.0597 0.9852 0.1607
vn -0.0102 0.9909 0.1342
vn -0.0164 0.9931 0.1165
vn -0.0168 0.9951 0.0971
vn -0.0845 0.9924 0.0898
vn -0.0443 0.9954 0.0847
vn -0.0639 0.9940 0.0890
vn -0.0473 0.9955 0.0816
vn -0.0575 0.9781 0.1999
vn -0.0831 0.9783 0.1900
vn -0.0304 0.9808 0.1924
vn -0.0634 0.9926 0.1036
vn -0.1112 0.9828 0.1473
vn -0.1044 0.9884 0.1106
vn -0.1405 0.9801 0.1405
vn -0.1362 0.9836 0.1186
vn -0.1574 0.9783 0.1345
vn -0.1561 0.9793 0.1286
vn -0.1040 0.9896 0.0989
vn -0.1072 0.9881 0.1100
vn -0.0800 0.9926 0.0911
vn -0.0816 0.9916 0.0999
vn -0.0463 0.9965 0.0700
vn -0.0102 0.9909 0.1342
vn 0.0130 0.9894 0.1443
vn -0.0311 0.9953 0.0915
vn -0.0159 0.9952 0.0966
vn -0.0165 0.9953 0.0955
vn 0.0112 0.9941 0.1078
vn 0.0173 0.9925 0.1213
vn 0.0264 0.9917 0.1260
vn 0.0399 0.9868 0.1570
vn 0.0248 0.9866 0.1613
vn 0.0293 0.9879 0.1525
vn 0.0189 0.9926 0.1199
vn 0.0267 0.9919 0.1244
vn 0.0120 0.9959 0.0892
vn 0.0143 0.9958 0.0904
vn 0.0052 0.9976 0.0692
vn -0.0098 0.9980 0.0625
vn -0.0097 0.9980 0.0626
vn -0.0272 0.9981 0.0562
vn 0.0256 0.9834 0.1795
vn 0.0395 0.9795 0.1976
vn 0.0339 0.9803 0.1945
vn -0.0633 0.9720 0.2262
vn -0.0145 0.9768 0.2137
vn -0.0163 0.9752 0.2208
vn 0.0138 0.9774 0.2111
vn 0.0147 0.9782 0.2072
vn 0.0473 0.9797 0.1946
vn 0.0469 0.9819 0.1834
vn 0.0382 0.9858 0.1634
vn 0.0405 0.9859 0.1623
vn 0.0155 0.9886 0.1496
vn 0.0101 0.9843 0.1760
vn 0.0073 0.9841 0.1774
vn 0.0021 0.9796 0.2010
vn -0.0090 0.9786 0.2058
vn -0.0129 0.9749 0.2224
vn -0.0340 0.9725 0.2303
vn -0.0364 0.9702 0.2396
vn -0.0699 0.9657 0.2499
vn -0.1034 0.9768 0.1874
vn -0.0659 0.9696 0.2357
vn -0.1110 0.9685 0.2230
vn -0.1430 0.9798 0.1401
vn -0.1518 0.9758 0.1571
vn -0.1694 0.9766 0.1326
vn -0.1695 0.9765 0.1330
vn -0.1676 0.9764 0.1363
vn -0.1625 0.9793 0.1205
vn -0.1463 0.9784 0.1458
vn -0.1418 0.9817 0.1270
vn -0.1132 0.9790 0.1694
vn -0.1035 0.9858 0.1321
vn -0.0559 0.9783 0.1998
vn 0.0113 0.9931 0.1164
vn -0.0080 0.9964 0.0849
vn 0.0109 0.9953 0.0961
vn -0.0078 0.9988 0.0493
vn 0.0072 0.9983 0.0572
vn -0.0045 0.9996 0.0288
vn -0.0040 0.9996 0.0284
vn -0.0044 0.9996 0.0282
vn -0.0255 0.9986 0.0463
vn -0.0081 0.9987 0.0512
vn -0.0498 0.9947 0.0902
vn -0.0153 0.9952 0.0968
vn -0.0720 0.9854 0.1540
vn -0.0760 0.9852 0.1536
vn -0.0756 0.9856 0.1515
vn -0.1244 0.9766 0.1753
vn -0.1249 0.9761 0.1779
vn -0.2324 0.7961 -0.5588
vn 0.1299 0.5275 -0.8396
vn -0.3172 0.3577 -0.8783
vn -0.3345 0.3380 -0.8797
vn 0.2596 0.5635 -0.7842
vn 0.6944 0.3977 -0.5997
vn 0.4089 0.6149 -0.6744
vn 0.1404 0.9821 -0.1258
vn 0.1447 0.9812 -0.1277
vn 0.1378 0.9843 -0.1102
vn 0.1648 0.9783 -0.1259
vn 0.1645 0.9793 -0.1176
vn 0.1573 0.9820 -0.1047
vn 0.1387 0.9822 -0.1269
vn 0.1898 0.8636 0.4671
vn 0.4202 0.8783 0.2283
vn 0.2605 0.3265 0.9086
vn 0.2770 0.3440 0.8972
vn 0.7288 0.6175 0.2958
vn 0.8346 0.0780 0.5454
vn 0.5734 0.5256 0.6284
vn 0.8165 0.3934 0.4226
vn 0.4869 -0.5513 -0.6775
vn -0.5937 0.7136 0.3718
vn 0.0840 0.9896 -0.1164
vn -0.0327 0.9870 -0.1573
vn -0.0194 0.9933 -0.1142
vn -0.0275 0.9937 -0.1089
vn -0.0173 0.9945 -0.1035
vn -0.0104 0.9963 -0.0853
vn 0.0018 0.9959 -0.0909
vn 0.0951 0.9949 0.0334
vn 0.0436 0.9952 -0.0879
vn 0.0617 0.9938 -0.0926
vn 0.0688 0.9942 -0.0827
vn 0.1017 0.9891 -0.1063
vn 0.0961 0.9889 -0.1131
vn 0.1464 0.9702 -0.1930
vn 0.0164 0.9984 -0.0537
vn 0.0936 0.9843 -0.1497
vn 0.0919 0.9914 -0.0928
vn -0.0106 0.9936 -0.1122
vn 0.0599 0.9975 -0.0380
vn 0.0862 0.9950 -0.0502
vn 0.0394 0.9971 -0.0653
vn 0.0213 0.9987 -0.0473
vn 0.0319 0.9962 -0.0808
vn 0.0115 0.9976 -0.0689
vn 0.0098 0.9982 -0.0591
vn -0.0169 0.9988 -0.0452
vn 0.0049 0.9969 -0.0784
vn -0.0179 0.9968 -0.0781
vn -0.0228 0.9979 -0.0609
vn 0.7991 0.4154 -0.4345
vn 0.7992 0.4154 -0.4344
vn 0.3873 0.4220 0.8197
vn 0.3178 0.4844 0.8151
vn -0.6104 -0.7366 -0.2914
vn 0.0072 0.9772 -0.2120
vn 0.0462 0.9602 -0.2755
vn -0.0118 0.9644 -0.2642
vn -0.0162 0.9776 -0.2098
vn -0.0321 0.9806 -0.1936
vn 0.2175 0.9758 -0.0206
vn -0.0396 0.9836 -0.1762
vn -0.0756 0.9922 -0.0992
vn -0.0316 0.9796 -0.1983
vn -0.0380 0.9809 -0.1908
vn -0.0407 0.9818 -0.1856
vn 0.9840 0.1686 -0.0570
vn 0.9131 0.3924 -0.1109
vn 0.8041 0.5867 -0.0954
vn 0.2293 0.9577 -0.1740
vn 0.4288 0.8936 -0.1328
vn 0.4515 0.8821 -0.1344
vn 0.6826 0.7177 -0.1378
vn 0.3455 0.9233 -0.1679
vn -0.6508 0.6960 -0.3034
vn -0.1068 0.9767 -0.1859
vn -0.1265 0.9731 -0.1924
vn -0.1882 0.9590 -0.2118
vn -0.1809 0.9594 -0.2166
vn -0.5877 0.7641 -0.2660
vn -0.8948 0.3016 -0.3293
vn -0.9209 0.2035 -0.3323
vn -0.6126 0.7305 -0.3017
vn -0.6199 0.7350 -0.2747
vn -0.9378 0.2141 -0.2733
vn -0.3554 -0.0064 -0.9347
vn -0.3527 -0.0060 -0.9357
vn 0.1646 0.8496 -0.5012
vn 0.2274 0.7477 -0.6238
vn 0.3960 0.5632 -0.7253
vn 0.2309 0.2611 -0.9373
vn 0.2587 0.3650 -0.8943
vn 0.7228 0.0034 -0.6911
vn 0.7588 -0.0019 -0.6513
vn 0.7419 0.0039 -0.6705
vn 0.7415 0.0098 -0.6708
vn 0.9855 0.1647 0.0414
vn 0.9967 0.0764 0.0256
vn 0.9676 0.2518 0.0205
vn 0.7950 0.6055 -0.0377
vn 0.8121 0.5828 -0.0294
vn 0.4271 0.9010 -0.0759
vn 0.4588 0.8850 -0.0795
vn 0.3995 0.9115 -0.0972
vn 0.2902 0.9504 -0.1120
vn 0.4189 0.9060 -0.0611
vn 0.4255 0.9028 -0.0619
vn 0.9844 0.1658 0.0590
vn 0.9763 0.2114 0.0458
vn 0.8100 0.5865 0.0033
vn 0.9101 0.4102 0.0579
vn -0.7828 0.0117 0.6222
vn -0.7679 0.0095 0.6405
vn -0.9826 0.0006 0.1858
vn 0.1412 0.9779 -0.1544
vn -0.0001 0.8828 0.4698
vn -0.0541 0.8204 0.5692
vn -0.0717 0.4987 0.8638
vn -0.0914 0.4430 0.8918
vn 0.1229 0.8787 0.4613
vn 0.1074 0.8669 0.4867
vn -0.0696 0.4984 0.8641
vn -0.0729 0.3126 0.9471
vn 0.7269 -0.0014 -0.6868
vn 0.7019 0.0045 -0.7122
vn 0.9621 0.0036 -0.2728
vn 0.9785 0.0005 -0.2063
vn 0.6835 0.0146 -0.7298
vn 0.7268 0.0055 -0.6868
vn 0.9923 0.0107 -0.1235
vn 0.9618 0.0212 -0.2728
vn 0.9981 0.0110 0.0605
vn 0.8356 0.3816 -0.3951
vn 0.8229 0.3193 -0.4700
vn 0.6930 0.5328 -0.4857
vn 0.6777 0.6957 -0.2381
vn 0.0472 0.2075 -0.9771
vn 0.3084 0.9020 -0.3023
vn 0.3937 0.6137 -0.6844
vn 0.7255 0.2512 -0.6408
vn 0.4211 0.6121 -0.6694
vn 0.0407 0.9436 -0.3287
vn 0.1046 0.9863 -0.1278
vn 0.1805 0.3983 -0.8993
vn 0.1997 0.6175 -0.7608
vn 0.1776 0.7609 -0.6241
vn 0.1574 0.9278 -0.3383
vn 0.1231 0.9146 -0.3851
vn 0.1518 0.7632 -0.6280
vn 0.1461 0.6870 -0.7118
vn 0.1774 0.3830 -0.9065
vn 0.1758 0.3904 -0.9037
vn 0.0767 0.9239 -0.3748
vn 0.0669 0.9394 -0.3363
vn 0.1406 0.6878 -0.7121
vn 0.1370 0.6424 -0.7540
vn 0.1629 0.1928 -0.9676
vn 0.0079 0.9676 -0.2524
vn 0.0413 0.9282 -0.3698
vn 0.0926 0.6742 -0.7327
vn 0.1033 0.6423 -0.7595
vn 0.1398 0.2281 -0.9635
vn 0.1528 0.1432 -0.9778
vn 0.1243 0.3069 -0.9436
vn 0.0810 0.6737 -0.7346
vn 0.0504 0.7618 -0.6459
vn -0.0009 0.9437 -0.3307
vn -0.0040 0.9692 -0.2461
vn 0.0243 0.7553 -0.6550
vn -0.2726 0.4080 -0.8713
vn -0.1826 0.3482 -0.9195
vn -0.0745 0.4074 -0.9102
vn 0.1689 0.9126 0.3724
vn 0.3194 0.7222 0.6135
vn 0.1470 0.3213 0.9355
vn 0.3092 0.5316 0.7885
vn 0.9831 0.1749 0.0538
vn 0.6667 0.5196 0.5344
vn 0.4926 0.7868 0.3719
vn 0.9871 0.1481 0.0603
vn 0.9880 0.1251 0.0907
vn 0.5702 0.1314 0.8110
vn 0.6169 0.1948 0.7626
vn -0.0255 0.9670 0.2534
vn -0.0583 0.9733 0.2222
vn -0.0854 0.9280 0.3627
vn -0.1285 0.4900 0.8622
vn -0.1437 0.6817 0.7174
vn -0.0468 0.9687 0.2439
vn -0.0564 0.9579 0.2816
vn -0.1149 0.7278 0.6761
vn -0.1264 0.6822 0.7202
vn -0.1527 0.2664 0.9517
vn -0.1566 0.1902 0.9692
vn -0.1598 0.1714 0.9722
vn -0.0293 0.9502 0.3104
vn -0.0853 0.7144 0.6946
vn -0.0809 0.7276 0.6813
vn -0.1456 0.2639 0.9535
vn -0.1488 0.1842 0.9716
vn 0.0018 0.9445 0.3284
vn -0.0394 0.8076 0.5884
vn -0.0735 0.7139 0.6964
vn -0.1288 0.2746 0.9529
vn -0.2790 0.9037 0.3247
vn -0.9163 0.3950 -0.0663
vn -0.8780 0.4752 0.0574
vn -0.7980 0.4615 0.3875
vn -0.2817 0.8424 0.4594
vn -0.2684 0.4824 0.8338
vn -0.5060 0.6556 0.5605
vn -0.4597 0.6738 0.5785
vn -0.2838 0.1985 0.9381
vn -0.4067 0.1298 0.9043
vn -0.7263 0.1503 0.6707
vn 0.0122 0.0071 -0.9999
vn -0.3609 0.0158 -0.9325
vn -0.4272 0.0353 -0.9035
vn -0.6344 0.0346 -0.7722
vn -0.2105 0.1068 -0.9718
vn -0.4920 0.1161 -0.8628
vn -0.2391 0.1016 -0.9657
vn -0.4973 0.0775 -0.8641
vn -0.4229 0.0500 -0.9048
vn -0.0698 0.0338 -0.9970
vn -0.0664 0.0350 -0.9972
vn -0.5335 0.7712 -0.3473
vn -0.3833 0.8714 -0.3061
vn -0.0713 0.9674 -0.2429
vn -0.2095 0.9551 -0.2094
vn -0.1438 0.9834 -0.1106
vn -0.4767 0.8182 -0.3214
vn -0.4842 0.8139 -0.3212
vn -0.7822 0.3825 -0.4919
vn -0.8043 0.2672 -0.5308
vn -0.7929 0.1697 -0.5853
vn -0.6748 0.5595 -0.4813
vn -0.6690 0.5586 -0.4903
vn -0.7133 0.3872 -0.5842
vn -0.3519 0.8572 -0.3759
vn -0.4478 0.8081 -0.3827
vn 0.9614 -0.0696 0.2661
vn 0.2636 0.9582 -0.1115
vn 0.2683 0.9632 -0.0135
vn 0.4863 0.8695 -0.0864
vn 0.2512 0.9581 -0.1379
vn 0.7637 0.6325 0.1292
vn 0.8994 0.3458 0.2674
vn 0.3197 0.9421 -0.1010
vn 0.6863 0.7258 0.0472
vn 0.7713 0.6268 0.1105
vn 0.9334 0.2940 0.2055
vn 0.9609 0.1297 0.2445
vn 0.8463 0.5261 0.0831
vn 0.9543 0.2741 0.1187
vn 0.6942 0.7196 0.0189
vn -0.1708 0.3461 0.9225
vn -0.0689 0.9844 -0.1619
vn 0.1883 0.9811 0.0435
vn -0.1660 0.8020 0.5739
vn -0.2001 0.6920 0.6936
vn -0.0698 0.9510 0.3013
vn -0.1411 0.8038 0.5779
vn -0.1370 0.3483 0.9273
vn -0.1649 0.4742 0.8648
vn 0.3633 0.0000 0.9317
vn 0.4304 -0.0057 0.9026
vn -0.3777 0.9240 0.0591
vn -0.6704 0.6759 -0.3062
vn -0.8561 0.5034 0.1173
vn 0.3233 -0.4594 -0.8273
vn -0.3738 0.6624 0.6492
vn -0.5142 0.5142 0.6864
vn -0.2884 0.8977 -0.3330
vn -0.2679 0.9042 -0.3327
vn -0.2629 0.9030 -0.3399
vn -0.7446 0.3231 -0.5840
vn -0.6579 0.5313 -0.5337
vn -0.6231 0.5877 -0.5161
vn -0.5997 0.6271 -0.4971
vn -0.2299 0.9226 -0.3098
vn -0.0503 0.9954 -0.0810
vn -0.7078 0.2026 -0.6767
vn -0.6593 0.3366 -0.6723
vn -0.3544 0.8303 -0.4301
vn -0.3673 0.8205 -0.4380
vn -0.6146 0.5862 -0.5279
vn -0.7065 0.3762 -0.5995
vn -0.3427 0.1767 0.9227
vn 0.2192 0.8945 -0.3897
vn 0.1859 0.6792 -0.7100
vn 0.3002 0.1697 -0.9387
vn 0.2555 0.2792 -0.9256
vn 0.1082 0.6748 -0.7300
vn 0.1220 0.2720 -0.9545
vn 0.1687 0.4406 -0.8817
vn 0.8786 -0.0047 -0.4775
vn 0.8598 -0.0093 -0.5105
vn -0.3866 0.0281 -0.9218
vn -0.3845 0.0418 -0.9222
vn -0.3615 0.0473 -0.9312
vn -0.3395 0.0103 -0.9405
vn -0.3408 0.0105 -0.9401
vn 0.9518 0.0195 0.3060
vn 0.9626 0.0027 0.2709
vn 0.9520 0.0075 0.3061
vn 0.9951 -0.0190 0.0974
vn 0.6294 0.0187 0.7768
vn 0.4859 -0.0074 0.8740
vn 0.4859 0.0057 0.8740
vn 0.5425 -0.0057 0.8400
vn 0.9992 0.0108 -0.0391
vn 0.9987 0.0051 -0.0504
vn 0.9799 0.0023 -0.1994
vn -0.9539 0.0017 -0.3000
vn -0.9627 -0.0211 -0.2697
vn -0.9723 0.0059 -0.2337
vn 0.2696 -0.0001 -0.9630
vn 0.2569 0.0079 -0.9664
vn 0.3025 -0.0067 -0.9531
vn 0.2735 0.0012 -0.9619
vn 0.9976 0.0078 0.0682
vn 0.9989 0.0142 0.0458
vn 0.9985 0.0043 0.0551
vn 0.9988 -0.0062 0.0484
vn 0.9994 0.0049 0.0336
vn 0.9995 0.0186 0.0237
vn 0.9994 0.0120 0.0336
vn 0.9986 0.0078 0.0517
vn 0.9924 0.0213 0.1214
vn 0.9737 0.0106 0.2274
vn 0.9838 0.0050 0.1791
vn 0.9737 0.0092 0.2275
vn 0.6776 -0.0055 0.7354
vn 0.7048 -0.0117 0.7093
vn 0.5505 0.0135 0.8347
vn 0.7040 0.0405 0.7090
vn -0.6710 0.0089 0.7414
vn -0.1497 0.0035 0.9887
vn -0.1774 0.0095 0.9841
vn -0.1150 0.0162 0.9932
vn 0.1432 -0.1436 0.9792
vn 0.1657 0.0030 -0.9862
vn 0.1575 0.0209 -0.9873
vn 0.1553 -0.0007 -0.9879
vn 0.1540 -0.0204 -0.9879
vn 0.4266 0.2414 -0.8716
vn 0.1719 -0.0449 -0.9841
vn 0.1592 -0.0227 -0.9870
vn 0.1236 -0.0356 -0.9917
vn 0.2028 0.0528 -0.9778
vn 0.1236 -0.0103 -0.9923
vn 0.1558 0.0000 -0.9878
vn 0.1749 -0.0068 -0.9846
vn 0.1660 0.0022 -0.9861
vn 0.1244 -0.0306 -0.9918
vn 0.1552 -0.0082 -0.9879
vn 0.1565 0.0100 -0.9876
vn 0.1545 0.0000 -0.9880
vn 0.1557 -0.0085 -0.9878
vn 0.1558 0.0000 -0.9878
vn 0.1653 0.0559 -0.9847
vn 0.3787 -0.0582 -0.9237
vn -0.1258 0.0000 0.9921
vn -0.1408 -0.0102 0.9900
vn -0.1400 0.0052 0.9901
vn -0.1311 0.0226 0.9911
vn -0.1599 0.0097 0.9871
vn -0.1506 0.0204 0.9884
vn -0.1625 0.0104 0.9867
vn -0.1558 0.0000 0.9878
vn -0.1558 0.0000 0.9878
vn -0.1558 -0.0000 0.9878
vn -0.1558 0.0000 0.9878
vn -0.1558 -0.0000 0.9878
vn -0.1558 0.0000 0.9878
vn -0.1558 0.0000 0.9878
vn -0.1088 0.0392 0.9933
vn -0.1364 0.0190 0.9905
vn -0.1893 0.1060 0.9762
vn -0.1517 0.0413 0.9876
vn -0.1437 0.0313 0.9891
vn -0.1328 0.0223 0.9909
vn -0.0858 0.0013 0.9963
vn -0.1756 -0.0195 0.9843
vn -0.1434 0.0310 0.9892
vn -0.1558 -0.0000 0.9878
vn -0.1582 0.0114 0.9873
vn -0.1533 -0.0039 0.9882
vn -0.9868 0.0408 0.1565
vn -0.9860 0.0446 0.1608
vn -0.6459 0.0289 0.7629
vn -0.6586 0.0516 0.7507
vn -0.9941 0.0795 0.0740
vn -0.9931 0.0306 0.1131
vn -0.6601 0.0224 0.7508
vn -0.6343 0.0094 0.7730
vn -0.7469 0.0842 0.6596
vn -0.6678 0.0799 0.7401
vn -0.9987 0.0442 -0.0236
vn 0.1589 0.2475 -0.9558
vn -0.9935 0.1139 0.0037
vn -0.8732 0.0765 -0.4814
vn -0.8517 0.0997 -0.5145
vn -0.8115 0.2006 -0.5488
vn -0.7949 0.1492 -0.5881
vn -0.8226 0.0641 -0.5650
vn -0.8547 0.0291 -0.5183
vn -0.8879 -0.0366 -0.4586
vn -0.8609 0.0771 -0.5030
vn -0.8639 0.1051 -0.4925
vn -0.8498 0.1055 -0.5164
vn -0.8473 0.1080 -0.5200
vn -0.8560 0.1075 -0.5056
vn -0.8703 0.1016 -0.4819
vn -0.8956 0.1056 -0.4322
vn -0.8839 0.0647 -0.4631
vn -0.8936 0.0357 -0.4475
vn -0.8919 0.0264 -0.4514
vn -0.8972 0.0014 -0.4416
vn 0.9609 -0.0098 0.2767
vn 0.9614 -0.0114 0.2750
vn 0.9676 0.0041 0.2524
vn 0.9470 0.0095 0.3210
vn -0.1489 0.0119 0.9888
vn -0.1558 0.0000 0.9878
vn -0.1829 -0.0802 0.9799
vn -0.1729 0.0016 0.9849
vn -0.5122 0.3682 0.7759
vn -0.1742 0.0480 0.9835
vn -0.1639 -0.0031 0.9865
vn -0.1558 0.0000 0.9878
vn -0.9428 0.0399 0.3309
vn -0.9404 0.0337 0.3385
vn -0.9391 0.2164 -0.2670
vn -0.2670 0.0194 0.9635
vn -0.2803 0.0325 0.9594
vn -0.9530 0.0530 0.2983
vn -0.9392 0.0210 0.3427
vn -0.9571 0.1477 -0.2493
vn -0.9719 0.1420 0.1878
vn -0.9508 0.1017 0.2925
vn -0.6520 0.0800 0.7540
vn -0.4816 0.0238 0.8760
vn -0.4821 0.0242 0.8758
vn -0.9678 0.2322 -0.0977
vn -0.9583 0.2264 0.1745
vn -0.9562 0.2225 0.1902
vn -0.7669 0.1758 0.6172
vn -0.6447 0.1193 0.7551
vn -0.7795 0.1400 -0.6106
vn -0.7004 0.0113 -0.7137
vn -0.7000 0.0306 -0.7134
vn -0.7149 0.0879 -0.6937
vn -0.7107 0.1202 -0.6932
vn -0.7462 0.0458 -0.6641
vn -0.7369 0.1445 -0.6604
vn -0.6869 0.2425 -0.6851
vn -0.7854 0.2058 -0.5838
vn -0.7546 0.3593 -0.5490
vn -0.8265 0.0702 -0.5585
vn -0.8267 0.0689 -0.5584
vn -0.8041 0.1315 -0.5798
vn -0.7971 0.2112 -0.5657
vn -0.8066 0.1797 -0.5632
vn -0.7999 0.1009 -0.5916
vn -0.7925 0.1932 -0.5784
vn -0.8301 0.0049 -0.5576
vn -0.8239 0.0461 -0.5648
vn -0.7794 0.0465 -0.6248
vn -0.7375 0.0427 -0.6740
vn -0.7809 0.0423 -0.6232
vn -0.7748 0.1212 -0.6205
vn -0.7769 0.1314 -0.6157
vn -0.7719 0.1657 -0.6138
vn -0.7742 0.1797 -0.6069
vn -0.7718 0.1924 -0.6061
vn -0.7750 0.2132 -0.5949
vn -0.6930 0.0313 -0.7202
vn -0.7419 0.0308 -0.6698
vn -0.7387 0.0889 -0.6681
vn -0.7463 0.1205 -0.6545
vn -0.7462 0.1222 -0.6545
vn -0.7547 0.1652 -0.6349
vn -0.7497 0.1938 -0.6327
vn -0.7589 0.1957 -0.6212
vn 0.3091 0.0026 -0.9510
vn 0.1998 -0.0214 -0.9796
vn 0.2376 -0.0041 -0.9713
vn 0.2567 0.0160 -0.9664
vn 0.6626 -0.0440 0.7476
vn 0.7545 0.0000 0.6562
vn -0.0572 0.0000 0.9984
vn -0.0467 0.0033 0.9989
vn -0.7429 -0.0042 0.6694
vn -0.7359 0.0000 0.6771
vn -0.9986 0.0000 0.0529
vn -0.9986 0.0000 0.0529
vn -0.8710 -0.0000 -0.4913
vn -0.4909 -0.1112 -0.8641
vn -0.5408 -0.1091 -0.8340
vn -0.7026 -0.0555 -0.7094
vn 0.0572 -0.0396 -0.9976
vn -0.0126 -0.0208 -0.9997
vn 0.7424 -0.0352 -0.6690
vn 0.7186 -0.0211 -0.6951
vn 0.9911 -0.0321 0.1291
vn 0.9976 -0.0112 0.0684
vn 0.9122 -0.0338 0.4084
vn 0.9557 0.0000 0.2944
vn 0.5441 0.0000 0.8390
vn 0.2119 -0.0771 0.9742
vn -0.0570 -0.0793 0.9952
vn 0.1454 -0.0168 0.9892
vn -0.7424 -0.0352 0.6690
vn -0.6809 0.0000 0.7324
vn -0.9986 0.0000 0.0529
vn -0.9986 0.0000 0.0529
vn -0.8710 -0.0000 -0.4913
vn -0.6099 -0.0841 -0.7880
vn -0.5424 -0.0794 -0.8364
vn -0.8685 0.0000 -0.4956
vn -0.0920 -0.0000 -0.9958
vn -0.0920 0.0000 -0.9958
vn 0.3807 0.0000 -0.9247
vn 0.7217 -0.0878 -0.6867
vn 0.7444 -0.0879 -0.6619
vn 0.6015 -0.0488 -0.7974
vn 0.9834 -0.0346 -0.1779
vn 0.9798 -0.0295 -0.1979
vn 0.9878 0.0000 0.1558
vn 0.9878 0.0000 0.1558
vn 0.9401 0.3071 0.1482
vn 0.9336 0.3208 0.1595
vn 0.7134 0.6938 0.0982
vn 0.6952 0.7104 0.1096
vn 0.3577 0.9321 0.0564
vn 0.2906 0.9534 0.0810
vn 0.0953 0.9953 0.0150
vn 0.0031 0.9991 -0.0418
vn -0.0008 0.9999 0.0115
vn -0.3210 0.9470 -0.0142
vn -0.3881 0.9182 -0.0790
vn -0.7581 0.6481 -0.0718
vn -0.6999 0.7056 -0.1104
vn -0.9412 0.3036 -0.1484
vn -0.9380 0.3110 -0.1533
vn -0.9878 0.0054 -0.1558
vn -0.9881 0.0063 -0.1536
vn 0.0000 1.0000 0.0000
vn 0.0000 1.0000 0.0000
vn 0.0000 1.0000 0.0000
vn 0.0000 1.0000 0.0000
vn 0.0000 1.0000 0.0000
vn 0.0000 1.0000 0.0000
vn 0.0000 1.0000 0.0000
vn -0.0000 1.0000 0.0000
vn -0.0000 1.0000 0.0000
vn 0.0000 1.0000 0.0000
vn -0.0000 1.0000 0.0000
vn -0.0000 1.0000 0.0000
vn -0.0000 1.0000 0.0000
vn -0.0000 1.0000 0.0000
vn 0.9633 0.0068 0.2683
vn 0.9630 0.0109 0.2694
vn 0.1228 0.9918 0.0360
vn -0.0571 0.9984 0.0011
vn -0.0003 1.0000 0.0063
vn -0.0894 0.9935 0.0701
vn 0.0041 1.0000 -0.0040
vn 0.0120 0.9997 0.0196
vn 0.0032 1.0000 -0.0025
vn 0.0036 1.0000 -0.0013
vn 0.0000 1.0000 0.0000
vn -0.0017 1.0000 -0.0022
vn 0.1076 0.9942 0.0011
vn -0.2276 0.9737 0.0078
vn 0.0000 1.0000 0.0000
vn -0.0000 1.0000 -0.0000
vn -0.0088 1.0000 -0.0019
vn -0.0181 0.9998 0.0010
vn 0.1332 0.9897 -0.0515
vn 0.0059 1.0000 0.0005
vn 0.0600 0.9980 0.0216
vn -0.0185 0.9998 -0.0042
vn -0.0014 1.0000 0.0005
vn 0.0466 0.9986 -0.0232
vn -0.9630 -0.0000 -0.2694
vn -0.9626 0.0060 -0.2709
vn 0.0000 1.0000 0.0000
vn 0.0000 1.0000 -0.0000
vn 0.0673 0.9769 0.2028
vn 0.0000 1.0000 0.0000
vn 0.0000 1.0000 0.0000
vn 0.0000 1.0000 0.0000
vn -0.0563 0.9981 -0.0258
vn 0.1010 0.9742 -0.2019
vn 0.0000 1.0000 -0.0000
vn 0.0000 1.0000 -0.0000
vn 0.0000 1.0000 0.0000
vn 0.0000 1.0000 0.0000
vn 0.0000 1.0000 0.0000
vn 0.0000 1.0000 0.0000
vn 0.0000 1.0000 0.0000
vn 0.0000 1.0000 0.0000
vn 0.0000 1.0000 0.0000
vn 0.0000 1.0000 0.0000
vn 0.0000 1.0000 0.0000
vn 0.0000 1.0000 0.0000
vn 0.0217 0.9997 0.0150
vn -0.0010 0.9999 0.0150
vn 0.0000 1.0000 0.0000
vn 0.0000 1.0000 0.0000
vn 0.0000 1.0000 0.0000
vn -0.9936 0.0238 -0.1105
vn -0.9799 -0.0063 -0.1995
vn -0.9964 -0.0122 -0.0843
vn -0.9968 -0.0105 -0.0798
vn -0.9983 -0.0104 -0.0581
vn -0.9982 -0.0110 -0.0598
vn -0.9994 -0.0129 -0.0318
vn -0.9997 -0.0090 -0.0214
vn -0.9999 -0.0093 -0.0102
vn -1.0000 -0.0074 0.0012
vn -0.9999 -0.0099 0.0114
vn -0.9994 -0.0054 0.0352
vn -0.9991 -0.0071 0.0419
vn -0.9976 -0.0025 0.0689
vn -0.9974 -0.0033 0.0723
vn -0.9972 -0.0028 0.0753
vn 0.7459 0.0000 0.6660
vn 0.9124 -0.0000 0.4094
vn 0.8738 -0.0280 0.4855
vn 0.8374 -0.1175 0.5338
vn 0.8410 -0.1205 0.5275
vn 0.8255 -0.1397 0.5468
vn 0.8179 -0.1622 0.5521
vn 0.7591 -0.2042 0.6181
vn 0.7729 -0.2095 0.5989
vn 0.7786 -0.2010 0.5944
vn 0.7870 -0.2063 0.5814
vn 0.8000 -0.1851 0.5708
vn 0.8017 -0.1863 0.5680
vn 0.7876 -0.1035 0.6074
vn 0.7464 0.0098 0.6654
vn 0.7822 -0.1191 0.6116
vn 0.7733 -0.1035 0.6256
vn 0.8216 -0.0463 0.5682
vn 0.8277 -0.0566 0.5583
vn 0.8395 -0.0431 0.5417
vn 0.8505 -0.0431 0.5242
vn 0.9002 -0.0185 0.4350
vn 0.8654 -0.0350 0.4998
vn 0.8584 -0.0490 0.5106
vn 0.8560 -0.0841 0.5102
vn 0.8774 -0.0839 0.4723
vn 0.9090 -0.0185 0.4163
vn 0.9119 -0.0216 0.4098
vn 0.9214 0.0000 0.3887
vn 0.9013 0.0000 0.4332
vn 0.8998 -0.0383 0.4347
vn 0.8756 0.0000 0.4830
vn 0.8744 -0.0258 0.4846
vn 0.7095 -0.0981 0.6979
vn 0.7575 -0.0986 0.6454
vn 0.7473 -0.1648 0.6437
vn 0.7761 -0.1797 0.6045
vn 0.8433 -0.1035 0.5274
vn 0.8586 -0.1292 0.4961
vn 0.8271 -0.1294 0.5469
vn 0.8351 -0.1672 0.5240
vn 0.8034 -0.1673 0.5715
vn 0.8070 -0.1854 0.5608
vn 0.7819 -0.1853 0.5953
vn 0.7811 -0.1814 0.5975
vn 0.7638 -0.1813 0.6195
vn 0.7576 -0.1524 0.6347
vn 0.7396 -0.1521 0.6556
vn 0.7357 -0.0888 0.6715
vn 0.7115 -0.0886 0.6971
vn 0.6645 0.0000 0.7473
vn 0.6823 -0.0279 0.7306
vn 0.7221 -0.0394 0.6907
vn 0.7015 -0.0238 0.7123
vn 0.6866 -0.0238 0.7267
vn 0.7592 -0.0556 0.6484
vn 0.7498 -0.0382 0.6606
vn 0.7217 -0.0400 0.6910
vn 0.7974 -0.0498 0.6014
vn 0.7948 -0.0548 0.6044
vn 0.7799 -0.0468 0.6242
vn 0.7697 -0.0468 0.6367
vn 0.8659 -0.0375 0.4987
vn 0.8659 -0.0385 0.4988
vn 0.8870 -0.0728 0.4560
vn 0.8914 0.0310 0.4521
vn 0.9028 -0.0588 0.4260
vn 0.9036 -0.0470 0.4258
vn 0.8861 -0.0472 0.4611
vn 0.8867 -0.0339 0.4610
vn 0.8856 -0.0314 0.4634
vn 0.6831 0.0000 0.7304
vn 0.7117 -0.0681 0.6992
vn 0.7205 -0.0682 0.6901
vn 0.7332 -0.1113 0.6709
vn 0.7547 -0.1115 0.6465
vn 0.7604 -0.1330 0.6356
vn 0.7877 -0.1332 0.6015
vn 0.7884 -0.1360 0.6000
vn 0.8201 -0.1361 0.5558
vn 0.8169 -0.1227 0.5636
vn 0.8451 -0.1225 0.5203
vn 0.8441 -0.1050 0.5257
vn 0.8753 -0.1046 0.4721
vn 0.8683 -0.0270 0.4953
vn 0.8774 -0.0591 0.4761
vn 0.8731 -0.1032 0.4764
vn 0.8550 -0.0731 0.5135
vn 0.8544 -0.0780 0.5137
vn 0.8557 -0.0778 0.5115
vn 0.0000 -1.0000 -0.0000
vn 0.0000 -1.0000 0.0000
vn 0.0000 -1.0000 -0.0000
vn 0.0000 -1.0000 0.0000
vn 0.0000 -1.0000 0.0000
vn -0.0000 -1.0000 0.0000
vn -0.0000 -1.0000 0.0000
vn 0.0000 -1.0000 0.0000
vn 0.0000 -1.0000 0.0000
vn -0.0000 -1.0000 0.0000
vn 0.0000 -1.0000 0.0000
vn -0.0000 -1.0000 0.0000
vn 0.0000 -1.0000 -0.0000
vn -0.0000 -1.0000 0.0000
vn 0.0000 -1.0000 0.0000
vn 0.0000 -1.0000 0.0000
vn 0.0000 -1.0000 0.0000
vn 0.0000 -1.0000 0.0000
vn 0.0000 -1.0000 0.0000
vn 0.0000 -1.0000 0.0000
vn 0.0000 -1.0000 0.0000
vn 0.0000 -1.0000 0.0000
vn 0.0000 -1.0000 0.0000
vn 0.0000 -1.0000 0.0000
vn 0.0000 -1.0000 0.0000
vn 0.0000 -1.0000 0.0000
vn 0.0000 -1.0000 -0.0000
vn 0.0000 -1.0000 0.0000
vn 0.0000 -1.0000 -0.0000
vn 0.0000 -1.0000 0.0000
vn 0.0000 -1.0000 0.0000
vn 0.0000 -1.0000 0.0000
vn -0.0000 -1.0000 0.0000
vn 0.0000 -1.0000 0.0000
vn -0.0000 -1.0000 0.0000
vn 0.0000 -1.0000 0.0000
vn -0.0000 -1.0000 0.0000
vn 0.0000 -1.0000 0.0000
vn -0.0000 -1.0000 0.0000
vn -0.0000 -1.0000 0.0000
vn 0.0000 -1.0000 -0.0000
vn -0.0000 -1.0000 0.0000
vn 0.0000 -1.0000 0.0000
vn 0.0000 -1.0000 0.0000
vn 0.0000 -1.0000 0.0000
vn 0.0000 -1.0000 0.0000
vn 0.0000 -1.0000 0.0000
vn 0.0000 -1.0000 0.0000
vn 0.0000 -1.0000 0.0000
vn 0.0000 -1.0000 0.0000
vn 0.0000 -1.0000 0.0000
vn 0.0000 -1.0000 0.0000
vn 0.1558 -0.0000 -0.9878
vn 0.1558 -0.0000 -0.9878
vn 0.1558 -0.0000 -0.9878
vn 0.1558 -0.0000 -0.9878
vn 0.1558 -0.0000 -0.9878
vn 0.1368 -0.0503 -0.9893
vn 0.1558 0.0000 -0.9878
vn 0.1558 0.0000 -0.9878
vn 0.1558 0.0000 -0.9878
vn 0.1558 0.0000 -0.9878
vn 0.1558 -0.0000 -0.9878
vn 0.1558 0.0000 -0.9878
vn 0.1558 -0.0000 -0.9878
vn 0.1558 0.0000 -0.9878
vn 0.1558 0.0000 -0.9878
vn 0.1558 0.0000 -0.9878
vn 0.1558 -0.0000 -0.9878
vn 0.1558 0.0000 -0.9878
vn 0.1558 -0.0000 -0.9878
vn 0.1558 0.0000 -0.9878
vn 0.1558 -0.0000 -0.9878
vn 0.1558 0.0000 -0.9878
vn 0.1558 0.0000 -0.9878
vn 0.1558 0.0000 -0.9878
vn 0.1558 -0.0000 -0.9878
vn 0.1558 0.0000 -0.9878
vn 0.1558 0.0000 -0.9878
vn 0.1595 -0.0037 -0.9872
vn 0.1743 0.0438 -0.9837
vn 0.1558 0.0000 -0.9878
vn 0.1558 -0.0000 -0.9878
vn 0.1558 -0.0000 -0.9878
vn 0.1558 0.0000 -0.9878
vn 0.1558 0.0000 -0.9878
vn 0.1558 -0.0000 -0.9878
vn -0.8725 -0.4592 -0.1668
vn -0.8359 -0.5184 -0.1805
vn -0.5889 -0.8068 -0.0473
vn -0.4460 -0.8939 -0.0457
vn -0.2008 -0.9782 0.0533
vn -0.1579 -0.9672 0.1991
vn -0.1645 -0.9658 0.2005
vn -0.4005 -0.8995 0.1745
vn -0.3361 -0.9200 0.2018
vn -0.5168 -0.8379 0.1757
vn -0.5361 -0.8248 0.1800
vn -0.7231 -0.6771 0.1365
vn -0.6894 -0.7072 0.1567
vn -0.9951 -0.0431 0.0890
vn -0.6111 -0.7893 0.0600
vn -0.7141 -0.6994 0.0300
vn -0.7936 -0.6073 0.0384
vn -0.6116 -0.7883 0.0669
vn -0.5427 -0.8383 0.0523
vn -0.7902 -0.6127 -0.0124
vn -0.2145 -0.9695 0.1185
vn -0.2623 -0.9577 0.1183
vn -0.8518 -0.5004 0.1548
vn -0.8550 -0.5090 0.0990
vn -0.6885 -0.7039 0.1746
vn -0.7237 -0.6740 0.1484
vn -0.5365 -0.8288 0.1588
vn -0.4658 -0.8659 0.1823
vn -0.9619 -0.2643 -0.0698
vn -0.9500 -0.3085 -0.0485
vn -0.9528 -0.3032 0.0116
vn -0.9903 -0.1361 0.0264
vn -0.9907 -0.1303 0.0398
vn -0.9889 -0.1420 0.0433
vn -0.9791 -0.1800 0.0946
vn -0.9553 -0.2644 0.1323
vn -0.9592 -0.2711 0.0802
vn -0.9280 -0.3535 0.1175
vn -0.9308 -0.3638 0.0343
vn -0.8584 -0.5069 0.0786
vn -0.8583 -0.5112 0.0448
vn -0.7426 -0.6660 0.0710
vn -0.7167 -0.6922 0.0847
vn -0.5986 -0.7955 0.0938
vn -0.4717 -0.8714 0.1351
vn -0.4662 -0.8824 0.0636
vn -0.4585 -0.8861 0.0673
vn -0.9824 -0.1859 0.0152
vn -0.9811 -0.1921 -0.0250
vn -0.9605 -0.2647 -0.0857
vn -0.8591 -0.5118 -0.0073
vn -0.2201 -0.9594 0.1766
vn -0.2176 -0.9619 0.1654
vn -0.8898 -0.4386 0.1262
vn -0.7244 -0.6843 0.0838
vn -0.7426 -0.6661 0.0701
vn -0.5995 -0.7910 0.1221
vn -0.4649 -0.8765 0.1248
vn -0.4494 -0.8836 0.1317
vn -0.1910 -0.9684 0.1606
vn -0.4441 -0.8947 0.0468
vn -0.5359 -0.8443 -0.0010
vn -0.8099 -0.5860 -0.0247
vn -0.8112 -0.5846 -0.0094
vn -0.8959 -0.4443 -0.0032
vn -0.8972 -0.4385 0.0522
vn -0.9415 -0.3359 0.0264
vn -0.9415 -0.3343 0.0413
vn -0.9930 -0.0899 0.0770
vn -0.9931 -0.0887 0.0766
vn -0.2694 0.0000 0.9630
vn -0.2694 -0.0000 0.9630
vn -0.2694 0.0000 0.9630
vn -0.2694 -0.0000 0.9630
vn -0.2694 0.0000 0.9630
vn -0.2693 0.0150 0.9629
vn -0.2950 0.0218 0.9552
vn -0.2293 -0.0486 0.9721
vn -0.2638 0.0001 0.9646
vn -0.2694 0.0000 0.9630
vn -0.2694 0.0000 0.9630
vn -0.2694 -0.0000 0.9630
vn -0.2694 -0.0000 0.9630
vn -0.2694 0.0000 0.9630
vn -0.2694 -0.0000 0.9630
vn -0.2694 -0.0000 0.9630
vn -0.1669 -0.0847 0.9823
vn -0.2681 0.0031 0.9634
vn -0.2694 0.0000 0.9630
vn -0.2694 -0.0001 0.9630
vn 0.7473 -0.4701 0.4696
vn 0.0538 -0.9753 0.2143
vn 0.6170 -0.5412 0.5713
vn 0.5610 -0.6389 0.5264
vn 0.7643 -0.2003 0.6130
vn 0.7861 0.0140 0.6179
vn 0.7355 -0.3466 0.5821
vn 0.7270 -0.4131 0.5484
vn 0.7194 -0.4154 0.5567
vn 0.8533 -0.1940 0.4839
vn 0.8481 -0.1887 0.4950
vn 0.8245 -0.2330 0.5157
vn 0.8237 -0.2326 0.5171
vn 0.7951 -0.2902 0.5325
vn 0.7950 -0.2893 0.5332
vn 0.7693 -0.3220 0.5518
vn 0.7688 -0.3319 0.5467
vn 0.8384 -0.1180 0.5320
vn 0.4647 -0.8159 0.3440
vn 0.6331 -0.7001 0.3303
vn 0.6692 -0.6180 0.4127
vn 0.5625 -0.7573 0.3317
vn 0.1409 -0.9487 0.2830
vn 0.4090 -0.8756 0.2571
vn 0.0718 -0.9833 0.1670
vn 0.0335 -0.9906 0.1323
vn 0.2126 -0.9452 0.2479
vn 0.1674 -0.9653 0.2004
vn 0.1617 -0.9603 0.2273
vn 0.1063 -0.9789 0.1745
vn 0.0867 -0.9756 0.2018
vn 0.1796 -0.9457 0.2710
vn 0.1414 -0.9563 0.2561
vn 0.3624 -0.8406 0.4027
vn 0.3713 -0.8426 0.3900
vn 0.3633 -0.8713 0.3300
vn 0.3679 -0.8722 0.3222
vn 0.4268 -0.8405 0.3338
vn 0.2682 -0.9164 0.2971
vn 0.2656 -0.9158 0.3013
vn 0.2276 -0.9292 0.2913
vn 0.2259 -0.9289 0.2936
vn 0.1461 -0.9451 0.2923
vn 0.2947 -0.8885 0.3519
vn 0.7815 -0.4331 0.4491
vn 0.7405 -0.4293 0.5170
vn 0.7435 -0.5025 0.4413
vn 0.7158 -0.4997 0.4877
vn 0.7067 -0.5300 0.4686
vn 0.6789 -0.5265 0.5117
vn 0.6664 -0.5614 0.4906
vn 0.6514 -0.5592 0.5128
vn 0.7250 -0.4057 0.5566
vn 0.7062 -0.4073 0.5791
vn 0.8280 -0.2852 0.4828
vn 0.7095 -0.3768 0.5956
vn 0.7261 -0.3706 0.5792
vn 0.5735 -0.6414 0.5096
vn 0.5036 -0.7437 0.4398
vn 0.5263 -0.7169 0.4572
vn 0.5135 -0.7143 0.4754
vn 0.4551 -0.7905 0.4098
vn 0.4706 -0.7935 0.3860
vn 0.5239 -0.7209 0.4537
vn 0.5547 -0.7265 0.4055
vn 0.5810 -0.6905 0.4309
vn 0.5974 -0.6932 0.4033
vn 0.4438 -0.8433 0.3031
vn 0.4611 -0.8151 0.3506
vn 0.2354 -0.9501 0.2047
vn 0.2349 -0.9504 0.2037
vn 0.0655 -0.9885 0.1365
vn 0.9942 0.0439 0.0985
vn 0.9997 -0.0222 -0.0055
vn 0.8004 -0.0143 -0.5993
vn 0.8223 0.0062 -0.5690
vn 0.9679 0.0293 -0.2496
vn 0.9292 -0.0448 -0.3670
vn 0.3170 0.0173 -0.9483
vn 0.5750 -0.0068 -0.8181
vn 0.5789 -0.0046 -0.8154
vn 0.2559 -0.0093 -0.9666
vn -0.0580 0.0269 -0.9980
vn -0.0948 0.0095 -0.9955
vn -0.4184 0.0210 -0.9080
vn -0.3864 0.0037 -0.9223
vn -0.6778 -0.0027 -0.7352
vn -0.6947 -0.0100 -0.7192
vn -0.8155 0.0131 -0.5785
vn -0.9006 -0.0179 -0.4344
vn -0.9558 0.0160 -0.2937
vn -0.9951 -0.0093 -0.0985
vn -0.9997 0.0185 0.0154
vn -0.9682 -0.0093 0.2501
vn -0.8129 -0.0007 0.5824
vn -0.8221 -0.0054 0.5694
vn -0.9499 0.0057 0.3124
vn -0.4803 -0.0316 0.8765
vn -0.6656 0.0048 0.7463
vn -0.3990 -0.0048 0.9169
vn -0.0276 -0.0213 0.9994
vn -0.0602 -0.0088 0.9981
vn 0.4333 -0.0080 0.9012
vn 0.3352 0.0175 0.9420
vn 0.7769 -0.0271 0.6290
vn 0.5834 0.0094 0.8121
vn 0.7178 0.0103 0.6962
vn 0.9077 -0.0034 0.4196
vn 0.9402 0.0225 0.3400
vn 0.9905 -0.0093 -0.1371
vn 0.9922 -0.0052 -0.1246
vn 0.5419 0.0022 -0.8404
vn 0.5750 -0.0059 -0.8182
vn 0.8222 0.0166 -0.5690
vn 0.7186 -0.0373 -0.6945
vn 0.8927 0.0110 -0.4505
vn 0.2559 -0.0054 -0.9667
vn 0.2721 -0.0020 -0.9623
vn -0.0530 0.0154 -0.9985
vn -0.0948 0.0051 -0.9955
vn -0.5178 0.0121 -0.8554
vn -0.4873 -0.0009 -0.8732
vn -0.8555 -0.0090 -0.5177
vn -0.8404 0.0008 -0.5419
vn -0.6587 0.0009 0.7524
vn -0.9951 0.0083 -0.0985
vn -0.9964 0.0118 -0.0844
vn -0.9682 -0.0010 0.2501
vn -0.8351 -0.0083 0.5500
vn -0.8221 -0.0036 0.5694
vn -0.9603 0.0047 0.2789
vn -0.4854 -0.0153 0.8742
vn -0.4426 -0.0039 0.8967
vn -0.0325 -0.0122 0.9994
vn -0.0637 -0.0031 0.9980
vn 0.4333 -0.0166 0.9011
vn 0.3134 0.0084 0.9496
vn 0.9505 -0.0022 0.3106
vn 0.9535 -0.0057 0.3014
vn 0.7178 0.0067 0.6962
vn 0.7379 -0.0012 0.6749
vn -0.0559 -0.9783 0.1998
vn -0.0600 -0.9852 0.1606
vn -0.1561 -0.9793 0.1286
vn 0.0109 -0.9924 0.1225
vn 0.0279 -0.9869 0.1591
vn -0.0068 -0.9825 0.1861
vn -0.0484 -0.9797 0.1943
vn -0.0535 -0.9801 0.1914
vn 0.0284 -0.9821 0.1863
vn 0.0322 -0.9806 0.1935
vn 0.0198 -0.9864 0.1632
vn -0.1240 -0.9767 0.1751
vn -0.0838 -0.9773 0.1946
vn -0.0855 -0.9751 0.2044
vn -0.1581 -0.9729 0.1690
vn -0.1605 -0.9717 0.1735
vn -0.0912 -0.9756 -0.1999
vn -0.1706 -0.9756 0.1384
vn -0.1667 -0.9769 0.1334
vn -0.1625 -0.9793 0.1205
vn -0.1805 -0.9750 0.1298
vn -0.1629 -0.9847 0.0610
vn -0.1211 -0.9839 0.1312
vn -0.1201 -0.9844 0.1285
vn -0.0216 -0.9968 0.0771
vn -0.1230 -0.9796 0.1587
vn -0.1257 -0.9772 0.1710
vn -0.1315 -0.9744 0.1821
vn -0.1155 -0.9789 0.1688
vn -0.1057 -0.9736 0.2022
vn -0.0863 -0.9829 0.1627
vn -0.0851 -0.9831 0.1618
vn -0.0360 -0.9811 0.1903
vn -0.0372 -0.9804 0.1937
vn -0.0241 -0.9786 0.2042
vn -0.0388 -0.9820 0.1849
vn -0.0497 -0.9816 0.1844
vn -0.0683 -0.9814 0.1793
vn -0.0482 -0.9701 0.2377
vn -0.0228 -0.9717 0.2350
vn -0.0232 -0.9718 0.2348
vn -0.0364 -0.9748 0.2200
vn -0.0590 -0.9648 0.2564
vn -0.0536 -0.9650 0.2569
vn -0.0531 -0.9686 0.2429
vn -0.0813 -0.9627 0.2580
vn -0.0730 -0.9625 0.2611
vn -0.0699 -0.9633 0.2590
vn -0.0932 -0.9683 0.2316
vn -0.0829 -0.9671 0.2406
vn -0.0720 -0.9636 0.2574
vn -0.1041 -0.9896 0.0990
vn -0.0439 -0.9954 0.0849
vn -0.0473 -0.9956 0.0814
vn -0.0641 -0.9940 0.0891
vn -0.0165 -0.9931 0.1159
vn -0.0167 -0.9952 0.0968
vn -0.0167 -0.9952 0.0964
vn -0.0310 -0.9953 0.0915
vn -0.0369 -0.9837 0.1760
vn -0.0336 -0.9845 0.1722
vn -0.0180 -0.9859 0.1665
vn -0.0201 -0.9881 0.1524
vn -0.1139 -0.9835 0.1405
vn -0.1012 -0.9837 0.1486
vn -0.0934 -0.9829 0.1584
vn -0.0886 -0.9810 0.1728
vn -0.0775 -0.9832 0.1651
vn -0.1264 -0.9826 0.1358
vn -0.1314 -0.9828 0.1296
vn -0.1283 -0.9823 0.1365
vn -0.1807 -0.9748 0.1307
vn -0.1399 -0.9806 0.1373
vn -0.1532 -0.9815 0.1146
vn -0.1215 -0.9851 0.1220
vn -0.1250 -0.9859 0.1116
vn -0.0848 -0.9924 0.0897
vn -0.1001 -0.9913 0.0852
vn -0.0844 -0.9898 0.1150
vn -0.1333 -0.9856 0.1042
vn -0.1107 -0.9833 0.1446
vn -0.1169 -0.9827 0.1438
vn 0.0072 -0.9907 0.1362
vn 0.0301 -0.9915 0.1265
vn 0.0080 -0.9935 0.1134
vn 0.0311 -0.9946 0.0991
vn 0.0027 -0.9964 0.0843
vn -0.0006 -0.9970 0.0770
vn -0.0066 -0.9963 0.0857
vn -0.0129 -0.9966 0.0819
vn 0.0165 -0.9979 0.0621
vn -0.0078 -0.9988 0.0493
vn 0.0144 -0.9998 0.0138
vn -0.0228 -0.9689 0.2462
vn -0.0103 -0.9803 0.1974
vn -0.0177 -0.9810 0.1932
vn 0.0249 -0.9804 0.1953
vn -0.0355 -0.9807 0.1922
vn -0.0822 -0.9783 0.1901
vn -0.0756 -0.9856 0.1515
vn -0.0716 -0.9858 0.1520
vn -0.1017 -0.9902 0.0957
vn -0.0525 -0.9930 0.1058
vn -0.0745 -0.9953 0.0618
vn -0.0303 -0.9968 0.0746
vn -0.0416 -0.9978 0.0508
vn -0.0098 -0.9980 0.0626
vn -0.0158 -0.9953 0.0958
vn 0.0192 -0.9936 0.1113
vn 0.0123 -0.9889 0.1480
vn 0.0405 -0.9859 0.1623
vn 0.0351 -0.9814 0.1885
vn 0.0395 -0.9795 0.1976
vn 0.0147 -0.9782 0.2072
vn 0.0086 -0.9725 0.2329
vn -0.0633 -0.9720 0.2262
vn -0.0421 -0.9642 0.2617
vn -0.0298 -0.9764 0.2140
vn -0.0165 -0.9712 0.2377
vn -0.0068 -0.9805 0.1966
vn 0.0002 -0.9778 0.2097
vn 0.0078 -0.9846 0.1749
vn 0.0096 -0.9839 0.1784
vn 0.0163 -0.9892 0.1458
vn -0.0103 -0.9909 0.1342
vn -0.0104 -0.9909 0.1340
vn -0.1083 -0.9687 0.2236
vn -0.1128 -0.9684 0.2223
vn -0.1051 -0.9805 0.1662
vn -0.1337 -0.9779 0.1606
vn -0.1226 -0.9808 0.1518
vn -0.1463 -0.9784 0.1458
vn -0.1497 -0.9757 0.1598
vn -0.1042 -0.9854 0.1346
vn -0.1169 -0.9760 0.1837
vn -0.0407 -0.9885 0.1454
vn -0.0250 -0.9871 0.1584
vn -0.0250 -0.9871 0.1584
vn -0.0607 -0.9943 0.0881
vn -0.0153 -0.9952 0.0968
vn -0.0414 -0.9983 0.0417
vn -0.0081 -0.9987 0.0512
vn -0.0213 -0.9995 0.0219
vn -0.0040 -0.9996 0.0284
vn -0.0097 -0.9980 0.0625
vn 0.0171 -0.9971 0.0745
vn 0.0095 -0.9931 0.1173
vn 0.0408 -0.9902 0.1333
vn 0.0372 -0.9858 0.1639
vn 0.0475 -0.9822 0.1819
vn 0.0469 -0.9811 0.1875
vn -0.2788 -0.9500 0.1405
vn -0.0681 -0.9928 0.0990
vn -0.3255 -0.8184 0.4736
vn -0.3960 -0.7712 0.4985
vn -0.4286 -0.6536 0.6238
vn -0.5673 -0.4481 0.6909
vn -0.4819 -0.5252 0.7014
vn -0.5613 -0.1327 0.8169
vn -0.5539 -0.1419 0.8204
vn -0.5620 0.1960 0.8036
vn -0.5563 0.1869 0.8096
vn -0.4910 0.4984 0.7145
vn -0.5006 0.5453 0.6724
vn -0.3708 0.7335 0.5696
vn -0.3546 0.8949 0.2710
vn -0.2961 0.9279 0.2265
vn -0.2699 0.8711 0.4103
vn 0.0210 0.9990 -0.0382
vn 0.0217 0.9993 -0.0315
vn 0.2859 0.8632 -0.4161
vn 0.3485 0.9185 -0.1867
vn 0.3494 0.6466 -0.6781
vn 0.3901 0.5871 -0.7094
vn 0.4269 0.6571 -0.6212
vn 0.5528 0.2176 -0.8044
vn 0.5528 0.2176 -0.8044
vn 0.5643 -0.0846 -0.8212
vn 0.6003 -0.0278 -0.7993
vn 0.4325 -0.5435 -0.7194
vn 0.4065 -0.4572 -0.7911
vn 0.5559 -0.2504 -0.7927
vn 0.3518 -0.7800 -0.5175
vn 0.3561 -0.7776 -0.5182
vn 0.2050 -0.9322 -0.2984
vn 0.2050 -0.9322 -0.2984
vn 0.0275 -0.9988 -0.0400
vn -0.1820 -0.9831 0.0210
vn -0.8242 0.0000 -0.5663
vn -0.8242 0.0000 -0.5663
vn -0.8242 -0.0000 -0.5663
vn -0.8242 -0.0000 -0.5663
vn -0.8242 -0.0000 -0.5663
vn -0.8242 0.0000 -0.5663
vn -0.8242 0.0000 -0.5663
vn -0.8242 -0.0000 -0.5663
vn -0.8242 0.0000 -0.5663
vn -0.8242 0.0000 -0.5663
vn -0.8242 0.0000 -0.5663
vn -0.8242 0.0000 -0.5663
vn -0.8242 0.0000 -0.5663
vn -0.8242 0.0000 -0.5663
vn -0.8242 -0.0000 -0.5663
vn -0.8242 -0.0000 -0.5663
vn -0.8242 -0.0000 -0.5663
vn -0.8242 -0.0000 -0.5663
vn -0.8242 -0.0000 -0.5663
vn -0.8242 0.0000 -0.5663
vn -0.8242 -0.0000 -0.5663
vn -0.8242 0.0000 -0.5663
vn -0.8242 -0.0000 -0.5663
vn -0.8242 -0.0000 -0.5663
vn -0.8242 -0.0000 -0.5663
vn -0.8242 -0.0000 -0.5663
vn -0.8242 0.0000 -0.5663
vn -0.8242 -0.0000 -0.5663
vn -0.8242 -0.0000 -0.5663
vn -0.8161 0.0196 -0.5775
vn -0.8150 0.0137 -0.5792
vn -0.8142 0.0070 -0.5806
vn -0.8163 -0.0027 -0.5776
vn -0.8180 0.0345 -0.5742
vn -0.8193 0.0513 -0.5711
vn -0.8242 -0.0000 -0.5663
vn -0.8242 0.0000 -0.5663
vn -0.8242 -0.0000 -0.5663
vn -0.8242 0.0000 -0.5663
vn -0.8242 -0.0000 -0.5663
vn -0.8242 -0.0000 -0.5663
vn -0.8242 -0.0000 -0.5663
vn -0.8242 0.0000 -0.5663
vn -0.8212 -0.0331 -0.5697
vn -0.8201 -0.0183 -0.5720
vn -0.8020 -0.0607 -0.5943
vn -0.8177 0.0015 -0.5756
vn -0.7949 -0.0631 -0.6035
vn -0.8154 0.0022 -0.5790
vn -0.8190 -0.0118 -0.5736
vn -0.8242 0.0000 -0.5663
vn -0.8242 0.0000 -0.5663
vn -0.8242 0.0000 -0.5663
vn -0.8139 0.0090 -0.5810
vn -0.8571 0.2065 -0.4719
vn -0.8242 0.0000 -0.5663
vn 0.0964 -0.9174 -0.3861
vn -0.6928 0.6924 -0.2013
vn -0.8189 -0.0100 -0.5739
vn -0.8180 -0.0062 -0.5751
vn -0.8242 -0.0000 -0.5663
vn -0.8242 -0.0000 -0.5663
vn -0.8242 0.0000 -0.5663
vn -0.8242 -0.0000 -0.5663
vn 0.3020 -0.9473 -0.1069
vn 0.2287 -0.5607 -0.7958
vn 0.0550 -0.9671 -0.2483
vn 0.6023 -0.2820 -0.7467
vn 0.6635 -0.1870 -0.7244
vn 0.6377 0.2306 -0.7350
vn 0.7036 0.1337 -0.6979
vn 0.5319 0.5944 -0.6031
vn 0.4445 0.8180 -0.3652
vn 0.3959 0.9124 -0.1041
vn 0.6335 0.2496 -0.7324
vn 0.3752 0.9225 -0.0906
vn 0.1928 0.9662 0.1713
vn 0.0829 0.8881 0.4522
vn 0.1109 0.9644 0.2401
vn -0.3895 0.7547 0.5280
vn -0.5222 0.1019 0.8467
vn -0.3537 0.3172 0.8799
vn -0.3878 -0.0821 0.9181
vn -0.4429 -0.1748 0.8794
vn -0.4685 -0.5454 0.6950
vn -0.3321 -0.8057 0.4904
vn 0.0156 -0.9444 0.3284
vn 0.0562 -0.9919 0.1140
vn -0.0797 -0.9645 -0.2518
vn -0.0818 -0.9751 -0.2061
vn -0.1281 -0.9133 -0.3866
vn -0.2136 -0.7878 -0.5777
vn -0.2347 -0.6416 -0.7302
vn -0.2944 -0.4835 -0.8244
vn -0.2974 -0.1955 -0.9345
vn -0.3009 -0.2094 -0.9304
vn -0.0020 -1.0000 -0.0034
vn -0.0155 -0.9998 -0.0116
vn -0.5369 -0.1717 0.8260
vn -0.4138 -0.4262 0.8044
vn -0.4167 -0.6263 0.6589
vn -0.1524 -0.9128 0.3790
vn -0.1907 -0.8974 0.3979
vn -0.5008 0.3984 0.7684
vn -0.4227 0.2197 0.8792
vn -0.4399 0.7486 0.4961
vn 0.0206 0.9996 0.0208
vn -0.0879 0.9941 -0.0635
vn -0.1905 0.8531 -0.4858
vn -0.1008 0.9553 -0.2779
vn -0.1017 0.9705 -0.2188
vn -0.3039 0.7792 -0.5482
vn 0.1197 -0.9245 0.3619
vn -0.3020 0.2083 -0.9303
vn -0.3197 0.2577 -0.9118
vn -0.3077 0.0015 -0.9515
vn -0.3068 0.0018 -0.9518
vn 0.6021 -0.6975 0.3884
vn 0.6959 -0.6754 0.2440
vn 0.7957 -0.5945 0.1164
vn 0.8433 -0.5137 -0.1582
vn 0.5324 -0.8095 0.2475
vn 0.9656 -0.2013 -0.1647
vn 0.9009 0.3081 -0.3058
vn 0.9645 -0.2139 -0.1549
vn 0.9839 0.0139 -0.1784
vn 0.9757 0.1899 -0.1094
vn 0.9792 0.0963 -0.1787
vn 0.9082 0.4073 -0.0964
vn 0.7951 0.6043 0.0509
vn 0.9016 0.4261 -0.0748
vn 0.8120 0.5823 0.0409
vn 0.7046 0.6695 0.2353
vn 0.7058 0.6692 0.2323
vn 0.5919 0.7137 0.3745
vn 0.3660 0.6042 0.7078
vn 0.4489 0.6601 0.6023
vn 0.4821 0.6994 0.5276
vn 0.5701 0.7061 0.4201
vn 0.2146 -0.2166 0.9524
vn 0.1716 0.0074 0.9851
vn 0.2290 0.2232 0.9475
vn 0.2360 0.1924 0.9525
vn 0.2398 0.3254 0.9147
vn 0.2895 0.4828 0.8265
vn 0.3357 0.5238 0.7829
vn 0.2531 -0.4523 0.8552
vn 0.2461 -0.3861 0.8890
vn 0.1463 -0.1300 0.9807
vn 0.3594 -0.5600 0.7465
vn 0.3713 -0.6026 0.7064
vn 0.4976 -0.6880 0.5283
vn 0.5776 -0.6820 0.4487
vn 0.8233 -0.0112 0.5676
vn 0.8242 -0.0000 0.5663
vn 0.8242 0.0000 0.5663
vn 0.8242 -0.0000 0.5663
vn 0.8237 -0.0157 0.5667
vn 0.8228 -0.0079 0.5683
vn 0.8223 -0.0045 0.5691
vn 0.8235 -0.0004 0.5674
vn 0.8264 -0.0103 0.5630
vn 0.8242 0.0000 0.5663
vn 0.8233 0.0107 0.5675
vn 0.8238 0.0153 0.5666
vn 0.8229 0.0077 0.5681
vn 0.8242 -0.0000 0.5663
vn 0.8242 0.0000 0.5663
vn 0.8242 0.0000 0.5663
vn 0.8242 -0.0000 0.5663
vn 0.8242 0.0000 0.5663
vn 0.8242 0.0000 0.5663
vn 0.8598 -0.0794 0.5044
vn 0.8242 -0.0000 0.5663
vn 0.8270 0.0121 0.5621
vn 0.8233 0.0005 0.5676
vn 0.8221 0.0030 0.5693
vn 0.8225 0.0049 0.5687
vn 0.8085 0.0787 0.5832
vn 0.8242 -0.0000 0.5663
vn 0.8242 0.0000 0.5663
vn 0.8423 -0.1168 0.5263
vn 0.8161 -0.0104 0.5778
vn 0.8291 -0.0368 0.5579
vn 0.8236 -0.0008 0.5672
vn 0.8299 0.0306 0.5571
vn 0.8242 0.0000 0.5663
vn 0.8242 0.0000 0.5663
vn 0.8225 0.0119 0.5686
f 517//1 518//1 498//1
f 500//2 501//2 498//2
f 501//3 499//3 498//3
f 518//4 500//4 498//4
f 498//5 497//5 496//5
f 516//6 517//6 498//6
f 496//7 516//7 498//7
f 499//8 497//8 498//8
f 413//9 402//9 366//9
f 413//10 366//10 368//10
f 368//11 366//11 317//11
f 368//12 317//12 319//12
f 319//13 317//13 234//13
f 319//14 234//14 242//14
f 242//15 234//15 170//15
f 242//16 170//16 176//16
f 176//17 170//17 169//17
f 176//18 169//18 175//18
f 175//19 169//19 168//19
f 175//20 168//20 174//20
f 174//21 168//21 167//21
f 174//22 167//22 173//22
f 173//23 167//23 233//23
f 173//24 233//24 241//24
f 241//25 233//25 297//25
f 241//26 297//26 301//26
f 301//27 297//27 365//27
f 301//28 365//28 367//28
f 367//29 365//29 399//29
f 367//30 399//30 410//30
f 410//31 399//31 400//31
f 410//32 400//32 411//32
f 411//33 400//33 401//33
f 411//34 401//34 412//34
f 412//35 401//35 402//35
f 412//36 402//36 413//36
f 517//37 658//37 518//37
f 518//38 658//38 630//38
f 518//39 630//39 500//39
f 631//40 500//40 630//40
f 632//41 501//41 631//41
f 631//42 501//42 500//42
f 499//43 501//43 632//43
f 499//44 632//44 609//44
f 499//45 609//45 606//45
f 499//46 606//46 497//46
f 497//47 606//47 626//47
f 497//48 626//48 496//48
f 625//49 496//49 626//49
f 517//50 516//50 625//50
f 625//51 516//51 496//51
f 517//52 625//52 658//52
f 233//53 166//53 276//53
f 169//54 106//54 168//54
f 168//55 106//55 131//55
f 400//56 456//56 401//56
f 401//57 456//57 432//57
f 401//58 432//58 402//58
f 402//59 432//59 366//59
f 233//60 276//60 297//60
f 297//61 276//61 316//61
f 297//62 316//62 365//62
f 365//63 316//63 385//63
f 365//64 385//64 399//64
f 399//65 385//65 398//65
f 399//66 398//66 400//66
f 400//67 398//67 431//67
f 400//68 431//68 456//68
f 166//69 233//69 131//69
f 131//70 233//70 167//70
f 131//71 167//71 168//71
f 432//72 403//72 366//72
f 366//73 403//73 337//73
f 366//74 337//74 317//74
f 317//75 337//75 298//75
f 317//76 298//76 234//76
f 234//77 298//77 203//77
f 234//78 203//78 170//78
f 170//79 203//79 171//79
f 170//80 171//80 169//80
f 169//81 171//81 132//81
f 169//82 132//82 106//82
f 133//83 107//83 175//83
f 175//84 107//84 134//84
f 175//85 134//85 176//85
f 176//86 134//86 177//86
f 176//87 177//87 242//87
f 242//88 177//88 204//88
f 242//89 204//89 319//89
f 319//90 204//90 302//90
f 319//91 302//91 368//91
f 241//92 172//92 173//92
f 173//93 172//93 133//93
f 173//94 133//94 174//94
f 174//95 133//95 175//95
f 438//96 461//96 411//96
f 411//97 461//97 437//97
f 411//98 437//98 410//98
f 410//99 437//99 409//99
f 410//100 409//100 367//100
f 367//101 409//101 386//101
f 367//102 386//102 301//102
f 301//103 386//103 318//103
f 301//104 318//104 241//104
f 241//105 318//105 279//105
f 241//106 279//106 172//106
f 302//107 340//107 368//107
f 368//108 340//108 414//108
f 368//109 414//109 413//109
f 413//110 414//110 438//110
f 413//111 438//111 412//111
f 412//112 438//112 411//112
f 657//113 660//113 658//113
f 658//114 660//114 630//114
f 630//115 660//115 665//115
f 630//116 665//116 631//116
f 657//117 658//117 651//117
f 651//118 658//118 625//118
f 651//119 625//119 647//119
f 647//120 625//120 626//120
f 647//121 626//121 619//121
f 619//122 626//122 622//122
f 622//123 626//123 604//123
f 604//124 626//124 607//124
f 607//125 626//125 606//125
f 607//126 606//126 610//126
f 665//127 634//127 631//127
f 631//128 634//128 635//128
f 631//129 635//129 615//129
f 631//130 615//130 632//130
f 632//131 615//131 613//131
f 632//132 613//132 609//132
f 609//133 613//133 610//133
f 609//134 610//134 606//134
f 191//135 203//135 298//135
f 191//136 298//136 293//136
f 293//137 298//137 337//137
f 293//138 337//138 328//138
f 328//139 337//139 403//139
f 328//140 403//140 394//140
f 394//141 403//141 432//141
f 394//142 432//142 423//142
f 423//143 432//143 456//143
f 423//144 456//144 451//144
f 451//145 456//145 431//145
f 451//146 431//146 422//146
f 422//147 431//147 398//147
f 422//148 398//148 393//148
f 393//149 398//149 385//149
f 393//150 385//150 383//150
f 383//151 385//151 316//151
f 383//152 316//152 313//152
f 313//153 316//153 276//153
f 313//154 276//154 265//154
f 265//155 276//155 166//155
f 265//156 166//156 158//156
f 158//157 166//157 131//157
f 158//158 131//158 120//158
f 120//159 131//159 106//159
f 120//160 106//160 101//160
f 101//161 106//161 132//161
f 101//162 132//162 121//162
f 121//163 132//163 171//163
f 121//164 171//164 159//164
f 159//165 171//165 203//165
f 159//166 203//166 191//166
f 536//167 543//167 537//167
f 537//168 543//168 544//168
f 386//169 388//169 322//169
f 386//170 322//170 318//170
f 318//171 322//171 284//171
f 318//172 284//172 279//172
f 279//173 284//173 183//173
f 279//174 183//174 172//174
f 172//175 183//175 142//175
f 172//176 142//176 133//176
f 133//177 142//177 113//177
f 133//178 113//178 107//178
f 107//179 113//179 143//179
f 107//180 143//180 134//180
f 134//181 143//181 184//181
f 134//182 184//182 177//182
f 177//183 184//183 212//183
f 177//184 212//184 204//184
f 204//185 212//185 304//185
f 204//186 304//186 302//186
f 302//187 304//187 347//187
f 302//188 347//188 340//188
f 340//189 347//189 417//189
f 340//190 417//190 414//190
f 414//191 417//191 445//191
f 414//192 445//192 438//192
f 438//193 445//193 464//193
f 438//194 464//194 461//194
f 461//195 464//195 444//195
f 461//196 444//196 437//196
f 437//197 444//197 416//197
f 437//198 416//198 409//198
f 409//199 416//199 388//199
f 409//200 388//200 386//200
f 534//201 557//201 533//201
f 554//202 533//202 556//202
f 557//203 556//203 533//203
f 537//204 534//204 536//204
f 536//205 534//205 533//205
f 370//206 364//206 336//206
f 363//207 369//207 341//207
f 363//208 341//208 335//208
f 335//209 341//209 336//209
f 336//210 341//210 342//210
f 336//211 342//211 370//211
f 541//212 519//212 635//212
f 635//213 519//213 502//213
f 665//214 569//214 541//214
f 665//215 541//215 634//215
f 634//216 541//216 635//216
f 660//217 657//217 588//217
f 660//218 588//218 591//218
f 660//219 591//219 665//219
f 665//220 591//220 569//220
f 582//221 585//221 651//221
f 651//222 585//222 657//222
f 657//223 585//223 588//223
f 582//224 651//224 562//224
f 562//225 651//225 647//225
f 495//226 514//226 619//226
f 619//227 514//227 539//227
f 619//228 539//228 647//228
f 647//229 539//229 562//229
f 495//230 619//230 622//230
f 604//231 476//231 622//231
f 622//232 476//232 495//232
f 607//233 433//233 455//233
f 607//234 455//234 604//234
f 604//235 455//235 476//235
f 433//236 607//236 610//236
f 433//237 610//237 434//237
f 615//238 478//238 613//238
f 478//239 460//239 613//239
f 613//240 460//240 435//240
f 613//241 435//241 610//241
f 610//242 435//242 434//242
f 635//243 502//243 615//243
f 615//244 502//244 478//244
f 440//245 428//245 370//245
f 370//246 428//246 364//246
f 428//247 440//247 480//247
f 428//248 480//248 475//248
f 475//249 480//249 521//249
f 475//250 521//250 515//250
f 515//251 521//251 543//251
f 515//252 543//252 536//252
f 548//253 547//253 573//253
f 573//254 547//254 572//254
f 543//255 547//255 544//255
f 544//256 547//256 548//256
f 209//257 251//257 250//257
f 250//258 251//258 283//258
f 250//259 283//259 249//259
f 249//260 283//260 282//260
f 249//261 282//261 208//261
f 208//262 282//262 248//262
f 208//263 248//263 181//263
f 181//264 248//264 247//264
f 181//265 247//265 138//265
f 138//266 247//266 180//266
f 138//267 180//267 111//267
f 111//268 180//268 110//268
f 111//269 110//269 86//269
f 86//270 110//270 56//270
f 86//271 56//271 87//271
f 87//272 56//272 39//272
f 87//273 39//273 88//273
f 88//274 39//274 40//274
f 88//275 40//275 89//275
f 89//276 40//276 57//276
f 89//277 57//277 112//277
f 112//278 57//278 90//278
f 112//279 90//279 139//279
f 139//280 90//280 140//280
f 139//281 140//281 182//281
f 182//282 140//282 210//282
f 182//283 210//283 209//283
f 209//284 210//284 251//284
f 1543//285 1544//285 1515//285
f 721//286 708//286 457//286
f 457//287 708//287 338//287
f 721//288 457//288 781//288
f 721//289 781//289 1544//289
f 1544//290 781//290 798//290
f 1544//291 798//291 814//291
f 1515//292 1544//292 970//292
f 814//293 833//293 1544//293
f 1544//294 833//294 858//294
f 1544//295 858//295 970//295
f 970//296 858//296 857//296
f 970//297 857//297 901//297
f 1515//298 1542//298 1543//298
f 299//299 277//299 237//299
f 338//300 708//300 235//300
f 235//301 708//301 299//301
f 235//302 299//302 237//302
f 235//303 237//303 236//303
f 702//304 708//304 721//304
f 702//305 721//305 715//305
f 422//306 466//306 451//306
f 451//307 466//307 467//307
f 451//308 467//308 423//308
f 158//309 190//309 265//309
f 265//310 190//310 222//310
f 265//311 222//311 313//311
f 313//312 222//312 312//312
f 313//313 312//313 383//313
f 383//314 312//314 382//314
f 383//315 382//315 393//315
f 393//316 382//316 421//316
f 393//317 421//317 422//317
f 422//318 421//318 466//318
f 467//319 468//319 423//319
f 423//320 468//320 394//320
f 394//321 468//321 424//321
f 394//322 424//322 328//322
f 121//323 65//323 101//323
f 101//324 65//324 64//324
f 101//325 64//325 120//325
f 120//326 64//326 63//326
f 120//327 63//327 158//327
f 158//328 63//328 119//328
f 158//329 119//329 190//329
f 424//330 384//330 328//330
f 328//331 384//331 353//331
f 328//332 353//332 293//332
f 293//333 353//333 294//333
f 293//334 294//334 191//334
f 191//335 294//335 192//335
f 191//336 192//336 159//336
f 159//337 192//337 122//337
f 159//338 122//338 121//338
f 121//339 122//339 66//339
f 121//340 66//340 65//340
f 162//341 163//341 127//341
f 127//342 163//342 103//342
f 103//343 163//343 75//343
f 103//344 75//344 74//344
f 75//345 53//345 74//345
f 74//346 53//346 73//346
f 73//347 53//347 32//347
f 73//348 32//348 72//348
f 72//349 32//349 31//349
f 72//350 31//350 71//350
f 71//351 31//351 52//351
f 71//352 52//352 102//352
f 102//353 52//353 70//353
f 102//354 70//354 126//354
f 126//355 70//355 125//355
f 126//356 125//356 161//356
f 161//357 125//357 196//357
f 161//358 196//358 197//358
f 197//359 196//359 271//359
f 197//360 271//360 226//360
f 226//361 271//361 272//361
f 226//362 272//362 227//362
f 227//363 272//363 273//363
f 227//364 273//364 198//364
f 198//365 273//365 228//365
f 198//366 228//366 162//366
f 162//367 228//367 199//367
f 162//368 199//368 163//368
f 595//369 575//369 594//369
f 594//370 575//370 574//370
f 571//371 544//371 548//371
f 571//372 548//372 594//372
f 594//373 548//373 573//373
f 573//374 572//374 594//374
f 594//375 572//375 593//375
f 571//376 559//376 544//376
f 544//377 559//377 537//377
f 557//378 580//378 556//378
f 556//379 580//379 579//379
f 556//380 579//380 554//380
f 554//381 579//381 578//381
f 557//382 534//382 580//382
f 557//383 534//383 537//383
f 557//384 537//384 559//384
f 577//385 579//385 553//385
f 553//386 579//386 555//386
f 143//387 94//387 184//387
f 184//388 94//388 144//388
f 184//389 144//389 212//389
f 212//390 144//390 213//390
f 212//391 213//391 304//391
f 304//392 213//392 305//392
f 304//393 305//393 347//393
f 305//394 376//394 347//394
f 347//395 376//395 389//395
f 347//396 389//396 417//396
f 284//397 211//397 183//397
f 183//398 211//398 141//398
f 183//399 141//399 142//399
f 142//400 141//400 91//400
f 142//401 91//401 113//401
f 113//402 91//402 92//402
f 113//403 92//403 143//403
f 143//404 92//404 93//404
f 143//405 93//405 94//405
f 389//406 446//406 417//406
f 417//407 446//407 485//407
f 417//408 485//408 445//408
f 445//409 485//409 464//409
f 464//410 485//410 484//410
f 464//411 484//411 444//411
f 484//412 483//412 444//412
f 444//413 483//413 416//413
f 416//414 483//414 443//414
f 416//415 443//415 388//415
f 388//416 443//416 387//416
f 388//417 387//417 322//417
f 322//418 387//418 321//418
f 322//419 321//419 284//419
f 284//420 321//420 252//420
f 284//421 252//421 211//421
f 1449//422 1455//422 1454//422
f 1449//423 1454//423 1448//423
f 1448//424 1454//424 1453//424
f 1448//425 1453//425 1447//425
f 1447//426 1453//426 1399//426
f 1447//427 1399//427 1393//427
f 1393//428 1399//428 1400//428
f 1393//429 1400//429 1394//429
f 1394//430 1400//430 1349//430
f 1394//431 1349//431 1342//431
f 1342//432 1349//432 1350//432
f 1342//433 1350//433 1343//433
f 1343//434 1350//434 1401//434
f 1343//435 1401//435 1395//435
f 1395//436 1401//436 1455//436
f 1395//437 1455//437 1449//437
f 1346//438 1353//438 1352//438
f 1346//439 1352//439 1345//439
f 1345//440 1352//440 1299//440
f 1345//441 1299//441 1295//441
f 1295//442 1299//442 1260//442
f 1295//443 1260//443 1256//443
f 1256//444 1260//444 1261//444
f 1256//445 1261//445 1257//445
f 1257//446 1261//446 1300//446
f 1257//447 1300//447 1296//447
f 1296//448 1300//448 1301//448
f 1296//449 1301//449 1297//449
f 1297//450 1301//450 1354//450
f 1297//451 1354//451 1347//451
f 1347//452 1354//452 1353//452
f 1347//453 1353//453 1346//453
f 1576//454 1255//454 1577//454
f 1577//455 1255//455 1259//455
f 948//456 970//456 901//456
f 901//457 894//457 948//457
f 857//458 853//458 901//458
f 853//459 894//459 901//459
f 970//460 948//460 1515//460
f 1515//461 948//461 1511//461
f 1539//462 1544//462 1543//462
f 1539//463 1543//463 1535//463
f 1535//464 1543//464 1534//464
f 1534//465 1543//465 1533//465
f 1543//466 1542//466 1533//466
f 1533//467 1542//467 1515//467
f 1533//468 1515//468 1511//468
f 452//469 356//469 357//469
f 452//470 357//470 425//470
f 425//471 357//471 360//471
f 360//472 426//472 425//472
f 426//473 360//473 364//473
f 426//474 364//474 428//474
f 531//475 554//475 530//475
f 515//476 536//476 511//476
f 511//477 536//477 533//477
f 472//478 493//478 510//478
f 510//479 493//479 532//479
f 510//480 532//480 531//480
f 531//481 532//481 533//481
f 531//482 533//482 554//482
f 508//483 470//483 472//483
f 452//484 470//484 491//484
f 491//485 470//485 508//485
f 470//486 452//486 472//486
f 472//487 452//487 425//487
f 472//488 425//488 426//488
f 530//489 508//489 531//489
f 531//490 508//490 510//490
f 510//491 508//491 472//491
f 533//492 532//492 511//492
f 511//493 532//493 493//493
f 511//494 493//494 515//494
f 515//495 493//495 472//495
f 515//496 472//496 475//496
f 475//497 472//497 426//497
f 475//498 426//498 428//498
f 336//499 364//499 360//499
f 363//500 335//500 358//500
f 358//501 359//501 356//501
f 360//502 332//502 336//502
f 336//503 332//503 335//503
f 335//504 332//504 331//504
f 360//505 357//505 359//505
f 359//506 357//506 356//506
f 332//507 360//507 331//507
f 331//508 360//508 359//508
f 335//509 331//509 358//509
f 331//510 359//510 358//510
f 363//511 453//511 427//511
f 363//512 404//512 369//512
f 369//513 404//513 405//513
f 369//514 405//514 407//514
f 427//515 397//515 363//515
f 363//516 397//516 404//516
f 407//517 408//517 369//517
f 369//518 408//518 439//518
f 369//519 439//519 462//519
f 343//520 372//520 344//520
f 344//521 372//521 373//521
f 343//522 371//522 372//522
f 344//523 373//523 370//523
f 344//524 370//524 342//524
f 344//525 342//525 341//525
f 344//526 341//526 343//526
f 343//527 341//527 371//527
f 371//528 341//528 369//528
f 567//529 570//529 542//529
f 589//530 592//530 567//530
f 535//531 558//531 581//531
f 586//532 583//532 597//532
f 586//533 597//533 589//533
f 582//534 562//534 564//534
f 582//535 564//535 585//535
f 591//536 566//536 569//536
f 495//537 494//537 513//537
f 519//538 504//538 502//538
f 503//539 504//539 520//539
f 568//540 542//540 540//540
f 540//541 542//541 520//541
f 540//542 520//542 519//542
f 519//543 520//543 504//543
f 541//544 540//544 519//544
f 567//545 542//545 568//545
f 567//546 568//546 589//546
f 592//547 570//547 567//547
f 581//548 583//548 560//548
f 581//549 560//549 535//549
f 492//550 509//550 513//550
f 513//551 509//551 535//551
f 561//552 535//552 560//552
f 562//553 539//553 561//553
f 562//554 561//554 564//554
f 564//555 561//555 563//555
f 564//556 563//556 585//556
f 585//557 563//557 584//557
f 585//558 584//558 588//558
f 588//559 584//559 587//559
f 588//560 587//560 591//560
f 591//561 587//561 590//561
f 591//562 590//562 565//562
f 591//563 565//563 566//563
f 566//564 565//564 569//564
f 569//565 565//565 540//565
f 569//566 540//566 541//566
f 514//567 495//567 513//567
f 514//568 513//568 539//568
f 539//569 513//569 538//569
f 539//570 538//570 561//570
f 538//571 513//571 535//571
f 538//572 535//572 561//572
f 563//573 561//573 584//573
f 540//574 565//574 568//574
f 568//575 565//575 589//575
f 589//576 565//576 590//576
f 589//577 590//577 586//577
f 586//578 590//578 587//578
f 586//579 587//579 583//579
f 583//580 587//580 584//580
f 583//581 584//581 560//581
f 560//582 584//582 561//582
f 492//583 513//583 494//583
f 433//584 405//584 404//584
f 492//585 494//585 474//585
f 492//586 474//586 471//586
f 471//587 474//587 453//587
f 462//588 439//588 436//588
f 436//589 439//589 408//589
f 436//590 408//590 406//590
f 406//591 408//591 407//591
f 478//592 502//592 477//592
f 477//593 459//593 478//593
f 478//594 459//594 460//594
f 433//595 404//595 430//595
f 433//596 430//596 429//596
f 433//597 429//597 455//597
f 455//598 429//598 454//598
f 454//599 474//599 476//599
f 495//600 474//600 494//600
f 495//601 476//601 474//601
f 453//602 474//602 427//602
f 476//603 455//603 454//603
f 429//604 430//604 404//604
f 429//605 474//605 454//605
f 427//606 474//606 429//606
f 427//607 429//607 397//607
f 397//608 429//608 404//608
f 406//609 407//609 405//609
f 434//610 405//610 433//610
f 502//611 504//611 477//611
f 477//612 504//612 479//612
f 477//613 479//613 459//613
f 435//614 460//614 436//614
f 436//615 460//615 459//615
f 436//616 459//616 462//616
f 462//617 459//617 479//617
f 503//618 479//618 462//618
f 503//619 462//619 504//619
f 504//620 462//620 479//620
f 434//621 435//621 405//621
f 405//622 435//622 406//622
f 406//623 435//623 436//623
f 372//624 463//624 373//624
f 373//625 442//625 370//625
f 373//626 463//626 441//626
f 373//627 441//627 442//627
f 370//628 442//628 440//628
f 523//629 546//629 524//629
f 547//630 543//630 521//630
f 547//631 524//631 546//631
f 547//632 546//632 572//632
f 522//633 546//633 523//633
f 522//634 523//634 481//634
f 521//635 480//635 506//635
f 506//636 480//636 481//636
f 480//637 440//637 481//637
f 481//638 440//638 442//638
f 481//639 442//639 441//639
f 547//640 521//640 524//640
f 524//641 521//641 506//641
f 524//642 506//642 523//642
f 523//643 506//643 481//643
f 481//644 441//644 463//644
f 572//645 546//645 545//645
f 545//646 546//646 522//646
f 522//647 481//647 505//647
f 505//648 481//648 463//648
f 856//649 853//649 857//649
f 813//650 814//650 803//650
f 803//651 814//651 798//651
f 803//652 798//652 795//652
f 795//653 798//653 796//653
f 781//654 780//654 798//654
f 798//655 780//655 788//655
f 798//656 788//656 796//656
f 856//657 857//657 841//657
f 857//658 858//658 841//658
f 841//659 858//659 833//659
f 841//660 833//660 832//660
f 813//661 812//661 814//661
f 814//662 812//662 822//662
f 814//663 822//663 833//663
f 833//664 822//664 827//664
f 833//665 827//665 832//665
f 201//666 198//666 162//666
f 201//667 162//667 165//667
f 165//668 162//668 127//668
f 165//669 127//669 130//669
f 130//670 127//670 103//670
f 130//671 103//671 105//671
f 105//672 103//672 74//672
f 105//673 74//673 79//673
f 79//674 74//674 73//674
f 79//675 73//675 78//675
f 78//676 73//676 72//676
f 78//677 72//677 77//677
f 77//678 72//678 71//678
f 77//679 71//679 76//679
f 76//680 71//680 102//680
f 76//681 102//681 104//681
f 104//682 102//682 126//682
f 104//683 126//683 129//683
f 129//684 126//684 161//684
f 129//685 161//685 164//685
f 164//686 161//686 197//686
f 164//687 197//687 200//687
f 200//688 197//688 226//688
f 200//689 226//689 230//689
f 230//690 226//690 227//690
f 230//691 227//691 231//691
f 231//692 227//692 198//692
f 231//693 198//693 201//693
f 86//694 81//694 108//694
f 86//695 108//695 111//695
f 111//696 108//696 136//696
f 111//697 136//697 138//697
f 138//698 136//698 178//698
f 138//699 178//699 181//699
f 181//700 178//700 205//700
f 181//701 205//701 208//701
f 208//702 205//702 244//702
f 208//703 244//703 249//703
f 249//704 244//704 245//704
f 249//705 245//705 250//705
f 250//706 245//706 206//706
f 250//707 206//707 209//707
f 209//708 206//708 179//708
f 209//709 179//709 182//709
f 182//710 179//710 137//710
f 182//711 137//711 139//711
f 139//712 137//712 109//712
f 139//713 109//713 112//713
f 112//714 109//714 84//714
f 112//715 84//715 89//715
f 89//716 84//716 83//716
f 89//717 83//717 88//717
f 88//718 83//718 82//718
f 88//719 82//719 87//719
f 87//720 82//720 81//720
f 87//721 81//721 86//721
f 486//722 377//722 482//722
f 482//723 377//723 374//723
f 349//724 346//724 375//724
f 349//725 375//725 378//725
f 378//726 375//726 374//726
f 378//727 374//727 377//727
f 346//728 349//728 323//728
f 346//729 323//729 320//729
f 320//730 323//730 306//730
f 320//731 306//731 303//731
f 303//732 306//732 287//732
f 303//733 287//733 280//733
f 288//734 281//734 287//734
f 287//735 281//735 280//735
f 281//736 288//736 257//736
f 281//737 257//737 246//737
f 246//738 257//738 215//738
f 246//739 215//739 207//739
f 215//740 96//740 207//740
f 207//741 96//741 85//741
f 90//742 95//742 146//742
f 90//743 146//743 140//743
f 140//744 146//744 214//744
f 140//745 214//745 210//745
f 210//746 214//746 256//746
f 210//747 256//747 251//747
f 251//748 256//748 286//748
f 251//749 286//749 283//749
f 283//750 286//750 285//750
f 283//751 285//751 282//751
f 282//752 285//752 255//752
f 282//753 255//753 248//753
f 248//754 255//754 254//754
f 248//755 254//755 247//755
f 247//756 254//756 185//756
f 247//757 185//757 180//757
f 180//758 185//758 114//758
f 180//759 114//759 110//759
f 110//760 114//760 59//760
f 110//761 59//761 56//761
f 56//762 59//762 43//762
f 56//763 43//763 39//763
f 39//764 43//764 44//764
f 39//765 44//765 40//765
f 40//766 44//766 60//766
f 40//767 60//767 57//767
f 57//768 60//768 95//768
f 57//769 95//769 90//769
f 450//770 552//770 457//770
f 457//771 552//771 641//771
f 457//772 641//772 716//772
f 716//773 757//773 457//773
f 457//774 757//774 765//774
f 457//775 765//775 781//775
f 781//776 765//776 773//776
f 781//777 773//777 780//777
f 450//778 457//778 381//778
f 381//779 457//779 338//779
f 381//780 338//780 327//780
f 327//781 338//781 311//781
f 311//782 338//782 235//782
f 311//783 235//783 219//783
f 219//784 235//784 220//784
f 220//785 235//785 236//785
f 220//786 236//786 221//786
f 221//787 236//787 237//787
f 221//788 237//788 263//788
f 263//789 237//789 277//789
f 263//790 277//790 264//790
f 264//791 277//791 299//791
f 264//792 299//792 291//792
f 291//793 299//793 601//793
f 601//794 299//794 708//794
f 601//795 708//795 702//795
f 1539//796 1392//796 1544//796
f 1544//797 1392//797 1225//797
f 1544//798 1225//798 1129//798
f 767//799 759//799 721//799
f 1129//800 900//800 1544//800
f 1544//801 900//801 797//801
f 1544//802 797//802 721//802
f 721//803 797//803 775//803
f 721//804 775//804 767//804
f 759//805 750//805 721//805
f 721//806 750//806 743//806
f 721//807 743//807 715//807
f 577//808 729//808 579//808
f 579//809 729//809 731//809
f 469//810 473//810 354//810
f 354//811 473//811 361//811
f 334//812 330//812 355//812
f 334//813 355//813 362//813
f 362//814 355//814 354//814
f 362//815 354//815 361//815
f 330//816 334//816 315//816
f 330//817 315//817 314//817
f 314//818 315//818 296//818
f 314//819 296//819 295//819
f 295//820 296//820 274//820
f 295//821 274//821 269//821
f 275//822 270//822 274//822
f 274//823 270//823 269//823
f 270//824 275//824 232//824
f 270//825 232//825 225//825
f 225//826 232//826 202//826
f 225//827 202//827 195//827
f 195//828 202//828 69//828
f 69//829 202//829 80//829
f 51//830 53//830 75//830
f 51//831 75//831 68//831
f 75//832 163//832 68//832
f 68//833 163//833 160//833
f 199//834 194//834 160//834
f 199//835 160//835 163//835
f 194//836 199//836 228//836
f 194//837 228//837 224//837
f 224//838 228//838 273//838
f 224//839 273//839 268//839
f 268//840 273//840 272//840
f 268//841 272//841 267//841
f 267//842 272//842 271//842
f 267//843 271//843 266//843
f 266//844 271//844 196//844
f 266//845 196//845 193//845
f 193//846 196//846 125//846
f 193//847 125//847 124//847
f 124//848 125//848 70//848
f 124//849 70//849 67//849
f 67//850 70//850 52//850
f 67//851 52//851 50//851
f 50//852 52//852 31//852
f 50//853 31//853 28//853
f 28//854 31//854 32//854
f 28//855 32//855 29//855
f 29//856 32//856 53//856
f 29//857 53//857 51//857
f 594//858 739//858 595//858
f 595//859 739//859 741//859
f 46//860 41//860 24//860
f 46//861 24//861 25//861
f 25//862 24//862 42//862
f 25//863 42//863 47//863
f 47//864 42//864 58//864
f 47//865 58//865 62//865
f 62//866 58//866 145//866
f 62//867 145//867 151//867
f 151//868 145//868 253//868
f 151//869 253//869 259//869
f 259//870 253//870 348//870
f 259//871 348//871 350//871
f 350//872 348//872 418//872
f 350//873 418//873 419//873
f 419//874 418//874 486//874
f 419//875 486//875 490//875
f 490//876 486//876 526//876
f 490//877 526//877 527//877
f 574//878 575//878 549//878
f 549//879 527//879 526//879
f 486//880 482//880 526//880
f 526//881 482//881 525//881
f 526//882 525//882 549//882
f 549//883 525//883 512//883
f 529//884 553//884 555//884
f 579//885 580//885 555//885
f 555//886 580//886 557//886
f 559//887 571//887 574//887
f 574//888 571//888 594//888
f 557//889 559//889 555//889
f 555//890 559//890 574//890
f 555//891 574//891 529//891
f 529//892 574//892 549//892
f 529//893 549//893 507//893
f 507//894 549//894 512//894
f 507//895 512//895 469//895
f 469//896 512//896 473//896
f 448//897 489//897 485//897
f 485//898 446//898 448//898
f 448//899 446//899 389//899
f 448//900 389//900 391//900
f 391//901 389//901 376//901
f 391//902 376//902 379//902
f 379//903 376//903 305//903
f 379//904 305//904 307//904
f 307//905 305//905 213//905
f 307//906 213//906 217//906
f 217//907 213//907 144//907
f 217//908 144//908 150//908
f 150//909 144//909 94//909
f 150//910 94//910 100//910
f 100//911 94//911 93//911
f 100//912 93//912 99//912
f 99//913 93//913 92//913
f 99//914 92//914 98//914
f 98//915 92//915 91//915
f 98//916 91//916 97//916
f 97//917 91//917 141//917
f 97//918 141//918 149//918
f 149//919 141//919 211//919
f 149//920 211//920 216//920
f 216//921 211//921 252//921
f 216//922 252//922 258//922
f 258//923 252//923 321//923
f 258//924 321//924 324//924
f 324//925 321//925 387//925
f 324//926 387//926 390//926
f 390//927 387//927 443//927
f 390//928 443//928 447//928
f 447//929 443//929 483//929
f 447//930 483//930 487//930
f 487//931 483//931 484//931
f 487//932 484//932 488//932
f 488//933 484//933 485//933
f 488//934 485//934 489//934
f 1576//935 1448//935 1255//935
f 1255//936 1448//936 1447//936
f 1255//937 1447//937 1393//937
f 1393//938 1394//938 1255//938
f 1255//939 1394//939 1342//939
f 1255//940 1342//940 1155//940
f 1155//941 1342//941 1343//941
f 1155//942 1343//942 1395//942
f 1155//943 1257//943 1296//943
f 1395//944 1449//944 1345//944
f 1451//945 1347//945 1346//945
f 1155//946 1296//946 1451//946
f 1451//947 1296//947 1297//947
f 1451//948 1297//948 1347//948
f 1395//949 1295//949 1155//949
f 1155//950 1295//950 1256//950
f 1155//951 1256//951 1257//951
f 1451//952 1346//952 1576//952
f 1576//953 1346//953 1345//953
f 1395//954 1345//954 1295//954
f 1345//955 1449//955 1576//955
f 1576//956 1449//956 1448//956
f 1159//957 1259//957 1155//957
f 1155//958 1259//958 1255//958
f 1353//959 1354//959 1457//959
f 1457//960 1354//960 1301//960
f 1457//961 1301//961 1159//961
f 1159//962 1301//962 1300//962
f 1159//963 1300//963 1261//963
f 1401//964 1350//964 1159//964
f 1159//965 1350//965 1349//965
f 1159//966 1349//966 1259//966
f 1259//967 1349//967 1400//967
f 1259//968 1400//968 1399//968
f 1259//969 1399//969 1453//969
f 1259//970 1453//970 1577//970
f 1577//971 1453//971 1454//971
f 1577//972 1352//972 1353//972
f 1577//973 1353//973 1457//973
f 1299//974 1401//974 1159//974
f 1299//975 1159//975 1260//975
f 1260//976 1159//976 1261//976
f 1455//977 1352//977 1577//977
f 1455//978 1577//978 1454//978
f 1352//979 1455//979 1401//979
f 1352//980 1401//980 1299//980
f 1451//981 1576//981 1457//981
f 1457//982 1576//982 1577//982
f 851//983 838//983 837//983
f 851//984 837//984 839//984
f 852//985 838//985 851//985
f 855//986 850//986 839//986
f 893//987 851//987 850//987
f 850//988 851//988 839//988
f 900//989 1043//989 804//989
f 753//990 750//990 761//990
f 761//991 750//991 759//991
f 761//992 759//992 769//992
f 769//993 759//993 767//993
f 769//994 767//994 777//994
f 777//995 767//995 775//995
f 777//996 775//996 804//996
f 804//997 775//997 797//997
f 804//998 797//998 900//998
f 1602//999 1626//999 1627//999
f 1539//1000 1628//1000 1446//1000
f 1533//1001 1602//1001 1627//1001
f 1533//1002 1627//1002 1534//1002
f 1534//1003 1627//1003 1628//1003
f 1534//1004 1628//1004 1535//1004
f 1535//1005 1628//1005 1539//1005
f 1602//1006 1533//1006 1511//1006
f 1602//1007 1511//1007 893//1007
f 893//1008 1511//1008 948//1008
f 893//1009 948//1009 894//1009
f 894//1010 851//1010 893//1010
f 832//1011 826//1011 841//1011
f 841//1012 826//1012 831//1012
f 841//1013 831//1013 856//1013
f 856//1014 831//1014 840//1014
f 856//1015 840//1015 853//1015
f 853//1016 840//1016 838//1016
f 853//1017 838//1017 894//1017
f 894//1018 838//1018 852//1018
f 894//1019 852//1019 851//1019
f 803//1020 794//1020 813//1020
f 813//1021 794//1021 807//1021
f 813//1022 807//1022 812//1022
f 812//1023 807//1023 810//1023
f 812//1024 810//1024 822//1024
f 822//1025 810//1025 819//1025
f 822//1026 819//1026 827//1026
f 827//1027 819//1027 821//1027
f 827//1028 821//1028 832//1028
f 832//1029 821//1029 820//1029
f 832//1030 820//1030 826//1030
f 1043//1031 900//1031 1153//1031
f 1153//1032 900//1032 1129//1032
f 1153//1033 1129//1033 1254//1033
f 1254//1034 1129//1034 1225//1034
f 1254//1035 1225//1035 1446//1035
f 1446//1036 1225//1036 1392//1036
f 1446//1037 1392//1037 1539//1037
f 1627//1038 1626//1038 1628//1038
f 1628//1039 1626//1039 1656//1039
f 1628//1040 1656//1040 1657//1040
f 1658//1041 1659//1041 1656//1041
f 1656//1042 1659//1042 1657//1042
f 579//1043 731//1043 578//1043
f 578//1044 731//1044 704//1044
f 491//1045 704//1045 452//1045
f 452//1046 704//1046 356//1046
f 554//1047 578//1047 530//1047
f 530//1048 578//1048 704//1048
f 530//1049 704//1049 508//1049
f 508//1050 704//1050 491//1050
f 453//1051 363//1051 358//1051
f 509//1052 492//1052 732//1052
f 734//1053 535//1053 732//1053
f 732//1054 535//1054 509//1054
f 717//1055 719//1055 358//1055
f 358//1056 719//1056 733//1056
f 358//1057 733//1057 492//1057
f 492//1058 733//1058 732//1058
f 356//1059 704//1059 717//1059
f 356//1060 717//1060 358//1060
f 358//1061 492//1061 471//1061
f 358//1062 471//1062 453//1062
f 583//1063 734//1063 597//1063
f 597//1064 734//1064 736//1064
f 597//1065 736//1065 589//1065
f 542//1066 570//1066 736//1066
f 736//1067 570//1067 592//1067
f 736//1068 592//1068 589//1068
f 583//1069 581//1069 734//1069
f 734//1070 581//1070 558//1070
f 734//1071 558//1071 535//1071
f 371//1072 369//1072 503//1072
f 503//1073 369//1073 479//1073
f 369//1074 462//1074 479//1074
f 712//1075 372//1075 723//1075
f 723//1076 372//1076 371//1076
f 723//1077 371//1077 739//1077
f 739//1078 371//1078 503//1078
f 739//1079 503//1079 738//1079
f 738//1080 503//1080 520//1080
f 738//1081 520//1081 736//1081
f 736//1082 520//1082 542//1082
f 463//1083 372//1083 712//1083
f 739//1084 594//1084 712//1084
f 712//1085 594//1085 593//1085
f 572//1086 545//1086 593//1086
f 593//1087 545//1087 522//1087
f 593//1088 522//1088 712//1088
f 712//1089 522//1089 505//1089
f 712//1090 505//1090 463//1090
f 741//1091 739//1091 740//1091
f 740//1092 739//1092 738//1092
f 753//1093 749//1093 750//1093
f 750//1094 749//1094 747//1094
f 750//1095 747//1095 743//1095
f 727//1096 728//1096 551//1096
f 551//1097 728//1097 157//1097
f 551//1098 157//1098 156//1098
f 729//1099 728//1099 731//1099
f 731//1100 728//1100 730//1100
f 794//1101 803//1101 789//1101
f 789//1102 803//1102 795//1102
f 789//1103 795//1103 790//1103
f 790//1104 795//1104 796//1104
f 790//1105 796//1105 786//1105
f 786//1106 796//1106 788//1106
f 786//1107 788//1107 779//1107
f 779//1108 788//1108 780//1108
f 779//1109 780//1109 771//1109
f 771//1110 780//1110 773//1110
f 771//1111 773//1111 763//1111
f 763//1112 773//1112 765//1112
f 763//1113 765//1113 754//1113
f 754//1114 765//1114 757//1114
f 754//1115 757//1115 703//1115
f 703//1116 757//1116 716//1116
f 703//1117 716//1117 602//1117
f 602//1118 716//1118 641//1118
f 528//1119 602//1119 552//1119
f 552//1120 602//1120 641//1120
f 69//1121 80//1121 35//1121
f 69//1122 35//1122 30//1122
f 30//1123 35//1123 14//1123
f 30//1124 14//1124 13//1124
f 13//1125 14//1125 6//1125
f 13//1126 6//1126 3//1126
f 79//1127 78//1127 6//1127
f 229//1128 128//1128 315//1128
f 6//1129 78//1129 5//1129
f 6//1130 14//1130 79//1130
f 79//1131 14//1131 35//1131
f 79//1132 35//1132 105//1132
f 105//1133 35//1133 80//1133
f 105//1134 80//1134 130//1134
f 130//1135 80//1135 202//1135
f 130//1136 202//1136 232//1136
f 129//1137 128//1137 104//1137
f 104//1138 128//1138 4//1138
f 104//1139 4//1139 76//1139
f 76//1140 4//1140 5//1140
f 76//1141 5//1141 77//1141
f 77//1142 5//1142 78//1142
f 128//1143 54//1143 4//1143
f 4//1144 54//1144 34//1144
f 4//1145 34//1145 19//1145
f 19//1146 34//1146 20//1146
f 19//1147 20//1147 33//1147
f 275//1148 165//1148 130//1148
f 275//1149 130//1149 232//1149
f 230//1150 315//1150 200//1150
f 200//1151 315//1151 128//1151
f 200//1152 128//1152 164//1152
f 164//1153 128//1153 129//1153
f 230//1154 231//1154 315//1154
f 315//1155 231//1155 201//1155
f 315//1156 201//1156 296//1156
f 296//1157 201//1157 165//1157
f 296//1158 165//1158 274//1158
f 274//1159 165//1159 275//1159
f 315//1160 334//1160 229//1160
f 229//1161 334//1161 333//1161
f 333//1162 334//1162 362//1162
f 333//1163 362//1163 396//1163
f 396//1164 362//1164 361//1164
f 396//1165 361//1165 473//1165
f 512//1166 525//1166 482//1166
f 512//1167 482//1167 473//1167
f 473//1168 482//1168 415//1168
f 473//1169 415//1169 396//1169
f 396//1170 415//1170 345//1170
f 396//1171 345//1171 333//1171
f 333//1172 345//1172 243//1172
f 333//1173 243//1173 229//1173
f 229//1174 243//1174 135//1174
f 229//1175 135//1175 128//1175
f 128//1176 135//1176 55//1176
f 128//1177 55//1177 54//1177
f 54//1178 55//1178 37//1178
f 54//1179 37//1179 34//1179
f 34//1180 37//1180 22//1180
f 34//1181 22//1181 20//1181
f 20//1182 22//1182 36//1182
f 20//1183 36//1183 33//1183
f 37//1184 55//1184 7//1184
f 55//1185 135//1185 7//1185
f 7//1186 135//1186 108//1186
f 7//1187 108//1187 8//1187
f 109//1188 137//1188 207//1188
f 207//1189 137//1189 246//1189
f 37//1190 7//1190 22//1190
f 22//1191 7//1191 21//1191
f 22//1192 21//1192 36//1192
f 245//1193 244//1193 320//1193
f 320//1194 244//1194 205//1194
f 320//1195 205//1195 346//1195
f 108//1196 81//1196 8//1196
f 8//1197 81//1197 82//1197
f 8//1198 82//1198 9//1198
f 9//1199 82//1199 83//1199
f 9//1200 83//1200 15//1200
f 15//1201 83//1201 84//1201
f 15//1202 84//1202 38//1202
f 38//1203 84//1203 109//1203
f 38//1204 109//1204 85//1204
f 85//1205 109//1205 207//1205
f 415//1206 374//1206 345//1206
f 345//1207 374//1207 375//1207
f 345//1208 375//1208 346//1208
f 415//1209 482//1209 374//1209
f 345//1210 346//1210 205//1210
f 345//1211 205//1211 243//1211
f 243//1212 205//1212 178//1212
f 243//1213 178//1213 135//1213
f 135//1214 178//1214 136//1214
f 135//1215 136//1215 108//1215
f 303//1216 179//1216 320//1216
f 320//1217 179//1217 206//1217
f 320//1218 206//1218 245//1218
f 303//1219 280//1219 179//1219
f 179//1220 280//1220 281//1220
f 179//1221 281//1221 137//1221
f 137//1222 281//1222 246//1222
f 85//1223 96//1223 45//1223
f 85//1224 45//1224 38//1224
f 38//1225 45//1225 16//1225
f 38//1226 16//1226 15//1226
f 15//1227 16//1227 12//1227
f 15//1228 12//1228 9//1228
f 24//1229 41//1229 23//1229
f 24//1230 23//1230 42//1230
f 214//1231 257//1231 288//1231
f 58//1232 42//1232 114//1232
f 114//1233 42//1233 23//1233
f 114//1234 23//1234 59//1234
f 59//1235 23//1235 10//1235
f 59//1236 10//1236 43//1236
f 43//1237 10//1237 11//1237
f 43//1238 11//1238 44//1238
f 44//1239 11//1239 12//1239
f 44//1240 12//1240 60//1240
f 60//1241 12//1241 16//1241
f 60//1242 16//1242 95//1242
f 95//1243 16//1243 45//1243
f 95//1244 45//1244 146//1244
f 146//1245 45//1245 96//1245
f 146//1246 96//1246 214//1246
f 214//1247 96//1247 215//1247
f 214//1248 215//1248 257//1248
f 58//1249 114//1249 145//1249
f 145//1250 114//1250 185//1250
f 145//1251 185//1251 253//1251
f 253//1252 185//1252 254//1252
f 253//1253 254//1253 348//1253
f 214//1254 288//1254 287//1254
f 214//1255 287//1255 256//1255
f 256//1256 287//1256 306//1256
f 256//1257 306//1257 286//1257
f 286//1258 306//1258 323//1258
f 286//1259 323//1259 285//1259
f 285//1260 323//1260 349//1260
f 348//1261 254//1261 418//1261
f 418//1262 254//1262 255//1262
f 418//1263 255//1263 486//1263
f 486//1264 255//1264 285//1264
f 486//1265 285//1265 377//1265
f 377//1266 285//1266 349//1266
f 377//1267 349//1267 378//1267
f 727//1268 715//1268 744//1268
f 744//1269 715//1269 743//1269
f 744//1270 743//1270 747//1270
f 155//1271 220//1271 115//1271
f 115//1272 220//1272 221//1272
f 115//1273 221//1273 116//1273
f 116//1274 221//1274 263//1274
f 264//1275 291//1275 156//1275
f 263//1276 156//1276 116//1276
f 156//1277 263//1277 264//1277
f 156//1278 291//1278 551//1278
f 551//1279 291//1279 601//1279
f 551//1280 601//1280 727//1280
f 727//1281 601//1281 702//1281
f 727//1282 702//1282 715//1282
f 528//1283 552//1283 420//1283
f 420//1284 552//1284 450//1284
f 420//1285 450//1285 352//1285
f 352//1286 450//1286 381//1286
f 352//1287 381//1287 310//1287
f 310//1288 381//1288 327//1288
f 310//1289 327//1289 292//1289
f 292//1290 327//1290 311//1290
f 292//1291 311//1291 189//1291
f 189//1292 311//1292 219//1292
f 189//1293 219//1293 155//1293
f 155//1294 219//1294 220//1294
f 156//1295 157//1295 118//1295
f 156//1296 118//1296 116//1296
f 116//1297 118//1297 117//1297
f 116//1298 117//1298 115//1298
f 48//1299 117//1299 118//1299
f 728//1300 312//1300 157//1300
f 157//1301 312//1301 222//1301
f 157//1302 222//1302 190//1302
f 157//1303 190//1303 119//1303
f 118//1304 157//1304 48//1304
f 48//1305 157//1305 119//1305
f 48//1306 119//1306 26//1306
f 26//1307 119//1307 63//1307
f 26//1308 63//1308 18//1308
f 18//1309 63//1309 64//1309
f 18//1310 64//1310 27//1310
f 294//1311 353//1311 395//1311
f 395//1312 353//1312 384//1312
f 395//1313 384//1313 469//1313
f 469//1314 384//1314 424//1314
f 469//1315 424//1315 507//1315
f 507//1316 424//1316 468//1316
f 507//1317 468//1317 529//1317
f 529//1318 468//1318 467//1318
f 729//1319 577//1319 466//1319
f 466//1320 577//1320 553//1320
f 466//1321 553//1321 467//1321
f 467//1322 553//1322 529//1322
f 729//1323 466//1323 421//1323
f 729//1324 421//1324 728//1324
f 728//1325 421//1325 382//1325
f 728//1326 382//1326 312//1326
f 395//1327 329//1327 294//1327
f 294//1328 329//1328 223//1328
f 294//1329 223//1329 192//1329
f 192//1330 223//1330 123//1330
f 192//1331 123//1331 122//1331
f 122//1332 123//1332 49//1332
f 122//1333 49//1333 66//1333
f 66//1334 49//1334 27//1334
f 66//1335 27//1335 65//1335
f 65//1336 27//1336 64//1336
f 266//1337 193//1337 223//1337
f 223//1338 193//1338 123//1338
f 123//1339 193//1339 124//1339
f 123//1340 124//1340 67//1340
f 1//1341 27//1341 49//1341
f 329//1342 330//1342 223//1342
f 223//1343 330//1343 314//1343
f 395//1344 469//1344 354//1344
f 395//1345 354//1345 329//1345
f 329//1346 354//1346 355//1346
f 329//1347 355//1347 330//1347
f 266//1348 223//1348 267//1348
f 267//1349 223//1349 314//1349
f 267//1350 314//1350 268//1350
f 27//1351 1//1351 18//1351
f 18//1352 1//1352 17//1352
f 18//1353 17//1353 26//1353
f 268//1354 314//1354 224//1354
f 224//1355 314//1355 295//1355
f 224//1356 295//1356 194//1356
f 49//1357 123//1357 1//1357
f 1//1358 123//1358 67//1358
f 1//1359 67//1359 2//1359
f 2//1360 67//1360 50//1360
f 2//1361 50//1361 3//1361
f 3//1362 50//1362 28//1362
f 3//1363 28//1363 13//1363
f 28//1364 29//1364 13//1364
f 13//1365 29//1365 51//1365
f 13//1366 51//1366 30//1366
f 295//1367 269//1367 194//1367
f 194//1368 269//1368 270//1368
f 30//1369 51//1369 68//1369
f 30//1370 68//1370 69//1370
f 69//1371 68//1371 160//1371
f 69//1372 160//1372 195//1372
f 195//1373 160//1373 225//1373
f 225//1374 160//1374 194//1374
f 225//1375 194//1375 270//1375
f 307//1376 217//1376 151//1376
f 595//1377 741//1377 487//1377
f 147//1378 61//1378 148//1378
f 148//1379 97//1379 186//1379
f 186//1380 97//1380 149//1380
f 151//1381 217//1381 62//1381
f 62//1382 217//1382 150//1382
f 62//1383 150//1383 47//1383
f 324//1384 740//1384 258//1384
f 258//1385 740//1385 186//1385
f 258//1386 186//1386 216//1386
f 216//1387 186//1387 149//1387
f 150//1388 100//1388 47//1388
f 47//1389 100//1389 99//1389
f 47//1390 99//1390 25//1390
f 25//1391 99//1391 98//1391
f 25//1392 98//1392 46//1392
f 46//1393 98//1393 97//1393
f 46//1394 97//1394 61//1394
f 61//1395 97//1395 148//1395
f 488//1396 489//1396 527//1396
f 527//1397 489//1397 490//1397
f 490//1398 489//1398 448//1398
f 490//1399 448//1399 419//1399
f 448//1400 391//1400 419//1400
f 419//1401 391//1401 379//1401
f 419//1402 379//1402 350//1402
f 350//1403 379//1403 307//1403
f 350//1404 307//1404 259//1404
f 259//1405 307//1405 151//1405
f 324//1406 390//1406 740//1406
f 740//1407 390//1407 447//1407
f 740//1408 447//1408 741//1408
f 741//1409 447//1409 487//1409
f 527//1410 549//1410 488//1410
f 488//1411 549//1411 575//1411
f 488//1412 575//1412 487//1412
f 487//1413 575//1413 595//1413
f 927//1414 872//1414 873//1414
f 873//1415 872//1415 868//1415
f 873//1416 868//1416 869//1416
f 869//1417 868//1417 843//1417
f 893//1418 1155//1418 1602//1418
f 1602//1419 1155//1419 1451//1419
f 1602//1420 1451//1420 1626//1420
f 868//1421 1159//1421 855//1421
f 855//1422 1159//1422 1155//1422
f 1613//1423 1457//1423 927//1423
f 927//1424 1457//1424 1159//1424
f 1155//1425 893//1425 850//1425
f 1155//1426 850//1426 855//1426
f 1159//1427 868//1427 872//1427
f 1159//1428 872//1428 927//1428
f 1658//1429 1451//1429 1675//1429
f 1675//1430 1451//1430 1457//1430
f 1613//1431 1641//1431 1457//1431
f 1457//1432 1641//1432 1678//1432
f 1457//1433 1678//1433 1675//1433
f 1658//1434 1656//1434 1451//1434
f 1451//1435 1656//1435 1626//1435
f 1678//1436 1641//1436 1642//1436
f 1676//1437 1675//1437 1678//1437
f 1676//1438 1678//1438 1642//1438
f 819//1439 823//1439 821//1439
f 821//1440 823//1440 825//1440
f 821//1441 825//1441 820//1441
f 820//1442 825//1442 829//1442
f 820//1443 829//1443 826//1443
f 826//1444 829//1444 831//1444
f 840//1445 847//1445 844//1445
f 829//1446 828//1446 831//1446
f 831//1447 828//1447 836//1447
f 831//1448 836//1448 840//1448
f 840//1449 836//1449 845//1449
f 840//1450 845//1450 847//1450
f 855//1451 839//1451 837//1451
f 837//1452 843//1452 868//1452
f 855//1453 837//1453 868//1453
f 843//1454 837//1454 844//1454
f 844//1455 837//1455 838//1455
f 840//1456 844//1456 838//1456
f 779//1457 783//1457 786//1457
f 786//1458 783//1458 787//1458
f 786//1459 787//1459 790//1459
f 790//1460 787//1460 792//1460
f 790//1461 792//1461 789//1461
f 789//1462 792//1462 791//1462
f 789//1463 791//1463 794//1463
f 794//1464 791//1464 800//1464
f 794//1465 800//1465 807//1465
f 807//1466 800//1466 808//1466
f 807//1467 808//1467 810//1467
f 810//1468 808//1468 811//1468
f 810//1469 811//1469 819//1469
f 819//1470 811//1470 816//1470
f 819//1471 816//1471 823//1471
f 847//1472 874//1472 873//1472
f 847//1473 873//1473 844//1473
f 844//1474 873//1474 869//1474
f 844//1475 869//1475 843//1475
f 1642//1476 1643//1476 1582//1476
f 1658//1477 1675//1477 1582//1477
f 1659//1478 1628//1478 1657//1478
f 1675//1479 1676//1479 1582//1479
f 1582//1480 1676//1480 1642//1480
f 752//1481 749//1481 753//1481
f 1659//1482 1658//1482 1628//1482
f 1628//1483 1658//1483 1582//1483
f 1628//1484 1582//1484 1446//1484
f 1446//1485 1582//1485 1458//1485
f 1446//1486 1458//1486 1254//1486
f 1254//1487 1458//1487 1262//1487
f 1254//1488 1262//1488 1153//1488
f 1153//1489 1262//1489 1162//1489
f 1153//1490 1162//1490 1043//1490
f 1043//1491 1162//1491 1053//1491
f 1043//1492 1053//1492 804//1492
f 804//1493 1053//1493 806//1493
f 804//1494 806//1494 777//1494
f 777//1495 806//1495 778//1495
f 777//1496 778//1496 769//1496
f 769//1497 778//1497 770//1497
f 769//1498 770//1498 761//1498
f 761//1499 770//1499 762//1499
f 761//1500 762//1500 753//1500
f 753//1501 762//1501 756//1501
f 753//1502 756//1502 752//1502
f 188//1503 186//1503 640//1503
f 640//1504 186//1504 740//1504
f 640//1505 740//1505 742//1505
f 717//1506 704//1506 731//1506
f 742//1507 740//1507 746//1507
f 746//1508 740//1508 738//1508
f 723//1509 739//1509 712//1509
f 734//1510 732//1510 730//1510
f 734//1511 730//1511 736//1511
f 732//1512 733//1512 730//1512
f 730//1513 733//1513 731//1513
f 731//1514 733//1514 719//1514
f 731//1515 719//1515 717//1515
f 728//1516 727//1516 744//1516
f 728//1517 744//1517 730//1517
f 749//1518 752//1518 747//1518
f 747//1519 752//1519 748//1519
f 747//1520 748//1520 744//1520
f 744//1521 748//1521 746//1521
f 744//1522 746//1522 730//1522
f 730//1523 746//1523 738//1523
f 730//1524 738//1524 736//1524
f 783//1525 779//1525 772//1525
f 772//1526 779//1526 771//1526
f 772//1527 771//1527 764//1527
f 764//1528 771//1528 763//1528
f 764//1529 763//1529 755//1529
f 755//1530 763//1530 754//1530
f 755//1531 754//1531 713//1531
f 713//1532 754//1532 703//1532
f 713//1533 703//1533 617//1533
f 617//1534 703//1534 602//1534
f 617//1535 602//1535 550//1535
f 550//1536 602//1536 528//1536
f 550//1537 528//1537 449//1537
f 449//1538 528//1538 420//1538
f 19//1539 33//1539 26//1539
f 33//1540 36//1540 61//1540
f 46//1541 61//1541 41//1541
f 41//1542 61//1542 36//1542
f 41//1543 36//1543 23//1543
f 155//1544 115//1544 117//1544
f 26//1545 33//1545 48//1545
f 48//1546 33//1546 61//1546
f 48//1547 61//1547 117//1547
f 117//1548 61//1548 147//1548
f 117//1549 147//1549 155//1549
f 449//1550 420//1550 380//1550
f 380//1551 420//1551 352//1551
f 380//1552 352//1552 325//1552
f 325//1553 352//1553 310//1553
f 325//1554 310//1554 308//1554
f 308//1555 310//1555 292//1555
f 308//1556 292//1556 218//1556
f 218//1557 292//1557 189//1557
f 218//1558 189//1558 187//1558
f 187//1559 189//1559 155//1559
f 187//1560 155//1560 152//1560
f 152//1561 155//1561 147//1561
f 152//1562 147//1562 153//1562
f 36//1563 21//1563 23//1563
f 23//1564 21//1564 7//1564
f 23//1565 7//1565 10//1565
f 10//1566 7//1566 8//1566
f 10//1567 8//1567 11//1567
f 11//1568 8//1568 9//1568
f 11//1569 9//1569 12//1569
f 26//1570 17//1570 19//1570
f 19//1571 17//1571 1//1571
f 19//1572 1//1572 4//1572
f 4//1573 1//1573 2//1573
f 4//1574 2//1574 5//1574
f 5//1575 2//1575 3//1575
f 5//1576 3//1576 6//1576
f 153//1577 147//1577 148//1577
f 153//1578 148//1578 154//1578
f 154//1579 148//1579 186//1579
f 154//1580 186//1580 188//1580
f 617//1581 576//1581 671//1581
f 576//1582 617//1582 550//1582
f 801//1583 805//1583 800//1583
f 800//1584 791//1584 801//1584
f 801//1585 791//1585 792//1585
f 801//1586 792//1586 793//1586
f 793//1587 792//1587 787//1587
f 793//1588 787//1588 785//1588
f 785//1589 787//1589 783//1589
f 617//1590 671//1590 713//1590
f 713//1591 671//1591 725//1591
f 713//1592 725//1592 755//1592
f 755//1593 725//1593 758//1593
f 755//1594 758//1594 764//1594
f 764//1595 758//1595 766//1595
f 764//1596 766//1596 772//1596
f 772//1597 766//1597 774//1597
f 772//1598 774//1598 783//1598
f 783//1599 774//1599 784//1599
f 783//1600 784//1600 785//1600
f 726//1601 722//1601 709//1601
f 726//1602 709//1602 714//1602
f 847//1603 870//1603 928//1603
f 873//1604 874//1604 928//1604
f 928//1605 874//1605 847//1605
f 873//1606 928//1606 927//1606
f 1520//1607 1613//1607 1006//1607
f 1006//1608 1613//1608 927//1608
f 1006//1609 927//1609 928//1609
f 1520//1610 1557//1610 1613//1610
f 1613//1611 1557//1611 1558//1611
f 1613//1612 1558//1612 1641//1612
f 1641//1613 1558//1613 1642//1613
f 1642//1614 1558//1614 1643//1614
f 1555//1615 1582//1615 1643//1615
f 1555//1616 1643//1616 1558//1616
f 908//1617 1053//1617 1134//1617
f 1134//1618 1053//1618 1162//1618
f 1134//1619 1162//1619 1226//1619
f 1226//1620 1162//1620 1262//1620
f 1226//1621 1262//1621 1405//1621
f 1405//1622 1262//1622 1458//1622
f 1405//1623 1458//1623 1555//1623
f 1555//1624 1458//1624 1582//1624
f 870//1625 847//1625 845//1625
f 870//1626 845//1626 846//1626
f 846//1627 845//1627 836//1627
f 846//1628 836//1628 842//1628
f 842//1629 836//1629 828//1629
f 842//1630 828//1630 835//1630
f 835//1631 828//1631 829//1631
f 835//1632 829//1632 830//1632
f 830//1633 829//1633 825//1633
f 830//1634 825//1634 824//1634
f 825//1635 823//1635 824//1635
f 824//1636 823//1636 816//1636
f 824//1637 816//1637 817//1637
f 817//1638 816//1638 811//1638
f 817//1639 811//1639 818//1639
f 818//1640 811//1640 808//1640
f 818//1641 808//1641 809//1641
f 809//1642 808//1642 800//1642
f 809//1643 800//1643 805//1643
f 1053//1644 908//1644 802//1644
f 751//1645 756//1645 760//1645
f 760//1646 756//1646 762//1646
f 760//1647 762//1647 768//1647
f 768//1648 762//1648 770//1648
f 768//1649 770//1649 776//1649
f 776//1650 770//1650 778//1650
f 776//1651 778//1651 802//1651
f 802//1652 778//1652 806//1652
f 802//1653 806//1653 1053//1653
f 756//1654 751//1654 752//1654
f 752//1655 751//1655 745//1655
f 752//1656 745//1656 748//1656
f 640//1657 309//1657 188//1657
f 154//1658 262//1658 153//1658
f 309//1659 290//1659 188//1659
f 188//1660 290//1660 289//1660
f 188//1661 289//1661 262//1661
f 188//1662 262//1662 154//1662
f 261//1663 187//1663 262//1663
f 262//1664 187//1664 152//1664
f 262//1665 152//1665 153//1665
f 187//1666 261//1666 218//1666
f 218//1667 261//1667 260//1667
f 218//1668 260//1668 308//1668
f 308//1669 260//1669 326//1669
f 308//1670 326//1670 325//1670
f 325//1671 326//1671 351//1671
f 325//1672 351//1672 380//1672
f 380//1673 351//1673 392//1673
f 380//1674 392//1674 449//1674
f 449//1675 392//1675 465//1675
f 449//1676 465//1676 550//1676
f 550//1677 465//1677 576//1677
f 726//1678 742//1678 745//1678
f 745//1679 742//1679 746//1679
f 745//1680 746//1680 748//1680
f 742//1681 726//1681 714//1681
f 742//1682 714//1682 640//1682
f 640//1683 714//1683 600//1683
f 640//1684 600//1684 309//1684
f 714//1685 709//1685 600//1685
f 600//1686 709//1686 300//1686
f 600//1687 300//1687 309//1687
f 309//1688 300//1688 290//1688
f 290//1689 300//1689 278//1689
f 290//1690 278//1690 289//1690
f 289//1691 278//1691 240//1691
f 289//1692 240//1692 262//1692
f 262//1693 240//1693 261//1693
f 261//1694 240//1694 239//1694
f 261//1695 239//1695 238//1695
f 261//1696 238//1696 260//1696
f 260//1697 238//1697 326//1697
f 326//1698 238//1698 339//1698
f 326//1699 339//1699 351//1699
f 351//1700 339//1700 392//1700
f 392//1701 339//1701 458//1701
f 392//1702 458//1702 465//1702
f 725//1703 671//1703 458//1703
f 458//1704 671//1704 576//1704
f 458//1705 576//1705 465//1705
f 784//1706 774//1706 782//1706
f 782//1707 774//1707 766//1707
f 782//1708 766//1708 458//1708
f 458//1709 766//1709 758//1709
f 458//1710 758//1710 725//1710
f 799//1711 793//1711 782//1711
f 782//1712 793//1712 785//1712
f 782//1713 785//1713 784//1713
f 815//1714 818//1714 799//1714
f 799//1715 818//1715 809//1715
f 809//1716 805//1716 799//1716
f 799//1717 805//1717 801//1717
f 799//1718 801//1718 793//1718
f 835//1719 830//1719 834//1719
f 834//1720 830//1720 824//1720
f 834//1721 824//1721 815//1721
f 815//1722 824//1722 817//1722
f 815//1723 817//1723 818//1723
f 835//1724 834//1724 842//1724
f 842//1725 834//1725 864//1725
f 842//1726 864//1726 846//1726
f 846//1727 864//1727 863//1727
f 846//1728 863//1728 870//1728
f 870//1729 863//1729 928//1729
f 928//1730 863//1730 907//1730
f 928//1731 907//1731 980//1731
f 928//1732 980//1732 1006//1732
f 1516//1733 1520//1733 980//1733
f 980//1734 1520//1734 1006//1734
f 1547//1735 1557//1735 1520//1735
f 1547//1736 1520//1736 1516//1736
f 1548//1737 1558//1737 1547//1737
f 1547//1738 1558//1738 1557//1738
f 1549//1739 1555//1739 1558//1739
f 1549//1740 1558//1740 1548//1740
f 1134//1741 1226//1741 1549//1741
f 1226//1742 1405//1742 1549//1742
f 1549//1743 1405//1743 1555//1743
f 722//1744 760//1744 768//1744
f 726//1745 745//1745 722//1745
f 722//1746 745//1746 751//1746
f 722//1747 751//1747 760//1747
f 768//1748 776//1748 722//1748
f 722//1749 776//1749 802//1749
f 722//1750 802//1750 1549//1750
f 1549//1751 802//1751 908//1751
f 1549//1752 908//1752 1134//1752
f 834//1753 815//1753 1549//1753
f 834//1754 1549//1754 864//1754
f 815//1755 799//1755 1549//1755
f 1549//1756 799//1756 782//1756
f 1549//1757 782//1757 722//1757
f 722//1758 782//1758 458//1758
f 980//1759 907//1759 863//1759
f 980//1760 863//1760 864//1760
f 980//1761 864//1761 1516//1761
f 1516//1762 864//1762 1549//1762
f 1516//1763 1549//1763 1547//1763
f 722//1764 458//1764 709//1764
f 709//1765 458//1765 339//1765
f 709//1766 339//1766 300//1766
f 300//1767 339//1767 238//1767
f 1549//1768 1548//1768 1547//1768
f 278//1769 300//1769 240//1769
f 240//1770 300//1770 239//1770
f 239//1771 300//1771 238//1771
f 1211//1772 1273//1772 1111//1772
f 1211//1773 1111//1773 1110//1773
f 1211//1774 1110//1774 1209//1774
f 1209//1775 1309//1775 1312//1775
f 1209//1776 1312//1776 1211//1776
f 1211//1777 1312//1777 1313//1777
f 1211//1778 1313//1778 1273//1778
f 1273//1779 1313//1779 1472//1779
f 1472//1780 1313//1780 1588//1780
f 1588//1781 1313//1781 1312//1781
f 1588//1782 1312//1782 1587//1782
f 1587//1783 1312//1783 1309//1783
f 1587//1784 1309//1784 1585//1784
f 1677//1785 1680//1785 1640//1785
f 1640//1786 1680//1786 1645//1786
f 1775//1787 1811//1787 1773//1787
f 1645//1788 1775//1788 1646//1788
f 1646//1789 1775//1789 1773//1789
f 1646//1790 1773//1790 1609//1790
f 1609//1791 1773//1791 1723//1791
f 1609//1792 1723//1792 1610//1792
f 1723//1793 1674//1793 1612//1793
f 1610//1794 1723//1794 1611//1794
f 1611//1795 1723//1795 1612//1795
f 1611//1796 1612//1796 1553//1796
f 1553//1797 1612//1797 1674//1797
f 1553//1798 1674//1798 1638//1798
f 1553//1799 1554//1799 1551//1799
f 1553//1800 1551//1800 1550//1800
f 1055//1801 1060//1801 1061//1801
f 1055//1802 1061//1802 988//1802
f 988//1803 1061//1803 999//1803
f 988//1804 999//1804 989//1804
f 1060//1805 1071//1805 1061//1805
f 1102//1806 1070//1806 1060//1806
f 1102//1807 1107//1807 1070//1807
f 1107//1808 1108//1808 1070//1808
f 1070//1809 1108//1809 1071//1809
f 1070//1810 1071//1810 1060//1810
f 1137//1811 1104//1811 1103//1811
f 1101//1812 1104//1812 1135//1812
f 1135//1813 1104//1813 1137//1813
f 1103//1814 1064//1814 1063//1814
f 1062//1815 1166//1815 1063//1815
f 1063//1816 1166//1816 1136//1816
f 1063//1817 1136//1817 1103//1817
f 1062//1818 1072//1818 1166//1818
f 1166//1819 1072//1819 1108//1819
f 1166//1820 1108//1820 1190//1820
f 1001//1821 1064//1821 1056//1821
f 1056//1822 994//1822 1001//1822
f 1001//1823 994//1823 993//1823
f 1274//1824 1273//1824 1472//1824
f 1111//1825 1269//1825 1112//1825
f 1112//1826 1269//1826 1210//1826
f 1112//1827 1210//1827 1114//1827
f 1473//1828 1310//1828 1269//1828
f 1269//1829 1310//1829 1270//1829
f 1269//1830 1270//1830 1210//1830
f 1269//1831 1419//1831 1473//1831
f 1473//1832 1419//1832 1560//1832
f 1473//1833 1560//1833 1561//1833
f 1561//1834 1560//1834 1648//1834
f 1561//1835 1648//1835 1589//1835
f 1726//1836 1724//1836 1648//1836
f 1648//1837 1724//1837 1649//1837
f 1648//1838 1649//1838 1589//1838
f 1925//1839 1881//1839 1783//1839
f 1882//1840 1724//1840 1881//1840
f 1881//1841 1724//1841 1726//1841
f 1881//1842 1726//1842 1783//1842
f 1783//1843 1726//1843 1648//1843
f 1783//1844 1648//1844 1694//1844
f 1694//1845 1648//1845 1560//1845
f 1694//1846 1560//1846 1588//1846
f 1588//1847 1560//1847 1419//1847
f 1588//1848 1419//1848 1472//1848
f 1472//1849 1419//1849 1269//1849
f 1472//1850 1269//1850 1274//1850
f 1274//1851 1269//1851 1111//1851
f 1274//1852 1111//1852 1273//1852
f 1881//1853 1925//1853 1922//1853
f 1922//1854 1925//1854 1962//1854
f 1922//1855 1961//1855 1923//1855
f 1923//1856 1883//1856 1922//1856
f 1922//1857 1883//1857 1881//1857
f 1881//1858 1883//1858 1882//1858
f 1961//1859 1920//1859 1923//1859
f 1957//1860 2000//1860 1920//1860
f 1957//1861 1999//1861 2000//1861
f 1920//1862 1961//1862 1957//1862
f 1957//1863 1961//1863 2003//1863
f 1957//1864 2003//1864 2004//1864
f 1957//1865 2004//1865 1999//1865
f 1962//1866 1960//1866 1922//1866
f 1922//1867 1960//1867 1961//1867
f 1961//1868 1960//1868 2003//1868
f 1749//1869 1775//1869 1645//1869
f 1775//1870 1749//1870 1811//1870
f 1811//1871 1749//1871 1748//1871
f 1645//1872 1680//1872 1749//1872
f 1749//1873 1680//1873 1748//1873
f 1748//1874 1680//1874 1743//1874
f 1743//1875 1680//1875 1677//1875
f 1811//1876 1748//1876 1809//1876
f 1809//1877 1748//1877 1743//1877
f 1837//1878 1838//1878 1812//1878
f 1809//1879 1837//1879 1811//1879
f 1811//1880 1837//1880 1812//1880
f 1837//1881 1809//1881 1834//1881
f 1835//1882 1838//1882 1837//1882
f 1835//1883 1837//1883 1834//1883
f 1808//1884 1771//1884 1742//1884
f 1742//1885 1771//1885 1720//1885
f 1812//1886 1744//1886 1773//1886
f 1812//1887 1773//1887 1811//1887
f 1744//1888 1723//1888 1773//1888
f 1637//1889 1638//1889 1692//1889
f 1692//1890 1638//1890 1744//1890
f 1744//1891 1638//1891 1674//1891
f 1744//1892 1674//1892 1723//1892
f 1742//1893 1838//1893 1808//1893
f 1808//1894 1838//1894 1835//1894
f 1720//1895 1637//1895 1692//1895
f 1720//1896 1692//1896 1742//1896
f 1742//1897 1692//1897 1744//1897
f 1742//1898 1744//1898 1838//1898
f 1838//1899 1744//1899 1812//1899
f 1668//1900 1666//1900 1635//1900
f 1635//1901 1666//1901 1634//1901
f 1636//1902 1670//1902 1635//1902
f 1635//1903 1670//1903 1668//1903
f 1637//1904 1636//1904 1635//1904
f 1581//1905 1553//1905 1607//1905
f 1607//1906 1553//1906 1638//1906
f 1607//1907 1638//1907 1581//1907
f 1581//1908 1638//1908 1637//1908
f 1581//1909 1637//1909 1578//1909
f 1551//1910 1554//1910 1578//1910
f 1578//1911 1554//1911 1581//1911
f 1581//1912 1554//1912 1553//1912
f 1551//1913 1546//1913 1550//1913
f 1550//1914 1546//1914 1545//1914
f 1665//1915 1677//1915 1640//1915
f 1665//1916 1640//1916 1633//1916
f 1611//1917 1553//1917 1580//1917
f 1579//1918 1583//1918 1584//1918
f 1584//1919 1583//1919 1608//1919
f 1580//1920 1553//1920 1552//1920
f 1552//1921 1553//1921 1550//1921
f 1610//1922 1611//1922 1609//1922
f 1609//1923 1611//1923 1580//1923
f 1609//1924 1580//1924 1552//1924
f 1609//1925 1552//1925 1584//1925
f 1584//1926 1552//1926 1579//1926
f 1579//1927 1552//1927 1550//1927
f 1646//1928 1609//1928 1645//1928
f 1645//1929 1609//1929 1584//1929
f 1645//1930 1584//1930 1640//1930
f 1640//1931 1584//1931 1608//1931
f 997//1932 996//1932 1003//1932
f 997//1933 1003//1933 1058//1933
f 1058//1934 1003//1934 1068//1934
f 1068//1935 1003//1935 1067//1935
f 1074//1936 1068//1936 1067//1936
f 1112//1937 1114//1937 1113//1937
f 1111//1938 1112//1938 1113//1938
f 1111//1939 1113//1939 1074//1939
f 1074//1940 1113//1940 1068//1940
f 997//1941 981//1941 973//1941
f 973//1942 981//1942 982//1942
f 973//1943 982//1943 974//1943
f 974//1944 982//1944 1050//1944
f 974//1945 1050//1945 1048//1945
f 1054//1946 1048//1946 1050//1946
f 1054//1947 1050//1947 1059//1947
f 1059//1948 1050//1948 982//1948
f 1059//1949 982//1949 998//1949
f 998//1950 982//1950 981//1950
f 998//1951 981//1951 997//1951
f 1069//1952 1068//1952 1114//1952
f 1114//1953 1068//1953 1113//1953
f 1068//1954 1069//1954 1059//1954
f 1068//1955 1059//1955 1058//1955
f 1059//1956 998//1956 1058//1956
f 1058//1957 998//1957 997//1957
f 1114//1958 1106//1958 1069//1958
f 1059//1959 1069//1959 1106//1959
f 1366//1960 1231//1960 1232//1960
f 1500//1961 1468//1961 1559//1961
f 1724//1962 1882//1962 1840//1962
f 1724//1963 1840//1963 1836//1963
f 1724//1964 1836//1964 1747//1964
f 1589//1965 1649//1965 1724//1965
f 1589//1966 1724//1966 1586//1966
f 1586//1967 1724//1967 1644//1967
f 1644//1968 1724//1968 1747//1968
f 1473//1969 1561//1969 1589//1969
f 1473//1970 1589//1970 1467//1970
f 1467//1971 1589//1971 1468//1971
f 1468//1972 1589//1972 1586//1972
f 1468//1973 1586//1973 1559//1973
f 1559//1974 1586//1974 1644//1974
f 1270//1975 1310//1975 1473//1975
f 1270//1976 1473//1976 1232//1976
f 1232//1977 1473//1977 1467//1977
f 1232//1978 1467//1978 1468//1978
f 1232//1979 1468//1979 1366//1979
f 1210//1980 1270//1980 1114//1980
f 1114//1981 1270//1981 1232//1981
f 1114//1982 1232//1982 1106//1982
f 1106//1983 1232//1983 1231//1983
f 1919//1984 1878//1984 1879//1984
f 1883//1985 1840//1985 1882//1985
f 1920//1986 1879//1986 1883//1986
f 1920//1987 1883//1987 1923//1987
f 1836//1988 1840//1988 1879//1988
f 1879//1989 1840//1989 1883//1989
f 1879//1990 1920//1990 1919//1990
f 1948//1991 1945//1991 1910//1991
f 1948//1992 1910//1992 1911//1992
f 1949//1993 1945//1993 1948//1993
f 1949//1994 1948//1994 1951//1994
f 1954//1995 1951//1995 1952//1995
f 1952//1996 1951//1996 1948//1996
f 1952//1997 1948//1997 1915//1997
f 1915//1998 1948//1998 1911//1998
f 1915//1999 1911//1999 1912//1999
f 1954//2000 1952//2000 1920//2000
f 1920//2001 1952//2001 1915//2001
f 1920//2002 1915//2002 1919//2002
f 1919//2003 1915//2003 1918//2003
f 1919//2004 1918//2004 1878//2004
f 1063//2005 1064//2005 1062//2005
f 1108//2006 1072//2006 1071//2006
f 1071//2007 1072//2007 1062//2007
f 1071//2008 1062//2008 1061//2008
f 1061//2009 1062//2009 1000//2009
f 989//2010 999//2010 990//2010
f 990//2011 999//2011 991//2011
f 991//2012 993//2012 992//2012
f 1064//2013 1001//2013 1062//2013
f 1062//2014 1001//2014 993//2014
f 1062//2015 993//2015 1000//2015
f 1000//2016 993//2016 991//2016
f 1000//2017 991//2017 1061//2017
f 1061//2018 991//2018 999//2018
f 1190//2019 1108//2019 1139//2019
f 1190//2020 1139//2020 1189//2020
f 1189//2021 1139//2021 1138//2021
f 1139//2022 1108//2022 1107//2022
f 1139//2023 1107//2023 1138//2023
f 1138//2024 1107//2024 1165//2024
f 1165//2025 1107//2025 1102//2025
f 1165//2026 1102//2026 1163//2026
f 1189//2027 1138//2027 1165//2027
f 1189//2028 1165//2028 1188//2028
f 1188//2029 1165//2029 1163//2029
f 1204//2030 1207//2030 1189//2030
f 1204//2031 1189//2031 1182//2031
f 1182//2032 1189//2032 1188//2032
f 1166//2033 1190//2033 1189//2033
f 1137//2034 1103//2034 1136//2034
f 1166//2035 1189//2035 1164//2035
f 1164//2036 1189//2036 1207//2036
f 1164//2037 1207//2037 1187//2037
f 1187//2038 1207//2038 1186//2038
f 1187//2039 1186//2039 1135//2039
f 1187//2040 1135//2040 1164//2040
f 1164//2041 1135//2041 1137//2041
f 1164//2042 1137//2042 1166//2042
f 1166//2043 1137//2043 1136//2043
f 1103//2044 1104//2044 1064//2044
f 1064//2045 1104//2045 1065//2045
f 1065//2046 1104//2046 1056//2046
f 1056//2047 1104//2047 1101//2047
f 1064//2048 1065//2048 1056//2048
f 985//2049 979//2049 984//2049
f 979//2050 978//2050 984//2050
f 984//2051 993//2051 994//2051
f 984//2052 994//2052 985//2052
f 1100//2053 1101//2053 1132//2053
f 1101//2054 1135//2054 1132//2054
f 1003//2055 996//2055 995//2055
f 1067//2056 1003//2056 1002//2056
f 1002//2057 1003//2057 995//2057
f 1002//2058 995//2058 1057//2058
f 1057//2059 1066//2059 1002//2059
f 1067//2060 1002//2060 1066//2060
f 1067//2061 1066//2061 1074//2061
f 1074//2062 1066//2062 1073//2062
f 1066//2063 1105//2063 1110//2063
f 1066//2064 1110//2064 1073//2064
f 1110//2065 1111//2065 1073//2065
f 1073//2066 1111//2066 1074//2066
f 1783//2067 1694//2067 1681//2067
f 1681//2068 1694//2068 1588//2068
f 1681//2069 1588//2069 1587//2069
f 1681//2070 1587//2070 1585//2070
f 1681//2071 1585//2071 1679//2071
f 1925//2072 1783//2072 1681//2072
f 1925//2073 1681//2073 1921//2073
f 1921//2074 1681//2074 1679//2074
f 1999//2075 2004//2075 2003//2075
f 1998//2076 1999//2076 2003//2076
f 1962//2077 1925//2077 1960//2077
f 1960//2078 1925//2078 1921//2078
f 1998//2079 2003//2079 2002//2079
f 2002//2080 2003//2080 1960//2080
f 2002//2081 1960//2081 1959//2081
f 1959//2082 1960//2082 1921//2082
f 1997//2083 1998//2083 1956//2083
f 1956//2084 1998//2084 2002//2084
f 1956//2085 2002//2085 1959//2085
f 1992//2086 2025//2086 1988//2086
f 1988//2087 2025//2087 2023//2087
f 1988//2088 2023//2088 1985//2088
f 1991//2089 2000//2089 2029//2089
f 2029//2090 2000//2090 1999//2090
f 1954//2091 1920//2091 2000//2091
f 2029//2092 2025//2092 1991//2092
f 1991//2093 2025//2093 1992//2093
f 1991//2094 1992//2094 2000//2094
f 2000//2095 1992//2095 1995//2095
f 2000//2096 1995//2096 1954//2096
f 1954//2097 1995//2097 1992//2097
f 1954//2098 1992//2098 1951//2098
f 1951//2099 1992//2099 1988//2099
f 1951//2100 1988//2100 1949//2100
f 1949//2101 1988//2101 1985//2101
f 1949//2102 1985//2102 1945//2102
f 1994//2103 1997//2103 1993//2103
f 2023//2104 2025//2104 2027//2104
f 2023//2105 2027//2105 2022//2105
f 2022//2106 2027//2106 1989//2106
f 1984//2107 2022//2107 1987//2107
f 1987//2108 2022//2108 1989//2108
f 1987//2109 1989//2109 1990//2109
f 2029//2110 1999//2110 1998//2110
f 2029//2111 1998//2111 2032//2111
f 1998//2112 2034//2112 2032//2112
f 2032//2113 2034//2113 2031//2113
f 2034//2114 1998//2114 2031//2114
f 2031//2115 1998//2115 1994//2115
f 1994//2116 1998//2116 1997//2116
f 2025//2117 2029//2117 2027//2117
f 2027//2118 2029//2118 2032//2118
f 2027//2119 2032//2119 2031//2119
f 2027//2120 2031//2120 1994//2120
f 2027//2121 1994//2121 1989//2121
f 1989//2122 1994//2122 1993//2122
f 1989//2123 1993//2123 1990//2123
f 1990//2124 1993//2124 1997//2124
f 1743//2125 1677//2125 1665//2125
f 1869//2126 1665//2126 1865//2126
f 1865//2127 1665//2127 1862//2127
f 1869//2128 1831//2128 1665//2128
f 1665//2129 1831//2129 1743//2129
f 1743//2130 1831//2130 1834//2130
f 1743//2131 1834//2131 1809//2131
f 1869//2132 1865//2132 1866//2132
f 1874//2133 1835//2133 1872//2133
f 1872//2134 1835//2134 1834//2134
f 1872//2135 1834//2135 1871//2135
f 1863//2136 1867//2136 1866//2136
f 1863//2137 1866//2137 1862//2137
f 1862//2138 1866//2138 1865//2138
f 1871//2139 1834//2139 1831//2139
f 1867//2140 1870//2140 1872//2140
f 1867//2141 1872//2141 1866//2141
f 1866//2142 1872//2142 1871//2142
f 1866//2143 1871//2143 1831//2143
f 1866//2144 1831//2144 1869//2144
f 1870//2145 1867//2145 1802//2145
f 1808//2146 1835//2146 1874//2146
f 1874//2147 1806//2147 1808//2147
f 1808//2148 1806//2148 1769//2148
f 1808//2149 1769//2149 1771//2149
f 1771//2150 1769//2150 1718//2150
f 1771//2151 1718//2151 1720//2151
f 1720//2152 1718//2152 1636//2152
f 1720//2153 1636//2153 1637//2153
f 1670//2154 1716//2154 1668//2154
f 1874//2155 1872//2155 1806//2155
f 1806//2156 1872//2156 1804//2156
f 1806//2157 1804//2157 1769//2157
f 1769//2158 1804//2158 1767//2158
f 1769//2159 1767//2159 1718//2159
f 1718//2160 1767//2160 1716//2160
f 1718//2161 1716//2161 1636//2161
f 1636//2162 1716//2162 1670//2162
f 1872//2163 1870//2163 1804//2163
f 1804//2164 1870//2164 1802//2164
f 1804//2165 1802//2165 1767//2165
f 1767//2166 1802//2166 1765//2166
f 1767//2167 1765//2167 1716//2167
f 1716//2168 1765//2168 1714//2168
f 1716//2169 1714//2169 1668//2169
f 1666//2170 1668//2170 1712//2170
f 1712//2171 1668//2171 1714//2171
f 1712//2172 1714//2172 1763//2172
f 1763//2173 1714//2173 1765//2173
f 1763//2174 1765//2174 1799//2174
f 1799//2175 1765//2175 1802//2175
f 1799//2176 1802//2176 1863//2176
f 1863//2177 1802//2177 1867//2177
f 1635//2178 1634//2178 1546//2178
f 1637//2179 1635//2179 1578//2179
f 1578//2180 1635//2180 1546//2180
f 1578//2181 1546//2181 1551//2181
f 1633//2182 1640//2182 1608//2182
f 1550//2183 1545//2183 1579//2183
f 1579//2184 1545//2184 1633//2184
f 1579//2185 1633//2185 1583//2185
f 1583//2186 1633//2186 1608//2186
f 997//2187 973//2187 996//2187
f 996//2188 973//2188 972//2188
f 996//2189 972//2189 987//2189
f 986//2190 1047//2190 1052//2190
f 986//2191 971//2191 1047//2191
f 995//2192 996//2192 987//2192
f 972//2193 971//2193 987//2193
f 987//2194 971//2194 986//2194
f 987//2195 986//2195 995//2195
f 995//2196 986//2196 1057//2196
f 1057//2197 986//2197 1052//2197
f 1911//2198 1910//2198 1605//2198
f 1259//2199 1258//2199 1048//2199
f 1878//2200 1918//2200 1606//2200
f 1606//2201 1918//2201 1915//2201
f 1606//2202 1915//2202 1605//2202
f 1605//2203 1915//2203 1912//2203
f 1605//2204 1912//2204 1911//2204
f 1259//2205 1106//2205 1231//2205
f 1048//2206 1054//2206 1259//2206
f 1259//2207 1054//2207 1059//2207
f 1231//2208 1366//2208 1259//2208
f 1259//2209 1366//2209 1468//2209
f 1259//2210 1468//2210 1606//2210
f 1606//2211 1468//2211 1500//2211
f 1606//2212 1500//2212 1559//2212
f 1559//2213 1644//2213 1606//2213
f 1606//2214 1644//2214 1747//2214
f 1606//2215 1747//2215 1878//2215
f 1878//2216 1747//2216 1836//2216
f 1878//2217 1836//2217 1879//2217
f 1259//2218 1059//2218 1106//2218
f 992//2219 993//2219 984//2219
f 990//2220 991//2220 977//2220
f 977//2221 991//2221 992//2221
f 977//2222 992//2222 978//2222
f 978//2223 992//2223 984//2223
f 990//2224 977//2224 989//2224
f 989//2225 977//2225 976//2225
f 983//2226 989//2226 976//2226
f 988//2227 989//2227 983//2227
f 988//2228 983//2228 1055//2228
f 976//2229 975//2229 983//2229
f 983//2230 975//2230 1049//2230
f 983//2231 1049//2231 1051//2231
f 1055//2232 983//2232 1051//2232
f 1051//2233 1049//2233 1182//2233
f 1051//2234 1182//2234 1055//2234
f 1188//2235 1163//2235 1182//2235
f 1182//2236 1163//2236 1102//2236
f 1182//2237 1102//2237 1060//2237
f 1182//2238 1060//2238 1055//2238
f 1132//2239 1135//2239 1204//2239
f 1204//2240 1135//2240 1186//2240
f 1204//2241 1186//2241 1207//2241
f 1056//2242 1101//2242 1100//2242
f 1100//2243 979//2243 985//2243
f 1100//2244 985//2244 1056//2244
f 1056//2245 985//2245 994//2245
f 1990//2246 1997//2246 1917//2246
f 1047//2247 1131//2247 1052//2247
f 1052//2248 1131//2248 1133//2248
f 1052//2249 1133//2249 1057//2249
f 1057//2250 1133//2250 1161//2250
f 1209//2251 1185//2251 1206//2251
f 1956//2252 1959//2252 1876//2252
f 1876//2253 1959//2253 1833//2253
f 1833//2254 1959//2254 1921//2254
f 1917//2255 1997//2255 1876//2255
f 1876//2256 1997//2256 1956//2256
f 1185//2257 1209//2257 1184//2257
f 1184//2258 1209//2258 1110//2258
f 1184//2259 1110//2259 1161//2259
f 1161//2260 1110//2260 1105//2260
f 1161//2261 1105//2261 1066//2261
f 1161//2262 1066//2262 1057//2262
f 1917//2263 1914//2263 1990//2263
f 1990//2264 1914//2264 1987//2264
f 1987//2265 1914//2265 1909//2265
f 1987//2266 1909//2266 1984//2266
f 1921//2267 1679//2267 1833//2267
f 1833//2268 1679//2268 1585//2268
f 1833//2269 1585//2269 1206//2269
f 1206//2270 1585//2270 1309//2270
f 1206//2271 1309//2271 1209//2271
f 1413//2272 1404//2272 1353//2272
f 1413//2273 1353//2273 1363//2273
f 1363//2274 1353//2274 1354//2274
f 1363//2275 1354//2275 1364//2275
f 1364//2276 1354//2276 1301//2276
f 1364//2277 1301//2277 1307//2277
f 1307//2278 1301//2278 1261//2278
f 1307//2279 1261//2279 1265//2279
f 1265//2280 1261//2280 1260//2280
f 1265//2281 1260//2281 1264//2281
f 1264//2282 1260//2282 1298//2282
f 1264//2283 1298//2283 1306//2283
f 1306//2284 1298//2284 1351//2284
f 1306//2285 1351//2285 1362//2285
f 1362//2286 1351//2286 1403//2286
f 1362//2287 1403//2287 1412//2287
f 1412//2288 1403//2288 1404//2288
f 1412//2289 1404//2289 1413//2289
f 1497//2290 1494//2290 1455//2290
f 1497//2291 1455//2291 1461//2291
f 1461//2292 1455//2292 1456//2292
f 1461//2293 1456//2293 1462//2293
f 1462//2294 1456//2294 1402//2294
f 1462//2295 1402//2295 1409//2295
f 1409//2296 1402//2296 1401//2296
f 1409//2297 1401//2297 1408//2297
f 1408//2298 1401//2298 1350//2298
f 1408//2299 1350//2299 1358//2299
f 1358//2300 1350//2300 1349//2300
f 1358//2301 1349//2301 1357//2301
f 1357//2302 1349//2302 1348//2302
f 1357//2303 1348//2303 1356//2303
f 1356//2304 1348//2304 1399//2304
f 1356//2305 1399//2305 1407//2305
f 1407//2306 1399//2306 1453//2306
f 1407//2307 1453//2307 1460//2307
f 1460//2308 1453//2308 1493//2308
f 1460//2309 1493//2309 1496//2309
f 1496//2310 1493//2310 1494//2310
f 1496//2311 1494//2311 1497//2311
f 1259//2312 1159//2312 1258//2312
f 1258//2313 1159//2313 1157//2313
f 1351//2314 1350//2314 1401//2314
f 1159//2315 1261//2315 1301//2315
f 1457//2316 1353//2316 1404//2316
f 1457//2317 1404//2317 1403//2317
f 1351//2318 1401//2318 1402//2318
f 1351//2319 1402//2319 1403//2319
f 1349//2320 1259//2320 1348//2320
f 1493//2321 1453//2321 1606//2321
f 1606//2322 1453//2322 1259//2322
f 1259//2323 1399//2323 1348//2323
f 1350//2324 1351//2324 1349//2324
f 1349//2325 1351//2325 1298//2325
f 1349//2326 1298//2326 1259//2326
f 1259//2327 1298//2327 1260//2327
f 1259//2328 1260//2328 1159//2328
f 1403//2329 1402//2329 1456//2329
f 1403//2330 1456//2330 1457//2330
f 1457//2331 1456//2331 1455//2331
f 1457//2332 1455//2332 1606//2332
f 1606//2333 1455//2333 1494//2333
f 1606//2334 1494//2334 1493//2334
f 1605//2335 1452//2335 1606//2335
f 1606//2336 1452//2336 1457//2336
f 1665//2337 1633//2337 1605//2337
f 1545//2338 1546//2338 1452//2338
f 1452//2339 1546//2339 1667//2339
f 1667//2340 1546//2340 1634//2340
f 2080//2341 2022//2341 1908//2341
f 1908//2342 2022//2342 1984//2342
f 1908//2343 1984//2343 1909//2343
f 1605//2344 1633//2344 1452//2344
f 1452//2345 1633//2345 1545//2345
f 2022//2346 2080//2346 2066//2346
f 2022//2347 2066//2347 2023//2347
f 2023//2348 2066//2348 2049//2348
f 1665//2349 1605//2349 1862//2349
f 1862//2350 1605//2350 1910//2350
f 1862//2351 1910//2351 1945//2351
f 2023//2352 2049//2352 1985//2352
f 1985//2353 2049//2353 2050//2353
f 1985//2354 2050//2354 1945//2354
f 1945//2355 2050//2355 2024//2355
f 1945//2356 2024//2356 1986//2356
f 1945//2357 1986//2357 1862//2357
f 1946//2358 1863//2358 1986//2358
f 1986//2359 1863//2359 1862//2359
f 1667//2360 1634//2360 1691//2360
f 1691//2361 1634//2361 1666//2361
f 1691//2362 1666//2362 1713//2362
f 1713//2363 1666//2363 1712//2363
f 1713//2364 1712//2364 1741//2364
f 1763//2365 1801//2365 1712//2365
f 1712//2366 1801//2366 1764//2366
f 1712//2367 1764//2367 1741//2367
f 1864//2368 1799//2368 1947//2368
f 1947//2369 1799//2369 1863//2369
f 1947//2370 1863//2370 1946//2370
f 1799//2371 1864//2371 1830//2371
f 1799//2372 1830//2372 1763//2372
f 1763//2373 1830//2373 1800//2373
f 1763//2374 1800//2374 1801//2374
f 1672//2375 1671//2375 1717//2375
f 2028//2376 2026//2376 2051//2376
f 1810//2377 1774//2377 1770//2377
f 1770//2378 1774//2378 1772//2378
f 1770//2379 1772//2379 1721//2379
f 1996//2380 1958//2380 1955//2380
f 1955//2381 1958//2381 1880//2381
f 1955//2382 1880//2382 1877//2382
f 1877//2383 1880//2383 1810//2383
f 1877//2384 1810//2384 1807//2384
f 1807//2385 1810//2385 1770//2385
f 2084//2386 2085//2386 2069//2386
f 1950//2387 1868//2387 1864//2387
f 2026//2388 2024//2388 2050//2388
f 1864//2389 1947//2389 1950//2389
f 1950//2390 1947//2390 1946//2390
f 1950//2391 1946//2391 1986//2391
f 2052//2392 2054//2392 2053//2392
f 2053//2393 2030//2393 2028//2393
f 2028//2394 2030//2394 1953//2394
f 2028//2395 1953//2395 2026//2395
f 2026//2396 2050//2396 2051//2396
f 2051//2397 2050//2397 2049//2397
f 2051//2398 2049//2398 2066//2398
f 2053//2399 2028//2399 2052//2399
f 2052//2400 2028//2400 2051//2400
f 2052//2401 2051//2401 2081//2401
f 2081//2402 2051//2402 2066//2402
f 2081//2403 2066//2403 2080//2403
f 1722//2404 1675//2404 1719//2404
f 1719//2405 1675//2405 1673//2405
f 1719//2406 1673//2406 1717//2406
f 1717//2407 1673//2407 1672//2407
f 1717//2408 1768//2408 1719//2408
f 2054//2409 2055//2409 2053//2409
f 2053//2410 2055//2410 2033//2410
f 2053//2411 2033//2411 2030//2411
f 2030//2412 2033//2412 1996//2412
f 2030//2413 1996//2413 1953//2413
f 1953//2414 1996//2414 1955//2414
f 1953//2415 1955//2415 1873//2415
f 1873//2416 1955//2416 1877//2416
f 1873//2417 1877//2417 1805//2417
f 1805//2418 1877//2418 1807//2418
f 1805//2419 1807//2419 1768//2419
f 1768//2420 1807//2420 1770//2420
f 1768//2421 1770//2421 1719//2421
f 1719//2422 1770//2422 1721//2422
f 1719//2423 1721//2423 1722//2423
f 1669//2424 1667//2424 1715//2424
f 1715//2425 1667//2425 1691//2425
f 1691//2426 1713//2426 1715//2426
f 1715//2427 1713//2427 1741//2427
f 1715//2428 1741//2428 1766//2428
f 1741//2429 1764//2429 1766//2429
f 1766//2430 1764//2430 1801//2430
f 1766//2431 1801//2431 1803//2431
f 1801//2432 1800//2432 1803//2432
f 1803//2433 1800//2433 1830//2433
f 1803//2434 1830//2434 1868//2434
f 1868//2435 1830//2435 1864//2435
f 2082//2436 2083//2436 2067//2436
f 2067//2437 2083//2437 2084//2437
f 2067//2438 2084//2438 2068//2438
f 2068//2439 2084//2439 2069//2439
f 2068//2440 2069//2440 2070//2440
f 2081//2441 2082//2441 2052//2441
f 2052//2442 2082//2442 2067//2442
f 2052//2443 2067//2443 2054//2443
f 2054//2444 2067//2444 2068//2444
f 2054//2445 2068//2445 2055//2445
f 2055//2446 2068//2446 2070//2446
f 2055//2447 2070//2447 2033//2447
f 2033//2448 2070//2448 2035//2448
f 2033//2449 2035//2449 1996//2449
f 1996//2450 2035//2450 2001//2450
f 1996//2451 2001//2451 1958//2451
f 1671//2452 1669//2452 1717//2452
f 1717//2453 1669//2453 1715//2453
f 1717//2454 1715//2454 1768//2454
f 1768//2455 1715//2455 1766//2455
f 1768//2456 1766//2456 1805//2456
f 1805//2457 1766//2457 1803//2457
f 1805//2458 1803//2458 1873//2458
f 1873//2459 1803//2459 1868//2459
f 1873//2460 1868//2460 1953//2460
f 1953//2461 1868//2461 1950//2461
f 1953//2462 1950//2462 2026//2462
f 2026//2463 1950//2463 1986//2463
f 2026//2464 1986//2464 2024//2464
f 871//2465 859//2465 902//2465
f 871//2466 902//2466 909//2466
f 909//2467 902//2467 903//2467
f 909//2468 903//2468 910//2468
f 910//2469 903//2469 904//2469
f 910//2470 904//2470 912//2470
f 912//2471 904//2471 905//2471
f 912//2472 905//2472 914//2472
f 914//2473 905//2473 906//2473
f 914//2474 906//2474 916//2474
f 906//2475 860//2475 916//2475
f 916//2476 860//2476 861//2476
f 916//2477 861//2477 865//2477
f 865//2478 861//2478 867//2478
f 867//2479 861//2479 862//2479
f 867//2480 862//2480 868//2480
f 1258//2481 1204//2481 1182//2481
f 1258//2482 1182//2482 1048//2482
f 1157//2483 1132//2483 1258//2483
f 1258//2484 1132//2484 1204//2484
f 1047//2485 859//2485 1156//2485
f 1047//2486 1156//2486 1131//2486
f 904//2487 1049//2487 975//2487
f 904//2488 975//2488 976//2488
f 978//2489 979//2489 862//2489
f 862//2490 979//2490 1157//2490
f 1157//2491 979//2491 1100//2491
f 1157//2492 1100//2492 1132//2492
f 859//2493 1047//2493 971//2493
f 1182//2494 1049//2494 1048//2494
f 1048//2495 1049//2495 974//2495
f 978//2496 862//2496 861//2496
f 978//2497 861//2497 977//2497
f 859//2498 971//2498 902//2498
f 974//2499 1049//2499 904//2499
f 974//2500 904//2500 973//2500
f 973//2501 904//2501 903//2501
f 973//2502 903//2502 972//2502
f 972//2503 903//2503 902//2503
f 972//2504 902//2504 971//2504
f 861//2505 860//2505 977//2505
f 977//2506 860//2506 906//2506
f 977//2507 906//2507 976//2507
f 976//2508 906//2508 905//2508
f 976//2509 905//2509 904//2509
f 1156//2510 1158//2510 1131//2510
f 1131//2511 1158//2511 1133//2511
f 1133//2512 1158//2512 1160//2512
f 1133//2513 1160//2513 1161//2513
f 1161//2514 1160//2514 1183//2514
f 1161//2515 1183//2515 1184//2515
f 1184//2516 1183//2516 1205//2516
f 1184//2517 1205//2517 1185//2517
f 1185//2518 1205//2518 1206//2518
f 1833//2519 1206//2519 1832//2519
f 1832//2520 1206//2520 1205//2520
f 1833//2521 1832//2521 1875//2521
f 1833//2522 1875//2522 1876//2522
f 1876//2523 1875//2523 1916//2523
f 1876//2524 1916//2524 1917//2524
f 1917//2525 1916//2525 1913//2525
f 1917//2526 1913//2526 1914//2526
f 1909//2527 1914//2527 1908//2527
f 1908//2528 1914//2528 1913//2528
f 1362//2529 1361//2529 1306//2529
f 1364//2530 1415//2530 1363//2530
f 1363//2531 1415//2531 1414//2531
f 1363//2532 1414//2532 1413//2532
f 1413//2533 1414//2533 1466//2533
f 1413//2534 1466//2534 1412//2534
f 1412//2535 1466//2535 1465//2535
f 1412//2536 1465//2536 1464//2536
f 1412//2537 1464//2537 1362//2537
f 1362//2538 1464//2538 1411//2538
f 1362//2539 1411//2539 1361//2539
f 1307//2540 1267//2540 1308//2540
f 1307//2541 1308//2541 1364//2541
f 1364//2542 1308//2542 1365//2542
f 1364//2543 1365//2543 1415//2543
f 1361//2544 1305//2544 1306//2544
f 1306//2545 1305//2545 1263//2545
f 1306//2546 1263//2546 1264//2546
f 1264//2547 1263//2547 1227//2547
f 1264//2548 1227//2548 1228//2548
f 1264//2549 1228//2549 1265//2549
f 1265//2550 1228//2550 1229//2550
f 1265//2551 1229//2551 1230//2551
f 1265//2552 1230//2552 1307//2552
f 1307//2553 1230//2553 1266//2553
f 1307//2554 1266//2554 1267//2554
f 1460//2555 1459//2555 1407//2555
f 1462//2556 1498//2556 1461//2556
f 1461//2557 1498//2557 1497//2557
f 1497//2558 1498//2558 1519//2558
f 1497//2559 1519//2559 1496//2559
f 1496//2560 1519//2560 1518//2560
f 1496//2561 1518//2561 1517//2561
f 1496//2562 1517//2562 1460//2562
f 1460//2563 1517//2563 1495//2563
f 1460//2564 1495//2564 1459//2564
f 1408//2565 1360//2565 1409//2565
f 1409//2566 1360//2566 1410//2566
f 1409//2567 1410//2567 1462//2567
f 1462//2568 1410//2568 1463//2568
f 1462//2569 1463//2569 1498//2569
f 1459//2570 1406//2570 1407//2570
f 1407//2571 1406//2571 1355//2571
f 1407//2572 1355//2572 1356//2572
f 1356//2573 1355//2573 1302//2573
f 1356//2574 1302//2574 1357//2574
f 1357//2575 1302//2575 1303//2575
f 1357//2576 1303//2576 1358//2576
f 1358//2577 1303//2577 1304//2577
f 1358//2578 1304//2578 1408//2578
f 1408//2579 1304//2579 1359//2579
f 1408//2580 1359//2580 1360//2580
f 1005//2581 1004//2581 927//2581
f 927//2582 926//2582 872//2582
f 867//2583 868//2583 866//2583
f 867//2584 866//2584 865//2584
f 865//2585 866//2585 917//2585
f 865//2586 917//2586 916//2586
f 916//2587 917//2587 915//2587
f 916//2588 915//2588 914//2588
f 914//2589 915//2589 913//2589
f 914//2590 913//2590 912//2590
f 930//2591 929//2591 875//2591
f 934//2592 935//2592 1015//2592
f 1015//2593 935//2593 1012//2593
f 1013//2594 1077//2594 1119//2594
f 1080//2595 1079//2595 1015//2595
f 1080//2596 1015//2596 1012//2596
f 1118//2597 1119//2597 1077//2597
f 1118//2598 1077//2598 1116//2598
f 1116//2599 1077//2599 1117//2599
f 1004//2600 1011//2600 1010//2600
f 1010//2601 1076//2601 1075//2601
f 1075//2602 1076//2602 1078//2602
f 1009//2603 1008//2603 933//2603
f 1009//2604 933//2604 1010//2604
f 1010//2605 933//2605 925//2605
f 1010//2606 925//2606 926//2606
f 1008//2607 922//2607 933//2607
f 933//2608 922//2608 923//2608
f 933//2609 923//2609 925//2609
f 910//2610 912//2610 911//2610
f 911//2611 912//2611 913//2611
f 910//2612 911//2612 920//2612
f 920//2613 911//2613 913//2613
f 920//2614 913//2614 922//2614
f 922//2615 913//2615 915//2615
f 922//2616 915//2616 923//2616
f 923//2617 915//2617 917//2617
f 923//2618 917//2618 924//2618
f 924//2619 917//2619 866//2619
f 924//2620 866//2620 926//2620
f 926//2621 866//2621 868//2621
f 871//2622 909//2622 918//2622
f 918//2623 909//2623 910//2623
f 918//2624 910//2624 919//2624
f 919//2625 910//2625 920//2625
f 919//2626 920//2626 921//2626
f 921//2627 920//2627 922//2627
f 923//2628 924//2628 925//2628
f 925//2629 924//2629 926//2629
f 926//2630 868//2630 872//2630
f 1078//2631 1117//2631 1075//2631
f 1075//2632 1117//2632 1077//2632
f 1075//2633 1077//2633 1014//2633
f 1014//2634 1077//2634 1013//2634
f 1014//2635 1013//2635 1007//2635
f 1007//2636 1013//2636 932//2636
f 932//2637 1013//2637 931//2637
f 930//2638 934//2638 929//2638
f 1119//2639 1079//2639 1013//2639
f 1013//2640 1079//2640 1080//2640
f 1013//2641 1080//2641 1012//2641
f 1013//2642 1012//2642 931//2642
f 931//2643 1012//2643 935//2643
f 931//2644 935//2644 930//2644
f 930//2645 935//2645 934//2645
f 926//2646 927//2646 1004//2646
f 926//2647 1004//2647 1010//2647
f 1009//2648 1010//2648 1075//2648
f 1009//2649 1075//2649 1008//2649
f 1008//2650 1075//2650 1014//2650
f 1008//2651 1014//2651 1007//2651
f 1008//2652 1007//2652 922//2652
f 922//2653 1007//2653 932//2653
f 922//2654 932//2654 921//2654
f 921//2655 932//2655 931//2655
f 921//2656 931//2656 919//2656
f 919//2657 931//2657 930//2657
f 919//2658 930//2658 918//2658
f 918//2659 930//2659 875//2659
f 918//2660 875//2660 871//2660
f 1109//2661 1005//2661 1159//2661
f 1109//2662 1159//2662 1167//2662
f 1457//2663 1671//2663 1672//2663
f 1671//2664 1457//2664 1669//2664
f 1669//2665 1457//2665 1452//2665
f 1669//2666 1452//2666 1667//2666
f 862//2667 1157//2667 868//2667
f 868//2668 1157//2668 1159//2668
f 1457//2669 1613//2669 1556//2669
f 1457//2670 1556//2670 1499//2670
f 1499//2671 1416//2671 1457//2671
f 1457//2672 1416//2672 1268//2672
f 1457//2673 1268//2673 1159//2673
f 1159//2674 1268//2674 1208//2674
f 1159//2675 1208//2675 1167//2675
f 1672//2676 1673//2676 1457//2676
f 1457//2677 1673//2677 1675//2677
f 1005//2678 927//2678 1159//2678
f 1457//2679 1675//2679 1639//2679
f 1639//2680 1641//2680 1457//2680
f 1880//2681 1958//2681 1924//2681
f 1813//2682 1785//2682 1784//2682
f 1750//2683 1693//2683 1725//2683
f 1721//2684 1772//2684 1746//2684
f 1721//2685 1746//2685 1722//2685
f 1722//2686 1746//2686 1675//2686
f 1751//2687 1641//2687 1639//2687
f 1751//2688 1639//2688 1745//2688
f 1745//2689 1639//2689 1675//2689
f 1745//2690 1675//2690 1746//2690
f 1693//2691 1613//2691 1641//2691
f 1693//2692 1641//2692 1725//2692
f 1725//2693 1641//2693 1751//2693
f 1965//2694 2037//2694 2007//2694
f 1885//2695 1928//2695 1927//2695
f 1927//2696 1928//2696 1965//2696
f 2058//2697 2073//2697 2057//2697
f 2058//2698 2057//2698 2059//2698
f 2073//2699 2058//2699 2071//2699
f 2071//2700 2058//2700 2072//2700
f 2071//2701 2072//2701 2086//2701
f 2086//2702 2072//2702 2070//2702
f 2086//2703 2070//2703 2085//2703
f 2056//2704 2035//2704 2070//2704
f 1774//2705 1810//2705 1782//2705
f 1782//2706 1810//2706 1839//2706
f 1782//2707 1839//2707 1841//2707
f 1885//2708 1813//2708 1928//2708
f 1928//2709 1813//2709 1784//2709
f 1928//2710 1784//2710 1884//2710
f 1884//2711 1784//2711 1814//2711
f 1810//2712 1880//2712 1839//2712
f 1839//2713 1880//2713 1924//2713
f 1839//2714 1924//2714 1841//2714
f 1841//2715 1924//2715 1926//2715
f 1841//2716 1926//2716 1814//2716
f 1814//2717 1926//2717 1884//2717
f 1928//2718 2006//2718 1965//2718
f 1965//2719 2006//2719 2037//2719
f 1958//2720 2001//2720 1924//2720
f 1924//2721 2001//2721 2005//2721
f 1924//2722 2005//2722 1926//2722
f 1926//2723 2005//2723 1964//2723
f 1926//2724 1964//2724 1884//2724
f 1884//2725 1964//2725 1963//2725
f 1884//2726 1963//2726 1928//2726
f 1928//2727 1963//2727 2038//2727
f 1928//2728 2038//2728 2006//2728
f 2001//2729 2035//2729 2005//2729
f 2005//2730 2035//2730 2056//2730
f 2005//2731 2056//2731 1964//2731
f 1964//2732 2056//2732 2036//2732
f 1964//2733 2036//2733 1963//2733
f 1963//2734 2036//2734 2038//2734
f 2069//2735 2085//2735 2070//2735
f 2056//2736 2070//2736 2072//2736
f 2056//2737 2072//2737 2058//2737
f 2056//2738 2058//2738 2036//2738
f 2036//2739 2058//2739 2059//2739
f 2036//2740 2059//2740 2038//2740
f 2038//2741 2059//2741 2006//2741
f 2006//2742 2059//2742 2037//2742
f 1772//2743 1774//2743 1746//2743
f 1746//2744 1774//2744 1782//2744
f 1746//2745 1782//2745 1745//2745
f 1745//2746 1782//2746 1841//2746
f 1745//2747 1841//2747 1751//2747
f 1751//2748 1841//2748 1814//2748
f 1751//2749 1814//2749 1725//2749
f 1725//2750 1814//2750 1784//2750
f 1725//2751 1784//2751 1750//2751
f 1750//2752 1784//2752 1785//2752
f 2083//2753 1913//2753 2084//2753
f 2084//2754 1913//2754 1916//2754
f 2084//2755 1916//2755 2085//2755
f 1875//2756 1832//2756 1929//2756
f 1929//2757 1832//2757 1787//2757
f 1194//2758 1205//2758 1142//2758
f 1142//2759 1205//2759 1183//2759
f 1142//2760 1183//2760 1119//2760
f 2080//2761 1908//2761 2081//2761
f 2081//2762 1908//2762 1913//2762
f 2081//2763 1913//2763 2082//2763
f 2082//2764 1913//2764 2083//2764
f 1929//2765 2007//2765 1875//2765
f 1875//2766 2007//2766 2037//2766
f 1875//2767 2037//2767 2059//2767
f 1160//2768 934//2768 1015//2768
f 1156//2769 859//2769 1158//2769
f 1158//2770 859//2770 871//2770
f 1158//2771 871//2771 1160//2771
f 1160//2772 871//2772 875//2772
f 875//2773 929//2773 1160//2773
f 1160//2774 929//2774 934//2774
f 2059//2775 2057//2775 1875//2775
f 1875//2776 2057//2776 2073//2776
f 1875//2777 2086//2777 1916//2777
f 1916//2778 2086//2778 2085//2778
f 1160//2779 1079//2779 1183//2779
f 1183//2780 1079//2780 1119//2780
f 2073//2781 2071//2781 1875//2781
f 1875//2782 2071//2782 2086//2782
f 1160//2783 1015//2783 1079//2783
f 1194//2784 1320//2784 1205//2784
f 1205//2785 1320//2785 1479//2785
f 1205//2786 1479//2786 1832//2786
f 1832//2787 1479//2787 1592//2787
f 1832//2788 1592//2788 1787//2788
f 1234//2789 1228//2789 1233//2789
f 1233//2790 1228//2790 1227//2790
f 1233//2791 1227//2791 1263//2791
f 1233//2792 1263//2792 1276//2792
f 1305//2793 1275//2793 1263//2793
f 1263//2794 1275//2794 1276//2794
f 1361//2795 1317//2795 1305//2795
f 1305//2796 1317//2796 1275//2796
f 1361//2797 1370//2797 1317//2797
f 1411//2798 1423//2798 1422//2798
f 1411//2799 1422//2799 1361//2799
f 1361//2800 1422//2800 1370//2800
f 1476//2801 1464//2801 1465//2801
f 1476//2802 1465//2802 1469//2802
f 1464//2803 1476//2803 1475//2803
f 1464//2804 1475//2804 1411//2804
f 1411//2805 1475//2805 1423//2805
f 1469//2806 1465//2806 1466//2806
f 1414//2807 1417//2807 1466//2807
f 1466//2808 1417//2808 1470//2808
f 1466//2809 1470//2809 1469//2809
f 1415//2810 1365//2810 1367//2810
f 1415//2811 1367//2811 1418//2811
f 1415//2812 1418//2812 1414//2812
f 1414//2813 1418//2813 1417//2813
f 1267//2814 1272//2814 1311//2814
f 1267//2815 1311//2815 1308//2815
f 1308//2816 1311//2816 1365//2816
f 1365//2817 1311//2817 1367//2817
f 1272//2818 1267//2818 1266//2818
f 1272//2819 1266//2819 1271//2819
f 1230//2820 1236//2820 1266//2820
f 1266//2821 1236//2821 1271//2821
f 1236//2822 1230//2822 1235//2822
f 1235//2823 1230//2823 1229//2823
f 1228//2824 1234//2824 1229//2824
f 1229//2825 1234//2825 1235//2825
f 1319//2826 1303//2826 1318//2826
f 1318//2827 1303//2827 1302//2827
f 1355//2828 1371//2828 1318//2828
f 1355//2829 1318//2829 1302//2829
f 1371//2830 1355//2830 1406//2830
f 1371//2831 1406//2831 1425//2831
f 1425//2832 1406//2832 1459//2832
f 1425//2833 1459//2833 1478//2833
f 1503//2834 1502//2834 1495//2834
f 1495//2835 1502//2835 1459//2835
f 1459//2836 1502//2836 1478//2836
f 1525//2837 1517//2837 1518//2837
f 1517//2838 1525//2838 1524//2838
f 1517//2839 1524//2839 1495//2839
f 1495//2840 1524//2840 1503//2840
f 1525//2841 1518//2841 1526//2841
f 1526//2842 1518//2842 1519//2842
f 1498//2843 1504//2843 1519//2843
f 1519//2844 1504//2844 1526//2844
f 1410//2845 1420//2845 1463//2845
f 1420//2846 1474//2846 1463//2846
f 1463//2847 1474//2847 1498//2847
f 1498//2848 1474//2848 1504//2848
f 1420//2849 1410//2849 1369//2849
f 1369//2850 1410//2850 1360//2850
f 1359//2851 1368//2851 1360//2851
f 1360//2852 1368//2852 1369//2852
f 1304//2853 1314//2853 1315//2853
f 1304//2854 1315//2854 1359//2854
f 1359//2855 1315//2855 1368//2855
f 1314//2856 1304//2856 1303//2856
f 1303//2857 1319//2857 1314//2857
f 1477//2858 1424//2858 1523//2858
f 1750//2859 1647//2859 1614//2859
f 1927//2860 1965//2860 1842//2860
f 1141//2861 1118//2861 1116//2861
f 1011//2862 1004//2862 1115//2862
f 1115//2863 1004//2863 1005//2863
f 1115//2864 1005//2864 1109//2864
f 1011//2865 1115//2865 1010//2865
f 1010//2866 1115//2866 1140//2866
f 1010//2867 1140//2867 1076//2867
f 1750//2868 1614//2868 1693//2868
f 1693//2869 1614//2869 1556//2869
f 1693//2870 1556//2870 1613//2870
f 1192//2871 1234//2871 1191//2871
f 1191//2872 1234//2872 1233//2872
f 1311//2873 1272//2873 1268//2873
f 1268//2874 1272//2874 1208//2874
f 1208//2875 1272//2875 1271//2875
f 1208//2876 1271//2876 1236//2876
f 1192//2877 1235//2877 1234//2877
f 1471//2878 1417//2878 1416//2878
f 1416//2879 1417//2879 1418//2879
f 1416//2880 1418//2880 1367//2880
f 1416//2881 1367//2881 1268//2881
f 1268//2882 1367//2882 1311//2882
f 1469//2883 1501//2883 1476//2883
f 1501//2884 1469//2884 1471//2884
f 1471//2885 1469//2885 1470//2885
f 1471//2886 1470//2886 1417//2886
f 1421//2887 1422//2887 1522//2887
f 1522//2888 1422//2888 1423//2888
f 1423//2889 1475//2889 1522//2889
f 1522//2890 1475//2890 1501//2890
f 1501//2891 1475//2891 1476//2891
f 1317//2892 1370//2892 1316//2892
f 1421//2893 1370//2893 1422//2893
f 1191//2894 1233//2894 1276//2894
f 1191//2895 1276//2895 1213//2895
f 1213//2896 1276//2896 1275//2896
f 1213//2897 1275//2897 1316//2897
f 1316//2898 1275//2898 1317//2898
f 1212//2899 1319//2899 1237//2899
f 1237//2900 1319//2900 1318//2900
f 1370//2901 1421//2901 1316//2901
f 1316//2902 1421//2902 1420//2902
f 1316//2903 1420//2903 1369//2903
f 1316//2904 1369//2904 1368//2904
f 1316//2905 1368//2905 1315//2905
f 1316//2906 1315//2906 1314//2906
f 1316//2907 1314//2907 1213//2907
f 1213//2908 1314//2908 1212//2908
f 1212//2909 1314//2909 1319//2909
f 1562//2910 1526//2910 1504//2910
f 1562//2911 1504//2911 1522//2911
f 1504//2912 1474//2912 1522//2912
f 1522//2913 1474//2913 1421//2913
f 1421//2914 1474//2914 1420//2914
f 1525//2915 1526//2915 1562//2915
f 1524//2916 1525//2916 1591//2916
f 1591//2917 1503//2917 1524//2917
f 1424//2918 1371//2918 1425//2918
f 1478//2919 1502//2919 1523//2919
f 1424//2920 1425//2920 1478//2920
f 1424//2921 1478//2921 1523//2921
f 1119//2922 1118//2922 1142//2922
f 1142//2923 1118//2923 1141//2923
f 1142//2924 1141//2924 1194//2924
f 1277//2925 1193//2925 1278//2925
f 1278//2926 1193//2926 1170//2926
f 1278//2927 1170//2927 1237//2927
f 1237//2928 1170//2928 1168//2928
f 1237//2929 1168//2929 1212//2929
f 1212//2930 1168//2930 1169//2930
f 1212//2931 1169//2931 1213//2931
f 1318//2932 1371//2932 1237//2932
f 1237//2933 1371//2933 1278//2933
f 1278//2934 1371//2934 1424//2934
f 1278//2935 1424//2935 1277//2935
f 1277//2936 1424//2936 1477//2936
f 1591//2937 1525//2937 1562//2937
f 1591//2938 1562//2938 1695//2938
f 1523//2939 1502//2939 1503//2939
f 1523//2940 1503//2940 1650//2940
f 1650//2941 1503//2941 1591//2941
f 1650//2942 1591//2942 1728//2942
f 1728//2943 1591//2943 1695//2943
f 1728//2944 1695//2944 1786//2944
f 1786//2945 1695//2945 1813//2945
f 1786//2946 1813//2946 1885//2946
f 1885//2947 1927//2947 1786//2947
f 1786//2948 1927//2948 1842//2948
f 1786//2949 1842//2949 1728//2949
f 1728//2950 1842//2950 1752//2950
f 1728//2951 1752//2951 1650//2951
f 1650//2952 1752//2952 1682//2952
f 1650//2953 1682//2953 1523//2953
f 1523//2954 1682//2954 1563//2954
f 1523//2955 1563//2955 1477//2955
f 1750//2956 1785//2956 1647//2956
f 1647//2957 1785//2957 1727//2957
f 1647//2958 1727//2958 1651//2958
f 1499//2959 1556//2959 1521//2959
f 1521//2960 1556//2960 1614//2960
f 1521//2961 1614//2961 1590//2961
f 1590//2962 1614//2962 1647//2962
f 1590//2963 1647//2963 1615//2963
f 1615//2964 1647//2964 1651//2964
f 1785//2965 1813//2965 1727//2965
f 1727//2966 1813//2966 1695//2966
f 1727//2967 1695//2967 1651//2967
f 1651//2968 1695//2968 1562//2968
f 1651//2969 1562//2969 1615//2969
f 1615//2970 1562//2970 1522//2970
f 1615//2971 1522//2971 1590//2971
f 1590//2972 1522//2972 1501//2972
f 1590//2973 1501//2973 1521//2973
f 1521//2974 1501//2974 1471//2974
f 1521//2975 1471//2975 1499//2975
f 1499//2976 1471//2976 1416//2976
f 1192//2977 1167//2977 1235//2977
f 1235//2978 1167//2978 1208//2978
f 1235//2979 1208//2979 1236//2979
f 1170//2980 1117//2980 1168//2980
f 1168//2981 1117//2981 1078//2981
f 1168//2982 1078//2982 1169//2982
f 1169//2983 1078//2983 1076//2983
f 1169//2984 1076//2984 1213//2984
f 1213//2985 1076//2985 1140//2985
f 1213//2986 1140//2986 1191//2986
f 1191//2987 1140//2987 1115//2987
f 1191//2988 1115//2988 1192//2988
f 1192//2989 1115//2989 1109//2989
f 1192//2990 1109//2990 1167//2990
f 1965//2991 2007//2991 1842//2991
f 1842//2992 2007//2992 1929//2992
f 1842//2993 1929//2993 1752//2993
f 1752//2994 1929//2994 1787//2994
f 1752//2995 1787//2995 1682//2995
f 1682//2996 1787//2996 1592//2996
f 1682//2997 1592//2997 1563//2997
f 1563//2998 1592//2998 1479//2998
f 1563//2999 1479//2999 1477//2999
f 1477//3000 1479//3000 1320//3000
f 1477//3001 1320//3001 1277//3001
f 1277//3002 1320//3002 1194//3002
f 1277//3003 1194//3003 1193//3003
f 1193//3004 1194//3004 1141//3004
f 1193//3005 1141//3005 1170//3005
f 1170//3006 1141//3006 1116//3006
f 1170//3007 1116//3007 1117//3007
f 1097//3008 1098//3008 1127//3008
f 1127//3009 1126//3009 1097//3009
f 1127//3010 1098//3010 1099//3010
f 1127//3011 1099//3011 1128//3011
f 961//3012 1042//3012 1040//3012
f 960//3013 961//3013 956//3013
f 956//3014 961//3014 1040//3014
f 1040//3015 1097//3015 1039//3015
f 1039//3016 1097//3016 1125//3016
f 1039//3017 1125//3017 1033//3017
f 1033//3018 1125//3018 1147//3018
f 1033//3019 1147//3019 1032//3019
f 1032//3020 1147//3020 1174//3020
f 1032//3021 1174//3021 1094//3021
f 1093//3022 1030//3022 1094//3022
f 1094//3023 1030//3023 1031//3023
f 1030//3024 1093//3024 1036//3024
f 1036//3025 1093//3025 1096//3025
f 1036//3026 953//3026 954//3026
f 1036//3027 954//3027 1037//3027
f 1036//3028 1037//3028 1031//3028
f 1036//3029 1031//3029 1030//3029
f 1174//3030 1200//3030 1198//3030
f 1200//3031 1177//3031 1174//3031
f 1086//3032 1241//3032 1240//3032
f 1845//3033 1891//3033 1730//3033
f 1730//3034 1891//3034 1698//3034
f 1730//3035 1698//3035 1684//3035
f 1684//3036 1698//3036 1619//3036
f 1619//3037 1698//3037 1618//3037
f 1619//3038 1618//3038 1530//3038
f 1483//3039 1529//3039 1431//3039
f 1431//3040 1529//3040 1375//3040
f 1431//3041 1375//3041 1325//3041
f 1325//3042 1375//3042 1242//3042
f 1325//3043 1242//3043 1197//3043
f 1197//3044 1242//3044 1087//3044
f 1197//3045 1087//3045 1089//3045
f 1240//3046 1241//3046 1324//3046
f 1086//3047 1087//3047 1241//3047
f 1241//3048 1087//3048 1242//3048
f 1241//3049 1242//3049 1324//3049
f 1324//3050 1242//3050 1375//3050
f 1324//3051 1375//3051 1430//3051
f 1430//3052 1375//3052 1529//3052
f 1430//3053 1529//3053 1566//3053
f 1483//3054 1530//3054 1529//3054
f 1529//3055 1530//3055 1618//3055
f 1529//3056 1618//3056 1566//3056
f 1566//3057 1618//3057 1698//3057
f 1566//3058 1698//3058 1697//3058
f 1697//3059 1698//3059 1891//3059
f 1697//3060 1891//3060 1890//3060
f 1541//3061 1538//3061 1537//3061
f 1541//3062 1537//3062 1540//3062
f 1622//3063 1653//3063 1655//3063
f 1655//3064 1625//3064 1622//3064
f 1537//3065 1601//3065 1573//3065
f 1573//3066 1601//3066 1600//3066
f 1537//3067 1629//3067 1601//3067
f 1601//3068 1629//3068 1688//3068
f 1601//3069 1688//3069 1600//3069
f 1600//3070 1688//3070 1702//3070
f 1622//3071 1623//3071 1654//3071
f 1654//3072 1623//3072 1779//3072
f 1654//3073 1779//3073 1789//3073
f 1600//3074 1702//3074 1623//3074
f 1623//3075 1702//3075 1736//3075
f 1623//3076 1736//3076 1779//3076
f 946//3077 950//3077 951//3077
f 946//3078 951//3078 1028//3078
f 946//3079 1028//3079 1023//3079
f 1089//3080 1086//3080 1088//3080
f 1088//3081 1086//3081 1023//3081
f 1088//3082 1023//3082 1024//3082
f 1024//3083 1023//3083 1028//3083
f 1089//3084 1087//3084 1086//3084
f 1127//3085 1148//3085 1126//3085
f 1126//3086 1148//3086 1097//3086
f 1097//3087 1148//3087 1125//3087
f 1148//3088 1174//3088 1147//3088
f 1148//3089 1147//3089 1125//3089
f 1148//3090 1200//3090 1174//3090
f 1128//3091 1178//3091 1127//3091
f 1127//3092 1178//3092 1150//3092
f 1127//3093 1150//3093 1148//3093
f 1200//3094 1148//3094 1150//3094
f 1200//3095 1150//3095 1178//3095
f 1099//3096 1100//3096 1128//3096
f 1128//3097 1100//3097 1132//3097
f 1098//3098 1097//3098 1040//3098
f 1041//3099 1098//3099 1040//3099
f 1041//3100 1040//3100 1042//3100
f 1098//3101 1041//3101 1042//3101
f 1098//3102 1042//3102 1099//3102
f 978//3103 979//3103 969//3103
f 961//3104 960//3104 969//3104
f 969//3105 960//3105 968//3105
f 969//3106 968//3106 978//3106
f 957//3107 958//3107 955//3107
f 957//3108 955//3108 954//3108
f 954//3109 955//3109 1037//3109
f 1037//3110 955//3110 1031//3110
f 1031//3111 955//3111 1038//3111
f 1038//3112 1033//3112 1032//3112
f 1031//3113 1038//3113 1094//3113
f 1094//3114 1038//3114 1032//3114
f 956//3115 1040//3115 1039//3115
f 1038//3116 956//3116 1039//3116
f 1038//3117 1039//3117 1033//3117
f 958//3118 959//3118 955//3118
f 955//3119 959//3119 960//3119
f 955//3120 960//3120 1038//3120
f 1038//3121 960//3121 956//3121
f 1200//3122 1204//3122 1177//3122
f 1177//3123 1204//3123 1182//3123
f 1177//3124 1182//3124 1176//3124
f 1124//3125 1094//3125 1174//3125
f 1124//3126 1174//3126 1123//3126
f 1123//3127 1174//3127 1177//3127
f 1123//3128 1177//3128 1146//3128
f 1146//3129 1177//3129 1176//3129
f 1094//3130 1124//3130 1093//3130
f 1093//3131 1124//3131 1123//3131
f 1093//3132 1123//3132 1146//3132
f 1093//3133 1146//3133 1096//3133
f 1048//3134 1045//3134 965//3134
f 1048//3135 965//3135 974//3135
f 974//3136 965//3136 964//3136
f 974//3137 964//3137 973//3137
f 1045//3138 1035//3138 952//3138
f 1045//3139 952//3139 965//3139
f 965//3140 952//3140 951//3140
f 965//3141 951//3141 964//3141
f 964//3142 951//3142 973//3142
f 951//3143 952//3143 1029//3143
f 951//3144 1029//3144 1028//3144
f 1028//3145 1029//3145 1025//3145
f 1028//3146 1025//3146 1024//3146
f 1025//3147 1029//3147 1089//3147
f 1025//3148 1089//3148 1024//3148
f 1024//3149 1089//3149 1088//3149
f 952//3150 1035//3150 1029//3150
f 1092//3151 1089//3151 1029//3151
f 1619//3152 1530//3152 1567//3152
f 1325//3153 1197//3153 1216//3153
f 1199//3154 1217//3154 1092//3154
f 1092//3155 1217//3155 1089//3155
f 1089//3156 1217//3156 1216//3156
f 1089//3157 1216//3157 1197//3157
f 1431//3158 1325//3158 1216//3158
f 1431//3159 1216//3159 1217//3159
f 1431//3160 1217//3160 1435//3160
f 1435//3161 1217//3161 1328//3161
f 1328//3162 1217//3162 1199//3162
f 1530//3163 1483//3163 1567//3163
f 1567//3164 1483//3164 1431//3164
f 1567//3165 1431//3165 1435//3165
f 1567//3166 1435//3166 1569//3166
f 1569//3167 1435//3167 1531//3167
f 1684//3168 1619//3168 1685//3168
f 1685//3169 1619//3169 1567//3169
f 1685//3170 1567//3170 1686//3170
f 1686//3171 1567//3171 1569//3171
f 1686//3172 1569//3172 1621//3172
f 1621//3173 1569//3173 1531//3173
f 1700//3174 1818//3174 1686//3174
f 1686//3175 1818//3175 1685//3175
f 1685//3176 1818//3176 1845//3176
f 1685//3177 1845//3177 1730//3177
f 1685//3178 1730//3178 1684//3178
f 1845//3179 1818//3179 1846//3179
f 1846//3180 1847//3180 1897//3180
f 1846//3181 1897//3181 1895//3181
f 1847//3182 1846//3182 1818//3182
f 1022//3183 1023//3183 1085//3183
f 1085//3184 1023//3184 1086//3184
f 1027//3185 1022//3185 1085//3185
f 1085//3186 1091//3186 1027//3186
f 1023//3187 1022//3187 1027//3187
f 1023//3188 1027//3188 946//3188
f 946//3189 1027//3189 945//3189
f 946//3190 945//3190 950//3190
f 950//3191 945//3191 949//3191
f 949//3192 945//3192 1027//3192
f 949//3193 1027//3193 1034//3193
f 1430//3194 1566//3194 1594//3194
f 1753//3195 1697//3195 1890//3195
f 1890//3196 1889//3196 1753//3196
f 1753//3197 1889//3197 1893//3197
f 1753//3198 1893//3198 1755//3198
f 1566//3199 1697//3199 1594//3199
f 1594//3200 1697//3200 1753//3200
f 1594//3201 1753//3201 1593//3201
f 1593//3202 1753//3202 1755//3202
f 1593//3203 1755//3203 1596//3203
f 1596//3204 1755//3204 1731//3204
f 1731//3205 1755//3205 1893//3205
f 1324//3206 1430//3206 1594//3206
f 1324//3207 1594//3207 1327//3207
f 1327//3208 1594//3208 1593//3208
f 1327//3209 1593//3209 1596//3209
f 1327//3210 1596//3210 1485//3210
f 1240//3211 1324//3211 1086//3211
f 1086//3212 1324//3212 1085//3212
f 1085//3213 1324//3213 1327//3213
f 1085//3214 1327//3214 1245//3214
f 1889//3215 1890//3215 1932//3215
f 1974//3216 1973//3216 1970//3216
f 1973//3217 1969//3217 1970//3217
f 1969//3218 1973//3218 1968//3218
f 1969//3219 1968//3219 1935//3219
f 1893//3220 1889//3220 1935//3220
f 1935//3221 1889//3221 1932//3221
f 1935//3222 1932//3222 1969//3222
f 1935//3223 1968//3223 1937//3223
f 1937//3224 1968//3224 1972//3224
f 1972//3225 1968//3225 1973//3225
f 1906//3226 1907//3226 1910//3226
f 1906//3227 1910//3227 1945//3227
f 1906//3228 1945//3228 1942//3228
f 1942//3229 1945//3229 1943//3229
f 1897//3230 1847//3230 1899//3230
f 1940//3231 1897//3231 1902//3231
f 1902//3232 1897//3232 1899//3232
f 1942//3233 1940//3233 1902//3233
f 1942//3234 1902//3234 1906//3234
f 1906//3235 1902//3235 1905//3235
f 1905//3236 1902//3236 1899//3236
f 1970//3237 1969//3237 1936//3237
f 1891//3238 1845//3238 1846//3238
f 1846//3239 1894//3239 1891//3239
f 1891//3240 1894//3240 1932//3240
f 1891//3241 1932//3241 1890//3241
f 1936//3242 1969//3242 1932//3242
f 1936//3243 1932//3243 1894//3243
f 1938//3244 1974//3244 1970//3244
f 1974//3245 1938//3245 1975//3245
f 1975//3246 1938//3246 1897//3246
f 1970//3247 1936//3247 1938//3247
f 1938//3248 1936//3248 1895//3248
f 1938//3249 1895//3249 1897//3249
f 1894//3250 1846//3250 1895//3250
f 1894//3251 1895//3251 1936//3251
f 1536//3252 1571//3252 1540//3252
f 1600//3253 1623//3253 1597//3253
f 1597//3254 1623//3254 1622//3254
f 1570//3255 1537//3255 1573//3255
f 1570//3256 1573//3256 1600//3256
f 1597//3257 1622//3257 1599//3257
f 1599//3258 1622//3258 1625//3258
f 1570//3259 1600//3259 1597//3259
f 1570//3260 1597//3260 1572//3260
f 1572//3261 1597//3261 1599//3261
f 1572//3262 1599//3262 1536//3262
f 1536//3263 1599//3263 1571//3263
f 1540//3264 1537//3264 1536//3264
f 1536//3265 1537//3265 1572//3265
f 1572//3266 1537//3266 1570//3266
f 1791//3267 1735//3267 1732//3267
f 1733//3268 1654//3268 1789//3268
f 1653//3269 1622//3269 1654//3269
f 1733//3270 1789//3270 1732//3270
f 1732//3271 1789//3271 1791//3271
f 1654//3272 1733//3272 1653//3272
f 1653//3273 1733//3273 1732//3273
f 1653//3274 1732//3274 1735//3274
f 1653//3275 1735//3275 1655//3275
f 1625//3276 1655//3276 1665//3276
f 1625//3277 1665//3277 1633//3277
f 1789//3278 1790//3278 1819//3278
f 1819//3279 1790//3279 1822//3279
f 1819//3280 1822//3280 1821//3280
f 1819//3281 1789//3281 1821//3281
f 1789//3282 1819//3282 1791//3282
f 1791//3283 1819//3283 1821//3283
f 1779//3284 1736//3284 1737//3284
f 1737//3285 1736//3285 1702//3285
f 1737//3286 1702//3286 1688//3286
f 1740//3287 1756//3287 1792//3287
f 1792//3288 1822//3288 1740//3288
f 1740//3289 1822//3289 1737//3289
f 1737//3290 1822//3290 1790//3290
f 1737//3291 1790//3291 1779//3291
f 1779//3292 1790//3292 1789//3292
f 1689//3293 1629//3293 1630//3293
f 1689//3294 1630//3294 1703//3294
f 1688//3295 1629//3295 1737//3295
f 1737//3296 1629//3296 1689//3296
f 1737//3297 1689//3297 1740//3297
f 1740//3298 1689//3298 1703//3298
f 1629//3299 1537//3299 1603//3299
f 1603//3300 1537//3300 1538//3300
f 1603//3301 1538//3301 1574//3301
f 1541//3302 1575//3302 1538//3302
f 1538//3303 1575//3303 1574//3303
f 1629//3304 1603//3304 1574//3304
f 1629//3305 1574//3305 1575//3305
f 1629//3306 1575//3306 1630//3306
f 1540//3307 1545//3307 1541//3307
f 1541//3308 1545//3308 1546//3308
f 1663//3309 1662//3309 1632//3309
f 1632//3310 1662//3310 1631//3310
f 1631//3311 1630//3311 1632//3311
f 1663//3312 1632//3312 1666//3312
f 1666//3313 1632//3313 1634//3313
f 963//3314 950//3314 962//3314
f 972//3315 963//3315 971//3315
f 971//3316 963//3316 962//3316
f 950//3317 949//3317 962//3317
f 962//3318 949//3318 1034//3318
f 962//3319 1034//3319 1044//3319
f 1044//3320 1047//3320 962//3320
f 962//3321 1047//3321 971//3321
f 973//3322 951//3322 972//3322
f 972//3323 951//3323 950//3323
f 972//3324 950//3324 963//3324
f 1128//3325 1132//3325 1178//3325
f 1178//3326 1132//3326 1204//3326
f 1178//3327 1204//3327 1200//3327
f 969//3328 979//3328 1100//3328
f 969//3329 1100//3329 961//3329
f 1042//3330 961//3330 1100//3330
f 1042//3331 1100//3331 1099//3331
f 959//3332 958//3332 977//3332
f 960//3333 959//3333 968//3333
f 968//3334 959//3334 977//3334
f 968//3335 977//3335 978//3335
f 967//3336 976//3336 977//3336
f 954//3337 967//3337 977//3337
f 954//3338 977//3338 957//3338
f 957//3339 977//3339 958//3339
f 954//3340 953//3340 967//3340
f 967//3341 953//3341 966//3341
f 976//3342 967//3342 975//3342
f 975//3343 967//3343 966//3343
f 975//3344 966//3344 1049//3344
f 1049//3345 966//3345 1046//3345
f 953//3346 1036//3346 966//3346
f 966//3347 1036//3347 1046//3347
f 1046//3348 1036//3348 1049//3348
f 1146//3349 1176//3349 1182//3349
f 1146//3350 1182//3350 1096//3350
f 1182//3351 1049//3351 1036//3351
f 1036//3352 1096//3352 1182//3352
f 1048//3353 1258//3353 1045//3353
f 1045//3354 1258//3354 1255//3354
f 1045//3355 1255//3355 1035//3355
f 1328//3356 1199//3356 1255//3356
f 1029//3357 1035//3357 1092//3357
f 1092//3358 1035//3358 1255//3358
f 1092//3359 1255//3359 1199//3359
f 1818//3360 1700//3360 1604//3360
f 1604//3361 1700//3361 1686//3361
f 1604//3362 1686//3362 1621//3362
f 1621//3363 1531//3363 1604//3363
f 1604//3364 1531//3364 1435//3364
f 1604//3365 1435//3365 1255//3365
f 1255//3366 1435//3366 1328//3366
f 1910//3367 1907//3367 1605//3367
f 1605//3368 1907//3368 1906//3368
f 1605//3369 1906//3369 1604//3369
f 1906//3370 1905//3370 1604//3370
f 1604//3371 1905//3371 1899//3371
f 1604//3372 1899//3372 1818//3372
f 1818//3373 1899//3373 1847//3373
f 1131//3374 1047//3374 1130//3374
f 1130//3375 1047//3375 1044//3375
f 1130//3376 1044//3376 1152//3376
f 1152//3377 1044//3377 1034//3377
f 1935//3378 1849//3378 1827//3378
f 1935//3379 1827//3379 1893//3379
f 1893//3380 1827//3380 1731//3380
f 1984//3381 1909//3381 1982//3381
f 1982//3382 1909//3382 1904//3382
f 1982//3383 1904//3383 1979//3383
f 1979//3384 1904//3384 1972//3384
f 1972//3385 1904//3385 1901//3385
f 1972//3386 1901//3386 1849//3386
f 1972//3387 1849//3387 1937//3387
f 1937//3388 1849//3388 1935//3388
f 1085//3389 1245//3389 1203//3389
f 1034//3390 1027//3390 1152//3390
f 1203//3391 1181//3391 1085//3391
f 1085//3392 1181//3392 1180//3392
f 1085//3393 1180//3393 1152//3393
f 1085//3394 1152//3394 1027//3394
f 1245//3395 1327//3395 1203//3395
f 1203//3396 1327//3396 1485//3396
f 1203//3397 1485//3397 1827//3397
f 1827//3398 1485//3398 1596//3398
f 1827//3399 1596//3399 1731//3399
f 2018//3400 2021//3400 2022//3400
f 2022//3401 2021//3401 2023//3401
f 1982//3402 1979//3402 2017//3402
f 2017//3403 1979//3403 1972//3403
f 2015//3404 2018//3404 2017//3404
f 2017//3405 2018//3405 2022//3405
f 2017//3406 2022//3406 1982//3406
f 1982//3407 2022//3407 1984//3407
f 1972//3408 1973//3408 2017//3408
f 2017//3409 1973//3409 2012//3409
f 2017//3410 2012//3410 2015//3410
f 2015//3411 2012//3411 1973//3411
f 2015//3412 1973//3412 1974//3412
f 1980//3413 1981//3413 1983//3413
f 2015//3414 1974//3414 1975//3414
f 1940//3415 1978//3415 1897//3415
f 1897//3416 1978//3416 1975//3416
f 2015//3417 1975//3417 2018//3417
f 1985//3418 1983//3418 1945//3418
f 1945//3419 1983//3419 1943//3419
f 1981//3420 1942//3420 1983//3420
f 1983//3421 1942//3421 1943//3421
f 1940//3422 1942//3422 1978//3422
f 1978//3423 1942//3423 1981//3423
f 1978//3424 1981//3424 1975//3424
f 1975//3425 1981//3425 1980//3425
f 1975//3426 1980//3426 2018//3426
f 2018//3427 1980//3427 1983//3427
f 2018//3428 1983//3428 2021//3428
f 2021//3429 1983//3429 1985//3429
f 2021//3430 1985//3430 2023//3430
f 1599//3431 1633//3431 1571//3431
f 1571//3432 1633//3432 1545//3432
f 1571//3433 1545//3433 1540//3433
f 1633//3434 1599//3434 1625//3434
f 1824//3435 1828//3435 1665//3435
f 1828//3436 1855//3436 1665//3436
f 1665//3437 1855//3437 1860//3437
f 1665//3438 1860//3438 1862//3438
f 1791//3439 1821//3439 1824//3439
f 1791//3440 1824//3440 1735//3440
f 1735//3441 1824//3441 1665//3441
f 1735//3442 1665//3442 1655//3442
f 1862//3443 1860//3443 1863//3443
f 1863//3444 1860//3444 1861//3444
f 1851//3445 1853//3445 1825//3445
f 1855//3446 1828//3446 1829//3446
f 1829//3447 1828//3447 1824//3447
f 1858//3448 1861//3448 1857//3448
f 1857//3449 1861//3449 1860//3449
f 1853//3450 1856//3450 1858//3450
f 1853//3451 1858//3451 1852//3451
f 1852//3452 1858//3452 1857//3452
f 1852//3453 1857//3453 1829//3453
f 1829//3454 1857//3454 1855//3454
f 1855//3455 1857//3455 1860//3455
f 1822//3456 1825//3456 1853//3456
f 1822//3457 1853//3457 1821//3457
f 1821//3458 1853//3458 1852//3458
f 1821//3459 1852//3459 1824//3459
f 1824//3460 1852//3460 1829//3460
f 1740//3461 1703//3461 1706//3461
f 1710//3462 1663//3462 1666//3462
f 1663//3463 1710//3463 1662//3463
f 1662//3464 1710//3464 1709//3464
f 1662//3465 1709//3465 1706//3465
f 1662//3466 1706//3466 1631//3466
f 1631//3467 1706//3467 1703//3467
f 1631//3468 1703//3468 1630//3468
f 1793//3469 1825//3469 1792//3469
f 1792//3470 1825//3470 1822//3470
f 1861//3471 1858//3471 1797//3471
f 1797//3472 1858//3472 1856//3472
f 1797//3473 1856//3473 1795//3473
f 1795//3474 1856//3474 1853//3474
f 1795//3475 1853//3475 1793//3475
f 1793//3476 1853//3476 1851//3476
f 1793//3477 1851//3477 1825//3477
f 1863//3478 1861//3478 1799//3478
f 1799//3479 1861//3479 1797//3479
f 1799//3480 1797//3480 1763//3480
f 1712//3481 1763//3481 1761//3481
f 1761//3482 1763//3482 1797//3482
f 1761//3483 1797//3483 1759//3483
f 1759//3484 1797//3484 1795//3484
f 1759//3485 1795//3485 1758//3485
f 1758//3486 1795//3486 1793//3486
f 1758//3487 1793//3487 1756//3487
f 1756//3488 1793//3488 1792//3488
f 1666//3489 1712//3489 1710//3489
f 1710//3490 1712//3490 1761//3490
f 1710//3491 1761//3491 1709//3491
f 1709//3492 1761//3492 1759//3492
f 1709//3493 1759//3493 1706//3493
f 1706//3494 1759//3494 1758//3494
f 1706//3495 1758//3495 1740//3495
f 1740//3496 1758//3496 1756//3496
f 1575//3497 1541//3497 1546//3497
f 1575//3498 1546//3498 1630//3498
f 1632//3499 1630//3499 1546//3499
f 1632//3500 1546//3500 1634//3500
f 1256//3501 1250//3501 1291//3501
f 1256//3502 1291//3502 1294//3502
f 1294//3503 1291//3503 1337//3503
f 1294//3504 1337//3504 1344//3504
f 1344//3505 1337//3505 1388//3505
f 1344//3506 1388//3506 1397//3506
f 1397//3507 1388//3507 1389//3507
f 1397//3508 1389//3508 1398//3508
f 1398//3509 1389//3509 1338//3509
f 1398//3510 1338//3510 1346//3510
f 1346//3511 1338//3511 1339//3511
f 1346//3512 1339//3512 1347//3512
f 1347//3513 1339//3513 1292//3513
f 1347//3514 1292//3514 1297//3514
f 1297//3515 1292//3515 1251//3515
f 1297//3516 1251//3516 1257//3516
f 1257//3517 1251//3517 1250//3517
f 1257//3518 1250//3518 1256//3518
f 1342//3519 1332//3519 1331//3519
f 1342//3520 1331//3520 1341//3520
f 1341//3521 1331//3521 1383//3521
f 1341//3522 1383//3522 1393//3522
f 1393//3523 1383//3523 1439//3523
f 1393//3524 1439//3524 1447//3524
f 1447//3525 1439//3525 1488//3525
f 1447//3526 1488//3526 1491//3526
f 1491//3527 1488//3527 1489//3527
f 1491//3528 1489//3528 1492//3528
f 1492//3529 1489//3529 1440//3529
f 1492//3530 1440//3530 1449//3530
f 1449//3531 1440//3531 1441//3531
f 1449//3532 1441//3532 1450//3532
f 1450//3533 1441//3533 1385//3533
f 1450//3534 1385//3534 1396//3534
f 1396//3535 1385//3535 1384//3535
f 1396//3536 1384//3536 1395//3536
f 1395//3537 1384//3537 1333//3537
f 1395//3538 1333//3538 1343//3538
f 1343//3539 1333//3539 1332//3539
f 1343//3540 1332//3540 1342//3540
f 1156//3541 1131//3541 1154//3541
f 1154//3542 1131//3542 1130//3542
f 1154//3543 1130//3543 1152//3543
f 1154//3544 1152//3544 1151//3544
f 1151//3545 1152//3545 1180//3545
f 1151//3546 1180//3546 1179//3546
f 1179//3547 1180//3547 1181//3547
f 1179//3548 1181//3548 1202//3548
f 1202//3549 1181//3549 1203//3549
f 1827//3550 1826//3550 1203//3550
f 1203//3551 1826//3551 1202//3551
f 1826//3552 1827//3552 1848//3552
f 1848//3553 1827//3553 1849//3553
f 1848//3554 1849//3554 1901//3554
f 1848//3555 1901//3555 1900//3555
f 1900//3556 1901//3556 1904//3556
f 1900//3557 1904//3557 1903//3557
f 1909//3558 1908//3558 1904//3558
f 1904//3559 1908//3559 1903//3559
f 1048//3560 1049//3560 1258//3560
f 1258//3561 1049//3561 1182//3561
f 1258//3562 1204//3562 1157//3562
f 1157//3563 1204//3563 1132//3563
f 1157//3564 1100//3564 862//3564
f 862//3565 1100//3565 979//3565
f 903//3566 904//3566 974//3566
f 861//3567 978//3567 860//3567
f 860//3568 978//3568 977//3568
f 974//3569 973//3569 903//3569
f 903//3570 973//3570 902//3570
f 902//3571 973//3571 972//3571
f 906//3572 977//3572 905//3572
f 905//3573 977//3573 976//3573
f 1255//3574 1258//3574 1155//3574
f 1155//3575 1258//3575 1157//3575
f 1396//3576 1395//3576 1344//3576
f 1344//3577 1395//3577 1343//3577
f 1344//3578 1343//3578 1294//3578
f 1341//3579 1393//3579 1255//3579
f 1255//3580 1447//3580 1604//3580
f 1604//3581 1447//3581 1491//3581
f 1451//3582 1297//3582 1155//3582
f 1155//3583 1297//3583 1257//3583
f 1604//3584 1491//3584 1492//3584
f 1604//3585 1492//3585 1451//3585
f 1451//3586 1492//3586 1449//3586
f 1451//3587 1449//3587 1450//3587
f 1396//3588 1344//3588 1397//3588
f 1396//3589 1397//3589 1450//3589
f 1450//3590 1397//3590 1451//3590
f 1451//3591 1397//3591 1398//3591
f 1451//3592 1398//3592 1346//3592
f 1256//3593 1255//3593 1155//3593
f 1294//3594 1343//3594 1256//3594
f 1256//3595 1343//3595 1342//3595
f 1256//3596 1342//3596 1255//3596
f 1255//3597 1342//3597 1341//3597
f 1605//3598 1604//3598 1452//3598
f 1452//3599 1604//3599 1451//3599
f 1452//3600 1545//3600 1605//3600
f 1605//3601 1545//3601 1633//3601
f 2022//3602 2080//3602 1984//3602
f 1984//3603 2080//3603 1908//3603
f 1862//3604 1910//3604 1665//3604
f 1665//3605 1910//3605 1605//3605
f 2066//3606 2022//3606 2049//3606
f 2049//3607 2022//3607 2023//3607
f 1546//3608 1452//3608 1634//3608
f 1634//3609 1452//3609 1667//3609
f 2049//3610 1945//3610 1862//3610
f 2049//3611 1862//3611 2050//3611
f 2050//3612 1862//3612 2024//3612
f 2024//3613 1862//3613 1986//3613
f 2049//3614 1985//3614 1945//3614
f 1713//3615 1712//3615 1691//3615
f 1691//3616 1712//3616 1666//3616
f 1691//3617 1666//3617 1667//3617
f 1667//3618 1666//3618 1634//3618
f 1712//3619 1764//3619 1763//3619
f 1947//3620 1863//3620 1864//3620
f 1864//3621 1863//3621 1799//3621
f 1764//3622 1801//3622 1763//3622
f 1763//3623 1800//3623 1799//3623
f 1799//3624 1800//3624 1830//3624
f 855//3625 862//3625 861//3625
f 855//3626 861//3626 854//3626
f 854//3627 861//3627 860//3627
f 854//3628 860//3628 899//3628
f 899//3629 860//3629 906//3629
f 899//3630 906//3630 898//3630
f 898//3631 906//3631 905//3631
f 898//3632 905//3632 897//3632
f 897//3633 905//3633 904//3633
f 897//3634 904//3634 896//3634
f 896//3635 904//3635 903//3635
f 896//3636 903//3636 895//3636
f 895//3637 903//3637 902//3637
f 895//3638 902//3638 849//3638
f 849//3639 902//3639 859//3639
f 849//3640 859//3640 848//3640
f 1661//3641 1660//3641 1705//3641
f 2078//3642 2079//3642 2048//3642
f 2064//3643 2063//3643 2075//3643
f 2014//3644 2013//3644 2043//3644
f 2014//3645 1977//3645 2013//3645
f 2013//3646 1977//3646 1939//3646
f 2013//3647 1939//3647 1976//3647
f 1757//3648 1781//3648 1794//3648
f 1794//3649 1781//3649 1823//3649
f 1794//3650 1823//3650 1850//3650
f 1850//3651 1823//3651 1898//3651
f 1850//3652 1898//3652 1939//3652
f 1939//3653 1898//3653 1976//3653
f 1705//3654 1704//3654 1739//3654
f 1660//3655 1658//3655 1705//3655
f 1705//3656 1658//3656 1690//3656
f 1705//3657 1690//3657 1704//3657
f 1864//3658 1859//3658 1947//3658
f 1947//3659 1859//3659 1944//3659
f 1947//3660 1944//3660 1946//3660
f 1946//3661 1944//3661 1986//3661
f 2048//3662 2049//3662 2050//3662
f 2020//3663 2024//3663 1986//3663
f 1986//3664 1944//3664 2020//3664
f 2020//3665 1944//3665 2019//3665
f 2020//3666 2019//3666 2047//3666
f 2049//3667 2048//3667 2066//3667
f 2066//3668 2048//3668 2079//3668
f 2066//3669 2079//3669 2080//3669
f 2078//3670 2065//3670 2077//3670
f 2077//3671 2065//3671 2064//3671
f 2077//3672 2064//3672 2076//3672
f 2076//3673 2064//3673 2075//3673
f 1707//3674 1661//3674 1705//3674
f 1707//3675 1705//3675 1757//3675
f 1757//3676 1705//3676 1739//3676
f 1757//3677 1739//3677 1781//3677
f 2014//3678 2046//3678 1977//3678
f 1977//3679 2046//3679 2016//3679
f 1977//3680 2016//3680 1939//3680
f 1939//3681 2016//3681 1941//3681
f 1939//3682 1941//3682 1850//3682
f 1850//3683 1941//3683 1854//3683
f 1850//3684 1854//3684 1794//3684
f 1794//3685 1854//3685 1796//3685
f 1794//3686 1796//3686 1757//3686
f 1757//3687 1796//3687 1760//3687
f 1757//3688 1760//3688 1707//3688
f 1707//3689 1760//3689 1708//3689
f 1707//3690 1708//3690 1661//3690
f 1667//3691 1664//3691 1691//3691
f 1691//3692 1664//3692 1711//3692
f 1762//3693 1741//3693 1711//3693
f 1711//3694 1741//3694 1713//3694
f 1711//3695 1713//3695 1691//3695
f 1798//3696 1801//3696 1762//3696
f 1762//3697 1801//3697 1764//3697
f 1762//3698 1764//3698 1741//3698
f 1859//3699 1864//3699 1830//3699
f 1859//3700 1830//3700 1798//3700
f 1798//3701 1830//3701 1800//3701
f 1798//3702 1800//3702 1801//3702
f 2063//3703 2064//3703 2044//3703
f 2044//3704 2064//3704 2065//3704
f 2044//3705 2065//3705 2045//3705
f 2045//3706 2065//3706 2078//3706
f 2045//3707 2078//3707 2047//3707
f 2047//3708 2078//3708 2048//3708
f 2047//3709 2048//3709 2020//3709
f 2020//3710 2048//3710 2050//3710
f 2020//3711 2050//3711 2024//3711
f 1664//3712 1661//3712 1711//3712
f 1711//3713 1661//3713 1708//3713
f 1711//3714 1708//3714 1762//3714
f 1762//3715 1708//3715 1760//3715
f 1762//3716 1760//3716 1798//3716
f 1798//3717 1760//3717 1796//3717
f 1798//3718 1796//3718 1859//3718
f 1859//3719 1796//3719 1854//3719
f 1859//3720 1854//3720 1944//3720
f 1944//3721 1854//3721 1941//3721
f 1944//3722 1941//3722 2019//3722
f 2019//3723 1941//3723 2016//3723
f 2019//3724 2016//3724 2047//3724
f 2047//3725 2016//3725 2046//3725
f 2047//3726 2046//3726 2045//3726
f 2045//3727 2046//3727 2014//3727
f 2045//3728 2014//3728 2044//3728
f 2044//3729 2014//3729 2043//3729
f 2044//3730 2043//3730 2063//3730
f 1250//3731 1249//3731 1291//3731
f 1291//3732 1249//3732 1290//3732
f 1291//3733 1290//3733 1337//3733
f 1338//3734 1391//3734 1339//3734
f 1339//3735 1391//3735 1340//3735
f 1339//3736 1340//3736 1292//3736
f 1340//3737 1293//3737 1292//3737
f 1292//3738 1293//3738 1253//3738
f 1292//3739 1253//3739 1252//3739
f 1292//3740 1252//3740 1251//3740
f 1251//3741 1252//3741 1224//3741
f 1251//3742 1224//3742 1223//3742
f 1251//3743 1223//3743 1250//3743
f 1250//3744 1223//3744 1222//3744
f 1250//3745 1222//3745 1221//3745
f 1250//3746 1221//3746 1249//3746
f 1290//3747 1336//3747 1337//3747
f 1337//3748 1336//3748 1387//3748
f 1337//3749 1387//3749 1388//3749
f 1388//3750 1387//3750 1443//3750
f 1388//3751 1443//3751 1444//3751
f 1388//3752 1444//3752 1389//3752
f 1389//3753 1444//3753 1445//3753
f 1389//3754 1445//3754 1338//3754
f 1338//3755 1445//3755 1390//3755
f 1338//3756 1390//3756 1391//3756
f 1331//3757 1330//3757 1383//3757
f 1383//3758 1330//3758 1382//3758
f 1383//3759 1382//3759 1439//3759
f 1440//3760 1490//3760 1441//3760
f 1441//3761 1490//3761 1442//3761
f 1441//3762 1442//3762 1385//3762
f 1442//3763 1386//3763 1385//3763
f 1385//3764 1386//3764 1335//3764
f 1385//3765 1335//3765 1384//3765
f 1384//3766 1335//3766 1334//3766
f 1384//3767 1334//3767 1333//3767
f 1333//3768 1334//3768 1289//3768
f 1333//3769 1289//3769 1332//3769
f 1332//3770 1289//3770 1288//3770
f 1332//3771 1288//3771 1331//3771
f 1331//3772 1288//3772 1287//3772
f 1331//3773 1287//3773 1330//3773
f 1382//3774 1438//3774 1439//3774
f 1439//3775 1438//3775 1487//3775
f 1439//3776 1487//3776 1488//3776
f 1488//3777 1487//3777 1512//3777
f 1488//3778 1512//3778 1513//3778
f 1488//3779 1513//3779 1489//3779
f 1489//3780 1513//3780 1514//3780
f 1489//3781 1514//3781 1440//3781
f 1440//3782 1514//3782 1490//3782
f 848//3783 859//3783 1156//3783
f 1279//3784 1171//3784 1202//3784
f 1179//3785 1120//3785 1081//3785
f 1120//3786 1179//3786 1171//3786
f 1171//3787 1179//3787 1202//3787
f 1900//3788 2076//3788 2075//3788
f 2076//3789 1900//3789 2077//3789
f 2077//3790 1900//3790 1903//3790
f 2077//3791 1903//3791 2078//3791
f 2078//3792 1903//3792 2079//3792
f 2079//3793 1903//3793 1908//3793
f 2079//3794 1908//3794 2080//3794
f 878//3795 1151//3795 876//3795
f 1156//3796 1154//3796 848//3796
f 848//3797 1154//3797 1151//3797
f 848//3798 1151//3798 878//3798
f 1017//3799 936//3799 1151//3799
f 2008//3800 1848//3800 2039//3800
f 1886//3801 1826//3801 1966//3801
f 1966//3802 1826//3802 1848//3802
f 1966//3803 1848//3803 2008//3803
f 1179//3804 1081//3804 1016//3804
f 1179//3805 1016//3805 1151//3805
f 1151//3806 1016//3806 1017//3806
f 1151//3807 936//3807 876//3807
f 2060//3808 1848//3808 2061//3808
f 1848//3809 2060//3809 2039//3809
f 1900//3810 2075//3810 1848//3810
f 1848//3811 2075//3811 2074//3811
f 1848//3812 2074//3812 2061//3812
f 1886//3813 1776//3813 1826//3813
f 1826//3814 1776//3814 1564//3814
f 1826//3815 1564//3815 1202//3815
f 1202//3816 1564//3816 1426//3816
f 1202//3817 1426//3817 1279//3817
f 855//3818 854//3818 850//3818
f 850//3819 854//3819 892//3819
f 892//3820 893//3820 850//3820
f 893//3821 892//3821 944//3821
f 944//3822 947//3822 893//3822
f 1081//3823 1082//3823 1016//3823
f 1082//3824 1019//3824 1016//3824
f 1016//3825 1019//3825 1018//3825
f 1016//3826 1018//3826 1017//3826
f 1017//3827 1018//3827 936//3827
f 936//3828 1018//3828 937//3828
f 877//3829 876//3829 936//3829
f 877//3830 936//3830 937//3830
f 884//3831 849//3831 848//3831
f 941//3832 942//3832 883//3832
f 941//3833 883//3833 882//3833
f 882//3834 883//3834 889//3834
f 942//3835 943//3835 883//3835
f 883//3836 943//3836 891//3836
f 883//3837 891//3837 889//3837
f 1026//3838 943//3838 1020//3838
f 1026//3839 1020//3839 1021//3839
f 879//3840 876//3840 877//3840
f 879//3841 877//3841 880//3841
f 880//3842 877//3842 937//3842
f 880//3843 937//3843 938//3843
f 938//3844 937//3844 1018//3844
f 938//3845 1018//3845 1019//3845
f 890//3846 899//3846 889//3846
f 889//3847 899//3847 898//3847
f 889//3848 898//3848 888//3848
f 886//3849 888//3849 896//3849
f 886//3850 896//3850 885//3850
f 885//3851 896//3851 895//3851
f 848//3852 878//3852 884//3852
f 884//3853 878//3853 879//3853
f 884//3854 879//3854 885//3854
f 885//3855 879//3855 880//3855
f 885//3856 880//3856 887//3856
f 887//3857 880//3857 881//3857
f 887//3858 881//3858 882//3858
f 882//3859 881//3859 940//3859
f 882//3860 940//3860 941//3860
f 941//3861 940//3861 939//3861
f 941//3862 939//3862 1020//3862
f 941//3863 1020//3863 942//3863
f 942//3864 1020//3864 943//3864
f 897//3865 896//3865 888//3865
f 897//3866 888//3866 898//3866
f 854//3867 899//3867 890//3867
f 854//3868 890//3868 892//3868
f 1082//3869 1083//3869 1019//3869
f 1019//3870 1083//3870 1084//3870
f 878//3871 876//3871 879//3871
f 881//3872 880//3872 938//3872
f 881//3873 938//3873 940//3873
f 940//3874 938//3874 939//3874
f 939//3875 938//3875 1019//3875
f 939//3876 1019//3876 1020//3876
f 1020//3877 1019//3877 1084//3877
f 943//3878 944//3878 892//3878
f 943//3879 892//3879 891//3879
f 891//3880 892//3880 890//3880
f 891//3881 890//3881 889//3881
f 882//3882 889//3882 888//3882
f 882//3883 888//3883 887//3883
f 887//3884 888//3884 886//3884
f 887//3885 886//3885 885//3885
f 884//3886 885//3886 895//3886
f 884//3887 895//3887 849//3887
f 1660//3888 1661//3888 1451//3888
f 1155//3889 947//3889 1095//3889
f 1667//3890 1452//3890 1664//3890
f 1664//3891 1452//3891 1451//3891
f 1664//3892 1451//3892 1661//3892
f 1157//3893 862//3893 855//3893
f 850//3894 893//3894 1157//3894
f 947//3895 1155//3895 893//3895
f 893//3896 1155//3896 1157//3896
f 1095//3897 1149//3897 1155//3897
f 1155//3898 1149//3898 1201//3898
f 1155//3899 1201//3899 1451//3899
f 1451//3900 1658//3900 1660//3900
f 1201//3901 1248//3901 1451//3901
f 1451//3902 1248//3902 1381//3902
f 1451//3903 1381//3903 1486//3903
f 855//3904 850//3904 1157//3904
f 1451//3905 1626//3905 1658//3905
f 1486//3906 1532//3906 1451//3906
f 1451//3907 1532//3907 1602//3907
f 2060//3908 2061//3908 2062//3908
f 1602//3909 1624//3909 1687//3909
f 1738//3910 1658//3910 1626//3910
f 1738//3911 1626//3911 1734//3911
f 1739//3912 1704//3912 1658//3912
f 1658//3913 1704//3913 1690//3913
f 1896//3914 1898//3914 1820//3914
f 1820//3915 1898//3915 1823//3915
f 1820//3916 1823//3916 1781//3916
f 2075//3917 2063//3917 2062//3917
f 2062//3918 2063//3918 2043//3918
f 2062//3919 2043//3919 2042//3919
f 2042//3920 2043//3920 2013//3920
f 2042//3921 2013//3921 1971//3921
f 1971//3922 2013//3922 1976//3922
f 1971//3923 1976//3923 1896//3923
f 1896//3924 1976//3924 1898//3924
f 2075//3925 2062//3925 2074//3925
f 2009//3926 2039//3926 2040//3926
f 2040//3927 2039//3927 2060//3927
f 2040//3928 2060//3928 2011//3928
f 2011//3929 2060//3929 2041//3929
f 1966//3930 2008//3930 2009//3930
f 2009//3931 2008//3931 2039//3931
f 1843//3932 1887//3932 1931//3932
f 1931//3933 1887//3933 1930//3933
f 1931//3934 1967//3934 1843//3934
f 1843//3935 1967//3935 1888//3935
f 1843//3936 1888//3936 1816//3936
f 1816//3937 1888//3937 1817//3937
f 1816//3938 1817//3938 1778//3938
f 1754//3939 1778//3939 1701//3939
f 1754//3940 1701//3940 1687//3940
f 1626//3941 1701//3941 1734//3941
f 1734//3942 1701//3942 1788//3942
f 1844//3943 1888//3943 1933//3943
f 1933//3944 1888//3944 1967//3944
f 1933//3945 1967//3945 2010//3945
f 1888//3946 1844//3946 1817//3946
f 1817//3947 1844//3947 1788//3947
f 1817//3948 1788//3948 1778//3948
f 1778//3949 1788//3949 1701//3949
f 1701//3950 1626//3950 1687//3950
f 1687//3951 1626//3951 1602//3951
f 2041//3952 2060//3952 2062//3952
f 2041//3953 2062//3953 2011//3953
f 2011//3954 2062//3954 2042//3954
f 2011//3955 2042//3955 1934//3955
f 1934//3956 2042//3956 1971//3956
f 1934//3957 1971//3957 1892//3957
f 1892//3958 1971//3958 1896//3958
f 1892//3959 1896//3959 1820//3959
f 1780//3960 1820//3960 1781//3960
f 1780//3961 1781//3961 1739//3961
f 2061//3962 2074//3962 2062//3962
f 1739//3963 1658//3963 1738//3963
f 1739//3964 1738//3964 1780//3964
f 1780//3965 1738//3965 1734//3965
f 1780//3966 1734//3966 1820//3966
f 1820//3967 1734//3967 1788//3967
f 1820//3968 1788//3968 1892//3968
f 1892//3969 1788//3969 1844//3969
f 1892//3970 1844//3970 1934//3970
f 1934//3971 1844//3971 1933//3971
f 1934//3972 1933//3972 2011//3972
f 2011//3973 1933//3973 2010//3973
f 2011//3974 2010//3974 2040//3974
f 2040//3975 2010//3975 1967//3975
f 2040//3976 1967//3976 2009//3976
f 2009//3977 1967//3977 1931//3977
f 2009//3978 1931//3978 1966//3978
f 1966//3979 1931//3979 1930//3979
f 1223//3980 1219//3980 1222//3980
f 1222//3981 1219//3981 1218//3981
f 1220//3982 1224//3982 1246//3982
f 1246//3983 1224//3983 1252//3983
f 1224//3984 1220//3984 1223//3984
f 1223//3985 1220//3985 1219//3985
f 1286//3986 1247//3986 1253//3986
f 1253//3987 1247//3987 1252//3987
f 1252//3988 1247//3988 1246//3988
f 1286//3989 1253//3989 1293//3989
f 1286//3990 1293//3990 1329//3990
f 1329//3991 1293//3991 1340//3991
f 1329//3992 1340//3992 1391//3992
f 1329//3993 1391//3993 1380//3993
f 1380//3994 1391//3994 1379//3994
f 1379//3995 1391//3995 1390//3995
f 1379//3996 1390//3996 1436//3996
f 1436//3997 1390//3997 1445//3997
f 1436//3998 1445//3998 1434//3998
f 1434//3999 1445//3999 1444//3999
f 1434//4000 1444//4000 1433//4000
f 1433//4001 1444//4001 1443//4001
f 1387//4002 1378//4002 1432//4002
f 1387//4003 1432//4003 1443//4003
f 1443//4004 1432//4004 1433//4004
f 1336//4005 1377//4005 1387//4005
f 1387//4006 1377//4006 1378//4006
f 1336//4007 1326//4007 1377//4007
f 1290//4008 1285//4008 1336//4008
f 1336//4009 1285//4009 1326//4009
f 1249//4010 1243//4010 1290//4010
f 1290//4011 1243//4011 1285//4011
f 1215//4012 1244//4012 1249//4012
f 1249//4013 1244//4013 1243//4013
f 1215//4014 1249//4014 1221//4014
f 1215//4015 1221//4015 1222//4015
f 1215//4016 1222//4016 1218//4016
f 1282//4017 1288//4017 1289//4017
f 1288//4018 1282//4018 1281//4018
f 1335//4019 1323//4019 1322//4019
f 1335//4020 1322//4020 1334//4020
f 1334//4021 1322//4021 1289//4021
f 1289//4022 1322//4022 1283//4022
f 1289//4023 1283//4023 1282//4023
f 1386//4024 1374//4024 1335//4024
f 1335//4025 1374//4025 1323//4025
f 1374//4026 1386//4026 1429//4026
f 1429//4027 1386//4027 1442//4027
f 1429//4028 1442//4028 1490//4028
f 1429//4029 1490//4029 1482//4029
f 1482//4030 1490//4030 1508//4030
f 1508//4031 1490//4031 1514//4031
f 1480//4032 1481//4032 1487//4032
f 1508//4033 1514//4033 1513//4033
f 1508//4034 1513//4034 1507//4034
f 1507//4035 1513//4035 1512//4035
f 1487//4036 1481//4036 1506//4036
f 1487//4037 1506//4037 1512//4037
f 1512//4038 1506//4038 1507//4038
f 1480//4039 1487//4039 1438//4039
f 1480//4040 1438//4040 1428//4040
f 1382//4041 1373//4041 1438//4041
f 1438//4042 1373//4042 1428//4042
f 1330//4043 1321//4043 1382//4043
f 1382//4044 1321//4044 1373//4044
f 1287//4045 1288//4045 1281//4045
f 1281//4046 1280//4046 1287//4046
f 1287//4047 1280//4047 1330//4047
f 1330//4048 1280//4048 1321//4048
f 1201//4049 1149//4049 1175//4049
f 1374//4050 1429//4050 1376//4050
f 1145//4051 1195//4051 1196//4051
f 1930//4052 1887//4052 1815//4052
f 1777//4053 1843//4053 1816//4053
f 1624//4054 1602//4054 1598//4054
f 1598//4055 1602//4055 1532//4055
f 1598//4056 1532//4056 1486//4056
f 1687//4057 1620//4057 1754//4057
f 1754//4058 1620//4058 1699//4058
f 1777//4059 1816//4059 1696//4059
f 1143//4060 1083//4060 1121//4060
f 1121//4061 1083//4061 1082//4061
f 1121//4062 1082//4062 1081//4062
f 1020//4063 1084//4063 1144//4063
f 1144//4064 1084//4064 1083//4064
f 1020//4065 1145//4065 1021//4065
f 1021//4066 1145//4066 1196//4066
f 1021//4067 1196//4067 1026//4067
f 1026//4068 1196//4068 1122//4068
f 1026//4069 1122//4069 943//4069
f 943//4070 1122//4070 944//4070
f 944//4071 1122//4071 1090//4071
f 944//4072 1090//4072 1095//4072
f 944//4073 1095//4073 947//4073
f 1243//4074 1244//4074 1173//4074
f 1173//4075 1244//4075 1215//4075
f 1173//4076 1215//4076 1218//4076
f 1173//4077 1218//4077 1175//4077
f 1175//4078 1218//4078 1219//4078
f 1376//4079 1326//4079 1284//4079
f 1284//4080 1326//4080 1285//4080
f 1432//4081 1378//4081 1509//4081
f 1484//4082 1433//4082 1509//4082
f 1509//4083 1433//4083 1432//4083
f 1509//4084 1378//4084 1376//4084
f 1376//4085 1378//4085 1377//4085
f 1376//4086 1377//4086 1326//4086
f 1437//4087 1379//4087 1436//4087
f 1437//4088 1436//4088 1484//4088
f 1436//4089 1434//4089 1484//4089
f 1434//4090 1433//4090 1484//4090
f 1381//4091 1329//4091 1380//4091
f 1381//4092 1380//4092 1437//4092
f 1437//4093 1380//4093 1379//4093
f 1247//4094 1286//4094 1248//4094
f 1248//4095 1286//4095 1381//4095
f 1381//4096 1286//4096 1329//4096
f 1201//4097 1220//4097 1246//4097
f 1201//4098 1246//4098 1247//4098
f 1201//4099 1247//4099 1248//4099
f 1321//4100 1280//4100 1214//4100
f 1505//4101 1480//4101 1428//4101
f 1505//4102 1428//4102 1372//4102
f 1372//4103 1428//4103 1373//4103
f 1565//4104 1507//4104 1506//4104
f 1506//4105 1481//4105 1565//4105
f 1565//4106 1481//4106 1505//4106
f 1505//4107 1481//4107 1480//4107
f 1376//4108 1429//4108 1509//4108
f 1429//4109 1482//4109 1509//4109
f 1509//4110 1482//4110 1528//4110
f 1528//4111 1482//4111 1508//4111
f 1282//4112 1283//4112 1284//4112
f 1283//4113 1322//4113 1284//4113
f 1322//4114 1323//4114 1284//4114
f 1284//4115 1323//4115 1376//4115
f 1376//4116 1323//4116 1374//4116
f 1195//4117 1281//4117 1196//4117
f 1196//4118 1281//4118 1282//4118
f 1196//4119 1282//4119 1284//4119
f 1020//4120 1144//4120 1145//4120
f 1145//4121 1144//4121 1214//4121
f 1145//4122 1214//4122 1195//4122
f 1195//4123 1214//4123 1280//4123
f 1195//4124 1280//4124 1281//4124
f 1373//4125 1321//4125 1372//4125
f 1372//4126 1321//4126 1214//4126
f 1372//4127 1214//4127 1239//4127
f 1239//4128 1214//4128 1144//4128
f 1239//4129 1144//4129 1143//4129
f 1143//4130 1144//4130 1083//4130
f 1887//4131 1843//4131 1815//4131
f 1815//4132 1843//4132 1777//4132
f 1815//4133 1777//4133 1729//4133
f 1729//4134 1777//4134 1696//4134
f 1729//4135 1696//4135 1652//4135
f 1966//4136 1930//4136 1886//4136
f 1886//4137 1930//4137 1815//4137
f 1886//4138 1815//4138 1776//4138
f 1776//4139 1815//4139 1729//4139
f 1776//4140 1729//4140 1564//4140
f 1564//4141 1729//4141 1652//4141
f 1486//4142 1510//4142 1598//4142
f 1598//4143 1510//4143 1620//4143
f 1598//4144 1620//4144 1624//4144
f 1624//4145 1620//4145 1687//4145
f 1081//4146 1120//4146 1121//4146
f 1121//4147 1120//4147 1172//4147
f 1121//4148 1172//4148 1143//4148
f 1143//4149 1172//4149 1238//4149
f 1143//4150 1238//4150 1239//4150
f 1239//4151 1238//4151 1427//4151
f 1239//4152 1427//4152 1372//4152
f 1372//4153 1427//4153 1527//4153
f 1372//4154 1527//4154 1505//4154
f 1505//4155 1527//4155 1616//4155
f 1505//4156 1616//4156 1565//4156
f 1565//4157 1616//4157 1683//4157
f 1565//4158 1683//4158 1617//4158
f 1617//4159 1683//4159 1699//4159
f 1617//4160 1699//4160 1595//4160
f 1595//4161 1699//4161 1620//4161
f 1595//4162 1620//4162 1568//4162
f 1568//4163 1620//4163 1510//4163
f 1486//4164 1381//4164 1510//4164
f 1510//4165 1381//4165 1437//4165
f 1510//4166 1437//4166 1568//4166
f 1568//4167 1437//4167 1484//4167
f 1568//4168 1484//4168 1595//4168
f 1595//4169 1484//4169 1509//4169
f 1595//4170 1509//4170 1617//4170
f 1617//4171 1509//4171 1528//4171
f 1617//4172 1528//4172 1565//4172
f 1565//4173 1528//4173 1508//4173
f 1565//4174 1508//4174 1507//4174
f 1175//4175 1219//4175 1201//4175
f 1201//4176 1219//4176 1220//4176
f 1285//4177 1243//4177 1284//4177
f 1284//4178 1243//4178 1196//4178
f 1196//4179 1243//4179 1173//4179
f 1196//4180 1173//4180 1122//4180
f 1122//4181 1173//4181 1175//4181
f 1122//4182 1175//4182 1090//4182
f 1090//4183 1175//4183 1149//4183
f 1090//4184 1149//4184 1095//4184
f 1120//4185 1171//4185 1172//4185
f 1172//4186 1171//4186 1279//4186
f 1172//4187 1279//4187 1238//4187
f 1238//4188 1279//4188 1426//4188
f 1238//4189 1426//4189 1427//4189
f 1427//4190 1426//4190 1564//4190
f 1427//4191 1564//4191 1527//4191
f 1527//4192 1564//4192 1652//4192
f 1527//4193 1652//4193 1616//4193
f 1616//4194 1652//4194 1696//4194
f 1616//4195 1696//4195 1683//4195
f 1683//4196 1696//4196 1816//4196
f 1683//4197 1816//4197 1699//4197
f 1699//4198 1816//4198 1778//4198
f 1699//4199 1778//4199 1754//4199
f 619//4200 644//4200 620//4200
f 619//4201 620//4201 603//4201
f 603//4202 620//4202 623//4202
f 603//4203 623//4203 605//4203
f 605//4204 623//4204 624//4204
f 605//4205 624//4205 608//4205
f 605//4206 608//4206 596//4206
f 596//4207 608//4207 611//4207
f 596//4208 611//4208 598//4208
f 598//4209 611//4209 614//4209
f 598//4210 614//4210 599//4210
f 599//4211 614//4211 637//4211
f 599//4212 637//4212 616//4212
f 616//4213 637//4213 636//4213
f 616//4214 636//4214 615//4214
f 615//4215 636//4215 670//4215
f 615//4216 670//4216 639//4216
f 639//4217 670//4217 669//4217
f 639//4218 669//4218 638//4218
f 638//4219 669//4219 683//4219
f 638//4220 683//4220 666//4220
f 666//4221 683//4221 665//4221
f 665//4222 683//4222 692//4222
f 665//4223 692//4223 681//4223
f 681//4224 692//4224 691//4224
f 681//4225 691//4225 678//4225
f 678//4226 691//4226 689//4226
f 678//4227 689//4227 676//4227
f 676//4228 689//4228 651//4228
f 651//4229 689//4229 675//4229
f 651//4230 675//4230 646//4230
f 646//4231 675//4231 672//4231
f 646//4232 672//4232 642//4232
f 642//4233 672//4233 643//4233
f 642//4234 643//4234 618//4234
f 618//4235 643//4235 644//4235
f 618//4236 644//4236 619//4236
f 606//4237 596//4237 609//4237
f 609//4238 596//4238 598//4238
f 626//4239 603//4239 606//4239
f 606//4240 603//4240 605//4240
f 606//4241 605//4241 596//4241
f 609//4242 598//4242 599//4242
f 609//4243 599//4243 612//4243
f 612//4244 599//4244 616//4244
f 658//4245 651//4245 652//4245
f 652//4246 651//4246 646//4246
f 661//4247 681//4247 658//4247
f 658//4248 681//4248 678//4248
f 658//4249 678//4249 676//4249
f 658//4250 676//4250 651//4250
f 631//4251 666//4251 661//4251
f 661//4252 666//4252 665//4252
f 661//4253 665//4253 681//4253
f 612//4254 616//4254 615//4254
f 612//4255 615//4255 631//4255
f 631//4256 615//4256 639//4256
f 631//4257 639//4257 638//4257
f 631//4258 638//4258 666//4258
f 652//4259 646//4259 642//4259
f 652//4260 642//4260 626//4260
f 626//4261 642//4261 618//4261
f 626//4262 618//4262 621//4262
f 621//4263 618//4263 619//4263
f 621//4264 619//4264 626//4264
f 626//4265 619//4265 603//4265
f 623//4266 620//4266 554//4266
f 623//4267 554//4267 624//4267
f 572//4268 614//4268 548//4268
f 548//4269 614//4269 611//4269
f 620//4270 644//4270 554//4270
f 554//4271 644//4271 698//4271
f 698//4272 644//4272 643//4272
f 698//4273 643//4273 672//4273
f 672//4274 675//4274 698//4274
f 698//4275 675//4275 689//4275
f 706//4276 699//4276 689//4276
f 689//4277 699//4277 698//4277
f 683//4278 669//4278 701//4278
f 701//4279 669//4279 670//4279
f 701//4280 670//4280 572//4280
f 572//4281 670//4281 636//4281
f 608//4282 556//4282 534//4282
f 608//4283 534//4283 611//4283
f 611//4284 534//4284 537//4284
f 611//4285 537//4285 544//4285
f 611//4286 544//4286 548//4286
f 700//4287 691//4287 692//4287
f 700//4288 692//4288 701//4288
f 701//4289 692//4289 683//4289
f 624//4290 554//4290 608//4290
f 608//4291 554//4291 556//4291
f 689//4292 705//4292 706//4292
f 700//4293 712//4293 691//4293
f 691//4294 712//4294 711//4294
f 572//4295 636//4295 637//4295
f 572//4296 637//4296 614//4296
f 711//4297 710//4297 691//4297
f 691//4298 710//4298 689//4298
f 689//4299 710//4299 707//4299
f 689//4300 707//4300 705//4300
f 631//4301 663//4301 612//4301
f 663//4302 632//4302 612//4302
f 612//4303 632//4303 633//4303
f 612//4304 633//4304 629//4304
f 612//4305 629//4305 609//4305
f 609//4306 629//4306 606//4306
f 629//4307 628//4307 606//4307
f 606//4308 628//4308 627//4308
f 606//4309 627//4309 654//4309
f 606//4310 654//4310 626//4310
f 649//4311 621//4311 626//4311
f 649//4312 626//4312 654//4312
f 649//4313 648//4313 626//4313
f 626//4314 648//4314 653//4314
f 626//4315 653//4315 652//4315
f 653//4316 677//4316 652//4316
f 652//4317 677//4317 658//4317
f 658//4318 677//4318 679//4318
f 658//4319 679//4319 661//4319
f 661//4320 679//4320 680//4320
f 682//4321 661//4321 680//4321
f 661//4322 682//4322 662//4322
f 661//4323 662//4323 631//4323
f 663//4324 631//4324 662//4324
f 718//4325 698//4325 699//4325
f 718//4326 699//4326 720//4326
f 720//4327 699//4327 719//4327
f 719//4328 699//4328 706//4328
f 719//4329 706//4329 733//4329
f 733//4330 706//4330 705//4330
f 733//4331 705//4331 707//4331
f 733//4332 707//4332 735//4332
f 718//4333 578//4333 698//4333
f 698//4334 578//4334 554//4334
f 559//4335 537//4335 534//4335
f 559//4336 534//4336 580//4336
f 580//4337 534//4337 556//4337
f 580//4338 556//4338 554//4338
f 580//4339 554//4339 578//4339
f 544//4340 571//4340 594//4340
f 544//4341 594//4341 548//4341
f 548//4342 594//4342 572//4342
f 701//4343 572//4343 724//4343
f 724//4344 572//4344 593//4344
f 700//4345 723//4345 739//4345
f 724//4346 700//4346 701//4346
f 700//4347 724//4347 723//4347
f 739//4348 711//4348 712//4348
f 739//4349 712//4349 700//4349
f 737//4350 710//4350 739//4350
f 739//4351 710//4351 711//4351
f 707//4352 710//4352 735//4352
f 735//4353 710//4353 737//4353
f 684//4354 685//4354 663//4354
f 663//4355 685//4355 667//4355
f 663//4356 667//4356 668//4356
f 664//4357 632//4357 668//4357
f 668//4358 632//4358 663//4358
f 629//4359 633//4359 664//4359
f 664//4360 633//4360 632//4360
f 629//4361 664//4361 659//4361
f 629//4362 659//4362 656//4362
f 629//4363 656//4363 655//4363
f 629//4364 655//4364 628//4364
f 628//4365 655//4365 650//4365
f 654//4366 627//4366 650//4366
f 650//4367 627//4367 628//4367
f 654//4368 650//4368 645//4368
f 654//4369 645//4369 674//4369
f 654//4370 674//4370 649//4370
f 649//4371 674//4371 673//4371
f 688//4372 653//4372 686//4372
f 686//4373 653//4373 648//4373
f 686//4374 648//4374 673//4374
f 673//4375 648//4375 649//4375
f 693//4376 679//4376 697//4376
f 697//4377 679//4377 696//4377
f 696//4378 679//4378 677//4378
f 696//4379 677//4379 690//4379
f 690//4380 677//4380 687//4380
f 687//4381 677//4381 688//4381
f 688//4382 677//4382 653//4382
f 694//4383 682//4383 693//4383
f 693//4384 682//4384 680//4384
f 693//4385 680//4385 679//4385
f 662//4386 682//4386 694//4386
f 662//4387 694//4387 695//4387
f 662//4388 695//4388 684//4388
f 662//4389 684//4389 663//4389
f 578//4390 718//4390 673//4390
f 718//4391 688//4391 686//4391
f 718//4392 686//4392 673//4392
f 735//4393 696//4393 690//4393
f 673//4394 674//4394 578//4394
f 578//4395 674//4395 645//4395
f 578//4396 645//4396 650//4396
f 580//4397 655//4397 656//4397
f 580//4398 656//4398 559//4398
f 559//4399 656//4399 571//4399
f 684//4400 724//4400 593//4400
f 684//4401 593//4401 685//4401
f 685//4402 593//4402 667//4402
f 735//4403 690//4403 718//4403
f 718//4404 690//4404 687//4404
f 718//4405 687//4405 688//4405
f 684//4406 695//4406 724//4406
f 724//4407 695//4407 694//4407
f 718//4408 720//4408 735//4408
f 735//4409 720//4409 719//4409
f 656//4410 659//4410 571//4410
f 571//4411 659//4411 594//4411
f 594//4412 659//4412 664//4412
f 664//4413 668//4413 593//4413
f 593//4414 668//4414 667//4414
f 697//4415 739//4415 723//4415
f 694//4416 693//4416 724//4416
f 724//4417 693//4417 697//4417
f 724//4418 697//4418 723//4418
f 719//4419 733//4419 735//4419
f 578//4420 650//4420 580//4420
f 580//4421 650//4421 655//4421
f 664//4422 593//4422 594//4422
f 696//4423 735//4423 697//4423
f 697//4424 735//4424 737//4424
f 697//4425 737//4425 739//4425
