# decimated by robomaster_gui_node/tools/decimate_obj.py
v -0.02165 -0.00900 -0.00940
v -0.02163 -0.00900 -0.00687
v -0.02161 -0.00766 -0.01018
v -0.02168 -0.00600 -0.00851
v -0.02163 -0.00623 -0.00687
v -0.02161 -0.00307 -0.01018
v -0.02163 -0.00300 -0.00687
v -0.02161 -0.00050 -0.01018
v -0.02163 -0.00050 -0.00687
v -0.02161 0.00050 -0.01018
v -0.02163 0.00050 -0.00687
v -0.02161 0.00300 -0.01018
v -0.02163 0.00300 -0.00687
v -0.02165 0.00600 -0.00945
v -0.02161 0.00600 -0.01018
v -0.02161 0.00741 -0.01018
v -0.02161 0.00900 -0.01018
v -0.02168 0.00900 -0.00857
v -0.02163 0.00857 -0.00687
v -0.02161 0.00975 -0.00782
v -0.02045 -0.01220 -0.00670
v -0.02064 -0.01108 -0.01349
v -0.02081 -0.01145 -0.01159
v -0.02099 -0.01144 -0.00996
v -0.02104 -0.01144 -0.00854
v -0.02106 -0.01136 -0.00792
v -0.02082 -0.01160 -0.00606
v -0.02099 -0.01117 -0.00552
v -0.02066 -0.01144 -0.00428
v -0.02049 -0.01147 -0.00354
v -0.02075 -0.01020 -0.01430
v -0.02091 -0.01009 -0.01258
v -0.02096 -0.01061 -0.01099
v -0.02120 -0.00996 -0.01015
v -0.02153 -0.01020 -0.00854
v -0.02095 -0.01026 -0.00686
v -0.02115 -0.01064 -0.00507
v -0.02091 -0.01003 -0.00435
v -0.02096 -0.01035 -0.00358
v -0.02061 -0.00900 -0.01531
v -0.02111 -0.00900 -0.01345
v -0.02102 -0.00919 -0.01145
v -0.02086 -0.00893 -0.00920
v -0.02104 -0.00908 -0.00548
v -0.02116 -0.00917 -0.00358
v -0.02086 -0.00600 -0.01446
v -0.02111 -0.00649 -0.01345
v -0.02104 -0.00600 -0.01222
v -0.02087 -0.00643 -0.00882
v -0.02088 -0.00600 -0.00838
v -0.02077 -0.00600 -0.00622
v -0.02115 -0.00699 -0.00352
v -0.02158 -0.00600 -0.00635
v -0.02111 -0.00300 -0.01345
v -0.02073 -0.00300 -0.01091
v -0.02086 -0.00300 -0.00766
v -0.02089 -0.00304 -0.00407
v -0.02113 -0.00288 -0.00341
v -0.02111 -0.00050 -0.01345
v -0.02073 -0.00050 -0.01091
v -0.02086 -0.00050 -0.00766
v -0.02080 -0.00050 -0.00415
v -0.02111 -0.00050 -0.00334
v -0.02111 0.00050 -0.01345
v -0.02073 0.00050 -0.01091
v -0.02086 0.00050 -0.00766
v -0.02089 0.00050 -0.00407
v -0.02111 0.00050 -0.00334
v -0.02111 0.00307 -0.01345
v -0.02073 0.00300 -0.01091
v -0.02086 0.00300 -0.00766
v -0.02085 0.00298 -0.00411
v -0.02113 0.00306 -0.00341
v -0.02059 0.00600 -0.01537
v -0.02113 0.00600 -0.01164
v -0.02086 0.00622 -0.00932
v -0.02111 0.00798 -0.01345
v -0.02085 0.00900 -0.01452
v -0.02082 0.00900 -0.01236
v -0.02137 0.00945 -0.01200
v -0.02087 0.00873 -0.00892
v -0.02086 0.00930 -0.00835
v -0.02106 0.00900 -0.00650
v -0.02120 0.00900 -0.00376
v -0.02116 0.00907 -0.00358
v -0.02091 0.01006 -0.01379
v -0.02096 0.01060 -0.01291
v -0.02084 0.01024 -0.01112
v -0.02147 0.01022 -0.00999
v -0.02152 0.01022 -0.00854
v -0.02074 0.01001 -0.00765
v -0.02095 0.01050 -0.00698
v -0.02095 0.01013 -0.00531
v -0.02105 0.01078 -0.00471
v -0.02095 0.01039 -0.00358
v -0.02067 0.01145 -0.01237
v -0.02104 0.01132 -0.01005
v -0.02095 0.01157 -0.00894
v -0.02095 0.01145 -0.00657
v -0.02060 0.01147 -0.00406
v -0.02051 0.01144 -0.00354
v -0.02043 0.01207 -0.01135
v -0.02045 0.01207 -0.00562
v -0.01929 -0.01323 -0.00999
v -0.01950 -0.01234 -0.01458
v -0.01999 -0.01234 -0.01251
v -0.02005 -0.01251 -0.01127
v -0.02019 -0.01251 -0.00990
v -0.02015 -0.01256 -0.00923
v -0.01955 -0.01309 -0.00769
v -0.01988 -0.01246 -0.00703
v -0.02008 -0.01251 -0.00579
v -0.01987 -0.01251 -0.00443
v -0.01975 -0.01239 -0.00344
v -0.01937 -0.01144 -0.01687
v -0.01987 -0.01144 -0.01554
v -0.01980 -0.01150 -0.01387
v -0.01952 -0.01163 -0.01261
v -0.01982 -0.01145 -0.01159
v -0.01967 -0.01194 -0.00866
v -0.02010 -0.01141 -0.00808
v -0.01984 -0.01168 -0.00672
v -0.02010 -0.01117 -0.00570
v -0.01924 -0.01020 -0.01837
v -0.01971 -0.01078 -0.01686
v -0.01997 -0.01014 -0.01610
v -0.02017 -0.01049 -0.01275
v -0.02038 -0.01068 -0.01090
v -0.02032 -0.01063 -0.00524
v -0.01978 -0.00922 -0.01751
v -0.01926 -0.00939 -0.01665
v -0.01989 -0.00893 -0.01491
v -0.02038 -0.00930 -0.00380
v -0.02032 -0.00896 -0.00346
v -0.02016 -0.00825 -0.01661
v -0.01954 -0.00600 -0.01808
v -0.02000 -0.00643 -0.01455
v -0.02012 -0.00600 -0.01413
v -0.02030 -0.00676 -0.00338
v -0.02016 -0.00307 -0.01661
v -0.02013 -0.00300 -0.01410
v -0.02028 -0.00304 -0.00328
v -0.02016 -0.00050 -0.01661
v -0.02013 -0.00050 -0.01410
v -0.02026 -0.00029 -0.00320
v -0.02016 0.00050 -0.01661
v -0.02013 0.00050 -0.01410
v -0.02026 0.00050 -0.00321
v -0.02016 0.00300 -0.01661
v -0.02013 0.00300 -0.01410
v -0.02028 0.00315 -0.00328
v -0.01984 0.00600 -0.01739
v -0.02016 0.00633 -0.01661
v -0.01987 0.00624 -0.01501
v -0.01950 0.00900 -0.01816
v -0.01967 0.00945 -0.01775
v -0.02016 0.00900 -0.01661
v -0.01993 0.00856 -0.01482
v -0.02009 0.00917 -0.01423
v -0.01986 0.01029 -0.01691
v -0.02033 0.01022 -0.01569
v -0.02018 0.01001 -0.01339
v -0.02020 0.01042 -0.01266
v -0.02036 0.01048 -0.00509
v -0.01988 0.01107 -0.01606
v -0.01980 0.01163 -0.01538
v -0.02027 0.01146 -0.01417
v -0.01994 0.01117 -0.01218
v -0.01989 0.01146 -0.01113
v -0.02024 0.01110 -0.01015
v -0.01978 0.01179 -0.00937
v -0.02000 0.01141 -0.00633
v -0.01998 0.01127 -0.00524
v -0.01971 0.01138 -0.00425
v -0.01952 0.01234 -0.01452
v -0.01951 0.01251 -0.01397
v -0.01982 0.01251 -0.01263
v -0.01976 0.01239 -0.01105
v -0.01943 0.01255 -0.01053
v -0.01992 0.01231 -0.00890
v -0.01985 0.01287 -0.00830
v -0.02020 0.01251 -0.00716
v -0.01966 0.01255 -0.00536
v -0.02003 0.01211 -0.00348
v -0.01934 0.01323 -0.00785
v -0.01817 -0.01323 -0.01527
v -0.01840 -0.01342 -0.01336
v -0.01883 -0.01330 -0.01243
v -0.01858 -0.01358 -0.01042
v -0.01822 -0.01376 -0.00851
v -0.01908 -0.01337 -0.00756
v -0.01887 -0.01330 -0.00462
v -0.01806 -0.01355 -0.00321
v -0.01832 -0.01227 -0.01778
v -0.01863 -0.01251 -0.01657
v -0.01872 -0.01259 -0.01491
v -0.01826 -0.01246 -0.01402
v -0.01869 -0.01260 -0.01257
v -0.01894 -0.01252 -0.00910
v -0.01867 -0.01268 -0.00737
v -0.01901 -0.01246 -0.00713
v -0.01884 -0.01315 -0.00332
v -0.01813 -0.01144 -0.01943
v -0.01858 -0.01108 -0.01900
v -0.01917 -0.01145 -0.01735
v -0.01858 -0.01117 -0.01678
v -0.01888 -0.01194 -0.01409
v -0.01855 -0.01020 -0.01968
v -0.01854 -0.01045 -0.01825
v -0.01882 -0.00970 -0.01760
v -0.01899 -0.01063 -0.01649
v -0.01814 -0.00986 -0.00017
v -0.01834 -0.01004 0.00048
v -0.01804 -0.00974 0.00424
v -0.01808 -0.00900 -0.02075
v -0.01876 -0.00900 -0.01961
v -0.01915 -0.00900 -0.01698
v -0.01828 -0.00918 -0.00022
v -0.01857 -0.00906 0.00034
v -0.01825 -0.00906 0.00438
v -0.01876 -0.00768 -0.01961
v -0.01835 -0.00826 0.00446
v -0.01865 -0.00600 -0.01980
v -0.01890 -0.00600 -0.01756
v -0.01846 -0.00446 -0.00017
v -0.01843 -0.00414 0.00458
v -0.01825 -0.00414 0.00488
v -0.01876 -0.00300 -0.01961
v -0.01907 -0.00300 -0.01718
v -0.01876 -0.00050 -0.01961
v -0.01907 -0.00050 -0.01718
v -0.01840 -0.00001 -0.00038
v -0.01848 -0.00000 0.00450
v -0.01819 -0.00001 0.00504
v -0.01876 0.00050 -0.01961
v -0.01907 0.00050 -0.01718
v -0.01843 0.00001 -0.00037
v -0.01867 0.00000 0.00031
v -0.01844 0.00001 0.00469
v -0.01826 0.00002 0.00499
v -0.01876 0.00307 -0.01961
v -0.01907 0.00300 -0.01718
v -0.01845 0.00446 -0.00019
v -0.01843 0.00414 0.00458
v -0.01825 0.00414 0.00488
v -0.01804 0.00600 -0.02080
v -0.01903 0.00600 -0.01727
v -0.01876 0.00738 -0.01961
v -0.01835 0.00826 0.00447
v -0.01851 0.00900 -0.02005
v -0.01877 0.00900 -0.01784
v -0.01828 0.00913 -0.00022
v -0.01856 0.00912 0.00040
v -0.01820 0.00924 0.00438
v -0.01869 0.00999 -0.01952
v -0.01860 0.01036 -0.01848
v -0.01900 0.00970 -0.01718
v -0.01910 0.01041 -0.01644
v -0.01819 0.00972 -0.00018
v -0.01837 0.00995 0.00043
v -0.01812 0.01146 -0.01943
v -0.01878 0.01146 -0.01817
v -0.01847 0.01142 -0.01738
v -0.01887 0.01119 -0.01600
v -0.01881 0.01179 -0.01480
v -0.01915 0.01194 -0.00374
v -0.01841 0.01233 -0.01744
v -0.01859 0.01266 -0.01618
v -0.01851 0.01219 -0.01442
v -0.01880 0.01265 -0.01387
v -0.01856 0.01270 -0.01041
v -0.01876 0.01261 -0.00886
v -0.01858 0.01274 -0.00822
v -0.01867 0.01252 -0.00525
v -0.01888 0.01219 -0.00374
v -0.01836 0.01249 -0.00328
v -0.01878 0.01323 -0.01322
v -0.01854 0.01344 -0.01250
v -0.01907 0.01336 -0.00982
v -0.01834 0.01371 -0.00935
v -0.01890 0.01345 -0.00730
v -0.01874 0.01337 -0.00454
v -0.01716 -0.01330 -0.01738
v -0.01737 -0.01358 -0.01551
v -0.01734 -0.01380 -0.01357
v -0.01762 -0.01382 -0.01219
v -0.01705 -0.01397 -0.01098
v -0.01736 -0.01391 -0.01022
v -0.01722 -0.01396 -0.00881
v -0.01796 -0.01382 -0.00729
v -0.01767 -0.01382 -0.00484
v -0.01728 -0.01382 -0.00309
v -0.01719 -0.01234 -0.01976
v -0.01728 -0.01298 -0.01819
v -0.01739 -0.01238 -0.01758
v -0.01716 -0.01289 -0.01477
v -0.01712 -0.01308 -0.01281
v -0.01748 -0.01309 -0.01005
v -0.01763 -0.01308 -0.00789
v -0.01738 -0.01144 -0.02065
v -0.01791 -0.01175 -0.01944
v -0.01738 -0.01141 -0.01883
v -0.01784 -0.01168 -0.01753
v -0.01734 -0.01099 -0.00001
v -0.01743 -0.01114 0.00056
v -0.01707 -0.01047 -0.02183
v -0.01770 -0.00997 -0.02113
v -0.01747 -0.01029 -0.00028
v -0.01789 -0.01078 0.00077
v -0.01729 -0.01049 0.00448
v -0.01723 -0.01012 0.00494
v -0.01690 -0.00892 -0.02243
v -0.01728 -0.00930 -0.02050
v -0.01759 -0.00874 -0.02002
v -0.01756 -0.00911 -0.00047
v -0.01748 -0.00920 0.00508
v -0.01778 -0.00742 -0.02121
v -0.01777 -0.00827 0.00505
v -0.01780 -0.00622 -0.01968
v -0.01770 -0.00446 -0.00060
v -0.01783 -0.00415 0.00515
v -0.01694 -0.00310 -0.02237
v -0.01757 -0.00300 -0.02006
v -0.01694 -0.00050 -0.02237
v -0.01757 -0.00050 -0.02006
v -0.01771 -0.00002 -0.00074
v -0.01779 -0.00001 0.00528
v -0.01694 0.00050 -0.02237
v -0.01757 0.00050 -0.02006
v -0.01772 0.00003 -0.00073
v -0.01783 0.00002 0.00526
v -0.01694 0.00300 -0.02237
v -0.01757 0.00300 -0.02006
v -0.01772 0.00446 -0.00060
v -0.01779 0.00415 0.00516
v -0.01694 0.00611 -0.02237
v -0.01730 0.00600 -0.02047
v -0.01754 0.00643 -0.02010
v -0.01777 0.00827 0.00505
v -0.01700 0.00900 -0.02229
v -0.01774 0.00895 -0.01976
v -0.01758 0.00906 -0.00048
v -0.01750 0.00916 0.00508
v -0.01694 0.01026 -0.02211
v -0.01779 0.01022 -0.02092
v -0.01749 0.01022 -0.00030
v -0.01795 0.01071 0.00056
v -0.01741 0.01039 0.00446
v -0.01745 0.00990 0.00494
v -0.01726 0.01139 -0.02087
v -0.01751 0.01083 -0.00005
v -0.01730 0.01123 0.00056
v -0.01686 0.01086 0.00439
v -0.01722 0.01234 -0.01971
v -0.01724 0.01269 -0.01897
v -0.01777 0.01233 -0.01597
v -0.01725 0.01278 -0.01535
v -0.01777 0.01278 -0.01369
v -0.01724 0.01306 -0.01272
v -0.01754 0.01309 -0.00985
v -0.01746 0.01310 -0.00768
v -0.01730 0.01309 -0.00492
v -0.01787 0.01284 -0.00397
v -0.01745 0.01290 -0.00309
v -0.01684 0.01323 -0.01826
v -0.01712 0.01333 -0.01736
v -0.01751 0.01362 -0.01470
v -0.01690 0.01389 -0.01399
v -0.01761 0.01383 -0.01204
v -0.01695 0.01397 -0.01159
v -0.01790 0.01383 -0.00974
v -0.01723 0.01395 -0.00893
v -0.01707 0.01398 -0.00733
v -0.01759 0.01389 -0.00690
v -0.01762 0.01383 -0.00485
v -0.01755 0.01380 -0.00417
v -0.01573 -0.01323 -0.02008
v -0.01610 -0.01355 -0.01829
v -0.01605 -0.01382 -0.01684
v -0.01615 -0.01390 -0.01564
v -0.01603 -0.01399 -0.01389
v -0.01625 -0.01400 -0.01231
v -0.01633 -0.01400 -0.01193
v -0.01658 -0.01400 -0.01021
v -0.01666 -0.01400 -0.00763
v -0.01635 -0.01400 -0.00501
v -0.01601 -0.01399 -0.00290
v -0.01592 -0.01251 -0.02134
v -0.01638 -0.01259 -0.01983
v -0.01613 -0.01246 -0.01890
v -0.01649 -0.01268 -0.01751
v -0.01613 -0.01315 -0.01487
v -0.01621 -0.01320 -0.01279
v -0.01675 -0.01320 -0.00810
v -0.01612 -0.01135 -0.02194
v -0.01672 -0.01194 -0.01912
v -0.01584 -0.01101 -0.00013
v -0.01617 -0.01165 0.00059
v -0.01587 -0.01153 0.00240
v -0.01636 -0.01103 0.00445
v -0.01590 -0.01095 0.00493
v -0.01604 -0.01012 -0.02327
v -0.01575 -0.00970 -0.02250
v -0.01642 -0.01040 -0.02130
v -0.01650 -0.01054 -0.00030
v -0.01622 -0.01030 0.00523
v -0.01616 -0.00900 -0.02334
v -0.01631 -0.00917 -0.02186
v -0.01632 -0.00600 -0.02315
v -0.01584 -0.00600 -0.02248
v -0.01566 -0.00300 -0.02269
v -0.01566 -0.00050 -0.02269
v -0.01566 0.00050 -0.02269
v -0.01566 0.00300 -0.02269
v -0.01639 0.00600 -0.02239
v -0.01637 0.00919 -0.02307
v -0.01564 0.00900 -0.02272
v -0.01572 0.01062 -0.02343
v -0.01604 0.00970 -0.02214
v -0.01633 0.01041 -0.02146
v -0.01642 0.01060 -0.00028
v -0.01631 0.01034 0.00519
v -0.01566 0.01146 -0.02292
v -0.01597 0.01145 -0.02257
v -0.01622 0.01119 -0.02097
v -0.01647 0.01179 -0.01980
v -0.01596 0.01103 -0.00013
v -0.01616 0.01166 0.00058
v -0.01587 0.01153 0.00240
v -0.01612 0.01108 0.00454
v -0.01591 0.01087 0.00504
v -0.01604 0.01207 -0.02183
v -0.01593 0.01268 -0.02099
v -0.01628 0.01219 -0.01935
v -0.01612 0.01259 -0.01848
v -0.01565 0.01299 -0.01759
v -0.01650 0.01310 -0.01467
v -0.01578 0.01320 -0.01424
v -0.01663 0.01318 -0.01231
v -0.01671 0.01320 -0.00961
v -0.01641 0.01320 -0.00490
v -0.01672 0.01317 -0.00424
v -0.01620 0.01318 -0.00290
v -0.01620 0.01374 -0.01708
v -0.01600 0.01400 -0.01380
v -0.01655 0.01399 -0.01214
v -0.01633 0.01400 -0.01193
v -0.01659 0.01400 -0.01008
v -0.01666 0.01400 -0.00763
v -0.01636 0.01400 -0.00503
v -0.01643 0.01399 -0.00410
v -0.01596 0.01399 -0.00289
v -0.01490 -0.01358 -0.02010
v -0.01504 -0.01389 -0.01818
v -0.01486 -0.01400 -0.01627
v -0.01538 -0.01400 -0.01511
v -0.01493 -0.01230 -0.02238
v -0.01488 -0.01289 -0.01934
v -0.01505 -0.01312 -0.01735
v -0.01480 -0.01118 -0.02365
v -0.01482 -0.01168 -0.02218
v -0.01555 -0.01180 0.00107
v -0.01507 -0.01020 -0.02432
v -0.01511 -0.01049 -0.02291
v -0.01510 -0.01030 0.00545
v -0.01475 -0.00900 -0.02485
v -0.01475 -0.00827 -0.02485
v -0.01486 -0.00600 -0.02474
v -0.01444 -0.00645 -0.00008
v -0.01471 -0.00546 -0.00246
v -0.01506 -0.00546 -0.00021
v -0.01498 -0.00438 -0.00248
v -0.01533 -0.00438 -0.00028
v -0.01475 -0.00300 -0.02485
v -0.01476 -0.00300 -0.02370
v -0.01475 -0.00050 -0.02485
v -0.01476 -0.00050 -0.02370
v -0.01511 -0.00000 -0.00238
v -0.01542 -0.00000 -0.00041
v -0.01475 0.00050 -0.02485
v -0.01476 0.00050 -0.02370
v -0.01475 0.00310 -0.02485
v -0.01476 0.00300 -0.02370
v -0.01498 0.00438 -0.00248
v -0.01533 0.00438 -0.00028
v -0.01481 0.00525 -0.00247
v -0.01516 0.00528 -0.00023
v -0.01475 0.00678 -0.02485
v -0.01444 0.00602 -0.00244
v -0.01459 0.00627 -0.00011
v -0.01479 0.00900 -0.02481
v -0.01518 0.00999 -0.02426
v -0.01506 0.01028 -0.02306
v -0.01470 0.01146 -0.02397
v -0.01522 0.01141 -0.02201
v -0.01507 0.01251 -0.02241
v -0.01526 0.01219 -0.02084
v -0.01477 0.01279 -0.01987
v -0.01540 0.01284 -0.01880
v -0.01515 0.01315 -0.01698
v -0.01557 0.01342 -0.01971
v -0.01494 0.01382 -0.01883
v -0.01521 0.01398 -0.01633
v -0.01538 0.01400 -0.01511
v -0.01389 -0.01335 -0.02207
v -0.01336 -0.01382 -0.02095
v -0.01372 -0.01390 -0.01992
v -0.01384 -0.01400 -0.01833
v -0.01420 -0.01399 -0.01788
v -0.01362 -0.01234 -0.02417
v -0.01378 -0.01269 -0.02202
v -0.01406 -0.01312 -0.01923
v -0.01362 -0.01318 -0.01910
v -0.01397 -0.01156 -0.02460
v -0.01353 -0.01181 -0.02341
v -0.01382 -0.00997 -0.02557
v -0.01422 -0.00900 -0.02535
v -0.01381 -0.00891 -0.02463
v -0.01369 -0.00757 -0.02582
v -0.01423 -0.00622 -0.02424
v -0.01384 -0.00664 -0.00236
v -0.01401 -0.00680 -0.00000
v -0.01353 -0.00706 0.00008
v -0.01417 0.00600 -0.02539
v -0.01374 0.00626 -0.02470
v -0.01385 0.00663 -0.00236
v -0.01377 0.00693 0.00004
v -0.01366 0.00745 -0.02584
v -0.01413 0.00892 -0.02433
v -0.01401 0.01022 -0.02533
v -0.01321 0.01108 -0.02564
v -0.01359 0.01161 -0.02493
v -0.01366 0.01234 -0.02412
v -0.01393 0.01269 -0.02336
v -0.01399 0.01316 -0.01876
v -0.01387 0.01335 -0.02206
v -0.01329 0.01383 -0.02097
v -0.01373 0.01400 -0.01826
v -0.01421 0.01399 -0.01786
v -0.01212 -0.01323 -0.02410
v -0.01256 -0.01371 -0.02235
v -0.01236 -0.01400 -0.02009
v -0.01210 -0.01251 -0.02527
v -0.01297 -0.01269 -0.02428
v -0.01274 -0.01243 -0.02320
v -0.01244 -0.01308 -0.02144
v -0.01260 -0.01144 -0.02590
v -0.01316 -0.01195 0.00141
v -0.01260 -0.01049 -0.02574
v -0.01235 -0.00913 -0.02688
v -0.01224 -0.00918 -0.02596
v -0.01233 -0.00727 -0.00214
v -0.01259 -0.00728 0.00023
v -0.01316 -0.00706 -0.00226
v -0.01222 -0.00310 -0.02698
v -0.01235 -0.00300 -0.02588
v -0.01222 -0.00050 -0.02698
v -0.01235 -0.00050 -0.02588
v -0.01211 -0.00045 0.00618
v -0.01222 0.00050 -0.02698
v -0.01235 0.00050 -0.02588
v -0.01211 0.00100 0.00616
v -0.01209 0.00128 0.00616
v -0.01222 0.00307 -0.02698
v -0.01235 0.00300 -0.02588
v -0.01251 0.00600 -0.02677
v -0.01309 0.00709 -0.00225
v -0.01224 0.00728 -0.00212
v -0.01265 0.00727 0.00022
v -0.01220 0.00925 -0.02699
v -0.01300 0.00900 -0.02639
v -0.01271 0.01020 -0.02643
v -0.01260 0.01035 -0.02593
v -0.01209 0.01127 -0.02525
v -0.01279 0.01138 -0.02454
v -0.01294 0.01194 -0.02380
v -0.01209 0.01250 -0.02528
v -0.01214 0.01298 -0.02454
v -0.01289 0.01226 -0.02336
v -0.01260 0.01285 -0.02227
v -0.01237 0.01315 -0.02095
v -0.01207 0.01342 -0.02370
v -0.01274 0.01397 -0.02042
v -0.01266 0.01398 -0.02021
v -0.01131 -0.01358 -0.02390
v -0.01133 -0.01396 -0.02189
v -0.01116 -0.01400 -0.02159
v -0.01120 -0.01207 -0.02642
v -0.01100 -0.01251 -0.02609
v -0.01149 -0.01289 -0.02316
v -0.01166 -0.01320 -0.02097
v -0.01156 -0.01145 -0.02587
v -0.01132 -0.01014 -0.02692
v -0.01161 -0.00600 -0.02697
v -0.01190 -0.00600 -0.02721
v -0.01128 -0.00261 0.00625
v -0.01187 -0.00192 0.00618
v -0.01186 0.00193 0.00618
v -0.01125 0.00263 0.00625
v -0.01187 0.00600 -0.02625
v -0.01156 0.00900 -0.02690
v -0.01115 0.01046 -0.02710
v -0.01189 0.00970 -0.02616
v -0.01158 0.01146 -0.02665
v -0.01113 0.01141 -0.02583
v -0.01149 0.01229 -0.02598
v -0.01143 0.01233 -0.02450
v -0.01120 0.01289 -0.02340
v -0.01091 0.01314 -0.02258
v -0.01190 0.01371 -0.02298
v -0.01155 0.01390 -0.02228
v -0.01121 0.01400 -0.02154
v -0.01042 -0.01330 -0.02526
v -0.00972 -0.01382 -0.02425
v -0.01022 -0.01390 -0.02342
v -0.01068 -0.01400 -0.02181
v -0.01012 -0.01253 -0.02572
v -0.01073 -0.01312 -0.02284
v -0.01034 -0.01318 -0.02260
v -0.01014 -0.01135 -0.02735
v -0.01044 -0.01163 -0.02612
v -0.01011 -0.01175 0.00533
v -0.01052 -0.01020 -0.02794
v -0.01077 -0.01054 -0.02667
v -0.01059 -0.00900 -0.02807
v -0.01068 -0.00743 -0.02802
v -0.00979 -0.00600 -0.02762
v -0.01008 -0.00600 -0.02837
v -0.00965 -0.00300 -0.02769
v -0.01030 -0.00298 0.00639
v -0.00965 -0.00050 -0.02769
v -0.00965 0.00050 -0.02769
v -0.00965 0.00300 -0.02769
v -0.01022 0.00299 0.00641
v -0.01003 0.00900 -0.02840
v -0.00981 0.00930 -0.02759
v -0.01058 0.00999 -0.02796
v -0.01057 0.01035 -0.02686
v -0.01037 0.01077 0.00618
v -0.01026 0.01146 -0.02751
v -0.00987 0.01177 0.00537
v -0.00985 0.01251 -0.02684
v -0.01057 0.01320 -0.02201
v -0.01040 0.01333 -0.02522
v -0.00969 0.01383 -0.02421
v -0.01068 0.01400 -0.02181
v -0.00882 -0.01355 -0.02568
v -0.00896 -0.01400 -0.02317
v -0.00888 -0.01241 -0.02750
v -0.00854 -0.01246 -0.02622
v -0.00882 -0.01299 -0.02472
v -0.00891 -0.01215 0.00169
v -0.00889 -0.01201 0.00385
v -0.00902 -0.01144 -0.02822
v -0.00914 -0.01181 -0.02674
v -0.00877 -0.01144 0.00100
v -0.00885 -0.01196 0.00131
v -0.00880 -0.01182 0.00570
v -0.00889 -0.01120 0.00631
v -0.00860 -0.00975 -0.02908
v -0.00925 -0.01020 -0.02866
v -0.00920 -0.00894 -0.02832
v -0.00941 -0.00659 -0.02828
v -0.00941 -0.00313 -0.02874
v -0.00860 -0.00152 -0.01553
v -0.00941 -0.00050 -0.02874
v -0.00854 -0.00100 -0.01611
v -0.00868 -0.00100 -0.01554
v -0.00941 0.00050 -0.02874
v -0.00854 0.00100 -0.01611
v -0.00868 0.00100 -0.01554
v -0.00861 0.00148 -0.01553
v -0.00941 0.00304 -0.02874
v -0.00925 0.00600 -0.02882
v -0.00914 0.00624 -0.02828
v -0.00941 0.00831 -0.02874
v -0.00934 0.00887 -0.02832
v -0.00925 0.01022 -0.02865
v -0.00887 0.01161 -0.02819
v -0.00847 0.01194 -0.02697
v -0.00923 0.01183 0.00546
v -0.00889 0.01241 -0.02696
v -0.00874 0.01259 -0.02585
v -0.00874 0.01306 -0.02458
v -0.00860 0.01318 -0.02386
v -0.00864 0.01219 0.00207
v -0.00889 0.01201 0.00386
v -0.00948 0.01323 -0.02602
v -0.00951 0.01372 -0.02474
v -0.00922 0.01398 -0.02345
v -0.00760 -0.01323 -0.02704
v -0.00757 -0.01396 -0.02464
v -0.00823 -0.01400 -0.02365
v -0.00741 -0.01251 -0.02811
v -0.00823 -0.01265 -0.02694
v -0.00758 -0.01274 -0.02620
v -0.00797 -0.01320 -0.02390
v -0.00759 -0.01224 0.00222
v -0.00774 -0.01144 -0.02884
v -0.00754 -0.01099 0.00662
v -0.00789 -0.01047 -0.02922
v -0.00759 -0.01040 -0.02845
v -0.00737 -0.00900 -0.02969
v -0.00740 -0.00939 -0.02879
v -0.00754 -0.00261 -0.01618
v -0.00786 -0.00259 -0.01541
v -0.00763 -0.00177 -0.01718
v -0.00828 -0.00177 -0.01631
v -0.00833 -0.00214 -0.01549
v -0.00771 -0.00100 -0.01731
v -0.00829 -0.00100 -0.01662
v -0.00771 0.00100 -0.01731
v -0.00829 0.00100 -0.01662
v -0.00763 0.00177 -0.01718
v -0.00826 0.00177 -0.01635
v -0.00833 0.00214 -0.01549
v -0.00751 0.00263 -0.01617
v -0.00785 0.00261 -0.01541
v -0.00728 0.00600 -0.02973
v -0.00800 0.00900 -0.02942
v -0.00774 0.01027 -0.02936
v -0.00743 0.01041 -0.02853
v -0.00825 0.01108 -0.02881
v -0.00758 0.01119 -0.02805
v -0.00831 0.01167 -0.02733
v -0.00822 0.01185 0.00584
v -0.00826 0.01125 0.00641
v -0.00726 0.01250 -0.02818
v -0.00751 0.01298 -0.02747
v -0.00796 0.01284 -0.02577
v -0.00765 0.01342 -0.02664
v -0.00763 0.01380 -0.02557
v -0.00742 0.01399 -0.02443
v -0.00823 0.01400 -0.02365
v -0.00687 -0.01358 -0.02665
v -0.00620 -0.01383 -0.02615
v -0.00705 -0.01400 -0.02445
v -0.00611 -0.01207 -0.02905
v -0.00614 -0.01251 -0.02863
v -0.00680 -0.01305 -0.02565
v -0.00626 -0.01318 -0.02514
v -0.00684 -0.01145 -0.02921
v -0.00648 -0.01145 -0.02831
v -0.00622 -0.01006 -0.02966
v -0.00639 -0.00900 -0.03007
v -0.00702 -0.00919 -0.02932
v -0.00639 -0.00608 -0.03007
v -0.00654 -0.00600 -0.02958
v -0.00639 -0.00300 -0.03007
v -0.00672 -0.00300 -0.02909
v -0.00675 -0.00241 -0.01722
v -0.00639 -0.00292 -0.01628
v -0.00666 -0.00300 -0.01538
v -0.00663 -0.00177 -0.01777
v -0.00639 -0.00050 -0.03007
v -0.00672 -0.00050 -0.02909
v -0.00671 -0.00100 -0.01789
v -0.00639 0.00050 -0.03007
v -0.00672 0.00050 -0.02909
v -0.00671 0.00100 -0.01789
v -0.00665 0.00177 -0.01776
v -0.00639 0.00310 -0.03007
v -0.00672 0.00300 -0.02909
v -0.00672 0.00241 -0.01724
v -0.00641 0.00292 -0.01626
v -0.00671 0.00300 -0.01523
v -0.00679 0.00600 -0.02906
v -0.00643 0.00894 -0.03005
v -0.00651 0.00913 -0.02961
v -0.00645 0.01024 -0.02941
v -0.00649 0.01146 -0.02934
v -0.00619 0.01141 -0.02846
v -0.00705 0.01149 0.00126
v -0.00622 0.01107 0.00683
v -0.00657 0.01229 -0.02867
v -0.00684 0.01244 -0.02705
v -0.00684 0.01310 -0.02544
v -0.00664 0.01320 -0.02462
v -0.00716 0.01214 0.00179
v -0.00700 0.01400 -0.02435
v -0.00579 -0.01330 -0.02768
v -0.00536 -0.01382 -0.02652
v -0.00522 -0.01399 -0.02542
v -0.00563 -0.01400 -0.02500
v -0.00556 -0.01250 -0.02884
v -0.00523 -0.01252 -0.02802
v -0.00497 -0.01260 -0.02756
v -0.00597 -0.01204 0.00594
v -0.00496 -0.01123 -0.02964
v -0.00545 -0.01163 -0.02856
v -0.00521 -0.01020 -0.03030
v -0.00565 -0.01049 -0.02919
v -0.00503 -0.00760 -0.03050
v -0.00538 -0.00258 -0.01724
v -0.00557 -0.00300 -0.01606
v -0.00526 -0.00128 -0.01802
v -0.00546 -0.00191 -0.01782
v -0.00560 -0.00100 -0.01806
v -0.00555 0.00100 -0.01806
v -0.00526 0.00128 -0.01802
v -0.00548 0.00191 -0.01782
v -0.00539 0.00261 -0.01720
v -0.00570 0.00300 -0.01606
v -0.00501 0.00744 -0.03051
v -0.00542 0.01014 -0.03023
v -0.00553 0.01028 -0.02928
v -0.00506 0.01146 -0.02982
v -0.00484 0.01251 -0.02906
v -0.00577 0.01205 0.00597
v -0.00578 0.01333 -0.02764
v -0.00510 0.01377 -0.02677
v -0.00498 0.01398 -0.02555
v -0.00563 0.01400 -0.02500
v -0.00424 -0.01342 -0.02796
v -0.00373 -0.01371 -0.02742
v -0.00373 -0.01234 -0.02952
v -0.00442 -0.01291 -0.02701
v -0.00377 -0.01317 -0.02605
v -0.00369 -0.01144 -0.03019
v -0.00433 -0.01170 -0.02931
v -0.00385 -0.01194 -0.02874
v -0.00381 -0.01117 0.00720
v -0.00380 -0.01020 -0.03067
v -0.00366 -0.00900 -0.03085
v -0.00401 -0.00856 -0.02995
v -0.00452 -0.00600 -0.03064
v -0.00422 -0.00622 -0.02989
v -0.00361 -0.00300 -0.03004
v -0.00361 -0.00050 -0.03004
v -0.00361 0.00050 -0.03004
v -0.00361 0.00300 -0.03004
v -0.00374 0.00643 -0.03001
v -0.00413 0.00879 -0.03036
v -0.00433 0.00917 -0.02986
v -0.00380 0.01022 -0.03066
v -0.00368 0.01146 -0.03018
v -0.00398 0.01256 -0.02922
v -0.00371 0.01238 -0.02826
v -0.00407 0.01285 -0.02729
v -0.00425 0.01315 -0.02613
v -0.00455 0.01323 -0.02822
v -0.00247 -0.01323 -0.02872
v -0.00333 -0.01389 -0.02688
v -0.00284 -0.01400 -0.02606
v -0.00326 -0.01269 -0.02927
v -0.00324 -0.01252 -0.02815
v -0.00263 -0.01000 -0.03062
v -0.00342 -0.00915 -0.03008
v -0.00320 -0.00735 -0.03095
v -0.00320 -0.00307 -0.03095
v -0.00320 -0.00050 -0.03095
v -0.00320 0.00050 -0.03095
v -0.00320 0.00300 -0.03095
v -0.00338 0.00600 -0.03071
v -0.00320 0.00772 -0.03095
v -0.00320 0.00900 -0.03095
v -0.00290 0.01136 -0.03039
v -0.00297 0.01155 -0.02927
v -0.00244 0.01121 0.00742
v -0.00338 0.01219 -0.02859
v -0.00314 0.01284 -0.02758
v -0.00316 0.01237 0.00289
v -0.00274 0.01358 -0.02796
v -0.00294 0.01386 -0.02708
v -0.00288 0.01400 -0.02604
v -0.00187 -0.01358 -0.02814
v -0.00134 -0.01383 -0.02749
v -0.00216 -0.01251 -0.02968
v -0.00197 -0.01308 -0.02702
v -0.00198 -0.01231 0.00274
v -0.00181 -0.01228 0.00522
v -0.00216 -0.01214 0.00672
v -0.00229 -0.01144 -0.03047
v -0.00137 -0.01117 -0.02983
v -0.00187 -0.01165 0.00209
v -0.00223 -0.01187 0.00717
v -0.00226 -0.01139 0.00741
v -0.00192 -0.01063 -0.03040
v -0.00156 -0.00900 -0.03121
v -0.00164 -0.00918 -0.03039
v -0.00147 0.00600 -0.03123
v -0.00187 0.01023 -0.03058
v -0.00186 0.01127 -0.02970
v -0.00232 0.01187 0.00716
v -0.00235 0.01146 0.00739
v -0.00146 0.01207 -0.03017
v -0.00181 0.01244 -0.02917
v -0.00187 0.01269 -0.02814
v -0.00216 0.01310 -0.02696
v -0.00217 0.01320 -0.02613
v -0.00181 0.01228 0.00522
v -0.00219 0.01213 0.00672
v -0.00070 -0.01330 -0.02885
v -0.00058 -0.01382 -0.02762
v -0.00094 -0.01397 -0.02681
v -0.00045 -0.01400 -0.02631
v -0.00051 -0.01207 -0.03027
v -0.00034 -0.01239 -0.02960
v -0.00107 -0.01240 0.00322
v -0.00117 -0.01145 -0.03062
v -0.00076 -0.01174 -0.02948
v -0.00029 -0.01024 -0.03063
v -0.00111 -0.00945 -0.03125
v -0.00072 -0.00600 -0.03130
v -0.00085 -0.00600 -0.03049
v -0.00040 -0.00300 -0.03053
v -0.00040 -0.00050 -0.03053
v -0.00040 0.00050 -0.03053
v -0.00040 0.00300 -0.03053
v -0.00117 0.00600 -0.03046
v -0.00083 0.00920 -0.03128
v -0.00054 0.00900 -0.03052
v -0.00017 0.01053 -0.03050
v -0.00088 0.01146 -0.03064
v -0.00075 0.01141 -0.02972
v -0.00080 0.01251 -0.02985
v -0.00107 0.01240 0.00322
v -0.00069 0.01333 -0.02881
v -0.00006 0.01383 -0.02763
v -0.00044 0.01390 -0.02723
v -0.00045 0.01400 -0.02631
v 0.00101 -0.01342 -0.02873
v 0.00004 -0.01400 -0.02635
v 0.00050 -0.01298 -0.02940
v 0.00022 -0.01261 -0.02850
v 0.00089 -0.01312 -0.02706
v 0.00071 -0.01241 0.00350
v 0.00060 -0.01109 -0.03055
v 0.00000 -0.01163 -0.02963
v 0.00034 -0.01122 0.00785
v 0.00053 -0.01020 -0.03124
v 0.00002 -0.01048 -0.03029
v 0.00008 -0.00900 -0.03136
v 0.00008 -0.00632 -0.03136
v 0.00008 -0.00300 -0.03136
v 0.00008 -0.00050 -0.03136
v 0.00008 0.00050 -0.03136
v 0.00008 0.00307 -0.03136
v 0.00008 0.00829 -0.03136
v 0.00066 0.00994 -0.03129
v 0.00030 0.01025 -0.03080
v 0.00055 0.01146 -0.03073
v 0.00057 0.01251 -0.02995
v 0.00100 0.01285 -0.02805
v 0.00053 0.01315 -0.02697
v 0.00078 0.01323 -0.02906
v 0.00031 0.01358 -0.02838
v 0.00004 0.01400 -0.02635
v 0.00137 -0.01371 -0.02808
v 0.00175 -0.01396 -0.02689
v 0.00184 -0.01400 -0.02639
v 0.00191 -0.01234 -0.03011
v 0.00209 -0.01245 -0.02946
v 0.00169 -0.01246 -0.02877
v 0.00193 -0.01218 0.00718
v 0.00162 -0.01160 -0.03066
v 0.00145 -0.01182 -0.02951
v 0.00199 -0.01020 -0.03124
v 0.00232 -0.00900 -0.03137
v 0.00195 -0.00876 -0.03059
v 0.00144 -0.00600 -0.03140
v 0.00151 -0.00619 -0.03059
v 0.00238 0.00600 -0.03137
v 0.00203 0.00643 -0.03059
v 0.00150 0.00900 -0.03140
v 0.00163 0.00895 -0.03059
v 0.00199 0.01022 -0.03123
v 0.00197 0.01146 -0.03074
v 0.00213 0.01194 -0.02938
v 0.00157 0.01166 0.00263
v 0.00171 0.01121 0.00807
v 0.00185 0.01234 -0.03011
v 0.00168 0.01243 -0.02918
v 0.00197 0.01284 -0.02808
v 0.00149 0.01229 0.00313
v 0.00142 0.01241 0.00361
v 0.00217 0.01217 0.00722
v 0.00228 0.01371 -0.02806
v 0.00186 0.01395 -0.02694
v 0.00184 0.01400 -0.02639
v 0.00292 -0.01323 -0.02901
v 0.00335 -0.01358 -0.02830
v 0.00296 -0.01400 -0.02632
v 0.00291 -0.01269 -0.02970
v 0.00270 -0.01289 -0.02790
v 0.00306 -0.01315 -0.02695
v 0.00339 -0.01144 -0.03066
v 0.00307 -0.00975 -0.03127
v 0.00329 -0.01009 -0.03070
v 0.00250 -0.00930 -0.03055
v 0.00339 -0.00794 -0.03130
v 0.00339 -0.00307 -0.03130
v 0.00285 -0.00300 -0.03054
v 0.00339 -0.00050 -0.03130
v 0.00285 -0.00050 -0.03054
v 0.00339 0.00050 -0.03130
v 0.00285 0.00050 -0.03054
v 0.00339 0.00300 -0.03130
v 0.00285 0.00300 -0.03054
v 0.00339 0.00650 -0.03130
v 0.00247 0.00600 -0.03057
v 0.00339 0.00900 -0.03130
v 0.00344 0.01022 -0.03115
v 0.00294 0.01136 -0.03073
v 0.00276 0.01138 -0.02979
v 0.00322 0.01298 -0.02933
v 0.00335 0.01269 -0.02829
v 0.00271 0.01312 -0.02702
v 0.00267 0.01342 -0.02869
v 0.00296 0.01400 -0.02632
v 0.00453 -0.01330 -0.02869
v 0.00402 -0.01387 -0.02727
v 0.00424 -0.01400 -0.02616
v 0.00468 -0.01251 -0.02970
v 0.00410 -0.01208 0.00771
v 0.00467 -0.01145 -0.03050
v 0.00452 -0.01145 -0.02954
v 0.00374 -0.01156 0.00827
v 0.00475 -0.01113 0.00855
v 0.00388 -0.01062 -0.03051
v 0.00424 -0.00912 -0.03061
v 0.00457 0.00600 -0.03082
v 0.00404 0.01024 -0.03056
v 0.00406 0.01146 -0.02961
v 0.00391 0.01155 0.00830
v 0.00427 0.01207 -0.03015
v 0.00399 0.01234 -0.02935
v 0.00419 0.01208 0.00773
v 0.00452 0.01333 -0.02865
v 0.00442 0.01390 -0.02705
v 0.00424 0.01400 -0.02616
v 0.00559 -0.01252 -0.02948
v 0.00538 -0.01250 -0.02828
v 0.00574 -0.01308 -0.02684
v 0.00572 -0.01320 -0.02593
v 0.00554 -0.01163 -0.02925
v 0.00543 -0.01007 -0.03060
v 0.00568 -0.01049 -0.02989
v 0.00490 -0.00920 -0.03111
v 0.00516 -0.00600 -0.03080
v 0.00520 0.00911 -0.03067
v 0.00573 0.01044 -0.03043
v 0.00562 0.01068 -0.02982
v 0.00495 0.01145 -0.03046
v 0.00511 0.01117 -0.02966
v 0.00565 0.01306 -0.02696
v 0.00524 0.01318 -0.02635
v 0.00552 0.01358 -0.02796
v 0.00496 0.01383 -0.02733
v 0.00629 -0.01342 -0.02812
v 0.00650 -0.01380 -0.02707
v 0.00647 -0.01399 -0.02585
v 0.00695 -0.01246 -0.02798
v 0.00605 -0.01227 0.00400
v 0.00677 -0.01202 0.00797
v 0.00641 -0.01108 -0.03036
v 0.00670 -0.01152 -0.02937
v 0.00702 -0.01194 -0.02860
v 0.00609 -0.01159 0.00334
v 0.00631 -0.01020 -0.03070
v 0.00666 -0.00900 -0.03077
v 0.00666 -0.00738 -0.03077
v 0.00666 -0.00600 -0.03077
v 0.00706 -0.00600 -0.02984
v 0.00636 -0.00300 -0.03043
v 0.00636 -0.00050 -0.03043
v 0.00636 0.00050 -0.03043
v 0.00639 0.00304 -0.03045
v 0.00666 0.00769 -0.03077
v 0.00702 0.00930 -0.02984
v 0.00655 0.00994 -0.03070
v 0.00631 0.01001 -0.02990
v 0.00621 0.01146 -0.03021
v 0.00708 0.01103 0.00892
v 0.00637 0.01269 -0.02915
v 0.00655 0.01259 -0.02785
v 0.00705 0.01284 -0.02724
v 0.00716 0.01320 -0.02550
v 0.00698 0.01201 0.00801
v 0.00615 0.01323 -0.02850
v 0.00691 0.01389 -0.02662
v 0.00645 0.01399 -0.02584
v 0.00820 -0.01323 -0.02789
v 0.00734 -0.01400 -0.02536
v 0.00751 -0.01234 -0.02922
v 0.00765 -0.01263 -0.02824
v 0.00770 -0.01289 -0.02688
v 0.00780 -0.01315 -0.02587
v 0.00759 -0.01144 -0.02986
v 0.00773 -0.01020 -0.03034
v 0.00824 -0.00900 -0.03033
v 0.00782 -0.00891 -0.02962
v 0.00739 -0.00600 -0.03058
v 0.00748 -0.00643 -0.02973
v 0.00779 -0.00298 0.00925
v 0.00789 0.00297 0.00926
v 0.00829 0.00600 -0.03031
v 0.00793 0.00624 -0.02959
v 0.00744 0.00900 -0.03057
v 0.00756 0.00875 -0.02970
v 0.00772 0.01022 -0.03033
v 0.00789 0.01161 -0.02967
v 0.00771 0.01181 -0.02853
v 0.00782 0.01136 0.00356
v 0.00781 0.01176 0.00366
v 0.00732 0.01243 -0.02918
v 0.00735 0.01219 -0.02823
v 0.00805 0.01289 -0.02674
v 0.00749 0.01314 -0.02608
v 0.00755 0.01225 0.00427
v 0.00788 0.01342 -0.02765
v 0.00734 0.01371 -0.02714
v 0.00734 0.01400 -0.02536
v 0.00915 -0.01340 -0.02718
v 0.00875 -0.01387 -0.02594
v 0.00852 -0.01400 -0.02489
v 0.00867 -0.01251 -0.02867
v 0.00894 -0.01144 -0.02942
v 0.00893 -0.00975 -0.03004
v 0.00917 -0.01024 -0.02952
v 0.00942 -0.01063 -0.02871
v 0.00958 -0.00939 -0.02898
v 0.00919 -0.00300 -0.02916
v 0.00873 -0.00266 0.00940
v 0.00939 -0.00192 0.00953
v 0.00919 -0.00050 -0.02916
v 0.00919 0.00050 -0.02916
v 0.00940 0.00190 0.00953
v 0.00919 0.00300 -0.02916
v 0.00875 0.00265 0.00941
v 0.00928 0.01035 -0.02918
v 0.00899 0.01107 -0.02960
v 0.00893 0.01119 -0.02859
v 0.00893 0.01253 -0.02809
v 0.00889 0.01239 -0.02739
v 0.00952 0.01333 -0.02719
v 0.00908 0.01390 -0.02567
v 0.00852 0.01400 -0.02489
v 0.01001 -0.01400 -0.02416
v 0.01056 -0.01400 -0.02385
v 0.01025 -0.01232 -0.02820
v 0.01034 -0.01233 -0.02686
v 0.01043 -0.01280 -0.02589
v 0.01022 -0.01317 -0.02453
v 0.01027 -0.01145 -0.02889
v 0.00989 -0.01145 -0.02800
v 0.01080 -0.01163 -0.02744
v 0.00979 -0.01078 -0.02943
v 0.01053 -0.00970 -0.02854
v 0.01019 -0.00900 -0.02938
v 0.01049 -0.00600 -0.02862
v 0.00981 -0.00307 -0.02977
v 0.01042 -0.00261 -0.01471
v 0.01044 -0.00300 -0.01349
v 0.01052 -0.00178 -0.01535
v 0.00961 -0.00128 0.00958
v 0.00981 -0.00050 -0.02977
v 0.01055 -0.00100 -0.01555
v 0.00962 -0.00100 0.00959
v 0.00981 0.00050 -0.02977
v 0.01055 0.00100 -0.01555
v 0.00962 0.00100 0.00959
v 0.00962 0.00000 0.00962
v 0.01052 0.00170 -0.01538
v 0.00981 0.00300 -0.02977
v 0.01042 0.00258 -0.01475
v 0.01042 0.00300 -0.01350
v 0.01032 0.00600 -0.02956
v 0.00981 0.00622 -0.02977
v 0.01019 0.00600 -0.02875
v 0.01017 0.00919 -0.02961
v 0.01077 0.00900 -0.02849
v 0.00984 0.01029 -0.02958
v 0.01011 0.00970 -0.02872
v 0.01032 0.01142 -0.02822
v 0.00987 0.01229 -0.02840
v 0.01052 0.01299 -0.02537
v 0.00992 0.01315 -0.02488
v 0.01006 0.01372 -0.02595
v 0.01033 0.01400 -0.02408
v 0.01067 0.01400 -0.02388
v 0.01121 -0.01355 -0.02583
v 0.01107 -0.01389 -0.02466
v 0.01083 -0.01400 -0.02387
v 0.01091 -0.01250 -0.02772
v 0.01112 -0.01298 -0.02700
v 0.01183 -0.01246 -0.02585
v 0.01193 -0.01108 -0.02830
v 0.01176 -0.01141 -0.02710
v 0.01189 -0.01155 0.00919
v 0.01178 -0.01096 0.00965
v 0.01134 -0.01029 -0.02891
v 0.01124 -0.01042 -0.02818
v 0.01177 -0.01079 0.00967
v 0.01170 -0.00730 0.00406
v 0.01101 -0.00600 -0.02926
v 0.01134 -0.00241 -0.01465
v 0.01130 -0.00285 -0.01383
v 0.01143 -0.00291 -0.01272
v 0.01132 -0.00177 -0.01514
v 0.01139 -0.00100 -0.01527
v 0.01137 0.00100 -0.01528
v 0.01136 0.00177 -0.01512
v 0.01134 0.00241 -0.01465
v 0.01130 0.00285 -0.01383
v 0.01130 0.00294 -0.01273
v 0.01170 0.00730 0.00406
v 0.01109 0.00900 -0.02922
v 0.01141 0.01035 -0.02832
v 0.01177 0.01079 0.00967
v 0.01155 0.01146 -0.02827
v 0.01190 0.01161 0.00914
v 0.01180 0.01113 0.00960
v 0.01148 0.01267 -0.02721
v 0.01141 0.01259 -0.02584
v 0.01173 0.01284 -0.02512
v 0.01167 0.01316 -0.02369
v 0.01119 0.01323 -0.02656
v 0.01141 0.01387 -0.02449
v 0.01301 -0.01323 -0.02545
v 0.01303 -0.01358 -0.02462
v 0.01284 -0.01390 -0.02340
v 0.01245 -0.01400 -0.02255
v 0.01269 -0.01234 -0.02691
v 0.01257 -0.01263 -0.02593
v 0.01227 -0.01289 -0.02460
v 0.01210 -0.01315 -0.02360
v 0.01237 -0.01175 -0.02763
v 0.01239 -0.01172 -0.02696
v 0.01313 -0.01199 0.00695
v 0.01272 -0.01147 0.00926
v 0.01246 -0.01101 0.00971
v 0.01305 -0.01020 -0.02801
v 0.01290 -0.01049 0.00984
v 0.01279 -0.00900 -0.02834
v 0.01295 -0.00874 -0.02731
v 0.01279 -0.00797 -0.02834
v 0.01230 -0.00728 0.00175
v 0.01225 -0.00725 0.00415
v 0.01269 -0.00600 -0.02797
v 0.01279 -0.00643 -0.02740
v 0.01314 -0.00709 0.00188
v 0.01278 -0.00709 0.00423
v 0.01246 -0.00300 -0.02806
v 0.01205 -0.00241 -0.01401
v 0.01245 -0.00241 -0.01268
v 0.01202 -0.00177 -0.01469
v 0.01267 -0.00177 -0.01371
v 0.01289 -0.00172 -0.01226
v 0.01246 -0.00050 -0.02806
v 0.01212 -0.00100 -0.01479
v 0.01277 -0.00100 -0.01382
v 0.01307 -0.00100 -0.01246
v 0.01246 0.00050 -0.02806
v 0.01212 0.00100 -0.01479
v 0.01277 0.00100 -0.01382
v 0.01306 0.00100 -0.01239
v 0.01202 0.00177 -0.01469
v 0.01266 0.00177 -0.01373
v 0.01287 0.00177 -0.01229
v 0.01249 0.00304 -0.02808
v 0.01205 0.00241 -0.01401
v 0.01245 0.00241 -0.01271
v 0.01279 0.00709 -0.02834
v 0.01303 0.00643 -0.02726
v 0.01285 0.00706 0.00424
v 0.01239 0.00727 0.00176
v 0.01228 0.00724 0.00415
v 0.01274 0.00912 -0.02800
v 0.01288 0.00873 -0.02735
v 0.01271 0.01001 -0.02825
v 0.01274 0.01047 0.00983
v 0.01279 0.01146 -0.02758
v 0.01271 0.01181 -0.02619
v 0.01313 0.01199 0.00695
v 0.01290 0.01142 0.00927
v 0.01267 0.01093 0.00975
v 0.01249 0.01244 -0.02692
v 0.01228 0.01219 -0.02600
v 0.01257 0.01289 -0.02438
v 0.01264 0.01342 -0.02529
v 0.01245 0.01400 -0.02255
v 0.01403 -0.01330 -0.02455
v 0.01327 -0.01382 -0.02358
v 0.01424 -0.01400 -0.02093
v 0.01355 -0.01251 -0.02616
v 0.01426 -0.01314 -0.02194
v 0.01389 -0.01320 -0.02138
v 0.01401 -0.01214 0.00551
v 0.01400 -0.01144 -0.02682
v 0.01406 -0.01148 0.00462
v 0.01403 -0.01192 0.00489
v 0.01393 -0.01175 0.00744
v 0.01363 -0.01102 0.00940
v 0.01343 -0.01083 0.00969
v 0.01415 -0.00996 -0.02700
v 0.01435 -0.01068 -0.02594
v 0.01423 -0.01033 0.00951
v 0.01363 -0.01015 0.00988
v 0.01368 -0.00900 -0.02780
v 0.01342 -0.00930 -0.02700
v 0.01398 -0.00924 0.00996
v 0.01406 -0.00751 0.01010
v 0.01395 -0.00720 -0.02762
v 0.01390 -0.00663 0.00202
v 0.01371 -0.00645 0.00436
v 0.01431 0.00462 0.01023
v 0.01415 0.00599 0.00441
v 0.01373 0.00600 -0.02776
v 0.01340 0.00600 -0.02702
v 0.01368 0.00677 0.00198
v 0.01351 0.00666 0.00433
v 0.01403 0.00776 -0.02757
v 0.01436 0.00900 -0.02735
v 0.01395 0.00924 0.00998
v 0.01427 0.01022 -0.02722
v 0.01432 0.01048 -0.02607
v 0.01429 0.01022 0.00952
v 0.01368 0.01013 0.00987
v 0.01378 0.01145 -0.02695
v 0.01388 0.01118 -0.02596
v 0.01406 0.01144 0.00461
v 0.01403 0.01192 0.00489
v 0.01398 0.01173 0.00747
v 0.01376 0.01091 0.00941
v 0.01383 0.01272 -0.02566
v 0.01358 0.01233 -0.02488
v 0.01388 0.01315 -0.02209
v 0.01394 0.01214 0.00548
v 0.01400 0.01333 -0.02452
v 0.01354 0.01383 -0.02330
v 0.01323 0.01397 -0.02262
v 0.01427 0.01400 -0.02101
v 0.01548 -0.01342 -0.02299
v 0.01514 -0.01380 -0.02199
v 0.01458 -0.01399 -0.02097
v 0.01465 -0.01251 -0.02535
v 0.01529 -0.01226 -0.02459
v 0.01495 -0.01269 -0.02350
v 0.01448 -0.01303 -0.02238
v 0.01553 -0.01318 -0.02006
v 0.01498 -0.01134 -0.02574
v 0.01511 -0.01168 -0.02454
v 0.01486 -0.01099 0.00466
v 0.01497 -0.01184 0.00544
v 0.01536 -0.01170 0.00604
v 0.01473 -0.01114 0.00788
v 0.01485 -0.01062 -0.02666
v 0.01498 -0.01011 -0.02567
v 0.01540 -0.01068 0.00474
v 0.01530 -0.01025 0.00814
v 0.01444 -0.00997 0.00953
v 0.01549 -0.00900 -0.02652
v 0.01478 -0.00918 -0.02604
v 0.01554 -0.00943 0.00820
v 0.01463 -0.00933 0.00958
v 0.01458 -0.00932 0.00964
v 0.01469 -0.00782 0.00982
v 0.01541 -0.00600 -0.02556
v 0.01449 -0.00602 0.00213
v 0.01485 -0.00525 0.00220
v 0.01450 -0.00525 0.00445
v 0.01502 -0.00438 0.00225
v 0.01467 -0.00438 0.00445
v 0.01531 -0.00475 0.00975
v 0.01553 -0.00310 -0.02648
v 0.01485 -0.00300 -0.02600
v 0.01494 -0.00334 0.01014
v 0.01553 -0.00223 0.00983
v 0.01553 -0.00050 -0.02648
v 0.01485 -0.00050 -0.02600
v 0.01495 -0.00001 0.01033
v 0.01553 0.00050 -0.02648
v 0.01485 0.00050 -0.02600
v 0.01511 0.00000 0.00238
v 0.01480 0.00000 0.00436
v 0.01499 0.00001 0.01028
v 0.01510 0.00156 0.01018
v 0.01553 0.00307 -0.02648
v 0.01485 0.00300 -0.02600
v 0.01502 0.00438 0.00225
v 0.01467 0.00438 0.00445
v 0.01497 0.00469 0.01004
v 0.01475 0.00546 0.00218
v 0.01452 0.00520 0.00445
v 0.01516 0.00587 0.00971
v 0.01549 0.00600 -0.02651
v 0.01516 0.00600 -0.02576
v 0.01553 0.00900 -0.02648
v 0.01554 0.00943 0.00820
v 0.01463 0.00933 0.00958
v 0.01449 0.00931 0.00974
v 0.01504 0.01028 -0.02665
v 0.01467 0.01012 -0.02593
v 0.01532 0.01020 0.00815
v 0.01447 0.00988 0.00954
v 0.01549 0.01145 -0.02569
v 0.01494 0.01141 -0.02494
v 0.01474 0.01119 0.00469
v 0.01526 0.01169 0.00550
v 0.01475 0.01111 0.00789
v 0.01470 0.01229 -0.02555
v 0.01499 0.01285 -0.02252
v 0.01551 0.01314 -0.02063
v 0.01493 0.01320 -0.02029
v 0.01453 0.01206 0.00563
v 0.01518 0.01339 -0.02332
v 0.01476 0.01396 -0.02111
v 0.01626 -0.01391 -0.01979
v 0.01617 -0.01400 -0.01857
v 0.01680 -0.01400 0.00111
v 0.01596 -0.01400 0.00215
v 0.01615 -0.01252 -0.02222
v 0.01589 -0.01305 -0.02071
v 0.01630 -0.01318 0.00222
v 0.01648 -0.01109 -0.02457
v 0.01634 -0.01181 -0.02325
v 0.01583 -0.01127 0.00534
v 0.01598 -0.01119 0.00614
v 0.01640 -0.01026 -0.02555
v 0.01584 -0.01049 -0.02483
v 0.01577 -0.01023 0.00478
v 0.01648 -0.01051 0.00546
v 0.01651 -0.01044 0.00623
v 0.01618 -0.00924 -0.02593
v 0.01638 -0.00952 0.00496
v 0.01676 -0.00946 0.00633
v 0.01595 -0.00947 0.00758
v 0.01608 -0.00600 -0.02604
v 0.01654 -0.00500 0.00477
v 0.01679 -0.00477 0.00483
v 0.01632 -0.00475 0.00801
v 0.01674 -0.00193 0.00472
v 0.01679 -0.00003 0.00467
v 0.01679 0.00005 0.00467
v 0.01660 0.00000 0.00801
v 0.01671 0.00269 0.00473
v 0.01657 0.00469 0.00476
v 0.01680 0.00470 0.00483
v 0.01632 0.00475 0.00801
v 0.01644 0.00610 0.00478
v 0.01585 0.00911 -0.02578
v 0.01633 0.00947 0.00491
v 0.01675 0.00954 0.00633
v 0.01595 0.00947 0.00758
v 0.01649 0.01048 -0.02538
v 0.01601 0.01027 -0.02476
v 0.01582 0.01017 0.00479
v 0.01653 0.01030 0.00538
v 0.01656 0.01031 0.00625
v 0.01623 0.01146 -0.02505
v 0.01673 0.01194 -0.02266
v 0.01594 0.01120 0.00539
v 0.01590 0.01128 0.00611
v 0.01570 0.01251 -0.02446
v 0.01641 0.01272 -0.02347
v 0.01612 0.01242 -0.02240
v 0.01632 0.01289 -0.02092
v 0.01679 0.01318 -0.01832
v 0.01630 0.01355 -0.02171
v 0.01620 0.01391 -0.01969
v 0.01636 0.01398 -0.01884
v 0.01599 0.01400 0.00215
v 0.01703 -0.01323 -0.02184
v 0.01740 -0.01339 -0.02089
v 0.01740 -0.01397 -0.01733
v 0.01762 -0.01400 -0.01603
v 0.01794 -0.01400 -0.01532
v 0.01743 -0.01400 -0.00036
v 0.01708 -0.01399 0.00061
v 0.01768 -0.01389 0.00139
v 0.01709 -0.01234 -0.02334
v 0.01739 -0.01267 -0.02251
v 0.01749 -0.01308 -0.01831
v 0.01683 -0.01320 -0.01769
v 0.01736 -0.01318 0.00047
v 0.01748 -0.01302 0.00201
v 0.01787 -0.01280 0.00248
v 0.01712 -0.01160 -0.02410
v 0.01762 -0.01020 -0.02442
v 0.01685 -0.00965 0.00561
v 0.01683 -0.00965 0.00612
v 0.01789 -0.00885 -0.02435
v 0.01756 -0.00891 -0.02353
v 0.01687 -0.00956 0.00573
v 0.01756 -0.00614 -0.02433
v 0.01732 -0.00643 -0.02379
v 0.01717 -0.00609 0.00625
v 0.01735 -0.00480 0.00556
v 0.01728 -0.00491 0.00622
v 0.01701 -0.00478 0.00495
v 0.01798 -0.00304 -0.02426
v 0.01727 -0.00300 -0.02384
v 0.01742 -0.00311 0.00617
v 0.01798 -0.00050 -0.02426
v 0.01727 -0.00050 -0.02384
v 0.01706 -0.00001 0.00476
v 0.01752 -0.00001 0.00533
v 0.01754 -0.00000 0.00609
v 0.01798 0.00050 -0.02426
v 0.01727 0.00050 -0.02384
v 0.01701 0.00003 0.00473
v 0.01750 0.00002 0.00525
v 0.01748 0.00209 0.00614
v 0.01798 0.00304 -0.02426
v 0.01727 0.00300 -0.02384
v 0.01723 0.00473 0.00535
v 0.01726 0.00515 0.00622
v 0.01798 0.00649 -0.02426
v 0.01763 0.00626 -0.02346
v 0.01768 0.00898 -0.02432
v 0.01739 0.00873 -0.02372
v 0.01687 0.00953 0.00563
v 0.01685 0.00955 0.00612
v 0.01740 0.01001 -0.02469
v 0.01726 0.01146 -0.02407
v 0.01782 0.01175 -0.02322
v 0.01749 0.01136 -0.02250
v 0.01705 0.01234 -0.02338
v 0.01747 0.01298 -0.02186
v 0.01743 0.01233 -0.02115
v 0.01750 0.01306 -0.01846
v 0.01755 0.01320 -0.01636
v 0.01766 0.01333 -0.02080
v 0.01729 0.01383 -0.01921
v 0.01720 0.01399 -0.01729
v 0.01762 0.01400 -0.01603
v 0.01794 0.01400 -0.01532
v 0.01743 0.01400 -0.00036
v 0.01714 0.01400 0.00020
v 0.01735 0.01383 0.00237
v 0.01839 -0.01367 -0.01832
v 0.01913 -0.01383 -0.01586
v 0.01846 -0.01397 -0.01544
v 0.01865 -0.01400 -0.01329
v 0.01892 -0.01400 -0.01286
v 0.01915 -0.01400 -0.01090
v 0.01916 -0.01400 -0.00594
v 0.01880 -0.01400 -0.00407
v 0.01874 -0.01399 -0.00317
v 0.01832 -0.01399 -0.00180
v 0.01893 -0.01388 -0.00116
v 0.01830 -0.01382 0.00083
v 0.01875 -0.01355 0.00149
v 0.01850 -0.01251 -0.02144
v 0.01849 -0.01254 -0.01971
v 0.01872 -0.01259 -0.01858
v 0.01913 -0.01274 -0.01730
v 0.01844 -0.01309 -0.01637
v 0.01870 -0.01320 -0.01336
v 0.01885 -0.01320 -0.00400
v 0.01878 -0.01315 -0.00192
v 0.01855 -0.01291 0.00071
v 0.01881 -0.01246 0.00207
v 0.01844 -0.01251 0.00253
v 0.01824 -0.01144 -0.02303
v 0.01913 -0.01144 -0.02192
v 0.01854 -0.01145 -0.02109
v 0.01905 -0.01163 -0.02016
v 0.01867 -0.00997 -0.02334
v 0.01867 -0.01050 -0.02231
v 0.01828 -0.00900 -0.02394
v 0.01889 -0.00918 -0.02196
v 0.01832 0.00600 -0.02389
v 0.01918 0.00600 -0.02159
v 0.01860 0.01022 -0.02335
v 0.01868 0.01020 -0.02193
v 0.01831 0.01132 -0.02304
v 0.01818 0.01127 -0.02181
v 0.01876 0.01141 -0.02085
v 0.01850 0.01229 -0.02175
v 0.01850 0.01251 -0.02144
v 0.01847 0.01274 -0.01850
v 0.01870 0.01284 -0.01768
v 0.01836 0.01310 -0.01656
v 0.01883 0.01318 -0.01398
v 0.01906 0.01320 -0.01189
v 0.01843 0.01320 -0.00256
v 0.01901 0.01314 -0.00223
v 0.01895 0.01315 0.00264
v 0.01812 0.01358 -0.01926
v 0.01895 0.01323 -0.01920
v 0.01847 0.01380 -0.01736
v 0.01912 0.01383 -0.01581
v 0.01875 0.01397 -0.01476
v 0.01882 0.01400 -0.01324
v 0.01896 0.01399 -0.01283
v 0.01915 0.01400 -0.01090
v 0.01916 0.01400 -0.00594
v 0.01895 0.01400 -0.00403
v 0.01865 0.01400 -0.00319
v 0.01810 0.01400 -0.00188
v 0.01826 0.01383 0.00081
v 0.01838 0.01345 0.00254
v 0.01997 -0.01323 -0.01732
v 0.01996 -0.01343 -0.01643
v 0.02014 -0.01377 -0.01347
v 0.01981 -0.01389 -0.01305
v 0.01962 -0.01398 -0.01096
v 0.01939 -0.01399 -0.01050
v 0.01932 -0.01400 -0.00861
v 0.01962 -0.01397 -0.00777
v 0.01945 -0.01399 -0.00629
v 0.01970 -0.01397 -0.00582
v 0.02008 -0.01382 -0.00375
v 0.01993 -0.01381 -0.00321
v 0.02002 -0.01358 -0.00129
v 0.01938 -0.01330 0.00142
v 0.01935 -0.01207 -0.02092
v 0.01929 -0.01250 -0.02033
v 0.01983 -0.01263 -0.01796
v 0.01972 -0.01299 -0.01397
v 0.01992 -0.01309 -0.01167
v 0.01972 -0.01317 -0.00876
v 0.01986 -0.01315 -0.00666
v 0.01978 -0.01308 -0.00398
v 0.01981 -0.01289 -0.00202
v 0.01959 -0.01244 0.00065
v 0.01993 -0.01298 0.00139
v 0.02013 -0.01211 0.00285
v 0.01932 -0.01145 -0.02167
v 0.01973 -0.01110 -0.01977
v 0.01967 -0.01181 -0.01886
v 0.02039 -0.01163 0.00105
v 0.01983 -0.01158 0.00213
v 0.01984 -0.01026 -0.02088
v 0.01987 -0.00912 -0.02199
v 0.02014 -0.00600 -0.02162
v 0.01937 -0.00600 -0.02133
v 0.02008 -0.00307 -0.02171
v 0.01936 -0.00300 -0.02134
v 0.02030 -0.00315 0.00312
v 0.02008 -0.00050 -0.02171
v 0.01936 -0.00050 -0.02134
v 0.02026 -0.00025 0.00319
v 0.02008 0.00050 -0.02171
v 0.01936 0.00050 -0.02134
v 0.02027 0.00050 0.00318
v 0.02008 0.00310 -0.02171
v 0.01936 0.00300 -0.02134
v 0.02030 0.00304 0.00312
v 0.01970 0.00600 -0.02223
v 0.02036 0.00676 0.00303
v 0.01988 0.00917 -0.02197
v 0.01981 0.00900 -0.02126
v 0.02039 0.00894 0.00298
v 0.01930 0.01028 -0.02248
v 0.01990 0.01050 -0.02077
v 0.02006 0.01001 -0.02007
v 0.01970 0.01146 -0.02113
v 0.02009 0.01179 -0.01810
v 0.01929 0.01251 -0.02032
v 0.01977 0.01242 -0.01866
v 0.01982 0.01252 -0.01662
v 0.01956 0.01306 -0.01393
v 0.01990 0.01310 -0.01188
v 0.01988 0.01315 -0.00920
v 0.01977 0.01316 -0.00707
v 0.01966 0.01310 -0.00423
v 0.02017 0.01284 -0.00267
v 0.01967 0.01289 -0.00167
v 0.02014 0.01260 -0.00114
v 0.02027 0.01251 0.00190
v 0.01989 0.01236 0.00281
v 0.01957 0.01342 -0.01737
v 0.02026 0.01333 -0.01628
v 0.01991 0.01372 -0.01464
v 0.01990 0.01389 -0.01267
v 0.01941 0.01399 -0.01029
v 0.01946 0.01400 -0.00862
v 0.01961 0.01397 -0.00770
v 0.01920 0.01400 -0.00632
v 0.01960 0.01397 -0.00520
v 0.02026 0.01383 -0.00476
v 0.01971 0.01383 -0.00267
v 0.01929 0.01383 -0.00142
v 0.01934 0.01333 0.00140
v 0.02088 -0.01342 -0.01396
v 0.02066 -0.01374 -0.01126
v 0.02064 -0.01382 -0.00863
v 0.02101 -0.01371 -0.00835
v 0.02078 -0.01373 -0.00617
v 0.02118 -0.01335 -0.00348
v 0.02082 -0.01323 -0.00152
v 0.02048 -0.01330 -0.00096
v 0.02042 -0.01234 -0.01875
v 0.02066 -0.01251 -0.01794
v 0.02123 -0.01251 -0.01669
v 0.02085 -0.01256 -0.01487
v 0.02110 -0.01246 -0.01331
v 0.02106 -0.01256 -0.01267
v 0.02103 -0.01280 -0.00926
v 0.02119 -0.01274 -0.00721
v 0.02057 -0.01299 -0.00689
v 0.02101 -0.01262 -0.00425
v 0.02091 -0.01246 -0.00277
v 0.02119 -0.01265 -0.00205
v 0.02143 -0.01251 -0.00059
v 0.02090 -0.01237 0.00092
v 0.02054 -0.01138 -0.01986
v 0.02138 -0.01144 -0.01829
v 0.02124 -0.01145 -0.01620
v 0.02149 -0.01163 -0.01517
v 0.02153 -0.01194 -0.00270
v 0.02123 -0.01117 -0.00001
v 0.02062 -0.01174 0.00034
v 0.02075 -0.01146 0.00266
v 0.02113 -0.01020 -0.01979
v 0.02138 -0.01043 -0.01729
v 0.02146 -0.00970 0.00081
v 0.02110 -0.01057 0.00154
v 0.02105 -0.01034 0.00304
v 0.02126 -0.00900 -0.01987
v 0.02092 -0.00891 -0.01881
v 0.02124 -0.00907 0.00311
v 0.02112 -0.00776 -0.02011
v 0.02096 -0.00600 -0.01966
v 0.02076 -0.00643 -0.01912
v 0.02106 -0.00300 -0.01857
v 0.02116 -0.00310 0.00325
v 0.02106 -0.00050 -0.01857
v 0.02112 -0.00050 0.00332
v 0.02106 0.00050 -0.01857
v 0.02112 0.00050 0.00332
v 0.02106 0.00300 -0.01857
v 0.02115 0.00305 0.00326
v 0.02117 0.00720 -0.02003
v 0.02097 0.00626 -0.01872
v 0.02127 0.00710 0.00306
v 0.02092 0.00788 0.00205
v 0.02094 0.00909 -0.01957
v 0.02089 0.00856 -0.01888
v 0.02142 0.00900 0.00105
v 0.02091 0.00900 0.00205
v 0.02077 0.00916 0.00291
v 0.02101 0.00999 -0.02008
v 0.02146 0.01041 -0.01715
v 0.02095 0.01028 0.00151
v 0.02129 0.01020 0.00270
v 0.02070 0.01146 -0.01954
v 0.02120 0.01163 -0.01838
v 0.02098 0.01119 -0.01730
v 0.02104 0.01174 -0.01614
v 0.02146 0.01179 -0.00199
v 0.02136 0.01127 -0.00051
v 0.02083 0.01141 0.00047
v 0.02096 0.01146 0.00228
v 0.02058 0.01147 0.00294
v 0.02079 0.01272 -0.01709
v 0.02076 0.01232 -0.01651
v 0.02079 0.01259 -0.01360
v 0.02113 0.01244 -0.01301
v 0.02106 0.01269 -0.01159
v 0.02097 0.01285 -0.00872
v 0.02101 0.01284 -0.00775
v 0.02099 0.01279 -0.00651
v 0.02078 0.01259 -0.00317
v 0.02110 0.01249 -0.00202
v 0.02106 0.01237 -0.00054
v 0.02089 0.01251 0.00067
v 0.02114 0.01323 -0.01427
v 0.02095 0.01355 -0.01244
v 0.02041 0.01383 -0.01108
v 0.02055 0.01383 -0.00978
v 0.02130 0.01358 -0.00941
v 0.02099 0.01371 -0.00744
v 0.02047 0.01383 -0.00618
v 0.02088 0.01358 -0.00420
v 0.02143 0.01323 -0.00357
v 0.02047 0.01349 -0.00196
v 0.02044 0.01333 -0.00097
v 0.02165 -0.01323 -0.01219
v 0.02167 -0.01330 -0.01126
v 0.02166 -0.01342 -0.00871
v 0.02184 -0.01326 -0.00642
v 0.02198 -0.01207 -0.01583
v 0.02174 -0.01251 -0.01534
v 0.02245 -0.01234 -0.01345
v 0.02220 -0.01272 -0.01274
v 0.02268 -0.01251 -0.01140
v 0.02183 -0.01233 -0.00982
v 0.02233 -0.01298 -0.00922
v 0.02196 -0.01257 -0.00767
v 0.02274 -0.01251 -0.00591
v 0.02211 -0.01253 -0.00427
v 0.02204 -0.01240 -0.00208
v 0.02197 -0.01144 -0.01699
v 0.02214 -0.01145 -0.01656
v 0.02205 -0.01110 -0.01462
v 0.02204 -0.01179 -0.01388
v 0.02275 -0.01117 -0.01109
v 0.02249 -0.01168 -0.01007
v 0.02257 -0.01167 -0.00843
v 0.02232 -0.01194 -0.00813
v 0.02247 -0.01145 -0.00520
v 0.02217 -0.01163 -0.00418
v 0.02231 -0.01149 -0.00304
v 0.02265 -0.01144 -0.00165
v 0.02217 -0.01144 -0.00030
v 0.02181 -0.01145 0.00055
v 0.02191 -0.00997 -0.01842
v 0.02217 -0.01062 -0.01745
v 0.02207 -0.00970 -0.01613
v 0.02211 -0.01049 -0.01537
v 0.02278 -0.01058 -0.00405
v 0.02201 -0.01044 -0.00041
v 0.02227 -0.01019 0.00067
v 0.02177 -0.01002 0.00188
v 0.02172 -0.00900 -0.01902
v 0.02209 -0.00912 -0.01700
v 0.02276 -0.00945 -0.01666
v 0.02255 -0.00891 -0.00190
v 0.02192 -0.00939 -0.00016
v 0.02226 -0.00895 0.00034
v 0.02185 -0.00900 0.00199
v 0.02180 -0.00704 -0.01888
v 0.02210 -0.00600 -0.01622
v 0.02276 -0.00600 -0.01415
v 0.02277 -0.00600 -0.00266
v 0.02265 -0.00643 -0.00224
v 0.02180 -0.00307 -0.01888
v 0.02233 -0.00300 -0.01559
v 0.02280 -0.00300 -0.00277
v 0.02217 -0.00300 0.00033
v 0.02180 -0.00050 -0.01888
v 0.02233 -0.00050 -0.01559
v 0.02280 -0.00050 -0.00277
v 0.02220 -0.00050 0.00033
v 0.02180 0.00050 -0.01888
v 0.02233 0.00050 -0.01559
v 0.02280 0.00050 -0.00277
v 0.02210 0.00050 0.00033
v 0.02180 0.00300 -0.01888
v 0.02233 0.00300 -0.01559
v 0.02280 0.00300 -0.00277
v 0.02219 0.00302 0.00033
v 0.02249 0.00600 0.00060
v 0.02175 0.00600 -0.01897
v 0.02266 0.00600 -0.01700
v 0.02199 0.00600 -0.01651
v 0.02252 0.00626 -0.00180
v 0.02226 0.00608 0.00040
v 0.02180 0.00802 -0.01888
v 0.02180 0.00900 -0.01888
v 0.02256 0.00900 -0.01724
v 0.02240 0.00915 -0.01616
v 0.02275 0.00930 -0.01418
v 0.02274 0.00917 -0.00257
v 0.02257 0.00856 -0.00197
v 0.02277 0.00900 -0.00007
v 0.02244 0.00924 0.00068
v 0.02215 0.00900 0.00137
v 0.02181 0.01022 -0.01850
v 0.02233 0.01028 -0.01735
v 0.02229 0.01018 -0.01621
v 0.02221 0.01028 -0.01525
v 0.02275 0.01068 -0.00410
v 0.02210 0.01034 -0.00026
v 0.02222 0.01010 0.00020
v 0.02169 0.01064 0.00169
v 0.02174 0.01108 -0.01797
v 0.02207 0.01134 -0.01591
v 0.02219 0.01155 -0.01269
v 0.02262 0.01127 -0.01159
v 0.02237 0.01174 -0.01077
v 0.02243 0.01179 -0.00742
v 0.02253 0.01146 -0.00566
v 0.02259 0.01117 -0.00461
v 0.02252 0.01161 -0.00159
v 0.02215 0.01109 -0.00091
v 0.02165 0.01154 0.00079
v 0.02171 0.01095 0.00137
v 0.02163 0.01207 -0.01672
v 0.02172 0.01251 -0.01540
v 0.02212 0.01256 -0.01384
v 0.02218 0.01247 -0.01152
v 0.02249 0.01287 -0.00850
v 0.02196 0.01226 -0.00787
v 0.02209 0.01259 -0.00628
v 0.02242 0.01239 -0.00587
v 0.02254 0.01251 -0.00456
v 0.02205 0.01267 -0.00312
v 0.02217 0.01234 -0.00227
v 0.02163 0.01333 -0.01125
v 0.02199 0.01323 -0.00894
v 0.02166 0.01336 -0.00644
v 0.02297 -0.01234 -0.01002
v 0.02297 -0.01240 -0.00760
v 0.02293 -0.01207 -0.00451
v 0.02289 -0.01108 -0.01497
v 0.02290 -0.01144 -0.01430
v 0.02323 -0.01144 -0.01291
v 0.02351 -0.01145 -0.01117
v 0.02351 -0.01134 -0.00884
v 0.02366 -0.01144 -0.00724
v 0.02348 -0.01144 -0.00540
v 0.02312 -0.01131 -0.00310
v 0.02292 -0.01026 -0.01582
v 0.02337 -0.01020 -0.01443
v 0.02351 -0.00999 -0.01262
v 0.02337 -0.01061 -0.01166
v 0.02325 -0.01027 -0.00996
v 0.02332 -0.01001 -0.00653
v 0.02344 -0.01062 -0.00584
v 0.02327 -0.01020 -0.00420
v 0.02351 -0.01020 -0.00290
v 0.02311 -0.01020 -0.00150
v 0.02297 -0.00975 -0.00079
v 0.02309 -0.00900 -0.01583
v 0.02333 -0.00887 -0.01346
v 0.02303 -0.00930 -0.01299
v 0.02332 -0.00918 -0.01136
v 0.02350 -0.00893 -0.00759
v 0.02333 -0.00917 -0.00555
v 0.02396 -0.00900 -0.00430
v 0.02363 -0.00900 -0.00278
v 0.02326 -0.00900 -0.00148
v 0.02393 -0.00763 -0.01264
v 0.02363 -0.00766 -0.00278
v 0.02309 -0.00741 -0.00097
v 0.02303 -0.00614 -0.01600
v 0.02325 -0.00620 -0.01401
v 0.02342 -0.00600 -0.01057
v 0.02352 -0.00600 -0.00841
v 0.02352 -0.00643 -0.00797
v 0.02367 -0.00600 -0.00458
v 0.02363 -0.00600 -0.00278
v 0.02351 -0.00600 -0.00233
v 0.02309 -0.00300 -0.01583
v 0.02357 -0.00304 -0.01255
v 0.02351 -0.00300 -0.00921
v 0.02339 -0.00300 -0.00596
v 0.02363 -0.00300 -0.00278
v 0.02309 -0.00050 -0.01583
v 0.02354 -0.00050 -0.01254
v 0.02351 -0.00050 -0.00921
v 0.02339 -0.00050 -0.00596
v 0.02363 -0.00050 -0.00278
v 0.02309 0.00050 -0.01583
v 0.02354 0.00050 -0.01254
v 0.02351 0.00050 -0.00921
v 0.02339 0.00050 -0.00596
v 0.02363 0.00050 -0.00278
v 0.02309 0.00307 -0.01583
v 0.02354 0.00300 -0.01254
v 0.02351 0.00300 -0.00921
v 0.02339 0.00300 -0.00596
v 0.02363 0.00307 -0.00278
v 0.02344 0.00618 -0.01338
v 0.02348 0.00600 -0.01283
v 0.02338 0.00600 -0.01089
v 0.02350 0.00624 -0.00750
v 0.02328 0.00600 -0.00510
v 0.02324 0.00600 -0.00143
v 0.02393 0.00743 -0.01264
v 0.02363 0.00740 -0.00278
v 0.02303 0.00878 -0.01601
v 0.02320 0.00885 -0.01388
v 0.02393 0.00900 -0.01264
v 0.02345 0.00900 -0.01026
v 0.02351 0.00930 -0.00844
v 0.02352 0.00875 -0.00789
v 0.02349 0.00900 -0.00442
v 0.02350 0.00900 -0.00228
v 0.02318 0.01019 -0.01502
v 0.02370 0.01022 -0.01301
v 0.02351 0.01024 -0.01152
v 0.02340 0.01051 -0.00988
v 0.02339 0.01001 -0.00914
v 0.02338 0.01024 -0.00570
v 0.02337 0.01046 -0.00399
v 0.02330 0.00997 -0.00313
v 0.02311 0.01022 -0.00150
v 0.02288 0.01146 -0.01430
v 0.02326 0.01142 -0.01273
v 0.02330 0.01134 -0.01032
v 0.02367 0.01146 -0.00867
v 0.02356 0.01161 -0.00723
v 0.02338 0.01109 -0.00655
v 0.02336 0.01145 -0.00463
v 0.02302 0.01146 -0.00302
v 0.02310 0.01207 -0.01118
v 0.02283 0.01251 -0.01003
v 0.02289 0.01251 -0.00866
v 0.02304 0.01234 -0.00787
v 0.02307 0.01207 -0.00545
v 0.02410 -0.01029 -0.00998
v 0.02418 -0.01020 -0.00867
v 0.02415 -0.01020 -0.00722
v 0.02414 -0.00997 -0.00644
v 0.02416 -0.00920 -0.01108
v 0.02431 -0.00900 -0.00935
v 0.02430 -0.00900 -0.00740
v 0.02407 -0.00922 -0.00506
v 0.02420 -0.00823 -0.00604
v 0.02423 -0.00600 -0.01044
v 0.02431 -0.00648 -0.00935
v 0.02432 -0.00600 -0.00828
v 0.02431 -0.00300 -0.00935
v 0.02420 -0.00307 -0.00604
v 0.02431 -0.00050 -0.00935
v 0.02420 -0.00050 -0.00604
v 0.02431 0.00050 -0.00935
v 0.02420 0.00050 -0.00604
v 0.02431 0.00307 -0.00935
v 0.02420 0.00300 -0.00604
v 0.02416 0.00600 -0.01119
v 0.02430 0.00600 -0.00734
v 0.02420 0.00634 -0.00604
v 0.02410 0.00600 -0.00518
v 0.02431 0.00800 -0.00935
v 0.02421 0.00920 -0.01055
v 0.02432 0.00900 -0.00822
v 0.02420 0.00900 -0.00604
v 0.02402 0.00945 -0.00480
v 0.02406 0.01049 -0.00969
v 0.02422 0.00994 -0.00885
v 0.02414 0.01022 -0.00722
v 0.02401 0.01021 -0.00567
vn 0.1042 -0.5175 -0.8493
vn 0.0322 -0.7548 -0.6552
vn 0.0903 -0.7042 -0.7043
vn 0.1493 -0.5192 -0.8415
vn 0.0463 -0.8971 -0.4394
vn 0.0014 -0.9877 -0.1564
vn -0.0445 -0.9980 -0.0448
vn 0.0058 -0.8951 -0.4458
vn -0.0303 -0.9699 -0.2414
vn -0.0224 -0.9632 -0.2680
vn 0.0525 0.9679 -0.2459
vn 0.1580 0.2336 -0.9594
vn 0.1541 0.2337 -0.9600
vn 0.1164 0.6279 -0.7695
vn 0.1156 0.8025 -0.5854
vn 0.0797 0.9392 -0.3341
vn 0.1070 0.5111 -0.8528
vn 0.1293 0.8038 -0.5806
vn -0.3135 0.0000 0.9496
vn -0.3169 0.0015 0.9485
vn -0.5476 -0.0015 0.8368
vn -0.5504 0.0000 0.8349
vn -0.8284 0.0000 0.5601
vn -0.8284 0.0000 0.5601
vn -0.9802 0.0000 0.1982
vn -0.9774 -0.0096 0.2111
vn -0.1540 0.0024 0.9881
vn -0.1537 0.0000 0.9881
vn 0.1473 -0.0050 0.9891
vn 0.1388 -0.0000 0.9903
vn 0.5083 -0.0000 0.8612
vn 0.5083 -0.0000 0.8612
vn 0.7589 -0.0000 0.6512
vn 0.7589 -0.0000 0.6512
vn 0.9014 -0.0000 0.4330
vn 0.9014 -0.0000 0.4330
vn 0.9677 -0.0000 0.2520
vn 0.9677 -0.0000 0.2520
vn 0.9563 -0.1530 0.2490
vn 0.0148 -0.9438 0.3301
vn 0.1185 -0.8963 0.4272
vn 0.0771 -0.6696 0.7387
vn 0.2636 -0.9530 0.1496
vn 0.3098 -0.9448 0.1066
vn 0.6950 -0.6602 0.2848
vn 0.6183 -0.7012 0.3550
vn 0.8869 -0.3922 0.2441
vn 0.6185 -0.6332 0.4653
vn 0.5124 -0.6831 0.5203
vn 0.2649 -0.8874 0.3773
vn 0.1150 -0.6198 0.7763
vn 0.4262 -0.5449 0.7221
vn 0.9204 -0.2349 0.3125
vn 0.8855 -0.1868 0.4254
vn 0.7761 -0.2381 0.5839
vn 0.7477 -0.1714 0.6416
vn 0.4999 -0.1807 0.8470
vn 0.4999 -0.1807 0.8470
vn 0.0697 -0.1713 0.9828
vn 0.1342 -0.2567 0.9571
vn 0.1268 -0.2563 0.9582
vn -0.1497 -0.2342 0.9606
vn -0.0513 -0.9463 0.3193
vn -0.0500 -0.9482 0.3137
vn -0.1249 -0.5897 0.7979
vn -0.1227 -0.6524 0.7479
vn -0.1462 -0.3415 0.9285
vn -0.1659 0.0431 0.9852
vn -0.5391 -0.1757 0.8237
vn -0.8169 -0.1749 0.5496
vn -0.7276 -0.4806 0.4895
vn -0.2760 -0.1937 0.9414
vn -0.3050 -0.2313 0.9238
vn -0.8666 -0.4819 0.1295
vn -0.9769 -0.1581 0.1437
vn -0.9474 -0.2565 0.1916
vn -0.8152 -0.1783 0.5511
vn -0.7537 -0.6135 0.2358
vn -0.4691 -0.8709 0.1468
vn -0.4151 -0.9065 0.0771
vn -0.5411 -0.1733 0.8229
vn -0.4677 -0.5248 0.7112
vn -0.5414 -0.5959 0.5931
vn -0.3784 -0.8276 0.4145
vn -0.1395 -0.9868 0.0823
vn -0.0430 -0.9466 0.3195
vn -0.2006 -0.8716 0.4472
vn -0.1839 -0.5777 0.7953
vn -0.1974 -0.5882 0.7843
vn -0.1466 0.9866 0.0710
vn -0.3784 0.8276 0.4145
vn -0.0474 0.9503 0.3076
vn -0.2077 0.8705 0.4462
vn -0.1732 0.6166 0.7680
vn -0.8715 0.4765 0.1154
vn -0.7520 0.6180 0.2295
vn -0.4359 0.8901 0.1330
vn -0.4795 0.8712 0.1050
vn -0.2150 0.5811 0.7849
vn -0.4635 0.5207 0.7170
vn -0.5414 0.5959 0.5931
vn -0.7314 0.4776 0.4867
vn -0.9532 0.2707 0.1348
vn -0.9654 0.1567 0.2085
vn -0.8181 0.1853 0.5444
vn -0.8157 0.1750 0.5514
vn -0.5344 0.1756 0.8268
vn -0.5409 0.1852 0.8205
vn -0.2529 0.1788 0.9508
vn -0.3074 0.2434 0.9199
vn -0.9880 0.0000 -0.1546
vn -0.9880 0.0035 -0.1544
vn -0.9880 -0.0000 -0.1543
vn -0.1536 -0.0468 0.9870
vn -0.0512 0.9424 0.3306
vn -0.0494 0.9502 0.3076
vn -0.1201 0.6427 0.7566
vn -0.1251 0.6174 0.7766
vn -0.1465 0.3389 0.9294
vn -0.1541 0.2466 0.9568
vn 0.9878 0.0000 0.1558
vn 0.9878 -0.0000 0.1558
vn 0.6289 0.6233 0.4647
vn 0.9550 0.1617 0.2486
vn 0.7313 0.2672 0.6275
vn 0.7930 0.1668 0.5859
vn 0.4962 0.1862 0.8480
vn 0.4255 0.5386 0.7272
vn 0.0752 0.2607 0.9625
vn 0.1071 0.2643 0.9585
vn 0.9233 0.2307 0.3071
vn 0.8848 0.4002 0.2387
vn 0.6508 0.7131 0.2605
vn 0.6808 0.6494 0.3388
vn 0.8854 0.1872 0.4254
vn 0.4999 0.1807 0.8470
vn 0.5188 0.6775 0.5213
vn 0.2686 0.8880 0.3732
vn 0.3152 0.9426 0.1100
vn 0.2677 0.9492 0.1655
vn 0.1451 0.1706 0.9746
vn 0.0031 0.9409 0.3387
vn 0.1125 0.8930 0.4357
vn 0.0864 0.6348 0.7678
vn 0.1131 0.6597 0.7430
vn 0.9761 -0.1537 0.1539
vn 0.3191 -0.9463 0.0513
vn 0.3252 -0.9442 0.0519
vn 0.6802 -0.7251 0.1075
vn 0.7391 -0.6639 0.1141
vn 0.9076 -0.3943 0.1440
vn 0.9329 -0.3289 0.1465
vn 0.9851 -0.0703 0.1572
vn -0.5219 -0.8488 -0.0852
vn 0.1046 -0.9943 0.0205
vn -0.0011 -1.0000 0.0013
vn -0.0034 -1.0000 -0.0012
vn 0.0156 -0.9951 -0.0980
vn -0.3456 -0.9369 -0.0522
vn -0.4139 -0.9083 -0.0598
vn -0.7898 -0.6002 -0.1259
vn -0.7393 -0.6637 -0.1138
vn -0.9642 -0.2174 -0.1521
vn -0.9574 -0.2468 -0.1498
vn -0.9688 0.1961 -0.1513
vn -0.3155 0.9477 -0.0490
vn -0.4313 0.9000 -0.0627
vn -0.8046 0.5796 -0.1293
vn -0.7321 0.6720 -0.1113
vn -0.9345 0.3243 -0.1470
vn -0.9862 0.0703 -0.1498
vn -0.0848 0.9963 -0.0106
vn 0.0005 1.0000 -0.0009
vn 0.0001 1.0000 -0.0007
vn 0.1123 -0.7065 -0.6987
vn -0.0094 0.9963 0.0854
vn 0.3181 0.9466 0.0523
vn 0.3480 0.9358 0.0555
vn 0.6834 0.7220 0.1081
vn 0.7472 0.6545 0.1153
vn 0.9043 0.4022 0.1435
vn 0.9753 0.1625 0.1498
vn 0.9755 0.1613 0.1498
vn -0.5113 -0.1688 0.8426
vn -0.5315 0.1754 0.8287
vn -0.4926 -0.8082 0.3227
vn -0.2087 -0.9718 0.1098
vn -0.1557 0.0262 0.9875
vn -0.1557 0.0262 0.9875
vn -0.0501 -0.0283 0.9983
vn -0.1887 0.0643 0.9799
vn -0.1611 0.0420 0.9860
vn -0.1557 0.0262 0.9875
vn -0.1156 -0.0474 0.9922
vn -0.1106 0.0377 0.9931
vn -0.1139 0.0724 0.9909
vn -0.1226 0.0262 0.9921
vn -0.1659 0.0273 0.9858
vn -0.1301 0.2700 0.9540
vn -0.1572 0.0098 0.9875
vn -0.1600 0.0265 0.9868
vn -0.1400 0.0447 0.9891
vn -0.1574 0.0277 0.9871
vn -0.1671 0.0199 0.9857
vn -0.1596 0.0271 0.9868
vn -0.1595 0.0275 0.9868
vn -0.1600 0.0265 0.9868
vn -0.1557 0.0262 0.9875
vn -0.1148 0.0271 0.9930
vn -0.1954 0.0463 0.9796
vn -0.1557 0.0262 0.9875
vn -0.1557 0.0262 0.9875
vn -0.1557 0.0262 0.9875
vn -0.1557 0.0262 0.9875
vn -0.1557 0.0262 0.9875
vn -0.1196 -0.0386 0.9921
vn -0.1583 -0.0266 0.9870
vn -0.1594 -0.0304 0.9867
vn -0.1612 -0.0257 0.9866
vn -0.1583 -0.0284 0.9870
vn -0.1648 -0.0208 0.9861
vn -0.1070 0.0114 0.9942
vn -0.1526 -0.0325 0.9878
vn -0.1845 -0.0114 0.9828
vn -0.1557 -0.0262 0.9875
vn -0.0201 -0.0824 0.9964
vn -0.0548 0.9032 0.4256
vn -0.1322 -0.0262 0.9909
vn -0.1160 -0.0290 0.9928
vn -0.1269 -0.0543 0.9904
vn -0.1431 -0.0347 0.9891
vn -0.2146 -0.0468 0.9756
vn -0.1107 -0.0040 0.9938
vn -0.1869 -0.0659 0.9802
vn -0.1536 -0.0281 0.9877
vn -0.1557 -0.0262 0.9875
vn -0.1364 -0.0105 0.9906
vn -0.1557 -0.0294 0.9874
vn -0.1666 -0.0161 0.9859
vn -0.1557 -0.0262 0.9875
vn -0.1557 -0.0262 0.9875
vn -0.1557 -0.0262 0.9875
vn -0.1426 -0.0212 0.9895
vn 0.2735 0.0737 0.9590
vn 0.2757 0.0546 0.9597
vn 0.3873 0.0988 0.9167
vn 0.6139 0.1139 0.7811
vn 0.7516 0.1421 0.6441
vn 0.4726 0.3014 0.8281
vn 0.7327 0.2412 0.6363
vn -0.1132 0.1983 0.9736
vn -0.1087 0.1651 0.9803
vn 0.0298 0.1879 0.9817
vn 0.0430 0.6916 0.7210
vn 0.0433 0.6911 0.7214
vn 0.3559 0.5639 0.7452
vn 0.1380 0.4866 0.8627
vn 0.3910 0.4323 0.8125
vn 0.4338 0.2983 0.8502
vn 0.3650 0.2219 0.9042
vn -0.1535 0.1710 0.9732
vn -0.0939 0.9763 0.1951
vn -0.1176 0.9587 0.2591
vn -0.1331 0.3188 0.9384
vn -0.1497 0.2004 0.9682
vn -0.0797 0.7032 0.7066
vn -0.0751 0.7475 0.6600
vn -0.0176 0.9162 0.4003
vn -0.0513 0.9254 0.3756
vn -0.0720 0.8618 0.5022
vn -0.0821 0.7488 0.6577
vn -0.1322 0.4912 0.8610
vn -0.1418 0.2877 0.9472
vn -0.1412 0.2823 0.9489
vn -0.0993 0.9204 0.3782
vn -0.1369 0.6912 0.7096
vn -0.1502 0.8642 0.4802
vn -0.1591 0.4906 0.8567
vn -0.1662 0.2861 0.9437
vn -0.1587 0.1728 0.9721
vn -0.1780 0.3354 0.9251
vn -0.1809 0.3897 0.9030
vn -0.1607 0.6897 0.7060
vn -0.1576 0.8876 0.4329
vn -0.1524 0.9086 0.3888
vn -0.3089 0.4897 0.8153
vn -0.2827 0.1934 0.9395
vn -0.7015 0.1638 0.6936
vn -0.6767 0.1874 0.7120
vn -0.6785 0.1779 0.7127
vn -0.7518 0.4861 0.4456
vn -0.3958 0.6538 0.6449
vn -0.3907 0.6638 0.6378
vn -0.6150 0.6051 0.5056
vn -0.7099 0.0217 0.7040
vn -0.5238 0.0712 0.8489
vn -0.8550 0.0302 0.5178
vn -0.9929 0.0155 -0.1177
vn -0.5247 0.0263 0.8509
vn -0.5378 0.0242 0.8427
vn -0.8551 0.0165 0.5182
vn -0.8535 0.0168 0.5208
vn -0.9769 0.0092 0.2137
vn -0.5163 -0.0227 0.8561
vn -0.5389 -0.0251 0.8420
vn -0.8765 -0.0065 0.4814
vn -0.8551 -0.0019 0.5185
vn -0.9940 -0.0153 -0.1081
vn -0.8550 -0.0302 0.5178
vn -0.7102 -0.0523 0.7020
vn -0.5389 -0.0269 0.8420
vn -0.4149 -0.7467 0.5198
vn -0.5747 -0.3302 0.7488
vn -0.3096 -0.2213 0.9248
vn -0.3225 -0.5239 0.7884
vn -0.6718 -0.2819 0.6850
vn -0.6783 -0.1631 0.7164
vn -0.6979 -0.2000 0.6877
vn -0.4194 -0.6801 0.6013
vn -0.7485 -0.4670 0.4708
vn -0.1748 -0.3041 0.9365
vn -0.1436 -0.2867 0.9472
vn -0.1508 -0.1129 0.9821
vn -0.1850 -0.4868 0.8537
vn -0.1602 -0.7087 0.6871
vn -0.1476 -0.9412 0.3037
vn -0.1613 -0.8950 0.4159
vn -0.1095 -0.8958 0.4307
vn -0.1167 -0.8655 0.4871
vn -0.1604 -0.7087 0.6871
vn -0.1591 -0.4510 0.8782
vn -0.1658 -0.2519 0.9535
vn -0.1618 -0.3217 0.9329
vn -0.0539 -0.9193 0.3897
vn -0.0962 -0.7562 0.6472
vn -0.0462 -0.8657 0.4983
vn -0.1382 -0.4514 0.8815
vn -0.1432 -0.2794 0.9494
vn -0.1410 -0.2920 0.9460
vn -0.0865 -0.6286 0.7729
vn -0.0733 -0.7505 0.6568
vn -0.0239 -0.8937 0.4480
vn -0.1103 -0.6297 0.7690
vn 0.7701 -0.2642 0.5806
vn 0.2669 -0.2125 0.9400
vn -0.0966 -0.1606 0.9823
vn -0.1183 -0.1111 0.9867
vn 0.0784 -0.2874 0.9546
vn -0.0806 -0.4980 0.8634
vn 0.3926 -0.5219 0.7573
vn 0.0067 -0.7000 0.7141
vn 0.4263 -0.2584 0.8669
vn 0.4525 -0.2480 0.8566
vn 0.3628 -0.4535 0.8141
vn 0.6433 -0.3736 0.6683
vn 0.2607 -0.7265 0.6357
vn 0.7967 -0.1257 0.5911
vn 0.3653 -0.0888 0.9266
vn 0.4506 -0.1360 0.8823
vn 0.5403 -0.0916 0.8365
vn 0.3656 -0.0881 0.9266
vn 0.5324 -0.0475 0.8452
vn 0.7693 0.0612 0.6359
vn 0.4675 -0.8022 -0.3714
vn 0.6409 0.4737 -0.6041
vn 0.2170 -0.2801 -0.9351
vn 0.8594 0.5102 -0.0330
vn 0.8968 0.0155 0.4421
vn 0.8304 0.0581 0.5541
vn 0.8283 0.1159 0.5482
vn 0.8323 0.0175 0.5541
vn 0.8566 0.1225 0.5013
vn 0.8190 0.1490 0.5541
vn 0.8159 -0.0214 0.5778
vn 0.8513 0.1000 0.5151
vn 0.8603 0.0163 0.5094
vn 0.8796 0.0504 0.4730
vn 0.8691 0.1131 0.4816
vn 0.8363 0.0842 0.5417
vn 0.7299 0.4228 0.5371
vn 0.6715 0.5549 0.4911
vn 0.6467 0.5787 0.4969
vn 0.4193 0.8243 0.3804
vn 0.4303 0.8100 0.3985
vn 0.1444 0.9567 0.2527
vn 0.1541 0.9550 0.2533
vn 0.0839 0.9863 0.1417
vn 0.1630 0.9608 0.2243
vn 0.4806 0.8260 0.2947
vn 0.4902 0.8180 0.3011
vn 0.2982 0.9114 0.2835
vn 0.6722 0.5551 0.4899
vn 0.6953 0.5313 0.4839
vn 0.8012 0.2538 0.5419
vn 0.7939 0.2668 0.5463
vn 0.7988 0.2677 0.5388
vn 0.7995 0.2702 0.5364
vn 0.8064 0.2583 0.5321
vn -0.0007 0.9954 0.0958
vn 0.0356 0.9809 0.1911
vn 0.0140 0.9978 0.0654
vn 0.0172 0.9977 0.0659
vn -0.0194 0.9956 0.0918
vn 0.0280 0.9967 0.0763
vn 0.0200 0.9979 0.0616
vn -0.0070 0.9977 0.0673
vn -0.0401 0.9954 0.0865
vn -0.0473 0.9977 0.0493
vn -0.0805 0.9919 0.0984
vn -0.1081 0.9754 0.1921
vn -0.1206 0.9895 0.0791
vn -0.0962 0.9908 0.0950
vn -0.0876 0.9925 0.0855
vn -0.0875 0.9923 0.0880
vn -0.0466 0.9945 0.0940
vn -0.0510 0.9963 0.0687
vn -0.0227 0.9984 0.0523
vn -0.0127 0.9984 0.0560
vn -0.6268 0.7651 0.1475
vn -0.4427 0.8865 0.1346
vn -0.3072 0.9411 0.1412
vn -0.3468 0.9287 0.1313
vn -0.6211 0.7695 0.1486
vn -0.8188 0.5520 0.1578
vn -0.8743 0.4698 0.1225
vn -0.9725 0.2181 0.0815
vn -0.9843 0.1549 0.0845
vn -0.6640 -0.7042 -0.2514
vn -0.4498 -0.1485 -0.8807
vn -0.4613 0.0168 -0.8871
vn -0.9984 0.0110 0.0551
vn -0.9989 0.0163 0.0446
vn -0.9989 -0.0161 0.0446
vn -0.9984 -0.0111 0.0546
vn -0.9878 -0.1348 0.0779
vn -0.9728 -0.2187 0.0766
vn -0.9461 -0.3084 0.0985
vn -0.8710 -0.4798 0.1060
vn -0.7233 -0.6695 0.1689
vn -0.5682 -0.8083 0.1545
vn -0.4929 -0.8553 0.1596
vn -0.3759 -0.9176 0.1291
vn -0.3833 -0.9147 0.1283
vn 0.0389 -0.9758 0.2151
vn -0.0021 -0.9952 0.0979
vn -0.0636 -0.9942 0.0865
vn -0.0238 -0.9927 0.1179
vn -0.0407 -0.9991 0.0149
vn -0.1103 -0.9937 0.0198
vn -0.0141 -0.9984 0.0554
vn -0.3115 -0.9429 0.1183
vn -0.0883 -0.9797 0.1801
vn -0.0809 -0.9907 0.1095
vn -0.0998 -0.9836 0.1500
vn -0.0902 -0.9907 0.1017
vn -0.1394 -0.9699 0.1999
vn 0.0139 -0.9981 0.0597
vn 0.0171 -0.9981 0.0591
vn 0.0208 -0.9979 0.0611
vn 0.0315 -0.9981 0.0524
vn -0.0073 -0.9978 0.0653
vn -0.0205 -0.9957 0.0902
vn -0.0536 -0.9952 0.0824
vn -0.0306 -0.9991 0.0281
vn -0.0889 -0.9900 0.1098
vn 0.0737 -0.9696 0.2331
vn 0.7196 -0.4466 0.5317
vn 0.6652 -0.5698 0.4825
vn 0.7934 -0.2686 0.5462
vn 0.7931 -0.2767 0.5426
vn 0.7962 -0.2773 0.5377
vn 0.7967 -0.2787 0.5362
vn 0.8116 -0.2552 0.5255
vn 0.3071 -0.9310 0.1973
vn 0.1541 -0.9807 0.1203
vn 0.4158 -0.8192 0.3949
vn 0.5406 -0.7335 0.4121
vn 0.6590 -0.5686 0.4924
vn 0.6810 -0.5452 0.4889
vn 0.1682 -0.9655 0.1990
vn 0.1398 -0.9600 0.2427
vn 0.4110 -0.8182 0.4021
vn 0.3738 -0.8642 0.3369
vn 0.6139 -0.6182 0.4909
vn 0.2972 0.0096 -0.9548
vn 0.8135 0.0839 0.5755
vn 0.8588 -0.1139 0.4996
vn 0.8096 -0.1516 0.5671
vn 0.8288 -0.1114 0.5483
vn 0.8232 -0.1210 0.5548
vn 0.8967 -0.0231 0.4421
vn 0.8843 -0.0401 0.4652
vn 0.8808 -0.0640 0.4692
vn 0.7460 -0.2213 0.6281
vn 0.8613 0.0843 0.5011
vn 0.8356 -0.0879 0.5422
vn 0.8595 -0.1138 0.4982
vn 0.8765 -0.0734 0.4757
vn 0.8782 -0.0557 0.4750
vn 0.2717 0.0336 -0.9618
vn 0.2715 0.0363 -0.9618
vn 0.2647 0.0293 -0.9639
vn 0.9953 0.0731 -0.0641
vn 0.8959 0.0938 0.4343
vn 0.9949 0.0940 0.0357
vn 0.2925 0.0324 -0.9557
vn 0.7625 0.0473 -0.6452
vn 0.7213 0.0552 -0.6904
vn 0.9945 0.0801 -0.0675
vn 0.7941 0.0967 -0.6000
vn 0.7595 0.0859 -0.6448
vn 0.3112 0.0467 -0.9492
vn 0.9920 0.0583 -0.1121
vn 0.9983 0.0311 -0.0489
vn 0.8641 0.2612 0.4302
vn 0.2811 0.5015 -0.8182
vn 0.4416 0.6134 -0.6547
vn 0.3128 0.9052 -0.2876
vn 0.2494 0.7029 -0.6661
vn 0.5704 0.8188 -0.0647
vn 0.1972 0.4764 -0.8568
vn 0.5469 0.5147 -0.6603
vn 0.8324 0.5535 -0.0290
vn 0.8349 0.5500 -0.0222
vn 0.5542 0.3710 -0.7451
vn 0.7871 0.1476 -0.5989
vn 0.5816 0.2900 -0.7600
vn 0.9203 0.3901 -0.0305
vn 0.9346 0.3550 0.0213
vn 0.0355 0.9680 -0.2486
vn -0.0022 0.9800 -0.1989
vn -0.0159 0.9635 -0.2672
vn 0.0691 0.6331 -0.7710
vn 0.0619 0.7627 -0.6438
vn 0.1087 0.6348 -0.7650
vn 0.1089 0.6279 -0.7706
vn 0.0338 0.9463 -0.3216
vn 0.0329 0.9525 -0.3027
vn -0.3172 0.1670 -0.9335
vn -0.8994 0.1777 -0.3994
vn -0.2408 0.1091 -0.9644
vn -0.6417 0.4643 -0.6105
vn -0.6013 0.7459 -0.2865
vn -0.8134 0.1951 -0.5479
vn -0.1590 0.4732 -0.8665
vn -0.2705 0.6505 -0.7097
vn -0.2442 0.6984 -0.6727
vn -0.9065 0.2189 -0.3610
vn -0.5682 0.6978 -0.4362
vn 0.8647 0.2211 -0.4510
vn -0.4574 0.0260 -0.8889
vn -0.4926 0.0326 -0.8697
vn -0.9413 0.0086 -0.3374
vn -0.9555 0.0141 -0.2945
vn -0.9127 0.0293 -0.4076
vn -0.3360 0.0043 -0.9419
vn -0.4925 0.0385 -0.8695
vn -0.1280 0.9918 -0.0013
vn -0.3102 0.9506 0.0050
vn -0.4107 0.9092 -0.0681
vn -0.2480 0.9606 -0.1252
vn -0.7883 0.6124 -0.0590
vn -0.8788 0.4526 -0.1514
vn -0.8631 0.5010 0.0634
vn -0.9587 0.0121 -0.2843
vn 0.1421 -0.6454 0.7506
vn -0.7832 0.6076 -0.1317
vn -0.8311 0.4759 -0.2878
vn -0.8880 0.3204 -0.3298
vn -0.9091 0.3520 -0.2228
vn -0.9109 0.2374 -0.3374
vn -0.3622 0.9321 0.0032
vn -0.2549 0.9668 0.0193
vn -0.1788 0.9796 0.0913
vn -0.1333 0.9669 -0.2175
vn -0.8495 0.0710 0.5228
vn -0.9289 0.0979 -0.3571
vn -0.9390 0.0040 -0.3438
vn -0.9370 0.0045 -0.3492
vn -0.1153 0.9924 -0.0427
vn -0.3079 0.9465 -0.0966
vn -0.1748 0.9835 -0.0457
vn 0.0069 0.7726 -0.6349
vn -0.6806 0.6676 -0.3018
vn -0.6459 0.7229 -0.2455
vn -0.1169 0.7347 -0.6683
vn -0.9016 0.3834 -0.2004
vn -0.9051 0.3568 -0.2314
vn -0.9647 0.1089 -0.2396
vn -0.9515 -0.0300 -0.3062
vn -0.8772 -0.1141 -0.4663
vn -0.3098 0.9456 -0.0994
vn -0.5131 0.8426 -0.1635
vn -0.5184 0.8372 -0.1743
vn -0.7138 0.6941 -0.0932
vn -0.8818 -0.0063 -0.4716
vn -0.8935 -0.0103 -0.4490
vn -0.8953 -0.1182 -0.4294
vn -0.2808 0.9222 -0.2659
vn -0.1782 0.9774 -0.1134
vn -0.2196 0.9453 0.2414
vn -0.4336 0.8453 -0.3122
vn -0.6099 0.6439 -0.4620
vn -0.5748 0.7175 -0.3934
vn -0.8739 0.4825 -0.0596
vn -0.6887 0.4525 -0.5665
vn -0.6855 0.4425 -0.5781
vn -0.7407 0.2837 -0.6090
vn -0.7221 0.1475 -0.6758
vn -0.7182 0.1444 -0.6807
vn -0.2118 0.9618 -0.1736
vn -0.4392 0.8456 -0.3034
vn -0.4387 0.8471 -0.3000
vn -0.6134 0.6462 -0.4540
vn -0.7295 -0.0103 -0.6839
vn -0.6362 0.0158 -0.7714
vn -0.0658 0.9954 -0.0702
vn -0.1990 0.9616 -0.1892
vn -0.4612 0.6833 -0.5661
vn -0.4602 0.6846 -0.5653
vn -0.4640 0.6897 -0.5558
vn 0.0840 0.8020 -0.5913
vn -0.4485 0.6835 -0.5758
vn -0.4720 0.7108 -0.5215
vn -0.5696 -0.3598 -0.7390
vn -0.8355 0.1623 -0.5250
vn 0.3725 0.7407 -0.5591
vn 0.3408 -0.2187 -0.9143
vn -0.3934 0.3191 -0.8622
vn -0.3677 0.6752 -0.6395
vn -0.2023 0.9559 -0.2129
vn -0.3304 0.8654 -0.3767
vn -0.3306 0.8659 -0.3755
vn -0.4483 0.6841 -0.5753
vn -0.5395 -0.0549 -0.8402
vn -0.3198 -0.0405 -0.9466
vn -0.0513 0.9924 -0.1118
vn -0.1723 0.9254 -0.3377
vn -0.0912 0.9835 -0.1559
vn -0.3152 0.8672 0.3856
vn -0.2904 0.9498 -0.1160
vn -0.2315 0.6886 -0.6872
vn -0.0479 0.4188 -0.9068
vn -0.7238 -0.6627 0.1922
vn -0.7206 -0.6602 0.2121
vn -0.3131 0.4525 -0.8350
vn -0.3046 0.4425 -0.8434
vn -0.0174 0.9772 -0.2116
vn 0.1209 0.1718 -0.9777
vn -0.1121 0.3549 -0.9282
vn -0.0987 0.9217 -0.3751
vn -0.0287 0.9464 -0.3217
vn -0.2981 0.6985 -0.6505
vn -0.0845 0.7829 -0.6164
vn -0.3191 -0.1893 -0.9286
vn -0.1964 -0.1744 -0.9649
vn 0.0575 0.8597 -0.5075
vn -0.0222 0.9926 -0.1198
vn -0.0801 0.9608 -0.2653
vn -0.0785 0.9588 -0.2729
vn -0.1533 0.8454 -0.5117
vn 0.1562 0.9117 -0.3799
vn -0.1292 0.6441 -0.7539
vn -0.2403 0.4033 -0.8829
vn -0.3680 0.5550 -0.7460
vn -0.4576 0.4924 -0.7404
vn -0.0966 0.6464 -0.7569
vn -0.0762 0.6352 -0.7686
vn 0.0425 -0.0011 -0.9991
vn -0.4716 0.1250 -0.8729
vn -0.0362 -0.1947 -0.9802
vn -0.0345 0.9414 -0.3354
vn -0.1255 0.8459 -0.5184
vn -0.2416 0.9410 -0.2371
vn -0.0702 0.4076 -0.9104
vn -0.0324 -0.0063 -0.9995
vn -0.0942 -0.0160 -0.9954
vn -0.1173 -0.1597 -0.9802
vn 0.0062 0.9626 -0.2709
vn -0.0040 0.9669 -0.2551
vn -0.0078 0.9369 -0.3494
vn 0.0715 0.6118 -0.7877
vn 0.1151 0.2826 -0.9523
vn -0.0499 0.4640 -0.8844
vn -0.7372 -0.4906 -0.4646
vn 0.1317 0.6076 -0.7832
vn -0.0307 0.7129 -0.7006
vn 0.0571 0.1571 -0.9859
vn 0.6432 0.7436 -0.1826
vn 0.6758 0.7181 -0.1664
vn 0.6253 -0.1069 -0.7730
vn 0.3714 0.2962 -0.8800
vn 0.3973 0.1577 -0.9040
vn 0.0604 0.9533 -0.2960
vn 0.0480 0.9309 -0.3622
vn 0.0137 0.9525 -0.3041
vn 0.3839 0.0158 -0.9232
vn 0.3497 0.0100 -0.9368
vn 0.0315 0.9954 -0.0901
vn 0.1269 0.9275 -0.3517
vn 0.0418 0.9833 -0.1774
vn -0.3345 0.9360 -0.1096
vn 0.1894 0.8453 -0.4996
vn 0.1248 0.3476 -0.9293
vn -0.0501 0.5729 -0.8181
vn -0.1592 0.4957 -0.8538
vn 0.1132 0.5985 -0.7931
vn 0.3353 0.4259 -0.8403
vn 0.3659 -0.1739 -0.9143
vn 0.3056 -0.0306 -0.9517
vn 0.2392 0.0036 -0.9710
vn 0.1790 -0.8303 -0.5277
vn 0.0895 0.9568 -0.2767
vn 0.2042 0.8447 -0.4947
vn 0.1447 0.8669 -0.4771
vn -0.2252 0.9581 0.1771
vn 0.9982 -0.0218 0.0567
vn 0.0718 0.7049 -0.7057
vn 0.4736 -0.0041 -0.8807
vn 0.5769 0.0054 -0.8168
vn 0.5832 0.0592 -0.8101
vn 0.2680 0.9227 -0.2772
vn 0.1160 0.9772 -0.1781
vn -0.2374 0.9458 -0.2216
vn 0.3122 0.8453 -0.4336
vn 0.7154 0.5192 -0.4676
vn 0.4684 0.6664 -0.5801
vn 0.4037 0.7238 -0.5596
vn 0.0672 0.4957 -0.8659
vn 0.5829 0.4152 -0.6985
vn 0.5657 0.4250 -0.7066
vn 0.5278 0.5158 -0.6748
vn 0.5591 0.4999 -0.6615
vn 0.1758 -0.9372 -0.3012
vn 0.1286 0.9689 -0.2116
vn 0.3253 0.8447 -0.4250
vn 0.2723 0.8639 -0.4237
vn 0.4323 0.6744 -0.5986
vn 0.8024 0.0164 -0.5966
vn 0.7710 0.0091 -0.6368
vn 0.0702 0.9954 -0.0658
vn 0.1888 0.9617 -0.1986
vn 0.3611 0.9020 -0.2365
vn 0.6804 0.3938 -0.6180
vn 0.5631 0.6846 -0.4628
vn 0.5160 0.7082 -0.4818
vn 0.6111 0.7904 -0.0433
vn 0.7501 0.4149 -0.5151
vn 0.4908 0.5647 -0.6634
vn 0.6481 0.1996 -0.7350
vn 0.9769 0.0075 -0.2138
vn 0.7425 0.4241 -0.5185
vn 0.1650 0.9338 -0.3175
vn 0.3773 0.8672 -0.3250
vn 0.5753 0.6841 -0.4483
vn 0.6780 -0.6023 -0.4214
vn 0.9103 0.0042 -0.4140
vn 0.9093 0.0040 -0.4161
vn 0.1118 0.9924 -0.0513
vn 0.2991 0.9415 -0.1552
vn 0.1559 0.9835 -0.0912
vn 0.1857 0.9684 -0.1665
vn 0.2139 0.9613 -0.1734
vn 0.6764 0.7025 -0.2215
vn 0.9056 0.4221 -0.0422
vn 0.7270 0.3313 -0.6014
vn 0.9222 -0.1023 -0.3730
vn 0.3461 0.9353 -0.0736
vn 0.9917 0.1115 0.0639
vn 0.9344 0.3030 -0.1873
vn 0.7491 0.6373 -0.1807
vn 0.3610 0.9267 -0.1041
vn 0.3185 0.9464 -0.0532
vn 0.2153 0.5875 -0.7800
vn 0.9261 0.3203 -0.1991
vn 0.4089 0.8163 -0.4079
vn 0.9438 0.0210 -0.3297
vn 0.9953 0.0924 0.0280
vn 0.9229 0.3821 0.0475
vn 0.1212 0.9924 -0.0207
vn 0.3708 0.9254 -0.0790
vn 0.1742 0.9835 -0.0478
vn 0.4500 0.8926 -0.0285
vn 0.7535 0.6446 -0.1289
vn 0.9014 0.3443 -0.2624
vn 0.6445 0.6035 -0.4695
vn 0.6633 0.7220 -0.1971
vn 0.7015 0.5818 -0.4115
vn 0.9888 0.1425 0.0453
vn 0.9976 0.0134 0.0674
vn 0.9993 0.0228 0.0305
vn 0.9913 0.1190 -0.0566
vn 0.9991 -0.0257 -0.0329
vn 0.3574 0.9224 -0.1465
vn 0.1981 0.9668 -0.1617
vn 0.9366 0.3385 0.0902
vn 0.4987 0.8070 -0.3164
vn 0.9995 -0.0099 -0.0313
vn 0.9954 0.0100 0.0953
vn 0.2661 0.9639 0.0120
vn 0.2462 0.9692 -0.0036
vn 0.5207 0.8536 -0.0150
vn 0.7285 0.4882 0.4806
vn 0.7171 0.5306 0.4519
vn 0.7143 0.6559 -0.2439
vn 0.7741 0.6040 -0.1899
vn 0.8187 0.5621 0.1171
vn 0.7054 0.7037 -0.0855
vn 0.9965 0.0834 -0.0071
vn 0.1581 0.7431 0.6502
vn 0.2187 0.8389 0.4985
vn 0.9923 0.0472 0.1142
vn 0.8627 -0.3339 0.3798
vn 0.2703 0.9618 0.0444
vn 0.5257 0.8496 0.0432
vn 0.2197 0.9521 -0.2125
vn 0.0948 0.9254 0.3669
vn 0.7681 -0.0478 -0.6385
vn 0.9248 0.1068 0.3651
vn 0.9364 0.0042 0.3508
vn 0.9928 -0.0140 0.1189
vn -0.8092 0.0028 0.5876
vn 0.8413 0.0002 0.5406
vn -0.8512 -0.1129 0.5125
vn -0.9966 -0.0826 -0.0067
vn -0.9999 0.0000 0.0169
vn -0.9992 0.0000 -0.0402
vn -0.9992 0.0000 -0.0402
vn -0.9826 0.0000 -0.1857
vn -0.9826 0.0000 -0.1857
vn -0.9450 0.0000 -0.3271
vn -0.9450 0.0000 -0.3271
vn -0.8871 0.0000 -0.4616
vn -0.8871 0.0000 -0.4616
vn -0.8102 0.0000 -0.5862
vn -0.8102 0.0000 -0.5862
vn -0.7451 0.0000 -0.6670
vn -0.7451 0.0000 -0.6670
vn -0.6720 0.0000 -0.7406
vn -0.6720 0.0000 -0.7406
vn -0.5566 0.0000 -0.8307
vn -0.5566 0.0000 -0.8307
vn -0.4294 0.0000 -0.9031
vn -0.4294 0.0000 -0.9031
vn -0.2930 0.0000 -0.9561
vn -0.2930 0.0000 -0.9561
vn -0.1502 0.0000 -0.9887
vn -0.1502 0.0000 -0.9887
vn -0.0043 0.0000 -1.0000
vn -0.0043 0.0000 -1.0000
vn 0.0334 0.0000 -0.9994
vn 0.0334 0.0000 -0.9994
vn 0.4100 0.0000 -0.9121
vn 0.4100 0.0000 -0.9121
vn 0.3175 0.0000 -0.9483
vn 0.3175 0.0000 -0.9483
vn 0.6532 0.0000 -0.7572
vn 0.6532 0.0000 -0.7572
vn 0.6656 0.0000 -0.7464
vn 0.6656 0.0000 -0.7464
vn 0.7674 0.0000 -0.6412
vn 0.7674 0.0000 -0.6412
vn 0.8528 0.0000 -0.5223
vn 0.8528 0.0000 -0.5223
vn 0.9199 0.0000 -0.3922
vn 0.9199 0.0000 -0.3922
vn 0.9290 0.0000 -0.3700
vn 0.9290 0.0000 -0.3700
vn 1.0000 -0.0000 0.0097
vn 1.0000 0.0000 0.0097
vn 0.9993 -0.0000 0.0366
vn 0.9993 0.0000 0.0366
vn 0.9833 -0.0000 0.1822
vn 0.9833 0.0000 0.1822
vn 0.9754 -0.0000 0.2204
vn 0.9769 0.1018 0.1879
vn 0.8273 0.0887 0.5548
vn -0.9530 -0.0119 -0.3027
vn -0.3275 -0.0364 -0.9441
vn -0.4926 -0.0102 -0.8702
vn -0.8911 -0.0300 -0.4528
vn -0.4926 -0.0272 -0.8698
vn -0.4615 -0.0345 -0.8864
vn -0.9316 -0.0044 -0.3634
vn -0.6651 -0.5802 -0.4701
vn -0.2333 -0.6717 -0.7031
vn -0.1439 -0.5031 -0.8522
vn -0.9407 -0.2591 -0.2188
vn -0.2395 -0.1205 -0.9634
vn -0.3108 -0.1743 -0.9343
vn -0.5448 -0.7520 -0.3710
vn -0.9174 -0.2128 -0.3364
vn -0.8801 -0.2634 -0.3950
vn -0.2631 -0.6849 -0.6794
vn -0.6331 -0.5590 -0.5355
vn 0.1235 -0.6982 -0.7052
vn 0.1171 -0.5271 -0.8417
vn 0.0782 -0.9411 -0.3288
vn 0.1152 -0.6986 -0.7061
vn 0.1134 -0.7045 -0.7006
vn 0.0556 -0.9443 -0.3242
vn 0.0343 -0.9673 -0.2515
vn 0.3968 -0.4995 -0.7701
vn 0.5473 -0.3706 -0.7504
vn 0.8098 -0.2551 0.5284
vn 0.9619 0.2281 0.1504
vn 0.9566 -0.2897 0.0308
vn 0.7794 0.4071 -0.4762
vn 0.5856 -0.3160 -0.7465
vn 0.7680 -0.2253 -0.5995
vn 0.9142 -0.4041 0.0303
vn 0.9273 -0.3741 -0.0153
vn 0.8161 -0.5691 -0.1004
vn 0.7617 -0.6478 0.0151
vn 0.5624 -0.3651 -0.7419
vn 0.6360 -0.7278 -0.2565
vn 0.5453 -0.8379 -0.0219
vn 0.3218 -0.6214 -0.7143
vn 0.2639 -0.9126 -0.3124
vn 0.4761 -0.4844 -0.7339
vn 0.3984 -0.5962 -0.6970
vn 0.2988 -0.0292 -0.9539
vn 0.2695 -0.0331 -0.9624
vn 0.2859 -0.0519 -0.9569
vn 0.4936 -0.0672 -0.8671
vn 0.8603 -0.1145 -0.4968
vn 0.8356 -0.1040 -0.5394
vn 0.9718 -0.1126 0.2071
vn 0.9911 -0.0970 0.0915
vn 0.9909 -0.0948 0.0957
vn 0.9988 -0.0393 -0.0291
vn 0.3137 -0.0318 -0.9490
vn 0.7790 -0.0533 -0.6248
vn 0.4993 0.0149 -0.8663
vn 0.8656 -0.0537 -0.4978
vn 0.9993 -0.0348 -0.0124
vn 0.9923 -0.0746 0.0990
vn 0.1312 0.0472 -0.9902
vn 0.1356 0.0291 -0.9903
vn 0.1401 0.0266 -0.9898
vn 0.1402 0.1070 -0.9843
vn 0.2112 -0.0117 -0.9774
vn 0.1338 0.0409 -0.9902
vn 0.1601 0.0335 -0.9865
vn 0.1596 0.0390 -0.9864
vn 0.1570 0.0401 -0.9868
vn 0.1651 0.0354 -0.9856
vn 0.1480 0.0186 -0.9888
vn 0.2349 0.0851 -0.9683
vn 0.0359 -0.0612 -0.9975
vn 0.1490 0.0301 -0.9884
vn 0.1379 0.0229 -0.9902
vn 0.1356 0.0302 -0.9903
vn 0.1509 0.0323 -0.9880
vn 0.2040 0.1315 -0.9701
vn 0.1557 0.0262 -0.9875
vn 0.1557 0.0262 -0.9875
vn 0.1557 0.0262 -0.9875
vn 0.1557 0.0262 -0.9875
vn 0.1557 0.0262 -0.9875
vn 0.1482 0.0425 -0.9881
vn 0.1699 0.0329 -0.9849
vn 0.1655 0.0358 -0.9856
vn 0.1555 0.0366 -0.9872
vn 0.1557 0.0373 -0.9871
vn 0.1529 0.0410 -0.9874
vn 0.1516 0.0398 -0.9876
vn 0.0987 0.9950 0.0161
vn 0.3373 0.9366 0.0946
vn 0.8715 0.4481 -0.1989
vn 0.3671 0.9301 -0.0157
vn 0.1096 0.9360 -0.3345
vn 0.8837 0.4642 0.0593
vn 0.7542 0.6545 -0.0521
vn 0.4784 0.1552 0.8643
vn 0.4767 0.5583 0.6790
vn 0.7080 0.6403 0.2979
vn 0.7093 0.5192 0.4767
vn 0.8827 0.1588 0.4423
vn 0.7184 0.0066 0.6956
vn 0.4455 0.8374 0.3166
vn 0.9869 0.0367 0.1569
vn 0.2767 0.9568 0.0895
vn 0.2939 0.9507 0.0984
vn 0.3173 0.9200 0.2299
vn 0.1891 0.9785 0.0823
vn 0.8632 0.2502 0.4385
vn 0.9851 0.0747 -0.1550
vn 0.9072 0.4180 0.0467
vn 0.8865 0.4617 -0.0314
vn 0.9107 -0.2653 -0.3166
vn 0.9876 0.1160 -0.1054
vn 0.9972 0.0607 -0.0445
vn 0.9333 -0.0090 -0.3589
vn 0.8656 0.1688 -0.4714
vn -0.1869 -0.7382 -0.6481
vn 0.8329 0.2490 -0.4942
vn 0.8027 0.2943 -0.5187
vn 0.5493 -0.2302 -0.8033
vn 0.5608 0.6724 -0.4830
vn 0.4795 0.4035 -0.7793
vn 0.5086 0.0856 -0.8567
vn 0.3765 -0.3915 -0.8396
vn 0.1168 0.2197 -0.9685
vn -0.0258 -0.3502 -0.9363
vn -0.2263 -0.1006 -0.9688
vn -0.0100 0.5665 -0.8240
vn -0.4594 -0.2467 -0.8533
vn -0.3534 0.1962 -0.9146
vn -0.5883 -0.0000 -0.8086
vn -0.4872 0.3044 -0.8185
vn -0.7536 -0.5643 0.3371
vn -0.7830 0.3534 -0.5118
vn -0.7881 0.3433 -0.5109
vn -0.9455 -0.0977 -0.3106
vn -0.8994 0.1806 -0.3982
vn -0.7882 0.2089 -0.5789
vn -0.7772 -0.6226 0.0913
vn -0.8200 0.4890 -0.2973
vn -0.5929 0.5136 -0.6202
vn 0.3221 -0.6421 -0.6956
vn 0.2302 -0.6806 -0.6956
vn 0.2872 -0.7071 -0.6462
vn 0.2872 -0.7071 -0.6462
vn 0.2872 -0.7071 -0.6462
vn -0.6501 -0.3704 -0.6635
vn 0.3496 -0.7169 -0.6031
vn 0.3696 -0.6073 -0.7033
vn 0.8391 -0.4720 -0.2705
vn 0.4745 -0.8588 -0.1931
vn 0.4698 -0.6599 -0.5865
vn 0.4129 -0.6138 -0.6729
vn 0.9421 0.0074 0.3351
vn 0.7235 0.4687 0.5068
vn 0.7532 0.5128 0.4120
vn -0.8651 -0.3710 0.3376
vn -0.9563 0.2737 0.1032
vn -0.9967 0.0076 -0.0806
vn -0.9923 -0.0244 0.1216
vn -0.2062 0.9762 -0.0664
vn -0.2604 0.9654 -0.0161
vn 0.0744 -0.7071 0.7032
vn 0.0744 -0.7071 0.7032
vn 0.1148 -0.6972 0.7076
vn -0.0016 -0.6441 0.7650
vn -0.1010 -0.6453 0.7573
vn 0.1749 -0.6640 0.7270
vn -0.1930 -0.7774 0.5987
vn -0.2485 -0.3781 0.8918
vn 0.0744 -0.7071 0.7032
vn 0.0744 -0.7071 0.7032
vn 0.0744 -0.7071 0.7032
vn 0.0744 -0.7071 0.7032
vn 0.0744 -0.7071 0.7032
vn 0.1162 -0.7850 0.6084
vn 0.1102 0.7071 -0.6985
vn -0.0176 0.7006 -0.7133
vn 0.0987 0.8900 -0.4451
vn 0.1102 0.7071 -0.6985
vn 0.1102 0.7071 -0.6985
vn 0.1079 0.9675 -0.2285
vn -0.1695 0.7363 -0.6551
vn -0.3805 0.5664 -0.7310
vn -0.2521 0.9479 -0.1946
vn 0.1102 0.7071 -0.6985
vn 0.1102 0.7071 -0.6985
vn 0.1101 0.7071 -0.6985
vn 0.1102 0.7071 -0.6985
vn -0.3637 0.9243 0.1160
vn 0.2795 0.9602 0.0015
vn 0.0579 0.9285 -0.3669
vn -0.1102 -0.7071 0.6985
vn -0.1102 -0.7071 0.6985
vn -0.1102 -0.7071 0.6985
vn -0.1102 -0.7071 0.6985
vn 0.0070 -0.6623 0.7492
vn -0.3965 -0.0243 0.9177
vn -0.7637 -0.6102 0.2107
vn -0.4231 -0.7288 0.5384
vn -0.3739 -0.4085 0.8327
vn -0.1102 -0.7071 0.6985
vn -0.1849 -0.5595 0.8080
vn -0.3998 -0.6680 0.6277
vn -0.1102 -0.7071 0.6985
vn 0.2966 -0.5413 0.7868
vn -0.3720 -0.4079 0.8338
vn -0.3480 -0.8204 0.4537
vn -0.3276 -0.8143 0.4791
vn 0.2872 0.7071 -0.6462
vn 0.2872 0.7071 -0.6462
vn 0.0765 0.6793 -0.7298
vn 0.2118 0.9149 -0.3436
vn 0.2205 0.9002 -0.3756
vn 0.0163 0.7441 -0.6678
vn 0.2872 0.7071 -0.6462
vn 0.2730 0.6972 -0.6628
vn 0.2470 0.7370 -0.6291
vn -0.0735 0.8922 -0.4457
vn -0.0408 0.7329 -0.6791
vn 0.4611 0.3305 -0.8235
vn 0.2872 0.7071 -0.6461
vn 0.2872 0.7071 -0.6461
vn 0.2872 0.7071 -0.6462
vn 0.2872 0.7071 -0.6462
vn 0.2872 0.7071 -0.6462
vn 0.2872 0.7071 -0.6462
vn 0.2872 0.7071 -0.6462
vn 0.2872 0.7071 -0.6462
vn -0.0231 0.9984 0.0519
vn 0.1906 0.9774 0.0914
vn -0.3804 -0.5281 0.7592
vn -0.0722 -0.6744 0.7349
vn -0.3815 -0.7091 0.5930
vn -0.3488 -0.6413 0.6834
vn -0.2856 -0.6429 0.7107
vn -0.4171 -0.5936 0.6883
vn -0.4257 -0.6509 0.6286
vn -0.9865 0.0513 -0.1555
vn -0.3323 -0.4899 0.8060
vn -0.6695 -0.6804 0.2981
vn -0.2872 -0.7071 0.6462
vn -0.1121 -0.6592 0.7435
vn 0.3912 0.5822 -0.7127
vn 0.4446 0.7071 -0.5498
vn 0.4446 0.7071 -0.5498
vn 0.4446 0.7071 -0.5498
vn 0.3467 0.6419 -0.6839
vn 0.2482 0.8785 -0.4082
vn 0.4446 0.7071 -0.5498
vn 0.4300 0.6918 -0.5801
vn 0.1269 0.8928 -0.4321
vn 0.0773 0.7495 -0.6575
vn 0.6494 0.3357 -0.6823
vn 0.4446 0.7071 -0.5498
vn 0.4446 0.7071 -0.5498
vn 0.4446 0.7071 -0.5498
vn 0.4446 0.7071 -0.5498
vn 0.4446 0.7071 -0.5498
vn 0.4196 0.7170 -0.5566
vn 0.0683 0.9941 -0.0845
vn -0.1959 0.9517 -0.2363
vn -0.5129 -0.6887 0.5125
vn -0.4949 -0.6572 0.5685
vn -0.4131 -0.6806 0.6051
vn -0.4533 -0.7141 0.5334
vn -0.5515 -0.5579 0.6201
vn -0.5964 -0.6756 0.4333
vn -0.4301 -0.6961 0.5749
vn -0.4446 -0.7071 0.5498
vn -0.4813 -0.6339 0.6054
vn -0.4446 -0.7071 0.5498
vn -0.4446 -0.7071 0.5498
vn -0.4725 -0.7005 0.5348
vn -0.5303 -0.5603 0.6363
vn -0.6837 -0.6891 0.2401
vn -0.5461 -0.7986 0.2531
vn -0.5922 -0.6602 0.4619
vn 0.5057 0.6665 -0.5478
vn 0.5010 0.6598 -0.5601
vn 0.3193 0.9086 -0.2692
vn 0.2665 0.8526 -0.4495
vn 0.3250 0.7948 -0.5125
vn 0.3630 0.8880 -0.2822
vn 0.5766 0.6274 -0.5234
vn 0.5766 0.6309 -0.5191
vn 0.4436 0.7565 -0.4806
vn 0.4172 0.8214 -0.3889
vn 0.6033 0.6780 -0.4199
vn 0.3616 0.7516 -0.5516
vn 0.4568 0.6945 -0.5559
vn 0.7392 0.5852 -0.3335
vn 0.0805 0.9950 -0.0586
vn -0.1667 0.9167 -0.3631
vn -0.6050 -0.7059 0.3683
vn -0.6000 -0.6751 0.4292
vn -0.6060 -0.6761 0.4190
vn -0.5384 -0.7032 0.4644
vn -0.5718 -0.7071 0.4160
vn -0.5705 -0.6776 0.4642
vn -0.6308 -0.6653 0.3993
vn -0.6339 -0.6694 0.3874
vn -0.6082 -0.7093 0.3563
vn -0.7503 -0.3926 -0.5319
vn -0.8499 -0.2674 0.4541
vn -0.6653 -0.6708 0.3277
vn -0.5718 -0.7071 0.4160
vn -0.3635 -0.5206 0.7726
vn -0.1998 -0.5645 0.8009
vn -0.2172 -0.8942 0.3915
vn -0.7078 -0.5791 0.4045
vn -0.7055 -0.6715 0.2268
vn -0.2958 -0.9067 0.3008
vn -0.4107 -0.5172 0.7509
vn 0.6769 0.6764 -0.2903
vn 0.6600 0.7071 -0.2538
vn 0.6600 0.7071 -0.2538
vn 0.6600 0.7071 -0.2538
vn 0.6611 0.7193 -0.2134
vn 0.6757 0.6233 -0.3935
vn 0.4990 0.7794 -0.3789
vn 0.4057 0.8548 -0.3237
vn 0.2424 0.9046 -0.3505
vn 0.4974 0.6779 -0.5414
vn 0.8369 0.3932 -0.3807
vn 0.9747 -0.0907 0.2043
vn -0.6375 0.1720 -0.7510
vn 0.5962 0.7222 -0.3506
vn 0.6472 0.7507 -0.1327
vn 0.6589 0.7134 -0.2384
vn 0.6805 0.7074 -0.1912
vn 0.0000 1.0000 -0.0000
vn -0.6600 -0.7071 0.2538
vn -0.6669 -0.7032 0.2465
vn -0.6637 -0.6932 0.2809
vn -0.6903 -0.6780 0.2527
vn -0.6995 -0.6764 0.2306
vn -0.6979 -0.6806 0.2228
vn -0.6728 -0.7089 0.2118
vn -0.6060 -0.4190 -0.6761
vn -0.9041 -0.3166 0.2871
vn -0.7593 -0.6117 0.2218
vn -0.6600 -0.7071 0.2538
vn -0.6600 -0.7071 0.2538
vn -0.6941 -0.6845 0.2230
vn -0.6743 -0.7379 0.0279
vn 0.0261 -0.9884 0.1494
vn -0.1279 -0.0576 0.9901
vn 0.7032 0.7071 -0.0744
vn 0.6705 0.7160 -0.1946
vn 0.6354 0.7656 -0.1005
vn 0.6580 0.7523 -0.0324
vn 0.7032 0.7071 -0.0744
vn 0.7032 0.7071 -0.0744
vn 0.7032 0.7071 -0.0744
vn 0.7032 0.7071 -0.0744
vn 0.7309 0.6791 -0.0677
vn 0.7032 0.7071 -0.0744
vn 0.7032 0.7071 -0.0744
vn 0.7032 0.7071 -0.0744
vn 0.6803 0.7305 -0.0596
vn 0.0745 0.7790 0.6225
vn -0.4462 0.8937 0.0472
vn -0.7408 -0.6682 0.0691
vn -0.7035 -0.6989 0.1288
vn -0.7032 -0.7071 0.0744
vn -0.7032 -0.7071 0.0744
vn -0.6938 -0.7086 0.1284
vn -0.6900 -0.7232 0.0299
vn -0.7004 -0.7108 0.0645
vn -0.7952 -0.6005 0.0843
vn -0.7032 -0.7071 0.0744
vn -0.4736 -0.3288 0.8171
vn -0.7400 -0.6675 0.0831
vn -0.6941 -0.7180 -0.0513
vn 0.5108 0.7819 0.3573
vn 0.6985 0.7071 0.1102
vn 0.6985 0.7071 0.1102
vn 0.6985 0.7071 0.1102
vn 0.6666 0.7344 0.1273
vn 0.7468 0.6616 0.0676
vn 0.6985 0.7071 0.1102
vn 0.6985 0.7071 0.1102
vn 0.6985 0.7071 0.1102
vn 0.6985 0.7071 0.1102
vn 0.6985 0.7071 0.1102
vn -0.0190 0.9461 -0.3232
vn 0.0326 0.9805 0.1937
vn 0.3669 0.9285 0.0579
vn -0.6985 -0.7071 -0.1102
vn -0.6985 -0.7071 -0.1102
vn -0.6985 -0.7071 -0.1102
vn -0.6985 -0.7071 -0.1102
vn -0.6338 -0.7619 -0.1336
vn -0.9390 0.0303 -0.3425
vn -0.2105 -0.6093 -0.7645
vn -0.6985 -0.7071 -0.1102
vn -0.6985 -0.7071 -0.1102
vn -0.6985 -0.7071 -0.1102
vn -0.7742 -0.6122 0.1608
vn -0.6985 -0.7071 -0.1102
vn -0.7100 -0.6935 -0.1225
vn -0.6945 -0.7057 -0.1401
vn -0.5380 -0.8389 -0.0820
vn -0.7876 -0.6078 0.1016
vn 0.3366 0.8250 0.4539
vn 0.6462 0.7071 0.2872
vn 0.6462 0.7071 0.2872
vn 0.6462 0.7071 0.2872
vn 0.6462 0.7071 0.2872
vn 0.8776 0.4709 -0.0894
vn 0.2618 0.9646 0.0329
vn 0.6462 0.7071 0.2872
vn 0.8317 0.5542 0.0327
vn 0.4373 0.8950 -0.0884
vn 0.4479 0.8911 -0.0732
vn 0.6791 0.7329 -0.0408
vn 0.5289 -0.3223 0.7851
vn 0.6462 0.7071 0.2872
vn 0.6462 0.7071 0.2872
vn 0.6462 0.7071 0.2872
vn 0.6462 0.7071 0.2872
vn 0.6462 0.7071 0.2872
vn 0.3573 0.8203 -0.4465
vn 0.6897 0.6480 -0.3231
vn 0.5880 0.1506 0.7947
vn 0.0000 1.0000 0.0000
vn -0.0000 1.0000 0.0000
vn -0.6460 -0.7073 -0.2871
vn -0.6460 -0.7072 -0.2874
vn -0.6462 -0.7071 -0.2872
vn -0.6462 -0.7071 -0.2872
vn -0.6462 -0.7071 -0.2872
vn -0.6462 -0.7071 -0.2872
vn -0.6775 -0.7123 -0.1833
vn -0.6242 -0.7580 -0.1891
vn -0.3769 -0.3726 -0.8480
vn -0.0203 -0.2730 -0.9618
vn -0.6462 -0.7071 -0.2872
vn -0.6462 -0.7071 -0.2872
vn -0.6462 -0.7071 -0.2872
vn 0.5498 0.7071 0.4446
vn 0.2905 0.8296 0.4768
vn 0.5498 0.7071 0.4446
vn 0.5498 0.7071 0.4446
vn 0.5498 0.7071 0.4446
vn 0.9118 0.4045 0.0705
vn 0.2087 0.9756 0.0679
vn 0.5498 0.7071 0.4446
vn 0.6458 0.2899 0.7063
vn 0.5498 0.7072 0.4446
vn 0.5498 0.7071 0.4446
vn 0.5498 0.7071 0.4446
vn 0.6562 0.7424 0.1355
vn 0.4297 0.8813 0.1966
vn 0.5498 0.7071 0.4446
vn 0.0845 0.9941 0.0683
vn 0.2362 0.9518 -0.1959
vn -0.5127 -0.7198 -0.4680
vn -0.5498 -0.7071 -0.4446
vn -0.5498 -0.7071 -0.4446
vn -0.5960 -0.6776 -0.4309
vn -0.5451 -0.6641 -0.5116
vn -0.4960 -0.6999 -0.5140
vn -0.2019 -0.5966 -0.7767
vn -0.6633 -0.5396 -0.5186
vn -0.6017 -0.6392 -0.4789
vn -0.0146 -0.3417 -0.9397
vn -0.5588 -0.6954 -0.4519
vn -0.4691 -0.7134 -0.5206
vn -0.4631 -0.6639 -0.5872
vn -0.1470 -0.8968 -0.4174
vn 0.4160 0.7071 0.5718
vn 0.7070 0.6826 0.1850
vn 0.2433 0.8738 0.4210
vn 0.4160 0.7071 0.5718
vn 0.4412 0.6940 0.5689
vn 0.3001 0.8943 0.3319
vn 0.4509 0.8203 0.3518
vn 0.6499 0.5058 0.5674
vn 0.4160 0.7071 0.5718
vn 0.4160 0.7071 0.5718
vn 0.4160 0.7071 0.5718
vn 0.4160 0.7071 0.5718
vn 0.4159 0.7071 0.5718
vn 0.4160 0.7071 0.5718
vn 0.6363 0.7318 0.2442
vn 0.5050 0.5649 0.6525
vn 0.0639 0.9941 0.0879
vn 0.2787 0.9518 -0.1281
vn -0.4160 -0.7071 -0.5718
vn -0.4160 -0.7071 -0.5718
vn -0.4160 -0.7071 -0.5718
vn -0.4667 -0.6887 -0.5549
vn -0.4025 -0.6642 -0.6300
vn -0.3844 -0.6704 -0.6347
vn -0.3640 -0.7162 -0.5954
vn -0.1570 -0.7288 -0.6664
vn -0.2404 -0.3856 -0.8908
vn -0.4160 -0.7071 -0.5718
vn -0.4160 -0.7071 -0.5718
vn -0.4160 -0.7071 -0.5718
vn -0.0146 -0.4888 -0.8723
vn -0.0226 -0.8184 -0.5742
vn 0.3743 0.6360 0.6749
vn 0.2538 0.7071 0.6600
vn 0.2538 0.7071 0.6600
vn 0.2538 0.7071 0.6600
vn 0.2538 0.7071 0.6600
vn 0.2557 0.7060 0.6604
vn 0.2631 0.7100 0.6532
vn 0.2617 0.7216 0.6410
vn 0.3670 0.8922 0.2632
vn 0.5092 0.7328 0.4515
vn 0.2518 0.3282 0.9104
vn 0.2538 0.7071 0.6600
vn -0.2214 0.0251 0.9749
vn 0.7560 0.0496 -0.6527
vn 0.2538 0.7071 0.6600
vn 0.0000 1.0000 0.0000
vn -0.2423 -0.7795 -0.5777
vn -0.1491 -0.7302 -0.6668
vn -0.2971 -0.6949 -0.6548
vn -0.2397 -0.6649 -0.7074
vn -0.2168 -0.6648 -0.7148
vn -0.1144 -0.8140 -0.5695
vn -0.6559 -0.6066 -0.4493
vn -0.2538 -0.7071 -0.6600
vn -0.1624 -0.7783 -0.6065
vn -0.2538 -0.7071 -0.6600
vn -0.2539 -0.7071 -0.6600
vn -0.1279 -0.6437 -0.7545
vn 0.1026 -0.7066 -0.7002
vn -0.1175 -0.9883 0.0968
vn -0.9836 -0.1713 -0.0568
vn 0.0744 0.7071 0.7032
vn 0.0744 0.7071 0.7032
vn 0.0744 0.7071 0.7032
vn 0.0744 0.7071 0.7032
vn 0.1479 0.6808 0.7174
vn 0.1378 0.7469 0.6505
vn 0.1096 0.7487 0.6538
vn 0.1075 0.7215 0.6840
vn 0.0743 0.7071 0.7032
vn 0.0744 0.7071 0.7032
vn 0.0744 0.7071 0.7032
vn 0.0737 0.7081 0.7022
vn 0.3224 0.9215 -0.2167
vn -0.2777 0.9581 0.0700
vn 0.0391 0.9285 0.3693
vn -0.0827 -0.7660 -0.6374
vn 0.0401 -0.7089 -0.7042
vn -0.0744 -0.7071 -0.7032
vn -0.0744 -0.7071 -0.7032
vn -0.0948 -0.7072 -0.7006
vn -0.0608 -0.7211 -0.6902
vn -0.0151 -0.7649 -0.6440
vn -0.0743 -0.7071 -0.7032
vn -0.5006 -0.5349 -0.6806
vn -0.0743 -0.7071 -0.7032
vn 0.0172 -0.5547 -0.8318
vn 0.1897 -0.6725 -0.7153
vn 0.1227 -0.8201 -0.5589
vn 0.1271 -0.8220 -0.5551
vn -0.1872 0.7392 0.6469
vn -0.1102 0.7071 0.6985
vn -0.1102 0.7071 0.6985
vn -0.1102 0.7071 0.6985
vn -0.1102 0.7071 0.6985
vn -0.1026 0.7605 0.6411
vn -0.0459 0.7406 0.6704
vn -0.0405 0.6670 0.7439
vn -0.0201 0.6542 0.7560
vn 0.0260 0.7876 0.6156
vn -0.1102 0.7071 0.6985
vn -0.1102 0.7071 0.6985
vn -0.1102 0.7071 0.6985
vn 0.0064 0.7539 0.6570
vn 0.2852 0.9519 0.1118
vn 0.1973 -0.5705 -0.7973
vn -0.0059 -0.7120 -0.7022
vn 0.5611 -0.5867 -0.5840
vn 0.1836 -0.1024 -0.9777
vn 0.4905 -0.1299 -0.8617
vn 0.7643 -0.6095 -0.2105
vn 0.2577 -0.7283 -0.6350
vn 0.2352 -0.6712 -0.7030
vn 0.1000 -0.6953 -0.7118
vn 0.1102 -0.7071 -0.6985
vn 0.1468 -0.6392 -0.7549
vn -0.0512 -0.5378 -0.8415
vn -0.2872 0.7071 0.6462
vn -0.2872 0.7071 0.6462
vn -0.2872 0.7071 0.6462
vn -0.2872 0.7071 0.6462
vn -0.0651 0.5844 0.8088
vn -0.0702 0.9251 0.3733
vn -0.2872 0.7071 0.6462
vn -0.1790 0.6251 0.7598
vn -0.0780 0.8105 0.5805
vn -0.8038 0.4179 0.4235
vn -0.2872 0.7071 0.6462
vn -0.2872 0.7071 0.6462
vn -0.2872 0.7071 0.6462
vn -0.2872 0.7071 0.6462
vn 0.7432 0.4632 0.4828
vn 0.9729 0.1542 -0.1722
vn 0.0871 -0.9857 0.1442
vn -0.0064 -1.0000 -0.0061
vn -0.0000 -1.0000 -0.0000
vn 0.0000 -1.0000 0.0000
vn -0.0000 -1.0000 -0.0000
vn -0.0963 -0.9947 -0.0362
vn -0.0938 -0.9951 -0.0325
vn 0.0137 -0.9995 0.0267
vn -0.0000 -1.0000 -0.0000
vn -0.0832 -0.9946 -0.0626
vn -0.0820 -0.9949 -0.0593
vn 0.0076 -0.9995 0.0308
vn -0.0000 -1.0000 -0.0000
vn -0.0529 -0.9948 -0.0871
vn -0.0791 -0.9931 -0.0871
vn -0.0731 -0.9946 -0.0732
vn -0.0471 -0.9964 -0.0702
vn -0.0404 -0.9981 -0.0460
vn -0.0197 -0.9990 -0.0413
vn -0.0288 -0.9934 -0.1115
vn -0.0348 -0.9929 -0.1135
vn -0.0358 -0.9992 -0.0163
vn 0.0000 -1.0000 0.0000
vn 0.0117 -0.9968 -0.0787
vn -0.0004 -0.9963 -0.0856
vn -0.0213 -0.9997 -0.0151
vn 0.0107 -0.9999 0.0076
vn -0.0094 -0.9999 -0.0095
vn 0.0088 -0.9999 0.0089
vn 0.0506 -0.9958 -0.0758
vn 0.0581 -0.9962 -0.0652
vn 0.0275 -0.9986 -0.0451
vn 0.0364 -0.9989 -0.0304
vn 0.1055 -0.9924 -0.0630
vn 0.1049 -0.9924 -0.0642
vn -0.0116 -0.9995 -0.0283
vn 0.0000 -1.0000 0.0000
vn 0.0889 -0.9959 -0.0143
vn 0.0828 -0.9960 -0.0330
vn 0.0896 -0.9960 0.0009
vn 0.0900 -0.9959 0.0033
vn -0.0021 -0.9998 -0.0217
vn 0.0000 -1.0000 0.0000
vn 0.0864 -0.9956 0.0371
vn 0.0862 -0.9960 0.0234
vn 0.0065 -0.9999 0.0110
vn -0.0860 0.9962 -0.0159
vn -0.0022 0.9997 -0.0223
vn 0.0000 1.0000 0.0000
vn -0.0862 0.9961 0.0189
vn -0.0821 0.9960 0.0350
vn -0.0082 0.9998 -0.0200
vn 0.0000 1.0000 0.0000
vn -0.0916 0.9917 0.0906
vn -0.0966 0.9920 0.0807
vn -0.0462 0.9988 0.0140
vn -0.0326 0.9988 0.0366
vn -0.0527 0.9960 0.0728
vn 0.0000 1.0000 0.0000
vn 0.0197 0.9951 0.0967
vn 0.0142 0.9955 0.0935
vn -0.0231 0.9997 -0.0105
vn 0.0000 1.0000 0.0000
vn 0.0652 0.9902 0.1235
vn 0.0575 0.9910 0.1209
vn -0.0046 0.9993 0.0359
vn 0.0291 0.9986 0.0435
vn 0.0562 0.9959 0.0713
vn 0.0657 0.9952 0.0724
vn 0.0849 0.9926 0.0871
vn 0.0974 0.9914 0.0872
vn 0.0127 0.9986 0.0516
vn 0.0000 1.0000 0.0000
vn 0.0666 0.9976 0.0180
vn 0.0743 0.9965 0.0387
vn 0.0161 0.9994 0.0314
vn 0.0000 1.0000 0.0000
vn 0.0718 0.9974 -0.0008
vn 0.0827 0.9965 0.0156
vn 0.0210 0.9995 0.0250
vn 0.0000 1.0000 0.0000
vn 0.0000 1.0000 0.0000
vn 0.0000 -1.0000 0.0000
vn 0.0000 -1.0000 0.0000
vn -0.0000 -1.0000 -0.0000
vn 0.0000 -1.0000 0.0000
vn -0.0000 -1.0000 -0.0000
vn 0.0000 -1.0000 0.0000
vn -0.0000 -1.0000 -0.0000
vn 0.0000 -1.0000 0.0000
vn -0.0000 -1.0000 -0.0000
vn 0.0000 -1.0000 0.0000
vn -0.0000 -1.0000 -0.0000
vn 0.0000 -1.0000 0.0000
vn -0.0000 -1.0000 -0.0000
vn -0.0000 -1.0000 -0.0000
vn 0.0000 -1.0000 0.0000
vn -0.0000 -1.0000 -0.0000
vn 0.0000 -1.0000 0.0000
vn -0.0000 -1.0000 -0.0000
vn 0.0000 -1.0000 0.0000
vn -0.0000 -1.0000 -0.0000
vn 0.0000 -1.0000 0.0000
vn 0.0000 -1.0000 -0.0000
vn 0.0000 -1.0000 0.0000
vn 0.0000 -1.0000 -0.0000
vn 0.0000 -1.0000 0.0000
vn 0.0000 -1.0000 -0.0000
vn 0.0000 -1.0000 0.0000
vn 0.0000 -1.0000 -0.0000
vn 0.0000 -1.0000 0.0000
vn 0.0000 -1.0000 -0.0000
vn 0.0000 -1.0000 0.0000
vn 0.0000 -1.0000 -0.0000
vn 0.0000 -1.0000 0.0000
vn 0.0000 -1.0000 -0.0000
vn 0.0000 -1.0000 0.0000
vn 0.0000 -1.0000 -0.0000
vn 0.0000 -1.0000 0.0000
vn 0.0000 -1.0000 -0.0000
vn 0.0000 -1.0000 0.0000
vn 0.0000 -1.0000 0.0000
vn 0.0000 -1.0000 0.0000
vn 0.0000 -1.0000 0.0000
vn 0.0000 -1.0000 0.0000
vn 0.0000 -1.0000 0.0000
vn 0.0000 -1.0000 0.0000
vn 0.0000 -1.0000 0.0000
vn -0.9986 -0.0206 0.0493
vn -1.0000 -0.0059 -0.0035
vn -0.9969 -0.0179 0.0766
vn -0.1280 -0.9914 -0.0288
vn -0.2518 -0.9637 -0.0892
vn -0.4066 -0.9100 -0.0807
vn -0.8707 -0.4709 0.1419
vn -0.7532 -0.6507 0.0962
vn -0.4737 -0.8294 -0.2960
vn -0.6028 -0.7582 -0.2486
vn -0.6072 -0.6808 0.4097
vn -0.2050 -0.9496 0.2371
vn -0.5017 -0.8182 -0.2808
vn -0.9967 -0.0633 -0.0502
vn -0.9735 -0.1114 -0.1998
vn -0.9572 0.2871 0.0379
vn -0.3143 -0.9323 -0.1789
vn -0.7484 -0.6552 -0.1035
vn -0.8528 -0.4965 -0.1621
vn -0.6735 -0.6530 -0.3464
vn -0.1942 -0.7295 0.6559
vn -0.1907 -0.8026 0.5653
vn -0.8999 0.0449 -0.4337
vn -0.9650 -0.0059 -0.2622
vn -0.9410 0.0061 -0.3383
vn -0.1211 -0.9906 -0.0642
vn -0.2521 -0.9584 -0.1338
vn -0.3606 -0.9223 -0.1392
vn -0.6955 -0.6147 -0.3721
vn -0.7934 -0.4776 -0.3773
vn -0.6731 -0.5815 -0.4569
vn -0.4998 -0.7521 -0.4296
vn -0.6933 -0.6690 0.2678
vn -0.2542 -0.9484 0.1898
vn -0.9411 -0.0066 -0.3379
vn -0.9101 -0.0740 -0.4076
vn -0.9581 -0.1241 -0.2581
vn -0.9044 -0.2439 -0.3501
vn -0.4546 -0.2136 -0.8647
vn -0.7954 0.4489 -0.4073
vn -0.2630 -0.9406 -0.2149
vn -0.2939 -0.9299 -0.2212
vn -0.7343 -0.6024 -0.3129
vn -0.8276 -0.4958 -0.2631
vn -0.8875 -0.0102 -0.4606
vn -0.8213 0.0104 -0.5703
vn -0.1013 -0.9906 -0.0919
vn -0.0961 -0.9913 -0.0894
vn -0.1990 -0.9558 -0.2163
vn -0.3227 -0.9046 -0.2786
vn -0.9459 -0.3017 -0.1194
vn -0.3735 -0.8761 -0.3048
vn -0.5537 -0.6536 -0.5160
vn -0.4301 -0.7242 -0.5390
vn -0.8190 0.0294 -0.5731
vn -0.7489 -0.2919 -0.5950
vn -0.8048 -0.1855 -0.5638
vn -0.7937 -0.1924 -0.5770
vn -0.1328 -0.9370 -0.3232
vn 0.3549 0.2300 -0.9062
vn -0.2835 -0.5522 -0.7840
vn -0.7561 0.1872 -0.6271
vn -0.7384 -0.0160 -0.6742
vn -0.6446 0.0117 -0.7644
vn -0.2711 -0.9505 -0.1522
vn -0.0976 -0.9843 -0.1473
vn -0.0970 -0.9844 -0.1469
vn -0.1922 -0.9142 -0.3567
vn -0.8621 -0.4091 -0.2991
vn -0.2530 -0.9279 -0.2738
vn -0.4277 -0.4898 -0.7597
vn -0.1853 -0.7073 -0.6822
vn -0.6912 -0.7134 -0.1155
vn -0.2783 -0.9525 0.1233
vn -0.3011 -0.7772 -0.5526
vn -0.6877 0.0674 -0.7229
vn -0.6403 0.0465 -0.7667
vn -0.0676 -0.9373 -0.3420
vn -0.2633 -0.4683 -0.8434
vn -0.2641 -0.4924 -0.8293
vn -0.4314 -0.3490 -0.8319
vn -0.3292 0.1556 -0.9314
vn -0.8953 -0.0747 -0.4391
vn -0.4202 -0.0254 -0.9071
vn -0.0672 -0.9747 -0.2134
vn -0.0637 -0.9198 -0.3871
vn -0.7640 -0.4080 -0.4998
vn -0.3637 -0.8066 -0.4660
vn -0.4928 -0.5397 -0.6826
vn 0.1203 -0.8752 -0.4685
vn -0.0426 -0.7401 -0.6711
vn -0.3355 -0.7702 -0.5424
vn -0.6783 -0.3768 -0.6308
vn -0.2229 -0.8420 -0.4913
vn -0.6367 -0.1367 -0.7589
vn -0.3059 -0.2546 -0.9174
vn -0.1031 -0.9009 -0.4215
vn -0.0099 -0.9868 -0.1614
vn -0.2867 -0.5502 -0.7842
vn -0.2860 -0.4965 -0.8196
vn -0.3332 -0.4594 -0.8234
vn -0.1305 0.0114 -0.9914
vn -0.1817 0.0065 -0.9833
vn -0.1711 0.0472 -0.9841
vn 0.0013 -0.9649 -0.2624
vn -0.0597 -0.9223 -0.3819
vn 0.4840 -0.4422 -0.7551
vn -0.6706 -0.3602 -0.6485
vn -0.0605 -0.8411 -0.5375
vn -0.0409 -0.7594 -0.6493
vn -0.0431 -0.7579 -0.6509
vn -0.6340 -0.6718 -0.3830
vn -0.2557 -0.9519 -0.1686
vn -0.1516 0.0346 -0.9878
vn 0.2670 -0.0464 -0.9626
vn -0.1479 0.4338 -0.8888
vn 0.0281 -0.9376 -0.3465
vn 0.7954 -0.3737 -0.4771
vn -0.1998 0.0549 -0.9783
vn -0.0753 -0.5934 -0.8014
vn -0.0937 -0.5888 -0.8028
vn 0.0613 -0.6941 -0.7173
vn -0.0454 -0.0111 -0.9989
vn -0.0112 -0.0052 -0.9999
vn 0.0288 -0.9914 -0.1280
vn 0.0891 -0.9629 -0.2546
vn 0.0807 -0.9100 -0.4066
vn -0.0478 -0.4837 -0.8739
vn 0.0024 -0.7460 -0.6660
vn 0.1740 -0.8284 -0.5324
vn 0.1360 -0.7695 -0.6240
vn -0.3898 -0.6885 -0.6116
vn -0.2823 -0.9438 -0.1720
vn -0.0235 -0.0822 -0.9963
vn 0.2522 -0.7916 -0.5566
vn -0.0345 -0.0581 -0.9977
vn 0.2043 -0.1133 -0.9723
vn -0.0455 0.1345 -0.9899
vn 0.0947 -0.9142 -0.3940
vn 0.0608 -0.7495 -0.6592
vn 0.1621 -0.4965 -0.8528
vn 0.2989 -0.6159 -0.7289
vn 0.4514 0.0495 -0.8910
vn 0.2626 -0.0055 -0.9649
vn 0.0991 -0.0291 -0.9946
vn 0.1230 -0.9658 -0.2284
vn 0.1224 -0.9636 -0.2377
vn 0.2274 -0.8955 -0.3825
vn 0.3875 -0.5789 -0.7174
vn 0.3729 -0.7261 -0.5777
vn 0.0507 -0.3248 -0.9444
vn 0.2335 -0.8571 -0.4592
vn -0.2247 -0.7511 -0.6208
vn -0.2282 -0.9438 -0.2392
vn 0.0394 -0.7363 -0.6755
vn 0.0659 -0.7546 -0.6529
vn 0.2950 -0.1715 -0.9400
vn 0.3501 -0.2439 -0.9044
vn 0.9037 -0.2019 -0.3775
vn 0.4010 0.3421 -0.8498
vn 0.2225 -0.8677 -0.4445
vn 0.2561 -0.7127 -0.6531
vn 0.3382 -0.5767 -0.7436
vn 0.2939 -0.5278 -0.7969
vn 0.2754 -0.2018 -0.9399
vn 0.9899 0.0628 -0.1270
vn 0.5695 0.0043 -0.8220
vn 0.1170 -0.9843 -0.1324
vn 0.0909 -0.9945 -0.0523
vn 0.1709 -0.9722 -0.1602
vn 0.3024 -0.9140 -0.2705
vn 0.1070 -0.2960 -0.9492
vn 0.3539 -0.8373 -0.4167
vn 0.5160 -0.6536 -0.5537
vn 0.5416 -0.7337 -0.4104
vn 0.5733 0.0297 -0.8188
vn 0.8465 -0.0329 -0.5314
vn 0.4625 0.5140 -0.7224
vn 0.2997 -0.9413 -0.1550
vn 0.8951 0.2480 0.3705
vn 0.8000 -0.5495 -0.2410
vn 0.7061 0.0396 -0.7070
vn 0.3474 0.0510 -0.9363
vn 0.6921 -0.5300 -0.4899
vn 0.4680 -0.2458 -0.8489
vn 0.8768 0.1332 0.4621
vn 0.7640 0.0059 -0.6452
vn 0.2249 -0.9559 -0.1890
vn 0.1186 -0.9910 -0.0619
vn 0.3364 -0.9266 -0.1682
vn 0.6945 -0.6054 -0.3889
vn 0.6949 -0.5908 -0.4100
vn 0.6731 -0.6199 -0.4034
vn 0.5985 -0.7860 -0.1553
vn 0.3476 -0.6621 -0.6639
vn 0.0406 -0.9901 -0.1344
vn 0.7698 0.0418 -0.6369
vn 0.7665 0.0434 -0.6408
vn 0.6294 -0.6230 -0.4645
vn 0.6371 -0.6132 -0.4669
vn 0.6476 -0.6321 -0.4255
vn 0.7076 -0.2066 -0.6757
vn 0.9014 0.1124 0.4182
vn 0.8408 -0.0130 -0.5412
vn 0.3204 -0.9387 -0.1271
vn 0.1669 -0.9844 -0.0557
vn 0.3864 -0.9195 -0.0725
vn 0.8016 -0.4954 -0.3347
vn 0.8069 -0.4366 -0.3979
vn 0.7026 -0.6057 -0.3735
vn 0.5655 -0.8239 -0.0386
vn 0.5383 -0.8369 -0.0996
vn 0.8899 -0.2912 -0.3511
vn 0.8713 -0.4147 -0.2625
vn 0.7844 -0.3064 -0.5393
vn 0.3573 -0.9340 0.0007
vn 0.7428 -0.6052 -0.2863
vn 0.8196 -0.4965 -0.2860
vn 0.8232 -0.4613 -0.3309
vn 0.9460 0.1124 -0.3042
vn 0.2101 -0.1910 -0.9589
vn 0.9995 0.0305 0.0107
vn 0.5357 -0.3901 0.7489
vn 0.2132 -0.9770 -0.0051
vn 0.2588 -0.9656 -0.0268
vn 0.2780 -0.9603 -0.0227
vn 0.7616 -0.3733 -0.5298
vn 0.3230 -0.9464 -0.0069
vn 0.6936 -0.7198 -0.0281
vn 0.7130 -0.6996 -0.0481
vn 0.8265 -0.5512 -0.1146
vn 0.7716 -0.6300 -0.0878
vn 0.9978 0.0228 0.0624
vn 0.9883 0.0035 0.1526
vn 0.8480 0.4970 -0.1843
vn 0.4398 -0.8889 -0.1281
vn 0.8793 -0.4761 -0.0097
vn 0.7458 -0.6409 0.1818
vn 0.9986 -0.0206 -0.0493
vn 1.0000 -0.0059 0.0035
vn 0.9964 0.0063 0.0843
vn 0.1299 -0.9911 0.0288
vn 0.2518 -0.9636 0.0895
vn 0.4076 -0.9094 0.0825
vn -0.5244 0.3912 -0.7562
vn 0.7938 -0.6079 -0.0169
vn 0.6451 -0.7638 0.0205
vn 0.5518 -0.8166 0.1692
vn 0.6257 -0.7701 0.1243
vn 0.6065 -0.6795 -0.4129
vn 0.1585 -0.9406 -0.3003
vn 0.6391 -0.7269 0.2515
vn 0.9947 0.0555 0.0863
vn 0.9920 0.0896 -0.0890
vn 0.9927 -0.0964 0.0719
vn 0.3721 -0.9203 0.1208
vn 0.0252 -0.1051 0.9941
vn 0.9599 -0.0916 0.2650
vn 0.8469 -0.5076 0.1585
vn 0.7267 -0.6265 0.2816
vn -0.1337 -0.9910 -0.0057
vn -0.3778 -0.9256 -0.0227
vn -0.7872 -0.6161 0.0250
vn -0.6907 -0.7230 -0.0150
vn -0.7323 -0.6757 0.0851
vn -0.6175 -0.7865 -0.0018
vn -0.9272 -0.1619 0.3378
vn -0.8900 -0.3707 0.2655
vn -0.8559 -0.4375 -0.2758
vn -0.8616 0.3374 0.3792
vn -0.3745 -0.9268 -0.0268
vn -0.5280 -0.8492 0.0034
vn -0.0820 0.6901 -0.7190
vn -0.1088 0.3652 -0.9245
vn -0.7870 -0.6087 0.1008
vn -0.8331 -0.5113 0.2109
vn 0.7768 -0.0414 0.6283
vn 0.7933 -0.3783 0.4770
vn 0.9054 0.0409 0.4226
vn 0.9649 -0.0055 0.2626
vn 0.9914 -0.0249 0.1288
vn 0.0000 -1.0000 -0.0000
vn -0.0000 -1.0000 -0.0000
vn 0.0000 -1.0000 0.0000
vn -0.7017 -0.6690 -0.2449
vn -0.0640 -0.9115 0.4063
vn -0.3781 -0.9256 0.0167
vn -0.1628 -0.9853 0.0523
vn 0.0000 -1.0000 0.0000
vn -0.0358 -0.9981 -0.0493
vn 0.0000 -1.0000 -0.0000
vn 0.0000 -1.0000 0.0000
vn 0.0000 -1.0000 -0.0000
vn 0.2142 -0.9453 -0.2459
vn -0.0661 -0.9590 0.2755
vn -0.3669 -0.9285 -0.0579
vn -0.0392 -0.9639 -0.2632
vn -0.0733 -0.9869 0.1434
vn -0.0000 -1.0000 -0.0000
vn -0.0747 -0.9957 0.0544
vn -0.1916 -0.9655 -0.1761
vn -0.2431 -0.9696 -0.0270
vn 0.0000 -1.0000 0.0000
vn 0.5686 -0.7756 0.2741
vn 0.1736 -0.9040 -0.3906
vn 0.0220 -0.9900 -0.1396
vn 0.2693 -0.9630 -0.0133
vn -0.0645 -0.9104 0.4088
vn -0.0607 0.9981 0.0131
vn -0.0000 1.0000 -0.0000
vn 0.0000 1.0000 0.0000
vn 0.0869 0.9962 -0.0065
vn 0.0878 0.9961 0.0032
vn 0.0037 0.9998 0.0217
vn -0.0020 0.9999 -0.0116
vn 0.0037 0.9999 0.0112
vn 0.0000 1.0000 0.0000
vn 0.0734 0.9958 -0.0545
vn 0.0765 0.9960 -0.0469
vn 0.0754 0.9961 -0.0457
vn 0.0693 0.9959 -0.0579
vn 0.0417 0.9989 -0.0215
vn 0.0326 0.9988 -0.0366
vn 0.0708 0.9919 -0.1053
vn 0.0799 0.9925 -0.0926
vn 0.0289 0.9959 -0.0862
vn 0.0357 0.9962 -0.0794
vn 0.0031 0.9958 -0.0915
vn -0.0004 0.9956 -0.0939
vn 0.0214 0.9997 0.0123
vn 0.0000 1.0000 0.0000
vn -0.0335 0.9950 -0.0936
vn -0.0279 0.9954 -0.0911
vn 0.0247 0.9997 0.0084
vn 0.0000 1.0000 0.0000
vn -0.1028 0.9846 -0.1415
vn -0.0935 0.9858 -0.1395
vn -0.0513 0.9940 -0.0964
vn -0.0915 0.9907 -0.1008
vn 0.0398 0.9992 0.0003
vn 0.0000 1.0000 0.0000
vn -0.0869 0.9955 -0.0368
vn -0.0945 0.9932 -0.0684
vn -0.0181 0.9987 -0.0480
vn 0.0000 1.0000 0.0000
vn -0.0698 0.9975 -0.0089
vn -0.0793 0.9965 -0.0275
vn -0.0188 0.9994 -0.0282
vn 0.0000 1.0000 0.0000
vn -0.0724 0.9973 0.0109
vn -0.0843 0.9964 -0.0034
vn -0.0227 0.9995 -0.0217
vn 0.0113 0.9999 0.0108
vn 0.2100 0.9643 -0.1615
vn -0.0000 -1.0000 -0.0000
vn 0.0998 -0.9948 0.0220
vn 0.0967 -0.9951 0.0183
vn -0.0162 -0.9996 -0.0243
vn -0.0000 -1.0000 -0.0000
vn 0.0907 -0.9946 0.0498
vn 0.0889 -0.9950 0.0463
vn -0.0109 -0.9995 -0.0289
vn -0.0000 -1.0000 -0.0000
vn 0.1029 -0.9893 0.1034
vn 0.0995 -0.9911 0.0890
vn 0.0460 -0.9989 0.0004
vn 0.0000 -1.0000 0.0000
vn 0.0411 -0.9946 0.0953
vn 0.0657 -0.9930 0.0980
vn 0.0759 -0.9878 0.1357
vn 0.0633 -0.9891 0.1330
vn 0.0484 -0.9987 0.0164
vn 0.0000 -1.0000 0.0000
vn -0.0007 -0.9969 0.0783
vn 0.0128 -0.9964 0.0844
vn 0.0235 -0.9996 0.0135
vn 0.0000 -1.0000 0.0000
vn -0.0229 -0.9967 0.0775
vn -0.0811 -0.9925 0.0909
vn -0.0229 -0.9983 0.0528
vn -0.0364 -0.9989 0.0304
vn -0.0741 -0.9961 0.0482
vn -0.0752 -0.9961 0.0461
vn -0.0767 -0.9960 0.0465
vn -0.0815 -0.9961 0.0348
vn 0.0068 -0.9998 0.0206
vn 0.0000 -1.0000 0.0000
vn -0.0898 -0.9957 -0.0243
vn -0.0891 -0.9959 -0.0165
vn 0.0004 -0.9998 0.0220
vn 0.2656 0.9592 0.0966
vn -0.0000 1.0000 -0.0000
vn 0.0000 1.0000 0.0000
vn -0.0000 1.0000 0.0000
vn 0.0000 1.0000 0.0000
vn -0.0000 1.0000 0.0000
vn 0.0000 1.0000 0.0000
vn -0.0000 1.0000 0.0000
vn 0.0000 1.0000 0.0000
vn -0.0000 1.0000 0.0000
vn 0.0000 1.0000 0.0000
vn -0.0000 1.0000 0.0000
vn 0.0000 1.0000 0.0000
vn -0.0000 1.0000 0.0000
vn 0.0000 1.0000 0.0000
vn -0.0000 1.0000 0.0000
vn 0.0000 1.0000 0.0000
vn -0.0000 1.0000 0.0000
vn 0.0000 1.0000 0.0000
vn -0.0000 1.0000 0.0000
vn 0.0000 1.0000 0.0000
vn 0.0000 1.0000 0.0000
vn 0.0000 1.0000 0.0000
vn 0.0000 1.0000 0.0000
vn 0.0000 1.0000 0.0000
vn 0.0000 1.0000 0.0000
vn 0.0000 1.0000 0.0000
vn 0.0000 1.0000 0.0000
vn 0.0000 1.0000 0.0000
vn 0.0000 1.0000 0.0000
vn 0.0000 1.0000 0.0000
vn 0.0000 1.0000 0.0000
vn 0.0000 1.0000 0.0000
vn 0.0000 1.0000 0.0000
vn 0.0000 1.0000 0.0000
vn 0.0000 1.0000 0.0000
vn 0.0000 1.0000 0.0000
vn 0.0000 1.0000 0.0000
vn 0.0000 1.0000 0.0000
vn 0.0000 1.0000 0.0000
vn 0.0000 1.0000 0.0000
vn 0.0000 1.0000 0.0000
vn 0.0000 1.0000 0.0000
vn 0.0000 1.0000 0.0000
vn 0.0000 1.0000 -0.0000
vn -0.2229 0.9711 -0.0851
vn 0.1419 -0.0265 -0.9895
vn 0.1370 -0.0293 -0.9901
vn 0.1371 -0.0310 -0.9901
vn 0.1398 -0.0236 -0.9899
vn 0.1531 -0.0377 -0.9875
vn 0.1548 -0.0392 -0.9872
vn 0.0912 -0.0615 -0.9939
vn 0.1598 -0.0407 -0.9863
vn 0.1504 -0.0361 -0.9880
vn 0.2061 -0.0606 -0.9767
vn 0.2508 0.0278 -0.9676
vn 0.1557 -0.0262 -0.9875
vn 0.1557 -0.0262 -0.9875
vn 0.1557 -0.0262 -0.9875
vn 0.1557 -0.0262 -0.9875
vn 0.1669 -0.0488 -0.9848
vn 0.1557 -0.0262 -0.9875
vn 0.1557 -0.0262 -0.9875
vn 0.1557 -0.0262 -0.9875
vn 0.1557 -0.0262 -0.9875
vn 0.1562 0.0093 -0.9877
vn 0.1494 -0.0303 -0.9883
vn 0.2364 -0.1359 -0.9621
vn 0.1337 -0.0535 -0.9896
vn 0.0041 0.0756 -0.9971
vn 0.1571 -0.0419 -0.9867
vn 0.1591 -0.0408 -0.9864
vn 0.1557 -0.0362 -0.9871
vn 0.1548 -0.0400 -0.9871
vn 0.1553 -0.0388 -0.9871
vn -0.9875 0.0262 -0.1557
vn -0.9875 0.0262 -0.1557
vn -0.9696 0.1912 -0.1529
vn -0.9691 0.1950 -0.1513
vn -0.8887 0.4360 -0.1417
vn -0.8582 0.5014 -0.1098
vn -0.7064 0.6974 -0.1209
vn -0.6168 0.7833 -0.0773
vn -0.5060 0.8579 -0.0900
vn -0.2136 0.9769 0.0061
vn -0.2863 0.9569 -0.0485
vn -0.0013 1.0000 0.0014
vn 0.0026 0.9999 -0.0135
vn 0.0982 0.9950 0.0155
vn 0.3533 0.9351 0.0266
vn 0.2994 0.9541 -0.0122
vn 0.5129 0.8548 0.0797
vn 0.7647 0.6383 0.0882
vn 0.7195 0.6939 0.0310
vn 0.8943 0.4244 0.1420
vn 0.9617 0.2425 0.1279
vn 0.9716 0.1806 0.1532
vn 0.9875 0.0262 0.1557
vn 0.9875 0.0262 0.1557
vn 0.8940 0.0000 0.4480
vn 0.9866 0.0003 0.1634
vn 0.4116 -0.4796 0.7749
vn 0.8705 -0.0007 0.4921
vn -0.5901 0.6020 -0.5380
vn 0.9808 0.1749 0.0866
vn 0.9400 0.3410 -0.0117
vn 0.5605 0.6319 -0.5353
vn 0.1141 0.9917 0.0594
vn 0.1839 0.9825 0.0285
vn 0.7340 -0.5973 0.3234
vn 0.2324 -0.4360 -0.8694
vn 0.3171 0.9457 -0.0713
vn 0.4018 0.9061 -0.1327
vn 0.1906 0.9271 -0.3227
vn 0.1175 0.9877 -0.1036
vn 0.6278 0.6380 -0.4460
vn 0.6456 0.4869 -0.5884
vn 0.8611 0.2745 -0.4280
vn 0.2373 0.6445 -0.7268
vn 0.5921 -0.2182 -0.7757
vn 0.0136 0.9943 -0.1060
vn 0.0565 0.3670 -0.9285
vn -0.0341 0.9487 -0.3144
vn 0.0433 0.2054 -0.9777
vn 0.0427 0.2459 -0.9684
vn -0.5757 0.6915 -0.4364
vn -0.9072 -0.2411 0.3447
vn -0.9268 0.3245 -0.1892
vn 0.6950 0.6021 0.3929
vn 0.6950 0.6026 0.3922
vn 0.8103 0.3635 0.4597
vn 0.5418 0.7903 0.2861
vn 0.5614 0.7449 0.3605
vn 0.3082 0.9333 0.1845
vn 0.3365 0.9242 0.1805
vn 0.4226 0.8684 0.2592
vn 0.1127 0.9911 0.0711
vn 0.1101 0.9917 0.0667
vn -0.0247 0.9997 0.0069
vn -0.1644 0.9864 -0.0047
vn -0.1218 0.9910 0.0559
vn -0.3655 0.9276 0.0775
vn -0.4169 0.8495 -0.3235
vn -0.7486 0.6280 0.2127
vn -0.7382 0.6414 0.2092
vn -1.0000 0.0008 -0.0022
vn -0.8663 0.4396 0.2371
vn -0.8431 0.4910 0.2194
vn -0.9914 0.1240 -0.0406
vn -0.8332 0.3033 -0.4624
vn -0.8610 0.1693 -0.4796
vn -0.8415 0.5397 0.0243
vn -0.7087 -0.6582 -0.2539
vn -0.9920 0.1191 -0.0421
vn -0.9916 0.1240 -0.0378
vn -0.9311 0.3630 -0.0355
vn -0.9211 0.3890 -0.0134
vn -0.6116 0.7892 0.0566
vn -0.5743 0.8092 0.1236
vn -0.5825 0.8107 0.0594
vn -0.3296 0.9429 0.0482
vn -0.3804 0.9246 0.0196
vn -0.1262 0.9917 0.0250
vn -0.1433 0.9890 0.0364
vn -0.0401 0.9992 0.0046
vn -0.0532 0.9985 -0.0133
vn -0.0783 0.9969 -0.0022
vn -0.3677 0.9236 -0.1080
vn -0.2355 0.9703 0.0549
vn -0.1331 0.9906 -0.0330
vn -0.8145 -0.1340 0.5645
vn -0.7859 0.5954 -0.1668
vn -0.8858 0.4203 -0.1967
vn -0.9032 0.3419 -0.2595
vn -0.9508 0.1360 -0.2783
vn -0.9451 0.1028 -0.3102
vn -0.8886 0.3241 -0.3245
vn -0.9272 0.1348 -0.3494
vn -0.9275 0.1351 -0.3485
vn -0.9201 0.0188 -0.3913
vn -0.7821 0.5823 -0.2218
vn -0.5844 0.8102 -0.0459
vn -0.6662 0.5692 -0.4820
vn -0.1884 0.9811 -0.0440
vn -0.0563 0.9984 -0.0068
vn -0.4646 0.8815 0.0844
vn -0.8531 0.5168 0.0712
vn -0.5795 0.8098 -0.0913
vn -0.3697 0.9280 -0.0462
vn -0.3728 0.9267 -0.0485
vn -0.1865 0.9821 -0.0245
vn -0.1224 0.9924 0.0092
vn -0.0465 0.9989 -0.0066
vn -0.3634 0.9190 -0.1527
vn -0.5948 0.7854 -0.1715
vn -0.3806 0.8794 -0.2860
vn -0.8850 -0.0083 -0.4656
vn -0.7036 0.6066 -0.3701
vn -0.9255 0.0846 0.3692
vn -0.7862 0.3788 -0.4883
vn -0.7622 0.3698 -0.5313
vn -0.2101 0.9767 -0.0432
vn -0.1873 0.9809 -0.0532
vn -0.1935 0.9771 -0.0891
vn -0.0491 0.9470 -0.3174
vn -0.1016 0.9891 -0.1061
vn -0.4587 0.8036 -0.3793
vn -0.5952 0.5905 -0.5451
vn -0.6149 0.6021 -0.5093
vn -0.7000 0.4026 -0.5899
vn -0.6724 0.4147 -0.6131
vn -0.6831 0.1258 -0.7194
vn -0.6043 0.4099 -0.6832
vn -0.6160 0.1220 -0.7782
vn -0.9617 0.2367 0.1380
vn -0.3756 -0.1530 -0.9141
vn -0.3950 0.0427 -0.9177
vn -0.4491 0.8226 -0.3488
vn -0.3014 0.9216 -0.2446
vn -0.2858 0.9346 -0.2119
vn -0.1264 0.9880 -0.0886
vn -0.1173 0.9904 -0.0734
vn 0.0346 -0.9990 0.0277
vn -0.0351 0.9990 -0.0275
vn 0.0014 0.9999 0.0122
vn -0.0594 0.9925 -0.1068
vn -0.3573 0.7738 -0.5231
vn -0.3506 0.7616 -0.5451
vn -0.4774 0.1255 -0.8697
vn 0.0633 -0.2396 -0.9688
vn -0.6356 0.1689 -0.7533
vn -0.1301 0.0779 -0.9884
vn -0.4115 -0.1895 -0.8915
vn -0.4089 0.3177 -0.8555
vn -0.3343 0.7864 -0.5194
vn -0.0455 0.5540 -0.8313
vn -0.0041 0.7523 -0.6588
vn -0.2506 0.9235 -0.2904
vn 0.0318 0.9782 -0.2054
vn -0.3290 0.8490 -0.4135
vn -0.2321 0.9213 -0.3120
vn -0.2257 0.9242 -0.3081
vn -0.1586 0.9701 -0.1835
vn -0.0984 0.9871 -0.1264
vn -0.0747 0.9941 -0.0791
vn -0.0296 0.9987 -0.0410
vn -0.0144 0.9996 -0.0251
vn 0.0123 0.9856 -0.1684
vn -0.1546 0.9234 -0.3512
vn -0.1260 0.9361 -0.3284
vn -0.2132 0.8484 -0.4846
vn -0.2563 0.5943 -0.7623
vn -0.5561 0.3831 -0.7376
vn -0.3156 0.0392 -0.9481
vn -0.5244 -0.0594 -0.8494
vn -0.2471 -0.1468 -0.9578
vn -0.1638 0.4412 -0.8824
vn -0.2156 0.7786 -0.5893
vn -0.1599 0.7780 -0.6076
vn -0.0156 0.9917 -0.1272
vn -0.1077 0.9168 -0.3846
vn -0.2362 0.6134 -0.7537
vn -0.4074 0.7396 -0.5358
vn -0.3469 0.8295 -0.4377
vn -0.0212 0.6004 -0.7994
vn -0.4651 0.1377 -0.8745
vn 0.0161 0.1240 -0.9921
vn 0.0604 0.1063 -0.9925
vn 0.0484 0.1252 -0.9910
vn 0.5977 0.4966 -0.6294
vn 0.6933 0.0655 -0.7177
vn 0.2832 0.3792 -0.8809
vn 0.0725 0.5866 -0.8066
vn -0.0024 0.5811 -0.8138
vn -0.0241 0.6022 -0.7980
vn 0.1228 0.9894 -0.0778
vn 0.4746 0.6260 -0.6188
vn -0.0248 0.9402 -0.3398
vn -0.1617 0.9348 -0.3162
vn -0.0840 0.9307 -0.3561
vn -0.0223 0.9941 -0.1062
vn -0.0090 0.9943 -0.1062
vn -0.0093 0.9943 -0.1060
vn -0.0018 0.9966 -0.0829
vn 0.0050 0.9966 -0.0828
vn 0.0157 0.9947 -0.1019
vn 0.0104 0.9773 -0.2116
vn 0.0714 0.9397 -0.3345
vn 0.0546 0.9210 -0.3857
vn 0.0533 0.8469 -0.5290
vn 0.6699 0.7422 -0.0205
vn 0.2686 0.1239 -0.9553
vn 0.5938 0.0201 -0.8043
vn 0.2543 0.5042 -0.8253
vn -0.5175 -0.5783 -0.6307
vn 0.1931 0.1227 -0.9735
vn 0.1452 0.6339 -0.7596
vn -0.0547 0.7535 -0.6551
vn -0.0172 0.5856 -0.8104
vn 0.3285 0.4245 -0.8437
vn 0.1998 0.5941 -0.7792
vn 0.1477 0.6335 -0.7595
vn 0.1064 0.7861 -0.6088
vn 0.0981 0.8810 -0.4627
vn 0.0174 0.9943 -0.1052
vn 0.0152 0.9318 -0.3626
vn -0.0551 0.9383 -0.3415
vn 0.0523 0.9928 -0.1078
vn 0.1406 0.9395 -0.3123
vn 0.1793 0.9258 -0.3327
vn 0.1029 0.9636 -0.2468
vn -0.0450 0.0512 -0.9977
vn 0.5880 0.1222 -0.7996
vn 0.5867 0.1234 -0.8004
vn 0.5334 0.3812 -0.7551
vn 0.3803 0.1208 -0.9170
vn 0.5576 -0.2034 -0.8048
vn 0.4757 0.3675 -0.7992
vn 0.5109 0.3347 -0.7918
vn 0.4379 0.5939 -0.6749
vn 0.2525 0.7686 -0.5878
vn -0.0186 0.7555 -0.6549
vn 0.3445 0.5976 -0.7240
vn 0.2590 0.7874 -0.5594
vn 0.0772 0.9405 -0.3310
vn 0.1948 0.9079 -0.3711
vn 0.0401 0.9938 -0.1037
vn 0.0403 0.9940 -0.1021
vn 0.0452 0.9941 -0.0986
vn 0.0822 0.9904 -0.1112
vn 0.0760 0.9912 -0.1080
vn 0.3851 0.7690 -0.5103
vn 0.4396 0.7655 -0.4698
vn 0.3299 0.8135 -0.4789
vn 0.2349 0.9251 -0.2983
vn 0.1669 0.9477 -0.2721
vn 0.5998 0.3915 -0.6978
vn 0.7262 0.0685 -0.6840
vn 0.7806 -0.0929 -0.6181
vn 0.7470 -0.0317 -0.6641
vn 0.6746 0.3431 -0.6536
vn 0.6828 0.3408 -0.6463
vn 0.6647 0.3622 -0.6534
vn 0.7165 0.3605 -0.5972
vn 0.5714 0.5870 -0.5735
vn 0.4577 0.6140 -0.6430
vn 0.3831 0.8082 -0.4473
vn 0.4002 0.8054 -0.4372
vn 0.2478 0.9235 -0.2927
vn 0.0199 0.9822 -0.1869
vn 0.0352 0.9986 -0.0406
vn 0.0688 0.9970 -0.0355
vn 0.5511 0.7606 -0.3430
vn 0.3747 0.8610 -0.3441
vn 0.2640 0.9516 -0.1572
vn 0.1935 0.9674 -0.1634
vn 0.6555 0.6022 -0.4557
vn 0.8451 -0.0170 -0.5343
vn 0.8680 -0.2982 -0.3971
vn 0.6252 0.2205 -0.7487
vn 0.5122 0.8578 -0.0432
vn 0.9757 0.1842 0.1190
vn 0.9001 0.1260 -0.4171
vn 0.9060 0.1127 -0.4081
vn 0.8582 0.3246 -0.3976
vn 0.5049 0.7945 -0.3375
vn 0.3371 0.7695 -0.5425
vn 0.4996 0.7902 -0.3549
vn 0.4996 0.7904 -0.3544
vn 0.7445 0.6419 -0.1836
vn 0.1844 0.9478 -0.2601
vn 0.2683 0.9340 -0.2360
vn 0.3962 0.8789 -0.2655
vn 0.0427 0.9989 -0.0189
vn 0.1445 0.9878 -0.0572
vn 0.1118 0.9915 -0.0660
vn 0.5256 0.8105 -0.2586
vn 0.3547 0.9242 -0.1416
vn 0.3230 0.9339 -0.1532
vn 0.9197 0.3511 -0.1757
vn 0.7624 0.2959 -0.5755
vn 0.7905 0.4330 -0.4332
vn 0.9684 0.2189 0.1198
vn 0.8617 0.0070 -0.5073
vn 0.9508 -0.1928 -0.2423
vn 0.8814 0.4436 -0.1623
vn 0.9401 0.3208 0.1151
vn 0.7740 0.6099 -0.1705
vn 0.3484 0.7631 0.5444
vn 0.8792 0.3725 0.2969
vn 0.6325 0.4601 -0.6231
vn 0.5717 0.7923 -0.2133
vn 0.6092 0.7720 -0.1814
vn 0.3522 0.9242 -0.1474
vn 0.2159 0.9751 -0.0499
vn 0.1006 0.9906 -0.0926
vn 0.0516 0.9985 -0.0200
vn 0.7410 0.5826 -0.3338
vn 0.4639 0.8580 -0.2205
vn 0.9300 0.3583 0.0822
vn 0.1416 0.9898 -0.0146
vn 0.3798 0.9242 -0.0407
vn 0.3797 0.9242 -0.0421
vn 0.7483 0.5822 -0.3179
vn 0.3490 0.9347 -0.0670
vn 0.4781 0.8776 -0.0360
vn 0.6050 0.7940 -0.0591
vn 0.6304 0.7758 -0.0278
vn 0.7977 0.6020 -0.0351
vn 0.1152 0.9933 -0.0050
vn 0.1277 0.9917 -0.0155
vn 0.1247 0.9915 -0.0364
vn 0.3784 0.9236 0.0613
vn 0.8167 0.5634 -0.1249
vn 0.8060 0.3450 -0.4809
vn 0.7840 0.5963 0.1726
vn 0.5031 0.8554 -0.1233
vn 0.9696 0.1659 0.1800
vn 0.9628 0.2607 0.0710
vn 0.7594 -0.1590 0.6309
vn 0.8437 0.4584 0.2794
vn 0.8609 0.4586 0.2202
vn 0.3778 0.9241 0.0577
vn 0.3501 0.9362 0.0312
vn 0.1944 0.9807 -0.0195
vn 0.1272 0.9917 0.0196
vn 0.1316 0.9911 -0.0191
vn 0.0571 0.9983 0.0072
vn 0.0552 0.9984 0.0084
vn 0.1319 0.9898 0.0535
vn 0.1238 0.9916 0.0365
vn 0.3638 0.9240 0.1177
vn 0.8243 0.5623 0.0656
vn 0.8461 0.5209 0.1126
vn 0.2682 0.9489 0.1661
vn 0.8274 0.5590 0.0538
vn 0.7818 0.6222 0.0401
vn 0.8006 0.3660 0.4744
vn 0.8062 0.3952 0.4404
vn -0.0516 0.9894 -0.1359
vn -0.0707 0.9861 -0.1506
vn -0.1149 0.9799 -0.1631
vn -0.8072 0.5896 0.0278
vn -0.5671 0.8027 -0.1845
vn -0.3449 0.9154 -0.2077
vn -0.5784 0.7718 -0.2641
vn -0.5778 0.7732 -0.2614
vn -0.6825 0.6268 -0.3759
vn -0.7123 0.6260 -0.3173
vn -0.6942 0.5672 -0.4432
vn -0.2095 0.9111 -0.3551
vn -0.3638 0.7753 -0.5163
vn -0.3765 0.7686 -0.5173
vn -0.4345 0.6020 -0.6699
vn -0.4412 0.5953 -0.6716
vn -0.5415 0.1417 -0.8287
vn -0.0225 0.8818 -0.4711
vn -0.0553 0.7815 -0.6214
vn -0.0408 0.7902 -0.6115
vn -0.0532 0.6020 -0.7967
vn -0.0540 0.6013 -0.7972
vn -0.0621 -0.1950 -0.9788
vn 0.1582 0.4061 -0.9001
vn 0.4855 -0.0186 -0.8741
vn 0.3797 0.6233 -0.6836
vn -0.0540 0.6581 -0.7510
vn 0.5732 0.1237 -0.8100
vn 0.6413 0.7528 -0.1482
vn 0.6793 0.5932 -0.4322
vn 0.6356 0.3904 -0.6661
vn 0.5512 0.6020 -0.5777
vn 0.5179 0.6021 -0.6077
vn 0.5260 0.5975 -0.6052
vn 0.8800 0.4162 -0.2288
vn 0.8046 0.5510 -0.2214
vn 0.9413 0.3357 0.0360
vn 0.9918 0.1244 0.0286
vn 0.9933 0.0787 0.0844
vn 0.9886 0.1406 0.0543
vn 0.9869 0.1263 0.1004
vn 0.7572 0.6168 -0.2149
vn 0.7938 0.4257 -0.4343
vn 0.7945 0.4644 0.3912
vn 0.7107 0.6042 0.3603
vn 0.7134 0.6020 0.3587
vn 0.5214 0.8120 0.2622
vn 0.5566 0.7897 0.2580
vn 0.3470 0.9240 0.1608
vn 0.3470 0.9240 0.1608
vn 0.1169 0.9917 0.0542
vn 0.1218 0.9911 0.0539
vn 0.4778 0.8747 0.0816
vn 0.6267 0.7741 0.0891
vn 0.5701 0.8149 0.1041
vn 0.7570 0.6250 0.1903
vn 0.7850 0.5977 0.1630
vn 0.9686 0.1423 0.2040
vn -0.9298 0.3636 -0.0573
vn -0.8149 0.3445 -0.4660
vn -0.8439 0.1248 -0.5219
vn -0.8135 0.0672 -0.5777
vn -0.8246 0.1229 -0.5521
vn -0.7860 0.1285 -0.6047
vn -0.9009 0.3834 -0.2037
vn -0.8748 0.3918 -0.2851
vn -0.9051 0.3462 -0.2468
vn -0.4628 0.3923 -0.7950
vn -0.4354 0.3903 -0.8113
vn -0.4826 0.3457 -0.8047
vn -0.6819 0.3417 -0.6467
vn -0.6486 0.3427 -0.6796
vn -0.6704 0.3453 -0.6568
vn -0.6267 0.3895 -0.6749
vn -0.6578 0.3901 -0.6443
vn 0.0500 0.3717 -0.9270
vn -0.0027 0.3717 -0.9284
vn -0.0328 0.3412 -0.9394
vn -0.7406 0.1809 -0.6471
vn -0.1879 0.3718 -0.9091
vn -0.2368 0.3717 -0.8977
vn -0.2560 0.3534 -0.8997
vn 0.2430 0.3953 -0.8858
vn 0.2507 0.3937 -0.8844
vn 0.2045 0.3404 -0.9178
vn -0.1426 0.2730 -0.9514
vn 0.6107 0.3817 -0.6938
vn 0.8151 0.3433 -0.4667
vn 0.8210 0.3918 -0.4152
vn 0.7790 0.3809 -0.4981
vn 0.6435 0.7560 -0.1198
vn 0.6807 0.7322 0.0243
vn 0.7980 0.6021 -0.0274
vn 0.8137 0.5813 0.0080
vn 0.9204 0.3893 0.0359
vn 0.8055 0.3439 0.4825
vn 0.7720 0.6319 0.0687
vn 0.0024 0.7115 0.7026
vn 0.9057 0.3500 -0.2391
vn 0.9012 0.3810 -0.2064
vn 0.7658 0.6278 0.1394
vn 0.7847 0.5815 0.2148
vn 0.8812 0.3899 0.2674
vn 0.6938 0.3332 0.6385
vn 0.7210 0.4272 0.5455
vn -0.7858 0.5937 -0.1735
vn -0.7776 0.6020 -0.1815
vn -0.7804 0.6017 -0.1700
vn -0.1468 0.9463 -0.2880
vn -0.4533 0.8009 -0.3912
vn -0.5555 0.6267 -0.5465
vn -0.5984 0.6288 -0.4966
vn -0.5705 0.5814 -0.5802
vn -0.1139 0.6364 -0.7629
vn -0.2015 0.6132 -0.7638
vn -0.1817 0.6015 -0.7779
vn -0.2492 0.6020 -0.7586
vn -0.2334 0.7689 -0.5953
vn -0.1951 0.7618 -0.6177
vn -0.2091 0.7740 -0.5977
vn -0.0004 1.0000 0.0025
vn 0.0461 0.9933 -0.1057
vn -0.0027 1.0000 0.0020
vn 0.0000 1.0000 0.0000
vn 0.0173 0.9998 -0.0131
vn -0.0019 1.0000 0.0037
vn 0.0000 1.0000 0.0000
vn -0.0008 1.0000 0.0020
vn 0.0001 1.0000 0.0000
vn 0.0001 1.0000 0.0000
vn 0.0000 1.0000 0.0000
vn 0.0011 1.0000 -0.0006
vn 0.0036 1.0000 -0.0022
vn 0.0000 1.0000 0.0001
vn -0.0046 1.0000 0.0030
vn 0.0140 0.9998 -0.0111
vn 0.0000 1.0000 0.0001
vn 0.0000 1.0000 0.0001
vn -0.0351 0.9993 0.0118
vn -0.0031 1.0000 0.0032
vn -0.0030 1.0000 0.0031
vn 0.0004 1.0000 0.0012
vn -0.0109 0.9999 0.0090
vn 0.0025 1.0000 -0.0008
vn 0.0001 1.0000 -0.0000
vn -0.4196 -0.8952 0.1506
vn 0.0656 0.9974 -0.0306
vn 0.0107 0.9999 -0.0043
vn -0.0879 0.9954 0.0370
vn -0.0011 1.0000 0.0022
vn -0.0015 1.0000 0.0007
vn -0.0000 1.0000 0.0001
vn -0.0000 1.0000 0.0001
vn 0.0000 1.0000 0.0001
vn -0.0017 1.0000 0.0011
vn -0.0181 0.9997 0.0171
vn 0.0065 1.0000 -0.0071
vn -0.0037 1.0000 0.0054
vn 0.0073 0.9999 -0.0131
vn -0.0015 1.0000 0.0029
vn 0.0198 0.9998 -0.0017
vn -0.0604 -0.9981 0.0089
vn -0.0023 1.0000 0.0027
vn -0.0136 0.9999 0.0060
vn -0.2062 0.9763 0.0658
vn -0.0044 1.0000 0.0051
vn 0.0044 1.0000 -0.0062
vn -0.0051 1.0000 0.0075
vn -0.9578 -0.0207 -0.2867
vn -0.9698 0.2353 -0.0651
vn -0.9912 0.0967 -0.0900
vn -0.1070 0.1225 0.9867
vn -0.0689 0.9975 0.0147
vn -0.1261 0.9919 -0.0128
vn -0.2516 0.9631 0.0960
vn -0.3805 0.9248 0.0082
vn -0.4402 0.8861 0.1454
vn -0.2612 0.9637 0.0552
vn -0.2282 0.9705 0.0779
vn -0.5207 0.8459 0.1156
vn -0.5327 0.8442 0.0592
vn -0.5084 0.3924 0.7665
vn -0.8722 0.4533 0.1839
vn -0.6884 0.7180 0.1032
vn -0.7127 0.6992 0.0569
vn -0.6705 0.7382 -0.0744
vn -0.6472 0.7107 0.2757
vn -0.9680 0.2464 0.0486
vn -0.7576 0.6456 0.0961
vn -0.7308 0.6665 0.1472
vn -0.9968 0.0778 0.0164
vn -0.0743 0.7072 -0.7031
vn -0.0744 0.7071 -0.7032
vn -0.0744 0.7071 -0.7032
vn -0.0744 0.7071 -0.7032
vn -0.0744 0.7071 -0.7032
vn -0.1132 0.6636 -0.7395
vn -0.0744 0.7071 -0.7032
vn -0.0744 0.7071 -0.7032
vn -0.8109 0.5579 0.1763
vn -0.9876 0.1481 -0.0512
vn -0.9079 0.3780 0.1812
vn -0.8981 0.3871 0.2087
vn -0.9861 -0.1643 0.0263
vn -0.9870 0.1591 -0.0221
vn -0.9432 0.3215 0.0833
vn 0.6784 0.2547 -0.6891
vn 0.9431 -0.1142 0.3123
vn 0.9046 -0.0906 0.4166
vn 0.9266 -0.0874 0.3657
vn 0.8928 -0.0131 0.4502
vn 0.8946 -0.0035 0.4468
vn 0.3015 -0.7090 -0.6376
vn 0.9424 -0.0282 0.3333
vn 0.8787 -0.0299 0.4764
vn 0.9056 -0.0741 0.4177
vn 0.9618 0.0000 0.2738
vn 0.9119 0.0833 0.4018
vn 0.9926 0.0000 0.1212
vn 0.9985 0.0000 0.0548
vn 0.9803 0.1762 0.0891
vn 0.9813 0.0000 0.1923
vn 0.9923 -0.0884 0.0864
vn 0.9848 0.0000 0.1737
vn 0.9973 0.0000 0.0739
vn 0.9994 -0.0189 0.0302
vn 1.0000 0.0000 0.0027
vn 0.9909 0.0090 -0.1346
vn 0.9882 0.0000 -0.1529
vn 0.8621 0.0000 -0.5067
vn 0.9969 -0.0021 -0.0791
vn 0.9967 0.0000 -0.0814
vn 0.9094 -0.1866 -0.3716
vn 0.9726 -0.0035 -0.2326
vn 0.9966 0.0117 -0.0818
vn 0.9907 -0.0028 -0.1362
vn 0.9891 0.0061 -0.1473
vn 0.9073 -0.0038 -0.4205
vn 0.9096 0.0000 -0.4154
vn 0.6269 0.0000 -0.7791
vn 0.8547 -0.0137 -0.5189
vn 0.8757 -0.0007 -0.4829
vn 0.9205 0.0027 -0.3907
vn 0.9081 -0.0316 -0.4175
vn 0.9367 -0.0006 -0.3502
vn 0.9342 0.0021 -0.3566
vn 0.7695 -0.0137 -0.6385
vn 0.7718 -0.0102 -0.6357
vn 0.7320 0.0000 -0.6813
vn 0.7300 0.0146 -0.6833
vn 0.8116 0.0017 -0.5841
vn 0.9925 0.0377 0.1167
vn 0.7291 0.0852 -0.6791
vn 0.5782 -0.0008 -0.8159
vn 0.4632 -0.0999 -0.8806
vn 0.4399 -0.0886 -0.8937
vn 0.5805 0.0000 -0.8143
vn 0.6721 0.0511 -0.7387
vn 0.9124 0.0000 -0.4094
vn 0.6168 0.0000 -0.7871
vn 0.5925 0.0005 -0.8056
vn 0.5787 -0.0074 -0.8155
vn 0.3788 0.0648 -0.9232
vn 0.3936 0.0044 -0.9193
vn 0.3815 0.0038 -0.9244
vn 0.3297 0.0111 -0.9440
vn 0.4502 -0.0131 -0.8928
vn 0.4755 -0.0901 -0.8751
vn 0.2681 -0.2670 -0.9257
vn 0.5342 0.0000 -0.8453
vn 0.3362 0.0000 -0.9418
vn 0.1931 -0.0789 -0.9780
vn 0.1915 -0.0778 -0.9784
vn 0.3289 -0.0228 -0.9441
vn 0.3790 0.0000 -0.9254
vn 0.0487 0.0000 -0.9988
vn -0.0170 0.0499 -0.9986
vn 0.0823 -0.0725 -0.9940
vn 0.4290 0.1523 -0.8904
vn 0.2732 0.0000 -0.9619
vn 0.0680 0.0000 -0.9977
vn 0.0177 -0.0170 -0.9997
vn -0.0039 0.0000 -1.0000
vn -0.1419 0.0101 -0.9898
vn -0.1591 -0.0000 -0.9873
vn -0.5347 -0.0000 -0.8450
vn -0.0861 -0.0011 -0.9963
vn -0.0877 0.0000 -0.9961
vn -0.2618 -0.0939 -0.9605
vn -0.1268 0.0721 -0.9893
vn -0.2643 0.0618 -0.9625
vn -0.1627 -0.0487 -0.9855
vn -0.3062 0.0003 -0.9520
vn -0.9844 0.0606 0.1649
vn 0.2326 0.5571 -0.7972
vn -0.6288 -0.0719 -0.7742
vn -0.1294 0.0690 -0.9892
vn -0.4020 -0.0043 -0.9156
vn -0.4172 -0.0224 -0.9085
vn -0.3552 -0.0002 -0.9348
vn -0.9345 0.2404 -0.2623
vn -0.3403 0.1622 -0.9262
vn -0.5273 0.0705 -0.8467
vn 0.1309 -0.0010 -0.9914
vn -0.6625 0.0185 -0.7489
vn -0.6304 -0.0048 -0.7762
vn -0.5974 0.0038 -0.8019
vn -0.5834 0.0018 -0.8122
vn -0.6383 -0.0067 -0.7698
vn -0.6455 -0.0148 -0.7636
vn -0.6863 0.0000 -0.7274
vn -0.7380 -0.0000 -0.6748
vn -0.8309 -0.0020 -0.5564
vn -0.0153 0.0272 -0.9995
vn -0.7542 -0.1352 -0.6426
vn -0.8777 -0.0974 -0.4691
vn 0.1166 0.6804 -0.7235
vn -0.7484 -0.0000 -0.6633
vn -0.8189 -0.0000 -0.5740
vn -0.8358 -0.0195 -0.5486
vn -0.8579 0.0000 -0.5138
vn -0.9202 0.0052 -0.3914
vn -0.9273 -0.0000 -0.3743
vn -0.9501 -0.0000 -0.3119
vn -0.8950 -0.0117 -0.4458
vn -0.8980 0.0000 -0.4400
vn -0.9361 -0.0897 -0.3402
vn -0.9059 -0.0000 -0.4235
vn -0.9440 -0.0000 -0.3301
vn -0.9572 -0.0191 -0.2887
vn -0.9652 0.0000 -0.2616
vn -0.9413 0.0166 -0.3372
vn -0.9518 -0.0000 -0.3066
vn -0.9991 -0.0000 -0.0424
vn -0.5898 0.8070 -0.0305
vn -0.9814 0.1348 0.1368
vn -0.9999 0.0000 -0.0110
vn -0.9364 0.1795 -0.3016
vn -0.9889 -0.0000 -0.1488
vn -0.9981 -0.0000 -0.0616
vn -0.9999 -0.0135 -0.0055
vn -0.9999 0.0000 0.0102
vn -0.9624 0.0000 0.2717
vn -0.9875 -0.0669 0.1430
vn -0.9278 -0.0335 -0.3716
vn -0.9776 0.0001 0.2104
vn -0.9551 -0.0140 -0.2960
vn 0.9428 -0.0054 0.3333
vn -0.9266 0.0093 -0.3759
vn -0.9621 0.0204 0.2718
vn -0.9670 0.0000 0.2548
vn -1.0000 0.0000 -0.0055
vn -1.0000 0.0000 -0.0055
vn -0.9889 0.0000 -0.1488
vn -0.9889 0.0000 -0.1488
vn -0.9573 0.0000 -0.2891
vn -0.9573 0.0000 -0.2891
vn -0.9059 0.0000 -0.4235
vn -0.9059 0.0000 -0.4235
vn -0.8358 0.0000 -0.5491
vn -0.8358 0.0000 -0.5491
vn -0.7484 0.0000 -0.6633
vn -0.7484 0.0000 -0.6633
vn -0.6455 0.0000 -0.7638
vn -0.6455 0.0000 -0.7638
vn -0.5293 0.0000 -0.8485
vn -0.5293 0.0000 -0.8485
vn -0.4021 0.0000 -0.9156
vn -0.4021 0.0000 -0.9156
vn -0.2666 0.0000 -0.9638
vn -0.2666 0.0000 -0.9638
vn -0.1256 0.0000 -0.9921
vn -0.1256 0.0000 -0.9921
vn 0.0180 0.0000 -0.9998
vn 0.0180 0.0000 -0.9998
vn 0.2732 0.0000 -0.9619
vn 0.2830 -0.0125 -0.9590
vn 0.1944 -0.0119 -0.9808
vn 0.1861 0.0000 -0.9825
vn 0.5342 0.0000 -0.8453
vn 0.5425 -0.0124 -0.8399
vn 0.4648 -0.0120 -0.8853
vn 0.4569 0.0000 -0.8895
vn 0.6726 0.0000 -0.7400
vn 0.6726 0.0000 -0.7400
vn 0.7718 0.0000 -0.6359
vn 0.7718 0.0000 -0.6359
vn 0.8550 0.0000 -0.5186
vn 0.8550 0.0000 -0.5186
vn 0.9205 0.0000 -0.3906
vn 0.9205 0.0000 -0.3906
vn 0.9907 0.0000 -0.1362
vn 0.9907 0.0000 -0.1362
vn 0.9726 0.0000 -0.2326
vn 0.9726 0.0000 -0.2326
vn 0.9995 -0.0000 0.0306
vn 0.9995 0.0000 0.0306
vn 0.9848 -0.0000 0.1737
vn 0.9848 0.0000 0.1737
vn 0.9076 -0.0000 0.4199
vn 0.8970 -0.0320 0.4408
vn 0.9495 -0.0336 0.3118
vn -0.0744 0.7071 -0.7032
vn -0.0744 0.7071 -0.7032
vn -0.0744 0.7071 -0.7032
vn -0.5344 0.4947 -0.6854
vn 0.3141 0.0698 -0.9468
vn -0.0744 0.7071 -0.7032
vn -0.3278 0.3568 -0.8748
vn -0.5719 0.6622 -0.4841
vn -0.0744 0.7071 -0.7032
vn -0.0107 0.6486 -0.7611
vn -0.0744 0.7071 -0.7032
vn -0.1002 0.6455 -0.7572
vn -0.1420 0.7755 -0.6152
vn -0.1734 0.6125 -0.7712
vn -0.2947 0.7023 -0.6481
vn -0.8850 0.4536 0.1046
vn -0.9178 -0.2092 0.3374
vn -0.9246 -0.0591 -0.3763
vn -0.2230 -0.2339 0.9463
vn 0.0744 -0.7071 0.7032
vn 0.0782 -0.7959 0.6003
vn -0.0418 -0.7748 0.6309
vn -0.0588 -0.6514 0.7564
vn 0.0744 -0.7071 0.7032
vn 0.0744 -0.7071 0.7032
vn 0.0761 -0.6990 0.7111
vn 0.0629 -0.6808 0.7298
vn 0.1206 0.8139 -0.5683
vn -0.0524 0.7349 -0.6761
vn 0.1107 0.7070 -0.6985
vn 0.1098 0.7065 -0.6992
vn 0.1033 0.7044 -0.7022
vn 0.0076 0.7170 -0.6970
vn 0.0072 0.6712 -0.7412
vn 0.1101 0.7071 -0.6985
vn 0.3551 0.6283 -0.6923
vn 0.1282 0.6490 -0.7499
vn 0.1944 0.5988 -0.7769
vn -0.9860 -0.1615 -0.0409
vn -0.9971 -0.0371 0.0670
vn -0.1102 -0.7071 0.6985
vn -0.1102 -0.7071 0.6985
vn -0.1102 -0.7071 0.6985
vn -0.1841 -0.6019 0.7770
vn 0.0054 -0.7865 0.6175
vn -0.1540 -0.6714 0.7249
vn -0.0058 -0.6791 0.7340
vn -0.2645 -0.7570 0.5975
vn -0.1101 -0.7071 0.6985
vn -0.1101 -0.7071 0.6985
vn -0.2017 -0.6698 0.7146
vn 0.2721 0.7652 -0.5834
vn 0.3199 0.6998 -0.6387
vn 0.2872 0.7071 -0.6462
vn 0.2872 0.7071 -0.6462
vn 0.2872 0.7071 -0.6462
vn 0.2886 0.7056 -0.6472
vn 0.2284 0.2158 -0.9493
vn -0.3325 0.5912 -0.7348
vn 0.3179 0.6775 -0.6633
vn 0.3517 0.6424 -0.6809
vn 0.2872 0.7071 -0.6462
vn 0.9303 0.3195 -0.1802
vn 0.3159 0.6530 -0.6883
vn 0.1509 0.7806 -0.6065
vn 0.2170 0.6856 -0.6949
vn -0.7320 -0.3775 -0.5672
vn -0.7294 -0.3520 -0.5866
vn -0.9758 0.2091 -0.0634
vn -0.2872 -0.7071 0.6462
vn -0.2872 -0.7071 0.6462
vn -0.2872 -0.7071 0.6462
vn -0.2872 -0.7071 0.6462
vn -0.2872 -0.7071 0.6462
vn -0.3543 -0.6325 0.6888
vn -0.1841 -0.7708 0.6099
vn -0.2872 -0.7071 0.6462
vn -0.2872 -0.7071 0.6462
vn -0.2872 -0.7071 0.6462
vn -0.2896 -0.7286 0.6207
vn -0.2872 -0.7071 0.6462
vn -0.2872 -0.7071 0.6462
vn -0.2872 -0.7071 0.6462
vn -0.2872 -0.7071 0.6462
vn -0.2732 -0.6844 0.6760
vn -0.3592 -0.7210 0.5926
vn 0.6737 0.6685 -0.3149
vn 0.4159 0.7674 -0.4880
vn 0.3653 0.7417 -0.5626
vn 0.4454 0.7067 -0.5497
vn -0.1776 0.1017 -0.9788
vn -0.0870 0.3216 -0.9429
vn 0.4257 0.4646 -0.7765
vn 0.1148 0.6439 -0.7565
vn 0.4446 0.7071 -0.5498
vn 0.4446 0.7071 -0.5498
vn 0.4446 0.7071 -0.5498
vn 0.4446 0.7071 -0.5498
vn 0.4708 0.5922 -0.6540
vn 0.2407 0.8813 -0.4068
vn -0.7179 0.3900 -0.5766
vn -0.7261 0.4646 -0.5068
vn -0.4853 -0.6795 0.5502
vn -0.5402 -0.8170 0.2017
vn -0.4446 -0.7071 0.5498
vn -0.4446 -0.7071 0.5498
vn -0.4446 -0.7071 0.5498
vn -0.4446 -0.7071 0.5498
vn -0.4446 -0.7071 0.5498
vn -0.5215 -0.6314 0.5739
vn -0.3367 -0.8984 0.2821
vn -0.4161 -0.8618 0.2902
vn -0.6192 -0.6060 0.4993
vn -0.9212 -0.2587 0.2905
vn -0.4392 -0.8982 -0.0187
vn -0.4801 -0.7346 0.4794
vn -0.2811 -0.7563 0.5907
vn -0.5567 -0.6567 0.5087
vn -0.6400 -0.6742 0.3687
vn 0.5718 0.7071 -0.4160
vn 0.5718 0.7071 -0.4160
vn 0.5723 0.7068 -0.4158
vn 0.5712 0.7072 -0.4165
vn 0.5718 0.7071 -0.4160
vn 0.5718 0.7071 -0.4160
vn 0.5718 0.7071 -0.4160
vn 0.7644 0.4217 -0.4877
vn 0.1743 0.6491 -0.7405
vn 0.2812 0.7425 -0.6079
vn -0.5840 -0.1102 -0.8042
vn -0.4457 -0.2823 -0.8495
vn -0.6379 -0.7203 0.2726
vn -0.4604 -0.7606 0.4578
vn -0.5718 -0.7071 0.4160
vn -0.5718 -0.7071 0.4160
vn -0.5718 -0.7071 0.4160
vn -0.5718 -0.7071 0.4160
vn -0.5718 -0.7071 0.4160
vn -0.5930 -0.7180 0.3645
vn -0.5636 -0.7310 0.3848
vn -0.5718 -0.7071 0.4160
vn -0.6842 -0.6506 0.3295
vn -0.7373 -0.6736 0.0524
vn -0.7005 -0.7122 0.0459
vn 0.6331 0.7214 -0.2805
vn 0.6600 0.7071 -0.2538
vn 0.6600 0.7071 -0.2538
vn 0.6600 0.7071 -0.2538
vn 0.6600 0.7071 -0.2538
vn 0.6613 0.7069 -0.2510
vn 0.6591 0.7073 -0.2556
vn 0.6600 0.7071 -0.2538
vn 0.6600 0.7071 -0.2538
vn 0.6803 0.6845 -0.2619
vn 0.6356 0.7235 -0.2693
vn 0.4535 0.6987 -0.5533
vn 0.6204 0.6838 -0.3842
vn 0.6496 0.6955 -0.3071
vn 0.6440 0.7014 -0.3055
vn -0.3602 -0.5872 -0.7248
vn -0.3372 -0.3720 -0.8648
vn -0.6600 -0.7071 0.2538
vn -0.6600 -0.7071 0.2538
vn -0.6600 -0.7071 0.2538
vn -0.5592 -0.7960 0.2317
vn -0.6184 -0.7756 0.1265
vn -0.7356 -0.6680 0.1123
vn -0.6728 -0.7225 0.1595
vn -0.6600 -0.7071 0.2538
vn -0.6600 -0.7071 0.2538
vn -0.6600 -0.7071 0.2538
vn 0.6842 0.7042 -0.1897
vn -0.6600 -0.7071 0.2538
vn -0.6600 -0.7071 0.2538
vn 0.7032 0.7071 -0.0744
vn 0.7039 0.7065 -0.0737
vn 0.7041 0.7061 -0.0753
vn 0.7040 0.7062 -0.0756
vn 0.5903 0.7935 -0.1479
vn 0.8456 0.5322 0.0416
vn 0.7032 0.7071 -0.0744
vn 0.7032 0.7071 -0.0744
vn 0.7320 0.6789 -0.0572
vn 0.7032 0.7071 -0.0744
vn 0.7575 0.6390 0.1337
vn 0.7032 0.7071 -0.0744
vn 0.7032 0.7071 -0.0744
vn 0.7032 0.7071 -0.0744
vn -0.1429 -0.3337 -0.9318
vn 0.0477 0.4497 -0.8919
vn -0.5669 -0.8121 0.1382
vn -0.7032 -0.7071 0.0744
vn -0.7032 -0.7071 0.0744
vn -0.9719 -0.1922 -0.1363
vn -0.3140 -0.9387 -0.1422
vn -0.7032 -0.7071 0.0744
vn -0.8438 -0.4903 -0.2181
vn -0.4557 -0.8595 -0.2315
vn -0.6865 -0.7154 0.1300
vn -0.7032 -0.7071 0.0744
vn -0.7562 -0.6534 -0.0344
vn -0.7119 -0.6696 -0.2115
vn -0.6273 -0.7468 -0.2209
vn -0.7061 -0.7072 0.0353
vn 0.7148 0.6909 0.1085
vn 0.6999 0.7023 0.1300
vn 0.6985 0.7069 0.1109
vn 0.6992 0.7064 0.1098
vn 0.6993 0.7064 0.1093
vn 0.6986 0.7072 0.1091
vn 0.6985 0.7071 0.1102
vn 0.7221 0.6824 0.1136
vn 0.6985 0.7071 0.1102
vn 0.6613 0.5497 0.5103
vn 0.6985 0.7071 0.1102
vn 0.6985 0.7071 0.1102
vn 0.7101 0.6923 0.1285
vn 0.6192 0.7586 0.2026
vn -0.0336 -0.1280 -0.9912
vn 0.0222 0.1228 -0.9922
vn -0.5655 -0.6944 -0.4450
vn -0.3637 -0.9107 -0.1958
vn -0.2982 -0.9400 0.1656
vn -0.6985 -0.7071 -0.1102
vn -0.6985 -0.7071 -0.1102
vn -0.6985 -0.7071 -0.1102
vn -0.6985 -0.7071 -0.1102
vn -0.6354 -0.7413 -0.2164
vn -0.7280 -0.6782 -0.1006
vn -0.6534 -0.6731 -0.3464
vn -0.5083 -0.6496 -0.5654
vn 0.8447 0.5348 0.0210
vn 0.6462 0.7071 0.2872
vn 0.6462 0.7071 0.2872
vn 0.6462 0.7071 0.2872
vn 0.6462 0.7071 0.2872
vn 0.6478 0.7051 0.2885
vn 0.6480 0.7059 0.2858
vn 0.6470 0.7073 0.2849
vn 0.6090 0.4129 -0.6773
vn 0.8808 0.2775 0.3837
vn 0.6881 0.6588 0.3041
vn 0.6462 0.7071 0.2872
vn 0.6462 0.7071 0.2872
vn 0.6462 0.7071 0.2872
vn 0.6473 0.6829 0.3385
vn 0.6379 0.7503 0.1736
vn 0.6953 0.6851 0.2173
vn 0.2180 -0.5060 -0.8346
vn 0.4333 0.1909 -0.8808
vn -0.6462 -0.7071 -0.2872
vn -0.6462 -0.7071 -0.2872
vn -0.6462 -0.7071 -0.2872
vn -0.6462 -0.7071 -0.2872
vn -0.6462 -0.7071 -0.2872
vn -0.8687 -0.4362 -0.2349
vn -0.9026 -0.4266 0.0577
vn -0.4472 -0.8921 0.0638
vn -0.6462 -0.7071 -0.2872
vn -0.6462 -0.7071 -0.2872
vn -0.7472 -0.6288 -0.2151
vn -0.6378 -0.7131 -0.2911
vn -0.5501 -0.7366 -0.3934
vn -0.6885 -0.6915 -0.2189
vn 0.5498 0.7071 0.4446
vn 0.5552 0.7051 0.4411
vn 0.5540 0.7032 0.4457
vn 0.5536 0.7031 0.4462
vn 0.5467 0.7064 0.4495
vn 0.9540 0.2994 -0.0153
vn 0.5498 0.7071 0.4446
vn 0.5498 0.7071 0.4446
vn 0.5498 0.7071 0.4446
vn 0.5498 0.7071 0.4446
vn 0.6018 0.6634 0.4448
vn 0.5086 0.7517 0.4199
vn 0.5678 0.6858 0.4553
vn 0.5733 0.0735 -0.8161
vn 0.5946 0.3165 -0.7392
vn -0.5466 -0.7104 -0.4435
vn -0.2445 -0.7571 -0.6059
vn -0.2293 -0.9700 -0.0813
vn -0.4829 -0.7967 -0.3635
vn -0.2413 -0.6762 -0.6961
vn -0.1844 -0.9330 -0.3092
vn -0.5229 -0.6512 -0.5499
vn -0.5015 -0.6102 -0.6133
vn -0.3000 -0.8239 -0.4808
vn -0.4326 -0.7067 -0.5598
vn -0.5498 -0.7071 -0.4446
vn -0.5317 -0.6529 -0.5395
vn -0.2905 -0.6679 -0.6852
vn -0.4357 -0.4092 -0.8017
vn 0.3334 -0.6643 -0.6690
vn 0.3427 -0.6731 -0.6553
vn -0.6656 -0.3862 -0.6386
vn 0.4713 0.6315 0.6158
vn 0.4242 0.6512 0.6292
vn 0.1304 0.1925 0.9726
vn 0.9233 -0.3256 -0.2037
vn 0.4169 0.7072 0.5710
vn 0.4160 0.7071 0.5718
vn 0.4160 0.7071 0.5718
vn 0.4254 0.6910 0.5844
vn 0.4471 0.6500 0.6145
vn 0.6482 0.6958 0.3092
vn 0.2094 0.9668 0.1468
vn 0.4552 0.5884 0.6683
vn 0.6156 0.7017 0.3588
vn 0.8030 0.3913 -0.4495
vn 0.5245 -0.6117 -0.5922
vn -0.2638 -0.7026 -0.6609
vn -0.1774 -0.6660 -0.7245
vn -0.2215 -0.9498 -0.2209
vn -0.4160 -0.7071 -0.5718
vn -0.4160 -0.7071 -0.5718
vn -0.4160 -0.7071 -0.5718
vn -0.3889 -0.6792 -0.6224
vn -0.3229 -0.7395 -0.5907
vn -0.3227 -0.7384 -0.5921
vn -0.4830 -0.6598 -0.5756
vn 0.0152 -0.6107 -0.7917
vn 0.0230 -0.6962 -0.7175
vn 0.3385 0.5651 0.7524
vn 0.0602 0.7193 0.6921
vn 0.5138 0.6418 0.5692
vn 0.2157 0.6050 0.7665
vn 0.2536 0.7065 0.6607
vn 0.3082 0.6870 0.6581
vn 0.2061 0.6774 0.7061
vn 0.2538 0.7071 0.6600
vn 0.2626 0.6827 0.6819
vn 0.2538 0.7071 0.6600
vn 0.2538 0.7071 0.6600
vn 0.2539 0.7071 0.6600
vn 0.2696 0.5440 0.7946
vn 0.5231 0.6767 0.5181
vn 0.3044 0.8262 0.4740
vn 0.3089 0.6944 0.6499
vn 0.9367 0.0374 -0.3481
vn 0.6760 -0.5838 -0.4497
vn 0.8897 0.0627 0.4522
vn -0.2532 -0.7080 -0.6592
vn -0.2536 -0.7082 -0.6589
vn -0.2538 -0.7071 -0.6600
vn -0.1331 -0.6592 -0.7401
vn -0.1468 -0.8479 -0.5095
vn -0.2538 -0.7071 -0.6600
vn -0.2538 -0.7071 -0.6600
vn -0.2603 -0.6910 -0.6744
vn -0.1367 -0.7614 -0.6337
vn -0.2539 -0.7071 -0.6599
vn -0.2212 -0.6705 -0.7082
vn -0.1302 -0.8225 -0.5537
vn -0.2838 -0.6732 -0.6829
vn -0.1644 -0.7274 -0.6662
vn 0.0296 0.7724 0.6345
vn 0.1564 0.6995 0.6973
vn 0.0744 0.7071 0.7032
vn 0.0744 0.7071 0.7032
vn 0.0740 0.7051 0.7053
vn 0.1267 0.7223 0.6798
vn 0.1706 0.1960 0.9657
vn 0.6977 0.5491 0.4600
vn 0.3182 0.6701 0.6706
vn 0.2784 0.5203 0.8073
vn -0.0672 0.6760 0.7338
vn 0.2843 0.6052 0.7436
vn 0.9934 0.0120 0.1143
vn 0.8880 -0.4566 -0.0537
vn 0.7591 -0.5323 -0.3747
vn -0.0744 -0.7071 -0.7032
vn -0.0744 -0.7071 -0.7032
vn 0.1282 -0.6732 -0.7282
vn 0.0380 -0.8203 -0.5707
vn -0.0988 -0.8663 -0.4896
vn 0.1563 -0.6412 -0.7513
vn -0.0062 -0.7576 -0.6527
vn -0.0504 -0.7185 -0.6937
vn -0.0359 -0.7256 -0.6872
vn 0.1115 -0.6585 -0.7442
vn 0.2166 -0.6711 -0.7090
vn 0.1773 -0.7809 -0.5990
vn -0.0359 -0.7096 -0.7037
vn -0.0847 0.7113 0.6978
vn -0.1121 0.7257 0.6788
vn -0.1102 0.7071 0.6985
vn -0.1108 0.7059 0.6996
vn -0.0440 0.7170 0.6957
vn -0.1764 0.6765 0.7150
vn 0.1169 0.7805 0.6141
vn 0.1711 0.4647 0.8688
vn -0.1101 0.7071 0.6985
vn -0.1102 0.7071 0.6985
vn -0.1101 0.7071 0.6985
vn -0.6048 0.4879 0.6294
vn -0.0633 0.9138 0.4012
vn -0.1081 0.7366 0.6676
vn 0.9415 0.1711 0.2903
vn 0.8799 -0.4731 0.0445
vn 0.6811 -0.4550 -0.5736
vn 0.1101 -0.7071 -0.6985
vn 0.0683 -0.6633 -0.7452
vn 0.1102 -0.7071 -0.6985
vn 0.1102 -0.7071 -0.6985
vn 0.1102 -0.7071 -0.6985
vn 0.1102 -0.7071 -0.6985
vn 0.1764 -0.7168 -0.6746
vn 0.1431 -0.7360 -0.6616
vn 0.1102 -0.7071 -0.6985
vn 0.3571 -0.6713 -0.6495
vn 0.3737 -0.6780 -0.6330
vn 0.3211 -0.7608 -0.5640
vn 0.8535 -0.2154 0.4745
vn -0.7575 0.3614 0.5437
vn -0.2872 0.7071 0.6462
vn -0.2872 0.7071 0.6462
vn -0.2872 0.7071 0.6462
vn -0.2872 0.7071 0.6462
vn -0.1708 0.7577 0.6298
vn -0.1903 0.6164 0.7641
vn -0.1492 0.6318 0.7607
vn -0.3621 0.6312 0.6860
vn -0.3057 0.6895 0.6566
vn -0.2872 0.7071 0.6462
vn -0.2872 0.7071 0.6462
vn -0.2872 0.7071 0.6462
vn -0.2627 0.7177 0.6449
vn -0.9350 0.3222 0.1481
vn -0.9426 -0.0041 0.3339
vn 0.4145 -0.8843 0.2149
vn 0.7473 -0.6591 0.0847
vn 0.7204 -0.6824 0.1240
vn 0.7279 -0.6187 0.2958
vn 0.7407 -0.6052 0.2917
vn 0.1969 -0.9767 0.0855
vn 0.1564 -0.9837 0.0892
vn 0.3657 -0.9019 0.2299
vn 0.3680 -0.9056 0.2107
vn 0.4483 -0.8925 0.0498
vn 0.7034 -0.6294 0.3303
vn 0.5959 -0.7405 0.3108
vn 0.6735 -0.6331 0.3816
vn 0.5810 -0.7397 0.3396
vn 0.6095 -0.7230 0.3252
vn 0.5872 -0.7030 0.4012
vn 0.9078 -0.0223 0.4189
vn 0.9068 -0.0259 0.4207
vn 0.9411 -0.0029 0.3380
vn -0.3093 -0.2479 -0.9181
vn -0.4232 -0.4745 -0.7718
vn 0.5036 -0.8022 0.3208
vn 0.3835 -0.7798 -0.4948
vn 0.4497 -0.6159 -0.6469
vn 0.2871 -0.7071 -0.6462
vn 0.2872 -0.7071 -0.6462
vn 0.2872 -0.7071 -0.6462
vn 0.2872 -0.7071 -0.6462
vn 0.9245 0.1053 0.3663
vn 0.9664 -0.1012 0.2362
vn 0.9566 -0.2802 0.0801
vn 0.5880 -0.7957 0.1454
vn 0.8586 -0.1552 0.4885
vn 0.8759 -0.1188 0.4677
vn -0.4959 -0.6763 -0.5447
vn -0.9389 0.0151 -0.3439
vn -0.9999 0.0000 0.0115
vn -0.9204 0.0000 0.3911
vn -0.9811 -0.1363 0.1370
vn -0.9841 -0.1477 0.0986
vn -0.9792 0.0911 0.1811
vn -0.9657 0.2568 -0.0386
vn -0.9670 0.0000 0.2548
vn -0.9995 0.0000 0.0307
vn -0.9998 0.0201 -0.0059
vn -0.9992 0.0000 -0.0411
vn -0.9989 0.0049 0.0458
vn -0.9983 0.0000 0.0577
vn -0.9655 0.0000 -0.2604
vn -0.9409 -0.0846 -0.3280
vn -0.9640 0.0000 -0.2658
vn -0.9376 -0.3013 0.1734
vn -0.9889 0.0000 -0.1488
vn -0.9703 0.0000 -0.2418
vn -0.9570 0.0172 -0.2895
vn -0.9505 0.0000 -0.3107
vn -0.8985 -0.0100 -0.4389
vn -0.8907 0.0000 -0.4546
vn -0.8585 0.0000 -0.5128
vn -0.9214 0.0006 -0.3885
vn -0.9211 0.0000 -0.3893
vn -0.8874 0.0420 -0.4590
vn -0.9058 -0.0061 -0.4236
vn -0.8357 0.0046 -0.5492
vn -0.8422 0.0175 -0.5389
vn -0.8119 -0.0004 -0.5837
vn -0.7301 0.0043 -0.6833
vn -0.7339 0.0000 -0.6792
vn -0.6872 0.0000 -0.7265
vn -0.6451 0.0129 -0.7640
vn -0.6798 -0.0016 -0.7334
vn -0.7484 0.0035 -0.6632
vn -0.7359 0.0234 -0.6766
vn -0.7805 0.0002 -0.6252
vn -0.7766 -0.0017 -0.6300
vn 0.6286 0.1291 -0.7669
vn -0.5265 -0.1148 -0.8424
vn -0.1760 0.0231 -0.9841
vn -0.5506 -0.0023 -0.8347
vn -0.5593 -0.0077 -0.8290
vn -0.5894 -0.0012 -0.8078
vn -0.6211 -0.0002 -0.7837
vn -0.6421 -0.1000 -0.7601
vn 0.0165 -0.1292 -0.9915
vn -0.6731 0.0618 -0.7370
vn -0.9527 0.0000 -0.3040
vn -0.3059 0.0000 -0.9521
vn -0.2763 -0.0313 -0.9606
vn -0.3536 0.1306 -0.9262
vn -0.1986 0.0895 -0.9760
vn -0.7191 -0.6856 -0.1136
vn -0.4021 0.0000 -0.9156
vn -0.2949 0.0000 -0.9555
vn -0.2661 0.0195 -0.9637
vn -0.2254 0.0000 -0.9743
vn -0.0897 -0.0049 -0.9960
vn -0.0715 0.0000 -0.9974
vn -0.0052 0.0000 -1.0000
vn -0.1494 0.0119 -0.9887
vn -0.1430 0.0000 -0.9897
vn -0.0356 0.0914 -0.9952
vn -0.1256 0.0000 -0.9921
vn -0.0245 0.0000 -0.9997
vn 0.0185 0.0194 -0.9996
vn 0.0475 0.0000 -0.9989
vn 0.1793 0.0784 -0.9807
vn 0.0221 0.0000 -0.9998
vn 0.2664 0.0000 -0.9639
vn 0.1916 0.0772 -0.9784
vn 0.2717 0.0000 -0.9624
vn 0.0218 -0.1556 -0.9876
vn 0.2774 0.1359 -0.9511
vn 0.2455 0.1339 -0.9601
vn 0.1871 0.1147 -0.9756
vn 0.3585 -0.0388 -0.9327
vn 0.3724 -0.0638 -0.9259
vn 0.4601 0.0000 -0.8879
vn 0.5180 0.0000 -0.8554
vn 0.4576 0.0693 -0.8865
vn 0.2603 -0.0089 -0.9655
vn 0.5422 0.0165 -0.8401
vn 0.6035 0.1077 -0.7900
vn 0.3023 -0.0438 -0.9522
vn 0.7566 0.0428 -0.6525
vn 0.6718 -0.0738 -0.7371
vn 0.6790 -0.0036 -0.7341
vn 0.6456 -0.0056 -0.7637
vn 0.6290 -0.0002 -0.7774
vn 0.5832 0.0004 -0.8123
vn 0.9232 0.0075 -0.3843
vn 0.8502 -0.1059 -0.5157
vn 0.6827 0.0000 -0.7307
vn 0.6627 -0.0724 -0.7453
vn 0.7718 0.0024 -0.6359
vn 0.8047 -0.0007 -0.5937
vn 0.8364 -0.0087 -0.5481
vn 0.8326 -0.0134 -0.5536
vn 0.8774 0.0064 -0.4797
vn 0.9948 0.0145 -0.1011
vn 0.7583 -0.0222 -0.6516
vn 0.9233 -0.1790 -0.3399
vn 0.9192 0.0000 -0.3938
vn 0.9205 0.0034 -0.3907
vn 0.9937 -0.0126 -0.1113
vn 0.9888 -0.0325 -0.1456
vn 0.9241 0.0795 -0.3738
vn 0.9964 -0.0072 -0.0847
vn 0.9979 0.0000 -0.0651
vn 1.0000 -0.0000 0.0015
vn 0.9902 0.0038 -0.1395
vn 0.9776 0.0802 -0.1946
vn 0.9678 0.2478 0.0445
vn 0.9747 0.0000 -0.2235
vn 0.9998 0.0000 -0.0175
vn 0.9994 0.0173 0.0310
vn 0.9986 0.0000 0.0536
vn 0.9711 0.1134 0.2100
vn 0.9998 -0.0000 0.0214
vn 0.9621 -0.0000 0.2726
vn 0.9053 0.0280 0.4238
vn 0.9671 0.0000 0.2543
vn 0.9848 0.0000 0.1737
vn 0.9852 -0.1699 0.0211
vn 0.9386 0.0000 0.3450
vn 0.9758 0.1118 0.1878
vn 0.9895 0.0086 0.1442
vn 0.8790 0.0007 0.4767
vn 0.9684 0.0616 0.2417
vn 0.9444 0.0138 0.3285
vn 0.8354 0.0124 0.5494
vn 0.9249 0.0838 0.3709
vn 0.9398 0.0051 0.3417
vn -0.9389 0.0152 -0.3439
vn -0.9341 0.0192 -0.3565
vn -0.9565 0.0407 0.2890
vn -0.9670 0.0000 0.2548
vn -1.0000 0.0000 -0.0055
vn -1.0000 0.0000 -0.0055
vn -0.9889 0.0000 -0.1488
vn -0.9889 0.0000 -0.1488
vn -0.9573 0.0000 -0.2891
vn -0.9573 0.0000 -0.2891
vn -0.9059 0.0000 -0.4235
vn -0.9059 0.0000 -0.4235
vn -0.8358 0.0000 -0.5491
vn -0.8358 0.0000 -0.5491
vn -0.7484 0.0000 -0.6633
vn -0.7484 0.0000 -0.6633
vn -0.6455 0.0000 -0.7638
vn -0.6455 0.0000 -0.7638
vn -0.5293 0.0000 -0.8485
vn -0.5293 0.0000 -0.8485
vn -0.4021 0.0000 -0.9156
vn -0.4021 0.0000 -0.9156
vn -0.2666 0.0000 -0.9638
vn -0.2666 0.0000 -0.9638
vn -0.1256 0.0000 -0.9921
vn -0.1256 0.0000 -0.9921
vn 0.0180 0.0000 -0.9998
vn 0.0180 0.0000 -0.9998
vn 0.2830 0.0000 -0.9591
vn 0.2830 0.0000 -0.9591
vn 0.1861 0.0000 -0.9825
vn 0.1861 0.0000 -0.9825
vn 0.5426 0.0000 -0.8400
vn 0.5426 0.0000 -0.8400
vn 0.4569 0.0000 -0.8895
vn 0.4569 0.0000 -0.8895
vn 0.6726 0.0000 -0.7400
vn 0.6726 0.0000 -0.7400
vn 0.7718 0.0000 -0.6359
vn 0.7718 0.0000 -0.6359
vn 0.8550 0.0000 -0.5186
vn 0.8550 0.0000 -0.5186
vn 0.9205 0.0000 -0.3906
vn 0.9205 0.0000 -0.3906
vn 0.9907 0.0000 -0.1362
vn 0.9893 0.0121 -0.1451
vn 0.9725 0.0121 -0.2326
vn 0.9747 0.0000 -0.2235
vn 0.9995 -0.0000 0.0306
vn 0.9995 0.0000 0.0306
vn 0.9848 -0.0000 0.1737
vn 0.9848 0.0000 0.1737
vn 0.9094 -0.0000 0.4160
vn 0.9056 -0.0121 0.4240
vn 0.9447 -0.0126 0.3277
vn 0.9875 -0.0262 0.1557
vn 0.9875 -0.0262 0.1557
vn 0.0922 -0.9956 0.0145
vn 0.2767 -0.9608 0.0184
vn 0.2079 -0.9776 0.0328
vn 0.5577 -0.8254 0.0879
vn 0.5023 -0.8578 0.1090
vn 0.7075 -0.6975 0.1134
vn 0.8144 -0.5521 0.1788
vn 0.8889 -0.4360 0.1402
vn 0.9696 -0.1912 0.1529
vn 0.9696 -0.1912 0.1529
vn 0.0003 -1.0000 -0.0049
vn 0.0006 -1.0000 -0.0095
vn -0.2339 -0.9718 -0.0300
vn -0.2168 -0.9756 -0.0342
vn -0.5169 -0.8521 -0.0815
vn -0.4634 -0.8812 -0.0935
vn -0.6202 -0.7783 -0.0978
vn -0.7884 -0.5946 -0.1577
vn -0.8327 -0.5384 -0.1295
vn -0.9585 -0.2432 -0.1491
vn -0.9571 -0.2472 -0.1509
vn -0.9875 -0.0262 -0.1557
vn -0.9875 -0.0262 -0.1557
vn -0.1576 0.0069 0.9875
vn -0.1557 0.0262 0.9875
vn -0.1541 0.0087 0.9880
vn -0.1557 0.0262 0.9875
vn -0.1557 0.0262 0.9875
vn -0.1557 0.0262 0.9875
vn -0.1558 0.0519 0.9864
vn -0.0409 0.0248 0.9989
vn -0.1989 -0.0074 0.9800
vn -0.1557 0.0262 0.9875
vn -0.1557 0.0262 0.9875
vn -0.1557 0.0262 0.9875
vn -0.1557 0.0262 0.9875
vn -0.1557 0.0262 0.9875
vn -0.1557 0.0262 0.9875
vn -0.1557 0.0262 0.9875
vn -0.1557 0.0262 0.9875
vn -0.1557 0.0262 0.9875
vn -0.1557 0.0262 0.9875
vn -0.1557 0.0262 0.9875
vn -0.1557 0.0262 0.9875
vn -0.1557 0.0262 0.9875
vn -0.1557 0.0262 0.9875
vn -0.1557 0.0262 0.9875
vn -0.1557 0.0262 0.9875
vn -0.1557 0.0262 0.9875
vn -0.1557 0.0262 0.9875
vn -0.1557 0.0262 0.9875
vn -0.1557 0.0262 0.9875
vn -0.1557 0.0262 0.9875
vn -0.1557 0.0262 0.9875
vn -0.1312 0.0606 0.9895
vn -0.1557 0.0262 0.9875
vn -0.1557 0.0262 0.9875
vn -0.1557 0.0262 0.9875
vn -0.1557 0.0262 0.9875
vn -0.1557 0.0262 0.9875
vn -0.1557 0.0262 0.9875
vn -0.1557 0.0262 0.9875
vn 0.0889 0.1527 0.9843
vn 0.3061 -0.0099 0.9520
vn 0.0895 -0.9910 -0.0992
vn 0.7936 -0.5943 -0.1306
vn 0.6214 -0.6000 -0.5039
vn 0.7284 -0.6000 -0.3309
vn 0.2977 -0.5941 -0.7473
vn 0.6979 -0.3967 -0.5963
vn -0.3434 -0.5947 -0.7269
vn -0.8871 -0.2385 -0.3952
vn -0.9607 -0.1699 -0.2196
vn -0.2163 -0.9762 -0.0163
vn -0.7622 -0.6444 0.0611
vn -0.8866 -0.4554 0.0802
vn -0.8349 -0.4209 -0.3547
vn -0.3808 -0.8751 -0.2985
vn -0.7329 -0.5125 -0.4474
vn -0.2950 -0.8787 -0.3754
vn -0.4501 -0.6575 -0.6042
vn -0.0229 -0.8458 -0.5330
vn -0.0113 -0.9911 -0.1328
vn -0.0023 -0.6103 -0.7921
vn 0.3017 -0.7674 -0.5658
vn 0.1417 -0.7904 -0.5960
vn 0.2359 -0.3241 -0.9161
vn 0.3905 -0.5797 -0.7152
vn 0.1378 -0.9558 -0.2598
vn 0.0600 0.2391 -0.9691
vn 0.1182 -0.2342 -0.9650
vn 0.6070 -0.6672 -0.4318
vn 0.5693 0.6087 -0.5527
vn 0.2264 -0.9736 0.0275
vn 0.1648 -0.9856 -0.0382
vn 0.2192 -0.9755 -0.0182
vn 0.8686 -0.4560 -0.1940
vn 0.2854 -0.8884 0.3595
vn 0.4376 -0.8874 0.1452
vn 0.5687 -0.7874 0.2379
vn 0.8062 -0.5871 -0.0728
vn 0.2757 -0.9600 0.0479
vn 0.3665 -0.9194 0.1425
vn 0.1509 -0.9884 0.0151
vn 0.1139 -0.9914 0.0636
vn 0.3643 -0.9240 0.1161
vn 0.7590 -0.5862 0.2834
vn 0.5278 -0.8275 0.1915
vn 0.7998 -0.5945 0.0828
vn 0.9902 0.1015 0.0957
vn 0.7828 -0.4763 0.4003
vn 0.9915 -0.1213 0.0475
vn 0.9919 -0.1255 0.0196
vn 0.9943 -0.1064 0.0015
vn 0.8643 -0.5026 -0.0168
vn 0.9897 -0.1345 -0.0491
vn 0.9898 -0.1240 -0.0704
vn 0.8270 -0.5510 -0.1115
vn 0.5996 -0.7928 0.1093
vn 0.7015 -0.6514 -0.2890
vn 0.3750 -0.9242 0.0724
vn 0.4136 -0.9082 0.0644
vn 0.1250 -0.9909 0.0498
vn 0.1256 -0.9909 0.0474
vn 0.0543 -0.9985 0.0104
vn 0.0537 -0.9985 0.0132
vn 0.3608 -0.9282 -0.0905
vn 0.3664 -0.9301 -0.0265
vn 0.3978 -0.9166 -0.0405
vn 0.7932 -0.6012 -0.0967
vn 0.9046 -0.3671 -0.2168
vn 0.9081 -0.3669 -0.2019
vn 0.9063 -0.3195 -0.2767
vn 0.0866 -0.8102 -0.5797
vn 0.6132 -0.7891 -0.0354
vn 0.6169 -0.7863 -0.0331
vn 0.6110 -0.7874 -0.0819
vn 0.3967 -0.9140 -0.0856
vn 0.1748 -0.9842 -0.0294
vn 0.2279 -0.9685 0.1007
vn 0.1331 -0.9910 -0.0163
vn 0.1333 -0.9911 -0.0009
vn 0.0478 -0.9989 -0.0028
vn 0.0471 -0.9989 -0.0079
vn 0.5481 -0.8105 -0.2066
vn 0.3515 -0.9276 -0.1268
vn 0.3527 -0.9269 -0.1281
vn 0.8897 -0.3144 -0.3310
vn 0.2460 -0.8995 0.3612
vn 0.6968 -0.6673 -0.2633
vn 0.7340 -0.5904 -0.3356
vn 0.7406 -0.6002 -0.3022
vn 0.8512 -0.3983 -0.3418
vn 0.8293 -0.4126 -0.3768
vn 0.8719 -0.1240 -0.4738
vn 0.8709 -0.1220 -0.4762
vn 0.7497 -0.4705 -0.4654
vn 0.6419 -0.1149 -0.7581
vn 0.6270 -0.2682 -0.7314
vn 0.1169 -0.7100 -0.6945
vn 0.1411 -0.9595 -0.2439
vn 0.1946 -0.9804 -0.0297
vn 0.1476 -0.9883 -0.0389
vn 0.1424 -0.9866 -0.0793
vn 0.0755 -0.9753 -0.2074
vn 0.0495 -0.9986 -0.0172
vn 0.0485 -0.9986 -0.0214
vn 0.0586 -0.9976 -0.0358
vn 0.2415 -0.9510 -0.1932
vn 0.7879 -0.5024 -0.3561
vn 0.6189 -0.5925 -0.5157
vn 0.6380 -0.6002 -0.4824
vn 0.8014 0.1586 -0.5767
vn 0.7708 0.1233 -0.6251
vn 0.7225 -0.1239 -0.6801
vn 0.7053 -0.1060 -0.7009
vn 0.6881 -0.1184 -0.7159
vn 0.6792 -0.0993 -0.7272
vn 0.5532 -0.6120 -0.5652
vn 0.5344 -0.7697 -0.3492
vn 0.0282 -0.9992 0.0281
vn 0.1552 -0.9860 -0.0615
vn 0.1622 -0.9776 -0.1342
vn 0.7632 -0.3881 -0.5166
vn 0.6393 -0.5588 -0.5283
vn 0.5145 -0.1164 -0.8496
vn 0.6860 -0.2353 -0.6885
vn 0.3732 -0.0041 -0.9277
vn 0.6736 -0.7377 -0.0465
vn 0.6921 0.6878 0.2187
vn 0.3824 -0.7787 -0.4974
vn -0.0974 -0.6648 -0.7406
vn 0.0494 -0.9599 -0.2759
vn -0.0016 -0.9907 -0.1359
vn 0.0084 -0.9999 -0.0122
vn 0.0670 -0.9942 -0.0839
vn 0.1678 -0.9851 -0.0366
vn -0.0611 -0.8575 -0.5108
vn 0.2776 -0.9387 -0.2045
vn 0.2737 -0.8821 -0.3833
vn 0.3336 -0.4364 -0.8356
vn 0.0635 -0.0906 -0.9939
vn 0.2753 -0.1153 -0.9544
vn 0.2480 -0.1036 -0.9632
vn 0.2641 -0.1317 -0.9555
vn 0.2174 -0.3949 -0.8926
vn -0.1187 -0.0252 -0.9926
vn -0.1612 -0.3687 -0.9155
vn 0.1382 -0.9392 -0.3144
vn 0.2255 -0.8694 -0.4397
vn 0.2735 -0.7834 -0.5581
vn -0.2334 -0.6406 -0.7315
vn -0.0078 -0.9596 -0.2814
vn 0.0431 -0.9863 -0.1590
vn 0.0530 -0.9334 -0.3549
vn 0.0568 -0.9365 -0.3462
vn 0.1790 -0.5951 -0.7835
vn 0.0182 -0.1159 -0.9931
vn -0.0029 -0.1100 -0.9939
vn -0.0052 -0.1067 -0.9943
vn -0.4723 -0.5629 -0.6783
vn -0.5586 -0.2890 -0.7775
vn 0.1174 -0.5305 -0.8395
vn -0.0897 -0.0188 -0.9958
vn 0.1245 0.1103 -0.9861
vn 0.0926 -0.6313 -0.7700
vn 0.0630 -0.6048 -0.7938
vn 0.0812 -0.7873 -0.6111
vn 0.1344 -0.7868 -0.6023
vn 0.0495 -0.5820 -0.8117
vn 0.4228 -0.8655 -0.2687
vn -0.3735 -0.4730 -0.7980
vn 0.0822 -0.7864 -0.6122
vn 0.1091 -0.9356 -0.3359
vn 0.0503 -0.8807 -0.4710
vn 0.0201 -0.9935 -0.1117
vn 0.0150 -0.9930 -0.1173
vn 0.0191 -0.9928 -0.1181
vn 0.0481 -0.9940 -0.0981
vn 0.0433 -0.9930 -0.1096
vn 0.0529 -0.9928 -0.1075
vn 0.0534 -0.9927 -0.1078
vn 0.0572 -0.9934 -0.0997
vn 0.0048 -0.9969 -0.0791
vn -0.0017 -0.9970 -0.0779
vn -0.0180 -0.9914 -0.1296
vn -0.0380 -0.9206 -0.3887
vn -0.0367 -0.9213 -0.3872
vn 0.0083 -0.9776 -0.2104
vn 0.2707 -0.0420 -0.9618
vn -0.1302 0.1438 -0.9810
vn -0.4983 -0.5482 -0.6717
vn -0.5303 -0.3746 -0.7605
vn -0.6658 -0.3553 -0.6561
vn -0.1313 -0.9298 -0.3439
vn -0.2754 -0.0857 -0.9575
vn -0.2533 -0.1156 -0.9605
vn -0.2111 -0.5611 -0.8004
vn -0.4215 -0.3579 -0.8332
vn -0.3448 -0.7994 -0.4920
vn 0.0722 -0.6544 -0.7527
vn -0.2158 -0.5723 -0.7912
vn -0.0714 -0.8800 -0.4696
vn -0.0788 -0.7647 -0.6395
vn -0.0935 -0.7968 -0.5970
vn -0.1817 -0.6262 -0.7582
vn -0.0039 -0.5973 -0.8020
vn -0.6655 -0.4252 -0.6135
vn -0.0343 -0.9930 -0.1128
vn 0.0044 -0.9315 -0.3636
vn -0.0538 -0.9205 -0.3871
vn -0.0180 -0.9824 -0.1858
vn 0.0830 -0.9864 -0.1415
vn -0.0073 -0.9985 -0.0540
vn -0.1357 -0.9213 -0.3645
vn -0.2318 -0.7873 -0.5714
vn -0.2041 -0.7874 -0.5817
vn 0.7048 -0.6422 -0.3013
vn -0.3540 -0.3878 -0.8510
vn -0.4120 -0.2368 -0.8799
vn -0.6396 0.2264 -0.7346
vn -0.4752 0.2492 -0.8439
vn -0.1698 -0.1127 -0.9790
vn -0.7839 -0.1130 -0.6105
vn -0.4750 -0.4538 -0.7539
vn -0.4176 -0.3672 -0.8311
vn -0.5895 -0.3607 -0.7228
vn -0.4197 -0.5180 -0.7453
vn -0.6967 -0.4935 -0.5206
vn -0.0499 -0.9888 -0.1406
vn -0.1499 -0.9205 -0.3609
vn -0.1373 -0.9206 -0.3656
vn -0.1922 -0.2779 -0.9412
vn -0.0921 -0.9323 -0.3497
vn -0.1891 -0.8793 -0.4371
vn -0.2320 -0.7875 -0.5709
vn -0.6250 -0.5930 -0.5076
vn -0.1616 -0.9604 -0.2271
vn -0.5370 -0.5553 -0.6350
vn -0.0735 -0.9911 -0.1112
vn -0.0763 -0.9621 -0.2617
vn -0.0555 -0.9886 -0.1398
vn -0.0219 -0.9984 -0.0530
vn -0.0488 -0.9960 -0.0745
vn -0.0801 -0.9922 -0.0953
vn -0.2907 -0.4079 -0.8655
vn -0.2272 -0.9206 -0.3177
vn -0.1062 -0.9624 -0.2498
vn 0.0244 0.1652 -0.9860
vn -0.6809 -0.1350 -0.7198
vn -0.7348 -0.0994 -0.6709
vn -0.7247 -0.1214 -0.6783
vn -0.7759 -0.1230 -0.6188
vn -0.6356 -0.5469 -0.5449
vn -0.5239 -0.6310 -0.5722
vn -0.4343 -0.5837 -0.6861
vn 0.3268 -0.4667 -0.8218
vn 0.2978 -0.5785 -0.7594
vn -0.3684 -0.7873 -0.4945
vn -0.3694 -0.7894 -0.4904
vn -0.3935 -0.7807 -0.4854
vn -0.1446 -0.9459 -0.2903
vn -0.3020 -0.9162 -0.2634
vn -0.0577 -0.9908 -0.1222
vn -0.0645 -0.9938 -0.0900
vn -0.0504 -0.9967 -0.0637
vn -0.0472 -0.9948 -0.0898
vn -0.0098 -0.9999 -0.0096
vn -0.0834 -0.9942 -0.0686
vn -0.1058 -0.9911 -0.0814
vn 0.2984 0.0195 -0.9542
vn -0.3012 -0.9208 -0.2479
vn -0.1418 -0.9766 -0.1616
vn -0.6003 -0.4493 -0.6617
vn -0.5816 -0.5431 -0.6056
vn -0.8494 -0.1228 -0.5133
vn -0.8525 -0.1178 -0.5092
vn -0.8784 -0.1249 -0.4614
vn -0.8898 -0.1031 -0.4446
vn -0.9992 0.0384 0.0133
vn -0.3071 -0.9376 -0.1628
vn -0.6786 -0.5862 -0.4427
vn -0.4807 -0.6505 -0.5880
vn -0.4672 -0.7968 -0.3832
vn -0.7272 -0.6388 -0.2514
vn -0.2187 -0.9497 -0.2240
vn -0.3891 -0.8997 -0.1978
vn -0.0891 -0.9909 -0.1009
vn -0.0855 -0.9939 -0.0703
vn -0.1103 -0.9927 -0.0494
vn -0.5746 -0.7626 -0.2972
vn -0.6074 -0.7660 -0.2104
vn 0.2280 0.7116 -0.6646
vn -0.9682 -0.2394 -0.0725
vn -0.9602 -0.1046 -0.2590
vn -0.8894 -0.2284 -0.3959
vn -0.9864 -0.1615 0.0292
vn -0.3880 -0.9171 -0.0917
vn -0.3564 -0.9205 -0.1602
vn -0.4377 -0.8570 -0.2720
vn -0.2672 -0.9481 -0.1723
vn -0.4439 -0.8774 -0.1822
vn -0.5599 -0.7928 -0.2409
vn -0.7780 -0.6243 -0.0699
vn -0.6838 -0.7263 -0.0698
vn -0.2796 -0.9454 -0.1676
vn -0.1249 -0.9910 -0.0479
vn -0.1121 -0.9909 -0.0741
vn -0.0973 -0.9943 -0.0431
vn -0.0952 -0.9944 -0.0461
vn -0.3507 -0.9324 -0.0873
vn -0.1600 -0.9858 -0.0502
vn -0.6250 -0.7694 -0.1318
vn -0.0856 -0.1845 -0.9791
vn -0.8997 0.0891 -0.4273
vn -0.7907 -0.6011 -0.1165
vn -0.9736 -0.1640 -0.1591
vn -0.9379 -0.2610 -0.2285
vn -0.9356 0.1356 0.3259
vn -0.8829 -0.4694 0.0101
vn -0.8343 -0.4418 0.3299
vn -0.3863 -0.9205 -0.0596
vn -0.3988 -0.9170 0.0106
vn -0.2458 -0.9637 -0.1038
vn -0.3834 -0.9231 0.0295
vn -0.1984 -0.9800 -0.0121
vn -0.1288 -0.9914 0.0231
vn -0.0752 -0.9972 -0.0024
vn -0.1102 -0.9937 -0.0185
vn -0.1106 -0.9935 0.0286
vn -0.0525 -0.9986 -0.0076
vn -0.1235 -0.9904 -0.0619
vn -0.1304 -0.9911 -0.0276
vn -0.1299 -0.9913 -0.0215
vn -0.5554 -0.7248 0.4076
vn -0.7853 -0.5998 -0.1534
vn -0.7861 -0.5768 0.2222
vn -0.7853 -0.6085 0.1140
vn -0.4585 -0.8818 -0.1105
vn -0.8993 -0.4111 0.1492
vn -0.8955 -0.1412 0.4221
vn -0.9772 -0.1680 -0.1297
vn -0.9739 -0.1820 -0.1353
vn -0.9073 -0.3745 0.1911
vn -0.7799 -0.6067 0.1542
vn -0.7828 -0.6001 0.1648
vn -0.5954 -0.7864 0.1647
vn -0.6429 -0.7584 0.1074
vn -0.4716 -0.8741 0.1165
vn -0.3863 -0.9205 0.0589
vn -0.3279 -0.9416 0.0764
vn -0.1410 -0.9894 0.0347
vn -0.1308 -0.9911 0.0259
vn 0.1144 -0.9913 0.0645
vn 0.1298 -0.9901 0.0531
vn 0.1332 -0.9905 0.0342
vn -0.0181 -0.9997 -0.0158
vn 0.4977 -0.8624 -0.0923
vn 0.2749 -0.4169 0.8664
vn 0.3802 -0.9176 0.1157
vn 0.2750 -0.9411 0.1966
vn 0.3281 -0.9323 0.1521
vn 0.5599 -0.7869 0.2595
vn 0.5645 -0.7813 0.2664
vn 0.7349 -0.6038 0.3088
vn 0.9573 0.1296 -0.2583
vn 0.9264 0.1886 0.3261
vn 0.6968 -0.3377 0.6329
vn 0.8935 -0.3671 0.2587
vn 0.8983 -0.3591 0.2532
vn 0.9393 -0.2977 -0.1705
vn 0.8475 -0.4616 0.2622
vn 0.8600 -0.4752 0.1859
vn 0.9806 -0.0825 -0.1778
vn 0.9548 -0.1233 0.2706
vn 0.9554 -0.1216 0.2692
vn 0.9554 -0.1216 0.2690
vn 0.6261 -0.5954 0.5035
vn -0.6251 -0.7801 -0.0245
vn -0.8005 -0.5993 -0.0020
vn -0.7912 -0.6108 -0.0302
vn -0.9295 -0.3671 -0.0355
vn -0.9300 -0.3671 0.0164
vn -0.9272 -0.2099 0.3101
vn -0.8004 -0.3380 -0.4951
vn -0.7886 -0.3409 -0.5117
vn -0.7939 -0.3671 -0.4846
vn -0.7829 -0.3668 -0.5025
vn -0.7688 -0.5395 -0.3434
vn -0.4463 -0.7319 -0.5150
vn -0.9333 -0.3584 0.0246
vn -0.8085 -0.5884 0.0118
vn -0.5621 -0.5999 -0.5693
vn -0.9778 -0.1953 -0.0762
vn -0.6907 -0.1220 -0.7128
vn -0.6255 -0.3624 -0.6910
vn -0.7412 -0.5055 -0.4417
vn -0.2538 -0.3135 -0.9150
vn 0.0326 -0.3903 -0.9201
vn 0.3837 0.0065 -0.9234
vn 0.3000 -0.0006 -0.9539
vn 0.8621 0.5032 -0.0601
vn 0.6057 -0.6134 -0.5067
vn 0.1733 -0.6097 -0.7735
vn 0.6877 -0.1552 -0.7093
vn 0.3164 -0.1449 -0.9375
vn -0.1284 -0.9195 -0.3716
vn 0.2642 -0.3673 -0.8918
vn 0.2889 -0.3671 -0.8842
vn 0.4836 -0.1588 -0.8607
vn 0.8277 -0.3396 -0.4467
vn 0.8404 -0.3420 -0.4204
vn 0.8117 -0.3779 -0.4453
vn 0.3783 -0.3364 -0.8624
vn 0.6640 -0.3871 -0.6398
vn 0.7068 -0.3425 -0.6190
vn 0.9377 -0.3110 -0.1552
vn 0.8649 -0.4894 -0.1113
vn 0.9300 -0.3671 0.0184
vn 0.9230 -0.3664 0.1173
vn 0.9843 0.0748 -0.1599
vn 0.9800 -0.1981 0.0203
vn 0.9815 -0.1826 -0.0585
vn 0.9912 0.0956 -0.0917
vn 0.9194 0.2491 -0.3044
vn 0.9868 -0.1328 -0.0924
vn 0.9451 -0.1294 -0.3002
vn -0.4769 -0.8767 -0.0631
vn -0.6267 -0.7735 -0.0946
vn -0.5832 -0.8102 -0.0596
vn -0.7959 -0.6000 -0.0814
vn -0.7979 -0.5968 -0.0854
vn -0.9891 -0.1004 -0.1078
vn -0.2724 -0.7067 -0.6530
vn -0.6428 -0.7304 -0.2308
vn -0.6259 -0.4432 -0.6417
vn -0.9146 -0.2172 -0.3410
vn -0.7496 -0.6000 -0.2794
vn -0.7376 -0.6002 -0.3095
vn -0.7398 -0.5990 -0.3064
vn -0.4003 -0.3870 -0.8307
vn -0.3473 -0.6000 -0.7207
vn -0.3093 -0.6001 -0.7377
vn -0.2992 -0.6054 -0.7375
vn -0.3780 -0.6262 -0.6819
vn -0.2504 -0.6601 -0.7083
vn -0.3121 -0.4735 -0.8237
vn -0.6883 0.1198 -0.7155
vn -0.5208 -0.5999 -0.6074
vn 0.0141 -0.5013 -0.8651
vn -0.7985 0.0682 -0.5981
vn 0.0644 -0.1567 -0.9855
vn 0.0951 -0.3502 -0.9318
vn -0.1907 -0.1508 -0.9700
vn -0.1543 -0.6000 -0.7850
vn -0.1103 -0.6001 -0.7923
vn 0.0732 -0.6995 -0.7109
vn -0.6037 -0.7664 -0.2196
vn 0.0959 -0.0419 -0.9945
vn 0.4550 -0.6002 -0.6578
vn 0.4742 -0.6000 -0.6443
vn 0.3655 -0.7873 -0.4966
vn 0.6062 -0.7485 -0.2687
vn 0.6291 -0.7699 -0.1069
vn -0.3807 -0.5180 -0.7660
vn 0.2532 -0.5792 -0.7749
vn 0.2694 -0.6002 -0.7531
vn 0.2914 -0.6001 -0.7450
vn 0.2576 -0.7897 -0.5568
vn 0.2184 -0.7789 -0.5879
vn 0.2200 -0.7805 -0.5852
vn 0.5545 -0.8123 -0.1807
vn 0.5741 -0.7761 -0.2608
vn 0.7284 -0.6000 -0.3309
vn 0.7242 -0.6001 -0.3398
vn 0.7206 -0.5636 -0.4039
vn 0.6029 -0.5802 -0.5477
vn 0.6191 -0.6263 -0.4737
vn 0.5894 -0.6231 -0.5142
vn 0.4708 -0.8036 -0.3640
vn 0.4831 -0.8057 -0.3427
vn 0.3145 -0.8833 0.3477
vn 0.8019 -0.5926 0.0759
vn 0.7987 -0.5977 0.0695
vn 0.6150 -0.7833 -0.0909
vn 0.7597 -0.6285 -0.1669
vn 0.7751 -0.6277 -0.0718
vn 0.7960 -0.5744 -0.1908
vn -0.0979 -0.6580 -0.7467
vn 0.1236 -0.8721 -0.4734
vn 0.8674 -0.3441 0.3594
vn 0.7400 -0.6001 0.3037
vn 0.7546 -0.6000 0.2656
vn 0.7560 -0.5954 0.2718
vn -0.8161 -0.5707 0.0914
vn -0.7907 -0.6000 0.1220
vn -0.5574 -0.8258 0.0860
vn -0.6148 -0.7863 0.0606
vn -0.3869 -0.9209 0.0479
vn -0.3883 -0.9203 0.0473
vn -0.1306 -0.9913 0.0159
vn -0.1321 -0.9911 0.0153
vn 0.7311 0.0646 -0.6792
vn 0.2178 -0.9362 -0.2759
vn 0.2609 -0.9203 -0.2915
vn 0.1016 -0.9894 -0.1036
vn 0.0019 -0.9824 -0.1869
vn -0.1557 -0.0262 0.9875
vn -0.1557 -0.0262 0.9875
vn -0.1557 -0.0262 0.9875
vn -0.1557 -0.0262 0.9875
vn -0.1557 -0.0262 0.9875
vn -0.1557 -0.0262 0.9875
vn -0.1029 0.0183 0.9945
vn -0.1557 -0.0262 0.9875
vn -0.1557 -0.0262 0.9875
vn -0.1557 -0.0262 0.9875
vn -0.1557 -0.0262 0.9875
vn -0.1557 -0.0262 0.9875
vn -0.1557 -0.0262 0.9875
vn -0.1557 -0.0262 0.9875
vn -0.1557 -0.0262 0.9875
vn -0.1534 -0.0215 0.9879
vn -0.1544 -0.0220 0.9878
vn -0.1553 -0.0226 0.9876
vn -0.1557 -0.0262 0.9875
vn -0.1557 -0.0262 0.9875
vn -0.1557 -0.0262 0.9875
vn -0.1557 -0.0262 0.9875
vn 0.1481 0.1784 0.9728
vn -0.1430 -0.0835 0.9862
vn -0.5915 -0.4181 0.6894
vn -0.1744 -0.0530 0.9832
vn 0.0414 0.2446 0.9687
vn -0.2429 -0.2568 0.9355
vn -0.1540 -0.0335 0.9875
vn -0.1557 -0.0262 0.9875
vn -0.1557 -0.0262 0.9875
vn -0.1557 -0.0262 0.9875
vn -0.1557 -0.0262 0.9875
vn -0.1557 -0.0262 0.9875
vn -0.1557 -0.0262 0.9875
vn -0.1584 -0.0253 0.9870
vn -0.1576 -0.0276 0.9871
vn -0.1485 -0.0203 0.9887
vn -0.1514 -0.0208 0.9883
vn -0.1378 -0.0231 0.9902
vn -0.1429 -0.0207 0.9895
vn 0.0000 -1.0000 0.0000
vn -0.4200 -0.8908 0.1733
vn 0.0198 -0.9997 -0.0146
vn -0.0131 -0.9999 0.0106
vn -0.0010 -1.0000 0.0047
vn -0.0012 -1.0000 0.0010
vn 0.0175 -0.9997 -0.0139
vn -0.0033 -1.0000 0.0021
vn -0.0000 -1.0000 0.0000
vn -0.0084 -0.9999 0.0055
vn -0.0031 -1.0000 0.0022
vn 0.0060 -1.0000 -0.0031
vn -0.0064 -1.0000 0.0033
vn 0.0024 -1.0000 -0.0009
vn 0.0000 -1.0000 -0.0000
vn 0.0000 -1.0000 0.0000
vn 0.0000 -1.0000 0.0000
vn 0.0016 -1.0000 -0.0036
vn -0.0021 -1.0000 0.0038
vn 0.0119 -0.9999 -0.0085
vn 0.0029 -1.0000 -0.0010
vn -0.0008 -1.0000 0.0020
vn -0.0011 -1.0000 0.0022
vn -0.0014 -1.0000 0.0024
vn 0.0000 -1.0000 0.0000
vn 0.0000 -1.0000 0.0000
vn 0.0011 -1.0000 -0.0010
vn -0.0015 -1.0000 0.0009
vn 0.0000 -1.0000 0.0000
vn 0.0000 -1.0000 0.0000
vn -0.0000 -1.0000 0.0000
vn -0.0000 -1.0000 0.0000
vn -0.0018 -1.0000 0.0026
vn -0.0028 -1.0000 0.0031
vn 0.0122 -0.9999 -0.0050
vn 0.0605 -0.9978 -0.0288
vn -0.1573 0.9856 0.0614
vn 0.0000 -1.0000 0.0000
vn 0.0017 -1.0000 -0.0028
vn -0.0026 -1.0000 0.0037
vn 0.0433 -0.9989 -0.0160
vn -0.1879 0.9805 0.0580
vn -0.0150 -0.9999 0.0066
vn -0.0443 -0.9989 0.0154
vn 0.0193 -0.9998 -0.0014
vn -0.0588 0.9982 0.0093
vn -0.0008 -1.0000 0.0011
vn 0.0000 -1.0000 0.0000
f 397//1 656//1 657//1
f 397//2 657//2 398//2
f 656//3 875//3 870//3
f 656//4 870//4 657//4
f 657//5 870//5 652//5
f 652//6 870//6 698//6
f 652//7 698//7 548//7
f 398//8 657//8 652//8
f 398//9 652//9 548//9
f 398//10 548//10 462//10
f 975//11 976//11 1110//11
f 1322//12 1104//12 1105//12
f 1104//13 970//13 1105//13
f 1105//14 970//14 975//14
f 1105//15 975//15 1110//15
f 1110//16 1329//16 1323//16
f 1110//17 1323//17 1322//17
f 1110//18 1322//18 1105//18
f 1161//19 1158//19 1202//19
f 1202//20 1158//20 1201//20
f 1202//21 1201//21 1255//21
f 1255//22 1201//22 1251//22
f 1255//23 1251//23 1256//23
f 1256//24 1251//24 1252//24
f 1256//25 1252//25 1257//25
f 1257//26 1252//26 1253//26
f 799//27 798//27 1161//27
f 1161//28 798//28 1158//28
f 798//29 799//29 757//29
f 757//30 799//30 760//30
f 757//31 760//31 710//31
f 710//32 760//32 712//32
f 710//33 712//33 711//33
f 711//34 712//34 713//34
f 711//35 713//35 667//35
f 667//36 713//36 670//36
f 667//37 670//37 668//37
f 668//38 670//38 671//38
f 672//39 671//39 670//39
f 802//40 803//40 765//40
f 802//41 765//41 764//41
f 802//42 764//42 801//42
f 765//43 766//43 717//43
f 717//44 766//44 718//44
f 717//45 718//45 715//45
f 715//46 718//46 716//46
f 715//47 716//47 672//47
f 715//48 714//48 717//48
f 717//49 714//49 764//49
f 717//50 764//50 765//50
f 761//51 801//51 764//51
f 761//52 764//52 714//52
f 715//53 672//53 670//53
f 715//54 670//54 713//54
f 715//55 713//55 714//55
f 714//56 713//56 712//56
f 714//57 712//57 761//57
f 761//58 712//58 760//58
f 761//59 760//59 801//59
f 801//60 760//60 799//60
f 801//61 799//61 800//61
f 799//62 1161//62 1164//62
f 1166//63 1167//63 802//63
f 802//64 1167//64 803//64
f 1166//65 802//65 1164//65
f 1164//66 802//66 801//66
f 1164//67 801//67 800//67
f 1164//68 800//68 799//68
f 1202//69 1255//69 1258//69
f 1258//70 1255//70 1259//70
f 1258//71 1259//71 1262//71
f 1202//72 1203//72 1164//72
f 1202//73 1164//73 1161//73
f 1260//74 1263//74 1259//74
f 1260//75 1259//75 1256//75
f 1260//76 1256//76 1257//76
f 1255//77 1256//77 1259//77
f 1262//78 1259//78 1263//78
f 1262//79 1263//79 1205//79
f 1205//80 1263//80 1206//80
f 1203//81 1202//81 1258//81
f 1203//82 1258//82 1204//82
f 1204//83 1258//83 1262//83
f 1204//84 1262//84 1205//84
f 1167//85 1205//85 1206//85
f 1205//86 1167//86 1166//86
f 1205//87 1166//87 1204//87
f 1204//88 1166//88 1203//88
f 1203//89 1166//89 1164//89
f 1154//90 1199//90 1198//90
f 1197//91 1198//91 1245//91
f 1153//92 1154//92 1198//92
f 1153//93 1198//93 1197//93
f 1153//94 1197//94 1155//94
f 1248//95 1246//95 1249//95
f 1246//96 1248//96 1245//96
f 1246//97 1245//97 1199//97
f 1199//98 1245//98 1198//98
f 1200//99 1155//99 1197//99
f 1200//100 1197//100 1247//100
f 1247//101 1197//101 1245//101
f 1247//102 1245//102 1248//102
f 1249//103 1253//103 1248//103
f 1248//104 1253//104 1252//104
f 1248//105 1252//105 1247//105
f 1247//106 1252//106 1251//106
f 1247//107 1251//107 1200//107
f 1200//108 1251//108 1201//108
f 1200//109 1201//109 1155//109
f 1155//110 1201//110 1158//110
f 1162//111 1257//111 1163//111
f 1163//112 1257//112 1253//112
f 1163//113 1253//113 1159//113
f 1158//114 798//114 796//114
f 794//115 795//115 1153//115
f 1153//116 795//116 1154//116
f 794//117 1153//117 797//117
f 797//118 1153//118 1155//118
f 797//119 1155//119 796//119
f 796//120 1155//120 1158//120
f 559//121 668//121 671//121
f 559//122 671//122 562//122
f 707//123 708//123 705//123
f 667//124 668//124 665//124
f 711//125 708//125 710//125
f 710//126 708//126 707//126
f 754//127 757//127 707//127
f 754//128 707//128 751//128
f 754//129 797//129 798//129
f 798//130 797//130 796//130
f 667//131 665//131 708//131
f 708//132 665//132 709//132
f 706//133 705//133 709//133
f 709//134 705//134 708//134
f 708//135 711//135 667//135
f 757//136 710//136 707//136
f 751//137 707//137 705//137
f 751//138 705//138 752//138
f 706//139 753//139 705//139
f 705//140 753//140 752//140
f 798//141 757//141 754//141
f 752//142 795//142 794//142
f 752//143 794//143 751//143
f 751//144 794//144 754//144
f 754//145 794//145 797//145
f 562//146 671//146 672//146
f 718//147 766//147 634//147
f 718//148 634//148 599//148
f 718//149 599//149 716//149
f 716//150 599//150 598//150
f 716//151 598//151 672//151
f 672//152 598//152 563//152
f 672//153 563//153 562//153
f 766//154 765//154 634//154
f 634//155 765//155 803//155
f 1096//156 634//156 1206//156
f 1206//157 634//157 803//157
f 1167//158 1206//158 803//158
f 1096//159 1206//159 1130//159
f 1130//160 1206//160 1263//160
f 1130//161 1263//161 1260//161
f 1130//162 1260//162 1128//162
f 1128//163 1260//163 1257//163
f 1128//164 1257//164 1162//164
f 1159//165 1253//165 1249//165
f 1199//166 1095//166 1124//166
f 1199//167 1124//167 1246//167
f 1246//168 1124//168 1249//168
f 1249//169 1124//169 1125//169
f 1249//170 1125//170 1156//170
f 1249//171 1156//171 1159//171
f 1095//172 1199//172 1154//172
f 630//173 1095//173 753//173
f 753//174 1095//174 1154//174
f 795//175 752//175 1154//175
f 1154//176 752//176 753//176
f 630//177 753//177 706//177
f 630//178 706//178 596//178
f 596//179 706//179 709//179
f 596//180 709//180 597//180
f 597//181 709//181 665//181
f 597//182 665//182 668//182
f 597//183 668//183 559//183
f 327//184 331//184 234//184
f 234//185 331//185 240//185
f 234//186 240//186 239//186
f 234//187 239//187 233//187
f 1130//188 1272//188 1096//188
f 1096//189 1272//189 1210//189
f 1319//190 1272//190 1130//190
f 1319//191 1130//191 1315//191
f 1315//192 1130//192 1307//192
f 1130//193 1128//193 1307//193
f 1307//194 1128//194 1378//194
f 1378//195 1128//195 1162//195
f 1378//196 1162//196 1377//196
f 1377//197 1162//197 1163//197
f 422//198 599//198 639//198
f 327//199 559//199 331//199
f 331//200 559//200 562//200
f 331//201 562//201 335//201
f 599//202 422//202 343//202
f 599//203 343//203 598//203
f 598//204 343//204 339//204
f 598//205 339//205 335//205
f 598//206 335//206 563//206
f 563//207 335//207 562//207
f 599//208 634//208 639//208
f 639//209 634//209 727//209
f 727//210 634//210 774//210
f 1210//211 1074//211 1096//211
f 1096//212 1074//212 971//212
f 1096//213 971//213 634//213
f 634//214 971//214 859//214
f 634//215 859//215 774//215
f 1156//216 1125//216 1368//216
f 559//217 327//217 597//217
f 597//218 327//218 321//218
f 597//219 321//219 318//219
f 597//220 318//220 596//220
f 596//221 318//221 316//221
f 1368//222 1125//222 1303//222
f 316//223 406//223 596//223
f 596//224 406//224 465//224
f 596//225 465//225 630//225
f 1234//226 1299//226 1302//226
f 1377//227 1163//227 1372//227
f 1372//228 1163//228 1159//228
f 1156//229 1368//229 1159//229
f 1159//230 1368//230 1372//230
f 630//231 465//231 659//231
f 630//232 659//232 700//232
f 1124//233 1234//233 1302//233
f 1124//234 1302//234 1303//234
f 1124//235 1303//235 1125//235
f 700//236 822//236 630//236
f 630//237 822//237 877//237
f 630//238 877//238 1095//238
f 877//239 930//239 1095//239
f 1095//240 930//240 1019//240
f 1095//241 1019//241 1194//241
f 1095//242 1194//242 1124//242
f 1124//243 1194//243 1234//243
f 1315//244 1307//244 1383//244
f 1378//245 1383//245 1307//245
f 1315//246 1383//246 1392//246
f 1392//247 1383//247 1386//247
f 1392//248 1386//248 1391//248
f 1396//249 1318//249 1392//249
f 1396//250 1392//250 1391//250
f 1213//251 1210//251 1277//251
f 1277//252 1210//252 1272//252
f 1277//253 1272//253 1319//253
f 1212//254 1213//254 1276//254
f 1276//255 1213//255 1277//255
f 1276//256 1277//256 1319//256
f 1325//257 1276//257 1319//257
f 1325//258 1319//258 1318//258
f 1318//259 1319//259 1392//259
f 1392//260 1319//260 1315//260
f 885//261 859//261 971//261
f 809//262 681//262 726//262
f 726//263 681//263 641//263
f 1074//264 1210//264 1025//264
f 1025//265 1210//265 1213//265
f 1025//266 1213//266 1212//266
f 1025//267 1212//267 1028//267
f 1028//268 1212//268 1079//268
f 977//269 892//269 1028//269
f 1028//270 892//270 884//270
f 1028//271 884//271 1025//271
f 1025//272 884//272 885//272
f 1025//273 885//273 971//273
f 1025//274 971//274 1074//274
f 809//275 726//275 892//275
f 892//276 726//276 727//276
f 892//277 727//277 884//277
f 884//278 727//278 885//278
f 885//279 727//279 774//279
f 885//280 774//280 859//280
f 639//281 727//281 422//281
f 422//282 727//282 431//282
f 431//283 727//283 726//283
f 431//284 726//284 430//284
f 430//285 726//285 641//285
f 353//286 348//286 430//286
f 349//287 343//287 422//287
f 249//288 339//288 254//288
f 254//289 339//289 343//289
f 254//290 343//290 349//290
f 348//291 254//291 349//291
f 348//292 349//292 422//292
f 348//293 422//293 430//293
f 430//294 422//294 431//294
f 335//295 339//295 249//295
f 335//296 249//296 245//296
f 245//297 249//297 244//297
f 244//298 249//298 233//298
f 331//299 335//299 245//299
f 331//300 245//300 240//300
f 240//301 245//301 244//301
f 240//302 244//302 239//302
f 239//303 244//303 233//303
f 321//304 327//304 234//304
f 321//305 234//305 227//305
f 227//306 234//306 233//306
f 227//307 233//307 226//307
f 226//308 233//308 222//308
f 226//309 222//309 227//309
f 227//310 222//310 318//310
f 227//311 318//311 321//311
f 400//312 401//312 310//312
f 214//313 310//313 220//313
f 311//314 406//314 316//314
f 401//315 406//315 311//315
f 220//316 311//316 316//316
f 220//317 316//317 222//317
f 222//318 316//318 318//318
f 310//319 401//319 311//319
f 310//320 311//320 220//320
f 465//321 406//321 659//321
f 1018//322 1019//322 930//322
f 1191//323 1194//323 1019//323
f 659//324 406//324 401//324
f 659//325 401//325 658//325
f 658//326 401//326 400//326
f 658//327 400//327 622//327
f 788//328 872//328 658//328
f 658//329 872//329 876//329
f 658//330 876//330 659//330
f 659//331 876//331 877//331
f 659//332 877//332 822//332
f 659//333 822//333 700//333
f 955//334 1015//334 872//334
f 872//335 1015//335 1018//335
f 872//336 1018//336 876//336
f 876//337 1018//337 877//337
f 877//338 1018//338 930//338
f 1019//339 1018//339 1191//339
f 1191//340 1018//340 1190//340
f 1190//341 1018//341 1015//341
f 1190//342 1015//342 1055//342
f 1191//343 1190//343 1232//343
f 1356//344 1357//344 1352//344
f 1352//345 1357//345 1298//345
f 1232//346 1234//346 1191//346
f 1191//347 1234//347 1194//347
f 1295//348 1299//348 1234//348
f 1295//349 1234//349 1231//349
f 1231//350 1234//350 1232//350
f 1231//351 1232//351 1190//351
f 1357//352 1302//352 1298//352
f 1298//353 1302//353 1299//353
f 1298//354 1299//354 1294//354
f 1294//355 1299//355 1295//355
f 1294//356 1295//356 1231//356
f 1357//357 1356//357 1358//357
f 1303//358 1302//358 1358//358
f 1358//359 1302//359 1357//359
f 1365//360 1368//360 1358//360
f 1358//361 1368//361 1303//361
f 1372//362 1368//362 1369//362
f 1372//363 1369//363 1377//363
f 1503//364 1498//364 1497//364
f 1503//365 1497//365 1502//365
f 1502//366 1497//366 1435//366
f 1499//367 1498//367 1503//367
f 1436//368 1499//368 1504//368
f 1440//369 1383//369 1378//369
f 1440//370 1445//370 1390//370
f 1383//371 1440//371 1386//371
f 1386//372 1440//372 1390//372
f 1386//373 1390//373 1391//373
f 1377//374 1436//374 1378//374
f 1378//375 1436//375 1504//375
f 1378//376 1504//376 1440//376
f 1440//377 1504//377 1508//377
f 1440//378 1508//378 1445//378
f 1445//379 1508//379 1444//379
f 1318//380 1396//380 1395//380
f 1395//381 1401//381 1318//381
f 1318//382 1401//382 1325//382
f 1325//383 1401//383 1276//383
f 1276//384 1401//384 1324//384
f 1276//385 1324//385 1275//385
f 1276//386 1275//386 1212//386
f 1329//387 1275//387 1406//387
f 1406//388 1275//388 1324//388
f 1406//389 1324//389 1400//389
f 1400//390 1324//390 1401//390
f 1400//391 1401//391 1454//391
f 1454//392 1401//392 1395//392
f 1454//393 1395//393 1450//393
f 1396//394 1391//394 1395//394
f 1395//395 1391//395 1390//395
f 1395//396 1390//396 1445//396
f 1450//397 1395//397 1445//397
f 1450//398 1445//398 1444//398
f 1275//399 1329//399 1110//399
f 1212//400 1275//400 1079//400
f 1079//401 1275//401 1110//401
f 1079//402 1110//402 1028//402
f 891//403 892//403 977//403
f 1028//404 1110//404 977//404
f 977//405 1110//405 976//405
f 977//406 976//406 891//406
f 892//407 891//407 809//407
f 809//408 891//408 687//408
f 809//409 687//409 681//409
f 429//410 430//410 687//410
f 687//411 430//411 641//411
f 687//412 641//412 681//412
f 428//413 429//413 686//413
f 686//414 429//414 687//414
f 686//415 687//415 862//415
f 862//416 687//416 891//416
f 862//417 891//417 917//417
f 917//418 891//418 976//418
f 352//419 348//419 353//419
f 429//420 428//420 430//420
f 430//421 428//421 353//421
f 353//422 428//422 352//422
f 348//423 352//423 347//423
f 348//424 347//424 254//424
f 254//425 347//425 260//425
f 254//426 260//426 253//426
f 254//427 253//427 249//427
f 237//428 232//428 238//428
f 232//429 237//429 330//429
f 232//430 330//430 326//430
f 253//431 238//431 249//431
f 249//432 238//432 233//432
f 233//433 238//433 222//433
f 222//434 238//434 219//434
f 222//435 219//435 220//435
f 220//436 219//436 213//436
f 220//437 213//437 214//437
f 214//438 213//438 309//438
f 214//439 309//439 310//439
f 310//440 309//440 305//440
f 310//441 305//441 400//441
f 400//442 305//442 398//442
f 400//443 398//443 399//443
f 1230//444 1190//444 1055//444
f 1054//445 1289//445 1230//445
f 548//446 698//446 653//446
f 653//447 698//447 870//447
f 653//448 870//448 871//448
f 871//449 870//449 899//449
f 871//450 899//450 927//450
f 399//451 398//451 462//451
f 399//452 462//452 548//452
f 653//453 658//453 622//453
f 548//454 653//454 399//454
f 399//455 653//455 622//455
f 399//456 622//456 400//456
f 1230//457 1055//457 1054//457
f 1054//458 1055//458 1015//458
f 1054//459 1015//459 927//459
f 927//460 1015//460 955//460
f 927//461 955//461 871//461
f 871//462 955//462 872//462
f 871//463 872//463 653//463
f 653//464 872//464 788//464
f 653//465 788//465 658//465
f 1231//466 1190//466 1230//466
f 1351//467 1352//467 1298//467
f 1351//468 1298//468 1347//468
f 1356//469 1352//469 1355//469
f 1355//470 1352//470 1351//470
f 1355//471 1351//471 1428//471
f 1428//472 1351//472 1424//472
f 1428//473 1424//473 1427//473
f 1289//474 1345//474 1293//474
f 1293//475 1345//475 1346//475
f 1293//476 1346//476 1347//476
f 1347//477 1346//477 1419//477
f 1347//478 1419//478 1351//478
f 1351//479 1419//479 1424//479
f 1230//480 1289//480 1293//480
f 1230//481 1293//481 1231//481
f 1231//482 1293//482 1347//482
f 1231//483 1347//483 1294//483
f 1294//484 1347//484 1298//484
f 1434//485 1435//485 1497//485
f 1436//486 1377//486 1369//486
f 1432//487 1365//487 1428//487
f 1428//488 1365//488 1358//488
f 1428//489 1358//489 1355//489
f 1355//490 1358//490 1356//490
f 1499//491 1436//491 1494//491
f 1494//492 1436//492 1369//492
f 1494//493 1369//493 1432//493
f 1432//494 1369//494 1368//494
f 1432//495 1368//495 1365//495
f 1428//496 1427//496 1488//496
f 1428//497 1488//497 1432//497
f 1432//498 1488//498 1490//498
f 1432//499 1490//499 1494//499
f 1437//500 1438//500 1439//500
f 1439//501 1438//501 1441//501
f 1502//502 1435//502 1437//502
f 1507//503 1508//503 1504//503
f 1444//504 1508//504 1514//504
f 1514//505 1508//505 1513//505
f 1437//506 1439//506 1502//506
f 1502//507 1439//507 1507//507
f 1502//508 1507//508 1503//508
f 1508//509 1507//509 1513//509
f 1513//510 1507//510 1443//510
f 1443//511 1507//511 1439//511
f 1443//512 1439//512 1441//512
f 1503//513 1507//513 1504//513
f 1503//514 1504//514 1499//514
f 1450//515 1444//515 1514//515
f 1399//516 1322//516 1323//516
f 1399//517 1323//517 1400//517
f 1400//518 1323//518 1329//518
f 1400//519 1329//519 1406//519
f 1400//520 1454//520 1453//520
f 1400//521 1453//521 1448//521
f 1400//522 1448//522 1399//522
f 1454//523 1450//523 1449//523
f 1454//524 1449//524 1453//524
f 1453//525 1449//525 1448//525
f 1443//526 1449//526 1513//526
f 1443//527 1448//527 1449//527
f 1513//528 1449//528 1450//528
f 1513//529 1450//529 1514//529
f 917//530 976//530 975//530
f 779//531 686//531 862//531
f 428//532 686//532 779//532
f 428//533 779//533 773//533
f 428//534 773//534 427//534
f 970//535 773//535 779//535
f 970//536 779//536 975//536
f 975//537 779//537 862//537
f 975//538 862//538 917//538
f 346//539 342//539 252//539
f 252//540 253//540 259//540
f 252//541 259//541 346//541
f 260//542 347//542 346//542
f 347//543 352//543 351//543
f 347//544 351//544 346//544
f 427//545 421//545 346//545
f 346//546 352//546 427//546
f 427//547 352//547 428//547
f 253//548 260//548 259//548
f 259//549 260//549 346//549
f 346//550 351//550 352//550
f 334//551 330//551 237//551
f 334//552 237//552 243//552
f 243//553 237//553 238//553
f 243//554 238//554 253//554
f 243//555 253//555 252//555
f 243//556 252//556 342//556
f 243//557 342//557 334//557
f 361//558 440//558 360//558
f 273//559 361//559 360//559
f 360//560 272//560 273//560
f 273//561 272//561 180//561
f 169//562 88//562 170//562
f 169//563 170//563 179//563
f 179//564 170//564 171//564
f 179//565 171//565 180//565
f 180//566 171//566 272//566
f 169//567 168//567 88//567
f 88//568 168//568 163//568
f 88//569 163//569 79//569
f 163//570 162//570 79//570
f 79//571 162//571 159//571
f 272//572 360//572 271//572
f 272//573 271//573 180//573
f 180//574 271//574 179//574
f 179//575 271//575 178//575
f 179//576 178//576 169//576
f 79//577 159//577 158//577
f 79//578 158//578 154//578
f 154//579 158//579 247//579
f 439//580 438//580 437//580
f 358//581 359//581 437//581
f 437//582 359//582 439//582
f 358//583 269//583 270//583
f 356//584 264//584 265//584
f 356//585 265//585 269//585
f 269//586 265//586 270//586
f 264//587 263//587 258//587
f 258//588 263//588 256//588
f 258//589 256//589 257//589
f 257//590 256//590 251//590
f 251//591 256//591 341//591
f 358//592 437//592 357//592
f 358//593 357//593 269//593
f 269//594 357//594 356//594
f 264//595 356//595 263//595
f 251//596 341//596 338//596
f 338//597 341//597 415//597
f 338//598 415//598 337//598
f 435//599 436//599 535//599
f 535//600 436//600 500//600
f 535//601 499//601 435//601
f 435//602 499//602 434//602
f 497//603 425//603 426//603
f 497//604 426//604 434//604
f 434//605 426//605 435//605
f 425//606 495//606 420//606
f 420//607 495//607 493//607
f 420//608 493//608 419//608
f 419//609 493//609 417//609
f 417//610 493//610 529//610
f 535//611 498//611 499//611
f 499//612 498//612 434//612
f 434//613 498//613 497//613
f 425//614 497//614 495//614
f 417//615 529//615 525//615
f 525//616 529//616 600//616
f 581//617 643//617 609//617
f 609//618 580//618 581//618
f 574//619 573//619 575//619
f 574//620 575//620 607//620
f 607//621 575//621 579//621
f 579//622 575//622 576//622
f 574//623 605//623 573//623
f 573//624 605//624 602//624
f 573//625 602//625 603//625
f 603//626 602//626 601//626
f 605//627 638//627 602//627
f 602//628 638//628 601//628
f 601//629 638//629 636//629
f 601//630 636//630 677//630
f 609//631 608//631 580//631
f 580//632 608//632 579//632
f 579//633 608//633 607//633
f 574//634 607//634 605//634
f 601//635 677//635 675//635
f 675//636 677//636 767//636
f 685//637 778//637 777//637
f 683//638 684//638 777//638
f 777//639 684//639 685//639
f 777//640 730//640 683//640
f 683//641 730//641 682//641
f 776//642 724//642 725//642
f 776//643 725//643 682//643
f 682//644 725//644 680//644
f 682//645 680//645 683//645
f 724//646 772//646 722//646
f 722//647 772//647 806//647
f 722//648 806//648 770//648
f 770//649 806//649 769//649
f 769//650 806//650 834//650
f 730//651 777//651 776//651
f 730//652 776//652 682//652
f 724//653 776//653 772//653
f 769//654 834//654 833//654
f 769//655 833//655 832//655
f 832//656 833//656 910//656
f 832//657 910//657 854//657
f 840//658 890//658 889//658
f 889//659 839//659 840//659
f 889//660 861//660 839//660
f 839//661 861//661 860//661
f 839//662 860//662 838//662
f 883//663 882//663 858//663
f 883//664 858//664 887//664
f 887//665 858//665 860//665
f 860//666 858//666 838//666
f 883//667 915//667 882//667
f 882//668 915//668 913//668
f 882//669 913//669 912//669
f 913//670 941//670 912//670
f 912//671 941//671 966//671
f 861//672 889//672 888//672
f 861//673 888//673 860//673
f 860//674 888//674 887//674
f 883//675 887//675 915//675
f 912//676 966//676 964//676
f 964//677 966//677 1022//677
f 964//678 1022//678 1001//678
f 1008//679 944//679 945//679
f 1008//680 974//680 944//680
f 944//681 974//681 973//681
f 1024//682 1023//682 1005//682
f 1024//683 1005//683 1027//683
f 1027//684 1005//684 973//684
f 973//685 1005//685 969//685
f 1024//686 1045//686 1023//686
f 1023//687 1045//687 1042//687
f 1023//688 1042//688 1041//688
f 1045//689 1043//689 1042//689
f 1042//690 1043//690 1072//690
f 1042//691 1072//691 1041//691
f 1041//692 1072//692 1070//692
f 1041//693 1070//693 1100//693
f 974//694 1008//694 1007//694
f 974//695 1007//695 973//695
f 973//696 1007//696 1027//696
f 1041//697 1100//697 1098//697
f 1098//698 1100//698 1170//698
f 1047//699 1078//699 1109//699
f 1076//700 1046//700 1109//700
f 1109//701 1046//701 1047//701
f 1109//702 1077//702 1076//702
f 1076//703 1077//703 1107//703
f 1134//704 1133//704 1103//704
f 1134//705 1103//705 1107//705
f 1107//706 1103//706 1076//706
f 1133//707 1175//707 1131//707
f 1131//708 1175//708 1209//708
f 1131//709 1209//709 1174//709
f 1174//710 1209//710 1172//710
f 1172//711 1209//711 1269//711
f 1172//712 1269//712 1270//712
f 1109//713 1108//713 1077//713
f 1077//714 1108//714 1107//714
f 1107//715 1108//715 1135//715
f 1107//716 1135//716 1134//716
f 1134//717 1135//717 1133//717
f 1133//718 1135//718 1175//718
f 1172//719 1270//719 1265//719
f 1265//720 1270//720 1388//720
f 1265//721 1388//721 1310//721
f 1215//722 1177//722 1217//722
f 1217//723 1177//723 1178//723
f 1217//724 1216//724 1215//724
f 1215//725 1216//725 1279//725
f 1394//726 1317//726 1321//726
f 1327//727 1321//727 1274//727
f 1327//728 1274//728 1279//728
f 1279//729 1274//729 1215//729
f 1321//730 1398//730 1394//730
f 1394//731 1398//731 1447//731
f 1394//732 1447//732 1442//732
f 1442//733 1447//733 1511//733
f 1442//734 1511//734 1512//734
f 1217//735 1280//735 1216//735
f 1216//736 1280//736 1279//736
f 1279//737 1280//737 1327//737
f 1321//738 1327//738 1398//738
f 1442//739 1512//739 1510//739
f 1510//740 1512//740 1565//740
f 1328//741 1405//741 1404//741
f 1404//742 1403//742 1328//742
f 1404//743 1457//743 1403//743
f 1569//744 1567//744 1518//744
f 1569//745 1518//745 1521//745
f 1521//746 1518//746 1457//746
f 1457//747 1518//747 1452//747
f 1569//748 1570//748 1567//748
f 1567//749 1570//749 1648//749
f 1567//750 1648//750 1645//750
f 1648//751 1649//751 1645//751
f 1645//752 1649//752 1731//752
f 1404//753 1458//753 1457//753
f 1457//754 1458//754 1521//754
f 1569//755 1521//755 1570//755
f 1645//756 1731//756 1732//756
f 1645//757 1732//757 1728//757
f 1728//758 1732//758 1840//758
f 1459//759 1523//759 1575//759
f 1573//760 1522//760 1575//760
f 1575//761 1522//761 1459//761
f 1575//762 1574//762 1573//762
f 1573//763 1574//763 1653//763
f 1654//764 1742//764 1651//764
f 1654//765 1651//765 1653//765
f 1742//766 1862//766 1737//766
f 1737//767 1862//767 1856//767
f 1737//768 1856//768 1855//768
f 1855//769 1856//769 1846//769
f 1846//770 1856//770 1847//770
f 1846//771 1847//771 1958//771
f 1574//772 1575//772 1654//772
f 1574//773 1654//773 1653//773
f 1654//774 1750//774 1742//774
f 1742//775 1750//775 1743//775
f 1742//776 1743//776 1862//776
f 1846//777 1958//777 1949//777
f 1949//778 1958//778 1951//778
f 1949//779 1951//779 1950//779
f 1576//780 1577//780 1656//780
f 1751//781 1655//781 1656//781
f 1656//782 1655//782 1576//782
f 1656//783 1752//783 1751//783
f 1864//784 1967//784 1863//784
f 1864//785 1863//785 1876//785
f 1876//786 1863//786 1752//786
f 1752//787 1863//787 1751//787
f 1864//788 1976//788 1967//788
f 1967//789 1976//789 1968//789
f 1967//790 1968//790 1960//790
f 1968//791 1969//791 1960//791
f 1960//792 1969//792 1961//792
f 1960//793 1961//793 1962//793
f 1752//794 1656//794 1753//794
f 1752//795 1753//795 1876//795
f 1864//796 1876//796 1865//796
f 1864//797 1865//797 1976//797
f 1960//798 1962//798 1952//798
f 1952//799 1962//799 1953//799
f 1658//800 1754//800 1657//800
f 1658//801 1755//801 1754//801
f 1754//802 1755//802 1878//802
f 1867//803 1970//803 1979//803
f 1867//804 1979//804 1879//804
f 1879//805 1979//805 1866//805
f 1879//806 1866//806 1878//806
f 1867//807 1868//807 1970//807
f 1970//808 1868//808 1971//808
f 1970//809 1971//809 1963//809
f 1868//810 1857//810 1971//810
f 1971//811 1857//811 1972//811
f 1971//812 1972//812 1963//812
f 1963//813 1972//813 1848//813
f 1658//814 1756//814 1755//814
f 1755//815 1756//815 1878//815
f 1878//816 1756//816 1879//816
f 1879//817 1756//817 1880//817
f 1879//818 1880//818 1867//818
f 1963//819 1848//819 1849//819
f 1963//820 1849//820 1841//820
f 1841//821 1849//821 1842//821
f 145//822 148//822 67//822
f 1832//823 1638//823 1635//823
f 145//824 67//824 62//824
f 62//825 67//825 66//825
f 62//826 66//826 61//826
f 61//827 66//827 65//827
f 61//828 65//828 60//828
f 60//829 65//829 147//829
f 60//830 147//830 144//830
f 144//831 147//831 236//831
f 144//832 236//832 231//832
f 231//833 236//833 329//833
f 231//834 329//834 325//834
f 325//835 329//835 413//835
f 325//836 413//836 412//836
f 412//837 413//837 481//837
f 412//838 481//838 477//838
f 477//839 481//839 561//839
f 477//840 561//840 558//840
f 558//841 561//841 632//841
f 558//842 632//842 631//842
f 631//843 632//843 759//843
f 631//844 759//844 756//844
f 756//845 759//845 830//845
f 756//846 830//846 829//846
f 829//847 830//847 908//847
f 829//848 908//848 907//848
f 907//849 908//849 997//849
f 907//850 997//850 995//850
f 995//851 997//851 1067//851
f 995//852 1067//852 1066//852
f 1066//853 1067//853 1127//853
f 1066//854 1127//854 1126//854
f 1126//855 1127//855 1254//855
f 1126//856 1254//856 1250//856
f 1250//857 1254//857 1374//857
f 1250//858 1374//858 1371//858
f 1371//859 1374//859 1501//859
f 1371//860 1501//860 1496//860
f 1496//861 1501//861 1637//861
f 1496//862 1637//862 1634//862
f 1634//863 1637//863 1723//863
f 1634//864 1723//864 1721//864
f 1721//865 1723//865 1830//865
f 1721//866 1830//866 1826//866
f 1826//867 1830//867 1940//867
f 1826//868 1940//868 1935//868
f 1935//869 1940//869 1941//869
f 1935//870 1941//870 1936//870
f 1936//871 1941//871 1942//871
f 1936//872 1942//872 1937//872
f 1937//873 1942//873 1831//873
f 1937//874 1831//874 1827//874
f 1827//875 1831//875 1832//875
f 1827//876 1832//876 1828//876
f 1828//877 1832//877 1635//877
f 219//878 238//878 225//878
f 320//879 315//879 218//879
f 320//880 218//880 225//880
f 225//881 218//881 219//881
f 326//882 320//882 225//882
f 326//883 225//883 232//883
f 232//884 225//884 238//884
f 305//885 309//885 213//885
f 397//886 398//886 308//886
f 397//887 308//887 405//887
f 305//888 308//888 304//888
f 308//889 212//889 218//889
f 218//890 315//890 308//890
f 308//891 213//891 212//891
f 212//892 213//892 218//892
f 218//893 213//893 219//893
f 398//894 305//894 308//894
f 308//895 305//895 213//895
f 1059//896 1291//896 1054//896
f 1291//897 1292//897 1054//897
f 1054//898 1292//898 1289//898
f 875//899 1059//899 1054//899
f 875//900 1054//900 870//900
f 870//901 1054//901 927//901
f 870//902 927//902 899//902
f 1344//903 1350//903 1418//903
f 1418//904 1350//904 1422//904
f 1424//905 1482//905 1427//905
f 1427//906 1482//906 1485//906
f 1485//907 1482//907 1481//907
f 1481//908 1426//908 1485//908
f 1422//909 1426//909 1423//909
f 1423//910 1426//910 1481//910
f 1423//911 1481//911 1482//911
f 1423//912 1482//912 1424//912
f 1424//913 1419//913 1418//913
f 1424//914 1418//914 1423//914
f 1423//915 1418//915 1422//915
f 1346//916 1345//916 1419//916
f 1419//917 1345//917 1418//917
f 1418//918 1345//918 1344//918
f 1345//919 1289//919 1292//919
f 1345//920 1292//920 1291//920
f 1345//921 1291//921 1344//921
f 1433//922 1434//922 1497//922
f 1431//923 1430//923 1433//923
f 1426//924 1430//924 1431//924
f 1426//925 1431//925 1491//925
f 1426//926 1491//926 1489//926
f 1426//927 1489//927 1485//927
f 1427//928 1485//928 1488//928
f 1488//929 1485//929 1489//929
f 1488//930 1489//930 1490//930
f 1498//931 1499//931 1494//931
f 1433//932 1497//932 1431//932
f 1431//933 1497//933 1498//933
f 1431//934 1498//934 1491//934
f 1491//935 1498//935 1489//935
f 1489//936 1498//936 1494//936
f 1489//937 1494//937 1490//937
f 1322//938 1399//938 1266//938
f 334//939 485//939 330//939
f 330//940 485//940 479//940
f 330//941 479//941 326//941
f 1443//942 1312//942 1448//942
f 1448//943 1312//943 1399//943
f 1266//944 1399//944 1312//944
f 1266//945 1268//945 1322//945
f 1322//946 1268//946 1207//946
f 1322//947 1207//947 1104//947
f 1104//948 1207//948 970//948
f 427//949 527//949 421//949
f 421//950 527//950 346//950
f 342//951 490//951 487//951
f 342//952 487//952 334//952
f 334//953 487//953 485//953
f 490//954 342//954 527//954
f 527//955 342//955 346//955
f 1435//956 1376//956 1437//956
f 1437//957 1376//957 1382//957
f 1437//958 1382//958 1438//958
f 1438//959 1382//959 1385//959
f 1438//960 1385//960 1441//960
f 1441//961 1385//961 1443//961
f 1443//962 1385//962 1308//962
f 1443//963 1308//963 1312//963
f 970//964 1207//964 773//964
f 773//965 1207//965 569//965
f 773//966 569//966 427//966
f 427//967 569//967 527//967
f 1659//968 1578//968 1579//968
f 1757//969 1659//969 1579//969
f 1744//970 1757//970 1758//970
f 1758//971 1757//971 1660//971
f 1660//972 1757//972 1579//972
f 1744//973 1758//973 1759//973
f 1744//974 1759//974 1870//974
f 1870//975 1759//975 1745//975
f 1870//976 1745//976 1858//976
f 1858//977 1745//977 1746//977
f 1858//978 1746//978 1738//978
f 1734//979 1733//979 1738//979
f 1738//980 1733//980 1859//980
f 1738//981 1859//981 1858//981
f 1734//982 1738//982 1735//982
f 1579//983 1661//983 1660//983
f 1660//984 1661//984 1758//984
f 1758//985 1661//985 1662//985
f 1758//986 1662//986 1759//986
f 1745//987 1759//987 1746//987
f 1671//988 1658//988 1670//988
f 1670//989 1658//989 1657//989
f 1670//990 1657//990 1669//990
f 1587//991 1577//991 1586//991
f 1586//992 1577//992 1576//992
f 1586//993 1576//993 1585//993
f 1526//994 1523//994 1459//994
f 1526//995 1459//995 1462//995
f 1408//996 1405//996 1333//996
f 1333//997 1405//997 1328//997
f 1333//998 1328//998 1332//998
f 1178//999 1137//999 1217//999
f 1217//1000 1137//1000 1180//1000
f 1217//1001 1180//1001 1181//1001
f 1082//1002 1078//1002 1030//1002
f 1030//1003 1078//1003 1047//1003
f 979//1004 1008//1004 920//1004
f 920//1005 1008//1005 945//1005
f 865//1006 890//1006 812//1006
f 812//1007 890//1007 840//1007
f 733//1008 778//1008 690//1008
f 690//1009 778//1009 685//1009
f 612//1010 643//1010 583//1010
f 583//1011 643//1011 581//1011
f 583//1012 581//1012 584//1012
f 539//1013 535//1013 503//1013
f 503//1014 535//1014 500//1014
f 445//1015 438//1015 446//1015
f 446//1016 438//1016 439//1016
f 446//1017 439//1017 370//1017
f 372//1018 440//1018 373//1018
f 373//1019 440//1019 361//1019
f 373//1020 361//1020 374//1020
f 1578//1021 1591//1021 1579//1021
f 1579//1022 1591//1022 1675//1022
f 1579//1023 1675//1023 1661//1023
f 1661//1024 1675//1024 1770//1024
f 1661//1025 1770//1025 1662//1025
f 1662//1026 1770//1026 1758//1026
f 1746//1027 1759//1027 1871//1027
f 1746//1028 1871//1028 1738//1028
f 1739//1029 1735//1029 1738//1029
f 1739//1030 1738//1030 1860//1030
f 1860//1031 1738//1031 1872//1031
f 1872//1032 1738//1032 1871//1032
f 1591//1033 1578//1033 1590//1033
f 1590//1034 1578//1034 1659//1034
f 1590//1035 1659//1035 1673//1035
f 451//1036 441//1036 452//1036
f 452//1037 441//1037 443//1037
f 83//1038 81//1038 76//1038
f 76//1039 81//1039 75//1039
f 76//1040 75//1040 15//1040
f 76//1041 15//1041 14//1041
f 441//1042 451//1042 362//1042
f 362//1043 451//1043 376//1043
f 362//1044 376//1044 274//1044
f 274//1045 376//1045 282//1045
f 274//1046 282//1046 183//1046
f 172//1047 183//1047 103//1047
f 172//1048 103//1048 99//1048
f 172//1049 99//1049 92//1049
f 16//1050 75//1050 81//1050
f 16//1051 81//1051 18//1051
f 18//1052 81//1052 82//1052
f 18//1053 82//1053 20//1053
f 20//1054 82//1054 91//1054
f 20//1055 91//1055 92//1055
f 154//1056 74//1056 79//1056
f 374//1057 361//1057 281//1057
f 281//1058 361//1058 185//1058
f 185//1059 361//1059 273//1059
f 185//1060 273//1060 181//1060
f 181//1061 273//1061 272//1061
f 181//1062 272//1062 180//1062
f 180//1063 171//1063 98//1063
f 98//1064 171//1064 97//1064
f 97//1065 171//1065 170//1065
f 97//1066 170//1066 88//1066
f 74//1067 77//1067 79//1067
f 88//1068 79//1068 80//1068
f 74//1069 154//1069 153//1069
f 153//1070 154//1070 247//1070
f 153//1071 247//1071 152//1071
f 372//1072 360//1072 440//1072
f 372//1073 280//1073 360//1073
f 360//1074 280//1074 279//1074
f 360//1075 279//1075 271//1075
f 271//1076 279//1076 179//1076
f 169//1077 178//1077 102//1077
f 169//1078 102//1078 168//1078
f 168//1079 102//1079 96//1079
f 168//1080 96//1080 163//1080
f 158//1081 159//1081 78//1081
f 78//1082 159//1082 86//1082
f 86//1083 159//1083 162//1083
f 158//1084 78//1084 247//1084
f 247//1085 78//1085 153//1085
f 96//1086 87//1086 163//1086
f 163//1087 87//1087 162//1087
f 162//1088 87//1088 86//1088
f 370//1089 439//1089 369//1089
f 369//1090 439//1090 359//1090
f 369//1091 359//1091 278//1091
f 278//1092 359//1092 277//1092
f 277//1093 359//1093 358//1093
f 277//1094 358//1094 270//1094
f 175//1095 270//1095 265//1095
f 175//1096 265//1096 166//1096
f 166//1097 265//1097 165//1097
f 165//1098 265//1098 264//1098
f 165//1099 264//1099 160//1099
f 160//1100 264//1100 258//1100
f 337//1101 246//1101 338//1101
f 338//1102 246//1102 248//1102
f 338//1103 248//1103 251//1103
f 251//1104 248//1104 155//1104
f 251//1105 155//1105 257//1105
f 257//1106 155//1106 156//1106
f 257//1107 156//1107 258//1107
f 258//1108 156//1108 160//1108
f 246//1109 337//1109 336//1109
f 336//1110 337//1110 415//1110
f 438//1111 445//1111 437//1111
f 437//1112 445//1112 368//1112
f 437//1113 368//1113 367//1113
f 437//1114 367//1114 357//1114
f 357//1115 367//1115 356//1115
f 356//1116 367//1116 268//1116
f 356//1117 268//1117 263//1117
f 263//1118 268//1118 267//1118
f 250//1119 341//1119 255//1119
f 255//1120 341//1120 256//1120
f 341//1121 250//1121 415//1121
f 415//1122 250//1122 336//1122
f 503//1123 500//1123 444//1123
f 444//1124 500//1124 436//1124
f 444//1125 436//1125 365//1125
f 365//1126 436//1126 435//1126
f 365//1127 435//1127 355//1127
f 355//1128 435//1128 354//1128
f 354//1129 435//1129 426//1129
f 354//1130 426//1130 350//1130
f 350//1131 426//1131 425//1131
f 350//1132 425//1132 344//1132
f 344//1133 425//1133 420//1133
f 525//1134 524//1134 488//1134
f 525//1135 488//1135 417//1135
f 417//1136 488//1136 416//1136
f 417//1137 416//1137 419//1137
f 419//1138 416//1138 420//1138
f 420//1139 416//1139 344//1139
f 600//1140 566//1140 525//1140
f 525//1141 566//1141 524//1141
f 535//1142 539//1142 502//1142
f 535//1143 502//1143 498//1143
f 498//1144 502//1144 501//1144
f 498//1145 501//1145 433//1145
f 498//1146 433//1146 497//1146
f 497//1147 433//1147 495//1147
f 495//1148 433//1148 432//1148
f 495//1149 432//1149 424//1149
f 495//1150 424//1150 493//1150
f 566//1151 600//1151 528//1151
f 528//1152 600//1152 529//1152
f 528//1153 529//1153 491//1153
f 491//1154 529//1154 492//1154
f 492//1155 529//1155 493//1155
f 492//1156 493//1156 418//1156
f 418//1157 493//1157 424//1157
f 584//1158 581//1158 537//1158
f 537//1159 581//1159 536//1159
f 536//1160 581//1160 580//1160
f 536//1161 580//1161 534//1161
f 534//1162 580//1162 579//1162
f 534//1163 579//1163 533//1163
f 533//1164 579//1164 576//1164
f 533//1165 576//1165 532//1165
f 532//1166 576//1166 575//1166
f 532//1167 575//1167 531//1167
f 531//1168 575//1168 573//1168
f 603//1169 601//1169 570//1169
f 603//1170 570//1170 573//1170
f 573//1171 570//1171 572//1171
f 767//1172 719//1172 675//1172
f 675//1173 719//1173 674//1173
f 643//1174 612//1174 611//1174
f 643//1175 611//1175 609//1175
f 609//1176 611//1176 608//1176
f 608//1177 611//1177 610//1177
f 608//1178 610//1178 582//1178
f 608//1179 582//1179 607//1179
f 607//1180 582//1180 578//1180
f 607//1181 578//1181 577//1181
f 607//1182 577//1182 605//1182
f 605//1183 577//1183 606//1183
f 605//1184 606//1184 604//1184
f 605//1185 604//1185 638//1185
f 719//1186 767//1186 676//1186
f 676//1187 767//1187 677//1187
f 676//1188 677//1188 635//1188
f 635//1189 677//1189 636//1189
f 635//1190 636//1190 637//1190
f 637//1191 636//1191 638//1191
f 637//1192 638//1192 602//1192
f 602//1193 638//1193 604//1193
f 690//1194 685//1194 689//1194
f 689//1195 685//1195 684//1195
f 689//1196 684//1196 688//1196
f 688//1197 684//1197 683//1197
f 688//1198 683//1198 682//1198
f 682//1199 680//1199 679//1199
f 679//1200 680//1200 725//1200
f 679//1201 725//1201 723//1201
f 723//1202 725//1202 724//1202
f 723//1203 724//1203 721//1203
f 721//1204 724//1204 722//1204
f 769//1205 768//1205 770//1205
f 770//1206 769//1206 722//1206
f 722//1207 769//1207 721//1207
f 832//1208 854//1208 804//1208
f 832//1209 804//1209 769//1209
f 769//1210 804//1210 768//1210
f 854//1211 910//1211 881//1211
f 778//1212 733//1212 777//1212
f 777//1213 733//1213 732//1213
f 777//1214 732//1214 776//1214
f 776//1215 732//1215 731//1215
f 776//1216 731//1216 729//1216
f 776//1217 729//1217 728//1217
f 776//1218 728//1218 772//1218
f 772//1219 728//1219 775//1219
f 772//1220 775//1220 771//1220
f 772//1221 771//1221 806//1221
f 881//1222 910//1222 855//1222
f 855//1223 910//1223 833//1223
f 833//1224 834//1224 805//1224
f 805//1225 834//1225 806//1225
f 805//1226 806//1226 770//1226
f 770//1227 806//1227 771//1227
f 964//1228 1001//1228 963//1228
f 812//1229 840//1229 811//1229
f 811//1230 840//1230 839//1230
f 811//1231 839//1231 841//1231
f 841//1232 839//1232 837//1232
f 837//1233 839//1233 838//1233
f 837//1234 838//1234 858//1234
f 837//1235 858//1235 857//1235
f 857//1236 858//1236 882//1236
f 964//1237 963//1237 912//1237
f 963//1238 939//1238 912//1238
f 912//1239 939//1239 911//1239
f 912//1240 911//1240 882//1240
f 1001//1241 1022//1241 1000//1241
f 1001//1242 1000//1242 963//1242
f 890//1243 865//1243 889//1243
f 865//1244 864//1244 889//1244
f 889//1245 864//1245 863//1245
f 889//1246 863//1246 888//1246
f 888//1247 863//1247 887//1247
f 915//1248 887//1248 886//1248
f 915//1249 886//1249 914//1249
f 915//1250 914//1250 913//1250
f 966//1251 965//1251 1022//1251
f 1022//1252 965//1252 1000//1252
f 965//1253 966//1253 940//1253
f 940//1254 966//1254 941//1254
f 920//1255 945//1255 919//1255
f 919//1256 945//1256 947//1256
f 947//1257 945//1257 944//1257
f 947//1258 944//1258 946//1258
f 946//1259 944//1259 973//1259
f 972//1260 973//1260 969//1260
f 972//1261 969//1261 1004//1261
f 1004//1262 969//1262 1005//1262
f 1004//1263 1005//1263 1023//1263
f 1098//1264 1097//1264 1041//1264
f 1097//1265 1069//1265 1041//1265
f 1097//1266 1098//1266 1169//1266
f 1169//1267 1098//1267 1170//1267
f 1169//1268 1170//1268 1168//1268
f 1008//1269 979//1269 978//1269
f 1008//1270 978//1270 1007//1270
f 1007//1271 978//1271 1009//1271
f 1007//1272 1009//1272 1006//1272
f 1007//1273 1006//1273 1027//1273
f 1024//1274 1027//1274 1026//1274
f 1024//1275 1026//1275 1045//1275
f 1045//1276 1026//1276 1044//1276
f 1045//1277 1044//1277 1043//1277
f 1100//1278 1099//1278 1170//1278
f 1170//1279 1099//1279 1169//1279
f 1099//1280 1100//1280 1070//1280
f 1099//1281 1070//1281 1071//1281
f 1071//1282 1070//1282 1072//1282
f 1071//1283 1072//1283 1042//1283
f 1042//1284 1043//1284 1044//1284
f 1030//1285 1047//1285 1049//1285
f 1049//1286 1047//1286 1046//1286
f 1049//1287 1046//1287 1048//1287
f 1048//1288 1046//1288 1080//1288
f 1080//1289 1046//1289 1076//1289
f 1080//1290 1076//1290 1075//1290
f 1075//1291 1076//1291 1106//1291
f 1106//1292 1076//1292 1103//1292
f 1106//1293 1103//1293 1102//1293
f 1102//1294 1103//1294 1132//1294
f 1132//1295 1103//1295 1133//1295
f 1132//1296 1133//1296 1173//1296
f 1173//1297 1133//1297 1131//1297
f 1310//1298 1309//1298 1265//1298
f 1265//1299 1309//1299 1264//1299
f 1265//1300 1264//1300 1172//1300
f 1172//1301 1264//1301 1208//1301
f 1172//1302 1208//1302 1174//1302
f 1174//1303 1208//1303 1171//1303
f 1174//1304 1171//1304 1131//1304
f 1131//1305 1171//1305 1173//1305
f 1388//1306 1387//1306 1310//1306
f 1310//1307 1387//1307 1309//1307
f 1078//1308 1082//1308 1109//1308
f 1109//1309 1082//1309 1081//1309
f 1109//1310 1081//1310 1108//1310
f 1108//1311 1081//1311 1112//1311
f 1108//1312 1112//1312 1111//1312
f 1108//1313 1111//1313 1135//1313
f 1135//1314 1111//1314 1134//1314
f 1135//1315 1134//1315 1175//1315
f 1175//1316 1134//1316 1176//1316
f 1271//1317 1269//1317 1209//1317
f 1387//1318 1388//1318 1313//1318
f 1313//1319 1388//1319 1270//1319
f 1313//1320 1270//1320 1269//1320
f 1317//1321 1394//1321 1393//1321
f 1137//1322 1178//1322 1179//1322
f 1179//1323 1178//1323 1177//1323
f 1179//1324 1177//1324 1218//1324
f 1218//1325 1177//1325 1215//1325
f 1218//1326 1215//1326 1214//1326
f 1214//1327 1215//1327 1278//1327
f 1278//1328 1215//1328 1274//1328
f 1317//1329 1393//1329 1321//1329
f 1510//1330 1564//1330 1509//1330
f 1510//1331 1509//1331 1442//1331
f 1394//1332 1442//1332 1393//1332
f 1393//1333 1320//1333 1321//1333
f 1321//1334 1320//1334 1274//1334
f 1274//1335 1320//1335 1278//1335
f 1565//1336 1642//1336 1510//1336
f 1510//1337 1642//1337 1564//1337
f 1217//1338 1181//1338 1219//1338
f 1217//1339 1219//1339 1280//1339
f 1280//1340 1219//1340 1281//1340
f 1280//1341 1281//1341 1327//1341
f 1327//1342 1281//1342 1326//1342
f 1327//1343 1326//1343 1398//1343
f 1398//1344 1326//1344 1402//1344
f 1398//1345 1402//1345 1397//1345
f 1398//1346 1397//1346 1447//1346
f 1515//1347 1511//1347 1447//1347
f 1642//1348 1565//1348 1511//1348
f 1511//1349 1565//1349 1512//1349
f 1397//1350 1446//1350 1447//1350
f 1447//1351 1446//1351 1515//1351
f 1567//1352 1647//1352 1518//1352
f 1332//1353 1328//1353 1331//1353
f 1331//1354 1328//1354 1407//1354
f 1407//1355 1328//1355 1403//1355
f 1407//1356 1403//1356 1456//1356
f 1456//1357 1403//1357 1457//1357
f 1456//1358 1457//1358 1519//1358
f 1519//1359 1457//1359 1452//1359
f 1519//1360 1452//1360 1517//1360
f 1517//1361 1452//1361 1518//1361
f 1517//1362 1518//1362 1568//1362
f 1568//1363 1518//1363 1647//1363
f 1728//1364 1838//1364 1727//1364
f 1728//1365 1727//1365 1645//1365
f 1567//1366 1645//1366 1644//1366
f 1567//1367 1644//1367 1647//1367
f 1840//1368 1839//1368 1728//1368
f 1728//1369 1839//1369 1838//1369
f 1405//1370 1408//1370 1404//1370
f 1404//1371 1408//1371 1458//1371
f 1458//1372 1408//1372 1460//1372
f 1458//1373 1460//1373 1521//1373
f 1521//1374 1460//1374 1520//1374
f 1521//1375 1520//1375 1571//1375
f 1521//1376 1571//1376 1570//1376
f 1570//1377 1571//1377 1650//1377
f 1570//1378 1650//1378 1648//1378
f 1839//1379 1840//1379 1843//1379
f 1843//1380 1840//1380 1732//1380
f 1843//1381 1732//1381 1731//1381
f 1736//1382 1731//1382 1649//1382
f 1736//1383 1649//1383 1648//1383
f 1462//1384 1459//1384 1525//1384
f 1525//1385 1459//1385 1522//1385
f 1525//1386 1522//1386 1581//1386
f 1581//1387 1522//1387 1582//1387
f 1582//1388 1522//1388 1573//1388
f 1582//1389 1573//1389 1653//1389
f 1653//1390 1651//1390 1741//1390
f 1741//1391 1651//1391 1861//1391
f 1861//1392 1651//1392 1742//1392
f 1861//1393 1742//1393 1854//1393
f 1854//1394 1742//1394 1737//1394
f 1949//1395 1957//1395 1846//1395
f 1846//1396 1957//1396 1855//1396
f 1855//1397 1846//1397 1737//1397
f 1737//1398 1846//1398 1854//1398
f 1951//1399 2007//1399 1950//1399
f 1523//1400 1526//1400 1575//1400
f 1575//1401 1526//1401 1583//1401
f 1575//1402 1583//1402 1654//1402
f 1654//1403 1583//1403 1665//1403
f 1654//1404 1665//1404 1749//1404
f 1654//1405 1749//1405 1750//1405
f 1750//1406 1749//1406 1743//1406
f 1743//1407 1749//1407 1873//1407
f 1743//1408 1873//1408 1862//1408
f 2007//1409 1951//1409 1955//1409
f 1955//1410 1951//1410 1958//1410
f 1958//1411 1847//1411 1965//1411
f 1965//1412 1847//1412 1856//1412
f 1965//1413 1856//1413 1855//1413
f 1855//1414 1856//1414 1862//1414
f 1585//1415 1576//1415 1667//1415
f 1667//1416 1576//1416 1655//1416
f 1667//1417 1655//1417 1761//1417
f 1761//1418 1655//1418 1751//1418
f 1761//1419 1751//1419 1875//1419
f 1875//1420 1751//1420 1863//1420
f 1875//1421 1863//1421 1975//1421
f 1975//1422 1863//1422 1967//1422
f 1952//1423 2008//1423 1960//1423
f 2008//1424 2011//1424 1960//1424
f 1960//1425 2011//1425 2012//1425
f 1960//1426 2012//1426 1967//1426
f 2008//1427 1952//1427 2009//1427
f 2009//1428 1952//1428 1953//1428
f 2009//1429 1953//1429 2010//1429
f 1577//1430 1587//1430 1656//1430
f 1656//1431 1587//1431 1668//1431
f 1656//1432 1668//1432 1762//1432
f 1656//1433 1762//1433 1753//1433
f 1753//1434 1762//1434 1876//1434
f 1865//1435 1876//1435 1982//1435
f 1865//1436 1982//1436 1976//1436
f 1962//1437 2013//1437 1953//1437
f 1953//1438 2013//1438 2009//1438
f 2013//1439 1962//1439 1961//1439
f 2013//1440 1961//1440 2017//1440
f 2017//1441 1961//1441 1969//1441
f 2017//1442 1969//1442 2016//1442
f 2016//1443 1969//1443 1968//1443
f 1669//1444 1657//1444 1764//1444
f 1764//1445 1657//1445 1765//1445
f 1765//1446 1657//1446 1754//1446
f 1765//1447 1754//1447 1885//1447
f 1885//1448 1754//1448 1877//1448
f 1877//1449 1754//1449 1878//1449
f 1877//1450 1878//1450 1985//1450
f 1985//1451 1878//1451 1866//1451
f 1985//1452 1866//1452 1978//1452
f 1978//1453 1866//1453 1979//1453
f 1841//1454 1954//1454 1956//1454
f 1841//1455 1956//1455 1963//1455
f 1970//1456 1963//1456 2015//1456
f 1970//1457 2015//1457 2019//1457
f 1954//1458 1841//1458 1842//1458
f 1658//1459 1671//1459 1756//1459
f 1756//1460 1671//1460 1766//1460
f 1756//1461 1766//1461 1886//1461
f 1756//1462 1886//1462 1879//1462
f 1867//1463 1880//1463 1986//1463
f 1867//1464 1986//1464 1868//1464
f 1868//1465 1986//1465 1980//1465
f 1868//1466 1980//1466 1857//1466
f 1849//1467 1964//1467 1842//1467
f 1849//1468 1848//1468 1964//1468
f 1964//1469 1848//1469 1972//1469
f 1971//1470 1857//1470 1980//1470
f 1673//1471 1659//1471 1674//1471
f 1674//1472 1659//1472 1768//1472
f 1768//1473 1659//1473 1769//1473
f 1769//1474 1659//1474 1757//1474
f 1769//1475 1757//1475 1882//1475
f 1882//1476 1757//1476 1883//1476
f 1883//1477 1757//1477 1744//1477
f 1883//1478 1744//1478 1869//1478
f 1869//1479 1744//1479 1870//1479
f 1859//1480 1870//1480 1858//1480
f 1643//1481 1729//1481 1730//1481
f 1730//1482 1729//1482 1733//1482
f 1733//1483 1729//1483 1852//1483
f 1733//1484 1852//1484 1859//1484
f 1859//1485 1852//1485 1851//1485
f 1859//1486 1851//1486 1858//1486
f 151//1487 73//1487 72//1487
f 71//1488 72//1488 13//1488
f 71//1489 13//1489 70//1489
f 70//1490 13//1490 12//1490
f 70//1491 12//1491 150//1491
f 150//1492 12//1492 69//1492
f 150//1493 69//1493 242//1493
f 242//1494 69//1494 149//1494
f 242//1495 149//1495 333//1495
f 333//1496 149//1496 241//1496
f 333//1497 241//1497 414//1497
f 414//1498 241//1498 332//1498
f 414//1499 332//1499 483//1499
f 483//1500 332//1500 482//1500
f 483//1501 482//1501 565//1501
f 565//1502 482//1502 564//1502
f 565//1503 564//1503 633//1503
f 633//1504 564//1504 673//1504
f 633//1505 673//1505 763//1505
f 763//1506 673//1506 762//1506
f 763//1507 762//1507 831//1507
f 831//1508 762//1508 853//1508
f 831//1509 853//1509 909//1509
f 909//1510 853//1510 938//1510
f 909//1511 938//1511 999//1511
f 999//1512 938//1512 998//1512
f 999//1513 998//1513 1068//1513
f 1129//1514 1068//1514 1165//1514
f 1129//1515 1165//1515 1261//1515
f 1380//1516 1261//1516 1379//1516
f 1380//1517 1379//1517 1506//1517
f 1506//1518 1379//1518 1505//1518
f 1506//1519 1505//1519 1640//1519
f 1640//1520 1505//1520 1639//1520
f 1640//1521 1639//1521 1725//1521
f 1725//1522 1639//1522 1833//1522
f 1725//1523 1833//1523 1834//1523
f 1834//1524 1833//1524 1944//1524
f 1834//1525 1944//1525 1945//1525
f 1946//1526 1945//1526 2005//1526
f 1946//1527 2005//1527 1947//1527
f 1947//1528 2005//1528 2006//1528
f 1947//1529 2006//1529 1835//1529
f 1835//1530 2006//1530 1948//1530
f 1835//1531 1948//1531 1836//1531
f 1641//1532 1836//1532 1726//1532
f 1835//1533 1948//1533 1947//1533
f 1947//1534 1948//1534 2006//1534
f 1947//1535 2006//1535 1946//1535
f 1946//1536 2006//1536 2005//1536
f 1834//1537 1944//1537 1725//1537
f 1725//1538 1944//1538 1833//1538
f 1725//1539 1833//1539 1640//1539
f 1640//1540 1833//1540 1639//1540
f 1640//1541 1639//1541 1506//1541
f 1506//1542 1639//1542 1505//1542
f 1506//1543 1505//1543 1380//1543
f 1380//1544 1505//1544 1379//1544
f 999//1545 998//1545 909//1545
f 909//1546 998//1546 938//1546
f 909//1547 938//1547 831//1547
f 831//1548 938//1548 853//1548
f 831//1549 853//1549 763//1549
f 763//1550 853//1550 762//1550
f 763//1551 762//1551 633//1551
f 633//1552 762//1552 673//1552
f 633//1553 673//1553 565//1553
f 565//1554 673//1554 564//1554
f 565//1555 564//1555 483//1555
f 483//1556 564//1556 482//1556
f 483//1557 482//1557 414//1557
f 414//1558 482//1558 332//1558
f 414//1559 332//1559 333//1559
f 333//1560 332//1560 241//1560
f 333//1561 241//1561 242//1561
f 242//1562 241//1562 149//1562
f 242//1563 149//1563 150//1563
f 150//1564 149//1564 69//1564
f 150//1565 69//1565 70//1565
f 70//1566 69//1566 12//1566
f 70//1567 12//1567 71//1567
f 71//1568 12//1568 13//1568
f 148//1569 68//1569 67//1569
f 66//1570 67//1570 11//1570
f 66//1571 11//1571 65//1571
f 65//1572 11//1572 10//1572
f 65//1573 10//1573 147//1573
f 147//1574 10//1574 64//1574
f 147//1575 64//1575 236//1575
f 236//1576 64//1576 146//1576
f 236//1577 146//1577 329//1577
f 329//1578 146//1578 235//1578
f 329//1579 235//1579 413//1579
f 413//1580 235//1580 328//1580
f 413//1581 328//1581 481//1581
f 481//1582 328//1582 480//1582
f 481//1583 480//1583 561//1583
f 561//1584 480//1584 560//1584
f 561//1585 560//1585 632//1585
f 632//1586 560//1586 669//1586
f 632//1587 669//1587 759//1587
f 759//1588 669//1588 758//1588
f 759//1589 758//1589 830//1589
f 830//1590 758//1590 852//1590
f 830//1591 852//1591 908//1591
f 908//1592 852//1592 937//1592
f 908//1593 937//1593 997//1593
f 997//1594 937//1594 996//1594
f 997//1595 996//1595 1067//1595
f 1127//1596 1067//1596 1160//1596
f 1127//1597 1160//1597 1254//1597
f 1374//1598 1254//1598 1373//1598
f 1374//1599 1373//1599 1501//1599
f 1501//1600 1373//1600 1500//1600
f 1501//1601 1500//1601 1637//1601
f 1637//1602 1500//1602 1636//1602
f 1637//1603 1636//1603 1723//1603
f 1723//1604 1636//1604 1829//1604
f 1723//1605 1829//1605 1830//1605
f 1830//1606 1829//1606 1939//1606
f 1830//1607 1939//1607 1940//1607
f 1941//1608 1940//1608 2003//1608
f 1941//1609 2003//1609 1942//1609
f 1942//1610 2003//1610 2004//1610
f 1942//1611 2004//1611 1831//1611
f 1831//1612 2004//1612 1943//1612
f 1831//1613 1943//1613 1832//1613
f 1638//1614 1832//1614 1724//1614
f 43//1615 51//1615 50//1615
f 50//1616 49//1616 43//1616
f 43//1617 49//1617 42//1617
f 392//1618 393//1618 297//1618
f 392//1619 297//1619 296//1619
f 296//1620 297//1620 197//1620
f 127//1621 117//1621 118//1621
f 118//1622 117//1622 198//1622
f 198//1623 117//1623 207//1623
f 198//1624 207//1624 197//1624
f 197//1625 207//1625 196//1625
f 197//1626 196//1626 296//1626
f 32//1627 127//1627 33//1627
f 32//1628 33//1628 42//1628
f 42//1629 33//1629 34//1629
f 42//1630 34//1630 43//1630
f 297//1631 198//1631 197//1631
f 118//1632 198//1632 119//1632
f 118//1633 119//1633 127//1633
f 127//1634 119//1634 33//1634
f 33//1635 119//1635 128//1635
f 33//1636 128//1636 34//1636
f 132//1637 48//1637 138//1637
f 138//1638 137//1638 132//1638
f 132//1639 137//1639 217//1639
f 513//1640 459//1640 512//1640
f 512//1641 459//1641 458//1641
f 458//1642 459//1642 390//1642
f 209//1643 302//1643 303//1643
f 303//1644 302//1644 295//1644
f 295//1645 302//1645 396//1645
f 295//1646 396//1646 390//1646
f 390//1647 396//1647 389//1647
f 390//1648 389//1648 458//1648
f 131//1649 132//1649 217//1649
f 131//1650 217//1650 210//1650
f 210//1651 209//1651 211//1651
f 210//1652 211//1652 131//1652
f 131//1653 211//1653 126//1653
f 131//1654 126//1654 132//1654
f 459//1655 391//1655 390//1655
f 390//1656 391//1656 295//1656
f 209//1657 303//1657 206//1657
f 209//1658 206//1658 211//1658
f 314//1659 224//1659 319//1659
f 314//1660 319//1660 408//1660
f 619//1661 591//1661 618//1661
f 618//1662 591//1662 546//1662
f 618//1663 546//1663 590//1663
f 590//1664 546//1664 545//1664
f 464//1665 460//1665 461//1665
f 461//1666 460//1666 515//1666
f 461//1667 515//1667 511//1667
f 511//1668 515//1668 545//1668
f 313//1669 314//1669 408//1669
f 403//1670 464//1670 404//1670
f 403//1671 404//1671 408//1671
f 408//1672 404//1672 313//1672
f 546//1673 511//1673 545//1673
f 511//1674 457//1674 461//1674
f 464//1675 461//1675 395//1675
f 464//1676 395//1676 404//1676
f 518//1677 410//1677 520//1677
f 518//1678 520//1678 551//1678
f 696//1679 740//1679 650//1679
f 741//1680 697//1680 740//1680
f 740//1681 697//1681 651//1681
f 740//1682 651//1682 650//1682
f 624//1683 620//1683 621//1683
f 621//1684 620//1684 655//1684
f 621//1685 655//1685 617//1685
f 617//1686 655//1686 650//1686
f 650//1687 655//1687 695//1687
f 650//1688 695//1688 696//1688
f 593//1689 624//1689 549//1689
f 593//1690 549//1690 551//1690
f 551//1691 549//1691 518//1691
f 650//1692 651//1692 617//1692
f 621//1693 617//1693 592//1693
f 621//1694 592//1694 624//1694
f 624//1695 592//1695 549//1695
f 662//1696 594//1696 627//1696
f 627//1697 663//1697 662//1697
f 662//1698 663//1698 746//1698
f 869//1699 818//1699 817//1699
f 869//1700 817//1700 846//1700
f 792//1701 789//1701 790//1701
f 790//1702 789//1702 820//1702
f 790//1703 820//1703 786//1703
f 786//1704 820//1704 821//1704
f 786//1705 821//1705 846//1705
f 704//1706 662//1706 746//1706
f 704//1707 746//1707 744//1707
f 744//1708 792//1708 702//1708
f 744//1709 702//1709 704//1709
f 704//1710 702//1710 662//1710
f 846//1711 817//1711 787//1711
f 846//1712 787//1712 786//1712
f 790//1713 786//1713 743//1713
f 790//1714 743//1714 792//1714
f 792//1715 743//1715 702//1715
f 825//1716 748//1716 827//1716
f 825//1717 827//1717 880//1717
f 825//1718 880//1718 848//1718
f 986//1719 926//1719 985//1719
f 985//1720 926//1720 954//1720
f 902//1721 932//1721 929//1721
f 932//1722 928//1722 929//1722
f 929//1723 928//1723 957//1723
f 929//1724 957//1724 925//1724
f 925//1725 957//1725 954//1725
f 954//1726 957//1726 953//1726
f 954//1727 953//1727 985//1727
f 902//1728 878//1728 880//1728
f 880//1729 878//1729 847//1729
f 880//1730 847//1730 848//1730
f 926//1731 925//1731 954//1731
f 925//1732 898//1732 929//1732
f 929//1733 898//1733 901//1733
f 929//1734 901//1734 902//1734
f 902//1735 901//1735 874//1735
f 902//1736 874//1736 878//1736
f 960//1737 905//1737 962//1737
f 960//1738 962//1738 1021//1738
f 1088//1739 1035//1739 1034//1739
f 1088//1740 1034//1740 1087//1740
f 1087//1741 1034//1741 1053//1741
f 1038//1742 1057//1742 1036//1742
f 1036//1743 1057//1743 1033//1743
f 1033//1744 1057//1744 1058//1744
f 1033//1745 1058//1745 1053//1745
f 1053//1746 1058//1746 1086//1746
f 1053//1747 1086//1747 1087//1747
f 990//1748 960//1748 1021//1748
f 1037//1749 1038//1749 1020//1749
f 1037//1750 1020//1750 1021//1750
f 1021//1751 1020//1751 989//1751
f 1021//1752 989//1752 990//1752
f 1034//1753 1033//1753 1053//1753
f 1036//1754 1033//1754 1017//1754
f 1036//1755 1017//1755 1038//1755
f 1038//1756 1017//1756 1020//1756
f 1092//1757 1040//1757 1064//1757
f 1064//1758 1094//1758 1092//1758
f 1092//1759 1094//1759 1150//1759
f 1227//1760 1144//1760 1226//1760
f 1226//1761 1144//1761 1143//1761
f 1226//1762 1143//1762 1187//1762
f 1193//1763 1189//1763 1147//1763
f 1147//1764 1189//1764 1142//1764
f 1142//1765 1189//1765 1229//1765
f 1142//1766 1229//1766 1187//1766
f 1187//1767 1229//1767 1225//1767
f 1187//1768 1225//1768 1226//1768
f 1122//1769 1092//1769 1150//1769
f 1122//1770 1150//1770 1149//1770
f 1149//1771 1193//1771 1121//1771
f 1149//1772 1121//1772 1122//1772
f 1122//1773 1121//1773 1120//1773
f 1122//1774 1120//1774 1092//1774
f 1187//1775 1143//1775 1142//1775
f 1147//1776 1142//1776 1146//1776
f 1147//1777 1146//1777 1193//1777
f 1193//1778 1146//1778 1121//1778
f 1236//1779 1151//1779 1240//1779
f 1240//1780 1241//1780 1236//1780
f 1236//1781 1241//1781 1354//1781
f 1341//1782 1288//1782 1414//1782
f 1414//1783 1288//1783 1287//1783
f 1414//1784 1287//1784 1340//1784
f 1414//1785 1340//1785 1413//1785
f 1421//1786 1416//1786 1343//1786
f 1343//1787 1416//1787 1417//1787
f 1343//1788 1417//1788 1339//1788
f 1339//1789 1417//1789 1413//1789
f 1301//1790 1236//1790 1354//1790
f 1354//1791 1349//1791 1296//1791
f 1354//1792 1296//1792 1301//1792
f 1340//1793 1339//1793 1413//1793
f 1339//1794 1338//1794 1343//1794
f 1421//1795 1343//1795 1342//1795
f 1421//1796 1342//1796 1349//1796
f 1349//1797 1342//1797 1297//1797
f 1349//1798 1297//1798 1296//1798
f 1484//1799 1359//1799 1486//1799
f 1486//1800 1487//1800 1484//1800
f 1484//1801 1487//1801 1563//1801
f 1548//1802 1549//1802 1547//1802
f 1549//1803 1475//1803 1474//1803
f 1549//1804 1474//1804 1547//1804
f 1626//1805 1622//1805 1559//1805
f 1559//1806 1622//1806 1623//1806
f 1559//1807 1623//1807 1546//1807
f 1546//1808 1623//1808 1547//1808
f 1547//1809 1623//1809 1611//1809
f 1547//1810 1611//1810 1548//1810
f 1626//1811 1561//1811 1563//1811
f 1563//1812 1561//1812 1484//1812
f 1559//1813 1546//1813 1558//1813
f 1559//1814 1558//1814 1626//1814
f 1626//1815 1558//1815 1561//1815
f 1714//1816 1629//1816 1717//1816
f 1717//1817 1718//1817 1714//1817
f 1714//1818 1718//1818 1810//1818
f 1691//1819 1613//1819 1690//1819
f 1613//1820 1550//1820 1612//1820
f 1613//1821 1612//1821 1690//1821
f 1804//1822 1789//1822 1703//1822
f 1703//1823 1789//1823 1790//1823
f 1703//1824 1790//1824 1689//1824
f 1689//1825 1790//1825 1690//1825
f 1690//1826 1790//1826 1691//1826
f 1803//1827 1804//1827 1709//1827
f 1803//1828 1709//1828 1810//1828
f 1810//1829 1709//1829 1714//1829
f 1690//1830 1612//1830 1689//1830
f 1703//1831 1689//1831 1702//1831
f 1703//1832 1702//1832 1804//1832
f 1804//1833 1702//1833 1709//1833
f 1910//1834 1817//1834 1818//1834
f 1818//1835 1922//1835 1910//1835
f 1910//1836 1922//1836 1912//1836
f 1693//1837 1694//1837 1783//1837
f 1615//1838 1614//1838 1694//1838
f 1694//1839 1614//1839 1692//1839
f 1694//1840 1692//1840 1783//1840
f 1902//1841 1894//1841 1792//1841
f 1792//1842 1894//1842 1793//1842
f 1792//1843 1793//1843 1781//1843
f 1781//1844 1793//1844 1794//1844
f 1781//1845 1794//1845 1783//1845
f 1911//1846 1910//1846 1912//1846
f 1902//1847 1901//1847 1912//1847
f 1912//1848 1901//1848 1900//1848
f 1912//1849 1900//1849 1911//1849
f 1783//1850 1692//1850 1781//1850
f 1902//1851 1792//1851 1791//1851
f 1902//1852 1791//1852 1901//1852
f 1913//1853 1923//1853 1924//1853
f 1924//1854 1925//1854 1913//1854
f 1913//1855 1925//1855 1914//1855
f 1552//1856 1551//1856 1616//1856
f 1552//1857 1616//1857 1617//1857
f 1617//1858 1616//1858 1696//1858
f 1805//1859 1905//1859 1796//1859
f 1905//1860 1797//1860 1796//1860
f 1796//1861 1797//1861 1695//1861
f 1695//1862 1797//1862 1704//1862
f 1695//1863 1704//1863 1696//1863
f 1696//1864 1704//1864 1697//1864
f 1696//1865 1697//1865 1617//1865
f 1905//1866 1805//1866 1904//1866
f 1905//1867 1904//1867 1914//1867
f 1914//1868 1904//1868 1903//1868
f 1914//1869 1903//1869 1913//1869
f 1616//1870 1695//1870 1696//1870
f 1695//1871 1785//1871 1796//1871
f 1796//1872 1785//1872 1795//1872
f 1796//1873 1795//1873 1805//1873
f 1805//1874 1795//1874 1904//1874
f 298//1875 394//1875 299//1875
f 298//1876 299//1876 199//1876
f 36//1877 121//1877 122//1877
f 122//1878 121//1878 201//1878
f 201//1879 121//1879 120//1879
f 201//1880 120//1880 199//1880
f 133//1881 134//1881 44//1881
f 36//1882 129//1882 44//1882
f 44//1883 129//1883 38//1883
f 44//1884 38//1884 133//1884
f 299//1885 200//1885 199//1885
f 199//1886 200//1886 201//1886
f 201//1887 200//1887 111//1887
f 201//1888 111//1888 122//1888
f 36//1889 122//1889 123//1889
f 36//1890 123//1890 129//1890
f 1411//1891 1476//1891 1412//1891
f 1412//1892 1476//1892 1415//1892
f 1812//1893 1926//1893 1819//1893
f 1819//1894 1820//1894 1812//1894
f 1812//1895 1820//1895 1814//1895
f 1928//1896 1819//1896 1927//1896
f 1927//1897 1819//1897 1926//1897
f 1923//1898 1996//1898 1924//1898
f 1924//1899 1996//1899 1997//1899
f 1924//1900 1997//1900 1998//1900
f 1922//1901 1818//1901 1921//1901
f 1921//1902 1818//1902 1817//1902
f 1629//1903 1628//1903 1717//1903
f 1359//1904 1429//1904 1486//1904
f 1151//1905 1196//1905 1240//1905
f 1064//1906 1040//1906 1063//1906
f 1064//1907 1063//1907 1093//1907
f 961//1908 962//1908 934//1908
f 934//1909 962//1909 905//1909
f 934//1910 905//1910 904//1910
f 826//1911 827//1911 747//1911
f 747//1912 827//1912 748//1912
f 628//1913 627//1913 594//1913
f 410//1914 409//1914 520//1914
f 520//1915 409//1915 468//1915
f 223//1916 319//1916 224//1916
f 223//1917 224//1917 136//1917
f 138//1918 48//1918 47//1918
f 138//1919 47//1919 46//1919
f 4//1920 50//1920 5//1920
f 5//1921 50//1921 51//1921
f 5//1922 51//1922 53//1922
f 1632//1923 1720//1923 1824//1923
f 1823//1924 1824//1924 1933//1924
f 1823//1925 1933//1925 1932//1925
f 1932//1926 1933//1926 2000//1926
f 1932//1927 2000//1927 1931//1927
f 1931//1928 2000//1928 1999//1928
f 1931//1929 1999//1929 1930//1929
f 1822//1930 1930//1930 1929//1930
f 1822//1931 1929//1931 1719//1931
f 1719//1932 1929//1932 1821//1932
f 1719//1933 1821//1933 1631//1933
f 1631//1934 1821//1934 1630//1934
f 1631//1935 1630//1935 1493//1935
f 1493//1936 1630//1936 1492//1936
f 1493//1937 1492//1937 1367//1937
f 1367//1938 1492//1938 1366//1938
f 1367//1939 1366//1939 1244//1939
f 1123//1940 1244//1940 1152//1940
f 1123//1941 1152//1941 1065//1941
f 993//1942 1065//1942 992//1942
f 993//1943 992//1943 906//1943
f 906//1944 992//1944 935//1944
f 906//1945 935//1945 828//1945
f 828//1946 935//1946 850//1946
f 828//1947 850//1947 750//1947
f 750//1948 850//1948 749//1948
f 750//1949 749//1949 629//1949
f 629//1950 749//1950 664//1950
f 629//1951 664//1951 556//1951
f 556//1952 664//1952 555//1952
f 556//1953 555//1953 475//1953
f 475//1954 555//1954 474//1954
f 475//1955 474//1955 411//1955
f 411//1956 474//1956 322//1956
f 411//1957 322//1957 323//1957
f 323//1958 322//1958 228//1958
f 323//1959 228//1959 229//1959
f 229//1960 228//1960 140//1960
f 229//1961 140//1961 141//1961
f 141//1962 140//1962 54//1962
f 141//1963 54//1963 55//1963
f 55//1964 54//1964 6//1964
f 55//1965 6//1965 56//1965
f 56//1966 6//1966 7//1966
f 56//1967 7//1967 57//1967
f 142//1968 57//1968 58//1968
f 56//1969 7//1969 55//1969
f 55//1970 7//1970 6//1970
f 55//1971 6//1971 141//1971
f 141//1972 6//1972 54//1972
f 141//1973 54//1973 229//1973
f 229//1974 54//1974 140//1974
f 229//1975 140//1975 323//1975
f 323//1976 140//1976 228//1976
f 323//1977 228//1977 411//1977
f 411//1978 228//1978 322//1978
f 411//1979 322//1979 475//1979
f 475//1980 322//1980 474//1980
f 475//1981 474//1981 556//1981
f 556//1982 474//1982 555//1982
f 556//1983 555//1983 629//1983
f 629//1984 555//1984 664//1984
f 629//1985 664//1985 750//1985
f 750//1986 664//1986 749//1986
f 750//1987 749//1987 828//1987
f 828//1988 749//1988 850//1988
f 828//1989 850//1989 906//1989
f 906//1990 850//1990 935//1990
f 906//1991 935//1991 993//1991
f 993//1992 935//1992 992//1992
f 1367//1993 1366//1993 1493//1993
f 1493//1994 1366//1994 1492//1994
f 1493//1995 1492//1995 1631//1995
f 1631//1996 1492//1996 1630//1996
f 1631//1997 1630//1997 1719//1997
f 1719//1998 1630//1998 1821//1998
f 1719//1999 1821//1999 1822//1999
f 1822//2000 1821//2000 1929//2000
f 1931//2001 1999//2001 1932//2001
f 1932//2002 1999//2002 2000//2002
f 1932//2003 2000//2003 1823//2003
f 1823//2004 2000//2004 1933//2004
f 1635//2005 1722//2005 1828//2005
f 1827//2006 1828//2006 1938//2006
f 1827//2007 1938//2007 1937//2007
f 1937//2008 1938//2008 2002//2008
f 1937//2009 2002//2009 1936//2009
f 1936//2010 2002//2010 2001//2010
f 1936//2011 2001//2011 1935//2011
f 1826//2012 1935//2012 1934//2012
f 1826//2013 1934//2013 1721//2013
f 1721//2014 1934//2014 1825//2014
f 1721//2015 1825//2015 1634//2015
f 1634//2016 1825//2016 1633//2016
f 1634//2017 1633//2017 1496//2017
f 1496//2018 1633//2018 1495//2018
f 1496//2019 1495//2019 1371//2019
f 1371//2020 1495//2020 1370//2020
f 1371//2021 1370//2021 1250//2021
f 1126//2022 1250//2022 1157//2022
f 1126//2023 1157//2023 1066//2023
f 995//2024 1066//2024 994//2024
f 995//2025 994//2025 907//2025
f 907//2026 994//2026 936//2026
f 907//2027 936//2027 829//2027
f 829//2028 936//2028 851//2028
f 829//2029 851//2029 756//2029
f 756//2030 851//2030 755//2030
f 756//2031 755//2031 631//2031
f 631//2032 755//2032 666//2032
f 631//2033 666//2033 558//2033
f 558//2034 666//2034 557//2034
f 558//2035 557//2035 477//2035
f 477//2036 557//2036 476//2036
f 477//2037 476//2037 412//2037
f 412//2038 476//2038 324//2038
f 412//2039 324//2039 325//2039
f 325//2040 324//2040 230//2040
f 325//2041 230//2041 231//2041
f 231//2042 230//2042 143//2042
f 231//2043 143//2043 144//2043
f 144//2044 143//2044 59//2044
f 144//2045 59//2045 60//2045
f 60//2046 59//2046 8//2046
f 60//2047 8//2047 61//2047
f 61//2048 8//2048 9//2048
f 61//2049 9//2049 62//2049
f 145//2050 62//2050 63//2050
f 326//2051 479//2051 473//2051
f 326//2052 473//2052 320//2052
f 320//2053 473//2053 471//2053
f 320//2054 471//2054 315//2054
f 523//2055 553//2055 397//2055
f 397//2056 553//2056 656//2056
f 1243//2057 1344//2057 1291//2057
f 1243//2058 1291//2058 1239//2058
f 523//2059 397//2059 522//2059
f 522//2060 397//2060 405//2060
f 1426//2061 1422//2061 1306//2061
f 1306//2062 1422//2062 1243//2062
f 1243//2063 1422//2063 1350//2063
f 1243//2064 1350//2064 1344//2064
f 1362//2065 1430//2065 1306//2065
f 1306//2066 1430//2066 1426//2066
f 1430//2067 1362//2067 1364//2067
f 1430//2068 1364//2068 1433//2068
f 1433//2069 1364//2069 1376//2069
f 1433//2070 1376//2070 1434//2070
f 1434//2071 1376//2071 1435//2071
f 315//2072 471//2072 469//2072
f 315//2073 469//2073 308//2073
f 308//2074 469//2074 522//2074
f 308//2075 522//2075 405//2075
f 1239//2076 1291//2076 1195//2076
f 1195//2077 1291//2077 1059//2077
f 1195//2078 1059//2078 553//2078
f 553//2079 1059//2079 875//2079
f 553//2080 875//2080 656//2080
f 484//2081 478//2081 485//2081
f 485//2082 478//2082 479//2082
f 484//2083 485//2083 486//2083
f 486//2084 485//2084 487//2084
f 486//2085 487//2085 489//2085
f 489//2086 487//2086 490//2086
f 489//2087 490//2087 526//2087
f 526//2088 490//2088 527//2088
f 526//2089 527//2089 567//2089
f 567//2090 527//2090 568//2090
f 568//2091 527//2091 569//2091
f 569//2092 1207//2092 568//2092
f 568//2093 1207//2093 1267//2093
f 1267//2094 1207//2094 1268//2094
f 1267//2095 1268//2095 1311//2095
f 1311//2096 1268//2096 1266//2096
f 1311//2097 1266//2097 1312//2097
f 1311//2098 1312//2098 1384//2098
f 1384//2099 1312//2099 1308//2099
f 1384//2100 1308//2100 1385//2100
f 1384//2101 1385//2101 1381//2101
f 1381//2102 1385//2102 1382//2102
f 1382//2103 1376//2103 1381//2103
f 1381//2104 1376//2104 1375//2104
f 1733//2105 1734//2105 1730//2105
f 1734//2106 1735//2106 1730//2106
f 1730//2107 1735//2107 1646//2107
f 1730//2108 1646//2108 1643//2108
f 494//2109 423//2109 496//2109
f 1973//2110 1972//2110 1981//2110
f 2018//2111 2017//2111 1977//2111
f 1455//2112 1456//2112 1516//2112
f 1529//2113 1530//2113 1593//2113
f 1673//2114 1674//2114 1767//2114
f 2015//2115 1963//2115 2014//2115
f 2016//2116 1968//2116 1976//2116
f 1762//2117 1668//2117 1763//2117
f 1667//2118 1761//2118 1666//2118
f 1873//2119 1750//2119 1874//2119
f 1462//2120 1525//2120 1461//2120
f 1571//2121 1572//2121 1652//2121
f 1517//2122 1568//2122 1516//2122
f 1442//2123 1389//2123 1393//2123
f 1134//2124 1111//2124 1136//2124
f 1132//2125 1131//2125 1101//2125
f 1010//2126 1031//2126 1030//2126
f 1004//2127 1003//2127 967//2127
f 863//2128 864//2128 920//2128
f 857//2129 882//2129 835//2129
f 835//2130 882//2130 856//2130
f 432//2131 433//2131 496//2131
f 262//2132 256//2132 263//2132
f 181//2133 180//2133 182//2133
f 1663//2134 1664//2134 1747//2134
f 1747//2135 1664//2135 1748//2135
f 1747//2136 1748//2136 1739//2136
f 1677//2137 1580//2137 1663//2137
f 1663//2138 1580//2138 1664//2138
f 1593//2139 1531//2139 1594//2139
f 1593//2140 1594//2140 1677//2140
f 1677//2141 1594//2141 1580//2141
f 1531//2142 1593//2142 1463//2142
f 1463//2143 1593//2143 1530//2143
f 451//2144 452//2144 450//2144
f 451//2145 450//2145 376//2145
f 376//2146 450//2146 375//2146
f 376//2147 375//2147 282//2147
f 99//2148 103//2148 183//2148
f 183//2149 282//2149 182//2149
f 183//2150 182//2150 99//2150
f 99//2151 98//2151 92//2151
f 92//2152 98//2152 90//2152
f 92//2153 90//2153 20//2153
f 20//2154 90//2154 18//2154
f 97//2155 88//2155 89//2155
f 89//2156 88//2156 17//2156
f 17//2157 88//2157 80//2157
f 17//2158 80//2158 79//2158
f 17//2159 18//2159 89//2159
f 89//2160 18//2160 90//2160
f 89//2161 90//2161 97//2161
f 97//2162 90//2162 98//2162
f 181//2163 182//2163 185//2163
f 185//2164 182//2164 281//2164
f 281//2165 182//2165 282//2165
f 281//2166 282//2166 374//2166
f 374//2167 282//2167 375//2167
f 374//2168 375//2168 450//2168
f 374//2169 450//2169 373//2169
f 450//2170 449//2170 373//2170
f 373//2171 449//2171 372//2171
f 372//2172 449//2172 448//2172
f 279//2173 280//2173 371//2173
f 371//2174 280//2174 372//2174
f 371//2175 372//2175 448//2175
f 178//2176 179//2176 279//2176
f 96//2177 102//2177 177//2177
f 87//2178 96//2178 167//2178
f 87//2179 167//2179 86//2179
f 78//2180 86//2180 161//2180
f 78//2181 161//2181 157//2181
f 165//2182 160//2182 161//2182
f 161//2183 160//2183 157//2183
f 157//2184 160//2184 156//2184
f 157//2185 156//2185 155//2185
f 166//2186 167//2186 175//2186
f 278//2187 277//2187 177//2187
f 177//2188 277//2188 270//2188
f 177//2189 270//2189 176//2189
f 446//2190 370//2190 448//2190
f 102//2191 178//2191 177//2191
f 177//2192 178//2192 279//2192
f 177//2193 279//2193 278//2193
f 278//2194 279//2194 369//2194
f 369//2195 279//2195 371//2195
f 369//2196 371//2196 370//2196
f 370//2197 371//2197 448//2197
f 448//2198 447//2198 446//2198
f 367//2199 444//2199 366//2199
f 366//2200 267//2200 367//2200
f 367//2201 267//2201 268//2201
f 261//2202 256//2202 262//2202
f 261//2203 262//2203 267//2203
f 267//2204 262//2204 263//2204
f 261//2205 350//2205 345//2205
f 345//2206 350//2206 344//2206
f 503//2207 444//2207 504//2207
f 504//2208 444//2208 367//2208
f 504//2209 367//2209 445//2209
f 445//2210 367//2210 368//2210
f 538//2211 502//2211 539//2211
f 496//2212 433//2212 536//2212
f 432//2213 496//2213 424//2213
f 424//2214 496//2214 423//2214
f 424//2215 423//2215 418//2215
f 418//2216 423//2216 494//2216
f 491//2217 492//2217 530//2217
f 573//2218 571//2218 491//2218
f 570//2219 571//2219 572//2219
f 572//2220 571//2220 573//2220
f 491//2221 530//2221 573//2221
f 573//2222 530//2222 531//2222
f 536//2223 433//2223 501//2223
f 536//2224 501//2224 537//2224
f 537//2225 501//2225 502//2225
f 537//2226 502//2226 584//2226
f 584//2227 502//2227 538//2227
f 584//2228 538//2228 583//2228
f 583//2229 584//2229 612//2229
f 612//2230 584//2230 646//2230
f 612//2231 646//2231 611//2231
f 578//2232 644//2232 577//2232
f 577//2233 644//2233 606//2233
f 635//2234 637//2234 678//2234
f 635//2235 678//2235 677//2235
f 721//2236 720//2236 677//2236
f 769//2237 720//2237 721//2237
f 677//2238 678//2238 721//2238
f 721//2239 678//2239 723//2239
f 679//2240 640//2240 682//2240
f 682//2241 640//2241 642//2241
f 682//2242 642//2242 688//2242
f 689//2243 644//2243 645//2243
f 689//2244 645//2244 690//2244
f 578//2245 582//2245 644//2245
f 644//2246 582//2246 610//2246
f 644//2247 610//2247 645//2247
f 645//2248 610//2248 611//2248
f 645//2249 611//2249 690//2249
f 690//2250 611//2250 646//2250
f 690//2251 734//2251 733//2251
f 733//2252 734//2252 780//2252
f 733//2253 780//2253 732//2253
f 732//2254 811//2254 810//2254
f 732//2255 810//2255 731//2255
f 731//2256 810//2256 729//2256
f 807//2257 771//2257 775//2257
f 805//2258 770//2258 807//2258
f 807//2259 770//2259 771//2259
f 856//2260 833//2260 835//2260
f 835//2261 833//2261 805//2261
f 856//2262 882//2262 911//2262
f 810//2263 841//2263 808//2263
f 808//2264 841//2264 837//2264
f 921//2265 864//2265 865//2265
f 810//2266 811//2266 841//2266
f 887//2267 863//2267 918//2267
f 887//2268 918//2268 916//2268
f 887//2269 916//2269 886//2269
f 886//2270 916//2270 914//2270
f 941//2271 913//2271 942//2271
f 940//2272 967//2272 965//2272
f 965//2273 967//2273 1003//2273
f 965//2274 1003//2274 1002//2274
f 1004//2275 1023//2275 1003//2275
f 1003//2276 1023//2276 1002//2276
f 1002//2277 1023//2277 1041//2277
f 968//2278 972//2278 1004//2278
f 968//2279 942//2279 972//2279
f 972//2280 942//2280 943//2280
f 972//2281 943//2281 973//2281
f 973//2282 943//2282 946//2282
f 863//2283 920//2283 918//2283
f 918//2284 920//2284 919//2284
f 918//2285 919//2285 947//2285
f 920//2286 864//2286 921//2286
f 920//2287 921//2287 948//2287
f 920//2288 948//2288 979//2288
f 979//2289 948//2289 980//2289
f 979//2290 980//2290 1010//2290
f 979//2291 1010//2291 1030//2291
f 979//2292 1030//2292 978//2292
f 978//2293 1030//2293 1029//2293
f 978//2294 1029//2294 1009//2294
f 1009//2295 1029//2295 1006//2295
f 1026//2296 1027//2296 1044//2296
f 1071//2297 1101//2297 1099//2297
f 1099//2298 1101//2298 1131//2298
f 1099//2299 1131//2299 1171//2299
f 1132//2300 1173//2300 1131//2300
f 1073//2301 1042//2301 1044//2301
f 1073//2302 1044//2302 1075//2302
f 1075//2303 1044//2303 1027//2303
f 1075//2304 1027//2304 1029//2304
f 1029//2305 1027//2305 1006//2305
f 1106//2306 1102//2306 1073//2306
f 1106//2307 1073//2307 1075//2307
f 1075//2308 1029//2308 1080//2308
f 1080//2309 1029//2309 1048//2309
f 1082//2310 1030//2310 1031//2310
f 1048//2311 1029//2311 1049//2311
f 1049//2312 1029//2312 1030//2312
f 1082//2313 1113//2313 1081//2313
f 1136//2314 1111//2314 1137//2314
f 1137//2315 1111//2315 1112//2315
f 1137//2316 1112//2316 1081//2316
f 1211//2317 1209//2317 1175//2317
f 1389//2318 1314//2318 1393//2318
f 1393//2319 1314//2319 1316//2319
f 1393//2320 1316//2320 1320//2320
f 1314//2321 1269//2321 1316//2321
f 1316//2322 1269//2322 1271//2322
f 1316//2323 1271//2323 1320//2323
f 1320//2324 1271//2324 1273//2324
f 1320//2325 1273//2325 1278//2325
f 1214//2326 1176//2326 1136//2326
f 1136//2327 1176//2327 1134//2327
f 1278//2328 1273//2328 1214//2328
f 1214//2329 1136//2329 1218//2329
f 1137//2330 1179//2330 1136//2330
f 1136//2331 1179//2331 1218//2331
f 1081//2332 1113//2332 1137//2332
f 1137//2333 1113//2333 1138//2333
f 1137//2334 1138//2334 1180//2334
f 1181//2335 1282//2335 1219//2335
f 1219//2336 1282//2336 1331//2336
f 1455//2337 1402//2337 1330//2337
f 1330//2338 1402//2338 1326//2338
f 1330//2339 1326//2339 1281//2339
f 1330//2340 1281//2340 1331//2340
f 1331//2341 1281//2341 1219//2341
f 1397//2342 1451//2342 1446//2342
f 1647//2343 1644//2343 1511//2343
f 1647//2344 1511//2344 1566//2344
f 1566//2345 1511//2345 1515//2345
f 1446//2346 1516//2346 1515//2346
f 1515//2347 1516//2347 1568//2347
f 1515//2348 1568//2348 1566//2348
f 1566//2349 1568//2349 1647//2349
f 1517//2350 1516//2350 1519//2350
f 1519//2351 1516//2351 1456//2351
f 1456//2352 1455//2352 1407//2352
f 1407//2353 1455//2353 1330//2353
f 1407//2354 1330//2354 1331//2354
f 1332//2355 1331//2355 1282//2355
f 1332//2356 1282//2356 1333//2356
f 1408//2357 1333//2357 1461//2357
f 1571//2358 1520//2358 1524//2358
f 1524//2359 1520//2359 1460//2359
f 1524//2360 1460//2360 1461//2360
f 1461//2361 1460//2361 1408//2361
f 1571//2362 1652//2362 1650//2362
f 1740//2363 1648//2363 1650//2363
f 1731//2364 1736//2364 1853//2364
f 1731//2365 1853//2365 1844//2365
f 1957//2366 1845//2366 1846//2366
f 1846//2367 1845//2367 1854//2367
f 1845//2368 1844//2368 1854//2368
f 1854//2369 1844//2369 1853//2369
f 1854//2370 1853//2370 1861//2370
f 1741//2371 1740//2371 1653//2371
f 1572//2372 1571//2372 1524//2372
f 1572//2373 1524//2373 1652//2373
f 1652//2374 1524//2374 1582//2374
f 1652//2375 1582//2375 1653//2375
f 1461//2376 1525//2376 1524//2376
f 1524//2377 1525//2377 1581//2377
f 1524//2378 1581//2378 1582//2378
f 1526//2379 1527//2379 1528//2379
f 1526//2380 1528//2380 1583//2380
f 1583//2381 1528//2381 1584//2381
f 1666//2382 1749//2382 1665//2382
f 1666//2383 1665//2383 1584//2383
f 1584//2384 1665//2384 1583//2384
f 1873//2385 1874//2385 1862//2385
f 1855//2386 1862//2386 1965//2386
f 1965//2387 1862//2387 1974//2387
f 1967//2388 1959//2388 1966//2388
f 1966//2389 1959//2389 1958//2389
f 1966//2390 1958//2390 1965//2390
f 2012//2391 1959//2391 1967//2391
f 1967//2392 1966//2392 1975//2392
f 1975//2393 1974//2393 1875//2393
f 1873//2394 1749//2394 1750//2394
f 1750//2395 1749//2395 1666//2395
f 1750//2396 1666//2396 1874//2396
f 1874//2397 1666//2397 1761//2397
f 1874//2398 1761//2398 1875//2398
f 1667//2399 1666//2399 1584//2399
f 1667//2400 1584//2400 1585//2400
f 1585//2401 1584//2401 1528//2401
f 1585//2402 1528//2402 1586//2402
f 1876//2403 1884//2403 1983//2403
f 1982//2404 1876//2404 1983//2404
f 1982//2405 1983//2405 1976//2405
f 1669//2406 1764//2406 1763//2406
f 1763//2407 1764//2407 1884//2407
f 1763//2408 1884//2408 1762//2408
f 1762//2409 1884//2409 1876//2409
f 1764//2410 1765//2410 1884//2410
f 1884//2411 1765//2411 1885//2411
f 1884//2412 1885//2412 1983//2412
f 1983//2413 1885//2413 1984//2413
f 1983//2414 1984//2414 1977//2414
f 1668//2415 1587//2415 1763//2415
f 1763//2416 1587//2416 1588//2416
f 1763//2417 1588//2417 1669//2417
f 1886//2418 1766//2418 1767//2418
f 1881//2419 1880//2419 1886//2419
f 1886//2420 1880//2420 1879//2420
f 1881//2421 1980//2421 1986//2421
f 1881//2422 1986//2422 1880//2422
f 1971//2423 1981//2423 1972//2423
f 1972//2424 1973//2424 1964//2424
f 1964//2425 1973//2425 1858//2425
f 1964//2426 1858//2426 1850//2426
f 1850//2427 1858//2427 1851//2427
f 1886//2428 1767//2428 1674//2428
f 1886//2429 1674//2429 1768//2429
f 1766//2430 1671//2430 1767//2430
f 1767//2431 1671//2431 1672//2431
f 1767//2432 1672//2432 1673//2432
f 1673//2433 1672//2433 1589//2433
f 1673//2434 1589//2434 1590//2434
f 1675//2435 1591//2435 1592//2435
f 1675//2436 1592//2436 1676//2436
f 1675//2437 1676//2437 1771//2437
f 1759//2438 1758//2438 1771//2438
f 1771//2439 1758//2439 1770//2439
f 1771//2440 1770//2440 1675//2440
f 1759//2441 1771//2441 1760//2441
f 1760//2442 1871//2442 1759//2442
f 1739//2443 1860//2443 1747//2443
f 1747//2444 1860//2444 1872//2444
f 732//2445 780//2445 811//2445
f 811//2446 780//2446 813//2446
f 811//2447 813//2447 812//2447
f 99//2448 182//2448 98//2448
f 98//2449 182//2449 180//2449
f 366//2450 444//2450 365//2450
f 366//2451 365//2451 267//2451
f 267//2452 365//2452 355//2452
f 267//2453 355//2453 261//2453
f 261//2454 355//2454 354//2454
f 261//2455 354//2455 350//2455
f 689//2456 688//2456 644//2456
f 644//2457 688//2457 642//2457
f 644//2458 642//2458 606//2458
f 606//2459 642//2459 640//2459
f 606//2460 640//2460 604//2460
f 604//2461 640//2461 602//2461
f 947//2462 946//2462 918//2462
f 918//2463 946//2463 943//2463
f 918//2464 943//2464 916//2464
f 916//2465 943//2465 942//2465
f 916//2466 942//2466 914//2466
f 914//2467 942//2467 913//2467
f 1271//2468 1209//2468 1273//2468
f 1273//2469 1209//2469 1211//2469
f 1273//2470 1211//2470 1214//2470
f 1214//2471 1211//2471 1175//2471
f 1214//2472 1175//2472 1176//2472
f 1653//2473 1740//2473 1652//2473
f 1652//2474 1740//2474 1650//2474
f 1516//2475 1446//2475 1451//2475
f 1516//2476 1451//2476 1455//2476
f 1455//2477 1451//2477 1397//2477
f 1455//2478 1397//2478 1402//2478
f 1976//2479 1983//2479 1977//2479
f 1976//2480 1977//2480 2016//2480
f 2016//2481 1977//2481 2017//2481
f 2017//2482 2018//2482 2013//2482
f 2013//2483 2018//2483 2019//2483
f 2013//2484 2019//2484 2014//2484
f 2014//2485 2019//2485 2015//2485
f 1875//2486 1974//2486 1874//2486
f 1874//2487 1974//2487 1862//2487
f 1872//2488 1871//2488 1747//2488
f 1747//2489 1871//2489 1760//2489
f 1747//2490 1760//2490 1663//2490
f 1663//2491 1760//2491 1771//2491
f 1663//2492 1771//2492 1677//2492
f 1677//2493 1771//2493 1676//2493
f 1677//2494 1676//2494 1593//2494
f 1593//2495 1676//2495 1592//2495
f 1593//2496 1592//2496 1529//2496
f 1768//2497 1769//2497 1886//2497
f 1886//2498 1769//2498 1882//2498
f 1886//2499 1882//2499 1881//2499
f 1881//2500 1882//2500 1981//2500
f 1881//2501 1981//2501 1980//2501
f 1980//2502 1981//2502 1971//2502
f 256//2503 261//2503 255//2503
f 255//2504 261//2504 345//2504
f 255//2505 345//2505 250//2505
f 250//2506 345//2506 344//2506
f 250//2507 344//2507 340//2507
f 340//2508 344//2508 416//2508
f 166//2509 165//2509 161//2509
f 166//2510 161//2510 167//2510
f 167//2511 161//2511 86//2511
f 679//2512 723//2512 678//2512
f 679//2513 678//2513 640//2513
f 640//2514 678//2514 637//2514
f 640//2515 637//2515 602//2515
f 492//2516 418//2516 494//2516
f 492//2517 494//2517 530//2517
f 530//2518 494//2518 532//2518
f 530//2519 532//2519 531//2519
f 968//2520 1004//2520 967//2520
f 968//2521 967//2521 942//2521
f 942//2522 967//2522 940//2522
f 942//2523 940//2523 941//2523
f 836//2524 857//2524 835//2524
f 836//2525 835//2525 807//2525
f 807//2526 835//2526 805//2526
f 1102//2527 1132//2527 1101//2527
f 1102//2528 1101//2528 1073//2528
f 1073//2529 1101//2529 1071//2529
f 1073//2530 1071//2530 1042//2530
f 1736//2531 1648//2531 1740//2531
f 1736//2532 1740//2532 1853//2532
f 1853//2533 1740//2533 1741//2533
f 1853//2534 1741//2534 1861//2534
f 1885//2535 1877//2535 1984//2535
f 1984//2536 1877//2536 1985//2536
f 1984//2537 1985//2537 1977//2537
f 1977//2538 1985//2538 1978//2538
f 1977//2539 1978//2539 2018//2539
f 2018//2540 1978//2540 1979//2540
f 2018//2541 1979//2541 2019//2541
f 2019//2542 1979//2542 1970//2542
f 1965//2543 1974//2543 1966//2543
f 1966//2544 1974//2544 1975//2544
f 1882//2545 1883//2545 1981//2545
f 1981//2546 1883//2546 1869//2546
f 1981//2547 1869//2547 1973//2547
f 1973//2548 1869//2548 1870//2548
f 1973//2549 1870//2549 1858//2549
f 96//2550 177//2550 167//2550
f 167//2551 177//2551 176//2551
f 167//2552 176//2552 175//2552
f 175//2553 176//2553 270//2553
f 496//2554 536//2554 534//2554
f 496//2555 534//2555 494//2555
f 494//2556 534//2556 533//2556
f 494//2557 533//2557 532//2557
f 857//2558 836//2558 837//2558
f 837//2559 836//2559 807//2559
f 837//2560 807//2560 808//2560
f 808//2561 807//2561 775//2561
f 808//2562 775//2562 810//2562
f 810//2563 775//2563 728//2563
f 810//2564 728//2564 729//2564
f 450//2565 452//2565 1463//2565
f 446//2566 447//2566 1463//2566
f 1590//2567 1589//2567 1031//2567
f 1031//2568 1589//2568 1672//2568
f 1031//2569 1672//2569 1671//2569
f 446//2570 1463//2570 445//2570
f 1530//2571 1529//2571 1031//2571
f 1138//2572 1113//2572 1671//2572
f 447//2573 448//2573 1463//2573
f 1463//2574 448//2574 449//2574
f 1529//2575 1592//2575 1031//2575
f 1031//2576 1592//2576 1591//2576
f 1031//2577 1591//2577 1590//2577
f 980//2578 948//2578 1463//2578
f 1463//2579 865//2579 812//2579
f 812//2580 813//2580 1463//2580
f 1463//2581 813//2581 780//2581
f 1463//2582 780//2582 734//2582
f 1526//2583 1462//2583 1669//2583
f 1282//2584 1181//2584 1671//2584
f 1671//2585 1181//2585 1180//2585
f 1671//2586 1180//2586 1138//2586
f 1113//2587 1082//2587 1671//2587
f 1671//2588 1082//2588 1031//2588
f 1463//2589 449//2589 450//2589
f 1462//2590 1461//2590 1669//2590
f 1669//2591 1461//2591 1333//2591
f 1669//2592 1333//2592 1670//2592
f 1670//2593 1333//2593 1671//2593
f 1671//2594 1333//2594 1282//2594
f 1530//2595 1031//2595 1463//2595
f 1463//2596 1031//2596 1010//2596
f 1463//2597 1010//2597 980//2597
f 948//2598 921//2598 1463//2598
f 1463//2599 921//2599 865//2599
f 734//2600 690//2600 1463//2600
f 1463//2601 690//2601 646//2601
f 539//2602 503//2602 1463//2602
f 1463//2603 503//2603 504//2603
f 1463//2604 504//2604 445//2604
f 1586//2605 1669//2605 1587//2605
f 1587//2606 1669//2606 1588//2606
f 1586//2607 1528//2607 1669//2607
f 1669//2608 1528//2608 1527//2608
f 1669//2609 1527//2609 1526//2609
f 646//2610 584//2610 1463//2610
f 1463//2611 584//2611 538//2611
f 1463//2612 538//2612 539//2612
f 92//2613 91//2613 83//2613
f 83//2614 91//2614 82//2614
f 83//2615 82//2615 81//2615
f 173//2616 274//2616 183//2616
f 443//2617 441//2617 442//2617
f 442//2618 441//2618 362//2618
f 442//2619 362//2619 363//2619
f 363//2620 362//2620 274//2620
f 276//2621 364//2621 363//2621
f 363//2622 364//2622 442//2622
f 442//2623 364//2623 443//2623
f 274//2624 275//2624 363//2624
f 363//2625 275//2625 276//2625
f 93//2626 164//2626 173//2626
f 173//2627 164//2627 174//2627
f 173//2628 174//2628 274//2628
f 274//2629 174//2629 275//2629
f 275//2630 174//2630 266//2630
f 275//2631 266//2631 276//2631
f 183//2632 172//2632 173//2632
f 173//2633 172//2633 93//2633
f 93//2634 172//2634 92//2634
f 93//2635 92//2635 83//2635
f 276//2636 266//2636 184//2636
f 184//2637 266//2637 174//2637
f 184//2638 174//2638 100//2638
f 100//2639 174//2639 94//2639
f 94//2640 174//2640 164//2640
f 94//2641 164//2641 93//2641
f 76//2642 14//2642 83//2642
f 19//2643 83//2643 14//2643
f 100//2644 101//2644 184//2644
f 83//2645 84//2645 93//2645
f 101//2646 100//2646 95//2646
f 95//2647 100//2647 94//2647
f 95//2648 94//2648 93//2648
f 95//2649 93//2649 85//2649
f 85//2650 93//2650 84//2650
f 1837//2651 1842//2651 1852//2651
f 1964//2652 1850//2652 1842//2652
f 1842//2653 1850//2653 1851//2653
f 1842//2654 1851//2654 1852//2654
f 1852//2655 1729//2655 1837//2655
f 1837//2656 1729//2656 1726//2656
f 1837//2657 1726//2657 1842//2657
f 1842//2658 1726//2658 1836//2658
f 1842//2659 1836//2659 1954//2659
f 1954//2660 1836//2660 1948//2660
f 1954//2661 1948//2661 1956//2661
f 1963//2662 2010//2662 2014//2662
f 2014//2663 2010//2663 2009//2663
f 2014//2664 2009//2664 2013//2664
f 1963//2665 1956//2665 2010//2665
f 2010//2666 1956//2666 1948//2666
f 2010//2667 1948//2667 2009//2667
f 2009//2668 1948//2668 2006//2668
f 2009//2669 2006//2669 2008//2669
f 2008//2670 2006//2670 2005//2670
f 2008//2671 2005//2671 2011//2671
f 2012//2672 2007//2672 1959//2672
f 1959//2673 2007//2673 1955//2673
f 1959//2674 1955//2674 1958//2674
f 2012//2675 2011//2675 2007//2675
f 2007//2676 2011//2676 2005//2676
f 2007//2677 2005//2677 1950//2677
f 1950//2678 2005//2678 1945//2678
f 1950//2679 1945//2679 1949//2679
f 1949//2680 1945//2680 1944//2680
f 1949//2681 1944//2681 1957//2681
f 1845//2682 1839//2682 1844//2682
f 1844//2683 1839//2683 1843//2683
f 1844//2684 1843//2684 1731//2684
f 1639//2685 1727//2685 1833//2685
f 1833//2686 1727//2686 1838//2686
f 1833//2687 1838//2687 1944//2687
f 1944//2688 1838//2688 1839//2688
f 1944//2689 1839//2689 1957//2689
f 1957//2690 1839//2690 1845//2690
f 1642//2691 1639//2691 1564//2691
f 1564//2692 1639//2692 1505//2692
f 1564//2693 1505//2693 1509//2693
f 1511//2694 1644//2694 1642//2694
f 1642//2695 1644//2695 1639//2695
f 1639//2696 1644//2696 1645//2696
f 1639//2697 1645//2697 1727//2697
f 1387//2698 1379//2698 1309//2698
f 1309//2699 1379//2699 1261//2699
f 1309//2700 1261//2700 1264//2700
f 1509//2701 1505//2701 1442//2701
f 1442//2702 1505//2702 1379//2702
f 1442//2703 1379//2703 1389//2703
f 1389//2704 1379//2704 1387//2704
f 1389//2705 1387//2705 1314//2705
f 1314//2706 1387//2706 1313//2706
f 1314//2707 1313//2707 1269//2707
f 1208//2708 1168//2708 1171//2708
f 1171//2709 1168//2709 1169//2709
f 1171//2710 1169//2710 1099//2710
f 1208//2711 1264//2711 1168//2711
f 1168//2712 1264//2712 1261//2712
f 1168//2713 1261//2713 1169//2713
f 1169//2714 1261//2714 1165//2714
f 1169//2715 1165//2715 1097//2715
f 1097//2716 1165//2716 1068//2716
f 1097//2717 1068//2717 1069//2717
f 1041//2718 1022//2718 1002//2718
f 1002//2719 1022//2719 1000//2719
f 1002//2720 1000//2720 965//2720
f 1041//2721 1069//2721 1022//2721
f 1022//2722 1069//2722 1068//2722
f 1022//2723 1068//2723 1000//2723
f 1000//2724 1068//2724 998//2724
f 1000//2725 998//2725 963//2725
f 963//2726 998//2726 938//2726
f 963//2727 938//2727 939//2727
f 911//2728 881//2728 856//2728
f 856//2729 881//2729 855//2729
f 856//2730 855//2730 833//2730
f 911//2731 939//2731 881//2731
f 881//2732 939//2732 938//2732
f 881//2733 938//2733 854//2733
f 854//2734 938//2734 853//2734
f 854//2735 853//2735 762//2735
f 854//2736 762//2736 804//2736
f 804//2737 762//2737 768//2737
f 673//2738 675//2738 674//2738
f 676//2739 677//2739 719//2739
f 719//2740 677//2740 720//2740
f 719//2741 720//2741 769//2741
f 673//2742 674//2742 762//2742
f 762//2743 674//2743 719//2743
f 762//2744 719//2744 768//2744
f 768//2745 719//2745 769//2745
f 675//2746 673//2746 601//2746
f 601//2747 673//2747 564//2747
f 601//2748 564//2748 570//2748
f 528//2749 491//2749 571//2749
f 528//2750 571//2750 566//2750
f 571//2751 570//2751 566//2751
f 566//2752 570//2752 564//2752
f 566//2753 564//2753 524//2753
f 524//2754 564//2754 482//2754
f 524//2755 482//2755 488//2755
f 488//2756 482//2756 416//2756
f 250//2757 340//2757 336//2757
f 336//2758 340//2758 415//2758
f 340//2759 416//2759 415//2759
f 415//2760 416//2760 482//2760
f 415//2761 482//2761 336//2761
f 336//2762 482//2762 332//2762
f 336//2763 332//2763 246//2763
f 246//2764 332//2764 241//2764
f 246//2765 241//2765 248//2765
f 155//2766 152//2766 157//2766
f 157//2767 152//2767 153//2767
f 157//2768 153//2768 78//2768
f 155//2769 248//2769 152//2769
f 152//2770 248//2770 241//2770
f 152//2771 241//2771 153//2771
f 153//2772 241//2772 149//2772
f 153//2773 149//2773 74//2773
f 74//2774 149//2774 69//2774
f 74//2775 69//2775 77//2775
f 79//2776 75//2776 17//2776
f 17//2777 75//2777 16//2777
f 17//2778 16//2778 18//2778
f 84//2779 83//2779 19//2779
f 79//2780 77//2780 75//2780
f 75//2781 77//2781 69//2781
f 75//2782 69//2782 15//2782
f 15//2783 69//2783 12//2783
f 15//2784 12//2784 14//2784
f 14//2785 12//2785 13//2785
f 14//2786 13//2786 19//2786
f 19//2787 13//2787 72//2787
f 19//2788 72//2788 84//2788
f 84//2789 72//2789 73//2789
f 84//2790 73//2790 85//2790
f 67//2791 68//2791 73//2791
f 1836//2792 1726//2792 1724//2792
f 73//2793 72//2793 67//2793
f 67//2794 72//2794 13//2794
f 67//2795 13//2795 11//2795
f 11//2796 13//2796 12//2796
f 11//2797 12//2797 10//2797
f 10//2798 12//2798 69//2798
f 10//2799 69//2799 64//2799
f 64//2800 69//2800 149//2800
f 64//2801 149//2801 146//2801
f 146//2802 149//2802 241//2802
f 146//2803 241//2803 235//2803
f 235//2804 241//2804 332//2804
f 235//2805 332//2805 328//2805
f 328//2806 332//2806 482//2806
f 328//2807 482//2807 480//2807
f 480//2808 482//2808 564//2808
f 480//2809 564//2809 560//2809
f 560//2810 564//2810 673//2810
f 560//2811 673//2811 669//2811
f 669//2812 673//2812 762//2812
f 669//2813 762//2813 758//2813
f 758//2814 762//2814 853//2814
f 758//2815 853//2815 852//2815
f 852//2816 853//2816 938//2816
f 852//2817 938//2817 937//2817
f 937//2818 938//2818 998//2818
f 937//2819 998//2819 996//2819
f 996//2820 998//2820 1068//2820
f 996//2821 1068//2821 1067//2821
f 1067//2822 1068//2822 1165//2822
f 1067//2823 1165//2823 1160//2823
f 1160//2824 1165//2824 1261//2824
f 1160//2825 1261//2825 1254//2825
f 1254//2826 1261//2826 1379//2826
f 1254//2827 1379//2827 1373//2827
f 1373//2828 1379//2828 1505//2828
f 1373//2829 1505//2829 1500//2829
f 1500//2830 1505//2830 1639//2830
f 1500//2831 1639//2831 1636//2831
f 1636//2832 1639//2832 1833//2832
f 1636//2833 1833//2833 1829//2833
f 1829//2834 1833//2834 1944//2834
f 1829//2835 1944//2835 1939//2835
f 1939//2836 1944//2836 1945//2836
f 1939//2837 1945//2837 1940//2837
f 1940//2838 1945//2838 2005//2838
f 1940//2839 2005//2839 2003//2839
f 2003//2840 2005//2840 2006//2840
f 2003//2841 2006//2841 2004//2841
f 2004//2842 2006//2842 1948//2842
f 2004//2843 1948//2843 1943//2843
f 1943//2844 1948//2844 1836//2844
f 1943//2845 1836//2845 1832//2845
f 1832//2846 1836//2846 1724//2846
f 394//2847 289//2847 299//2847
f 299//2848 289//2848 190//2848
f 299//2849 190//2849 200//2849
f 200//2850 190//2850 191//2850
f 200//2851 191//2851 110//2851
f 200//2852 110//2852 111//2852
f 122//2853 111//2853 21//2853
f 122//2854 21//2854 123//2854
f 123//2855 21//2855 27//2855
f 123//2856 27//2856 129//2856
f 45//2857 134//2857 133//2857
f 45//2858 133//2858 38//2858
f 37//2859 38//2859 129//2859
f 37//2860 129//2860 28//2860
f 28//2861 129//2861 27//2861
f 289//2862 394//2862 288//2862
f 288//2863 394//2863 298//2863
f 288//2864 298//2864 287//2864
f 288//2865 298//2865 189//2865
f 189//2866 298//2866 104//2866
f 104//2867 298//2867 199//2867
f 104//2868 199//2868 109//2868
f 109//2869 199//2869 120//2869
f 109//2870 120//2870 26//2870
f 26//2871 120//2871 121//2871
f 26//2872 121//2872 36//2872
f 139//2873 52//2873 44//2873
f 393//2874 381//2874 297//2874
f 297//2875 381//2875 285//2875
f 297//2876 285//2876 198//2876
f 198//2877 285//2877 187//2877
f 198//2878 106//2878 119//2878
f 119//2879 106//2879 23//2879
f 119//2880 23//2880 128//2880
f 43//2881 1//2881 51//2881
f 51//2882 1//2882 5//2882
f 1//2883 43//2883 34//2883
f 33//2884 128//2884 23//2884
f 381//2885 393//2885 392//2885
f 381//2886 392//2886 380//2886
f 380//2887 392//2887 284//2887
f 284//2888 392//2888 296//2888
f 284//2889 296//2889 186//2889
f 186//2890 296//2890 196//2890
f 105//2891 196//2891 207//2891
f 105//2892 207//2892 117//2892
f 22//2893 117//2893 32//2893
f 32//2894 117//2894 127//2894
f 50//2895 4//2895 49//2895
f 49//2896 4//2896 3//2896
f 49//2897 3//2897 42//2897
f 32//2898 42//2898 127//2898
f 459//2899 509//2899 454//2899
f 459//2900 454//2900 378//2900
f 459//2901 378//2901 391//2901
f 391//2902 378//2902 294//2902
f 391//2903 294//2903 295//2903
f 303//2904 295//2904 194//2904
f 303//2905 194//2905 206//2905
f 206//2906 194//2906 205//2906
f 206//2907 205//2907 211//2907
f 132//2908 40//2908 48//2908
f 48//2909 40//2909 47//2909
f 40//2910 132//2910 126//2910
f 126//2911 211//2911 125//2911
f 125//2912 211//2912 205//2912
f 509//2913 459//2913 508//2913
f 508//2914 459//2914 513//2914
f 508//2915 513//2915 507//2915
f 137//2916 138//2916 46//2916
f 507//2917 513//2917 512//2917
f 507//2918 512//2918 453//2918
f 453//2919 512//2919 458//2919
f 453//2920 458//2920 377//2920
f 377//2921 458//2921 389//2921
f 293//2922 389//2922 396//2922
f 293//2923 396//2923 301//2923
f 301//2924 396//2924 302//2924
f 301//2925 302//2925 204//2925
f 204//2926 302//2926 209//2926
f 137//2927 46//2927 217//2927
f 46//2928 135//2928 217//2928
f 217//2929 135//2929 130//2929
f 217//2930 130//2930 210//2930
f 210//2931 130//2931 209//2931
f 209//2932 130//2932 124//2932
f 591//2933 587//2933 586//2933
f 591//2934 586//2934 546//2934
f 546//2935 586//2935 541//2935
f 546//2936 541//2936 511//2936
f 511//2937 541//2937 505//2937
f 461//2938 457//2938 395//2938
f 215//2939 313//2939 307//2939
f 307//2940 313//2940 404//2940
f 136//2941 224//2941 221//2941
f 221//2942 224//2942 314//2942
f 221//2943 314//2943 215//2943
f 215//2944 314//2944 313//2944
f 395//2945 306//2945 404//2945
f 404//2946 306//2946 307//2946
f 586//2947 591//2947 619//2947
f 586//2948 619//2948 615//2948
f 402//2949 464//2949 403//2949
f 408//2950 312//2950 403//2950
f 403//2951 312//2951 402//2951
f 615//2952 619//2952 618//2952
f 615//2953 618//2953 585//2953
f 585//2954 618//2954 590//2954
f 585//2955 590//2955 540//2955
f 540//2956 590//2956 544//2956
f 544//2957 590//2957 545//2957
f 544//2958 545//2958 510//2958
f 510//2959 545//2959 515//2959
f 510//2960 515//2960 514//2960
f 514//2961 515//2961 460//2961
f 402//2962 460//2962 464//2962
f 319//2963 223//2963 317//2963
f 319//2964 317//2964 408//2964
f 408//2965 317//2965 312//2965
f 697//2966 692//2966 651//2966
f 651//2967 692//2967 647//2967
f 651//2968 647//2968 617//2968
f 592//2969 617//2969 588//2969
f 409//2970 410//2970 467//2970
f 467//2971 410//2971 518//2971
f 467//2972 518//2972 517//2972
f 517//2973 518//2973 516//2973
f 516//2974 518//2974 549//2974
f 692//2975 697//2975 737//2975
f 737//2976 697//2976 741//2976
f 737//2977 741//2977 783//2977
f 624//2978 593//2978 620//2978
f 783//2979 741//2979 736//2979
f 736//2980 741//2980 740//2980
f 736//2981 740//2981 735//2981
f 735//2982 740//2982 691//2982
f 691//2983 740//2983 696//2983
f 691//2984 696//2984 695//2984
f 649//2985 695//2985 655//2985
f 649//2986 655//2986 620//2986
f 520//2987 468//2987 519//2987
f 520//2988 519//2988 551//2988
f 551//2989 519//2989 550//2989
f 551//2990 550//2990 593//2990
f 818//2991 844//2991 843//2991
f 818//2992 843//2992 817//2992
f 817//2993 843//2993 815//2993
f 817//2994 815//2994 814//2994
f 817//2995 814//2995 787//2995
f 787//2996 814//2996 786//2996
f 786//2997 785//2997 743//2997
f 743//2998 785//2998 738//2998
f 743//2999 738//2999 742//2999
f 743//3000 742//3000 702//3000
f 660//3001 662//3001 702//3001
f 595//3002 594//3002 626//3002
f 626//3003 594//3003 662//3003
f 742//3004 701//3004 702//3004
f 702//3005 701//3005 660//3005
f 869//3006 895//3006 818//3006
f 818//3007 895//3007 844//3007
f 895//3008 869//3008 867//3008
f 867//3009 869//3009 866//3009
f 866//3010 869//3010 842//3010
f 842//3011 869//3011 846//3011
f 842//3012 846//3012 845//3012
f 845//3013 846//3013 821//3013
f 792//3014 744//3014 789//3014
f 627//3015 628//3015 663//3015
f 746//3016 663//3016 703//3016
f 746//3017 703//3017 744//3017
f 744//3018 746//3018 792//3018
f 821//3019 820//3019 816//3019
f 821//3020 816//3020 845//3020
f 926//3021 950//3021 949//3021
f 926//3022 949//3022 925//3022
f 925//3023 949//3023 922//3023
f 925//3024 922//3024 924//3024
f 925//3025 924//3025 898//3025
f 901//3026 898//3026 897//3026
f 901//3027 897//3027 874//3027
f 874//3028 897//3028 900//3028
f 874//3029 900//3029 878//3029
f 824//3030 848//3030 847//3030
f 747//3031 748//3031 793//3031
f 793//3032 748//3032 825//3032
f 793//3033 825//3033 824//3033
f 824//3034 825//3034 848//3034
f 950//3035 926//3035 1012//3035
f 1012//3036 926//3036 986//3036
f 1012//3037 986//3037 982//3037
f 982//3038 986//3038 985//3038
f 982//3039 985//3039 981//3039
f 981//3040 985//3040 984//3040
f 984//3041 985//3041 953//3041
f 953//3042 957//3042 952//3042
f 952//3043 957//3043 956//3043
f 956//3044 957//3044 928//3044
f 902//3045 928//3045 932//3045
f 827//3046 826//3046 849//3046
f 827//3047 849//3047 880//3047
f 880//3048 849//3048 879//3048
f 880//3049 879//3049 902//3049
f 902//3050 879//3050 903//3050
f 1035//3051 1052//3051 1034//3051
f 1034//3052 1052//3052 1051//3052
f 1034//3053 1051//3053 1033//3053
f 1033//3054 1051//3054 1050//3054
f 1033//3055 1050//3055 1032//3055
f 1033//3056 1032//3056 1017//3056
f 1017//3057 1032//3057 1016//3057
f 1017//3058 1016//3058 1020//3058
f 960//3059 959//3059 905//3059
f 905//3060 959//3060 934//3060
f 959//3061 960//3061 990//3061
f 959//3062 990//3062 988//3062
f 988//3063 990//3063 989//3063
f 988//3064 989//3064 1020//3064
f 1052//3065 1035//3065 1115//3065
f 1115//3066 1035//3066 1088//3066
f 1115//3067 1088//3067 1114//3067
f 1114//3068 1088//3068 1087//3068
f 1114//3069 1087//3069 1083//3069
f 1083//3070 1087//3070 1086//3070
f 1085//3071 1086//3071 1058//3071
f 1085//3072 1058//3072 1057//3072
f 1056//3073 1057//3073 1037//3073
f 1037//3074 1057//3074 1038//3074
f 962//3075 961//3075 1021//3075
f 961//3076 991//3076 1021//3076
f 1037//3077 1021//3077 1039//3077
f 1037//3078 1039//3078 1038//3078
f 1183//3079 1144//3079 1184//3079
f 1144//3080 1183//3080 1143//3080
f 1143//3081 1183//3081 1182//3081
f 1143//3082 1182//3082 1186//3082
f 1143//3083 1186//3083 1142//3083
f 1142//3084 1186//3084 1185//3084
f 1142//3085 1185//3085 1146//3085
f 1146//3086 1185//3086 1141//3086
f 1146//3087 1141//3087 1145//3087
f 1146//3088 1145//3088 1121//3088
f 1062//3089 1040//3089 1092//3089
f 1062//3090 1092//3090 1091//3090
f 1091//3091 1092//3091 1119//3091
f 1119//3092 1092//3092 1120//3092
f 1120//3093 1121//3093 1148//3093
f 1148//3094 1121//3094 1145//3094
f 1184//3095 1144//3095 1222//3095
f 1222//3096 1144//3096 1227//3096
f 1094//3097 1064//3097 1093//3097
f 1222//3098 1227//3098 1221//3098
f 1221//3099 1227//3099 1226//3099
f 1221//3100 1226//3100 1220//3100
f 1220//3101 1226//3101 1225//3101
f 1224//3102 1225//3102 1229//3102
f 1224//3103 1229//3103 1228//3103
f 1228//3104 1229//3104 1189//3104
f 1228//3105 1189//3105 1188//3105
f 1188//3106 1189//3106 1192//3106
f 1192//3107 1189//3107 1193//3107
f 1094//3108 1093//3108 1150//3108
f 1149//3109 1150//3109 1193//3109
f 1193//3110 1150//3110 1192//3110
f 1288//3111 1336//3111 1287//3111
f 1287//3112 1336//3112 1335//3112
f 1287//3113 1335//3113 1340//3113
f 1340//3114 1335//3114 1339//3114
f 1339//3115 1335//3115 1334//3115
f 1343//3116 1338//3116 1342//3116
f 1196//3117 1151//3117 1237//3117
f 1237//3118 1151//3118 1236//3118
f 1237//3119 1236//3119 1300//3119
f 1300//3120 1236//3120 1301//3120
f 1300//3121 1301//3121 1296//3121
f 1348//3122 1296//3122 1297//3122
f 1348//3123 1297//3123 1342//3123
f 1336//3124 1288//3124 1409//3124
f 1409//3125 1288//3125 1341//3125
f 1409//3126 1341//3126 1414//3126
f 1409//3127 1414//3127 1465//3127
f 1465//3128 1414//3128 1464//3128
f 1464//3129 1414//3129 1413//3129
f 1464//3130 1413//3130 1473//3130
f 1473//3131 1413//3131 1472//3131
f 1472//3132 1413//3132 1417//3132
f 1472//3133 1417//3133 1479//3133
f 1479//3134 1417//3134 1416//3134
f 1420//3135 1416//3135 1421//3135
f 1241//3136 1240//3136 1304//3136
f 1241//3137 1304//3137 1354//3137
f 1354//3138 1304//3138 1353//3138
f 1354//3139 1353//3139 1349//3139
f 1349//3140 1353//3140 1425//3140
f 1349//3141 1425//3141 1421//3141
f 1421//3142 1425//3142 1420//3142
f 1475//3143 1466//3143 1474//3143
f 1474//3144 1466//3144 1532//3144
f 1474//3145 1532//3145 1547//3145
f 1547//3146 1532//3146 1546//3146
f 1546//3147 1610//3147 1558//3147
f 1558//3148 1610//3148 1609//3148
f 1558//3149 1609//3149 1621//3149
f 1558//3150 1621//3150 1561//3150
f 1429//3151 1359//3151 1483//3151
f 1483//3152 1359//3152 1484//3152
f 1483//3153 1484//3153 1562//3153
f 1562//3154 1484//3154 1560//3154
f 1560//3155 1484//3155 1561//3155
f 1466//3156 1475//3156 1534//3156
f 1534//3157 1475//3157 1549//3157
f 1534//3158 1549//3158 1533//3158
f 1533//3159 1549//3159 1596//3159
f 1596//3160 1549//3160 1595//3160
f 1595//3161 1549//3161 1548//3161
f 1595//3162 1548//3162 1611//3162
f 1686//3163 1611//3163 1623//3163
f 1686//3164 1623//3164 1700//3164
f 1700//3165 1623//3165 1622//3165
f 1700//3166 1622//3166 1626//3166
f 1487//3167 1486//3167 1563//3167
f 1563//3168 1486//3168 1627//3168
f 1563//3169 1627//3169 1626//3169
f 1550//3170 1536//3170 1612//3170
f 1612//3171 1536//3171 1598//3171
f 1612//3172 1598//3172 1597//3172
f 1612//3173 1597//3173 1678//3173
f 1612//3174 1678//3174 1689//3174
f 1689//3175 1777//3175 1702//3175
f 1702//3176 1777//3176 1776//3176
f 1702//3177 1776//3177 1788//3177
f 1702//3178 1788//3178 1709//3178
f 1628//3179 1629//3179 1716//3179
f 1716//3180 1629//3180 1714//3180
f 1716//3181 1714//3181 1809//3181
f 1809//3182 1714//3182 1801//3182
f 1801//3183 1714//3183 1709//3183
f 1801//3184 1709//3184 1802//3184
f 1802//3185 1709//3185 1788//3185
f 1536//3186 1550//3186 1599//3186
f 1599//3187 1550//3187 1613//3187
f 1599//3188 1613//3188 1600//3188
f 1600//3189 1613//3189 1679//3189
f 1679//3190 1613//3190 1772//3190
f 1772//3191 1613//3191 1691//3191
f 1772//3192 1691//3192 1779//3192
f 1779//3193 1691//3193 1778//3193
f 1778//3194 1691//3194 1790//3194
f 1890//3195 1790//3195 1789//3195
f 1890//3196 1789//3196 1898//3196
f 1898//3197 1789//3197 1804//3197
f 1718//3198 1717//3198 1816//3198
f 1718//3199 1816//3199 1810//3199
f 1803//3200 1810//3200 1811//3200
f 1803//3201 1811//3201 1804//3201
f 1804//3202 1811//3202 1898//3202
f 1614//3203 1602//3203 1692//3203
f 1692//3204 1602//3204 1681//3204
f 1692//3205 1681//3205 1774//3205
f 1692//3206 1774//3206 1782//3206
f 1692//3207 1782//3207 1781//3207
f 1781//3208 1782//3208 1887//3208
f 1781//3209 1887//3209 1792//3209
f 1792//3210 1887//3210 1791//3210
f 1791//3211 1887//3211 1893//3211
f 1791//3212 1893//3212 1901//3212
f 1817//3213 1910//3213 1921//3213
f 1910//3214 1911//3214 1900//3214
f 1602//3215 1614//3215 1603//3215
f 1603//3216 1614//3216 1615//3216
f 1603//3217 1615//3217 1604//3217
f 1604//3218 1615//3218 1682//3218
f 1682//3219 1615//3219 1694//3219
f 1682//3220 1694//3220 1775//3220
f 1775//3221 1694//3221 1693//3221
f 1775//3222 1693//3222 1783//3222
f 1888//3223 1783//3223 1794//3223
f 1888//3224 1794//3224 1894//3224
f 1894//3225 1794//3225 1793//3225
f 1987//3226 1894//3226 1902//3226
f 1922//3227 1918//3227 1912//3227
f 1912//3228 1918//3228 1991//3228
f 1912//3229 1991//3229 1902//3229
f 1902//3230 1991//3230 1987//3230
f 1606//3231 1616//3231 1540//3231
f 1540//3232 1616//3232 1551//3232
f 1616//3233 1606//3233 1683//3233
f 1616//3234 1683//3234 1695//3234
f 1695//3235 1683//3235 1785//3235
f 1795//3236 1785//3236 1889//3236
f 1795//3237 1889//3237 1896//3237
f 1795//3238 1896//3238 1904//3238
f 1993//3239 1913//3239 1990//3239
f 1990//3240 1913//3240 1903//3240
f 1913//3241 1993//3241 1923//3241
f 1923//3242 1993//3242 1997//3242
f 1923//3243 1997//3243 1996//3243
f 1903//3244 1904//3244 1990//3244
f 1540//3245 1551//3245 1541//3245
f 1541//3246 1551//3246 1552//3246
f 1541//3247 1552//3247 1542//3247
f 1925//3248 1924//3248 1998//3248
f 1925//3249 1998//3249 1914//3249
f 1542//3250 1552//3250 1607//3250
f 1607//3251 1552//3251 1617//3251
f 1607//3252 1617//3252 1684//3252
f 1684//3253 1617//3253 1697//3253
f 1786//3254 1697//3254 1704//3254
f 1786//3255 1704//3255 1797//3255
f 1897//3256 1797//3256 1905//3256
f 1998//3257 1995//3257 1914//3257
f 1914//3258 1995//3258 1994//3258
f 1914//3259 1994//3259 1905//3259
f 1476//3260 1411//3260 1470//3260
f 1476//3261 1470//3261 1471//3261
f 1476//3262 1471//3262 1553//3262
f 1553//3263 1471//3263 1544//3263
f 1553//3264 1544//3264 1618//3264
f 1618//3265 1544//3265 1619//3265
f 1618//3266 1619//3266 1699//3266
f 1618//3267 1699//3267 1706//3267
f 1706//3268 1699//3268 1705//3268
f 1705//3269 1699//3269 1800//3269
f 1705//3270 1800//3270 1806//3270
f 1919//3271 1926//3271 1812//3271
f 1919//3272 1812//3272 1917//3272
f 1917//3273 1812//3273 1908//3273
f 1908//3274 1812//3274 1806//3274
f 1807//3275 1806//3275 1800//3275
f 134//3276 139//3276 44//3276
f 1553//3277 1618//3277 1554//3277
f 1813//3278 1812//3278 1814//3278
f 1813//3279 1814//3279 1710//3279
f 1705//3280 1806//3280 1711//3280
f 1705//3281 1711//3281 1706//3281
f 1553//3282 1477//3282 1476//3282
f 1476//3283 1477//3283 1415//3283
f 1553//3284 1554//3284 1477//3284
f 1477//3285 1554//3285 1555//3285
f 1477//3286 1555//3286 1478//3286
f 1711//3287 1624//3287 1706//3287
f 1706//3288 1624//3288 1618//3288
f 1711//3289 1625//3289 1624//3289
f 1624//3290 1625//3290 1618//3290
f 1618//3291 1625//3291 1554//3291
f 1554//3292 1625//3292 1555//3292
f 1710//3293 1711//3293 1806//3293
f 1710//3294 1806//3294 1813//3294
f 1813//3295 1806//3295 1812//3295
f 1710//3296 1814//3296 1807//3296
f 1710//3297 1807//3297 1711//3297
f 1711//3298 1807//3298 1808//3298
f 1625//3299 1711//3299 1707//3299
f 1625//3300 1707//3300 1620//3300
f 1625//3301 1620//3301 1555//3301
f 1819//3302 1928//3302 1820//3302
f 1820//3303 1928//3303 1920//3303
f 1820//3304 1920//3304 1814//3304
f 1808//3305 1807//3305 1814//3305
f 1808//3306 1814//3306 1815//3306
f 1712//3307 1707//3307 1711//3307
f 1712//3308 1711//3308 1808//3308
f 1712//3309 1808//3309 1715//3309
f 1715//3310 1808//3310 1815//3310
f 1039//3311 1021//3311 991//3311
f 52//3312 58//3312 57//3312
f 1//3313 2//3313 5//3313
f 5//3314 2//3314 44//3314
f 5//3315 44//3315 53//3315
f 44//3316 52//3316 53//3316
f 53//3317 52//3317 57//3317
f 53//3318 57//3318 5//3318
f 5//3319 57//3319 7//3319
f 5//3320 7//3320 4//3320
f 4//3321 7//3321 6//3321
f 4//3322 6//3322 3//3322
f 42//3323 48//3323 41//3323
f 41//3324 48//3324 47//3324
f 41//3325 47//3325 40//3325
f 42//3326 3//3326 48//3326
f 48//3327 3//3327 6//3327
f 48//3328 6//3328 47//3328
f 47//3329 6//3329 54//3329
f 47//3330 54//3330 46//3330
f 46//3331 54//3331 140//3331
f 46//3332 140//3332 135//3332
f 130//3333 136//3333 216//3333
f 216//3334 136//3334 221//3334
f 216//3335 221//3335 215//3335
f 130//3336 135//3336 136//3336
f 136//3337 135//3337 140//3337
f 136//3338 140//3338 223//3338
f 223//3339 140//3339 228//3339
f 223//3340 228//3340 322//3340
f 223//3341 322//3341 317//3341
f 317//3342 322//3342 312//3342
f 407//3343 409//3343 466//3343
f 466//3344 409//3344 467//3344
f 466//3345 467//3345 517//3345
f 555//3346 519//3346 474//3346
f 474//3347 519//3347 468//3347
f 474//3348 468//3348 322//3348
f 322//3349 468//3349 409//3349
f 322//3350 409//3350 312//3350
f 312//3351 409//3351 407//3351
f 595//3352 555//3352 594//3352
f 594//3353 555//3353 664//3353
f 626//3354 662//3354 625//3354
f 626//3355 625//3355 595//3355
f 595//3356 625//3356 550//3356
f 595//3357 550//3357 555//3357
f 555//3358 550//3358 519//3358
f 703//3359 663//3359 664//3359
f 664//3360 663//3360 628//3360
f 664//3361 628//3361 594//3361
f 748//3362 747//3362 745//3362
f 745//3363 747//3363 793//3363
f 745//3364 793//3364 824//3364
f 745//3365 703//3365 748//3365
f 748//3366 703//3366 664//3366
f 748//3367 664//3367 747//3367
f 747//3368 664//3368 749//3368
f 747//3369 749//3369 826//3369
f 826//3370 749//3370 850//3370
f 826//3371 850//3371 849//3371
f 879//3372 904//3372 933//3372
f 933//3373 904//3373 934//3373
f 933//3374 934//3374 959//3374
f 879//3375 849//3375 904//3375
f 904//3376 849//3376 850//3376
f 904//3377 850//3377 934//3377
f 934//3378 850//3378 935//3378
f 934//3379 935//3379 961//3379
f 961//3380 935//3380 992//3380
f 961//3381 992//3381 991//3381
f 1039//3382 1040//3382 1061//3382
f 1061//3383 1040//3383 1062//3383
f 1061//3384 1062//3384 1091//3384
f 1039//3385 991//3385 1040//3385
f 1040//3386 991//3386 992//3386
f 1040//3387 992//3387 1063//3387
f 1063//3388 992//3388 1065//3388
f 1063//3389 1065//3389 1093//3389
f 1093//3390 1065//3390 1152//3390
f 1093//3391 1152//3391 1150//3391
f 1150//3392 1196//3392 1235//3392
f 1235//3393 1196//3393 1237//3393
f 1235//3394 1237//3394 1300//3394
f 1366//3395 1304//3395 1244//3395
f 1244//3396 1304//3396 1240//3396
f 1244//3397 1240//3397 1152//3397
f 1152//3398 1240//3398 1196//3398
f 1152//3399 1196//3399 1150//3399
f 1429//3400 1366//3400 1486//3400
f 1486//3401 1366//3401 1492//3401
f 1429//3402 1483//3402 1425//3402
f 1425//3403 1353//3403 1429//3403
f 1429//3404 1353//3404 1366//3404
f 1366//3405 1353//3405 1304//3405
f 1628//3406 1630//3406 1717//3406
f 1717//3407 1630//3407 1821//3407
f 1717//3408 1821//3408 1816//3408
f 1486//3409 1492//3409 1627//3409
f 1627//3410 1492//3410 1630//3410
f 1627//3411 1630//3411 1628//3411
f 1627//3412 1628//3412 1713//3412
f 1713//3413 1628//3413 1716//3413
f 1713//3414 1716//3414 1809//3414
f 1910//3415 1909//3415 1921//3415
f 1921//3416 1909//3416 1810//3416
f 1810//3417 1816//3417 1921//3417
f 1921//3418 1816//3418 1821//3418
f 1921//3419 1821//3419 1929//3419
f 1921//3420 1929//3420 1922//3420
f 1922//3421 1929//3421 1930//3421
f 1922//3422 1930//3422 1918//3422
f 1991//3423 1996//3423 1992//3423
f 1992//3424 1996//3424 1997//3424
f 1992//3425 1997//3425 1993//3425
f 1991//3426 1918//3426 1996//3426
f 1996//3427 1918//3427 1930//3427
f 1996//3428 1930//3428 1997//3428
f 1997//3429 1930//3429 1999//3429
f 1997//3430 1999//3430 1998//3430
f 1998//3431 1999//3431 2000//3431
f 1998//3432 2000//3432 1995//3432
f 1915//3433 1926//3433 1916//3433
f 1916//3434 1926//3434 1919//3434
f 1916//3435 1919//3435 1917//3435
f 1824//3436 1928//3436 1933//3436
f 1933//3437 1928//3437 1927//3437
f 1933//3438 1927//3438 2000//3438
f 2000//3439 1927//3439 1926//3439
f 2000//3440 1926//3440 1995//3440
f 1995//3441 1926//3441 1915//3441
f 1995//3442 1915//3442 1994//3442
f 1715//3443 1815//3443 1720//3443
f 1720//3444 1815//3444 1814//3444
f 1720//3445 1814//3445 1824//3445
f 1824//3446 1814//3446 1920//3446
f 1824//3447 1920//3447 1928//3447
f 1828//3448 1722//3448 1720//3448
f 57//3449 58//3449 63//3449
f 63//3450 62//3450 57//3450
f 57//3451 62//3451 9//3451
f 57//3452 9//3452 7//3452
f 7//3453 9//3453 8//3453
f 7//3454 8//3454 6//3454
f 6//3455 8//3455 59//3455
f 6//3456 59//3456 54//3456
f 54//3457 59//3457 143//3457
f 54//3458 143//3458 140//3458
f 140//3459 143//3459 230//3459
f 140//3460 230//3460 228//3460
f 228//3461 230//3461 324//3461
f 228//3462 324//3462 322//3462
f 322//3463 324//3463 476//3463
f 322//3464 476//3464 474//3464
f 474//3465 476//3465 557//3465
f 474//3466 557//3466 555//3466
f 555//3467 557//3467 666//3467
f 555//3468 666//3468 664//3468
f 664//3469 666//3469 755//3469
f 664//3470 755//3470 749//3470
f 749//3471 755//3471 851//3471
f 749//3472 851//3472 850//3472
f 850//3473 851//3473 936//3473
f 850//3474 936//3474 935//3474
f 935//3475 936//3475 994//3475
f 935//3476 994//3476 992//3476
f 992//3477 994//3477 1066//3477
f 992//3478 1066//3478 1065//3478
f 1065//3479 1066//3479 1157//3479
f 1065//3480 1157//3480 1152//3480
f 1152//3481 1157//3481 1250//3481
f 1152//3482 1250//3482 1244//3482
f 1244//3483 1250//3483 1370//3483
f 1244//3484 1370//3484 1366//3484
f 1366//3485 1370//3485 1495//3485
f 1366//3486 1495//3486 1492//3486
f 1492//3487 1495//3487 1633//3487
f 1492//3488 1633//3488 1630//3488
f 1630//3489 1633//3489 1825//3489
f 1630//3490 1825//3490 1821//3490
f 1821//3491 1825//3491 1934//3491
f 1821//3492 1934//3492 1929//3492
f 1929//3493 1934//3493 1935//3493
f 1929//3494 1935//3494 1930//3494
f 1930//3495 1935//3495 2001//3495
f 1930//3496 2001//3496 1999//3496
f 1999//3497 2001//3497 2002//3497
f 1999//3498 2002//3498 2000//3498
f 2000//3499 2002//3499 1938//3499
f 2000//3500 1938//3500 1933//3500
f 1933//3501 1938//3501 1828//3501
f 1933//3502 1828//3502 1824//3502
f 1824//3503 1828//3503 1720//3503
f 1363//3504 1375//3504 1364//3504
f 1364//3505 1375//3505 1376//3505
f 1195//3506 1238//3506 1239//3506
f 1239//3507 1238//3507 1243//3507
f 1243//3508 1238//3508 1242//3508
f 1243//3509 1242//3509 1306//3509
f 1306//3510 1242//3510 1305//3510
f 1306//3511 1305//3511 1360//3511
f 1306//3512 1360//3512 1362//3512
f 1362//3513 1360//3513 1361//3513
f 1362//3514 1361//3514 1364//3514
f 1364//3515 1361//3515 1363//3515
f 552//3516 1238//3516 553//3516
f 553//3517 1238//3517 1195//3517
f 552//3518 553//3518 554//3518
f 554//3519 553//3519 523//3519
f 554//3520 523//3520 521//3520
f 521//3521 523//3521 522//3521
f 521//3522 522//3522 469//3522
f 521//3523 469//3523 470//3523
f 470//3524 469//3524 471//3524
f 470//3525 471//3525 472//3525
f 472//3526 471//3526 473//3526
f 473//3527 479//3527 472//3527
f 472//3528 479//3528 478//3528
f 148//3529 145//3529 478//3529
f 151//3530 73//3530 68//3530
f 1375//3531 1635//3531 1638//3531
f 1724//3532 1726//3532 1638//3532
f 1638//3533 1726//3533 1641//3533
f 1638//3534 1641//3534 1375//3534
f 1726//3535 1729//3535 1641//3535
f 1641//3536 1729//3536 1643//3536
f 364//3537 276//3537 567//3537
f 1463//3538 1646//3538 1531//3538
f 526//3539 567//3539 151//3539
f 151//3540 567//3540 85//3540
f 151//3541 85//3541 73//3541
f 68//3542 148//3542 151//3542
f 151//3543 148//3543 478//3543
f 151//3544 478//3544 484//3544
f 151//3545 484//3545 486//3545
f 1267//3546 1463//3546 568//3546
f 1580//3547 1594//3547 1646//3547
f 486//3548 489//3548 151//3548
f 151//3549 489//3549 526//3549
f 1646//3550 1594//3550 1531//3550
f 1463//3551 452//3551 568//3551
f 568//3552 452//3552 443//3552
f 568//3553 443//3553 364//3553
f 568//3554 364//3554 567//3554
f 567//3555 95//3555 85//3555
f 1384//3556 1643//3556 1646//3556
f 1375//3557 1641//3557 1643//3557
f 1375//3558 1643//3558 1381//3558
f 1381//3559 1643//3559 1384//3559
f 276//3560 184//3560 567//3560
f 567//3561 184//3561 101//3561
f 567//3562 101//3562 95//3562
f 1267//3563 1311//3563 1463//3563
f 1463//3564 1311//3564 1646//3564
f 1646//3565 1311//3565 1384//3565
f 1748//3566 1664//3566 1646//3566
f 1646//3567 1664//3567 1580//3567
f 1735//3568 1739//3568 1646//3568
f 1646//3569 1739//3569 1748//3569
f 1285//3570 1223//3570 1284//3570
f 1892//3571 1893//3571 1780//3571
f 1556//3572 1557//3572 1545//3572
f 1701//3573 1787//3573 1688//3573
f 1118//3574 1145//3574 1141//3574
f 1290//3575 1342//3575 1337//3575
f 694//3576 649//3576 654//3576
f 31//3577 126//3577 116//3577
f 35//3578 34//3578 24//3578
f 287//3579 288//3579 286//3579
f 109//3580 26//3580 25//3580
f 126//3581 125//3581 115//3581
f 115//3582 125//3582 205//3582
f 453//3583 377//3583 505//3583
f 301//3584 203//3584 300//3584
f 585//3585 540//3585 613//3585
f 588//3586 589//3586 543//3586
f 924//3587 922//3587 893//3587
f 923//3588 896//3588 894//3588
f 928//3589 931//3589 958//3589
f 988//3590 989//3590 958//3590
f 1032//3591 1050//3591 1011//3591
f 1056//3592 1060//3592 1090//3592
f 1119//3593 1120//3593 1090//3593
f 1182//3594 1183//3594 1115//3594
f 1188//3595 1193//3595 1233//3595
f 1233//3596 1193//3596 1235//3596
f 1609//3597 1610//3597 1545//3597
f 1811//3598 1810//3598 1909//3598
f 1604//3599 1682//3599 1605//3599
f 1783//3600 1888//3600 1784//3600
f 1797//3601 1897//3601 1798//3601
f 1797//3602 1798//3602 1786//3602
f 1542//3603 1607//3603 1685//3603
f 1685//3604 1607//3604 1684//3604
f 1685//3605 1684//3605 1698//3605
f 1698//3606 1684//3606 1697//3606
f 1698//3607 1697//3607 1786//3607
f 1608//3608 1543//3608 1542//3608
f 1540//3609 1539//3609 1606//3609
f 1542//3610 1469//3610 1541//3610
f 1605//3611 1683//3611 1606//3611
f 1785//3612 1683//3612 1784//3612
f 1889//3613 1785//3613 1784//3613
f 1889//3614 1784//3614 1896//3614
f 1904//3615 1896//3615 1895//3615
f 1904//3616 1895//3616 1990//3616
f 1990//3617 1989//3617 1993//3617
f 1993//3618 1989//3618 1988//3618
f 1993//3619 1988//3619 1992//3619
f 1894//3620 1987//3620 1988//3620
f 1988//3621 1987//3621 1992//3621
f 1992//3622 1987//3622 1991//3622
f 1894//3623 1895//3623 1888//3623
f 1683//3624 1775//3624 1784//3624
f 1784//3625 1775//3625 1783//3625
f 1683//3626 1605//3626 1682//3626
f 1683//3627 1682//3627 1775//3627
f 1605//3628 1606//3628 1539//3628
f 1605//3629 1539//3629 1604//3629
f 1604//3630 1539//3630 1538//3630
f 1604//3631 1538//3631 1603//3631
f 1681//3632 1680//3632 1774//3632
f 1774//3633 1680//3633 1679//3633
f 1774//3634 1679//3634 1773//3634
f 1887//3635 1780//3635 1893//3635
f 1892//3636 1891//3636 1899//3636
f 1899//3637 1891//3637 1890//3637
f 1899//3638 1890//3638 1898//3638
f 1887//3639 1782//3639 1774//3639
f 1887//3640 1774//3640 1780//3640
f 1780//3641 1774//3641 1773//3641
f 1780//3642 1773//3642 1772//3642
f 1772//3643 1773//3643 1679//3643
f 1679//3644 1680//3644 1600//3644
f 1681//3645 1602//3645 1680//3645
f 1680//3646 1602//3646 1601//3646
f 1680//3647 1601//3647 1600//3647
f 1599//3648 1600//3648 1537//3648
f 1599//3649 1537//3649 1536//3649
f 1596//3650 1688//3650 1777//3650
f 1597//3651 1533//3651 1678//3651
f 1678//3652 1533//3652 1596//3652
f 1678//3653 1596//3653 1689//3653
f 1689//3654 1596//3654 1777//3654
f 1776//3655 1777//3655 1688//3655
f 1776//3656 1688//3656 1788//3656
f 1788//3657 1688//3657 1787//3657
f 1788//3658 1787//3658 1802//3658
f 1802//3659 1787//3659 1701//3659
f 1809//3660 1801//3660 1708//3660
f 1809//3661 1708//3661 1713//3661
f 1626//3662 1627//3662 1713//3662
f 1713//3663 1708//3663 1626//3663
f 1626//3664 1708//3664 1700//3664
f 1595//3665 1611//3665 1687//3665
f 1687//3666 1611//3666 1686//3666
f 1534//3667 1533//3667 1535//3667
f 1535//3668 1533//3668 1597//3668
f 1535//3669 1597//3669 1536//3669
f 1536//3670 1597//3670 1598//3670
f 1535//3671 1468//3671 1534//3671
f 1534//3672 1468//3672 1467//3672
f 1534//3673 1467//3673 1466//3673
f 1532//3674 1409//3674 1465//3674
f 1532//3675 1465//3675 1546//3675
f 1609//3676 1545//3676 1621//3676
f 1621//3677 1545//3677 1557//3677
f 1621//3678 1557//3678 1561//3678
f 1561//3679 1557//3679 1556//3679
f 1562//3680 1560//3680 1480//3680
f 1562//3681 1480//3681 1483//3681
f 1420//3682 1425//3682 1483//3682
f 1483//3683 1480//3683 1420//3683
f 1420//3684 1480//3684 1416//3684
f 1465//3685 1464//3685 1473//3685
f 1285//3686 1336//3686 1409//3686
f 1410//3687 1409//3687 1532//3687
f 1410//3688 1532//3688 1466//3688
f 1338//3689 1337//3689 1342//3689
f 1348//3690 1342//3690 1290//3690
f 1235//3691 1300//3691 1233//3691
f 1233//3692 1300//3692 1296//3692
f 1150//3693 1235//3693 1192//3693
f 1192//3694 1235//3694 1193//3694
f 1192//3695 1193//3695 1188//3695
f 1283//3696 1220//3696 1286//3696
f 1286//3697 1220//3697 1225//3697
f 1286//3698 1225//3698 1224//3698
f 1140//3699 1183//3699 1184//3699
f 1140//3700 1184//3700 1223//3700
f 1223//3701 1184//3701 1222//3701
f 1223//3702 1222//3702 1284//3702
f 1284//3703 1222//3703 1283//3703
f 1283//3704 1222//3704 1221//3704
f 1283//3705 1221//3705 1220//3705
f 1148//3706 1145//3706 1118//3706
f 1148//3707 1118//3707 1120//3707
f 1119//3708 1090//3708 1091//3708
f 1091//3709 1090//3709 1060//3709
f 1091//3710 1060//3710 1061//3710
f 1039//3711 1061//3711 1037//3711
f 1037//3712 1061//3712 1060//3712
f 1037//3713 1060//3713 1056//3713
f 1115//3714 1114//3714 1182//3714
f 1182//3715 1114//3715 1186//3715
f 1114//3716 1083//3716 1117//3716
f 1117//3717 1083//3717 1086//3717
f 1117//3718 1086//3718 1085//3718
f 1012//3719 1051//3719 1052//3719
f 1011//3720 1050//3720 1012//3720
f 1012//3721 1050//3721 1051//3721
f 1032//3722 1014//3722 1016//3722
f 988//3723 958//3723 959//3723
f 959//3724 958//3724 931//3724
f 959//3725 931//3725 933//3725
f 928//3726 902//3726 931//3726
f 931//3727 902//3727 933//3727
f 933//3728 902//3728 903//3728
f 933//3729 903//3729 879//3729
f 987//3730 1020//3730 1016//3730
f 987//3731 1016//3731 984//3731
f 984//3732 1016//3732 1014//3732
f 984//3733 1014//3733 1011//3733
f 1011//3734 1014//3734 1032//3734
f 952//3735 956//3735 987//3735
f 952//3736 987//3736 953//3736
f 953//3737 987//3737 984//3737
f 984//3738 1011//3738 981//3738
f 1011//3739 1012//3739 982//3739
f 1011//3740 982//3740 981//3740
f 950//3741 1012//3741 983//3741
f 983//3742 1012//3742 1013//3742
f 1013//3743 1012//3743 1052//3743
f 1084//3744 1052//3744 1115//3744
f 1084//3745 1115//3745 1116//3745
f 1116//3746 1115//3746 1139//3746
f 1139//3747 1115//3747 1183//3747
f 1139//3748 1183//3748 1140//3748
f 983//3749 951//3749 950//3749
f 950//3750 951//3750 923//3750
f 950//3751 923//3751 894//3751
f 893//3752 922//3752 894//3752
f 894//3753 922//3753 949//3753
f 894//3754 949//3754 950//3754
f 847//3755 878//3755 873//3755
f 873//3756 878//3756 900//3756
f 789//3757 744//3757 791//3757
f 791//3758 744//3758 745//3758
f 745//3759 744//3759 746//3759
f 745//3760 746//3760 703//3760
f 745//3761 824//3761 791//3761
f 791//3762 824//3762 823//3762
f 791//3763 823//3763 789//3763
f 789//3764 823//3764 819//3764
f 789//3765 819//3765 820//3765
f 868//3766 898//3766 893//3766
f 893//3767 898//3767 924//3767
f 866//3768 842//3768 893//3768
f 893//3769 842//3769 845//3769
f 893//3770 845//3770 868//3770
f 868//3771 845//3771 819//3771
f 819//3772 845//3772 816//3772
f 819//3773 816//3773 820//3773
f 843//3774 844//3774 783//3774
f 866//3775 893//3775 867//3775
f 867//3776 893//3776 894//3776
f 867//3777 894//3777 895//3777
f 895//3778 894//3778 896//3778
f 895//3779 896//3779 844//3779
f 814//3780 815//3780 782//3780
f 694//3781 739//3781 781//3781
f 781//3782 739//3782 785//3782
f 781//3783 785//3783 786//3783
f 742//3784 699//3784 701//3784
f 701//3785 661//3785 660//3785
f 660//3786 661//3786 662//3786
f 662//3787 661//3787 623//3787
f 662//3788 623//3788 625//3788
f 625//3789 623//3789 593//3789
f 625//3790 593//3790 550//3790
f 701//3791 654//3791 661//3791
f 661//3792 654//3792 620//3792
f 661//3793 620//3793 623//3793
f 623//3794 620//3794 593//3794
f 783//3795 736//3795 782//3795
f 782//3796 736//3796 781//3796
f 782//3797 781//3797 814//3797
f 814//3798 781//3798 786//3798
f 736//3799 735//3799 781//3799
f 781//3800 735//3800 691//3800
f 781//3801 691//3801 694//3801
f 694//3802 691//3802 695//3802
f 694//3803 695//3803 649//3803
f 654//3804 649//3804 620//3804
f 693//3805 648//3805 614//3805
f 815//3806 843//3806 782//3806
f 782//3807 843//3807 783//3807
f 783//3808 784//3808 737//3808
f 692//3809 737//3809 693//3809
f 692//3810 693//3810 614//3810
f 613//3811 617//3811 647//3811
f 613//3812 647//3812 614//3812
f 614//3813 647//3813 692//3813
f 592//3814 547//3814 549//3814
f 517//3815 463//3815 466//3815
f 466//3816 463//3816 402//3816
f 466//3817 402//3817 407//3817
f 407//3818 402//3818 312//3818
f 463//3819 460//3819 402//3819
f 543//3820 544//3820 514//3820
f 514//3821 544//3821 510//3821
f 588//3822 617//3822 589//3822
f 589//3823 617//3823 613//3823
f 589//3824 613//3824 543//3824
f 543//3825 613//3825 540//3825
f 543//3826 540//3826 544//3826
f 585//3827 613//3827 615//3827
f 615//3828 613//3828 614//3828
f 615//3829 614//3829 648//3829
f 615//3830 648//3830 586//3830
f 648//3831 616//3831 586//3831
f 586//3832 616//3832 587//3832
f 587//3833 616//3833 542//3833
f 587//3834 542//3834 586//3834
f 586//3835 542//3835 506//3835
f 457//3836 511//3836 505//3836
f 506//3837 505//3837 541//3837
f 506//3838 541//3838 586//3838
f 457//3839 388//3839 395//3839
f 306//3840 395//3840 300//3840
f 215//3841 307//3841 208//3841
f 215//3842 208//3842 216//3842
f 216//3843 208//3843 124//3843
f 216//3844 124//3844 130//3844
f 204//3845 209//3845 208//3845
f 208//3846 209//3846 124//3846
f 301//3847 300//3847 293//3847
f 457//3848 505//3848 388//3848
f 388//3849 505//3849 377//3849
f 388//3850 377//3850 389//3850
f 453//3851 505//3851 507//3851
f 507//3852 505//3852 506//3852
f 507//3853 506//3853 542//3853
f 507//3854 542//3854 508//3854
f 509//3855 455//3855 454//3855
f 195//3856 194//3856 283//3856
f 283//3857 194//3857 294//3857
f 194//3858 295//3858 294//3858
f 32//3859 41//3859 31//3859
f 31//3860 41//3860 40//3860
f 31//3861 40//3861 126//3861
f 41//3862 32//3862 42//3862
f 379//3863 380//3863 283//3863
f 379//3864 283//3864 378//3864
f 378//3865 283//3865 294//3865
f 380//3866 284//3866 283//3866
f 283//3867 284//3867 186//3867
f 283//3868 186//3868 195//3868
f 195//3869 186//3869 196//3869
f 195//3870 196//3870 116//3870
f 378//3871 454//3871 379//3871
f 379//3872 454//3872 455//3872
f 379//3873 455//3873 380//3873
f 380//3874 455//3874 456//3874
f 380//3875 456//3875 381//3875
f 187//3876 285//3876 286//3876
f 286//3877 285//3877 381//3877
f 107//3878 106//3878 188//3878
f 188//3879 106//3879 198//3879
f 188//3880 198//3880 187//3880
f 107//3881 23//3881 106//3881
f 33//3882 24//3882 34//3882
f 34//3883 35//3883 1//3883
f 1//3884 35//3884 36//3884
f 1//3885 36//3885 2//3885
f 2//3886 36//3886 44//3886
f 187//3887 286//3887 188//3887
f 188//3888 286//3888 288//3888
f 188//3889 288//3889 189//3889
f 191//3890 190//3890 290//3890
f 290//3891 190//3891 289//3891
f 290//3892 289//3892 385//3892
f 385//3893 289//3893 384//3893
f 384//3894 289//3894 288//3894
f 384//3895 288//3895 287//3895
f 384//3896 287//3896 383//3896
f 383//3897 287//3897 286//3897
f 383//3898 286//3898 382//3898
f 382//3899 286//3899 381//3899
f 111//3900 110//3900 191//3900
f 111//3901 191//3901 112//3901
f 28//3902 27//3902 112//3902
f 112//3903 27//3903 21//3903
f 112//3904 21//3904 111//3904
f 28//3905 29//3905 37//3905
f 37//3906 29//3906 38//3906
f 45//3907 38//3907 39//3907
f 39//3908 38//3908 29//3908
f 39//3909 29//3909 30//3909
f 30//3910 29//3910 114//3910
f 114//3911 29//3911 113//3911
f 114//3912 113//3912 192//3912
f 114//3913 192//3913 202//3913
f 202//3914 192//3914 193//3914
f 193//3915 192//3915 291//3915
f 193//3916 291//3916 292//3916
f 292//3917 291//3917 387//3917
f 387//3918 291//3918 386//3918
f 1469//3919 1542//3919 1543//3919
f 1469//3920 1543//3920 1470//3920
f 1470//3921 1543//3921 1471//3921
f 1411//3922 1412//3922 1470//3922
f 1699//3923 1619//3923 1608//3923
f 1608//3924 1619//3924 1544//3924
f 1608//3925 1544//3925 1543//3925
f 1543//3926 1544//3926 1471//3926
f 1542//3927 1685//3927 1608//3927
f 1608//3928 1685//3928 1698//3928
f 1608//3929 1698//3929 1699//3929
f 1699//3930 1698//3930 1800//3930
f 1807//3931 1799//3931 1806//3931
f 1806//3932 1799//3932 1798//3932
f 1806//3933 1798//3933 1907//3933
f 1907//3934 1798//3934 1897//3934
f 1907//3935 1897//3935 1906//3935
f 1906//3936 1897//3936 1905//3936
f 1994//3937 1915//3937 1905//3937
f 1905//3938 1915//3938 1916//3938
f 1905//3939 1916//3939 1906//3939
f 1906//3940 1916//3940 1917//3940
f 1906//3941 1917//3941 1907//3941
f 1907//3942 1917//3942 1908//3942
f 1907//3943 1908//3943 1806//3943
f 104//3944 109//3944 108//3944
f 108//3945 109//3945 24//3945
f 24//3946 109//3946 25//3946
f 24//3947 25//3947 35//3947
f 35//3948 25//3948 26//3948
f 35//3949 26//3949 36//3949
f 307//3950 306//3950 300//3950
f 307//3951 300//3951 208//3951
f 208//3952 300//3952 203//3952
f 208//3953 203//3953 204//3953
f 204//3954 203//3954 301//3954
f 196//3955 105//3955 116//3955
f 116//3956 105//3956 117//3956
f 116//3957 117//3957 31//3957
f 31//3958 117//3958 22//3958
f 31//3959 22//3959 32//3959
f 517//3960 516//3960 463//3960
f 463//3961 516//3961 514//3961
f 463//3962 514//3962 460//3962
f 956//3963 928//3963 958//3963
f 956//3964 958//3964 987//3964
f 987//3965 958//3965 989//3965
f 987//3966 989//3966 1020//3966
f 1228//3967 1188//3967 1229//3967
f 1229//3968 1188//3968 1233//3968
f 1229//3969 1233//3969 1290//3969
f 1290//3970 1233//3970 1296//3970
f 1290//3971 1296//3971 1348//3971
f 1057//3972 1056//3972 1089//3972
f 1089//3973 1056//3973 1090//3973
f 1089//3974 1090//3974 1118//3974
f 1118//3975 1090//3975 1120//3975
f 1801//3976 1802//3976 1701//3976
f 1801//3977 1701//3977 1708//3977
f 1708//3978 1701//3978 1700//3978
f 1479//3979 1416//3979 1480//3979
f 1479//3980 1480//3980 1556//3980
f 1556//3981 1480//3981 1560//3981
f 1556//3982 1560//3982 1561//3982
f 1894//3983 1988//3983 1895//3983
f 1895//3984 1988//3984 1989//3984
f 1895//3985 1989//3985 1990//3985
f 1901//3986 1893//3986 1892//3986
f 1901//3987 1892//3987 1900//3987
f 1900//3988 1892//3988 1899//3988
f 1900//3989 1899//3989 1910//3989
f 1910//3990 1899//3990 1898//3990
f 1910//3991 1898//3991 1909//3991
f 1909//3992 1898//3992 1811//3992
f 189//3993 104//3993 188//3993
f 188//3994 104//3994 108//3994
f 188//3995 108//3995 107//3995
f 107//3996 108//3996 24//3996
f 107//3997 24//3997 23//3997
f 23//3998 24//3998 33//3998
f 389//3999 293//3999 300//3999
f 389//4000 300//4000 388//4000
f 388//4001 300//4001 395//4001
f 116//4002 126//4002 115//4002
f 116//4003 115//4003 195//4003
f 195//4004 115//4004 205//4004
f 195//4005 205//4005 194//4005
f 654//4006 701//4006 699//4006
f 654//4007 699//4007 694//4007
f 694//4008 699//4008 742//4008
f 694//4009 742//4009 739//4009
f 739//4010 742//4010 738//4010
f 739//4011 738//4011 785//4011
f 516//4012 549//4012 514//4012
f 514//4013 549//4013 547//4013
f 514//4014 547//4014 543//4014
f 543//4015 547//4015 592//4015
f 543//4016 592//4016 588//4016
f 824//4017 847//4017 823//4017
f 823//4018 847//4018 819//4018
f 819//4019 847//4019 873//4019
f 819//4020 873//4020 868//4020
f 868//4021 873//4021 900//4021
f 868//4022 900//4022 898//4022
f 898//4023 900//4023 897//4023
f 1224//4024 1229//4024 1290//4024
f 1224//4025 1290//4025 1286//4025
f 1286//4026 1290//4026 1337//4026
f 1286//4027 1337//4027 1283//4027
f 1283//4028 1337//4028 1338//4028
f 1283//4029 1338//4029 1339//4029
f 1057//4030 1089//4030 1085//4030
f 1085//4031 1089//4031 1118//4031
f 1085//4032 1118//4032 1117//4032
f 1117//4033 1118//4033 1141//4033
f 1117//4034 1141//4034 1114//4034
f 1114//4035 1141//4035 1185//4035
f 1114//4036 1185//4036 1186//4036
f 1596//4037 1595//4037 1688//4037
f 1688//4038 1595//4038 1687//4038
f 1688//4039 1687//4039 1701//4039
f 1701//4040 1687//4040 1686//4040
f 1701//4041 1686//4041 1700//4041
f 1472//4042 1479//4042 1556//4042
f 1472//4043 1556//4043 1473//4043
f 1473//4044 1556//4044 1545//4044
f 1473//4045 1545//4045 1465//4045
f 1465//4046 1545//4046 1610//4046
f 1465//4047 1610//4047 1546//4047
f 1896//4048 1784//4048 1895//4048
f 1895//4049 1784//4049 1888//4049
f 1772//4050 1779//4050 1780//4050
f 1780//4051 1779//4051 1892//4051
f 1892//4052 1779//4052 1778//4052
f 1892//4053 1778//4053 1891//4053
f 1891//4054 1778//4054 1790//4054
f 1891//4055 1790//4055 1890//4055
f 1807//4056 1800//4056 1799//4056
f 1799//4057 1800//4057 1698//4057
f 1799//4058 1698//4058 1798//4058
f 1798//4059 1698//4059 1786//4059
f 29//4060 28//4060 112//4060
f 29//4061 112//4061 113//4061
f 113//4062 112//4062 191//4062
f 113//4063 191//4063 192//4063
f 192//4064 191//4064 290//4064
f 192//4065 290//4065 291//4065
f 291//4066 290//4066 385//4066
f 291//4067 385//4067 386//4067
f 1339//4068 1334//4068 1283//4068
f 1283//4069 1334//4069 1335//4069
f 1283//4070 1335//4070 1284//4070
f 1284//4071 1335//4071 1285//4071
f 1285//4072 1335//4072 1336//4072
f 1632//4073 1720//4073 1722//4073
f 63//4074 58//4074 145//4074
f 145//4075 58//4075 142//4075
f 145//4076 142//4076 478//4076
f 58//4077 52//4077 142//4077
f 142//4078 52//4078 139//4078
f 1478//4079 1555//4079 1242//4079
f 1305//4080 1242//4080 1632//4080
f 1632//4081 1242//4081 1715//4081
f 1632//4082 1715//4082 1720//4082
f 1722//4083 1635//4083 1632//4083
f 1632//4084 1635//4084 1375//4084
f 1632//4085 1375//4085 1363//4085
f 1632//4086 1363//4086 1361//4086
f 552//4087 387//4087 1238//4087
f 202//4088 193//4088 134//4088
f 134//4089 193//4089 292//4089
f 134//4090 292//4090 387//4090
f 1361//4091 1360//4091 1632//4091
f 1632//4092 1360//4092 1305//4092
f 387//4093 1412//4093 1238//4093
f 1238//4094 1412//4094 1415//4094
f 1238//4095 1415//4095 1477//4095
f 1238//4096 1477//4096 1242//4096
f 1242//4097 1477//4097 1478//4097
f 1555//4098 1620//4098 1242//4098
f 1242//4099 1620//4099 1707//4099
f 1242//4100 1707//4100 1712//4100
f 470//4101 139//4101 134//4101
f 478//4102 142//4102 139//4102
f 478//4103 139//4103 472//4103
f 472//4104 139//4104 470//4104
f 1242//4105 1712//4105 1715//4105
f 552//4106 554//4106 387//4106
f 387//4107 554//4107 521//4107
f 387//4108 521//4108 134//4108
f 134//4109 521//4109 470//4109
f 30//4110 114//4110 134//4110
f 134//4111 114//4111 202//4111
f 45//4112 39//4112 134//4112
f 134//4113 39//4113 30//4113
f 384//4114 383//4114 1412//4114
f 1601//4115 1602//4115 1285//4115
f 1013//4116 1603//4116 1538//4116
f 1052//4117 1084//4117 1602//4117
f 387//4118 386//4118 1412//4118
f 737//4119 784//4119 1412//4119
f 1412//4120 784//4120 783//4120
f 1412//4121 783//4121 844//4121
f 1538//4122 1539//4122 1013//4122
f 1013//4123 1539//4123 1540//4123
f 1013//4124 1540//4124 1541//4124
f 1541//4125 1469//4125 1013//4125
f 1013//4126 1469//4126 1470//4126
f 1013//4127 1470//4127 1412//4127
f 386//4128 385//4128 1412//4128
f 1412//4129 385//4129 384//4129
f 383//4130 382//4130 1412//4130
f 1412//4131 382//4131 381//4131
f 1412//4132 381//4132 456//4132
f 1603//4133 1013//4133 1602//4133
f 1602//4134 1013//4134 1052//4134
f 1084//4135 1116//4135 1602//4135
f 1602//4136 1116//4136 1139//4136
f 1602//4137 1139//4137 1140//4137
f 616//4138 648//4138 1412//4138
f 1412//4139 648//4139 693//4139
f 1412//4140 693//4140 737//4140
f 1412//4141 844//4141 896//4141
f 1412//4142 896//4142 923//4142
f 923//4143 951//4143 1412//4143
f 1412//4144 951//4144 983//4144
f 1412//4145 983//4145 1013//4145
f 1140//4146 1223//4146 1602//4146
f 1602//4147 1223//4147 1285//4147
f 1601//4148 1285//4148 1600//4148
f 1600//4149 1285//4149 1409//4149
f 1600//4150 1409//4150 1410//4150
f 456//4151 455//4151 1412//4151
f 1412//4152 455//4152 509//4152
f 1412//4153 509//4153 508//4153
f 1410//4154 1466//4154 1600//4154
f 1600//4155 1466//4155 1467//4155
f 1600//4156 1467//4156 1468//4156
f 1468//4157 1535//4157 1600//4157
f 1600//4158 1535//4158 1536//4158
f 1600//4159 1536//4159 1537//4159
f 508//4160 542//4160 1412//4160
f 1412//4161 542//4161 616//4161
